id_transacao_raw,data_transacao,data_competencia,id_area_raw,id_fornecedor_raw,tipo_transacao,valor_bruto,valor_liquido,moeda,descricao,id_categoria_raw,forma_pagamento,status_pagamento,ingestion_id,ingestion_ts,source_system,source_entity,row_seq,raw_row_hash
TR-00258,12-08-2024,2024-08-01,OP,FORN-00002,RECEITA,"R$ 2.516,27",2516.27,BRL,Certificado digital adquirido por OP,26,BOLETO,PAGO,0b17011a-db1a-4f81-b66c-d44d1104daa1,2024-09-05,ERP_CORPORATIVO,TRANSACOES_FINANCEIRAS,258,35655a7350111cae4c8dde41c438d457c9796f1327875c3d11228a703b3ecf2f
TR-00259,19-08-2024,2024-08-01,COMP,FORN-00002,DESPESA,"R$2977,55",2.978,BRL,Manutenção de equipamentos de COMP,28,PIX,PAGO,0b17011a-db1a-4f81-b66c-d44d1104daa1,2024-09-05,ERP_CORPORATIVO,TRANSACOES_FINANCEIRAS,259,c5067b3dabeb7c19db417ee3035f30030ae10088ef2b28ad32a8638061eebc58
TR-00260,12/08/2024,2024-08-01,COMP,FORN-00002,DESPESA,2.606,"R$2605,71",BRL,Tributo incidente sobre receita de COMP,40,TED,PAGO,0b17011a-db1a-4f81-b66c-d44d1104daa1,2024-09-05,ERP_CORPORATIVO,TRANSACOES_FINANCEIRAS,260,ef5c13fb112c8de3fb22df82ecace41abe0ea468841795240a5b56387e81dc9e
TR-00261,20/08/2024,2024-08-01,TI,FORN-00002,DESPESA,2.303,"2.303,47",BRL,Despesa de infraestrutura - TI,3,BOLETO,PAGO,0b17011a-db1a-4f81-b66c-d44d1104daa1,2024-09-05,ERP_CORPORATIVO,TRANSACOES_FINANCEIRAS,261,fa30711ec205c17d6757fbd5fd01fd0bae5bcc9ab5a10ea6d79f6badddba14dd
TR-00262,26-08-2024,2024-08-01,CTB,FORN-00002,RECEITA,"R$2212,80","R$2212,80",BRL,Serviço especializado solicitado por CTB,1,PIX,ATRASADO,0b17011a-db1a-4f81-b66c-d44d1104daa1,2024-09-05,ERP_CORPORATIVO,TRANSACOES_FINANCEIRAS,262,c4f251931b848855e4dbc66d93973ca19d876cf1ed48e0dcd8fd200477c269f4
TR-00263,08-26-2024,2024-08-01,LOG,FORN-00002,DESPESA,"2.723,96","2.641,73",BRL,Alienação de bem patrimonial - LOG,35,BOLETO,PAGO,0b17011a-db1a-4f81-b66c-d44d1104daa1,2024-09-05,ERP_CORPORATIVO,TRANSACOES_FINANCEIRAS,263,fe2ed0fecfcdd6447e2fd618c70522955dbd8c04aab10db00c6b26d49b9ae562
TR-00264,06/08/24,2024-08-01,TI,FORN-00002,DESPESA,3191,"R$ 3.191,10",BRL,Custo operacional associado a TI,8,PIX,PAGO,0b17011a-db1a-4f81-b66c-d44d1104daa1,2024-09-05,ERP_CORPORATIVO,TRANSACOES_FINANCEIRAS,264,7fbe9e7cc9633dbfae1a8b3d6b14ed9901ed690ec695ab696f8d7932914b0abe
TR-00265,19-08-2024,2024-08-01,CPT,FORN-00002,DESPESA,"R$3178,55",3035,BRL,Serviço especializado solicitado por CPT,1,CARTAO,PAGO,0b17011a-db1a-4f81-b66c-d44d1104daa1,2024-09-05,ERP_CORPORATIVO,TRANSACOES_FINANCEIRAS,265,c92742bf25f9d336a9eb29317b6ee01a6ea620a1b71162fb92bf98840986741b
TR-00266,20/08/24,2024-08-01,TI,FORN-00002,DESPESA,"R$3096,59",3024.15,BRL,Certificado digital adquirido por TI,26,TED,PAGO,0b17011a-db1a-4f81-b66c-d44d1104daa1,2024-09-05,ERP_CORPORATIVO,TRANSACOES_FINANCEIRAS,266,08b436dcebad4aa633a16580cb1073eeff4dcf3ff8707fb8d462db2f1b4f6735
TR-00267,09/08/2024,2024-08-01,CTB,FORN-00002,RECEITA,2966.21,2966,BRL,Combustível e lubrificantes para frota (CTB),16,TED,PAGO,0b17011a-db1a-4f81-b66c-d44d1104daa1,2024-09-05,ERP_CORPORATIVO,TRANSACOES_FINANCEIRAS,267,6efb2ae9f2086ea395cb9b45a4d9d1d9060fdae3ba6bb95c795d9614cabc2980
TR-00268,2024/08/06,2024-08-01,OP,FORN-00002,DESPESA,"R$2817,98",2817.98,BRL,Manutenção predial solicitada por OP,10,BOLETO,ATRASADO,0b17011a-db1a-4f81-b66c-d44d1104daa1,2024-09-05,ERP_CORPORATIVO,TRANSACOES_FINANCEIRAS,268,16004a003175372888e66917a70864cf19492d7fc08dcbc16f1c7455561fc7ff
TR-00269,Aug 07 2024,2024-08-01,MKT,FORN-00002,RECEITA,"R$3063,27",3.063,BRL,Receita eventual registrada em MKT,37,PIX,PAGO,0b17011a-db1a-4f81-b66c-d44d1104daa1,2024-09-05,ERP_CORPORATIVO,TRANSACOES_FINANCEIRAS,269,452af0a644ce09bcbf657ead5de9c49c286f76f4a870fc8a496622d17c1192fc
TR-00270,08-15-2024,2024-08-01,ESG,FORN-00002,DESPESA,2233,"R$2232,67",BRL,Licenciamento de software - ESG,5,BOLETO,CANCELADO,0b17011a-db1a-4f81-b66c-d44d1104daa1,2024-09-05,ERP_CORPORATIVO,TRANSACOES_FINANCEIRAS,270,91afe40174cd1084aea533a2ead75454838532b8c8c8f52f9ccb65e993786eaf
TR-00271,2024/08/23,2024-08-01,COM,FORN-00002,RECEITA,"R$3013,99","3.013,99",BRL,Reparo de hardware solicitado por COM,28,PIX,PAGO,0b17011a-db1a-4f81-b66c-d44d1104daa1,2024-09-05,ERP_CORPORATIVO,TRANSACOES_FINANCEIRAS,271,8eaab72c1b88f067c471320b64118e2362208788559ec619b043b0d68d9635ee
TR-00272,12-08-2024,2024-08-01,RH,FORN-00002,RECEITA,"2.440,46",2.370,BRL,Serviço de tecnologia contratado por RH,5,BOLETO,PAGO,0b17011a-db1a-4f81-b66c-d44d1104daa1,2024-09-05,ERP_CORPORATIVO,TRANSACOES_FINANCEIRAS,272,ef32b41212963c14733b75037d12973e957c3aef2692c0212ab01d2fc257da5d
TR-00273,08-08-2024,2024-08-01,OP,FORN-00002,DESPESA,"2.491,82","R$ 2.491,82",BRL,Licenciamento de software - OP,5,CARTAO,PAGO,0b17011a-db1a-4f81-b66c-d44d1104daa1,2024-09-05,ERP_CORPORATIVO,TRANSACOES_FINANCEIRAS,273,1c3649e416608a58993a828d8916aa0c64eae9486413adb6211ba5611f303d43
TR-00274,08-19-2024,2024-08-01,OP,FORN-00002,RECEITA,2.927,"R$2787,01",BRL,Prestação de serviço para área OP,1,PIX,PAGO,0b17011a-db1a-4f81-b66c-d44d1104daa1,2024-09-05,ERP_CORPORATIVO,TRANSACOES_FINANCEIRAS,274,b7bfcf672d65601b67d3734406e20363708f378219954049631a43ed4d5361e6
TR-00275,13/08/24,2024-08-01,PRD,FORN-00002,RECEITA,"R$854,64",855,BRL,Licença de software para área PRD,27,TED,PAGO,0b17011a-db1a-4f81-b66c-d44d1104daa1,2024-09-05,ERP_CORPORATIVO,TRANSACOES_FINANCEIRAS,275,94877a3ee1673fa48f6443acd2ea0a22b7598faca5e14611a45ba02cc24b482f
TR-00533,16/08/24,2024-08-01,QAS,1000004,RECEITA,"2.942,86",2943,BRL,Participação nos resultados vinculada a QAS,34,PIX,ATRASADO,0b17011a-db1a-4f81-b66c-d44d1104daa1,2024-09-05,ERP_CORPORATIVO,TRANSACOES_FINANCEIRAS,533,d69de07c76da925ead50f0999b4b564eb793757a2e589d481dcc2bb909457c7b
TR-00534,09/08/24,2024-08-01,COMP,1000004,DESPESA,"R$ 3.006,73",3.007,BRL,Honorários profissionais contratados por COMP,11,CARTAO,PAGO,0b17011a-db1a-4f81-b66c-d44d1104daa1,2024-09-05,ERP_CORPORATIVO,TRANSACOES_FINANCEIRAS,534,ab97fcca6dc384c24a5c77f0528d38b66d8f5cf054743e3348a9cfbb34c118cc
TR-00535,2024/08/12,2024-08-01,PES,1000004,DESPESA,"3.163,00",3.163,BRL,Despesa de infraestrutura - PES,3,TRANSFERENCIA,PAGO,0b17011a-db1a-4f81-b66c-d44d1104daa1,2024-09-05,ERP_CORPORATIVO,TRANSACOES_FINANCEIRAS,535,653a9b3991af1ae5f232b923d58854ff4e09e44753817faf681a76d6d1c8e66f
TR-00536,2024-08-05,2024-08-01,COMP,1000004,DESPESA,3786,"R$ 3.786,13",BRL,Honorarium advocatício - COMP,24,PIX,PAGO,0b17011a-db1a-4f81-b66c-d44d1104daa1,2024-09-05,ERP_CORPORATIVO,TRANSACOES_FINANCEIRAS,536,f40dd1f7817e6e33fed0460a30b390c360e5b167c05e76d3ed695f069ca70dad
TR-00537,2024-08-14,2024-08-01,OP,1000004,DESPESA,"R$ 4.617,10",4617,BRL,Serviço especializado solicitado por OP,1,CARTAO,PAGO,0b17011a-db1a-4f81-b66c-d44d1104daa1,2024-09-05,ERP_CORPORATIVO,TRANSACOES_FINANCEIRAS,537,1f06a33ebcbbf884163b3900238f977a63f607bf1219499a48dd339d361f3ea7
TR-00538,2024/08/12,2024-08-01,FIN,1000004,DESPESA,3.121,3121.10,BRL,Participação nos resultados vinculada a FIN,34,PIX,PAGO,0b17011a-db1a-4f81-b66c-d44d1104daa1,2024-09-05,ERP_CORPORATIVO,TRANSACOES_FINANCEIRAS,538,8939ab96eacfef8e9530c3b3ffad52fabb3e35d7150915f9f51e869392808ede
TR-00539,22/08/2024,2024-08-01,QAS,1000004,DESPESA,"R$ 3.065,65","2.942,74",BRL,Compra de insumos para setor QAS,2,PIX,PAGO,0b17011a-db1a-4f81-b66c-d44d1104daa1,2024-09-05,ERP_CORPORATIVO,TRANSACOES_FINANCEIRAS,539,b42150072eb436f701eaf0805910ee8f1880e331fea3a7139ee52d3b82876126
TR-00540,22/08/24,2024-08-01,OP,1000004,DESPESA,2985.20,"R$2985,20",BRL,Honorários jurídicos - OP,7,TED,PAGO,0b17011a-db1a-4f81-b66c-d44d1104daa1,2024-09-05,ERP_CORPORATIVO,TRANSACOES_FINANCEIRAS,540,e84527dd1d63b19e0319d3adf6be841217bb5437008a9a7415cf79f62305b96d
TR-00541,05/08/2024,2024-08-01,COMP,1000004,DESPESA,3510,"R$3509,75",BRL,Serviço relacionado a recursos humanos (COMP),6,TED,PAGO,0b17011a-db1a-4f81-b66c-d44d1104daa1,2024-09-05,ERP_CORPORATIVO,TRANSACOES_FINANCEIRAS,541,baa3cfe1174cb5e709c4174b1239631cabe18d95a478b8d066fb3e99acafe062
TR-00542,08-20-2024,2024-08-01,COMP,1000004,RECEITA,3.473,3.338,EUR,Licenciamento de software - COMP,5,PIX,PAGO,0b17011a-db1a-4f81-b66c-d44d1104daa1,2024-09-05,ERP_CORPORATIVO,TRANSACOES_FINANCEIRAS,542,a7bd23c1eb90db193d998e5c1872684ce55ecbad174e6682d455f4270fa5f669
TR-00785,12/08/24,2024-08-01,RH,FORN-00006,RECEITA,"2.012,65",2.013,BRL,Venda de ativo imobilizado por RH,35,BOLETO,ATRASADO,0b17011a-db1a-4f81-b66c-d44d1104daa1,2024-09-05,ERP_CORPORATIVO,TRANSACOES_FINANCEIRAS,785,19a6e3fa89e8eeebc875a29a309d478a6ad71794925dfcf01ff5a92584ac774b
TR-00786,08-12-2024,2024-08-01,FIN,FORN-00006,DESPESA,1576,"R$1576,19",BRL,Imposto sobre venda apurado em FIN,40,BOLETO,PAGO,0b17011a-db1a-4f81-b66c-d44d1104daa1,2024-09-05,ERP_CORPORATIVO,TRANSACOES_FINANCEIRAS,786,d590c35b52287952aa9c539c511d48ec670a82a5a44288bdf40a454af2974ac0
TR-00787,26/08/24,2024-08-01,PRD,FORN-00006,RECEITA,1.783,1782.92,BRL,Compra de insumos para setor PRD,2,TRANSFERENCIA,ATRASADO,0b17011a-db1a-4f81-b66c-d44d1104daa1,2024-09-05,ERP_CORPORATIVO,TRANSACOES_FINANCEIRAS,787,366733071569fd5d2b0582dca36fd6ca08082711b0348e522749ae3bd7cd55e3
TR-00788,2024-08-14,2024-08-01,VND,FORN-00006,RECEITA,"R$ 1.845,26",1845.26,BRL,Serviço especializado solicitado por VND,1,CARTAO,PAGO,0b17011a-db1a-4f81-b66c-d44d1104daa1,2024-09-05,ERP_CORPORATIVO,TRANSACOES_FINANCEIRAS,788,ace7f8d6f1616925c0292a63ee6b617ce7c1cd305a0321ef81e2bbf00e0cd42c
TR-00789,26/08/24,2024-08-01,VND,FORN-00006,DESPESA,"R$ 1.950,95",1950.95,USD,Diária de hotel para equipe VND,19,BOLETO,PAGO,0b17011a-db1a-4f81-b66c-d44d1104daa1,2024-09-05,ERP_CORPORATIVO,TRANSACOES_FINANCEIRAS,789,c506dd664a4243e5eebb786e01edf4217b0f9a26c8431be8a313f7b3f5769f51
TR-00790,Aug 28 2024,2024-08-01,FIN,FORN-00006,RECEITA,"R$ 1.813,37","R$1813,37",BRL,Despesa de infraestrutura - FIN,3,TED,PAGO,0b17011a-db1a-4f81-b66c-d44d1104daa1,2024-09-05,ERP_CORPORATIVO,TRANSACOES_FINANCEIRAS,790,60e20b50af875012487cb083c7fcc6df43aed1eaf7203a950fb2f63370edee9a
TR-00791,2024/08/13,2024-08-01,OP,FORN-00006,DESPESA,"R$ 1.964,07","R$1964,07",BRL,Certificado digital adquirido por OP,26,TED,CANCELADO,0b17011a-db1a-4f81-b66c-d44d1104daa1,2024-09-05,ERP_CORPORATIVO,TRANSACOES_FINANCEIRAS,791,28578838b950f2b3d4163501172628ae6e8ace3451214a246f13ade09c9e8f30
TR-00792,08-12-2024,2024-08-01,MKT,FORN-00006,RECEITA,1803,"R$ 1.802,74",BRL,Manutenção de equipamentos de MKT,28,PIX,ATRASADO,0b17011a-db1a-4f81-b66c-d44d1104daa1,2024-09-05,ERP_CORPORATIVO,TRANSACOES_FINANCEIRAS,792,97110a47133c78be347ac14501a222f5d2548f6bb828eab2e8efa43f6af3d78a
TR-00793,12-08-2024,2024-08-01,RH,FORN-00006,DESPESA,1.930,"1.930,08",BRL,Manutenção estrutural vinculada à área RH,3,TRANSFERENCIA,PAGO,0b17011a-db1a-4f81-b66c-d44d1104daa1,2024-09-05,ERP_CORPORATIVO,TRANSACOES_FINANCEIRAS,793,64aaddeb48fc7d4680e6d583281e596a54d7ca80b6961112db3833fd5f7a58de
TR-00794,15/08/24,2024-08-01,OP,FORN-00006,DESPESA,1.583,1583,USD,Licença de software para área OP,27,TED,PAGO,0b17011a-db1a-4f81-b66c-d44d1104daa1,2024-09-05,ERP_CORPORATIVO,TRANSACOES_FINANCEIRAS,794,21306d39987c4e6fcf4604eb93892308deb6e3faafd547e7c114c30ad5c283e9
TR-00795,08-12-2024,2024-08-01,ESG,FORN-00006,DESPESA,1811,"R$ 1.779,27",BRL,Reparo e conservação de instalações - ESG,10,TED,ATRASADO,0b17011a-db1a-4f81-b66c-d44d1104daa1,2024-09-05,ERP_CORPORATIVO,TRANSACOES_FINANCEIRAS,795,f0f4cada83c7f64b9d10504dff889a6d60e5de0a283f6353d06d11c43a0f42a1
TR-00796,12/08/2024,2024-08-01,PES,FORN-00006,RECEITA,"R$ 1.115,11","R$ 1.115,11",BRL,Participação nos resultados vinculada a PES,34,TRANSFERENCIA,PAGO,0b17011a-db1a-4f81-b66c-d44d1104daa1,2024-09-05,ERP_CORPORATIVO,TRANSACOES_FINANCEIRAS,796,c5e3349a6e02ad36fcd1d5c7345377f8b1b882317a76e06985b8e8595ab56645
TR-00797,20/08/2024,2024-08-01,COMP,FORN-00006,RECEITA,2.091,2090.68,BRL,Receita de comissão comercial - COMP,33,TRANSFERENCIA,PAGO,0b17011a-db1a-4f81-b66c-d44d1104daa1,2024-09-05,ERP_CORPORATIVO,TRANSACOES_FINANCEIRAS,797,5e4739eee748e035dfee245250f5a3d11fd7cdc57203868b7181994e0d292c63
TR-00798,2024/08/14,2024-08-01,RH,FORN-00006,RECEITA,"R$1847,23","R$ 1.847,23",BRL,Serviço relacionado a recursos humanos (RH),6,PIX,PAGO,0b17011a-db1a-4f81-b66c-d44d1104daa1,2024-09-05,ERP_CORPORATIVO,TRANSACOES_FINANCEIRAS,798,dabd12c98ebb61e505b9c651e117d4c4275da0179bafb2dbad409a64372c5f69
TR-01022,2024/08/09,2024-08-01,RH,ACC-00007,DESPESA,"2.085,05",2085,BRL,Aquisição de material operacional - RH,2,BOLETO,PAGO,0b17011a-db1a-4f81-b66c-d44d1104daa1,2024-09-05,ERP_CORPORATIVO,TRANSACOES_FINANCEIRAS,1022,670b3904292424dd9c7cef0ade6bd261116d24fbe1918f49fbf5e64df8bec059
TR-01023,2024/08/13,2024-08-01,COMP,ACC-00007,DESPESA,"R$2351,15","2.351,15",BRL,Royalties recebidos por COMP,32,BOLETO,PAGO,0b17011a-db1a-4f81-b66c-d44d1104daa1,2024-09-05,ERP_CORPORATIVO,TRANSACOES_FINANCEIRAS,1023,8517332618930831b674cb2d1621fa6938e88af52a8e72e42f4238579e4b9c40
TR-01024,19/08/2024,2024-08-01,COM,ACC-00007,RECEITA,"R$2173,23",2173,BRL,Despesa de infraestrutura - COM,3,PIX,PAGO,0b17011a-db1a-4f81-b66c-d44d1104daa1,2024-09-05,ERP_CORPORATIVO,TRANSACOES_FINANCEIRAS,1024,126ae0febadadbfbff9a64b283253494c16321fb0c1b4036220409a193c311d3
TR-01025,Aug 26 2024,2024-08-01,FIN,ACC-00007,RECEITA,2273.50,2240.48,BRL,Manutenção preventiva de veículos - FIN,17,TED,ATRASADO,0b17011a-db1a-4f81-b66c-d44d1104daa1,2024-09-05,ERP_CORPORATIVO,TRANSACOES_FINANCEIRAS,1025,a9216fb8888eb7c9fa850d93acb5a2704c5e2b1d0e596e15a173ffc75b598016
TR-01026,2024/08/12,2024-08-01,OP,ACC-00007,DESPESA,"1.968,57","R$1968,57",BRL,Licenciamento de software - OP,5,BOLETO,PAGO,0b17011a-db1a-4f81-b66c-d44d1104daa1,2024-09-05,ERP_CORPORATIVO,TRANSACOES_FINANCEIRAS,1026,f37d03b67d7404672b026b2a88091f0dcc4142e96c977b6e45701f03abddb029
TR-01027,2024/08/12,2024-08-01,JUR,ACC-00007,DESPESA,"R$2194,62","2.103,75",BRL,Custo operacional associado a JUR,8,TED,ATRASADO,0b17011a-db1a-4f81-b66c-d44d1104daa1,2024-09-05,ERP_CORPORATIVO,TRANSACOES_FINANCEIRAS,1027,7bdf209309e8613a4419120d1fd36e3608bd2844a9367bbc29cbf2a4cc153020
TR-01028,06/08/24,2024-08-01,JUR,ACC-00007,RECEITA,2.195,2195,BRL,Royalties recebidos por JUR,32,TRANSFERENCIA,PAGO,0b17011a-db1a-4f81-b66c-d44d1104daa1,2024-09-05,ERP_CORPORATIVO,TRANSACOES_FINANCEIRAS,1028,65d59f37ab1a32db276e00d9ce35d54c528ffd0385362e0ed2021c1b7e389845
TR-01029,19-08-2024,2024-08-01,OP,ACC-00007,DESPESA,1980,1.891,BRL,Desconto concedido em operação de OP,38,TED,ATRASADO,0b17011a-db1a-4f81-b66c-d44d1104daa1,2024-09-05,ERP_CORPORATIVO,TRANSACOES_FINANCEIRAS,1029,d9d1f8a0fcfa92f68c2040e532744dd5eac733bb460a14851f5b16cd4341bfea
TR-01256,2024/08/05,2024-08-01,ATD,ACC-00008,DESPESA,"R$ 5.259,13",5125,BRL,Serviço especializado solicitado por ATD,1,BOLETO,PAGO,0b17011a-db1a-4f81-b66c-d44d1104daa1,2024-09-05,ERP_CORPORATIVO,TRANSACOES_FINANCEIRAS,1256,fbe3f6cb68af690cf22e5e3453c1b23ec51aa387c6eada2d205c3a06e13bef41
TR-01257,07/08/2024,2024-08-01,COMP,ACC-00008,DESPESA,"R$ 5.465,52",5.390,BRL,Prestação de serviço para área COMP,1,BOLETO,ATRASADO,0b17011a-db1a-4f81-b66c-d44d1104daa1,2024-09-05,ERP_CORPORATIVO,TRANSACOES_FINANCEIRAS,1257,03f9bcb84cc752ba4cc627ba4498af7d0818bc8da4f7723a6b161bdf0129a88b
TR-01258,14/08/2024,2024-08-01,FIN,ACC-00008,DESPESA,5793.64,"R$5793,64",BRL,Serviço de tecnologia contratado por FIN,5,PIX,PAGO,0b17011a-db1a-4f81-b66c-d44d1104daa1,2024-09-05,ERP_CORPORATIVO,TRANSACOES_FINANCEIRAS,1258,3f9c69bc75b93182fcac8f474fc253b0da71714a5987bd18dc2607ab01175436
TR-01259,2024/08/09,2024-08-01,TI,ACC-00008,RECEITA,"4.804,51","R$ 4.656,55",BRL,Passagem aérea para colaborador de TI,18,BOLETO,PAGO,0b17011a-db1a-4f81-b66c-d44d1104daa1,2024-09-05,ERP_CORPORATIVO,TRANSACOES_FINANCEIRAS,1259,aaad96b12d94c4354b87bc6eeadf7223384fa9dabef5373bb8a4948e9a8116dc
TR-01260,2024-08-06,2024-08-01,COM,ACC-00008,DESPESA,5.789,5.789,BRL,Diária de hotel para equipe COM,19,TED,PAGO,0b17011a-db1a-4f81-b66c-d44d1104daa1,2024-09-05,ERP_CORPORATIVO,TRANSACOES_FINANCEIRAS,1260,d6de16fb8836fa0a0c97e90c2c1df18e21495e30593b6b692950d1b0144f3b5b
TR-01261,2024-08-14,2024-08-01,MKT,ACC-00008,DESPESA,"R$5638,96","R$ 5.638,96",BRL,Despesa de RH - MKT,6,BOLETO,PAGO,0b17011a-db1a-4f81-b66c-d44d1104daa1,2024-09-05,ERP_CORPORATIVO,TRANSACOES_FINANCEIRAS,1261,5ba2e0b3c7e5ef920c06db0a2b8d989e819ce9387f9a7bff19cbc061609e24af
TR-01262,19-08-2024,2024-08-01,TI,ACC-00008,DESPESA,"6.126,88","R$ 6.126,88",BRL,Serviço especializado solicitado por TI,1,TRANSFERENCIA,PAGO,0b17011a-db1a-4f81-b66c-d44d1104daa1,2024-09-05,ERP_CORPORATIVO,TRANSACOES_FINANCEIRAS,1262,cb9172e38464a6aad279a067957a935501af0c4a3a10f86901e6fe8587179807
TR-01263,2024-08-16,2024-08-01,OP,ACC-00008,RECEITA,6116,6116,BRL,Contrato de SaaS vinculado a OP,27,TED,PAGO,0b17011a-db1a-4f81-b66c-d44d1104daa1,2024-09-05,ERP_CORPORATIVO,TRANSACOES_FINANCEIRAS,1263,d0c8be7308a771f7ed2d7d192fdd841b3a134fc2fbee273d9a7cf68a7f44aedb
TR-01264,15/08/24,2024-08-01,OP,ACC-00008,RECEITA,"R$ 5.322,95","R$5083,20",BRL,Campanha institucional - OP,4,BOLETO,ATRASADO,0b17011a-db1a-4f81-b66c-d44d1104daa1,2024-09-05,ERP_CORPORATIVO,TRANSACOES_FINANCEIRAS,1264,e8da444f5f14c2319622a63f267d62be190c0f0c001b8323bc7a4f442eae726e
TR-01265,08-14-2024,2024-08-01,VND,ACC-00008,RECEITA,"5.702,98",5702.98,BRL,Aquisição de material operacional - VND,2,BOLETO,PAGO,0b17011a-db1a-4f81-b66c-d44d1104daa1,2024-09-05,ERP_CORPORATIVO,TRANSACOES_FINANCEIRAS,1265,55daaf7fd51441401c675c9516e87337dd814985e0aa27db3c23d0675a1fc7a8
TR-01440,2024-08-16,2024-08-01,PES,FORN-00009,RECEITA,"4.048,64","R$ 4.048,64",BRL,Abastecimento de veículos - PES,16,CARTAO,ATRASADO,0b17011a-db1a-4f81-b66c-d44d1104daa1,2024-09-05,ERP_CORPORATIVO,TRANSACOES_FINANCEIRAS,1440,1cd857c80912437e43b15cf0eba11d85eadf87c26d8f787acabe6672cd0d8e38
TR-01441,08-05-2024,2024-08-01,ESG,FORN-00009,DESPESA,"R$ 4.676,76","R$ 4.676,76",BRL,Desconto concedido em operação de ESG,38,TRANSFERENCIA,ATRASADO,0b17011a-db1a-4f81-b66c-d44d1104daa1,2024-09-05,ERP_CORPORATIVO,TRANSACOES_FINANCEIRAS,1441,f15a3f43b45e43e4010f0c3e235a5be8d694a7bcf96703ef6b1ab98abe9303e2
TR-01442,19/08/24,2024-08-01,ADM,FORN-00009,DESPESA,4.479,4.308,BRL,Estorno de receita - ADM,39,PIX,ATRASADO,0b17011a-db1a-4f81-b66c-d44d1104daa1,2024-09-05,ERP_CORPORATIVO,TRANSACOES_FINANCEIRAS,1442,4d715102e0749bc4d054f3dfbb25a1aa87748df90aec8801c503a982f709ec40
TR-01443,12/08/24,2024-08-01,COM,FORN-00009,DESPESA,14606.75,"R$ 14.606,75",BRL,Prestação de serviço para área COM,1,TED,PAGO,0b17011a-db1a-4f81-b66c-d44d1104daa1,2024-09-05,ERP_CORPORATIVO,TRANSACOES_FINANCEIRAS,1443,990379b63cb403aa368dfd2eaf32e62c6114d4c1bb7a171294566be3e6f051df
TR-01444,12-08-2024,2024-08-01,SEC,FORN-00009,RECEITA,"3.802,00","3.614,30",BRL,Prestação de serviço para área SEC,1,BOLETO,ATRASADO,0b17011a-db1a-4f81-b66c-d44d1104daa1,2024-09-05,ERP_CORPORATIVO,TRANSACOES_FINANCEIRAS,1444,8af5680ed9345ee6b7cce27154233cddcb14f499c4f57a3ad4f9de3e3dec1c5c
TR-01445,08-14-2024,2024-08-01,OP,FORN-00009,DESPESA,"R$ 3.896,43","R$ 3.896,43",BRL,Campanha institucional - OP,4,PIX,ATRASADO,0b17011a-db1a-4f81-b66c-d44d1104daa1,2024-09-05,ERP_CORPORATIVO,TRANSACOES_FINANCEIRAS,1445,99a485943d92089cba32b08c4be16dafa5a89c18e7b9818385f84baf8888a6a7
TR-01446,19/08/2024,2024-08-01,PES,FORN-00009,DESPESA,"R$ 4.368,27",4230.23,BRL,Contrato de serviço - setor PES,1,TED,PAGO,0b17011a-db1a-4f81-b66c-d44d1104daa1,2024-09-05,ERP_CORPORATIVO,TRANSACOES_FINANCEIRAS,1446,f5463f09ea869e14a8072fd39a6baac1a7892e9c54cc5d1a49421f122ed54b6c
TR-01447,08-16-2024,2024-08-01,COM,FORN-00009,RECEITA,"4.389,29","4.389,29",BRL,Diária de hotel para equipe COM,19,TED,ATRASADO,0b17011a-db1a-4f81-b66c-d44d1104daa1,2024-09-05,ERP_CORPORATIVO,TRANSACOES_FINANCEIRAS,1447,c5bc73ffe5f163497b8d619ad544ebf439aaadeabc0ee046aa1a98e5d098a2e2
TR-01448,2024/08/12,2024-08-01,COMP,FORN-00009,DESPESA,"4.285,46","4.107,50",BRL,Serviço especializado solicitado por COMP,1,TED,ATRASADO,0b17011a-db1a-4f81-b66c-d44d1104daa1,2024-09-05,ERP_CORPORATIVO,TRANSACOES_FINANCEIRAS,1448,d7d4876ed7456c605f17fcc8b1fdb50f19fd89e451aae1e7368679c6a354ab8a
TR-01449,Aug 08 2024,2024-08-01,TI,FORN-00009,DESPESA,4587.48,4.587,BRL,Evento corporativo organizado por TI,14,TRANSFERENCIA,PAGO,0b17011a-db1a-4f81-b66c-d44d1104daa1,2024-09-05,ERP_CORPORATIVO,TRANSACOES_FINANCEIRAS,1449,4cae2a2fb009070d53c1bce887aa1b8ba53739efe31351ba7adcf80f1fe6c117
TR-01450,2024-08-12,2024-08-01,COMP,FORN-00009,RECEITA,"R$ 3.798,40",3798.40,BRL,Manutenção estrutural vinculada à área COMP,3,CARTAO,PAGO,0b17011a-db1a-4f81-b66c-d44d1104daa1,2024-09-05,ERP_CORPORATIVO,TRANSACOES_FINANCEIRAS,1450,30d65fabe857dafb5e01848b41841b61778954b4ebf2f339388c4ec12ef9b338
TR-01451,2024-08-05,2024-08-01,JUR,FORN-00009,RECEITA,4424.68,4.425,BRL,Investimento em marketing corporativo (JUR),4,TED,PAGO,0b17011a-db1a-4f81-b66c-d44d1104daa1,2024-09-05,ERP_CORPORATIVO,TRANSACOES_FINANCEIRAS,1451,7fa9f126449be9e6a1c1b8f943dd63d7013963e8fd15df9f657b422952beabbc
TR-01452,23-08-2024,2024-08-01,FIN,FORN-00009,DESPESA,"R$ 4.400,14",4400.14,BRL,Direitos de propriedade intelectual - FIN,32,TED,CANCELADO,0b17011a-db1a-4f81-b66c-d44d1104daa1,2024-09-05,ERP_CORPORATIVO,TRANSACOES_FINANCEIRAS,1452,9e171df3b184a5ec5d3b18d6e96d5db70a7878c2665260170c2ad32d6a9cdd47
TR-01453,12-08-2024,2024-08-01,ATD,FORN-00009,DESPESA,"R$ 3.900,26",3900.26,BRL,Receita extraordinária - ATD,37,BOLETO,PAGO,0b17011a-db1a-4f81-b66c-d44d1104daa1,2024-09-05,ERP_CORPORATIVO,TRANSACOES_FINANCEIRAS,1453,51a51225b7044235e5ecfdd52ec4f642fb541738b9116a339944f6d6d48e82a9
TR-01715,05/08/24,2024-08-01,PES,FORN-00010,RECEITA,"1.930,65",1930.65,BRL,Direitos de propriedade intelectual - PES,32,PIX,PAGO,0b17011a-db1a-4f81-b66c-d44d1104daa1,2024-09-05,ERP_CORPORATIVO,TRANSACOES_FINANCEIRAS,1715,4a5edcfa685ce276043fb5d858cd3b4b332665bd6612c676257d4453a5653c7e
TR-01716,Aug 15 2024,2024-08-01,ESG,FORN-00010,DESPESA,2.066,2066,BRL,Receita eventual registrada em ESG,37,TED,PAGO,0b17011a-db1a-4f81-b66c-d44d1104daa1,2024-09-05,ERP_CORPORATIVO,TRANSACOES_FINANCEIRAS,1716,1298fb977607b21306d88410c06e9b82ab11e81eb39fa0b4708aac647fdf9d29
TR-01717,22/08/24,2024-08-01,FIN,FORN-00010,RECEITA,"R$1973,91",1934.39,BRL,Licenciamento de software - FIN,5,BOLETO,PAGO,0b17011a-db1a-4f81-b66c-d44d1104daa1,2024-09-05,ERP_CORPORATIVO,TRANSACOES_FINANCEIRAS,1717,cfe57e254af9bf9c50fdb62dc1bb2e5c776a7fbbd151e7f0f08ad40a41e7d8d6
TR-01718,2024-08-16,2024-08-01,SEC,FORN-00010,DESPESA,"R$1945,36",1945,BRL,Honorários profissionais contratados por SEC,11,BOLETO,PAGO,0b17011a-db1a-4f81-b66c-d44d1104daa1,2024-09-05,ERP_CORPORATIVO,TRANSACOES_FINANCEIRAS,1718,10fdd11e91f97a2a953da2bb03aae4afb16cca19ce487370fc79f518254568df
TR-01719,2024-08-26,2024-08-01,PES,FORN-00010,RECEITA,"1.848,10",1.820,BRL,Reparo de frota vinculado à área PES,17,TRANSFERENCIA,PAGO,0b17011a-db1a-4f81-b66c-d44d1104daa1,2024-09-05,ERP_CORPORATIVO,TRANSACOES_FINANCEIRAS,1719,316b7d1cc7b5c1edc964f8ea770b09b8e3bfa92dc5773b2406038aebc33776b7
TR-01720,2024-08-16,2024-08-01,FIN,FORN-00010,DESPESA,2.146,2.146,BRL,Reparo e conservação de instalações - FIN,10,BOLETO,PAGO,0b17011a-db1a-4f81-b66c-d44d1104daa1,2024-09-05,ERP_CORPORATIVO,TRANSACOES_FINANCEIRAS,1720,e638888accaa65d99d4075e3ddf0ade1c88b91893951d793ae8e287c77a0fc67
TR-01721,16/08/2024,2024-08-01,VND,FORN-00010,RECEITA,"R$ 1.740,39",1697,BRL,Material de marketing solicitado por VND,15,TED,ATRASADO,0b17011a-db1a-4f81-b66c-d44d1104daa1,2024-09-05,ERP_CORPORATIVO,TRANSACOES_FINANCEIRAS,1721,7a2a9abe4b8026129d1608c8a837fd6a6ea8f8ea5753f57eaf26a014128786a3
TR-01722,2024/08/21,2024-08-01,ESG,FORN-00010,RECEITA,1.927,"R$1927,39",BRL,Prestação de serviço para área ESG,1,TRANSFERENCIA,ATRASADO,0b17011a-db1a-4f81-b66c-d44d1104daa1,2024-09-05,ERP_CORPORATIVO,TRANSACOES_FINANCEIRAS,1722,aca74e1a3c3b12cf16c697471d3ec530d424f2e42e2dd7f6d2bd8d1d23d3c54e
TR-01723,08-26-2024,2024-08-01,COMP,FORN-00010,DESPESA,"R$2212,55","R$2143,86",BRL,Contrato de conectividade para área COMP,9,TED,PAGO,0b17011a-db1a-4f81-b66c-d44d1104daa1,2024-09-05,ERP_CORPORATIVO,TRANSACOES_FINANCEIRAS,1723,3aceb1b1968cbf168c8e5cc801876e82dadcb9439139ce40cfef21eb94a8844d
TR-01724,23/08/24,2024-08-01,LOG,FORN-00010,DESPESA,"R$ 857,13",857,BRL,Contrato de serviço - setor LOG,1,PIX,PAGO,0b17011a-db1a-4f81-b66c-d44d1104daa1,2024-09-05,ERP_CORPORATIVO,TRANSACOES_FINANCEIRAS,1724,b270da1027b2b0ce8fb97b5ac8060c31986d0d0ffa362ba90fff7252ce6f0615
TR-01725,08/08/2024,2024-08-01,PES,FORN-00010,DESPESA,"R$ 1.688,60",1688.60,BRL,Compra de insumos para setor PES,2,PIX,PAGO,0b17011a-db1a-4f81-b66c-d44d1104daa1,2024-09-05,ERP_CORPORATIVO,TRANSACOES_FINANCEIRAS,1725,a505871ba6e3a34faf7cb6efd0afefcecfae280881a4692da3f48d54408d91a0
TR-01726,29/08/24,2024-08-01,CTB,FORN-00010,DESPESA,1.597,"R$1596,56",BRL,Propaganda e divulgação para área CTB,13,PIX,PAGO,0b17011a-db1a-4f81-b66c-d44d1104daa1,2024-09-05,ERP_CORPORATIVO,TRANSACOES_FINANCEIRAS,1726,ec3c2641927d2f3f6581aadedbc92529ac876d4b51da0743dd4e876983b1e540
TR-01727,13/08/2024,2024-08-01,COM,FORN-00010,RECEITA,"2.108,89",2109,BRL,Reparo e conservação de instalações - COM,10,TED,PAGO,0b17011a-db1a-4f81-b66c-d44d1104daa1,2024-09-05,ERP_CORPORATIVO,TRANSACOES_FINANCEIRAS,1727,291029a782014895ca9ace9e8c65ea86d943888b05f91631b3d783249da93321
TR-01728,2024-08-12,2024-08-01,PJT,FORN-00010,DESPESA,2.123,2068,BRL,Contrato de serviço - setor PJT,1,BOLETO,PAGO,0b17011a-db1a-4f81-b66c-d44d1104daa1,2024-09-05,ERP_CORPORATIVO,TRANSACOES_FINANCEIRAS,1728,880cefb0aaa656c7ea0c71c4e8f566f7d8e87b8ea2932a2b75e0ed18fda20bb1
TR-01729,19-08-2024,2024-08-01,ATD,FORN-00010,RECEITA,4852.10,4852.10,BRL,Reparo de frota vinculado à área ATD,17,BOLETO,PAGO,0b17011a-db1a-4f81-b66c-d44d1104daa1,2024-09-05,ERP_CORPORATIVO,TRANSACOES_FINANCEIRAS,1729,f73a3fec0b7a82e713f5e4120ac8eb23753be9f0349801af8d068759110e58b0
TR-01730,15/08/2024,2024-08-01,TI,FORN-00010,DESPESA,"R$ 1.737,47",1661.34,BRL,Devolução de venda processada por TI,39,CARTAO,PAGO,0b17011a-db1a-4f81-b66c-d44d1104daa1,2024-09-05,ERP_CORPORATIVO,TRANSACOES_FINANCEIRAS,1730,8930865814ab79f19da5f8edda5db20b4bbc6b52a1eee195df664caf0d74195d
TR-01731,06-08-2024,2024-08-01,COMP,FORN-00010,DESPESA,1944,"R$1944,34",BRL,Manutenção preventiva de veículos - COMP,17,TRANSFERENCIA,PAGO,0b17011a-db1a-4f81-b66c-d44d1104daa1,2024-09-05,ERP_CORPORATIVO,TRANSACOES_FINANCEIRAS,1731,1d7826b076b7479525f93d2dcb3c6b9661f341018e7780e429240a379b4e9f41
TR-01732,2024/08/22,2024-08-01,COM,FORN-00010,DESPESA,"R$ 5.823,25","5.754,01",USD,Investimento em marketing corporativo (COM),4,PIX,PAGO,0b17011a-db1a-4f81-b66c-d44d1104daa1,2024-09-05,ERP_CORPORATIVO,TRANSACOES_FINANCEIRAS,1732,c703d77e19f0acc99707b43f6da07069c2ca003a771a7e6fc87d48f01955be68
TR-02025,05/08/24,2024-08-01,COMP,ACC-00011,DESPESA,"R$ 2.754,01",2754.01,BRL,Resultado de equivalência patrimonial - COMP,34,TRANSFERENCIA,PAGO,0b17011a-db1a-4f81-b66c-d44d1104daa1,2024-09-05,ERP_CORPORATIVO,TRANSACOES_FINANCEIRAS,2025,65abc0c83a4e45844c398a93e0cc93dd32b1af2a8fb9d5816bfe96c3db1867c9
TR-02026,08-19-2024,2024-08-01,QAS,ACC-00011,DESPESA,3.332,3.332,BRL,Reparo e conservação de instalações - QAS,10,TRANSFERENCIA,PAGO,0b17011a-db1a-4f81-b66c-d44d1104daa1,2024-09-05,ERP_CORPORATIVO,TRANSACOES_FINANCEIRAS,2026,2d7025804e7ab4ee1d18f263ab6d36c1be1bb3599a8020799e03a6e60ea593c3
TR-02027,05/08/2024,2024-08-01,ADM,ACC-00011,RECEITA,2892.18,"R$ 2.892,18",BRL,Alimentação em viagem corporativa - ADM,20,PIX,PAGO,0b17011a-db1a-4f81-b66c-d44d1104daa1,2024-09-05,ERP_CORPORATIVO,TRANSACOES_FINANCEIRAS,2027,d531b146b26dd497a524c15b3a9f5f9355c437ab7c2452d0ab355f58e366c3e4
TR-02028,2024-08-05,2024-08-01,CTB,ACC-00011,RECEITA,"2.842,45","R$2842,45",BRL,Serviço de tecnologia contratado por CTB,5,CARTAO,PAGO,0b17011a-db1a-4f81-b66c-d44d1104daa1,2024-09-05,ERP_CORPORATIVO,TRANSACOES_FINANCEIRAS,2028,5482f9afc05e2ffe78d4e61f424a133b50a0c23e255644e6219a4246d7f329cc
TR-02029,2024/08/14,2024-08-01,PJT,ACC-00011,DESPESA,"2.953,86","R$ 2.851,02",BRL,Assessoria legal vinculada à área PJT,7,TRANSFERENCIA,PAGO,0b17011a-db1a-4f81-b66c-d44d1104daa1,2024-09-05,ERP_CORPORATIVO,TRANSACOES_FINANCEIRAS,2029,5c06b069aff68b9c2e76c1524b5f73cadeb09ba9846d70affca47bf6ae99b2d3
TR-02030,2024-08-15,2024-08-01,COM,ACC-00011,DESPESA,3446,"3.446,02",BRL,Serviço especializado solicitado por COM,1,TRANSFERENCIA,PAGO,0b17011a-db1a-4f81-b66c-d44d1104daa1,2024-09-05,ERP_CORPORATIVO,TRANSACOES_FINANCEIRAS,2030,7d494daf60eb6c994b3c5cec18a0615b7417f131b10a2b60ab0a2312e842605e
TR-02031,Aug 12 2024,2024-08-01,VND,ACC-00011,DESPESA,2.707,2706.71,USD,Participação nos resultados vinculada a VND,34,BOLETO,PAGO,0b17011a-db1a-4f81-b66c-d44d1104daa1,2024-09-05,ERP_CORPORATIVO,TRANSACOES_FINANCEIRAS,2031,acfc578554154071a581968515e56c3ae89df6abb3fcbc5919c2d510592ec666
TR-02032,13-08-2024,2024-08-01,COMP,ACC-00011,DESPESA,"3.390,14",3390,BRL,Manutenção estrutural vinculada à área COMP,3,TED,PAGO,0b17011a-db1a-4f81-b66c-d44d1104daa1,2024-09-05,ERP_CORPORATIVO,TRANSACOES_FINANCEIRAS,2032,7ea435fd91bf24ac1320641ee1e2dfa561922a4597141cadabba513f9ece5d17
TR-02033,06/08/2024,2024-08-01,COMP,ACC-00011,RECEITA,"R$ 3.286,19","3.286,19",BRL,Investimento em marketing corporativo (COMP),4,TED,PAGO,0b17011a-db1a-4f81-b66c-d44d1104daa1,2024-09-05,ERP_CORPORATIVO,TRANSACOES_FINANCEIRAS,2033,135d03567c5e0758b519f780628f451f22d10240c57caee9f58cc5fee45f3afc
TR-02034,Aug 19 2024,2024-08-01,LOG,ACC-00011,RECEITA,"R$3200,18",3200,BRL,Serviço de telefonia e internet - LOG,9,BOLETO,PAGO,0b17011a-db1a-4f81-b66c-d44d1104daa1,2024-09-05,ERP_CORPORATIVO,TRANSACOES_FINANCEIRAS,2034,afa6f252cb038211aa00d68ed6e4f5d72630462d535d66ce339023b121867e73
TR-02035,19/08/24,2024-08-01,VND,ACC-00011,RECEITA,3.256,3190.67,BRL,Serviço de tecnologia contratado por VND,5,PIX,PAGO,0b17011a-db1a-4f81-b66c-d44d1104daa1,2024-09-05,ERP_CORPORATIVO,TRANSACOES_FINANCEIRAS,2035,1c589e816bd0abb0f0927b525e2a731250d13bf3c56a84803334bab998fd2bb8
TR-02036,08-12-2024,2024-08-01,FIN,ACC-00011,RECEITA,3086,"R$3085,65",BRL,Serviço técnico especializado para FIN,11,TRANSFERENCIA,PAGO,0b17011a-db1a-4f81-b66c-d44d1104daa1,2024-09-05,ERP_CORPORATIVO,TRANSACOES_FINANCEIRAS,2036,d8c3aaf35c18b258d29e870eba36243f62cc969acab3a370a8cec1500f49a089
TR-02037,2024-08-09,2024-08-01,COM,ACC-00011,DESPESA,"3.400,77","R$3400,77",BRL,Serviço especializado solicitado por COM,1,PIX,PAGO,0b17011a-db1a-4f81-b66c-d44d1104daa1,2024-09-05,ERP_CORPORATIVO,TRANSACOES_FINANCEIRAS,2037,e5aabb33f28126372d52407fd25d6fb43c751a2d59dcddc136571609e61996fb
TR-02038,08-05-2024,2024-08-01,RH,ACC-00011,RECEITA,"R$3043,83","R$2994,70",BRL,Aquisição de material operacional - RH,2,CARTAO,CANCELADO,0b17011a-db1a-4f81-b66c-d44d1104daa1,2024-09-05,ERP_CORPORATIVO,TRANSACOES_FINANCEIRAS,2038,e069929aee0587ed4865a23e189dacb8b8b8ea39d68454326615be99d6231d52
TR-02039,15/08/2024,2024-08-01,CTB,ACC-00011,DESPESA,"R$ 2.700,09","R$ 2.700,09",BRL,Prestação de serviço para área CTB,1,TRANSFERENCIA,PAGO,0b17011a-db1a-4f81-b66c-d44d1104daa1,2024-09-05,ERP_CORPORATIVO,TRANSACOES_FINANCEIRAS,2039,82388256aa52ed071dd79ea3a9d350ad68bca62698eeb4c40cfe3585903dd6a3
TR-02040,08-19-2024,2024-08-01,MKT,ACC-00011,DESPESA,"R$ 3.152,04","3.152,04",BRL,Contrato de serviço - setor MKT,1,BOLETO,PAGO,0b17011a-db1a-4f81-b66c-d44d1104daa1,2024-09-05,ERP_CORPORATIVO,TRANSACOES_FINANCEIRAS,2040,f6b6a262fd331f5f2bc83624afcb3a1e886f0911875784c02c81c4d80aa337d8
TR-02041,2024/08/19,2024-08-01,VND,ACC-00011,DESPESA,"R$ 3.441,50",3441.50,BRL,Contrato de serviço - setor VND,1,PIX,PAGO,0b17011a-db1a-4f81-b66c-d44d1104daa1,2024-09-05,ERP_CORPORATIVO,TRANSACOES_FINANCEIRAS,2041,748b3a3ca806a7892438fa9252ba763ac92794a065ba7c7f1b74b466291add4e
TR-02042,Aug 05 2024,2024-08-01,LOG,ACC-00011,DESPESA,3336.68,3336.68,BRL,Serviço de telefonia e internet - LOG,9,PIX,PAGO,0b17011a-db1a-4f81-b66c-d44d1104daa1,2024-09-05,ERP_CORPORATIVO,TRANSACOES_FINANCEIRAS,2042,d86426c7e3ac254f2c44b9be161538f4bf6decde5b053944d77cf0e93a40d4b1
TR-02043,08-27-2024,2024-08-01,QAS,ACC-00011,RECEITA,"3.808,41",3808,BRL,Publicidade institucional - QAS,13,PIX,PAGO,0b17011a-db1a-4f81-b66c-d44d1104daa1,2024-09-05,ERP_CORPORATIVO,TRANSACOES_FINANCEIRAS,2043,91162db330731fe875c356f43c79143883b6cf2089886b887560367e7b543763
TR-02044,28/08/24,2024-08-01,COM,ACC-00011,DESPESA,3.097,3097,BRL,Despesa operacional - COM,8,PIX,PAGO,0b17011a-db1a-4f81-b66c-d44d1104daa1,2024-09-05,ERP_CORPORATIVO,TRANSACOES_FINANCEIRAS,2044,91da7b26dc96b6ddbcd743168a737800c82315139a6bdd704220440c22763f14
TR-02290,19/08/24,2024-08-01,COMP,ACC-00012,RECEITA,"R$ 10.934,53",10934.53,BRL,Desconto concedido em operação de COMP,38,PIX,PAGO,0b17011a-db1a-4f81-b66c-d44d1104daa1,2024-09-05,ERP_CORPORATIVO,TRANSACOES_FINANCEIRAS,2290,2e68c7beaa139ab975068ee191bbed39ab454976c4d99510b4b7432b805cf37f
TR-02291,2024-08-20,2024-08-01,QAS,ACC-00012,DESPESA,"R$ 3.592,51","R$3554,66",BRL,Serviço de tecnologia contratado por QAS,5,TRANSFERENCIA,PAGO,0b17011a-db1a-4f81-b66c-d44d1104daa1,2024-09-05,ERP_CORPORATIVO,TRANSACOES_FINANCEIRAS,2291,70d022c7d8a66bb867ecd394e49ea9290e80650f388aa17fb1e3b593d845b166
TR-02292,2024/08/19,2024-08-01,PES,ACC-00012,DESPESA,3787.71,3788,BRL,Compra de insumos para setor PES,2,CARTAO,ATRASADO,0b17011a-db1a-4f81-b66c-d44d1104daa1,2024-09-05,ERP_CORPORATIVO,TRANSACOES_FINANCEIRAS,2292,7268a4852db5536e92f96f5ef78b15d44d9cf84632c762afecbe7dfcc167fa1b
TR-02293,19/08/2024,2024-08-01,QAS,ACC-00012,RECEITA,3.271,3270.61,BRL,Capacitação profissional vinculada a QAS,30,BOLETO,PAGO,0b17011a-db1a-4f81-b66c-d44d1104daa1,2024-09-05,ERP_CORPORATIVO,TRANSACOES_FINANCEIRAS,2293,d8a4c19ef7947fd86e11a650b4bc79c7ffac6184a308deeb9c694a832a4e486d
TR-02294,2024-08-26,2024-08-01,COMP,ACC-00012,RECEITA,3.830,"R$ 3.830,12",BRL,Custo operacional associado a COMP,8,TRANSFERENCIA,PAGO,0b17011a-db1a-4f81-b66c-d44d1104daa1,2024-09-05,ERP_CORPORATIVO,TRANSACOES_FINANCEIRAS,2294,429084b924aaf5b63a0ed90bd314cc8cc84d1212feedb0e78fc42a4f15a6a8db
TR-02295,14/08/2024,2024-08-01,RH,ACC-00012,RECEITA,3.151,"3.061,59",BRL,Propaganda e divulgação para área RH,13,PIX,PAGO,0b17011a-db1a-4f81-b66c-d44d1104daa1,2024-09-05,ERP_CORPORATIVO,TRANSACOES_FINANCEIRAS,2295,f49234b06be2e4c571c754687a9cd914ef312f5c7743d898d72cebfc01c0d4d8
TR-02296,2024-08-15,2024-08-01,VND,ACC-00012,RECEITA,9087.57,"R$ 9.022,74",BRL,Serviço especializado solicitado por VND,1,TRANSFERENCIA,PAGO,0b17011a-db1a-4f81-b66c-d44d1104daa1,2024-09-05,ERP_CORPORATIVO,TRANSACOES_FINANCEIRAS,2296,4ac915b6caa838d28dd4a8bfc0e81912d18a278ece063ee883250fee79f97f7c
TR-02297,12/08/2024,2024-08-01,ADM,ACC-00012,DESPESA,"R$ 3.618,65","R$ 3.618,65",BRL,Promoção e atividade externa - ADM,14,TED,PAGO,0b17011a-db1a-4f81-b66c-d44d1104daa1,2024-09-05,ERP_CORPORATIVO,TRANSACOES_FINANCEIRAS,2297,762e930ca22fe4026099cc1c77d8ca4cf5faac3fd4bb093845816a3a5e236387
TR-02298,2024/08/30,2024-08-01,MKT,ACC-00012,DESPESA,3126,"R$ 3.032,03",BRL,Desconto concedido em operação de MKT,38,PIX,CANCELADO,0b17011a-db1a-4f81-b66c-d44d1104daa1,2024-09-05,ERP_CORPORATIVO,TRANSACOES_FINANCEIRAS,2298,14912596939b2eb30798db4af70aebb67038303fa2884484625b651e6842e122
TR-02299,Aug 26 2024,2024-08-01,FIN,ACC-00012,RECEITA,"R$3859,47","R$ 3.859,47",BRL,Despesa de infraestrutura - FIN,3,TRANSFERENCIA,PAGO,0b17011a-db1a-4f81-b66c-d44d1104daa1,2024-09-05,ERP_CORPORATIVO,TRANSACOES_FINANCEIRAS,2299,658b20cade93efaa6e87bab61ddf16687fe4de3193f1fd6cde301fade05f3932
TR-02300,12-08-2024,2024-08-01,FIN,ACC-00012,DESPESA,"R$3294,25",3294.25,BRL,Reparo e conservação de instalações - FIN,10,TRANSFERENCIA,PAGO,0b17011a-db1a-4f81-b66c-d44d1104daa1,2024-09-05,ERP_CORPORATIVO,TRANSACOES_FINANCEIRAS,2300,e9f86c8b69cf783e59ffe78576cefb2049409a3b94e0c8723ae145f94cecedca
TR-02301,12-08-2024,2024-08-01,OP,ACC-00012,DESPESA,"R$ 3.548,17",3476.70,BRL,Certificado digital adquirido por OP,26,TED,PAGO,0b17011a-db1a-4f81-b66c-d44d1104daa1,2024-09-05,ERP_CORPORATIVO,TRANSACOES_FINANCEIRAS,2301,1ab4203af58c62ca0be3e09fcd0693707c2627d8e8a7ea6aae7cac3d60431dda
TR-02302,20/08/24,2024-08-01,JUR,ACC-00012,RECEITA,"3.837,35",3837.35,BRL,Passagem aérea para colaborador de JUR,18,TED,PAGO,0b17011a-db1a-4f81-b66c-d44d1104daa1,2024-09-05,ERP_CORPORATIVO,TRANSACOES_FINANCEIRAS,2302,8e84af1a98040fe812663d11a4d3b1a5d7cf37f4ccbb532b2b6ec946688c8f86
TR-02303,09/08/2024,2024-08-01,COM,ACC-00012,DESPESA,3271.73,3.182,BRL,Evento corporativo organizado por COM,14,BOLETO,CANCELADO,0b17011a-db1a-4f81-b66c-d44d1104daa1,2024-09-05,ERP_CORPORATIVO,TRANSACOES_FINANCEIRAS,2303,2d2d4cc3d6e6756335d326c472bf256665c51538cd2aa43d110ca4e8c2b417a4
TR-02304,Aug 09 2024,2024-08-01,RH,ACC-00012,DESPESA,3.418,3417.59,BRL,Receita de aluguel creditada em RH,31,TED,PAGO,0b17011a-db1a-4f81-b66c-d44d1104daa1,2024-09-05,ERP_CORPORATIVO,TRANSACOES_FINANCEIRAS,2304,80f1ddfb407b6ee8ca609945aef45ddf34de93ff17537948b643a54239057129
TR-02305,08-22-2024,2024-08-01,PJT,ACC-00012,RECEITA,4032,4032.47,BRL,Evento corporativo organizado por PJT,14,BOLETO,PAGO,0b17011a-db1a-4f81-b66c-d44d1104daa1,2024-09-05,ERP_CORPORATIVO,TRANSACOES_FINANCEIRAS,2305,2996b184c1e8f97b659dcbe1bd014be594d159f221bcce6120e687ce6729f4bd
TR-02306,2024/08/19,2024-08-01,PJT,ACC-00012,DESPESA,2929.36,2929,BRL,Contrato de SaaS vinculado a PJT,27,BOLETO,PAGO,0b17011a-db1a-4f81-b66c-d44d1104daa1,2024-09-05,ERP_CORPORATIVO,TRANSACOES_FINANCEIRAS,2306,cb442ab1d879983236a6c3ab51b061681d8aff92e68678b22a527ba92123fc12
TR-02307,12/08/2024,2024-08-01,PES,ACC-00012,RECEITA,4152.17,4.152,BRL,Investimento em marketing corporativo (PES),4,PIX,PAGO,0b17011a-db1a-4f81-b66c-d44d1104daa1,2024-09-05,ERP_CORPORATIVO,TRANSACOES_FINANCEIRAS,2307,a87038e1be9108a247509a19e05ed71d5e788b9e2477d8884d96341892553039
TR-02308,13/08/24,2024-08-01,OP,ACC-00012,RECEITA,3112,"3.112,23",BRL,Licenciamento de software - OP,5,TRANSFERENCIA,ATRASADO,0b17011a-db1a-4f81-b66c-d44d1104daa1,2024-09-05,ERP_CORPORATIVO,TRANSACOES_FINANCEIRAS,2308,190e2eb43b29449ff93d2872edd8c5f4a22e68d4a4046294ad60c6d1d466844c
TR-02523,2024-08-22,2024-08-01,RH,FORN-00013,DESPESA,"3.568,19",3568.19,BRL,Aquisição de material operacional - RH,2,TED,PAGO,0b17011a-db1a-4f81-b66c-d44d1104daa1,2024-09-05,ERP_CORPORATIVO,TRANSACOES_FINANCEIRAS,2523,70ef5ebb21dbd3911b822e8933705e8aa2223a5751b4f4f3efd29f15f35cf6fa
TR-02524,Aug 13 2024,2024-08-01,FIN,FORN-00013,DESPESA,3774,3774,BRL,Seguro contratado pela área FIN,21,PIX,PAGO,0b17011a-db1a-4f81-b66c-d44d1104daa1,2024-09-05,ERP_CORPORATIVO,TRANSACOES_FINANCEIRAS,2524,9748c63128766db4f0c871edd2a532a5956c97a74bbdcac01acdc51b11edbe52
TR-02525,07/08/24,2024-08-01,FIN,FORN-00013,DESPESA,"3.750,59",3750.59,BRL,Custo operacional associado a FIN,8,TRANSFERENCIA,PAGO,0b17011a-db1a-4f81-b66c-d44d1104daa1,2024-09-05,ERP_CORPORATIVO,TRANSACOES_FINANCEIRAS,2525,b96e0f2c0f8e8b1400d0cf39a8166dc98fcc37307b63cedcac3ea3a39aa5c117
TR-02526,15/08/2024,2024-08-01,PES,FORN-00013,DESPESA,3149.71,"R$3013,76",BRL,Serviço especializado solicitado por PES,1,PIX,PAGO,0b17011a-db1a-4f81-b66c-d44d1104daa1,2024-09-05,ERP_CORPORATIVO,TRANSACOES_FINANCEIRAS,2526,3074c78bc49657ec52dc572680d69ee8794717f9529b4b7bc4b7104cd3936683
TR-02527,Aug 20 2024,2024-08-01,TI,FORN-00013,DESPESA,"1.497,39","1.408,63",BRL,Licenciamento de software - TI,5,BOLETO,PAGO,0b17011a-db1a-4f81-b66c-d44d1104daa1,2024-09-05,ERP_CORPORATIVO,TRANSACOES_FINANCEIRAS,2527,518f510fe3a3b2f3e90da939a7ac020950beff095507b8f46aad89c71d1a5a22
TR-02704,05/08/24,2024-08-01,MKT,ACC-00014,RECEITA,"2.628,01","R$2628,01",BRL,Serviço especializado solicitado por MKT,1,TRANSFERENCIA,PAGO,0b17011a-db1a-4f81-b66c-d44d1104daa1,2024-09-05,ERP_CORPORATIVO,TRANSACOES_FINANCEIRAS,2704,3c6ddcaafad4940ef769aa3168f14310ff127d5c8bb149c4a69bb8e881660767
TR-02705,09/08/24,2024-08-01,COM,ACC-00014,DESPESA,2.271,2271.09,BRL,Compra de insumos para setor COM,2,BOLETO,ATRASADO,0b17011a-db1a-4f81-b66c-d44d1104daa1,2024-09-05,ERP_CORPORATIVO,TRANSACOES_FINANCEIRAS,2705,5aaebfe7d6fec7a7c72b3608cec3d343399bb936bb2a56048e0facb896614263
TR-02706,08-14-2024,2024-08-01,PRD,ACC-00014,RECEITA,"R$ 2.620,99","R$ 2.551,76",BRL,Serviço técnico especializado para PRD,11,PIX,ATRASADO,0b17011a-db1a-4f81-b66c-d44d1104daa1,2024-09-05,ERP_CORPORATIVO,TRANSACOES_FINANCEIRAS,2706,a172b5a565fc529636a1fe70b65a371e51d163ae851c15b6968b142dd0e44c7e
TR-02707,2024/08/21,2024-08-01,MKT,ACC-00014,DESPESA,"R$ 2.243,16","2.243,16",BRL,Combustível e lubrificantes para frota (MKT),16,PIX,PAGO,0b17011a-db1a-4f81-b66c-d44d1104daa1,2024-09-05,ERP_CORPORATIVO,TRANSACOES_FINANCEIRAS,2707,5efcc123647918e9da22f2af39eca298093c8e547364535a06c8edb5b4cf9f0e
TR-02708,08-12-2024,2024-08-01,COM,ACC-00014,DESPESA,2506.37,"R$2475,48",EUR,Serviço de tecnologia contratado por COM,5,BOLETO,PAGO,0b17011a-db1a-4f81-b66c-d44d1104daa1,2024-09-05,ERP_CORPORATIVO,TRANSACOES_FINANCEIRAS,2708,e310748cabe617a18d413dbbd2bc570998f881a7911ca6ef663b7afb2b990fbc
TR-02709,22/08/2024,2024-08-01,FIN,ACC-00014,DESPESA,2602.23,"R$ 2.529,52",BRL,Recebimento de subvenção - FIN,36,TRANSFERENCIA,PAGO,0b17011a-db1a-4f81-b66c-d44d1104daa1,2024-09-05,ERP_CORPORATIVO,TRANSACOES_FINANCEIRAS,2709,9d4e91f55fe6967e492ede6d510354109719c14590a1b747b76bf5a075ad21d4
TR-02710,22-08-2024,2024-08-01,MKT,ACC-00014,DESPESA,"R$ 6.414,05","6.414,05",BRL,Consultoria estratégica para área MKT,12,TRANSFERENCIA,PAGO,0b17011a-db1a-4f81-b66c-d44d1104daa1,2024-09-05,ERP_CORPORATIVO,TRANSACOES_FINANCEIRAS,2710,41bf4ae8d95ca7d9caedc70068863c4196b7d352f884bc769259773b82a6db83
TR-02711,19/08/2024,2024-08-01,FIN,ACC-00014,DESPESA,2633,2632.62,BRL,Comissão recebida por FIN,33,PIX,PAGO,0b17011a-db1a-4f81-b66c-d44d1104daa1,2024-09-05,ERP_CORPORATIVO,TRANSACOES_FINANCEIRAS,2711,4ac55f0c0fe97f0ab089095105efd586fd328ae12c2a8707e7c2bb545301ff3e
TR-02712,22/08/24,2024-08-01,PJT,ACC-00014,DESPESA,2.750,"R$2659,23",BRL,Licenciamento de software - PJT,5,TRANSFERENCIA,PAGO,0b17011a-db1a-4f81-b66c-d44d1104daa1,2024-09-05,ERP_CORPORATIVO,TRANSACOES_FINANCEIRAS,2712,0765e30392fae8330081f9d37df48996a1d63fdbb51c1e98f486d1d93b938a20
TR-02713,19-08-2024,2024-08-01,VND,ACC-00014,DESPESA,"R$ 2.340,21",2340.21,BRL,Manutenção estrutural vinculada à área VND,3,BOLETO,PAGO,0b17011a-db1a-4f81-b66c-d44d1104daa1,2024-09-05,ERP_CORPORATIVO,TRANSACOES_FINANCEIRAS,2713,d67b9ca027971d3bd08d5e62fa0aa218aa2d1ae3b85f1d5c51c2d2d82d3cda24
TR-02714,Aug 09 2024,2024-08-01,COM,ACC-00014,RECEITA,2.499,"R$2498,54",BRL,Recebimento de subvenção - COM,36,PIX,ATRASADO,0b17011a-db1a-4f81-b66c-d44d1104daa1,2024-09-05,ERP_CORPORATIVO,TRANSACOES_FINANCEIRAS,2714,c3390aa224c15a567c25729c972386bbff305d0418b21439040fa7272b60569a
TR-02715,02-08-2024,2024-08-01,CPT,ACC-00014,DESPESA,2.219,"2.219,37",BRL,Honorarium advocatício - CPT,24,PIX,PAGO,0b17011a-db1a-4f81-b66c-d44d1104daa1,2024-09-05,ERP_CORPORATIVO,TRANSACOES_FINANCEIRAS,2715,637098bd92ab176919228180b47b22b72f52f500266959fba2aa919f8157cf11
TR-02716,08-19-2024,2024-08-01,COM,ACC-00014,DESPESA,"R$ 2.502,98",2503,BRL,Custo operacional associado a COM,8,BOLETO,PAGO,0b17011a-db1a-4f81-b66c-d44d1104daa1,2024-09-05,ERP_CORPORATIVO,TRANSACOES_FINANCEIRAS,2716,f9bda318a72f4358c89c5001f49265ed475e05704f8d1411b7e6281f9a696582
TR-02717,08-09-2024,2024-08-01,FIN,ACC-00014,DESPESA,1375.10,1.375,BRL,Aquisição de material operacional - FIN,2,PIX,PAGO,0b17011a-db1a-4f81-b66c-d44d1104daa1,2024-09-05,ERP_CORPORATIVO,TRANSACOES_FINANCEIRAS,2717,805b33afd6076b5efbf241bd43da1890647f7b5ced3737708655722eb80f4769
TR-02718,19/08/24,2024-08-01,RH,ACC-00014,DESPESA,1938,"R$1937,62",BRL,Licenciamento de software - RH,5,BOLETO,PAGO,0b17011a-db1a-4f81-b66c-d44d1104daa1,2024-09-05,ERP_CORPORATIVO,TRANSACOES_FINANCEIRAS,2718,47304bf5d074afa11b3a4fbe9aa125d8efd9ee524ec34e68baba4f0511f00d36
TR-02719,12/08/24,2024-08-01,FIN,ACC-00014,DESPESA,2295.76,"R$2295,76",BRL,Imposto sobre venda apurado em FIN,40,PIX,CANCELADO,0b17011a-db1a-4f81-b66c-d44d1104daa1,2024-09-05,ERP_CORPORATIVO,TRANSACOES_FINANCEIRAS,2719,f8d8aeb6a9ddd423efab2ad9b4128c89a9bd233a3c5e76403f6c22f13fd3585d
TR-02720,07/08/2024,2024-08-01,COMP,ACC-00014,DESPESA,"R$ 2.613,81","R$ 2.613,81",BRL,Suporte técnico para sistemas de COMP,29,BOLETO,PAGO,0b17011a-db1a-4f81-b66c-d44d1104daa1,2024-09-05,ERP_CORPORATIVO,TRANSACOES_FINANCEIRAS,2720,285f99770a313bf373c04102a1502b73babb257f90b52f5cfee76a8aba55010e
TR-02721,14/08/2024,2024-08-01,COM,ACC-00014,RECEITA,"R$ 2.738,18",2738.18,BRL,Serviço de tecnologia contratado por COM,5,TRANSFERENCIA,ATRASADO,0b17011a-db1a-4f81-b66c-d44d1104daa1,2024-09-05,ERP_CORPORATIVO,TRANSACOES_FINANCEIRAS,2721,0a046d4a058af6fc90fc27192a08e998fa3a821d193e4d45b1e29a4d94fca0bd
TR-02722,20/08/2024,2024-08-01,PRD,ACC-00014,DESPESA,"R$ 5.779,11","R$5779,11",BRL,Receita eventual registrada em PRD,37,TRANSFERENCIA,PAGO,0b17011a-db1a-4f81-b66c-d44d1104daa1,2024-09-05,ERP_CORPORATIVO,TRANSACOES_FINANCEIRAS,2722,d497e3a84c4441b7b87f6996625ea7e64a283d8fd49a2f0c4c3c292709638ba6
TR-03102,01/08/2024,2024-08-01,PJT,1000014,RECEITA,"R$ 5.458,70","R$ 5.458,70",BRL,Viagem corporativa - PJT,18,TRANSFERENCIA,PAGO,0b17011a-db1a-4f81-b66c-d44d1104daa1,2024-09-05,ERP_CORPORATIVO,TRANSACOES_FINANCEIRAS,3102,4d3f688418c60f08a0910cf2413d6575d9acdc671d444273de6e62b7ed6fe7da
TR-03103,20/08/2024,2024-08-01,CPT,1000014,RECEITA,5497,5.497,BRL,Licença de software para área CPT,27,BOLETO,PAGO,0b17011a-db1a-4f81-b66c-d44d1104daa1,2024-09-05,ERP_CORPORATIVO,TRANSACOES_FINANCEIRAS,3103,27f0ef487860a100f2e5a7f76afce9ffe1465150f77cc510a5d151c881d89887
TR-03104,02/08/24,2024-08-01,CTB,1000014,DESPESA,"R$5213,14",5141.17,BRL,Custo operacional associado a CTB,8,PIX,PAGO,0b17011a-db1a-4f81-b66c-d44d1104daa1,2024-09-05,ERP_CORPORATIVO,TRANSACOES_FINANCEIRAS,3104,fc9fb31e831f0ec1c011b2c63d0530c1ba8792cc60538e65493615e15b4b5065
TR-03105,12/08/24,2024-08-01,RH,1000014,DESPESA,5793.12,"R$ 5.793,12",BRL,Renovação de certificados digitais - RH,26,CARTAO,PAGO,0b17011a-db1a-4f81-b66c-d44d1104daa1,2024-09-05,ERP_CORPORATIVO,TRANSACOES_FINANCEIRAS,3105,2f69461b9ac380e5c93b731d92ae5afeed2620e785448929f893bf41b2eddd16
TR-03106,08-12-2024,2024-08-01,JUR,1000014,RECEITA,6.278,"R$6129,84",BRL,Taxas bancárias incidentes em JUR,22,TRANSFERENCIA,PAGO,0b17011a-db1a-4f81-b66c-d44d1104daa1,2024-09-05,ERP_CORPORATIVO,TRANSACOES_FINANCEIRAS,3106,ff509220ec56a10e082f48d26bec516fee46d2f382b8b57cc4f11293251b5d57
TR-03107,08-12-2024,2024-08-01,COM,1000014,RECEITA,"4.993,12",4.993,BRL,Produção de material gráfico - COM,15,PIX,PAGO,0b17011a-db1a-4f81-b66c-d44d1104daa1,2024-09-05,ERP_CORPORATIVO,TRANSACOES_FINANCEIRAS,3107,c9dafd7a617861832027eb91c941cf081820fc4a943946ff6e3ec7e36b8c1c34
TR-03108,2024/08/13,2024-08-01,RH,1000014,DESPESA,5.767,"R$5766,91",BRL,Aquisição de material operacional - RH,2,TRANSFERENCIA,PAGO,0b17011a-db1a-4f81-b66c-d44d1104daa1,2024-09-05,ERP_CORPORATIVO,TRANSACOES_FINANCEIRAS,3108,117656aea9d85aef0c1fd2bde1bca91ac07ecdb201b7b861a79f52172e4dcd68
TR-03559,19/08/2024,2024-08-01,LOG,1000017,RECEITA,"R$2014,49","2.014,49",BRL,Despesa de RH - LOG,6,BOLETO,PAGO,0b17011a-db1a-4f81-b66c-d44d1104daa1,2024-09-05,ERP_CORPORATIVO,TRANSACOES_FINANCEIRAS,3559,268020fc004267220578ab5bbe24be7cbb3dc932900e3511c38a7bac64f93868
TR-03560,12/08/24,2024-08-01,JUR,1000017,DESPESA,"R$ 2.544,01","R$ 2.544,01",BRL,Treinamento corporativo para equipe JUR,30,PIX,ATRASADO,0b17011a-db1a-4f81-b66c-d44d1104daa1,2024-09-05,ERP_CORPORATIVO,TRANSACOES_FINANCEIRAS,3560,3d004fb6410388c16c424a76febcdc619b0559c7e6e443af3c81295a426c411d
TR-03561,Aug 26 2024,2024-08-01,ATD,1000017,DESPESA,"R$ 2.722,70",2.723,BRL,Manutenção estrutural vinculada à área ATD,3,CARTAO,ATRASADO,0b17011a-db1a-4f81-b66c-d44d1104daa1,2024-09-05,ERP_CORPORATIVO,TRANSACOES_FINANCEIRAS,3561,39a7dfc019d163ee36c025946a65bafa1567e601e7e72d6c25416fbb26f19fb5
TR-03562,19/08/2024,2024-08-01,CTB,1000017,DESPESA,2451,2.410,BRL,Assessoria legal vinculada à área CTB,7,TRANSFERENCIA,PAGO,0b17011a-db1a-4f81-b66c-d44d1104daa1,2024-09-05,ERP_CORPORATIVO,TRANSACOES_FINANCEIRAS,3562,e1bcbba931d4f0a2968a26801f18e2a54c465e9462abb5549e72c760d6af89dd
TR-03563,Aug 19 2024,2024-08-01,QAS,1000017,RECEITA,"R$ 2.581,23",2581.23,BRL,Imposto sobre venda apurado em QAS,40,PIX,PAGO,0b17011a-db1a-4f81-b66c-d44d1104daa1,2024-09-05,ERP_CORPORATIVO,TRANSACOES_FINANCEIRAS,3563,5f9035ff86190318bddcf0185c203225333ada0512b5120fda5749de6b7599ef
TR-03564,Aug 20 2024,2024-08-01,TI,1000017,RECEITA,"R$ 1.702,66","R$1620,12",BRL,Compra de insumos para setor TI,2,PIX,PAGO,0b17011a-db1a-4f81-b66c-d44d1104daa1,2024-09-05,ERP_CORPORATIVO,TRANSACOES_FINANCEIRAS,3564,9c09679250c986ab29062004bf3246d86aa4ae949fa3a20258ef2106ee51d2e9
TR-03565,Aug 21 2024,2024-08-01,RH,1000017,RECEITA,"R$2828,92",2828.92,BRL,Hospedagem em viagem a serviço de RH,19,PIX,PAGO,0b17011a-db1a-4f81-b66c-d44d1104daa1,2024-09-05,ERP_CORPORATIVO,TRANSACOES_FINANCEIRAS,3565,38eee60535264619c2b8b7e2ff4adbe3ac99698e1f56dda53f4fd56cd0d267e3
TR-03566,19/08/2024,2024-08-01,PRD,1000017,DESPESA,"2.215,53",2215.53,BRL,Contrato de conectividade para área PRD,9,CARTAO,CANCELADO,0b17011a-db1a-4f81-b66c-d44d1104daa1,2024-09-05,ERP_CORPORATIVO,TRANSACOES_FINANCEIRAS,3566,e3e0cc36fcb55864a6dcb50d90efcfadc4e8b0cf083b77e9ba855c557b6195c5
TR-03567,2024-08-12,2024-08-01,COMP,1000017,RECEITA,2.834,2834,BRL,Compra de insumos para setor COMP,2,TED,PAGO,0b17011a-db1a-4f81-b66c-d44d1104daa1,2024-09-05,ERP_CORPORATIVO,TRANSACOES_FINANCEIRAS,3567,0053c89c7edc21db0acf3b0eb83faebff7560bf19be53df9bcc282bcb144c4b2
TR-03568,19-08-2024,2024-08-01,PRD,1000017,DESPESA,"R$2662,04","2.662,04",BRL,Renovação de certificados digitais - PRD,26,TED,PAGO,0b17011a-db1a-4f81-b66c-d44d1104daa1,2024-09-05,ERP_CORPORATIVO,TRANSACOES_FINANCEIRAS,3568,a9b2f89992d75aff1d691fba08c1aba07c18dda5079c9c141b479315a1ba31e6
TR-03569,19-08-2024,2024-08-01,MKT,1000017,RECEITA,2418.55,2.419,BRL,Despesa operacional - MKT,8,BOLETO,PAGO,0b17011a-db1a-4f81-b66c-d44d1104daa1,2024-09-05,ERP_CORPORATIVO,TRANSACOES_FINANCEIRAS,3569,a1a05fb670322808d944d4205303b43d872cc9ba47ed90dc0e16532a4031b9a7
TR-03570,08-26-2024,2024-08-01,TI,1000017,RECEITA,"R$ 2.163,27",2060,USD,Manutenção estrutural vinculada à área TI,3,TRANSFERENCIA,PAGO,0b17011a-db1a-4f81-b66c-d44d1104daa1,2024-09-05,ERP_CORPORATIVO,TRANSACOES_FINANCEIRAS,3570,6a8ff64daee32d2ed22eb5f5d21b010f31bd524b3bb22160ccd48d3217674032
TR-03571,2024/08/19,2024-08-01,ESG,1000017,RECEITA,2.274,2.274,BRL,Prestação de serviço para área ESG,1,PIX,PAGO,0b17011a-db1a-4f81-b66c-d44d1104daa1,2024-09-05,ERP_CORPORATIVO,TRANSACOES_FINANCEIRAS,3571,746f4fef107fd37045c0faf6b046de73ee73e8897bd8ded7ee313628c220e7d2
TR-03572,16/08/24,2024-08-01,VND,1000017,RECEITA,"1.849,52","R$ 1.849,52",BRL,Prestação de serviço para área VND,1,TRANSFERENCIA,PAGO,0b17011a-db1a-4f81-b66c-d44d1104daa1,2024-09-05,ERP_CORPORATIVO,TRANSACOES_FINANCEIRAS,3572,ad6f6cb57487bb9a2f4ec70b01fabdc19e73e308ba4e937acfaadb9bb7c29be5
TR-03665,26/08/24,2024-08-01,PRD,ACC-00019,DESPESA,3654,3483,BRL,Aquisição de material operacional - PRD,2,BOLETO,PAGO,0b17011a-db1a-4f81-b66c-d44d1104daa1,2024-09-05,ERP_CORPORATIVO,TRANSACOES_FINANCEIRAS,3665,89eae589a9d604f153c05760386968710216a1b47acaa10a660fc2e59d76e9a4
TR-03666,08-14-2024,2024-08-01,FIN,ACC-00019,DESPESA,3580.07,"R$3580,07",BRL,Serviço de tecnologia contratado por FIN,5,PIX,PAGO,0b17011a-db1a-4f81-b66c-d44d1104daa1,2024-09-05,ERP_CORPORATIVO,TRANSACOES_FINANCEIRAS,3666,2a93b0865e8499341edb0b118ccfd41af680237b13198ca0d2425c8b6440fce7
TR-03667,08-12-2024,2024-08-01,OP,ACC-00019,DESPESA,3835,3834.50,BRL,Prestação de serviço para área OP,1,PIX,CANCELADO,0b17011a-db1a-4f81-b66c-d44d1104daa1,2024-09-05,ERP_CORPORATIVO,TRANSACOES_FINANCEIRAS,3667,9f3bd54e09dc836ed9fa0c8ca79a4761377f805db58d97f1093e76e2e2fb7828
TR-03668,08-07-2024,2024-08-01,MKT,ACC-00019,DESPESA,"4.259,12",4259.12,BRL,Encargos de empréstimo vinculados a MKT,23,PIX,PAGO,0b17011a-db1a-4f81-b66c-d44d1104daa1,2024-09-05,ERP_CORPORATIVO,TRANSACOES_FINANCEIRAS,3668,704a6dcea1d8d9bbdc8fd5f122e37499439c150db7f84a20ef81de3d23a459f9
TR-03669,06/08/2024,2024-08-01,FIN,ACC-00019,DESPESA,3.953,"3.952,79",BRL,Material de marketing solicitado por FIN,15,TRANSFERENCIA,PAGO,0b17011a-db1a-4f81-b66c-d44d1104daa1,2024-09-05,ERP_CORPORATIVO,TRANSACOES_FINANCEIRAS,3669,e4168f6ddfa5dc5cd47c6380e4631a8d37e5b8079c886d74b65ddfb90641fb8c
TR-03670,08-14-2024,2024-08-01,PRD,ACC-00019,RECEITA,4030.43,4030,BRL,Compra de insumos para setor PRD,2,PIX,PAGO,0b17011a-db1a-4f81-b66c-d44d1104daa1,2024-09-05,ERP_CORPORATIVO,TRANSACOES_FINANCEIRAS,3670,ae007b7a45f11f546e75b11a3a69c77b6d68c5732d5afa2370fda180540ced13
TR-03671,12-08-2024,2024-08-01,LOG,ACC-00019,DESPESA,3390.71,"R$ 3.390,71",BRL,Viagem corporativa - LOG,18,TED,PAGO,0b17011a-db1a-4f81-b66c-d44d1104daa1,2024-09-05,ERP_CORPORATIVO,TRANSACOES_FINANCEIRAS,3671,4e7aac3c5ac8e3760586f3b9f60c298e8f8f0cf197efc816e2105184082e6144
TR-03672,15/08/2024,2024-08-01,RH,ACC-00019,DESPESA,3586.13,"R$ 3.437,69",BRL,Licenciamento de software - RH,5,CARTAO,PAGO,0b17011a-db1a-4f81-b66c-d44d1104daa1,2024-09-05,ERP_CORPORATIVO,TRANSACOES_FINANCEIRAS,3672,0269a54e06e788ca08f3be87c80c32dc6ffd2c3905da0f17f07507fb9c34d51e
TR-03673,05/08/2024,2024-08-01,JUR,ACC-00019,DESPESA,4051,"R$4051,37",BRL,Licenciamento de software - JUR,5,BOLETO,PAGO,0b17011a-db1a-4f81-b66c-d44d1104daa1,2024-09-05,ERP_CORPORATIVO,TRANSACOES_FINANCEIRAS,3673,051f4dcf225d3b9baf7687af2349437cf937eab3f4c34c475114517c03fa86f3
TR-03674,19/08/2024,2024-08-01,LOG,ACC-00019,DESPESA,3818.36,"3.818,36",BRL,Material de marketing solicitado por LOG,15,CARTAO,CANCELADO,0b17011a-db1a-4f81-b66c-d44d1104daa1,2024-09-05,ERP_CORPORATIVO,TRANSACOES_FINANCEIRAS,3674,f6d02c6d6b8e96df4471095c71f9fe23007b3d13fa13b314a2fd76326127a99a
TR-03675,2024/08/01,2024-08-01,RH,ACC-00019,DESPESA,"R$3961,91","R$ 3.961,91",BRL,Contrato de serviço - setor RH,1,TED,PAGO,0b17011a-db1a-4f81-b66c-d44d1104daa1,2024-09-05,ERP_CORPORATIVO,TRANSACOES_FINANCEIRAS,3675,cb0205b31301c500cc34674c5350b17c5f5587e5a5cb012be629f51cf54145fa
TR-03676,2024/08/02,2024-08-01,PRD,ACC-00019,DESPESA,4.016,"R$4016,42",BRL,Contrato de SaaS vinculado a PRD,27,PIX,PAGO,0b17011a-db1a-4f81-b66c-d44d1104daa1,2024-09-05,ERP_CORPORATIVO,TRANSACOES_FINANCEIRAS,3676,51b50fd4fa21959aefea232248b017e4ccbba9742aa9d35eb2340bc547d11301
TR-03677,2024-08-06,2024-08-01,COMP,ACC-00019,DESPESA,"R$3840,64",3753.98,BRL,Alimentação em viagem corporativa - COMP,20,TED,PAGO,0b17011a-db1a-4f81-b66c-d44d1104daa1,2024-09-05,ERP_CORPORATIVO,TRANSACOES_FINANCEIRAS,3677,34963fee54a83d7df5ecb571828b7ce00fc0f5fcf26eab64161e6b2dcf1119cb
TR-03678,Aug 05 2024,2024-08-01,FIN,ACC-00019,RECEITA,"4.424,73","4.424,73",BRL,Aquisição de material operacional - FIN,2,CARTAO,PAGO,0b17011a-db1a-4f81-b66c-d44d1104daa1,2024-09-05,ERP_CORPORATIVO,TRANSACOES_FINANCEIRAS,3678,c9ebba69ec4f0f0ae1b72b37aff134727293bd02f6424e3af371629b3183943b
TR-03679,12-08-2024,2024-08-01,SEC,ACC-00019,DESPESA,"R$3581,80",3582,BRL,Viagem corporativa - SEC,18,TED,CANCELADO,0b17011a-db1a-4f81-b66c-d44d1104daa1,2024-09-05,ERP_CORPORATIVO,TRANSACOES_FINANCEIRAS,3679,197571227ce89f0215d82884b27079d20d6c39be28a78a6b519a84a90fe2dcad
TR-03680,2024-08-22,2024-08-01,COM,ACC-00019,DESPESA,"3.480,27","3.386,41",BRL,Aquisição de material operacional - COM,2,PIX,PAGO,0b17011a-db1a-4f81-b66c-d44d1104daa1,2024-09-05,ERP_CORPORATIVO,TRANSACOES_FINANCEIRAS,3680,35176d30b1e448f2a3d8f4159b7a555ff7554a33ce92cadf01d16938bf72a1c1
TR-03681,2024/08/08,2024-08-01,TI,ACC-00019,DESPESA,3166.17,"R$ 3.166,17",BRL,Contrato de consultoria externa - TI,12,BOLETO,PAGO,0b17011a-db1a-4f81-b66c-d44d1104daa1,2024-09-05,ERP_CORPORATIVO,TRANSACOES_FINANCEIRAS,3681,c4bfe702d9b640bf9f173dd2ffe16d052f09b693333e59cb93046b8d0b7dd379
TR-03682,2024/08/21,2024-08-01,OP,ACC-00019,RECEITA,"R$ 4.070,96",4070.96,BRL,Campanha institucional - OP,4,BOLETO,PAGO,0b17011a-db1a-4f81-b66c-d44d1104daa1,2024-09-05,ERP_CORPORATIVO,TRANSACOES_FINANCEIRAS,3682,0cba3312c7140cdd4bbf6b7e3e45bb22da8aae270c4a211e21dfd0a8309f82c6
TR-03683,2024-08-16,2024-08-01,MKT,ACC-00019,DESPESA,"R$ 3.568,03","R$3568,03",BRL,Investimento em marketing corporativo (MKT),4,BOLETO,PAGO,0b17011a-db1a-4f81-b66c-d44d1104daa1,2024-09-05,ERP_CORPORATIVO,TRANSACOES_FINANCEIRAS,3683,a37b702653ddb661cc0403c755d4b916c5d7f5237fd794cd50bc4add9f70bf04
TR-03684,2024-08-07,2024-08-01,OP,ACC-00019,DESPESA,4.287,4127,BRL,Compra de insumos para setor OP,2,CARTAO,PAGO,0b17011a-db1a-4f81-b66c-d44d1104daa1,2024-09-05,ERP_CORPORATIVO,TRANSACOES_FINANCEIRAS,3684,7267fedee019559fe40418c5439ff7f0ffebceea50026c28e9b3a2b3765caed7
TR-03685,Aug 23 2024,2024-08-01,COM,ACC-00019,DESPESA,"R$3872,17","3.872,17",BRL,Combustível e lubrificantes para frota (COM),16,TRANSFERENCIA,PAGO,0b17011a-db1a-4f81-b66c-d44d1104daa1,2024-09-05,ERP_CORPORATIVO,TRANSACOES_FINANCEIRAS,3685,348c3c29b0e7024f0d31ef3ed171ea87d690becf9af9a14c72b1f7ea933694f5
TR-03686,2024/08/15,2024-08-01,CTB,ACC-00019,RECEITA,3651,3509.43,BRL,Compra de insumos para setor CTB,2,BOLETO,PAGO,0b17011a-db1a-4f81-b66c-d44d1104daa1,2024-09-05,ERP_CORPORATIVO,TRANSACOES_FINANCEIRAS,3686,c8b3b4db3867e1410bec37398d0c6287d2e8ff6c53e7e8bfac28e46502c3d99f
TR-03687,2024-08-16,2024-08-01,TI,ACC-00019,RECEITA,3399.25,"3.399,25",BRL,Direitos de propriedade intelectual - TI,32,TED,PAGO,0b17011a-db1a-4f81-b66c-d44d1104daa1,2024-09-05,ERP_CORPORATIVO,TRANSACOES_FINANCEIRAS,3687,f070a5b553871d921a986197ee3e17d21834ce461372adb6a4c4674d534d083a
TR-04017,Aug 26 2024,2024-08-01,JUR,1000019,RECEITA,5.863,5862.88,BRL,Diária de hotel para equipe JUR,19,BOLETO,PAGO,0b17011a-db1a-4f81-b66c-d44d1104daa1,2024-09-05,ERP_CORPORATIVO,TRANSACOES_FINANCEIRAS,4017,1977b59cf44b54ebd08923918ba7dec0385bb885e369ee3f6b446a10e05f8789
TR-04018,13/08/2024,2024-08-01,COMP,1000019,DESPESA,"7.997,18","7.997,18",BRL,Publicidade institucional - COMP,13,CARTAO,PAGO,0b17011a-db1a-4f81-b66c-d44d1104daa1,2024-09-05,ERP_CORPORATIVO,TRANSACOES_FINANCEIRAS,4018,fbeaa08b5a6809083139b45a88b0e67c49646121a75e7708a589bd5385d7fc19
TR-04019,2024/08/26,2024-08-01,RH,1000019,DESPESA,7.485,7485.29,BRL,Campanha institucional - RH,4,BOLETO,PAGO,0b17011a-db1a-4f81-b66c-d44d1104daa1,2024-09-05,ERP_CORPORATIVO,TRANSACOES_FINANCEIRAS,4019,6cedc00eff2ffd7e85f55082aa00daec4f2608dabce8d20dedb11f5cbcffefac
TR-04020,Aug 05 2024,2024-08-01,OP,1000019,DESPESA,7709.25,"R$ 7.709,25",BRL,Direitos de propriedade intelectual - OP,32,PIX,PAGO,0b17011a-db1a-4f81-b66c-d44d1104daa1,2024-09-05,ERP_CORPORATIVO,TRANSACOES_FINANCEIRAS,4020,99f5381480df06d0f0d1ab26c3a81b44381662c3c00822c0f8aec2e448ba616c
TR-04021,2024/08/19,2024-08-01,ADM,1000019,DESPESA,"R$ 7.753,41","R$7455,53",BRL,Serviço especializado solicitado por ADM,1,PIX,ATRASADO,0b17011a-db1a-4f81-b66c-d44d1104daa1,2024-09-05,ERP_CORPORATIVO,TRANSACOES_FINANCEIRAS,4021,15587872fed7c2654d804f68f868bbae54cf04094677182a54fcf80e223fde67
TR-04022,08-13-2024,2024-08-01,COM,1000019,RECEITA,7.091,"R$ 7.090,75",BRL,Assessoria legal vinculada à área COM,7,PIX,CANCELADO,0b17011a-db1a-4f81-b66c-d44d1104daa1,2024-09-05,ERP_CORPORATIVO,TRANSACOES_FINANCEIRAS,4022,1e1f64747769267fce196de708c0fe00a398254fefb496400ae720a06fc4731f
TR-04023,2024-08-12,2024-08-01,MKT,1000019,RECEITA,"R$ 8.168,39",8168.39,BRL,Manutenção de equipamentos de MKT,28,TED,CANCELADO,0b17011a-db1a-4f81-b66c-d44d1104daa1,2024-09-05,ERP_CORPORATIVO,TRANSACOES_FINANCEIRAS,4023,3081af99767e9916a1ec073b9b14d64b080dd81317fb9c775b71439e88b9c482
TR-04024,08-16-2024,2024-08-01,COMP,1000019,DESPESA,7143,"R$ 7.143,41",BRL,Licenciamento de software - COMP,5,BOLETO,PAGO,0b17011a-db1a-4f81-b66c-d44d1104daa1,2024-09-05,ERP_CORPORATIVO,TRANSACOES_FINANCEIRAS,4024,734ab80f4b004a85bdae355196c47401606f674c5edfb490aa3d0fd53af0f93e
TR-04025,Aug 07 2024,2024-08-01,MKT,1000019,RECEITA,"8.245,82","8.245,82",BRL,Promoção e atividade externa - MKT,14,PIX,PAGO,0b17011a-db1a-4f81-b66c-d44d1104daa1,2024-09-05,ERP_CORPORATIVO,TRANSACOES_FINANCEIRAS,4025,c1cfc41dfa8700a9b67759f4bfee6812a9d81a0a9525b0bf0a6f15722e568a90
TR-04403,08-08-2024,2024-08-01,PES,FORN-00022,DESPESA,"R$ 6.080,19",6080,BRL,Receita eventual registrada em PES,37,BOLETO,PAGO,0b17011a-db1a-4f81-b66c-d44d1104daa1,2024-09-05,ERP_CORPORATIVO,TRANSACOES_FINANCEIRAS,4403,95b5204a86e31e2438eaa396282803dae44930319aca120f649ee245f4e51713
TR-04404,13/08/2024,2024-08-01,COM,FORN-00022,RECEITA,"R$4829,36",4829,BRL,Despesa operacional - COM,8,PIX,PAGO,0b17011a-db1a-4f81-b66c-d44d1104daa1,2024-09-05,ERP_CORPORATIVO,TRANSACOES_FINANCEIRAS,4404,a08669b4c785ad7584273ef39f5ad527ea86031f64bf90b6814da15f195c2b1f
TR-04405,08-26-2024,2024-08-01,VND,FORN-00022,RECEITA,4.675,4675,BRL,Manutenção preventiva de veículos - VND,17,TED,ATRASADO,0b17011a-db1a-4f81-b66c-d44d1104daa1,2024-09-05,ERP_CORPORATIVO,TRANSACOES_FINANCEIRAS,4405,f0664444ae9ed689af344787d3f36bdf9779dd40915cf22e400355d6497b2bc2
TR-04406,08-20-2024,2024-08-01,QAS,FORN-00022,DESPESA,"5.891,90","R$5691,33",BRL,Despesa operacional - QAS,8,BOLETO,PAGO,0b17011a-db1a-4f81-b66c-d44d1104daa1,2024-09-05,ERP_CORPORATIVO,TRANSACOES_FINANCEIRAS,4406,98a5303f379be6c56c6247b59623c714c64ab143f28045e3cc0466136a052342
TR-04407,14/08/2024,2024-08-01,VND,FORN-00022,DESPESA,"5.749,38","R$ 5.749,38",BRL,Aquisição de material operacional - VND,2,BOLETO,PAGO,0b17011a-db1a-4f81-b66c-d44d1104daa1,2024-09-05,ERP_CORPORATIVO,TRANSACOES_FINANCEIRAS,4407,586b4b3b261480f513689812fd5e994e27d1a2583cdec7e02d25fadfc3ee5266
TR-04408,2024/08/22,2024-08-01,ADM,FORN-00022,DESPESA,"R$ 6.965,81","R$ 6.965,81",BRL,Compra de insumos para setor ADM,2,PIX,PAGO,0b17011a-db1a-4f81-b66c-d44d1104daa1,2024-09-05,ERP_CORPORATIVO,TRANSACOES_FINANCEIRAS,4408,6ff2e85f5ed300526c0e1066e7b5f4e5a523f2b9fbf0bfacfadad80e2572a0e8
TR-04409,2024-08-15,2024-08-01,OP,FORN-00022,DESPESA,5001.60,"R$5001,60",BRL,Serviço especializado solicitado por OP,1,TED,PAGO,0b17011a-db1a-4f81-b66c-d44d1104daa1,2024-09-05,ERP_CORPORATIVO,TRANSACOES_FINANCEIRAS,4409,2958f088f388cfb5a3cdda982ee79f44799e64b20841a157ddc902247fee08de
TR-04925,2024-08-12,2024-08-01,PJT,1000024,DESPESA,"R$ 2.593,40","2.593,40",BRL,Serviços contábeis externos - PJT,25,PIX,CANCELADO,0b17011a-db1a-4f81-b66c-d44d1104daa1,2024-09-05,ERP_CORPORATIVO,TRANSACOES_FINANCEIRAS,4925,85f5dd2cace1b80c591bf583d27d3f4d3a9e237393d3e9eed6d8597bcb28300a
TR-04926,2024-08-20,2024-08-01,PES,1000024,DESPESA,"2.849,94",2.850,BRL,Doação recebida em favor de PES,36,CARTAO,CANCELADO,0b17011a-db1a-4f81-b66c-d44d1104daa1,2024-09-05,ERP_CORPORATIVO,TRANSACOES_FINANCEIRAS,4926,f43837e00eeaf0c011ee1950d6f03c508c42acf3b89369249715004b58381abd
TR-04927,2024/08/14,2024-08-01,MKT,1000024,DESPESA,"R$2777,37","2.777,37",BRL,Propaganda e divulgação para área MKT,13,TED,PAGO,0b17011a-db1a-4f81-b66c-d44d1104daa1,2024-09-05,ERP_CORPORATIVO,TRANSACOES_FINANCEIRAS,4927,8271e15b729f1bd15e44ad04ee3287992f49f4411988bdca117b494f7c72518d
TR-04928,2024-08-16,2024-08-01,LOG,1000024,DESPESA,2209.88,"2.156,56",BRL,Estorno de receita - LOG,39,TRANSFERENCIA,PAGO,0b17011a-db1a-4f81-b66c-d44d1104daa1,2024-09-05,ERP_CORPORATIVO,TRANSACOES_FINANCEIRAS,4928,cce6441f3fb45604d6ef7b283fc02dcac4ec8effe18ebcc5412674510a22fa25
TR-04929,21/08/2024,2024-08-01,COMP,1000024,DESPESA,"R$2489,00",2489.00,BRL,Promoção e atividade externa - COMP,14,PIX,PAGO,0b17011a-db1a-4f81-b66c-d44d1104daa1,2024-09-05,ERP_CORPORATIVO,TRANSACOES_FINANCEIRAS,4929,cbb2463f232b554a1dca64b3849032b7fe6f26b414c504d8488054092d3d6a8a
TR-04930,2024/08/16,2024-08-01,PES,1000024,DESPESA,2404.57,"R$ 2.319,70",BRL,Suporte técnico para sistemas de PES,29,BOLETO,PAGO,0b17011a-db1a-4f81-b66c-d44d1104daa1,2024-09-05,ERP_CORPORATIVO,TRANSACOES_FINANCEIRAS,4930,2726a046211130491a949bfc1752ee70875af29ed52d8428993b3aee4db41ba0
TR-04931,2024-08-09,2024-08-01,OP,1000024,DESPESA,"R$ 2.752,39",2655,USD,Reparo e conservação de instalações - OP,10,TED,PAGO,0b17011a-db1a-4f81-b66c-d44d1104daa1,2024-09-05,ERP_CORPORATIVO,TRANSACOES_FINANCEIRAS,4931,743f59426f91c067dc66008f8b2de046e601a0f009daa08d53c96935bb599f6d
TR-04932,27-08-2024,2024-08-01,LOG,1000024,RECEITA,"2.269,94","2.269,94",BRL,Recebimento de subvenção - LOG,36,PIX,PAGO,0b17011a-db1a-4f81-b66c-d44d1104daa1,2024-09-05,ERP_CORPORATIVO,TRANSACOES_FINANCEIRAS,4932,c5409c39672083606362ea1c9815f2434ba81ac0a0d73106e4304fd1a2506fc6
TR-04933,22/08/24,2024-08-01,ADM,1000024,RECEITA,2660,2.660,BRL,Renovação de certificados digitais - ADM,26,TED,PAGO,0b17011a-db1a-4f81-b66c-d44d1104daa1,2024-09-05,ERP_CORPORATIVO,TRANSACOES_FINANCEIRAS,4933,cd802bad355fd876a3c5674243b01e566375bc494ab06140ee0b93b76e9fa79c
TR-05155,08-23-2024,2024-08-01,TI,1000025,DESPESA,"1.629,16",1548,BRL,Certificado digital adquirido por TI,26,TED,PAGO,0b17011a-db1a-4f81-b66c-d44d1104daa1,2024-09-05,ERP_CORPORATIVO,TRANSACOES_FINANCEIRAS,5155,1e7d37e335c97304d57478c0d7708b38ce0ee21109bb78e962c45e1cffb8d268
TR-05156,08-28-2024,2024-08-01,PES,1000025,RECEITA,"R$6039,45",6039.45,BRL,Aquisição de material operacional - PES,2,TED,PAGO,0b17011a-db1a-4f81-b66c-d44d1104daa1,2024-09-05,ERP_CORPORATIVO,TRANSACOES_FINANCEIRAS,5156,c5cec55a6f2d6d7e2fac6e69221998eb4d07ec465be4579bae2d5a28a08d3325
TR-05157,Aug 12 2024,2024-08-01,PJT,1000025,RECEITA,1687.39,"1.687,39",BRL,Aquisição de material operacional - PJT,2,TRANSFERENCIA,CANCELADO,0b17011a-db1a-4f81-b66c-d44d1104daa1,2024-09-05,ERP_CORPORATIVO,TRANSACOES_FINANCEIRAS,5157,93768ced31b31e581f9a60a2fdb495694bdc470e37f798daf57cf41a23e215c1
TR-05158,19/08/2024,2024-08-01,PJT,1000025,RECEITA,1955.20,"1.955,20",BRL,Honorarium advocatício - PJT,24,TRANSFERENCIA,PAGO,0b17011a-db1a-4f81-b66c-d44d1104daa1,2024-09-05,ERP_CORPORATIVO,TRANSACOES_FINANCEIRAS,5158,f6c8cb47cd98ef443792b921fe831ef01156f4c7f845ef53c62db901215a71a9
TR-05159,Aug 07 2024,2024-08-01,PES,1000025,RECEITA,1524.04,"R$ 1.506,70",BRL,Despesa operacional - PES,8,TED,ATRASADO,0b17011a-db1a-4f81-b66c-d44d1104daa1,2024-09-05,ERP_CORPORATIVO,TRANSACOES_FINANCEIRAS,5159,81f351a11807625f03a81e5a8fdc823d8258e9385031a76132ed1f6399124c5c
TR-05160,14/08/24,2024-08-01,RH,1000025,DESPESA,"R$1746,15",1716.75,USD,Despesa operacional - RH,8,PIX,PAGO,0b17011a-db1a-4f81-b66c-d44d1104daa1,2024-09-05,ERP_CORPORATIVO,TRANSACOES_FINANCEIRAS,5160,e49a2ba11b38736a834cc9047b151b970a2651306b5d6d76398882fcbaa60906
TR-05161,Aug 22 2024,2024-08-01,PES,1000025,RECEITA,1638,1638.23,BRL,Aquisição de material operacional - PES,2,TRANSFERENCIA,PAGO,0b17011a-db1a-4f81-b66c-d44d1104daa1,2024-09-05,ERP_CORPORATIVO,TRANSACOES_FINANCEIRAS,5161,34a81e17179f5f010eb1c5fd056c3d530801609cc41b3ffe8d0d45781ce0dd72
TR-05162,19/08/24,2024-08-01,TI,1000025,RECEITA,"1.953,10",1911,BRL,Receita eventual registrada em TI,37,PIX,PAGO,0b17011a-db1a-4f81-b66c-d44d1104daa1,2024-09-05,ERP_CORPORATIVO,TRANSACOES_FINANCEIRAS,5162,9486b349dc0f5f9ef6d63c6b14662d3baa618babe6392133bc9fd1816f986dbc
TR-05673,27/08/2024,2024-08-01,SEC,FORN-00028,DESPESA,3.043,3.043,BRL,Serviço de tecnologia contratado por SEC,5,TED,PAGO,0b17011a-db1a-4f81-b66c-d44d1104daa1,2024-09-05,ERP_CORPORATIVO,TRANSACOES_FINANCEIRAS,5673,a992b14c0473076125b80a40fca7720d6babe0cd91b4bd9c5a34b3daa983a938
TR-05674,09/08/24,2024-08-01,OP,FORN-00028,RECEITA,"R$3432,80","R$ 3.334,17",BRL,Contrato de serviço - setor OP,1,PIX,PAGO,0b17011a-db1a-4f81-b66c-d44d1104daa1,2024-09-05,ERP_CORPORATIVO,TRANSACOES_FINANCEIRAS,5674,66ec0b12adc4d64dd62daf7a0529a0dccd3cc41085d75ad99935d22584be5ce7
TR-05675,2024-08-16,2024-08-01,TI,FORN-00028,RECEITA,3327.34,3230.54,BRL,Compra de insumos para setor TI,2,TED,PAGO,0b17011a-db1a-4f81-b66c-d44d1104daa1,2024-09-05,ERP_CORPORATIVO,TRANSACOES_FINANCEIRAS,5675,70ee1d8437b1977093ccff2111439e22b721141f289d809b85250696b1250017
TR-05676,08-19-2024,2024-08-01,QAS,FORN-00028,DESPESA,3241.90,"R$3241,90",BRL,Manutenção preventiva de veículos - QAS,17,CARTAO,PAGO,0b17011a-db1a-4f81-b66c-d44d1104daa1,2024-09-05,ERP_CORPORATIVO,TRANSACOES_FINANCEIRAS,5676,7e87c9f341cb607d66f38b4dc739a71b0d1e9ba1b8cd49074e2b339eda6e0883
TR-05677,2024/08/15,2024-08-01,COMP,FORN-00028,DESPESA,3250,"R$3250,37",BRL,Prestação de serviço para área COMP,1,PIX,PAGO,0b17011a-db1a-4f81-b66c-d44d1104daa1,2024-09-05,ERP_CORPORATIVO,TRANSACOES_FINANCEIRAS,5677,be8b0983b9508de77b157918d854e695e7217d51e092d73bf26685263a310456
TR-05678,05/08/24,2024-08-01,OP,FORN-00028,RECEITA,9.149,"R$9148,58",BRL,Serviço de tecnologia contratado por OP,5,TED,PAGO,0b17011a-db1a-4f81-b66c-d44d1104daa1,2024-09-05,ERP_CORPORATIVO,TRANSACOES_FINANCEIRAS,5678,d26079d908f87efd1c53b0f3abdcac024b8009e586bc8fa18c210d2e1415ceac
TR-05679,08-19-2024,2024-08-01,COMP,FORN-00028,RECEITA,3.355,"R$ 3.354,53",BRL,Viagem corporativa - COMP,18,PIX,PAGO,0b17011a-db1a-4f81-b66c-d44d1104daa1,2024-09-05,ERP_CORPORATIVO,TRANSACOES_FINANCEIRAS,5679,08175b10c03d01602ce2a59c72b852165234d207a089ca550e72f3926d4dd300
TR-05993,08-15-2024,2024-08-01,OP,FORN-00029,RECEITA,3.214,3.214,BRL,Investimento em marketing corporativo (OP),4,CARTAO,PAGO,0b17011a-db1a-4f81-b66c-d44d1104daa1,2024-09-05,ERP_CORPORATIVO,TRANSACOES_FINANCEIRAS,5993,89c457108ad254c077f9e72ef41952bec4eda205b50aa40442ee4b7b7f451b96
TR-05994,13/08/24,2024-08-01,COMP,FORN-00029,DESPESA,2.458,2.458,BRL,Licenciamento de software - COMP,5,TED,PAGO,0b17011a-db1a-4f81-b66c-d44d1104daa1,2024-09-05,ERP_CORPORATIVO,TRANSACOES_FINANCEIRAS,5994,4eb9305cfcc24912167a0ef17292975cf757b4644b495e115eff7bded748ad0b
TR-05995,2024/08/21,2024-08-01,RH,FORN-00029,RECEITA,3165,"3.048,57",BRL,Compra de insumos para setor RH,2,PIX,ATRASADO,0b17011a-db1a-4f81-b66c-d44d1104daa1,2024-09-05,ERP_CORPORATIVO,TRANSACOES_FINANCEIRAS,5995,8af8898a488e8608f6c3423be25b7808a3dfd05049dcefb1811d0e92d67be786
TR-05996,23/08/24,2024-08-01,COMP,FORN-00029,DESPESA,"R$ 3.564,75","R$ 3.564,75",BRL,Consultoria estratégica para área COMP,12,PIX,PAGO,0b17011a-db1a-4f81-b66c-d44d1104daa1,2024-09-05,ERP_CORPORATIVO,TRANSACOES_FINANCEIRAS,5996,bbcf54bb0cad0908bc7e1261acffe035759acc7cc1eb28739af7241cae058936
TR-05997,08-12-2024,2024-08-01,ADM,FORN-00029,RECEITA,"R$ 2.915,88",2915.88,BRL,Produção de material gráfico - ADM,15,PIX,PAGO,0b17011a-db1a-4f81-b66c-d44d1104daa1,2024-09-05,ERP_CORPORATIVO,TRANSACOES_FINANCEIRAS,5997,a822662f584890592fae485c3cfab1427bf308b0b91e041b586ec7967404778c
TR-05998,28-08-2024,2024-08-01,PES,FORN-00029,RECEITA,3788.37,3788.37,BRL,Despesa de RH - PES,6,PIX,PAGO,0b17011a-db1a-4f81-b66c-d44d1104daa1,2024-09-05,ERP_CORPORATIVO,TRANSACOES_FINANCEIRAS,5998,5ab560b4dfbcb6c2e2ec07e5d4652cdbebb96f80d3f1cf3aa1d94ad2178d34c3
TR-05999,Aug 16 2024,2024-08-01,CPT,FORN-00029,DESPESA,"3.213,15",3148,BRL,Despesa operacional - CPT,8,PIX,PAGO,0b17011a-db1a-4f81-b66c-d44d1104daa1,2024-09-05,ERP_CORPORATIVO,TRANSACOES_FINANCEIRAS,5999,db4f246c1d849bbe129daa9334a76084d77a6e9c3471734eff311b7568bd90b0
TR-06000,08-05-2024,2024-08-01,MKT,FORN-00029,RECEITA,"3.134,04","R$3134,04",BRL,Manutenção de equipamentos de MKT,28,PIX,PAGO,0b17011a-db1a-4f81-b66c-d44d1104daa1,2024-09-05,ERP_CORPORATIVO,TRANSACOES_FINANCEIRAS,6000,bf2d5ac6c19710e6b39548d0a767bc32c9bbb9bd67af029a601533cad1743cde
TR-06001,13-08-2024,2024-08-01,VND,FORN-00029,RECEITA,2.756,2.756,BRL,Atendimento de TI requisitado por VND,29,CARTAO,PAGO,0b17011a-db1a-4f81-b66c-d44d1104daa1,2024-09-05,ERP_CORPORATIVO,TRANSACOES_FINANCEIRAS,6001,31174393c6e7e61688407f17756a8a9e0de60a1c1bf8f3510dcc04bc44cf083c
TR-06002,08-16-2024,2024-08-01,FIN,FORN-00029,RECEITA,"R$3536,85","R$3536,85",BRL,Contrato de consultoria externa - FIN,12,BOLETO,ATRASADO,0b17011a-db1a-4f81-b66c-d44d1104daa1,2024-09-05,ERP_CORPORATIVO,TRANSACOES_FINANCEIRAS,6002,4a7f8ff2704dc7c7c8d83218a025143db4a8f0515edae2d509bf061adea162e5
TR-06003,2024/08/21,2024-08-01,OP,FORN-00029,RECEITA,2.801,2.713,BRL,Serviços contábeis externos - OP,25,TED,PAGO,0b17011a-db1a-4f81-b66c-d44d1104daa1,2024-09-05,ERP_CORPORATIVO,TRANSACOES_FINANCEIRAS,6003,b1785b8d2f8e27aab8f00c41de7f6f0ddc5b89a8ccaf71150efe450119eaf71f
TR-06004,2024/08/19,2024-08-01,LOG,FORN-00029,RECEITA,"782,25",782,BRL,Campanha institucional - LOG,4,TED,PAGO,0b17011a-db1a-4f81-b66c-d44d1104daa1,2024-09-05,ERP_CORPORATIVO,TRANSACOES_FINANCEIRAS,6004,de31060fb713ab14a501874874908d09d180cbe1dc3321049ecb86dd332d9ead
TR-06005,09/08/2024,2024-08-01,RH,FORN-00029,RECEITA,"R$ 2.521,26",2521,BRL,Propaganda e divulgação para área RH,13,TED,PAGO,0b17011a-db1a-4f81-b66c-d44d1104daa1,2024-09-05,ERP_CORPORATIVO,TRANSACOES_FINANCEIRAS,6005,a4c633d2c4e7a70f2908534f4ffbcf663f1041acdd14d29e6f84bf3d64c281d8
TR-06006,14-08-2024,2024-08-01,OP,FORN-00029,DESPESA,"3.328,37",3270,BRL,Capacitação profissional vinculada a OP,30,TRANSFERENCIA,CANCELADO,0b17011a-db1a-4f81-b66c-d44d1104daa1,2024-09-05,ERP_CORPORATIVO,TRANSACOES_FINANCEIRAS,6006,e8950c325c77cf2802502dd8b49f61ae53bbe586845d1395c4c3d35ed6b7154e
TR-06007,2024/08/06,2024-08-01,COM,FORN-00029,DESPESA,3.227,"3.227,26",BRL,Suporte técnico para sistemas de COM,29,TED,PAGO,0b17011a-db1a-4f81-b66c-d44d1104daa1,2024-09-05,ERP_CORPORATIVO,TRANSACOES_FINANCEIRAS,6007,e4a660640605e7e2f7ecc9f263a590e5efc62e74ba48f037893b9425f8095035
TR-06008,08-23-2024,2024-08-01,QAS,FORN-00029,RECEITA,3046,2942,BRL,Serviço de tecnologia contratado por QAS,5,BOLETO,PAGO,0b17011a-db1a-4f81-b66c-d44d1104daa1,2024-09-05,ERP_CORPORATIVO,TRANSACOES_FINANCEIRAS,6008,c856f9d770164f7c66f6f355d0319e5b9484d6b8584f54d50937833261db81ff
TR-06009,01-08-2024,2024-08-01,COMP,FORN-00029,DESPESA,3.277,3277,BRL,Tarifas de serviços financeiros - COMP,22,BOLETO,PAGO,0b17011a-db1a-4f81-b66c-d44d1104daa1,2024-09-05,ERP_CORPORATIVO,TRANSACOES_FINANCEIRAS,6009,78f9920edcd55e67474be050784468c327ef1b7ba6d1981fde66e1cb52e3525c
TR-06010,12/08/2024,2024-08-01,TI,FORN-00029,DESPESA,3246.14,3246.14,BRL,Abastecimento de veículos - TI,16,TED,PAGO,0b17011a-db1a-4f81-b66c-d44d1104daa1,2024-09-05,ERP_CORPORATIVO,TRANSACOES_FINANCEIRAS,6010,73508fb9079d9f1d18d7bc969bef5cf8ab3890882e4287c0074bc605d577a09a
TR-06011,20/08/2024,2024-08-01,MKT,FORN-00029,RECEITA,"2.933,85","2.933,85",USD,Apólice de seguro - MKT,21,PIX,PAGO,0b17011a-db1a-4f81-b66c-d44d1104daa1,2024-09-05,ERP_CORPORATIVO,TRANSACOES_FINANCEIRAS,6011,5e89887234f69aecb1645b6199f455b63ab6c409e5882282107624f3872b8e79
TR-06012,05/08/2024,2024-08-01,LOG,FORN-00029,RECEITA,2813,"R$ 2.813,37",BRL,Despesa operacional - LOG,8,CARTAO,PAGO,0b17011a-db1a-4f81-b66c-d44d1104daa1,2024-09-05,ERP_CORPORATIVO,TRANSACOES_FINANCEIRAS,6012,ceaec5a4c2b702166427cc7dbe576a3f82a657e5745de9e0ef2fa6772b3977ce
TR-06013,19/08/2024,2024-08-01,MKT,FORN-00029,DESPESA,2563,2563.41,BRL,Passagem aérea para colaborador de MKT,18,PIX,PAGO,0b17011a-db1a-4f81-b66c-d44d1104daa1,2024-09-05,ERP_CORPORATIVO,TRANSACOES_FINANCEIRAS,6013,1d292d3c62c8b241f2af0354e719e5551f246efc8d69867cd71e0ca2eb307963
TR-06014,19/08/24,2024-08-01,RH,FORN-00029,RECEITA,2989.48,"2.913,59",BRL,Licenciamento de software - RH,5,BOLETO,PAGO,0b17011a-db1a-4f81-b66c-d44d1104daa1,2024-09-05,ERP_CORPORATIVO,TRANSACOES_FINANCEIRAS,6014,0ed52ac1631d318a002c56665dab71cbe95850a876d4d3433811820ab5f3749a
TR-06015,14/08/2024,2024-08-01,ATD,FORN-00029,DESPESA,2.670,"R$ 2.669,93",BRL,Apólice de seguro - ATD,21,BOLETO,PAGO,0b17011a-db1a-4f81-b66c-d44d1104daa1,2024-09-05,ERP_CORPORATIVO,TRANSACOES_FINANCEIRAS,6015,b99917e169f830e16d65ac50977a916b07926833670f679207598755c598829e
TR-06016,08/08/2024,2024-08-01,FIN,FORN-00029,RECEITA,3.093,"R$2940,76",BRL,Propaganda e divulgação para área FIN,13,TED,PAGO,0b17011a-db1a-4f81-b66c-d44d1104daa1,2024-09-05,ERP_CORPORATIVO,TRANSACOES_FINANCEIRAS,6016,6b21329432428000346c6285b90e6b7b5f38ed1a4661ba5554fe1db7e11522ba
TR-06017,12/08/2024,2024-08-01,SEC,FORN-00029,DESPESA,"R$ 2.994,64","2.994,64",BRL,Honorários jurídicos - SEC,7,PIX,PAGO,0b17011a-db1a-4f81-b66c-d44d1104daa1,2024-09-05,ERP_CORPORATIVO,TRANSACOES_FINANCEIRAS,6017,b993a008108e07fbc13c08dc83eb3642d4375ff5b2477b3d79d75c310100de95
TR-06018,09/08/24,2024-08-01,OP,FORN-00029,DESPESA,"R$ 2.923,15","R$ 2.834,00",BRL,Receita de comissão comercial - OP,33,PIX,PAGO,0b17011a-db1a-4f81-b66c-d44d1104daa1,2024-09-05,ERP_CORPORATIVO,TRANSACOES_FINANCEIRAS,6018,c8b189ea743e1b8429791320c7fc556af50737ffa92ceae1229746f429c050d0
TR-06019,Aug 01 2024,2024-08-01,OP,FORN-00029,RECEITA,"3.378,79",3.262,BRL,Licenciamento de software - OP,5,PIX,PAGO,0b17011a-db1a-4f81-b66c-d44d1104daa1,2024-09-05,ERP_CORPORATIVO,TRANSACOES_FINANCEIRAS,6019,85ffbead0c797fbf5a5de52847c3e89d25da54c854aaaacc88d00a7e029220b6
TR-06461,2024-08-20,2024-08-01,LOG,1000029,RECEITA,"2.645,47","2.645,47",BRL,Manutenção estrutural vinculada à área LOG,3,CARTAO,PAGO,0b17011a-db1a-4f81-b66c-d44d1104daa1,2024-09-05,ERP_CORPORATIVO,TRANSACOES_FINANCEIRAS,6461,f2979be5b9c79af1b1db2b55fae37bc6df0f13c03ec22795a71d57c7ae0d4f28
TR-06462,07/08/24,2024-08-01,COMP,1000029,DESPESA,3042,3.042,BRL,Licença de software para área COMP,27,TED,CANCELADO,0b17011a-db1a-4f81-b66c-d44d1104daa1,2024-09-05,ERP_CORPORATIVO,TRANSACOES_FINANCEIRAS,6462,efb37cbcf5dac08451ff5f9d860ceaa2e797b231c43da3c40f7a5ed3df88ed56
TR-06463,2024-08-23,2024-08-01,COMP,1000029,RECEITA,2.867,"2.757,44",BRL,Serviços contábeis externos - COMP,25,PIX,ATRASADO,0b17011a-db1a-4f81-b66c-d44d1104daa1,2024-09-05,ERP_CORPORATIVO,TRANSACOES_FINANCEIRAS,6463,10f026d9d1e8a2d77a62b4d1f73ad77792acd9952f9fced6f995f65d3b63c592
TR-06464,08-26-2024,2024-08-01,CTB,1000029,DESPESA,"3.164,58","R$3164,58",BRL,Aquisição de material operacional - CTB,2,PIX,PAGO,0b17011a-db1a-4f81-b66c-d44d1104daa1,2024-09-05,ERP_CORPORATIVO,TRANSACOES_FINANCEIRAS,6464,7251a086c6f6ca8651b66d09a4dc7a17bb8b4ae8e29d40cd9ac45aab47941dbd
TR-06465,Aug 19 2024,2024-08-01,JUR,1000029,RECEITA,2744,"2.743,62",BRL,Licenciamento de software - JUR,5,BOLETO,PAGO,0b17011a-db1a-4f81-b66c-d44d1104daa1,2024-09-05,ERP_CORPORATIVO,TRANSACOES_FINANCEIRAS,6465,3256222936c093e89e79ee5ad661f7b85022874ace4b4d6ada5ee902b808a04f
TR-06466,19-08-2024,2024-08-01,RH,1000029,DESPESA,3066,3065.68,BRL,Serviços contábeis externos - RH,25,TRANSFERENCIA,PAGO,0b17011a-db1a-4f81-b66c-d44d1104daa1,2024-09-05,ERP_CORPORATIVO,TRANSACOES_FINANCEIRAS,6466,b9860c192e7afdc22030457343e1ffaec531cd3d3df369b08579712ce1493d17
TR-06467,14-08-2024,2024-08-01,COMP,1000029,DESPESA,3532,"3.531,93",BRL,Contrato de serviço - setor COMP,1,BOLETO,PAGO,0b17011a-db1a-4f81-b66c-d44d1104daa1,2024-09-05,ERP_CORPORATIVO,TRANSACOES_FINANCEIRAS,6467,7b848d01116636e463c48d8d7ed5a1c70a1380f8f9b05efe6ff95a3ec0d1b6d8
TR-06468,13/08/2024,2024-08-01,RH,1000029,RECEITA,5796.62,"5.760,61",BRL,Reparo de frota vinculado à área RH,17,BOLETO,ATRASADO,0b17011a-db1a-4f81-b66c-d44d1104daa1,2024-09-05,ERP_CORPORATIVO,TRANSACOES_FINANCEIRAS,6468,356cbef4ebd100dce8cf19a67cdf07bb119b3e90f8d1826ec872015add39079a
TR-06469,20-08-2024,2024-08-01,VND,1000029,DESPESA,"R$ 3.095,99","R$3095,99",BRL,Serviço especializado solicitado por VND,1,TED,PAGO,0b17011a-db1a-4f81-b66c-d44d1104daa1,2024-09-05,ERP_CORPORATIVO,TRANSACOES_FINANCEIRAS,6469,2608c192e34f5b98433cd52e33025ab34159b67e2fe4b30d19fa7d344d4663d1
TR-06470,Aug 08 2024,2024-08-01,RH,1000029,RECEITA,6746.01,"R$6613,60",BRL,Juros sobre operação financeira - RH,23,TRANSFERENCIA,PAGO,0b17011a-db1a-4f81-b66c-d44d1104daa1,2024-09-05,ERP_CORPORATIVO,TRANSACOES_FINANCEIRAS,6470,44b394c29262fbf93cab9b971b141e852794d4f5522c54f5d9696c6d5638b525
TR-06471,16/08/24,2024-08-01,OP,1000029,DESPESA,2.497,2.497,BRL,Comissão recebida por OP,33,BOLETO,PAGO,0b17011a-db1a-4f81-b66c-d44d1104daa1,2024-09-05,ERP_CORPORATIVO,TRANSACOES_FINANCEIRAS,6471,de9379cb0b5424f54e99939c80a8c7110d4175b89fe330dcfe99b7d8266902da
TR-06472,08-15-2024,2024-08-01,PJT,1000029,RECEITA,2715,2604.82,BRL,Licença de software para área PJT,27,BOLETO,ATRASADO,0b17011a-db1a-4f81-b66c-d44d1104daa1,2024-09-05,ERP_CORPORATIVO,TRANSACOES_FINANCEIRAS,6472,ab8763e3acda2bbf9fec5bd8ac16aeed73da5b3c3aa5f90630207e2cfb807bfb
TR-06473,19/08/24,2024-08-01,RH,1000029,RECEITA,2805,"2.733,73",BRL,Manutenção predial solicitada por RH,10,BOLETO,PAGO,0b17011a-db1a-4f81-b66c-d44d1104daa1,2024-09-05,ERP_CORPORATIVO,TRANSACOES_FINANCEIRAS,6473,141e10dca9c7a6dd96b657e31b1f79f7cb6a1deeddb76d9de2d5d72cb78d28fd
TR-06474,Aug 22 2024,2024-08-01,FIN,1000029,DESPESA,"R$2712,11","R$ 2.712,11",BRL,Abastecimento de veículos - FIN,16,CARTAO,PAGO,0b17011a-db1a-4f81-b66c-d44d1104daa1,2024-09-05,ERP_CORPORATIVO,TRANSACOES_FINANCEIRAS,6474,b141f9a214f5ae98707302830c27ac98a9050186db262a915ec75b59e5c7f03b
TR-06475,19/08/2024,2024-08-01,CPT,1000029,DESPESA,"R$2691,87","R$2691,87",BRL,Serviço de tecnologia contratado por CPT,5,PIX,PAGO,0b17011a-db1a-4f81-b66c-d44d1104daa1,2024-09-05,ERP_CORPORATIVO,TRANSACOES_FINANCEIRAS,6475,ea530d8f60f50fcadc08bf5e3e6a088f02354a79e907f6f0de0ada2af4e33bcc
TR-06603,13/08/24,2024-08-01,ESG,1000030,DESPESA,"R$6263,76",6263.76,BRL,Manutenção estrutural vinculada à área ESG,3,BOLETO,PAGO,0b17011a-db1a-4f81-b66c-d44d1104daa1,2024-09-05,ERP_CORPORATIVO,TRANSACOES_FINANCEIRAS,6603,d6d6292b068320607d361c9b05ed492cb90395a779827402dfb9777be4be0715
TR-06604,08-09-2024,2024-08-01,RH,1000030,RECEITA,8.472,8472,BRL,Resultado de equivalência patrimonial - RH,34,BOLETO,PAGO,0b17011a-db1a-4f81-b66c-d44d1104daa1,2024-09-05,ERP_CORPORATIVO,TRANSACOES_FINANCEIRAS,6604,f22daba4e50fa05a811ab2376d1a033d4a146a94f17bfdb042381497a2c66984
TR-06605,21/08/24,2024-08-01,SEC,1000030,RECEITA,"5.863,65","R$ 5.863,65",BRL,Serviço relacionado a recursos humanos (SEC),6,TRANSFERENCIA,PAGO,0b17011a-db1a-4f81-b66c-d44d1104daa1,2024-09-05,ERP_CORPORATIVO,TRANSACOES_FINANCEIRAS,6605,8d5a04fa9110ca3ea7b8a3a9e87b61587374a5c64ac6b7622ffabcddabaaa0a5
TR-06606,05/08/24,2024-08-01,ADM,1000030,RECEITA,6805.65,6.806,BRL,Prestação de serviço para área ADM,1,CARTAO,PAGO,0b17011a-db1a-4f81-b66c-d44d1104daa1,2024-09-05,ERP_CORPORATIVO,TRANSACOES_FINANCEIRAS,6606,71ff5a1b8466bcdd19104fd6b50185a5654d9d69de3ba1fde5f3deccfbe37d16
TR-06607,12/08/24,2024-08-01,JUR,1000030,RECEITA,13.870,"R$13870,23",USD,Compra de insumos para setor JUR,2,PIX,PAGO,0b17011a-db1a-4f81-b66c-d44d1104daa1,2024-09-05,ERP_CORPORATIVO,TRANSACOES_FINANCEIRAS,6607,c371b7880c5ce6a3d26dc508f81e33d06665fd0c5e1ce4fc542ec5a5a36443bd
TR-06608,08-22-2024,2024-08-01,CPT,1000030,RECEITA,"6.643,75","R$6643,75",BRL,Treinamento corporativo para equipe CPT,30,PIX,PAGO,0b17011a-db1a-4f81-b66c-d44d1104daa1,2024-09-05,ERP_CORPORATIVO,TRANSACOES_FINANCEIRAS,6608,2bda5e96b3649d5abe5f18df68d4591b17d48beae97f60e6368d6ca53061061e
TR-06609,19/08/2024,2024-08-01,FIN,1000030,DESPESA,5.835,5835,BRL,Honorários profissionais contratados por FIN,11,TED,PAGO,0b17011a-db1a-4f81-b66c-d44d1104daa1,2024-09-05,ERP_CORPORATIVO,TRANSACOES_FINANCEIRAS,6609,41d819032329c1a927cdb456acf0f153ef79f292cd6320a8c91b0133145e90ea
TR-06610,14/08/2024,2024-08-01,RH,1000030,DESPESA,"7.166,19",7166.19,BRL,Serviço de tecnologia contratado por RH,5,TRANSFERENCIA,PAGO,0b17011a-db1a-4f81-b66c-d44d1104daa1,2024-09-05,ERP_CORPORATIVO,TRANSACOES_FINANCEIRAS,6610,1b4901a03b55ee753df541832182014cf84c6c8a710f601f92f7a6e6dcd72b44
TR-06611,12/08/24,2024-08-01,VND,1000030,DESPESA,"7.030,04",7.030,BRL,Custo operacional associado a VND,8,CARTAO,PAGO,0b17011a-db1a-4f81-b66c-d44d1104daa1,2024-09-05,ERP_CORPORATIVO,TRANSACOES_FINANCEIRAS,6611,7dbbc5251d51a04df616fca1d7f83b866a9da67fcc206dbd7a9506dbfc9f67f5
TR-06612,12-08-2024,2024-08-01,VND,1000030,RECEITA,6.596,6596.45,BRL,Diária de hotel para equipe VND,19,TRANSFERENCIA,PAGO,0b17011a-db1a-4f81-b66c-d44d1104daa1,2024-09-05,ERP_CORPORATIVO,TRANSACOES_FINANCEIRAS,6612,705f357f7d8b53596b9a49b64ebe69989d73cb75c4bd4fe32668b3994fbb8162
TR-06613,2024/08/19,2024-08-01,ESG,1000030,RECEITA,"R$ 5.585,85","R$5463,50",BRL,Serviço de tecnologia contratado por ESG,5,BOLETO,ATRASADO,0b17011a-db1a-4f81-b66c-d44d1104daa1,2024-09-05,ERP_CORPORATIVO,TRANSACOES_FINANCEIRAS,6613,a27626b6c2a9eb0a0bf2b24b6471b78045299e915263d9da85dfd9a6599effe0
TR-06614,2024-08-19,2024-08-01,ESG,1000030,DESPESA,6.386,6078.34,BRL,Serviço de tecnologia contratado por ESG,5,TED,PAGO,0b17011a-db1a-4f81-b66c-d44d1104daa1,2024-09-05,ERP_CORPORATIVO,TRANSACOES_FINANCEIRAS,6614,c69266796ddde1387a7cc7eeefdb67706f9a23dcdae15d4625124fe61b484677
TR-06877,2024/08/15,2024-08-01,COM,ACC-00034,RECEITA,"R$6527,85","6.527,85",BRL,Abastecimento de veículos - COM,16,PIX,PAGO,0b17011a-db1a-4f81-b66c-d44d1104daa1,2024-09-05,ERP_CORPORATIVO,TRANSACOES_FINANCEIRAS,6877,b1e0c26992f17b5a0d6475de2f693df5639fa2681ff5bc845f114500f77a4c0f
TR-06878,19/08/2024,2024-08-01,OP,ACC-00034,DESPESA,7.185,7.185,BRL,Campanha institucional - OP,4,BOLETO,PAGO,0b17011a-db1a-4f81-b66c-d44d1104daa1,2024-09-05,ERP_CORPORATIVO,TRANSACOES_FINANCEIRAS,6878,84cbfdeab83f8c9de6d217cbfe38221d158f42c36d1e0e39573954f99b42bb6d
TR-06879,08-16-2024,2024-08-01,ESG,ACC-00034,DESPESA,7.094,6859,BRL,Investimento em marketing corporativo (ESG),4,PIX,PAGO,0b17011a-db1a-4f81-b66c-d44d1104daa1,2024-09-05,ERP_CORPORATIVO,TRANSACOES_FINANCEIRAS,6879,ea6655a5cc79004559162fc73a86d1be449dd9e8f312ffbcf1227291a8e188b6
TR-06880,Aug 14 2024,2024-08-01,VND,ACC-00034,DESPESA,"R$ 10.711,11","10.711,11",BRL,Serviço de tecnologia contratado por VND,5,TED,PAGO,0b17011a-db1a-4f81-b66c-d44d1104daa1,2024-09-05,ERP_CORPORATIVO,TRANSACOES_FINANCEIRAS,6880,fb41c9a1eb5fafad2b3540a839d8ff04ab94c66fb5cc8fed8b4e9e8b96638163
TR-06881,05-08-2024,2024-08-01,MKT,ACC-00034,DESPESA,7484,7347.15,BRL,Seguro contratado pela área MKT,21,CARTAO,PAGO,0b17011a-db1a-4f81-b66c-d44d1104daa1,2024-09-05,ERP_CORPORATIVO,TRANSACOES_FINANCEIRAS,6881,e115f2c872e40fffa2868cda04cf8b966510f9a1a07ebfa25658b9cdc546fce9
TR-07001,14/08/2024,2024-08-01,MKT,1000036,RECEITA,"R$ 2.743,83",2743.83,BRL,Promoção e atividade externa - MKT,14,TRANSFERENCIA,PAGO,0b17011a-db1a-4f81-b66c-d44d1104daa1,2024-09-05,ERP_CORPORATIVO,TRANSACOES_FINANCEIRAS,7001,0b66c38b1b8fea93dbca975b915a57deda198560a2f84fab2404e7823013dcdd
TR-07002,15-08-2024,2024-08-01,RH,1000036,DESPESA,"3.018,00","2.892,19",BRL,Serviço de telefonia e internet - RH,9,BOLETO,PAGO,0b17011a-db1a-4f81-b66c-d44d1104daa1,2024-09-05,ERP_CORPORATIVO,TRANSACOES_FINANCEIRAS,7002,8fd405d6e268bd5d5d13e8e42a23b5da25455cc2c0a2a045d400347cd634bb61
TR-07003,09/08/24,2024-08-01,TI,1000036,DESPESA,2.836,2836.33,BRL,Contrato de serviço - setor TI,1,TED,CANCELADO,0b17011a-db1a-4f81-b66c-d44d1104daa1,2024-09-05,ERP_CORPORATIVO,TRANSACOES_FINANCEIRAS,7003,703de8dd129480411e5ff21d3a0d98a417aebd3e50a3732b6db6b7b1b146b493
TR-07004,2024-08-26,2024-08-01,ADM,1000036,DESPESA,2802,2802,BRL,Seguro contratado pela área ADM,21,TRANSFERENCIA,PAGO,0b17011a-db1a-4f81-b66c-d44d1104daa1,2024-09-05,ERP_CORPORATIVO,TRANSACOES_FINANCEIRAS,7004,1553ff1b7b5691df3c6c20cfd7007129accca8db425d74dda81544c57d23f95a
TR-07005,2024/08/08,2024-08-01,OP,1000036,RECEITA,2140.93,2141,BRL,Despesa de refeição em deslocamento (OP),20,TED,PAGO,0b17011a-db1a-4f81-b66c-d44d1104daa1,2024-09-05,ERP_CORPORATIVO,TRANSACOES_FINANCEIRAS,7005,2db52717c5e3fb2dda096af3f9e77be96328ff82ae6e9613046d3ccdb2b1e533
TR-07006,07/08/2024,2024-08-01,PJT,1000036,DESPESA,2734,2.734,BRL,Treinamento corporativo para equipe PJT,30,PIX,PAGO,0b17011a-db1a-4f81-b66c-d44d1104daa1,2024-09-05,ERP_CORPORATIVO,TRANSACOES_FINANCEIRAS,7006,f4b0f64a1170e57ef6b5ae1f7c5223893e490fc62450df4a49603db80f70ed1e
TR-07007,08-12-2024,2024-08-01,MKT,1000036,RECEITA,"R$ 2.736,28",2736.28,BRL,Despesa de RH - MKT,6,BOLETO,ATRASADO,0b17011a-db1a-4f81-b66c-d44d1104daa1,2024-09-05,ERP_CORPORATIVO,TRANSACOES_FINANCEIRAS,7007,ebc2265d0d87344da55eb0575f3fd953530e7faf8b0dcf56e0e546f8e7854917
TR-07008,06/08/24,2024-08-01,OP,1000036,DESPESA,2954,"R$2954,25",BRL,Receita de aluguel creditada em OP,31,TED,PAGO,0b17011a-db1a-4f81-b66c-d44d1104daa1,2024-09-05,ERP_CORPORATIVO,TRANSACOES_FINANCEIRAS,7008,91499017f25bea55876058c0030db6f1f1ecd2d51031c876d1dedd56cc98a975
TR-07009,08-13-2024,2024-08-01,CTB,1000036,DESPESA,2.498,"R$ 2.497,54",BRL,Licenciamento de software - CTB,5,BOLETO,PAGO,0b17011a-db1a-4f81-b66c-d44d1104daa1,2024-09-05,ERP_CORPORATIVO,TRANSACOES_FINANCEIRAS,7009,e69fd9db9fc4f394a1b8df9f56797042efeae4b3b986d1dbf108229f4007c687
TR-07010,12/08/24,2024-08-01,COM,1000036,RECEITA,3016.46,2.890,BRL,Certificado digital adquirido por COM,26,PIX,PAGO,0b17011a-db1a-4f81-b66c-d44d1104daa1,2024-09-05,ERP_CORPORATIVO,TRANSACOES_FINANCEIRAS,7010,7489d0e86fd50300f447b7b5cb8d89f63b94785f9b182f5a6a56f7b8da47f4c2
TR-07011,2024/08/15,2024-08-01,VND,1000036,RECEITA,"2.638,42",2531,BRL,Taxas bancárias incidentes em VND,22,BOLETO,PAGO,0b17011a-db1a-4f81-b66c-d44d1104daa1,2024-09-05,ERP_CORPORATIVO,TRANSACOES_FINANCEIRAS,7011,c2d9b17e6b4323173e4dd5b0db873c884d34a89b79a80e350d21525d32d835e2
TR-07012,08-16-2024,2024-08-01,PES,1000036,DESPESA,2694.43,2.694,BRL,Custo operacional associado a PES,8,CARTAO,PAGO,0b17011a-db1a-4f81-b66c-d44d1104daa1,2024-09-05,ERP_CORPORATIVO,TRANSACOES_FINANCEIRAS,7012,9b625d9ecff5a4468971654a829e1a25a916db90e723b4528c1366c25f64d306
TR-07013,08-15-2024,2024-08-01,CTB,1000036,RECEITA,2927,2927,BRL,Serviço de tecnologia contratado por CTB,5,CARTAO,PAGO,0b17011a-db1a-4f81-b66c-d44d1104daa1,2024-09-05,ERP_CORPORATIVO,TRANSACOES_FINANCEIRAS,7013,06157b87d93d6ffc9914d5e4374262ed8d46d086cd34eb1b5343bb904ab1364b
TR-07014,23/08/2024,2024-08-01,RH,1000036,DESPESA,2.465,"R$2358,84",BRL,Direitos de propriedade intelectual - RH,32,TED,PAGO,0b17011a-db1a-4f81-b66c-d44d1104daa1,2024-09-05,ERP_CORPORATIVO,TRANSACOES_FINANCEIRAS,7014,93f70e29bfc42f4fe1b92603eab1c792d54bee3a72f008a972dcf5585b474d90
TR-07217,2024-08-08,2024-08-01,PJT,ACC-00038,DESPESA,4.126,"R$4125,86",BRL,Certificado digital adquirido por PJT,26,PIX,PAGO,0b17011a-db1a-4f81-b66c-d44d1104daa1,2024-09-05,ERP_CORPORATIVO,TRANSACOES_FINANCEIRAS,7217,712d0dc100605295fd1e17c5eddf72a753e40d56ca8842fb5028a45030bfbffc
TR-07218,08-13-2024,2024-08-01,QAS,ACC-00038,DESPESA,"R$5219,75","R$5219,75",BRL,Prestação de serviço para área QAS,1,BOLETO,PAGO,0b17011a-db1a-4f81-b66c-d44d1104daa1,2024-09-05,ERP_CORPORATIVO,TRANSACOES_FINANCEIRAS,7218,33cbf69b628a3049c187767153a4036e0c640283652989a29c5c8e5379ed98be
TR-07219,19/08/24,2024-08-01,FIN,ACC-00038,DESPESA,4.076,4076.46,BRL,Venda de ativo imobilizado por FIN,35,TRANSFERENCIA,PAGO,0b17011a-db1a-4f81-b66c-d44d1104daa1,2024-09-05,ERP_CORPORATIVO,TRANSACOES_FINANCEIRAS,7219,01c2f06596f939fec0939ef97add589e5e152c183a3c888416778ceb5178a6c0
TR-07220,2024-08-20,2024-08-01,COM,ACC-00038,RECEITA,4165,"R$ 4.164,62",BRL,Campanha institucional - COM,4,BOLETO,PAGO,0b17011a-db1a-4f81-b66c-d44d1104daa1,2024-09-05,ERP_CORPORATIVO,TRANSACOES_FINANCEIRAS,7220,10b4e51be42c705e9582bb5bcc8218f43656a8d0eb6fb5473089f1466a4a6ddd
TR-07221,Aug 15 2024,2024-08-01,JUR,ACC-00038,RECEITA,2143.75,"R$ 2.143,75",BRL,Licenciamento de software - JUR,5,BOLETO,PAGO,0b17011a-db1a-4f81-b66c-d44d1104daa1,2024-09-05,ERP_CORPORATIVO,TRANSACOES_FINANCEIRAS,7221,091ca26a271c9db0f448132bcbbb4f53c9adabaeb467b8224b1d7ab7466acb87
TR-07222,2024-08-02,2024-08-01,FIN,ACC-00038,DESPESA,4057,3963,BRL,Contrato de consultoria externa - FIN,12,TED,PAGO,0b17011a-db1a-4f81-b66c-d44d1104daa1,2024-09-05,ERP_CORPORATIVO,TRANSACOES_FINANCEIRAS,7222,cee155cc9de42a3907be36d65b5da16da6a05811bbf468ec45fc7f3ba3b09a8a
TR-07359,14-08-2024,2024-08-01,ADM,FORN-00039,DESPESA,"R$1983,37","R$ 1.983,37",BRL,Despesa operacional - ADM,8,TRANSFERENCIA,PAGO,0b17011a-db1a-4f81-b66c-d44d1104daa1,2024-09-05,ERP_CORPORATIVO,TRANSACOES_FINANCEIRAS,7359,5b498132e2f65bb83aa5a33134ec4829a2d8067abda4239d740ca41c2fded26f
TR-07360,2024/08/19,2024-08-01,RH,FORN-00039,RECEITA,"R$ 2.078,08",2004,BRL,Serviço de tecnologia contratado por RH,5,CARTAO,ATRASADO,0b17011a-db1a-4f81-b66c-d44d1104daa1,2024-09-05,ERP_CORPORATIVO,TRANSACOES_FINANCEIRAS,7360,06bce5bdbba77f24051add428c8e7800d84165e77bad6b3923861a93becc0e9b
TR-07361,19/08/24,2024-08-01,OP,FORN-00039,DESPESA,1120.07,1.078,BRL,Assessoria legal vinculada à área OP,7,TRANSFERENCIA,PAGO,0b17011a-db1a-4f81-b66c-d44d1104daa1,2024-09-05,ERP_CORPORATIVO,TRANSACOES_FINANCEIRAS,7361,bce9a205fbe65e9d5968e802075ec8b9a7ea5c9eca63957385922bdd105d8030
TR-07362,08-15-2024,2024-08-01,COM,FORN-00039,RECEITA,1807.02,"R$ 1.730,22",BRL,Custo operacional associado a COM,8,CARTAO,ATRASADO,0b17011a-db1a-4f81-b66c-d44d1104daa1,2024-09-05,ERP_CORPORATIVO,TRANSACOES_FINANCEIRAS,7362,ef886f50f58cd3df6530662c2775268ebd098d862aa67aa241b807bf45860b2d
TR-07363,2024/08/22,2024-08-01,VND,FORN-00039,DESPESA,"R$1639,75",1.640,BRL,Compra de insumos para setor VND,2,PIX,ATRASADO,0b17011a-db1a-4f81-b66c-d44d1104daa1,2024-09-05,ERP_CORPORATIVO,TRANSACOES_FINANCEIRAS,7363,44d35e5a05ee4ed701100e3408e79a0e006e551986270f32468072e8ac318ad1
TR-07364,26-08-2024,2024-08-01,MKT,FORN-00039,DESPESA,2196,"R$ 2.196,32",BRL,Publicidade institucional - MKT,13,TRANSFERENCIA,ATRASADO,0b17011a-db1a-4f81-b66c-d44d1104daa1,2024-09-05,ERP_CORPORATIVO,TRANSACOES_FINANCEIRAS,7364,9494e58822d295253e5d39aa45ec6e39fb095b35e82e48571135f5db50fccd0d
TR-07365,2024-08-19,2024-08-01,COM,FORN-00039,DESPESA,"2.139,79",2106.73,BRL,Compra de insumos para setor COM,2,PIX,PAGO,0b17011a-db1a-4f81-b66c-d44d1104daa1,2024-09-05,ERP_CORPORATIVO,TRANSACOES_FINANCEIRAS,7365,079acab87abef4ed89d45965284a24e375fb36dfb0d0c78030e1783b625b2780
TR-07366,08-09-2024,2024-08-01,JUR,FORN-00039,DESPESA,1840,1840,BRL,Contrato de serviço - setor JUR,1,TRANSFERENCIA,PAGO,0b17011a-db1a-4f81-b66c-d44d1104daa1,2024-09-05,ERP_CORPORATIVO,TRANSACOES_FINANCEIRAS,7366,bf9a819e54a6d9707004b0e51c19abe1f87c82dfbdbb70f1085cc3c6fd15274e
TR-07367,09/08/2024,2024-08-01,FIN,FORN-00039,DESPESA,"R$2204,31",2204.31,BRL,Contrato de consultoria externa - FIN,12,TED,PAGO,0b17011a-db1a-4f81-b66c-d44d1104daa1,2024-09-05,ERP_CORPORATIVO,TRANSACOES_FINANCEIRAS,7367,b107b97f3db14209eb658140aea4cf8f00e884f14ac93b8b526384cb7940542d
TR-07368,2024-08-30,2024-08-01,LOG,FORN-00039,DESPESA,2204,2203.91,BRL,Atendimento de TI requisitado por LOG,29,TED,PAGO,0b17011a-db1a-4f81-b66c-d44d1104daa1,2024-09-05,ERP_CORPORATIVO,TRANSACOES_FINANCEIRAS,7368,ea614b20c68f3e4876ae3b2f8aabfadd897fd1500fb366fd98a1811a3134c6a1
TR-07369,2024/08/15,2024-08-01,ADM,FORN-00039,RECEITA,2047.39,2.047,BRL,Despesa operacional - ADM,8,TED,ATRASADO,0b17011a-db1a-4f81-b66c-d44d1104daa1,2024-09-05,ERP_CORPORATIVO,TRANSACOES_FINANCEIRAS,7369,47fe0698ebeeb9d590b352896be9d14e4a9688c77109107fc44eb199d564f82c
TR-07370,19/08/24,2024-08-01,JUR,FORN-00039,DESPESA,2566.96,2536.41,BRL,Licenciamento de software - JUR,5,TRANSFERENCIA,ATRASADO,0b17011a-db1a-4f81-b66c-d44d1104daa1,2024-09-05,ERP_CORPORATIVO,TRANSACOES_FINANCEIRAS,7370,c24d41e5cc81a46cf783f46f0d433db6fe3410995de3c004a4ef008a9a194f35
TR-07371,15-08-2024,2024-08-01,ADM,FORN-00039,DESPESA,"R$2395,78","R$2395,78",BRL,Compra de insumos para setor ADM,2,PIX,ATRASADO,0b17011a-db1a-4f81-b66c-d44d1104daa1,2024-09-05,ERP_CORPORATIVO,TRANSACOES_FINANCEIRAS,7371,7fa64770db10ff8481678cbcab134ce052e005fcafb027948c5cfa2f0015b440
TR-07372,19/08/2024,2024-08-01,OP,FORN-00039,DESPESA,"2.027,65","2.027,65",BRL,Prestação de serviço para área OP,1,BOLETO,PAGO,0b17011a-db1a-4f81-b66c-d44d1104daa1,2024-09-05,ERP_CORPORATIVO,TRANSACOES_FINANCEIRAS,7372,64b2140ab013a0fec2fe7b3ad08b498537f9d130a11c0f80c7930127871973d9
TR-07373,08-14-2024,2024-08-01,COMP,FORN-00039,DESPESA,2031,"R$ 2.031,44",BRL,Compra de insumos para setor COMP,2,TED,PAGO,0b17011a-db1a-4f81-b66c-d44d1104daa1,2024-09-05,ERP_CORPORATIVO,TRANSACOES_FINANCEIRAS,7373,b2d8f4a64e715515555047f8f13c4b303fd5665b8dea80232614ffa4377a6049
TR-07374,Aug 23 2024,2024-08-01,COMP,FORN-00039,DESPESA,"R$1823,94",1823.94,BRL,Receita eventual registrada em COMP,37,CARTAO,PAGO,0b17011a-db1a-4f81-b66c-d44d1104daa1,2024-09-05,ERP_CORPORATIVO,TRANSACOES_FINANCEIRAS,7374,560f148963b1e95cbfa1eef114be4575981dd8e772855362115a0329fc48bce8
TR-07956,12-08-2024,2024-08-01,JUR,1000040,DESPESA,8298,8298.09,BRL,Serviço relacionado a recursos humanos (JUR),6,TRANSFERENCIA,PAGO,0b17011a-db1a-4f81-b66c-d44d1104daa1,2024-09-05,ERP_CORPORATIVO,TRANSACOES_FINANCEIRAS,7956,de0c3b47670b5687b3bd20ff23e3b32af8761c681d4fd460205b21c6aded7f04
TR-07957,08-08-2024,2024-08-01,LOG,1000040,DESPESA,"R$5600,11",5.600,BRL,Venda de ativo imobilizado por LOG,35,TED,PAGO,0b17011a-db1a-4f81-b66c-d44d1104daa1,2024-09-05,ERP_CORPORATIVO,TRANSACOES_FINANCEIRAS,7957,392dffa9d32c7bae4c6682aa05e724321b95ec35f1f029e3ef3a9bdd3f003f77
TR-07958,2024-08-05,2024-08-01,FIN,1000040,RECEITA,"2.035,50",2036,EUR,Serviço técnico especializado para FIN,11,PIX,CANCELADO,0b17011a-db1a-4f81-b66c-d44d1104daa1,2024-09-05,ERP_CORPORATIVO,TRANSACOES_FINANCEIRAS,7958,271f7fa69ecbd82332be8a56267c8060b3349f648ebc3df37f1774d2cc6734f9
TR-07959,02/08/24,2024-08-01,CPT,1000040,DESPESA,"5.489,59",5489.59,BRL,Custo operacional associado a CPT,8,BOLETO,PAGO,0b17011a-db1a-4f81-b66c-d44d1104daa1,2024-09-05,ERP_CORPORATIVO,TRANSACOES_FINANCEIRAS,7959,df6d0778fb39f53a44baca136b8982e3c4bddbc2f4d044637454a6e7730b20f9
TR-07960,Aug 16 2024,2024-08-01,PRD,1000040,DESPESA,1927,1927,BRL,Imposto sobre venda apurado em PRD,40,TRANSFERENCIA,PAGO,0b17011a-db1a-4f81-b66c-d44d1104daa1,2024-09-05,ERP_CORPORATIVO,TRANSACOES_FINANCEIRAS,7960,d496c4399d1c61997b29ddfd9d64be70bf5838de321f8d492161b0a84e32d028
TR-07961,23-08-2024,2024-08-01,OP,1000040,RECEITA,"5.064,54",5064.54,BRL,Recebimento de subvenção - OP,36,PIX,ATRASADO,0b17011a-db1a-4f81-b66c-d44d1104daa1,2024-09-05,ERP_CORPORATIVO,TRANSACOES_FINANCEIRAS,7961,a7c66bed292b785c2150f5de54feb01fb6209f4d0fabf68ce228199e7281f086
TR-07962,12/08/2024,2024-08-01,RH,1000040,RECEITA,5.065,4.830,BRL,Tarifas de serviços financeiros - RH,22,PIX,ATRASADO,0b17011a-db1a-4f81-b66c-d44d1104daa1,2024-09-05,ERP_CORPORATIVO,TRANSACOES_FINANCEIRAS,7962,0c65fcb8ffd1f619b01ea181b0d542facb09c1f0021f67cae2c03f360fa323e1
TR-07963,2024-08-06,2024-08-01,TI,1000040,RECEITA,"R$ 4.638,65",4638.65,BRL,Assessoria legal vinculada à área TI,7,PIX,PAGO,0b17011a-db1a-4f81-b66c-d44d1104daa1,2024-09-05,ERP_CORPORATIVO,TRANSACOES_FINANCEIRAS,7963,56f416dacaae81bc746ad747ade6a17902f82c6e3af1e3420747e91acc857552
TR-07964,15/08/24,2024-08-01,OP,1000040,RECEITA,"R$4537,09","4.537,09",BRL,Honorários jurídicos - OP,7,PIX,ATRASADO,0b17011a-db1a-4f81-b66c-d44d1104daa1,2024-09-05,ERP_CORPORATIVO,TRANSACOES_FINANCEIRAS,7964,24112c033a1e67cb6599f89d69f7a7bbb4307ade1c322b3eedc05c3340e150d9
TR-07965,2024-08-15,2024-08-01,TI,1000040,DESPESA,"R$ 4.668,42","4.668,42",BRL,Compra de insumos para setor TI,2,PIX,ATRASADO,0b17011a-db1a-4f81-b66c-d44d1104daa1,2024-09-05,ERP_CORPORATIVO,TRANSACOES_FINANCEIRAS,7965,1dde8a39b09b91cf1d7db71be43c023414a207311f6fa2fbfe52b5242ec8985a
TR-07966,19/08/2024,2024-08-01,FIN,1000040,RECEITA,"R$4177,64","R$4177,64",BRL,Custo operacional associado a FIN,8,TED,PAGO,0b17011a-db1a-4f81-b66c-d44d1104daa1,2024-09-05,ERP_CORPORATIVO,TRANSACOES_FINANCEIRAS,7966,b33a23af38688ce24f9f94416b67185ab9cb0c4485f034217b8183b590961179
TR-07967,08-09-2024,2024-08-01,FIN,1000040,RECEITA,4613,4.405,BRL,Serviço de tecnologia contratado por FIN,5,BOLETO,PAGO,0b17011a-db1a-4f81-b66c-d44d1104daa1,2024-09-05,ERP_CORPORATIVO,TRANSACOES_FINANCEIRAS,7967,12af7f1934ad42dcf20841429d1f059ac655478370437ef2499e10d51a524207
TR-07968,2024/08/22,2024-08-01,OP,1000040,RECEITA,"R$ 4.514,34","R$4514,34",BRL,Despesa operacional - OP,8,TED,PAGO,0b17011a-db1a-4f81-b66c-d44d1104daa1,2024-09-05,ERP_CORPORATIVO,TRANSACOES_FINANCEIRAS,7968,8c393c744e428ccf7a80f7c0cb4056dc3cf5114f26264e6b54fac02d3a917eb2
TR-08153,26/08/2024,2024-08-01,OP,FORN-00042,DESPESA,4.152,"R$ 3.951,04",BRL,Combustível e lubrificantes para frota (OP),16,CARTAO,PAGO,0b17011a-db1a-4f81-b66c-d44d1104daa1,2024-09-05,ERP_CORPORATIVO,TRANSACOES_FINANCEIRAS,8153,16c96752c7978714b316848c4a200fc50e7067307ed4cb4a42e4b57b21e5435f
TR-08154,2024/08/12,2024-08-01,COMP,FORN-00042,RECEITA,"R$ 3.985,35","3.985,35",BRL,Manutenção estrutural vinculada à área COMP,3,BOLETO,PAGO,0b17011a-db1a-4f81-b66c-d44d1104daa1,2024-09-05,ERP_CORPORATIVO,TRANSACOES_FINANCEIRAS,8154,86ed6add897b2cad910c6946413b055697855c691422f67da82e1241a3ccf634
TR-08155,22/08/24,2024-08-01,COMP,FORN-00042,RECEITA,4.342,"R$4342,46",BRL,Contrato de serviço - setor COMP,1,TRANSFERENCIA,PAGO,0b17011a-db1a-4f81-b66c-d44d1104daa1,2024-09-05,ERP_CORPORATIVO,TRANSACOES_FINANCEIRAS,8155,e922b2c3c0194d932a4a61a20b50a2f019094a5336905e428aa2c7b64df63332
TR-08156,2024-08-19,2024-08-01,COMP,FORN-00042,RECEITA,"R$4203,59",4.204,EUR,Prestação de serviço para área COMP,1,CARTAO,PAGO,0b17011a-db1a-4f81-b66c-d44d1104daa1,2024-09-05,ERP_CORPORATIVO,TRANSACOES_FINANCEIRAS,8156,bc17ded11439e9733bbd9ec5b32a272d6c0bc14a98e3a9d2e33ca472ec08ec1c
TR-08218,Aug 23 2024,2024-08-01,COMP,1000042,DESPESA,"R$4551,16","4.551,16",BRL,Investimento em marketing corporativo (COMP),4,TED,PAGO,0b17011a-db1a-4f81-b66c-d44d1104daa1,2024-09-05,ERP_CORPORATIVO,TRANSACOES_FINANCEIRAS,8218,dc3a091e107b475643666df143e06996d95d03827b6969f35277c805c08e79f7
TR-08219,08-26-2024,2024-08-01,MKT,1000042,DESPESA,4.742,"R$4673,72",BRL,Desconto concedido em operação de MKT,38,TED,PAGO,0b17011a-db1a-4f81-b66c-d44d1104daa1,2024-09-05,ERP_CORPORATIVO,TRANSACOES_FINANCEIRAS,8219,e605660c6ed8bb568194e501eeb7ee470f04774ad79d198b45481d147e98922c
TR-08220,21-08-2024,2024-08-01,FIN,1000042,RECEITA,"R$ 3.999,51",4000,BRL,Prestação de serviço para área FIN,1,BOLETO,ATRASADO,0b17011a-db1a-4f81-b66c-d44d1104daa1,2024-09-05,ERP_CORPORATIVO,TRANSACOES_FINANCEIRAS,8220,110750994d3645a7e4f44b58cf4835ea5e1c87de6dbca06f3c2070f5390e908d
TR-08221,29/08/24,2024-08-01,FIN,1000042,RECEITA,3.810,3810,BRL,Contrato de serviço - setor FIN,1,BOLETO,PAGO,0b17011a-db1a-4f81-b66c-d44d1104daa1,2024-09-05,ERP_CORPORATIVO,TRANSACOES_FINANCEIRAS,8221,d3085f1c935f65644296a7834a0a8e052bf6903a7c4827d7e57fe11527927263
TR-08452,2024/08/06,2024-08-01,OP,FORN-00044,RECEITA,2805,"R$2728,47",USD,Despesa operacional - OP,8,TRANSFERENCIA,PAGO,0b17011a-db1a-4f81-b66c-d44d1104daa1,2024-09-05,ERP_CORPORATIVO,TRANSACOES_FINANCEIRAS,8452,c918112fd8e9b92700025dde429f0cc03880397270d277a2980408003c5043e8
TR-08453,26/08/2024,2024-08-01,VND,FORN-00044,RECEITA,2723,"R$ 2.604,17",BRL,Licença de software para área VND,27,PIX,PAGO,0b17011a-db1a-4f81-b66c-d44d1104daa1,2024-09-05,ERP_CORPORATIVO,TRANSACOES_FINANCEIRAS,8453,02e0ab9ca35a88be4ca5a8ca7df3acffe9ab77d78f01c45106ace43676343287
TR-08454,Aug 12 2024,2024-08-01,CTB,FORN-00044,DESPESA,"R$ 3.014,36",3.014,BRL,Aquisição de material operacional - CTB,2,BOLETO,PAGO,0b17011a-db1a-4f81-b66c-d44d1104daa1,2024-09-05,ERP_CORPORATIVO,TRANSACOES_FINANCEIRAS,8454,192459b3ea5d459f82ac5e7f0ccdb9cb04dd9d4c0f6e30a298b775056a6ea326
TR-08455,08-02-2024,2024-08-01,FIN,FORN-00044,RECEITA,"R$2822,36",2822,BRL,Investimento em marketing corporativo (FIN),4,PIX,PAGO,0b17011a-db1a-4f81-b66c-d44d1104daa1,2024-09-05,ERP_CORPORATIVO,TRANSACOES_FINANCEIRAS,8455,0bdf1a4cdc6cd67dd2b9256e7c387c90400214fc0f1d16168c4f1849d4ae63a0
TR-08456,26/08/24,2024-08-01,COM,FORN-00044,RECEITA,2.387,2.387,BRL,Investimento em marketing corporativo (COM),4,PIX,PAGO,0b17011a-db1a-4f81-b66c-d44d1104daa1,2024-09-05,ERP_CORPORATIVO,TRANSACOES_FINANCEIRAS,8456,467e2818e51db16eb726062a441968863e315ed43c47cc64425c1ed121050b27
TR-08457,2024/08/12,2024-08-01,TI,FORN-00044,RECEITA,2072,"R$ 1.983,81",BRL,Serviço de tecnologia contratado por TI,5,BOLETO,PAGO,0b17011a-db1a-4f81-b66c-d44d1104daa1,2024-09-05,ERP_CORPORATIVO,TRANSACOES_FINANCEIRAS,8457,9404aa1841613fc555a8d63f3fa5c6abdc4a465c88660018e2b5f79a5ece2de9
TR-08458,19/08/24,2024-08-01,PES,FORN-00044,RECEITA,"R$2728,23",2728.23,BRL,Serviço técnico especializado para PES,11,TED,PAGO,0b17011a-db1a-4f81-b66c-d44d1104daa1,2024-09-05,ERP_CORPORATIVO,TRANSACOES_FINANCEIRAS,8458,23df3a73f7d66ba22bd060b251e5c9d4b0cf7030236214a447b49ca9148d52aa
TR-08459,05-08-2024,2024-08-01,COMP,FORN-00044,DESPESA,3.112,3111.67,BRL,Despesa operacional - COMP,8,PIX,PAGO,0b17011a-db1a-4f81-b66c-d44d1104daa1,2024-09-05,ERP_CORPORATIVO,TRANSACOES_FINANCEIRAS,8459,f8378f7b8ba0cc51ea45e93670a418bdb2049bcea51599a18e741ed58855a96e
TR-08460,2024/08/19,2024-08-01,COMP,FORN-00044,RECEITA,2371,2370.99,BRL,Campanha institucional - COMP,4,CARTAO,PAGO,0b17011a-db1a-4f81-b66c-d44d1104daa1,2024-09-05,ERP_CORPORATIVO,TRANSACOES_FINANCEIRAS,8460,955cc82608839beaf132d35d553a5d95c40fdaa938fc391df3574ea64325f0a5
TR-08461,2024-08-12,2024-08-01,COMP,FORN-00044,RECEITA,"R$4513,24",4.513,BRL,Contrato de serviço - setor COMP,1,TED,PAGO,0b17011a-db1a-4f81-b66c-d44d1104daa1,2024-09-05,ERP_CORPORATIVO,TRANSACOES_FINANCEIRAS,8461,7041d94ea7dd050a04bec457be20e5565cabf8591b7c7a75d4469791461b6c4c
TR-08462,09-08-2024,2024-08-01,VND,FORN-00044,RECEITA,2.784,2784.39,BRL,Assessoria legal vinculada à área VND,7,BOLETO,CANCELADO,0b17011a-db1a-4f81-b66c-d44d1104daa1,2024-09-05,ERP_CORPORATIVO,TRANSACOES_FINANCEIRAS,8462,37091a546f6bed798e09071969d879edf7239c0df2f36425f54d82d68c9eff74
TR-08463,05/08/24,2024-08-01,ATD,FORN-00044,DESPESA,2820.30,2738.32,BRL,Contrato de serviço - setor ATD,1,TRANSFERENCIA,PAGO,0b17011a-db1a-4f81-b66c-d44d1104daa1,2024-09-05,ERP_CORPORATIVO,TRANSACOES_FINANCEIRAS,8463,3f6a998cb9a69790b5a80dd564cd323c312bd1ced500f383c2fd09098b20295d
TR-08464,23-08-2024,2024-08-01,OP,FORN-00044,DESPESA,"9.292,38",9.292,BRL,Compra de insumos para setor OP,2,BOLETO,PAGO,0b17011a-db1a-4f81-b66c-d44d1104daa1,2024-09-05,ERP_CORPORATIVO,TRANSACOES_FINANCEIRAS,8464,da12bd2c7d0b486a7545a3c8c0af8bbd1058ea27e777e40a8f24fd08ec09ae30
TR-08465,08-26-2024,2024-08-01,VND,FORN-00044,DESPESA,3166.59,"3.166,59",BRL,Licenciamento de software - VND,5,PIX,PAGO,0b17011a-db1a-4f81-b66c-d44d1104daa1,2024-09-05,ERP_CORPORATIVO,TRANSACOES_FINANCEIRAS,8465,307b5467e6899e693ce561167cba95eb79e379cf86409032ec6e933bfb754be4
TR-08466,2024/08/21,2024-08-01,VND,FORN-00044,DESPESA,"R$ 2.751,52","2.751,52",BRL,Campanha institucional - VND,4,TRANSFERENCIA,PAGO,0b17011a-db1a-4f81-b66c-d44d1104daa1,2024-09-05,ERP_CORPORATIVO,TRANSACOES_FINANCEIRAS,8466,0f029bbbe733f990f819970f8a43c2da8cce82143c9514ef582c31aefabe06b4
TR-08467,2024-08-12,2024-08-01,CTB,FORN-00044,DESPESA,2.449,2.449,USD,Assessoria legal vinculada à área CTB,7,PIX,PAGO,0b17011a-db1a-4f81-b66c-d44d1104daa1,2024-09-05,ERP_CORPORATIVO,TRANSACOES_FINANCEIRAS,8467,f2b54089d125ff19ceea8bc40c1553a7dbc80f8a17b30c0e63e53673cff343d6
TR-08469,12-08-2024,2024-08-01,COMP,FORN-00044,DESPESA,"2.545,13",2545,BRL,Atendimento de TI requisitado por COMP,29,BOLETO,ATRASADO,0b17011a-db1a-4f81-b66c-d44d1104daa1,2024-09-05,ERP_CORPORATIVO,TRANSACOES_FINANCEIRAS,8469,93453a96e0833ca090eca768005bd675afbe44df68334e5d3a9d473b57eadf6d
TR-08470,16-08-2024,2024-08-01,RH,FORN-00044,DESPESA,2.979,"2.979,23",BRL,Despesa operacional - RH,8,PIX,PAGO,0b17011a-db1a-4f81-b66c-d44d1104daa1,2024-09-05,ERP_CORPORATIVO,TRANSACOES_FINANCEIRAS,8470,5fefd7db691e97bab95ed9bfa622e60ce3024b48bec8889244938163f7aecd63
TR-08471,12-08-2024,2024-08-01,COMP,FORN-00044,DESPESA,"R$ 2.556,24","R$ 2.556,24",BRL,Compra de insumos para setor COMP,2,PIX,PAGO,0b17011a-db1a-4f81-b66c-d44d1104daa1,2024-09-05,ERP_CORPORATIVO,TRANSACOES_FINANCEIRAS,8471,72cdce1189089ff8691cb97150adb8840368fa7720762b686898f0db5811c6a6
TR-08472,Aug 07 2024,2024-08-01,TI,FORN-00044,DESPESA,2958.56,"R$ 2.897,44",BRL,Investimento em marketing corporativo (TI),4,TED,ATRASADO,0b17011a-db1a-4f81-b66c-d44d1104daa1,2024-09-05,ERP_CORPORATIVO,TRANSACOES_FINANCEIRAS,8472,a788a9a615555479a6ca53867ab6e996149c0cb27fb67ec4a541f954555f330f
TR-08473,2024-08-09,2024-08-01,QAS,FORN-00044,RECEITA,"2.307,26","2.307,26",BRL,Viagem corporativa - QAS,18,PIX,PAGO,0b17011a-db1a-4f81-b66c-d44d1104daa1,2024-09-05,ERP_CORPORATIVO,TRANSACOES_FINANCEIRAS,8473,2d86616895ca4d6787bb5d83d138b1e3577f42fb4feecf10dbdc1bc508654f09
TR-08788,08-23-2024,2024-08-01,MKT,FORN-00045,DESPESA,1708.34,1653.29,BRL,Certificado digital adquirido por MKT,26,TRANSFERENCIA,ATRASADO,0b17011a-db1a-4f81-b66c-d44d1104daa1,2024-09-05,ERP_CORPORATIVO,TRANSACOES_FINANCEIRAS,8788,39d4bed80e25dcc0fbed07e5ae7a028b0487131b080bcd351324fb6145250863
TR-08789,12/08/2024,2024-08-01,COMP,FORN-00045,DESPESA,1511.25,1.476,USD,Consultoria estratégica para área COMP,12,TRANSFERENCIA,PAGO,0b17011a-db1a-4f81-b66c-d44d1104daa1,2024-09-05,ERP_CORPORATIVO,TRANSACOES_FINANCEIRAS,8789,ea8bbc3d17318c7b5c32918b25482b64ea6150eba48bc67cd340fb1235a4df2b
TR-08790,05/08/24,2024-08-01,VND,FORN-00045,DESPESA,2.825,"2.754,05",BRL,Material de marketing solicitado por VND,15,BOLETO,PAGO,0b17011a-db1a-4f81-b66c-d44d1104daa1,2024-09-05,ERP_CORPORATIVO,TRANSACOES_FINANCEIRAS,8790,6e54152725261ba0d63dbc7343f1b28f523c977825ba66fe4d2d47ac9a027a0a
TR-08791,14/08/24,2024-08-01,OP,FORN-00045,DESPESA,1422.07,1373,USD,Licenciamento de software - OP,5,BOLETO,PAGO,0b17011a-db1a-4f81-b66c-d44d1104daa1,2024-09-05,ERP_CORPORATIVO,TRANSACOES_FINANCEIRAS,8791,8106c91266015836bd2a04477309fed0dd28357456080595d300e283bb9a8852
TR-08792,2024-08-19,2024-08-01,COM,FORN-00045,RECEITA,"R$ 1.663,75","R$ 1.642,62",BRL,Custo operacional associado a COM,8,BOLETO,ATRASADO,0b17011a-db1a-4f81-b66c-d44d1104daa1,2024-09-05,ERP_CORPORATIVO,TRANSACOES_FINANCEIRAS,8792,bb174c7561e89b7c7938f1aec18bbfc7a84e4d54f63f55c832285c6b3232f8a9
TR-08793,14-08-2024,2024-08-01,TI,FORN-00045,DESPESA,"R$1593,16",1.593,USD,Manutenção estrutural vinculada à área TI,3,PIX,PAGO,0b17011a-db1a-4f81-b66c-d44d1104daa1,2024-09-05,ERP_CORPORATIVO,TRANSACOES_FINANCEIRAS,8793,69703948d4e1bbd7f1314d7740cce2abbda87ca726f2460043dfc796c785a2bc
TR-08794,2024-08-12,2024-08-01,COM,FORN-00045,RECEITA,1743.17,1.743,BRL,Receita eventual registrada em COM,37,PIX,PAGO,0b17011a-db1a-4f81-b66c-d44d1104daa1,2024-09-05,ERP_CORPORATIVO,TRANSACOES_FINANCEIRAS,8794,5ff1967937fe78c69b9da5ee1506522eab7002e1204683f3c2c67836a25b2a8f
TR-08795,2024/08/14,2024-08-01,FIN,FORN-00045,DESPESA,1.772,"R$1772,03",BRL,Estorno de receita - FIN,39,BOLETO,PAGO,0b17011a-db1a-4f81-b66c-d44d1104daa1,2024-09-05,ERP_CORPORATIVO,TRANSACOES_FINANCEIRAS,8795,ac6d443511e9e8c4e433c2c8ac81443c943fd6c521470445aae39caf9c6a4327
TR-08796,19/08/24,2024-08-01,VND,FORN-00045,DESPESA,1.598,1598.49,BRL,Aquisição de material operacional - VND,2,PIX,PAGO,0b17011a-db1a-4f81-b66c-d44d1104daa1,2024-09-05,ERP_CORPORATIVO,TRANSACOES_FINANCEIRAS,8796,0dfe92c3289ec120fa546a8c013e62d501e12cd144db298ed5db6fcae907fe2e
TR-08797,20-08-2024,2024-08-01,COMP,FORN-00045,DESPESA,"R$ 1.700,03",1700,BRL,Contrato de conectividade para área COMP,9,TRANSFERENCIA,PAGO,0b17011a-db1a-4f81-b66c-d44d1104daa1,2024-09-05,ERP_CORPORATIVO,TRANSACOES_FINANCEIRAS,8797,04d72693d4b0a51cb5526406a7236cc703694157a537ff802396620f6f2b11c1
TR-08798,2024-08-02,2024-08-01,ADM,FORN-00045,DESPESA,1617.46,"R$ 1.617,46",BRL,Encargos de empréstimo vinculados a ADM,23,TED,ATRASADO,0b17011a-db1a-4f81-b66c-d44d1104daa1,2024-09-05,ERP_CORPORATIVO,TRANSACOES_FINANCEIRAS,8798,4390396cbc3fc71ec1cae46af5137a903dcfa5b80329b39889e2571e0a317af4
TR-08799,2024-08-19,2024-08-01,MKT,FORN-00045,DESPESA,1.479,1478.59,BRL,Imposto sobre venda apurado em MKT,40,BOLETO,PAGO,0b17011a-db1a-4f81-b66c-d44d1104daa1,2024-09-05,ERP_CORPORATIVO,TRANSACOES_FINANCEIRAS,8799,12317d5b350c2c54c50ede32cf0424d8c3ad9567e3d544b2708d648688dee923
TR-08800,Aug 07 2024,2024-08-01,VND,FORN-00045,RECEITA,"1.525,65","1.525,65",BRL,Serviço relacionado a recursos humanos (VND),6,TED,ATRASADO,0b17011a-db1a-4f81-b66c-d44d1104daa1,2024-09-05,ERP_CORPORATIVO,TRANSACOES_FINANCEIRAS,8800,e35a56cdbce6292b92cc3702ba71fb8ccc11d9278a48de237ef7ff1909794dbc
TR-09038,08-20-2024,2024-08-01,CTB,FORN-00046,DESPESA,"5.042,98","4.966,74",BRL,Despesa operacional - CTB,8,PIX,PAGO,0b17011a-db1a-4f81-b66c-d44d1104daa1,2024-09-05,ERP_CORPORATIVO,TRANSACOES_FINANCEIRAS,9038,7aef8a92ee513cab7d22f66b607ab4c3d3c3a3efddc779a09e14c39d76373d51
TR-09039,07/08/24,2024-08-01,FIN,FORN-00046,DESPESA,5.863,5.771,BRL,Contrato de serviço - setor FIN,1,TRANSFERENCIA,PAGO,0b17011a-db1a-4f81-b66c-d44d1104daa1,2024-09-05,ERP_CORPORATIVO,TRANSACOES_FINANCEIRAS,9039,2344f23760b4be9863c736c8ae66d3c6c921d7c8b1da558ea32dad355bd0c08c
TR-09040,12-08-2024,2024-08-01,OP,FORN-00046,DESPESA,4.475,4474.68,USD,Locação de espaço comercial - OP,31,CARTAO,PAGO,0b17011a-db1a-4f81-b66c-d44d1104daa1,2024-09-05,ERP_CORPORATIVO,TRANSACOES_FINANCEIRAS,9040,11fb970d1a9395713ce7c3132437df2c0d8a0715d44609bf708dcd6c0f602a48
TR-09041,13-08-2024,2024-08-01,QAS,FORN-00046,DESPESA,"5.268,42",5196,BRL,Evento corporativo organizado por QAS,14,PIX,PAGO,0b17011a-db1a-4f81-b66c-d44d1104daa1,2024-09-05,ERP_CORPORATIVO,TRANSACOES_FINANCEIRAS,9041,4ef5994624670a250879d0854d23729b2cef18b59c1c6e587c58e4f8c56d2c0e
TR-09042,2024/08/19,2024-08-01,MKT,FORN-00046,DESPESA,4495,4495,BRL,Venda de ativo imobilizado por MKT,35,TRANSFERENCIA,PAGO,0b17011a-db1a-4f81-b66c-d44d1104daa1,2024-09-05,ERP_CORPORATIVO,TRANSACOES_FINANCEIRAS,9042,28036e1ccae82e17683ad3976d09bf83738aaedc326b6ccb382aee78ae34f279
TR-09043,26-08-2024,2024-08-01,ESG,FORN-00046,DESPESA,4.589,"R$ 4.589,49",BRL,Custo operacional associado a ESG,8,BOLETO,PAGO,0b17011a-db1a-4f81-b66c-d44d1104daa1,2024-09-05,ERP_CORPORATIVO,TRANSACOES_FINANCEIRAS,9043,aade2c5ecc31445fbae34ce6c599a3bdbb94fa619fc48b063a9258c9a01be9d1
TR-09044,2024-08-26,2024-08-01,RH,FORN-00046,RECEITA,"R$6325,81",6.326,BRL,Manutenção de equipamentos de RH,28,PIX,PAGO,0b17011a-db1a-4f81-b66c-d44d1104daa1,2024-09-05,ERP_CORPORATIVO,TRANSACOES_FINANCEIRAS,9044,0b31ca6715ba051433c26d223f56c45e4cac96e57d4f55bb1d5cbab87cea02bc
TR-09045,Aug 13 2024,2024-08-01,COMP,FORN-00046,DESPESA,5128,"R$ 4.884,70",BRL,Prestação de serviço para área COMP,1,CARTAO,PAGO,0b17011a-db1a-4f81-b66c-d44d1104daa1,2024-09-05,ERP_CORPORATIVO,TRANSACOES_FINANCEIRAS,9045,bc397bec01f26f19f8ada6e4d3bfa9d212e5e19ead49d8d5336b75770bb7f583
TR-09046,14/08/24,2024-08-01,QAS,FORN-00046,RECEITA,14.052,"14.052,36",BRL,Despesa operacional - QAS,8,TRANSFERENCIA,PAGO,0b17011a-db1a-4f81-b66c-d44d1104daa1,2024-09-05,ERP_CORPORATIVO,TRANSACOES_FINANCEIRAS,9046,78cf000075b62c98ad8db1657114b9a62afa13215277732bb2b0384734bd4b83
TR-09236,2024-08-16,2024-08-01,PRD,1000047,RECEITA,1645,"R$ 1.589,82",BRL,Aquisição de material operacional - PRD,2,TED,CANCELADO,0b17011a-db1a-4f81-b66c-d44d1104daa1,2024-09-05,ERP_CORPORATIVO,TRANSACOES_FINANCEIRAS,9236,7266fde13b26b15f73b5356a0f396f3f3d64614d5880f8a3573908ca9bc2c269
TR-09237,Aug 12 2024,2024-08-01,CPT,1000047,DESPESA,1.446,1445.82,BRL,Contrato de serviço - setor CPT,1,CARTAO,PAGO,0b17011a-db1a-4f81-b66c-d44d1104daa1,2024-09-05,ERP_CORPORATIVO,TRANSACOES_FINANCEIRAS,9237,dd31bb352eccacf299ef4f2237c7871658988cab6ae945a0d775c3b9e23088b7
TR-09238,01/08/24,2024-08-01,ADM,1000047,DESPESA,"2.182,12",2.102,BRL,Prestação de serviço para área ADM,1,TRANSFERENCIA,PAGO,0b17011a-db1a-4f81-b66c-d44d1104daa1,2024-09-05,ERP_CORPORATIVO,TRANSACOES_FINANCEIRAS,9238,8dae33817fd3106edb1d5da120b5cae5dd07b91394868065635f818453efccd5
TR-09239,2024/08/16,2024-08-01,COM,1000047,DESPESA,"R$ 1.510,64",1.511,BRL,Resultado de equivalência patrimonial - COM,34,BOLETO,PAGO,0b17011a-db1a-4f81-b66c-d44d1104daa1,2024-09-05,ERP_CORPORATIVO,TRANSACOES_FINANCEIRAS,9239,8b0933e752a54878f7f79b37ce0e4af02466b333eb9c384144422055859c46ba
TR-09240,Aug 26 2024,2024-08-01,ATD,1000047,RECEITA,"R$1822,37",1.822,BRL,Contrato de SaaS vinculado a ATD,27,TED,ATRASADO,0b17011a-db1a-4f81-b66c-d44d1104daa1,2024-09-05,ERP_CORPORATIVO,TRANSACOES_FINANCEIRAS,9240,8f13ba940ecb332a9da9f4076785c0a9a79f4120d4396f2c992823ca5e6dfe8e
TR-09241,29/08/2024,2024-08-01,LOG,1000047,DESPESA,"R$2130,77",2131,BRL,Suporte técnico para sistemas de LOG,29,TRANSFERENCIA,PAGO,0b17011a-db1a-4f81-b66c-d44d1104daa1,2024-09-05,ERP_CORPORATIVO,TRANSACOES_FINANCEIRAS,9241,5a587d6ffeb415704ea9fe63341d54f8bb62165bb65ad827e1891f3c9ddde895
TR-09483,Aug 14 2024,2024-08-01,PES,ACC-00049,DESPESA,"R$20501,50","20.501,50",BRL,Aquisição de material operacional - PES,2,TED,PAGO,0b17011a-db1a-4f81-b66c-d44d1104daa1,2024-09-05,ERP_CORPORATIVO,TRANSACOES_FINANCEIRAS,9483,86598bd7ffb311d921e4a46348577f22102359428c1c31bf26738ec708abff52
TR-09484,13-08-2024,2024-08-01,COMP,ACC-00049,DESPESA,6.169,"R$5949,77",BRL,Manutenção estrutural vinculada à área COMP,3,BOLETO,ATRASADO,0b17011a-db1a-4f81-b66c-d44d1104daa1,2024-09-05,ERP_CORPORATIVO,TRANSACOES_FINANCEIRAS,9484,28e238cc129576e17b7d2cef601a08d48c6e8d8385c7926135891a4d751d0d3e
TR-09485,2024/08/06,2024-08-01,FIN,ACC-00049,DESPESA,7299.78,7299.78,BRL,Despesa operacional - FIN,8,TED,PAGO,0b17011a-db1a-4f81-b66c-d44d1104daa1,2024-09-05,ERP_CORPORATIVO,TRANSACOES_FINANCEIRAS,9485,d73bd4ec49c38e724c9a4828186f335498ecf6df65cd873728d2591561544e1a
TR-09486,Aug 14 2024,2024-08-01,COMP,ACC-00049,DESPESA,"6.137,13","R$6137,13",BRL,Investimento em marketing corporativo (COMP),4,BOLETO,PAGO,0b17011a-db1a-4f81-b66c-d44d1104daa1,2024-09-05,ERP_CORPORATIVO,TRANSACOES_FINANCEIRAS,9486,a285c103edc50b34f18002d0f2165f2890afa62da798746c8229c55d9097a565
TR-09487,2024/08/19,2024-08-01,OP,ACC-00049,RECEITA,7520.45,"R$ 7.227,97",BRL,Serviço de telefonia e internet - OP,9,PIX,PAGO,0b17011a-db1a-4f81-b66c-d44d1104daa1,2024-09-05,ERP_CORPORATIVO,TRANSACOES_FINANCEIRAS,9487,104a00cace412ac77e31b1961f5a7809aa9365db277ac962d6036f205875c8d8
TR-09661,13-08-2024,2024-08-01,FIN,ACC-00050,RECEITA,5.268,"5.267,52",BRL,Reparo e conservação de instalações - FIN,10,PIX,PAGO,0b17011a-db1a-4f81-b66c-d44d1104daa1,2024-09-05,ERP_CORPORATIVO,TRANSACOES_FINANCEIRAS,9661,b65e8b8583764254673cc3d16636208cb2af52ea8f79f6be003ea064bc4600a7
TR-09662,08-08-2024,2024-08-01,TI,ACC-00050,RECEITA,"R$ 5.423,47",5423,BRL,Aquisição de material operacional - TI,2,TRANSFERENCIA,PAGO,0b17011a-db1a-4f81-b66c-d44d1104daa1,2024-09-05,ERP_CORPORATIVO,TRANSACOES_FINANCEIRAS,9662,c7ad5296220b5e3331ccce757c23c103aee24aeff570af58fa4ba5330d8bbbe1
TR-09663,26/08/2024,2024-08-01,FIN,ACC-00050,DESPESA,6.483,6249,BRL,Aquisição de material operacional - FIN,2,TRANSFERENCIA,PAGO,0b17011a-db1a-4f81-b66c-d44d1104daa1,2024-09-05,ERP_CORPORATIVO,TRANSACOES_FINANCEIRAS,9663,edcae272fd1a14789dae4370fb1df702a635cbdae9101f0711e2b9b96f519d49
TR-09664,2024-08-22,2024-08-01,MKT,ACC-00050,DESPESA,"R$5683,73","R$5683,73",BRL,Aquisição de material operacional - MKT,2,PIX,ATRASADO,0b17011a-db1a-4f81-b66c-d44d1104daa1,2024-09-05,ERP_CORPORATIVO,TRANSACOES_FINANCEIRAS,9664,22896d866f3f0f66e6683eaa528574865149e64909ce50ccbb9c5a597375aa08
TR-09665,2024/08/15,2024-08-01,OP,ACC-00050,DESPESA,"R$ 5.245,14","5.245,14",BRL,Desconto concedido em operação de OP,38,TED,PAGO,0b17011a-db1a-4f81-b66c-d44d1104daa1,2024-09-05,ERP_CORPORATIVO,TRANSACOES_FINANCEIRAS,9665,766744aa1869cb2f1eacd128ecbb0f568321b6c19b146d6a9b7ca23d083e501e
TR-09666,08-28-2024,2024-08-01,PES,ACC-00050,DESPESA,"6.050,80",6050.80,BRL,Assessoria legal vinculada à área PES,7,BOLETO,PAGO,0b17011a-db1a-4f81-b66c-d44d1104daa1,2024-09-05,ERP_CORPORATIVO,TRANSACOES_FINANCEIRAS,9666,cf482450c55af78a2c4993da92759105fb25040e7f627c82aff528a7cb7b7aeb
TR-09667,2024-08-08,2024-08-01,FIN,ACC-00050,RECEITA,6247,6247,BRL,Despesa operacional - FIN,8,BOLETO,PAGO,0b17011a-db1a-4f81-b66c-d44d1104daa1,2024-09-05,ERP_CORPORATIVO,TRANSACOES_FINANCEIRAS,9667,9f0dbe08e130e928bf7a226d8e4aea567baaf0b9f7ad3a5a177ad7654c3e5640
TR-09668,08-08-2024,2024-08-01,QAS,ACC-00050,DESPESA,5.784,5.648,BRL,Custo operacional associado a QAS,8,TRANSFERENCIA,PAGO,0b17011a-db1a-4f81-b66c-d44d1104daa1,2024-09-05,ERP_CORPORATIVO,TRANSACOES_FINANCEIRAS,9668,7b84df2db4005d0a9b0484251ed48eb871532bc446d3314877f206d819bd9749
TR-09951,15/08/2024,2024-08-01,PRD,1000051,RECEITA,3.421,3.345,BRL,Despesa operacional - PRD,8,TED,PAGO,0b17011a-db1a-4f81-b66c-d44d1104daa1,2024-09-05,ERP_CORPORATIVO,TRANSACOES_FINANCEIRAS,9951,a748b89df215009c06327024f2c025dc4cc5a5c6765fc582bcc26367d1c5628a
TR-09952,2024-08-13,2024-08-01,PES,1000051,DESPESA,"R$ 3.539,33","3.539,33",BRL,Prestação de serviço para área PES,1,PIX,PAGO,0b17011a-db1a-4f81-b66c-d44d1104daa1,2024-09-05,ERP_CORPORATIVO,TRANSACOES_FINANCEIRAS,9952,eb26ad0cbd928a4af29c3a6f0ea810cba75d0d5a55e646e8caf306a6f37e8a56
TR-09953,26-08-2024,2024-08-01,ATD,1000051,DESPESA,3198,"R$3198,46",BRL,Custo operacional associado a ATD,8,TED,PAGO,0b17011a-db1a-4f81-b66c-d44d1104daa1,2024-09-05,ERP_CORPORATIVO,TRANSACOES_FINANCEIRAS,9953,da7fb233b1d6e1c48a3f4211abe76ddb40104f6dbf1940b117e219c9e9f31026
TR-09954,12/08/2024,2024-08-01,COMP,1000051,DESPESA,2923.52,2.924,USD,Viagem corporativa - COMP,18,PIX,PAGO,0b17011a-db1a-4f81-b66c-d44d1104daa1,2024-09-05,ERP_CORPORATIVO,TRANSACOES_FINANCEIRAS,9954,8fa2e9cde5b2cb443b8f8440a18a1bf24d3ad7abd605d9c2bde239b9e9718485
TR-09955,2024/08/16,2024-08-01,COMP,1000051,DESPESA,3.543,3.543,BRL,Custo operacional associado a COMP,8,TED,ATRASADO,0b17011a-db1a-4f81-b66c-d44d1104daa1,2024-09-05,ERP_CORPORATIVO,TRANSACOES_FINANCEIRAS,9955,4dfaf938ec5a6f3ef48454a736fb4c39ede6b94639e74fe0177ae719be71b7ef
TR-09956,22/08/2024,2024-08-01,OP,1000051,DESPESA,2936,"2.936,43",BRL,Compra de insumos para setor OP,2,PIX,PAGO,0b17011a-db1a-4f81-b66c-d44d1104daa1,2024-09-05,ERP_CORPORATIVO,TRANSACOES_FINANCEIRAS,9956,0f9144d771bd095f34b2463b6b131bbef2b5d56576eed8f1e07a58e8a13105bf
TR-09957,12/08/24,2024-08-01,FIN,1000051,DESPESA,"2.649,21","2.649,21",BRL,Alienação de bem patrimonial - FIN,35,BOLETO,PAGO,0b17011a-db1a-4f81-b66c-d44d1104daa1,2024-09-05,ERP_CORPORATIVO,TRANSACOES_FINANCEIRAS,9957,d3159ebdcca23c3350d9fa868dbe7f133829b7df8e3a10a0f858725ef6818edf
TR-09958,2024-08-14,2024-08-01,PRD,1000051,RECEITA,"R$ 3.431,87","3.431,87",BRL,Campanha institucional - PRD,4,TED,PAGO,0b17011a-db1a-4f81-b66c-d44d1104daa1,2024-09-05,ERP_CORPORATIVO,TRANSACOES_FINANCEIRAS,9958,eb8215a596615ac12bd2446877366fb49f9aecedf505b60ddbddc250b495155f
TR-09959,2024-08-21,2024-08-01,QAS,1000051,DESPESA,"R$ 3.007,12",3007,BRL,Receita de aluguel creditada em QAS,31,PIX,PAGO,0b17011a-db1a-4f81-b66c-d44d1104daa1,2024-09-05,ERP_CORPORATIVO,TRANSACOES_FINANCEIRAS,9959,dc1b8e2e03b11c29c023076271ae4b16819429ff5322275bd5d3e58d1a3b1061
TR-09960,Aug 15 2024,2024-08-01,MKT,1000051,RECEITA,3136.53,3136.53,BRL,Despesa operacional - MKT,8,CARTAO,CANCELADO,0b17011a-db1a-4f81-b66c-d44d1104daa1,2024-09-05,ERP_CORPORATIVO,TRANSACOES_FINANCEIRAS,9960,34b607a1da0a9e73f7aef5f0d66c0554d4acfa57ca3c3a247e3ebc144ed5c1df
TR-09961,08-15-2024,2024-08-01,PES,1000051,RECEITA,3476,3.476,BRL,Reparo de hardware solicitado por PES,28,PIX,PAGO,0b17011a-db1a-4f81-b66c-d44d1104daa1,2024-09-05,ERP_CORPORATIVO,TRANSACOES_FINANCEIRAS,9961,254d488e42aa1905a33214ab5aecf53fe7b9632709886f48e40d47d8ffbe03e0
TR-09962,15/08/24,2024-08-01,PJT,1000051,RECEITA,2955,2955.02,BRL,Compra de insumos para setor PJT,2,TED,ATRASADO,0b17011a-db1a-4f81-b66c-d44d1104daa1,2024-09-05,ERP_CORPORATIVO,TRANSACOES_FINANCEIRAS,9962,f66e941be81bd0ac2e10b4d9048192a0bd625a77773c9669169d4310091e4092
TR-10038,2024/08/15,2024-08-01,COM,1000052,DESPESA,2520.75,"2.453,64",BRL,Produção de material gráfico - COM,15,TRANSFERENCIA,PAGO,0b17011a-db1a-4f81-b66c-d44d1104daa1,2024-09-05,ERP_CORPORATIVO,TRANSACOES_FINANCEIRAS,10038,04e95ba7be9b5ea37a735081f7fa7a516611567072a7980cbd5b470d45156452
TR-10039,2024-08-14,2024-08-01,FIN,1000052,DESPESA,"R$ 2.800,83",2751.31,BRL,Venda de ativo imobilizado por FIN,35,TED,PAGO,0b17011a-db1a-4f81-b66c-d44d1104daa1,2024-09-05,ERP_CORPORATIVO,TRANSACOES_FINANCEIRAS,10039,90819b9c36fed4ec862f4c8bdee650b293bf59e3df87d205f472fab96653fd1d
TR-10040,21/08/2024,2024-08-01,COM,1000052,RECEITA,2355,2354.69,BRL,Licenciamento de software - COM,5,PIX,ATRASADO,0b17011a-db1a-4f81-b66c-d44d1104daa1,2024-09-05,ERP_CORPORATIVO,TRANSACOES_FINANCEIRAS,10040,4283ada303638a16ec305be2ed17ed171bc421d8c5d6c3003c16fdb20d511b76
TR-10041,19/08/24,2024-08-01,QAS,1000052,DESPESA,"4.097,12","4.018,58",BRL,Devolução de venda processada por QAS,39,BOLETO,PAGO,0b17011a-db1a-4f81-b66c-d44d1104daa1,2024-09-05,ERP_CORPORATIVO,TRANSACOES_FINANCEIRAS,10041,20a5fa5f67131dccf4e81d3a0deb8f28689d051075d22bda12e8dddf9c511fc6
TR-10042,13/08/24,2024-08-01,COM,1000052,DESPESA,2312.91,2313,BRL,Capacitação profissional vinculada a COM,30,TED,PAGO,0b17011a-db1a-4f81-b66c-d44d1104daa1,2024-09-05,ERP_CORPORATIVO,TRANSACOES_FINANCEIRAS,10042,fd8cddee246b79fdcf8e2bb13ddfd8844442d80fdda8cb4c4dea7456479b165c
TR-10043,2024-08-16,2024-08-01,TI,1000052,DESPESA,2547.25,2506.91,BRL,Receita eventual registrada em TI,37,BOLETO,PAGO,0b17011a-db1a-4f81-b66c-d44d1104daa1,2024-09-05,ERP_CORPORATIVO,TRANSACOES_FINANCEIRAS,10043,ccfc6c8a0679c94d1e69f1997dbb63fe8c8a273ad5b55cea5fdec56d84bad8ef
TR-10044,12/08/2024,2024-08-01,ESG,1000052,RECEITA,"R$2884,83","R$ 2.788,29",USD,Evento corporativo organizado por ESG,14,TED,PAGO,0b17011a-db1a-4f81-b66c-d44d1104daa1,2024-09-05,ERP_CORPORATIVO,TRANSACOES_FINANCEIRAS,10044,73efde87e5beab47c8138b3b0707093161e5cd33029eea052da05e4dfee5b8d9
TR-10045,01-08-2024,2024-08-01,MKT,1000052,DESPESA,3008,"3.007,98",BRL,Tributo incidente sobre receita de MKT,40,PIX,PAGO,0b17011a-db1a-4f81-b66c-d44d1104daa1,2024-09-05,ERP_CORPORATIVO,TRANSACOES_FINANCEIRAS,10045,b1a56874f4ba34fe1c1e9afdd3269d1a4e9a5dd3223be56617cbabea59ea97cb
TR-10046,2024-08-22,2024-08-01,RH,1000052,RECEITA,2604,2604.47,BRL,Devolução de venda processada por RH,39,PIX,CANCELADO,0b17011a-db1a-4f81-b66c-d44d1104daa1,2024-09-05,ERP_CORPORATIVO,TRANSACOES_FINANCEIRAS,10046,f92e442598b19f047afb04cae515ad75496cd4404ab6a4d15eae0fd625816d13
TR-10047,20/08/2024,2024-08-01,TI,1000052,DESPESA,"R$2234,04",2.234,BRL,Alienação de bem patrimonial - TI,35,TED,PAGO,0b17011a-db1a-4f81-b66c-d44d1104daa1,2024-09-05,ERP_CORPORATIVO,TRANSACOES_FINANCEIRAS,10047,052897decc7b21364ccc112d768da17769ab85e4cc4a568619f3a83f911f8931
TR-10048,Aug 05 2024,2024-08-01,VND,1000052,RECEITA,"R$ 2.461,22","2.461,22",BRL,Locação de espaço comercial - VND,31,CARTAO,PAGO,0b17011a-db1a-4f81-b66c-d44d1104daa1,2024-09-05,ERP_CORPORATIVO,TRANSACOES_FINANCEIRAS,10048,4c4c45420c5decbd236da00cca4a08e7f31c4566f3a4c55a256d8e9e3bac9140
TR-10366,12/08/2024,2024-08-01,ESG,FORN-00054,RECEITA,"R$ 2.260,31",2.260,BRL,Treinamento corporativo para equipe ESG,30,BOLETO,PAGO,0b17011a-db1a-4f81-b66c-d44d1104daa1,2024-09-05,ERP_CORPORATIVO,TRANSACOES_FINANCEIRAS,10366,21474619e71336f605d90b531d096b02c63a0b4cab0caaa60b2c9e7106141093
TR-10367,08-26-2024,2024-08-01,FIN,FORN-00054,RECEITA,2200,"R$2199,56",BRL,Reparo de frota vinculado à área FIN,17,PIX,PAGO,0b17011a-db1a-4f81-b66c-d44d1104daa1,2024-09-05,ERP_CORPORATIVO,TRANSACOES_FINANCEIRAS,10367,38fb4ea826dba280744a259c2fd6672f21b62e1a248081d5393448ae1bfaa25b
TR-10368,26/08/24,2024-08-01,SEC,FORN-00054,RECEITA,"2.716,53","2.716,53",BRL,Despesa de RH - SEC,6,TRANSFERENCIA,PAGO,0b17011a-db1a-4f81-b66c-d44d1104daa1,2024-09-05,ERP_CORPORATIVO,TRANSACOES_FINANCEIRAS,10368,6fe05a0f45117de68e0cb4b9e0935432e8a747b9d603d0d4c328db0f629b63c6
TR-10369,2024/08/26,2024-08-01,ATD,FORN-00054,RECEITA,2516.51,"R$ 2.516,51",BRL,Prestação de serviço para área ATD,1,BOLETO,PAGO,0b17011a-db1a-4f81-b66c-d44d1104daa1,2024-09-05,ERP_CORPORATIVO,TRANSACOES_FINANCEIRAS,10369,2e34cc552dd43b41fe50f2a477eb158f43024915fee28eeafb8d18d6c8e10d63
TR-10370,Aug 27 2024,2024-08-01,FIN,FORN-00054,DESPESA,"R$ 2.237,38","R$2149,63",BRL,Licenciamento de software - FIN,5,PIX,PAGO,0b17011a-db1a-4f81-b66c-d44d1104daa1,2024-09-05,ERP_CORPORATIVO,TRANSACOES_FINANCEIRAS,10370,c8d031e64d93299596a0d60de8f0f49db2586c8932e536149bd76261bf640880
TR-10371,2024/08/07,2024-08-01,COMP,FORN-00054,DESPESA,"2.274,90",2275,BRL,Aquisição de material operacional - COMP,2,BOLETO,PAGO,0b17011a-db1a-4f81-b66c-d44d1104daa1,2024-09-05,ERP_CORPORATIVO,TRANSACOES_FINANCEIRAS,10371,4fcff6569db0d62f2d5f2194ccacc9be1854f303dddcb8a9dd9eb03e7c9b1482
TR-10372,2024/08/26,2024-08-01,RH,FORN-00054,RECEITA,"R$ 2.600,36","2.484,34",BRL,Compra de insumos para setor RH,2,PIX,ATRASADO,0b17011a-db1a-4f81-b66c-d44d1104daa1,2024-09-05,ERP_CORPORATIVO,TRANSACOES_FINANCEIRAS,10372,7b752e548860d0808e7cd0fdd54f67e65c045e3f240654fc66cb43cc90b0d7ac
TR-10373,Aug 19 2024,2024-08-01,OP,FORN-00054,RECEITA,"R$ 2.068,73","R$2026,55",BRL,Material de marketing solicitado por OP,15,BOLETO,PAGO,0b17011a-db1a-4f81-b66c-d44d1104daa1,2024-09-05,ERP_CORPORATIVO,TRANSACOES_FINANCEIRAS,10373,b8c08516cdb7b5b77fbb232178055bd442bf116bb2bf2cd31599c03341968c82
TR-10374,Aug 12 2024,2024-08-01,PES,FORN-00054,DESPESA,1820,"R$1819,91",BRL,Investimento em marketing corporativo (PES),4,BOLETO,PAGO,0b17011a-db1a-4f81-b66c-d44d1104daa1,2024-09-05,ERP_CORPORATIVO,TRANSACOES_FINANCEIRAS,10374,3c700affba95445edf5bfd52f986db2b51e40a80e76d6ab977fba7f83873c932
TR-10375,15/08/24,2024-08-01,COM,FORN-00054,RECEITA,"R$ 2.024,51",1962.93,BRL,Serviço relacionado a recursos humanos (COM),6,TED,PAGO,0b17011a-db1a-4f81-b66c-d44d1104daa1,2024-09-05,ERP_CORPORATIVO,TRANSACOES_FINANCEIRAS,10375,3616211f9fb231d8306d6f814d5c34be9f869c104193e3793b8ad823ce0d948c
TR-10376,2024/08/06,2024-08-01,SEC,FORN-00054,DESPESA,4881.07,4881,USD,Contrato de serviço - setor SEC,1,TED,PAGO,0b17011a-db1a-4f81-b66c-d44d1104daa1,2024-09-05,ERP_CORPORATIVO,TRANSACOES_FINANCEIRAS,10376,9fd7118da11d85019ac16a749c09f772d4601d8707781103056239537cefbed3
TR-10377,2024/08/12,2024-08-01,CPT,FORN-00054,DESPESA,2.555,2555.30,BRL,Suporte técnico para sistemas de CPT,29,PIX,PAGO,0b17011a-db1a-4f81-b66c-d44d1104daa1,2024-09-05,ERP_CORPORATIVO,TRANSACOES_FINANCEIRAS,10377,96b363e7c2f3d591c8e18a01af7938d0f55928c57ba61682e20ba8c031671a30
TR-10378,2024-08-19,2024-08-01,OP,FORN-00054,DESPESA,2474,"2.473,59",BRL,Prestação de serviço para área OP,1,PIX,PAGO,0b17011a-db1a-4f81-b66c-d44d1104daa1,2024-09-05,ERP_CORPORATIVO,TRANSACOES_FINANCEIRAS,10378,52d3aaa1a1027206a9c7bf2204431513ecfdcb8e5ba0b3bcbf34c0b73844d4f9
TR-10379,Aug 12 2024,2024-08-01,ATD,FORN-00054,DESPESA,"2.220,44",2.123,BRL,Locação de espaço comercial - ATD,31,PIX,PAGO,0b17011a-db1a-4f81-b66c-d44d1104daa1,2024-09-05,ERP_CORPORATIVO,TRANSACOES_FINANCEIRAS,10379,0a93618c8b0a5ba9b073871507d25506131f704a8d489356571a7e36bbefbd11
TR-10613,Aug 15 2024,2024-08-01,PJT,ACC-00055,DESPESA,"R$ 1.369,32",1.369,BRL,Viagem corporativa - PJT,18,TED,PAGO,0b17011a-db1a-4f81-b66c-d44d1104daa1,2024-09-05,ERP_CORPORATIVO,TRANSACOES_FINANCEIRAS,10613,a9f497f959147161e987e3e8939fb01c2f40f8f5d204f0f28cc1ea9b15451104
TR-10614,2024/08/09,2024-08-01,COMP,ACC-00055,RECEITA,"1.554,65",1555,BRL,Aquisição de material operacional - COMP,2,TED,PAGO,0b17011a-db1a-4f81-b66c-d44d1104daa1,2024-09-05,ERP_CORPORATIVO,TRANSACOES_FINANCEIRAS,10614,cd44ead743beeccc002945092bfa0e18e025315d5c97f5e63900fde8c7154fc5
TR-10615,16/08/2024,2024-08-01,ESG,ACC-00055,RECEITA,1775,"R$ 1.774,85",BRL,Contrato de serviço - setor ESG,1,TRANSFERENCIA,PAGO,0b17011a-db1a-4f81-b66c-d44d1104daa1,2024-09-05,ERP_CORPORATIVO,TRANSACOES_FINANCEIRAS,10615,1edf44fe4914f3190a4e4951849b8aca87b5b0e882fd4645e92226af9af5e349
TR-10616,2024-08-20,2024-08-01,LOG,ACC-00055,RECEITA,1511.02,1511.02,BRL,Tributo incidente sobre receita de LOG,40,TED,PAGO,0b17011a-db1a-4f81-b66c-d44d1104daa1,2024-09-05,ERP_CORPORATIVO,TRANSACOES_FINANCEIRAS,10616,f1ff31d29747056ef4b2063844e9ff51a900c4947ff30a28d9fc64bfb386879c
TR-10617,07/08/2024,2024-08-01,RH,ACC-00055,DESPESA,1.574,1574,USD,Manutenção preventiva de veículos - RH,17,BOLETO,PAGO,0b17011a-db1a-4f81-b66c-d44d1104daa1,2024-09-05,ERP_CORPORATIVO,TRANSACOES_FINANCEIRAS,10617,f0f1e8af0e60eb08cdf40088b19e22803c2e32b99600347ca8ea7e0375dec739
TR-10618,2024/08/26,2024-08-01,MKT,ACC-00055,RECEITA,"R$ 1.576,57","1.524,42",EUR,Receita extraordinária - MKT,37,BOLETO,PAGO,0b17011a-db1a-4f81-b66c-d44d1104daa1,2024-09-05,ERP_CORPORATIVO,TRANSACOES_FINANCEIRAS,10618,138c7ace19cb4ddf9b45d06f80d661bd2edbcfab840d3fcca016c5ec80849166
TR-10619,2024/08/20,2024-08-01,ESG,ACC-00055,DESPESA,"1.905,99",1.906,BRL,Contrato de serviço - setor ESG,1,TED,PAGO,0b17011a-db1a-4f81-b66c-d44d1104daa1,2024-09-05,ERP_CORPORATIVO,TRANSACOES_FINANCEIRAS,10619,f2bba90443ae321258f7665a0d407bca2769bbeef8f25363596be9b16c99bd03
TR-10620,2024/08/22,2024-08-01,COMP,ACC-00055,DESPESA,1663,1662.56,BRL,Renovação de certificados digitais - COMP,26,CARTAO,PAGO,0b17011a-db1a-4f81-b66c-d44d1104daa1,2024-09-05,ERP_CORPORATIVO,TRANSACOES_FINANCEIRAS,10620,28f2928ae1f86222089a91141e0ea8700f3f93e21ea2144779273cc4ecd2bf73
TR-10621,16/08/2024,2024-08-01,FIN,ACC-00055,RECEITA,1.898,1.898,BRL,Contrato de serviço - setor FIN,1,TED,PAGO,0b17011a-db1a-4f81-b66c-d44d1104daa1,2024-09-05,ERP_CORPORATIVO,TRANSACOES_FINANCEIRAS,10621,48742e0df7b2446f7ab4f2c841f806fd033eb967faee7a484e485602dda8b97c
TR-10622,2024-08-12,2024-08-01,OP,ACC-00055,RECEITA,"R$1836,54","R$ 1.836,54",BRL,Manutenção estrutural vinculada à área OP,3,PIX,PAGO,0b17011a-db1a-4f81-b66c-d44d1104daa1,2024-09-05,ERP_CORPORATIVO,TRANSACOES_FINANCEIRAS,10622,ff19773cbce3bfb8d95f65a2faba75bca2fd852b4221cc1884d3e6542142ce1a
TR-10947,08-16-2024,2024-08-01,OP,ACC-00056,RECEITA,7279.17,7.052,BRL,Honorários profissionais contratados por OP,11,PIX,CANCELADO,0b17011a-db1a-4f81-b66c-d44d1104daa1,2024-09-05,ERP_CORPORATIVO,TRANSACOES_FINANCEIRAS,10947,285e94fbf8bb79cdc441f8cf61d530997872b68cd6d99d22234004e043930f45
TR-10948,Aug 12 2024,2024-08-01,CTB,ACC-00056,DESPESA,6.727,"R$6560,06",BRL,Custo operacional associado a CTB,8,TRANSFERENCIA,PAGO,0b17011a-db1a-4f81-b66c-d44d1104daa1,2024-09-05,ERP_CORPORATIVO,TRANSACOES_FINANCEIRAS,10948,7cb7d4c98360546599969febdca305e66dc89e6552dbef21f1c804fb1ec974ae
TR-10949,08-05-2024,2024-08-01,QAS,ACC-00056,DESPESA,6442,"6.441,71",EUR,Devolução de venda processada por QAS,39,PIX,PAGO,0b17011a-db1a-4f81-b66c-d44d1104daa1,2024-09-05,ERP_CORPORATIVO,TRANSACOES_FINANCEIRAS,10949,e3d05d548152f2384fe1b96bb0bcd9f752305c5b00bb3bff84370739dec30560
TR-10950,19/08/2024,2024-08-01,COM,ACC-00056,DESPESA,6109.18,"R$6109,18",BRL,Devolução de venda processada por COM,39,PIX,PAGO,0b17011a-db1a-4f81-b66c-d44d1104daa1,2024-09-05,ERP_CORPORATIVO,TRANSACOES_FINANCEIRAS,10950,8aec816670599dea8f3c96bf0d648a5b8066b678a1a8d8a7e58dafb6b21f6d8f
TR-10951,08/08/2024,2024-08-01,FIN,ACC-00056,DESPESA,"6.219,68",6220,BRL,Serviço especializado solicitado por FIN,1,TRANSFERENCIA,PAGO,0b17011a-db1a-4f81-b66c-d44d1104daa1,2024-09-05,ERP_CORPORATIVO,TRANSACOES_FINANCEIRAS,10951,9cae9d0bb4395458acd541f77413c339542e53954cf10f56b132fe2a01a86619
TR-10952,2024/08/19,2024-08-01,VND,ACC-00056,DESPESA,"R$6166,36","6.166,36",BRL,Contrato de serviço - setor VND,1,PIX,PAGO,0b17011a-db1a-4f81-b66c-d44d1104daa1,2024-09-05,ERP_CORPORATIVO,TRANSACOES_FINANCEIRAS,10952,d0081630e07db00965419771da3477527f4a5467fb28b2d7965c9cee1dfccd93
TR-10953,09/08/24,2024-08-01,COM,ACC-00056,DESPESA,6.822,6533.33,BRL,Suporte técnico para sistemas de COM,29,BOLETO,PAGO,0b17011a-db1a-4f81-b66c-d44d1104daa1,2024-09-05,ERP_CORPORATIVO,TRANSACOES_FINANCEIRAS,10953,2ec9445eab7b2013e9ada711b844fe10e33350ce7a99b44284016a985aa2dc8e
TR-10954,2024/08/07,2024-08-01,SEC,ACC-00056,DESPESA,"7.034,02",7034,BRL,Encargos de empréstimo vinculados a SEC,23,BOLETO,PAGO,0b17011a-db1a-4f81-b66c-d44d1104daa1,2024-09-05,ERP_CORPORATIVO,TRANSACOES_FINANCEIRAS,10954,3bcafbeb629bb5c1103dd33ae6a39f3410fdeaf5aff0eb30533edeae5812a72b
TR-10955,22/08/24,2024-08-01,OP,ACC-00056,DESPESA,19.034,"R$ 18.762,56",BRL,Contrato de conectividade para área OP,9,BOLETO,PAGO,0b17011a-db1a-4f81-b66c-d44d1104daa1,2024-09-05,ERP_CORPORATIVO,TRANSACOES_FINANCEIRAS,10955,e90ff0e12473fac4e401e6189ec568202f7493aacdb99bc91ddb2d52a6f2546f
TR-10956,08-19-2024,2024-08-01,OP,ACC-00056,DESPESA,"R$14713,86",14714,BRL,Serviço especializado solicitado por OP,1,BOLETO,PAGO,0b17011a-db1a-4f81-b66c-d44d1104daa1,2024-09-05,ERP_CORPORATIVO,TRANSACOES_FINANCEIRAS,10956,14fad334a1f16855fa1b32b5fdd7352333fb95a4642bd92a6f8c44ed927fc8f3
TR-11580,2024-08-19,2024-08-01,COMP,ACC-00059,DESPESA,1227,1.227,BRL,Despesa de infraestrutura - COMP,3,PIX,PAGO,0b17011a-db1a-4f81-b66c-d44d1104daa1,2024-09-05,ERP_CORPORATIVO,TRANSACOES_FINANCEIRAS,11580,719d33d5044398df98e04b5e0a348d9105a1b855a93c0701dd28576956fd0798
TR-11581,2024/08/13,2024-08-01,OP,ACC-00059,DESPESA,1.092,1.071,BRL,Manutenção estrutural vinculada à área OP,3,BOLETO,PAGO,0b17011a-db1a-4f81-b66c-d44d1104daa1,2024-09-05,ERP_CORPORATIVO,TRANSACOES_FINANCEIRAS,11581,960b6e8c53dc7ac2f30f12742cea314da6a57751f6c5d90e0d97bb5b027f867f
TR-11582,22-08-2024,2024-08-01,COMP,ACC-00059,RECEITA,"R$1183,72","1.166,69",BRL,Despesa de RH - COMP,6,BOLETO,PAGO,0b17011a-db1a-4f81-b66c-d44d1104daa1,2024-09-05,ERP_CORPORATIVO,TRANSACOES_FINANCEIRAS,11582,1e5bede477639462ca97cbf06b87126ae304e193e8305510c66dcdf3f85ff1af
TR-11583,19/08/24,2024-08-01,MKT,ACC-00059,DESPESA,1029,"R$991,68",BRL,Prestação de serviço para área MKT,1,PIX,PAGO,0b17011a-db1a-4f81-b66c-d44d1104daa1,2024-09-05,ERP_CORPORATIVO,TRANSACOES_FINANCEIRAS,11583,cc49155a549be0c76aae2bdbaf8fdbfc525a18ea41f48a1b05aca90e90c04261
TR-11584,Aug 26 2024,2024-08-01,COMP,ACC-00059,RECEITA,"1.157,11","R$ 1.119,34",BRL,Contrato de serviço - setor COMP,1,TRANSFERENCIA,PAGO,0b17011a-db1a-4f81-b66c-d44d1104daa1,2024-09-05,ERP_CORPORATIVO,TRANSACOES_FINANCEIRAS,11584,f2179e3481714ee3d767a598795006e38aff6265db1b896accef955f2ad928d8
TR-11585,Aug 13 2024,2024-08-01,FIN,ACC-00059,RECEITA,"R$ 1.092,82","1.092,82",BRL,Locação de espaço comercial - FIN,31,BOLETO,PAGO,0b17011a-db1a-4f81-b66c-d44d1104daa1,2024-09-05,ERP_CORPORATIVO,TRANSACOES_FINANCEIRAS,11585,6d46b31eed0a1ee309c09a3e640c6f0338beeaddd1e96a03b32a45ede8b30b96
TR-11586,Aug 20 2024,2024-08-01,MKT,ACC-00059,RECEITA,883.60,884,USD,Despesa jurídica da área MKT,24,TED,ATRASADO,0b17011a-db1a-4f81-b66c-d44d1104daa1,2024-09-05,ERP_CORPORATIVO,TRANSACOES_FINANCEIRAS,11586,2a08dd084f3d31f5ac699243d3928c4bfff23610a90e4f73cc3c6d1af5d923d6
TR-11587,Aug 21 2024,2024-08-01,PES,ACC-00059,DESPESA,1494.57,"1.441,25",BRL,Tarifas de serviços financeiros - PES,22,BOLETO,PAGO,0b17011a-db1a-4f81-b66c-d44d1104daa1,2024-09-05,ERP_CORPORATIVO,TRANSACOES_FINANCEIRAS,11587,b434e1fba1ac26968bf9e8601259fc9c85568588fa801ad9df354359f9e87573
TR-11588,2024/08/05,2024-08-01,ESG,ACC-00059,DESPESA,"R$ 1.109,16",1109,BRL,Royalties recebidos por ESG,32,CARTAO,PAGO,0b17011a-db1a-4f81-b66c-d44d1104daa1,2024-09-05,ERP_CORPORATIVO,TRANSACOES_FINANCEIRAS,11588,9e8c92ca635888ea6ff3a060c4016d74192d67d40dd772326675c3d7719314cc
TR-11589,09/08/24,2024-08-01,PES,ACC-00059,RECEITA,"R$ 1.090,57","R$ 1.068,45",BRL,Investimento em marketing corporativo (PES),4,TED,ATRASADO,0b17011a-db1a-4f81-b66c-d44d1104daa1,2024-09-05,ERP_CORPORATIVO,TRANSACOES_FINANCEIRAS,11589,3d399c7f1deca53391c9428c9011cd487b20346ce31ac507f30b03b60cbbb308
TR-11590,Aug 19 2024,2024-08-01,JUR,ACC-00059,DESPESA,1409.35,"R$ 1.409,35",BRL,Honorários jurídicos - JUR,7,PIX,CANCELADO,0b17011a-db1a-4f81-b66c-d44d1104daa1,2024-09-05,ERP_CORPORATIVO,TRANSACOES_FINANCEIRAS,11590,d672d82da23c9981408e354c1d0f86132378f0a625e358a24eb2ebb7a9896568
TR-11591,2024/08/19,2024-08-01,FIN,ACC-00059,DESPESA,1.066,1.066,BRL,Custo operacional associado a FIN,8,TRANSFERENCIA,PAGO,0b17011a-db1a-4f81-b66c-d44d1104daa1,2024-09-05,ERP_CORPORATIVO,TRANSACOES_FINANCEIRAS,11591,c637a75639b9e0b02b49f144dc25b3abafe96135180d53f2100ff87fc08aa04f
TR-11592,08-08-2024,2024-08-01,FIN,ACC-00059,DESPESA,"1.036,34",1036.34,BRL,Investimento em marketing corporativo (FIN),4,TED,PAGO,0b17011a-db1a-4f81-b66c-d44d1104daa1,2024-09-05,ERP_CORPORATIVO,TRANSACOES_FINANCEIRAS,11592,cf2cb1fd3be65600b8405a06037814932e29496aed6c994d848ad88a6181468e
TR-11593,19/08/2024,2024-08-01,COMP,ACC-00059,DESPESA,"R$1173,86","1.129,68",BRL,Despesa operacional - COMP,8,TRANSFERENCIA,PAGO,0b17011a-db1a-4f81-b66c-d44d1104daa1,2024-09-05,ERP_CORPORATIVO,TRANSACOES_FINANCEIRAS,11593,2b7bea2bef172e62c1cec5b96d9bf15d88502a2eda280be8834df5c1d441a4ba
TR-11594,08-21-2024,2024-08-01,COMP,ACC-00059,RECEITA,"1.140,35","1.140,35",BRL,Despesa de infraestrutura - COMP,3,TED,PAGO,0b17011a-db1a-4f81-b66c-d44d1104daa1,2024-09-05,ERP_CORPORATIVO,TRANSACOES_FINANCEIRAS,11594,c5313da7155f7d1fd73e8fb7482ca74e8cd6c98f16d3570edf902b032c570303
TR-11595,15/08/24,2024-08-01,FIN,ACC-00059,DESPESA,1124,"1.112,07",BRL,Receita de comissão comercial - FIN,33,TED,PAGO,0b17011a-db1a-4f81-b66c-d44d1104daa1,2024-09-05,ERP_CORPORATIVO,TRANSACOES_FINANCEIRAS,11595,931f9ed8358aa78072a0de8d0766d5bf69799111dbe74780065c486fec0bbabb
TR-11596,27/08/2024,2024-08-01,OP,ACC-00059,RECEITA,1.093,1.093,BRL,Alimentação em viagem corporativa - OP,20,TED,PAGO,0b17011a-db1a-4f81-b66c-d44d1104daa1,2024-09-05,ERP_CORPORATIVO,TRANSACOES_FINANCEIRAS,11596,d63e31acd0ebc377e3f5860ffb5e924392ec247d3f0bd264cc7212fdf5bc0e58
TR-11597,12/08/24,2024-08-01,OP,ACC-00059,DESPESA,1.176,1176,BRL,Treinamento corporativo para equipe OP,30,PIX,PAGO,0b17011a-db1a-4f81-b66c-d44d1104daa1,2024-09-05,ERP_CORPORATIVO,TRANSACOES_FINANCEIRAS,11597,e51a4f2c9922382ccbd08dffed291a64d92694061a18723064f35af7a5dc1a0b
TR-11598,20/08/24,2024-08-01,ADM,ACC-00059,DESPESA,"1.411,26",1411.26,BRL,Custo operacional associado a ADM,8,TED,PAGO,0b17011a-db1a-4f81-b66c-d44d1104daa1,2024-09-05,ERP_CORPORATIVO,TRANSACOES_FINANCEIRAS,11598,684d595a883ab9b5ebe13eaa67fb2a757058e373bc2389c638fa06f1d990b4fd
TR-11599,Aug 27 2024,2024-08-01,COMP,ACC-00059,RECEITA,"3.225,88","3.225,88",BRL,Renovação de certificados digitais - COMP,26,BOLETO,PAGO,0b17011a-db1a-4f81-b66c-d44d1104daa1,2024-09-05,ERP_CORPORATIVO,TRANSACOES_FINANCEIRAS,11599,9fbd12d0673b716a668a8282d02dd7459aac31888ccc9f4e63262e261b880556
TR-11600,06/08/24,2024-08-01,OP,ACC-00059,RECEITA,1303.29,"R$1303,29",BRL,Despesa operacional - OP,8,PIX,PAGO,0b17011a-db1a-4f81-b66c-d44d1104daa1,2024-09-05,ERP_CORPORATIVO,TRANSACOES_FINANCEIRAS,11600,af90b33e2f7020353df600f0f26da0b385eb467a6c00b803a907c6c65dab32d7
TR-11601,19/08/24,2024-08-01,MKT,ACC-00059,DESPESA,"R$1396,83","1.396,83",BRL,Evento corporativo organizado por MKT,14,PIX,PAGO,0b17011a-db1a-4f81-b66c-d44d1104daa1,2024-09-05,ERP_CORPORATIVO,TRANSACOES_FINANCEIRAS,11601,37aa5559c7531b60fdaef7563ff3648d7fd46a3167bd354f16bcb11b6916c25b
TR-11602,09-08-2024,2024-08-01,TI,ACC-00059,RECEITA,"1.125,49","R$1125,49",BRL,Renovação de certificados digitais - TI,26,CARTAO,PAGO,0b17011a-db1a-4f81-b66c-d44d1104daa1,2024-09-05,ERP_CORPORATIVO,TRANSACOES_FINANCEIRAS,11602,7b06ed52823d70cb28ee1e5e06d1f35a44e221339bc7f603fc35fce76543ccf8
TR-12132,19/08/2024,2024-08-01,COMP,FORN-00063,RECEITA,"8.521,03",8180,BRL,Custo operacional associado a COMP,8,PIX,ATRASADO,0b17011a-db1a-4f81-b66c-d44d1104daa1,2024-09-05,ERP_CORPORATIVO,TRANSACOES_FINANCEIRAS,12132,89649b2ee579aab44c147e4ae1a5befe6469905a1f0a8c69bd5dc8fe64d69648
TR-12133,2024-08-20,2024-08-01,COM,FORN-00063,RECEITA,"R$6576,11",6349,BRL,Tributo incidente sobre receita de COM,40,TRANSFERENCIA,ATRASADO,0b17011a-db1a-4f81-b66c-d44d1104daa1,2024-09-05,ERP_CORPORATIVO,TRANSACOES_FINANCEIRAS,12133,82c3b32bd2e598f608b81724a95d2a8cc3fdca73fb9b8b419d0ec271153d95d5
TR-12134,Aug 15 2024,2024-08-01,ESG,FORN-00063,DESPESA,"7.481,48","7.205,29",BRL,Apólice de seguro - ESG,21,CARTAO,PAGO,0b17011a-db1a-4f81-b66c-d44d1104daa1,2024-09-05,ERP_CORPORATIVO,TRANSACOES_FINANCEIRAS,12134,564b9bacef358d52513bc6b2c4d9a97f85c394c0516fb19d1e0dc8fef4d112f2
TR-12135,2024-08-19,2024-08-01,FIN,FORN-00063,DESPESA,7686,7686.14,BRL,Contrato de SaaS vinculado a FIN,27,TRANSFERENCIA,PAGO,0b17011a-db1a-4f81-b66c-d44d1104daa1,2024-09-05,ERP_CORPORATIVO,TRANSACOES_FINANCEIRAS,12135,d49b0b19e2e9297b01733f435273180853e38c73c9443930ff52fc45f51e3d99
TR-12136,19/08/24,2024-08-01,COMP,FORN-00063,DESPESA,"R$ 8.927,56","R$8927,56",BRL,Passagem aérea para colaborador de COMP,18,PIX,PAGO,0b17011a-db1a-4f81-b66c-d44d1104daa1,2024-09-05,ERP_CORPORATIVO,TRANSACOES_FINANCEIRAS,12136,09bfad7816b3e4b18281ada38c60eabe6249d4f0a7b9b5f3ceeb27a7b0221117
TR-12137,08-09-2024,2024-08-01,OP,FORN-00063,RECEITA,"7.380,46",7380,BRL,Promoção e atividade externa - OP,14,CARTAO,PAGO,0b17011a-db1a-4f81-b66c-d44d1104daa1,2024-09-05,ERP_CORPORATIVO,TRANSACOES_FINANCEIRAS,12137,de564a462bd7b788033c42f46160e92138897547a992e11391c9b5f05f77131e
TR-12138,2024/08/13,2024-08-01,FIN,FORN-00063,DESPESA,"R$ 7.786,63",7.787,BRL,Compra de insumos para setor FIN,2,TRANSFERENCIA,PAGO,0b17011a-db1a-4f81-b66c-d44d1104daa1,2024-09-05,ERP_CORPORATIVO,TRANSACOES_FINANCEIRAS,12138,e5bfd0436ce4cc72289d5825160a92aeb09cfb0a9270f43bf4817e00d0dd6b4e
TR-12139,19-08-2024,2024-08-01,CPT,FORN-00063,DESPESA,8727.42,8727,BRL,Aquisição de material operacional - CPT,2,CARTAO,ATRASADO,0b17011a-db1a-4f81-b66c-d44d1104daa1,2024-09-05,ERP_CORPORATIVO,TRANSACOES_FINANCEIRAS,12139,5c2c0741c5699be592645dcd5e31f00d54c61235737998fa370403ac155e8f97
TR-12140,19-08-2024,2024-08-01,RH,FORN-00063,DESPESA,8.081,"R$7975,03",BRL,Investimento em marketing corporativo (RH),4,TRANSFERENCIA,PAGO,0b17011a-db1a-4f81-b66c-d44d1104daa1,2024-09-05,ERP_CORPORATIVO,TRANSACOES_FINANCEIRAS,12140,21ac11218e22c4de77f6eb788ff1f54cc971fa83e779c544bf22529c1975bf82
TR-12141,09/08/2024,2024-08-01,JUR,FORN-00063,RECEITA,9382,"R$ 9.192,12",BRL,Alimentação em viagem corporativa - JUR,20,CARTAO,ATRASADO,0b17011a-db1a-4f81-b66c-d44d1104daa1,2024-09-05,ERP_CORPORATIVO,TRANSACOES_FINANCEIRAS,12141,a1ce78434fb44084376e6d228a2969ee41d7b1e53614d7154acc54bde23a5c4f
TR-12142,2024-08-16,2024-08-01,TI,FORN-00063,RECEITA,7929,"7.928,71",BRL,Serviço relacionado a recursos humanos (TI),6,TRANSFERENCIA,PAGO,0b17011a-db1a-4f81-b66c-d44d1104daa1,2024-09-05,ERP_CORPORATIVO,TRANSACOES_FINANCEIRAS,12142,bfb928c46f1a3729da0c9d4fdd194a8f9cde815e64fa0fef07d90988513d40ab
TR-12395,Aug 27 2024,2024-08-01,RH,1000064,DESPESA,"1.916,31","1.916,31",BRL,Evento corporativo organizado por RH,14,TRANSFERENCIA,PAGO,0b17011a-db1a-4f81-b66c-d44d1104daa1,2024-09-05,ERP_CORPORATIVO,TRANSACOES_FINANCEIRAS,12395,121ee7ff611801bacfd943726003f5cd19b8190ad052f6fdb712658bb05e0da9
TR-12396,16/08/24,2024-08-01,LOG,1000064,DESPESA,1882,"1.821,67",BRL,Custo operacional associado a LOG,8,BOLETO,PAGO,0b17011a-db1a-4f81-b66c-d44d1104daa1,2024-09-05,ERP_CORPORATIVO,TRANSACOES_FINANCEIRAS,12396,3f11f153a79e33ec80028d24b5cceabc68fc4aeecdad6139c01b875217e15c4e
TR-12397,26/08/24,2024-08-01,COMP,1000064,RECEITA,"R$ 1.954,21","R$1954,21",BRL,Aquisição de material operacional - COMP,2,PIX,ATRASADO,0b17011a-db1a-4f81-b66c-d44d1104daa1,2024-09-05,ERP_CORPORATIVO,TRANSACOES_FINANCEIRAS,12397,168035dadd13f4ee9d5d29ca787006deca1125f7230dbb02251e44f8fa7c1bb7
TR-12398,08-06-2024,2024-08-01,RH,1000064,DESPESA,"R$ 1.708,60",1709,BRL,Compra de insumos para setor RH,2,BOLETO,PAGO,0b17011a-db1a-4f81-b66c-d44d1104daa1,2024-09-05,ERP_CORPORATIVO,TRANSACOES_FINANCEIRAS,12398,8c3170a982263669f7b990e8efcdd8b8f8568c89bb42f6208709fd482eeea1c3
TR-12399,Aug 26 2024,2024-08-01,OP,1000064,RECEITA,"R$ 1.716,21",1.716,BRL,Doação recebida em favor de OP,36,PIX,PAGO,0b17011a-db1a-4f81-b66c-d44d1104daa1,2024-09-05,ERP_CORPORATIVO,TRANSACOES_FINANCEIRAS,12399,491cf35cf2467abae08169d3e5e95f22ef931760826ac76c71c8420883e74dd9
TR-12400,26/08/24,2024-08-01,MKT,1000064,DESPESA,2.111,"R$ 2.110,72",BRL,Licenciamento de software - MKT,5,TED,PAGO,0b17011a-db1a-4f81-b66c-d44d1104daa1,2024-09-05,ERP_CORPORATIVO,TRANSACOES_FINANCEIRAS,12400,3919ada5cb345b5bc58082f166737aba6a0a0d39aacbee276820bd56f88091eb
TR-12401,13-08-2024,2024-08-01,RH,1000064,RECEITA,"1.981,06",1981,BRL,Propaganda e divulgação para área RH,13,PIX,PAGO,0b17011a-db1a-4f81-b66c-d44d1104daa1,2024-09-05,ERP_CORPORATIVO,TRANSACOES_FINANCEIRAS,12401,5f36f90ed828198682946af17b349e987f6ec96898fac539afac287ce2e91a16
TR-12402,06/08/2024,2024-08-01,COMP,1000064,DESPESA,"R$1928,75",1900,BRL,Manutenção estrutural vinculada à área COMP,3,BOLETO,PAGO,0b17011a-db1a-4f81-b66c-d44d1104daa1,2024-09-05,ERP_CORPORATIVO,TRANSACOES_FINANCEIRAS,12402,f645b632a5efcea183a8ecc3639f73e3c07b27a20e88e979da16d7f2ba057fda
TR-12403,26/08/2024,2024-08-01,OP,1000064,RECEITA,"1.490,60","R$ 1.490,60",BRL,Despesa jurídica da área OP,24,PIX,PAGO,0b17011a-db1a-4f81-b66c-d44d1104daa1,2024-09-05,ERP_CORPORATIVO,TRANSACOES_FINANCEIRAS,12403,cce89da767391dc2c805dabbbef1d17c387525da7c9fb764e4974b007d968175
TR-12404,2024-08-23,2024-08-01,COM,1000064,DESPESA,2.176,"2.175,86",BRL,Prestação de serviço para área COM,1,BOLETO,ATRASADO,0b17011a-db1a-4f81-b66c-d44d1104daa1,2024-09-05,ERP_CORPORATIVO,TRANSACOES_FINANCEIRAS,12404,a864f522b1d1250fc6c29e317ee4198dbf10c11d168bcf603a9778b4ada13578
TR-12405,26/08/2024,2024-08-01,COM,1000064,DESPESA,2.943,"R$2942,81",BRL,Aquisição de material operacional - COM,2,TED,PAGO,0b17011a-db1a-4f81-b66c-d44d1104daa1,2024-09-05,ERP_CORPORATIVO,TRANSACOES_FINANCEIRAS,12405,b575f16fae3c7c100bee265ee20bb98cb627046d65fd02dbb41d53833134d065
TR-12406,2024-08-12,2024-08-01,COM,1000064,DESPESA,1820.20,"R$ 1.820,20",BRL,Despesa de infraestrutura - COM,3,PIX,PAGO,0b17011a-db1a-4f81-b66c-d44d1104daa1,2024-09-05,ERP_CORPORATIVO,TRANSACOES_FINANCEIRAS,12406,9c5c8fbef4a621cb9538fe538d7154f69294493292906b8f43b87f7e9a1a1af3
TR-12407,12/08/2024,2024-08-01,MKT,1000064,DESPESA,"R$ 1.870,89","1.870,89",BRL,Diária de hotel para equipe MKT,19,TRANSFERENCIA,PAGO,0b17011a-db1a-4f81-b66c-d44d1104daa1,2024-09-05,ERP_CORPORATIVO,TRANSACOES_FINANCEIRAS,12407,e7fa0105a0c822984ed0a59d3d2b9f5e2f3fa23ad56d41dc8d462c1349642db9
TR-12408,2024-08-15,2024-08-01,PRD,1000064,RECEITA,"R$ 1.818,67","R$ 1.818,67",BRL,Despesa operacional - PRD,8,BOLETO,PAGO,0b17011a-db1a-4f81-b66c-d44d1104daa1,2024-09-05,ERP_CORPORATIVO,TRANSACOES_FINANCEIRAS,12408,a08cb9e2e811ff92e03a5ac937a90d3ae4c8e9eacce6e027b5377260273befee
TR-12595,Aug 12 2024,2024-08-01,ATD,1000065,DESPESA,"R$ 3.116,88",3116.88,BRL,Abatimento comercial registrado em ATD,38,TRANSFERENCIA,PAGO,0b17011a-db1a-4f81-b66c-d44d1104daa1,2024-09-05,ERP_CORPORATIVO,TRANSACOES_FINANCEIRAS,12595,3cb8f931aa6e48c6053a23f6a0c399dc75618169a463843d9a96151890a52d47
TR-12596,2024-08-13,2024-08-01,COM,1000065,DESPESA,"R$ 2.949,65","2.837,39",BRL,Contrato de serviço - setor COM,1,PIX,ATRASADO,0b17011a-db1a-4f81-b66c-d44d1104daa1,2024-09-05,ERP_CORPORATIVO,TRANSACOES_FINANCEIRAS,12596,3fca13a833e26dc50074d102c471f3d83ad242597d61cc682bebadd1e85340ce
TR-12597,07-08-2024,2024-08-01,OP,1000065,RECEITA,2807.78,"R$2807,78",BRL,Manutenção predial solicitada por OP,10,TED,PAGO,0b17011a-db1a-4f81-b66c-d44d1104daa1,2024-09-05,ERP_CORPORATIVO,TRANSACOES_FINANCEIRAS,12597,872c1481398efbeb81a7e34c8d428fdffb9e4752c410fe4de70b63b419dfbd20
TR-12598,08-07-2024,2024-08-01,RH,1000065,RECEITA,"R$3074,73","R$2953,34",BRL,Receita extraordinária - RH,37,PIX,PAGO,0b17011a-db1a-4f81-b66c-d44d1104daa1,2024-09-05,ERP_CORPORATIVO,TRANSACOES_FINANCEIRAS,12598,f5762cda2fd97218d838390ebcf3ab602ecc86fe2f3f64561de4ee8e72a713a5
TR-12599,2024-08-19,2024-08-01,OP,1000065,DESPESA,3384.45,3384.45,BRL,Compra de insumos para setor OP,2,TED,PAGO,0b17011a-db1a-4f81-b66c-d44d1104daa1,2024-09-05,ERP_CORPORATIVO,TRANSACOES_FINANCEIRAS,12599,c88bd073ac99dedbf1f9e4c220346e169bd8e3c8e71b478f75fb00f1f0f02043
TR-12600,08-05-2024,2024-08-01,PES,1000065,DESPESA,3070.82,3.071,BRL,Alienação de bem patrimonial - PES,35,TED,PAGO,0b17011a-db1a-4f81-b66c-d44d1104daa1,2024-09-05,ERP_CORPORATIVO,TRANSACOES_FINANCEIRAS,12600,7e319691a05c40a334878e31dce6098bdd8e5c1365eaf8b0c315f3fe8ca86ab8
TR-12601,26-08-2024,2024-08-01,QAS,1000065,RECEITA,2576.77,"R$ 2.504,70",BRL,Compra de insumos para setor QAS,2,TED,CANCELADO,0b17011a-db1a-4f81-b66c-d44d1104daa1,2024-09-05,ERP_CORPORATIVO,TRANSACOES_FINANCEIRAS,12601,9027c451b2316a460643284505215acc849920476f9b9a0b6642320f32920052
TR-12602,2024/08/19,2024-08-01,JUR,1000065,DESPESA,"R$ 2.363,15","R$ 2.245,87",BRL,Compra de insumos para setor JUR,2,TRANSFERENCIA,PAGO,0b17011a-db1a-4f81-b66c-d44d1104daa1,2024-09-05,ERP_CORPORATIVO,TRANSACOES_FINANCEIRAS,12602,91607c38169bebdb647748f7d0fabb9e89ef946d397fd1174dd2e8ab3faa8404
TR-12603,08-20-2024,2024-08-01,FIN,1000065,DESPESA,"R$ 2.396,22","2.396,22",BRL,Investimento em marketing corporativo (FIN),4,TRANSFERENCIA,PAGO,0b17011a-db1a-4f81-b66c-d44d1104daa1,2024-09-05,ERP_CORPORATIVO,TRANSACOES_FINANCEIRAS,12603,5a1d01583ca645b2b49a21606f50d6ce9415976cd0313177f9186cdc5cf67360
TR-12604,2024/08/15,2024-08-01,MKT,1000065,DESPESA,"R$ 3.111,89","R$ 3.111,89",BRL,Receita de comissão comercial - MKT,33,PIX,CANCELADO,0b17011a-db1a-4f81-b66c-d44d1104daa1,2024-09-05,ERP_CORPORATIVO,TRANSACOES_FINANCEIRAS,12604,ea52ed100b62846213058dbf78f1b75b82cdb881b1694d7a864dcce4e838011c
TR-12605,12-08-2024,2024-08-01,CPT,1000065,RECEITA,2.645,"R$2644,68",BRL,Honorarium advocatício - CPT,24,TED,PAGO,0b17011a-db1a-4f81-b66c-d44d1104daa1,2024-09-05,ERP_CORPORATIVO,TRANSACOES_FINANCEIRAS,12605,c8e30c362c0b3fe7892ca4b3dc4ddcab97d362048b3639f2fc41c52672140082
TR-12606,26-08-2024,2024-08-01,LOG,1000065,RECEITA,"3.096,17",3096,BRL,Honorários jurídicos - LOG,7,TRANSFERENCIA,PAGO,0b17011a-db1a-4f81-b66c-d44d1104daa1,2024-09-05,ERP_CORPORATIVO,TRANSACOES_FINANCEIRAS,12606,5a600c7b9eb41097dbafcb64cdc44df47514a38f77ec741d6ebbb32df99119ad
TR-12607,Aug 27 2024,2024-08-01,QAS,1000065,DESPESA,2726,2726,BRL,Contrato de serviço - setor QAS,1,PIX,PAGO,0b17011a-db1a-4f81-b66c-d44d1104daa1,2024-09-05,ERP_CORPORATIVO,TRANSACOES_FINANCEIRAS,12607,b8cf254ea80ececa439a14193bcd4d1a97579c1853b9dfcc199f758aefe2384c
TR-12608,27/08/24,2024-08-01,TI,1000065,RECEITA,"R$ 2.965,76",2965.76,BRL,Campanha institucional - TI,4,TED,PAGO,0b17011a-db1a-4f81-b66c-d44d1104daa1,2024-09-05,ERP_CORPORATIVO,TRANSACOES_FINANCEIRAS,12608,a8767ecf12b14bfa5fb740dd215e8992854cfdabda3e64ad083902179731fab2
TR-12609,2024/08/12,2024-08-01,PES,1000065,RECEITA,3060.07,"R$3060,07",BRL,Contrato de consultoria externa - PES,12,BOLETO,PAGO,0b17011a-db1a-4f81-b66c-d44d1104daa1,2024-09-05,ERP_CORPORATIVO,TRANSACOES_FINANCEIRAS,12609,7f56d7af25a81138a2c03e19d856488878f7b3e03bcbd8183660673511f8216b
TR-12610,08-13-2024,2024-08-01,COMP,1000065,RECEITA,"R$ 2.638,06",2.638,BRL,Evento corporativo organizado por COMP,14,CARTAO,PAGO,0b17011a-db1a-4f81-b66c-d44d1104daa1,2024-09-05,ERP_CORPORATIVO,TRANSACOES_FINANCEIRAS,12610,c10f287009b4fd1653e57e4f4e3cc8d3dbe23b6147baed9957125ede8a36e4b2
TR-12611,12-08-2024,2024-08-01,VND,1000065,RECEITA,3098,3.098,BRL,Assessoria contábil prestada a VND,25,CARTAO,PAGO,0b17011a-db1a-4f81-b66c-d44d1104daa1,2024-09-05,ERP_CORPORATIVO,TRANSACOES_FINANCEIRAS,12611,8e6254ad8dd79ef04a70787dfec858dbc6dd335b56481aac22a52f37d65aabb1
TR-12612,2024/08/08,2024-08-01,ADM,1000065,DESPESA,"R$2670,74",2575,BRL,Manutenção preventiva de veículos - ADM,17,TED,ATRASADO,0b17011a-db1a-4f81-b66c-d44d1104daa1,2024-09-05,ERP_CORPORATIVO,TRANSACOES_FINANCEIRAS,12612,021a72fa9808575db390b48effec7adc90c801191fbbf8d7a86c7956c1a41a2c
TR-12613,2024-08-19,2024-08-01,ESG,1000065,DESPESA,"R$2659,47",2.659,BRL,Reparo e conservação de instalações - ESG,10,TED,PAGO,0b17011a-db1a-4f81-b66c-d44d1104daa1,2024-09-05,ERP_CORPORATIVO,TRANSACOES_FINANCEIRAS,12613,86a4dd006998255937acd98d3ead20ba06a18822dd08d0b66d1df6de1e6458d4
TR-12614,20/08/24,2024-08-01,ADM,1000065,DESPESA,3.097,3048.14,BRL,Doação recebida em favor de ADM,36,PIX,ATRASADO,0b17011a-db1a-4f81-b66c-d44d1104daa1,2024-09-05,ERP_CORPORATIVO,TRANSACOES_FINANCEIRAS,12614,db8f92a65051f76fc9e8b2d174b3c9e8ff305840d579c6e5ab4dd6efccf88bbf
TR-12615,2024-08-23,2024-08-01,VND,1000065,RECEITA,3039,2.999,BRL,Custo operacional associado a VND,8,TED,ATRASADO,0b17011a-db1a-4f81-b66c-d44d1104daa1,2024-09-05,ERP_CORPORATIVO,TRANSACOES_FINANCEIRAS,12615,2e4511f5ec816777c6b8386f228bbe9186ef6564e10b656a6feffdd3763fc021
TR-12984,2024-08-23,2024-08-01,CPT,ACC-00067,RECEITA,3299.53,3299.53,BRL,Abastecimento de veículos - CPT,16,CARTAO,PAGO,0b17011a-db1a-4f81-b66c-d44d1104daa1,2024-09-05,ERP_CORPORATIVO,TRANSACOES_FINANCEIRAS,12984,2c3b2ef0c4feb3852b45733e5d1aa15906024b30b851e19f6a4fb798259c083f
TR-12985,26/08/2024,2024-08-01,ESG,ACC-00067,DESPESA,"R$3633,56","R$3633,56",BRL,Aquisição de material operacional - ESG,2,PIX,PAGO,0b17011a-db1a-4f81-b66c-d44d1104daa1,2024-09-05,ERP_CORPORATIVO,TRANSACOES_FINANCEIRAS,12985,97825cf22d938ff27f586817e08afae292509c97203cd8cf0411086247aacf64
TR-12986,2024/08/05,2024-08-01,COM,ACC-00067,DESPESA,7421.34,"R$ 7.421,34",BRL,Royalties recebidos por COM,32,CARTAO,PAGO,0b17011a-db1a-4f81-b66c-d44d1104daa1,2024-09-05,ERP_CORPORATIVO,TRANSACOES_FINANCEIRAS,12986,47ad141ac3797eb526b8d1542c7db6b7c4be4e6be03a5d3bfbbc6434d4d013ac
TR-12987,Aug 19 2024,2024-08-01,OP,ACC-00067,DESPESA,"R$ 3.417,47","R$ 3.301,24",BRL,Serviço especializado solicitado por OP,1,BOLETO,PAGO,0b17011a-db1a-4f81-b66c-d44d1104daa1,2024-09-05,ERP_CORPORATIVO,TRANSACOES_FINANCEIRAS,12987,16831b8ea6b5436ef3c29dcff3f89ccb18343ec38e0b7aeec0a209ee5b780d7c
TR-12988,2024/08/16,2024-08-01,TI,ACC-00067,DESPESA,"R$ 3.737,52",3561,BRL,Custo operacional associado a TI,8,PIX,PAGO,0b17011a-db1a-4f81-b66c-d44d1104daa1,2024-09-05,ERP_CORPORATIVO,TRANSACOES_FINANCEIRAS,12988,318e93f654a1799e5551c195b2fbc9ae29c3821a355afa29d6239f5d5a4a57b6
TR-12989,2024/08/05,2024-08-01,ADM,ACC-00067,DESPESA,"3.628,67","3.530,78",BRL,Combustível e lubrificantes para frota (ADM),16,TRANSFERENCIA,PAGO,0b17011a-db1a-4f81-b66c-d44d1104daa1,2024-09-05,ERP_CORPORATIVO,TRANSACOES_FINANCEIRAS,12989,ba25b1337d9beacd9f9a01aab49a0c9f444fbfb8438f6a9f7c3af3d526aaf6b8
TR-12990,19-08-2024,2024-08-01,OP,ACC-00067,RECEITA,"R$4296,96",4297,BRL,Serviço especializado solicitado por OP,1,TED,PAGO,0b17011a-db1a-4f81-b66c-d44d1104daa1,2024-09-05,ERP_CORPORATIVO,TRANSACOES_FINANCEIRAS,12990,da73a458fe888c60119470dcd818f2a49b505d95e200c97ed0ae076fb61385f8
TR-12991,14-08-2024,2024-08-01,COMP,ACC-00067,RECEITA,"R$ 3.857,56","R$ 3.786,49",BRL,Promoção e atividade externa - COMP,14,PIX,PAGO,0b17011a-db1a-4f81-b66c-d44d1104daa1,2024-09-05,ERP_CORPORATIVO,TRANSACOES_FINANCEIRAS,12991,0cdf3cd7e94baaaec51cdc056f6ebd55c89e292bc4846be357d97dabcfc6fe33
TR-12992,Aug 05 2024,2024-08-01,VND,ACC-00067,DESPESA,3.258,"3.258,02",BRL,Prestação de serviço para área VND,1,PIX,PAGO,0b17011a-db1a-4f81-b66c-d44d1104daa1,2024-09-05,ERP_CORPORATIVO,TRANSACOES_FINANCEIRAS,12992,a8aa766e9d64db7753c7fcdf615de9236cd688066c99328c99b59e7c15f1c7a3
TR-12993,19/08/24,2024-08-01,QAS,ACC-00067,DESPESA,3.380,"R$3380,01",BRL,Reparo de hardware solicitado por QAS,28,CARTAO,CANCELADO,0b17011a-db1a-4f81-b66c-d44d1104daa1,2024-09-05,ERP_CORPORATIVO,TRANSACOES_FINANCEIRAS,12993,c1ca863766e0946fa715497480c89fdb8367be522a9109ad66607a3dbb54d3e1
TR-12994,08-29-2024,2024-08-01,OP,ACC-00067,RECEITA,3067,3015.33,BRL,Juros sobre operação financeira - OP,23,PIX,ATRASADO,0b17011a-db1a-4f81-b66c-d44d1104daa1,2024-09-05,ERP_CORPORATIVO,TRANSACOES_FINANCEIRAS,12994,220c2116dbbacb03fa83883adc4d1b16bbde51b43f4883a8c70e6edeccb9ee07
TR-12995,2024/08/19,2024-08-01,COM,ACC-00067,RECEITA,"R$3191,70",3.192,BRL,Promoção e atividade externa - COM,14,TED,PAGO,0b17011a-db1a-4f81-b66c-d44d1104daa1,2024-09-05,ERP_CORPORATIVO,TRANSACOES_FINANCEIRAS,12995,bc1faafa0e3aa25c313eb1bf769e13cadf4799d5fc3f15733941c01482df9b0e
TR-12996,2024/08/19,2024-08-01,MKT,ACC-00067,DESPESA,3.991,"R$ 3.991,14",BRL,Contrato de serviço - setor MKT,1,PIX,PAGO,0b17011a-db1a-4f81-b66c-d44d1104daa1,2024-09-05,ERP_CORPORATIVO,TRANSACOES_FINANCEIRAS,12996,bebb5a70bec4df5a14c6e4a94c587543b5e3dbb0a297c94459c8208f9d2841fd
TR-12997,2024/08/26,2024-08-01,TI,ACC-00067,DESPESA,"3.421,50","3.421,50",BRL,Compra de insumos para setor TI,2,TRANSFERENCIA,PAGO,0b17011a-db1a-4f81-b66c-d44d1104daa1,2024-09-05,ERP_CORPORATIVO,TRANSACOES_FINANCEIRAS,12997,d983575a04c870f315be2364652c2f91f0eeac210e2a237b32a5e2b538b4d398
TR-12998,20-08-2024,2024-08-01,TI,ACC-00067,DESPESA,3.063,"2.994,53",BRL,Encargos de empréstimo vinculados a TI,23,TRANSFERENCIA,PAGO,0b17011a-db1a-4f81-b66c-d44d1104daa1,2024-09-05,ERP_CORPORATIVO,TRANSACOES_FINANCEIRAS,12998,3bbcedc7367bb5e449bb15171dd8499a61957ecc9ae428418be0bf6adec83316
TR-12999,Aug 21 2024,2024-08-01,CPT,ACC-00067,RECEITA,"R$2895,43",2.895,BRL,Reparo de frota vinculado à área CPT,17,BOLETO,PAGO,0b17011a-db1a-4f81-b66c-d44d1104daa1,2024-09-05,ERP_CORPORATIVO,TRANSACOES_FINANCEIRAS,12999,e881b4b1acb9b07570b84933aa5e9b29665df3957ccaacc988089eab1ec2641d
TR-13000,2024/08/08,2024-08-01,CTB,ACC-00067,DESPESA,"R$ 3.036,44",3036.44,BRL,Aquisição de material operacional - CTB,2,PIX,PAGO,0b17011a-db1a-4f81-b66c-d44d1104daa1,2024-09-05,ERP_CORPORATIVO,TRANSACOES_FINANCEIRAS,13000,736fc1034b866b1ee59626c4cab267cc4b31428a2c07f3ca03800270356e0187
TR-13001,Aug 06 2024,2024-08-01,FIN,ACC-00067,RECEITA,"R$ 3.246,58",3.247,BRL,Propaganda e divulgação para área FIN,13,BOLETO,PAGO,0b17011a-db1a-4f81-b66c-d44d1104daa1,2024-09-05,ERP_CORPORATIVO,TRANSACOES_FINANCEIRAS,13001,90e7ec9dfde9571879f4222804d08e234a0f6ace83a912f88ff94714c8f21234
TR-13002,2024/08/26,2024-08-01,VND,ACC-00067,DESPESA,3.519,3519,BRL,Honorarium advocatício - VND,24,PIX,PAGO,0b17011a-db1a-4f81-b66c-d44d1104daa1,2024-09-05,ERP_CORPORATIVO,TRANSACOES_FINANCEIRAS,13002,ae6eb525953f2cc19ab39619bb18216a4247f073148a70d9804df62e1fc63ce3
TR-13003,26-08-2024,2024-08-01,COMP,ACC-00067,RECEITA,"R$ 3.381,10","R$3381,10",BRL,Receita eventual registrada em COMP,37,BOLETO,PAGO,0b17011a-db1a-4f81-b66c-d44d1104daa1,2024-09-05,ERP_CORPORATIVO,TRANSACOES_FINANCEIRAS,13003,1f4d8eff25cc37a92ac4ca22ea2c3f47873401034cb1c2dcab521a5eb3629c55
TR-13004,2024-08-12,2024-08-01,FIN,ACC-00067,DESPESA,"R$3772,37","R$3772,37",BRL,Viagem corporativa - FIN,18,TED,ATRASADO,0b17011a-db1a-4f81-b66c-d44d1104daa1,2024-09-05,ERP_CORPORATIVO,TRANSACOES_FINANCEIRAS,13004,6cdd111dd27465fa9526a7b2274a06ef2976a151fc443a0e08a9f86d777d8e54
TR-13005,2024/08/22,2024-08-01,COM,ACC-00067,DESPESA,"R$ 3.203,59","R$3141,52",BRL,Manutenção estrutural vinculada à área COM,3,BOLETO,PAGO,0b17011a-db1a-4f81-b66c-d44d1104daa1,2024-09-05,ERP_CORPORATIVO,TRANSACOES_FINANCEIRAS,13005,d6ae2755db2bdbc3829c0f7a0b410a4648e213a9cb98915fa4b50617bbf068cf
TR-13006,08-26-2024,2024-08-01,PRD,ACC-00067,RECEITA,"R$3976,89",3.930,BRL,Reparo e conservação de instalações - PRD,10,PIX,ATRASADO,0b17011a-db1a-4f81-b66c-d44d1104daa1,2024-09-05,ERP_CORPORATIVO,TRANSACOES_FINANCEIRAS,13006,76715be1348d85612b331e51459346005c47fb5895210529aecdf2eea9060645
TR-13007,12/08/2024,2024-08-01,FIN,ACC-00067,DESPESA,"3.470,23","3.470,23",BRL,Hospedagem em viagem a serviço de FIN,19,BOLETO,PAGO,0b17011a-db1a-4f81-b66c-d44d1104daa1,2024-09-05,ERP_CORPORATIVO,TRANSACOES_FINANCEIRAS,13007,64ee869e2d30c3528a6efd0ebd0b16855d2e801d8fb8b20e9e567c011936e6d2
TR-13008,2024/08/08,2024-08-01,MKT,ACC-00067,RECEITA,"R$ 3.682,84","3.544,91",BRL,Contrato de consultoria externa - MKT,12,PIX,ATRASADO,0b17011a-db1a-4f81-b66c-d44d1104daa1,2024-09-05,ERP_CORPORATIVO,TRANSACOES_FINANCEIRAS,13008,9c7f38c70391a69cdb2baed395effe374f9e1915b1e6c3015ad5bc59c07536aa
TR-13009,12-08-2024,2024-08-01,COM,ACC-00067,RECEITA,3.340,3339.55,BRL,Despesa operacional - COM,8,BOLETO,PAGO,0b17011a-db1a-4f81-b66c-d44d1104daa1,2024-09-05,ERP_CORPORATIVO,TRANSACOES_FINANCEIRAS,13009,4682fa3ad3a678e5869fe7b7cb1510144b5604fc9c16aa505a79a6efa0d01fa4
TR-13156,2024/08/02,2024-08-01,COM,FORN-00068,RECEITA,"971,86","R$971,86",BRL,Recebimento de subvenção - COM,36,PIX,PAGO,0b17011a-db1a-4f81-b66c-d44d1104daa1,2024-09-05,ERP_CORPORATIVO,TRANSACOES_FINANCEIRAS,13156,52f6c45f73971220bc47e0ac07bf72302e04d48c4b470dc71b788df89c987a6f
TR-13157,12/08/24,2024-08-01,PJT,FORN-00068,RECEITA,1226,"1.225,71",EUR,Abastecimento de veículos - PJT,16,PIX,PAGO,0b17011a-db1a-4f81-b66c-d44d1104daa1,2024-09-05,ERP_CORPORATIVO,TRANSACOES_FINANCEIRAS,13157,c4999a24d602af9f28ea812ed27d4829d4fde586778e69d8176bd7580e3c3cca
TR-13158,2024-08-26,2024-08-01,COMP,FORN-00068,RECEITA,"R$ 1.178,02","R$ 1.147,63",BRL,Consultoria estratégica para área COMP,12,TED,PAGO,0b17011a-db1a-4f81-b66c-d44d1104daa1,2024-09-05,ERP_CORPORATIVO,TRANSACOES_FINANCEIRAS,13158,f222e7c96e2b58f7b8e51dc13f14535b2636f86ce68368e07bf04e1260f7f429
TR-13159,14-08-2024,2024-08-01,OP,FORN-00068,RECEITA,968,"R$ 949,63",BRL,Serviço de tecnologia contratado por OP,5,TRANSFERENCIA,PAGO,0b17011a-db1a-4f81-b66c-d44d1104daa1,2024-09-05,ERP_CORPORATIVO,TRANSACOES_FINANCEIRAS,13159,e19b4ab59c2952303d8bfd0da7a67d6b6b6cafe984a6539eb128cd3d940261c3
TR-13160,08-15-2024,2024-08-01,PES,FORN-00068,DESPESA,"1.220,98","1.220,98",BRL,Despesa operacional - PES,8,BOLETO,PAGO,0b17011a-db1a-4f81-b66c-d44d1104daa1,2024-09-05,ERP_CORPORATIVO,TRANSACOES_FINANCEIRAS,13160,15402e664657e4739fc07cf2263281e788b38d2405283e6fbf85fb9cfada95f2
TR-13161,19-08-2024,2024-08-01,CTB,FORN-00068,DESPESA,1.364,"1.364,11",BRL,Licença de software para área CTB,27,TED,PAGO,0b17011a-db1a-4f81-b66c-d44d1104daa1,2024-09-05,ERP_CORPORATIVO,TRANSACOES_FINANCEIRAS,13161,460e5b53d12712b15dececc461db8725bf5becd49f3bfa6e5c3647f0eaf882e7
TR-13162,2024-08-16,2024-08-01,CPT,FORN-00068,DESPESA,"R$1177,34","R$1177,34",USD,Campanha institucional - CPT,4,CARTAO,ATRASADO,0b17011a-db1a-4f81-b66c-d44d1104daa1,2024-09-05,ERP_CORPORATIVO,TRANSACOES_FINANCEIRAS,13162,1f7006a3644dc8ad071beb91cdfeed9f0b6874d51427ea99fd86ac5f5307a065
TR-13163,2024-08-12,2024-08-01,CTB,FORN-00068,RECEITA,"R$1203,61",1.204,BRL,Certificado digital adquirido por CTB,26,PIX,CANCELADO,0b17011a-db1a-4f81-b66c-d44d1104daa1,2024-09-05,ERP_CORPORATIVO,TRANSACOES_FINANCEIRAS,13163,17593cb78dd769d641216330a20671f869e242b94df597acf2167403da019cd6
TR-13164,2024/08/16,2024-08-01,COMP,FORN-00068,DESPESA,"R$ 1.023,62",1.024,BRL,Honorários jurídicos - COMP,7,BOLETO,PAGO,0b17011a-db1a-4f81-b66c-d44d1104daa1,2024-09-05,ERP_CORPORATIVO,TRANSACOES_FINANCEIRAS,13164,7f936aabcb4f578c1f0679579f9304ffd2ae616b4df0cc50e54ae66bee329758
TR-13165,16/08/2024,2024-08-01,COMP,FORN-00068,DESPESA,1.070,1.070,BRL,Aquisição de material operacional - COMP,2,PIX,PAGO,0b17011a-db1a-4f81-b66c-d44d1104daa1,2024-09-05,ERP_CORPORATIVO,TRANSACOES_FINANCEIRAS,13165,33f5f4a0a3b9260192d88883fa10b688cd4bdccd0dcb1f1aad5729c8c9c6fe55
TR-13166,07-08-2024,2024-08-01,COMP,FORN-00068,DESPESA,"R$ 1.028,49",984,BRL,Devolução de venda processada por COMP,39,BOLETO,ATRASADO,0b17011a-db1a-4f81-b66c-d44d1104daa1,2024-09-05,ERP_CORPORATIVO,TRANSACOES_FINANCEIRAS,13166,9cb3bdac2b1fafde2b51d696313cd48289d160c046c63106c32b419cc2f884c4
TR-13167,19-08-2024,2024-08-01,TI,FORN-00068,RECEITA,1185,"1.184,67",BRL,Contrato de conectividade para área TI,9,TRANSFERENCIA,PAGO,0b17011a-db1a-4f81-b66c-d44d1104daa1,2024-09-05,ERP_CORPORATIVO,TRANSACOES_FINANCEIRAS,13167,5870ab3c2cb1c397be1c121c60ae893bc5a1a0c7cb3f681995f1a797728a27e8
TR-13168,19/08/24,2024-08-01,RH,FORN-00068,RECEITA,"R$ 1.081,21",1081.21,BRL,Investimento em marketing corporativo (RH),4,TRANSFERENCIA,PAGO,0b17011a-db1a-4f81-b66c-d44d1104daa1,2024-09-05,ERP_CORPORATIVO,TRANSACOES_FINANCEIRAS,13168,cffbe221372c9bb8aad80105210b9992422bf9cefd2d23834ec7adccc35786d7
TR-13473,16/08/2024,2024-08-01,RH,ACC-00069,DESPESA,"R$5490,02","R$ 5.256,67",BRL,Contrato de SaaS vinculado a RH,27,CARTAO,ATRASADO,0b17011a-db1a-4f81-b66c-d44d1104daa1,2024-09-05,ERP_CORPORATIVO,TRANSACOES_FINANCEIRAS,13473,03ad34f38056114da4fdf888e4949811b130fd3c550cee59da3462a0fc5b65ad
TR-13474,2024/08/12,2024-08-01,PES,ACC-00069,DESPESA,6525.26,"R$6525,26",BRL,Taxas bancárias incidentes em PES,22,BOLETO,PAGO,0b17011a-db1a-4f81-b66c-d44d1104daa1,2024-09-05,ERP_CORPORATIVO,TRANSACOES_FINANCEIRAS,13474,6f8c5ab4e2c663a149273aca8339cc457506d66ced536474843d9552c3c71a5d
TR-13475,12/08/2024,2024-08-01,FIN,ACC-00069,RECEITA,"R$ 5.242,22",5242.22,BRL,Publicidade institucional - FIN,13,TED,ATRASADO,0b17011a-db1a-4f81-b66c-d44d1104daa1,2024-09-05,ERP_CORPORATIVO,TRANSACOES_FINANCEIRAS,13475,8305405c97029e3866db538b2ffb3592b65a2c49bc7666518a896db2c8193463
TR-13476,2024-08-13,2024-08-01,RH,ACC-00069,RECEITA,6009.36,6009,BRL,Honorários profissionais contratados por RH,11,BOLETO,PAGO,0b17011a-db1a-4f81-b66c-d44d1104daa1,2024-09-05,ERP_CORPORATIVO,TRANSACOES_FINANCEIRAS,13476,1593d6191ffef56eaea56218a77a272465244ffa3259869bd032fdf5db8a6b77
TR-13477,Aug 09 2024,2024-08-01,QAS,ACC-00069,DESPESA,19530,"R$ 19.530,16",BRL,Despesa de infraestrutura - QAS,3,TED,PAGO,0b17011a-db1a-4f81-b66c-d44d1104daa1,2024-09-05,ERP_CORPORATIVO,TRANSACOES_FINANCEIRAS,13477,27c4b62dd6946268563c012640d9168a557b9bdb0d879b8745d58b5150cd3663
TR-13478,08/08/24,2024-08-01,ESG,ACC-00069,DESPESA,5696,5.696,BRL,Contrato de serviço - setor ESG,1,BOLETO,PAGO,0b17011a-db1a-4f81-b66c-d44d1104daa1,2024-09-05,ERP_CORPORATIVO,TRANSACOES_FINANCEIRAS,13478,18216a880f073d7f5bd2f0dc46f13639d367466c8ec74432a9b94ddfbf46cc7a
TR-13479,2024/08/20,2024-08-01,QAS,ACC-00069,DESPESA,5699.91,5598,BRL,Viagem corporativa - QAS,18,BOLETO,ATRASADO,0b17011a-db1a-4f81-b66c-d44d1104daa1,2024-09-05,ERP_CORPORATIVO,TRANSACOES_FINANCEIRAS,13479,3384849044aee19100e4eff49e8c9cade3d4ae816b5fe5e3425f6cefcf5b8aef
TR-13683,22-08-2024,2024-08-01,TI,1000069,RECEITA,"1.917,93",1875,BRL,Honorarium advocatício - TI,24,PIX,ATRASADO,0b17011a-db1a-4f81-b66c-d44d1104daa1,2024-09-05,ERP_CORPORATIVO,TRANSACOES_FINANCEIRAS,13683,297ff31f4c801e8c49c6452ad76f3182c2a1fddffc48cb91f50edd233dd39848
TR-13684,Aug 14 2024,2024-08-01,PJT,1000069,DESPESA,"R$2244,93","2.244,93",BRL,Resultado de equivalência patrimonial - PJT,34,TED,PAGO,0b17011a-db1a-4f81-b66c-d44d1104daa1,2024-09-05,ERP_CORPORATIVO,TRANSACOES_FINANCEIRAS,13684,23088c5eb20a78f48321ccf7518df43e789978d7a22a95945a2fb64557b66acd
TR-13685,2024/08/09,2024-08-01,PRD,1000069,RECEITA,"R$ 1.556,34",1556,BRL,Resultado de equivalência patrimonial - PRD,34,BOLETO,PAGO,0b17011a-db1a-4f81-b66c-d44d1104daa1,2024-09-05,ERP_CORPORATIVO,TRANSACOES_FINANCEIRAS,13685,2106857ecd9ed072047db2a8c09e957c84b0388ac6cc2d972d123bbe9394cdeb
TR-13686,Aug 09 2024,2024-08-01,JUR,1000069,RECEITA,"2.080,36","2.080,36",BRL,Consultoria estratégica para área JUR,12,CARTAO,PAGO,0b17011a-db1a-4f81-b66c-d44d1104daa1,2024-09-05,ERP_CORPORATIVO,TRANSACOES_FINANCEIRAS,13686,b78c820b8b11abfab3fb32570123e0e5399d5d01977eabe91a21099c388e0634
TR-13687,20/08/2024,2024-08-01,COMP,1000069,DESPESA,"R$1923,16","R$1879,38",BRL,Venda de ativo imobilizado por COMP,35,TED,PAGO,0b17011a-db1a-4f81-b66c-d44d1104daa1,2024-09-05,ERP_CORPORATIVO,TRANSACOES_FINANCEIRAS,13687,9bee8e76ec853c7226705f99eb4c397122b409d6289782c00a47780b9c23b8be
TR-13688,2024/08/26,2024-08-01,TI,1000069,DESPESA,"R$ 1.927,96",1901,USD,Assessoria legal vinculada à área TI,7,CARTAO,PAGO,0b17011a-db1a-4f81-b66c-d44d1104daa1,2024-09-05,ERP_CORPORATIVO,TRANSACOES_FINANCEIRAS,13688,43133f41fc3eb7fda12d09d90eceda040f95febf21e699db06a1a977e734959e
TR-13689,2024/08/20,2024-08-01,COMP,1000069,DESPESA,"R$ 1.862,70","1.862,70",BRL,Assessoria contábil prestada a COMP,25,PIX,PAGO,0b17011a-db1a-4f81-b66c-d44d1104daa1,2024-09-05,ERP_CORPORATIVO,TRANSACOES_FINANCEIRAS,13689,4fcd56c9d8670a5120a0d975239926254205d1b234ea57436d0700cb0a7ff0e9
TR-13690,2024-08-21,2024-08-01,JUR,1000069,DESPESA,"R$2039,75","R$2039,75",BRL,Tarifas de serviços financeiros - JUR,22,TRANSFERENCIA,PAGO,0b17011a-db1a-4f81-b66c-d44d1104daa1,2024-09-05,ERP_CORPORATIVO,TRANSACOES_FINANCEIRAS,13690,c4221fd96d14a5472a0581eb43c7f42b9614cd72cb5492a64070fe4e19b774b2
TR-13691,2024-08-26,2024-08-01,PJT,1000069,DESPESA,"R$2133,29",2133,BRL,Contrato de SaaS vinculado a PJT,27,TED,PAGO,0b17011a-db1a-4f81-b66c-d44d1104daa1,2024-09-05,ERP_CORPORATIVO,TRANSACOES_FINANCEIRAS,13691,1d542de85be59fe966c31b0f31da843e8d22ec7e9861d1a2aeb340d2d71867ea
TR-13692,26/08/24,2024-08-01,CTB,1000069,DESPESA,"R$1604,84",1572,USD,Suporte técnico para sistemas de CTB,29,CARTAO,PAGO,0b17011a-db1a-4f81-b66c-d44d1104daa1,2024-09-05,ERP_CORPORATIVO,TRANSACOES_FINANCEIRAS,13692,4e2c84fd446491e4c448d42ca4d2d519ce8e741b72c08d77dc80aa7280ad0983
TR-13693,Aug 07 2024,2024-08-01,TI,1000069,DESPESA,2391.78,2391.78,BRL,Licenciamento de software - TI,5,PIX,PAGO,0b17011a-db1a-4f81-b66c-d44d1104daa1,2024-09-05,ERP_CORPORATIVO,TRANSACOES_FINANCEIRAS,13693,93d682024320269e07d179bd3f25aac8296618a07edabd85d4de1eea1eaa4a3d
TR-13694,22/08/24,2024-08-01,OP,1000069,RECEITA,1968,"R$1885,37",BRL,Alienação de bem patrimonial - OP,35,TED,ATRASADO,0b17011a-db1a-4f81-b66c-d44d1104daa1,2024-09-05,ERP_CORPORATIVO,TRANSACOES_FINANCEIRAS,13694,c3442e63becda1c4a1807fcaa24126abc9e10145ca0beb57a7a8523e958ba485
TR-13695,26-08-2024,2024-08-01,MKT,1000069,RECEITA,1.961,1923,BRL,Seguro contratado pela área MKT,21,TED,PAGO,0b17011a-db1a-4f81-b66c-d44d1104daa1,2024-09-05,ERP_CORPORATIVO,TRANSACOES_FINANCEIRAS,13695,4d9873bc0beea0027a9081666eca7b64bf391aef3eeb6117fe7d0f0f64d33bc1
TR-13696,07/08/2024,2024-08-01,ESG,1000069,RECEITA,"R$ 1.687,46",1687,BRL,Despesa operacional - ESG,8,PIX,PAGO,0b17011a-db1a-4f81-b66c-d44d1104daa1,2024-09-05,ERP_CORPORATIVO,TRANSACOES_FINANCEIRAS,13696,375df1343156fb075b91b2e7ce7bc10645399aa59dea41b48e281543a438abbb
TR-13851,Aug 26 2024,2024-08-01,VND,1000070,RECEITA,"R$ 2.389,03","R$2274,55",BRL,Receita eventual registrada em VND,37,TRANSFERENCIA,PAGO,0b17011a-db1a-4f81-b66c-d44d1104daa1,2024-09-05,ERP_CORPORATIVO,TRANSACOES_FINANCEIRAS,13851,04bb682062db3c352bc65cc4ac091b0bb63cf3ac0b8d3426a900a5a0a5ba5f3e
TR-13852,14/08/24,2024-08-01,PRD,1000070,DESPESA,2536,2536,BRL,Publicidade institucional - PRD,13,TED,ATRASADO,0b17011a-db1a-4f81-b66c-d44d1104daa1,2024-09-05,ERP_CORPORATIVO,TRANSACOES_FINANCEIRAS,13852,f48291e62637eabe7db2db24ea8f29544ee752e74e37d406e2abb94a8ee307ec
TR-13853,2024/08/05,2024-08-01,JUR,1000070,DESPESA,"R$2397,94","2.318,22",BRL,Serviço de tecnologia contratado por JUR,5,TRANSFERENCIA,PAGO,0b17011a-db1a-4f81-b66c-d44d1104daa1,2024-09-05,ERP_CORPORATIVO,TRANSACOES_FINANCEIRAS,13853,f8e489e24f562dc9ebaad145d2a74525c6dd36011800a3c26c1cdf0c42eca3fe
TR-13854,22/08/2024,2024-08-01,LOG,1000070,RECEITA,"R$ 1.979,91",1917.62,USD,Reparo e conservação de instalações - LOG,10,TRANSFERENCIA,PAGO,0b17011a-db1a-4f81-b66c-d44d1104daa1,2024-09-05,ERP_CORPORATIVO,TRANSACOES_FINANCEIRAS,13854,282447809cc0c241617d0dba07c9003077c137a258e42befeebbf6dc67954d90
TR-13855,06-08-2024,2024-08-01,FIN,1000070,RECEITA,"2.123,38",2123.38,BRL,Seguro contratado pela área FIN,21,PIX,PAGO,0b17011a-db1a-4f81-b66c-d44d1104daa1,2024-09-05,ERP_CORPORATIVO,TRANSACOES_FINANCEIRAS,13855,34a0c9cdb1d979dd6f0d5dee520f4b2cd19a6d2a10b650613ed36ee29d1d83e7
TR-13856,06/08/2024,2024-08-01,CPT,1000070,DESPESA,1875.68,1875.68,BRL,Aquisição de material operacional - CPT,2,TRANSFERENCIA,PAGO,0b17011a-db1a-4f81-b66c-d44d1104daa1,2024-09-05,ERP_CORPORATIVO,TRANSACOES_FINANCEIRAS,13856,99a7ff99190d86c1fdceeaa27be6825612753fb4f37fedb388dbcee554bc7062
TR-13857,2024-08-01,2024-08-01,COM,1000070,DESPESA,"2.455,00","2.455,00",BRL,Honorários profissionais contratados por COM,11,TED,ATRASADO,0b17011a-db1a-4f81-b66c-d44d1104daa1,2024-09-05,ERP_CORPORATIVO,TRANSACOES_FINANCEIRAS,13857,73fe4729ed0e91dba0f196752d7ae98579b9bfb78b8590f307695b66b2d6be34
TR-13858,13/08/24,2024-08-01,TI,1000070,DESPESA,2504.16,2.504,BRL,Compra de insumos para setor TI,2,BOLETO,PAGO,0b17011a-db1a-4f81-b66c-d44d1104daa1,2024-09-05,ERP_CORPORATIVO,TRANSACOES_FINANCEIRAS,13858,04c670d1255fc733d42131a0862e20c934f22bafb3bae299c1835d6cd6932437
TR-13859,09-08-2024,2024-08-01,OP,1000070,DESPESA,1.967,"R$1966,90",BRL,Despesa operacional - OP,8,PIX,PAGO,0b17011a-db1a-4f81-b66c-d44d1104daa1,2024-09-05,ERP_CORPORATIVO,TRANSACOES_FINANCEIRAS,13859,fd37e2eff5f62e457b2387a98f048a931471b3b2e6257f402c758202cdd09c6c
TR-13860,Aug 08 2024,2024-08-01,COM,1000070,RECEITA,"R$ 2.139,34","2.139,34",BRL,Renovação de certificados digitais - COM,26,BOLETO,PAGO,0b17011a-db1a-4f81-b66c-d44d1104daa1,2024-09-05,ERP_CORPORATIVO,TRANSACOES_FINANCEIRAS,13860,e540ccfa6edd4e63fe9df3c6299796205ce978e7651bd92b55d73be30eeff2e0
TR-13861,2024/08/22,2024-08-01,TI,1000070,DESPESA,"R$ 1.864,42","1.864,42",BRL,Evento corporativo organizado por TI,14,PIX,PAGO,0b17011a-db1a-4f81-b66c-d44d1104daa1,2024-09-05,ERP_CORPORATIVO,TRANSACOES_FINANCEIRAS,13861,2a4605120917d4605edb63f8808ba43ebecabe1b7f423e7179a2618bffd5c141
TR-13862,15/08/24,2024-08-01,RH,1000070,RECEITA,2.195,"R$ 2.195,46",BRL,Produção de material gráfico - RH,15,TED,PAGO,0b17011a-db1a-4f81-b66c-d44d1104daa1,2024-09-05,ERP_CORPORATIVO,TRANSACOES_FINANCEIRAS,13862,aa4e91f3e527bd0c139183538dc168e04baff6f7017d83259cbc163e6916dd46
TR-13863,2024-08-14,2024-08-01,JUR,1000070,RECEITA,2.046,2045.81,BRL,Prestação de serviço para área JUR,1,BOLETO,PAGO,0b17011a-db1a-4f81-b66c-d44d1104daa1,2024-09-05,ERP_CORPORATIVO,TRANSACOES_FINANCEIRAS,13863,2e0d55ddd7aa9c95bdbe1f1956a604b40ec2ef846b2b4eb9d3ad5fd09fb6b287
TR-13864,21/08/2024,2024-08-01,JUR,1000070,RECEITA,1.977,"1.977,28",BRL,Abatimento comercial registrado em JUR,38,PIX,ATRASADO,0b17011a-db1a-4f81-b66c-d44d1104daa1,2024-09-05,ERP_CORPORATIVO,TRANSACOES_FINANCEIRAS,13864,27ee5cf2fc6b35b5ce41a0e8de59b60f31f232abbf2ac835127a7e2e710cf247
TR-13865,14-08-2024,2024-08-01,ATD,1000070,DESPESA,2216.69,2216.69,BRL,Alienação de bem patrimonial - ATD,35,BOLETO,PAGO,0b17011a-db1a-4f81-b66c-d44d1104daa1,2024-09-05,ERP_CORPORATIVO,TRANSACOES_FINANCEIRAS,13865,deffcaa66985b7868129588e1a57e73ca56a056c9d572658001ce04ea4a51df8
TR-13976,12-08-2024,2024-08-01,JUR,1000071,RECEITA,949,"948,65",BRL,Serviço relacionado a recursos humanos (JUR),6,BOLETO,PAGO,0b17011a-db1a-4f81-b66c-d44d1104daa1,2024-09-05,ERP_CORPORATIVO,TRANSACOES_FINANCEIRAS,13976,aba985e5f4542d64f015ac806048b654719ce1636ee8574df3e4086f65f9536b
TR-13977,2024-08-16,2024-08-01,PRD,1000071,DESPESA,811,811,BRL,Contrato de serviço - setor PRD,1,TRANSFERENCIA,PAGO,0b17011a-db1a-4f81-b66c-d44d1104daa1,2024-09-05,ERP_CORPORATIVO,TRANSACOES_FINANCEIRAS,13977,861c7e6a093edefa64d47a438a8989e695172fddf422c35984dced51ccdcb422
TR-13978,09/08/2024,2024-08-01,COM,1000071,DESPESA,"818,34",818.34,BRL,Serviço relacionado a recursos humanos (COM),6,CARTAO,ATRASADO,0b17011a-db1a-4f81-b66c-d44d1104daa1,2024-09-05,ERP_CORPORATIVO,TRANSACOES_FINANCEIRAS,13978,e37ccc909b48a5286392405b7f41e128afebd161c8760aec25c1ef5c9c9b87d3
TR-13979,Aug 19 2024,2024-08-01,PJT,1000071,DESPESA,"754,79",755,USD,Hospedagem em viagem a serviço de PJT,19,PIX,ATRASADO,0b17011a-db1a-4f81-b66c-d44d1104daa1,2024-09-05,ERP_CORPORATIVO,TRANSACOES_FINANCEIRAS,13979,005f52dd09b40ffacd7ed77cc36ccde551420bdd4c45bb04ea4ce90b796f014c
TR-13980,23/08/2024,2024-08-01,COMP,1000071,RECEITA,831,831,BRL,Abatimento comercial registrado em COMP,38,PIX,PAGO,0b17011a-db1a-4f81-b66c-d44d1104daa1,2024-09-05,ERP_CORPORATIVO,TRANSACOES_FINANCEIRAS,13980,81d0f2ef8cc56e7a5e42f15dd3ed8e0c4647b5b8671f7c9a7dab0ae4303bf686
TR-13981,2024/08/21,2024-08-01,PES,1000071,DESPESA,"R$ 886,83","R$ 843,67",BRL,Despesa operacional - PES,8,TED,CANCELADO,0b17011a-db1a-4f81-b66c-d44d1104daa1,2024-09-05,ERP_CORPORATIVO,TRANSACOES_FINANCEIRAS,13981,b91f904ec9c92b4f82b6f7e74c12746878f089d75a63c7d189163ac4fb57725b
TR-13982,2024/08/19,2024-08-01,JUR,1000071,DESPESA,"950,37","R$ 950,37",BRL,Capacitação profissional vinculada a JUR,30,CARTAO,PAGO,0b17011a-db1a-4f81-b66c-d44d1104daa1,2024-09-05,ERP_CORPORATIVO,TRANSACOES_FINANCEIRAS,13982,56bb526c07cf618236f39aaed47b15952c8067199e7aabab5bfd25ded9cea493
TR-14035,20/08/24,2024-08-01,PRD,FORN-00074,RECEITA,"R$ 4.460,73",4.461,BRL,Receita de aluguel creditada em PRD,31,CARTAO,PAGO,0b17011a-db1a-4f81-b66c-d44d1104daa1,2024-09-05,ERP_CORPORATIVO,TRANSACOES_FINANCEIRAS,14035,56fd724b6535a64996e99351885ce493babae3b5e9a0ef0a9982dd5385cd1612
TR-14036,15/08/2024,2024-08-01,COM,FORN-00074,DESPESA,4439.54,4439.54,BRL,Serviço especializado solicitado por COM,1,TRANSFERENCIA,PAGO,0b17011a-db1a-4f81-b66c-d44d1104daa1,2024-09-05,ERP_CORPORATIVO,TRANSACOES_FINANCEIRAS,14036,c36b0af7617cbec24e377e6a24f56d6fc61575a74dc61411671d336535f1e8af
TR-14037,2024/08/19,2024-08-01,COMP,FORN-00074,DESPESA,3257.21,3.257,BRL,Custo operacional associado a COMP,8,PIX,PAGO,0b17011a-db1a-4f81-b66c-d44d1104daa1,2024-09-05,ERP_CORPORATIVO,TRANSACOES_FINANCEIRAS,14037,7aa746e1e59df4a9dc7f37864ef35fb6120f78e3f648c45545dd234048b3d597
TR-14038,12-08-2024,2024-08-01,COM,FORN-00074,DESPESA,12016,12.016,BRL,Contrato de conectividade para área COM,9,CARTAO,PAGO,0b17011a-db1a-4f81-b66c-d44d1104daa1,2024-09-05,ERP_CORPORATIVO,TRANSACOES_FINANCEIRAS,14038,2051f737e348afa95e2f3b77dfeb05aab2fe045ef015518f2d3fbee13b93437b
TR-14039,27/08/2024,2024-08-01,FIN,FORN-00074,RECEITA,"R$3594,33","R$ 3.594,33",BRL,Alimentação em viagem corporativa - FIN,20,PIX,PAGO,0b17011a-db1a-4f81-b66c-d44d1104daa1,2024-09-05,ERP_CORPORATIVO,TRANSACOES_FINANCEIRAS,14039,79dc1f888e85c23fd9a654fb1f565408181270d2b32832983c08a9520935fdf6
TR-14040,2024-08-12,2024-08-01,SEC,FORN-00074,DESPESA,3860,"3.707,41",BRL,Manutenção preventiva de veículos - SEC,17,TED,PAGO,0b17011a-db1a-4f81-b66c-d44d1104daa1,2024-09-05,ERP_CORPORATIVO,TRANSACOES_FINANCEIRAS,14040,510f148eebaec29740ff248c581f45ab33e4f6f172c04022cb49fbb0883a498c
TR-14041,08-19-2024,2024-08-01,COM,FORN-00074,RECEITA,"R$3991,69","R$ 3.991,69",BRL,Custo operacional associado a COM,8,TED,PAGO,0b17011a-db1a-4f81-b66c-d44d1104daa1,2024-09-05,ERP_CORPORATIVO,TRANSACOES_FINANCEIRAS,14041,afc1f6be4572f80e221ccc3692786fe0d9e8538c7d45b07304d6e1ab57363df9
TR-14042,21-08-2024,2024-08-01,ADM,FORN-00074,RECEITA,3312.39,"R$ 3.312,39",BRL,Aquisição de material operacional - ADM,2,CARTAO,PAGO,0b17011a-db1a-4f81-b66c-d44d1104daa1,2024-09-05,ERP_CORPORATIVO,TRANSACOES_FINANCEIRAS,14042,8dd8516ea902b739ad8995d9255dfcfbd95a95b4e6167dc56e6d85c1663d2146
TR-14043,Aug 28 2024,2024-08-01,MKT,FORN-00074,DESPESA,3415,3415,USD,Capacitação profissional vinculada a MKT,30,CARTAO,PAGO,0b17011a-db1a-4f81-b66c-d44d1104daa1,2024-09-05,ERP_CORPORATIVO,TRANSACOES_FINANCEIRAS,14043,b4bdf1a0c2396aae6af04000dbf453983cbac84143dae37ab7dfaac0153d2d5a
TR-14044,19-08-2024,2024-08-01,FIN,FORN-00074,DESPESA,"R$ 3.457,78",3457.78,BRL,Despesa operacional - FIN,8,PIX,PAGO,0b17011a-db1a-4f81-b66c-d44d1104daa1,2024-09-05,ERP_CORPORATIVO,TRANSACOES_FINANCEIRAS,14044,160917fbb890f6c713ca12d9615646bb6bea25b92d24693a49fe0f208ccaa3e7
TR-14308,Aug 16 2024,2024-08-01,COMP,1000075,RECEITA,"R$ 3.673,81",3.674,BRL,Consultoria estratégica para área COMP,12,TRANSFERENCIA,PAGO,0b17011a-db1a-4f81-b66c-d44d1104daa1,2024-09-05,ERP_CORPORATIVO,TRANSACOES_FINANCEIRAS,14308,b86601d54b1eb78c9d4460ea96a82fb83d3fbb51a2f7eb13c1fcdbffafa7a450
TR-14309,Aug 19 2024,2024-08-01,COMP,1000075,RECEITA,4.064,4064,BRL,Honorarium advocatício - COMP,24,PIX,PAGO,0b17011a-db1a-4f81-b66c-d44d1104daa1,2024-09-05,ERP_CORPORATIVO,TRANSACOES_FINANCEIRAS,14309,3a0565d1f439a19cc8e2c8dac84d841cf5ccdd4d5fb63c5d6cb934e5348337eb
TR-14310,08-19-2024,2024-08-01,TI,1000075,RECEITA,"4.417,40",4266.06,USD,Honorários profissionais contratados por TI,11,PIX,ATRASADO,0b17011a-db1a-4f81-b66c-d44d1104daa1,2024-09-05,ERP_CORPORATIVO,TRANSACOES_FINANCEIRAS,14310,0629fa953d2dd99b5d43d3a38aab64ef6d66af1e52b72278c30fa81523b717d8
TR-14311,Aug 19 2024,2024-08-01,FIN,1000075,DESPESA,"R$ 4.268,89","4.268,89",BRL,Prestação de serviço para área FIN,1,TED,PAGO,0b17011a-db1a-4f81-b66c-d44d1104daa1,2024-09-05,ERP_CORPORATIVO,TRANSACOES_FINANCEIRAS,14311,49d2cf8c8371cfb0eb1eb225312d6617d70ed241061ac027c322f605cb67dfb2
TR-14312,08-12-2024,2024-08-01,COM,1000075,DESPESA,4122.04,"R$ 4.122,04",BRL,Manutenção estrutural vinculada à área COM,3,TED,PAGO,0b17011a-db1a-4f81-b66c-d44d1104daa1,2024-09-05,ERP_CORPORATIVO,TRANSACOES_FINANCEIRAS,14312,2e26cfa957e1f9ae2e05e936bd5ede9d930b60ece83b4b8421b646a911679f46
TR-14313,Aug 19 2024,2024-08-01,ESG,1000075,RECEITA,4536.23,4536.23,BRL,Produção de material gráfico - ESG,15,TED,PAGO,0b17011a-db1a-4f81-b66c-d44d1104daa1,2024-09-05,ERP_CORPORATIVO,TRANSACOES_FINANCEIRAS,14313,d0c38d897ead33fa16ab65959f11902117e79f160c688b39eb3a202734d507be
TR-14314,08-19-2024,2024-08-01,COMP,1000075,DESPESA,"R$ 4.096,64",4050,BRL,Contrato de serviço - setor COMP,1,BOLETO,PAGO,0b17011a-db1a-4f81-b66c-d44d1104daa1,2024-09-05,ERP_CORPORATIVO,TRANSACOES_FINANCEIRAS,14314,dd930dfb9889e3a66df263a1b2d4744d2955e0f878fa067a6b36d1729ed5c69d
TR-14315,08-08-2024,2024-08-01,COMP,1000075,DESPESA,3837,"R$ 3.837,18",BRL,Treinamento corporativo para equipe COMP,30,PIX,PAGO,0b17011a-db1a-4f81-b66c-d44d1104daa1,2024-09-05,ERP_CORPORATIVO,TRANSACOES_FINANCEIRAS,14315,ffa46f8d8dfdde4bb48261a3b7c843dc4c7b99d08132f7431b18a02291b6a545
TR-14316,Aug 15 2024,2024-08-01,COMP,1000075,DESPESA,"R$ 3.744,91",3745,BRL,Diária de hotel para equipe COMP,19,TED,PAGO,0b17011a-db1a-4f81-b66c-d44d1104daa1,2024-09-05,ERP_CORPORATIVO,TRANSACOES_FINANCEIRAS,14316,5c8ac7d555ce9c1b452832586adb0ec911e648358d7deedda29bd9893c336e4b
TR-14317,2024/08/21,2024-08-01,ADM,1000075,RECEITA,"4.274,38",4220,BRL,Renovação de certificados digitais - ADM,26,TRANSFERENCIA,PAGO,0b17011a-db1a-4f81-b66c-d44d1104daa1,2024-09-05,ERP_CORPORATIVO,TRANSACOES_FINANCEIRAS,14317,cc938581264c61c66553072160900513ee7e7c94f323d2a398b625d48a22141b
TR-14318,15-08-2024,2024-08-01,COMP,1000075,DESPESA,"R$ 3.622,99",3622.99,BRL,Aquisição de material operacional - COMP,2,CARTAO,PAGO,0b17011a-db1a-4f81-b66c-d44d1104daa1,2024-09-05,ERP_CORPORATIVO,TRANSACOES_FINANCEIRAS,14318,93a70da983e410d7466669830b265cb03f4fba39c2c45acf2dafc139530903c6
TR-14579,07-08-2024,2024-08-01,CPT,ACC-00077,RECEITA,1459.48,1459,BRL,Manutenção de equipamentos de CPT,28,BOLETO,PAGO,0b17011a-db1a-4f81-b66c-d44d1104daa1,2024-09-05,ERP_CORPORATIVO,TRANSACOES_FINANCEIRAS,14579,9d46cf33d8ee55804814acb01c820d483641c4d049f532d8d5b49722baa1982c
TR-14580,2024/08/08,2024-08-01,CTB,ACC-00077,DESPESA,1.450,"R$1450,35",BRL,Despesa jurídica da área CTB,24,PIX,ATRASADO,0b17011a-db1a-4f81-b66c-d44d1104daa1,2024-09-05,ERP_CORPORATIVO,TRANSACOES_FINANCEIRAS,14580,14753f5100bd4e16493078dd8d42ba6fd7089e0d50b8c23ab8638a4486ec7365
TR-14581,12/08/24,2024-08-01,PES,ACC-00077,RECEITA,1.398,"1.355,31",BRL,Serviço técnico especializado para PES,11,BOLETO,PAGO,0b17011a-db1a-4f81-b66c-d44d1104daa1,2024-09-05,ERP_CORPORATIVO,TRANSACOES_FINANCEIRAS,14581,96723f2073ded716a7bc8115227cc15521be970a44bb49bceac6df6a5351965a
TR-14582,2024/08/20,2024-08-01,FIN,ACC-00077,RECEITA,"R$ 1.330,96","R$ 1.330,96",BRL,Serviços contábeis externos - FIN,25,TRANSFERENCIA,CANCELADO,0b17011a-db1a-4f81-b66c-d44d1104daa1,2024-09-05,ERP_CORPORATIVO,TRANSACOES_FINANCEIRAS,14582,b833b7f92b6535d2c71a8f7e1e3374cf934fdca190426625e1e63062ef215ece
TR-14778,12/08/2024,2024-08-01,FIN,1000077,DESPESA,8212.63,"R$ 7.848,75",BRL,Taxas bancárias incidentes em FIN,22,PIX,PAGO,0b17011a-db1a-4f81-b66c-d44d1104daa1,2024-09-05,ERP_CORPORATIVO,TRANSACOES_FINANCEIRAS,14778,bdd98cd33e331f6028e0f72dbea9e5988617a7e067ad60e91193ee94e55b0fa5
TR-14779,14-08-2024,2024-08-01,PES,1000077,DESPESA,6616.77,6356.19,BRL,Taxas bancárias incidentes em PES,22,BOLETO,PAGO,0b17011a-db1a-4f81-b66c-d44d1104daa1,2024-09-05,ERP_CORPORATIVO,TRANSACOES_FINANCEIRAS,14779,115ec393e7494f6394e159ddeb9c1737297ceb6bb8974a8334fd0b3162e406ee
TR-14780,14-08-2024,2024-08-01,VND,1000077,DESPESA,"R$8205,32",7886.55,BRL,Campanha institucional - VND,4,BOLETO,PAGO,0b17011a-db1a-4f81-b66c-d44d1104daa1,2024-09-05,ERP_CORPORATIVO,TRANSACOES_FINANCEIRAS,14780,04c450e6419dfdd08eda0893104060cd54943f00ba1a18e1c24a31d7da7ce532
TR-14781,08-13-2024,2024-08-01,COM,1000077,DESPESA,"R$ 9.837,71",9.483,BRL,Abastecimento de veículos - COM,16,BOLETO,PAGO,0b17011a-db1a-4f81-b66c-d44d1104daa1,2024-09-05,ERP_CORPORATIVO,TRANSACOES_FINANCEIRAS,14781,91df2799afa643d75e71213f69578eecefc4cd57023b4ebd3c98b6250cce8652
TR-14782,15-08-2024,2024-08-01,COMP,1000077,DESPESA,"R$8027,94",8028,BRL,Hospedagem em viagem a serviço de COMP,19,PIX,PAGO,0b17011a-db1a-4f81-b66c-d44d1104daa1,2024-09-05,ERP_CORPORATIVO,TRANSACOES_FINANCEIRAS,14782,b0fa005a47f5a6272d367d45f1fcb466d5a74dfe72e759a2037557f480397f1b
TR-14783,08-22-2024,2024-08-01,QAS,1000077,RECEITA,"R$6788,98","R$6788,98",BRL,Compra de insumos para setor QAS,2,TED,PAGO,0b17011a-db1a-4f81-b66c-d44d1104daa1,2024-09-05,ERP_CORPORATIVO,TRANSACOES_FINANCEIRAS,14783,c6aafdd4a701c19308afdae8c6f11674d1f1fb4a79b134b906479a5ad14abe72
TR-14784,16-08-2024,2024-08-01,FIN,1000077,DESPESA,"R$ 8.121,38","7.921,48",BRL,Alienação de bem patrimonial - FIN,35,PIX,PAGO,0b17011a-db1a-4f81-b66c-d44d1104daa1,2024-09-05,ERP_CORPORATIVO,TRANSACOES_FINANCEIRAS,14784,d62ea00e689585e097f56063e35237c5ebd69572861f837ff681ddee4f0f0cab
TR-14785,21/08/24,2024-08-01,ESG,1000077,DESPESA,"R$27492,19",27.492,BRL,Atendimento de TI requisitado por ESG,29,CARTAO,PAGO,0b17011a-db1a-4f81-b66c-d44d1104daa1,2024-09-05,ERP_CORPORATIVO,TRANSACOES_FINANCEIRAS,14785,96b578dce90e1d15169d0ae0224afed5399a7ee4ea1be17d35170f7b18cd136e
TR-14786,09/08/2024,2024-08-01,RH,1000077,RECEITA,3042,"3.042,31",BRL,Reparo de frota vinculado à área RH,17,PIX,PAGO,0b17011a-db1a-4f81-b66c-d44d1104daa1,2024-09-05,ERP_CORPORATIVO,TRANSACOES_FINANCEIRAS,14786,578a53a9fd729dd2369fe55c0c1c10b8abbdef632cf7e945302c49aef0c463ee
TR-14787,16-08-2024,2024-08-01,ESG,1000077,RECEITA,7948.78,7948.78,BRL,Alienação de bem patrimonial - ESG,35,TED,PAGO,0b17011a-db1a-4f81-b66c-d44d1104daa1,2024-09-05,ERP_CORPORATIVO,TRANSACOES_FINANCEIRAS,14787,922a16ed457d337640b513458d99c60e04e879c0fd039498a56e9e8a01608f15
TR-14788,19/08/24,2024-08-01,FIN,1000077,RECEITA,"8.287,04",8287.04,BRL,Receita extraordinária - FIN,37,BOLETO,PAGO,0b17011a-db1a-4f81-b66c-d44d1104daa1,2024-09-05,ERP_CORPORATIVO,TRANSACOES_FINANCEIRAS,14788,ead3b9ea47612fcdcdd77e5589c92769a1a7fd493daa8e1e242e0443f210e267
TR-14789,13-08-2024,2024-08-01,OP,1000077,RECEITA,"8.493,23","8.493,23",BRL,Devolução de venda processada por OP,39,TED,PAGO,0b17011a-db1a-4f81-b66c-d44d1104daa1,2024-09-05,ERP_CORPORATIVO,TRANSACOES_FINANCEIRAS,14789,31af05512751ad8d9928702f6f0c3a5558464f1984f330b63aee969f53290aab
TR-14928,08-15-2024,2024-08-01,ATD,ACC-00079,DESPESA,"R$ 4.044,34","R$ 4.044,34",BRL,Compra de insumos para setor ATD,2,TRANSFERENCIA,PAGO,0b17011a-db1a-4f81-b66c-d44d1104daa1,2024-09-05,ERP_CORPORATIVO,TRANSACOES_FINANCEIRAS,14928,334bcce6ba5107f22a7c6079f17f9c70047955cc54ad516ccdb64fb8c957f8db
TR-14929,2024-08-12,2024-08-01,COM,ACC-00079,DESPESA,3720.79,3720.79,BRL,Locação de espaço comercial - COM,31,TRANSFERENCIA,CANCELADO,0b17011a-db1a-4f81-b66c-d44d1104daa1,2024-09-05,ERP_CORPORATIVO,TRANSACOES_FINANCEIRAS,14929,3471b3a026b1e14b4bf2494878adf9ded5a58cc8bbbb8435c43646ede90a3acf
TR-14930,08-26-2024,2024-08-01,MKT,ACC-00079,DESPESA,4.540,4540.43,BRL,Compra de insumos para setor MKT,2,BOLETO,PAGO,0b17011a-db1a-4f81-b66c-d44d1104daa1,2024-09-05,ERP_CORPORATIVO,TRANSACOES_FINANCEIRAS,14930,229221009ef597f4cbaffce5cfd791703fbaeec9edca0dd653af893b99928e1e
TR-14931,12-08-2024,2024-08-01,CPT,ACC-00079,RECEITA,3.489,"3.489,33",BRL,Reparo e conservação de instalações - CPT,10,PIX,PAGO,0b17011a-db1a-4f81-b66c-d44d1104daa1,2024-09-05,ERP_CORPORATIVO,TRANSACOES_FINANCEIRAS,14931,dbeb28bbecee6efa5df960181e73e590d41d347483af9d4c8b1bc82c519746d8
TR-14932,Aug 08 2024,2024-08-01,COM,ACC-00079,DESPESA,3646,"3.646,15",USD,Prestação de serviço para área COM,1,PIX,PAGO,0b17011a-db1a-4f81-b66c-d44d1104daa1,2024-09-05,ERP_CORPORATIVO,TRANSACOES_FINANCEIRAS,14932,0cc8bb4eca9cc56a74a9803f5218a5de8b0e4b385bc6c63e859920e5b380a097
TR-14933,2024-08-14,2024-08-01,ADM,ACC-00079,RECEITA,"R$ 3.719,69",3719.69,BRL,Direitos de propriedade intelectual - ADM,32,PIX,ATRASADO,0b17011a-db1a-4f81-b66c-d44d1104daa1,2024-09-05,ERP_CORPORATIVO,TRANSACOES_FINANCEIRAS,14933,fff897404f4377e1ef73a0a56f35f7e636d40483db65de4bdb44611b13892c66
TR-14934,2024/08/19,2024-08-01,MKT,ACC-00079,DESPESA,"4.122,55",4123,BRL,Compra de insumos para setor MKT,2,BOLETO,PAGO,0b17011a-db1a-4f81-b66c-d44d1104daa1,2024-09-05,ERP_CORPORATIVO,TRANSACOES_FINANCEIRAS,14934,bafd33666455bab26d06f776766fabb25cafd72c89849473833718c20aa2e98c
TR-14935,Aug 19 2024,2024-08-01,OP,ACC-00079,RECEITA,"4.013,89",4013.89,BRL,Manutenção preventiva de veículos - OP,17,TRANSFERENCIA,PAGO,0b17011a-db1a-4f81-b66c-d44d1104daa1,2024-09-05,ERP_CORPORATIVO,TRANSACOES_FINANCEIRAS,14935,9c8ff8352afeef1ef4280ba9b34a19c85dc2155b3fec2d1a951bc0b11e19ea5d
TR-14936,Aug 19 2024,2024-08-01,OP,ACC-00079,DESPESA,"R$ 3.337,01","3.185,97",BRL,Despesa operacional - OP,8,TRANSFERENCIA,PAGO,0b17011a-db1a-4f81-b66c-d44d1104daa1,2024-09-05,ERP_CORPORATIVO,TRANSACOES_FINANCEIRAS,14936,193e9a0e197068cc408d5e03f161b352fd2cf295001eb343555466b774b41ccd
TR-14937,Aug 12 2024,2024-08-01,LOG,ACC-00079,RECEITA,2401,2325,BRL,Contrato de serviço - setor LOG,1,TRANSFERENCIA,PAGO,0b17011a-db1a-4f81-b66c-d44d1104daa1,2024-09-05,ERP_CORPORATIVO,TRANSACOES_FINANCEIRAS,14937,409995a5596b4108c1d461fb5bca7f722b45b18f10008fac8014386c0975b2db
TR-14938,05/08/2024,2024-08-01,MKT,ACC-00079,DESPESA,4338,"4.337,63",BRL,Serviço relacionado a recursos humanos (MKT),6,TRANSFERENCIA,PAGO,0b17011a-db1a-4f81-b66c-d44d1104daa1,2024-09-05,ERP_CORPORATIVO,TRANSACOES_FINANCEIRAS,14938,e4fae48a10bc35bee1b7450417dc2c75a8d94117056144e10c72e81cf172f2b7
TR-14939,08-19-2024,2024-08-01,COM,ACC-00079,RECEITA,3.828,3827.64,EUR,Serviço relacionado a recursos humanos (COM),6,TRANSFERENCIA,PAGO,0b17011a-db1a-4f81-b66c-d44d1104daa1,2024-09-05,ERP_CORPORATIVO,TRANSACOES_FINANCEIRAS,14939,b6b979bccc8e69438bfd13ec087ff7a3bc2ad1b401087079510d0a08447c7b94
TR-14940,Aug 26 2024,2024-08-01,OP,ACC-00079,RECEITA,4198.30,4.045,BRL,Manutenção estrutural vinculada à área OP,3,PIX,PAGO,0b17011a-db1a-4f81-b66c-d44d1104daa1,2024-09-05,ERP_CORPORATIVO,TRANSACOES_FINANCEIRAS,14940,c8338e2733a4616b5ab6041d30892fa116d49bb02ca5325bcbb12ac364a86b03
TR-14941,12/08/2024,2024-08-01,COM,ACC-00079,DESPESA,"R$4204,03","R$4204,03",BRL,Alienação de bem patrimonial - COM,35,TRANSFERENCIA,PAGO,0b17011a-db1a-4f81-b66c-d44d1104daa1,2024-09-05,ERP_CORPORATIVO,TRANSACOES_FINANCEIRAS,14941,c3a5936b78e81ac69ea89b91df3af1c7cf7d3033533c8bb117424886aa382357
TR-14942,08-08-2024,2024-08-01,COMP,ACC-00079,DESPESA,"R$3889,70",3889.70,BRL,Combustível e lubrificantes para frota (COMP),16,TRANSFERENCIA,PAGO,0b17011a-db1a-4f81-b66c-d44d1104daa1,2024-09-05,ERP_CORPORATIVO,TRANSACOES_FINANCEIRAS,14942,26071046404562390186e874281e1f617b9101f426d77792333208efabb33c84
TR-15288,22/08/24,2024-08-01,COMP,1000080,RECEITA,2.421,2339.05,BRL,Diária de hotel para equipe COMP,19,TRANSFERENCIA,PAGO,0b17011a-db1a-4f81-b66c-d44d1104daa1,2024-09-05,ERP_CORPORATIVO,TRANSACOES_FINANCEIRAS,15288,6b90bd987895ed5eb297068f68a5360aa6939c626741f91436f44c277a582c17
TR-15289,08-08-2024,2024-08-01,OP,1000080,DESPESA,"R$2149,57",2.150,BRL,Despesa de infraestrutura - OP,3,PIX,PAGO,0b17011a-db1a-4f81-b66c-d44d1104daa1,2024-09-05,ERP_CORPORATIVO,TRANSACOES_FINANCEIRAS,15289,5f0144765b1e9ff7b033b8b97f432266eeb03ff22aca80d68de87f5e89091d38
TR-15290,08-08-2024,2024-08-01,COMP,1000080,RECEITA,"R$ 2.023,40","R$ 1.977,36",BRL,Investimento em marketing corporativo (COMP),4,BOLETO,CANCELADO,0b17011a-db1a-4f81-b66c-d44d1104daa1,2024-09-05,ERP_CORPORATIVO,TRANSACOES_FINANCEIRAS,15290,8c75dfd8b982b9df084705604c7114f17f3c779ce0a04565a112570f10ff7af9
TR-15291,19-08-2024,2024-08-01,RH,1000080,DESPESA,"R$ 2.127,19",2046,EUR,Tarifas de serviços financeiros - RH,22,TRANSFERENCIA,PAGO,0b17011a-db1a-4f81-b66c-d44d1104daa1,2024-09-05,ERP_CORPORATIVO,TRANSACOES_FINANCEIRAS,15291,47ffa025e5ef8e31f292df41edd912695e760f7959cf99b169d62b9ec9f5d7c1
TR-15292,Aug 16 2024,2024-08-01,COMP,1000080,RECEITA,6394.55,6395,BRL,Tributo incidente sobre receita de COMP,40,TED,PAGO,0b17011a-db1a-4f81-b66c-d44d1104daa1,2024-09-05,ERP_CORPORATIVO,TRANSACOES_FINANCEIRAS,15292,a8537cdc30c5204eb9fde5066788dabf51981fb5315fad5c8d3d3141ba1739b6
TR-15293,2024/08/21,2024-08-01,COM,1000080,DESPESA,"R$2432,77",2433,BRL,Manutenção estrutural vinculada à área COM,3,TED,PAGO,0b17011a-db1a-4f81-b66c-d44d1104daa1,2024-09-05,ERP_CORPORATIVO,TRANSACOES_FINANCEIRAS,15293,544fa3b03b8f4b0932e52a0e651193898ec8b697abe0ee3d18f1ed5b8b1afdb2
TR-15294,09-08-2024,2024-08-01,JUR,1000080,DESPESA,"2.612,99","2.612,99",BRL,Seguro contratado pela área JUR,21,TED,CANCELADO,0b17011a-db1a-4f81-b66c-d44d1104daa1,2024-09-05,ERP_CORPORATIVO,TRANSACOES_FINANCEIRAS,15294,41327ae42218a2dc75e8a06f5f0f7d301328e84c96bbdfa5c3d39d48bfab7fa7
TR-15295,26/08/2024,2024-08-01,COM,1000080,RECEITA,"R$2163,66","2.163,66",BRL,Despesa operacional - COM,8,BOLETO,PAGO,0b17011a-db1a-4f81-b66c-d44d1104daa1,2024-09-05,ERP_CORPORATIVO,TRANSACOES_FINANCEIRAS,15295,0880c3586ea8237665cd9058338c490c9d4129bd4f22249050f98ef797901e50
TR-15296,Aug 05 2024,2024-08-01,JUR,1000080,RECEITA,2631.19,2631,BRL,Receita eventual registrada em JUR,37,PIX,PAGO,0b17011a-db1a-4f81-b66c-d44d1104daa1,2024-09-05,ERP_CORPORATIVO,TRANSACOES_FINANCEIRAS,15296,ac86deecf1accd6ff3a892dd7f84818aa26e1e6dd565ed180d4fc4d8975513f9
TR-15297,09-08-2024,2024-08-01,FIN,1000080,RECEITA,"R$2488,71",2.407,BRL,Compra de insumos para setor FIN,2,BOLETO,PAGO,0b17011a-db1a-4f81-b66c-d44d1104daa1,2024-09-05,ERP_CORPORATIVO,TRANSACOES_FINANCEIRAS,15297,14d55c21acebfa70b192ee412d902af7a77b7940a61c162773199764b0f4fefb
TR-15298,2024/08/15,2024-08-01,OP,1000080,DESPESA,2.251,2.251,BRL,Serviço de tecnologia contratado por OP,5,CARTAO,PAGO,0b17011a-db1a-4f81-b66c-d44d1104daa1,2024-09-05,ERP_CORPORATIVO,TRANSACOES_FINANCEIRAS,15298,e68d0d152bac478c9cab72dd81578fe1fd7e240ddb21d0437b7c5041a1cd2891
TR-15299,26-08-2024,2024-08-01,COMP,1000080,DESPESA,2297,"2.297,10",BRL,Despesa de infraestrutura - COMP,3,TRANSFERENCIA,PAGO,0b17011a-db1a-4f81-b66c-d44d1104daa1,2024-09-05,ERP_CORPORATIVO,TRANSACOES_FINANCEIRAS,15299,61174c41d81611f3e1af64a9a42098db0856ff4d07c921505787319a0fa083d1
TR-15300,2024-08-22,2024-08-01,MKT,1000080,RECEITA,1319,"R$ 1.318,83",BRL,Serviço relacionado a recursos humanos (MKT),6,TRANSFERENCIA,PAGO,0b17011a-db1a-4f81-b66c-d44d1104daa1,2024-09-05,ERP_CORPORATIVO,TRANSACOES_FINANCEIRAS,15300,7d9b847b77495b2fb269281996a73dc1aa692b9ca1c1f8b2e425df21fb7d595e
TR-15301,Aug 19 2024,2024-08-01,VND,1000080,DESPESA,"R$1885,54",1818,BRL,Passagem aérea para colaborador de VND,18,TED,PAGO,0b17011a-db1a-4f81-b66c-d44d1104daa1,2024-09-05,ERP_CORPORATIVO,TRANSACOES_FINANCEIRAS,15301,c08952ccdcd3147b106dd253af83f04abe379bb478036dbfb13918592f5181b1
TR-15546,08-16-2024,2024-08-01,LOG,1000081,RECEITA,"2.223,58",2223.58,BRL,Serviço de tecnologia contratado por LOG,5,PIX,PAGO,0b17011a-db1a-4f81-b66c-d44d1104daa1,2024-09-05,ERP_CORPORATIVO,TRANSACOES_FINANCEIRAS,15546,acf7e33c7b7b2a4c1b99847fe2f67be0e27ddb44b95b41bfdb8991de5af80265
TR-15547,21/08/24,2024-08-01,COMP,1000081,DESPESA,1939.83,"1.939,83",BRL,Despesa de RH - COMP,6,BOLETO,PAGO,0b17011a-db1a-4f81-b66c-d44d1104daa1,2024-09-05,ERP_CORPORATIVO,TRANSACOES_FINANCEIRAS,15547,b6883f1be2a34cdaf25b4479351ac255c67ff02216890b45e52982ffee159d99
TR-15548,08-16-2024,2024-08-01,ESG,1000081,RECEITA,"R$2345,41",2345,BRL,Campanha institucional - ESG,4,TRANSFERENCIA,PAGO,0b17011a-db1a-4f81-b66c-d44d1104daa1,2024-09-05,ERP_CORPORATIVO,TRANSACOES_FINANCEIRAS,15548,96e81109407cae9382f03101f6461a9749b0b70c97a5c864443232e08c7d819d
TR-15549,05/08/24,2024-08-01,OP,1000081,DESPESA,"R$2083,32","R$ 2.083,32",BRL,Compra de insumos para setor OP,2,PIX,PAGO,0b17011a-db1a-4f81-b66c-d44d1104daa1,2024-09-05,ERP_CORPORATIVO,TRANSACOES_FINANCEIRAS,15549,5ea8fe30d17d35b24cdd9c8165fc9780ee178415c016e5127b3a5c601b9ccbf4
TR-15550,15/08/24,2024-08-01,OP,1000081,DESPESA,4344.97,4.345,BRL,Manutenção estrutural vinculada à área OP,3,PIX,PAGO,0b17011a-db1a-4f81-b66c-d44d1104daa1,2024-09-05,ERP_CORPORATIVO,TRANSACOES_FINANCEIRAS,15550,1eea8b8dc87323a4649bbe17e290d33d4c3d1eb49ff74fbf34bda9f0561e6339
TR-15551,Aug 12 2024,2024-08-01,FIN,1000081,DESPESA,2192.96,"2.145,28",BRL,Serviço de tecnologia contratado por FIN,5,CARTAO,PAGO,0b17011a-db1a-4f81-b66c-d44d1104daa1,2024-09-05,ERP_CORPORATIVO,TRANSACOES_FINANCEIRAS,15551,1a22c4538ba18a3645a1623234f477953b21712c36d7cce75eeab87e9dd303d4
TR-15552,15/08/2024,2024-08-01,FIN,1000081,DESPESA,"R$ 1.994,56","1.994,56",USD,Participação nos resultados vinculada a FIN,34,CARTAO,PAGO,0b17011a-db1a-4f81-b66c-d44d1104daa1,2024-09-05,ERP_CORPORATIVO,TRANSACOES_FINANCEIRAS,15552,c941b88c1533ace2709b89510e4666ab1699a788572a6bdcacb2f27380cf9237
TR-15553,12/08/2024,2024-08-01,CTB,1000081,RECEITA,2037,1966,BRL,Receita de comissão comercial - CTB,33,CARTAO,PAGO,0b17011a-db1a-4f81-b66c-d44d1104daa1,2024-09-05,ERP_CORPORATIVO,TRANSACOES_FINANCEIRAS,15553,96a9edc728303d45525c4884457b54e4b9a620e5dc53b177456c7f4c49bc896c
TR-15554,12/08/2024,2024-08-01,PES,1000081,RECEITA,"R$ 1.678,25","R$ 1.678,25",BRL,Aquisição de material operacional - PES,2,TRANSFERENCIA,PAGO,0b17011a-db1a-4f81-b66c-d44d1104daa1,2024-09-05,ERP_CORPORATIVO,TRANSACOES_FINANCEIRAS,15554,3caa61ae805557cd90cf7d1e208fd9c72402409f4a8f0abdc9cf2ed593daeb64
TR-15555,2024-08-12,2024-08-01,CPT,1000081,DESPESA,2092.67,2069.34,BRL,Locação de espaço comercial - CPT,31,TRANSFERENCIA,PAGO,0b17011a-db1a-4f81-b66c-d44d1104daa1,2024-09-05,ERP_CORPORATIVO,TRANSACOES_FINANCEIRAS,15555,abe0c33e66a0a43871ab6a4420b235479b575462239c9ea8c9ad71cd5c9bd4a0
TR-15556,Aug 07 2024,2024-08-01,FIN,1000081,DESPESA,2235.95,"R$ 2.235,95",BRL,Hospedagem em viagem a serviço de FIN,19,PIX,PAGO,0b17011a-db1a-4f81-b66c-d44d1104daa1,2024-09-05,ERP_CORPORATIVO,TRANSACOES_FINANCEIRAS,15556,c2cef1926ee21666614c3a7274129e7d3013a0ed7d336c6af00280ffaba57fa3
TR-15557,19-08-2024,2024-08-01,COMP,1000081,DESPESA,2117,2042,BRL,Serviço de tecnologia contratado por COMP,5,TRANSFERENCIA,PAGO,0b17011a-db1a-4f81-b66c-d44d1104daa1,2024-09-05,ERP_CORPORATIVO,TRANSACOES_FINANCEIRAS,15557,bf1f3cd27f2cb6bb8a31479fdfe93889d281f36096bd0079fa81e1ff7ea4258f
TR-15558,Aug 12 2024,2024-08-01,LOG,1000081,RECEITA,"R$ 2.018,96","R$ 2.018,96",BRL,Prestação de serviço para área LOG,1,PIX,PAGO,0b17011a-db1a-4f81-b66c-d44d1104daa1,2024-09-05,ERP_CORPORATIVO,TRANSACOES_FINANCEIRAS,15558,4e5dc8dee33cfdf1704da366f44694004bd6ebb678a0ab18aff458752811a398
TR-15559,2024/08/07,2024-08-01,TI,1000081,RECEITA,2195,2106.67,BRL,Produção de material gráfico - TI,15,TRANSFERENCIA,PAGO,0b17011a-db1a-4f81-b66c-d44d1104daa1,2024-09-05,ERP_CORPORATIVO,TRANSACOES_FINANCEIRAS,15559,465f9f90720e5a507b72316346ebabe48a1a56872835d771eae33b87dac92a08
TR-15560,20/08/2024,2024-08-01,TI,1000081,RECEITA,"R$ 1.923,86","R$1923,86",BRL,Despesa de RH - TI,6,TRANSFERENCIA,PAGO,0b17011a-db1a-4f81-b66c-d44d1104daa1,2024-09-05,ERP_CORPORATIVO,TRANSACOES_FINANCEIRAS,15560,b0e03b6f15872d5c7d834c84a4841311fd58e56f19e11282479fdaaf7c6eb346
TR-15561,Aug 05 2024,2024-08-01,PJT,1000081,RECEITA,"1.901,78","1.901,78",BRL,Alimentação em viagem corporativa - PJT,20,BOLETO,PAGO,0b17011a-db1a-4f81-b66c-d44d1104daa1,2024-09-05,ERP_CORPORATIVO,TRANSACOES_FINANCEIRAS,15561,c14eb6137a8e90e3331b08eebcea1f3dd24a01a20818320e14f7332d759f8d41
TR-15562,15/08/24,2024-08-01,CPT,1000081,DESPESA,2.228,2.228,BRL,Receita extraordinária - CPT,37,TED,PAGO,0b17011a-db1a-4f81-b66c-d44d1104daa1,2024-09-05,ERP_CORPORATIVO,TRANSACOES_FINANCEIRAS,15562,f382c9d772a0025f8604754e954dfeaa89137d03855431f9c1989b30a3c94154
TR-15563,2024/08/13,2024-08-01,JUR,1000081,RECEITA,2240,2.240,BRL,Prestação de serviço para área JUR,1,TED,PAGO,0b17011a-db1a-4f81-b66c-d44d1104daa1,2024-09-05,ERP_CORPORATIVO,TRANSACOES_FINANCEIRAS,15563,56c29aa241cd5e4d5f7adaacda7c08b48137e994660ebf84f7952737b9efc08d
TR-15564,12/08/24,2024-08-01,FIN,1000081,RECEITA,"R$2224,85",2224.85,BRL,Manutenção predial solicitada por FIN,10,BOLETO,ATRASADO,0b17011a-db1a-4f81-b66c-d44d1104daa1,2024-09-05,ERP_CORPORATIVO,TRANSACOES_FINANCEIRAS,15564,97bcbc0d877b88d8d1a25190a6520be35149d3764bd96110dd2c68f4c6646c8a
TR-15828,09/08/2024,2024-08-01,COM,ACC-00083,DESPESA,2.499,2499,BRL,Contrato de serviço - setor COM,1,TRANSFERENCIA,PAGO,0b17011a-db1a-4f81-b66c-d44d1104daa1,2024-09-05,ERP_CORPORATIVO,TRANSACOES_FINANCEIRAS,15828,e88a9dfcb4d016d913a0ed84073adef4a0b109f8dd66060dacd90deb028f5a78
TR-15829,Aug 05 2024,2024-08-01,FIN,ACC-00083,DESPESA,2.696,2.646,BRL,Renovação de certificados digitais - FIN,26,CARTAO,PAGO,0b17011a-db1a-4f81-b66c-d44d1104daa1,2024-09-05,ERP_CORPORATIVO,TRANSACOES_FINANCEIRAS,15829,d921f39d5c4d413e217928ed812028247f1a6fec64c6fc0f77a1e25ff0f8012b
TR-15830,13/08/24,2024-08-01,MKT,ACC-00083,DESPESA,2818.38,"R$ 2.725,26",BRL,Despesa de infraestrutura - MKT,3,PIX,CANCELADO,0b17011a-db1a-4f81-b66c-d44d1104daa1,2024-09-05,ERP_CORPORATIVO,TRANSACOES_FINANCEIRAS,15830,576b78d0143f2f9a71a617b0ff037d4d3add227b50b0afb82040215d6fef9e3d
TR-15831,08-12-2024,2024-08-01,OP,ACC-00083,DESPESA,2847,"R$2792,15",BRL,Receita de comissão comercial - OP,33,BOLETO,PAGO,0b17011a-db1a-4f81-b66c-d44d1104daa1,2024-09-05,ERP_CORPORATIVO,TRANSACOES_FINANCEIRAS,15831,2a749c30a71d139f12665f45e738c4a429ed94d4f769f8d646bd6856b3945fea
TR-15832,Aug 14 2024,2024-08-01,FIN,ACC-00083,DESPESA,"R$2768,71","R$ 2.768,71",BRL,Direitos de propriedade intelectual - FIN,32,PIX,ATRASADO,0b17011a-db1a-4f81-b66c-d44d1104daa1,2024-09-05,ERP_CORPORATIVO,TRANSACOES_FINANCEIRAS,15832,7f9e5087a916c0d14a2ff82e059a105d91946723002413e923913fe455518c2d
TR-15833,14/08/24,2024-08-01,TI,ACC-00083,DESPESA,"2.575,65","R$ 2.575,65",BRL,Hospedagem em viagem a serviço de TI,19,BOLETO,PAGO,0b17011a-db1a-4f81-b66c-d44d1104daa1,2024-09-05,ERP_CORPORATIVO,TRANSACOES_FINANCEIRAS,15833,dd3045365327488663af940ce56c3b1fb516f872fd8d435e19b45ba8fa3b9d86
TR-15834,08-19-2024,2024-08-01,TI,ACC-00083,DESPESA,3211.92,3.134,BRL,Capacitação profissional vinculada a TI,30,CARTAO,ATRASADO,0b17011a-db1a-4f81-b66c-d44d1104daa1,2024-09-05,ERP_CORPORATIVO,TRANSACOES_FINANCEIRAS,15834,323a6fd37f411c60faba45a3b3df40abdb3e93c3cb891310fb741c21c8f7ab75
TR-15835,Aug 26 2024,2024-08-01,LOG,ACC-00083,DESPESA,"R$ 2.784,50",2784.50,BRL,Serviço especializado solicitado por LOG,1,TRANSFERENCIA,PAGO,0b17011a-db1a-4f81-b66c-d44d1104daa1,2024-09-05,ERP_CORPORATIVO,TRANSACOES_FINANCEIRAS,15835,6596cd5f0260271e7dc816a7d382bde4babfedcae0dd69188a796451120d7019
TR-15836,Aug 26 2024,2024-08-01,PRD,ACC-00083,RECEITA,3280.19,"R$3280,19",BRL,Material de marketing solicitado por PRD,15,PIX,PAGO,0b17011a-db1a-4f81-b66c-d44d1104daa1,2024-09-05,ERP_CORPORATIVO,TRANSACOES_FINANCEIRAS,15836,9e75a33066a14234688039b9921f804a1b6bf4f5a926547146647e3e4e26f5a3
TR-15837,08-23-2024,2024-08-01,PES,ACC-00083,DESPESA,"R$2632,06","R$ 2.632,06",BRL,Assessoria legal vinculada à área PES,7,TRANSFERENCIA,PAGO,0b17011a-db1a-4f81-b66c-d44d1104daa1,2024-09-05,ERP_CORPORATIVO,TRANSACOES_FINANCEIRAS,15837,8e5170d1ee4f7648e4f35510799cb020ba3fd97fd02c7436958f8487a1b26d55
TR-15838,12-08-2024,2024-08-01,FIN,ACC-00083,DESPESA,"R$ 3.544,65",3545,USD,Atendimento de TI requisitado por FIN,29,BOLETO,ATRASADO,0b17011a-db1a-4f81-b66c-d44d1104daa1,2024-09-05,ERP_CORPORATIVO,TRANSACOES_FINANCEIRAS,15838,b07e927ccaa48e5ea75e60a75ed638be97fe8cb125f5a3d612f703789ecaaaf5
TR-15839,2024-08-23,2024-08-01,FIN,ACC-00083,DESPESA,2.467,"R$2427,41",BRL,Despesa operacional - FIN,8,BOLETO,ATRASADO,0b17011a-db1a-4f81-b66c-d44d1104daa1,2024-09-05,ERP_CORPORATIVO,TRANSACOES_FINANCEIRAS,15839,d678eca8c78b61b709cab65ec6e69627721ff6fbe652b0d7c5ef927544873d25
TR-15840,05/08/2024,2024-08-01,COM,ACC-00083,RECEITA,"R$ 2.909,61","R$ 2.909,61",BRL,Serviço especializado solicitado por COM,1,TED,PAGO,0b17011a-db1a-4f81-b66c-d44d1104daa1,2024-09-05,ERP_CORPORATIVO,TRANSACOES_FINANCEIRAS,15840,5c70e41b32605af4e1dd22266f4d4ec6a2376fcd540be1bfe46aba82aeaf1e5f
TR-15841,19/08/2024,2024-08-01,LOG,ACC-00083,RECEITA,2636.97,2637,BRL,Certificado digital adquirido por LOG,26,PIX,PAGO,0b17011a-db1a-4f81-b66c-d44d1104daa1,2024-09-05,ERP_CORPORATIVO,TRANSACOES_FINANCEIRAS,15841,0164587f53c456b482420f89701e17ce0dd7e21dc5c2aa9e08b6fad824c3a535
TR-15842,2024-08-19,2024-08-01,QAS,ACC-00083,RECEITA,"R$ 2.924,21",2845,BRL,Aquisição de material operacional - QAS,2,TED,CANCELADO,0b17011a-db1a-4f81-b66c-d44d1104daa1,2024-09-05,ERP_CORPORATIVO,TRANSACOES_FINANCEIRAS,15842,94c5a86f24886298e18a3b10fb5873a2d56f47aceab1f662187b33f53b0f2b50
TR-15843,2024-08-07,2024-08-01,OP,ACC-00083,DESPESA,"R$2641,95","2.612,68",BRL,Investimento em marketing corporativo (OP),4,TED,PAGO,0b17011a-db1a-4f81-b66c-d44d1104daa1,2024-09-05,ERP_CORPORATIVO,TRANSACOES_FINANCEIRAS,15843,18dddcd8d58e657b231e6875277e807855b4b22d400e6e853074e5bfde1f292f
TR-15844,08-16-2024,2024-08-01,OP,ACC-00083,DESPESA,2351.22,"R$2351,22",BRL,Aquisição de material operacional - OP,2,TED,PAGO,0b17011a-db1a-4f81-b66c-d44d1104daa1,2024-09-05,ERP_CORPORATIVO,TRANSACOES_FINANCEIRAS,15844,4eb675bc5493f37020a59bce0785f77aafd4c3ba75ce3e8641578b72f1d8fb63
TR-15845,Aug 07 2024,2024-08-01,PES,ACC-00083,RECEITA,2695.01,2695,BRL,Recebimento de subvenção - PES,36,BOLETO,PAGO,0b17011a-db1a-4f81-b66c-d44d1104daa1,2024-09-05,ERP_CORPORATIVO,TRANSACOES_FINANCEIRAS,15845,04240f3cc415fa8d342a3356c5d232b6935a285ab5cf5c2ac151e594c1b23222
TR-16136,2024/08/22,2024-08-01,OP,FORN-00084,RECEITA,4.912,"4.702,60",BRL,Licenciamento de software - OP,5,CARTAO,PAGO,0b17011a-db1a-4f81-b66c-d44d1104daa1,2024-09-05,ERP_CORPORATIVO,TRANSACOES_FINANCEIRAS,16136,5d9a7b43a20689292ddd41acdb6044fa45baf87fc52839ffe7c5a88950a63178
TR-16137,29/08/2024,2024-08-01,COMP,FORN-00084,DESPESA,4.445,4254,BRL,Contrato de serviço - setor COMP,1,PIX,PAGO,0b17011a-db1a-4f81-b66c-d44d1104daa1,2024-09-05,ERP_CORPORATIVO,TRANSACOES_FINANCEIRAS,16137,322163b275a449bce7acec1b2b4350d49c903de19e069215eb21f729b7b0da12
TR-16138,2024-08-14,2024-08-01,FIN,FORN-00084,DESPESA,4710.36,"R$ 4.621,76",BRL,Custo operacional associado a FIN,8,TED,ATRASADO,0b17011a-db1a-4f81-b66c-d44d1104daa1,2024-09-05,ERP_CORPORATIVO,TRANSACOES_FINANCEIRAS,16138,937298b70491c25ce07c629ddad2c9d5088e86091a82553ca99e99e3fc764941
TR-16139,19/08/24,2024-08-01,RH,FORN-00084,DESPESA,5150,5150.37,BRL,Devolução de venda processada por RH,39,BOLETO,PAGO,0b17011a-db1a-4f81-b66c-d44d1104daa1,2024-09-05,ERP_CORPORATIVO,TRANSACOES_FINANCEIRAS,16139,6d3f176a455584c4a87f2265d687b0b78ad39deb54c277a2d8ea0d5a3291d563
TR-16140,05/08/2024,2024-08-01,QAS,FORN-00084,DESPESA,5.385,5385,BRL,Estorno de receita - QAS,39,PIX,PAGO,0b17011a-db1a-4f81-b66c-d44d1104daa1,2024-09-05,ERP_CORPORATIVO,TRANSACOES_FINANCEIRAS,16140,8a60f265afa0907e353d6bb7f2c9addf6333a1e0826dcb45da11ab08c92f4ad9
TR-16141,2024-08-05,2024-08-01,TI,FORN-00084,RECEITA,5281,"R$ 5.280,52",BRL,Manutenção preventiva de veículos - TI,17,PIX,PAGO,0b17011a-db1a-4f81-b66c-d44d1104daa1,2024-09-05,ERP_CORPORATIVO,TRANSACOES_FINANCEIRAS,16141,01bb7e1050bccb25000c8bd49c07e8fa38c1be05023ccf659c99290adb1563d3
TR-16142,08-15-2024,2024-08-01,PES,FORN-00084,DESPESA,"R$4214,95",4031.10,BRL,Recebimento de subvenção - PES,36,TED,PAGO,0b17011a-db1a-4f81-b66c-d44d1104daa1,2024-09-05,ERP_CORPORATIVO,TRANSACOES_FINANCEIRAS,16142,b7a8eda14137c012492430a949ac6cf857646854b91f3c952dc5bfc757fe2605
TR-16143,2024/08/09,2024-08-01,PES,FORN-00084,DESPESA,"4.988,23","4.988,23",BRL,Prestação de serviço para área PES,1,TED,PAGO,0b17011a-db1a-4f81-b66c-d44d1104daa1,2024-09-05,ERP_CORPORATIVO,TRANSACOES_FINANCEIRAS,16143,886e9ca98bc8479da6ee4238c59506a4940b0b88b4567726abe983d0fbdfe3af
TR-16144,08-05-2024,2024-08-01,OP,FORN-00084,DESPESA,5272,5272,BRL,Devolução de venda processada por OP,39,TRANSFERENCIA,PAGO,0b17011a-db1a-4f81-b66c-d44d1104daa1,2024-09-05,ERP_CORPORATIVO,TRANSACOES_FINANCEIRAS,16144,1f26b269f93257a110e9b7345bb7e54cce535151c428a8c8fc5b553e49d3aa93
TR-16254,2024-08-22,2024-08-01,COM,1000084,RECEITA,"3.379,13",3.329,BRL,Despesa de RH - COM,6,PIX,ATRASADO,0b17011a-db1a-4f81-b66c-d44d1104daa1,2024-09-05,ERP_CORPORATIVO,TRANSACOES_FINANCEIRAS,16254,4c102ee34f2ba5bb7ff492cb1fdb5e62a7eb832b1516f60658fdec341d0cbcb7
TR-16255,2024/08/23,2024-08-01,OP,1000084,RECEITA,3450.44,"R$3337,06",BRL,Contrato de conectividade para área OP,9,BOLETO,ATRASADO,0b17011a-db1a-4f81-b66c-d44d1104daa1,2024-09-05,ERP_CORPORATIVO,TRANSACOES_FINANCEIRAS,16255,930779940839f3ba5f23b2e8d89bf720aac6de79fe3601236da370e1aded35fb
TR-16256,21-08-2024,2024-08-01,FIN,1000084,RECEITA,3.178,3177.54,BRL,Juros sobre operação financeira - FIN,23,BOLETO,PAGO,0b17011a-db1a-4f81-b66c-d44d1104daa1,2024-09-05,ERP_CORPORATIVO,TRANSACOES_FINANCEIRAS,16256,c94f77b07010bec16268f7ed535c9982a21b93a486197b760a373defe3a0e2c0
TR-16257,21-08-2024,2024-08-01,CPT,1000084,DESPESA,"R$3715,51",3.716,BRL,Receita de comissão comercial - CPT,33,BOLETO,PAGO,0b17011a-db1a-4f81-b66c-d44d1104daa1,2024-09-05,ERP_CORPORATIVO,TRANSACOES_FINANCEIRAS,16257,154a95e16a85d4b7b8f157c2f0da2b4a99a0083da07799f4d48b6eee921c6653
TR-16258,08-19-2024,2024-08-01,FIN,1000084,RECEITA,"R$ 3.539,43","R$ 3.372,73",BRL,Contrato de serviço - setor FIN,1,BOLETO,PAGO,0b17011a-db1a-4f81-b66c-d44d1104daa1,2024-09-05,ERP_CORPORATIVO,TRANSACOES_FINANCEIRAS,16258,d754a8f61d360091979ffe293514b12ff394cef65942bf5ffcd7ff58b3fc9d55
TR-16259,Aug 05 2024,2024-08-01,OP,1000084,DESPESA,"3.717,37","3.717,37",USD,Encargos de empréstimo vinculados a OP,23,BOLETO,PAGO,0b17011a-db1a-4f81-b66c-d44d1104daa1,2024-09-05,ERP_CORPORATIVO,TRANSACOES_FINANCEIRAS,16259,4353ef00b86ab1bb9c8ae9c9bc2ee5a1355f6890032fdcea339b7f1d596819fc
TR-16260,16-08-2024,2024-08-01,LOG,1000084,DESPESA,3039,3039.14,BRL,Renovação de certificados digitais - LOG,26,BOLETO,ATRASADO,0b17011a-db1a-4f81-b66c-d44d1104daa1,2024-09-05,ERP_CORPORATIVO,TRANSACOES_FINANCEIRAS,16260,4405cfe78a7c5a3517e8667b512d3d1a493174ce46408b9616f6110a298cdfd5
TR-16558,16/08/2024,2024-08-01,MKT,1000085,DESPESA,"3.171,07",3171,USD,Aquisição de material operacional - MKT,2,TED,PAGO,0b17011a-db1a-4f81-b66c-d44d1104daa1,2024-09-05,ERP_CORPORATIVO,TRANSACOES_FINANCEIRAS,16558,a6b5cd1532b000bbb794b2c4ec6ec2f2f881bbd52f646e9491649f7841f3bbc0
TR-16559,02-08-2024,2024-08-01,COMP,1000085,DESPESA,"2.998,40","2.998,40",BRL,Resultado de equivalência patrimonial - COMP,34,TRANSFERENCIA,PAGO,0b17011a-db1a-4f81-b66c-d44d1104daa1,2024-09-05,ERP_CORPORATIVO,TRANSACOES_FINANCEIRAS,16559,0730e0239de97ad2a411c5354e59c6ea55bb6c422260ac6d0c5571f116baab39
TR-16560,19/08/24,2024-08-01,VND,1000085,DESPESA,3125,"R$3125,11",BRL,Campanha institucional - VND,4,CARTAO,PAGO,0b17011a-db1a-4f81-b66c-d44d1104daa1,2024-09-05,ERP_CORPORATIVO,TRANSACOES_FINANCEIRAS,16560,4e85313f3802f7d0cfa11d221ac96ccd9b316d06c438f0399cf103b4897da491
TR-16561,09/08/24,2024-08-01,CTB,1000085,RECEITA,"2.960,57","2.827,60",BRL,Seguro contratado pela área CTB,21,TRANSFERENCIA,ATRASADO,0b17011a-db1a-4f81-b66c-d44d1104daa1,2024-09-05,ERP_CORPORATIVO,TRANSACOES_FINANCEIRAS,16561,6c5904539c1d8daa7513dc1ab91e86100395526f74d8de68c093159b5e045598
TR-16562,08-12-2024,2024-08-01,ADM,1000085,DESPESA,2818.22,"2.818,22",BRL,Evento corporativo organizado por ADM,14,BOLETO,PAGO,0b17011a-db1a-4f81-b66c-d44d1104daa1,2024-09-05,ERP_CORPORATIVO,TRANSACOES_FINANCEIRAS,16562,9bcea8446b848348cb62c69ee520e0df4a73bc1f775c1e611202a53655586781
TR-16563,2024/08/19,2024-08-01,ESG,1000085,RECEITA,7844,"7.843,78",BRL,Contrato de serviço - setor ESG,1,TRANSFERENCIA,CANCELADO,0b17011a-db1a-4f81-b66c-d44d1104daa1,2024-09-05,ERP_CORPORATIVO,TRANSACOES_FINANCEIRAS,16563,2c07a26c22fc1f66e1748d0739c5a6acb6d49ad9cfaec208c938810bf57d21f6
TR-16953,12-08-2024,2024-08-01,COMP,FORN-00087,DESPESA,"R$2225,86","R$2173,92",BRL,Prestação de serviço para área COMP,1,PIX,ATRASADO,0b17011a-db1a-4f81-b66c-d44d1104daa1,2024-09-05,ERP_CORPORATIVO,TRANSACOES_FINANCEIRAS,16953,c6e97ccd52ad52f00c97986ee2f58336a0381ec27c2839d4d15025b354c8223e
TR-16954,08-08-2024,2024-08-01,CTB,FORN-00087,RECEITA,2.178,2.112,BRL,Aquisição de material operacional - CTB,2,PIX,PAGO,0b17011a-db1a-4f81-b66c-d44d1104daa1,2024-09-05,ERP_CORPORATIVO,TRANSACOES_FINANCEIRAS,16954,1e13b6bf2d6e2a13c687dd396237223269cd1cae44763aad9e42ee791d1430c8
TR-16955,2024/08/23,2024-08-01,MKT,FORN-00087,RECEITA,"R$ 2.245,33",2245,BRL,Serviço especializado solicitado por MKT,1,PIX,PAGO,0b17011a-db1a-4f81-b66c-d44d1104daa1,2024-09-05,ERP_CORPORATIVO,TRANSACOES_FINANCEIRAS,16955,3304563d2b5f658bde57654ea0b4d2fb98eefd82b259c3a93afd91f2b092f0bc
TR-16956,08-16-2024,2024-08-01,JUR,FORN-00087,DESPESA,"R$6569,37","6.482,31",USD,Receita extraordinária - JUR,37,BOLETO,PAGO,0b17011a-db1a-4f81-b66c-d44d1104daa1,2024-09-05,ERP_CORPORATIVO,TRANSACOES_FINANCEIRAS,16956,42c75546aec92c63cc1530165ae9c744753369929f5354fd6b5bfe57fc8a7764
TR-16957,Aug 05 2024,2024-08-01,ADM,FORN-00087,RECEITA,"R$ 2.526,83",2527,BRL,Campanha institucional - ADM,4,PIX,PAGO,0b17011a-db1a-4f81-b66c-d44d1104daa1,2024-09-05,ERP_CORPORATIVO,TRANSACOES_FINANCEIRAS,16957,db2378b8c333117228e50c33c0185d8f92851b0c0ff36c765bf55d1182e77c9f
TR-16958,14/08/2024,2024-08-01,PJT,FORN-00087,RECEITA,"2.320,65","R$ 2.320,65",BRL,Consultoria estratégica para área PJT,12,BOLETO,PAGO,0b17011a-db1a-4f81-b66c-d44d1104daa1,2024-09-05,ERP_CORPORATIVO,TRANSACOES_FINANCEIRAS,16958,e2e29841ddebd87e7bc392855399697dd2f1350d2289f38f21d3dd73b0f02314
TR-16959,08-21-2024,2024-08-01,ATD,FORN-00087,DESPESA,"R$ 2.167,51","R$2167,51",BRL,Promoção e atividade externa - ATD,14,BOLETO,ATRASADO,0b17011a-db1a-4f81-b66c-d44d1104daa1,2024-09-05,ERP_CORPORATIVO,TRANSACOES_FINANCEIRAS,16959,60a5a4ed8e9659bd7fc13f76c064555a7fce221cabe5dbc4d8ea95aa6de5909b
TR-16960,08-06-2024,2024-08-01,MKT,FORN-00087,DESPESA,3141,3.103,USD,Licença de software para área MKT,27,BOLETO,PAGO,0b17011a-db1a-4f81-b66c-d44d1104daa1,2024-09-05,ERP_CORPORATIVO,TRANSACOES_FINANCEIRAS,16960,e1ad7fa5c92f53798c3e31d95bff235e4a2c8536acceaa08adc0e7956318338d
TR-16961,12/08/2024,2024-08-01,COM,FORN-00087,RECEITA,5035,5.035,BRL,Contrato de consultoria externa - COM,12,BOLETO,PAGO,0b17011a-db1a-4f81-b66c-d44d1104daa1,2024-09-05,ERP_CORPORATIVO,TRANSACOES_FINANCEIRAS,16961,4841952d445b1364d9b4ca0a9ae4199049446eb3529e9b6bed13aae0ecd5ef03
TR-16962,2024-08-23,2024-08-01,MKT,FORN-00087,RECEITA,2.489,2489,BRL,Serviços contábeis externos - MKT,25,TRANSFERENCIA,PAGO,0b17011a-db1a-4f81-b66c-d44d1104daa1,2024-09-05,ERP_CORPORATIVO,TRANSACOES_FINANCEIRAS,16962,f12785c6ef1cee37443be3b145eb61c35ab2ed4e663793d82e68bf8f57d6afb0
TR-16963,05/08/2024,2024-08-01,FIN,FORN-00087,DESPESA,2892,"R$ 2.767,36",BRL,Atendimento de TI requisitado por FIN,29,BOLETO,PAGO,0b17011a-db1a-4f81-b66c-d44d1104daa1,2024-09-05,ERP_CORPORATIVO,TRANSACOES_FINANCEIRAS,16963,a1733724eac00c2a4fba88bddec3354c3d2fe9bad7d31fb3b4519d0113610fab
TR-16964,2024-08-29,2024-08-01,FIN,FORN-00087,DESPESA,"R$ 2.649,52","2.649,52",USD,Juros sobre operação financeira - FIN,23,TRANSFERENCIA,PAGO,0b17011a-db1a-4f81-b66c-d44d1104daa1,2024-09-05,ERP_CORPORATIVO,TRANSACOES_FINANCEIRAS,16964,d5e302f99a1a49eb51b828d1f77ea933930b09a1fb3648c30196c72017f99d78
TR-16965,2024-08-12,2024-08-01,JUR,FORN-00087,DESPESA,2996.59,2.997,BRL,Manutenção estrutural vinculada à área JUR,3,BOLETO,ATRASADO,0b17011a-db1a-4f81-b66c-d44d1104daa1,2024-09-05,ERP_CORPORATIVO,TRANSACOES_FINANCEIRAS,16965,7fadcd195809d48708ec9259c61e9924b782aab4ce138b33c20ba3c47200c0ba
TR-16966,05-08-2024,2024-08-01,MKT,FORN-00087,RECEITA,"R$2309,47","R$ 2.309,47",BRL,Receita eventual registrada em MKT,37,BOLETO,PAGO,0b17011a-db1a-4f81-b66c-d44d1104daa1,2024-09-05,ERP_CORPORATIVO,TRANSACOES_FINANCEIRAS,16966,ba46ad2bb4b99d080a072dc5cf3b18cb1cf7a997c28e53d979d75b7c1d2422db
TR-16967,08-08-2024,2024-08-01,TI,FORN-00087,DESPESA,2749.37,"R$2749,37",BRL,Receita eventual registrada em TI,37,BOLETO,PAGO,0b17011a-db1a-4f81-b66c-d44d1104daa1,2024-09-05,ERP_CORPORATIVO,TRANSACOES_FINANCEIRAS,16967,fd68a3bc942bec502d55ab575121132d9411d1598f3f460e75d5b08b113248fa
TR-17295,Aug 26 2024,2024-08-01,COMP,1000088,DESPESA,"R$4715,10","R$4715,10",BRL,Assessoria legal vinculada à área COMP,7,TRANSFERENCIA,PAGO,0b17011a-db1a-4f81-b66c-d44d1104daa1,2024-09-05,ERP_CORPORATIVO,TRANSACOES_FINANCEIRAS,17295,ffb2e2e54cf486bbcb059e6ef6d8714c61acd8c677fe9f942f60bc18a31e3e04
TR-17296,2024/08/15,2024-08-01,COMP,1000088,DESPESA,5.093,"R$ 4.865,21",BRL,Doação recebida em favor de COMP,36,TED,ATRASADO,0b17011a-db1a-4f81-b66c-d44d1104daa1,2024-09-05,ERP_CORPORATIVO,TRANSACOES_FINANCEIRAS,17296,b0831bc4dcc9af490658158e2ae6f4bc2b552f27c60e4192d1691e4ea091382b
TR-17297,08-26-2024,2024-08-01,JUR,1000088,DESPESA,"R$ 4.476,10",4.476,BRL,Receita extraordinária - JUR,37,BOLETO,PAGO,0b17011a-db1a-4f81-b66c-d44d1104daa1,2024-09-05,ERP_CORPORATIVO,TRANSACOES_FINANCEIRAS,17297,41d45d664fa5386f85921b58cf870f9b96519342ebc10d5bc2e9dc35e6b761f3
TR-17298,19-08-2024,2024-08-01,FIN,1000088,DESPESA,14.628,14628.35,BRL,Assessoria contábil prestada a FIN,25,TRANSFERENCIA,ATRASADO,0b17011a-db1a-4f81-b66c-d44d1104daa1,2024-09-05,ERP_CORPORATIVO,TRANSACOES_FINANCEIRAS,17298,01af8cbf3f23ca5ad7bf33d25831d1791f857bf7469bcc7f43d833311cf627d5
TR-17299,2024/08/12,2024-08-01,COM,1000088,RECEITA,"4.743,49","4.743,49",BRL,Compra de insumos para setor COM,2,PIX,PAGO,0b17011a-db1a-4f81-b66c-d44d1104daa1,2024-09-05,ERP_CORPORATIVO,TRANSACOES_FINANCEIRAS,17299,160bdf2e0a31379897bce989d7f0785b0a29756821aea59dc9a1c771ff9e9278
TR-17300,2024-08-19,2024-08-01,OP,1000088,DESPESA,18297.04,"R$18297,04",BRL,Serviço de tecnologia contratado por OP,5,BOLETO,ATRASADO,0b17011a-db1a-4f81-b66c-d44d1104daa1,2024-09-05,ERP_CORPORATIVO,TRANSACOES_FINANCEIRAS,17300,741039e59d005caca92132aa568dec978d1d0a750f698bc4ecea9c57f24adba4
TR-17414,16/08/2024,2024-08-01,RH,1000089,RECEITA,3.596,3596.40,BRL,Direitos de propriedade intelectual - RH,32,PIX,PAGO,0b17011a-db1a-4f81-b66c-d44d1104daa1,2024-09-05,ERP_CORPORATIVO,TRANSACOES_FINANCEIRAS,17414,082f1f21f0a309d5df0d7715c9bdb81ca4c2ed1915cc573a724caf0ae3bb831f
TR-17415,12/08/24,2024-08-01,RH,1000089,DESPESA,"R$11207,20","R$ 11.207,20",BRL,Investimento em marketing corporativo (RH),4,BOLETO,CANCELADO,0b17011a-db1a-4f81-b66c-d44d1104daa1,2024-09-05,ERP_CORPORATIVO,TRANSACOES_FINANCEIRAS,17415,a828c7faae046936dcacc1af42e47344fcaa8c971a9b96026bbf2c7f089bb855
TR-17416,Aug 16 2024,2024-08-01,COM,1000089,RECEITA,4.229,"R$ 4.111,19",EUR,Serviço especializado solicitado por COM,1,TED,PAGO,0b17011a-db1a-4f81-b66c-d44d1104daa1,2024-09-05,ERP_CORPORATIVO,TRANSACOES_FINANCEIRAS,17416,2aeba81dff20c5597710a27763a7775a48c509369080a5b2cb5f81a3c27466ff
TR-17417,19/08/2024,2024-08-01,COM,1000089,DESPESA,"4.241,36","4.241,36",BRL,Direitos de propriedade intelectual - COM,32,TED,ATRASADO,0b17011a-db1a-4f81-b66c-d44d1104daa1,2024-09-05,ERP_CORPORATIVO,TRANSACOES_FINANCEIRAS,17417,3600812e17e84bc6722784539f9735b5229b77171a65c5cd95c7ea5657c1a3d3
TR-17418,Aug 19 2024,2024-08-01,VND,1000089,RECEITA,"R$4727,27",4.610,BRL,Custo operacional associado a VND,8,BOLETO,PAGO,0b17011a-db1a-4f81-b66c-d44d1104daa1,2024-09-05,ERP_CORPORATIVO,TRANSACOES_FINANCEIRAS,17418,322ff47765270854ed9d2b2101c41ef20b53ae3c02b53cee93d40d8a17c75060
TR-17419,2024-08-22,2024-08-01,TI,1000089,RECEITA,4096,4095.50,BRL,Assessoria contábil prestada a TI,25,TRANSFERENCIA,PAGO,0b17011a-db1a-4f81-b66c-d44d1104daa1,2024-09-05,ERP_CORPORATIVO,TRANSACOES_FINANCEIRAS,17419,b1680200aab928da115cc565ffb2930c883993efd115850e83f790d697465f2b
TR-17573,08-19-2024,2024-08-01,JUR,1000090,RECEITA,1211.89,"1.159,37",BRL,Serviço especializado solicitado por JUR,1,PIX,PAGO,0b17011a-db1a-4f81-b66c-d44d1104daa1,2024-09-05,ERP_CORPORATIVO,TRANSACOES_FINANCEIRAS,17573,01cadd0d0a2143132f2325aa0106b4577a2488021f6b465652a2fc6ddd0c0e19
TR-17574,2024-08-15,2024-08-01,MKT,1000090,DESPESA,"R$1012,73","R$1012,73",BRL,Contrato de conectividade para área MKT,9,BOLETO,PAGO,0b17011a-db1a-4f81-b66c-d44d1104daa1,2024-09-05,ERP_CORPORATIVO,TRANSACOES_FINANCEIRAS,17574,788ce95f2df6629b7558480e86fbac02dcae5d71282519d2a70e608233f810c3
TR-17575,20/08/2024,2024-08-01,COMP,1000090,RECEITA,1.343,"1.342,73",BRL,Serviço especializado solicitado por COMP,1,TED,PAGO,0b17011a-db1a-4f81-b66c-d44d1104daa1,2024-09-05,ERP_CORPORATIVO,TRANSACOES_FINANCEIRAS,17575,9c5c0545b54644a9b23eb4db7931523e43db772d6b392c7c83b619efe3d4ee48
TR-17576,19/08/24,2024-08-01,FIN,1000090,RECEITA,"1.277,54",1.235,BRL,Consultoria estratégica para área FIN,12,PIX,ATRASADO,0b17011a-db1a-4f81-b66c-d44d1104daa1,2024-09-05,ERP_CORPORATIVO,TRANSACOES_FINANCEIRAS,17576,c71dfd0f1bb8ba75faf549a911d8fccabeaccdde54c56f98f3645fba6b52b900
TR-17577,08-14-2024,2024-08-01,LOG,1000090,RECEITA,"1.433,80","1.433,80",BRL,Certificado digital adquirido por LOG,26,PIX,PAGO,0b17011a-db1a-4f81-b66c-d44d1104daa1,2024-09-05,ERP_CORPORATIVO,TRANSACOES_FINANCEIRAS,17577,fb7d906e73afa9eb310943ea47aed2e678632573d6fcf5540501a1361eb7b023
TR-17578,12-08-2024,2024-08-01,COM,1000090,DESPESA,1404,1404.32,BRL,Compra de insumos para setor COM,2,CARTAO,PAGO,0b17011a-db1a-4f81-b66c-d44d1104daa1,2024-09-05,ERP_CORPORATIVO,TRANSACOES_FINANCEIRAS,17578,b4ff90e953e61faebecb22d03dd145059c7694f64cc891a29169739068fd7a0e
TR-17579,2024-08-08,2024-08-01,PJT,1000090,RECEITA,"R$ 1.359,81",1360,BRL,Campanha institucional - PJT,4,TED,PAGO,0b17011a-db1a-4f81-b66c-d44d1104daa1,2024-09-05,ERP_CORPORATIVO,TRANSACOES_FINANCEIRAS,17579,81cd03b71b25984f66ea150b0388e2558cf55e37a275fb33500d4cd3e080a823
TR-17580,14/08/2024,2024-08-01,ATD,1000090,DESPESA,"1.246,78",1213.14,BRL,Contrato de serviço - setor ATD,1,BOLETO,PAGO,0b17011a-db1a-4f81-b66c-d44d1104daa1,2024-09-05,ERP_CORPORATIVO,TRANSACOES_FINANCEIRAS,17580,69af7151ec092205c9b49f39195bf784ae28c7f704544a79f8d535d4a7c72718
TR-17581,08-19-2024,2024-08-01,VND,1000090,RECEITA,"R$ 1.276,94","R$ 1.276,94",BRL,Despesa operacional - VND,8,BOLETO,PAGO,0b17011a-db1a-4f81-b66c-d44d1104daa1,2024-09-05,ERP_CORPORATIVO,TRANSACOES_FINANCEIRAS,17581,e497d712da4d5d08d245aacc386eb27f36004a9db6f13964a4861bb67675c7e4
TR-17582,2024-08-05,2024-08-01,COM,1000090,RECEITA,1067,1067.48,BRL,Assessoria legal vinculada à área COM,7,TRANSFERENCIA,ATRASADO,0b17011a-db1a-4f81-b66c-d44d1104daa1,2024-09-05,ERP_CORPORATIVO,TRANSACOES_FINANCEIRAS,17582,906d2c9c5375de07df7da3762c9e097b916fe37f7b6ec0aba88af05bfc786985
TR-17583,12/08/2024,2024-08-01,CPT,1000090,RECEITA,1.157,"R$1156,58",BRL,Abastecimento de veículos - CPT,16,BOLETO,PAGO,0b17011a-db1a-4f81-b66c-d44d1104daa1,2024-09-05,ERP_CORPORATIVO,TRANSACOES_FINANCEIRAS,17583,7ba3cd0b7ce1d190f566feb62e99004bec298323cbe4a377020c3ceb7e95e87b
TR-17584,08/08/24,2024-08-01,SEC,1000090,RECEITA,1.603,"R$1602,54",BRL,Investimento em marketing corporativo (SEC),4,TRANSFERENCIA,ATRASADO,0b17011a-db1a-4f81-b66c-d44d1104daa1,2024-09-05,ERP_CORPORATIVO,TRANSACOES_FINANCEIRAS,17584,afa30fb49bd94cb20aff36d9f73322b17a36261dcfff9d4ac9934d3ea7f84c77
TR-17585,08-12-2024,2024-08-01,ADM,1000090,RECEITA,1000.40,1000.40,BRL,Compra de insumos para setor ADM,2,TRANSFERENCIA,CANCELADO,0b17011a-db1a-4f81-b66c-d44d1104daa1,2024-09-05,ERP_CORPORATIVO,TRANSACOES_FINANCEIRAS,17585,e2ebc5a8a22718400552a4038d60fad7922b512000a35e5929eb6fe81c9b503c
TR-17586,2024/08/21,2024-08-01,OP,1000090,RECEITA,1226.53,"R$ 1.226,53",BRL,Serviço técnico especializado para OP,11,PIX,PAGO,0b17011a-db1a-4f81-b66c-d44d1104daa1,2024-09-05,ERP_CORPORATIVO,TRANSACOES_FINANCEIRAS,17586,c6273d2d87f2da5c91eb4e48b0f3507bec5c2d04a83063549166a4b59ba823f9
TR-17587,13-08-2024,2024-08-01,VND,1000090,DESPESA,"1.184,38",1184,BRL,Compra de insumos para setor VND,2,BOLETO,PAGO,0b17011a-db1a-4f81-b66c-d44d1104daa1,2024-09-05,ERP_CORPORATIVO,TRANSACOES_FINANCEIRAS,17587,8e362a7f20989507939657eaa306774187bff8c3068ee551d892bb93fd6a8172
TR-17588,08-23-2024,2024-08-01,FIN,1000090,DESPESA,1.295,"R$ 1.294,98",BRL,Alimentação em viagem corporativa - FIN,20,TED,PAGO,0b17011a-db1a-4f81-b66c-d44d1104daa1,2024-09-05,ERP_CORPORATIVO,TRANSACOES_FINANCEIRAS,17588,d2320a2f5a549e161bee0a889b32077cdc909ae6c2631ec69b2decb291bfb568
TR-17589,2024/08/19,2024-08-01,COM,1000090,RECEITA,307,306.61,BRL,Manutenção estrutural vinculada à área COM,3,TED,PAGO,0b17011a-db1a-4f81-b66c-d44d1104daa1,2024-09-05,ERP_CORPORATIVO,TRANSACOES_FINANCEIRAS,17589,e0dd46c948f096c3f83afe3a9cb3bb70847ddfd12874a8726bf30641d11a546e
TR-17949,08-26-2024,2024-08-01,CPT,1000091,DESPESA,"3.872,09",3734,USD,Direitos de propriedade intelectual - CPT,32,TRANSFERENCIA,PAGO,0b17011a-db1a-4f81-b66c-d44d1104daa1,2024-09-05,ERP_CORPORATIVO,TRANSACOES_FINANCEIRAS,17949,977ad598d9a43c01f629e60623676581a6ad1cede435fb8ed8fbcb291c5f3049
TR-17950,21-08-2024,2024-08-01,VND,1000091,DESPESA,"R$3288,65",3289,BRL,Aquisição de material operacional - VND,2,TRANSFERENCIA,PAGO,0b17011a-db1a-4f81-b66c-d44d1104daa1,2024-09-05,ERP_CORPORATIVO,TRANSACOES_FINANCEIRAS,17950,96c634c93fff57e88fe2a7993772b8b8f8105cbb761714bdc093cc53367c31c4
TR-17951,Aug 19 2024,2024-08-01,ESG,1000091,RECEITA,"R$ 2.639,62",2580.93,BRL,Prestação de serviço para área ESG,1,TRANSFERENCIA,PAGO,0b17011a-db1a-4f81-b66c-d44d1104daa1,2024-09-05,ERP_CORPORATIVO,TRANSACOES_FINANCEIRAS,17951,69a29a1d9cecf81a6e372cc687513936fd6fde3df54fd51749859bfa595d1ee6
TR-17952,19/08/24,2024-08-01,RH,1000091,DESPESA,9015.02,8.916,BRL,Contrato de conectividade para área RH,9,PIX,ATRASADO,0b17011a-db1a-4f81-b66c-d44d1104daa1,2024-09-05,ERP_CORPORATIVO,TRANSACOES_FINANCEIRAS,17952,5a15e67462d1bb15c04c0c4fc15bc70cf1331f1e006af43d1c225c4a9002b536
TR-17953,Aug 12 2024,2024-08-01,ATD,1000091,DESPESA,"R$2972,95",2.973,BRL,Licenciamento de software - ATD,5,BOLETO,PAGO,0b17011a-db1a-4f81-b66c-d44d1104daa1,2024-09-05,ERP_CORPORATIVO,TRANSACOES_FINANCEIRAS,17953,fcd5438cc1bc6d68071140364a71683031591550b933dd470805a753b234bb5c
TR-17954,2024/08/05,2024-08-01,RH,1000091,DESPESA,2879,2879,BRL,Licenciamento de software - RH,5,BOLETO,PAGO,0b17011a-db1a-4f81-b66c-d44d1104daa1,2024-09-05,ERP_CORPORATIVO,TRANSACOES_FINANCEIRAS,17954,8ef6d1c44834bc42f053a15b19594e7abf8e7072327fca2b863945d51a22e3c1
TR-17955,14/08/2024,2024-08-01,SEC,1000091,DESPESA,"R$ 3.114,51","R$ 3.114,51",BRL,Resultado de equivalência patrimonial - SEC,34,TRANSFERENCIA,PAGO,0b17011a-db1a-4f81-b66c-d44d1104daa1,2024-09-05,ERP_CORPORATIVO,TRANSACOES_FINANCEIRAS,17955,9cfd8c21c8ffc93ef805ec54e1f036d34c45bd9f6f859f5f7d93d2dafbd7b442
TR-17956,12-08-2024,2024-08-01,LOG,1000091,DESPESA,2922,2921.94,BRL,Doação recebida em favor de LOG,36,TRANSFERENCIA,PAGO,0b17011a-db1a-4f81-b66c-d44d1104daa1,2024-09-05,ERP_CORPORATIVO,TRANSACOES_FINANCEIRAS,17956,d27db39e8083b99370e44ffbfc5a64dd13e27c22916e58839afa64c0fec4748b
TR-17957,Aug 13 2024,2024-08-01,LOG,1000091,RECEITA,"2.939,86",2.940,BRL,Alimentação em viagem corporativa - LOG,20,TRANSFERENCIA,PAGO,0b17011a-db1a-4f81-b66c-d44d1104daa1,2024-09-05,ERP_CORPORATIVO,TRANSACOES_FINANCEIRAS,17957,b1f669179024fc21f39f9a795746c0c31a29deff093e9bc8160104e9b7eec399
TR-17958,05-08-2024,2024-08-01,OP,1000091,DESPESA,"3.142,40",3.069,BRL,Receita extraordinária - OP,37,TED,PAGO,0b17011a-db1a-4f81-b66c-d44d1104daa1,2024-09-05,ERP_CORPORATIVO,TRANSACOES_FINANCEIRAS,17958,febcf8ddeee3d5498bde3e8a43c38c0a760eb97d7e352c8392c4b6274434187c
TR-17959,12/08/24,2024-08-01,ADM,1000091,RECEITA,2653,"R$ 2.652,66",BRL,Despesa de infraestrutura - ADM,3,BOLETO,CANCELADO,0b17011a-db1a-4f81-b66c-d44d1104daa1,2024-09-05,ERP_CORPORATIVO,TRANSACOES_FINANCEIRAS,17959,d7b10e063e89b3d37b961363404155bac6928a6364582e2a6d13ce285e58c722
TR-17960,16/08/24,2024-08-01,CPT,1000091,RECEITA,"2.495,60","R$ 2.495,60",BRL,Juros sobre operação financeira - CPT,23,TRANSFERENCIA,PAGO,0b17011a-db1a-4f81-b66c-d44d1104daa1,2024-09-05,ERP_CORPORATIVO,TRANSACOES_FINANCEIRAS,17960,e2e74e14c198687bebcd4cc324bf4ac4aef5a76a9c51267a38b6d213d485a061
TR-17961,08-26-2024,2024-08-01,JUR,1000091,DESPESA,3504.05,3504.05,BRL,Custo operacional associado a JUR,8,CARTAO,PAGO,0b17011a-db1a-4f81-b66c-d44d1104daa1,2024-09-05,ERP_CORPORATIVO,TRANSACOES_FINANCEIRAS,17961,887433294e0e8506909c139f1b3412b6ca207357fd5fb34972de24f7fd810549
TR-17962,2024/08/21,2024-08-01,FIN,1000091,DESPESA,3365,"R$ 3.364,77",EUR,Alimentação em viagem corporativa - FIN,20,TED,PAGO,0b17011a-db1a-4f81-b66c-d44d1104daa1,2024-09-05,ERP_CORPORATIVO,TRANSACOES_FINANCEIRAS,17962,c3f3947f2594b19d74ed0df0c147d1363ddc3b682dfd0a1eebbe03130fe337fc
TR-17963,2024-08-12,2024-08-01,ESG,1000091,RECEITA,"R$ 3.210,82",3211,BRL,Direitos de propriedade intelectual - ESG,32,PIX,PAGO,0b17011a-db1a-4f81-b66c-d44d1104daa1,2024-09-05,ERP_CORPORATIVO,TRANSACOES_FINANCEIRAS,17963,91edb7233d9e48f298f8e19ed66c8572ea6ddccb9a304fa50d0740af10505bd8
TR-17964,Aug 20 2024,2024-08-01,ADM,1000091,RECEITA,"R$ 3.190,26",3190,BRL,Assessoria legal vinculada à área ADM,7,TED,PAGO,0b17011a-db1a-4f81-b66c-d44d1104daa1,2024-09-05,ERP_CORPORATIVO,TRANSACOES_FINANCEIRAS,17964,c255ada508dbce10ace1cd84755165e09222aa5eb1128ba27bd22a6c9664290c
TR-17965,2024/08/19,2024-08-01,OP,1000091,RECEITA,"3.036,52",3037,BRL,Custo operacional associado a OP,8,TED,PAGO,0b17011a-db1a-4f81-b66c-d44d1104daa1,2024-09-05,ERP_CORPORATIVO,TRANSACOES_FINANCEIRAS,17965,aa8892d0b98eed474e758ba9fbf9ea146474a8487333a745fe4ec341d59921da
TR-17966,08-08-2024,2024-08-01,CPT,1000091,DESPESA,"R$4183,85",4.013,BRL,Campanha institucional - CPT,4,TED,CANCELADO,0b17011a-db1a-4f81-b66c-d44d1104daa1,2024-09-05,ERP_CORPORATIVO,TRANSACOES_FINANCEIRAS,17966,21313385eda6e4eb18e84e6be54f7836e6b2ca186bf912ddb84be35ab6e3ee2e
TR-17967,2024-08-16,2024-08-01,TI,1000091,RECEITA,"3.154,82",3155,BRL,Despesa operacional - TI,8,TED,PAGO,0b17011a-db1a-4f81-b66c-d44d1104daa1,2024-09-05,ERP_CORPORATIVO,TRANSACOES_FINANCEIRAS,17967,2e6c64cd4e7bf3c069ee71ec1bcb29b5c85512c86cd67fab29a37dfeddc7c10c
TR-17968,Aug 21 2024,2024-08-01,RH,1000091,RECEITA,"4.016,64",4017,BRL,Manutenção estrutural vinculada à área RH,3,TRANSFERENCIA,PAGO,0b17011a-db1a-4f81-b66c-d44d1104daa1,2024-09-05,ERP_CORPORATIVO,TRANSACOES_FINANCEIRAS,17968,9793aa364d85c938317346ada237e360d2a468663f749bde50a53f6c9cc26185
TR-17969,Aug 08 2024,2024-08-01,VND,1000091,DESPESA,3803.48,3803,USD,Encargos de empréstimo vinculados a VND,23,BOLETO,ATRASADO,0b17011a-db1a-4f81-b66c-d44d1104daa1,2024-09-05,ERP_CORPORATIVO,TRANSACOES_FINANCEIRAS,17969,95639add96ed9c3a82848fba61ad1ac2cd6e35bcc15241868925f8d176bb6eb2
TR-17970,05/08/2024,2024-08-01,FIN,1000091,DESPESA,3.241,3241,USD,Prestação de serviço para área FIN,1,CARTAO,PAGO,0b17011a-db1a-4f81-b66c-d44d1104daa1,2024-09-05,ERP_CORPORATIVO,TRANSACOES_FINANCEIRAS,17970,47c3af2d48aef6b752b9d807deecef687c2e011ad34bd9ec2e68d4ec9e0c1a56
TR-18436,2024-08-14,2024-08-01,MKT,ACC-00094,DESPESA,8393,8080.84,USD,Consultoria estratégica para área MKT,12,TRANSFERENCIA,PAGO,0b17011a-db1a-4f81-b66c-d44d1104daa1,2024-09-05,ERP_CORPORATIVO,TRANSACOES_FINANCEIRAS,18436,e7d395f558a909da6343b23e95d257a3d71c52a9eaace526753706afde331370
TR-18437,08-08-2024,2024-08-01,ADM,ACC-00094,DESPESA,8.366,8366,BRL,Produção de material gráfico - ADM,15,PIX,PAGO,0b17011a-db1a-4f81-b66c-d44d1104daa1,2024-09-05,ERP_CORPORATIVO,TRANSACOES_FINANCEIRAS,18437,e48ae9cc80d410573db9954460596cba35e206b8c6b07a8fb1192a9951bbfa03
TR-18438,14/08/24,2024-08-01,RH,ACC-00094,DESPESA,9933,9933,BRL,Aquisição de material operacional - RH,2,CARTAO,PAGO,0b17011a-db1a-4f81-b66c-d44d1104daa1,2024-09-05,ERP_CORPORATIVO,TRANSACOES_FINANCEIRAS,18438,6fcda30020139985be1882a6a58c9bdc30dc9a94b7cfc861b1699445e460b5c1
TR-18439,09-08-2024,2024-08-01,COM,ACC-00094,DESPESA,"R$ 9.631,13",9.631,BRL,Compra de insumos para setor COM,2,PIX,PAGO,0b17011a-db1a-4f81-b66c-d44d1104daa1,2024-09-05,ERP_CORPORATIVO,TRANSACOES_FINANCEIRAS,18439,d35d8eebee851c6aba2a385b2d7e50de201fab594fec5217e695b2050520ba09
TR-18440,Aug 19 2024,2024-08-01,MKT,ACC-00094,RECEITA,9031.55,8758.13,BRL,Serviço especializado solicitado por MKT,1,PIX,PAGO,0b17011a-db1a-4f81-b66c-d44d1104daa1,2024-09-05,ERP_CORPORATIVO,TRANSACOES_FINANCEIRAS,18440,12ef7a3733c46dc2d0f56b8e57a69fe1794c9efa87b8294ca3f7a7e7f999f46b
TR-18441,06-08-2024,2024-08-01,COM,ACC-00094,DESPESA,"7.445,89",7101.18,BRL,Despesa operacional - COM,8,PIX,PAGO,0b17011a-db1a-4f81-b66c-d44d1104daa1,2024-09-05,ERP_CORPORATIVO,TRANSACOES_FINANCEIRAS,18441,adc7f323d5cae0a7cc10cb2d5525fa1bda00e6d6315e2fff5780eedf5222d3d5
TR-18442,19/08/2024,2024-08-01,ESG,ACC-00094,RECEITA,9.053,8963,BRL,Honorários profissionais contratados por ESG,11,PIX,PAGO,0b17011a-db1a-4f81-b66c-d44d1104daa1,2024-09-05,ERP_CORPORATIVO,TRANSACOES_FINANCEIRAS,18442,5911ea258d953f3dda585a6f52f68554c8e0fd76dbad59987e09bacf532f9794
TR-18955,27-08-2024,2024-08-01,COMP,ACC-00097,DESPESA,852,852,BRL,Compra de insumos para setor COMP,2,PIX,PAGO,0b17011a-db1a-4f81-b66c-d44d1104daa1,2024-09-05,ERP_CORPORATIVO,TRANSACOES_FINANCEIRAS,18955,6193a87e78aa6f8393e93f1659ddf6680f0520badf4a4c45283dd18274cac015
TR-18956,05/08/24,2024-08-01,PES,ACC-00097,DESPESA,958.14,"R$927,88",BRL,Tarifas de serviços financeiros - PES,22,PIX,PAGO,0b17011a-db1a-4f81-b66c-d44d1104daa1,2024-09-05,ERP_CORPORATIVO,TRANSACOES_FINANCEIRAS,18956,d347c3e2df6b20f031a34a3d31c0311e3d522153b0389f60fa96d07965de9882
TR-18957,09-08-2024,2024-08-01,COM,ACC-00097,DESPESA,"R$1043,38",1.043,BRL,Aquisição de material operacional - COM,2,CARTAO,PAGO,0b17011a-db1a-4f81-b66c-d44d1104daa1,2024-09-05,ERP_CORPORATIVO,TRANSACOES_FINANCEIRAS,18957,b23f0e355940b3dc360d36703a8ef46a2d4318bcfbd7b1d9033dec9cd382919f
TR-18958,2024/08/19,2024-08-01,LOG,ACC-00097,DESPESA,"R$1021,48",1.021,BRL,Aquisição de material operacional - LOG,2,TED,PAGO,0b17011a-db1a-4f81-b66c-d44d1104daa1,2024-09-05,ERP_CORPORATIVO,TRANSACOES_FINANCEIRAS,18958,3e23b0107fd8952275e2d6fe4980a2ab3e4c540802ef2b37c181cce7a924fa05
TR-18959,2024/08/05,2024-08-01,ATD,ACC-00097,RECEITA,"985,67",985.67,BRL,Despesa jurídica da área ATD,24,PIX,PAGO,0b17011a-db1a-4f81-b66c-d44d1104daa1,2024-09-05,ERP_CORPORATIVO,TRANSACOES_FINANCEIRAS,18959,89f3b8418c5713de29e9877ee3bb34d08677bae9e72e8828f3d61a18d046ca0c
TR-18960,23/08/2024,2024-08-01,CTB,ACC-00097,RECEITA,1130.74,1075.21,BRL,Despesa de infraestrutura - CTB,3,PIX,PAGO,0b17011a-db1a-4f81-b66c-d44d1104daa1,2024-09-05,ERP_CORPORATIVO,TRANSACOES_FINANCEIRAS,18960,083371d07636abfcb6aa07817c51980ec074b3c1df61304eefc07050cf7b24da
TR-18961,2024-08-13,2024-08-01,CPT,ACC-00097,RECEITA,1176.58,"R$ 1.176,58",BRL,Manutenção predial solicitada por CPT,10,BOLETO,PAGO,0b17011a-db1a-4f81-b66c-d44d1104daa1,2024-09-05,ERP_CORPORATIVO,TRANSACOES_FINANCEIRAS,18961,0f4a5fa7724a5df05489b058cf01c3f123bff890db3fa27edbd9615c8ba0464f
TR-18962,2024-08-20,2024-08-01,SEC,ACC-00097,RECEITA,999.02,"R$999,02",BRL,Compra de insumos para setor SEC,2,PIX,PAGO,0b17011a-db1a-4f81-b66c-d44d1104daa1,2024-09-05,ERP_CORPORATIVO,TRANSACOES_FINANCEIRAS,18962,4769b3d2f10e496a693275cf08c8645b31292c15e98eabfe21e3b6410ba84915
TR-18963,19/08/2024,2024-08-01,TI,ACC-00097,DESPESA,"R$ 1.115,13",1115,BRL,Manutenção de equipamentos de TI,28,PIX,PAGO,0b17011a-db1a-4f81-b66c-d44d1104daa1,2024-09-05,ERP_CORPORATIVO,TRANSACOES_FINANCEIRAS,18963,ae7934f4824bdcc069ac9d60fe599b84111736ac9bbaca4dc3639a2a72e9c51e
TR-18964,Aug 19 2024,2024-08-01,CTB,ACC-00097,RECEITA,"R$984,24",984,BRL,Campanha institucional - CTB,4,BOLETO,PAGO,0b17011a-db1a-4f81-b66c-d44d1104daa1,2024-09-05,ERP_CORPORATIVO,TRANSACOES_FINANCEIRAS,18964,24d7dd9610fd774379b64cd54ce063bbdf27bab1933cd408de0a9c5e73f1ae63
TR-18965,Aug 19 2024,2024-08-01,COM,ACC-00097,RECEITA,"958,87",930,BRL,Viagem corporativa - COM,18,TRANSFERENCIA,PAGO,0b17011a-db1a-4f81-b66c-d44d1104daa1,2024-09-05,ERP_CORPORATIVO,TRANSACOES_FINANCEIRAS,18965,3933f2511c09cd8d8d7b61bb5770dbe16c227b617a3b2535134c9fbb6e340f49
TR-18966,29-08-2024,2024-08-01,QAS,ACC-00097,DESPESA,1.046,1.046,BRL,Manutenção predial solicitada por QAS,10,PIX,PAGO,0b17011a-db1a-4f81-b66c-d44d1104daa1,2024-09-05,ERP_CORPORATIVO,TRANSACOES_FINANCEIRAS,18966,322e3d049e2183a4b2bac269821a5deb86dce9c4f95be1f331c9d39b6460727d
TR-19285,2024-08-08,2024-08-01,OP,1000098,RECEITA,"R$2653,48","R$2653,48",BRL,Serviços contábeis externos - OP,25,BOLETO,PAGO,0b17011a-db1a-4f81-b66c-d44d1104daa1,2024-09-05,ERP_CORPORATIVO,TRANSACOES_FINANCEIRAS,19285,3ca6fe9ffb06c0c144749c05cb4895c76046040f5c636fed4cb65fa0e8ba8936
TR-19286,16/08/2024,2024-08-01,QAS,1000098,DESPESA,2199,"R$2122,39",BRL,Serviço especializado solicitado por QAS,1,BOLETO,CANCELADO,0b17011a-db1a-4f81-b66c-d44d1104daa1,2024-09-05,ERP_CORPORATIVO,TRANSACOES_FINANCEIRAS,19286,9cc8e0f0fb16fd36bb3ca37e6fc61eb06e369f3daba42b9e0b9e129cc4bc747f
TR-19287,07-08-2024,2024-08-01,COMP,1000098,RECEITA,2.404,2404.23,BRL,Seguro contratado pela área COMP,21,TRANSFERENCIA,PAGO,0b17011a-db1a-4f81-b66c-d44d1104daa1,2024-09-05,ERP_CORPORATIVO,TRANSACOES_FINANCEIRAS,19287,a12b0352b3c639ad152d0088690afcaec84ef69ff483f9dd432171f3cb03fc84
TR-19288,19/08/2024,2024-08-01,COM,1000098,DESPESA,"R$ 2.725,43",2725,BRL,Hospedagem em viagem a serviço de COM,19,BOLETO,PAGO,0b17011a-db1a-4f81-b66c-d44d1104daa1,2024-09-05,ERP_CORPORATIVO,TRANSACOES_FINANCEIRAS,19288,dbc38b513b68b0dc98d54a7e034d532786e13eda5f3c617dca595b757114c3b3
TR-19289,16/08/2024,2024-08-01,COM,1000098,RECEITA,"R$2361,74","2.361,74",USD,Aquisição de material operacional - COM,2,PIX,PAGO,0b17011a-db1a-4f81-b66c-d44d1104daa1,2024-09-05,ERP_CORPORATIVO,TRANSACOES_FINANCEIRAS,19289,8d440df8111aab75c77d794778186f230d286c070c5202d478e100d79f1b8de6
TR-19290,08-15-2024,2024-08-01,RH,1000098,DESPESA,6.417,"R$ 6.417,01",BRL,Seguro contratado pela área RH,21,TRANSFERENCIA,PAGO,0b17011a-db1a-4f81-b66c-d44d1104daa1,2024-09-05,ERP_CORPORATIVO,TRANSACOES_FINANCEIRAS,19290,7b70806cc5044fa7da2e79a63506b006e8b9ec6d38346d547482f98507fb04b1
TR-19291,2024/08/12,2024-08-01,COMP,1000098,RECEITA,"2.055,86","R$ 1.980,93",BRL,Custo operacional associado a COMP,8,PIX,PAGO,0b17011a-db1a-4f81-b66c-d44d1104daa1,2024-09-05,ERP_CORPORATIVO,TRANSACOES_FINANCEIRAS,19291,dbe7699a1c4ef42842e74b79f8d1a64e8acdea237000dc5c313b5cfadf8c7a01
TR-19292,19/08/2024,2024-08-01,SEC,1000098,RECEITA,2.105,"R$ 2.105,47",BRL,Investimento em marketing corporativo (SEC),4,BOLETO,PAGO,0b17011a-db1a-4f81-b66c-d44d1104daa1,2024-09-05,ERP_CORPORATIVO,TRANSACOES_FINANCEIRAS,19292,cd4b1f706654b0743cb2c440accf2025ed4e664991df79a2e362d97b4ed213d6
TR-19293,06/08/24,2024-08-01,PES,1000098,RECEITA,2300.82,"R$ 2.300,82",BRL,Participação nos resultados vinculada a PES,34,PIX,PAGO,0b17011a-db1a-4f81-b66c-d44d1104daa1,2024-09-05,ERP_CORPORATIVO,TRANSACOES_FINANCEIRAS,19293,e23e8e2dbb9c621895584584e0035e8c0e590ac473f8dd7cb90986b91a29058a
TR-19294,19/08/24,2024-08-01,RH,1000098,DESPESA,2.645,2.586,BRL,Material de marketing solicitado por RH,15,TED,PAGO,0b17011a-db1a-4f81-b66c-d44d1104daa1,2024-09-05,ERP_CORPORATIVO,TRANSACOES_FINANCEIRAS,19294,cc74200515291602d1c8465bd89176f5c66964f48592cafbd788700e8118f6de
TR-19295,23/08/2024,2024-08-01,SEC,1000098,DESPESA,2350.10,"R$2277,81",BRL,Manutenção estrutural vinculada à área SEC,3,TED,ATRASADO,0b17011a-db1a-4f81-b66c-d44d1104daa1,2024-09-05,ERP_CORPORATIVO,TRANSACOES_FINANCEIRAS,19295,e741d3585ec4d9627183dd6e35c0812d498f6926d4058928b7c74dc2de5330d0
TR-19513,2024-08-23,2024-08-01,JUR,ACC-00100,DESPESA,1840.77,1841,BRL,Resultado de equivalência patrimonial - JUR,34,TED,ATRASADO,0b17011a-db1a-4f81-b66c-d44d1104daa1,2024-09-05,ERP_CORPORATIVO,TRANSACOES_FINANCEIRAS,19513,af60b465c67e3ca8a1cc08cbeab42de99c8d74e888b0e232fc2e9133caf6b3c7
TR-19514,08-05-2024,2024-08-01,FIN,ACC-00100,RECEITA,2252,"R$ 2.251,80",BRL,Despesa de RH - FIN,6,BOLETO,PAGO,0b17011a-db1a-4f81-b66c-d44d1104daa1,2024-09-05,ERP_CORPORATIVO,TRANSACOES_FINANCEIRAS,19514,5f1ef468afad01db5a5346da64c145b8953bad7dac83536e322b1c501c41412f
TR-19515,19/08/2024,2024-08-01,CPT,ACC-00100,DESPESA,"R$2521,62",2522,BRL,Custo operacional associado a CPT,8,TED,PAGO,0b17011a-db1a-4f81-b66c-d44d1104daa1,2024-09-05,ERP_CORPORATIVO,TRANSACOES_FINANCEIRAS,19515,342d8d0dba791905f36b159906519531933d50682a045679ae37246f61a3aa3e
TR-19516,19/08/2024,2024-08-01,COM,ACC-00100,RECEITA,"R$ 2.029,68",2002,BRL,Alienação de bem patrimonial - COM,35,PIX,PAGO,0b17011a-db1a-4f81-b66c-d44d1104daa1,2024-09-05,ERP_CORPORATIVO,TRANSACOES_FINANCEIRAS,19516,2012a45ce11d477437690fbc4227a128567d8ba10fe0a52bd9a5573a8c4bca6a
TR-19517,26-08-2024,2024-08-01,PES,ACC-00100,RECEITA,"R$ 2.205,79",2206,BRL,Contrato de serviço - setor PES,1,PIX,PAGO,0b17011a-db1a-4f81-b66c-d44d1104daa1,2024-09-05,ERP_CORPORATIVO,TRANSACOES_FINANCEIRAS,19517,d003725742361a68635dcf8b265104a0bd030da6dc97f71bebfe02b91ce50b95
TR-19518,2024/08/19,2024-08-01,SEC,ACC-00100,DESPESA,2407.84,2344,BRL,Prestação de serviço para área SEC,1,PIX,PAGO,0b17011a-db1a-4f81-b66c-d44d1104daa1,2024-09-05,ERP_CORPORATIVO,TRANSACOES_FINANCEIRAS,19518,2797f209af52c5c197ee69090e976f29554c7c4186aeaff38f02f6ef15a79ae2
TR-19519,14-08-2024,2024-08-01,COMP,ACC-00100,RECEITA,1623,1.623,BRL,Serviço relacionado a recursos humanos (COMP),6,PIX,ATRASADO,0b17011a-db1a-4f81-b66c-d44d1104daa1,2024-09-05,ERP_CORPORATIVO,TRANSACOES_FINANCEIRAS,19519,c3b6f0dc21a20f97a3094194315817cbdd1dec83f23c35a953dbebc6e28b796b
TR-19520,05/08/2024,2024-08-01,CTB,ACC-00100,RECEITA,"2.188,92",2189,BRL,Suporte técnico para sistemas de CTB,29,TED,PAGO,0b17011a-db1a-4f81-b66c-d44d1104daa1,2024-09-05,ERP_CORPORATIVO,TRANSACOES_FINANCEIRAS,19520,e17498a34e6bf8d4c494a36421355c751d20b705e02c0e341139caa7b708d595
TR-19521,06-08-2024,2024-08-01,RH,ACC-00100,RECEITA,1880,"1.838,15",BRL,Devolução de venda processada por RH,39,CARTAO,PAGO,0b17011a-db1a-4f81-b66c-d44d1104daa1,2024-09-05,ERP_CORPORATIVO,TRANSACOES_FINANCEIRAS,19521,34a068e4cfcf789a4e26b50bdf885150631d590e65d40e55f4413673644cdc4c
TR-19522,2024/08/14,2024-08-01,COM,ACC-00100,RECEITA,2422.46,2422,BRL,Prestação de serviço para área COM,1,BOLETO,PAGO,0b17011a-db1a-4f81-b66c-d44d1104daa1,2024-09-05,ERP_CORPORATIVO,TRANSACOES_FINANCEIRAS,19522,200f82f74bcd8049bcaee454e3e73c64cbc63f97e3fc6ee57201b0c0126f1398
TR-19523,28/08/2024,2024-08-01,ADM,ACC-00100,DESPESA,2.032,"R$ 2.032,38",BRL,Compra de insumos para setor ADM,2,BOLETO,ATRASADO,0b17011a-db1a-4f81-b66c-d44d1104daa1,2024-09-05,ERP_CORPORATIVO,TRANSACOES_FINANCEIRAS,19523,598fd26b9a0eba15455b79aa6be713617e83930bfe7193f636deb63155be3bfd
TR-19524,28/08/24,2024-08-01,COM,ACC-00100,RECEITA,2630,"2.629,77",BRL,Serviço de tecnologia contratado por COM,5,TED,ATRASADO,0b17011a-db1a-4f81-b66c-d44d1104daa1,2024-09-05,ERP_CORPORATIVO,TRANSACOES_FINANCEIRAS,19524,f0735e44501e13eff9172f14af2620d6e71ea217bdf91dd5b7e3ec5a268c0665
TR-19525,2024-08-15,2024-08-01,PJT,ACC-00100,RECEITA,"6.996,93",6922,BRL,Custo operacional associado a PJT,8,BOLETO,ATRASADO,0b17011a-db1a-4f81-b66c-d44d1104daa1,2024-09-05,ERP_CORPORATIVO,TRANSACOES_FINANCEIRAS,19525,fb9dfe927fecb28f4636635bf568c1103605412ad02f32df47459676377be71e
TR-19526,2024-08-23,2024-08-01,LOG,ACC-00100,RECEITA,"2.301,16",2301.16,BRL,Serviço relacionado a recursos humanos (LOG),6,PIX,PAGO,0b17011a-db1a-4f81-b66c-d44d1104daa1,2024-09-05,ERP_CORPORATIVO,TRANSACOES_FINANCEIRAS,19526,a2a8c7e180e913edfac6426b0a46c2faeed852a6054ea32919bcde0ce29ed666
TR-19527,12-08-2024,2024-08-01,OP,ACC-00100,DESPESA,2015,"R$ 2.015,39",BRL,Assessoria legal vinculada à área OP,7,PIX,PAGO,0b17011a-db1a-4f81-b66c-d44d1104daa1,2024-09-05,ERP_CORPORATIVO,TRANSACOES_FINANCEIRAS,19527,6859776bd8e2e65d71f9b0085e7f8f6f98a83b688d630173c519bd219eb39189
TR-19528,12/08/2024,2024-08-01,TI,ACC-00100,RECEITA,"2.148,39",2106.59,BRL,Passagem aérea para colaborador de TI,18,TRANSFERENCIA,PAGO,0b17011a-db1a-4f81-b66c-d44d1104daa1,2024-09-05,ERP_CORPORATIVO,TRANSACOES_FINANCEIRAS,19528,cd3688d5968ec27dbf07b7df010cb3dcfa7e3ebfdf77f903aab6597ee5af8c4e
TR-19962,06/08/24,2024-08-01,JUR,1000100,RECEITA,2769,2.769,BRL,Serviço de tecnologia contratado por JUR,5,CARTAO,PAGO,0b17011a-db1a-4f81-b66c-d44d1104daa1,2024-09-05,ERP_CORPORATIVO,TRANSACOES_FINANCEIRAS,19962,2d47d9dcc8aeada1a52e6b78b3423606a9ffa3520f5de73aa886c6bf98a3702e
TR-19963,2024/08/15,2024-08-01,JUR,1000100,RECEITA,"R$ 2.622,16","R$ 2.515,52",BRL,Manutenção estrutural vinculada à área JUR,3,PIX,ATRASADO,0b17011a-db1a-4f81-b66c-d44d1104daa1,2024-09-05,ERP_CORPORATIVO,TRANSACOES_FINANCEIRAS,19963,083a953d5d1b35970123787ca7ef123e7255eae73f67f834f4e598202b73fa05
TR-19964,13/08/24,2024-08-01,VND,1000100,RECEITA,3155.07,"R$3155,07",BRL,Compra de insumos para setor VND,2,CARTAO,PAGO,0b17011a-db1a-4f81-b66c-d44d1104daa1,2024-09-05,ERP_CORPORATIVO,TRANSACOES_FINANCEIRAS,19964,1ef0ef6be8395cefee1a1ae2d44c4330609949caad4ff3a717561761374a1c01
TR-19965,Aug 13 2024,2024-08-01,FIN,1000100,DESPESA,2.614,"R$2613,50",BRL,Despesa operacional - FIN,8,PIX,PAGO,0b17011a-db1a-4f81-b66c-d44d1104daa1,2024-09-05,ERP_CORPORATIVO,TRANSACOES_FINANCEIRAS,19965,02470f8b2b2a115202ca24bc8b19a83bcf52b2e02bdcf15d9d9335b4250c5b35
TR-19966,2024/08/20,2024-08-01,COM,1000100,DESPESA,"R$2773,70","R$ 2.687,69",BRL,Compra de insumos para setor COM,2,BOLETO,PAGO,0b17011a-db1a-4f81-b66c-d44d1104daa1,2024-09-05,ERP_CORPORATIVO,TRANSACOES_FINANCEIRAS,19966,23736180b14ab8db10da9f6f996310fa790326aa143ec861a20bc2b0a7c622ed
TR-19967,Aug 01 2024,2024-08-01,COMP,1000100,DESPESA,2.402,"R$2368,65",BRL,Tarifas de serviços financeiros - COMP,22,TED,ATRASADO,0b17011a-db1a-4f81-b66c-d44d1104daa1,2024-09-05,ERP_CORPORATIVO,TRANSACOES_FINANCEIRAS,19967,a2199e52c9196ec181fc9e1da89e1a51a497f5d5e42ae6b57b51babc93cdc277
TR-19968,13/08/24,2024-08-01,QAS,1000100,DESPESA,"R$2585,57",2586,BRL,Aquisição de material operacional - QAS,2,PIX,PAGO,0b17011a-db1a-4f81-b66c-d44d1104daa1,2024-09-05,ERP_CORPORATIVO,TRANSACOES_FINANCEIRAS,19968,104e73ea354da91fd9db6d7ce9bd83f378255c6a17e4193ed8c1e8611713c14e
TR-19969,14/08/24,2024-08-01,JUR,1000100,DESPESA,4.214,4214.43,BRL,Promoção e atividade externa - JUR,14,TRANSFERENCIA,PAGO,0b17011a-db1a-4f81-b66c-d44d1104daa1,2024-09-05,ERP_CORPORATIVO,TRANSACOES_FINANCEIRAS,19969,df6f21c840670a78c189b6c45b5e3d6fdcb8a6aba28607118e269be0938708d8
TR-20256,16/08/24,2024-08-01,ADM,ACC-00102,DESPESA,"1.175,40",1175,BRL,Contrato de serviço - setor ADM,1,PIX,PAGO,0b17011a-db1a-4f81-b66c-d44d1104daa1,2024-09-05,ERP_CORPORATIVO,TRANSACOES_FINANCEIRAS,20256,82a960d8e697c4e2fcf928f5540ff9afa79c0f0837f84607334f2a655d16008f
TR-20257,08-05-2024,2024-08-01,ATD,ACC-00102,RECEITA,1541.61,1.542,BRL,Despesa operacional - ATD,8,TRANSFERENCIA,PAGO,0b17011a-db1a-4f81-b66c-d44d1104daa1,2024-09-05,ERP_CORPORATIVO,TRANSACOES_FINANCEIRAS,20257,4c353cdf5f9cd67bf887fd50feb1ba101d52069f31427a1bb18749494283a8c6
TR-20258,14/08/24,2024-08-01,COM,ACC-00102,DESPESA,"R$ 1.334,28",1.334,BRL,Consultoria estratégica para área COM,12,PIX,PAGO,0b17011a-db1a-4f81-b66c-d44d1104daa1,2024-09-05,ERP_CORPORATIVO,TRANSACOES_FINANCEIRAS,20258,57b40ca210e519b0fa607e1739067bf62e0634db330d96031d4225f59fdc7845
TR-20259,2024/08/14,2024-08-01,RH,ACC-00102,DESPESA,"R$ 1.518,72",1445.82,BRL,Prestação de serviço para área RH,1,CARTAO,PAGO,0b17011a-db1a-4f81-b66c-d44d1104daa1,2024-09-05,ERP_CORPORATIVO,TRANSACOES_FINANCEIRAS,20259,cd4bedcf6d1761e377fe42de0ffb8db590d2e4534f1a850d202f8d376e1830fe
TR-20260,08-26-2024,2024-08-01,CTB,ACC-00102,RECEITA,1458,1417,USD,Comissão recebida por CTB,33,CARTAO,PAGO,0b17011a-db1a-4f81-b66c-d44d1104daa1,2024-09-05,ERP_CORPORATIVO,TRANSACOES_FINANCEIRAS,20260,abedee65b6d73a9de71d49f941dfa1a6b222a97853fc8243ccbcdf8c605d8973
TR-20261,08-07-2024,2024-08-01,TI,ACC-00102,DESPESA,"R$ 1.474,98","R$ 1.474,98",BRL,Alimentação em viagem corporativa - TI,20,PIX,PAGO,0b17011a-db1a-4f81-b66c-d44d1104daa1,2024-09-05,ERP_CORPORATIVO,TRANSACOES_FINANCEIRAS,20261,6418db1006f75e7ccde4496cbda1f3a6e8cebad25e47f132c221d291bdf51f0b
TR-20262,Aug 15 2024,2024-08-01,LOG,ACC-00102,DESPESA,1.608,1608.12,BRL,Promoção e atividade externa - LOG,14,TED,PAGO,0b17011a-db1a-4f81-b66c-d44d1104daa1,2024-09-05,ERP_CORPORATIVO,TRANSACOES_FINANCEIRAS,20262,fe3fa14dd3c463edd4577dde467951b41baa294af1f76fd0cdf37d8b49fadfa2
TR-20263,08-20-2024,2024-08-01,ADM,ACC-00102,DESPESA,1379,"1.378,79",BRL,Manutenção predial solicitada por ADM,10,PIX,PAGO,0b17011a-db1a-4f81-b66c-d44d1104daa1,2024-09-05,ERP_CORPORATIVO,TRANSACOES_FINANCEIRAS,20263,8caae0079a236a9d562b8641e6d9bee835c7fd4e32737cfb677089abdf4a282e
TR-20264,2024-08-07,2024-08-01,TI,ACC-00102,RECEITA,1344.16,1.344,BRL,Honorários jurídicos - TI,7,BOLETO,PAGO,0b17011a-db1a-4f81-b66c-d44d1104daa1,2024-09-05,ERP_CORPORATIVO,TRANSACOES_FINANCEIRAS,20264,307b00fa3dd6c1eb70e66d7730bb72f2fbc9efb8ac6db1cfb25a88f92ea561dd
TR-20265,2024-08-19,2024-08-01,MKT,ACC-00102,DESPESA,"R$ 1.592,82","R$ 1.592,82",BRL,Licenciamento de software - MKT,5,BOLETO,PAGO,0b17011a-db1a-4f81-b66c-d44d1104daa1,2024-09-05,ERP_CORPORATIVO,TRANSACOES_FINANCEIRAS,20265,eaa91e013428f5111980e8adada09fdc048794d2d101bf83afdd4ca8d63eefde
TR-20266,Aug 26 2024,2024-08-01,COM,ACC-00102,DESPESA,"1.480,70","1.480,70",BRL,Promoção e atividade externa - COM,14,PIX,PAGO,0b17011a-db1a-4f81-b66c-d44d1104daa1,2024-09-05,ERP_CORPORATIVO,TRANSACOES_FINANCEIRAS,20266,5905429faecd3ad64e84d53d2ed2c18ff138b7008ade5c235b505d921ca60404
TR-20267,08-02-2024,2024-08-01,ADM,ACC-00102,DESPESA,"R$ 1.269,52",1.229,BRL,Custo operacional associado a ADM,8,BOLETO,PAGO,0b17011a-db1a-4f81-b66c-d44d1104daa1,2024-09-05,ERP_CORPORATIVO,TRANSACOES_FINANCEIRAS,20267,0cb624629f34884b1ac892d45672e0c1d1a0dd2499d973fc0fb3dfb1c6b06e50
TR-20268,14/08/24,2024-08-01,COM,ACC-00102,DESPESA,1512.03,"R$ 1.446,91",BRL,Comissão recebida por COM,33,TED,PAGO,0b17011a-db1a-4f81-b66c-d44d1104daa1,2024-09-05,ERP_CORPORATIVO,TRANSACOES_FINANCEIRAS,20268,640ea8d7d6617185f0ea910cac58083ba56dbc69bfc405e015d2ac6ce4d5d0d8
TR-20269,22-08-2024,2024-08-01,COM,ACC-00102,DESPESA,"1.585,05","R$ 1.585,05",BRL,Imposto sobre venda apurado em COM,40,BOLETO,PAGO,0b17011a-db1a-4f81-b66c-d44d1104daa1,2024-09-05,ERP_CORPORATIVO,TRANSACOES_FINANCEIRAS,20269,b31a495d7acb695be31139d2e5d92f260e9e95d1fd22d203b7b288a20b21e4c3
TR-20270,09/08/24,2024-08-01,COMP,ACC-00102,DESPESA,"1.082,33","R$ 1.082,33",BRL,Atendimento de TI requisitado por COMP,29,BOLETO,PAGO,0b17011a-db1a-4f81-b66c-d44d1104daa1,2024-09-05,ERP_CORPORATIVO,TRANSACOES_FINANCEIRAS,20270,d1f3e9d5e2f24757342952830fbe8865330aa4d3d6aa00ada79c775e221f7ad3
TR-20271,19/08/24,2024-08-01,LOG,ACC-00102,DESPESA,"1.202,82",1162,BRL,Licenciamento de software - LOG,5,TED,PAGO,0b17011a-db1a-4f81-b66c-d44d1104daa1,2024-09-05,ERP_CORPORATIVO,TRANSACOES_FINANCEIRAS,20271,835d3b681141c114cc6d79d7e849d26efe61ba357ae48444fa319f91e95bbe87
TR-20272,16/08/2024,2024-08-01,OP,ACC-00102,DESPESA,1.256,1205.66,BRL,Abastecimento de veículos - OP,16,TRANSFERENCIA,PAGO,0b17011a-db1a-4f81-b66c-d44d1104daa1,2024-09-05,ERP_CORPORATIVO,TRANSACOES_FINANCEIRAS,20272,9d387e07b8beaf39548657c9fac20c0d43bda084d2d3dd7a46a7f4d1fd7b57f7
TR-20273,Aug 19 2024,2024-08-01,VND,ACC-00102,RECEITA,"R$1464,37",1464.37,BRL,Doação recebida em favor de VND,36,BOLETO,PAGO,0b17011a-db1a-4f81-b66c-d44d1104daa1,2024-09-05,ERP_CORPORATIVO,TRANSACOES_FINANCEIRAS,20273,c2e90785a137066e965bf2ee17aaca4030c759eaae8cd3ddf00e1b28a6450557
TR-20274,08-19-2024,2024-08-01,PRD,ACC-00102,DESPESA,"R$1474,04",1436,BRL,Despesa de infraestrutura - PRD,3,PIX,PAGO,0b17011a-db1a-4f81-b66c-d44d1104daa1,2024-09-05,ERP_CORPORATIVO,TRANSACOES_FINANCEIRAS,20274,c0293026ec50696f07c8e405f7c23f05e5f80328d69afff0c263f1ab1fe019f0
TR-20275,19-08-2024,2024-08-01,CTB,ACC-00102,DESPESA,"R$ 1.434,87",1435,BRL,Despesa de infraestrutura - CTB,3,PIX,CANCELADO,0b17011a-db1a-4f81-b66c-d44d1104daa1,2024-09-05,ERP_CORPORATIVO,TRANSACOES_FINANCEIRAS,20275,86b6cb69f622788b319ffd98828c71e0f61dd1f4cc4cd385c5b3effa6a6982d9
TR-20276,2024/08/20,2024-08-01,OP,ACC-00102,RECEITA,"R$1487,00","1.415,63",BRL,Seguro contratado pela área OP,21,CARTAO,ATRASADO,0b17011a-db1a-4f81-b66c-d44d1104daa1,2024-09-05,ERP_CORPORATIVO,TRANSACOES_FINANCEIRAS,20276,a40b8325f36f6bd1997fb8582136676b192f49a08444f0a826af036fce356d62
TR-20848,08-19-2024,2024-08-01,COMP,ACC-00106,DESPESA,"R$6333,82","6.333,82",BRL,Hospedagem em viagem a serviço de COMP,19,CARTAO,PAGO,0b17011a-db1a-4f81-b66c-d44d1104daa1,2024-09-05,ERP_CORPORATIVO,TRANSACOES_FINANCEIRAS,20848,6ca486fffb9c8f882e69897a18c26cdf5f2c4517dccd5db7ab451a17860d8eab
TR-20849,Aug 14 2024,2024-08-01,COM,ACC-00106,RECEITA,5900.82,5901,BRL,Receita de aluguel creditada em COM,31,TRANSFERENCIA,ATRASADO,0b17011a-db1a-4f81-b66c-d44d1104daa1,2024-09-05,ERP_CORPORATIVO,TRANSACOES_FINANCEIRAS,20849,6b7eadc642af80baa0f6d5acf62bdd06aece6a83438b0ac2c3a6c9ed06868657
TR-20850,2024-08-26,2024-08-01,COM,ACC-00106,DESPESA,"R$ 5.142,48",4915.90,BRL,Reparo de hardware solicitado por COM,28,PIX,PAGO,0b17011a-db1a-4f81-b66c-d44d1104daa1,2024-09-05,ERP_CORPORATIVO,TRANSACOES_FINANCEIRAS,20850,a2ee3e623463daed0ea129a8171fa4c1d5a937c698ed0266c34726cd54f90820
TR-20851,12/08/2024,2024-08-01,PJT,ACC-00106,DESPESA,6647,"6.646,73",BRL,Despesa operacional - PJT,8,PIX,PAGO,0b17011a-db1a-4f81-b66c-d44d1104daa1,2024-09-05,ERP_CORPORATIVO,TRANSACOES_FINANCEIRAS,20851,f96eff4cb025db1388436acd6504ece278c771eaf4e8f3c18e87c4736932e8d0
TR-20852,08-09-2024,2024-08-01,OP,ACC-00106,DESPESA,6694,"6.694,22",BRL,Despesa de RH - OP,6,BOLETO,PAGO,0b17011a-db1a-4f81-b66c-d44d1104daa1,2024-09-05,ERP_CORPORATIVO,TRANSACOES_FINANCEIRAS,20852,bbf1aac6a54dfd6979643f0ac9eb03fbdc8d85af22c0900ac2eddd7c59d39348
TR-20853,27/08/24,2024-08-01,OP,ACC-00106,DESPESA,"R$ 6.691,59",6.692,BRL,Compra de insumos para setor OP,2,PIX,PAGO,0b17011a-db1a-4f81-b66c-d44d1104daa1,2024-09-05,ERP_CORPORATIVO,TRANSACOES_FINANCEIRAS,20853,be9cee847ea3949c99f858ae29e43a5459ebef723e0d29ae5bd6de621e63ef31
TR-20854,2024-08-19,2024-08-01,ESG,ACC-00106,DESPESA,"R$ 7.807,43","R$ 7.807,43",BRL,Compra de insumos para setor ESG,2,TED,PAGO,0b17011a-db1a-4f81-b66c-d44d1104daa1,2024-09-05,ERP_CORPORATIVO,TRANSACOES_FINANCEIRAS,20854,c869e0c1ea334e2dd83216e072428706ff6f71667c929c798f2a09fe11cd8985
TR-20980,20/08/24,2024-08-01,VND,FORN-00107,DESPESA,2.539,2.539,BRL,Serviço de tecnologia contratado por VND,5,PIX,PAGO,0b17011a-db1a-4f81-b66c-d44d1104daa1,2024-09-05,ERP_CORPORATIVO,TRANSACOES_FINANCEIRAS,20980,63638a0eaf86f4e65ee68b3889860c50bfe8d97c49fb8856bf3f40b3a3c3e4a2
TR-20981,20/08/24,2024-08-01,COMP,FORN-00107,RECEITA,"R$ 2.416,10",2.416,BRL,Abastecimento de veículos - COMP,16,CARTAO,PAGO,0b17011a-db1a-4f81-b66c-d44d1104daa1,2024-09-05,ERP_CORPORATIVO,TRANSACOES_FINANCEIRAS,20981,2daa74d6433ef5cfc12c91f729ec731fdedcf91441f690d83f6aa489146e02b1
TR-20982,2024/08/19,2024-08-01,OP,FORN-00107,RECEITA,"R$ 2.591,40",2591,BRL,Custo operacional associado a OP,8,PIX,PAGO,0b17011a-db1a-4f81-b66c-d44d1104daa1,2024-09-05,ERP_CORPORATIVO,TRANSACOES_FINANCEIRAS,20982,ac70b45cef02b31a47138e79b78aba2241ca52792cf94aeb1cb4ca15d48d65d9
TR-20983,2024/08/08,2024-08-01,TI,FORN-00107,DESPESA,"2.634,68",2634.68,BRL,Serviços contábeis externos - TI,25,PIX,PAGO,0b17011a-db1a-4f81-b66c-d44d1104daa1,2024-09-05,ERP_CORPORATIVO,TRANSACOES_FINANCEIRAS,20983,1be98b42621b533e0c0ae137a2e1b124d9f13fa458407e7cfc23007e739aa7a3
TR-20984,07-08-2024,2024-08-01,COMP,FORN-00107,DESPESA,2.428,2427.67,EUR,Serviço especializado solicitado por COMP,1,PIX,PAGO,0b17011a-db1a-4f81-b66c-d44d1104daa1,2024-09-05,ERP_CORPORATIVO,TRANSACOES_FINANCEIRAS,20984,d32a38c65c350154308836f8c81c5d2898449441814671b259cef2d962a81c17
TR-20985,2024-08-20,2024-08-01,RH,FORN-00107,RECEITA,2.933,"2.933,16",BRL,Diária de hotel para equipe RH,19,PIX,PAGO,0b17011a-db1a-4f81-b66c-d44d1104daa1,2024-09-05,ERP_CORPORATIVO,TRANSACOES_FINANCEIRAS,20985,d319cf997c7a2f7b8230391883314b4e45440aabe10e910d6160586f88f091f8
TR-20986,2024/08/19,2024-08-01,COM,FORN-00107,DESPESA,2.329,2329,USD,Compra de insumos para setor COM,2,PIX,ATRASADO,0b17011a-db1a-4f81-b66c-d44d1104daa1,2024-09-05,ERP_CORPORATIVO,TRANSACOES_FINANCEIRAS,20986,f638be3ba5ddd95c0a412c98a6e95fe110ff8fa430da37d6da2e18ccc8ce6248
TR-20987,14-08-2024,2024-08-01,TI,FORN-00107,RECEITA,2675.00,"R$ 2.625,69",BRL,Imposto sobre venda apurado em TI,40,BOLETO,PAGO,0b17011a-db1a-4f81-b66c-d44d1104daa1,2024-09-05,ERP_CORPORATIVO,TRANSACOES_FINANCEIRAS,20987,5bae5641ca9326c776943065e11fc8a882e5e07cf98207544d1ca030e8346696
TR-20988,13/08/2024,2024-08-01,RH,FORN-00107,RECEITA,"R$2968,89",2.836,BRL,Viagem corporativa - RH,18,BOLETO,PAGO,0b17011a-db1a-4f81-b66c-d44d1104daa1,2024-09-05,ERP_CORPORATIVO,TRANSACOES_FINANCEIRAS,20988,7e2d1887909bd754cd1048015bbfd1555eb1a1da9098100d5d3bb505ca408daa
TR-20989,2024-08-26,2024-08-01,OP,FORN-00107,DESPESA,3112,"R$3112,05",BRL,Prestação de serviço para área OP,1,CARTAO,PAGO,0b17011a-db1a-4f81-b66c-d44d1104daa1,2024-09-05,ERP_CORPORATIVO,TRANSACOES_FINANCEIRAS,20989,48591cc093dcf8d35a154e1da984e5437d005ae263e696a3b80b5d0901ada991
TR-20990,12-08-2024,2024-08-01,CPT,FORN-00107,DESPESA,2.624,2588.53,BRL,Compra de insumos para setor CPT,2,TRANSFERENCIA,ATRASADO,0b17011a-db1a-4f81-b66c-d44d1104daa1,2024-09-05,ERP_CORPORATIVO,TRANSACOES_FINANCEIRAS,20990,f6d5aad5cbc3bb913458c7544e28aff356f3599a9281f7db82d2361d084a001a
TR-20991,12/08/2024,2024-08-01,FIN,FORN-00107,DESPESA,"R$ 3.075,29","R$ 3.075,29",BRL,Despesa de RH - FIN,6,CARTAO,CANCELADO,0b17011a-db1a-4f81-b66c-d44d1104daa1,2024-09-05,ERP_CORPORATIVO,TRANSACOES_FINANCEIRAS,20991,07efe7dfca1018d99007ef7f41f18828a000f707b7c426df476b3ae796960f49
TR-20992,08-19-2024,2024-08-01,ATD,FORN-00107,DESPESA,"R$2678,67",2648,BRL,Compra de insumos para setor ATD,2,PIX,ATRASADO,0b17011a-db1a-4f81-b66c-d44d1104daa1,2024-09-05,ERP_CORPORATIVO,TRANSACOES_FINANCEIRAS,20992,abca7d725524cef5c45d171bb23b4751a0ef41b60d37e4433609b8f1e2bdae29
TR-20993,08-08-2024,2024-08-01,CPT,FORN-00107,DESPESA,"10.712,08","10.540,11",BRL,Custo operacional associado a CPT,8,PIX,PAGO,0b17011a-db1a-4f81-b66c-d44d1104daa1,2024-09-05,ERP_CORPORATIVO,TRANSACOES_FINANCEIRAS,20993,898461743dc810e65787de7278cbbc0b0f2820f75f43dc2af017c9570370b25c
TR-21202,2024-08-12,2024-08-01,QAS,FORN-00108,DESPESA,1394,1.361,BRL,Imposto sobre venda apurado em QAS,40,PIX,CANCELADO,0b17011a-db1a-4f81-b66c-d44d1104daa1,2024-09-05,ERP_CORPORATIVO,TRANSACOES_FINANCEIRAS,21202,cacf9f2243277eb30e59d9998014ffe6a152da1c27abf7263027d9258c79ed1c
TR-21203,12/08/2024,2024-08-01,COM,FORN-00108,DESPESA,"2.704,77","R$ 2.704,77",BRL,Serviço especializado solicitado por COM,1,BOLETO,PAGO,0b17011a-db1a-4f81-b66c-d44d1104daa1,2024-09-05,ERP_CORPORATIVO,TRANSACOES_FINANCEIRAS,21203,92aa97483eab6c733cbdd2f9090599e1d01407803d03ad2183be971156139aaf
TR-21204,13/08/2024,2024-08-01,OP,FORN-00108,DESPESA,2732.93,2732.93,BRL,Contrato de consultoria externa - OP,12,BOLETO,PAGO,0b17011a-db1a-4f81-b66c-d44d1104daa1,2024-09-05,ERP_CORPORATIVO,TRANSACOES_FINANCEIRAS,21204,ee39ae1a6d642c19d4ec36a619791e315fe8b67e8db23756da5d4448bb4894c6
TR-21205,Aug 19 2024,2024-08-01,OP,FORN-00108,DESPESA,"3.017,14","R$ 3.017,14",BRL,Honorarium advocatício - OP,24,BOLETO,ATRASADO,0b17011a-db1a-4f81-b66c-d44d1104daa1,2024-09-05,ERP_CORPORATIVO,TRANSACOES_FINANCEIRAS,21205,368ecab1ec9da7276711ba686ba68d724819ede7de49a769488eeff2894b8d22
TR-21206,08-05-2024,2024-08-01,COMP,FORN-00108,RECEITA,2.573,2573,BRL,Licenciamento de software - COMP,5,TED,PAGO,0b17011a-db1a-4f81-b66c-d44d1104daa1,2024-09-05,ERP_CORPORATIVO,TRANSACOES_FINANCEIRAS,21206,19c6326532492c63ea54f5085cff40295bff5e7a12902c59796e2cb0fd794f93
TR-21207,08-12-2024,2024-08-01,LOG,FORN-00108,RECEITA,3020,3020,BRL,Despesa operacional - LOG,8,TRANSFERENCIA,ATRASADO,0b17011a-db1a-4f81-b66c-d44d1104daa1,2024-09-05,ERP_CORPORATIVO,TRANSACOES_FINANCEIRAS,21207,6068239ac838696af6b9e54b1a1bf3545309531ed5aa5b001f7ee0bb5252fb85
TR-21208,08-14-2024,2024-08-01,COMP,FORN-00108,DESPESA,3192.31,"3.192,31",BRL,Promoção e atividade externa - COMP,14,TED,PAGO,0b17011a-db1a-4f81-b66c-d44d1104daa1,2024-09-05,ERP_CORPORATIVO,TRANSACOES_FINANCEIRAS,21208,bc478af2f646216c2c6881440c83eac83528161c4544c198ce3e60455e09ce8a
TR-21209,13-08-2024,2024-08-01,MKT,FORN-00108,DESPESA,"R$2663,12","2.558,65",BRL,Compra de insumos para setor MKT,2,PIX,PAGO,0b17011a-db1a-4f81-b66c-d44d1104daa1,2024-09-05,ERP_CORPORATIVO,TRANSACOES_FINANCEIRAS,21209,5e04089b81c115a30700e391a9d15394b1c8d55bc2201e64cb52af6ac679c8a6
TR-21210,2024-08-26,2024-08-01,ATD,FORN-00108,DESPESA,"2.653,49",2653.49,BRL,Reparo e conservação de instalações - ATD,10,TRANSFERENCIA,PAGO,0b17011a-db1a-4f81-b66c-d44d1104daa1,2024-09-05,ERP_CORPORATIVO,TRANSACOES_FINANCEIRAS,21210,ead83bf83b925aef833d4ab7c08423aa9ded9192c681d6c64858aa4735d7ae6a
TR-21211,08/08/2024,2024-08-01,COM,FORN-00108,DESPESA,"R$ 2.814,03","R$2697,43",BRL,Aquisição de material operacional - COM,2,BOLETO,ATRASADO,0b17011a-db1a-4f81-b66c-d44d1104daa1,2024-09-05,ERP_CORPORATIVO,TRANSACOES_FINANCEIRAS,21211,684819260f5227e3e2ec20accd9edfca3219de8e2885b5a89acf586213f31189
TR-21212,05/08/2024,2024-08-01,ESG,FORN-00108,DESPESA,"R$ 9.022,97",8923,BRL,Contrato de serviço - setor ESG,1,TED,PAGO,0b17011a-db1a-4f81-b66c-d44d1104daa1,2024-09-05,ERP_CORPORATIVO,TRANSACOES_FINANCEIRAS,21212,bec9f470096a87003c054b2c2527a93bcbb97e4be64df3264f834a247747c04f
TR-21213,08-14-2024,2024-08-01,OP,FORN-00108,DESPESA,2745.81,2745.81,BRL,Direitos de propriedade intelectual - OP,32,TRANSFERENCIA,PAGO,0b17011a-db1a-4f81-b66c-d44d1104daa1,2024-09-05,ERP_CORPORATIVO,TRANSACOES_FINANCEIRAS,21213,f1e9e37b82f1dfd2fb0a1065caf2c213f9b987d9d9d8f5f28bf714f6c5ebf55b
TR-21369,Aug 09 2024,2024-08-01,COM,FORN-00109,DESPESA,2395.20,"2.395,20",BRL,Investimento em marketing corporativo (COM),4,BOLETO,PAGO,0b17011a-db1a-4f81-b66c-d44d1104daa1,2024-09-05,ERP_CORPORATIVO,TRANSACOES_FINANCEIRAS,21369,f0fc9ae5c76c2c764d6f250d904dac5887374908961e8ede82952decd4deb0fe
TR-21370,Aug 12 2024,2024-08-01,OP,FORN-00109,DESPESA,"2.185,86",2.186,BRL,Royalties recebidos por OP,32,PIX,PAGO,0b17011a-db1a-4f81-b66c-d44d1104daa1,2024-09-05,ERP_CORPORATIVO,TRANSACOES_FINANCEIRAS,21370,5045fddee0b10257c79349701ba545d875e9312e7d8908f19184f4ce2bf4d5f1
TR-21371,19-08-2024,2024-08-01,MKT,FORN-00109,RECEITA,2.234,2234,BRL,Aquisição de material operacional - MKT,2,PIX,PAGO,0b17011a-db1a-4f81-b66c-d44d1104daa1,2024-09-05,ERP_CORPORATIVO,TRANSACOES_FINANCEIRAS,21371,e2189494f5f7eca2dc27ab2f2408a3141e88e42e31277a0acfee1d26c967b6a0
TR-21372,2024/08/14,2024-08-01,CTB,FORN-00109,DESPESA,"R$2577,73","R$2515,11",BRL,Receita eventual registrada em CTB,37,BOLETO,PAGO,0b17011a-db1a-4f81-b66c-d44d1104daa1,2024-09-05,ERP_CORPORATIVO,TRANSACOES_FINANCEIRAS,21372,62803cf78ed51ef31e3a57beaa24c5a36d475c7a42e0c4e0db8ff4f5cbb0850a
TR-21373,2024/08/27,2024-08-01,MKT,FORN-00109,RECEITA,2277.15,"2.198,09",BRL,Resultado de equivalência patrimonial - MKT,34,BOLETO,PAGO,0b17011a-db1a-4f81-b66c-d44d1104daa1,2024-09-05,ERP_CORPORATIVO,TRANSACOES_FINANCEIRAS,21373,95c432802c4222436b621c618ab482f781c8034773f33b4fd1ced244e9386700
TR-21374,19-08-2024,2024-08-01,ESG,FORN-00109,DESPESA,1893,1823,BRL,Promoção e atividade externa - ESG,14,PIX,CANCELADO,0b17011a-db1a-4f81-b66c-d44d1104daa1,2024-09-05,ERP_CORPORATIVO,TRANSACOES_FINANCEIRAS,21374,0d997ac1831e8241c4f2b412a41685f6f6b05eb076719cc6e10cf98b75cab9e7
TR-21375,15/08/2024,2024-08-01,COMP,FORN-00109,DESPESA,2.635,"2.557,48",BRL,Custo operacional associado a COMP,8,TED,PAGO,0b17011a-db1a-4f81-b66c-d44d1104daa1,2024-09-05,ERP_CORPORATIVO,TRANSACOES_FINANCEIRAS,21375,f3c0cf8673e4998f59dceb7705427a754dd50519f3d87bca3b9057bd10a4d27a
TR-21376,2024/08/05,2024-08-01,FIN,FORN-00109,DESPESA,2456,2.456,BRL,Contrato de serviço - setor FIN,1,BOLETO,PAGO,0b17011a-db1a-4f81-b66c-d44d1104daa1,2024-09-05,ERP_CORPORATIVO,TRANSACOES_FINANCEIRAS,21376,a5737ee65523ec9e92d9c99819ec27312d782668cc81b74b9fbf25dbdcd0cda8
TR-21377,08-19-2024,2024-08-01,OP,FORN-00109,DESPESA,"R$ 2.145,70","2.145,70",BRL,Despesa de infraestrutura - OP,3,TRANSFERENCIA,PAGO,0b17011a-db1a-4f81-b66c-d44d1104daa1,2024-09-05,ERP_CORPORATIVO,TRANSACOES_FINANCEIRAS,21377,61a555a95a925cdb3f5ddb8df11b3d5f16add2d14dd9077ca04dc644798b8212
TR-21378,16-08-2024,2024-08-01,QAS,FORN-00109,DESPESA,"R$ 2.404,34",2.404,BRL,Serviço de tecnologia contratado por QAS,5,TRANSFERENCIA,PAGO,0b17011a-db1a-4f81-b66c-d44d1104daa1,2024-09-05,ERP_CORPORATIVO,TRANSACOES_FINANCEIRAS,21378,99555f3797c0b2817cd0fa21fa49f18b712709afe801c44a1c7338d57663f210
TR-21379,19/08/24,2024-08-01,FIN,FORN-00109,DESPESA,"R$ 2.129,43",2129,BRL,Contrato de serviço - setor FIN,1,TRANSFERENCIA,CANCELADO,0b17011a-db1a-4f81-b66c-d44d1104daa1,2024-09-05,ERP_CORPORATIVO,TRANSACOES_FINANCEIRAS,21379,1af2dccda281877952fa65cc7ca1801ca535c2d7379110bb98403f6bf60f234b
TR-21380,08-13-2024,2024-08-01,COM,FORN-00109,RECEITA,2123.79,"R$2123,79",BRL,Despesa de RH - COM,6,PIX,PAGO,0b17011a-db1a-4f81-b66c-d44d1104daa1,2024-09-05,ERP_CORPORATIVO,TRANSACOES_FINANCEIRAS,21380,8511d87e0d25e97a93d7860d2b5e73de752d47ae5d9aa7453fc33cec1105cb48
TR-21381,08-15-2024,2024-08-01,FIN,FORN-00109,DESPESA,"R$ 2.236,90","R$ 2.176,96",BRL,Serviço de tecnologia contratado por FIN,5,BOLETO,PAGO,0b17011a-db1a-4f81-b66c-d44d1104daa1,2024-09-05,ERP_CORPORATIVO,TRANSACOES_FINANCEIRAS,21381,2d00472f4e80ae9770b9ade71a74ace7107bd9130734673221c68afe829f4062
TR-21382,08-26-2024,2024-08-01,QAS,FORN-00109,RECEITA,"2.404,17","R$2404,17",BRL,Licenciamento de software - QAS,5,BOLETO,PAGO,0b17011a-db1a-4f81-b66c-d44d1104daa1,2024-09-05,ERP_CORPORATIVO,TRANSACOES_FINANCEIRAS,21382,c07f0d876db84f375a73b8ec13a4e78ee200eb3a13776247e6b26dd1b88a8c29
TR-21383,12/08/2024,2024-08-01,VND,FORN-00109,DESPESA,2373,"2.373,22",BRL,Custo operacional associado a VND,8,TRANSFERENCIA,ATRASADO,0b17011a-db1a-4f81-b66c-d44d1104daa1,2024-09-05,ERP_CORPORATIVO,TRANSACOES_FINANCEIRAS,21383,94dfc756eb39e29b8a3ee3a881b21f6f9a619a7cf97547f1acbdc943fc404575
TR-21384,12/08/2024,2024-08-01,OP,FORN-00109,RECEITA,"R$ 2.486,90",2.487,BRL,Despesa de RH - OP,6,TED,PAGO,0b17011a-db1a-4f81-b66c-d44d1104daa1,2024-09-05,ERP_CORPORATIVO,TRANSACOES_FINANCEIRAS,21384,a9dfae018f0ce2dfe85655e9941297b4aaf5da686012a30979977fc0ad88ce01
TR-21385,05/08/2024,2024-08-01,ATD,FORN-00109,DESPESA,"2.374,26","2.374,26",BRL,Passagem aérea para colaborador de ATD,18,TRANSFERENCIA,PAGO,0b17011a-db1a-4f81-b66c-d44d1104daa1,2024-09-05,ERP_CORPORATIVO,TRANSACOES_FINANCEIRAS,21385,eae6196502d012805b2ae9039b28f954db408dfe128126ce3e6c9ddb04e1a0bb
TR-21386,12/08/2024,2024-08-01,FIN,FORN-00109,DESPESA,"2.618,33",2618.33,BRL,Hospedagem em viagem a serviço de FIN,19,BOLETO,PAGO,0b17011a-db1a-4f81-b66c-d44d1104daa1,2024-09-05,ERP_CORPORATIVO,TRANSACOES_FINANCEIRAS,21386,ffb00acc321fa00f5f53d67058305c9cf0fd1647cb019b00842ee0797ec8bfea
TR-21387,Aug 22 2024,2024-08-01,ESG,FORN-00109,RECEITA,"R$2690,27",2690,BRL,Suporte técnico para sistemas de ESG,29,PIX,PAGO,0b17011a-db1a-4f81-b66c-d44d1104daa1,2024-09-05,ERP_CORPORATIVO,TRANSACOES_FINANCEIRAS,21387,e35899042cfb5566cc3d6c2d9f150b7c8e9fdb5e86fa255f166867a519441c91
TR-21728,26/08/2024,2024-08-01,LOG,FORN-00110,DESPESA,"R$14487,20","R$14487,20",USD,Despesa de refeição em deslocamento (LOG),20,TRANSFERENCIA,PAGO,0b17011a-db1a-4f81-b66c-d44d1104daa1,2024-09-05,ERP_CORPORATIVO,TRANSACOES_FINANCEIRAS,21728,64eabf84e3f42e2ad06b167f8d0cb6b6ab554cc28b7681b7e03232ae7fc93653
TR-21729,Aug 19 2024,2024-08-01,COMP,FORN-00110,RECEITA,5.343,5343.29,BRL,Receita eventual registrada em COMP,37,TED,PAGO,0b17011a-db1a-4f81-b66c-d44d1104daa1,2024-09-05,ERP_CORPORATIVO,TRANSACOES_FINANCEIRAS,21729,a3e1b595d4f2a3dc7fef2c6f489c3d4e6365b6d6da9716c8b105d08ca4edaef2
TR-21730,08-19-2024,2024-08-01,LOG,FORN-00110,DESPESA,"R$ 3.932,72","R$ 3.870,72",BRL,Manutenção predial solicitada por LOG,10,TRANSFERENCIA,PAGO,0b17011a-db1a-4f81-b66c-d44d1104daa1,2024-09-05,ERP_CORPORATIVO,TRANSACOES_FINANCEIRAS,21730,92afa2e674d0c0343616abbc9ca8db467b1d09062bccdc8596c145b338d6294d
TR-21731,09/08/2024,2024-08-01,ADM,FORN-00110,RECEITA,3536,"3.535,73",BRL,Taxas bancárias incidentes em ADM,22,BOLETO,PAGO,0b17011a-db1a-4f81-b66c-d44d1104daa1,2024-09-05,ERP_CORPORATIVO,TRANSACOES_FINANCEIRAS,21731,fb45f24fb2b9c55d140b3d01fa29579291a78d011c83f4b498bb32b76846c8f9
TR-21732,2024-08-26,2024-08-01,MKT,FORN-00110,RECEITA,"R$11349,45",11349.45,BRL,Suporte técnico para sistemas de MKT,29,PIX,PAGO,0b17011a-db1a-4f81-b66c-d44d1104daa1,2024-09-05,ERP_CORPORATIVO,TRANSACOES_FINANCEIRAS,21732,0a6ff7a2c338ceeb8d3b0cdcf68b7e18595171bddbf34bf2248c5fd6b15b047a
TR-21733,27/08/2024,2024-08-01,OP,FORN-00110,RECEITA,4456,"4.273,39",BRL,Desconto concedido em operação de OP,38,PIX,ATRASADO,0b17011a-db1a-4f81-b66c-d44d1104daa1,2024-09-05,ERP_CORPORATIVO,TRANSACOES_FINANCEIRAS,21733,26696bd05c9f73da316a36fb2b8968bfd32d3f48b3440e2a687aa02d56fe2f55
TR-21801,2024-08-26,2024-08-01,COMP,FORN-00111,DESPESA,1840,1771,BRL,Material de marketing solicitado por COMP,15,PIX,CANCELADO,0b17011a-db1a-4f81-b66c-d44d1104daa1,2024-09-05,ERP_CORPORATIVO,TRANSACOES_FINANCEIRAS,21801,2decbf587a0d620c54af7563c74b737699cf418999fe5cf413a2f647557ff95d
TR-21802,05/08/2024,2024-08-01,RH,FORN-00111,RECEITA,"1.920,50",1920.50,USD,Passagem aérea para colaborador de RH,18,TED,PAGO,0b17011a-db1a-4f81-b66c-d44d1104daa1,2024-09-05,ERP_CORPORATIVO,TRANSACOES_FINANCEIRAS,21802,180098b6123845c1f0302087bd327d91370934a1d4c0bee2841219365931a625
TR-21803,07-08-2024,2024-08-01,COMP,FORN-00111,DESPESA,2.131,2130.83,BRL,Serviço especializado solicitado por COMP,1,PIX,PAGO,0b17011a-db1a-4f81-b66c-d44d1104daa1,2024-09-05,ERP_CORPORATIVO,TRANSACOES_FINANCEIRAS,21803,f99177b136287394272c5092cdb611f9498b4d271860bb2c34570d2635376a43
TR-21804,2024/08/20,2024-08-01,PRD,FORN-00111,RECEITA,"1.790,53","R$ 1.790,53",BRL,Serviço especializado solicitado por PRD,1,TED,CANCELADO,0b17011a-db1a-4f81-b66c-d44d1104daa1,2024-09-05,ERP_CORPORATIVO,TRANSACOES_FINANCEIRAS,21804,8b8f0efd8e770f61e6a05d748173c1e22a87916575269005075b0b022ac1278c
TR-21805,Aug 16 2024,2024-08-01,VND,FORN-00111,DESPESA,"1.943,10","R$ 1.943,10",BRL,Venda de ativo imobilizado por VND,35,TRANSFERENCIA,CANCELADO,0b17011a-db1a-4f81-b66c-d44d1104daa1,2024-09-05,ERP_CORPORATIVO,TRANSACOES_FINANCEIRAS,21805,87dea2eb43b80218031e3c56edcaec048a248a6af6f4227d79ce829bf5fcedf6
TR-21806,2024-08-26,2024-08-01,FIN,FORN-00111,RECEITA,2203.01,2102,BRL,Venda de ativo imobilizado por FIN,35,TED,PAGO,0b17011a-db1a-4f81-b66c-d44d1104daa1,2024-09-05,ERP_CORPORATIVO,TRANSACOES_FINANCEIRAS,21806,c55911f68f022faf160a9c3cfe64594916df56ce1d47f6e81238fe16013e79f4
TR-21807,26/08/2024,2024-08-01,COM,FORN-00111,DESPESA,1.755,"R$1754,99",BRL,Investimento em marketing corporativo (COM),4,TED,ATRASADO,0b17011a-db1a-4f81-b66c-d44d1104daa1,2024-09-05,ERP_CORPORATIVO,TRANSACOES_FINANCEIRAS,21807,e3dbb97dfc8b15978907c576a696df09d428a0194dee773a38231109e3c739c3
TR-21808,19/08/2024,2024-08-01,LOG,FORN-00111,RECEITA,1816.64,"R$1749,56",BRL,Investimento em marketing corporativo (LOG),4,PIX,ATRASADO,0b17011a-db1a-4f81-b66c-d44d1104daa1,2024-09-05,ERP_CORPORATIVO,TRANSACOES_FINANCEIRAS,21808,acd1cfb15c6d0487655b6ffc8a35f464ab67a6c4f7edf297175d5269d2675015
TR-21809,2024-08-07,2024-08-01,LOG,FORN-00111,DESPESA,1616,"R$ 1.598,84",BRL,Juros sobre operação financeira - LOG,23,PIX,PAGO,0b17011a-db1a-4f81-b66c-d44d1104daa1,2024-09-05,ERP_CORPORATIVO,TRANSACOES_FINANCEIRAS,21809,fca0d99252dad03bf9331db40ff433899241d6eba997e9d4d8f58e914024753e
TR-21810,12/08/2024,2024-08-01,COMP,FORN-00111,DESPESA,"R$1624,14",1.624,BRL,Despesa jurídica da área COMP,24,BOLETO,PAGO,0b17011a-db1a-4f81-b66c-d44d1104daa1,2024-09-05,ERP_CORPORATIVO,TRANSACOES_FINANCEIRAS,21810,289c04b9b27d6eb5a138cdf176fc6b99cd8bdeb01cfa1d7e4a62764b70c81887
TR-21811,2024-08-13,2024-08-01,COMP,FORN-00111,RECEITA,1970.04,1.970,BRL,Prestação de serviço para área COMP,1,CARTAO,PAGO,0b17011a-db1a-4f81-b66c-d44d1104daa1,2024-09-05,ERP_CORPORATIVO,TRANSACOES_FINANCEIRAS,21811,f3c2c271ff6400027fc323b0c049d6daf32ef2683865b8cc786dfdc212c90a4e
TR-21812,09/08/2024,2024-08-01,FIN,FORN-00111,RECEITA,"R$ 2.033,78",1952,BRL,Serviço de tecnologia contratado por FIN,5,TED,PAGO,0b17011a-db1a-4f81-b66c-d44d1104daa1,2024-09-05,ERP_CORPORATIVO,TRANSACOES_FINANCEIRAS,21812,006c01d5c1351456f70f1cd7330720903fbf328ebbf952d47ff0c0f2b126faef
TR-22067,08/08/2024,2024-08-01,PES,ACC-00112,DESPESA,2103.31,2.103,BRL,Estorno de receita - PES,39,PIX,CANCELADO,0b17011a-db1a-4f81-b66c-d44d1104daa1,2024-09-05,ERP_CORPORATIVO,TRANSACOES_FINANCEIRAS,22067,c7f0aeaa88303ba4668bf371746bec7371534e744e8b89efcfad5d6d65166dc3
TR-22068,22-08-2024,2024-08-01,CTB,ACC-00112,DESPESA,"R$ 5.540,02",5540.02,BRL,Serviço de tecnologia contratado por CTB,5,PIX,PAGO,0b17011a-db1a-4f81-b66c-d44d1104daa1,2024-09-05,ERP_CORPORATIVO,TRANSACOES_FINANCEIRAS,22068,166a79e6309b18788f2fe83788eb8ade2ccda7ada88cba95a3a6f63fbbc80c74
TR-22069,2024/08/12,2024-08-01,COM,ACC-00112,DESPESA,2345.01,2345,BRL,Assessoria contábil prestada a COM,25,PIX,PAGO,0b17011a-db1a-4f81-b66c-d44d1104daa1,2024-09-05,ERP_CORPORATIVO,TRANSACOES_FINANCEIRAS,22069,009d51cada5dddc690f6dda61c76fe6a0634eee23fc3c2caaba9a7f27a25e5a1
TR-22070,2024/08/13,2024-08-01,OP,ACC-00112,DESPESA,2.246,2169,BRL,Venda de ativo imobilizado por OP,35,CARTAO,PAGO,0b17011a-db1a-4f81-b66c-d44d1104daa1,2024-09-05,ERP_CORPORATIVO,TRANSACOES_FINANCEIRAS,22070,1875edc6b79655cd065a29f04d8b520d65b4a640e37affbc1be72a0c1db36391
TR-22071,2024/08/19,2024-08-01,COMP,ACC-00112,DESPESA,3074,"R$3074,37",BRL,Aquisição de material operacional - COMP,2,CARTAO,PAGO,0b17011a-db1a-4f81-b66c-d44d1104daa1,2024-09-05,ERP_CORPORATIVO,TRANSACOES_FINANCEIRAS,22071,64892389aa19c796a5c956d1a1f684d64730e68781dcfd3373f8ec1df09905d6
TR-22072,2024-08-28,2024-08-01,ESG,ACC-00112,DESPESA,"R$ 2.718,26",2718.26,BRL,Despesa operacional - ESG,8,PIX,PAGO,0b17011a-db1a-4f81-b66c-d44d1104daa1,2024-09-05,ERP_CORPORATIVO,TRANSACOES_FINANCEIRAS,22072,c3972ef149e1ffe6be8d4e7a2c7fccdeb1ceda3153b73b3f2347fe6d77ae14c7
TR-22073,19/08/24,2024-08-01,MKT,ACC-00112,DESPESA,"R$2434,69",2434.69,BRL,Despesa de infraestrutura - MKT,3,TRANSFERENCIA,PAGO,0b17011a-db1a-4f81-b66c-d44d1104daa1,2024-09-05,ERP_CORPORATIVO,TRANSACOES_FINANCEIRAS,22073,3df0001a721be01e3eb784b1325edbf4e3ae2c47b5867bec04eee9c42bd78d8f
TR-22074,13/08/24,2024-08-01,JUR,ACC-00112,RECEITA,"2.490,80",2.398,BRL,Devolução de venda processada por JUR,39,BOLETO,PAGO,0b17011a-db1a-4f81-b66c-d44d1104daa1,2024-09-05,ERP_CORPORATIVO,TRANSACOES_FINANCEIRAS,22074,376ca4f70873ef1ae95b8d18bfe4bec6cb3cc925d15749c21def453d4ba8a399
TR-22075,2024-08-14,2024-08-01,COM,ACC-00112,DESPESA,2513.14,"R$2513,14",BRL,Imposto sobre venda apurado em COM,40,BOLETO,PAGO,0b17011a-db1a-4f81-b66c-d44d1104daa1,2024-09-05,ERP_CORPORATIVO,TRANSACOES_FINANCEIRAS,22075,17f8f47e89cd3d8af92e7d559ccbaa5056045097f947439346d153f5d2510683
TR-22076,19/08/24,2024-08-01,COM,ACC-00112,DESPESA,2540,2508,BRL,Combustível e lubrificantes para frota (COM),16,BOLETO,PAGO,0b17011a-db1a-4f81-b66c-d44d1104daa1,2024-09-05,ERP_CORPORATIVO,TRANSACOES_FINANCEIRAS,22076,9153192aa98f9036de7a7bf108cd3df9af5561f8c90bfb999f056a5faabaeb59
TR-22367,2024/08/09,2024-08-01,RH,1000113,DESPESA,"R$ 7.423,77",7.424,BRL,Doação recebida em favor de RH,36,TED,PAGO,0b17011a-db1a-4f81-b66c-d44d1104daa1,2024-09-05,ERP_CORPORATIVO,TRANSACOES_FINANCEIRAS,22367,acb7c3fcac921b070a4cf1ffb4464779d994b6ce1ac1bce04b4a28a688f7cae0
TR-22368,08-22-2024,2024-08-01,ATD,1000113,DESPESA,6696,6.696,BRL,Tarifas de serviços financeiros - ATD,22,BOLETO,PAGO,0b17011a-db1a-4f81-b66c-d44d1104daa1,2024-09-05,ERP_CORPORATIVO,TRANSACOES_FINANCEIRAS,22368,88abdaaa21ec15b24ff7fe6645cae88e59ee391d40fda954b19f2a09984f0410
TR-22369,2024/08/26,2024-08-01,SEC,1000113,DESPESA,"5.873,85",5873.85,BRL,Prestação de serviço para área SEC,1,TED,PAGO,0b17011a-db1a-4f81-b66c-d44d1104daa1,2024-09-05,ERP_CORPORATIVO,TRANSACOES_FINANCEIRAS,22369,1eceadf7af627affcdc9f96d2e65d65197f01d3e621c5a0089eecd31d660fa98
TR-22370,16-08-2024,2024-08-01,COM,1000113,RECEITA,16977,16.793,BRL,Doação recebida em favor de COM,36,TRANSFERENCIA,PAGO,0b17011a-db1a-4f81-b66c-d44d1104daa1,2024-09-05,ERP_CORPORATIVO,TRANSACOES_FINANCEIRAS,22370,d935c290551b7033e8762ed0c34a2fc6863f733d21cfafe592bf2915db95884b
TR-22371,08-09-2024,2024-08-01,MKT,1000113,RECEITA,2.713,2713.31,BRL,Serviço de tecnologia contratado por MKT,5,BOLETO,ATRASADO,0b17011a-db1a-4f81-b66c-d44d1104daa1,2024-09-05,ERP_CORPORATIVO,TRANSACOES_FINANCEIRAS,22371,9d213849d78b77613d0f54865ed652f2f0e578ea02c458c9e59f082991f7a41b
TR-22372,2024-08-14,2024-08-01,COMP,1000113,DESPESA,7.115,7.115,BRL,Produção de material gráfico - COMP,15,PIX,ATRASADO,0b17011a-db1a-4f81-b66c-d44d1104daa1,2024-09-05,ERP_CORPORATIVO,TRANSACOES_FINANCEIRAS,22372,e212f79eca9c95e8948ba57d2b919ffe5a2e0a037f09245f14f0e04420eb25f0
TR-22373,2024/08/16,2024-08-01,MKT,1000113,DESPESA,7352,7352,BRL,Despesa operacional - MKT,8,BOLETO,PAGO,0b17011a-db1a-4f81-b66c-d44d1104daa1,2024-09-05,ERP_CORPORATIVO,TRANSACOES_FINANCEIRAS,22373,3808ee0847e985e801336ca02ccb5e61b994ad86950691fb0ef9cf7db774f6ea
TR-22374,08-12-2024,2024-08-01,ADM,1000113,RECEITA,6437.60,"R$6437,60",BRL,Contrato de consultoria externa - ADM,12,CARTAO,PAGO,0b17011a-db1a-4f81-b66c-d44d1104daa1,2024-09-05,ERP_CORPORATIVO,TRANSACOES_FINANCEIRAS,22374,805acba9302b387e4d3ef2ad2a91124d4446367d33e3c49d20e41324c561cc61
TR-22375,2024/08/26,2024-08-01,COM,1000113,DESPESA,6.150,6060,BRL,Licenciamento de software - COM,5,PIX,PAGO,0b17011a-db1a-4f81-b66c-d44d1104daa1,2024-09-05,ERP_CORPORATIVO,TRANSACOES_FINANCEIRAS,22375,1046eaed9dd22c4b5e18b3d2232ddc4970b7af5242c9bd0247b425181baf6530
TR-22376,16/08/2024,2024-08-01,PJT,1000113,DESPESA,6299.96,6230.41,BRL,Atendimento de TI requisitado por PJT,29,BOLETO,PAGO,0b17011a-db1a-4f81-b66c-d44d1104daa1,2024-09-05,ERP_CORPORATIVO,TRANSACOES_FINANCEIRAS,22376,c1d5e391c31df2afa40f71719c585c13de5f6d4a4b2f9a45c40dfb7b8fcbb5b1
TR-22377,08-12-2024,2024-08-01,JUR,1000113,RECEITA,"R$6343,23","R$ 6.191,10",USD,Serviço de tecnologia contratado por JUR,5,TRANSFERENCIA,PAGO,0b17011a-db1a-4f81-b66c-d44d1104daa1,2024-09-05,ERP_CORPORATIVO,TRANSACOES_FINANCEIRAS,22377,bc231703d01d7289fa16dbad0168f43bb0c784a75d2501636901a1fed1c03d72
TR-22378,2024/08/12,2024-08-01,ADM,1000113,RECEITA,6806,"R$6805,56",BRL,Assessoria legal vinculada à área ADM,7,BOLETO,PAGO,0b17011a-db1a-4f81-b66c-d44d1104daa1,2024-09-05,ERP_CORPORATIVO,TRANSACOES_FINANCEIRAS,22378,9772ec71025d3ba07b38bf1bea09c8fa2eb42fcb484a9a77993e2cfe088b82d0
TR-22379,Aug 19 2024,2024-08-01,ADM,1000113,DESPESA,6074,6074.05,BRL,Despesa operacional - ADM,8,BOLETO,PAGO,0b17011a-db1a-4f81-b66c-d44d1104daa1,2024-09-05,ERP_CORPORATIVO,TRANSACOES_FINANCEIRAS,22379,5cb309277f96ea55f2892446b97c216e692299c1cf967655c1b69a9c3a5b6866
TR-22380,Aug 23 2024,2024-08-01,COMP,1000113,DESPESA,7606.21,7.606,BRL,Serviço especializado solicitado por COMP,1,TED,PAGO,0b17011a-db1a-4f81-b66c-d44d1104daa1,2024-09-05,ERP_CORPORATIVO,TRANSACOES_FINANCEIRAS,22380,e25bc6c30a02ded5cb192222655f328cf1802edb6844e5ac4318c570786339cf
TR-22381,12-08-2024,2024-08-01,PJT,1000113,RECEITA,"R$ 7.199,40",7199,BRL,Estorno de receita - PJT,39,BOLETO,PAGO,0b17011a-db1a-4f81-b66c-d44d1104daa1,2024-09-05,ERP_CORPORATIVO,TRANSACOES_FINANCEIRAS,22381,9cc0d6c16f912de7124afb4019c3b6e0fc22560973ab17552030342f2d134fb4
TR-22382,08-05-2024,2024-08-01,RH,1000113,DESPESA,6271.15,"R$6271,15",BRL,Tarifas de serviços financeiros - RH,22,PIX,PAGO,0b17011a-db1a-4f81-b66c-d44d1104daa1,2024-09-05,ERP_CORPORATIVO,TRANSACOES_FINANCEIRAS,22382,10b8b494eb876d77e9aa8d37c839d23658bcc6fa9593889d0fdf7f6ff6c7d5d7
TR-22695,08-08-2024,2024-08-01,QAS,1000115,RECEITA,"R$5329,89",5268.91,BRL,Tributo incidente sobre receita de QAS,40,TED,PAGO,0b17011a-db1a-4f81-b66c-d44d1104daa1,2024-09-05,ERP_CORPORATIVO,TRANSACOES_FINANCEIRAS,22695,5d1e27ed148d2a34aef10405f53ea6d6024a4821ffe5fede2ba7a01217fb944b
TR-22696,12-08-2024,2024-08-01,PES,1000115,RECEITA,"R$8040,42","R$ 8.040,42",BRL,Combustível e lubrificantes para frota (PES),16,TED,PAGO,0b17011a-db1a-4f81-b66c-d44d1104daa1,2024-09-05,ERP_CORPORATIVO,TRANSACOES_FINANCEIRAS,22696,eb67f30e232768c4cff239c2cab7cda453a73a5b1694f7ef2fd537f862b8f1f4
TR-22697,12/08/2024,2024-08-01,FIN,1000115,DESPESA,6.719,"6.439,04",BRL,Despesa de infraestrutura - FIN,3,TED,PAGO,0b17011a-db1a-4f81-b66c-d44d1104daa1,2024-09-05,ERP_CORPORATIVO,TRANSACOES_FINANCEIRAS,22697,fe239a6e4ba61fae062d6139e56e1a245607b9cfb88dce562480210018ff940c
TR-22698,15/08/24,2024-08-01,VND,1000115,DESPESA,"7.177,92","7.177,92",USD,Abatimento comercial registrado em VND,38,BOLETO,ATRASADO,0b17011a-db1a-4f81-b66c-d44d1104daa1,2024-09-05,ERP_CORPORATIVO,TRANSACOES_FINANCEIRAS,22698,aa0b177b2b1ff3b90442f51516bf98e14126b0a5cf0b7eeb76ae69de8854b92d
TR-22699,2024-08-19,2024-08-01,ATD,1000115,DESPESA,"5.975,89","R$ 5.975,89",BRL,Despesa operacional - ATD,8,BOLETO,PAGO,0b17011a-db1a-4f81-b66c-d44d1104daa1,2024-09-05,ERP_CORPORATIVO,TRANSACOES_FINANCEIRAS,22699,3b464bc526d946cffeb3236b8af360a4e026170265592e7f844f36cdb1c14bc3
TR-22700,15/08/2024,2024-08-01,FIN,1000115,DESPESA,14157,"14.157,50",BRL,Contrato de serviço - setor FIN,1,BOLETO,PAGO,0b17011a-db1a-4f81-b66c-d44d1104daa1,2024-09-05,ERP_CORPORATIVO,TRANSACOES_FINANCEIRAS,22700,80a2a0a43382ea99353cff7f99030e9abd3defd1aaaa39a59b4b4507ba22b09c
TR-22912,19-08-2024,2024-08-01,PRD,FORN-00118,DESPESA,3788.96,"R$3788,96",BRL,Promoção e atividade externa - PRD,14,BOLETO,PAGO,0b17011a-db1a-4f81-b66c-d44d1104daa1,2024-09-05,ERP_CORPORATIVO,TRANSACOES_FINANCEIRAS,22912,7ad569b73faffa9725d9e5f091ca30a27b13b555c46f2da801059723fdd74616
TR-22913,26/08/24,2024-08-01,COM,FORN-00118,DESPESA,3.940,3755,BRL,Taxas bancárias incidentes em COM,22,PIX,PAGO,0b17011a-db1a-4f81-b66c-d44d1104daa1,2024-09-05,ERP_CORPORATIVO,TRANSACOES_FINANCEIRAS,22913,136af7c7afa8db14b3f20a3da7311f8f5d9c89cc9c6f8d5fe305fed1778d9c4a
TR-22914,05-08-2024,2024-08-01,JUR,FORN-00118,RECEITA,3.184,3.184,BRL,Assessoria legal vinculada à área JUR,7,TED,PAGO,0b17011a-db1a-4f81-b66c-d44d1104daa1,2024-09-05,ERP_CORPORATIVO,TRANSACOES_FINANCEIRAS,22914,d946efa524cc7e60d44635c3f3ae70466c821d2fc15f052948c95f82f702a8d2
TR-22915,06/08/2024,2024-08-01,MKT,FORN-00118,RECEITA,3973.58,"3.973,58",BRL,Despesa jurídica da área MKT,24,TED,PAGO,0b17011a-db1a-4f81-b66c-d44d1104daa1,2024-09-05,ERP_CORPORATIVO,TRANSACOES_FINANCEIRAS,22915,f6e7b838723c445f4005d92d56bb482b150354f55b85230a629b5aa962d4d08d
TR-22916,2024-08-13,2024-08-01,COM,FORN-00118,RECEITA,4389.40,"R$ 4.389,40",BRL,Suporte técnico para sistemas de COM,29,TRANSFERENCIA,ATRASADO,0b17011a-db1a-4f81-b66c-d44d1104daa1,2024-09-05,ERP_CORPORATIVO,TRANSACOES_FINANCEIRAS,22916,e54006a247745517f752debdd37796d6cffab76e5d96114d70cb779c81a276ac
TR-22917,2024-08-12,2024-08-01,VND,FORN-00118,DESPESA,3964.73,3965,BRL,Aquisição de material operacional - VND,2,PIX,PAGO,0b17011a-db1a-4f81-b66c-d44d1104daa1,2024-09-05,ERP_CORPORATIVO,TRANSACOES_FINANCEIRAS,22917,3b055ee6180c9f7f3f178b217a79cc2160ef9e00475e1c3120d3ce5536d9cf5c
TR-22976,29/08/2024,2024-08-01,CPT,FORN-00119,DESPESA,"R$5890,98",5.891,BRL,Custo operacional associado a CPT,8,TED,PAGO,0b17011a-db1a-4f81-b66c-d44d1104daa1,2024-09-05,ERP_CORPORATIVO,TRANSACOES_FINANCEIRAS,22976,1da32b757e40743599ce98f7b03bd4b85613505b5cadbf8b30729e393f0e2a98
TR-22977,15/08/2024,2024-08-01,FIN,FORN-00119,DESPESA,"R$6170,19","R$5922,59",BRL,Resultado de equivalência patrimonial - FIN,34,TED,PAGO,0b17011a-db1a-4f81-b66c-d44d1104daa1,2024-09-05,ERP_CORPORATIVO,TRANSACOES_FINANCEIRAS,22977,e235d564e2d74466dda526c7ad26c16534f092b2ee4c9981bd194cf9731b1075
TR-22978,06/08/24,2024-08-01,PES,FORN-00119,DESPESA,"5.531,71","R$5531,71",BRL,Serviço relacionado a recursos humanos (PES),6,TRANSFERENCIA,PAGO,0b17011a-db1a-4f81-b66c-d44d1104daa1,2024-09-05,ERP_CORPORATIVO,TRANSACOES_FINANCEIRAS,22978,62f0ec777c2bc10dfc04b6091f5b715139678d3af552c1b16665854fd10fb841
TR-22979,Aug 08 2024,2024-08-01,COM,FORN-00119,DESPESA,"R$5134,97",5.135,BRL,Contrato de serviço - setor COM,1,TED,CANCELADO,0b17011a-db1a-4f81-b66c-d44d1104daa1,2024-09-05,ERP_CORPORATIVO,TRANSACOES_FINANCEIRAS,22979,952b273bbe7f5146c31ad0b9eecf087378deee54fa447a0b8cf4497d1e4fa89d
TR-22980,Aug 21 2024,2024-08-01,CPT,FORN-00119,DESPESA,"R$ 5.866,03",5866,BRL,Serviço especializado solicitado por CPT,1,PIX,CANCELADO,0b17011a-db1a-4f81-b66c-d44d1104daa1,2024-09-05,ERP_CORPORATIVO,TRANSACOES_FINANCEIRAS,22980,4bdd911a6ce6fecaa9c0b57391b71d25bf8da1e31be06113165dbfe006c03a7b
TR-23088,08-14-2024,2024-08-01,MKT,FORN-00120,RECEITA,"R$1393,82",1349,USD,Desconto concedido em operação de MKT,38,TRANSFERENCIA,PAGO,0b17011a-db1a-4f81-b66c-d44d1104daa1,2024-09-05,ERP_CORPORATIVO,TRANSACOES_FINANCEIRAS,23088,459c6516c7f33243d7e886468461b4b1ed01f400ed0eff766a265669737e4245
TR-23089,19-08-2024,2024-08-01,COMP,FORN-00120,RECEITA,1.244,1244.34,BRL,Contrato de conectividade para área COMP,9,TED,PAGO,0b17011a-db1a-4f81-b66c-d44d1104daa1,2024-09-05,ERP_CORPORATIVO,TRANSACOES_FINANCEIRAS,23089,44136f824f91e9560eaeae0f6d6b37bf5f3cbdd44f7f1cef8b04bab40bd059d5
TR-23090,08-06-2024,2024-08-01,LOG,FORN-00120,DESPESA,1308.47,"R$ 1.308,47",BRL,Venda de ativo imobilizado por LOG,35,TRANSFERENCIA,PAGO,0b17011a-db1a-4f81-b66c-d44d1104daa1,2024-09-05,ERP_CORPORATIVO,TRANSACOES_FINANCEIRAS,23090,9f63846e6bf9f30fdc7a0c4959ac05fbdbcc6531cb51c59b65b249850f679153
TR-23091,2024/08/27,2024-08-01,ADM,FORN-00120,DESPESA,"R$ 1.315,68","R$ 1.315,68",BRL,Renovação de certificados digitais - ADM,26,TRANSFERENCIA,PAGO,0b17011a-db1a-4f81-b66c-d44d1104daa1,2024-09-05,ERP_CORPORATIVO,TRANSACOES_FINANCEIRAS,23091,362fd6c6f5f958b685df3f18a765754417d8a7240c0576bfef2c46b37dd1210f
TR-23092,15/08/2024,2024-08-01,LOG,FORN-00120,DESPESA,1141,1087,BRL,Despesa operacional - LOG,8,BOLETO,PAGO,0b17011a-db1a-4f81-b66c-d44d1104daa1,2024-09-05,ERP_CORPORATIVO,TRANSACOES_FINANCEIRAS,23092,323b32d4a2f17dde75a8192b5cfae82a33b40002cc4d6c0a2ff4f69a001aa853
TR-23093,21/08/2024,2024-08-01,FIN,FORN-00120,DESPESA,1421,"R$1381,65",BRL,Serviço técnico especializado para FIN,11,PIX,ATRASADO,0b17011a-db1a-4f81-b66c-d44d1104daa1,2024-09-05,ERP_CORPORATIVO,TRANSACOES_FINANCEIRAS,23093,adb7493ce08d861bb937512e121d05b15bc22e090d291339d79a97998a53bdee
TR-23094,2024-08-05,2024-08-01,PES,FORN-00120,DESPESA,1.244,1.184,BRL,Taxas bancárias incidentes em PES,22,PIX,PAGO,0b17011a-db1a-4f81-b66c-d44d1104daa1,2024-09-05,ERP_CORPORATIVO,TRANSACOES_FINANCEIRAS,23094,c5bb05c805204eaedea1d45a09e917abdf5c4dabf81a57d0b0b5d534930860be
TR-23095,08/08/2024,2024-08-01,OP,FORN-00120,DESPESA,1.163,"R$1136,26",BRL,Encargos de empréstimo vinculados a OP,23,TED,PAGO,0b17011a-db1a-4f81-b66c-d44d1104daa1,2024-09-05,ERP_CORPORATIVO,TRANSACOES_FINANCEIRAS,23095,603ab6111e5f9f1cbc68c5cba9a873ac824de4ed9785fab0aa1bf39ec0da3d6d
TR-23096,19-08-2024,2024-08-01,COMP,FORN-00120,DESPESA,1325,"R$1272,56",BRL,Manutenção estrutural vinculada à área COMP,3,TED,ATRASADO,0b17011a-db1a-4f81-b66c-d44d1104daa1,2024-09-05,ERP_CORPORATIVO,TRANSACOES_FINANCEIRAS,23096,875c7ba1c0c09bdd505d36f0e708176674f8ef2e6b7ecd0af2da3982239a3bbf
TR-23097,12/08/24,2024-08-01,PES,FORN-00120,DESPESA,"R$ 1.122,13",1.073,BRL,Licenciamento de software - PES,5,BOLETO,PAGO,0b17011a-db1a-4f81-b66c-d44d1104daa1,2024-09-05,ERP_CORPORATIVO,TRANSACOES_FINANCEIRAS,23097,cc79af20e3f533eed5a085bdb52286c0129dbc6ea852f92189f1a998b991e810
TR-23098,08-20-2024,2024-08-01,COMP,FORN-00120,DESPESA,"R$1340,57","R$1340,57",USD,Contrato de serviço - setor COMP,1,BOLETO,PAGO,0b17011a-db1a-4f81-b66c-d44d1104daa1,2024-09-05,ERP_CORPORATIVO,TRANSACOES_FINANCEIRAS,23098,e34e3105b6cbc6100fd1925d0b1e1dcf592ab679cebbc64a27738d75ef54c9d4
TR-23099,20/08/2024,2024-08-01,COMP,FORN-00120,DESPESA,1299.29,"R$ 1.299,29",BRL,Reparo de hardware solicitado por COMP,28,TRANSFERENCIA,PAGO,0b17011a-db1a-4f81-b66c-d44d1104daa1,2024-09-05,ERP_CORPORATIVO,TRANSACOES_FINANCEIRAS,23099,88881728f61dee76eb1866b2298f9091f9341dc27e9f68c18226a06f697d016f
TR-23100,2024-08-19,2024-08-01,CPT,FORN-00120,RECEITA,1176.46,1176.46,BRL,Licenciamento de software - CPT,5,BOLETO,PAGO,0b17011a-db1a-4f81-b66c-d44d1104daa1,2024-09-05,ERP_CORPORATIVO,TRANSACOES_FINANCEIRAS,23100,a528a689101e1af3970e94a480fa67430842862523418e680c5805e6dba2d65d
TR-23101,19/08/2024,2024-08-01,MKT,FORN-00120,DESPESA,"R$ 1.381,49","R$ 1.381,49",BRL,Despesa operacional - MKT,8,TRANSFERENCIA,PAGO,0b17011a-db1a-4f81-b66c-d44d1104daa1,2024-09-05,ERP_CORPORATIVO,TRANSACOES_FINANCEIRAS,23101,9e3cec8cb4166c7890a593569570277ce066236e95ebe96998118c8892f4ffa5
TR-23102,Aug 19 2024,2024-08-01,JUR,FORN-00120,DESPESA,"2.374,87",2375,BRL,Compra de insumos para setor JUR,2,TED,PAGO,0b17011a-db1a-4f81-b66c-d44d1104daa1,2024-09-05,ERP_CORPORATIVO,TRANSACOES_FINANCEIRAS,23102,a59aa47ef017fbcb52fe0ba73a5268cd9314ad6bb497bfaf282752c4053b9cb0
TR-23103,26-08-2024,2024-08-01,TI,FORN-00120,DESPESA,"R$646,59","R$646,59",BRL,Manutenção estrutural vinculada à área TI,3,TRANSFERENCIA,PAGO,0b17011a-db1a-4f81-b66c-d44d1104daa1,2024-09-05,ERP_CORPORATIVO,TRANSACOES_FINANCEIRAS,23103,647bd4e10a3f3c1aa39c6aad1566dc8edd4334bef3c12094a7eab21d5a63572d
TR-23104,2024/08/26,2024-08-01,SEC,FORN-00120,RECEITA,"R$ 1.325,01",1267.56,BRL,Manutenção estrutural vinculada à área SEC,3,PIX,PAGO,0b17011a-db1a-4f81-b66c-d44d1104daa1,2024-09-05,ERP_CORPORATIVO,TRANSACOES_FINANCEIRAS,23104,95daa0d673727145b9aac98e9cf79c9e1552c99772fbe06ae44b4011a70b5f9f
TR-23412,2024-08-08,2024-08-01,JUR,1000120,DESPESA,4.392,4.392,BRL,Treinamento corporativo para equipe JUR,30,PIX,PAGO,0b17011a-db1a-4f81-b66c-d44d1104daa1,2024-09-05,ERP_CORPORATIVO,TRANSACOES_FINANCEIRAS,23412,208e46e4b7f7ace17ba1454f23127793cf13033831206f48d1a348db0b8d0f0a
TR-23413,08-19-2024,2024-08-01,COMP,1000120,DESPESA,1148.44,"R$ 1.148,44",BRL,Aquisição de material operacional - COMP,2,TED,PAGO,0b17011a-db1a-4f81-b66c-d44d1104daa1,2024-09-05,ERP_CORPORATIVO,TRANSACOES_FINANCEIRAS,23413,98dc3f9972f06799027f48fd2bbd461f6ec99ff5b66da158a4c6eac80ef1fc9e
TR-23414,Aug 05 2024,2024-08-01,CPT,1000120,RECEITA,"R$4303,67","4.303,67",BRL,Despesa operacional - CPT,8,BOLETO,PAGO,0b17011a-db1a-4f81-b66c-d44d1104daa1,2024-09-05,ERP_CORPORATIVO,TRANSACOES_FINANCEIRAS,23414,88f4c8b9548c22674d99a21e3b6fa0187c214c5f81400c52bb7e162ee989979a
TR-23415,08-08-2024,2024-08-01,PJT,1000120,RECEITA,5749,"5.748,55",BRL,Viagem corporativa - PJT,18,BOLETO,PAGO,0b17011a-db1a-4f81-b66c-d44d1104daa1,2024-09-05,ERP_CORPORATIVO,TRANSACOES_FINANCEIRAS,23415,1c75d81077f9e9c0b23fbb5f5652aa20a3e6624c2cbcab580460205b5b61719d
TR-23522,19/08/24,2024-08-01,JUR,FORN-00122,DESPESA,2269,2163.78,BRL,Resultado de equivalência patrimonial - JUR,34,TED,PAGO,0b17011a-db1a-4f81-b66c-d44d1104daa1,2024-09-05,ERP_CORPORATIVO,TRANSACOES_FINANCEIRAS,23522,4ec11c88df0140e9a6d2cc2b8c75356e2cfa18ae2b6f4d20096b6f596c9db5c3
TR-23523,08-19-2024,2024-08-01,COM,FORN-00122,DESPESA,2.089,"2.046,87",BRL,Licenciamento de software - COM,5,BOLETO,ATRASADO,0b17011a-db1a-4f81-b66c-d44d1104daa1,2024-09-05,ERP_CORPORATIVO,TRANSACOES_FINANCEIRAS,23523,6804fc91669f6414497fbc351d5e039a86adc4b19028f0ea1fc2f5f6179935fd
TR-23524,08-13-2024,2024-08-01,OP,FORN-00122,DESPESA,"R$ 2.759,65","2.759,65",BRL,Aquisição de material operacional - OP,2,TED,PAGO,0b17011a-db1a-4f81-b66c-d44d1104daa1,2024-09-05,ERP_CORPORATIVO,TRANSACOES_FINANCEIRAS,23524,3b3151ff9cd623a2bed490f23de567472cfad607b9f6ba3ef57069dbf1b5002f
TR-23525,2024-08-05,2024-08-01,ADM,FORN-00122,RECEITA,"2.415,74","R$2415,74",BRL,Viagem corporativa - ADM,18,BOLETO,CANCELADO,0b17011a-db1a-4f81-b66c-d44d1104daa1,2024-09-05,ERP_CORPORATIVO,TRANSACOES_FINANCEIRAS,23525,1718308c269a3df7dcacc98f4efb31b58865e530022c84d027842b21e72941b0
TR-23526,2024-08-12,2024-08-01,ATD,FORN-00122,RECEITA,6050.79,"6.050,79",BRL,Investimento em marketing corporativo (ATD),4,PIX,PAGO,0b17011a-db1a-4f81-b66c-d44d1104daa1,2024-09-05,ERP_CORPORATIVO,TRANSACOES_FINANCEIRAS,23526,80c120d8be20eb994e6ee3f045a9393fe433e346d03e2e8a8c3cbee4bac3774f
TR-23527,2024/08/16,2024-08-01,CTB,FORN-00122,RECEITA,"R$ 2.873,15","R$ 2.809,24",BRL,Resultado de equivalência patrimonial - CTB,34,TED,PAGO,0b17011a-db1a-4f81-b66c-d44d1104daa1,2024-09-05,ERP_CORPORATIVO,TRANSACOES_FINANCEIRAS,23527,e5d892c47dadbd5b558aca9e9ca901d555f9b207a7474b8a71b645647de36865
TR-23784,19/08/24,2024-08-01,CTB,ACC-00123,RECEITA,"R$9078,04",9078,BRL,Despesa de infraestrutura - CTB,3,TED,ATRASADO,0b17011a-db1a-4f81-b66c-d44d1104daa1,2024-09-05,ERP_CORPORATIVO,TRANSACOES_FINANCEIRAS,23784,25aa89f49b4730e65ea1be6d058050bc8e196fc84d7e9316258e346ef9f3a68b
TR-23785,14/08/2024,2024-08-01,TI,ACC-00123,DESPESA,"R$8986,24",8986,BRL,Compra de insumos para setor TI,2,BOLETO,ATRASADO,0b17011a-db1a-4f81-b66c-d44d1104daa1,2024-09-05,ERP_CORPORATIVO,TRANSACOES_FINANCEIRAS,23785,0fbe7754691003eb8b00da61b15ec4d7a391b892847fe5fbe3ac5e06d9df8656
TR-23786,14/08/2024,2024-08-01,JUR,ACC-00123,RECEITA,"R$ 8.925,34",8925,BRL,Investimento em marketing corporativo (JUR),4,BOLETO,PAGO,0b17011a-db1a-4f81-b66c-d44d1104daa1,2024-09-05,ERP_CORPORATIVO,TRANSACOES_FINANCEIRAS,23786,9fb905bf6fb354f8d1b883929b97d887c6ccaf30610efe899aa7f46ab915e921
TR-23787,12/08/24,2024-08-01,MKT,ACC-00123,RECEITA,"7.899,68",7815,BRL,Receita de aluguel creditada em MKT,31,TRANSFERENCIA,PAGO,0b17011a-db1a-4f81-b66c-d44d1104daa1,2024-09-05,ERP_CORPORATIVO,TRANSACOES_FINANCEIRAS,23787,bd9d74277aacfc9d4585364cb4dfb17960fd6a6bf82a50e9ff30d5447bfbf686
TR-23788,08-19-2024,2024-08-01,OP,ACC-00123,RECEITA,7697,"R$ 7.697,11",BRL,Despesa de infraestrutura - OP,3,PIX,PAGO,0b17011a-db1a-4f81-b66c-d44d1104daa1,2024-09-05,ERP_CORPORATIVO,TRANSACOES_FINANCEIRAS,23788,16d527f035f882b57dca6fe5b1558999aca4fd40322ec05aad3dc7822922692b
TR-23789,19/08/2024,2024-08-01,FIN,ACC-00123,RECEITA,"R$8720,83","R$ 8.720,83",BRL,Participação nos resultados vinculada a FIN,34,BOLETO,PAGO,0b17011a-db1a-4f81-b66c-d44d1104daa1,2024-09-05,ERP_CORPORATIVO,TRANSACOES_FINANCEIRAS,23789,bd087fb0cfed598d14abb86515d9818300d68ce3955759a6772135fb7c8e169b
TR-23790,16-08-2024,2024-08-01,PJT,ACC-00123,RECEITA,"9.061,22","R$ 8.671,09",BRL,Hospedagem em viagem a serviço de PJT,19,BOLETO,PAGO,0b17011a-db1a-4f81-b66c-d44d1104daa1,2024-09-05,ERP_CORPORATIVO,TRANSACOES_FINANCEIRAS,23790,d75738c31a668b3acc8df8905d8904f00758073411a4daea1580fa771ca4c6ce
TR-23791,2024-08-14,2024-08-01,OP,ACC-00123,RECEITA,7.796,"7.527,67",BRL,Consultoria estratégica para área OP,12,TRANSFERENCIA,PAGO,0b17011a-db1a-4f81-b66c-d44d1104daa1,2024-09-05,ERP_CORPORATIVO,TRANSACOES_FINANCEIRAS,23791,e2e318b17816708ce1ecb8e87f41106d703377d9d6e1551db11cb200ef6263ed
TR-24085,12-08-2024,2024-08-01,COMP,1000124,DESPESA,"R$ 10.064,65",9.574,BRL,Consultoria estratégica para área COMP,12,CARTAO,PAGO,0b17011a-db1a-4f81-b66c-d44d1104daa1,2024-09-05,ERP_CORPORATIVO,TRANSACOES_FINANCEIRAS,24085,443065a7d1abfba55d52ce328e9e42f1ac5fec9f4d9b856996429d73beab0d90
TR-24086,2024-08-09,2024-08-01,PRD,1000124,RECEITA,"8.406,76",8406.76,USD,Combustível e lubrificantes para frota (PRD),16,PIX,PAGO,0b17011a-db1a-4f81-b66c-d44d1104daa1,2024-09-05,ERP_CORPORATIVO,TRANSACOES_FINANCEIRAS,24086,79575c3a6ebd6d915c028320141b1dbfed51a7b58c2b11250d6a86b0031e5d95
TR-24087,2024/08/12,2024-08-01,OP,1000124,RECEITA,2565,2.565,BRL,Despesa operacional - OP,8,TED,PAGO,0b17011a-db1a-4f81-b66c-d44d1104daa1,2024-09-05,ERP_CORPORATIVO,TRANSACOES_FINANCEIRAS,24087,ac078aa941047b28a1372f1f8d588a9cf7c30aa58938e5f3da05c77111f8c544
TR-24088,08-19-2024,2024-08-01,FIN,1000124,RECEITA,9035,"R$ 9.034,72",BRL,Capacitação profissional vinculada a FIN,30,BOLETO,ATRASADO,0b17011a-db1a-4f81-b66c-d44d1104daa1,2024-09-05,ERP_CORPORATIVO,TRANSACOES_FINANCEIRAS,24088,44567d0ea8108c95a50897a4bc3c4f2e210d1bb931cdfb545c2f0d6f5c3ea283
TR-24089,12/08/24,2024-08-01,JUR,1000124,DESPESA,8180,8179.79,USD,Comissão recebida por JUR,33,BOLETO,PAGO,0b17011a-db1a-4f81-b66c-d44d1104daa1,2024-09-05,ERP_CORPORATIVO,TRANSACOES_FINANCEIRAS,24089,65a4c294be02beee6343e321f8f36638f97351ee588272a837dcbe43f8f3202b
TR-24090,2024/08/19,2024-08-01,COM,1000124,RECEITA,10.714,10714,BRL,Diária de hotel para equipe COM,19,BOLETO,PAGO,0b17011a-db1a-4f81-b66c-d44d1104daa1,2024-09-05,ERP_CORPORATIVO,TRANSACOES_FINANCEIRAS,24090,5b2dedaa136e95da5a1526adffd1d38a256550c7d66bc9cc394f671d7f7aa5bd
TR-24462,08-26-2024,2024-08-01,TI,ACC-00127,DESPESA,3356.75,3.357,BRL,Contrato de serviço - setor TI,1,PIX,PAGO,0b17011a-db1a-4f81-b66c-d44d1104daa1,2024-09-05,ERP_CORPORATIVO,TRANSACOES_FINANCEIRAS,24462,af15a9b8e5946468fa8a1689b974603d6ddd22fa1dc33d4dae86065157507a1d
TR-24463,19-08-2024,2024-08-01,COMP,ACC-00127,DESPESA,"3.293,48","3.293,48",BRL,Campanha institucional - COMP,4,TRANSFERENCIA,PAGO,0b17011a-db1a-4f81-b66c-d44d1104daa1,2024-09-05,ERP_CORPORATIVO,TRANSACOES_FINANCEIRAS,24463,19e3915d3f1c2b2c33599e77f4d89748f2d93e86ca3fb33f2bcd094e65da6f9b
TR-24464,26/08/24,2024-08-01,RH,ACC-00127,DESPESA,2.945,"R$2945,46",BRL,Prestação de serviço para área RH,1,CARTAO,PAGO,0b17011a-db1a-4f81-b66c-d44d1104daa1,2024-09-05,ERP_CORPORATIVO,TRANSACOES_FINANCEIRAS,24464,2fb510afbbae3795287e8ce110a185944c6d529cbea9eabf3ce6c91f0595637e
TR-24465,Aug 12 2024,2024-08-01,COMP,ACC-00127,DESPESA,2705,"R$ 2.705,48",BRL,Certificado digital adquirido por COMP,26,PIX,PAGO,0b17011a-db1a-4f81-b66c-d44d1104daa1,2024-09-05,ERP_CORPORATIVO,TRANSACOES_FINANCEIRAS,24465,9a6c5412e4a8ef7ef5ea77debc4be395f846b037fddb57c3c2faab7bddac4150
TR-24466,2024/08/19,2024-08-01,TI,ACC-00127,DESPESA,6573,"R$6572,60",BRL,Prestação de serviço para área TI,1,BOLETO,PAGO,0b17011a-db1a-4f81-b66c-d44d1104daa1,2024-09-05,ERP_CORPORATIVO,TRANSACOES_FINANCEIRAS,24466,fd7d607bdfc72922a03ca4ac66f4dd913010a9f78ce1b1d7d54c8a9bb9812c8a
TR-24467,16/08/24,2024-08-01,COM,ACC-00127,DESPESA,3.687,3.687,BRL,Prestação de serviço para área COM,1,PIX,PAGO,0b17011a-db1a-4f81-b66c-d44d1104daa1,2024-09-05,ERP_CORPORATIVO,TRANSACOES_FINANCEIRAS,24467,b6ca0d3d81844e556118618143f2d7d1871221b6cac0fb73ccc9c5f527c8723f
TR-24468,08-12-2024,2024-08-01,COMP,ACC-00127,DESPESA,3213.39,"3.135,60",BRL,Reparo e conservação de instalações - COMP,10,BOLETO,ATRASADO,0b17011a-db1a-4f81-b66c-d44d1104daa1,2024-09-05,ERP_CORPORATIVO,TRANSACOES_FINANCEIRAS,24468,1d1564255da0d41b78531e5e697938f951016a84ca60542d2e0761a8c59745d2
TR-24469,2024-08-12,2024-08-01,PJT,ACC-00127,DESPESA,3.782,3.782,USD,Alimentação em viagem corporativa - PJT,20,PIX,PAGO,0b17011a-db1a-4f81-b66c-d44d1104daa1,2024-09-05,ERP_CORPORATIVO,TRANSACOES_FINANCEIRAS,24469,bfd1f8cb128be20a78f0071e5e360cc649ba33848eff335acdab3aa8f43d5c07
TR-24470,08-02-2024,2024-08-01,FIN,ACC-00127,DESPESA,"R$2981,13",2981.13,USD,Serviço especializado solicitado por FIN,1,CARTAO,CANCELADO,0b17011a-db1a-4f81-b66c-d44d1104daa1,2024-09-05,ERP_CORPORATIVO,TRANSACOES_FINANCEIRAS,24470,6781941ec8428d552e8ede30ed02686d5af82759fb255bf68ec2c4fac311bf28
TR-24471,2024/08/06,2024-08-01,COM,ACC-00127,RECEITA,"R$3464,55","R$ 3.384,71",BRL,Despesa de infraestrutura - COM,3,TED,PAGO,0b17011a-db1a-4f81-b66c-d44d1104daa1,2024-09-05,ERP_CORPORATIVO,TRANSACOES_FINANCEIRAS,24471,96bb9360ce66c30ffddfe381d8427c064a2c70cad49a7ef14fab4df2b9e6f577
TR-24472,12/08/24,2024-08-01,OP,ACC-00127,DESPESA,"R$3257,05",3.257,BRL,Receita extraordinária - OP,37,TRANSFERENCIA,PAGO,0b17011a-db1a-4f81-b66c-d44d1104daa1,2024-09-05,ERP_CORPORATIVO,TRANSACOES_FINANCEIRAS,24472,df2d18b3ea0af2eefbf585147c979f0d865e1b22df9d6926a1ddd4419eeb079b
TR-24473,26/08/24,2024-08-01,MKT,ACC-00127,DESPESA,3646,"R$3645,78",USD,Alimentação em viagem corporativa - MKT,20,PIX,PAGO,0b17011a-db1a-4f81-b66c-d44d1104daa1,2024-09-05,ERP_CORPORATIVO,TRANSACOES_FINANCEIRAS,24473,1d8f019b609c3374e93d00414108f0846bf19e3d945f8513ab2eddcb8c46d984
TR-24903,22/08/24,2024-08-01,COMP,FORN-00129,DESPESA,4401,"R$ 4.263,82",BRL,Serviço especializado solicitado por COMP,1,BOLETO,PAGO,0b17011a-db1a-4f81-b66c-d44d1104daa1,2024-09-05,ERP_CORPORATIVO,TRANSACOES_FINANCEIRAS,24903,ddd71f4598723a75e41d897d8508ffc0e1d841e35c0870d59c4d498e4350ed8e
TR-24904,2024/08/29,2024-08-01,COM,FORN-00129,RECEITA,"4.205,85",4.206,BRL,Propaganda e divulgação para área COM,13,TRANSFERENCIA,PAGO,0b17011a-db1a-4f81-b66c-d44d1104daa1,2024-09-05,ERP_CORPORATIVO,TRANSACOES_FINANCEIRAS,24904,fa347265a12ddda8a97a24bb166f4f57e1e34758e004117bdcd6b282491088fc
TR-24905,20-08-2024,2024-08-01,COMP,FORN-00129,RECEITA,4678.22,"R$4678,22",BRL,Custo operacional associado a COMP,8,CARTAO,PAGO,0b17011a-db1a-4f81-b66c-d44d1104daa1,2024-09-05,ERP_CORPORATIVO,TRANSACOES_FINANCEIRAS,24905,8c171c7263be3a9ceeedca39564cca4378a6045ec0e7dcae332ef163e5e920cb
TR-24906,08-14-2024,2024-08-01,OP,FORN-00129,DESPESA,4168.76,"R$ 4.168,76",BRL,Contrato de serviço - setor OP,1,PIX,PAGO,0b17011a-db1a-4f81-b66c-d44d1104daa1,2024-09-05,ERP_CORPORATIVO,TRANSACOES_FINANCEIRAS,24906,1adbf69668749ab9ffc3e1fac9a998baefd3e26cf40362bcc4c9439759c00942
TR-24907,16-08-2024,2024-08-01,FIN,FORN-00129,RECEITA,"R$ 4.272,52","R$ 4.272,52",BRL,Serviço relacionado a recursos humanos (FIN),6,TRANSFERENCIA,PAGO,0b17011a-db1a-4f81-b66c-d44d1104daa1,2024-09-05,ERP_CORPORATIVO,TRANSACOES_FINANCEIRAS,24907,5af8c00fd7a637bade645e6b4e4705730a90c1c5382de60c591ecfbc681fbb55
TR-24908,2024/08/05,2024-08-01,FIN,FORN-00129,RECEITA,"R$ 3.571,23",3571,BRL,Serviço de tecnologia contratado por FIN,5,TRANSFERENCIA,PAGO,0b17011a-db1a-4f81-b66c-d44d1104daa1,2024-09-05,ERP_CORPORATIVO,TRANSACOES_FINANCEIRAS,24908,ba73e8d813dd62f934d5c63f173c411582e765e7075ec3314af67d6bf9629156
TR-24909,2024-08-22,2024-08-01,ESG,FORN-00129,DESPESA,8702.92,"R$8702,92",BRL,Manutenção estrutural vinculada à área ESG,3,PIX,PAGO,0b17011a-db1a-4f81-b66c-d44d1104daa1,2024-09-05,ERP_CORPORATIVO,TRANSACOES_FINANCEIRAS,24909,b66f4ff0427b52bd94b274f1379d159f3684f0fa94cfc40d6223e37aa8f84a5d
TR-24910,Aug 19 2024,2024-08-01,TI,FORN-00129,DESPESA,4142.53,"R$ 4.142,53",BRL,Manutenção estrutural vinculada à área TI,3,PIX,PAGO,0b17011a-db1a-4f81-b66c-d44d1104daa1,2024-09-05,ERP_CORPORATIVO,TRANSACOES_FINANCEIRAS,24910,cf24b343c2aad72c9fc294ff29e269d8230930c79c4d015f0e1c370d7a383592
TR-24911,08-12-2024,2024-08-01,COM,FORN-00129,DESPESA,3980,3980,BRL,Honorários jurídicos - COM,7,PIX,PAGO,0b17011a-db1a-4f81-b66c-d44d1104daa1,2024-09-05,ERP_CORPORATIVO,TRANSACOES_FINANCEIRAS,24911,1e5df16230c53bded36e149156b2dbe15be45930376067dbf6d2fa4fda7bd7c0
TR-24912,08-19-2024,2024-08-01,JUR,FORN-00129,RECEITA,3.529,3.529,BRL,Juros sobre operação financeira - JUR,23,PIX,PAGO,0b17011a-db1a-4f81-b66c-d44d1104daa1,2024-09-05,ERP_CORPORATIVO,TRANSACOES_FINANCEIRAS,24912,fef9f42f4d05c6d223a76d3a505befb4db02b6ddb48d33c15eb2fe19a6fe74f1
TR-24913,Aug 12 2024,2024-08-01,ATD,FORN-00129,DESPESA,"3.525,29","R$3525,29",USD,Despesa de RH - ATD,6,TED,ATRASADO,0b17011a-db1a-4f81-b66c-d44d1104daa1,2024-09-05,ERP_CORPORATIVO,TRANSACOES_FINANCEIRAS,24913,7d7a30b9fb913a7dd7ff55d64cce4d3347cec02bc906811a90f03a6b23d40145
TR-24914,08-19-2024,2024-08-01,COMP,FORN-00129,DESPESA,"R$ 3.226,08","3.226,08",BRL,Venda de ativo imobilizado por COMP,35,PIX,PAGO,0b17011a-db1a-4f81-b66c-d44d1104daa1,2024-09-05,ERP_CORPORATIVO,TRANSACOES_FINANCEIRAS,24914,25c6673f47d22c87efe1c8aa3ecddec0e6c00f6aac38d4cb7cdfe3eb389eb2f8
TR-24915,09/08/2024,2024-08-01,ATD,FORN-00129,RECEITA,"4.012,92","R$3852,74",BRL,Serviço de tecnologia contratado por ATD,5,TRANSFERENCIA,ATRASADO,0b17011a-db1a-4f81-b66c-d44d1104daa1,2024-09-05,ERP_CORPORATIVO,TRANSACOES_FINANCEIRAS,24915,719c6427869549cc4b93e67d411aacce1ecc3a81b3b5526752ed411576f20499
TR-24916,12-08-2024,2024-08-01,ATD,FORN-00129,RECEITA,3487.80,"3.487,80",BRL,Compra de insumos para setor ATD,2,TED,PAGO,0b17011a-db1a-4f81-b66c-d44d1104daa1,2024-09-05,ERP_CORPORATIVO,TRANSACOES_FINANCEIRAS,24916,5897d8e0d1a69bdcb6aeab51a850e4d4ff23f0540677710c4eac1fd4b595c09a
TR-25303,2024-08-19,2024-08-01,FIN,1000129,DESPESA,"R$1717,54",1718,BRL,Propaganda e divulgação para área FIN,13,BOLETO,ATRASADO,0b17011a-db1a-4f81-b66c-d44d1104daa1,2024-09-05,ERP_CORPORATIVO,TRANSACOES_FINANCEIRAS,25303,9f170b81e26ab77a5ee40f972c560094854fde7f1a91f8f4d2a7d3adae579524
TR-25304,2024/08/13,2024-08-01,ADM,1000129,RECEITA,"1.723,43","1.723,43",BRL,Contrato de consultoria externa - ADM,12,TED,PAGO,0b17011a-db1a-4f81-b66c-d44d1104daa1,2024-09-05,ERP_CORPORATIVO,TRANSACOES_FINANCEIRAS,25304,bdb6c63faf696f7c59a19942cd5ca8a7e6eb8b44234a8dd06459af4d30232417
TR-25305,20-08-2024,2024-08-01,FIN,1000129,DESPESA,2100,2100,BRL,Assessoria legal vinculada à área FIN,7,TRANSFERENCIA,PAGO,0b17011a-db1a-4f81-b66c-d44d1104daa1,2024-09-05,ERP_CORPORATIVO,TRANSACOES_FINANCEIRAS,25305,f23c944ca429afe3f85fb3cfbd2954d966dc3924e3fcd8ea5db5a2ab7a72a968
TR-25306,19/08/24,2024-08-01,FIN,1000129,RECEITA,1795.37,1795.37,BRL,Aquisição de material operacional - FIN,2,CARTAO,PAGO,0b17011a-db1a-4f81-b66c-d44d1104daa1,2024-09-05,ERP_CORPORATIVO,TRANSACOES_FINANCEIRAS,25306,6738cc2b40ddef4a3aab0264b5725063e32c281fc0564713ef45d14bb82d9797
TR-25307,Aug 19 2024,2024-08-01,ATD,1000129,RECEITA,"3.490,96","R$3490,96",BRL,Taxas bancárias incidentes em ATD,22,PIX,PAGO,0b17011a-db1a-4f81-b66c-d44d1104daa1,2024-09-05,ERP_CORPORATIVO,TRANSACOES_FINANCEIRAS,25307,82e767236524a580a534ae812f1c7a2c85f3bf43e64f61d8f3b25d07dbf4c92c
TR-25308,12/08/2024,2024-08-01,RH,1000129,RECEITA,2171.35,"R$ 2.171,35",BRL,Suporte técnico para sistemas de RH,29,PIX,PAGO,0b17011a-db1a-4f81-b66c-d44d1104daa1,2024-09-05,ERP_CORPORATIVO,TRANSACOES_FINANCEIRAS,25308,90097bda2798a25b174242c37f9db4d6f96e48cbfc734625db3bbe0815e08217
TR-25309,Aug 16 2024,2024-08-01,OP,1000129,DESPESA,1694,1.694,BRL,Serviço especializado solicitado por OP,1,TRANSFERENCIA,PAGO,0b17011a-db1a-4f81-b66c-d44d1104daa1,2024-09-05,ERP_CORPORATIVO,TRANSACOES_FINANCEIRAS,25309,b00769d908178acd794abf9c957d88a997193ed9a5bfa466188284414b1001f3
TR-25310,08-09-2024,2024-08-01,MKT,1000129,RECEITA,"R$ 1.679,23","1.679,23",BRL,Alimentação em viagem corporativa - MKT,20,TED,PAGO,0b17011a-db1a-4f81-b66c-d44d1104daa1,2024-09-05,ERP_CORPORATIVO,TRANSACOES_FINANCEIRAS,25310,f1454ef67843d30125c15b607554c2820eeadf3a1d9d84f7081f06143be42ae0
TR-25311,2024/08/26,2024-08-01,LOG,1000129,RECEITA,"1.839,32","1.839,32",USD,Serviço de tecnologia contratado por LOG,5,BOLETO,PAGO,0b17011a-db1a-4f81-b66c-d44d1104daa1,2024-09-05,ERP_CORPORATIVO,TRANSACOES_FINANCEIRAS,25311,0329cd8c10078cf558e13d41f324922c2d8fed9e9fb8237dc024649ac1106836
TR-25312,15/08/2024,2024-08-01,PRD,1000129,RECEITA,"1.812,52",1813,BRL,Capacitação profissional vinculada a PRD,30,TED,PAGO,0b17011a-db1a-4f81-b66c-d44d1104daa1,2024-09-05,ERP_CORPORATIVO,TRANSACOES_FINANCEIRAS,25312,ffb3801552bfbe23ddfaf0b07e89c133cd7da20bc283e5604072953928b98335
TR-25313,08-26-2024,2024-08-01,OP,1000129,DESPESA,"R$1671,36","R$1671,36",BRL,Compra de insumos para setor OP,2,CARTAO,PAGO,0b17011a-db1a-4f81-b66c-d44d1104daa1,2024-09-05,ERP_CORPORATIVO,TRANSACOES_FINANCEIRAS,25313,2e27556bde9827cd1c64aab59cd6fc28f2956fce42b6995de28f8e198540b008
TR-25314,26/08/24,2024-08-01,QAS,1000129,DESPESA,"R$1958,30","R$ 1.910,07",BRL,Material de marketing solicitado por QAS,15,BOLETO,PAGO,0b17011a-db1a-4f81-b66c-d44d1104daa1,2024-09-05,ERP_CORPORATIVO,TRANSACOES_FINANCEIRAS,25314,07568fb28c6ac33bdc2421586c72b21702ff5789e85e14671de5ef68b6ffb712
TR-25315,2024/08/22,2024-08-01,OP,1000129,DESPESA,1809,1740,BRL,Viagem corporativa - OP,18,TRANSFERENCIA,CANCELADO,0b17011a-db1a-4f81-b66c-d44d1104daa1,2024-09-05,ERP_CORPORATIVO,TRANSACOES_FINANCEIRAS,25315,e2b2d84a98b4cf8921d9aa86473ea7845f758847858d3244f11d93873d8aa83e
TR-25533,20/08/24,2024-08-01,JUR,1000130,DESPESA,3952.41,3.952,BRL,Consultoria estratégica para área JUR,12,TED,PAGO,0b17011a-db1a-4f81-b66c-d44d1104daa1,2024-09-05,ERP_CORPORATIVO,TRANSACOES_FINANCEIRAS,25533,8c07934e93d9c96d9418288e5871995a36298ae8408e9d25b785b70cd10ec9b9
TR-25534,28/08/2024,2024-08-01,OP,1000130,RECEITA,3893,3.893,BRL,Reparo e conservação de instalações - OP,10,CARTAO,PAGO,0b17011a-db1a-4f81-b66c-d44d1104daa1,2024-09-05,ERP_CORPORATIVO,TRANSACOES_FINANCEIRAS,25534,750acb79d0632e344bec88921ad4e79cda33447424c43a82a96cfccab7394d15
TR-25535,23-08-2024,2024-08-01,COM,1000130,DESPESA,3071.51,3005,BRL,Licenciamento de software - COM,5,BOLETO,PAGO,0b17011a-db1a-4f81-b66c-d44d1104daa1,2024-09-05,ERP_CORPORATIVO,TRANSACOES_FINANCEIRAS,25535,7bc23c221e6ada517744d43cde1ed5de38eeb1df22c8cd6dfe48ca4ae4c3a1a1
TR-25536,Aug 19 2024,2024-08-01,PES,1000130,DESPESA,3238.61,"R$3137,23",BRL,Treinamento corporativo para equipe PES,30,TED,PAGO,0b17011a-db1a-4f81-b66c-d44d1104daa1,2024-09-05,ERP_CORPORATIVO,TRANSACOES_FINANCEIRAS,25536,0c8a0bb4ca77110a475558cb8dda57f70553f5bf4d4546c51d9f336c2c328de1
TR-25537,08-13-2024,2024-08-01,ATD,1000130,RECEITA,"R$ 3.690,98",3.691,BRL,Venda de ativo imobilizado por ATD,35,PIX,PAGO,0b17011a-db1a-4f81-b66c-d44d1104daa1,2024-09-05,ERP_CORPORATIVO,TRANSACOES_FINANCEIRAS,25537,9f3d291a0c72491fe718edd809db9baa3cb05c98599ec96483ba0592bad1c07f
TR-25538,2024-08-19,2024-08-01,MKT,1000130,RECEITA,3.536,"R$3536,20",BRL,Compra de insumos para setor MKT,2,BOLETO,PAGO,0b17011a-db1a-4f81-b66c-d44d1104daa1,2024-09-05,ERP_CORPORATIVO,TRANSACOES_FINANCEIRAS,25538,3a0affa47f826e6f108245e14ce30849f1f2b89455babebd4cd10460e464b729
TR-25539,19/08/2024,2024-08-01,PES,1000130,DESPESA,3444,3.444,BRL,Licenciamento de software - PES,5,PIX,ATRASADO,0b17011a-db1a-4f81-b66c-d44d1104daa1,2024-09-05,ERP_CORPORATIVO,TRANSACOES_FINANCEIRAS,25539,3b9e5d645cd1b83bcc7ca078cc4f6c3cc8bbfe9e52dc7dfdcc3c06d8dc40a1a4
TR-25540,07/08/2024,2024-08-01,FIN,1000130,RECEITA,"3.605,11",3479.75,BRL,Campanha institucional - FIN,4,PIX,PAGO,0b17011a-db1a-4f81-b66c-d44d1104daa1,2024-09-05,ERP_CORPORATIVO,TRANSACOES_FINANCEIRAS,25540,6f266403447b8df0aeaf9942013dd6506aff0d4c72015d596088ed0fa82662c4
TR-25541,16-08-2024,2024-08-01,COMP,1000130,DESPESA,"2.861,07","R$ 2.861,07",BRL,Aquisição de material operacional - COMP,2,TRANSFERENCIA,PAGO,0b17011a-db1a-4f81-b66c-d44d1104daa1,2024-09-05,ERP_CORPORATIVO,TRANSACOES_FINANCEIRAS,25541,6a45ef1862bb82da850f5964bfec5cb62f408a9b32e3d50ed37782409c93e4ec
TR-25542,Aug 19 2024,2024-08-01,COMP,1000130,RECEITA,"R$3146,22","3.146,22",BRL,Serviço relacionado a recursos humanos (COMP),6,BOLETO,PAGO,0b17011a-db1a-4f81-b66c-d44d1104daa1,2024-09-05,ERP_CORPORATIVO,TRANSACOES_FINANCEIRAS,25542,26d20b1f46e3961fd3437d452c2d96cf25c030c11ef1d1511c690108f393d2e5
TR-25543,2024-08-05,2024-08-01,TI,1000130,DESPESA,3248,3248,BRL,Manutenção preventiva de veículos - TI,17,TRANSFERENCIA,PAGO,0b17011a-db1a-4f81-b66c-d44d1104daa1,2024-09-05,ERP_CORPORATIVO,TRANSACOES_FINANCEIRAS,25543,5594fdd9aa33e7d58248ee8d26e4fc7a937efde0321b0d518e3190ba9535eb32
TR-25544,08-20-2024,2024-08-01,RH,1000130,DESPESA,3723.51,"R$ 3.723,51",BRL,Estorno de receita - RH,39,TED,ATRASADO,0b17011a-db1a-4f81-b66c-d44d1104daa1,2024-09-05,ERP_CORPORATIVO,TRANSACOES_FINANCEIRAS,25544,c074b5d6f954ebac8147ae534fd1791b94a6e7cf5190bc2c66990e3d2907773d
TR-25545,Aug 08 2024,2024-08-01,JUR,1000130,DESPESA,"R$ 5.083,25",5083,BRL,Campanha institucional - JUR,4,BOLETO,PAGO,0b17011a-db1a-4f81-b66c-d44d1104daa1,2024-09-05,ERP_CORPORATIVO,TRANSACOES_FINANCEIRAS,25545,da8ea0edb4ed9af52ceaa7a24b38e4ffc67ae4ac9bc02325bfd7541ad2652ea6
TR-25546,08-16-2024,2024-08-01,PRD,1000130,DESPESA,3.513,3446,USD,Despesa de RH - PRD,6,BOLETO,PAGO,0b17011a-db1a-4f81-b66c-d44d1104daa1,2024-09-05,ERP_CORPORATIVO,TRANSACOES_FINANCEIRAS,25546,242a6d648ded416edcbc14fb3388e6784ab76ea1dac64e88018e98cf7d733d68
TR-25547,02/08/24,2024-08-01,PRD,1000130,DESPESA,3322,3187,BRL,Seguro contratado pela área PRD,21,PIX,PAGO,0b17011a-db1a-4f81-b66c-d44d1104daa1,2024-09-05,ERP_CORPORATIVO,TRANSACOES_FINANCEIRAS,25547,fb585c8f5cc9bb715f9ae67457b85ffbdcdb1aeb2f355fa295eefe2e43def3be
TR-25548,16-08-2024,2024-08-01,CPT,1000130,DESPESA,"3.682,18",3.525,BRL,Devolução de venda processada por CPT,39,PIX,PAGO,0b17011a-db1a-4f81-b66c-d44d1104daa1,2024-09-05,ERP_CORPORATIVO,TRANSACOES_FINANCEIRAS,25548,cdb50d4697c736d678cf48c30404d91ce3d682d3823f73e2af020436a5006358
TR-25549,2024/08/05,2024-08-01,PJT,1000130,DESPESA,"R$ 3.740,41",3740.41,BRL,Custo operacional associado a PJT,8,TRANSFERENCIA,PAGO,0b17011a-db1a-4f81-b66c-d44d1104daa1,2024-09-05,ERP_CORPORATIVO,TRANSACOES_FINANCEIRAS,25549,3fa85ae5ccb7ac6e26d8533eb74cd6c5ccbb27757fef09a640b08fc444be6279
TR-25550,2024/08/02,2024-08-01,FIN,1000130,DESPESA,"R$ 4.088,57",4088.57,BRL,Contrato de serviço - setor FIN,1,PIX,PAGO,0b17011a-db1a-4f81-b66c-d44d1104daa1,2024-09-05,ERP_CORPORATIVO,TRANSACOES_FINANCEIRAS,25550,26e069443ce0c027eb5e4c08192ef073525590b4a0ba0f67213a0d2954adde57
TR-25551,08-16-2024,2024-08-01,OP,1000130,DESPESA,3067.95,"R$ 3.067,95",BRL,Imposto sobre venda apurado em OP,40,TED,PAGO,0b17011a-db1a-4f81-b66c-d44d1104daa1,2024-09-05,ERP_CORPORATIVO,TRANSACOES_FINANCEIRAS,25551,46377beec526f7ff9142850102a2ce4653b279d5572c1fc469c46c189d801d95
TR-25552,Aug 12 2024,2024-08-01,RH,1000130,DESPESA,3177.94,3178,BRL,Compra de insumos para setor RH,2,TED,PAGO,0b17011a-db1a-4f81-b66c-d44d1104daa1,2024-09-05,ERP_CORPORATIVO,TRANSACOES_FINANCEIRAS,25552,6f70112e40b53716c4729163bed4d9a3650026e72d9f269c6087a070f82718ea
TR-25553,16-08-2024,2024-08-01,FIN,1000130,DESPESA,3.467,3.467,BRL,Campanha institucional - FIN,4,PIX,PAGO,0b17011a-db1a-4f81-b66c-d44d1104daa1,2024-09-05,ERP_CORPORATIVO,TRANSACOES_FINANCEIRAS,25553,ab0ea7b776e118c30e3820e9e0dddbef36edff623ffb9c20cf0a2020df1671fd
TR-25554,19/08/24,2024-08-01,ESG,1000130,DESPESA,"3.972,48","R$3795,77",BRL,Licenciamento de software - ESG,5,PIX,ATRASADO,0b17011a-db1a-4f81-b66c-d44d1104daa1,2024-09-05,ERP_CORPORATIVO,TRANSACOES_FINANCEIRAS,25554,f616d92244a75bff4e791163ecbab6dcac498e2dfba53d1c2e101c443fd3d17e
TR-25555,15-08-2024,2024-08-01,FIN,1000130,RECEITA,"3.604,22","R$3530,16",BRL,Prestação de serviço para área FIN,1,TRANSFERENCIA,CANCELADO,0b17011a-db1a-4f81-b66c-d44d1104daa1,2024-09-05,ERP_CORPORATIVO,TRANSACOES_FINANCEIRAS,25555,64bb2831dc87e880187052e7492cc1f0ceae750091e13771c6ca17535e08cec7
TR-25906,Aug 20 2024,2024-08-01,MKT,1000132,RECEITA,"R$ 752,38","R$752,38",BRL,Abatimento comercial registrado em MKT,38,TED,ATRASADO,0b17011a-db1a-4f81-b66c-d44d1104daa1,2024-09-05,ERP_CORPORATIVO,TRANSACOES_FINANCEIRAS,25906,43b3f4f63f6af25914fa203813bccef49256f62480a915aa94b3ca17631f276b
TR-25907,20/08/24,2024-08-01,ATD,1000132,DESPESA,2.674,"2.674,46",BRL,Contrato de serviço - setor ATD,1,BOLETO,PAGO,0b17011a-db1a-4f81-b66c-d44d1104daa1,2024-09-05,ERP_CORPORATIVO,TRANSACOES_FINANCEIRAS,25907,6381d9f67c082c60a47d86c094c711801dc835203e3d0ebe007396250c2e598f
TR-25908,21/08/24,2024-08-01,COMP,1000132,DESPESA,823.30,823,BRL,Investimento em marketing corporativo (COMP),4,CARTAO,PAGO,0b17011a-db1a-4f81-b66c-d44d1104daa1,2024-09-05,ERP_CORPORATIVO,TRANSACOES_FINANCEIRAS,25908,8ad8947ec9207232b922e53afe0a229fabf1ef59d0074951eb511550cfcb1235
TR-25909,12/08/2024,2024-08-01,ESG,1000132,RECEITA,754.08,740,BRL,Atendimento de TI requisitado por ESG,29,CARTAO,PAGO,0b17011a-db1a-4f81-b66c-d44d1104daa1,2024-09-05,ERP_CORPORATIVO,TRANSACOES_FINANCEIRAS,25909,b42248a843283d16a0287d728742a379bdb99822ffdfe929ab01dc3409cd238f
TR-25910,12/08/2024,2024-08-01,OP,1000132,DESPESA,633.46,"633,46",BRL,Reparo e conservação de instalações - OP,10,TED,PAGO,0b17011a-db1a-4f81-b66c-d44d1104daa1,2024-09-05,ERP_CORPORATIVO,TRANSACOES_FINANCEIRAS,25910,2b7bf4f11abb93cee9e1045cebeb0b4c48bbbd7170626cb0b32114fc4fa0224a
TR-25911,2024/08/20,2024-08-01,TI,1000132,DESPESA,"723,42",723,BRL,Receita eventual registrada em TI,37,PIX,PAGO,0b17011a-db1a-4f81-b66c-d44d1104daa1,2024-09-05,ERP_CORPORATIVO,TRANSACOES_FINANCEIRAS,25911,f94cdfce3ed0b257a50aa614b19598ac703b5102066506f3ed60f009a62161e6
TR-25912,19/08/2024,2024-08-01,TI,1000132,DESPESA,811,"R$ 811,10",BRL,Material de marketing solicitado por TI,15,TED,CANCELADO,0b17011a-db1a-4f81-b66c-d44d1104daa1,2024-09-05,ERP_CORPORATIVO,TRANSACOES_FINANCEIRAS,25912,7bbc1a747b913d104890ebe77f472071d7abcbdf9054b0beb82df53124499455
TR-25913,09/08/24,2024-08-01,SEC,1000132,DESPESA,856,"856,05",USD,Manutenção estrutural vinculada à área SEC,3,PIX,PAGO,0b17011a-db1a-4f81-b66c-d44d1104daa1,2024-09-05,ERP_CORPORATIVO,TRANSACOES_FINANCEIRAS,25913,32c9f8cd37aff320e6172d74d302c1f89e9aeb9db73f7c7bf9d3bbb00e60cdad
TR-25914,08/08/2024,2024-08-01,CPT,1000132,RECEITA,738,738,BRL,Custo operacional associado a CPT,8,TRANSFERENCIA,PAGO,0b17011a-db1a-4f81-b66c-d44d1104daa1,2024-09-05,ERP_CORPORATIVO,TRANSACOES_FINANCEIRAS,25914,ea58d9161592d723837810e3876922a1e8a9809b6e568f93125d2b836bec4079
TR-25915,2024/08/06,2024-08-01,TI,1000132,DESPESA,"R$ 896,40","R$ 896,40",BRL,Honorários profissionais contratados por TI,11,PIX,PAGO,0b17011a-db1a-4f81-b66c-d44d1104daa1,2024-09-05,ERP_CORPORATIVO,TRANSACOES_FINANCEIRAS,25915,8fcde547758f0bcf0243417da03f0d91ba0e29004489479cc645d53275717c86
TR-25916,Aug 12 2024,2024-08-01,COM,1000132,DESPESA,909.88,893,BRL,Despesa de RH - COM,6,PIX,CANCELADO,0b17011a-db1a-4f81-b66c-d44d1104daa1,2024-09-05,ERP_CORPORATIVO,TRANSACOES_FINANCEIRAS,25916,319b929bd90cd8ca53ed4eeb58d8b5600561961c62008a44ef66a4d36a0b74c1
TR-25917,08-19-2024,2024-08-01,OP,1000132,RECEITA,840.30,840,BRL,Compra de insumos para setor OP,2,TRANSFERENCIA,PAGO,0b17011a-db1a-4f81-b66c-d44d1104daa1,2024-09-05,ERP_CORPORATIVO,TRANSACOES_FINANCEIRAS,25917,5d9ee437f687851326231d1d9e52e6cc636047eac060555cb14186185486ea79
TR-25918,2024-08-23,2024-08-01,TI,1000132,DESPESA,"699,48","R$675,28",BRL,Abastecimento de veículos - TI,16,BOLETO,ATRASADO,0b17011a-db1a-4f81-b66c-d44d1104daa1,2024-09-05,ERP_CORPORATIVO,TRANSACOES_FINANCEIRAS,25918,4d679cca5988a9e45c046d2dc5e6c1020c6c873417bfd81a155607f17027e43d
TR-26267,08-23-2024,2024-08-01,PRD,1000133,DESPESA,2326,2325.71,BRL,Honorários jurídicos - PRD,7,TED,ATRASADO,0b17011a-db1a-4f81-b66c-d44d1104daa1,2024-09-05,ERP_CORPORATIVO,TRANSACOES_FINANCEIRAS,26267,a659dde51acb73cf8cf63dcc2f9e368b022b0106ec7edc54b2c9ce5b29f87e60
TR-26268,16/08/2024,2024-08-01,COM,1000133,DESPESA,"R$ 2.305,17",2305.17,BRL,Prestação de serviço para área COM,1,TRANSFERENCIA,PAGO,0b17011a-db1a-4f81-b66c-d44d1104daa1,2024-09-05,ERP_CORPORATIVO,TRANSACOES_FINANCEIRAS,26268,5ee5b4f4e6341dcc6989d7a26c62cfb63d6e6c7d7cb1848eca5a5838f0ac053f
TR-26269,2024-08-09,2024-08-01,RH,1000133,DESPESA,"2.532,38",2532,BRL,Seguro contratado pela área RH,21,TED,PAGO,0b17011a-db1a-4f81-b66c-d44d1104daa1,2024-09-05,ERP_CORPORATIVO,TRANSACOES_FINANCEIRAS,26269,86148ff99b1dab3a1b447cbe9ad67f03f2159d2fe9fadd9ff12a02d0e6049495
TR-26270,05/08/2024,2024-08-01,FIN,1000133,RECEITA,2132.05,2044,BRL,Manutenção estrutural vinculada à área FIN,3,BOLETO,ATRASADO,0b17011a-db1a-4f81-b66c-d44d1104daa1,2024-09-05,ERP_CORPORATIVO,TRANSACOES_FINANCEIRAS,26270,86e1b615b3717c433c91a10a2e82c25d3ebe72b06559ba75606e4e989b59a4de
TR-26271,2024-08-23,2024-08-01,COMP,1000133,DESPESA,2623,2623,BRL,Custo operacional associado a COMP,8,PIX,PAGO,0b17011a-db1a-4f81-b66c-d44d1104daa1,2024-09-05,ERP_CORPORATIVO,TRANSACOES_FINANCEIRAS,26271,8133916c4e95ceae483c87fb20a49ff22afbce51663ed021631e0981e6556e30
TR-26272,2024-08-26,2024-08-01,ADM,1000133,DESPESA,2179.59,2.146,BRL,Recebimento de subvenção - ADM,36,PIX,PAGO,0b17011a-db1a-4f81-b66c-d44d1104daa1,2024-09-05,ERP_CORPORATIVO,TRANSACOES_FINANCEIRAS,26272,f8a622a57aa1aa10926321a177f49bc2675304e384a9772a0b42e5de8817df3a
TR-26273,2024-08-26,2024-08-01,OP,1000133,RECEITA,"R$2364,83",2364.83,BRL,Contrato de serviço - setor OP,1,BOLETO,PAGO,0b17011a-db1a-4f81-b66c-d44d1104daa1,2024-09-05,ERP_CORPORATIVO,TRANSACOES_FINANCEIRAS,26273,482bfd54bb10b37d261c92a0a94bf7573d32608f381d1a1eb419871e768e6a02
TR-26274,2024-08-20,2024-08-01,COMP,1000133,DESPESA,"2.221,53",2.222,USD,Honorarium advocatício - COMP,24,PIX,PAGO,0b17011a-db1a-4f81-b66c-d44d1104daa1,2024-09-05,ERP_CORPORATIVO,TRANSACOES_FINANCEIRAS,26274,3e3e3bf1302f7f05bf695caf7ad2ea95cf1d64f896fc5e0f29d84a8e5368ff73
TR-26275,Aug 12 2024,2024-08-01,ADM,1000133,RECEITA,2409,"R$ 2.356,51",BRL,Licenciamento de software - ADM,5,TED,PAGO,0b17011a-db1a-4f81-b66c-d44d1104daa1,2024-09-05,ERP_CORPORATIVO,TRANSACOES_FINANCEIRAS,26275,edd9b56b8010fe61c6fe32de7ce71c8fcee8ba5c6f546f2d57b46e030f022886
TR-26276,2024/08/19,2024-08-01,LOG,1000133,DESPESA,2049,"R$ 1.974,74",BRL,Custo operacional associado a LOG,8,PIX,ATRASADO,0b17011a-db1a-4f81-b66c-d44d1104daa1,2024-09-05,ERP_CORPORATIVO,TRANSACOES_FINANCEIRAS,26276,4b5b10f77d6ad1e165d1c42a35ee8dceea55aa6f7d97327af4490138769853d0
TR-26277,Aug 15 2024,2024-08-01,FIN,1000133,RECEITA,2289.30,2242,BRL,Alienação de bem patrimonial - FIN,35,CARTAO,PAGO,0b17011a-db1a-4f81-b66c-d44d1104daa1,2024-09-05,ERP_CORPORATIVO,TRANSACOES_FINANCEIRAS,26277,13bcbaf274ff200bae86a6a6d7907cc8cbdef919efa75539462cbfc48424baca
TR-26278,2024-08-22,2024-08-01,MKT,1000133,RECEITA,2269.04,"R$ 2.269,04",BRL,Despesa de infraestrutura - MKT,3,PIX,PAGO,0b17011a-db1a-4f81-b66c-d44d1104daa1,2024-09-05,ERP_CORPORATIVO,TRANSACOES_FINANCEIRAS,26278,53ef00e679365cf69780682179661deac06fab17a17c73b3455a56bc1ce37cc8
TR-26279,19/08/2024,2024-08-01,CPT,1000133,DESPESA,2366,2339.06,BRL,Compra de insumos para setor CPT,2,PIX,PAGO,0b17011a-db1a-4f81-b66c-d44d1104daa1,2024-09-05,ERP_CORPORATIVO,TRANSACOES_FINANCEIRAS,26279,4ca89e123a635c93c86d9d0efc7abf876da345528485d7fc4113ee1a5a6ac528
TR-26486,16/08/24,2024-08-01,CTB,1000134,RECEITA,"R$ 1.173,78",1173.78,BRL,Alienação de bem patrimonial - CTB,35,BOLETO,PAGO,0b17011a-db1a-4f81-b66c-d44d1104daa1,2024-09-05,ERP_CORPORATIVO,TRANSACOES_FINANCEIRAS,26486,b368d04cf69cd0da3a97f1e25a2c8cc6dece5f5f19f9df92e82a32eab13949f7
TR-26487,12-08-2024,2024-08-01,OP,1000134,DESPESA,"4.559,61","R$ 4.528,69",BRL,Despesa de infraestrutura - OP,3,BOLETO,PAGO,0b17011a-db1a-4f81-b66c-d44d1104daa1,2024-09-05,ERP_CORPORATIVO,TRANSACOES_FINANCEIRAS,26487,220b15ba948fc90903621fb7373f2b872910f31dfc5c48a34a05b6571a7cc1c1
TR-26488,12/08/24,2024-08-01,CPT,1000134,DESPESA,"R$ 990,06","R$990,06",BRL,Compra de insumos para setor CPT,2,TRANSFERENCIA,ATRASADO,0b17011a-db1a-4f81-b66c-d44d1104daa1,2024-09-05,ERP_CORPORATIVO,TRANSACOES_FINANCEIRAS,26488,393881a982abca16a5539eabd1c6b97e219550f4f79cfefc5c859677e1baae1a
TR-26489,Aug 15 2024,2024-08-01,FIN,1000134,DESPESA,1082.19,"R$1082,19",BRL,Aquisição de material operacional - FIN,2,PIX,PAGO,0b17011a-db1a-4f81-b66c-d44d1104daa1,2024-09-05,ERP_CORPORATIVO,TRANSACOES_FINANCEIRAS,26489,c7bd13805977fb14564bd32048b8e7cf5e7c6521c9bfa61a66ccc96fb911b286
TR-26490,2024/08/19,2024-08-01,OP,1000134,RECEITA,"R$1153,08","1.153,08",BRL,Contrato de SaaS vinculado a OP,27,PIX,PAGO,0b17011a-db1a-4f81-b66c-d44d1104daa1,2024-09-05,ERP_CORPORATIVO,TRANSACOES_FINANCEIRAS,26490,527b617cd9cc9dd6f9528b4e73d85de2ba6fb175597f32554411f6836e7ddd86
TR-26491,08-13-2024,2024-08-01,OP,1000134,RECEITA,"R$ 1.320,26","1.320,26",BRL,Desconto concedido em operação de OP,38,BOLETO,PAGO,0b17011a-db1a-4f81-b66c-d44d1104daa1,2024-09-05,ERP_CORPORATIVO,TRANSACOES_FINANCEIRAS,26491,0b4902b05a8a77038dfa5d82ba3501767b983659cddc26ea0076576c07dc1e12
TR-26492,26/08/24,2024-08-01,RH,1000134,DESPESA,"3.675,79",3676,BRL,Alienação de bem patrimonial - RH,35,PIX,PAGO,0b17011a-db1a-4f81-b66c-d44d1104daa1,2024-09-05,ERP_CORPORATIVO,TRANSACOES_FINANCEIRAS,26492,1f6dec84ed2d68dbdaf829e9787db4e0548b936df8615f47baafb2d46ee0efbd
TR-26493,Aug 08 2024,2024-08-01,JUR,1000134,DESPESA,1310.19,"R$1247,93",BRL,Serviço de tecnologia contratado por JUR,5,CARTAO,PAGO,0b17011a-db1a-4f81-b66c-d44d1104daa1,2024-09-05,ERP_CORPORATIVO,TRANSACOES_FINANCEIRAS,26493,6da7d4c6cae0c48ee3e024f53daad4d1bd45616eb06abe1aec5720e7e7ca0605
TR-26494,2024-08-12,2024-08-01,PRD,1000134,RECEITA,"R$1001,16","1.001,16",BRL,Compra de insumos para setor PRD,2,TRANSFERENCIA,PAGO,0b17011a-db1a-4f81-b66c-d44d1104daa1,2024-09-05,ERP_CORPORATIVO,TRANSACOES_FINANCEIRAS,26494,db3401914a59dbdd08d4bf0ae2da57da7220ceccfd8776aa5ae77fe1efb8da11
TR-26495,20/08/24,2024-08-01,OP,1000134,DESPESA,"1.334,06",1334.06,BRL,Prestação de serviço para área OP,1,BOLETO,ATRASADO,0b17011a-db1a-4f81-b66c-d44d1104daa1,2024-09-05,ERP_CORPORATIVO,TRANSACOES_FINANCEIRAS,26495,e4039f4dcc3ae4a5adca4f349b0cecd00c7787443d2a50e07639889f7a5d2515
TR-26496,2024-08-19,2024-08-01,OP,1000134,DESPESA,"2.583,82",2533,BRL,Contrato de serviço - setor OP,1,PIX,ATRASADO,0b17011a-db1a-4f81-b66c-d44d1104daa1,2024-09-05,ERP_CORPORATIVO,TRANSACOES_FINANCEIRAS,26496,3a785038cb885ffa4df39cedacffaa2c78ca8617bec1721870ee7565ad9958ff
TR-26497,2024/08/07,2024-08-01,OP,1000134,DESPESA,1068,"1.017,47",BRL,Produção de material gráfico - OP,15,TED,PAGO,0b17011a-db1a-4f81-b66c-d44d1104daa1,2024-09-05,ERP_CORPORATIVO,TRANSACOES_FINANCEIRAS,26497,3f8c88691d1781fc3b7bc380a7303e4b0b079b6bb5386aa2bf05aea56bc280a2
TR-26771,08-06-2024,2024-08-01,COM,FORN-00136,RECEITA,1447,"1.447,30",BRL,Contrato de serviço - setor COM,1,TED,CANCELADO,0b17011a-db1a-4f81-b66c-d44d1104daa1,2024-09-05,ERP_CORPORATIVO,TRANSACOES_FINANCEIRAS,26771,0a62a077acd3d3be6e1cd91b3fe88aabfaa6fdab01e4cb854b7e78511290e5a1
TR-26772,2024-08-19,2024-08-01,CPT,FORN-00136,DESPESA,1540.04,1540.04,BRL,Serviço especializado solicitado por CPT,1,TRANSFERENCIA,PAGO,0b17011a-db1a-4f81-b66c-d44d1104daa1,2024-09-05,ERP_CORPORATIVO,TRANSACOES_FINANCEIRAS,26772,03f88618ad4818ff5b44329237d8f8d0e3ae032c31941bf10cd56401edb86779
TR-26773,08-19-2024,2024-08-01,COM,FORN-00136,DESPESA,1366.43,1.366,BRL,Compra de insumos para setor COM,2,TRANSFERENCIA,PAGO,0b17011a-db1a-4f81-b66c-d44d1104daa1,2024-09-05,ERP_CORPORATIVO,TRANSACOES_FINANCEIRAS,26773,d90a307dbb090562ae1a5e4bdecd282db1398e875ec36ad9388a3f4e5ca4a2c8
TR-26774,08-13-2024,2024-08-01,COMP,FORN-00136,RECEITA,1.283,1.283,BRL,Receita eventual registrada em COMP,37,BOLETO,PAGO,0b17011a-db1a-4f81-b66c-d44d1104daa1,2024-09-05,ERP_CORPORATIVO,TRANSACOES_FINANCEIRAS,26774,7ae20ab488fdb83180efc18faf00ba941c723c3e54d9867e03b0b63889e0209c
TR-26775,2024/08/21,2024-08-01,CTB,FORN-00136,RECEITA,1.562,1561.88,BRL,Custo operacional associado a CTB,8,PIX,PAGO,0b17011a-db1a-4f81-b66c-d44d1104daa1,2024-09-05,ERP_CORPORATIVO,TRANSACOES_FINANCEIRAS,26775,6c9872d8c6b3858bf2cf519ffc65c4e5ff67e68baf68c5bafe280c23bd879327
TR-26776,23-08-2024,2024-08-01,ESG,FORN-00136,DESPESA,"R$1638,35","R$ 1.638,35",USD,Receita de comissão comercial - ESG,33,BOLETO,PAGO,0b17011a-db1a-4f81-b66c-d44d1104daa1,2024-09-05,ERP_CORPORATIVO,TRANSACOES_FINANCEIRAS,26776,cb0000953106bcf506da062e9f493f5f89ba3d0f292f34d9a50ecdb0f949c188
TR-26777,12/08/24,2024-08-01,LOG,FORN-00136,RECEITA,1.239,1.239,BRL,Prestação de serviço para área LOG,1,CARTAO,PAGO,0b17011a-db1a-4f81-b66c-d44d1104daa1,2024-09-05,ERP_CORPORATIVO,TRANSACOES_FINANCEIRAS,26777,9dad6df731e40de558357e631854389a9c15d31e50cc97528d5c39fe006c3d1d
TR-26778,2024-08-22,2024-08-01,COMP,FORN-00136,DESPESA,"R$1486,75","1.446,81",BRL,Despesa de infraestrutura - COMP,3,PIX,CANCELADO,0b17011a-db1a-4f81-b66c-d44d1104daa1,2024-09-05,ERP_CORPORATIVO,TRANSACOES_FINANCEIRAS,26778,9cfd51d698d1bb2cdef28ae4de2ba6c4453c7aa87fb0b79710ede95712c2c0b3
TR-26779,08-21-2024,2024-08-01,CTB,FORN-00136,DESPESA,"1.566,66",1567,BRL,Honorários profissionais contratados por CTB,11,TED,PAGO,0b17011a-db1a-4f81-b66c-d44d1104daa1,2024-09-05,ERP_CORPORATIVO,TRANSACOES_FINANCEIRAS,26779,3e6060d7e02d7f44621e0b2ad9de1742224bd209b3f8d0b5760aa9f5b217902f
TR-26780,14/08/24,2024-08-01,JUR,FORN-00136,RECEITA,1544.44,1495,BRL,Tarifas de serviços financeiros - JUR,22,PIX,PAGO,0b17011a-db1a-4f81-b66c-d44d1104daa1,2024-09-05,ERP_CORPORATIVO,TRANSACOES_FINANCEIRAS,26780,1fe49d8f5d26fd2cb08810a2341f2e47567bcf7f45f023e2083ae6c0c148e808
TR-26781,13/08/2024,2024-08-01,ADM,FORN-00136,RECEITA,"1.414,41",1414.41,BRL,Serviço especializado solicitado por ADM,1,BOLETO,PAGO,0b17011a-db1a-4f81-b66c-d44d1104daa1,2024-09-05,ERP_CORPORATIVO,TRANSACOES_FINANCEIRAS,26781,fb6ab5f5b982fe8f9432dbc24e616ec0d1b4382b97ae4df2bd7892049c657300
TR-26782,Aug 27 2024,2024-08-01,RH,FORN-00136,DESPESA,1507.54,"1.507,54",BRL,Compra de insumos para setor RH,2,TED,PAGO,0b17011a-db1a-4f81-b66c-d44d1104daa1,2024-09-05,ERP_CORPORATIVO,TRANSACOES_FINANCEIRAS,26782,a405a6877195a363b555749aa77a1abe5ed4d0897fb37f6c7629f2be5e827741
TR-26783,14/08/2024,2024-08-01,TI,FORN-00136,DESPESA,"R$ 1.646,02",1.646,BRL,Investimento em marketing corporativo (TI),4,BOLETO,PAGO,0b17011a-db1a-4f81-b66c-d44d1104daa1,2024-09-05,ERP_CORPORATIVO,TRANSACOES_FINANCEIRAS,26783,4dbbe6f892a77ae83c2749c1adcaa9418cbba11d0e07e12838010d74811b133e
TR-26784,12-08-2024,2024-08-01,CTB,FORN-00136,DESPESA,1377,"R$1376,77",BRL,Estorno de receita - CTB,39,BOLETO,CANCELADO,0b17011a-db1a-4f81-b66c-d44d1104daa1,2024-09-05,ERP_CORPORATIVO,TRANSACOES_FINANCEIRAS,26784,253a5d205ee56407c8eb2a89236a7d735fa05a3b0950abf6b7dbba185c88bb11
TR-26785,2024-08-19,2024-08-01,QAS,FORN-00136,DESPESA,"R$ 1.752,79",1752.79,BRL,Material de marketing solicitado por QAS,15,PIX,PAGO,0b17011a-db1a-4f81-b66c-d44d1104daa1,2024-09-05,ERP_CORPORATIVO,TRANSACOES_FINANCEIRAS,26785,dcee32f158b1a79c30e794d2216e6cc67a36944c211bf4fd92ad95bf6d4ade09
TR-26786,Aug 23 2024,2024-08-01,ADM,FORN-00136,DESPESA,1305.95,1283.41,BRL,Juros sobre operação financeira - ADM,23,TRANSFERENCIA,PAGO,0b17011a-db1a-4f81-b66c-d44d1104daa1,2024-09-05,ERP_CORPORATIVO,TRANSACOES_FINANCEIRAS,26786,9f01e38b6927eeb30d00b1ea78b818a6b6d1353e7fda2e415e3b99e54cf2aa8e
TR-26787,Aug 19 2024,2024-08-01,CTB,FORN-00136,DESPESA,"1.641,32","R$1641,32",BRL,Despesa de infraestrutura - CTB,3,BOLETO,PAGO,0b17011a-db1a-4f81-b66c-d44d1104daa1,2024-09-05,ERP_CORPORATIVO,TRANSACOES_FINANCEIRAS,26787,93a050d6ec1042c35725dd9a20aa71c6fa7966eb3dae37baeb203a8783bda2db
TR-27313,Aug 05 2024,2024-08-01,RH,FORN-00138,RECEITA,1467.89,1468,EUR,Custo operacional associado a RH,8,PIX,PAGO,0b17011a-db1a-4f81-b66c-d44d1104daa1,2024-09-05,ERP_CORPORATIVO,TRANSACOES_FINANCEIRAS,27313,97948c1ce6761428d411d26fa227467ac35cb9eb9c1ddb880533e7fc00c570b3
TR-27314,12-08-2024,2024-08-01,CPT,FORN-00138,RECEITA,"1.358,28","R$ 1.358,28",BRL,Contrato de serviço - setor CPT,1,TRANSFERENCIA,PAGO,0b17011a-db1a-4f81-b66c-d44d1104daa1,2024-09-05,ERP_CORPORATIVO,TRANSACOES_FINANCEIRAS,27314,ef8757af18691e99697bdf08c0f0d5b9f07a63efabc642bcdcb1821727b23160
TR-27315,09/08/24,2024-08-01,RH,FORN-00138,RECEITA,1.425,1424.89,BRL,Atendimento de TI requisitado por RH,29,TED,PAGO,0b17011a-db1a-4f81-b66c-d44d1104daa1,2024-09-05,ERP_CORPORATIVO,TRANSACOES_FINANCEIRAS,27315,5e6edc4569f272b35261b24e61bd07e7a98050645b90c89456310c791d005ced
TR-27316,19-08-2024,2024-08-01,COMP,FORN-00138,RECEITA,1.562,1562.27,BRL,Despesa operacional - COMP,8,TRANSFERENCIA,PAGO,0b17011a-db1a-4f81-b66c-d44d1104daa1,2024-09-05,ERP_CORPORATIVO,TRANSACOES_FINANCEIRAS,27316,1d70d247d507f22510cf70cc227769b68a57590480fb680b272e510fc5960b73
TR-27317,12/08/2024,2024-08-01,RH,FORN-00138,DESPESA,1410,"R$1386,45",BRL,Campanha institucional - RH,4,PIX,PAGO,0b17011a-db1a-4f81-b66c-d44d1104daa1,2024-09-05,ERP_CORPORATIVO,TRANSACOES_FINANCEIRAS,27317,07f790823d63901823cababb40a11c6e060ca64d6a64733740f0615e4520d4b3
TR-27318,Aug 15 2024,2024-08-01,LOG,FORN-00138,DESPESA,"1.310,49",1279.07,BRL,Honorários jurídicos - LOG,7,TED,CANCELADO,0b17011a-db1a-4f81-b66c-d44d1104daa1,2024-09-05,ERP_CORPORATIVO,TRANSACOES_FINANCEIRAS,27318,e0d8d54891229fc757bc7404c0f27c2e7132f431ff791bc4bbe13ea8849e0f07
TR-27319,08-08-2024,2024-08-01,CPT,FORN-00138,RECEITA,1636.47,"R$ 1.636,47",BRL,Despesa operacional - CPT,8,PIX,PAGO,0b17011a-db1a-4f81-b66c-d44d1104daa1,2024-09-05,ERP_CORPORATIVO,TRANSACOES_FINANCEIRAS,27319,ee594be3649f17b11b0074f680a6f1c833db54b299f2525219df39370477994a
TR-27320,12/08/24,2024-08-01,ATD,FORN-00138,DESPESA,1312,1312,BRL,Manutenção preventiva de veículos - ATD,17,TRANSFERENCIA,PAGO,0b17011a-db1a-4f81-b66c-d44d1104daa1,2024-09-05,ERP_CORPORATIVO,TRANSACOES_FINANCEIRAS,27320,041cab585aab22c247ea16f1b01ac8e564bcc9b1fb4f61b6ec40fd183e23e954
TR-27321,08-20-2024,2024-08-01,RH,FORN-00138,RECEITA,1491,1491,BRL,Receita extraordinária - RH,37,TED,ATRASADO,0b17011a-db1a-4f81-b66c-d44d1104daa1,2024-09-05,ERP_CORPORATIVO,TRANSACOES_FINANCEIRAS,27321,a8fc22e05dc14e1a0ab0d12ec086950e989a12d7291da85ed4f68989e9b1e45a
TR-27322,2024-08-14,2024-08-01,QAS,FORN-00138,DESPESA,1.201,1.201,USD,Contrato de SaaS vinculado a QAS,27,BOLETO,PAGO,0b17011a-db1a-4f81-b66c-d44d1104daa1,2024-09-05,ERP_CORPORATIVO,TRANSACOES_FINANCEIRAS,27322,ad6bedbd736dd5498e7cdcac69a274882a02c198b1d88b33fe5318e532048f1f
TR-27323,2024/08/30,2024-08-01,MKT,FORN-00138,DESPESA,1.585,1585,BRL,Honorarium advocatício - MKT,24,TRANSFERENCIA,PAGO,0b17011a-db1a-4f81-b66c-d44d1104daa1,2024-09-05,ERP_CORPORATIVO,TRANSACOES_FINANCEIRAS,27323,6bd5b3c6a0fb1532476fffdf5d587a2252e6c26fbc150c9af972f14cdd322784
TR-27450,2024-08-16,2024-08-01,COMP,1000138,DESPESA,3927,"R$ 3.927,50",BRL,Investimento em marketing corporativo (COMP),4,TED,PAGO,0b17011a-db1a-4f81-b66c-d44d1104daa1,2024-09-05,ERP_CORPORATIVO,TRANSACOES_FINANCEIRAS,27450,cab8ccaca1c624aebc1341a78e46ba1fc9972a8960fb6e59e854f8e7eea89cbc
TR-27451,13/08/2024,2024-08-01,COM,1000138,RECEITA,4134,"R$ 4.087,43",BRL,Doação recebida em favor de COM,36,PIX,PAGO,0b17011a-db1a-4f81-b66c-d44d1104daa1,2024-09-05,ERP_CORPORATIVO,TRANSACOES_FINANCEIRAS,27451,022d9ffdbbd9cb2d4b6096c20df4531298c6e8cf17b6252e0e0a835df543bff9
TR-27452,15/08/2024,2024-08-01,TI,1000138,DESPESA,3.656,3656,BRL,Serviços contábeis externos - TI,25,PIX,PAGO,0b17011a-db1a-4f81-b66c-d44d1104daa1,2024-09-05,ERP_CORPORATIVO,TRANSACOES_FINANCEIRAS,27452,d6bccc1ae6ba4d6fd5c5307fe6f753d42515abaf7b389478e30f396b9bacebb7
TR-27453,09/08/2024,2024-08-01,OP,1000138,RECEITA,3487,3487,BRL,Imposto sobre venda apurado em OP,40,TED,PAGO,0b17011a-db1a-4f81-b66c-d44d1104daa1,2024-09-05,ERP_CORPORATIVO,TRANSACOES_FINANCEIRAS,27453,cf147e632c6db053c0913a3ca7a9845a59a2d19f013ebb2cf24d3d84d1d08eed
TR-27454,2024/08/21,2024-08-01,COM,1000138,DESPESA,4159.04,4159,BRL,Contrato de consultoria externa - COM,12,TED,PAGO,0b17011a-db1a-4f81-b66c-d44d1104daa1,2024-09-05,ERP_CORPORATIVO,TRANSACOES_FINANCEIRAS,27454,7451f7591ca3df02df071971655ae6fdf8a029bf77b225eeedc28a8b69321906
TR-27455,2024/08/07,2024-08-01,COM,1000138,RECEITA,"R$3540,73",3.541,BRL,Despesa operacional - COM,8,PIX,CANCELADO,0b17011a-db1a-4f81-b66c-d44d1104daa1,2024-09-05,ERP_CORPORATIVO,TRANSACOES_FINANCEIRAS,27455,a1438718b31fdccd3cdd0a83e2420b72270f74c13a1fb81b06ec3b7045a82510
TR-27456,05/08/24,2024-08-01,MKT,1000138,RECEITA,"3.795,28","3.795,28",BRL,Diária de hotel para equipe MKT,19,TRANSFERENCIA,PAGO,0b17011a-db1a-4f81-b66c-d44d1104daa1,2024-09-05,ERP_CORPORATIVO,TRANSACOES_FINANCEIRAS,27456,c910199abfd98cc190557a4dcfa4c16db802c585e6cedb7c2884f9c9a6fecc07
TR-27721,20-08-2024,2024-08-01,RH,ACC-00140,RECEITA,5248.55,5097.83,BRL,Aquisição de material operacional - RH,2,PIX,ATRASADO,0b17011a-db1a-4f81-b66c-d44d1104daa1,2024-09-05,ERP_CORPORATIVO,TRANSACOES_FINANCEIRAS,27721,cad198ddaff9b51c6c008b1994cd5921b97269607eb88369cee647990c34f1da
TR-27722,13/08/2024,2024-08-01,PES,ACC-00140,DESPESA,2421,2421.35,BRL,Alimentação em viagem corporativa - PES,20,BOLETO,PAGO,0b17011a-db1a-4f81-b66c-d44d1104daa1,2024-09-05,ERP_CORPORATIVO,TRANSACOES_FINANCEIRAS,27722,40e504bbdd2889d14e707c8857f7b93e80da4f5ee6393840c751c4c0a7b9069d
TR-27723,22/08/2024,2024-08-01,COM,ACC-00140,RECEITA,2.689,"R$ 2.617,59",BRL,Serviço de tecnologia contratado por COM,5,PIX,PAGO,0b17011a-db1a-4f81-b66c-d44d1104daa1,2024-09-05,ERP_CORPORATIVO,TRANSACOES_FINANCEIRAS,27723,c70f6a879847f6b87ce35af588b51dc8e580944cdb8d1950c7d99afcdd773a55
TR-27724,Aug 19 2024,2024-08-01,RH,ACC-00140,DESPESA,2532,2532,BRL,Viagem corporativa - RH,18,TRANSFERENCIA,PAGO,0b17011a-db1a-4f81-b66c-d44d1104daa1,2024-09-05,ERP_CORPORATIVO,TRANSACOES_FINANCEIRAS,27724,0f1c619b449233be4a19f691c282352b68b513c4dfe106b31b86b81d22803ab1
TR-27725,2024/08/05,2024-08-01,RH,ACC-00140,RECEITA,3463,"3.369,18",BRL,Despesa de infraestrutura - RH,3,BOLETO,PAGO,0b17011a-db1a-4f81-b66c-d44d1104daa1,2024-09-05,ERP_CORPORATIVO,TRANSACOES_FINANCEIRAS,27725,82dc10877808e1186158aa205708ae501832c8594199af8f6808cbd44a538559
TR-27726,15/08/2024,2024-08-01,LOG,ACC-00140,DESPESA,"R$ 2.746,94",2746.94,BRL,Serviço especializado solicitado por LOG,1,TRANSFERENCIA,PAGO,0b17011a-db1a-4f81-b66c-d44d1104daa1,2024-09-05,ERP_CORPORATIVO,TRANSACOES_FINANCEIRAS,27726,860f9828c89df6445f435aeee1b27e2f45be05b2069236c3c07ca3a204ed3d53
TR-27727,08/08/2024,2024-08-01,COMP,ACC-00140,DESPESA,2.681,"R$2681,08",BRL,Resultado de equivalência patrimonial - COMP,34,BOLETO,ATRASADO,0b17011a-db1a-4f81-b66c-d44d1104daa1,2024-09-05,ERP_CORPORATIVO,TRANSACOES_FINANCEIRAS,27727,0394b45770a668280b29135ce4515b6e0f27a9938a222527b64f85ffe671adbf
TR-27728,2024-08-21,2024-08-01,OP,ACC-00140,RECEITA,2788.45,2788.45,BRL,Despesa de infraestrutura - OP,3,PIX,PAGO,0b17011a-db1a-4f81-b66c-d44d1104daa1,2024-09-05,ERP_CORPORATIVO,TRANSACOES_FINANCEIRAS,27728,5b601a79e3206aea557b93020525379858aa4282e822ac7c40bdfdbc8a85242c
TR-27729,26-08-2024,2024-08-01,TI,ACC-00140,DESPESA,2863,"2.863,18",BRL,Doação recebida em favor de TI,36,TED,PAGO,0b17011a-db1a-4f81-b66c-d44d1104daa1,2024-09-05,ERP_CORPORATIVO,TRANSACOES_FINANCEIRAS,27729,301b86518e4a537fed557549307991bb7388d99794102171f68fa3fe7c61ed71
TR-27730,08-12-2024,2024-08-01,COM,ACC-00140,RECEITA,"R$2757,05",2673.10,BRL,Despesa operacional - COM,8,PIX,CANCELADO,0b17011a-db1a-4f81-b66c-d44d1104daa1,2024-09-05,ERP_CORPORATIVO,TRANSACOES_FINANCEIRAS,27730,0982d2176b5e0cafd4a32757e4a7e682dac6818eed33729fd8799a3981ba2ae9
TR-27731,15-08-2024,2024-08-01,OP,ACC-00140,DESPESA,"R$2539,96","R$ 2.460,87",BRL,Campanha institucional - OP,4,TRANSFERENCIA,ATRASADO,0b17011a-db1a-4f81-b66c-d44d1104daa1,2024-09-05,ERP_CORPORATIVO,TRANSACOES_FINANCEIRAS,27731,231cb4741d6013ef30e7dff222023485234ebd452dc33c598cea6dc8835b5358
TR-27732,19/08/2024,2024-08-01,COM,ACC-00140,DESPESA,"R$3274,61",3275,BRL,Despesa operacional - COM,8,PIX,PAGO,0b17011a-db1a-4f81-b66c-d44d1104daa1,2024-09-05,ERP_CORPORATIVO,TRANSACOES_FINANCEIRAS,27732,b592e8dd29d64dbd11138fa71a0384c6d47ddf91aa22e81d448c8cb9ed2f514b
TR-28116,26/08/2024,2024-08-01,COM,1000140,DESPESA,1320.96,"1.293,92",BRL,Despesa operacional - COM,8,BOLETO,PAGO,0b17011a-db1a-4f81-b66c-d44d1104daa1,2024-09-05,ERP_CORPORATIVO,TRANSACOES_FINANCEIRAS,28116,7975be4624c872e271c199407dd508ae3461d86d4c06a926843cc4d26a588395
TR-28117,2024-08-16,2024-08-01,PJT,1000140,DESPESA,"R$ 1.405,63","1.405,63",BRL,Manutenção preventiva de veículos - PJT,17,CARTAO,PAGO,0b17011a-db1a-4f81-b66c-d44d1104daa1,2024-09-05,ERP_CORPORATIVO,TRANSACOES_FINANCEIRAS,28117,b123be98361f8ddce0b982cd6fe47eb6395999aec7bddaf621ac4f79a9793dcc
TR-28118,2024/08/06,2024-08-01,PJT,1000140,DESPESA,1.187,"R$1186,55",BRL,Treinamento corporativo para equipe PJT,30,BOLETO,PAGO,0b17011a-db1a-4f81-b66c-d44d1104daa1,2024-09-05,ERP_CORPORATIVO,TRANSACOES_FINANCEIRAS,28118,718565200a4cff8e03d46c7d8b2e6a5b34f115ca5edb6a5200e95174d71fc619
TR-28119,06/08/2024,2024-08-01,ATD,1000140,RECEITA,578,578.39,BRL,Alienação de bem patrimonial - ATD,35,CARTAO,ATRASADO,0b17011a-db1a-4f81-b66c-d44d1104daa1,2024-09-05,ERP_CORPORATIVO,TRANSACOES_FINANCEIRAS,28119,57147aeab390b604d47bf60d0c746889273bd577ce495dda97bf5f0aa414d91d
TR-28120,2024/08/19,2024-08-01,COM,1000140,DESPESA,"R$1286,80",1.261,BRL,Despesa de refeição em deslocamento (COM),20,TED,PAGO,0b17011a-db1a-4f81-b66c-d44d1104daa1,2024-09-05,ERP_CORPORATIVO,TRANSACOES_FINANCEIRAS,28120,1ae6382bb1e9499f3ff09a4a9d296923ef5b439407cc91ee269aeb45ad83b866
TR-28121,23/08/24,2024-08-01,COM,1000140,DESPESA,"1.211,69","1.211,69",BRL,Manutenção preventiva de veículos - COM,17,CARTAO,PAGO,0b17011a-db1a-4f81-b66c-d44d1104daa1,2024-09-05,ERP_CORPORATIVO,TRANSACOES_FINANCEIRAS,28121,3e2a90b0cb740ef4e264f6bd5ec8606aad1630b436a28b15097b3a613dfc6a69
TR-28122,19-08-2024,2024-08-01,SEC,1000140,DESPESA,"1.033,74",1.019,BRL,Promoção e atividade externa - SEC,14,TRANSFERENCIA,PAGO,0b17011a-db1a-4f81-b66c-d44d1104daa1,2024-09-05,ERP_CORPORATIVO,TRANSACOES_FINANCEIRAS,28122,628e2e20256d5d26cddfa93325bd66afd2195c57d4aa5237985ca661eaacf053
TR-28123,08/08/24,2024-08-01,ATD,1000140,DESPESA,1074,"1.073,63",BRL,Aquisição de material operacional - ATD,2,CARTAO,PAGO,0b17011a-db1a-4f81-b66c-d44d1104daa1,2024-09-05,ERP_CORPORATIVO,TRANSACOES_FINANCEIRAS,28123,ca452ad578798f2bf9fc3c95149efe940d2c1361948748ec62d9d40a5b7dcda4
TR-28124,08-29-2024,2024-08-01,PJT,1000140,DESPESA,"1.072,86",1021.69,BRL,Honorários profissionais contratados por PJT,11,PIX,PAGO,0b17011a-db1a-4f81-b66c-d44d1104daa1,2024-09-05,ERP_CORPORATIVO,TRANSACOES_FINANCEIRAS,28124,e9aa1f97293fc055d62ace19c7d8bffe18a59250abbcea78b4bad2e374c1a64c
TR-28125,12-08-2024,2024-08-01,FIN,1000140,RECEITA,"R$ 943,87","R$943,87",BRL,Direitos de propriedade intelectual - FIN,32,PIX,PAGO,0b17011a-db1a-4f81-b66c-d44d1104daa1,2024-09-05,ERP_CORPORATIVO,TRANSACOES_FINANCEIRAS,28125,ef4fbe9afce636ea254e46225bc125cbd79aea4b1206c980b21a91e14eba7bb2
TR-28126,Aug 23 2024,2024-08-01,RH,1000140,RECEITA,1237.77,"R$1176,97",BRL,Participação nos resultados vinculada a RH,34,PIX,PAGO,0b17011a-db1a-4f81-b66c-d44d1104daa1,2024-09-05,ERP_CORPORATIVO,TRANSACOES_FINANCEIRAS,28126,1506ca1f7d8160b5afd71dc0df64f685afda567ad79a1fa55857bab4d2421b35
TR-28127,07/08/24,2024-08-01,ADM,1000140,RECEITA,990,"990,40",BRL,Taxas bancárias incidentes em ADM,22,BOLETO,PAGO,0b17011a-db1a-4f81-b66c-d44d1104daa1,2024-09-05,ERP_CORPORATIVO,TRANSACOES_FINANCEIRAS,28127,357dd5a27a6cf6610f8d7c777a3b75559786dcb60a97deb82a3fb937770c784b
TR-28128,2024/08/19,2024-08-01,FIN,1000140,DESPESA,"R$1219,43",1219.43,USD,Taxas bancárias incidentes em FIN,22,PIX,ATRASADO,0b17011a-db1a-4f81-b66c-d44d1104daa1,2024-09-05,ERP_CORPORATIVO,TRANSACOES_FINANCEIRAS,28128,a94f152136cb0535f33fc6d1847c2c00a3c8c3bd569495938b0cac5dcbf5b078
TR-28166,08-20-2024,2024-08-01,RH,FORN-00142,DESPESA,3946,"3.945,86",BRL,Despesa operacional - RH,8,TED,CANCELADO,0b17011a-db1a-4f81-b66c-d44d1104daa1,2024-09-05,ERP_CORPORATIVO,TRANSACOES_FINANCEIRAS,28166,fc03238f0075421dd01c135236d806de9a0a12c883c2b0e4eaae0e0ac0ae9aad
TR-28167,12/08/2024,2024-08-01,CTB,FORN-00142,RECEITA,"3.801,09","3.801,09",BRL,Custo operacional associado a CTB,8,CARTAO,CANCELADO,0b17011a-db1a-4f81-b66c-d44d1104daa1,2024-09-05,ERP_CORPORATIVO,TRANSACOES_FINANCEIRAS,28167,9e8e2e1b2c6ccf78cd30a2aec468697d51de19b43b127f1701f077a0712edd27
TR-28168,14/08/2024,2024-08-01,ATD,FORN-00142,RECEITA,"R$3972,78",3973,BRL,Despesa jurídica da área ATD,24,BOLETO,PAGO,0b17011a-db1a-4f81-b66c-d44d1104daa1,2024-09-05,ERP_CORPORATIVO,TRANSACOES_FINANCEIRAS,28168,d70412573ec1ab4b03a47ce0df01640a690d2dee25bc37546281e70f3af0489a
TR-28169,13/08/24,2024-08-01,COM,FORN-00142,DESPESA,"R$3350,20","3.350,20",BRL,Custo operacional associado a COM,8,TRANSFERENCIA,PAGO,0b17011a-db1a-4f81-b66c-d44d1104daa1,2024-09-05,ERP_CORPORATIVO,TRANSACOES_FINANCEIRAS,28169,86d9e1083354c2df31324e2f9024c32ed2bd9c2587e1766f54d8c080da465d1f
TR-28170,15/08/24,2024-08-01,OP,FORN-00142,RECEITA,3.374,3.325,BRL,Imposto sobre venda apurado em OP,40,BOLETO,PAGO,0b17011a-db1a-4f81-b66c-d44d1104daa1,2024-09-05,ERP_CORPORATIVO,TRANSACOES_FINANCEIRAS,28170,8f28d9774f034f0c52a661962c17afa52fc46241945de9e54b9614859ff6aa8d
TR-28171,2024-08-19,2024-08-01,CPT,FORN-00142,DESPESA,3.748,3590,BRL,Desconto concedido em operação de CPT,38,BOLETO,CANCELADO,0b17011a-db1a-4f81-b66c-d44d1104daa1,2024-09-05,ERP_CORPORATIVO,TRANSACOES_FINANCEIRAS,28171,d7f6cd9fc1e7a0f05d97a465e6b6e8ab901d706b19cb0fcbaebf1851ab398f55
TR-28172,12/08/24,2024-08-01,FIN,FORN-00142,DESPESA,3646.96,"R$3646,96",BRL,Serviço especializado solicitado por FIN,1,PIX,PAGO,0b17011a-db1a-4f81-b66c-d44d1104daa1,2024-09-05,ERP_CORPORATIVO,TRANSACOES_FINANCEIRAS,28172,9bbbf0452114f6b94e0bba0a1897ced14c015be70804e1c72946cf8b7a159105
TR-28173,Aug 12 2024,2024-08-01,FIN,FORN-00142,DESPESA,4385,"R$ 4.385,35",USD,Compra de insumos para setor FIN,2,TED,PAGO,0b17011a-db1a-4f81-b66c-d44d1104daa1,2024-09-05,ERP_CORPORATIVO,TRANSACOES_FINANCEIRAS,28173,554499e2a91f756c861b99e3d2eb30f196ba433cf93c3005f4fd8c55262177a3
TR-28448,08-08-2024,2024-08-01,COM,FORN-00144,DESPESA,4208,"R$4208,35",BRL,Manutenção predial solicitada por COM,10,PIX,PAGO,0b17011a-db1a-4f81-b66c-d44d1104daa1,2024-09-05,ERP_CORPORATIVO,TRANSACOES_FINANCEIRAS,28448,071665fc43f410995a9fd30b0c3f14037dc5fb7479565fc5be0f7e7a2b4452f1
TR-28449,06/08/2024,2024-08-01,PRD,FORN-00144,DESPESA,"1.110,90",1.111,BRL,Seguro contratado pela área PRD,21,TED,ATRASADO,0b17011a-db1a-4f81-b66c-d44d1104daa1,2024-09-05,ERP_CORPORATIVO,TRANSACOES_FINANCEIRAS,28449,d2508b2c88154decee3363d86c1f2d0ff978d7d0c50269dc9a48ae427d18a9b1
TR-28450,12/08/2024,2024-08-01,MKT,FORN-00144,DESPESA,"1.167,78",1167.78,BRL,Prestação de serviço para área MKT,1,PIX,ATRASADO,0b17011a-db1a-4f81-b66c-d44d1104daa1,2024-09-05,ERP_CORPORATIVO,TRANSACOES_FINANCEIRAS,28450,c3ac0d8a3235ebcdda4f87718be0ea49932e93fa521e59571d4bb23702e88bdf
TR-28451,01-08-2024,2024-08-01,COM,FORN-00144,DESPESA,1151.50,1094.52,BRL,Encargos de empréstimo vinculados a COM,23,PIX,PAGO,0b17011a-db1a-4f81-b66c-d44d1104daa1,2024-09-05,ERP_CORPORATIVO,TRANSACOES_FINANCEIRAS,28451,a812cb6a911d016db082a26b312ceb4dd1f24014b9bdaa1ad6f407f7e78cdce8
TR-28452,08-08-2024,2024-08-01,LOG,FORN-00144,DESPESA,"R$966,94","R$ 966,94",BRL,Contrato de consultoria externa - LOG,12,TRANSFERENCIA,PAGO,0b17011a-db1a-4f81-b66c-d44d1104daa1,2024-09-05,ERP_CORPORATIVO,TRANSACOES_FINANCEIRAS,28452,f1d0cefb0c3f71bc670f9e2e2a0708fb939abf448227a04aee57374229acad8a
TR-28453,19-08-2024,2024-08-01,OP,FORN-00144,DESPESA,"1.065,97",1.024,BRL,Contrato de serviço - setor OP,1,CARTAO,PAGO,0b17011a-db1a-4f81-b66c-d44d1104daa1,2024-09-05,ERP_CORPORATIVO,TRANSACOES_FINANCEIRAS,28453,da55853fdcd61140af59c1a2b67867dfc0c9c273073c78605626dc1d9e88cc52
TR-28454,2024/08/08,2024-08-01,ESG,FORN-00144,DESPESA,"R$ 1.102,34",1102,USD,Manutenção estrutural vinculada à área ESG,3,PIX,PAGO,0b17011a-db1a-4f81-b66c-d44d1104daa1,2024-09-05,ERP_CORPORATIVO,TRANSACOES_FINANCEIRAS,28454,ad9ce786d8270549509988586dd1df25a3af930ce395346a0fd8b317b0a871cc
TR-28455,08-14-2024,2024-08-01,COMP,FORN-00144,RECEITA,1.113,"1.082,97",BRL,Prestação de serviço para área COMP,1,TRANSFERENCIA,PAGO,0b17011a-db1a-4f81-b66c-d44d1104daa1,2024-09-05,ERP_CORPORATIVO,TRANSACOES_FINANCEIRAS,28455,fa13cd040723d87e680083f340bf0ec10a73686452e4d7030ca659dfdb7e53f7
TR-28456,2024-08-21,2024-08-01,OP,FORN-00144,RECEITA,"R$1183,12",1183,BRL,Juros sobre operação financeira - OP,23,CARTAO,PAGO,0b17011a-db1a-4f81-b66c-d44d1104daa1,2024-09-05,ERP_CORPORATIVO,TRANSACOES_FINANCEIRAS,28456,1b2b59370938cde6e9ea220be77b763e9c3f13929872c4f537dde94c72e35fe3
TR-28457,23-08-2024,2024-08-01,VND,FORN-00144,DESPESA,"R$ 1.237,09",1197,BRL,Compra de insumos para setor VND,2,TED,PAGO,0b17011a-db1a-4f81-b66c-d44d1104daa1,2024-09-05,ERP_CORPORATIVO,TRANSACOES_FINANCEIRAS,28457,898205bae6f0284cd1e14eddc661d93aef1d8f1d53bc21a540522f70aec5ed1d
TR-28458,Aug 07 2024,2024-08-01,COM,FORN-00144,RECEITA,1170.27,1.170,BRL,Evento corporativo organizado por COM,14,BOLETO,PAGO,0b17011a-db1a-4f81-b66c-d44d1104daa1,2024-09-05,ERP_CORPORATIVO,TRANSACOES_FINANCEIRAS,28458,d598393f662cdf9c9393bc11f243be0a0e2c4cc5384771d9896ea4b31747a3a5
TR-28459,08-19-2024,2024-08-01,ESG,FORN-00144,RECEITA,"R$1345,04","1.314,04",BRL,Evento corporativo organizado por ESG,14,PIX,PAGO,0b17011a-db1a-4f81-b66c-d44d1104daa1,2024-09-05,ERP_CORPORATIVO,TRANSACOES_FINANCEIRAS,28459,562e2f0dde20cd62fa996ff8af262e94d9538bfe04000750a9be944e38e2724e
TR-28760,Aug 12 2024,2024-08-01,COMP,FORN-00145,DESPESA,1185,1185.14,BRL,Custo operacional associado a COMP,8,PIX,PAGO,0b17011a-db1a-4f81-b66c-d44d1104daa1,2024-09-05,ERP_CORPORATIVO,TRANSACOES_FINANCEIRAS,28760,3420ed170d817a94fa2b6b5792143bacc87615cfee686f9ca3d98657c0e6a679
TR-28761,2024/08/15,2024-08-01,MKT,FORN-00145,DESPESA,1.185,"1.145,61",BRL,Suporte técnico para sistemas de MKT,29,BOLETO,ATRASADO,0b17011a-db1a-4f81-b66c-d44d1104daa1,2024-09-05,ERP_CORPORATIVO,TRANSACOES_FINANCEIRAS,28761,2fe784551b60fdb5205f4b26770ceac0762769c8e3fdbb8a7d8f14721be19a0f
TR-28762,Aug 16 2024,2024-08-01,OP,FORN-00145,RECEITA,1.205,"1.204,72",BRL,Licenciamento de software - OP,5,TRANSFERENCIA,PAGO,0b17011a-db1a-4f81-b66c-d44d1104daa1,2024-09-05,ERP_CORPORATIVO,TRANSACOES_FINANCEIRAS,28762,f060155aba67cde2fdcfbdfde27713d60d3cf7119f7fcc1bf72772e9cc20fcf6
TR-28763,Aug 12 2024,2024-08-01,PJT,FORN-00145,RECEITA,"R$1283,83","R$1283,83",BRL,Despesa de infraestrutura - PJT,3,PIX,PAGO,0b17011a-db1a-4f81-b66c-d44d1104daa1,2024-09-05,ERP_CORPORATIVO,TRANSACOES_FINANCEIRAS,28763,da37b2101f2709a84a342108ef4b05221a3ebbc84fb2b0dfe4c3137548c3daeb
TR-28764,Aug 20 2024,2024-08-01,ATD,FORN-00145,DESPESA,863,863,BRL,Investimento em marketing corporativo (ATD),4,CARTAO,PAGO,0b17011a-db1a-4f81-b66c-d44d1104daa1,2024-09-05,ERP_CORPORATIVO,TRANSACOES_FINANCEIRAS,28764,730524f08463b9d4180ff4fcc5d9e76df434de9eb65fb574e27c2b06d972004d
TR-28765,20-08-2024,2024-08-01,FIN,FORN-00145,DESPESA,"R$ 1.428,98",1375,BRL,Manutenção de equipamentos de FIN,28,BOLETO,CANCELADO,0b17011a-db1a-4f81-b66c-d44d1104daa1,2024-09-05,ERP_CORPORATIVO,TRANSACOES_FINANCEIRAS,28765,02b8a64771128ea8b2a27428e49fa7a101a042f1e38af17173a2293edc465d1a
TR-28766,2024-08-07,2024-08-01,RH,FORN-00145,RECEITA,"R$ 4.220,08","R$4197,99",BRL,Propaganda e divulgação para área RH,13,BOLETO,ATRASADO,0b17011a-db1a-4f81-b66c-d44d1104daa1,2024-09-05,ERP_CORPORATIVO,TRANSACOES_FINANCEIRAS,28766,94e96cd38bf5f9ee6f96a0331c0395c1c1b60e9054dcc3061ee33e3c16b6f98e
TR-28767,05-08-2024,2024-08-01,VND,FORN-00145,DESPESA,1.157,1156.65,BRL,Receita de aluguel creditada em VND,31,PIX,PAGO,0b17011a-db1a-4f81-b66c-d44d1104daa1,2024-09-05,ERP_CORPORATIVO,TRANSACOES_FINANCEIRAS,28767,1093e9fd47b25d646c45ec812422b33f4b395d6e8d30828c9215a1e47eee829f
TR-28768,2024/08/08,2024-08-01,RH,FORN-00145,DESPESA,1166.25,1111,BRL,Consultoria estratégica para área RH,12,TRANSFERENCIA,ATRASADO,0b17011a-db1a-4f81-b66c-d44d1104daa1,2024-09-05,ERP_CORPORATIVO,TRANSACOES_FINANCEIRAS,28768,5d85ab6f1254c45a9a07d40ec68a9e99198f6f76bfb11cb89efdcfcca7265ec3
TR-28769,2024-08-19,2024-08-01,RH,FORN-00145,DESPESA,"1.082,38",1082,BRL,Aquisição de material operacional - RH,2,TED,PAGO,0b17011a-db1a-4f81-b66c-d44d1104daa1,2024-09-05,ERP_CORPORATIVO,TRANSACOES_FINANCEIRAS,28769,d30627327f72d70039bd55e406096446ecb558502782f813b39552d9ff21dd15
TR-28770,08-12-2024,2024-08-01,FIN,FORN-00145,DESPESA,1349.67,"1.349,67",BRL,Resultado de equivalência patrimonial - FIN,34,BOLETO,CANCELADO,0b17011a-db1a-4f81-b66c-d44d1104daa1,2024-09-05,ERP_CORPORATIVO,TRANSACOES_FINANCEIRAS,28770,234fdf6be0fe07d46d933c27e7761d06748ba99cee47fcaeff5565ae9c65a334
TR-28771,15/08/2024,2024-08-01,JUR,FORN-00145,RECEITA,1092,1063.17,BRL,Despesa de RH - JUR,6,CARTAO,PAGO,0b17011a-db1a-4f81-b66c-d44d1104daa1,2024-09-05,ERP_CORPORATIVO,TRANSACOES_FINANCEIRAS,28771,837e07a06e2770a04c100b91fd09aa4f801fb43aa3758a6ea3f6657f96b26c3e
TR-28772,2024-08-21,2024-08-01,OP,FORN-00145,DESPESA,1001.28,1001.28,BRL,Licenciamento de software - OP,5,TED,PAGO,0b17011a-db1a-4f81-b66c-d44d1104daa1,2024-09-05,ERP_CORPORATIVO,TRANSACOES_FINANCEIRAS,28772,827593083a9e37edecdecc170951da37abde35868321f67735f2e26bfa2b97aa
TR-28773,08-14-2024,2024-08-01,OP,FORN-00145,DESPESA,1349.80,"R$1349,80",BRL,Manutenção estrutural vinculada à área OP,3,BOLETO,PAGO,0b17011a-db1a-4f81-b66c-d44d1104daa1,2024-09-05,ERP_CORPORATIVO,TRANSACOES_FINANCEIRAS,28773,bcf064451a135241062d60d5defe2ed22f1ce5cb358606cc7201745a25e6ec4c
TR-28774,15-08-2024,2024-08-01,OP,FORN-00145,DESPESA,"R$ 1.343,95","R$ 1.343,95",BRL,Abatimento comercial registrado em OP,38,BOLETO,ATRASADO,0b17011a-db1a-4f81-b66c-d44d1104daa1,2024-09-05,ERP_CORPORATIVO,TRANSACOES_FINANCEIRAS,28774,19a7e5a65d00f18ea3af185c45464efb9dc0e35070b97907d172532f25e2869d
TR-29598,Aug 12 2024,2024-08-01,COM,ACC-00149,DESPESA,"R$3824,83",3.825,BRL,Contrato de serviço - setor COM,1,TED,PAGO,0b17011a-db1a-4f81-b66c-d44d1104daa1,2024-09-05,ERP_CORPORATIVO,TRANSACOES_FINANCEIRAS,29598,2c4e92a435614e1a48a352bb890af38d7ed901b2e05804808b4e6caaae921c4c
TR-29599,26/08/24,2024-08-01,OP,ACC-00149,DESPESA,4896.76,4.897,BRL,Compra de insumos para setor OP,2,TRANSFERENCIA,PAGO,0b17011a-db1a-4f81-b66c-d44d1104daa1,2024-09-05,ERP_CORPORATIVO,TRANSACOES_FINANCEIRAS,29599,f53e2be1c643a71feb80ecaafeed1c1f850977581797eab6b08c6ee3d2234fd8
TR-29600,2024/08/14,2024-08-01,COMP,ACC-00149,DESPESA,4.525,"R$4311,44",BRL,Manutenção estrutural vinculada à área COMP,3,PIX,CANCELADO,0b17011a-db1a-4f81-b66c-d44d1104daa1,2024-09-05,ERP_CORPORATIVO,TRANSACOES_FINANCEIRAS,29600,8f3380473a95f4326a46839b920b743f8af16ad936dc73ca4663bdfd47018d1f
TR-29601,08-22-2024,2024-08-01,CTB,ACC-00149,DESPESA,"R$ 3.749,01",3749.01,BRL,Apólice de seguro - CTB,21,BOLETO,PAGO,0b17011a-db1a-4f81-b66c-d44d1104daa1,2024-09-05,ERP_CORPORATIVO,TRANSACOES_FINANCEIRAS,29601,93deab10e3f7a9d1ba0ec09fc69287b1162299c70cbffbedaa40b0ae50faf6bc
TR-29602,Aug 08 2024,2024-08-01,COMP,ACC-00149,DESPESA,"R$ 4.656,74","4.443,00",BRL,Despesa de infraestrutura - COMP,3,BOLETO,PAGO,0b17011a-db1a-4f81-b66c-d44d1104daa1,2024-09-05,ERP_CORPORATIVO,TRANSACOES_FINANCEIRAS,29602,9ff984e0678edd1ce84e0d2c7b9267f97b4aa1eb8e704cbd76be8618b492b691
TR-29603,14/08/24,2024-08-01,RH,ACC-00149,RECEITA,4021.66,3.974,BRL,Propaganda e divulgação para área RH,13,PIX,PAGO,0b17011a-db1a-4f81-b66c-d44d1104daa1,2024-09-05,ERP_CORPORATIVO,TRANSACOES_FINANCEIRAS,29603,80b3e01b494f77881f83a4a3dec90bd7708fc9e1ff5feb86b1ea0cb9839825d8
TR-29802,19-08-2024,2024-08-01,QAS,FORN-00150,DESPESA,2439,2439,BRL,Despesa de infraestrutura - QAS,3,TED,PAGO,0b17011a-db1a-4f81-b66c-d44d1104daa1,2024-09-05,ERP_CORPORATIVO,TRANSACOES_FINANCEIRAS,29802,f1770a70892ff70b06cf08932755cca4e20c79b524a28b2ecce4ce6ee2b0d3c1
TR-29803,2024-08-15,2024-08-01,MKT,FORN-00150,RECEITA,"2.569,30",2444,USD,Treinamento corporativo para equipe MKT,30,PIX,CANCELADO,0b17011a-db1a-4f81-b66c-d44d1104daa1,2024-09-05,ERP_CORPORATIVO,TRANSACOES_FINANCEIRAS,29803,7519d31b03c3ab86b5c62f528cc607ac8cd65e8c1aa96567108598b270152260
TR-29804,Aug 05 2024,2024-08-01,FIN,FORN-00150,DESPESA,"R$ 3.088,24","R$3010,73",BRL,Juros sobre operação financeira - FIN,23,TED,PAGO,0b17011a-db1a-4f81-b66c-d44d1104daa1,2024-09-05,ERP_CORPORATIVO,TRANSACOES_FINANCEIRAS,29804,ad9b048c0cd8f3351818104ee0ade14b9c8aca963b543054d440fb0eee1eb024
TR-29805,08-19-2024,2024-08-01,COMP,FORN-00150,DESPESA,"2.689,22",2689.22,BRL,Compra de insumos para setor COMP,2,CARTAO,PAGO,0b17011a-db1a-4f81-b66c-d44d1104daa1,2024-09-05,ERP_CORPORATIVO,TRANSACOES_FINANCEIRAS,29805,0a23d7d1b2a5a28dd3ea5ca6e3933abe4b6e94322907010c99e5d83b22b31a95
TR-29806,08-26-2024,2024-08-01,COM,FORN-00150,DESPESA,"R$2521,72","2.521,72",BRL,Taxas bancárias incidentes em COM,22,PIX,PAGO,0b17011a-db1a-4f81-b66c-d44d1104daa1,2024-09-05,ERP_CORPORATIVO,TRANSACOES_FINANCEIRAS,29806,74ed904b32acad4a473e9e02570e758cddb880841f51335e3967567229515032
TR-29807,07-08-2024,2024-08-01,COMP,FORN-00150,DESPESA,2.481,2.481,BRL,Compra de insumos para setor COMP,2,PIX,PAGO,0b17011a-db1a-4f81-b66c-d44d1104daa1,2024-09-05,ERP_CORPORATIVO,TRANSACOES_FINANCEIRAS,29807,ec5008fc962434bbd4564813662f8d98d2a6e6160710110c51ae85258cb7ef96
TR-29808,07/08/2024,2024-08-01,COMP,FORN-00150,DESPESA,"R$3480,43",3.370,BRL,Suporte técnico para sistemas de COMP,29,PIX,ATRASADO,0b17011a-db1a-4f81-b66c-d44d1104daa1,2024-09-05,ERP_CORPORATIVO,TRANSACOES_FINANCEIRAS,29808,0f6afbe2e9435fb169c7e5ed2473fcf3345d76ad960b2de0d364b5e9891676a6
TR-29809,08-19-2024,2024-08-01,RH,FORN-00150,DESPESA,"R$ 2.893,43",2.893,BRL,Certificado digital adquirido por RH,26,TRANSFERENCIA,ATRASADO,0b17011a-db1a-4f81-b66c-d44d1104daa1,2024-09-05,ERP_CORPORATIVO,TRANSACOES_FINANCEIRAS,29809,1daa65e19f4b62d4b4666a628d2060016655801471434988703a85146d8e9bb9
TR-29810,19/08/24,2024-08-01,OP,FORN-00150,DESPESA,"R$ 2.600,84",2561.95,USD,Despesa operacional - OP,8,PIX,PAGO,0b17011a-db1a-4f81-b66c-d44d1104daa1,2024-09-05,ERP_CORPORATIVO,TRANSACOES_FINANCEIRAS,29810,ec5eb842760698e7fedb5e033d083dbdadeb78a2cd95cf3b6af6e2475c533437
TR-29811,2024/08/20,2024-08-01,OP,FORN-00150,DESPESA,"1.294,87","R$1141,74",BRL,Despesa operacional - OP,8,TED,PAGO,0b17011a-db1a-4f81-b66c-d44d1104daa1,2024-09-05,ERP_CORPORATIVO,TRANSACOES_FINANCEIRAS,29811,88440280c9b880155971352c9b074b479ecd8fdc333cb779c2e9bfa8fcca2c9e
TR-29812,2024/08/27,2024-08-01,CPT,FORN-00150,DESPESA,7.180,7132,BRL,Viagem corporativa - CPT,18,TRANSFERENCIA,PAGO,0b17011a-db1a-4f81-b66c-d44d1104daa1,2024-09-05,ERP_CORPORATIVO,TRANSACOES_FINANCEIRAS,29812,aacc36e87a2c1d3534fb913b2f457499b6cc36d71717bcecb79ae69d6d7f276d
TR-29813,06-08-2024,2024-08-01,COMP,FORN-00150,DESPESA,"3.018,73","3.018,73",BRL,Compra de insumos para setor COMP,2,TRANSFERENCIA,PAGO,0b17011a-db1a-4f81-b66c-d44d1104daa1,2024-09-05,ERP_CORPORATIVO,TRANSACOES_FINANCEIRAS,29813,f65c7ed2d5d49f1f6a9b7f57d4a4e98e9742c1734b536b980ea8a6873af5abe8
TR-29814,Aug 12 2024,2024-08-01,CPT,FORN-00150,RECEITA,"R$ 2.834,37",2742,BRL,Despesa operacional - CPT,8,TRANSFERENCIA,PAGO,0b17011a-db1a-4f81-b66c-d44d1104daa1,2024-09-05,ERP_CORPORATIVO,TRANSACOES_FINANCEIRAS,29814,0b4186eef3d30424dda43dc027ad07275e45967c5efa1435a8ec85e03701ed5d
TR-29815,12/08/24,2024-08-01,ADM,FORN-00150,DESPESA,"2.585,27","2.489,06",BRL,Diária de hotel para equipe ADM,19,BOLETO,PAGO,0b17011a-db1a-4f81-b66c-d44d1104daa1,2024-09-05,ERP_CORPORATIVO,TRANSACOES_FINANCEIRAS,29815,61c35441b0dc740b5327bf54bfd709b9d38fa10d1a86808d8eed5bb3c9a32f86
TR-29816,12/08/2024,2024-08-01,SEC,FORN-00150,DESPESA,"R$ 2.810,96","2.810,96",BRL,Tarifas de serviços financeiros - SEC,22,PIX,PAGO,0b17011a-db1a-4f81-b66c-d44d1104daa1,2024-09-05,ERP_CORPORATIVO,TRANSACOES_FINANCEIRAS,29816,8c81b19920c011cdcfa5b7fd33040ce7b9c817f38ceada235aab83957e36ca63
TR-29817,2024/08/19,2024-08-01,VND,FORN-00150,DESPESA,"R$2822,35","R$2715,34",BRL,Receita de aluguel creditada em VND,31,PIX,CANCELADO,0b17011a-db1a-4f81-b66c-d44d1104daa1,2024-09-05,ERP_CORPORATIVO,TRANSACOES_FINANCEIRAS,29817,af4ba876fee2ae8ab11f464f69f9956d16c2ad66e01b4917520d4764f439d0bb
TR-29818,2024/08/12,2024-08-01,OP,FORN-00150,RECEITA,"782,55","782,55",BRL,Receita de comissão comercial - OP,33,BOLETO,PAGO,0b17011a-db1a-4f81-b66c-d44d1104daa1,2024-09-05,ERP_CORPORATIVO,TRANSACOES_FINANCEIRAS,29818,e7372eb6be5413af093527067983bc1a836791aea28a9874c800b1fc87d42fb7
TR-29819,08/08/24,2024-08-01,RH,FORN-00150,DESPESA,3147,"R$ 3.147,28",BRL,Abastecimento de veículos - RH,16,TRANSFERENCIA,PAGO,0b17011a-db1a-4f81-b66c-d44d1104daa1,2024-09-05,ERP_CORPORATIVO,TRANSACOES_FINANCEIRAS,29819,b028c7f54f5173ec35a1939f41d69536558d025372e6cdd3120d16819dc1dcd5
TR-29820,19/08/24,2024-08-01,ATD,FORN-00150,DESPESA,3336,3.336,BRL,Imposto sobre venda apurado em ATD,40,CARTAO,CANCELADO,0b17011a-db1a-4f81-b66c-d44d1104daa1,2024-09-05,ERP_CORPORATIVO,TRANSACOES_FINANCEIRAS,29820,f598ad30d38f13b09bbc12f1390c43fb4a8f4daa2e2ae97cf78600a83ae30f92
TR-29821,09/08/2024,2024-08-01,RH,FORN-00150,DESPESA,"2.786,57","2.786,57",BRL,Receita eventual registrada em RH,37,TRANSFERENCIA,ATRASADO,0b17011a-db1a-4f81-b66c-d44d1104daa1,2024-09-05,ERP_CORPORATIVO,TRANSACOES_FINANCEIRAS,29821,e02ba59d3367534fd8bf86b016d804b69678ca6857d004aa725e5d5040d392f6
TR-29822,23/08/2024,2024-08-01,COM,FORN-00150,RECEITA,"2.209,78","2.209,78",BRL,Alienação de bem patrimonial - COM,35,TED,PAGO,0b17011a-db1a-4f81-b66c-d44d1104daa1,2024-09-05,ERP_CORPORATIVO,TRANSACOES_FINANCEIRAS,29822,770898837af8b8e3180b6382bfd4265100a331352c3e6938465a74a7d0dc6289
TR-30378,Aug 26 2024,2024-08-01,OP,FORN-00153,RECEITA,5422.09,5187.35,BRL,Hospedagem em viagem a serviço de OP,19,TED,PAGO,0b17011a-db1a-4f81-b66c-d44d1104daa1,2024-09-05,ERP_CORPORATIVO,TRANSACOES_FINANCEIRAS,30378,931309c74d84d02e84d33078e26a775366331978b905fa62c3ba6d21a073e849
TR-30379,05/08/24,2024-08-01,RH,FORN-00153,DESPESA,4768.28,"4.768,28",BRL,Tributo incidente sobre receita de RH,40,TRANSFERENCIA,ATRASADO,0b17011a-db1a-4f81-b66c-d44d1104daa1,2024-09-05,ERP_CORPORATIVO,TRANSACOES_FINANCEIRAS,30379,e201cb6d6dea034a838960ff9859acdd065482442823c9ef12473b2bf55f7c1e
TR-30380,27-08-2024,2024-08-01,VND,FORN-00153,DESPESA,"R$ 4.172,48","R$4105,34",BRL,Compra de insumos para setor VND,2,BOLETO,PAGO,0b17011a-db1a-4f81-b66c-d44d1104daa1,2024-09-05,ERP_CORPORATIVO,TRANSACOES_FINANCEIRAS,30380,1ed8536755ef776065ebd65e8d4efd5b936e1d035f14ff9797dd943317078210
TR-30381,2024/08/19,2024-08-01,PJT,FORN-00153,RECEITA,"R$ 4.517,61",4518,USD,Custo operacional associado a PJT,8,TRANSFERENCIA,PAGO,0b17011a-db1a-4f81-b66c-d44d1104daa1,2024-09-05,ERP_CORPORATIVO,TRANSACOES_FINANCEIRAS,30381,70ddabaa647c016ada221302a2413f64a197324cc789865529aa7062a4dc2eb0
TR-30382,15/08/2024,2024-08-01,MKT,FORN-00153,DESPESA,4.348,4.348,BRL,Honorários profissionais contratados por MKT,11,PIX,PAGO,0b17011a-db1a-4f81-b66c-d44d1104daa1,2024-09-05,ERP_CORPORATIVO,TRANSACOES_FINANCEIRAS,30382,86a1adda7b9d1b83d5b41780b6e4c3eabdb40d3e870c30c268a6329a68913567
TR-30383,09-08-2024,2024-08-01,SEC,FORN-00153,RECEITA,4.756,"R$ 4.604,41",BRL,Manutenção de equipamentos de SEC,28,TED,CANCELADO,0b17011a-db1a-4f81-b66c-d44d1104daa1,2024-09-05,ERP_CORPORATIVO,TRANSACOES_FINANCEIRAS,30383,efb733885fcfead75e229f125a6c1f6870f1e6cfb401323b9f46368a5cbe0684
TR-30384,19/08/2024,2024-08-01,ATD,FORN-00153,DESPESA,"4.482,75",4.346,BRL,Suporte técnico para sistemas de ATD,29,PIX,PAGO,0b17011a-db1a-4f81-b66c-d44d1104daa1,2024-09-05,ERP_CORPORATIVO,TRANSACOES_FINANCEIRAS,30384,65621f610d196de71981cc772c6c6036056ec7fb8f291f07a5e7bf1b610a2bb7
TR-30385,2024/08/26,2024-08-01,FIN,FORN-00153,DESPESA,5.141,5141,BRL,Serviço de telefonia e internet - FIN,9,TED,PAGO,0b17011a-db1a-4f81-b66c-d44d1104daa1,2024-09-05,ERP_CORPORATIVO,TRANSACOES_FINANCEIRAS,30385,004667175136f119b943fcda8781636a631e9251bdf5dc2f1f7db8cd0a78d6f7
TR-30386,2024/08/19,2024-08-01,COM,FORN-00153,DESPESA,4315.09,"R$ 4.215,36",BRL,Compra de insumos para setor COM,2,PIX,PAGO,0b17011a-db1a-4f81-b66c-d44d1104daa1,2024-09-05,ERP_CORPORATIVO,TRANSACOES_FINANCEIRAS,30386,de9ba1d986ffc3b99443dc266ae1f02f3d33211857f63b5de0787c0d0c644ba5
TR-30387,2024/08/16,2024-08-01,SEC,FORN-00153,DESPESA,"R$ 5.843,07",5843.07,BRL,Contrato de serviço - setor SEC,1,TED,PAGO,0b17011a-db1a-4f81-b66c-d44d1104daa1,2024-09-05,ERP_CORPORATIVO,TRANSACOES_FINANCEIRAS,30387,9e3f7d63737c17fb895b2e208a091c0fc6d8514d4c97d1fa982aab91a3faad5c
TR-30388,13-08-2024,2024-08-01,COM,FORN-00153,RECEITA,"R$4053,89",4.054,BRL,Hospedagem em viagem a serviço de COM,19,BOLETO,PAGO,0b17011a-db1a-4f81-b66c-d44d1104daa1,2024-09-05,ERP_CORPORATIVO,TRANSACOES_FINANCEIRAS,30388,f37d736fba0035da0ab0976e0b4bbe03125e657a847da58e9a9be35fb38bef22
TR-30389,08-19-2024,2024-08-01,JUR,FORN-00153,DESPESA,4843,"4.842,76",BRL,Investimento em marketing corporativo (JUR),4,PIX,PAGO,0b17011a-db1a-4f81-b66c-d44d1104daa1,2024-09-05,ERP_CORPORATIVO,TRANSACOES_FINANCEIRAS,30389,386bc1149c90f939ab378537ff014607543bfce5ecf6354a8ea36e34f77162d5
TR-30390,26/08/2024,2024-08-01,PJT,FORN-00153,DESPESA,"3.998,26",3998.26,BRL,Taxas bancárias incidentes em PJT,22,PIX,PAGO,0b17011a-db1a-4f81-b66c-d44d1104daa1,2024-09-05,ERP_CORPORATIVO,TRANSACOES_FINANCEIRAS,30390,4a6994575209eb5d300452d824413937d31c28da89ea45e6061de39af5e5666a
TR-30391,21/08/2024,2024-08-01,RH,FORN-00153,RECEITA,"R$14474,97","14.474,97",BRL,Contrato de serviço - setor RH,1,TRANSFERENCIA,PAGO,0b17011a-db1a-4f81-b66c-d44d1104daa1,2024-09-05,ERP_CORPORATIVO,TRANSACOES_FINANCEIRAS,30391,806f69f89499f497fc478f0d9d01dd812b881c3f326e0b4af9449473043b831e
TR-30392,22-08-2024,2024-08-01,MKT,FORN-00153,DESPESA,"R$ 4.719,02",4.643,BRL,Alimentação em viagem corporativa - MKT,20,CARTAO,PAGO,0b17011a-db1a-4f81-b66c-d44d1104daa1,2024-09-05,ERP_CORPORATIVO,TRANSACOES_FINANCEIRAS,30392,c4206a8f1f903c30def18093f2380527c8b40565beecad283433dd65ed99604d
TR-30393,Aug 26 2024,2024-08-01,COM,FORN-00153,DESPESA,4794.59,4.795,USD,Contrato de serviço - setor COM,1,TED,PAGO,0b17011a-db1a-4f81-b66c-d44d1104daa1,2024-09-05,ERP_CORPORATIVO,TRANSACOES_FINANCEIRAS,30393,d3b9b87fb11dc40b293a03325589bb684c04b7516d32cf5d138943ef29f572b4
TR-30394,13/08/2024,2024-08-01,CTB,FORN-00153,RECEITA,"R$ 1.049,12",1049.12,USD,Reparo e conservação de instalações - CTB,10,PIX,PAGO,0b17011a-db1a-4f81-b66c-d44d1104daa1,2024-09-05,ERP_CORPORATIVO,TRANSACOES_FINANCEIRAS,30394,f342d5bb44e903588a14b14d43043569bb64fdd7ac2c1729c709f4f718973630
TR-30395,2024-08-12,2024-08-01,OP,FORN-00153,DESPESA,5235.74,"R$ 5.235,74",BRL,Despesa de infraestrutura - OP,3,PIX,PAGO,0b17011a-db1a-4f81-b66c-d44d1104daa1,2024-09-05,ERP_CORPORATIVO,TRANSACOES_FINANCEIRAS,30395,b5b44ba114e855dde3855154710644827b293e978a3df1933537d7f7df2d24b3
TR-30396,2024/08/30,2024-08-01,ESG,FORN-00153,DESPESA,"R$ 5.008,80","R$ 4.807,58",BRL,Manutenção estrutural vinculada à área ESG,3,TED,ATRASADO,0b17011a-db1a-4f81-b66c-d44d1104daa1,2024-09-05,ERP_CORPORATIVO,TRANSACOES_FINANCEIRAS,30396,f2013cf89cb678aad9068f03c8e99429b24d67622cfaec9a0f1b5a61aa54b18b
TR-30397,2024-08-05,2024-08-01,COMP,FORN-00153,RECEITA,4447.63,"4.447,63",BRL,Serviço especializado solicitado por COMP,1,CARTAO,PAGO,0b17011a-db1a-4f81-b66c-d44d1104daa1,2024-09-05,ERP_CORPORATIVO,TRANSACOES_FINANCEIRAS,30397,37785dff3840b2978ef197d3931414e2e05f786680154eb6bfb8fbae4b8f65e3
TR-30398,2024/08/05,2024-08-01,JUR,FORN-00153,DESPESA,"4.689,18",4593.10,BRL,Tarifas de serviços financeiros - JUR,22,TRANSFERENCIA,ATRASADO,0b17011a-db1a-4f81-b66c-d44d1104daa1,2024-09-05,ERP_CORPORATIVO,TRANSACOES_FINANCEIRAS,30398,12108093c59a9895826c6bc340d723facbbcb9216a94477bddb07bf248d79350
TR-30399,15-08-2024,2024-08-01,COMP,FORN-00153,RECEITA,4.297,4245.75,BRL,Compra de insumos para setor COMP,2,BOLETO,ATRASADO,0b17011a-db1a-4f81-b66c-d44d1104daa1,2024-09-05,ERP_CORPORATIVO,TRANSACOES_FINANCEIRAS,30399,c6deeee53eda87d5ecc73cde4a61c7bbfb03902a23235797ea13f7e63b6e8ded
TR-30400,Aug 01 2024,2024-08-01,ESG,FORN-00153,RECEITA,"R$ 4.263,11","4.263,11",BRL,Viagem corporativa - ESG,18,TED,PAGO,0b17011a-db1a-4f81-b66c-d44d1104daa1,2024-09-05,ERP_CORPORATIVO,TRANSACOES_FINANCEIRAS,30400,af1998b8320dc7b1af3584aed4e57d659e2776dd7b058e624af94ad4a1b2eae8
TR-30401,2024-08-12,2024-08-01,TI,FORN-00153,DESPESA,"R$ 4.416,65","R$ 4.220,51",BRL,Receita extraordinária - TI,37,TRANSFERENCIA,PAGO,0b17011a-db1a-4f81-b66c-d44d1104daa1,2024-09-05,ERP_CORPORATIVO,TRANSACOES_FINANCEIRAS,30401,7c1d423c8271e4fc512bc1fdbf7c5917b7c61d060f166e0bb9144eafc0787a16
TR-30651,19/08/2024,2024-08-01,PJT,ACC-00154,RECEITA,13604,"R$ 13.191,83",BRL,Honorários profissionais contratados por PJT,11,BOLETO,PAGO,0b17011a-db1a-4f81-b66c-d44d1104daa1,2024-09-05,ERP_CORPORATIVO,TRANSACOES_FINANCEIRAS,30651,f1dfa611e114e49547b6daf846ee109b5a9ba7111696682e318edc537233e5e7
TR-30652,08-20-2024,2024-08-01,COM,ACC-00154,DESPESA,9670.81,"R$ 9.670,81",BRL,Serviço de tecnologia contratado por COM,5,CARTAO,PAGO,0b17011a-db1a-4f81-b66c-d44d1104daa1,2024-09-05,ERP_CORPORATIVO,TRANSACOES_FINANCEIRAS,30652,3663ff16750e2011f1b7ea7818d492c35735a78ce43cacb28b1e03906ec81f0a
TR-30653,Aug 12 2024,2024-08-01,SEC,ACC-00154,DESPESA,"9.935,18",9935,BRL,Estorno de receita - SEC,39,BOLETO,PAGO,0b17011a-db1a-4f81-b66c-d44d1104daa1,2024-09-05,ERP_CORPORATIVO,TRANSACOES_FINANCEIRAS,30653,ef3a2fd120cf3fd8ad094cb035498bdce719ced29869742965f01625174bb7f4
TR-30654,09/08/2024,2024-08-01,RH,ACC-00154,DESPESA,10.973,10561,BRL,Material de marketing solicitado por RH,15,BOLETO,PAGO,0b17011a-db1a-4f81-b66c-d44d1104daa1,2024-09-05,ERP_CORPORATIVO,TRANSACOES_FINANCEIRAS,30654,c368aa269e0ca1f885cb0b2af42ae5044c4cdc752ac272b2321fbc2beb9ae9c1
TR-30655,2024-08-21,2024-08-01,VND,ACC-00154,RECEITA,10007.59,10.008,BRL,Honorários profissionais contratados por VND,11,TRANSFERENCIA,PAGO,0b17011a-db1a-4f81-b66c-d44d1104daa1,2024-09-05,ERP_CORPORATIVO,TRANSACOES_FINANCEIRAS,30655,d84ebf149d17df26c49c59bca001d05a2a221f39fb1a5bb11968047c8825084d
TR-30656,07/08/24,2024-08-01,PES,ACC-00154,DESPESA,13391.80,"R$13391,80",BRL,Diária de hotel para equipe PES,19,BOLETO,PAGO,0b17011a-db1a-4f81-b66c-d44d1104daa1,2024-09-05,ERP_CORPORATIVO,TRANSACOES_FINANCEIRAS,30656,c3e5eff2b6d8913887b49d45b011543891b6708065ff949f6415b0e2e70d8559
TR-30657,27-08-2024,2024-08-01,RH,ACC-00154,RECEITA,"11.711,11",11711,BRL,Compra de insumos para setor RH,2,BOLETO,PAGO,0b17011a-db1a-4f81-b66c-d44d1104daa1,2024-09-05,ERP_CORPORATIVO,TRANSACOES_FINANCEIRAS,30657,52801bc44338372ff8a74e402dfc7449cc22229b24fc08149601c3da914245b2
TR-30802,Aug 08 2024,2024-08-01,JUR,ACC-00155,RECEITA,"R$ 1.009,03",1009.03,BRL,Serviço de tecnologia contratado por JUR,5,TRANSFERENCIA,PAGO,0b17011a-db1a-4f81-b66c-d44d1104daa1,2024-09-05,ERP_CORPORATIVO,TRANSACOES_FINANCEIRAS,30802,7272b12cf6c696a97a95660bdc431e19a285584fc94c6128e2ed3a97298d7e4e
TR-30803,09/08/24,2024-08-01,VND,ACC-00155,RECEITA,"R$2744,83",2731,BRL,Recebimento de subvenção - VND,36,BOLETO,ATRASADO,0b17011a-db1a-4f81-b66c-d44d1104daa1,2024-09-05,ERP_CORPORATIVO,TRANSACOES_FINANCEIRAS,30803,75bcf934e847dac85afc9b1c139d413e28f349b245753837f25fcbf2f4d6650e
TR-30804,19/08/2024,2024-08-01,PRD,ACC-00155,RECEITA,"R$1054,62",1.055,BRL,Campanha institucional - PRD,4,TRANSFERENCIA,PAGO,0b17011a-db1a-4f81-b66c-d44d1104daa1,2024-09-05,ERP_CORPORATIVO,TRANSACOES_FINANCEIRAS,30804,e7cbe397da8a626038f8bd489478f68054463c96fa4a017009080c5328d59bb3
TR-30805,13/08/2024,2024-08-01,COM,ACC-00155,DESPESA,"R$ 909,66","R$ 909,66",BRL,Promoção e atividade externa - COM,14,PIX,ATRASADO,0b17011a-db1a-4f81-b66c-d44d1104daa1,2024-09-05,ERP_CORPORATIVO,TRANSACOES_FINANCEIRAS,30805,534fa91e9c78a19897848f78498b03f6d36fe77bb5962ebecb1adac95739bdbf
TR-30806,Aug 06 2024,2024-08-01,COM,ACC-00155,RECEITA,807,807,BRL,Desconto concedido em operação de COM,38,TRANSFERENCIA,PAGO,0b17011a-db1a-4f81-b66c-d44d1104daa1,2024-09-05,ERP_CORPORATIVO,TRANSACOES_FINANCEIRAS,30806,34f64ba3a57d7e3d17c6065ae028a7d8740201c685ee34cb6faf0be14386457f
TR-30807,26-08-2024,2024-08-01,FIN,ACC-00155,DESPESA,"1.148,82","1.148,82",BRL,Serviço especializado solicitado por FIN,1,PIX,PAGO,0b17011a-db1a-4f81-b66c-d44d1104daa1,2024-09-05,ERP_CORPORATIVO,TRANSACOES_FINANCEIRAS,30807,61f46003dfa155e695ebca07c36299a250dcb14283c975c44186576285708028
TR-30808,2024-08-20,2024-08-01,FIN,ACC-00155,RECEITA,"R$ 752,78",753,USD,Evento corporativo organizado por FIN,14,TED,ATRASADO,0b17011a-db1a-4f81-b66c-d44d1104daa1,2024-09-05,ERP_CORPORATIVO,TRANSACOES_FINANCEIRAS,30808,8767cd221a847e2d991b08a377a25f369451bd55e6425b973df671373518ac44
TR-30809,2024-08-29,2024-08-01,ESG,ACC-00155,RECEITA,"R$911,75",912,BRL,Tributo incidente sobre receita de ESG,40,PIX,PAGO,0b17011a-db1a-4f81-b66c-d44d1104daa1,2024-09-05,ERP_CORPORATIVO,TRANSACOES_FINANCEIRAS,30809,e42f984d7826fbdac3f2f7b1895076e84c868015cbf58362f0c0a8d5d05b75ad
TR-30810,08-08-2024,2024-08-01,VND,ACC-00155,DESPESA,"R$818,01",803,BRL,Juros sobre operação financeira - VND,23,TRANSFERENCIA,ATRASADO,0b17011a-db1a-4f81-b66c-d44d1104daa1,2024-09-05,ERP_CORPORATIVO,TRANSACOES_FINANCEIRAS,30810,b51fdcae47f514f58685818096a2d54d2f11c3b3c06b85097b06b8be7d584b2d
TR-30811,08-26-2024,2024-08-01,JUR,ACC-00155,DESPESA,982,982.22,BRL,Reparo e conservação de instalações - JUR,10,TRANSFERENCIA,CANCELADO,0b17011a-db1a-4f81-b66c-d44d1104daa1,2024-09-05,ERP_CORPORATIVO,TRANSACOES_FINANCEIRAS,30811,88a2f0bff8d163a0b472dd84ca764ade3f2f59327ef7a7a104f2228a0c309bee
TR-30812,08-05-2024,2024-08-01,PJT,ACC-00155,DESPESA,857,"857,35",BRL,Despesa de infraestrutura - PJT,3,BOLETO,PAGO,0b17011a-db1a-4f81-b66c-d44d1104daa1,2024-09-05,ERP_CORPORATIVO,TRANSACOES_FINANCEIRAS,30812,e2cb16823ce58adb14c8dd1c46985dc9f81159c957a2a34c987a0d9c11a4b2b4
TR-30813,2024/08/13,2024-08-01,COMP,ACC-00155,RECEITA,3.207,3207,BRL,Despesa de infraestrutura - COMP,3,CARTAO,PAGO,0b17011a-db1a-4f81-b66c-d44d1104daa1,2024-09-05,ERP_CORPORATIVO,TRANSACOES_FINANCEIRAS,30813,e959412ad85237fc9b7df636a73132157ee6e47b10b8a9f09ddeee5a46bba799
TR-30814,19/08/2024,2024-08-01,OP,ACC-00155,DESPESA,2942,2925,USD,Compra de insumos para setor OP,2,BOLETO,PAGO,0b17011a-db1a-4f81-b66c-d44d1104daa1,2024-09-05,ERP_CORPORATIVO,TRANSACOES_FINANCEIRAS,30814,0d3991667e6ce97db950fa7ed6d5b312112b865775dd8f8464969a669066ba82
TR-30815,2024-08-15,2024-08-01,CPT,ACC-00155,DESPESA,1.097,1.097,BRL,Reparo de hardware solicitado por CPT,28,TRANSFERENCIA,PAGO,0b17011a-db1a-4f81-b66c-d44d1104daa1,2024-09-05,ERP_CORPORATIVO,TRANSACOES_FINANCEIRAS,30815,8eb05295e47eb14e47a9074d1304dbb74b791018460ebabe6dabea9186175fad
TR-30816,14/08/2024,2024-08-01,VND,ACC-00155,DESPESA,"R$ 953,07",953,BRL,Consultoria estratégica para área VND,12,BOLETO,PAGO,0b17011a-db1a-4f81-b66c-d44d1104daa1,2024-09-05,ERP_CORPORATIVO,TRANSACOES_FINANCEIRAS,30816,beb790064496d790e585aeec8aac40af5d3818d54fa7c0f39abcf551b6bb6f3d
TR-30817,Aug 15 2024,2024-08-01,RH,ACC-00155,DESPESA,1.059,"1.059,40",USD,Honorarium advocatício - RH,24,TED,PAGO,0b17011a-db1a-4f81-b66c-d44d1104daa1,2024-09-05,ERP_CORPORATIVO,TRANSACOES_FINANCEIRAS,30817,3c0e4d1e27ba2145d1307d67531353ab0cd27c024a807d703d2ba4825644a1e8
TR-30818,12-08-2024,2024-08-01,JUR,ACC-00155,DESPESA,"R$ 846,38",804,BRL,Recebimento de subvenção - JUR,36,TRANSFERENCIA,ATRASADO,0b17011a-db1a-4f81-b66c-d44d1104daa1,2024-09-05,ERP_CORPORATIVO,TRANSACOES_FINANCEIRAS,30818,af4ddcdfb858d524a81f7426d2781450be4508f409fbcd61af701f226608f4ab
TR-30841,07-08-2024,2024-08-01,COM,1000155,RECEITA,"2.166,05",2166,BRL,Receita eventual registrada em COM,37,TRANSFERENCIA,PAGO,0b17011a-db1a-4f81-b66c-d44d1104daa1,2024-09-05,ERP_CORPORATIVO,TRANSACOES_FINANCEIRAS,30841,36e80da53502e46aba4a721a10cb82cf33b72a3889d40393f831b316c692e41e
TR-30842,08-19-2024,2024-08-01,COMP,1000155,DESPESA,1.789,"R$ 1.705,02",BRL,Participação nos resultados vinculada a COMP,34,BOLETO,ATRASADO,0b17011a-db1a-4f81-b66c-d44d1104daa1,2024-09-05,ERP_CORPORATIVO,TRANSACOES_FINANCEIRAS,30842,67938f58a3c8cb2756a631dd06057db74d48ab11a72fbe5922ebe7b48e07a9e6
TR-30843,09/08/24,2024-08-01,CTB,1000155,DESPESA,"1.957,37","1.901,28",BRL,Honorários jurídicos - CTB,7,BOLETO,PAGO,0b17011a-db1a-4f81-b66c-d44d1104daa1,2024-09-05,ERP_CORPORATIVO,TRANSACOES_FINANCEIRAS,30843,095c48d69f3679b740208f63ec4232a3bbaaa4d0ad5dfa0ecaf0df8b07710145
TR-30844,19/08/24,2024-08-01,OP,1000155,RECEITA,2124.33,"R$ 2.124,33",BRL,Serviços contábeis externos - OP,25,TED,PAGO,0b17011a-db1a-4f81-b66c-d44d1104daa1,2024-09-05,ERP_CORPORATIVO,TRANSACOES_FINANCEIRAS,30844,b2c508e7adab3a944fd89d94d01ed20bec683b45dd599439565dc5bf32ec0ec1
TR-30845,Aug 15 2024,2024-08-01,COMP,1000155,DESPESA,"R$ 1.700,81",1.622,BRL,Despesa operacional - COMP,8,TED,PAGO,0b17011a-db1a-4f81-b66c-d44d1104daa1,2024-09-05,ERP_CORPORATIVO,TRANSACOES_FINANCEIRAS,30845,fffa9688c2d81e35ad25f54c4c3a9d0cd81045b8f00c2e93bb2c8e03749f6784
TR-30846,2024/08/12,2024-08-01,ESG,1000155,RECEITA,1918,"1.918,03",BRL,Prestação de serviço para área ESG,1,PIX,PAGO,0b17011a-db1a-4f81-b66c-d44d1104daa1,2024-09-05,ERP_CORPORATIVO,TRANSACOES_FINANCEIRAS,30846,06daa6749e25894396be9982adcbdb719480bf50c799079308d424c8ea009264
TR-30847,05/08/2024,2024-08-01,TI,1000155,RECEITA,2285.54,"R$ 2.285,54",BRL,Desconto concedido em operação de TI,38,TRANSFERENCIA,PAGO,0b17011a-db1a-4f81-b66c-d44d1104daa1,2024-09-05,ERP_CORPORATIVO,TRANSACOES_FINANCEIRAS,30847,b9a30674a61c1bff28bf0818fe336c6bf9ac1d4f967fafef634335eba92cc138
TR-30848,2024/08/06,2024-08-01,COMP,1000155,DESPESA,1594,1594.37,BRL,Aquisição de material operacional - COMP,2,TRANSFERENCIA,PAGO,0b17011a-db1a-4f81-b66c-d44d1104daa1,2024-09-05,ERP_CORPORATIVO,TRANSACOES_FINANCEIRAS,30848,ed1fc0f571b4643cc518f28b5a91ccff8ced5519fee1ae7fc0810663fe46237c
TR-30849,12/08/2024,2024-08-01,RH,1000155,RECEITA,"R$ 1.755,36",1726,BRL,Despesa de RH - RH,6,BOLETO,CANCELADO,0b17011a-db1a-4f81-b66c-d44d1104daa1,2024-09-05,ERP_CORPORATIVO,TRANSACOES_FINANCEIRAS,30849,1300179d9e3c760cdb866db59e0ca12f7b5c1bdd211192a8d3af1ada2a5872f8
TR-30850,2024/08/19,2024-08-01,FIN,1000155,RECEITA,"R$ 1.916,79",1.875,BRL,Locação de espaço comercial - FIN,31,TRANSFERENCIA,PAGO,0b17011a-db1a-4f81-b66c-d44d1104daa1,2024-09-05,ERP_CORPORATIVO,TRANSACOES_FINANCEIRAS,30850,784c7bde9f337c4772318fc43c9d931a82cb9e2eaa8ec1274eb669cc72a91651
TR-30851,06/08/24,2024-08-01,CPT,1000155,DESPESA,"1.934,39",1.934,BRL,Locação de espaço comercial - CPT,31,BOLETO,PAGO,0b17011a-db1a-4f81-b66c-d44d1104daa1,2024-09-05,ERP_CORPORATIVO,TRANSACOES_FINANCEIRAS,30851,3591b3258d3ccb3fd00c9ff2e3054c504323805e5c327a59cba628699948af1e
TR-30852,15/08/24,2024-08-01,FIN,1000155,DESPESA,1.895,"R$ 1.894,77",BRL,Contrato de conectividade para área FIN,9,PIX,PAGO,0b17011a-db1a-4f81-b66c-d44d1104daa1,2024-09-05,ERP_CORPORATIVO,TRANSACOES_FINANCEIRAS,30852,079ee7db188ce79c0f5fb84f0cffc59d62da3707d6763772081502090206d7b7
TR-30853,08-19-2024,2024-08-01,OP,1000155,DESPESA,1.970,1.970,BRL,Apólice de seguro - OP,21,PIX,ATRASADO,0b17011a-db1a-4f81-b66c-d44d1104daa1,2024-09-05,ERP_CORPORATIVO,TRANSACOES_FINANCEIRAS,30853,bf07eb81cb19db9b96941c3204c16eee6551fb7eb501d7a30a05595045c0d449
TR-30854,23/08/2024,2024-08-01,RH,1000155,RECEITA,"2.115,84","R$2115,84",BRL,Contrato de conectividade para área RH,9,PIX,PAGO,0b17011a-db1a-4f81-b66c-d44d1104daa1,2024-09-05,ERP_CORPORATIVO,TRANSACOES_FINANCEIRAS,30854,7ad08e269af51c59c2b43657103bd463731a57dff0d12ed38168bca5c157544b
TR-31122,12/08/24,2024-08-01,COMP,FORN-00157,DESPESA,1849,1849,BRL,Contrato de serviço - setor COMP,1,BOLETO,PAGO,0b17011a-db1a-4f81-b66c-d44d1104daa1,2024-09-05,ERP_CORPORATIVO,TRANSACOES_FINANCEIRAS,31122,7d497e5e09bbbfe6b5a4840c0c4eb3b020d7aafcacd83785d38997d08e2081f0
TR-31123,2024/08/09,2024-08-01,LOG,FORN-00157,RECEITA,1542,"1.542,24",BRL,Campanha institucional - LOG,4,TED,PAGO,0b17011a-db1a-4f81-b66c-d44d1104daa1,2024-09-05,ERP_CORPORATIVO,TRANSACOES_FINANCEIRAS,31123,a016a41e8ba1b61b137963de8ff4fcccba4f3451d1345cec976701f0ef73572e
TR-31124,13/08/2024,2024-08-01,SEC,FORN-00157,DESPESA,"R$1684,75",1685,BRL,Despesa de infraestrutura - SEC,3,BOLETO,PAGO,0b17011a-db1a-4f81-b66c-d44d1104daa1,2024-09-05,ERP_CORPORATIVO,TRANSACOES_FINANCEIRAS,31124,95006a47e6f91cdaae19b07f9c7956cce9668b832ef161de34c2769b603187ea
TR-31125,08-22-2024,2024-08-01,FIN,FORN-00157,DESPESA,1665.03,"1.665,03",BRL,Produção de material gráfico - FIN,15,TED,PAGO,0b17011a-db1a-4f81-b66c-d44d1104daa1,2024-09-05,ERP_CORPORATIVO,TRANSACOES_FINANCEIRAS,31125,d0b112491e81b933be5c379bae2045a4549381d55b0a80f6e328e9e8630de9a2
TR-31126,Aug 12 2024,2024-08-01,ESG,FORN-00157,DESPESA,1605,"R$ 1.604,80",BRL,Assessoria legal vinculada à área ESG,7,TRANSFERENCIA,PAGO,0b17011a-db1a-4f81-b66c-d44d1104daa1,2024-09-05,ERP_CORPORATIVO,TRANSACOES_FINANCEIRAS,31126,5fb8284401775f7717a1616f10407537733e9af34acf606546969fb3778b0b54
TR-31127,12/08/24,2024-08-01,RH,FORN-00157,DESPESA,1558.44,"R$ 1.558,44",BRL,Serviço de tecnologia contratado por RH,5,TRANSFERENCIA,PAGO,0b17011a-db1a-4f81-b66c-d44d1104daa1,2024-09-05,ERP_CORPORATIVO,TRANSACOES_FINANCEIRAS,31127,d64308722717c72f905ce6705424222efc41f40412fde11d7bdc465537cbd682
TR-31128,19-08-2024,2024-08-01,FIN,FORN-00157,DESPESA,1864,1798.57,BRL,Despesa de infraestrutura - FIN,3,CARTAO,PAGO,0b17011a-db1a-4f81-b66c-d44d1104daa1,2024-09-05,ERP_CORPORATIVO,TRANSACOES_FINANCEIRAS,31128,2031acb250430a7fd4b47f97c8c4d8dcc228340802d2cec054ae9fcaa63b0b3d
TR-31129,05/08/24,2024-08-01,OP,FORN-00157,RECEITA,1630,1.582,BRL,Receita extraordinária - OP,37,TED,ATRASADO,0b17011a-db1a-4f81-b66c-d44d1104daa1,2024-09-05,ERP_CORPORATIVO,TRANSACOES_FINANCEIRAS,31129,2cf6ce7fbf6a34fbc7b640a7fce88c38eb9e74c74b9dd82ad9a00035988f94be
TR-31130,08-14-2024,2024-08-01,OP,FORN-00157,DESPESA,"R$1405,78","R$1405,78",BRL,Despesa de infraestrutura - OP,3,BOLETO,ATRASADO,0b17011a-db1a-4f81-b66c-d44d1104daa1,2024-09-05,ERP_CORPORATIVO,TRANSACOES_FINANCEIRAS,31130,1b6dd70d9cee284ca2619b9d6f12b70155840cf872057516d5c5fd1cd0873a4c
TR-31131,28/08/2024,2024-08-01,OP,FORN-00157,DESPESA,"R$3494,30","3.494,30",BRL,Serviço especializado solicitado por OP,1,CARTAO,PAGO,0b17011a-db1a-4f81-b66c-d44d1104daa1,2024-09-05,ERP_CORPORATIVO,TRANSACOES_FINANCEIRAS,31131,aacf9051d857faeaebd9dd602678b644741a4c48ca624a5f7426b89a7f5cce64
TR-31132,2024-08-12,2024-08-01,OP,FORN-00157,RECEITA,"1.746,74",1747,BRL,Serviço de tecnologia contratado por OP,5,PIX,ATRASADO,0b17011a-db1a-4f81-b66c-d44d1104daa1,2024-09-05,ERP_CORPORATIVO,TRANSACOES_FINANCEIRAS,31132,c1a2a61d3f32516d28f26701895ba82378390bc2a1ccbafa900b3b635e0e1846
TR-31133,2024/08/19,2024-08-01,ATD,FORN-00157,DESPESA,"R$1520,90",1502,BRL,Serviço técnico especializado para ATD,11,TRANSFERENCIA,PAGO,0b17011a-db1a-4f81-b66c-d44d1104daa1,2024-09-05,ERP_CORPORATIVO,TRANSACOES_FINANCEIRAS,31133,dbe3ca740cc76a4aace6277df3291489b09e701d05d376bd8da30f7ecac0eb74
TR-31134,2024/08/15,2024-08-01,MKT,FORN-00157,RECEITA,"R$1563,79","R$ 1.513,55",BRL,Estorno de receita - MKT,39,CARTAO,ATRASADO,0b17011a-db1a-4f81-b66c-d44d1104daa1,2024-09-05,ERP_CORPORATIVO,TRANSACOES_FINANCEIRAS,31134,6c7a4d5c919d05c645d0a6323dad30cbe40feb31a011c643f253a51b8620e523
TR-31135,2024-08-23,2024-08-01,RH,FORN-00157,DESPESA,627,"627,40",BRL,Aquisição de material operacional - RH,2,PIX,PAGO,0b17011a-db1a-4f81-b66c-d44d1104daa1,2024-09-05,ERP_CORPORATIVO,TRANSACOES_FINANCEIRAS,31135,31c328d1ff6bf81c2634b7fe654e3ef9f5346f4c0a81b145d2f45522827f436e
TR-31136,05-08-2024,2024-08-01,COMP,FORN-00157,DESPESA,2030.77,"R$2030,77",BRL,Prestação de serviço para área COMP,1,TRANSFERENCIA,PAGO,0b17011a-db1a-4f81-b66c-d44d1104daa1,2024-09-05,ERP_CORPORATIVO,TRANSACOES_FINANCEIRAS,31136,41cbc182f018cefcb439ab430369f7ebf82296fe4d9e0f283bcd1c326b18e834
TR-31137,20/08/24,2024-08-01,COMP,FORN-00157,RECEITA,1.818,"R$1817,95",BRL,Contrato de serviço - setor COMP,1,BOLETO,PAGO,0b17011a-db1a-4f81-b66c-d44d1104daa1,2024-09-05,ERP_CORPORATIVO,TRANSACOES_FINANCEIRAS,31137,0efffb4f4c36885106ef77c09a2afc6521f15e3e3d8b09a0bde8aa0f9eb41a64
TR-31138,14-08-2024,2024-08-01,TI,FORN-00157,DESPESA,806,806,BRL,Serviço relacionado a recursos humanos (TI),6,PIX,CANCELADO,0b17011a-db1a-4f81-b66c-d44d1104daa1,2024-09-05,ERP_CORPORATIVO,TRANSACOES_FINANCEIRAS,31138,ec88b40f0d2216d4a325235dbfd6971ce012e35e9c006fd4673dacf2a6ad4c2d
TR-31139,Aug 05 2024,2024-08-01,MKT,FORN-00157,DESPESA,1708.14,1708.14,BRL,Licenciamento de software - MKT,5,TRANSFERENCIA,PAGO,0b17011a-db1a-4f81-b66c-d44d1104daa1,2024-09-05,ERP_CORPORATIVO,TRANSACOES_FINANCEIRAS,31139,022ed3467a4140aff6e07eafb84863e53e9fdbbd95342c5036772dd87fd10929
TR-31140,Aug 19 2024,2024-08-01,COMP,FORN-00157,DESPESA,1495,"R$1494,97",BRL,Prestação de serviço para área COMP,1,TED,PAGO,0b17011a-db1a-4f81-b66c-d44d1104daa1,2024-09-05,ERP_CORPORATIVO,TRANSACOES_FINANCEIRAS,31140,e664ac56dede06372272416a91cb7307fa7c039ef86946cb253592a69c241de4
TR-31141,2024-08-19,2024-08-01,MKT,FORN-00157,RECEITA,1716,1715.53,USD,Royalties recebidos por MKT,32,PIX,PAGO,0b17011a-db1a-4f81-b66c-d44d1104daa1,2024-09-05,ERP_CORPORATIVO,TRANSACOES_FINANCEIRAS,31141,d095b64e066acf3d2382392634bf3a47bbb076d7403dc6ea028643f94a4209a1
TR-31142,19/08/24,2024-08-01,OP,FORN-00157,RECEITA,1462.39,1426.80,BRL,Treinamento corporativo para equipe OP,30,BOLETO,PAGO,0b17011a-db1a-4f81-b66c-d44d1104daa1,2024-09-05,ERP_CORPORATIVO,TRANSACOES_FINANCEIRAS,31142,e4c816492260b5a518c9b9d811e3e6118136bbf09bcc193b02a195e29f1180fc
TR-31300,12/08/24,2024-08-01,ESG,FORN-00158,DESPESA,1759.32,"R$ 1.677,77",BRL,Despesa de infraestrutura - ESG,3,PIX,PAGO,0b17011a-db1a-4f81-b66c-d44d1104daa1,2024-09-05,ERP_CORPORATIVO,TRANSACOES_FINANCEIRAS,31300,fb2cfcae8d336d0c9a4d94dda8c0c8763eb208a0b3ef2189b453ed99355d0416
TR-31301,Aug 06 2024,2024-08-01,COM,FORN-00158,DESPESA,1795.14,1.795,BRL,Custo operacional associado a COM,8,BOLETO,PAGO,0b17011a-db1a-4f81-b66c-d44d1104daa1,2024-09-05,ERP_CORPORATIVO,TRANSACOES_FINANCEIRAS,31301,1fb462554da95ab9cc1cff55a4a5234283aff88e2b84da5fd71d2ad5268c5b32
TR-31302,22-08-2024,2024-08-01,JUR,FORN-00158,RECEITA,1697.13,1697,BRL,Despesa operacional - JUR,8,TED,PAGO,0b17011a-db1a-4f81-b66c-d44d1104daa1,2024-09-05,ERP_CORPORATIVO,TRANSACOES_FINANCEIRAS,31302,736030ff7b882b9adabdb684ac332539b9a30c094bfc885f87dac578ccf3cfc0
TR-31303,2024-08-05,2024-08-01,FIN,FORN-00158,RECEITA,"R$ 1.919,96","R$ 1.919,96",BRL,Despesa operacional - FIN,8,CARTAO,PAGO,0b17011a-db1a-4f81-b66c-d44d1104daa1,2024-09-05,ERP_CORPORATIVO,TRANSACOES_FINANCEIRAS,31303,8f2cd080c1bf5ea1089b97b01b9dcdfc0de107fc490cbc5b0dfc63cba6ddf4c2
TR-31304,06/08/2024,2024-08-01,COMP,FORN-00158,DESPESA,"R$ 1.856,15",1.856,BRL,Serviços contábeis externos - COMP,25,PIX,PAGO,0b17011a-db1a-4f81-b66c-d44d1104daa1,2024-09-05,ERP_CORPORATIVO,TRANSACOES_FINANCEIRAS,31304,b728eeceb826e94c02540cc007afbbcaf6608a92c829107d535192b0107380a9
TR-31305,13/08/2024,2024-08-01,COMP,FORN-00158,DESPESA,"1.755,08","R$1755,08",BRL,Manutenção estrutural vinculada à área COMP,3,PIX,PAGO,0b17011a-db1a-4f81-b66c-d44d1104daa1,2024-09-05,ERP_CORPORATIVO,TRANSACOES_FINANCEIRAS,31305,9b01692bcfece8e7f84a8ae8fd97e46c797cc5e7c6399ca3a8a76e78dcbfd9d7
TR-31306,14/08/24,2024-08-01,ATD,FORN-00158,RECEITA,3604,3.604,BRL,Custo operacional associado a ATD,8,TED,PAGO,0b17011a-db1a-4f81-b66c-d44d1104daa1,2024-09-05,ERP_CORPORATIVO,TRANSACOES_FINANCEIRAS,31306,55c8fcb4efc3d808f8589eaaa0762c00c22070ce6dea22e91248b3f71a2e148f
TR-31307,2024-08-19,2024-08-01,COMP,FORN-00158,RECEITA,1.999,"1.999,49",BRL,Recebimento de subvenção - COMP,36,TRANSFERENCIA,PAGO,0b17011a-db1a-4f81-b66c-d44d1104daa1,2024-09-05,ERP_CORPORATIVO,TRANSACOES_FINANCEIRAS,31307,395e64ee0a10a777c26dd150e1f1c66e300fc88dad9d11a1412672ef15df307c
TR-31503,16/08/2024,2024-08-01,PRD,ACC-00159,DESPESA,"R$3146,13","R$3146,13",BRL,Serviço de tecnologia contratado por PRD,5,BOLETO,PAGO,0b17011a-db1a-4f81-b66c-d44d1104daa1,2024-09-05,ERP_CORPORATIVO,TRANSACOES_FINANCEIRAS,31503,2b08aeb09e30e60cb18243240d3960af4e4978c74d83cbc8e75caea283f4c38a
TR-31504,09/08/24,2024-08-01,COMP,ACC-00159,DESPESA,"R$6742,80",6.602,BRL,Despesa de refeição em deslocamento (COMP),20,PIX,PAGO,0b17011a-db1a-4f81-b66c-d44d1104daa1,2024-09-05,ERP_CORPORATIVO,TRANSACOES_FINANCEIRAS,31504,ffdbfb645879a28b58093a5c9e592fc93d2759ba089ab9950baa5d29b8e2893c
TR-31505,Aug 19 2024,2024-08-01,MKT,ACC-00159,RECEITA,"7.966,92",7967,BRL,Honorários jurídicos - MKT,7,PIX,PAGO,0b17011a-db1a-4f81-b66c-d44d1104daa1,2024-09-05,ERP_CORPORATIVO,TRANSACOES_FINANCEIRAS,31505,aded30f9ebc420a81b55746a3c05159f0a603d5347d08adde18a3e01ca14e165
TR-31506,08-13-2024,2024-08-01,PES,ACC-00159,DESPESA,"6.050,38",6050.38,USD,Investimento em marketing corporativo (PES),4,TED,PAGO,0b17011a-db1a-4f81-b66c-d44d1104daa1,2024-09-05,ERP_CORPORATIVO,TRANSACOES_FINANCEIRAS,31506,3f4c3d132f4a4e0d36ecbcba817f07c3acf4136168543b2a5ba5d49e1400418d
TR-31507,08-20-2024,2024-08-01,TI,ACC-00159,DESPESA,6014,"6.013,59",BRL,Aquisição de material operacional - TI,2,TRANSFERENCIA,ATRASADO,0b17011a-db1a-4f81-b66c-d44d1104daa1,2024-09-05,ERP_CORPORATIVO,TRANSACOES_FINANCEIRAS,31507,711b08382952fcf80dcb570c8bf8c579be774d222c8d4e03f571511afacf3ffe
TR-31508,2024-08-27,2024-08-01,FIN,ACC-00159,DESPESA,"R$ 6.640,24","R$6640,24",BRL,Material de marketing solicitado por FIN,15,TED,PAGO,0b17011a-db1a-4f81-b66c-d44d1104daa1,2024-09-05,ERP_CORPORATIVO,TRANSACOES_FINANCEIRAS,31508,ab0397510b5f57ca65a66ca3537f5cb52ad67365fde7ce99ba664b1bbf57becb
TR-31509,2024-08-15,2024-08-01,CPT,ACC-00159,RECEITA,6563.95,6.564,BRL,Aquisição de material operacional - CPT,2,PIX,PAGO,0b17011a-db1a-4f81-b66c-d44d1104daa1,2024-09-05,ERP_CORPORATIVO,TRANSACOES_FINANCEIRAS,31509,76ef61bce871dbde32c35112c28af135a0a5f6f15ef71143ca9521708880405c
TR-31510,19-08-2024,2024-08-01,VND,ACC-00159,DESPESA,"R$ 6.586,35",6586,BRL,Compra de insumos para setor VND,2,CARTAO,PAGO,0b17011a-db1a-4f81-b66c-d44d1104daa1,2024-09-05,ERP_CORPORATIVO,TRANSACOES_FINANCEIRAS,31510,5f9d4a79dbf55f579092c221af818e69592525a1d7992eee529f4f57f91105b4
TR-31511,Aug 16 2024,2024-08-01,CPT,ACC-00159,DESPESA,6257.99,5.953,USD,Despesa de refeição em deslocamento (CPT),20,TED,PAGO,0b17011a-db1a-4f81-b66c-d44d1104daa1,2024-09-05,ERP_CORPORATIVO,TRANSACOES_FINANCEIRAS,31511,2a6eab51ffabbb467d4cde96d73aca704188caa47eceaa22455766fa8566cbb6
TR-31512,Aug 27 2024,2024-08-01,ESG,ACC-00159,RECEITA,5266.48,"R$ 5.110,06",BRL,Promoção e atividade externa - ESG,14,PIX,PAGO,0b17011a-db1a-4f81-b66c-d44d1104daa1,2024-09-05,ERP_CORPORATIVO,TRANSACOES_FINANCEIRAS,31512,91f74956971ceb7c315b975d418085807a45c4eff7ff14a2fdb701d4a85f4b11
TR-31513,08-16-2024,2024-08-01,RH,ACC-00159,RECEITA,"R$ 6.548,03","R$ 6.548,03",BRL,Receita de aluguel creditada em RH,31,CARTAO,PAGO,0b17011a-db1a-4f81-b66c-d44d1104daa1,2024-09-05,ERP_CORPORATIVO,TRANSACOES_FINANCEIRAS,31513,500fc2c0b69799009cc4a8f86aafb5e6363b526fa6819bb73c4e4a31ca75f7cd
TR-31514,08-14-2024,2024-08-01,RH,ACC-00159,RECEITA,"R$ 6.389,62",6321.84,BRL,Compra de insumos para setor RH,2,TED,PAGO,0b17011a-db1a-4f81-b66c-d44d1104daa1,2024-09-05,ERP_CORPORATIVO,TRANSACOES_FINANCEIRAS,31514,3bc1fc6aaf700f08414b7743624644e395ee7882e830d5ff9493ab72aaaf7e21
TR-31515,13/08/2024,2024-08-01,QAS,ACC-00159,RECEITA,"R$ 5.476,87",5256.59,BRL,Receita de comissão comercial - QAS,33,TED,PAGO,0b17011a-db1a-4f81-b66c-d44d1104daa1,2024-09-05,ERP_CORPORATIVO,TRANSACOES_FINANCEIRAS,31515,7ef79b2cd938c6d279784cd40cb45a233a177883ed9f076658fc215894db28a5
TR-31516,09/08/24,2024-08-01,FIN,ACC-00159,RECEITA,"R$ 6.804,43","R$ 6.804,43",BRL,Capacitação profissional vinculada a FIN,30,BOLETO,PAGO,0b17011a-db1a-4f81-b66c-d44d1104daa1,2024-09-05,ERP_CORPORATIVO,TRANSACOES_FINANCEIRAS,31516,7675369ced1098d957fe3d53211cbfdc969fba1269b61f1ba2c1e8f17c0700cd
TR-31517,08-13-2024,2024-08-01,PES,ACC-00159,DESPESA,6906.09,6906,BRL,Hospedagem em viagem a serviço de PES,19,PIX,PAGO,0b17011a-db1a-4f81-b66c-d44d1104daa1,2024-09-05,ERP_CORPORATIVO,TRANSACOES_FINANCEIRAS,31517,4553dbae51b633f7fa214651b87de9f83a3b9fd82ed18e519bb27bb9402f538d
TR-31518,19/08/2024,2024-08-01,TI,ACC-00159,DESPESA,6788.51,"6.788,51",BRL,Custo operacional associado a TI,8,TRANSFERENCIA,PAGO,0b17011a-db1a-4f81-b66c-d44d1104daa1,2024-09-05,ERP_CORPORATIVO,TRANSACOES_FINANCEIRAS,31518,a5fb1c5707b52907016f7fb44db42897bbb02bb1be1cd03a35b12b073faa055e
TR-31547,2024-08-19,2024-08-01,RH,1000159,DESPESA,5.975,"R$ 5.975,26",BRL,Custo operacional associado a RH,8,BOLETO,PAGO,0b17011a-db1a-4f81-b66c-d44d1104daa1,2024-09-05,ERP_CORPORATIVO,TRANSACOES_FINANCEIRAS,31547,7f3049e58554c4dde46a2ed023ffaa3bb135339736187bb546f773ad6f734450
TR-31548,08-12-2024,2024-08-01,CTB,1000159,DESPESA,2179.99,2152.25,BRL,Assessoria legal vinculada à área CTB,7,PIX,PAGO,0b17011a-db1a-4f81-b66c-d44d1104daa1,2024-09-05,ERP_CORPORATIVO,TRANSACOES_FINANCEIRAS,31548,aa3bc8f50857afd4d04494e1e82885ecbac5bd27a89503679038835e822b6693
TR-31549,23/08/24,2024-08-01,JUR,1000159,RECEITA,"2.503,19",2.503,BRL,Honorarium advocatício - JUR,24,TED,PAGO,0b17011a-db1a-4f81-b66c-d44d1104daa1,2024-09-05,ERP_CORPORATIVO,TRANSACOES_FINANCEIRAS,31549,351d945b008a93c36f77d9ae49d17787855329d10ee7a60c001033e6f43b7baa
TR-31550,2024-08-08,2024-08-01,RH,1000159,DESPESA,2265.31,"R$2265,31",BRL,Custo operacional associado a RH,8,TRANSFERENCIA,PAGO,0b17011a-db1a-4f81-b66c-d44d1104daa1,2024-09-05,ERP_CORPORATIVO,TRANSACOES_FINANCEIRAS,31550,b8d5f3bb5f9d0d00ca3f21932858acd8cf8ef89023799fa54d58e2331edabcba
TR-31551,01/08/2024,2024-08-01,COM,1000159,RECEITA,2169.23,"2.134,46",BRL,Serviço especializado solicitado por COM,1,TRANSFERENCIA,PAGO,0b17011a-db1a-4f81-b66c-d44d1104daa1,2024-09-05,ERP_CORPORATIVO,TRANSACOES_FINANCEIRAS,31551,cc01cb72d683ec884e99c5b0b59286df0599f2a5f493b2712da4680471b36529
TR-31552,08-26-2024,2024-08-01,TI,1000159,RECEITA,"R$ 2.262,42",2222.31,BRL,Renovação de certificados digitais - TI,26,TED,PAGO,0b17011a-db1a-4f81-b66c-d44d1104daa1,2024-09-05,ERP_CORPORATIVO,TRANSACOES_FINANCEIRAS,31552,405dca56f7225ba42e1c8b1896162fdeeb74c782812dbab1365563039d8a33ec
TR-31553,12/08/2024,2024-08-01,MKT,1000159,DESPESA,2012.69,2.013,BRL,Produção de material gráfico - MKT,15,TED,PAGO,0b17011a-db1a-4f81-b66c-d44d1104daa1,2024-09-05,ERP_CORPORATIVO,TRANSACOES_FINANCEIRAS,31553,7e230fbff5528dc3b9137719f0f465014ea91c4cf34bb212552c8da4a5df960f
TR-31554,2024-08-15,2024-08-01,LOG,1000159,DESPESA,"1.915,21","1.915,21",BRL,Consultoria estratégica para área LOG,12,BOLETO,PAGO,0b17011a-db1a-4f81-b66c-d44d1104daa1,2024-09-05,ERP_CORPORATIVO,TRANSACOES_FINANCEIRAS,31554,042d0309ec65277f71a31ade512ccdd6be242024b8a2f3ca27e1f4d1ec668e44
TR-31555,08-16-2024,2024-08-01,OP,1000159,DESPESA,"R$ 2.057,92","R$1968,50",USD,Licenciamento de software - OP,5,PIX,CANCELADO,0b17011a-db1a-4f81-b66c-d44d1104daa1,2024-09-05,ERP_CORPORATIVO,TRANSACOES_FINANCEIRAS,31555,7cb2833775878bd17e3b45ef6ada3755627f5b19ab73b5c39f60adcb8b00f86f
TR-31556,13/08/2024,2024-08-01,MKT,1000159,RECEITA,"R$2045,38","R$2045,38",BRL,Resultado de equivalência patrimonial - MKT,34,BOLETO,PAGO,0b17011a-db1a-4f81-b66c-d44d1104daa1,2024-09-05,ERP_CORPORATIVO,TRANSACOES_FINANCEIRAS,31556,c081d2a96eca7c254c7d2a561ded1e5a4e8f67facecb8d6f5bac45311f27b2d6
TR-31557,08-05-2024,2024-08-01,OP,1000159,DESPESA,"R$7537,78","7.453,07",BRL,Prestação de serviço para área OP,1,PIX,PAGO,0b17011a-db1a-4f81-b66c-d44d1104daa1,2024-09-05,ERP_CORPORATIVO,TRANSACOES_FINANCEIRAS,31557,2a3179be2d1dd023e228332c0ad9bd50e93c07c3630a1333c5ef865c69c285b7
TR-31558,2024-08-16,2024-08-01,OP,1000159,DESPESA,2753,"R$2752,85",BRL,Licenciamento de software - OP,5,BOLETO,PAGO,0b17011a-db1a-4f81-b66c-d44d1104daa1,2024-09-05,ERP_CORPORATIVO,TRANSACOES_FINANCEIRAS,31558,d1f37d6efa9d1107cf08ade3d9d73172ecc3247ed23e3dfdfdc939298c3b7454
TR-31559,29-08-2024,2024-08-01,MKT,1000159,RECEITA,2750,2657.91,BRL,Contrato de serviço - setor MKT,1,TED,PAGO,0b17011a-db1a-4f81-b66c-d44d1104daa1,2024-09-05,ERP_CORPORATIVO,TRANSACOES_FINANCEIRAS,31559,549939ef50c0c8fdb3004ee75a96df2c8f93ffdd00df6edb75215e5c1d08308b
TR-31560,19/08/24,2024-08-01,FIN,1000159,DESPESA,2011,2.011,BRL,Manutenção preventiva de veículos - FIN,17,TRANSFERENCIA,ATRASADO,0b17011a-db1a-4f81-b66c-d44d1104daa1,2024-09-05,ERP_CORPORATIVO,TRANSACOES_FINANCEIRAS,31560,9fb54e3984640f568f03a29e253b5233713909b1a8526cab7fbf8f10281e660b
TR-31561,14-08-2024,2024-08-01,FIN,1000159,DESPESA,"R$2707,27",2707,BRL,Alienação de bem patrimonial - FIN,35,TRANSFERENCIA,PAGO,0b17011a-db1a-4f81-b66c-d44d1104daa1,2024-09-05,ERP_CORPORATIVO,TRANSACOES_FINANCEIRAS,31561,0e4e5c95fc20f729eea98d73b3a1a930da829ce9a2e191dc22399ea0f63bb5a4
TR-31562,Aug 20 2024,2024-08-01,PJT,1000159,DESPESA,"2.115,32","2.115,32",BRL,Investimento em marketing corporativo (PJT),4,BOLETO,PAGO,0b17011a-db1a-4f81-b66c-d44d1104daa1,2024-09-05,ERP_CORPORATIVO,TRANSACOES_FINANCEIRAS,31562,de5d55a74ae62f08a1ea9b401253481d3dfc45496a841c7833519c9e4f2bf3d6
TR-31863,15/08/24,2024-08-01,COM,ACC-00161,DESPESA,1637,"R$ 1.581,09",BRL,Serviço de tecnologia contratado por COM,5,CARTAO,PAGO,0b17011a-db1a-4f81-b66c-d44d1104daa1,2024-09-05,ERP_CORPORATIVO,TRANSACOES_FINANCEIRAS,31863,9968806e209b2c489ae882cef19ecda8b73ecfca7a09cb8229f1bcca56d4abc2
TR-31864,2024-08-16,2024-08-01,PRD,ACC-00161,DESPESA,"1.418,41","R$ 1.418,41",BRL,Abatimento comercial registrado em PRD,38,PIX,PAGO,0b17011a-db1a-4f81-b66c-d44d1104daa1,2024-09-05,ERP_CORPORATIVO,TRANSACOES_FINANCEIRAS,31864,b15a51e9b0130f8842118edb6a9ddce0618897048cfe086b96adef2ed69cdf5a
TR-31865,19/08/24,2024-08-01,COMP,ACC-00161,RECEITA,"R$1327,81",1.328,BRL,Serviço de telefonia e internet - COMP,9,PIX,PAGO,0b17011a-db1a-4f81-b66c-d44d1104daa1,2024-09-05,ERP_CORPORATIVO,TRANSACOES_FINANCEIRAS,31865,a3122456ec55fa0b3ed4c98a1f2bb51cd1cc5853480882b68b3abb6e633775fc
TR-31866,27-08-2024,2024-08-01,FIN,ACC-00161,DESPESA,"R$ 1.613,95",1.614,BRL,Despesa operacional - FIN,8,PIX,PAGO,0b17011a-db1a-4f81-b66c-d44d1104daa1,2024-09-05,ERP_CORPORATIVO,TRANSACOES_FINANCEIRAS,31866,7ed531202d00323b9dd93bc8240d42759b75bec0373f2ddaf8f3403d4f62c88c
TR-31867,Aug 05 2024,2024-08-01,COM,ACC-00161,DESPESA,"R$1589,01",1589,USD,Manutenção estrutural vinculada à área COM,3,TRANSFERENCIA,PAGO,0b17011a-db1a-4f81-b66c-d44d1104daa1,2024-09-05,ERP_CORPORATIVO,TRANSACOES_FINANCEIRAS,31867,26ccad7ab9961f4d371e27cc2323bd293493f16be8ee12c2d8692a990f3555cd
TR-31868,16/08/2024,2024-08-01,COMP,ACC-00161,DESPESA,"R$ 1.252,54","1.252,54",BRL,Compra de insumos para setor COMP,2,TED,PAGO,0b17011a-db1a-4f81-b66c-d44d1104daa1,2024-09-05,ERP_CORPORATIVO,TRANSACOES_FINANCEIRAS,31868,58d00d24b97754ff3533a23c86fe13d3a11f9aadf79e7c5839ecb2432f608331
TR-31869,08-05-2024,2024-08-01,OP,ACC-00161,DESPESA,"R$ 1.635,76",1635.76,BRL,Capacitação profissional vinculada a OP,30,PIX,PAGO,0b17011a-db1a-4f81-b66c-d44d1104daa1,2024-09-05,ERP_CORPORATIVO,TRANSACOES_FINANCEIRAS,31869,8d33f5fce557fb20247d4309e1f663a19efeeb115d7ae233db85dd85aba26306
TR-31870,2024/08/19,2024-08-01,ATD,ACC-00161,DESPESA,"R$1282,09","1.282,09",BRL,Aquisição de material operacional - ATD,2,PIX,PAGO,0b17011a-db1a-4f81-b66c-d44d1104daa1,2024-09-05,ERP_CORPORATIVO,TRANSACOES_FINANCEIRAS,31870,c3f7b6857a240b9687009d2c1c6fbea6e54d168a816720ea76d701ef0d18beb4
TR-31871,Aug 21 2024,2024-08-01,COM,ACC-00161,RECEITA,"1.474,63","R$1425,04",BRL,Apólice de seguro - COM,21,TRANSFERENCIA,PAGO,0b17011a-db1a-4f81-b66c-d44d1104daa1,2024-09-05,ERP_CORPORATIVO,TRANSACOES_FINANCEIRAS,31871,f87bd33e25bb75292442fba34ec8c50c317a593b78dda75b429115d6ef4b18e9
TR-32140,2024/08/21,2024-08-01,JUR,ACC-00162,RECEITA,"R$2909,66","2.909,66",BRL,Reparo e conservação de instalações - JUR,10,TED,PAGO,0b17011a-db1a-4f81-b66c-d44d1104daa1,2024-09-05,ERP_CORPORATIVO,TRANSACOES_FINANCEIRAS,32140,71aec65d106fdfe7847ba069e67a41ec77db26e80a42c3a23825b77b07879701
TR-32141,Aug 07 2024,2024-08-01,OP,ACC-00162,DESPESA,"R$1988,05",1965.17,BRL,Honorários jurídicos - OP,7,BOLETO,PAGO,0b17011a-db1a-4f81-b66c-d44d1104daa1,2024-09-05,ERP_CORPORATIVO,TRANSACOES_FINANCEIRAS,32141,9ac94209cb9699e00ee596b560fe6f860faf30016bb906bea39e43db4fb57df4
TR-32142,2024/08/16,2024-08-01,QAS,ACC-00162,DESPESA,"R$ 1.985,81","R$ 1.985,81",BRL,Doação recebida em favor de QAS,36,TED,ATRASADO,0b17011a-db1a-4f81-b66c-d44d1104daa1,2024-09-05,ERP_CORPORATIVO,TRANSACOES_FINANCEIRAS,32142,2c5c9aa1253f179e4eb935b21f7681ab64cbc4cdd8d2ab75c4fa28b4479546f2
TR-32143,2024/08/19,2024-08-01,TI,ACC-00162,DESPESA,2272.33,"2.190,44",BRL,Direitos de propriedade intelectual - TI,32,TED,PAGO,0b17011a-db1a-4f81-b66c-d44d1104daa1,2024-09-05,ERP_CORPORATIVO,TRANSACOES_FINANCEIRAS,32143,ffa63f88a371e10f3abf1fde42c74da772cbc70e968180ba2c1d5ba3c9c1c84c
TR-32144,21-08-2024,2024-08-01,LOG,ACC-00162,DESPESA,"1.794,09","R$1794,09",BRL,Contrato de serviço - setor LOG,1,CARTAO,PAGO,0b17011a-db1a-4f81-b66c-d44d1104daa1,2024-09-05,ERP_CORPORATIVO,TRANSACOES_FINANCEIRAS,32144,8e35b6bae118fd4d53cb641d92b8aa1638a71736142031ee2bd7935ea1fb8735
TR-32145,2024-08-15,2024-08-01,CPT,ACC-00162,DESPESA,1943.94,1.944,BRL,Assessoria legal vinculada à área CPT,7,TRANSFERENCIA,PAGO,0b17011a-db1a-4f81-b66c-d44d1104daa1,2024-09-05,ERP_CORPORATIVO,TRANSACOES_FINANCEIRAS,32145,d8b9716ee4de747ac459190db3af80621ec9baca47efdbb6d8cd6c7d56d77f94
TR-32146,2024-08-14,2024-08-01,PES,ACC-00162,RECEITA,"R$ 2.292,89","2.292,89",BRL,Encargos de empréstimo vinculados a PES,23,BOLETO,PAGO,0b17011a-db1a-4f81-b66c-d44d1104daa1,2024-09-05,ERP_CORPORATIVO,TRANSACOES_FINANCEIRAS,32146,5540c0b24da16aa10fa9231d3925ee5eda4c71a772fc8dcadc3a5fb7d835fa2a
TR-32147,08-19-2024,2024-08-01,ATD,ACC-00162,DESPESA,"R$1918,04",1.867,BRL,Reparo de frota vinculado à área ATD,17,BOLETO,PAGO,0b17011a-db1a-4f81-b66c-d44d1104daa1,2024-09-05,ERP_CORPORATIVO,TRANSACOES_FINANCEIRAS,32147,9544adffd5dde0c2dc5a096fcb48e85af140c935f8551eb05818904d49e4ac1e
TR-32148,Aug 26 2024,2024-08-01,VND,ACC-00162,RECEITA,2.406,"2.340,61",BRL,Despesa operacional - VND,8,BOLETO,PAGO,0b17011a-db1a-4f81-b66c-d44d1104daa1,2024-09-05,ERP_CORPORATIVO,TRANSACOES_FINANCEIRAS,32148,7b4b1001d6cb4cc963e664a5d3ea71da7425651bed0bbab72505d91db19b4ff7
TR-32149,2024-08-13,2024-08-01,TI,ACC-00162,DESPESA,1.926,"1.926,41",BRL,Desconto concedido em operação de TI,38,TED,PAGO,0b17011a-db1a-4f81-b66c-d44d1104daa1,2024-09-05,ERP_CORPORATIVO,TRANSACOES_FINANCEIRAS,32149,371127ca5d3d0ab00a2c5cd22989afc714198d5ee959fb044316f524badee79d
TR-32150,Aug 14 2024,2024-08-01,COM,ACC-00162,DESPESA,"R$ 1.839,85",1840,BRL,Manutenção preventiva de veículos - COM,17,PIX,PAGO,0b17011a-db1a-4f81-b66c-d44d1104daa1,2024-09-05,ERP_CORPORATIVO,TRANSACOES_FINANCEIRAS,32150,b455380c3bfe83f0cbf309e93638876f1635e422fe8c10e4a3d80dae56bdc5e8
TR-32151,12-08-2024,2024-08-01,CTB,ACC-00162,DESPESA,1964.37,"R$1915,08",BRL,Tributo incidente sobre receita de CTB,40,PIX,CANCELADO,0b17011a-db1a-4f81-b66c-d44d1104daa1,2024-09-05,ERP_CORPORATIVO,TRANSACOES_FINANCEIRAS,32151,7f63f7d31e8d14b6b4e3002319bbaa142f59927ca0b2959f835fc35e1ca01e70
TR-32509,23-08-2024,2024-08-01,QAS,1000162,DESPESA,"R$ 16.295,53","16.203,76",BRL,Evento corporativo organizado por QAS,14,BOLETO,PAGO,0b17011a-db1a-4f81-b66c-d44d1104daa1,2024-09-05,ERP_CORPORATIVO,TRANSACOES_FINANCEIRAS,32509,80cb62f015cfecfbebf33d196382e47dd7827576a44117985bb1074a2248233b
TR-32510,Aug 28 2024,2024-08-01,COMP,1000162,DESPESA,"3.938,48",3769,BRL,Serviço especializado solicitado por COMP,1,PIX,ATRASADO,0b17011a-db1a-4f81-b66c-d44d1104daa1,2024-09-05,ERP_CORPORATIVO,TRANSACOES_FINANCEIRAS,32510,1669a3ea8f51548a438fd49d58e3f0c3066751f686326095e7b34a4dadc15e74
TR-32511,Aug 12 2024,2024-08-01,RH,1000162,DESPESA,"5.329,47","5.329,47",BRL,Prestação de serviço para área RH,1,TED,PAGO,0b17011a-db1a-4f81-b66c-d44d1104daa1,2024-09-05,ERP_CORPORATIVO,TRANSACOES_FINANCEIRAS,32511,f284410961276ca4e5166a69b4ea51714f014da4cf51e8a252df55371731610a
TR-32512,2024-08-23,2024-08-01,COM,1000162,DESPESA,4.995,"R$ 4.852,41",BRL,Honorários profissionais contratados por COM,11,BOLETO,PAGO,0b17011a-db1a-4f81-b66c-d44d1104daa1,2024-09-05,ERP_CORPORATIVO,TRANSACOES_FINANCEIRAS,32512,a3d212124cdb31480d9c79802915264de23fcb20f55b77fbcc2d95ec565c5455
TR-32513,2024/08/07,2024-08-01,PES,1000162,RECEITA,"4.538,16",4538.16,BRL,Juros sobre operação financeira - PES,23,TED,ATRASADO,0b17011a-db1a-4f81-b66c-d44d1104daa1,2024-09-05,ERP_CORPORATIVO,TRANSACOES_FINANCEIRAS,32513,2607ef99aa2d28df68bdee72556aa50ac21ca52d4b8866c4def58ec5e0176833
TR-32514,12-08-2024,2024-08-01,RH,1000162,DESPESA,12681,12.681,USD,Aquisição de material operacional - RH,2,BOLETO,CANCELADO,0b17011a-db1a-4f81-b66c-d44d1104daa1,2024-09-05,ERP_CORPORATIVO,TRANSACOES_FINANCEIRAS,32514,6857d9e4046708d67a143554240b4e14e808bb19aca8c276d5e5c6bb7818ae38
TR-32629,19-08-2024,2024-08-01,FIN,FORN-00164,DESPESA,7704.72,"R$7704,72",BRL,Tarifas de serviços financeiros - FIN,22,PIX,PAGO,0b17011a-db1a-4f81-b66c-d44d1104daa1,2024-09-05,ERP_CORPORATIVO,TRANSACOES_FINANCEIRAS,32629,434b2bd0c1e1f68117870a9180231f2f3732c18cee00a10b4b2adfe63e84f6ce
TR-32630,08-12-2024,2024-08-01,ATD,FORN-00164,DESPESA,8190.40,8.190,BRL,Manutenção predial solicitada por ATD,10,BOLETO,PAGO,0b17011a-db1a-4f81-b66c-d44d1104daa1,2024-09-05,ERP_CORPORATIVO,TRANSACOES_FINANCEIRAS,32630,3c81c35995834f07d6eda2da9c27708af5f8d9d91196f2d327fe065f399756eb
TR-32631,08/08/2024,2024-08-01,JUR,FORN-00164,DESPESA,6985.76,"R$6985,76",BRL,Propaganda e divulgação para área JUR,13,TED,ATRASADO,0b17011a-db1a-4f81-b66c-d44d1104daa1,2024-09-05,ERP_CORPORATIVO,TRANSACOES_FINANCEIRAS,32631,7d2ace4676a393b7ca0b7077716e2cf341d6a1620ba90a28c0d41f7c3666ef52
TR-32632,08-14-2024,2024-08-01,FIN,FORN-00164,DESPESA,"R$ 21.242,33",20946.17,BRL,Resultado de equivalência patrimonial - FIN,34,TRANSFERENCIA,CANCELADO,0b17011a-db1a-4f81-b66c-d44d1104daa1,2024-09-05,ERP_CORPORATIVO,TRANSACOES_FINANCEIRAS,32632,dd7b7f8e2d7ffa79928b5f910a004cfcbdd0562673d589a218a2a2075159342b
TR-32633,08-15-2024,2024-08-01,COM,FORN-00164,RECEITA,"R$ 6.360,87","R$ 6.360,87",BRL,Treinamento corporativo para equipe COM,30,BOLETO,ATRASADO,0b17011a-db1a-4f81-b66c-d44d1104daa1,2024-09-05,ERP_CORPORATIVO,TRANSACOES_FINANCEIRAS,32633,e2b2bd8f365dcaf39c31ee4486454d553aaed30940c35d811343215a28c1fdf5
TR-32634,19/08/24,2024-08-01,VND,FORN-00164,RECEITA,"R$ 7.341,23",7.341,USD,Publicidade institucional - VND,13,PIX,PAGO,0b17011a-db1a-4f81-b66c-d44d1104daa1,2024-09-05,ERP_CORPORATIVO,TRANSACOES_FINANCEIRAS,32634,660a1d7d4a54e3d428986390fdcae31d5cb482536d5027e1becb5cf718db14ba
TR-32635,2024-08-07,2024-08-01,PES,FORN-00164,DESPESA,7.269,"R$ 7.268,82",BRL,Serviço relacionado a recursos humanos (PES),6,BOLETO,PAGO,0b17011a-db1a-4f81-b66c-d44d1104daa1,2024-09-05,ERP_CORPORATIVO,TRANSACOES_FINANCEIRAS,32635,f55a840755f5bcd616cfcdbb78e00993406e27e91eee34c1041e93fd520b5aa6
TR-32636,2024-08-16,2024-08-01,QAS,FORN-00164,DESPESA,"R$7008,24","R$6798,74",BRL,Consultoria estratégica para área QAS,12,BOLETO,PAGO,0b17011a-db1a-4f81-b66c-d44d1104daa1,2024-09-05,ERP_CORPORATIVO,TRANSACOES_FINANCEIRAS,32636,eaad58f59f5bdfcbbe03f20fa6cf2f05792d79dde40fa9b4670d8ee38341c111
TR-32637,08-26-2024,2024-08-01,MKT,FORN-00164,RECEITA,6084,"R$ 6.083,86",BRL,Abatimento comercial registrado em MKT,38,BOLETO,PAGO,0b17011a-db1a-4f81-b66c-d44d1104daa1,2024-09-05,ERP_CORPORATIVO,TRANSACOES_FINANCEIRAS,32637,09dea132719b708255d680f9784941afe893fe77458d8593295aef090fd064c4
TR-32638,2024/08/09,2024-08-01,FIN,FORN-00164,DESPESA,8563,"R$ 8.372,59",BRL,Suporte técnico para sistemas de FIN,29,TED,PAGO,0b17011a-db1a-4f81-b66c-d44d1104daa1,2024-09-05,ERP_CORPORATIVO,TRANSACOES_FINANCEIRAS,32638,96f63bb5abc0960c4ed7badac4ca2fd1038c9d85db607ddf9385becf05ec94c3
TR-32639,15/08/2024,2024-08-01,ATD,FORN-00164,DESPESA,"8.240,04",8102.84,BRL,Despesa de infraestrutura - ATD,3,TRANSFERENCIA,PAGO,0b17011a-db1a-4f81-b66c-d44d1104daa1,2024-09-05,ERP_CORPORATIVO,TRANSACOES_FINANCEIRAS,32639,d1be0b3f0c63ab2df2ac97c1291693724a0d964e35dd589e88381033d90cbd7b
TR-32640,Aug 26 2024,2024-08-01,TI,FORN-00164,RECEITA,7972.08,7972.08,BRL,Consultoria estratégica para área TI,12,BOLETO,PAGO,0b17011a-db1a-4f81-b66c-d44d1104daa1,2024-09-05,ERP_CORPORATIVO,TRANSACOES_FINANCEIRAS,32640,d3118648ac54420db181afddd020306d509e61749d06f27420f0004d3f199ab7
TR-32641,Aug 23 2024,2024-08-01,ADM,FORN-00164,DESPESA,7052.89,7053,BRL,Manutenção estrutural vinculada à área ADM,3,BOLETO,PAGO,0b17011a-db1a-4f81-b66c-d44d1104daa1,2024-09-05,ERP_CORPORATIVO,TRANSACOES_FINANCEIRAS,32641,2be3f02048c371b5ff7701aa8fbad660fa90c861e8f1782219ceb6d45618ce80
TR-32642,2024/08/13,2024-08-01,RH,FORN-00164,DESPESA,"R$7210,25","7.210,25",BRL,Combustível e lubrificantes para frota (RH),16,BOLETO,PAGO,0b17011a-db1a-4f81-b66c-d44d1104daa1,2024-09-05,ERP_CORPORATIVO,TRANSACOES_FINANCEIRAS,32642,e063be3f5ec68102c8109409e00d26a081978daa8fd47b886a0c9085f8d7dff3
TR-32793,2024/08/21,2024-08-01,RH,FORN-00165,RECEITA,2476,"2.476,01",BRL,Campanha institucional - RH,4,TRANSFERENCIA,PAGO,0b17011a-db1a-4f81-b66c-d44d1104daa1,2024-09-05,ERP_CORPORATIVO,TRANSACOES_FINANCEIRAS,32793,19ea849ec28f6dfb53a780fc17c9d6b1709f10280a3beb2781f28544fe398dd8
TR-32794,13/08/24,2024-08-01,OP,FORN-00165,RECEITA,"2.150,89","R$2150,89",BRL,Participação nos resultados vinculada a OP,34,PIX,PAGO,0b17011a-db1a-4f81-b66c-d44d1104daa1,2024-09-05,ERP_CORPORATIVO,TRANSACOES_FINANCEIRAS,32794,f56d49d84e8e5b983190fcf8cba58130064af9a2cf7e55006fa77ae2f3f8af88
TR-32795,Aug 12 2024,2024-08-01,CPT,FORN-00165,DESPESA,2207.44,2118,BRL,Manutenção preventiva de veículos - CPT,17,PIX,CANCELADO,0b17011a-db1a-4f81-b66c-d44d1104daa1,2024-09-05,ERP_CORPORATIVO,TRANSACOES_FINANCEIRAS,32795,b963139fa75b7b5f2cf835abce2d9710766f9dc4a3a2e26a64fc457cf01a6a0c
TR-32796,2024/08/05,2024-08-01,ESG,FORN-00165,RECEITA,2079.50,"R$ 1.975,94",BRL,Diária de hotel para equipe ESG,19,BOLETO,PAGO,0b17011a-db1a-4f81-b66c-d44d1104daa1,2024-09-05,ERP_CORPORATIVO,TRANSACOES_FINANCEIRAS,32796,4df87e3f38e4201714f7d006c1abd6e68eeebdffc486cdb58e0d39ac9c91ca48
TR-32797,19/08/2024,2024-08-01,COMP,FORN-00165,RECEITA,"R$ 2.090,52",2090.52,BRL,Licença de software para área COMP,27,CARTAO,PAGO,0b17011a-db1a-4f81-b66c-d44d1104daa1,2024-09-05,ERP_CORPORATIVO,TRANSACOES_FINANCEIRAS,32797,03ea855ebb7ce96a3a53662d5c79a574a989ad83f58473edf8724b4e383eabd8
TR-32798,08-07-2024,2024-08-01,OP,FORN-00165,DESPESA,2225.37,2225.37,BRL,Taxas bancárias incidentes em OP,22,TED,PAGO,0b17011a-db1a-4f81-b66c-d44d1104daa1,2024-09-05,ERP_CORPORATIVO,TRANSACOES_FINANCEIRAS,32798,f601419383668895432104eb7ffd56156cb08e2ff45250047718667be0ed0106
TR-32799,27-08-2024,2024-08-01,SEC,FORN-00165,DESPESA,2.161,"R$ 2.058,77",BRL,Apólice de seguro - SEC,21,PIX,CANCELADO,0b17011a-db1a-4f81-b66c-d44d1104daa1,2024-09-05,ERP_CORPORATIVO,TRANSACOES_FINANCEIRAS,32799,3550dd03b88ee1bc70bbfd4c290d8ea440836bc0545ae276000889040638a835
TR-32800,Aug 19 2024,2024-08-01,OP,FORN-00165,RECEITA,2546.28,2.546,BRL,Treinamento corporativo para equipe OP,30,TRANSFERENCIA,ATRASADO,0b17011a-db1a-4f81-b66c-d44d1104daa1,2024-09-05,ERP_CORPORATIVO,TRANSACOES_FINANCEIRAS,32800,6bb5a268d3b945ddd9953ddaf80602b4a46897cb62951252b5b82f7cc21f3d89
TR-32801,16-08-2024,2024-08-01,LOG,FORN-00165,DESPESA,"R$2357,47",2.357,BRL,Serviço de tecnologia contratado por LOG,5,BOLETO,PAGO,0b17011a-db1a-4f81-b66c-d44d1104daa1,2024-09-05,ERP_CORPORATIVO,TRANSACOES_FINANCEIRAS,32801,a1f3839bf26081381a1346e2cabe351ea7b4640a0553957ed76d61588091b09d
TR-32802,08-01-2024,2024-08-01,LOG,FORN-00165,RECEITA,"R$ 4.409,29",4337.57,USD,Assessoria legal vinculada à área LOG,7,CARTAO,PAGO,0b17011a-db1a-4f81-b66c-d44d1104daa1,2024-09-05,ERP_CORPORATIVO,TRANSACOES_FINANCEIRAS,32802,0d3acd5118f03ba3f2a273b7aceea18456df53efddfe07fc3602180c2f5de180
TR-32803,14/08/24,2024-08-01,OP,FORN-00165,DESPESA,"R$ 2.670,10","R$2670,10",BRL,Serviço especializado solicitado por OP,1,TED,PAGO,0b17011a-db1a-4f81-b66c-d44d1104daa1,2024-09-05,ERP_CORPORATIVO,TRANSACOES_FINANCEIRAS,32803,0051e5109013b3ef6255490657268cd1f3683bd63f8f33e6c5c2960d7012b517
TR-33033,2024/08/12,2024-08-01,TI,ACC-00166,DESPESA,"R$2243,60","2.176,12",BRL,Custo operacional associado a TI,8,TED,PAGO,0b17011a-db1a-4f81-b66c-d44d1104daa1,2024-09-05,ERP_CORPORATIVO,TRANSACOES_FINANCEIRAS,33033,ce2861091e9dfdab838a8ffe075f325c7352ead0169b8318a1a4adff693d8163
TR-33034,06/08/24,2024-08-01,COMP,ACC-00166,DESPESA,2.548,"R$2547,69",BRL,Compra de insumos para setor COMP,2,TED,CANCELADO,0b17011a-db1a-4f81-b66c-d44d1104daa1,2024-09-05,ERP_CORPORATIVO,TRANSACOES_FINANCEIRAS,33034,7b7ce0dd5e529f84347118f388310283e4cf1be8f88fa2f2005ccd8dace44a33
TR-33035,2024/08/27,2024-08-01,TI,ACC-00166,DESPESA,"R$2400,35","R$ 2.400,35",BRL,Receita de comissão comercial - TI,33,PIX,PAGO,0b17011a-db1a-4f81-b66c-d44d1104daa1,2024-09-05,ERP_CORPORATIVO,TRANSACOES_FINANCEIRAS,33035,fa17f15d79cf2ff3bb2495b9073472764fb6f5e035320ac64d3831b246c19ed6
TR-33036,14-08-2024,2024-08-01,ADM,ACC-00166,DESPESA,2.046,"2.045,57",BRL,Serviço relacionado a recursos humanos (ADM),6,BOLETO,PAGO,0b17011a-db1a-4f81-b66c-d44d1104daa1,2024-09-05,ERP_CORPORATIVO,TRANSACOES_FINANCEIRAS,33036,f56dea15164d35d89e11e54524f95e7a5e3d138790d22577bb0abcc12900bbd0
TR-33037,08-23-2024,2024-08-01,COMP,ACC-00166,RECEITA,2.407,2307.08,BRL,Despesa de infraestrutura - COMP,3,BOLETO,PAGO,0b17011a-db1a-4f81-b66c-d44d1104daa1,2024-09-05,ERP_CORPORATIVO,TRANSACOES_FINANCEIRAS,33037,dab2966ae379fa6119f1521c603fc433d6beb3ecd17037baa968cb8a16523199
TR-33038,2024/08/16,2024-08-01,JUR,ACC-00166,RECEITA,"R$ 2.229,19",2.152,BRL,Serviço especializado solicitado por JUR,1,TRANSFERENCIA,ATRASADO,0b17011a-db1a-4f81-b66c-d44d1104daa1,2024-09-05,ERP_CORPORATIVO,TRANSACOES_FINANCEIRAS,33038,813fea1e66bd96013911921450d04a81970bd64fc37e588da93565455b6157a9
TR-33039,09/08/24,2024-08-01,PJT,ACC-00166,DESPESA,2230,2171,BRL,Honorários profissionais contratados por PJT,11,PIX,ATRASADO,0b17011a-db1a-4f81-b66c-d44d1104daa1,2024-09-05,ERP_CORPORATIVO,TRANSACOES_FINANCEIRAS,33039,e2ae170cbaf91256eedc5054a6da998eb383f223cef18ff0c616586fb2f7c97b
TR-33040,14-08-2024,2024-08-01,RH,ACC-00166,DESPESA,"R$ 2.312,47",2.312,BRL,Prestação de serviço para área RH,1,BOLETO,PAGO,0b17011a-db1a-4f81-b66c-d44d1104daa1,2024-09-05,ERP_CORPORATIVO,TRANSACOES_FINANCEIRAS,33040,3ad0be6d8e431c0e4b938cae82879bf0282632f54bea0207c43577d25dd8cdb2
TR-33041,08-22-2024,2024-08-01,RH,ACC-00166,RECEITA,2.453,"2.452,56",BRL,Manutenção estrutural vinculada à área RH,3,PIX,PAGO,0b17011a-db1a-4f81-b66c-d44d1104daa1,2024-09-05,ERP_CORPORATIVO,TRANSACOES_FINANCEIRAS,33041,9a1121d44ff02f7602fb3553088a54e7b770faffc3b9c9f08416e15b1461c9cc
TR-33042,13/08/24,2024-08-01,ADM,ACC-00166,RECEITA,2032,"2.031,57",BRL,Passagem aérea para colaborador de ADM,18,BOLETO,PAGO,0b17011a-db1a-4f81-b66c-d44d1104daa1,2024-09-05,ERP_CORPORATIVO,TRANSACOES_FINANCEIRAS,33042,520ae815fa079e3488ba01b294e3170df856f5e4f4fe66299ddd66473161a8f8
TR-33043,2024-08-19,2024-08-01,COM,ACC-00166,RECEITA,2548.80,2444.86,BRL,Compra de insumos para setor COM,2,TED,PAGO,0b17011a-db1a-4f81-b66c-d44d1104daa1,2024-09-05,ERP_CORPORATIVO,TRANSACOES_FINANCEIRAS,33043,5628b5b8f44ceb4f864e4384731545303ec1973eacb5ee98685500bce89ffbd1
TR-33044,Aug 19 2024,2024-08-01,COMP,ACC-00166,DESPESA,2533,2.533,BRL,Honorários profissionais contratados por COMP,11,TED,PAGO,0b17011a-db1a-4f81-b66c-d44d1104daa1,2024-09-05,ERP_CORPORATIVO,TRANSACOES_FINANCEIRAS,33044,67aeacc691ba96daf8fe3706782892e2cb8c9230c2aa16830363ff12da7ad38b
TR-33045,2024/08/14,2024-08-01,COM,ACC-00166,DESPESA,"R$2099,79",2099.79,BRL,Serviço de telefonia e internet - COM,9,BOLETO,PAGO,0b17011a-db1a-4f81-b66c-d44d1104daa1,2024-09-05,ERP_CORPORATIVO,TRANSACOES_FINANCEIRAS,33045,d0990f960150b2a004c3964de607c473bf37db6e34e2995f200b79bf3a0fa752
TR-33046,19/08/24,2024-08-01,FIN,ACC-00166,DESPESA,5.555,5555,BRL,Material de marketing solicitado por FIN,15,BOLETO,PAGO,0b17011a-db1a-4f81-b66c-d44d1104daa1,2024-09-05,ERP_CORPORATIVO,TRANSACOES_FINANCEIRAS,33046,ebd8a8458adac854eae1b80e46b485e806a2d13f1363464b50907ceeae8aadec
TR-33047,19/08/2024,2024-08-01,MKT,ACC-00166,DESPESA,"R$2198,41","R$2113,59",BRL,Aquisição de material operacional - MKT,2,TED,PAGO,0b17011a-db1a-4f81-b66c-d44d1104daa1,2024-09-05,ERP_CORPORATIVO,TRANSACOES_FINANCEIRAS,33047,128ab3cdbfa99b37a5235668950b3e02bf26621bd81197b69753be2584df5d36
TR-33048,19/08/2024,2024-08-01,LOG,ACC-00166,RECEITA,2367.43,2367,BRL,Imposto sobre venda apurado em LOG,40,CARTAO,CANCELADO,0b17011a-db1a-4f81-b66c-d44d1104daa1,2024-09-05,ERP_CORPORATIVO,TRANSACOES_FINANCEIRAS,33048,003d24955f4107ff54fcc8a7dabaa6a3a6c113c633e51b34605b52b4ccc2ea5f
TR-33049,13-08-2024,2024-08-01,RH,ACC-00166,RECEITA,2135.95,"2.135,95",BRL,Contrato de serviço - setor RH,1,TED,CANCELADO,0b17011a-db1a-4f81-b66c-d44d1104daa1,2024-09-05,ERP_CORPORATIVO,TRANSACOES_FINANCEIRAS,33049,21505b337a8425c079329d05ba0cdd2d1ec0f367bc64d91d8079e7042170d139
TR-33050,15/08/24,2024-08-01,OP,ACC-00166,RECEITA,2.428,2.428,BRL,Manutenção de equipamentos de OP,28,PIX,PAGO,0b17011a-db1a-4f81-b66c-d44d1104daa1,2024-09-05,ERP_CORPORATIVO,TRANSACOES_FINANCEIRAS,33050,427917d299bb9784f248fc1fef89edf8df45381f96c62c490b9f77cc0e67e99b
TR-33534,12/08/2024,2024-08-01,PRD,ACC-00168,RECEITA,2297,"2.296,85",BRL,Renovação de certificados digitais - PRD,26,PIX,CANCELADO,0b17011a-db1a-4f81-b66c-d44d1104daa1,2024-09-05,ERP_CORPORATIVO,TRANSACOES_FINANCEIRAS,33534,c5f7008c0bb93fd6bc1445d80d66ab5c1726dab77b893ea0f108bbe9953bb11b
TR-33535,2024-08-22,2024-08-01,FIN,ACC-00168,RECEITA,2.101,"R$ 2.101,48",USD,Contrato de SaaS vinculado a FIN,27,PIX,PAGO,0b17011a-db1a-4f81-b66c-d44d1104daa1,2024-09-05,ERP_CORPORATIVO,TRANSACOES_FINANCEIRAS,33535,9569ad1f6f179a7e8cf99a25efb954bf1f1a3c946777f748672fc22a12e13119
TR-33536,Aug 05 2024,2024-08-01,COMP,ACC-00168,DESPESA,2470,"R$ 2.415,74",BRL,Propaganda e divulgação para área COMP,13,TED,PAGO,0b17011a-db1a-4f81-b66c-d44d1104daa1,2024-09-05,ERP_CORPORATIVO,TRANSACOES_FINANCEIRAS,33536,55a29f2c7aa6fd9f01a7bb1795fde63a2460dd713ca60719cfa7c14fcf102f00
TR-33537,16/08/2024,2024-08-01,COMP,ACC-00168,DESPESA,2.568,2568,BRL,Compra de insumos para setor COMP,2,CARTAO,PAGO,0b17011a-db1a-4f81-b66c-d44d1104daa1,2024-09-05,ERP_CORPORATIVO,TRANSACOES_FINANCEIRAS,33537,92b3617afa160f29d40c7c153d7e6433eeddc2084197942ef741b66c08ef205c
TR-33538,12/08/24,2024-08-01,RH,ACC-00168,DESPESA,"2.433,03",2433,BRL,Passagem aérea para colaborador de RH,18,TED,PAGO,0b17011a-db1a-4f81-b66c-d44d1104daa1,2024-09-05,ERP_CORPORATIVO,TRANSACOES_FINANCEIRAS,33538,1d943f363991550e8a015df11805ea40fd30629fe191b58452bea6ab5d5e071b
TR-33539,2024/08/19,2024-08-01,ADM,ACC-00168,RECEITA,"2.302,76",2302.76,BRL,Compra de insumos para setor ADM,2,TRANSFERENCIA,PAGO,0b17011a-db1a-4f81-b66c-d44d1104daa1,2024-09-05,ERP_CORPORATIVO,TRANSACOES_FINANCEIRAS,33539,2daff5b0ab9e5324622b175b4673156a092c235c9bf63b37bc1100f95c2b52aa
TR-33540,08-21-2024,2024-08-01,TI,ACC-00168,DESPESA,3800.60,"3.761,65",BRL,Prestação de serviço para área TI,1,BOLETO,CANCELADO,0b17011a-db1a-4f81-b66c-d44d1104daa1,2024-09-05,ERP_CORPORATIVO,TRANSACOES_FINANCEIRAS,33540,fb71528ab2f1a87d30a997b6b6e36ce5c7a45421c38b8e52922a44536e2bf9f5
TR-33541,12/08/2024,2024-08-01,TI,ACC-00168,DESPESA,"2.147,45","2.124,53",BRL,Campanha institucional - TI,4,PIX,CANCELADO,0b17011a-db1a-4f81-b66c-d44d1104daa1,2024-09-05,ERP_CORPORATIVO,TRANSACOES_FINANCEIRAS,33541,6eb41d56a88e0fd9d62cf2b770e5703f06fdf06af7d28e614b1e34655d813ad2
TR-33542,15/08/2024,2024-08-01,CPT,ACC-00168,RECEITA,2.413,"R$2413,06",BRL,Estorno de receita - CPT,39,TED,ATRASADO,0b17011a-db1a-4f81-b66c-d44d1104daa1,2024-09-05,ERP_CORPORATIVO,TRANSACOES_FINANCEIRAS,33542,21483d6f879388c61655ac3a0430c753a3eec648f6652d0ed3dac47075057db9
TR-33543,2024-08-08,2024-08-01,CTB,ACC-00168,RECEITA,"2.399,42","2.399,42",USD,Serviço especializado solicitado por CTB,1,TED,PAGO,0b17011a-db1a-4f81-b66c-d44d1104daa1,2024-09-05,ERP_CORPORATIVO,TRANSACOES_FINANCEIRAS,33543,d5768e681070bd570fbd7aaa5ac5f58344d78c2b7dba72354323194cc6d3b5cc
TR-33544,19/08/2024,2024-08-01,COMP,ACC-00168,RECEITA,"R$ 2.559,15","R$2433,89",BRL,Despesa operacional - COMP,8,BOLETO,ATRASADO,0b17011a-db1a-4f81-b66c-d44d1104daa1,2024-09-05,ERP_CORPORATIVO,TRANSACOES_FINANCEIRAS,33544,0e4ea7396e837d89b4404ba341cf82c0b55b8798bc096e71d5c54f4929b5efdb
TR-33545,16/08/2024,2024-08-01,COM,ACC-00168,RECEITA,"R$ 2.211,70",2212,BRL,Serviço especializado solicitado por COM,1,TED,PAGO,0b17011a-db1a-4f81-b66c-d44d1104daa1,2024-09-05,ERP_CORPORATIVO,TRANSACOES_FINANCEIRAS,33545,45d7c811edd01a80c5512f32f80abbcb8fcdfac1647acbc68344a292e0616ca4
TR-33546,2024-08-07,2024-08-01,FIN,ACC-00168,RECEITA,"R$ 2.382,08",2382.08,BRL,Honorários jurídicos - FIN,7,BOLETO,PAGO,0b17011a-db1a-4f81-b66c-d44d1104daa1,2024-09-05,ERP_CORPORATIVO,TRANSACOES_FINANCEIRAS,33546,eed9b0b5692f9ad45929e90f9c3989c2c8eb30688ac71a0346a78b118993a154
TR-33661,19-08-2024,2024-08-01,COMP,1000168,DESPESA,6.238,"5.998,65",BRL,Custo operacional associado a COMP,8,PIX,PAGO,0b17011a-db1a-4f81-b66c-d44d1104daa1,2024-09-05,ERP_CORPORATIVO,TRANSACOES_FINANCEIRAS,33661,12ef6bb2d2e67e90f6a3fa381a4b796e6ad91dd0b268d4c5c92bd95bf49ddae2
TR-33662,19/08/24,2024-08-01,JUR,1000168,RECEITA,6.852,"6.852,22",BRL,Despesa operacional - JUR,8,BOLETO,PAGO,0b17011a-db1a-4f81-b66c-d44d1104daa1,2024-09-05,ERP_CORPORATIVO,TRANSACOES_FINANCEIRAS,33662,4fc125e081515fce3ac2dc06a7ce7a20a77006e143dac6871d372caaf416938a
TR-33663,2024-08-27,2024-08-01,TI,1000168,RECEITA,"R$ 6.372,53","R$6372,53",USD,Aquisição de material operacional - TI,2,TRANSFERENCIA,PAGO,0b17011a-db1a-4f81-b66c-d44d1104daa1,2024-09-05,ERP_CORPORATIVO,TRANSACOES_FINANCEIRAS,33663,0d36f36847efa9a2bf3486d10999843f324e33edc303ba94ab8920511aa68c37
TR-33664,2024-08-26,2024-08-01,PES,1000168,RECEITA,"R$19913,17",19632.97,BRL,Produção de material gráfico - PES,15,CARTAO,PAGO,0b17011a-db1a-4f81-b66c-d44d1104daa1,2024-09-05,ERP_CORPORATIVO,TRANSACOES_FINANCEIRAS,33664,90dab9aeef0d9fc064b51d2cb6da312e64defb32fe295604c0ffb986c848f9b2
TR-33665,19-08-2024,2024-08-01,ADM,1000168,DESPESA,6.281,"R$ 6.280,80",BRL,Viagem corporativa - ADM,18,PIX,PAGO,0b17011a-db1a-4f81-b66c-d44d1104daa1,2024-09-05,ERP_CORPORATIVO,TRANSACOES_FINANCEIRAS,33665,27fbbfafd98c267dd996eb0a465aa3b1957c0e1a27f9032ca27329215d566541
TR-33666,13/08/2024,2024-08-01,TI,1000168,DESPESA,"7.287,17",7116,BRL,Reparo e conservação de instalações - TI,10,TRANSFERENCIA,PAGO,0b17011a-db1a-4f81-b66c-d44d1104daa1,2024-09-05,ERP_CORPORATIVO,TRANSACOES_FINANCEIRAS,33666,43226e9325987375b4a46313e8768d2f7dda191cbaa1a20991bd473632fc7eb6
TR-33875,Aug 23 2024,2024-08-01,MKT,1000169,RECEITA,"5.940,91",5941,BRL,Viagem corporativa - MKT,18,TRANSFERENCIA,PAGO,0b17011a-db1a-4f81-b66c-d44d1104daa1,2024-09-05,ERP_CORPORATIVO,TRANSACOES_FINANCEIRAS,33875,651883e76dffb6f6dabf17bd01fa168a5874b98307c7c1058b881e538e2e6fdc
TR-33876,19-08-2024,2024-08-01,TI,1000169,DESPESA,"1.591,66","R$1591,66",BRL,Devolução de venda processada por TI,39,TED,ATRASADO,0b17011a-db1a-4f81-b66c-d44d1104daa1,2024-09-05,ERP_CORPORATIVO,TRANSACOES_FINANCEIRAS,33876,f8dd688086a8a9cd54444a924fca2d4165ad02b42942efcbd01520f5e26075ab
TR-33877,Aug 13 2024,2024-08-01,COMP,1000169,DESPESA,1693,1672,BRL,Serviço especializado solicitado por COMP,1,BOLETO,CANCELADO,0b17011a-db1a-4f81-b66c-d44d1104daa1,2024-09-05,ERP_CORPORATIVO,TRANSACOES_FINANCEIRAS,33877,4057f8d842de502a232f94a011ca613ed347d10ddb64a4eea2e5f51858be62cb
TR-33878,15/08/2024,2024-08-01,RH,1000169,DESPESA,"R$1885,54","1.862,42",BRL,Devolução de venda processada por RH,39,BOLETO,PAGO,0b17011a-db1a-4f81-b66c-d44d1104daa1,2024-09-05,ERP_CORPORATIVO,TRANSACOES_FINANCEIRAS,33878,5634a1de6d853b101e3f1308649fddd7064c64161be39b758b6d1c55ba85a49c
TR-33879,08-12-2024,2024-08-01,VND,1000169,DESPESA,1677.36,"1.677,36",BRL,Manutenção predial solicitada por VND,10,TRANSFERENCIA,PAGO,0b17011a-db1a-4f81-b66c-d44d1104daa1,2024-09-05,ERP_CORPORATIVO,TRANSACOES_FINANCEIRAS,33879,d90b8b41daf8b61dd3e7aa3cc620812cf82b5f098a0097c3bea2e1c4af0e93b4
TR-33880,2024-08-19,2024-08-01,TI,1000169,DESPESA,1936.58,"1.897,19",BRL,Serviço de tecnologia contratado por TI,5,PIX,PAGO,0b17011a-db1a-4f81-b66c-d44d1104daa1,2024-09-05,ERP_CORPORATIVO,TRANSACOES_FINANCEIRAS,33880,829d91b6a550b8804879afda8feea93071386ecf4be0b533c450e8dff1a73045
TR-33881,14-08-2024,2024-08-01,QAS,1000169,DESPESA,1821.69,"R$ 1.821,69",BRL,Prestação de serviço para área QAS,1,CARTAO,PAGO,0b17011a-db1a-4f81-b66c-d44d1104daa1,2024-09-05,ERP_CORPORATIVO,TRANSACOES_FINANCEIRAS,33881,13ae11780209e79f8b5630bc5f95d7afd3edf0b2b32ff0baefe1df3a4a142aeb
TR-33882,08/08/24,2024-08-01,ESG,1000169,RECEITA,"R$ 1.993,38","R$1993,38",BRL,Participação nos resultados vinculada a ESG,34,PIX,ATRASADO,0b17011a-db1a-4f81-b66c-d44d1104daa1,2024-09-05,ERP_CORPORATIVO,TRANSACOES_FINANCEIRAS,33882,84ceb8646b81c792c25b6949c87094044eb0044544b999a1e753691e7fe923f0
TR-33883,2024/08/26,2024-08-01,MKT,1000169,DESPESA,1793,1.793,BRL,Serviço relacionado a recursos humanos (MKT),6,BOLETO,PAGO,0b17011a-db1a-4f81-b66c-d44d1104daa1,2024-09-05,ERP_CORPORATIVO,TRANSACOES_FINANCEIRAS,33883,4afaf5522870140a098f71d387a47f5dee1e0d1268b4cd37ce13330b0ffd9e8a
TR-33884,Aug 12 2024,2024-08-01,JUR,1000169,RECEITA,1.905,1904.71,BRL,Alienação de bem patrimonial - JUR,35,PIX,PAGO,0b17011a-db1a-4f81-b66c-d44d1104daa1,2024-09-05,ERP_CORPORATIVO,TRANSACOES_FINANCEIRAS,33884,b0c0506f94697a01caec05dc27f2d48400e001dd608687d991d52167c35eb3a6
TR-33885,Aug 26 2024,2024-08-01,PJT,1000169,RECEITA,"R$1514,34","R$ 1.514,34",BRL,Despesa jurídica da área PJT,24,PIX,PAGO,0b17011a-db1a-4f81-b66c-d44d1104daa1,2024-09-05,ERP_CORPORATIVO,TRANSACOES_FINANCEIRAS,33885,f32bf767707187d4bfeeefd63d5941dace5527de88de41c2ead4892f22759036
TR-33886,08-21-2024,2024-08-01,ATD,1000169,DESPESA,"R$1545,30",1545.30,BRL,Prestação de serviço para área ATD,1,BOLETO,PAGO,0b17011a-db1a-4f81-b66c-d44d1104daa1,2024-09-05,ERP_CORPORATIVO,TRANSACOES_FINANCEIRAS,33886,279cd051e46e8fafe9c581544ddcbb93727fb1dd8a301143f3af20b61264def7
TR-33887,08-09-2024,2024-08-01,OP,1000169,RECEITA,1675.02,"R$ 1.675,02",BRL,Tributo incidente sobre receita de OP,40,TED,PAGO,0b17011a-db1a-4f81-b66c-d44d1104daa1,2024-09-05,ERP_CORPORATIVO,TRANSACOES_FINANCEIRAS,33887,cd0ff32d6487c75673ac879b195676af9a595898ac30274e2ad1822641141d50
TR-33888,12/08/24,2024-08-01,TI,1000169,DESPESA,1872,"1.793,41",BRL,Custo operacional associado a TI,8,TED,PAGO,0b17011a-db1a-4f81-b66c-d44d1104daa1,2024-09-05,ERP_CORPORATIVO,TRANSACOES_FINANCEIRAS,33888,add52081d50cda5976ad9319e570a7724d5c0a071abd04041257dd02c127d0f2
TR-34437,08-08-2024,2024-08-01,SEC,FORN-00173,DESPESA,"R$4849,72","R$ 4.814,81",BRL,Manutenção estrutural vinculada à área SEC,3,CARTAO,PAGO,0b17011a-db1a-4f81-b66c-d44d1104daa1,2024-09-05,ERP_CORPORATIVO,TRANSACOES_FINANCEIRAS,34437,6519a3538dd4b27825c181701fd1110527e2fcf19aef23ae97a52a220afb971e
TR-34438,2024-08-08,2024-08-01,COMP,FORN-00173,DESPESA,"R$ 2.231,50","R$2202,89",BRL,Alienação de bem patrimonial - COMP,35,TED,PAGO,0b17011a-db1a-4f81-b66c-d44d1104daa1,2024-09-05,ERP_CORPORATIVO,TRANSACOES_FINANCEIRAS,34438,de873b9c376e025cf8269d5b17a8c6b1c66c51d89d7b1afc271214896e23491b
TR-34439,2024-08-20,2024-08-01,PRD,FORN-00173,RECEITA,2565.59,"R$ 2.565,59",BRL,Despesa jurídica da área PRD,24,PIX,ATRASADO,0b17011a-db1a-4f81-b66c-d44d1104daa1,2024-09-05,ERP_CORPORATIVO,TRANSACOES_FINANCEIRAS,34439,080f35d0b7521b5ed5c1904fa26122b47799fa84306cb2d758fa11a13402aafa
TR-34440,2024/08/14,2024-08-01,OP,FORN-00173,DESPESA,"R$2493,58","2.493,58",BRL,Taxas bancárias incidentes em OP,22,PIX,PAGO,0b17011a-db1a-4f81-b66c-d44d1104daa1,2024-09-05,ERP_CORPORATIVO,TRANSACOES_FINANCEIRAS,34440,8f87db11afc2dbde04db146d66d2a9de474daf9f84c992a054f956300ff12e50
TR-34441,08-26-2024,2024-08-01,FIN,FORN-00173,DESPESA,"R$ 2.514,85",2.515,BRL,Comissão recebida por FIN,33,TED,PAGO,0b17011a-db1a-4f81-b66c-d44d1104daa1,2024-09-05,ERP_CORPORATIVO,TRANSACOES_FINANCEIRAS,34441,0f9730958be1dde62e6a7743c2e64833bdce5e3f3ff3aa8ecb8147edbc06d6fa
TR-34442,Aug 14 2024,2024-08-01,QAS,FORN-00173,RECEITA,2237,2237,BRL,Custo operacional associado a QAS,8,PIX,PAGO,0b17011a-db1a-4f81-b66c-d44d1104daa1,2024-09-05,ERP_CORPORATIVO,TRANSACOES_FINANCEIRAS,34442,fb54ba7fd3ed1d6e0429ec0c1827b91676e3e09b0254bb3f1eae4fdba046bfa4
TR-34443,2024/08/27,2024-08-01,VND,FORN-00173,DESPESA,2097,"R$ 2.096,62",BRL,Serviço técnico especializado para VND,11,TRANSFERENCIA,PAGO,0b17011a-db1a-4f81-b66c-d44d1104daa1,2024-09-05,ERP_CORPORATIVO,TRANSACOES_FINANCEIRAS,34443,a833a19115be4217178fb43502acadbc355e71cce14a78612a09304f013005f6
TR-34444,19/08/2024,2024-08-01,COMP,FORN-00173,DESPESA,"R$4304,42",4.304,BRL,Investimento em marketing corporativo (COMP),4,BOLETO,PAGO,0b17011a-db1a-4f81-b66c-d44d1104daa1,2024-09-05,ERP_CORPORATIVO,TRANSACOES_FINANCEIRAS,34444,f726941f3ace33a626b53eba81402e11f37c1c6cddb7788f934ff14073950e18
TR-34445,08-22-2024,2024-08-01,MKT,FORN-00173,DESPESA,2238,"R$2237,92",BRL,Hospedagem em viagem a serviço de MKT,19,TED,PAGO,0b17011a-db1a-4f81-b66c-d44d1104daa1,2024-09-05,ERP_CORPORATIVO,TRANSACOES_FINANCEIRAS,34445,a12082c53bf225adffbe427dcb031e281cdde48d9d7a14b816aa7fe38ff4932f
TR-34446,08-19-2024,2024-08-01,ESG,FORN-00173,DESPESA,"R$ 1.987,16","R$ 1.987,16",BRL,Promoção e atividade externa - ESG,14,BOLETO,PAGO,0b17011a-db1a-4f81-b66c-d44d1104daa1,2024-09-05,ERP_CORPORATIVO,TRANSACOES_FINANCEIRAS,34446,ce8197dc4a77964f95806ad4ced0511c79de613d3dda31f49de4090dd7427024
TR-34447,2024/08/13,2024-08-01,JUR,FORN-00173,DESPESA,"2.555,74",2555.74,BRL,Contrato de serviço - setor JUR,1,PIX,PAGO,0b17011a-db1a-4f81-b66c-d44d1104daa1,2024-09-05,ERP_CORPORATIVO,TRANSACOES_FINANCEIRAS,34447,4817a8800bdc5e09e38c8f594453896b60927f27cdbc03c016e1f19676780def
TR-34448,Aug 05 2024,2024-08-01,LOG,FORN-00173,DESPESA,"R$ 2.142,32","2.142,32",BRL,Contrato de serviço - setor LOG,1,PIX,PAGO,0b17011a-db1a-4f81-b66c-d44d1104daa1,2024-09-05,ERP_CORPORATIVO,TRANSACOES_FINANCEIRAS,34448,47b09a5b5add5f693032ab2cf341e470c5d0cfac2897b91d7611c4ed1df4b092
TR-34449,Aug 06 2024,2024-08-01,COMP,FORN-00173,DESPESA,2.131,"2.130,51",BRL,Investimento em marketing corporativo (COMP),4,TED,PAGO,0b17011a-db1a-4f81-b66c-d44d1104daa1,2024-09-05,ERP_CORPORATIVO,TRANSACOES_FINANCEIRAS,34449,f78038b26513dd8a6febaa8649e52ae386c93ba20c4a6c6cf966c2888015b184
TR-34450,Aug 12 2024,2024-08-01,VND,FORN-00173,DESPESA,2374.13,2374,BRL,Contrato de consultoria externa - VND,12,BOLETO,PAGO,0b17011a-db1a-4f81-b66c-d44d1104daa1,2024-09-05,ERP_CORPORATIVO,TRANSACOES_FINANCEIRAS,34450,5b606dbffbe7f0cec4bc59e080aa49bbba8d3cbb2fe5e8c1de3f4c3e0654b38f
TR-34777,Aug 19 2024,2024-08-01,ADM,1000173,RECEITA,1639,"R$ 1.587,05",BRL,Reparo e conservação de instalações - ADM,10,PIX,PAGO,0b17011a-db1a-4f81-b66c-d44d1104daa1,2024-09-05,ERP_CORPORATIVO,TRANSACOES_FINANCEIRAS,34777,6988b897a7883eac7b6b24b68346212ac8c8747ba6294efa3a16653a375a7c4f
TR-34778,15-08-2024,2024-08-01,TI,1000173,DESPESA,"1.606,20","1.606,20",BRL,Imposto sobre venda apurado em TI,40,TRANSFERENCIA,CANCELADO,0b17011a-db1a-4f81-b66c-d44d1104daa1,2024-09-05,ERP_CORPORATIVO,TRANSACOES_FINANCEIRAS,34778,81eead2adfed649fac72e5e16f0927efd2a7bee8fa6a3dfc6f16af97dd53c13e
TR-34779,Aug 26 2024,2024-08-01,COM,1000173,RECEITA,1420,1400,USD,Serviço de tecnologia contratado por COM,5,BOLETO,PAGO,0b17011a-db1a-4f81-b66c-d44d1104daa1,2024-09-05,ERP_CORPORATIVO,TRANSACOES_FINANCEIRAS,34779,6561be16e836ec160a87c58336a748ff597e1db69b8b9b5a8bcc264db788ad6c
TR-34780,20/08/24,2024-08-01,ESG,1000173,DESPESA,1385.41,1.385,BRL,Devolução de venda processada por ESG,39,CARTAO,PAGO,0b17011a-db1a-4f81-b66c-d44d1104daa1,2024-09-05,ERP_CORPORATIVO,TRANSACOES_FINANCEIRAS,34780,d377728536191d5e88b94aca408d43418cc2f4323d28560180f644c94101076e
TR-34781,Aug 26 2024,2024-08-01,VND,1000173,RECEITA,"R$ 1.633,56","R$1633,56",BRL,Campanha institucional - VND,4,CARTAO,PAGO,0b17011a-db1a-4f81-b66c-d44d1104daa1,2024-09-05,ERP_CORPORATIVO,TRANSACOES_FINANCEIRAS,34781,b6a49fd0c8ec9f8aa90408ac3bfa162f65b61bd6d3769cb6f80f42f9cfe7a2cf
TR-34782,2024-08-19,2024-08-01,ADM,1000173,DESPESA,1.609,1609,BRL,Serviço de tecnologia contratado por ADM,5,TRANSFERENCIA,PAGO,0b17011a-db1a-4f81-b66c-d44d1104daa1,2024-09-05,ERP_CORPORATIVO,TRANSACOES_FINANCEIRAS,34782,b3235f170fdde43a70d58ed8f9323b91db5c06f708fe12e95cb579f9d8c7d5c9
TR-34783,21/08/24,2024-08-01,COM,1000173,RECEITA,"R$ 3.149,28","R$3149,28",BRL,Serviço de telefonia e internet - COM,9,TRANSFERENCIA,PAGO,0b17011a-db1a-4f81-b66c-d44d1104daa1,2024-09-05,ERP_CORPORATIVO,TRANSACOES_FINANCEIRAS,34783,fa90e83020eb706074df6228e5ae225d5650c0a1e0f03266d074ed907e3b6d7b
TR-34784,08/08/2024,2024-08-01,MKT,1000173,RECEITA,1572.26,"R$ 1.572,26",BRL,Serviço de tecnologia contratado por MKT,5,TRANSFERENCIA,PAGO,0b17011a-db1a-4f81-b66c-d44d1104daa1,2024-09-05,ERP_CORPORATIVO,TRANSACOES_FINANCEIRAS,34784,6b88636f40f00e40526da54c51cbbecd2f49f20b8667eaa03b925d3641cbe4a5
TR-34785,Aug 12 2024,2024-08-01,JUR,1000173,DESPESA,"1.413,54","R$1348,80",BRL,Contrato de SaaS vinculado a JUR,27,BOLETO,PAGO,0b17011a-db1a-4f81-b66c-d44d1104daa1,2024-09-05,ERP_CORPORATIVO,TRANSACOES_FINANCEIRAS,34785,b9b9ca22de690abc16c781264b4d212a66d365a5faa37c8b23f655bdd36ff1ee
TR-34786,26/08/24,2024-08-01,CTB,1000173,RECEITA,1.357,"R$ 1.357,37",BRL,Taxas bancárias incidentes em CTB,22,PIX,PAGO,0b17011a-db1a-4f81-b66c-d44d1104daa1,2024-09-05,ERP_CORPORATIVO,TRANSACOES_FINANCEIRAS,34786,a4360ebe3f3a60e6e64d7cb24fe1fad390163f8727429866fff34d5a57c0f2dd
TR-34787,12/08/2024,2024-08-01,COMP,1000173,DESPESA,"R$1419,09","R$ 1.371,46",BRL,Royalties recebidos por COMP,32,PIX,PAGO,0b17011a-db1a-4f81-b66c-d44d1104daa1,2024-09-05,ERP_CORPORATIVO,TRANSACOES_FINANCEIRAS,34787,918c174fffd88caf3c34e773341a46baafa3339f5c33641e46b4d98c9f13d295
TR-35095,2024-08-23,2024-08-01,JUR,1000174,RECEITA,12.652,"12.652,02",BRL,Atendimento de TI requisitado por JUR,29,TRANSFERENCIA,PAGO,0b17011a-db1a-4f81-b66c-d44d1104daa1,2024-09-05,ERP_CORPORATIVO,TRANSACOES_FINANCEIRAS,35095,04d575df6d10236a33a4825bec3b8407397dcccc2b172f1c6e11746fd5f03bb5
TR-35096,07/08/24,2024-08-01,JUR,1000174,RECEITA,10821,"10.821,29",BRL,Licenciamento de software - JUR,5,PIX,PAGO,0b17011a-db1a-4f81-b66c-d44d1104daa1,2024-09-05,ERP_CORPORATIVO,TRANSACOES_FINANCEIRAS,35096,b986939d0956258743226fe5b8f452e58d1544429fad19aa9016248211db7dcb
TR-35097,Aug 19 2024,2024-08-01,FIN,1000174,RECEITA,"11.084,03",10644.25,BRL,Participação nos resultados vinculada a FIN,34,TED,PAGO,0b17011a-db1a-4f81-b66c-d44d1104daa1,2024-09-05,ERP_CORPORATIVO,TRANSACOES_FINANCEIRAS,35097,03bb72c74446256d0afeab7b8cc21f015d6cbf738ce03216a129e0399749d79d
TR-35098,2024-08-19,2024-08-01,MKT,1000174,RECEITA,10890,"R$10890,21",BRL,Licenciamento de software - MKT,5,PIX,PAGO,0b17011a-db1a-4f81-b66c-d44d1104daa1,2024-09-05,ERP_CORPORATIVO,TRANSACOES_FINANCEIRAS,35098,207f7a19375b636ae1c0e248bf69060642e41df6d9698672225621dddd349502
TR-35099,2024-08-12,2024-08-01,ESG,1000174,RECEITA,12.712,12.293,BRL,Despesa de RH - ESG,6,CARTAO,ATRASADO,0b17011a-db1a-4f81-b66c-d44d1104daa1,2024-09-05,ERP_CORPORATIVO,TRANSACOES_FINANCEIRAS,35099,c702fd6657fd82f8061671a2be439879d1cf7498fabff2844d10321fcad7f0d8
TR-35100,12/08/2024,2024-08-01,LOG,1000174,DESPESA,"R$11300,26","R$11300,26",BRL,Diária de hotel para equipe LOG,19,PIX,PAGO,0b17011a-db1a-4f81-b66c-d44d1104daa1,2024-09-05,ERP_CORPORATIVO,TRANSACOES_FINANCEIRAS,35100,36afa9fabc1ce59831d936ae0d7583507590fd2603a50e935426214056e8e1c6
TR-35101,2024/08/27,2024-08-01,FIN,1000174,RECEITA,12409,12.409,BRL,Consultoria estratégica para área FIN,12,TED,PAGO,0b17011a-db1a-4f81-b66c-d44d1104daa1,2024-09-05,ERP_CORPORATIVO,TRANSACOES_FINANCEIRAS,35101,69359b1721cd9289b256feaab382f8a3e5bee2fef368d8c673f43c6c41d57df5
TR-35102,2024/08/13,2024-08-01,FIN,1000174,DESPESA,"10.941,73",10941.73,BRL,Diária de hotel para equipe FIN,19,CARTAO,PAGO,0b17011a-db1a-4f81-b66c-d44d1104daa1,2024-09-05,ERP_CORPORATIVO,TRANSACOES_FINANCEIRAS,35102,d7e8e2703a22154685caf94a21db74cdee48f0d48a5c6f52b3ca75c83856d24a
TR-35103,2024/08/26,2024-08-01,COMP,1000174,DESPESA,11.906,"R$11906,16",BRL,Serviço especializado solicitado por COMP,1,BOLETO,ATRASADO,0b17011a-db1a-4f81-b66c-d44d1104daa1,2024-09-05,ERP_CORPORATIVO,TRANSACOES_FINANCEIRAS,35103,e05d2c477eb0131483b6c37c0f071f231a5c8fd1b8cbb723a0559f9b5f982376
TR-35265,2024-08-09,2024-08-01,COMP,FORN-00176,DESPESA,2045,"R$2045,07",BRL,Receita de comissão comercial - COMP,33,PIX,PAGO,0b17011a-db1a-4f81-b66c-d44d1104daa1,2024-09-05,ERP_CORPORATIVO,TRANSACOES_FINANCEIRAS,35265,487c16c7fd6c27ec18bd632fae2a72359d5f4406bcfe346a290f583fb4fb6668
TR-35266,12/08/24,2024-08-01,COMP,FORN-00176,RECEITA,2216,2.216,BRL,Licenciamento de software - COMP,5,TED,CANCELADO,0b17011a-db1a-4f81-b66c-d44d1104daa1,2024-09-05,ERP_CORPORATIVO,TRANSACOES_FINANCEIRAS,35266,5e26f0b9d3b1403f39f7f56c666e4ca26cd8077373cb4e6c29b9241fa882d96e
TR-35267,15/08/24,2024-08-01,COMP,FORN-00176,DESPESA,2.104,"R$ 2.103,67",BRL,Licenciamento de software - COMP,5,BOLETO,PAGO,0b17011a-db1a-4f81-b66c-d44d1104daa1,2024-09-05,ERP_CORPORATIVO,TRANSACOES_FINANCEIRAS,35267,705fbfc24d550d04e56c66c4e8c084f3271c8fb9886513e22a57b99d0732f538
TR-35268,08/08/24,2024-08-01,JUR,FORN-00176,DESPESA,"2.133,69",2112,BRL,Campanha institucional - JUR,4,TED,ATRASADO,0b17011a-db1a-4f81-b66c-d44d1104daa1,2024-09-05,ERP_CORPORATIVO,TRANSACOES_FINANCEIRAS,35268,66ba514098fd33a9a51555e0b27a98d165a2ab600530a5da4c5d567955eb37fe
TR-35269,26/08/2024,2024-08-01,FIN,FORN-00176,DESPESA,2168.72,2080,BRL,Produção de material gráfico - FIN,15,PIX,PAGO,0b17011a-db1a-4f81-b66c-d44d1104daa1,2024-09-05,ERP_CORPORATIVO,TRANSACOES_FINANCEIRAS,35269,7c6ef8984b8ee042d1a9e81341e18be821c5cb36dcb711df8daf7fe6626f2acd
TR-35270,09/08/24,2024-08-01,RH,FORN-00176,DESPESA,2417.73,2351.22,BRL,Contrato de SaaS vinculado a RH,27,BOLETO,CANCELADO,0b17011a-db1a-4f81-b66c-d44d1104daa1,2024-09-05,ERP_CORPORATIVO,TRANSACOES_FINANCEIRAS,35270,0eb54384a01be30e265a032642631c3ef884f00520deb5ad7e4ea2f3939c44f0
TR-35271,2024-08-28,2024-08-01,VND,FORN-00176,RECEITA,2.505,"R$2505,28",BRL,Suporte técnico para sistemas de VND,29,PIX,PAGO,0b17011a-db1a-4f81-b66c-d44d1104daa1,2024-09-05,ERP_CORPORATIVO,TRANSACOES_FINANCEIRAS,35271,5e717cb9b80009db6051385c2ac5f5d1a56b81438f6bf3def2a139c8a6fc1be6
TR-35272,2024-08-19,2024-08-01,RH,FORN-00176,RECEITA,1885.57,"1.885,57",BRL,Campanha institucional - RH,4,BOLETO,PAGO,0b17011a-db1a-4f81-b66c-d44d1104daa1,2024-09-05,ERP_CORPORATIVO,TRANSACOES_FINANCEIRAS,35272,0d8b8fe9f6f627d56e03c03b16c6527242c900b699e5e62b39a8b4acae6500bc
TR-35273,2024-08-19,2024-08-01,TI,FORN-00176,RECEITA,2342,2342.32,BRL,Material de marketing solicitado por TI,15,TRANSFERENCIA,PAGO,0b17011a-db1a-4f81-b66c-d44d1104daa1,2024-09-05,ERP_CORPORATIVO,TRANSACOES_FINANCEIRAS,35273,b0641dfe76349a55016021caebe37538b2547d183356e4cebbe593bd3bf2c390
TR-35274,06-08-2024,2024-08-01,LOG,FORN-00176,RECEITA,"R$ 2.455,93",2.456,BRL,Seguro contratado pela área LOG,21,TED,ATRASADO,0b17011a-db1a-4f81-b66c-d44d1104daa1,2024-09-05,ERP_CORPORATIVO,TRANSACOES_FINANCEIRAS,35274,b0b77ed9ed7382296f173eaf8e5d1265c5f1dc1d92618a56554872df0575498b
TR-35275,19/08/2024,2024-08-01,MKT,FORN-00176,DESPESA,2241.22,"R$2241,22",BRL,Desconto concedido em operação de MKT,38,TED,PAGO,0b17011a-db1a-4f81-b66c-d44d1104daa1,2024-09-05,ERP_CORPORATIVO,TRANSACOES_FINANCEIRAS,35275,b79cb53a98b369ebaa681546c174b9bfc7b585bfa0d45d0c517cf8736eb81a25
TR-35276,14/08/24,2024-08-01,TI,FORN-00176,RECEITA,"R$ 2.438,62","R$ 2.438,62",USD,Promoção e atividade externa - TI,14,PIX,PAGO,0b17011a-db1a-4f81-b66c-d44d1104daa1,2024-09-05,ERP_CORPORATIVO,TRANSACOES_FINANCEIRAS,35276,10e358d6acf5277b1fa1409f154d2b6d338efe129e8efc1fdb26eddc76e2e77d
TR-35277,23/08/2024,2024-08-01,CTB,FORN-00176,DESPESA,1912,"1.911,96",BRL,Campanha institucional - CTB,4,BOLETO,ATRASADO,0b17011a-db1a-4f81-b66c-d44d1104daa1,2024-09-05,ERP_CORPORATIVO,TRANSACOES_FINANCEIRAS,35277,eae66516d51d5b8c4d5e28fc9fe0d8e11669b595fd870e3e661c929097addacd
TR-35593,Aug 12 2024,2024-08-01,FIN,1000176,DESPESA,"R$ 2.062,79","R$2062,79",BRL,Reparo de frota vinculado à área FIN,17,PIX,PAGO,0b17011a-db1a-4f81-b66c-d44d1104daa1,2024-09-05,ERP_CORPORATIVO,TRANSACOES_FINANCEIRAS,35593,e0592f6ee2407ed58f5b967be72ea98a08cc38843065d16b615cea4cb3542ce9
TR-35594,14-08-2024,2024-08-01,COM,1000176,DESPESA,"R$1801,37",1801.37,BRL,Custo operacional associado a COM,8,PIX,PAGO,0b17011a-db1a-4f81-b66c-d44d1104daa1,2024-09-05,ERP_CORPORATIVO,TRANSACOES_FINANCEIRAS,35594,2967f6086f3a50537f06438de1aa9c5b9dc700d4079c0fcbcd574ffc470fee67
TR-35595,16/08/2024,2024-08-01,FIN,1000176,RECEITA,1.909,"R$ 1.909,31",BRL,Manutenção estrutural vinculada à área FIN,3,TRANSFERENCIA,PAGO,0b17011a-db1a-4f81-b66c-d44d1104daa1,2024-09-05,ERP_CORPORATIVO,TRANSACOES_FINANCEIRAS,35595,cfc9a5e28cbb845e398a0644e17d2db8d046c5d6c74c9a45f941d58625139134
TR-35596,Aug 19 2024,2024-08-01,COMP,1000176,DESPESA,2019.62,"2.019,62",BRL,Hospedagem em viagem a serviço de COMP,19,PIX,PAGO,0b17011a-db1a-4f81-b66c-d44d1104daa1,2024-09-05,ERP_CORPORATIVO,TRANSACOES_FINANCEIRAS,35596,c48dddf7208576be27f443770d40fc3ad2cf054f66c355d0066ac51fb88c23a9
TR-35597,2024/08/09,2024-08-01,COM,1000176,DESPESA,"R$ 2.006,59","R$2006,59",BRL,Despesa operacional - COM,8,BOLETO,PAGO,0b17011a-db1a-4f81-b66c-d44d1104daa1,2024-09-05,ERP_CORPORATIVO,TRANSACOES_FINANCEIRAS,35597,f553a61540b5a8b8dd7c1b00d52ba93a1fe41ab80dbd6cdeed8d81e0ef75132b
TR-35598,20/08/2024,2024-08-01,COMP,1000176,DESPESA,1967.33,"R$1887,62",BRL,Alienação de bem patrimonial - COMP,35,PIX,PAGO,0b17011a-db1a-4f81-b66c-d44d1104daa1,2024-09-05,ERP_CORPORATIVO,TRANSACOES_FINANCEIRAS,35598,dae7c5d47db1641f8a251e8862a70c7fa4d8cb1c7637f3acb00de6066cd056d4
TR-35599,08-08-2024,2024-08-01,PES,1000176,DESPESA,"R$1976,29","1.976,29",BRL,Compra de insumos para setor PES,2,BOLETO,PAGO,0b17011a-db1a-4f81-b66c-d44d1104daa1,2024-09-05,ERP_CORPORATIVO,TRANSACOES_FINANCEIRAS,35599,f32733bc5be30d72f68278d956e90f3d31964ff3bdf09f9165e98992da04de19
TR-35600,2024-08-19,2024-08-01,PJT,1000176,DESPESA,"5.862,66",5862.66,BRL,Licença de software para área PJT,27,CARTAO,PAGO,0b17011a-db1a-4f81-b66c-d44d1104daa1,2024-09-05,ERP_CORPORATIVO,TRANSACOES_FINANCEIRAS,35600,3ac5e138a35cd0c52e771fe5c5a8951d9c64cc7bc41d8dd69455238d1f8f24b6
TR-35601,2024-08-19,2024-08-01,COMP,1000176,DESPESA,2540.21,"2.540,21",BRL,Juros sobre operação financeira - COMP,23,PIX,PAGO,0b17011a-db1a-4f81-b66c-d44d1104daa1,2024-09-05,ERP_CORPORATIVO,TRANSACOES_FINANCEIRAS,35601,4c62fc236d1f87124c89ef7c73e979fc94b58cfc445df58ca79d5d1185b175c6
TR-36103,06-08-2024,2024-08-01,COM,1000179,DESPESA,"R$9218,19","8.835,65",BRL,Custo operacional associado a COM,8,TRANSFERENCIA,PAGO,0b17011a-db1a-4f81-b66c-d44d1104daa1,2024-09-05,ERP_CORPORATIVO,TRANSACOES_FINANCEIRAS,36103,b4d48c5bdbc5a26f50f8509da8044ca6bcd95c4061690a382357ce7bbcce919d
TR-36104,26/08/24,2024-08-01,MKT,1000179,RECEITA,8549,8549,BRL,Manutenção estrutural vinculada à área MKT,3,BOLETO,PAGO,0b17011a-db1a-4f81-b66c-d44d1104daa1,2024-09-05,ERP_CORPORATIVO,TRANSACOES_FINANCEIRAS,36104,155f8cc0b42a1d324bc7b8ebb82f907d2a310d88990ca758447476a717b7677e
TR-36105,2024-08-27,2024-08-01,TI,1000179,DESPESA,"R$7052,64",6957,BRL,Diária de hotel para equipe TI,19,TRANSFERENCIA,PAGO,0b17011a-db1a-4f81-b66c-d44d1104daa1,2024-09-05,ERP_CORPORATIVO,TRANSACOES_FINANCEIRAS,36105,c8166643076d7fd88c018297d401ff9da3a8a93d59227c3e8c2871da5a2bfe2d
TR-36106,06-08-2024,2024-08-01,OP,1000179,RECEITA,8.460,8460.30,BRL,Despesa operacional - OP,8,TED,PAGO,0b17011a-db1a-4f81-b66c-d44d1104daa1,2024-09-05,ERP_CORPORATIVO,TRANSACOES_FINANCEIRAS,36106,6ce92cc4194d8b23e71958eec53ef5a0b855a32dba6db280fedbed6dc62b0bd4
TR-36107,08-12-2024,2024-08-01,OP,1000179,RECEITA,9.273,9272.94,BRL,Honorários jurídicos - OP,7,PIX,PAGO,0b17011a-db1a-4f81-b66c-d44d1104daa1,2024-09-05,ERP_CORPORATIVO,TRANSACOES_FINANCEIRAS,36107,58c90062a2ae6bc03c97076795c16a997a35432235fc9d26c60ed7a5ef3b8ab1
TR-36108,05/08/2024,2024-08-01,ATD,1000179,RECEITA,"R$ 6.587,53","6.319,59",EUR,Serviço de tecnologia contratado por ATD,5,CARTAO,PAGO,0b17011a-db1a-4f81-b66c-d44d1104daa1,2024-09-05,ERP_CORPORATIVO,TRANSACOES_FINANCEIRAS,36108,b4d393b07d780d7b07437b09887a6af4dc3fcdb3b2a4913bd906285831f20826
TR-36109,23-08-2024,2024-08-01,ATD,1000179,RECEITA,8434.70,8435,BRL,Aquisição de material operacional - ATD,2,PIX,PAGO,0b17011a-db1a-4f81-b66c-d44d1104daa1,2024-09-05,ERP_CORPORATIVO,TRANSACOES_FINANCEIRAS,36109,53aebc9966a9ed3f769c9c58dd64147bfdfea4263e382e990cd4c46f99a25609
TR-36110,07/08/2024,2024-08-01,PJT,1000179,RECEITA,7.652,"R$ 7.447,21",USD,Material de marketing solicitado por PJT,15,BOLETO,PAGO,0b17011a-db1a-4f81-b66c-d44d1104daa1,2024-09-05,ERP_CORPORATIVO,TRANSACOES_FINANCEIRAS,36110,ac860808d75cb1ce2f0e488caeedfc92e0684b44cbbe0b5e021b743f13798f0f
TR-36111,Aug 12 2024,2024-08-01,SEC,1000179,DESPESA,"R$9443,29","R$9443,29",BRL,Hospedagem em viagem a serviço de SEC,19,PIX,PAGO,0b17011a-db1a-4f81-b66c-d44d1104daa1,2024-09-05,ERP_CORPORATIVO,TRANSACOES_FINANCEIRAS,36111,63464ffa249a608d76044b455e33406aa8b85eea098667fe9c43113199f51ae1
TR-36112,26/08/2024,2024-08-01,FIN,1000179,DESPESA,"7.950,73",7950.73,BRL,Estorno de receita - FIN,39,TRANSFERENCIA,PAGO,0b17011a-db1a-4f81-b66c-d44d1104daa1,2024-09-05,ERP_CORPORATIVO,TRANSACOES_FINANCEIRAS,36112,18d0de0e7bc1d4b36aad9f4150f0931581cd53dd51476d6f17dd12c16de90838
TR-36113,Aug 13 2024,2024-08-01,QAS,1000179,DESPESA,7869.47,"7.869,47",BRL,Serviço especializado solicitado por QAS,1,TRANSFERENCIA,PAGO,0b17011a-db1a-4f81-b66c-d44d1104daa1,2024-09-05,ERP_CORPORATIVO,TRANSACOES_FINANCEIRAS,36113,abf8aabd1e9966a7f3892acaf8fa7b98f074e7943b9e736e426f5e559f5a2a8a
TR-36114,13/08/24,2024-08-01,VND,1000179,DESPESA,9037.01,9037,BRL,Diária de hotel para equipe VND,19,BOLETO,PAGO,0b17011a-db1a-4f81-b66c-d44d1104daa1,2024-09-05,ERP_CORPORATIVO,TRANSACOES_FINANCEIRAS,36114,46a8d15ef74fcfd6c225d498da58e22481a715689560acfe18138eda967d4d20
TR-36115,2024-08-12,2024-08-01,SEC,1000179,RECEITA,7604.99,"R$ 7.604,99",BRL,Consultoria estratégica para área SEC,12,PIX,PAGO,0b17011a-db1a-4f81-b66c-d44d1104daa1,2024-09-05,ERP_CORPORATIVO,TRANSACOES_FINANCEIRAS,36115,8bd4c59b79e7e80457e7f583f7944ec33e05a93107c50a6c0f6bef0837e55ae1
TR-36116,26-08-2024,2024-08-01,COMP,1000179,DESPESA,"8.389,18","R$ 8.389,18",BRL,Compra de insumos para setor COMP,2,PIX,PAGO,0b17011a-db1a-4f81-b66c-d44d1104daa1,2024-09-05,ERP_CORPORATIVO,TRANSACOES_FINANCEIRAS,36116,660a2269ee5fd43a383312ec5da1a741d686f51cf95a1a8279c08b4d672b5dc2
TR-36117,Aug 28 2024,2024-08-01,JUR,1000179,DESPESA,"R$ 8.556,31",8216,BRL,Investimento em marketing corporativo (JUR),4,PIX,PAGO,0b17011a-db1a-4f81-b66c-d44d1104daa1,2024-09-05,ERP_CORPORATIVO,TRANSACOES_FINANCEIRAS,36117,75d34b14bde7cdc7db935f59e9187e6b3d660bf52074e598e45f2a82616a7b6f
TR-36351,12/08/24,2024-08-01,OP,ACC-00181,DESPESA,1736,"R$ 1.736,43",BRL,Serviço especializado solicitado por OP,1,CARTAO,PAGO,0b17011a-db1a-4f81-b66c-d44d1104daa1,2024-09-05,ERP_CORPORATIVO,TRANSACOES_FINANCEIRAS,36351,4ef3557fe657a353bdafff2bad3efac0aa655e720ba1294346c2c0db5d816ed0
TR-36352,19/08/2024,2024-08-01,LOG,ACC-00181,RECEITA,1921,"R$ 1.838,05",BRL,Participação nos resultados vinculada a LOG,34,TRANSFERENCIA,ATRASADO,0b17011a-db1a-4f81-b66c-d44d1104daa1,2024-09-05,ERP_CORPORATIVO,TRANSACOES_FINANCEIRAS,36352,dce575dc0d59694e98729adef11c8152fda4ffe0bd8c2691fffc3a95335d0599
TR-36353,2024/08/09,2024-08-01,RH,ACC-00181,DESPESA,2263.56,2263.56,BRL,Aquisição de material operacional - RH,2,TED,PAGO,0b17011a-db1a-4f81-b66c-d44d1104daa1,2024-09-05,ERP_CORPORATIVO,TRANSACOES_FINANCEIRAS,36353,544aa8a61426269beaff4f84e3cc610667b4440dfa8b4c5fca75ef5884cd0036
TR-36354,08-12-2024,2024-08-01,JUR,ACC-00181,DESPESA,1.880,"R$1807,52",BRL,Contrato de serviço - setor JUR,1,PIX,PAGO,0b17011a-db1a-4f81-b66c-d44d1104daa1,2024-09-05,ERP_CORPORATIVO,TRANSACOES_FINANCEIRAS,36354,6905ee82db4650678ced6452236c473fc56084f17432eee57db5a6f84fd1692f
TR-36355,08-12-2024,2024-08-01,ADM,ACC-00181,DESPESA,"1.977,97","R$ 1.887,75",BRL,Licenciamento de software - ADM,5,PIX,PAGO,0b17011a-db1a-4f81-b66c-d44d1104daa1,2024-09-05,ERP_CORPORATIVO,TRANSACOES_FINANCEIRAS,36355,2317c18cb4938b16f13fc795b069de940bdc8e232feb824a35e49e35eabc614a
TR-36356,Aug 26 2024,2024-08-01,FIN,ACC-00181,RECEITA,"1.740,50","R$ 1.707,38",BRL,Custo operacional associado a FIN,8,PIX,PAGO,0b17011a-db1a-4f81-b66c-d44d1104daa1,2024-09-05,ERP_CORPORATIVO,TRANSACOES_FINANCEIRAS,36356,9f7e178a8df6e59255fe243292457b8156e5d4689feabde8eaa148f37bef7ca7
TR-36357,19/08/2024,2024-08-01,LOG,ACC-00181,RECEITA,1813.10,1813,BRL,Licenciamento de software - LOG,5,CARTAO,PAGO,0b17011a-db1a-4f81-b66c-d44d1104daa1,2024-09-05,ERP_CORPORATIVO,TRANSACOES_FINANCEIRAS,36357,52ab5d0463694565a28070509745aa84f36746b8359cfb850fda3153affb03a5
TR-36358,12/08/24,2024-08-01,ATD,ACC-00181,RECEITA,1746.04,"1.697,23",BRL,Evento corporativo organizado por ATD,14,TED,PAGO,0b17011a-db1a-4f81-b66c-d44d1104daa1,2024-09-05,ERP_CORPORATIVO,TRANSACOES_FINANCEIRAS,36358,9661b1379de032cf01b19a5d8261d79bba506a340229c9e22d7996981ce94962
TR-36359,08-19-2024,2024-08-01,RH,ACC-00181,RECEITA,2176.76,2089.40,BRL,Custo operacional associado a RH,8,TED,ATRASADO,0b17011a-db1a-4f81-b66c-d44d1104daa1,2024-09-05,ERP_CORPORATIVO,TRANSACOES_FINANCEIRAS,36359,0a19206db69c08e638c90bc2cb071ac46e475730accc9c0ccf29e73507b7ba8a
TR-36360,Aug 22 2024,2024-08-01,OP,ACC-00181,RECEITA,1792,"R$ 1.791,65",BRL,Despesa operacional - OP,8,PIX,PAGO,0b17011a-db1a-4f81-b66c-d44d1104daa1,2024-09-05,ERP_CORPORATIVO,TRANSACOES_FINANCEIRAS,36360,fd600bbdbb298ce6daf84ab5dbf484ccad0f7aae0372f4f80810155a2eb0a4c3
TR-36361,08-26-2024,2024-08-01,COMP,ACC-00181,RECEITA,"R$ 1.778,12",1778,BRL,Renovação de certificados digitais - COMP,26,CARTAO,PAGO,0b17011a-db1a-4f81-b66c-d44d1104daa1,2024-09-05,ERP_CORPORATIVO,TRANSACOES_FINANCEIRAS,36361,a33208f09073ba5ddeebc5dccd339ad8ef730297c7df9d3eb29581ec628ada52
TR-36362,Aug 06 2024,2024-08-01,QAS,ACC-00181,RECEITA,1757,"1.757,23",BRL,Contrato de serviço - setor QAS,1,BOLETO,ATRASADO,0b17011a-db1a-4f81-b66c-d44d1104daa1,2024-09-05,ERP_CORPORATIVO,TRANSACOES_FINANCEIRAS,36362,eddc2ea33e73f03112f440b9c48abc2572fa2b16a789b938e075fec751eb3102
TR-36363,2024-08-22,2024-08-01,LOG,ACC-00181,RECEITA,"R$ 1.989,96","R$1989,96",BRL,Compra de insumos para setor LOG,2,TRANSFERENCIA,ATRASADO,0b17011a-db1a-4f81-b66c-d44d1104daa1,2024-09-05,ERP_CORPORATIVO,TRANSACOES_FINANCEIRAS,36363,513dcaf19428c7d4e13152709e142e38df1b10a0fcc100f417153e9627192da7
TR-36364,2024-08-22,2024-08-01,COMP,ACC-00181,DESPESA,2030,2.030,BRL,Recebimento de subvenção - COMP,36,TRANSFERENCIA,ATRASADO,0b17011a-db1a-4f81-b66c-d44d1104daa1,2024-09-05,ERP_CORPORATIVO,TRANSACOES_FINANCEIRAS,36364,270bd5713fbf9b0ba7dd01d0992b0e24aaf6e6401a73b885ccb66203e504ace5
TR-36365,2024/08/21,2024-08-01,COM,ACC-00181,DESPESA,"1.568,45",1549,BRL,Locação de espaço comercial - COM,31,TRANSFERENCIA,PAGO,0b17011a-db1a-4f81-b66c-d44d1104daa1,2024-09-05,ERP_CORPORATIVO,TRANSACOES_FINANCEIRAS,36365,d45d6907bf77682804cc10773d1fc07507ee843291edc81e1f0e8e1e1551b197
TR-36366,2024/08/15,2024-08-01,FIN,ACC-00181,RECEITA,1928.32,1928,BRL,Investimento em marketing corporativo (FIN),4,BOLETO,PAGO,0b17011a-db1a-4f81-b66c-d44d1104daa1,2024-09-05,ERP_CORPORATIVO,TRANSACOES_FINANCEIRAS,36366,51f28ea3e6d3b05e8c5f75de07f31298cddb7056f4d0e0a64976b5f522171001
TR-36367,Aug 26 2024,2024-08-01,FIN,ACC-00181,RECEITA,1973.91,"1.973,91",BRL,Receita extraordinária - FIN,37,PIX,PAGO,0b17011a-db1a-4f81-b66c-d44d1104daa1,2024-09-05,ERP_CORPORATIVO,TRANSACOES_FINANCEIRAS,36367,5b87534105b2b573404e7ce413eebbd281f4d484f36c0e94e57a13bf6e79e5f8
TR-36368,19/08/24,2024-08-01,TI,ACC-00181,RECEITA,6450.75,6450.75,BRL,Licença de software para área TI,27,TED,ATRASADO,0b17011a-db1a-4f81-b66c-d44d1104daa1,2024-09-05,ERP_CORPORATIVO,TRANSACOES_FINANCEIRAS,36368,6cb3fc8200b1306bbf1eefdfec417e67bafbf06d5606b9541d1810e97a093d00
TR-36369,2024/08/13,2024-08-01,MKT,ACC-00181,RECEITA,"R$1694,68","1.694,68",BRL,Serviço técnico especializado para MKT,11,BOLETO,CANCELADO,0b17011a-db1a-4f81-b66c-d44d1104daa1,2024-09-05,ERP_CORPORATIVO,TRANSACOES_FINANCEIRAS,36369,934cbf5e4fb4dc3f0ae6b93cb2a1cdf77e6e56a2a4c3477a7a648e2eefb13771
TR-36370,13/08/2024,2024-08-01,OP,ACC-00181,RECEITA,"R$1712,14","R$1712,14",BRL,Serviço relacionado a recursos humanos (OP),6,CARTAO,PAGO,0b17011a-db1a-4f81-b66c-d44d1104daa1,2024-09-05,ERP_CORPORATIVO,TRANSACOES_FINANCEIRAS,36370,5168c9ee8ad9238a1d33fde1358ac43d7b8f199b06c783056e8e9cbd0650c836
TR-36371,08-20-2024,2024-08-01,COM,ACC-00181,DESPESA,2042,2042.19,BRL,Serviço de tecnologia contratado por COM,5,TRANSFERENCIA,CANCELADO,0b17011a-db1a-4f81-b66c-d44d1104daa1,2024-09-05,ERP_CORPORATIVO,TRANSACOES_FINANCEIRAS,36371,c16cf711be980aa2564a08fe988e3b14b3f9481e31de4c55a1624f46308505d8
TR-36372,2024/08/22,2024-08-01,OP,ACC-00181,DESPESA,1904,"R$ 1.903,62",BRL,Compra de insumos para setor OP,2,TRANSFERENCIA,CANCELADO,0b17011a-db1a-4f81-b66c-d44d1104daa1,2024-09-05,ERP_CORPORATIVO,TRANSACOES_FINANCEIRAS,36372,6b184bfc32b9540357c530fc4ce218c5158c39bc229225d84517084955cc6903
TR-36939,08-12-2024,2024-08-01,OP,ACC-00184,RECEITA,3889,"3.888,99",BRL,Diária de hotel para equipe OP,19,PIX,PAGO,0b17011a-db1a-4f81-b66c-d44d1104daa1,2024-09-05,ERP_CORPORATIVO,TRANSACOES_FINANCEIRAS,36939,ac735f32803291b6490e5cc79508060945ccec936461298c7d0a05bdaeeeb1c6
TR-36940,2024/08/14,2024-08-01,FIN,ACC-00184,RECEITA,"R$ 4.014,20",3.971,BRL,Prestação de serviço para área FIN,1,TRANSFERENCIA,PAGO,0b17011a-db1a-4f81-b66c-d44d1104daa1,2024-09-05,ERP_CORPORATIVO,TRANSACOES_FINANCEIRAS,36940,d69bcc3e3d00b5b86b5d307f0748f6df87e71e32543e6faaa8cfb11716192b57
TR-36941,19/08/2024,2024-08-01,FIN,ACC-00184,DESPESA,"R$3649,44","R$ 3.649,44",BRL,Publicidade institucional - FIN,13,TED,PAGO,0b17011a-db1a-4f81-b66c-d44d1104daa1,2024-09-05,ERP_CORPORATIVO,TRANSACOES_FINANCEIRAS,36941,ee8e649d5a2d232e6ac79666639e984feee2791a882b130c3d7bf9924bf17d90
TR-36942,08-14-2024,2024-08-01,TI,ACC-00184,DESPESA,"R$4229,42",4.229,BRL,Despesa de RH - TI,6,BOLETO,PAGO,0b17011a-db1a-4f81-b66c-d44d1104daa1,2024-09-05,ERP_CORPORATIVO,TRANSACOES_FINANCEIRAS,36942,33e823ce5f42385cbd549e9947897ced691ef97b10e04a295efbe68b01b672e7
TR-36943,16/08/2024,2024-08-01,MKT,ACC-00184,DESPESA,"4.422,45",4422,BRL,Hospedagem em viagem a serviço de MKT,19,BOLETO,PAGO,0b17011a-db1a-4f81-b66c-d44d1104daa1,2024-09-05,ERP_CORPORATIVO,TRANSACOES_FINANCEIRAS,36943,1f52d3d4c8cc993ba1d6f876fb6759e6251aa44acf0a28f744746c2269e2b1fc
TR-36944,05/08/2024,2024-08-01,VND,ACC-00184,RECEITA,3566.63,"3.566,63",BRL,Propaganda e divulgação para área VND,13,TRANSFERENCIA,PAGO,0b17011a-db1a-4f81-b66c-d44d1104daa1,2024-09-05,ERP_CORPORATIVO,TRANSACOES_FINANCEIRAS,36944,dd9b01f79a78ebd6ca8dd2a9cc3cf1415bcda8065a8d5be6ea4182ca069383a9
TR-36945,08-21-2024,2024-08-01,COM,ACC-00184,DESPESA,3.576,"R$ 3.575,67",BRL,Prestação de serviço para área COM,1,CARTAO,PAGO,0b17011a-db1a-4f81-b66c-d44d1104daa1,2024-09-05,ERP_CORPORATIVO,TRANSACOES_FINANCEIRAS,36945,1a5e9645a317acc6383e2c9d7ff9bcae0b0b6ac0314e54731c809768b20fc940
TR-36946,Aug 13 2024,2024-08-01,OP,ACC-00184,DESPESA,3596.42,3.596,BRL,Tarifas de serviços financeiros - OP,22,TRANSFERENCIA,PAGO,0b17011a-db1a-4f81-b66c-d44d1104daa1,2024-09-05,ERP_CORPORATIVO,TRANSACOES_FINANCEIRAS,36946,7fd6a2ff28b1cdbde2eeaf5af0939be6348c2a5746aa25ecf4d7d78fd6bdd576
TR-36947,22/08/2024,2024-08-01,FIN,ACC-00184,RECEITA,4340,4257,BRL,Desconto concedido em operação de FIN,38,PIX,PAGO,0b17011a-db1a-4f81-b66c-d44d1104daa1,2024-09-05,ERP_CORPORATIVO,TRANSACOES_FINANCEIRAS,36947,6a861807ef37a6e43ef933b5a4c59adb4afe4134ce9355ec41f7d9cf32cf54a1
TR-36948,08-14-2024,2024-08-01,PES,ACC-00184,DESPESA,3554.74,3554.74,BRL,Custo operacional associado a PES,8,BOLETO,PAGO,0b17011a-db1a-4f81-b66c-d44d1104daa1,2024-09-05,ERP_CORPORATIVO,TRANSACOES_FINANCEIRAS,36948,029f59f18b7085c448995d2bfca978b7eb31938902d1ad53d96bc11096498ff2
TR-36949,Aug 19 2024,2024-08-01,JUR,ACC-00184,RECEITA,"R$3780,94",3730,BRL,Doação recebida em favor de JUR,36,TED,PAGO,0b17011a-db1a-4f81-b66c-d44d1104daa1,2024-09-05,ERP_CORPORATIVO,TRANSACOES_FINANCEIRAS,36949,aea0d3890613ea90a207a90618aa6dff52783d2f4225d941c0c227ff6968c218
TR-36950,Aug 07 2024,2024-08-01,FIN,ACC-00184,DESPESA,3.546,"R$3417,21",BRL,Despesa de RH - FIN,6,TED,PAGO,0b17011a-db1a-4f81-b66c-d44d1104daa1,2024-09-05,ERP_CORPORATIVO,TRANSACOES_FINANCEIRAS,36950,e15c441e92d6f1cd7d31a9eb88c850d1e9cb587e064ed80ca7334065186a211a
TR-37016,2024/08/05,2024-08-01,VND,ACC-00185,RECEITA,"R$ 1.090,42","R$1062,43",BRL,Prestação de serviço para área VND,1,BOLETO,PAGO,0b17011a-db1a-4f81-b66c-d44d1104daa1,2024-09-05,ERP_CORPORATIVO,TRANSACOES_FINANCEIRAS,37016,2217d7f5bd1c663ee289632661bbbcf257e0346ff2c1871e6eb19a14951438f4
TR-37017,23/08/24,2024-08-01,OP,ACC-00185,DESPESA,"R$1188,42","R$ 1.188,42",BRL,Honorários profissionais contratados por OP,11,PIX,PAGO,0b17011a-db1a-4f81-b66c-d44d1104daa1,2024-09-05,ERP_CORPORATIVO,TRANSACOES_FINANCEIRAS,37017,9e5056ebcdcf0fb00beaaaf887e03a6798b04dcef9c6d7bbf64f3f3ff976edd1
TR-37018,08-22-2024,2024-08-01,RH,ACC-00185,DESPESA,1.028,"R$ 1.027,74",BRL,Prestação de serviço para área RH,1,TRANSFERENCIA,PAGO,0b17011a-db1a-4f81-b66c-d44d1104daa1,2024-09-05,ERP_CORPORATIVO,TRANSACOES_FINANCEIRAS,37018,b5e8cd9423d5c965f7a39782738572d7ca9769eb75f32a671b6fa2e3937d7450
TR-37019,12/08/2024,2024-08-01,RH,ACC-00185,DESPESA,1036.76,"R$1007,70",BRL,Custo operacional associado a RH,8,TRANSFERENCIA,PAGO,0b17011a-db1a-4f81-b66c-d44d1104daa1,2024-09-05,ERP_CORPORATIVO,TRANSACOES_FINANCEIRAS,37019,1c06f453a61c0a9342ca82349ea70db1326732790e5c8ddb8baa7cb956c0078d
TR-37020,19/08/2024,2024-08-01,COM,ACC-00185,DESPESA,"1.047,50","R$1047,50",BRL,Propaganda e divulgação para área COM,13,BOLETO,PAGO,0b17011a-db1a-4f81-b66c-d44d1104daa1,2024-09-05,ERP_CORPORATIVO,TRANSACOES_FINANCEIRAS,37020,ed81274151bf0666024c774f59e7e5f25f00df76c486190b249192cf694c451c
TR-37021,08-26-2024,2024-08-01,COM,ACC-00185,RECEITA,"R$1151,09",1151,BRL,Evento corporativo organizado por COM,14,TED,PAGO,0b17011a-db1a-4f81-b66c-d44d1104daa1,2024-09-05,ERP_CORPORATIVO,TRANSACOES_FINANCEIRAS,37021,e2dd0fac577da22bdf2aaf001c1d2991667a33c4fb14e5492e7e7ddbdffa1e88
TR-37022,2024/08/12,2024-08-01,CTB,ACC-00185,RECEITA,"1.431,04",1431.04,BRL,Aquisição de material operacional - CTB,2,TED,ATRASADO,0b17011a-db1a-4f81-b66c-d44d1104daa1,2024-09-05,ERP_CORPORATIVO,TRANSACOES_FINANCEIRAS,37022,ff45b08f6844858be935e3c554c7e3569a281cd77bd352fe1df6a9e5f04ded01
TR-37023,2024/08/14,2024-08-01,QAS,ACC-00185,RECEITA,"1.088,31","R$1088,31",BRL,Manutenção predial solicitada por QAS,10,CARTAO,ATRASADO,0b17011a-db1a-4f81-b66c-d44d1104daa1,2024-09-05,ERP_CORPORATIVO,TRANSACOES_FINANCEIRAS,37023,6e07071b3c8e936f2225e933f918fcc91761e0c3f0194e8c7e7a45a00ac239c4
TR-37024,06/08/24,2024-08-01,OP,ACC-00185,RECEITA,1.064,1064,BRL,Despesa jurídica da área OP,24,PIX,PAGO,0b17011a-db1a-4f81-b66c-d44d1104daa1,2024-09-05,ERP_CORPORATIVO,TRANSACOES_FINANCEIRAS,37024,4087125b8f8ea3a446b834e2a052683dd67d3e95b1b718930ee8e3dfc0be4088
TR-37025,2024-08-13,2024-08-01,PJT,ACC-00185,RECEITA,989,966,BRL,Compra de insumos para setor PJT,2,PIX,PAGO,0b17011a-db1a-4f81-b66c-d44d1104daa1,2024-09-05,ERP_CORPORATIVO,TRANSACOES_FINANCEIRAS,37025,52632d25111e010d2f69d89298b536bf7816b9daf8e16f734698181695e6e1c5
TR-37026,Aug 13 2024,2024-08-01,VND,ACC-00185,DESPESA,"R$1296,16",1.296,BRL,Contrato de consultoria externa - VND,12,CARTAO,PAGO,0b17011a-db1a-4f81-b66c-d44d1104daa1,2024-09-05,ERP_CORPORATIVO,TRANSACOES_FINANCEIRAS,37026,a8bcf91743d16530666a5e89fe59fcf8e73091435bf255fc6db27258a5c143df
TR-37027,22-08-2024,2024-08-01,PES,ACC-00185,RECEITA,1.048,"R$1006,20",BRL,Contrato de serviço - setor PES,1,TED,PAGO,0b17011a-db1a-4f81-b66c-d44d1104daa1,2024-09-05,ERP_CORPORATIVO,TRANSACOES_FINANCEIRAS,37027,c7dcd1b9fd07b7ba16d89341cbe48637a97099bbdf11c113622cba48fbfd4997
TR-37028,02/08/24,2024-08-01,FIN,ACC-00185,DESPESA,1.024,"R$1023,87",BRL,Serviço especializado solicitado por FIN,1,PIX,PAGO,0b17011a-db1a-4f81-b66c-d44d1104daa1,2024-09-05,ERP_CORPORATIVO,TRANSACOES_FINANCEIRAS,37028,bc4c91ef184cde50df7ed17d890c4d0036849e9df181485f9640ef50ddd207fc
TR-37029,2024-08-15,2024-08-01,RH,ACC-00185,RECEITA,"388,55","R$ 388,55",BRL,Aquisição de material operacional - RH,2,PIX,ATRASADO,0b17011a-db1a-4f81-b66c-d44d1104daa1,2024-09-05,ERP_CORPORATIVO,TRANSACOES_FINANCEIRAS,37029,1fb9bf4d19f3863e3d41f9a1f38e909569b757558360a95b6adff54025d32d22
TR-37030,12/08/24,2024-08-01,TI,ACC-00185,DESPESA,"R$1306,87","R$1306,87",BRL,Alienação de bem patrimonial - TI,35,PIX,PAGO,0b17011a-db1a-4f81-b66c-d44d1104daa1,2024-09-05,ERP_CORPORATIVO,TRANSACOES_FINANCEIRAS,37030,a97db1a5e02a3757e3f183a08418adcad389f18c62fb912a707088046fa392c0
TR-37031,Aug 19 2024,2024-08-01,LOG,ACC-00185,DESPESA,1029.68,1029.68,BRL,Material de marketing solicitado por LOG,15,TRANSFERENCIA,PAGO,0b17011a-db1a-4f81-b66c-d44d1104daa1,2024-09-05,ERP_CORPORATIVO,TRANSACOES_FINANCEIRAS,37031,6b156e67bf23daf840bf2562624f623ed87482e17849c41605499ee95e0d41a8
TR-37032,08-05-2024,2024-08-01,OP,ACC-00185,RECEITA,1.086,1086.39,BRL,Hospedagem em viagem a serviço de OP,19,TRANSFERENCIA,PAGO,0b17011a-db1a-4f81-b66c-d44d1104daa1,2024-09-05,ERP_CORPORATIVO,TRANSACOES_FINANCEIRAS,37032,9777c16e9f6fa3960c4ba43358f9df52f47a55e91558b5c2889d3294af2a04e5
TR-37033,08-14-2024,2024-08-01,ATD,ACC-00185,DESPESA,"R$846,85",847,BRL,Licenciamento de software - ATD,5,TRANSFERENCIA,PAGO,0b17011a-db1a-4f81-b66c-d44d1104daa1,2024-09-05,ERP_CORPORATIVO,TRANSACOES_FINANCEIRAS,37033,a44e77b9cb61ff87eaf0144458489e9821b51352850fb6ca9afcd55f4b4f8a45
TR-37034,08-21-2024,2024-08-01,COM,ACC-00185,DESPESA,1201,1.201,USD,Serviço especializado solicitado por COM,1,CARTAO,PAGO,0b17011a-db1a-4f81-b66c-d44d1104daa1,2024-09-05,ERP_CORPORATIVO,TRANSACOES_FINANCEIRAS,37034,169182fb3513e03e078aa77d073f3ad4dac60bdabee256f37a7095d478ab5b75
TR-37035,08-09-2024,2024-08-01,COM,ACC-00185,RECEITA,305,"R$ 254,90",BRL,Serviço de tecnologia contratado por COM,5,TED,CANCELADO,0b17011a-db1a-4f81-b66c-d44d1104daa1,2024-09-05,ERP_CORPORATIVO,TRANSACOES_FINANCEIRAS,37035,f4b174b5c297b3b7911c5a61579b4a8e4af19c239262896fd4dacc4129e13059
TR-37251,2024/08/12,2024-08-01,COMP,1000185,DESPESA,"9.165,17","R$ 9.165,17",BRL,Treinamento corporativo para equipe COMP,30,PIX,PAGO,0b17011a-db1a-4f81-b66c-d44d1104daa1,2024-09-05,ERP_CORPORATIVO,TRANSACOES_FINANCEIRAS,37251,0eefb5f533a69366144a55463c63f4c3ab98f8f995e626df143cedff7ba17e0d
TR-37252,19/08/2024,2024-08-01,TI,1000185,DESPESA,"8.829,11","8.829,11",BRL,Despesa de infraestrutura - TI,3,BOLETO,PAGO,0b17011a-db1a-4f81-b66c-d44d1104daa1,2024-09-05,ERP_CORPORATIVO,TRANSACOES_FINANCEIRAS,37252,11ebb784621fba21b31d99e7509b1cb1cf1c713588b82f8d585a168fe349766c
TR-37726,2024/08/15,2024-08-01,CPT,ACC-00190,DESPESA,5913,"5.700,50",BRL,Despesa de infraestrutura - CPT,3,CARTAO,PAGO,0b17011a-db1a-4f81-b66c-d44d1104daa1,2024-09-05,ERP_CORPORATIVO,TRANSACOES_FINANCEIRAS,37726,b75a9aada4ecc5e9436215225ab86497e9f3534a7dd058d32d8495b0edecd923
TR-37727,2024/08/08,2024-08-01,RH,ACC-00190,RECEITA,"R$5495,82",5495.82,BRL,Juros sobre operação financeira - RH,23,TED,PAGO,0b17011a-db1a-4f81-b66c-d44d1104daa1,2024-09-05,ERP_CORPORATIVO,TRANSACOES_FINANCEIRAS,37727,912555f636a125f9cf1a16787895dd6d07f5e946617f0e25f0045509de37f3f5
TR-37728,2024-08-08,2024-08-01,MKT,ACC-00190,DESPESA,6.359,"6.359,48",BRL,Custo operacional associado a MKT,8,TED,CANCELADO,0b17011a-db1a-4f81-b66c-d44d1104daa1,2024-09-05,ERP_CORPORATIVO,TRANSACOES_FINANCEIRAS,37728,8278afdc990bf9f79b8260721c0d8972593590094aa232aa9d5c12f61199aca3
TR-37729,21/08/2024,2024-08-01,COM,ACC-00190,DESPESA,"5.892,04","R$ 5.665,39",BRL,Aquisição de material operacional - COM,2,CARTAO,PAGO,0b17011a-db1a-4f81-b66c-d44d1104daa1,2024-09-05,ERP_CORPORATIVO,TRANSACOES_FINANCEIRAS,37729,e760df53a8248b7bd0aa1b9dd6c559856221ab3eef877bafd4cfffe18e39ca78
TR-37730,2024/08/20,2024-08-01,CTB,ACC-00190,DESPESA,6918.10,6705,EUR,Campanha institucional - CTB,4,TED,PAGO,0b17011a-db1a-4f81-b66c-d44d1104daa1,2024-09-05,ERP_CORPORATIVO,TRANSACOES_FINANCEIRAS,37730,e8597f3104728ee21f47e9cd6623aeb8f0c50fd68c34e7a3d3d88864ba9ab040
TR-37731,Aug 02 2024,2024-08-01,ATD,ACC-00190,RECEITA,4813.29,4813.29,BRL,Serviço especializado solicitado por ATD,1,CARTAO,PAGO,0b17011a-db1a-4f81-b66c-d44d1104daa1,2024-09-05,ERP_CORPORATIVO,TRANSACOES_FINANCEIRAS,37731,e37342eaba146066e4c0b76856bb52498184a4ee61fb669c96a31a8f44960e0a
TR-37912,06-08-2024,2024-08-01,CTB,FORN-00192,RECEITA,"R$ 4.654,94","R$ 4.654,94",BRL,Prestação de serviço para área CTB,1,PIX,PAGO,0b17011a-db1a-4f81-b66c-d44d1104daa1,2024-09-05,ERP_CORPORATIVO,TRANSACOES_FINANCEIRAS,37912,dc3979892af7c787ecfad83b11e5bee23ee52c6bbc36699d1f55780e18cb8f05
TR-37913,08-14-2024,2024-08-01,OP,FORN-00192,DESPESA,4098.20,3.917,BRL,Serviços contábeis externos - OP,25,BOLETO,ATRASADO,0b17011a-db1a-4f81-b66c-d44d1104daa1,2024-09-05,ERP_CORPORATIVO,TRANSACOES_FINANCEIRAS,37913,a5c9ecd49ce60c707aff9626cc676fd2ece6319edd866b174c020f804a981dce
TR-37914,2024-08-14,2024-08-01,MKT,FORN-00192,DESPESA,4.564,"R$ 4.564,13",BRL,Despesa operacional - MKT,8,TED,PAGO,0b17011a-db1a-4f81-b66c-d44d1104daa1,2024-09-05,ERP_CORPORATIVO,TRANSACOES_FINANCEIRAS,37914,16cb3273dcb47846494978225853dc269a531dc287b4611d3401899424a0a453
TR-37915,2024-08-14,2024-08-01,COM,FORN-00192,RECEITA,5543,"5.543,33",BRL,Manutenção predial solicitada por COM,10,TRANSFERENCIA,PAGO,0b17011a-db1a-4f81-b66c-d44d1104daa1,2024-09-05,ERP_CORPORATIVO,TRANSACOES_FINANCEIRAS,37915,bd8c5781ce2e3bd60d2346cb0f3dbb032e9b03fcacb5d19ebb3f4431e68b03ee
TR-37916,2024-08-05,2024-08-01,ATD,FORN-00192,DESPESA,4986.45,4986,BRL,Despesa de infraestrutura - ATD,3,TED,PAGO,0b17011a-db1a-4f81-b66c-d44d1104daa1,2024-09-05,ERP_CORPORATIVO,TRANSACOES_FINANCEIRAS,37916,e48b45864e97864a09ef0122df2883a6ba8698a43350d38506533d5fbd4504fb
TR-37917,12/08/2024,2024-08-01,FIN,FORN-00192,DESPESA,4.584,4584.01,BRL,Despesa de RH - FIN,6,BOLETO,PAGO,0b17011a-db1a-4f81-b66c-d44d1104daa1,2024-09-05,ERP_CORPORATIVO,TRANSACOES_FINANCEIRAS,37917,dcafeafac1ff6c004477d6317ca098fe6c5428eb5f9e577902778c2b7c4d3920
TR-37918,14/08/2024,2024-08-01,COMP,FORN-00192,DESPESA,"5.665,38",5.576,BRL,Certificado digital adquirido por COMP,26,TRANSFERENCIA,ATRASADO,0b17011a-db1a-4f81-b66c-d44d1104daa1,2024-09-05,ERP_CORPORATIVO,TRANSACOES_FINANCEIRAS,37918,8580ee7ec78a230396c3da19f1fb513b51dd1f59dbd1debfda43d9a7e6d67043
TR-37919,19/08/24,2024-08-01,MKT,FORN-00192,DESPESA,"R$4359,08",4.359,BRL,Estorno de receita - MKT,39,CARTAO,PAGO,0b17011a-db1a-4f81-b66c-d44d1104daa1,2024-09-05,ERP_CORPORATIVO,TRANSACOES_FINANCEIRAS,37919,23a7081b8ec41e7c2860607e9eb56a596518a86e51cb4aa99d91982f17a61d9d
TR-37920,Aug 13 2024,2024-08-01,ATD,FORN-00192,DESPESA,"R$10490,44","R$ 10.490,44",BRL,Venda de ativo imobilizado por ATD,35,TRANSFERENCIA,PAGO,0b17011a-db1a-4f81-b66c-d44d1104daa1,2024-09-05,ERP_CORPORATIVO,TRANSACOES_FINANCEIRAS,37920,d64cb7d77603dc75317127b28c570359ca8e16dcedf06e0551193a9c1c70dd00
TR-37921,08-15-2024,2024-08-01,QAS,FORN-00192,RECEITA,"R$4494,74","R$ 4.396,39",BRL,Licenciamento de software - QAS,5,CARTAO,ATRASADO,0b17011a-db1a-4f81-b66c-d44d1104daa1,2024-09-05,ERP_CORPORATIVO,TRANSACOES_FINANCEIRAS,37921,2a9d9c71a13aeb412e591d9d2b92419e6ef0a9f6e8410b5440301271bccbfcc4
TR-37922,26/08/2024,2024-08-01,LOG,FORN-00192,RECEITA,4539,4539,BRL,Atendimento de TI requisitado por LOG,29,TRANSFERENCIA,PAGO,0b17011a-db1a-4f81-b66c-d44d1104daa1,2024-09-05,ERP_CORPORATIVO,TRANSACOES_FINANCEIRAS,37922,c7da41d88d539a06c31e810b6a4372b3932e574e481942e5713f019220b3f550
TR-37923,26/08/2024,2024-08-01,MKT,FORN-00192,DESPESA,"R$4819,16",4.819,BRL,Despesa de RH - MKT,6,CARTAO,PAGO,0b17011a-db1a-4f81-b66c-d44d1104daa1,2024-09-05,ERP_CORPORATIVO,TRANSACOES_FINANCEIRAS,37923,c0f2ebf29c8f7774024e7351bbc0c976f4030a37d96510c3b86e395c964d2bc6
TR-38040,14/08/2024,2024-08-01,JUR,FORN-00193,DESPESA,1.082,1039,BRL,Licenciamento de software - JUR,5,PIX,PAGO,0b17011a-db1a-4f81-b66c-d44d1104daa1,2024-09-05,ERP_CORPORATIVO,TRANSACOES_FINANCEIRAS,38040,581f41ced70ef8d025ab832a67c09c73926ae5114b07aae51cc0db4bf506c912
TR-38041,15/08/24,2024-08-01,MKT,FORN-00193,DESPESA,"1.107,87","R$ 1.074,36",BRL,Licenciamento de software - MKT,5,TED,ATRASADO,0b17011a-db1a-4f81-b66c-d44d1104daa1,2024-09-05,ERP_CORPORATIVO,TRANSACOES_FINANCEIRAS,38041,e1d0b7f90e1cae289f628dfdb46ac596ffd254f4cae0a610d7493d5024e71ee0
TR-38042,Aug 22 2024,2024-08-01,ESG,FORN-00193,RECEITA,1056,"R$ 1.055,82",BRL,Manutenção preventiva de veículos - ESG,17,CARTAO,PAGO,0b17011a-db1a-4f81-b66c-d44d1104daa1,2024-09-05,ERP_CORPORATIVO,TRANSACOES_FINANCEIRAS,38042,d6c2b87c296b861ad3fb0e4713acc842fd7eae9cbabf0285f41cb3ef1fb964c5
TR-38043,20/08/2024,2024-08-01,COM,FORN-00193,RECEITA,1.198,"R$1168,22",BRL,Receita eventual registrada em COM,37,PIX,PAGO,0b17011a-db1a-4f81-b66c-d44d1104daa1,2024-09-05,ERP_CORPORATIVO,TRANSACOES_FINANCEIRAS,38043,625bfaa7f92a3a72694a43c042522d3b1e47f19fa322cb3af26810beb3e45d97
TR-38044,2024-08-21,2024-08-01,FIN,FORN-00193,DESPESA,1124,1.085,BRL,Doação recebida em favor de FIN,36,PIX,ATRASADO,0b17011a-db1a-4f81-b66c-d44d1104daa1,2024-09-05,ERP_CORPORATIVO,TRANSACOES_FINANCEIRAS,38044,7531fe8b069ce6b78dd272131d61c2c3fda0c798b3dd1156c97ae4543f53844d
TR-38045,30/08/24,2024-08-01,COM,FORN-00193,RECEITA,1.148,"R$1147,72",BRL,Custo operacional associado a COM,8,TRANSFERENCIA,PAGO,0b17011a-db1a-4f81-b66c-d44d1104daa1,2024-09-05,ERP_CORPORATIVO,TRANSACOES_FINANCEIRAS,38045,3047703df9e4a50b521ba534edb19bda25b1fafb698cac359151c2171cf8b996
TR-38046,Aug 23 2024,2024-08-01,RH,FORN-00193,DESPESA,"R$ 1.114,74",1115,BRL,Prestação de serviço para área RH,1,TRANSFERENCIA,PAGO,0b17011a-db1a-4f81-b66c-d44d1104daa1,2024-09-05,ERP_CORPORATIVO,TRANSACOES_FINANCEIRAS,38046,de0a0d81580f0548555c7fc4c2b6144c743329f4dcc8d199eb7b5acc607c5c30
TR-38047,08-07-2024,2024-08-01,OP,FORN-00193,DESPESA,"1.202,65",1202.65,USD,Juros sobre operação financeira - OP,23,PIX,PAGO,0b17011a-db1a-4f81-b66c-d44d1104daa1,2024-09-05,ERP_CORPORATIVO,TRANSACOES_FINANCEIRAS,38047,1a50aec54b0eb38dcb2ad1400babaabb025f71d84108d6e003666548361726b8
TR-38048,Aug 22 2024,2024-08-01,ESG,FORN-00193,DESPESA,1179.40,"R$1179,40",BRL,Honorários profissionais contratados por ESG,11,TRANSFERENCIA,PAGO,0b17011a-db1a-4f81-b66c-d44d1104daa1,2024-09-05,ERP_CORPORATIVO,TRANSACOES_FINANCEIRAS,38048,f91123b05f7010badafb715cda54a92783d5a25ffce60366540ee3e04c4ef20e
TR-38049,13/08/24,2024-08-01,RH,FORN-00193,DESPESA,"1.109,68",1110,BRL,Manutenção estrutural vinculada à área RH,3,PIX,PAGO,0b17011a-db1a-4f81-b66c-d44d1104daa1,2024-09-05,ERP_CORPORATIVO,TRANSACOES_FINANCEIRAS,38049,dbefb0b2756369626691509728106c3e0b23c532eefa16df0d2ee78d7c7f7999
TR-38050,19/08/2024,2024-08-01,JUR,FORN-00193,DESPESA,"1.132,68","R$1114,71",BRL,Despesa operacional - JUR,8,TED,PAGO,0b17011a-db1a-4f81-b66c-d44d1104daa1,2024-09-05,ERP_CORPORATIVO,TRANSACOES_FINANCEIRAS,38050,a9cb02e3336eda9ea7babaa85e78b02a19531f2d7a522854455963ac8957787e
TR-38051,12-08-2024,2024-08-01,PJT,FORN-00193,DESPESA,"R$ 1.132,55","R$1132,55",BRL,Diária de hotel para equipe PJT,19,BOLETO,PAGO,0b17011a-db1a-4f81-b66c-d44d1104daa1,2024-09-05,ERP_CORPORATIVO,TRANSACOES_FINANCEIRAS,38051,4f8a431978f680483793cd47d7251bd06f52970a229da678001ccdc980c4f1d9
TR-38052,19/08/2024,2024-08-01,ATD,FORN-00193,DESPESA,4102,"R$4102,38",BRL,Comissão recebida por ATD,33,CARTAO,PAGO,0b17011a-db1a-4f81-b66c-d44d1104daa1,2024-09-05,ERP_CORPORATIVO,TRANSACOES_FINANCEIRAS,38052,a40f5233e4df289b8083e51e742036441d47a4afb63b305f4711188727f04cb7
TR-38053,2024/08/07,2024-08-01,CTB,FORN-00193,DESPESA,1064,1047.45,BRL,Despesa de refeição em deslocamento (CTB),20,TED,PAGO,0b17011a-db1a-4f81-b66c-d44d1104daa1,2024-09-05,ERP_CORPORATIVO,TRANSACOES_FINANCEIRAS,38053,04c86969da170270dc09fa98f967d399e9f0b3484c124d827ab769e211ddaa4c
TR-38226,30/08/24,2024-08-01,RH,1000193,DESPESA,4.174,"4.173,50",BRL,Manutenção estrutural vinculada à área RH,3,TRANSFERENCIA,PAGO,0b17011a-db1a-4f81-b66c-d44d1104daa1,2024-09-05,ERP_CORPORATIVO,TRANSACOES_FINANCEIRAS,38226,e724296797b5374dcca7a62584dcc76cb8ee489feee607c88a2dc7272117b268
TR-38227,Aug 27 2024,2024-08-01,PRD,1000193,DESPESA,4078.22,"R$4078,22",BRL,Comissão recebida por PRD,33,CARTAO,PAGO,0b17011a-db1a-4f81-b66c-d44d1104daa1,2024-09-05,ERP_CORPORATIVO,TRANSACOES_FINANCEIRAS,38227,dcd680c1972006d03dbeb22e1fa233204b55296a77e45ead1b1a72b39ea3add8
TR-38228,12/08/24,2024-08-01,OP,1000193,DESPESA,"R$4407,07","R$ 4.407,07",BRL,Resultado de equivalência patrimonial - OP,34,BOLETO,PAGO,0b17011a-db1a-4f81-b66c-d44d1104daa1,2024-09-05,ERP_CORPORATIVO,TRANSACOES_FINANCEIRAS,38228,3169e416eda7bc790ac04e13fb92249d533838e4069bde6457efe8dee8bc6a30
TR-38229,08-13-2024,2024-08-01,OP,1000193,DESPESA,"R$4701,07",4615.46,BRL,Evento corporativo organizado por OP,14,PIX,PAGO,0b17011a-db1a-4f81-b66c-d44d1104daa1,2024-09-05,ERP_CORPORATIVO,TRANSACOES_FINANCEIRAS,38229,810c3ad94e3ffa43ce955b45d31ec76d4e6a27e33c647eb31cbf83a58f6f73fc
TR-38230,2024-08-26,2024-08-01,ATD,1000193,DESPESA,3893,"3.893,17",BRL,Despesa operacional - ATD,8,BOLETO,ATRASADO,0b17011a-db1a-4f81-b66c-d44d1104daa1,2024-09-05,ERP_CORPORATIVO,TRANSACOES_FINANCEIRAS,38230,c090991c84401f4794047cfbbc728f9efc14a6ff18b2ec931efed3ad4c082950
TR-38231,Aug 06 2024,2024-08-01,COMP,1000193,DESPESA,"4.053,37","4.053,37",BRL,Receita extraordinária - COMP,37,PIX,PAGO,0b17011a-db1a-4f81-b66c-d44d1104daa1,2024-09-05,ERP_CORPORATIVO,TRANSACOES_FINANCEIRAS,38231,83382b7227d38bb8bb773f14aba3b43aa1eaf44ccf7118f2e6212f99044187b6
TR-38232,2024/08/08,2024-08-01,CPT,1000193,RECEITA,"R$5393,24","R$ 5.393,24",BRL,Serviço de tecnologia contratado por CPT,5,PIX,PAGO,0b17011a-db1a-4f81-b66c-d44d1104daa1,2024-09-05,ERP_CORPORATIVO,TRANSACOES_FINANCEIRAS,38232,60d8896305ef1c6404dd38945fcc29ba966a8f8609295df4fa25a7b1f0fd43f5
TR-38233,21-08-2024,2024-08-01,PRD,1000193,DESPESA,3565,3565.14,BRL,Despesa operacional - PRD,8,PIX,PAGO,0b17011a-db1a-4f81-b66c-d44d1104daa1,2024-09-05,ERP_CORPORATIVO,TRANSACOES_FINANCEIRAS,38233,4286fa4ce9e36f0f5549128a3bf0d524c4202d81fe1967fe702ef33936db5953
TR-38234,23/08/24,2024-08-01,FIN,1000193,RECEITA,"3.640,96","3.640,96",BRL,Serviço especializado solicitado por FIN,1,TRANSFERENCIA,PAGO,0b17011a-db1a-4f81-b66c-d44d1104daa1,2024-09-05,ERP_CORPORATIVO,TRANSACOES_FINANCEIRAS,38234,e8da0fe6fea370a4b51c51bcb80c7082a5946ccaec702f3d75f9d8a441494600
TR-38235,08-19-2024,2024-08-01,MKT,1000193,RECEITA,"4.752,14","R$4752,14",BRL,Despesa de RH - MKT,6,TED,PAGO,0b17011a-db1a-4f81-b66c-d44d1104daa1,2024-09-05,ERP_CORPORATIVO,TRANSACOES_FINANCEIRAS,38235,f61209790c29ab5b812f73ffc3f64b5f74df5117dc4966f81a976ac33c26c498
TR-38236,19/08/24,2024-08-01,TI,1000193,RECEITA,5178.95,"5.109,31",BRL,Prestação de serviço para área TI,1,TED,ATRASADO,0b17011a-db1a-4f81-b66c-d44d1104daa1,2024-09-05,ERP_CORPORATIVO,TRANSACOES_FINANCEIRAS,38236,7f80677620f71b957b57be82f738c6e9209a5393a0e700925f5ef010427273f1
TR-38237,09/08/24,2024-08-01,COM,1000193,DESPESA,"R$ 4.945,81","R$4945,81",BRL,Despesa de infraestrutura - COM,3,TED,PAGO,0b17011a-db1a-4f81-b66c-d44d1104daa1,2024-09-05,ERP_CORPORATIVO,TRANSACOES_FINANCEIRAS,38237,ab56b25de3cb20e20081812d4beec6b5a1fb9bedcdf6bce45c0f1d639c5496e8
TR-38613,2024-08-12,2024-08-01,ADM,FORN-00195,RECEITA,"1.853,15",1.817,BRL,Devolução de venda processada por ADM,39,TRANSFERENCIA,PAGO,0b17011a-db1a-4f81-b66c-d44d1104daa1,2024-09-05,ERP_CORPORATIVO,TRANSACOES_FINANCEIRAS,38613,24134f62ee50eb6802580b6914d2a8a8e91ab9f5502348a44bb0a1274738e5aa
TR-38614,2024/08/26,2024-08-01,COMP,FORN-00195,RECEITA,"1.822,26","R$1822,26",BRL,Custo operacional associado a COMP,8,TRANSFERENCIA,PAGO,0b17011a-db1a-4f81-b66c-d44d1104daa1,2024-09-05,ERP_CORPORATIVO,TRANSACOES_FINANCEIRAS,38614,1e6a55ae133b9c23f22afed6f5443dc0cb27003f45109cae0450ec233aa6f208
TR-38615,2024/08/19,2024-08-01,JUR,FORN-00195,DESPESA,"R$1543,60",1524,BRL,Direitos de propriedade intelectual - JUR,32,PIX,CANCELADO,0b17011a-db1a-4f81-b66c-d44d1104daa1,2024-09-05,ERP_CORPORATIVO,TRANSACOES_FINANCEIRAS,38615,dca217abfd7978c2d11110f4fc26321115bf787026b6bb184844147eb1515499
TR-38616,2024/08/21,2024-08-01,VND,FORN-00195,DESPESA,"1.775,64","R$1749,03",BRL,Compra de insumos para setor VND,2,TED,PAGO,0b17011a-db1a-4f81-b66c-d44d1104daa1,2024-09-05,ERP_CORPORATIVO,TRANSACOES_FINANCEIRAS,38616,a018df4b3e2034628bd4ae3eba336a33a24ae9cb296605ea2c3330504394594e
TR-38617,2024/08/13,2024-08-01,COMP,FORN-00195,RECEITA,1.680,1679.71,BRL,Locação de espaço comercial - COMP,31,TED,PAGO,0b17011a-db1a-4f81-b66c-d44d1104daa1,2024-09-05,ERP_CORPORATIVO,TRANSACOES_FINANCEIRAS,38617,9a049bee270f76990aedeb58db2c16d5ac9edd3bfd4db6c2df7dd88536325ac9
TR-38618,2024-08-20,2024-08-01,VND,FORN-00195,RECEITA,"R$1730,27",1.672,BRL,Custo operacional associado a VND,8,CARTAO,PAGO,0b17011a-db1a-4f81-b66c-d44d1104daa1,2024-09-05,ERP_CORPORATIVO,TRANSACOES_FINANCEIRAS,38618,3b8951eeb932052c5b2a7cd8b9c907302eb126d79efda3fda7e87880a8e011ff
TR-38619,19/08/24,2024-08-01,COMP,FORN-00195,RECEITA,"1.788,27","R$1729,35",USD,Produção de material gráfico - COMP,15,PIX,PAGO,0b17011a-db1a-4f81-b66c-d44d1104daa1,2024-09-05,ERP_CORPORATIVO,TRANSACOES_FINANCEIRAS,38619,96493ac461ed4ebb7ebd0ad8cce9ede1ec40c3c992bd190fd53af41791f95ca0
TR-38620,2024-08-19,2024-08-01,CTB,FORN-00195,RECEITA,2016,"R$ 2.016,42",BRL,Despesa jurídica da área CTB,24,TED,PAGO,0b17011a-db1a-4f81-b66c-d44d1104daa1,2024-09-05,ERP_CORPORATIVO,TRANSACOES_FINANCEIRAS,38620,31006a572dd4be580faf184fde9dfccc294bd245a12827c73c0e64042752c636
TR-38621,2024/08/12,2024-08-01,PJT,FORN-00195,RECEITA,1694,"R$ 1.694,21",BRL,Suporte técnico para sistemas de PJT,29,BOLETO,ATRASADO,0b17011a-db1a-4f81-b66c-d44d1104daa1,2024-09-05,ERP_CORPORATIVO,TRANSACOES_FINANCEIRAS,38621,f8cf1624ac9bfbf19ca8e5df126d0c1765518ace4772c738917ec1d388ab1ba0
TR-38622,08-12-2024,2024-08-01,ESG,FORN-00195,DESPESA,2.098,2098.13,BRL,Licença de software para área ESG,27,BOLETO,PAGO,0b17011a-db1a-4f81-b66c-d44d1104daa1,2024-09-05,ERP_CORPORATIVO,TRANSACOES_FINANCEIRAS,38622,716e0d2dd2cee247882f853486d9e100855404a4b065456d753578c4662edeb8
TR-38623,23/08/24,2024-08-01,PJT,FORN-00195,RECEITA,1557.71,1557.71,BRL,Custo operacional associado a PJT,8,TRANSFERENCIA,PAGO,0b17011a-db1a-4f81-b66c-d44d1104daa1,2024-09-05,ERP_CORPORATIVO,TRANSACOES_FINANCEIRAS,38623,bad359eb52c69e557befdfd46168ff27464783084cff4f9e3b6af841d69936f1
TR-38624,14/08/24,2024-08-01,OP,FORN-00195,RECEITA,"R$ 1.624,94","1.577,42",BRL,Devolução de venda processada por OP,39,TED,ATRASADO,0b17011a-db1a-4f81-b66c-d44d1104daa1,2024-09-05,ERP_CORPORATIVO,TRANSACOES_FINANCEIRAS,38624,7e8205c9f0b9b7adaec046b75bde8f3c3d9662b624502e88d35c99d4c6f07267
TR-38625,21-08-2024,2024-08-01,ADM,FORN-00195,RECEITA,"1.756,98","R$1756,98",BRL,Suporte técnico para sistemas de ADM,29,PIX,PAGO,0b17011a-db1a-4f81-b66c-d44d1104daa1,2024-09-05,ERP_CORPORATIVO,TRANSACOES_FINANCEIRAS,38625,64692ce670d00e6f2932ddc9bd208d1fd8ab585cba3515c99b02367952b4987d
TR-38953,08-12-2024,2024-08-01,COMP,FORN-00196,DESPESA,"5.727,27",5.727,BRL,Tributo incidente sobre receita de COMP,40,BOLETO,CANCELADO,0b17011a-db1a-4f81-b66c-d44d1104daa1,2024-09-05,ERP_CORPORATIVO,TRANSACOES_FINANCEIRAS,38953,493341ccfd74be01e596aa9c32f7f78fdada474afc62912ab0bd0f0e78f03be6
TR-38954,Aug 07 2024,2024-08-01,COMP,FORN-00196,DESPESA,"R$ 5.037,27","R$ 5.037,27",BRL,Resultado de equivalência patrimonial - COMP,34,PIX,PAGO,0b17011a-db1a-4f81-b66c-d44d1104daa1,2024-09-05,ERP_CORPORATIVO,TRANSACOES_FINANCEIRAS,38954,cb3bef66b517f48ec848e74dab63792aee2ce3c136a246522d9631567755f67f
TR-38955,13/08/2024,2024-08-01,PJT,FORN-00196,DESPESA,"4.706,41","R$4586,28",BRL,Manutenção estrutural vinculada à área PJT,3,TRANSFERENCIA,ATRASADO,0b17011a-db1a-4f81-b66c-d44d1104daa1,2024-09-05,ERP_CORPORATIVO,TRANSACOES_FINANCEIRAS,38955,85511a22e5478bc6a229771b151446bbac4f6756939ba1b01fc332ee5747123a
TR-38956,2024-08-26,2024-08-01,PES,FORN-00196,RECEITA,"R$ 5.031,88","R$4889,44",BRL,Custo operacional associado a PES,8,PIX,ATRASADO,0b17011a-db1a-4f81-b66c-d44d1104daa1,2024-09-05,ERP_CORPORATIVO,TRANSACOES_FINANCEIRAS,38956,65561aa2f8849b2dd428e6e5bba4d3b29e63c5d122d41052d47488ed2fb678be
TR-38957,13/08/24,2024-08-01,JUR,FORN-00196,RECEITA,4.981,4981,BRL,Licenciamento de software - JUR,5,PIX,PAGO,0b17011a-db1a-4f81-b66c-d44d1104daa1,2024-09-05,ERP_CORPORATIVO,TRANSACOES_FINANCEIRAS,38957,b582d63e9aa12b82cd92aabfef089f573e51e6dfe16866b15418fb6bfbec5a02
TR-39416,Aug 14 2024,2024-08-01,PES,1000198,RECEITA,"R$ 9.843,81","R$9843,81",BRL,Venda de ativo imobilizado por PES,35,CARTAO,PAGO,0b17011a-db1a-4f81-b66c-d44d1104daa1,2024-09-05,ERP_CORPORATIVO,TRANSACOES_FINANCEIRAS,39416,c0df35d3acaf120a790420abea033a6bb81f17978c579c0575c3496858bd74a4
TR-39417,Aug 09 2024,2024-08-01,COM,1000198,DESPESA,9.506,"R$ 9.274,63",BRL,Licença de software para área COM,27,PIX,ATRASADO,0b17011a-db1a-4f81-b66c-d44d1104daa1,2024-09-05,ERP_CORPORATIVO,TRANSACOES_FINANCEIRAS,39417,085a84bba3781f216124c5a49a7b6f7abcab994c5f254d693a3b8081af259857
TR-39418,2024-08-20,2024-08-01,FIN,1000198,DESPESA,"10.452,04",10040.35,BRL,Contrato de SaaS vinculado a FIN,27,TRANSFERENCIA,PAGO,0b17011a-db1a-4f81-b66c-d44d1104daa1,2024-09-05,ERP_CORPORATIVO,TRANSACOES_FINANCEIRAS,39418,1257d933be72dccc45336629a6846c698031c407397a8d7500baea5641dea124
TR-39419,08-13-2024,2024-08-01,COMP,1000198,DESPESA,"8.661,92",8.662,BRL,Combustível e lubrificantes para frota (COMP),16,PIX,PAGO,0b17011a-db1a-4f81-b66c-d44d1104daa1,2024-09-05,ERP_CORPORATIVO,TRANSACOES_FINANCEIRAS,39419,199161d6b1a84ae5b0b0bb939db56b14cd56203a44083e1747c28a47183d5dfb
TR-39420,19/08/24,2024-08-01,ATD,1000198,DESPESA,10545.70,10545.70,BRL,Aquisição de material operacional - ATD,2,BOLETO,PAGO,0b17011a-db1a-4f81-b66c-d44d1104daa1,2024-09-05,ERP_CORPORATIVO,TRANSACOES_FINANCEIRAS,39420,5a676f18bafa8362a12145c76c2c60686fbcd96cc7d9bd015a19b571e6d2af83
TR-39421,08-05-2024,2024-08-01,OP,1000198,DESPESA,"R$40272,26",40272,BRL,Tarifas de serviços financeiros - OP,22,PIX,PAGO,0b17011a-db1a-4f81-b66c-d44d1104daa1,2024-09-05,ERP_CORPORATIVO,TRANSACOES_FINANCEIRAS,39421,945c2b6fd765ecdadc5a7ac39bf9309a8ad49b76dae9ed63e7f7f67027d36492
TR-39422,19-08-2024,2024-08-01,CTB,1000198,DESPESA,11748,"11.747,90",BRL,Compra de insumos para setor CTB,2,TED,PAGO,0b17011a-db1a-4f81-b66c-d44d1104daa1,2024-09-05,ERP_CORPORATIVO,TRANSACOES_FINANCEIRAS,39422,9381eee5762651ab8d13f325cc7e2f7df8f82d357e7619a70055a6de09831927
TR-39423,12/08/2024,2024-08-01,COMP,1000198,DESPESA,"R$ 11.236,09",11236.09,BRL,Licenciamento de software - COMP,5,BOLETO,PAGO,0b17011a-db1a-4f81-b66c-d44d1104daa1,2024-09-05,ERP_CORPORATIVO,TRANSACOES_FINANCEIRAS,39423,ccc227351ab4e78d1a2262f49952e361c8844389326a6b9f857e4b302ecba7d6
TR-39424,08-13-2024,2024-08-01,PES,1000198,RECEITA,13618.79,13618.79,BRL,Manutenção estrutural vinculada à área PES,3,CARTAO,ATRASADO,0b17011a-db1a-4f81-b66c-d44d1104daa1,2024-09-05,ERP_CORPORATIVO,TRANSACOES_FINANCEIRAS,39424,7aeef8c87fdd794262615c7d0b990f9d7982d285ae7843f0ddd2a62d89e9b4b7
TR-39638,2024-08-20,2024-08-01,OP,1000199,RECEITA,"R$2191,21","2.191,21",BRL,Compra de insumos para setor OP,2,PIX,PAGO,0b17011a-db1a-4f81-b66c-d44d1104daa1,2024-09-05,ERP_CORPORATIVO,TRANSACOES_FINANCEIRAS,39638,e98257224c8f1dfa1e7f2049e0ea77fc045306838b79e0ec3c67b761dcf8733e
TR-39639,Aug 05 2024,2024-08-01,OP,1000199,DESPESA,2124,2123.50,BRL,Honorários jurídicos - OP,7,BOLETO,PAGO,0b17011a-db1a-4f81-b66c-d44d1104daa1,2024-09-05,ERP_CORPORATIVO,TRANSACOES_FINANCEIRAS,39639,6a705748a18bb5652e8be77d7915b449ef081c4dddf91ed0573c9dfab6803265
TR-39640,26/08/2024,2024-08-01,PJT,1000199,RECEITA,2.127,"R$ 2.127,37",BRL,Serviço de tecnologia contratado por PJT,5,TED,PAGO,0b17011a-db1a-4f81-b66c-d44d1104daa1,2024-09-05,ERP_CORPORATIVO,TRANSACOES_FINANCEIRAS,39640,c7acbab792ac1c0c902103d614df4dc459dc653dd197d6ec50bd63918e756def
TR-39641,2024/08/09,2024-08-01,VND,1000199,DESPESA,2488.69,2489,BRL,Aquisição de material operacional - VND,2,BOLETO,PAGO,0b17011a-db1a-4f81-b66c-d44d1104daa1,2024-09-05,ERP_CORPORATIVO,TRANSACOES_FINANCEIRAS,39641,dba64345a742d31f055d68903d3da930cb7d571c0863d61fadc0cfec25975250
TR-39642,Aug 15 2024,2024-08-01,OP,1000199,RECEITA,3111.03,"3.111,03",BRL,Venda de ativo imobilizado por OP,35,PIX,PAGO,0b17011a-db1a-4f81-b66c-d44d1104daa1,2024-09-05,ERP_CORPORATIVO,TRANSACOES_FINANCEIRAS,39642,012a3005e8939684b5b3f02054eddbf41a9a34e90aa14f2806ddbd6bdbe9e832
TR-39643,2024/08/19,2024-08-01,PES,1000199,DESPESA,"2.334,59","R$2334,59",BRL,Despesa de RH - PES,6,PIX,PAGO,0b17011a-db1a-4f81-b66c-d44d1104daa1,2024-09-05,ERP_CORPORATIVO,TRANSACOES_FINANCEIRAS,39643,b136a217b143a4e985982b0d5a1f9d9fad9fca1486129fde996a419e5400319c
TR-39644,2024/08/20,2024-08-01,OP,1000199,DESPESA,1458.54,1.459,BRL,Alienação de bem patrimonial - OP,35,BOLETO,PAGO,0b17011a-db1a-4f81-b66c-d44d1104daa1,2024-09-05,ERP_CORPORATIVO,TRANSACOES_FINANCEIRAS,39644,15adf939df65375f83422979bdaf2a0c9c32747cd760a5e73361170273c4f65b
TR-39645,2024-08-14,2024-08-01,COM,1000199,DESPESA,"R$ 2.603,98",2603.98,BRL,Aquisição de material operacional - COM,2,TRANSFERENCIA,PAGO,0b17011a-db1a-4f81-b66c-d44d1104daa1,2024-09-05,ERP_CORPORATIVO,TRANSACOES_FINANCEIRAS,39645,baa0f96787d2aaec33ff03dc9e85e20f4bbf9d3eb89c2970bdc878c45da9afaf
TR-39646,2024/08/13,2024-08-01,PES,1000199,DESPESA,2.479,"2.479,10",BRL,Seguro contratado pela área PES,21,BOLETO,PAGO,0b17011a-db1a-4f81-b66c-d44d1104daa1,2024-09-05,ERP_CORPORATIVO,TRANSACOES_FINANCEIRAS,39646,5b87b94f18717f1847955b198763b956717bf3d433df9fc7ca8b9ddf70b59220
TR-39647,Aug 23 2024,2024-08-01,RH,1000199,DESPESA,"R$ 2.411,36",2325.35,BRL,Hospedagem em viagem a serviço de RH,19,BOLETO,PAGO,0b17011a-db1a-4f81-b66c-d44d1104daa1,2024-09-05,ERP_CORPORATIVO,TRANSACOES_FINANCEIRAS,39647,602c29a872cd0827e256d341c57ad6f0267613d931c3fbcb50a68338573c16e4
TR-39648,30/08/24,2024-08-01,OP,1000199,DESPESA,"R$ 2.366,69",2330,BRL,Serviço relacionado a recursos humanos (OP),6,TRANSFERENCIA,PAGO,0b17011a-db1a-4f81-b66c-d44d1104daa1,2024-09-05,ERP_CORPORATIVO,TRANSACOES_FINANCEIRAS,39648,2945b70d54eb559ab7eacdcf9de9599aa981a9562ae964b0f1c8fec8b132baec
TR-39649,2024-08-23,2024-08-01,COM,1000199,DESPESA,"2.362,32",2362.32,BRL,Custo operacional associado a COM,8,TED,PAGO,0b17011a-db1a-4f81-b66c-d44d1104daa1,2024-09-05,ERP_CORPORATIVO,TRANSACOES_FINANCEIRAS,39649,81316225f61018653e3fbba3dbac509e85818a9b7ef0698ca63e77537b71ed8f
TR-39650,12-08-2024,2024-08-01,COMP,1000199,DESPESA,2.625,"R$ 2.624,92",BRL,Custo operacional associado a COMP,8,PIX,PAGO,0b17011a-db1a-4f81-b66c-d44d1104daa1,2024-09-05,ERP_CORPORATIVO,TRANSACOES_FINANCEIRAS,39650,667cdd1164f129081973ee2d7b297d0ff21e990819eafeebd4148ff9f7a4caef
TR-39651,Aug 15 2024,2024-08-01,COMP,1000199,DESPESA,2693,"R$2692,75",BRL,Assessoria legal vinculada à área COMP,7,BOLETO,PAGO,0b17011a-db1a-4f81-b66c-d44d1104daa1,2024-09-05,ERP_CORPORATIVO,TRANSACOES_FINANCEIRAS,39651,3c5f03e4ec3eac2737b2601795c95a35d3571d1b8cc98cd32ab94fb9e3b8a42b
TR-39652,2024/08/08,2024-08-01,PES,1000199,DESPESA,2368,"R$ 2.368,15",BRL,Venda de ativo imobilizado por PES,35,BOLETO,ATRASADO,0b17011a-db1a-4f81-b66c-d44d1104daa1,2024-09-05,ERP_CORPORATIVO,TRANSACOES_FINANCEIRAS,39652,325a0904356ea3ab226b6d86fe2cfafbc72ff144903aebf1ec6bf7dda1adf49e
TR-39653,Aug 20 2024,2024-08-01,COMP,1000199,RECEITA,2365,2364.91,BRL,Taxas bancárias incidentes em COMP,22,PIX,PAGO,0b17011a-db1a-4f81-b66c-d44d1104daa1,2024-09-05,ERP_CORPORATIVO,TRANSACOES_FINANCEIRAS,39653,3e1872b770beaf829424b7d1c754c6b374e59392f870df9447ed50996d0f4f33
TR-39654,08-19-2024,2024-08-01,FIN,1000199,DESPESA,2.331,"R$ 2.330,99",BRL,Diária de hotel para equipe FIN,19,BOLETO,PAGO,0b17011a-db1a-4f81-b66c-d44d1104daa1,2024-09-05,ERP_CORPORATIVO,TRANSACOES_FINANCEIRAS,39654,0339abf1cea29404af1b353ec15d40fb4de79332ae10b094b2591b6555c0f526
TR-39655,Aug 13 2024,2024-08-01,COM,1000199,DESPESA,2.731,"R$2635,40",BRL,Serviços contábeis externos - COM,25,PIX,PAGO,0b17011a-db1a-4f81-b66c-d44d1104daa1,2024-09-05,ERP_CORPORATIVO,TRANSACOES_FINANCEIRAS,39655,530af6497a6e142814ce9621a06840f9d32a76467895cc8b2ee4d3d71f851898
TR-39656,22/08/24,2024-08-01,SEC,1000199,DESPESA,2698,2697.80,BRL,Despesa operacional - SEC,8,TED,PAGO,0b17011a-db1a-4f81-b66c-d44d1104daa1,2024-09-05,ERP_CORPORATIVO,TRANSACOES_FINANCEIRAS,39656,db8c8cdc47c9a346d9f9f908e918e2dd9a5f84bedb993bf60e8467586fb56155
TR-39657,09/08/2024,2024-08-01,COMP,1000199,RECEITA,2.864,"2.781,46",BRL,Venda de ativo imobilizado por COMP,35,BOLETO,PAGO,0b17011a-db1a-4f81-b66c-d44d1104daa1,2024-09-05,ERP_CORPORATIVO,TRANSACOES_FINANCEIRAS,39657,7eb504f26982f92a46f11e10662980afb756a08713939665faf8baef38d37637
