id_transacao_raw,data_transacao,data_competencia,id_area_raw,id_fornecedor_raw,tipo_transacao,valor_bruto,valor_liquido,moeda,descricao,id_categoria_raw,forma_pagamento,status_pagamento,ingestion_id,ingestion_ts,source_system,source_entity,row_seq,raw_row_hash
TR-00001,2024-10-14,2024-10-01,JUR,1000000,RECEITA,3966.09744121124,3966.09744121124,BRL,Contrato de SaaS vinculado a JUR,27,BOLETO,PAGO,cd84a39c-feaa-44f3-8973-81bec6fbb53e,2024-11-05,ERP_CORPORATIVO,TRANSACOES_FINANCEIRAS,1,9538001de96c0061e5acac032133efab09ae901645b45d0d3330b595e9d3b2ea
TR-00002,2024-10-09,2024-10-01,COM,1000000,DESPESA,4475.940331928621,4475.940331928621,BRL,Reparo de frota vinculado à área COM,17,TED,PAGO,cd84a39c-feaa-44f3-8973-81bec6fbb53e,2024-11-05,ERP_CORPORATIVO,TRANSACOES_FINANCEIRAS,2,b003cbc49d0741f183bee6c2248e42ef6f06cc8f691c01ef4892b1e76b9484c4
TR-00003,2024-10-09,2024-10-01,SEC,1000000,DESPESA,4101.4667809765815,4101.4667809765815,BRL,Manutenção preventiva de veículos - SEC,17,PIX,PAGO,cd84a39c-feaa-44f3-8973-81bec6fbb53e,2024-11-05,ERP_CORPORATIVO,TRANSACOES_FINANCEIRAS,3,7d003a0a801a617846358da2c6f9262cfb3f730feba67776417a2e83bacc6e76
TR-00004,2024-10-14,2024-10-01,ADM,1000000,DESPESA,4421.324443857155,4421.324443857155,BRL,Campanha institucional - ADM,4,PIX,PAGO,cd84a39c-feaa-44f3-8973-81bec6fbb53e,2024-11-05,ERP_CORPORATIVO,TRANSACOES_FINANCEIRAS,4,2e377f0388e5baf0e7e7bce8d70deab9283498f60155b7bfecc3c47aac1fc1ea
TR-00005,2024-10-10,2024-10-01,JUR,1000000,RECEITA,3718.02071498334,3718.02071498334,BRL,Serviço especializado solicitado por JUR,1,BOLETO,PAGO,cd84a39c-feaa-44f3-8973-81bec6fbb53e,2024-11-05,ERP_CORPORATIVO,TRANSACOES_FINANCEIRAS,5,ee9129b8e94eb0714bfd6fe4809871702cd8767dc649fc3e0210c62c9a2bbe32
TR-00006,2024-10-07,2024-10-01,ESG,1000000,RECEITA,3534.2523299216246,3534.2523299216246,BRL,Contrato de serviço - setor ESG,1,PIX,ATRASADO,cd84a39c-feaa-44f3-8973-81bec6fbb53e,2024-11-05,ERP_CORPORATIVO,TRANSACOES_FINANCEIRAS,6,b4ec99da5b2a1cb3b962316353fb78fd7d382ec1116cec5d1f385731d00e500d
TR-00007,2024-10-24,2024-10-01,CTB,1000000,RECEITA,3862.3297473382736,3791.6177688132652,BRL,Contrato de serviço - setor CTB,1,BOLETO,CANCELADO,cd84a39c-feaa-44f3-8973-81bec6fbb53e,2024-11-05,ERP_CORPORATIVO,TRANSACOES_FINANCEIRAS,7,37f60a17ce54d4f450525d57b782d6de4e8dbb34fccb281a330aeed8795858a7
TR-00554,2024-10-07,2024-10-01,FIN,1000004,DESPESA,2840.5509772632745,2840.5509772632745,BRL,Despesa jurídica da área FIN,24,BOLETO,CANCELADO,cd84a39c-feaa-44f3-8973-81bec6fbb53e,2024-11-05,ERP_CORPORATIVO,TRANSACOES_FINANCEIRAS,554,4b768c7cccf514cef5bbf81540fb99d303a7d49d4edb4428e55620ba520443bc
TR-00555,2024-10-15,2024-10-01,LOG,1000004,DESPESA,3436.2104548930356,3436.2104548930356,BRL,Reparo e conservação de instalações - LOG,10,BOLETO,PAGO,cd84a39c-feaa-44f3-8973-81bec6fbb53e,2024-11-05,ERP_CORPORATIVO,TRANSACOES_FINANCEIRAS,555,89c32056c33b83424e71b182fffa162e27a639a0067dc38e6b048ae8c1aee381
TR-00556,2024-10-24,2024-10-01,JUR,1000004,RECEITA,3220.6227877005995,3220.6227877005995,USD,Serviço de tecnologia contratado por JUR,5,TRANSFERENCIA,PAGO,cd84a39c-feaa-44f3-8973-81bec6fbb53e,2024-11-05,ERP_CORPORATIVO,TRANSACOES_FINANCEIRAS,556,5feed3aba86d6efd5eeac38e5510b6f3565ace56fddf59821f62a7ef8450eafd
TR-00557,2024-10-15,2024-10-01,ESG,1000004,DESPESA,3042.202371078049,3042.202371078049,BRL,Licenciamento de software - ESG,5,BOLETO,PAGO,cd84a39c-feaa-44f3-8973-81bec6fbb53e,2024-11-05,ERP_CORPORATIVO,TRANSACOES_FINANCEIRAS,557,bf26f860de9421e3b709e7c822c7bf2feff005c9a9c8ef6d00bdb42f1a840bf8
TR-00558,2024-10-04,2024-10-01,MKT,1000004,RECEITA,3572.56609728518,3479.8086167233696,BRL,Despesa de infraestrutura - MKT,3,TED,CANCELADO,cd84a39c-feaa-44f3-8973-81bec6fbb53e,2024-11-05,ERP_CORPORATIVO,TRANSACOES_FINANCEIRAS,558,cacd5ca9353458bb414d567821cf785822f607da4d89b1e9a48cb57173e580c8
TR-00559,2024-10-18,2024-10-01,RH,1000004,DESPESA,3380.9896988600017,3380.9896988600017,BRL,Contrato de serviço - setor RH,1,TED,PAGO,cd84a39c-feaa-44f3-8973-81bec6fbb53e,2024-11-05,ERP_CORPORATIVO,TRANSACOES_FINANCEIRAS,559,a5c5ebbbe9b8ad083621978c30fd8bf2a2d4aec4aca76e81cfec1ab394f548f1
TR-00560,2024-10-23,2024-10-01,LOG,1000004,DESPESA,4203.232098314635,4203.232098314635,BRL,Serviço relacionado a recursos humanos (LOG),6,BOLETO,ATRASADO,cd84a39c-feaa-44f3-8973-81bec6fbb53e,2024-11-05,ERP_CORPORATIVO,TRANSACOES_FINANCEIRAS,560,df43944ef5342340345bed38349975298e74d1a8a994690501131daf470479b9
TR-00561,2024-10-09,2024-10-01,OP,1000004,RECEITA,3486.469619988441,3327.914317999378,BRL,Prestação de serviço para área OP,1,TRANSFERENCIA,ATRASADO,cd84a39c-feaa-44f3-8973-81bec6fbb53e,2024-11-05,ERP_CORPORATIVO,TRANSACOES_FINANCEIRAS,561,2857513296938f340c1643ed1c3c534bc420bea76baf8eaacebc12593350286c
TR-00562,2024-10-08,2024-10-01,QAS,1000004,DESPESA,3224.311293781776,3224.311293781776,BRL,Juros sobre operação financeira - QAS,23,TED,PAGO,cd84a39c-feaa-44f3-8973-81bec6fbb53e,2024-11-05,ERP_CORPORATIVO,TRANSACOES_FINANCEIRAS,562,18e5e2fe7f9b2f6aa0e6d69bfc53cdf31aaf2b55509aacac31cad1c5d66b720c
TR-00814,2024-10-21,2024-10-01,COMP,FORN-00006,DESPESA,1985.2102532942295,1985.2102532942295,BRL,Alienação de bem patrimonial - COMP,35,PIX,PAGO,cd84a39c-feaa-44f3-8973-81bec6fbb53e,2024-11-05,ERP_CORPORATIVO,TRANSACOES_FINANCEIRAS,814,844b238a7de42f4184fa774351d522860bcebb30e2bb2b1fc64e94fe23376f0d
TR-00815,2024-10-11,2024-10-01,MKT,FORN-00006,RECEITA,1572.5007221321946,1572.5007221321946,BRL,Tarifas de serviços financeiros - MKT,22,BOLETO,PAGO,cd84a39c-feaa-44f3-8973-81bec6fbb53e,2024-11-05,ERP_CORPORATIVO,TRANSACOES_FINANCEIRAS,815,0bd520f5845236b845dd66a366d2395166fa8b0416fdfb9c96efbf666373a4f3
TR-00816,2024-10-14,2024-10-01,COMP,FORN-00006,DESPESA,1795.3240982632606,1795.3240982632606,BRL,Despesa operacional - COMP,8,TED,PAGO,cd84a39c-feaa-44f3-8973-81bec6fbb53e,2024-11-05,ERP_CORPORATIVO,TRANSACOES_FINANCEIRAS,816,d079dee81b45ddc748043ff3962de78f64bcaf0a3bbb594f698c10c0b3fb25a8
TR-00817,2024-10-07,2024-10-01,OP,FORN-00006,DESPESA,1719.8016315106295,1691.5087044854467,BRL,Despesa de infraestrutura - OP,3,TRANSFERENCIA,CANCELADO,cd84a39c-feaa-44f3-8973-81bec6fbb53e,2024-11-05,ERP_CORPORATIVO,TRANSACOES_FINANCEIRAS,817,319c854c3e5459a308c1ef4e81f33900511982e90780dabfc03aa050f2c06a98
TR-00818,2024-10-14,2024-10-01,OP,FORN-00006,DESPESA,1685.8868360137985,1685.8868360137985,USD,Taxas bancárias incidentes em OP,22,TED,PAGO,cd84a39c-feaa-44f3-8973-81bec6fbb53e,2024-11-05,ERP_CORPORATIVO,TRANSACOES_FINANCEIRAS,818,1c6eb3a23e9e12492c7470cf5624dd00dba07daa2f45058a7aac1a62c510a137
TR-00819,2024-10-14,2024-10-01,CTB,FORN-00006,DESPESA,1805.886036452453,1805.886036452453,BRL,Juros sobre operação financeira - CTB,23,PIX,PAGO,cd84a39c-feaa-44f3-8973-81bec6fbb53e,2024-11-05,ERP_CORPORATIVO,TRANSACOES_FINANCEIRAS,819,6213cd2f7cd2d381a0fb4c90ca59e2121f1f05613a56f02421f4808160946a50
TR-00820,2024-10-17,2024-10-01,TI,FORN-00006,RECEITA,1965.4482746338922,1944.8039234849855,BRL,Licenciamento de software - TI,5,PIX,PAGO,cd84a39c-feaa-44f3-8973-81bec6fbb53e,2024-11-05,ERP_CORPORATIVO,TRANSACOES_FINANCEIRAS,820,dedbda532e0f87bd92d29fcfc258c9289f919f909f25ff00163962239eca2790
TR-00821,2024-10-11,2024-10-01,FIN,FORN-00006,DESPESA,1803.068086565808,1803.068086565808,BRL,Honorários jurídicos - FIN,7,PIX,PAGO,cd84a39c-feaa-44f3-8973-81bec6fbb53e,2024-11-05,ERP_CORPORATIVO,TRANSACOES_FINANCEIRAS,821,2099374a96ec54a7fd9d94aeb4fa413e0906955790e0f382f6107e322d0fd256
TR-00822,2024-10-17,2024-10-01,CPT,FORN-00006,DESPESA,2069.582862239918,2069.582862239918,BRL,Suporte técnico para sistemas de CPT,29,TRANSFERENCIA,PAGO,cd84a39c-feaa-44f3-8973-81bec6fbb53e,2024-11-05,ERP_CORPORATIVO,TRANSACOES_FINANCEIRAS,822,172f4c73d222ccb2d45ba63b0ead84c669d34911451b1aedef2ad652bd7e69fb
TR-00823,2024-10-14,2024-10-01,OP,FORN-00006,DESPESA,2095.427695126928,2095.427695126928,BRL,Campanha institucional - OP,4,TED,PAGO,cd84a39c-feaa-44f3-8973-81bec6fbb53e,2024-11-05,ERP_CORPORATIVO,TRANSACOES_FINANCEIRAS,823,94438627faba81dc4653617af4547e6f5846ee5011f8f05cd15a6bdfe0421bd7
TR-00824,2024-10-10,2024-10-01,JUR,FORN-00006,RECEITA,2093.5154622035034,2093.5154622035034,BRL,Contrato de SaaS vinculado a JUR,27,TRANSFERENCIA,PAGO,cd84a39c-feaa-44f3-8973-81bec6fbb53e,2024-11-05,ERP_CORPORATIVO,TRANSACOES_FINANCEIRAS,824,72826c0e96e0f89e9fae74a1b909cf1517e50cc9c35aebb1ed657caca989c15c
TR-00825,2024-10-21,2024-10-01,JUR,FORN-00006,DESPESA,1787.4193109814737,1738.5674201165084,BRL,Locação de espaço comercial - JUR,31,TED,PAGO,cd84a39c-feaa-44f3-8973-81bec6fbb53e,2024-11-05,ERP_CORPORATIVO,TRANSACOES_FINANCEIRAS,825,9384c3c17971fe0e91ae7be509f7b89c28db78a73af5facb28f7fccb013690de
TR-01045,2024-10-09,2024-10-01,COM,ACC-00007,DESPESA,2246.2355955288895,2246.2355955288895,USD,Combustível e lubrificantes para frota (COM),16,TED,PAGO,cd84a39c-feaa-44f3-8973-81bec6fbb53e,2024-11-05,ERP_CORPORATIVO,TRANSACOES_FINANCEIRAS,1045,6847d531f001646717ef37f86c86a689e77244136943193fd416e83f83af5538
TR-01046,2024-10-14,2024-10-01,RH,ACC-00007,DESPESA,1891.5251396359042,1891.5251396359042,BRL,Honorarium advocatício - RH,24,TRANSFERENCIA,PAGO,cd84a39c-feaa-44f3-8973-81bec6fbb53e,2024-11-05,ERP_CORPORATIVO,TRANSACOES_FINANCEIRAS,1046,295ec6f3d613c66b1af91d392d7f56fac689a15e081960f5fa3a8c73324fcee3
TR-01047,2024-10-16,2024-10-01,RH,ACC-00007,RECEITA,2033.33370843427,2033.33370843427,USD,Honorários jurídicos - RH,7,BOLETO,CANCELADO,cd84a39c-feaa-44f3-8973-81bec6fbb53e,2024-11-05,ERP_CORPORATIVO,TRANSACOES_FINANCEIRAS,1047,4ae9544044b4953f72e3b8e50190acf64525b5702e7b7d80bd3fe23c3bbad3b8
TR-01048,2024-10-17,2024-10-01,FIN,ACC-00007,DESPESA,2046.509409814589,1974.127782621807,BRL,Tributo incidente sobre receita de FIN,40,TRANSFERENCIA,PAGO,cd84a39c-feaa-44f3-8973-81bec6fbb53e,2024-11-05,ERP_CORPORATIVO,TRANSACOES_FINANCEIRAS,1048,67ef08fb0b8da27d9c801825a6db65446481df26246356667112dc0c99b71822
TR-01049,2024-10-21,2024-10-01,LOG,ACC-00007,DESPESA,2435.4860344225176,2396.103342397359,BRL,Apólice de seguro - LOG,21,TED,CANCELADO,cd84a39c-feaa-44f3-8973-81bec6fbb53e,2024-11-05,ERP_CORPORATIVO,TRANSACOES_FINANCEIRAS,1049,74213f3b4bd0541405221145e4bd3bb18c95a7ea59e2882250d59182f13d357f
TR-01050,2024-10-14,2024-10-01,MKT,ACC-00007,DESPESA,655.1893708260762,655.1893708260762,BRL,Prestação de serviço para área MKT,1,TRANSFERENCIA,PAGO,cd84a39c-feaa-44f3-8973-81bec6fbb53e,2024-11-05,ERP_CORPORATIVO,TRANSACOES_FINANCEIRAS,1050,82056a7376246833ca67e24bd43b1c552eed2731251ecf9c097b729aaec7b03d
TR-01051,2024-10-10,2024-10-01,COM,ACC-00007,RECEITA,2125.7924882495463,2125.7924882495463,BRL,Juros sobre operação financeira - COM,23,TRANSFERENCIA,PAGO,cd84a39c-feaa-44f3-8973-81bec6fbb53e,2024-11-05,ERP_CORPORATIVO,TRANSACOES_FINANCEIRAS,1051,d7b9dab0ac1b85734450ee90ca43ebd0f6a55dbaf0f6c03ab9dbd7246d0fb491
TR-01052,2024-10-14,2024-10-01,ATD,ACC-00007,DESPESA,2050.7165341485334,2050.7165341485334,BRL,Despesa operacional - ATD,8,TED,PAGO,cd84a39c-feaa-44f3-8973-81bec6fbb53e,2024-11-05,ERP_CORPORATIVO,TRANSACOES_FINANCEIRAS,1052,b13fdc8f4a0d6d7c126d91c1918a37c758c40686bc24472854562d2cdd2ba89a
TR-01053,2024-10-09,2024-10-01,COMP,ACC-00007,DESPESA,1942.04704304148,1869.427335360089,BRL,Propaganda e divulgação para área COMP,13,TRANSFERENCIA,PAGO,cd84a39c-feaa-44f3-8973-81bec6fbb53e,2024-11-05,ERP_CORPORATIVO,TRANSACOES_FINANCEIRAS,1053,d8b1309fcc2c634862279ff384b3c9a1d7ba9fbee740c17f251c741dfc28e085
TR-01054,2024-10-11,2024-10-01,OP,ACC-00007,RECEITA,1932.8130560718728,1932.8130560718728,EUR,Seguro contratado pela área OP,21,TRANSFERENCIA,PAGO,cd84a39c-feaa-44f3-8973-81bec6fbb53e,2024-11-05,ERP_CORPORATIVO,TRANSACOES_FINANCEIRAS,1054,382c3010925010a099e8deaa408a90d3bfc432d8a33edc1feef5160e3448c93f
TR-01055,2024-10-07,2024-10-01,VND,ACC-00007,RECEITA,2209.750119476172,2209.750119476172,BRL,Venda de ativo imobilizado por VND,35,BOLETO,PAGO,cd84a39c-feaa-44f3-8973-81bec6fbb53e,2024-11-05,ERP_CORPORATIVO,TRANSACOES_FINANCEIRAS,1055,ec6c9134174b38962d6cd7a781e1b57f0942fe72a0dfa887e2588aa5f33f0683
TR-01056,2024-10-07,2024-10-01,COM,ACC-00007,DESPESA,2136.924643366257,2136.924643366257,USD,Juros sobre operação financeira - COM,23,TRANSFERENCIA,ATRASADO,cd84a39c-feaa-44f3-8973-81bec6fbb53e,2024-11-05,ERP_CORPORATIVO,TRANSACOES_FINANCEIRAS,1056,09e4fdf7e871af3d7982f8e4b0a6766f434d3d00928cfd50eb5b61b8c5045491
TR-01057,2024-10-10,2024-10-01,COM,ACC-00007,DESPESA,2312.3359938881595,2312.3359938881595,BRL,Despesa operacional - COM,8,TED,CANCELADO,cd84a39c-feaa-44f3-8973-81bec6fbb53e,2024-11-05,ERP_CORPORATIVO,TRANSACOES_FINANCEIRAS,1057,539cca42cd2ce2549dab982205f7125c9cccb8fb08bd8b10dde363c462d064ad
TR-01058,2024-10-14,2024-10-01,CTB,ACC-00007,DESPESA,2091.330076928498,2091.330076928498,BRL,Receita de comissão comercial - CTB,33,TED,ATRASADO,cd84a39c-feaa-44f3-8973-81bec6fbb53e,2024-11-05,ERP_CORPORATIVO,TRANSACOES_FINANCEIRAS,1058,2dbff4d2c0754b4e3d1aab07b6592fb8b00ee307639f550209d8869f6fd57186
TR-01059,2024-10-25,2024-10-01,COMP,ACC-00007,DESPESA,2098.1179332366205,2053.0877492718323,BRL,Consultoria estratégica para área COMP,12,TED,ATRASADO,cd84a39c-feaa-44f3-8973-81bec6fbb53e,2024-11-05,ERP_CORPORATIVO,TRANSACOES_FINANCEIRAS,1059,f9bf018147566c95cfe34017fdbdf9d386878743e648ce94f1a75c2af80dcd10
TR-01060,2024-10-15,2024-10-01,PES,ACC-00007,DESPESA,2313.084470063474,2313.084470063474,BRL,Licenciamento de software - PES,5,TRANSFERENCIA,PAGO,cd84a39c-feaa-44f3-8973-81bec6fbb53e,2024-11-05,ERP_CORPORATIVO,TRANSACOES_FINANCEIRAS,1060,418d8e0db8a0e9b3dbe3dbf6af055959937698e1c7b335655ebd420e09d65b83
TR-01061,2024-10-07,2024-10-01,PES,ACC-00007,DESPESA,2064.3096264285505,2064.3096264285505,BRL,Compra de insumos para setor PES,2,BOLETO,PAGO,cd84a39c-feaa-44f3-8973-81bec6fbb53e,2024-11-05,ERP_CORPORATIVO,TRANSACOES_FINANCEIRAS,1061,eaff5752f6ea71b92f7688797f5bbfbcf8910f2aeb98c5ea403c5892df4518c6
TR-01062,2024-10-09,2024-10-01,COMP,ACC-00007,DESPESA,1855.3021528556735,1855.3021528556735,BRL,Assessoria contábil prestada a COMP,25,TED,PAGO,cd84a39c-feaa-44f3-8973-81bec6fbb53e,2024-11-05,ERP_CORPORATIVO,TRANSACOES_FINANCEIRAS,1062,b4766f3424063ca819a2ea2ea339d6c584a3997a2d69a50230c4207cd853b052
TR-01063,2024-10-11,2024-10-01,ATD,ACC-00007,DESPESA,2332.081711620071,2279.776381729831,BRL,Serviço de tecnologia contratado por ATD,5,TRANSFERENCIA,PAGO,cd84a39c-feaa-44f3-8973-81bec6fbb53e,2024-11-05,ERP_CORPORATIVO,TRANSACOES_FINANCEIRAS,1063,d8fb9dd56939e0c2d587d6be45c71541361b70006f6f483229a69ec0287f4bd9
TR-01064,2024-10-24,2024-10-01,SEC,ACC-00007,DESPESA,2002.291963459387,2002.291963459387,BRL,Despesa de infraestrutura - SEC,3,TRANSFERENCIA,PAGO,cd84a39c-feaa-44f3-8973-81bec6fbb53e,2024-11-05,ERP_CORPORATIVO,TRANSACOES_FINANCEIRAS,1064,0129724b8d240116dfc24c9370445cfc951fe0372a272c7538b5852a38fd8917
TR-01285,2024-10-23,2024-10-01,MKT,ACC-00008,RECEITA,6531.701943715174,6531.701943715174,BRL,Custo operacional associado a MKT,8,PIX,PAGO,cd84a39c-feaa-44f3-8973-81bec6fbb53e,2024-11-05,ERP_CORPORATIVO,TRANSACOES_FINANCEIRAS,1285,13af45a35f4f8ccdef0bd3c73c46ee6673bbf01e746ac4b3fc3bec34ceabd7ce
TR-01286,2024-10-11,2024-10-01,CTB,ACC-00008,RECEITA,5372.336169442597,5372.336169442597,BRL,Venda de ativo imobilizado por CTB,35,PIX,CANCELADO,cd84a39c-feaa-44f3-8973-81bec6fbb53e,2024-11-05,ERP_CORPORATIVO,TRANSACOES_FINANCEIRAS,1286,2ff94114eacce2a31d926d295d40616a22f70555f972403df13554161b45ecf8
TR-01287,2024-10-14,2024-10-01,OP,ACC-00008,RECEITA,5501.3197967356655,5501.3197967356655,BRL,Aquisição de material operacional - OP,2,BOLETO,PAGO,cd84a39c-feaa-44f3-8973-81bec6fbb53e,2024-11-05,ERP_CORPORATIVO,TRANSACOES_FINANCEIRAS,1287,254ba9324bfacd0b3fd67c03cf5ebae0a96c42731d2c1d524b754f2c7d6b461e
TR-01288,2024-10-21,2024-10-01,QAS,ACC-00008,RECEITA,6563.111313686321,6563.111313686321,BRL,Venda de ativo imobilizado por QAS,35,CARTAO,PAGO,cd84a39c-feaa-44f3-8973-81bec6fbb53e,2024-11-05,ERP_CORPORATIVO,TRANSACOES_FINANCEIRAS,1288,81683cd932c105567897a669a993afc12c009a17dd517ecc5bb7efa4c2ed4144
TR-01289,2024-10-25,2024-10-01,QAS,ACC-00008,RECEITA,5308.449802417823,5308.449802417823,BRL,Licenciamento de software - QAS,5,PIX,PAGO,cd84a39c-feaa-44f3-8973-81bec6fbb53e,2024-11-05,ERP_CORPORATIVO,TRANSACOES_FINANCEIRAS,1289,3830bf59bdd72a6960f7d5e34d967723f22c0a59bf5753745ba790b4e161a5ed
TR-01290,2024-10-21,2024-10-01,LOG,ACC-00008,DESPESA,16865.30081476939,16865.30081476939,BRL,Compra de insumos para setor LOG,2,PIX,PAGO,cd84a39c-feaa-44f3-8973-81bec6fbb53e,2024-11-05,ERP_CORPORATIVO,TRANSACOES_FINANCEIRAS,1290,aa79bfb4061a8f0b0953eabdf59c0644cc0948db1374e0894162fa79930082d9
TR-01291,2024-10-10,2024-10-01,SEC,ACC-00008,DESPESA,4327.360459311377,4327.360459311377,BRL,Serviço de tecnologia contratado por SEC,5,BOLETO,PAGO,cd84a39c-feaa-44f3-8973-81bec6fbb53e,2024-11-05,ERP_CORPORATIVO,TRANSACOES_FINANCEIRAS,1291,e98b29fe7750acc966f968b59dd98c14b3222159b3eecadfa218fc35eff71db3
TR-01292,2024-10-29,2024-10-01,QAS,ACC-00008,DESPESA,4756.304286492554,4756.304286492554,BRL,Serviço de tecnologia contratado por QAS,5,CARTAO,PAGO,cd84a39c-feaa-44f3-8973-81bec6fbb53e,2024-11-05,ERP_CORPORATIVO,TRANSACOES_FINANCEIRAS,1292,7d81deb570df0ee5453af2e12ec7ab4bd2773bbc049d3667bd34bbb33ab21625
TR-01293,2024-10-17,2024-10-01,CPT,ACC-00008,DESPESA,4997.120171518937,4997.120171518937,BRL,Receita eventual registrada em CPT,37,TRANSFERENCIA,PAGO,cd84a39c-feaa-44f3-8973-81bec6fbb53e,2024-11-05,ERP_CORPORATIVO,TRANSACOES_FINANCEIRAS,1293,c21485b0cb25e24dd8e8e9e216ebbf7242eadea8567a7b51bbfd46477bfca571
TR-01294,2024-10-15,2024-10-01,PES,ACC-00008,DESPESA,5663.591045178923,5663.591045178923,BRL,Encargos de empréstimo vinculados a PES,23,BOLETO,PAGO,cd84a39c-feaa-44f3-8973-81bec6fbb53e,2024-11-05,ERP_CORPORATIVO,TRANSACOES_FINANCEIRAS,1294,68cdc312960b80b8e4d478be3def70b172d907deadccd684a23e84492865a50b
TR-01295,2024-10-28,2024-10-01,PES,ACC-00008,RECEITA,6379.2977126473015,6379.2977126473015,BRL,Assessoria legal vinculada à área PES,7,BOLETO,PAGO,cd84a39c-feaa-44f3-8973-81bec6fbb53e,2024-11-05,ERP_CORPORATIVO,TRANSACOES_FINANCEIRAS,1295,3e4773a482c764ee22303066f2937dc05d09e34f4e1d02b04622b029a406469c
TR-01296,2024-10-23,2024-10-01,TI,ACC-00008,DESPESA,5035.823416913012,5035.823416913012,BRL,Consultoria estratégica para área TI,12,TRANSFERENCIA,PAGO,cd84a39c-feaa-44f3-8973-81bec6fbb53e,2024-11-05,ERP_CORPORATIVO,TRANSACOES_FINANCEIRAS,1296,29492133b4e976fc3066e49407106deadb4244c0a997f7f1181515525bb8d52e
TR-01297,2024-10-16,2024-10-01,VND,ACC-00008,RECEITA,5891.344350299097,5891.344350299097,BRL,Campanha institucional - VND,4,TRANSFERENCIA,PAGO,cd84a39c-feaa-44f3-8973-81bec6fbb53e,2024-11-05,ERP_CORPORATIVO,TRANSACOES_FINANCEIRAS,1297,3d0c6351284d3f2b86b84144dd11135f4ed7bc675fa4394f54b12f2032a5b993
TR-01298,2024-10-14,2024-10-01,COM,ACC-00008,RECEITA,6681.760361877095,6681.760361877095,BRL,Reparo de hardware solicitado por COM,28,CARTAO,PAGO,cd84a39c-feaa-44f3-8973-81bec6fbb53e,2024-11-05,ERP_CORPORATIVO,TRANSACOES_FINANCEIRAS,1298,a7e9f7f6e47693a95c26dcbd6825c9445ffbb463e9812932d73c145afe4f48d9
TR-01299,2024-10-15,2024-10-01,PJT,ACC-00008,DESPESA,1803.951979841782,1803.951979841782,BRL,Despesa operacional - PJT,8,PIX,PAGO,cd84a39c-feaa-44f3-8973-81bec6fbb53e,2024-11-05,ERP_CORPORATIVO,TRANSACOES_FINANCEIRAS,1299,820a3176ba750859352ff500a09fea724b8b28934037d7f12042a1342c7d708e
TR-01300,2024-10-16,2024-10-01,ESG,ACC-00008,RECEITA,5130.851514692387,5130.851514692387,BRL,Despesa operacional - ESG,8,BOLETO,ATRASADO,cd84a39c-feaa-44f3-8973-81bec6fbb53e,2024-11-05,ERP_CORPORATIVO,TRANSACOES_FINANCEIRAS,1300,87c39c64a93ff393534276b4bb8a8099045d28c1b90a8286199cfc2c8566af8e
TR-01301,2024-10-17,2024-10-01,CPT,ACC-00008,RECEITA,5827.0755680740585,5827.0755680740585,BRL,Custo operacional associado a CPT,8,BOLETO,ATRASADO,cd84a39c-feaa-44f3-8973-81bec6fbb53e,2024-11-05,ERP_CORPORATIVO,TRANSACOES_FINANCEIRAS,1301,a2bc87a08bf1aee4b81ddb6bca144825b4a22108bf3ba66794726c242e581c7e
TR-01302,2024-10-21,2024-10-01,JUR,ACC-00008,DESPESA,5526.748349021625,5526.748349021625,BRL,Investimento em marketing corporativo (JUR),4,BOLETO,CANCELADO,cd84a39c-feaa-44f3-8973-81bec6fbb53e,2024-11-05,ERP_CORPORATIVO,TRANSACOES_FINANCEIRAS,1302,156e4b1594dafc81723738aca51b4901e7116e315aa58e249b8518dfd9e73008
TR-01468,2024-10-07,2024-10-01,CPT,FORN-00009,DESPESA,1696.9199973248446,1696.9199973248446,BRL,Licenciamento de software - CPT,5,BOLETO,PAGO,cd84a39c-feaa-44f3-8973-81bec6fbb53e,2024-11-05,ERP_CORPORATIVO,TRANSACOES_FINANCEIRAS,1468,9adf15a51c8b89074276cca9de4df3e622f4a8ae4f76401cc73417d61f9613dc
TR-01469,2024-10-07,2024-10-01,RH,FORN-00009,RECEITA,4594.567418796433,4594.567418796433,BRL,Taxas bancárias incidentes em RH,22,TED,ATRASADO,cd84a39c-feaa-44f3-8973-81bec6fbb53e,2024-11-05,ERP_CORPORATIVO,TRANSACOES_FINANCEIRAS,1469,ebc584a62f9b0a1ac6166842402a206eecdcd5b064ccd0172cc870f586eb9bc1
TR-01470,2024-10-14,2024-10-01,COM,FORN-00009,RECEITA,5129.98490729802,5063.611414462915,USD,Custo operacional associado a COM,8,BOLETO,ATRASADO,cd84a39c-feaa-44f3-8973-81bec6fbb53e,2024-11-05,ERP_CORPORATIVO,TRANSACOES_FINANCEIRAS,1470,e1f7043980f5e218618e594bdb9d9d48891a71c4a23ec551f12b5c774221f9c4
TR-01471,2024-10-21,2024-10-01,QAS,FORN-00009,RECEITA,3947.4834602744386,3947.4834602744386,BRL,Consultoria estratégica para área QAS,12,PIX,PAGO,cd84a39c-feaa-44f3-8973-81bec6fbb53e,2024-11-05,ERP_CORPORATIVO,TRANSACOES_FINANCEIRAS,1471,ca543b72a812c4ad017ed75d09db66067d0cbe9f8f96bf62538b6a72f5f259af
TR-01472,2024-10-16,2024-10-01,TI,FORN-00009,DESPESA,3751.0122833550213,3751.0122833550213,BRL,Serviço de tecnologia contratado por TI,5,PIX,PAGO,cd84a39c-feaa-44f3-8973-81bec6fbb53e,2024-11-05,ERP_CORPORATIVO,TRANSACOES_FINANCEIRAS,1472,a2b43238dade19b15a956cefb3243e5fcb40157e8d074734c9048bcba406fdb7
TR-01473,2024-10-17,2024-10-01,COMP,FORN-00009,DESPESA,4221.261874883272,4221.261874883272,BRL,Reparo de hardware solicitado por COMP,28,PIX,PAGO,cd84a39c-feaa-44f3-8973-81bec6fbb53e,2024-11-05,ERP_CORPORATIVO,TRANSACOES_FINANCEIRAS,1473,4d0a51e5a519c730cff9a887bd67aba18973129d373c564ebbb63d11c2213e43
TR-01474,2024-10-16,2024-10-01,COM,FORN-00009,DESPESA,4075.9415170867137,4075.9415170867137,BRL,Manutenção preventiva de veículos - COM,17,TED,PAGO,cd84a39c-feaa-44f3-8973-81bec6fbb53e,2024-11-05,ERP_CORPORATIVO,TRANSACOES_FINANCEIRAS,1474,57ae4069a515faaecdf674ae39c846b124a8fa40c1a17bbbf477988afae0b247
TR-01475,2024-10-16,2024-10-01,FIN,FORN-00009,RECEITA,4328.705178718695,4328.705178718695,BRL,Campanha institucional - FIN,4,BOLETO,ATRASADO,cd84a39c-feaa-44f3-8973-81bec6fbb53e,2024-11-05,ERP_CORPORATIVO,TRANSACOES_FINANCEIRAS,1475,58d16a895afaf7a1e959b4740077d17f9dba26554be80b217037c8d4847fa671
TR-01476,2024-10-02,2024-10-01,COMP,FORN-00009,DESPESA,4567.710062001496,4567.710062001496,BRL,Aquisição de material operacional - COMP,2,PIX,ATRASADO,cd84a39c-feaa-44f3-8973-81bec6fbb53e,2024-11-05,ERP_CORPORATIVO,TRANSACOES_FINANCEIRAS,1476,99a18c844532c6686442d1fef8d18a7baf153951f75668b698ffcf485a0e7ea0
TR-01477,2024-10-21,2024-10-01,JUR,FORN-00009,RECEITA,5437.478670793139,5217.634035276565,BRL,Compra de insumos para setor JUR,2,TRANSFERENCIA,ATRASADO,cd84a39c-feaa-44f3-8973-81bec6fbb53e,2024-11-05,ERP_CORPORATIVO,TRANSACOES_FINANCEIRAS,1477,a6b8659db820c6b63bdd97fb0c3a849f7740c8c6439f1d9417cfe5ec16992bad
TR-01478,2024-10-21,2024-10-01,ATD,FORN-00009,DESPESA,4144.012952213963,4144.012952213963,BRL,Custo operacional associado a ATD,8,PIX,PAGO,cd84a39c-feaa-44f3-8973-81bec6fbb53e,2024-11-05,ERP_CORPORATIVO,TRANSACOES_FINANCEIRAS,1478,90b3f50591bc9a7de86de1c105627ea058a626364d45da0ae114b01c90b90c87
TR-01739,2024-10-24,2024-10-01,FIN,FORN-00010,RECEITA,2308.674203505132,2308.674203505132,BRL,Contrato de serviço - setor FIN,1,TED,PAGO,cd84a39c-feaa-44f3-8973-81bec6fbb53e,2024-11-05,ERP_CORPORATIVO,TRANSACOES_FINANCEIRAS,1739,6b854fab8a061d9ecb4c5af00d63628e0fb340f885f55fbfefe4a260da3a24e3
TR-01740,2024-10-18,2024-10-01,FIN,FORN-00010,DESPESA,2200.500431735448,2200.500431735448,USD,Investimento em marketing corporativo (FIN),4,PIX,PAGO,cd84a39c-feaa-44f3-8973-81bec6fbb53e,2024-11-05,ERP_CORPORATIVO,TRANSACOES_FINANCEIRAS,1740,acdbbe4c479fd61e72bb90a1e82e61f63a89c276643ba3f236bdb1ca79245b78
TR-01741,2024-10-16,2024-10-01,OP,FORN-00010,DESPESA,2327.3624787278873,2327.3624787278873,BRL,Despesa de RH - OP,6,CARTAO,PAGO,cd84a39c-feaa-44f3-8973-81bec6fbb53e,2024-11-05,ERP_CORPORATIVO,TRANSACOES_FINANCEIRAS,1741,4a5d9b0bab16a973582907e4b72d15d28cfd864b8cb1dd251087752e1cb110bf
TR-01742,2024-10-01,2024-10-01,COM,FORN-00010,DESPESA,2029.3493011813794,2029.3493011813794,BRL,Campanha institucional - COM,4,CARTAO,PAGO,cd84a39c-feaa-44f3-8973-81bec6fbb53e,2024-11-05,ERP_CORPORATIVO,TRANSACOES_FINANCEIRAS,1742,e66176f9de905ba236f838dbf12d406691ef9ce1485a77aadca270e320b3d8af
TR-01743,2024-10-07,2024-10-01,FIN,FORN-00010,RECEITA,1872.6421689893823,1813.5605580088488,BRL,Promoção e atividade externa - FIN,14,BOLETO,PAGO,cd84a39c-feaa-44f3-8973-81bec6fbb53e,2024-11-05,ERP_CORPORATIVO,TRANSACOES_FINANCEIRAS,1743,7c336200be7ae1c726c24ec4bdff2752e2ca4b9dd5beba91c1d5a4b5f156f705
TR-01744,2024-10-15,2024-10-01,RH,FORN-00010,DESPESA,2243.2322364528445,2243.2322364528445,BRL,Contrato de serviço - setor RH,1,PIX,CANCELADO,cd84a39c-feaa-44f3-8973-81bec6fbb53e,2024-11-05,ERP_CORPORATIVO,TRANSACOES_FINANCEIRAS,1744,a31d61ceac69e3aa3510d4f372d5539fed9196f40c9b28e80e2a5dfbacf4b6f6
TR-01745,2024-10-21,2024-10-01,COMP,FORN-00010,DESPESA,2283.843007261144,2283.843007261144,BRL,Capacitação profissional vinculada a COMP,30,TRANSFERENCIA,PAGO,cd84a39c-feaa-44f3-8973-81bec6fbb53e,2024-11-05,ERP_CORPORATIVO,TRANSACOES_FINANCEIRAS,1745,43075cb06f5de08e86ec3ed77e9631b774401ef2d208edf01aaf14b2ec6d5944
TR-01746,2024-10-04,2024-10-01,TI,FORN-00010,RECEITA,2187.1327896335392,2187.1327896335392,BRL,Despesa operacional - TI,8,CARTAO,PAGO,cd84a39c-feaa-44f3-8973-81bec6fbb53e,2024-11-05,ERP_CORPORATIVO,TRANSACOES_FINANCEIRAS,1746,3dfe0cb398f26745495320ba80581b328e8716044af9107588459dc4c07f15ca
TR-01747,2024-10-16,2024-10-01,CPT,FORN-00010,RECEITA,2118.620607263926,2118.620607263926,BRL,Receita eventual registrada em CPT,37,BOLETO,ATRASADO,cd84a39c-feaa-44f3-8973-81bec6fbb53e,2024-11-05,ERP_CORPORATIVO,TRANSACOES_FINANCEIRAS,1747,7b19314bc965583a75e551c2e689b804ad41ffc2643ed250acf6884eee4d1070
TR-02054,2024-10-14,2024-10-01,FIN,ACC-00011,RECEITA,2968.8703946348746,2883.9515661601295,BRL,Despesa de refeição em deslocamento (FIN),20,PIX,CANCELADO,cd84a39c-feaa-44f3-8973-81bec6fbb53e,2024-11-05,ERP_CORPORATIVO,TRANSACOES_FINANCEIRAS,2054,da2c41d84fa75b47de69d00eb249510fa6d9feb5d279ee3699c315fc1fb1ac0b
TR-02055,2024-10-17,2024-10-01,VND,ACC-00011,DESPESA,2972.316213286238,2972.316213286238,BRL,Aquisição de material operacional - VND,2,CARTAO,PAGO,cd84a39c-feaa-44f3-8973-81bec6fbb53e,2024-11-05,ERP_CORPORATIVO,TRANSACOES_FINANCEIRAS,2055,ec36846d8c41f9141b5dafa382077ec773097175567ccbb859e9c5683db44a40
TR-02056,2024-10-21,2024-10-01,MKT,ACC-00011,DESPESA,3486.1886940521354,3486.1886940521354,BRL,Contrato de serviço - setor MKT,1,TED,PAGO,cd84a39c-feaa-44f3-8973-81bec6fbb53e,2024-11-05,ERP_CORPORATIVO,TRANSACOES_FINANCEIRAS,2056,2d50b49d44d3f6e5f257c76b5f79eeda8f71e884fd350c6793ef17ebd4f50afd
TR-02057,2024-10-08,2024-10-01,OP,ACC-00011,DESPESA,2752.8308041068776,2752.8308041068776,BRL,Contrato de serviço - setor OP,1,BOLETO,PAGO,cd84a39c-feaa-44f3-8973-81bec6fbb53e,2024-11-05,ERP_CORPORATIVO,TRANSACOES_FINANCEIRAS,2057,b43a4a4ff6902f57918d92509c57baf9ec41bc64fc501e6ec624e506bdf0422b
TR-02058,2024-10-14,2024-10-01,ESG,ACC-00011,RECEITA,3093.860878811907,3093.860878811907,USD,Desconto concedido em operação de ESG,38,BOLETO,PAGO,cd84a39c-feaa-44f3-8973-81bec6fbb53e,2024-11-05,ERP_CORPORATIVO,TRANSACOES_FINANCEIRAS,2058,44cdaa2481412c2ca9bab55f542a13c63621265dc1a1b2cbb6da31cde6087718
TR-02059,2024-10-14,2024-10-01,ADM,ACC-00011,RECEITA,3460.705866442581,3460.705866442581,BRL,Serviço especializado solicitado por ADM,1,BOLETO,PAGO,cd84a39c-feaa-44f3-8973-81bec6fbb53e,2024-11-05,ERP_CORPORATIVO,TRANSACOES_FINANCEIRAS,2059,7645dd113856137261a70cc234b3882d88e7fcc259f97732ba609b516ed46528
TR-02060,2024-10-14,2024-10-01,CPT,ACC-00011,DESPESA,2929.7169742809983,2929.7169742809983,BRL,Serviço de tecnologia contratado por CPT,5,PIX,PAGO,cd84a39c-feaa-44f3-8973-81bec6fbb53e,2024-11-05,ERP_CORPORATIVO,TRANSACOES_FINANCEIRAS,2060,0142d9bdb8a86751c8faf2e9d56d56190f71f89ee22d1c386ba906a0c30f91c7
TR-02061,2024-10-14,2024-10-01,FIN,ACC-00011,RECEITA,2697.6837809349427,2697.6837809349427,BRL,Honorários profissionais contratados por FIN,11,TRANSFERENCIA,PAGO,cd84a39c-feaa-44f3-8973-81bec6fbb53e,2024-11-05,ERP_CORPORATIVO,TRANSACOES_FINANCEIRAS,2061,7b21d90ef5b8e9c0d8b4e769cf0fe2ada4855f7a5a5bdd4d1f99427b088dc8ae
TR-02062,2024-10-21,2024-10-01,PES,ACC-00011,RECEITA,3730.088895433223,3730.088895433223,BRL,Custo operacional associado a PES,8,TED,PAGO,cd84a39c-feaa-44f3-8973-81bec6fbb53e,2024-11-05,ERP_CORPORATIVO,TRANSACOES_FINANCEIRAS,2062,a3fbbbceded9704967a26fdd3b7a319ed4398ac2174435fc99d246995bd04300
TR-02063,2024-10-16,2024-10-01,FIN,ACC-00011,DESPESA,3406.470256119436,3406.470256119436,BRL,Serviço especializado solicitado por FIN,1,PIX,PAGO,cd84a39c-feaa-44f3-8973-81bec6fbb53e,2024-11-05,ERP_CORPORATIVO,TRANSACOES_FINANCEIRAS,2063,e43e5ed6bf659685dd04c5f8747ca3d10b3df509dbc65f6d48fa2820c1342101
TR-02064,2024-10-15,2024-10-01,OP,ACC-00011,RECEITA,3417.071775178055,3417.071775178055,BRL,Capacitação profissional vinculada a OP,30,CARTAO,PAGO,cd84a39c-feaa-44f3-8973-81bec6fbb53e,2024-11-05,ERP_CORPORATIVO,TRANSACOES_FINANCEIRAS,2064,adb2a17bb4c015edcbf3a61e2b8142e3c5c47cc20441b46d717bc5cfcd6a64eb
TR-02065,2024-10-15,2024-10-01,VND,ACC-00011,DESPESA,3116.829058985292,3116.829058985292,BRL,Estorno de receita - VND,39,BOLETO,PAGO,cd84a39c-feaa-44f3-8973-81bec6fbb53e,2024-11-05,ERP_CORPORATIVO,TRANSACOES_FINANCEIRAS,2065,a4bf45292f7b4145ef16871b9025ee3382ce0a796c1fa8c7caf82be15d8a866f
TR-02066,2024-10-21,2024-10-01,COMP,ACC-00011,RECEITA,3352.8469378654477,3302.493223757913,BRL,Compra de insumos para setor COMP,2,CARTAO,PAGO,cd84a39c-feaa-44f3-8973-81bec6fbb53e,2024-11-05,ERP_CORPORATIVO,TRANSACOES_FINANCEIRAS,2066,633911d20b28cefaeb8ccd179a2681e7767b9b8e3e20ff939ade9a8e91c08fc3
TR-02067,2024-10-16,2024-10-01,FIN,ACC-00011,DESPESA,2451.5199459335677,2451.5199459335677,BRL,Manutenção estrutural vinculada à área FIN,3,BOLETO,PAGO,cd84a39c-feaa-44f3-8973-81bec6fbb53e,2024-11-05,ERP_CORPORATIVO,TRANSACOES_FINANCEIRAS,2067,d77f1bb164d300f83e9a85b58c771d44cbb927e956250511a5eb540d69f6869a
TR-02068,2024-10-21,2024-10-01,FIN,ACC-00011,RECEITA,3010.2336734573632,2861.177916792225,BRL,Honorários profissionais contratados por FIN,11,PIX,PAGO,cd84a39c-feaa-44f3-8973-81bec6fbb53e,2024-11-05,ERP_CORPORATIVO,TRANSACOES_FINANCEIRAS,2068,7fcd34a0ab6837af98a85d8d47a3ae2a1ecb1c85ee90556bd441c64078c85752
TR-02069,2024-10-15,2024-10-01,FIN,ACC-00011,RECEITA,3457.355822761624,3312.649013236735,BRL,Despesa operacional - FIN,8,TED,PAGO,cd84a39c-feaa-44f3-8973-81bec6fbb53e,2024-11-05,ERP_CORPORATIVO,TRANSACOES_FINANCEIRAS,2069,997bbb1556d15141693f0ddda3c93ea635dccc45d7f18991fb009035c9b6d712
TR-02322,2024-10-16,2024-10-01,OP,ACC-00012,RECEITA,3669.4807579949643,3669.4807579949643,BRL,Venda de ativo imobilizado por OP,35,TED,PAGO,cd84a39c-feaa-44f3-8973-81bec6fbb53e,2024-11-05,ERP_CORPORATIVO,TRANSACOES_FINANCEIRAS,2322,adb2c2f6defa1420409cd5a8e1e27984d4f6eacea4afe2a328303258f2147ad9
TR-02323,2024-10-14,2024-10-01,CPT,ACC-00012,DESPESA,3404.256483928661,3404.256483928661,BRL,Campanha institucional - CPT,4,CARTAO,PAGO,cd84a39c-feaa-44f3-8973-81bec6fbb53e,2024-11-05,ERP_CORPORATIVO,TRANSACOES_FINANCEIRAS,2323,04d589234b56e0cabe1bba2de147cb6bd7f712e7b823571170da5f52053a6f22
TR-02324,2024-10-22,2024-10-01,SEC,ACC-00012,DESPESA,3479.7212164347766,3479.7212164347766,BRL,Prestação de serviço para área SEC,1,PIX,PAGO,cd84a39c-feaa-44f3-8973-81bec6fbb53e,2024-11-05,ERP_CORPORATIVO,TRANSACOES_FINANCEIRAS,2324,4523825c589321c1b535f3e6511ad34676214df4427e8c2e6242904d0b8e31c8
TR-02325,2024-10-18,2024-10-01,PRD,ACC-00012,RECEITA,3393.49058968844,3295.234338729289,BRL,Licenciamento de software - PRD,5,TED,PAGO,cd84a39c-feaa-44f3-8973-81bec6fbb53e,2024-11-05,ERP_CORPORATIVO,TRANSACOES_FINANCEIRAS,2325,d68768ab3bb3d8c69258ffb614292c6fd4fa4ac1e1b6808206dd1594cc87464d
TR-02326,2024-10-28,2024-10-01,CPT,ACC-00012,RECEITA,3619.300669992225,3619.300669992225,EUR,Serviço relacionado a recursos humanos (CPT),6,TED,PAGO,cd84a39c-feaa-44f3-8973-81bec6fbb53e,2024-11-05,ERP_CORPORATIVO,TRANSACOES_FINANCEIRAS,2326,e60b614753478ee67f041f861fd851c69ef9e595bd56543962032f925da73baf
TR-02327,2024-10-14,2024-10-01,ATD,ACC-00012,RECEITA,3216.186342332144,3216.186342332144,BRL,Manutenção de equipamentos de ATD,28,PIX,PAGO,cd84a39c-feaa-44f3-8973-81bec6fbb53e,2024-11-05,ERP_CORPORATIVO,TRANSACOES_FINANCEIRAS,2327,1800128740ff7471bf81aabbfa44806becb6dfb5b549ee50184f4dea04e84a5b
TR-02328,2024-10-16,2024-10-01,OP,ACC-00012,DESPESA,3888.5064079632916,3888.5064079632916,BRL,Despesa operacional - OP,8,BOLETO,PAGO,cd84a39c-feaa-44f3-8973-81bec6fbb53e,2024-11-05,ERP_CORPORATIVO,TRANSACOES_FINANCEIRAS,2328,c7b058c735cf4577c179f546a3158dcfbd355567441f19825ad07c3fb4226668
TR-02329,2024-10-23,2024-10-01,JUR,ACC-00012,RECEITA,4416.850774688986,4416.850774688986,BRL,Aquisição de material operacional - JUR,2,CARTAO,PAGO,cd84a39c-feaa-44f3-8973-81bec6fbb53e,2024-11-05,ERP_CORPORATIVO,TRANSACOES_FINANCEIRAS,2329,ebc6d63514310a945fadc57ac2b5813ff448b965714b7f18d402377beb622232
TR-02330,2024-10-11,2024-10-01,PES,ACC-00012,RECEITA,3393.964745553328,3393.964745553328,BRL,Compra de insumos para setor PES,2,BOLETO,PAGO,cd84a39c-feaa-44f3-8973-81bec6fbb53e,2024-11-05,ERP_CORPORATIVO,TRANSACOES_FINANCEIRAS,2330,201cc86381b99455d557d496eff2b15064843807d0e23a89ad8872319c5d4011
TR-02331,2024-10-21,2024-10-01,JUR,ACC-00012,RECEITA,3072.4797794759647,3072.4797794759647,BRL,Receita eventual registrada em JUR,37,PIX,ATRASADO,cd84a39c-feaa-44f3-8973-81bec6fbb53e,2024-11-05,ERP_CORPORATIVO,TRANSACOES_FINANCEIRAS,2331,19a81129fa1b7dcade7b1ee4d2add728fc62e4b3b4de4e717c8b063e836dd971
TR-02332,2024-10-16,2024-10-01,CPT,ACC-00012,DESPESA,3566.4208656461856,3402.342135045039,BRL,Aquisição de material operacional - CPT,2,BOLETO,PAGO,cd84a39c-feaa-44f3-8973-81bec6fbb53e,2024-11-05,ERP_CORPORATIVO,TRANSACOES_FINANCEIRAS,2332,46e743049ed80bc33e24799799b5a8ce26e59fc0b1ff7f9c71a1a0aca80b300f
TR-02539,2024-10-15,2024-10-01,RH,FORN-00013,DESPESA,3657.696857806918,3657.696857806918,EUR,Prestação de serviço para área RH,1,TRANSFERENCIA,PAGO,cd84a39c-feaa-44f3-8973-81bec6fbb53e,2024-11-05,ERP_CORPORATIVO,TRANSACOES_FINANCEIRAS,2539,290bcfc76128b58b0635dd29bfe605835bc0d9adcac588d322e4dd7eac9f04bc
TR-02540,2024-10-15,2024-10-01,TI,FORN-00013,DESPESA,3129.1964297492423,3059.8683595379175,BRL,Prestação de serviço para área TI,1,PIX,ATRASADO,cd84a39c-feaa-44f3-8973-81bec6fbb53e,2024-11-05,ERP_CORPORATIVO,TRANSACOES_FINANCEIRAS,2540,b2da26bca69c9cf51c95fef6735197196556b930a16537c9a8d936794868f4cd
TR-02541,2024-10-15,2024-10-01,PJT,FORN-00013,RECEITA,3542.0865509904165,3542.0865509904165,BRL,Licenciamento de software - PJT,5,PIX,PAGO,cd84a39c-feaa-44f3-8973-81bec6fbb53e,2024-11-05,ERP_CORPORATIVO,TRANSACOES_FINANCEIRAS,2541,787295923fcb0712359795a1b76213943d062901793f90f8bcf2938362725bc5
TR-02542,2024-10-16,2024-10-01,RH,FORN-00013,RECEITA,3162.4810407653463,3162.4810407653463,BRL,Certificado digital adquirido por RH,26,BOLETO,PAGO,cd84a39c-feaa-44f3-8973-81bec6fbb53e,2024-11-05,ERP_CORPORATIVO,TRANSACOES_FINANCEIRAS,2542,91787ced6a9b09c5ea24336f53637cfeed9b247005c80ca70a8e0466e1a8c79a
TR-02543,2024-10-14,2024-10-01,LOG,FORN-00013,DESPESA,3441.842376483343,3441.842376483343,USD,Contrato de serviço - setor LOG,1,TED,PAGO,cd84a39c-feaa-44f3-8973-81bec6fbb53e,2024-11-05,ERP_CORPORATIVO,TRANSACOES_FINANCEIRAS,2543,800511e354da79f66d42cbaf8dfbe274055053e7e11a5048edf1b012816a2162
TR-02544,2024-10-16,2024-10-01,FIN,FORN-00013,RECEITA,3415.7481811924063,3415.7481811924063,BRL,Alienação de bem patrimonial - FIN,35,PIX,ATRASADO,cd84a39c-feaa-44f3-8973-81bec6fbb53e,2024-11-05,ERP_CORPORATIVO,TRANSACOES_FINANCEIRAS,2544,58db37580425540dcd17337b7caef45f48f0ceb106fb8abf960770ff93e257a6
TR-02545,2024-10-07,2024-10-01,OP,FORN-00013,DESPESA,3568.4812616176337,3568.4812616176337,BRL,Manutenção de equipamentos de OP,28,BOLETO,PAGO,cd84a39c-feaa-44f3-8973-81bec6fbb53e,2024-11-05,ERP_CORPORATIVO,TRANSACOES_FINANCEIRAS,2545,5431712cc0ae7e28cb867c41029b47716cdde5bd762b9bedb66b381871a92ab2
TR-02743,2024-10-21,2024-10-01,ADM,ACC-00014,RECEITA,4589.424953008617,4589.424953008617,BRL,Receita de comissão comercial - ADM,33,PIX,PAGO,cd84a39c-feaa-44f3-8973-81bec6fbb53e,2024-11-05,ERP_CORPORATIVO,TRANSACOES_FINANCEIRAS,2743,b4c13dfac187ded88170c7a26eb983c4d1df4a5ba14469f3c0242d58f4213017
TR-02744,2024-10-21,2024-10-01,COM,ACC-00014,RECEITA,2292.903477131401,2292.903477131401,BRL,Assessoria legal vinculada à área COM,7,PIX,PAGO,cd84a39c-feaa-44f3-8973-81bec6fbb53e,2024-11-05,ERP_CORPORATIVO,TRANSACOES_FINANCEIRAS,2744,153c8fa262088eb8b5debe3fc60f701df490c9dd079be404210631d9773e758b
TR-02745,2024-10-14,2024-10-01,QAS,ACC-00014,RECEITA,2419.6380714623933,2419.6380714623933,BRL,Receita eventual registrada em QAS,37,PIX,ATRASADO,cd84a39c-feaa-44f3-8973-81bec6fbb53e,2024-11-05,ERP_CORPORATIVO,TRANSACOES_FINANCEIRAS,2745,5b895c1b8331240329e2552dd5310132ae9e5a7311e60f059aae9ee86362cb8d
TR-02746,2024-10-21,2024-10-01,ATD,ACC-00014,DESPESA,2194.395483968755,2194.395483968755,BRL,Manutenção de equipamentos de ATD,28,PIX,PAGO,cd84a39c-feaa-44f3-8973-81bec6fbb53e,2024-11-05,ERP_CORPORATIVO,TRANSACOES_FINANCEIRAS,2746,86feff491dec30064bd76ac7aebc4dbf08dce81e2e2d57faa4bec289207093be
TR-02747,2024-10-15,2024-10-01,COMP,ACC-00014,DESPESA,2707.6675369616873,2707.6675369616873,BRL,Combustível e lubrificantes para frota (COMP),16,BOLETO,PAGO,cd84a39c-feaa-44f3-8973-81bec6fbb53e,2024-11-05,ERP_CORPORATIVO,TRANSACOES_FINANCEIRAS,2747,1cc84162431e1b1b39a9b391bc1343bd2bceb21e4f401c64df60770beb51b911
TR-02748,2024-10-15,2024-10-01,COMP,ACC-00014,DESPESA,2254.788222169264,2254.788222169264,BRL,Despesa operacional - COMP,8,PIX,PAGO,cd84a39c-feaa-44f3-8973-81bec6fbb53e,2024-11-05,ERP_CORPORATIVO,TRANSACOES_FINANCEIRAS,2748,110867da7c044e1f1f3b9d5aa7a01f0484bf8358ce5152eb4207be95edb57d7f
TR-02749,2024-10-18,2024-10-01,COM,ACC-00014,RECEITA,2748.4845687296965,2748.4845687296965,USD,Honorários jurídicos - COM,7,TED,ATRASADO,cd84a39c-feaa-44f3-8973-81bec6fbb53e,2024-11-05,ERP_CORPORATIVO,TRANSACOES_FINANCEIRAS,2749,8ecbedbc8bc25edc7101cd4e45316935182178e1400f73f8a82a01d2798e93b9
TR-02750,2024-10-16,2024-10-01,MKT,ACC-00014,DESPESA,2422.976533812756,2422.976533812756,BRL,Manutenção predial solicitada por MKT,10,TRANSFERENCIA,PAGO,cd84a39c-feaa-44f3-8973-81bec6fbb53e,2024-11-05,ERP_CORPORATIVO,TRANSACOES_FINANCEIRAS,2750,9ca0305596bdf7e1238622fa959466b79daf70add750a4e6a2615cfb31016b66
TR-02751,2024-10-08,2024-10-01,RH,ACC-00014,RECEITA,2655.7434875196554,2578.4715221316683,BRL,Contrato de SaaS vinculado a RH,27,TRANSFERENCIA,PAGO,cd84a39c-feaa-44f3-8973-81bec6fbb53e,2024-11-05,ERP_CORPORATIVO,TRANSACOES_FINANCEIRAS,2751,5f912d9d0ab103f0e7f3d7be53aad6d3ae6e491582afcb877966ae68e56461bf
TR-02752,2024-10-17,2024-10-01,FIN,ACC-00014,RECEITA,2257.771202323527,2257.771202323527,BRL,Juros sobre operação financeira - FIN,23,PIX,PAGO,cd84a39c-feaa-44f3-8973-81bec6fbb53e,2024-11-05,ERP_CORPORATIVO,TRANSACOES_FINANCEIRAS,2752,62a24a4143c3896d30a1db5cdc7b5e8ab93b5e6c72eeab95ea24b0d23005a342
TR-02753,2024-10-14,2024-10-01,FIN,ACC-00014,DESPESA,2002.5569134635396,2002.5569134635396,BRL,Apólice de seguro - FIN,21,TED,PAGO,cd84a39c-feaa-44f3-8973-81bec6fbb53e,2024-11-05,ERP_CORPORATIVO,TRANSACOES_FINANCEIRAS,2753,1ff3ea48f5ab519608996620d27de0cf9b4290ee5ddc8608b88cd4c4dece5a04
TR-02754,2024-10-14,2024-10-01,PES,ACC-00014,DESPESA,2067.2688536582978,1977.8513962014986,BRL,Licença de software para área PES,27,PIX,CANCELADO,cd84a39c-feaa-44f3-8973-81bec6fbb53e,2024-11-05,ERP_CORPORATIVO,TRANSACOES_FINANCEIRAS,2754,57073e4c7f9efa51f0ae400112af062db6b8c83f4ec7669bfadcccd773e8cd46
TR-02755,2024-10-21,2024-10-01,ATD,ACC-00014,RECEITA,3131.147538577249,3131.147538577249,USD,Produção de material gráfico - ATD,15,BOLETO,PAGO,cd84a39c-feaa-44f3-8973-81bec6fbb53e,2024-11-05,ERP_CORPORATIVO,TRANSACOES_FINANCEIRAS,2755,42441db838aaec3612ed9ab8d3def6a733ff35322d0554256048520064c3407c
TR-02756,2024-10-21,2024-10-01,JUR,ACC-00014,DESPESA,2296.3371265064316,2189.0319325429004,BRL,Prestação de serviço para área JUR,1,BOLETO,PAGO,cd84a39c-feaa-44f3-8973-81bec6fbb53e,2024-11-05,ERP_CORPORATIVO,TRANSACOES_FINANCEIRAS,2756,bbe27fdd88b9c533a86b305f7086124125cc28e01501f269b19cb0f930e03956
TR-02757,2024-10-21,2024-10-01,FIN,ACC-00014,RECEITA,2720.2536669566766,2720.2536669566766,BRL,Alimentação em viagem corporativa - FIN,20,BOLETO,PAGO,cd84a39c-feaa-44f3-8973-81bec6fbb53e,2024-11-05,ERP_CORPORATIVO,TRANSACOES_FINANCEIRAS,2757,eeac9571b0562875de2e0f6a4ccaadda2a02f34a9cf9e203358558183d60545e
TR-02758,2024-10-22,2024-10-01,COM,ACC-00014,DESPESA,2141.1299439947,2141.1299439947,BRL,Despesa de RH - COM,6,TED,PAGO,cd84a39c-feaa-44f3-8973-81bec6fbb53e,2024-11-05,ERP_CORPORATIVO,TRANSACOES_FINANCEIRAS,2758,67f6b9f1b0b4462103658a03f45fde26596afdfec8e0663d47b4a50e9acd2072
TR-02759,2024-10-09,2024-10-01,RH,ACC-00014,DESPESA,2481.8265518946496,2358.130670111253,BRL,Suporte técnico para sistemas de RH,29,PIX,CANCELADO,cd84a39c-feaa-44f3-8973-81bec6fbb53e,2024-11-05,ERP_CORPORATIVO,TRANSACOES_FINANCEIRAS,2759,307e98272e425a3520dbc11f309a46bc25556f89c0b3b873449f43989abeecd5
TR-02760,2024-10-15,2024-10-01,JUR,ACC-00014,RECEITA,2524.265303242392,2524.265303242392,BRL,Consultoria estratégica para área JUR,12,TRANSFERENCIA,PAGO,cd84a39c-feaa-44f3-8973-81bec6fbb53e,2024-11-05,ERP_CORPORATIVO,TRANSACOES_FINANCEIRAS,2760,7746bea923edab6c11108017bae5e858e2ab453eef1e7f9acb380af6318000d7
TR-02761,2024-10-28,2024-10-01,RH,ACC-00014,DESPESA,3237.3352273129403,3237.3352273129403,BRL,Promoção e atividade externa - RH,14,TED,PAGO,cd84a39c-feaa-44f3-8973-81bec6fbb53e,2024-11-05,ERP_CORPORATIVO,TRANSACOES_FINANCEIRAS,2761,5ad68cfb22586f2c3047523693b4bf09b046ba2e20a984c45158d55a82d8b7ef
TR-02762,2024-10-07,2024-10-01,TI,ACC-00014,DESPESA,2361.56245152191,2361.56245152191,BRL,Evento corporativo organizado por TI,14,BOLETO,PAGO,cd84a39c-feaa-44f3-8973-81bec6fbb53e,2024-11-05,ERP_CORPORATIVO,TRANSACOES_FINANCEIRAS,2762,31471b8c1ccac41b05b45a32529cb0b3b2f76ad8f5ab25a46cd5bf00ed38acc8
TR-02763,2024-10-25,2024-10-01,FIN,ACC-00014,DESPESA,2270.460160151352,2270.460160151352,BRL,Prestação de serviço para área FIN,1,PIX,PAGO,cd84a39c-feaa-44f3-8973-81bec6fbb53e,2024-11-05,ERP_CORPORATIVO,TRANSACOES_FINANCEIRAS,2763,7d0d87144703f7f6e47b6207ea303c9f04e678741bcb94ae97a23233b17d788b
TR-02764,2024-10-08,2024-10-01,COMP,ACC-00014,DESPESA,2524.9031120276286,2524.9031120276286,BRL,Manutenção estrutural vinculada à área COMP,3,PIX,PAGO,cd84a39c-feaa-44f3-8973-81bec6fbb53e,2024-11-05,ERP_CORPORATIVO,TRANSACOES_FINANCEIRAS,2764,f3e936d5c184573b9cc8985f7dbc09777cfdbdb29754190bc1bf53a78770a81a
TR-03119,2024-10-14,2024-10-01,COM,1000014,DESPESA,2704.6878616970416,2704.6878616970416,BRL,Aquisição de material operacional - COM,2,TED,PAGO,cd84a39c-feaa-44f3-8973-81bec6fbb53e,2024-11-05,ERP_CORPORATIVO,TRANSACOES_FINANCEIRAS,3119,051217deaa9dd6d9a90615c3c93ad41be3f001ab0c87a28d1ca74b7b6bb24f51
TR-03120,2024-10-07,2024-10-01,COM,1000014,RECEITA,6104.922323908553,6104.922323908553,BRL,Contrato de SaaS vinculado a COM,27,TED,PAGO,cd84a39c-feaa-44f3-8973-81bec6fbb53e,2024-11-05,ERP_CORPORATIVO,TRANSACOES_FINANCEIRAS,3120,82d6043271cc877dc1e278eb146ec08b86ff0f0d027aeee66f85dbdddc6ae27d
TR-03121,2024-10-07,2024-10-01,COM,1000014,DESPESA,4566.176988108984,4566.176988108984,BRL,Despesa de infraestrutura - COM,3,CARTAO,PAGO,cd84a39c-feaa-44f3-8973-81bec6fbb53e,2024-11-05,ERP_CORPORATIVO,TRANSACOES_FINANCEIRAS,3121,53c59237fbed3b95f2432a304b5a05de589560c6f0872fe07aa5c3de0d3b7704
TR-03122,2024-10-21,2024-10-01,TI,1000014,RECEITA,5867.2800764616695,5867.2800764616695,BRL,Custo operacional associado a TI,8,PIX,PAGO,cd84a39c-feaa-44f3-8973-81bec6fbb53e,2024-11-05,ERP_CORPORATIVO,TRANSACOES_FINANCEIRAS,3122,1a343213342c4770abe14b752fedb8719f8074df2cf2ead7641ad9a51f0adcbb
TR-03123,2024-10-25,2024-10-01,COM,1000014,DESPESA,5192.482908469528,4980.149600417383,BRL,Prestação de serviço para área COM,1,CARTAO,ATRASADO,cd84a39c-feaa-44f3-8973-81bec6fbb53e,2024-11-05,ERP_CORPORATIVO,TRANSACOES_FINANCEIRAS,3123,3f16d3d10a79c9093f3c2e632c0647c94e06618ceff4d558901ace8029998fec
TR-03124,2024-10-23,2024-10-01,ATD,1000014,DESPESA,4770.4339227582595,4545.74280194196,BRL,Taxas bancárias incidentes em ATD,22,BOLETO,CANCELADO,cd84a39c-feaa-44f3-8973-81bec6fbb53e,2024-11-05,ERP_CORPORATIVO,TRANSACOES_FINANCEIRAS,3124,a296f215b68c5d958816886fadcb3e2656b3770f9ead9b3761bdf414eab0d971
TR-03125,2024-10-15,2024-10-01,VND,1000014,DESPESA,4484.2905558609655,4484.2905558609655,BRL,Manutenção estrutural vinculada à área VND,3,TRANSFERENCIA,ATRASADO,cd84a39c-feaa-44f3-8973-81bec6fbb53e,2024-11-05,ERP_CORPORATIVO,TRANSACOES_FINANCEIRAS,3125,cfaed812938a6f3d5a73bcd3041f7988fbc9f3935d160b77a4b173bd9ce8730a
TR-03126,2024-10-11,2024-10-01,CTB,1000014,DESPESA,6011.381436175345,5733.641984309455,BRL,Campanha institucional - CTB,4,PIX,ATRASADO,cd84a39c-feaa-44f3-8973-81bec6fbb53e,2024-11-05,ERP_CORPORATIVO,TRANSACOES_FINANCEIRAS,3126,610cbc2f4fb2fb4952d183a8d862c35cd5b51eeb98c71b0e0cae16df6343502f
TR-03127,2024-10-08,2024-10-01,LOG,1000014,DESPESA,4758.150296648341,4582.299811149473,BRL,Contrato de consultoria externa - LOG,12,PIX,CANCELADO,cd84a39c-feaa-44f3-8973-81bec6fbb53e,2024-11-05,ERP_CORPORATIVO,TRANSACOES_FINANCEIRAS,3127,b8be5f6391b8f1ec4e080dcf4c1af48d6f5d9b01fc7b10e703794fd3cb450fad
TR-03701,2024-10-14,2024-10-01,ADM,ACC-00019,RECEITA,4766.7878699224075,4535.79128894041,BRL,Licenciamento de software - ADM,5,TED,PAGO,cd84a39c-feaa-44f3-8973-81bec6fbb53e,2024-11-05,ERP_CORPORATIVO,TRANSACOES_FINANCEIRAS,3701,38a901e03b12fa4b9867fe335c1d9453fc4d97847e3fa0d8f22b157a7d7bbc8d
TR-03702,2024-10-21,2024-10-01,TI,ACC-00019,RECEITA,4356.068694841177,4356.068694841177,BRL,Honorarium advocatício - TI,24,PIX,ATRASADO,cd84a39c-feaa-44f3-8973-81bec6fbb53e,2024-11-05,ERP_CORPORATIVO,TRANSACOES_FINANCEIRAS,3702,e25561418ab55bfc9764362d552cff2f79ec6c0a35fe172739ff3bbd82d574d6
TR-03703,2024-10-16,2024-10-01,ADM,ACC-00019,DESPESA,3796.856129887061,3674.6398703612945,BRL,Compra de insumos para setor ADM,2,TRANSFERENCIA,PAGO,cd84a39c-feaa-44f3-8973-81bec6fbb53e,2024-11-05,ERP_CORPORATIVO,TRANSACOES_FINANCEIRAS,3703,7a5e3c655545d6b642f3dbbcb09b79e0235803990095a451f07761157732dee8
TR-03704,2024-10-08,2024-10-01,PRD,ACC-00019,RECEITA,12382.75485164419,12382.75485164419,BRL,Honorários jurídicos - PRD,7,CARTAO,PAGO,cd84a39c-feaa-44f3-8973-81bec6fbb53e,2024-11-05,ERP_CORPORATIVO,TRANSACOES_FINANCEIRAS,3704,2383835c291123bd35b2e8fd700e5ce945ebe545c905ae275f1585534265f21a
TR-03705,2024-10-14,2024-10-01,VND,ACC-00019,DESPESA,3473.718019484527,3473.718019484527,BRL,Aquisição de material operacional - VND,2,BOLETO,PAGO,cd84a39c-feaa-44f3-8973-81bec6fbb53e,2024-11-05,ERP_CORPORATIVO,TRANSACOES_FINANCEIRAS,3705,a5b9462d8ddc4595d6c31d3a7d87466e6e07d98e332bce9c81df1aa107280bd6
TR-03706,2024-10-04,2024-10-01,COMP,ACC-00019,DESPESA,3593.425236603763,3593.425236603763,BRL,Manutenção estrutural vinculada à área COMP,3,BOLETO,PAGO,cd84a39c-feaa-44f3-8973-81bec6fbb53e,2024-11-05,ERP_CORPORATIVO,TRANSACOES_FINANCEIRAS,3706,9ccea879377538e9c671e0c39f3c8b43c34ff3e7fe1f3336e2ee1ce8d4b5857c
TR-03707,2024-10-14,2024-10-01,PRD,ACC-00019,DESPESA,3367.9458336935386,3367.9458336935386,BRL,Serviço de tecnologia contratado por PRD,5,BOLETO,PAGO,cd84a39c-feaa-44f3-8973-81bec6fbb53e,2024-11-05,ERP_CORPORATIVO,TRANSACOES_FINANCEIRAS,3707,66d2f7d9b1430994391e83c6431e701fa888bc299a7997e08cd989677ffa094b
TR-03708,2024-10-03,2024-10-01,PJT,ACC-00019,DESPESA,3925.760604075678,3780.606531303654,BRL,Despesa operacional - PJT,8,TRANSFERENCIA,PAGO,cd84a39c-feaa-44f3-8973-81bec6fbb53e,2024-11-05,ERP_CORPORATIVO,TRANSACOES_FINANCEIRAS,3708,807872dfa64cbd560236720ff58066ab438f6a58c926739e94298ef05b28f7b8
TR-03709,2024-10-28,2024-10-01,COMP,ACC-00019,DESPESA,3930.3579202902984,3930.3579202902984,BRL,Investimento em marketing corporativo (COMP),4,PIX,PAGO,cd84a39c-feaa-44f3-8973-81bec6fbb53e,2024-11-05,ERP_CORPORATIVO,TRANSACOES_FINANCEIRAS,3709,3c12601cc42d26246dbcf5689e9aaea939bb162f4f220268f539724598d7d921
TR-03710,2024-10-21,2024-10-01,COM,ACC-00019,RECEITA,4251.9452721471325,4251.9452721471325,BRL,Prestação de serviço para área COM,1,PIX,ATRASADO,cd84a39c-feaa-44f3-8973-81bec6fbb53e,2024-11-05,ERP_CORPORATIVO,TRANSACOES_FINANCEIRAS,3710,c225465d0cf63c49f542cf5d8aa352ed21efe3c72c7b55354791617c2a8a0200
TR-03711,2024-10-28,2024-10-01,VND,ACC-00019,RECEITA,3735.159737269348,3735.159737269348,BRL,Campanha institucional - VND,4,BOLETO,PAGO,cd84a39c-feaa-44f3-8973-81bec6fbb53e,2024-11-05,ERP_CORPORATIVO,TRANSACOES_FINANCEIRAS,3711,b44923d0afb3644785e972b93604943b2dd499193537014b6bb85ae65b395383
TR-03712,2024-10-14,2024-10-01,FIN,ACC-00019,DESPESA,4244.621997992798,4244.621997992798,BRL,Despesa de RH - FIN,6,TED,PAGO,cd84a39c-feaa-44f3-8973-81bec6fbb53e,2024-11-05,ERP_CORPORATIVO,TRANSACOES_FINANCEIRAS,3712,7883c0134548a5862d5b66f0dd9ee4d5fe8d89922a1f072d53c01dc33f3111cb
TR-03713,2024-10-14,2024-10-01,ADM,ACC-00019,RECEITA,4072.6150502263436,4072.6150502263436,BRL,Despesa de infraestrutura - ADM,3,BOLETO,PAGO,cd84a39c-feaa-44f3-8973-81bec6fbb53e,2024-11-05,ERP_CORPORATIVO,TRANSACOES_FINANCEIRAS,3713,ed2a6a2b21d21cce5980e25a0ea09998f05837811eea9b22379bb3ddf71ca8e5
TR-03714,2024-10-28,2024-10-01,OP,ACC-00019,RECEITA,4878.886898609227,4763.616099242617,BRL,Receita extraordinária - OP,37,TED,ATRASADO,cd84a39c-feaa-44f3-8973-81bec6fbb53e,2024-11-05,ERP_CORPORATIVO,TRANSACOES_FINANCEIRAS,3714,c72f9e77eaf07e54428334ba6d95ccb9be2050445330a48b9c60d96a59ada5ef
TR-03715,2024-10-22,2024-10-01,FIN,ACC-00019,RECEITA,2067.7682569981916,2067.7682569981916,BRL,Honorários jurídicos - FIN,7,BOLETO,ATRASADO,cd84a39c-feaa-44f3-8973-81bec6fbb53e,2024-11-05,ERP_CORPORATIVO,TRANSACOES_FINANCEIRAS,3715,5c64d055f93f88b348110c3e9b04b3b9bbe871ec7c5192e9cdf0a0e06ee41c13
TR-03716,2024-10-18,2024-10-01,ATD,ACC-00019,DESPESA,4429.158678904557,4226.927300710916,BRL,Viagem corporativa - ATD,18,TED,CANCELADO,cd84a39c-feaa-44f3-8973-81bec6fbb53e,2024-11-05,ERP_CORPORATIVO,TRANSACOES_FINANCEIRAS,3716,161e09d0dc82af2146e4010ffc41bf27e3616306ad0ddfa1965e771852d68019
TR-03717,2024-10-14,2024-10-01,OP,ACC-00019,RECEITA,4147.734329433506,3961.317320924071,BRL,Serviço de tecnologia contratado por OP,5,BOLETO,PAGO,cd84a39c-feaa-44f3-8973-81bec6fbb53e,2024-11-05,ERP_CORPORATIVO,TRANSACOES_FINANCEIRAS,3717,f26cd3381be07f6c5207371aacf3047ebbac4533bc323b2b5317c4b2cad4095f
TR-03718,2024-10-10,2024-10-01,COMP,ACC-00019,DESPESA,3488.847456255365,3488.847456255365,BRL,Combustível e lubrificantes para frota (COMP),16,TRANSFERENCIA,PAGO,cd84a39c-feaa-44f3-8973-81bec6fbb53e,2024-11-05,ERP_CORPORATIVO,TRANSACOES_FINANCEIRAS,3718,9aed53e1df222d8487b0caa8695fbed4b32bdf1ad48031ffa71e32be74691170
TR-04033,2024-10-11,2024-10-01,ESG,1000019,DESPESA,7981.185919557195,7981.185919557195,BRL,Assessoria contábil prestada a ESG,25,BOLETO,PAGO,cd84a39c-feaa-44f3-8973-81bec6fbb53e,2024-11-05,ERP_CORPORATIVO,TRANSACOES_FINANCEIRAS,4033,d06a0d8bbb04d534685c3d8adb91c263a7f07885f78c9e761975f3283b65a8ed
TR-04034,2024-10-07,2024-10-01,OP,1000019,DESPESA,8253.669092208673,8253.669092208673,BRL,Treinamento corporativo para equipe OP,30,TRANSFERENCIA,PAGO,cd84a39c-feaa-44f3-8973-81bec6fbb53e,2024-11-05,ERP_CORPORATIVO,TRANSACOES_FINANCEIRAS,4034,b62f663e6d4a93c7435e75e3226f83906e5ec26fa777c8ba854fc75f92adaa66
TR-04035,2024-10-18,2024-10-01,CPT,1000019,DESPESA,8147.218093607091,8147.218093607091,BRL,Capacitação profissional vinculada a CPT,30,CARTAO,CANCELADO,cd84a39c-feaa-44f3-8973-81bec6fbb53e,2024-11-05,ERP_CORPORATIVO,TRANSACOES_FINANCEIRAS,4035,b315b7a34eb7bee78fd36cae176e0542d083880ea73e6f48f28385ebf1d020e7
TR-04036,2024-10-07,2024-10-01,OP,1000019,DESPESA,25762.04438632016,25762.04438632016,BRL,Compra de insumos para setor OP,2,PIX,PAGO,cd84a39c-feaa-44f3-8973-81bec6fbb53e,2024-11-05,ERP_CORPORATIVO,TRANSACOES_FINANCEIRAS,4036,b4d41fac3b684eb73a3a66b81ea0fb9ba4dc681f2bc316fc2e2304684683a04b
TR-04141,2024-10-14,2024-10-01,OP,FORN-00021,DESPESA,1196.2510709621738,1196.2510709621738,BRL,Passagem aérea para colaborador de OP,18,PIX,PAGO,cd84a39c-feaa-44f3-8973-81bec6fbb53e,2024-11-05,ERP_CORPORATIVO,TRANSACOES_FINANCEIRAS,4141,07df0d3599e746303a649ee6e18c0214538e9972d6cf2a54e238f5142dbe0acb
TR-04142,2024-10-22,2024-10-01,COMP,FORN-00021,DESPESA,1432.8572231683052,1432.8572231683052,BRL,Contrato de serviço - setor COMP,1,PIX,PAGO,cd84a39c-feaa-44f3-8973-81bec6fbb53e,2024-11-05,ERP_CORPORATIVO,TRANSACOES_FINANCEIRAS,4142,392fc798f2c399e412e5f1a4d56d213fc45b03d5e1b54581aac01ce2daef388e
TR-04143,2024-10-24,2024-10-01,MKT,FORN-00021,RECEITA,1220.5147239704274,1220.5147239704274,BRL,Produção de material gráfico - MKT,15,PIX,PAGO,cd84a39c-feaa-44f3-8973-81bec6fbb53e,2024-11-05,ERP_CORPORATIVO,TRANSACOES_FINANCEIRAS,4143,ccb129093f59864bc28b06a7b17f1b64ec73c8780efaec8fc0cd8d23fb94bc9d
TR-04144,2024-10-14,2024-10-01,OP,FORN-00021,DESPESA,1214.909393704835,1214.909393704835,BRL,Consultoria estratégica para área OP,12,TED,PAGO,cd84a39c-feaa-44f3-8973-81bec6fbb53e,2024-11-05,ERP_CORPORATIVO,TRANSACOES_FINANCEIRAS,4144,b3009a712aa0c06e56aec3c300aa5460e5eed89bfe9a0914e30fd0a0f67bdd39
TR-04145,2024-10-10,2024-10-01,LOG,FORN-00021,DESPESA,1315.611371120704,1279.8218981352043,BRL,Prestação de serviço para área LOG,1,TED,ATRASADO,cd84a39c-feaa-44f3-8973-81bec6fbb53e,2024-11-05,ERP_CORPORATIVO,TRANSACOES_FINANCEIRAS,4145,87fe55794edf617f841e32e5381cae28e1beda18959e6890805389d1a2a3ec14
TR-04146,2024-10-15,2024-10-01,PJT,FORN-00021,DESPESA,1245.5858007439758,1245.5858007439758,BRL,Serviço de tecnologia contratado por PJT,5,TED,PAGO,cd84a39c-feaa-44f3-8973-81bec6fbb53e,2024-11-05,ERP_CORPORATIVO,TRANSACOES_FINANCEIRAS,4146,16d5083d79ee61afa5e3aff6aaa9960fee747ffcec0b1b4d829ec61e431810fe
TR-04147,2024-10-11,2024-10-01,JUR,FORN-00021,DESPESA,1227.3247435067183,1227.3247435067183,BRL,Comissão recebida por JUR,33,TRANSFERENCIA,PAGO,cd84a39c-feaa-44f3-8973-81bec6fbb53e,2024-11-05,ERP_CORPORATIVO,TRANSACOES_FINANCEIRAS,4147,eab7cf48d3d694641ae4eb018725adafc240bb93ea2a71de4312fc88652b8dbd
TR-04148,2024-10-16,2024-10-01,PES,FORN-00021,RECEITA,1181.3900512327452,1181.3900512327452,USD,Despesa de infraestrutura - PES,3,BOLETO,ATRASADO,cd84a39c-feaa-44f3-8973-81bec6fbb53e,2024-11-05,ERP_CORPORATIVO,TRANSACOES_FINANCEIRAS,4148,9f2e3572d9ca184051461bf0ccf750172b234f1e936d024cd339c42890052f4c
TR-04149,2024-10-17,2024-10-01,TI,FORN-00021,DESPESA,1450.957702453481,1450.957702453481,BRL,Taxas bancárias incidentes em TI,22,TRANSFERENCIA,PAGO,cd84a39c-feaa-44f3-8973-81bec6fbb53e,2024-11-05,ERP_CORPORATIVO,TRANSACOES_FINANCEIRAS,4149,3cc8d9b4030e116c166344fe0d24b76bbaa6fc2156a0fa9d823c3d47982f1c80
TR-04150,2024-10-21,2024-10-01,PJT,FORN-00021,RECEITA,1247.2323647430296,1247.2323647430296,BRL,Serviço especializado solicitado por PJT,1,PIX,PAGO,cd84a39c-feaa-44f3-8973-81bec6fbb53e,2024-11-05,ERP_CORPORATIVO,TRANSACOES_FINANCEIRAS,4150,8c2d439f022c5607001c230fb69f3db8837911a83cbde5b05d2d2e1ff574d5bb
TR-04151,2024-10-18,2024-10-01,PES,FORN-00021,DESPESA,1196.949801797925,1154.2475601195365,BRL,Manutenção de equipamentos de PES,28,PIX,PAGO,cd84a39c-feaa-44f3-8973-81bec6fbb53e,2024-11-05,ERP_CORPORATIVO,TRANSACOES_FINANCEIRAS,4151,91c15055d37ff57cfec557b3d99dd44390ab7a8f493248d7ac7f8ba44114dfa8
TR-04152,2024-10-16,2024-10-01,OP,FORN-00021,DESPESA,336.52779253462654,336.52779253462654,BRL,Recebimento de subvenção - OP,36,BOLETO,ATRASADO,cd84a39c-feaa-44f3-8973-81bec6fbb53e,2024-11-05,ERP_CORPORATIVO,TRANSACOES_FINANCEIRAS,4152,4b9db688af3c2b688712d2e88efbbb5dfe96f7ef15aa5ec8810615ea1b443dc8
TR-04153,2024-10-18,2024-10-01,VND,FORN-00021,RECEITA,1311.9091960947846,1311.9091960947846,BRL,Serviço de telefonia e internet - VND,9,TRANSFERENCIA,PAGO,cd84a39c-feaa-44f3-8973-81bec6fbb53e,2024-11-05,ERP_CORPORATIVO,TRANSACOES_FINANCEIRAS,4153,a929c03d6768ca6e29710c66fbe7abe607b7fec6c6a3632dea9d2371f4b0c5f5
TR-04154,2024-10-10,2024-10-01,LOG,FORN-00021,RECEITA,1465.3875253781728,1465.3875253781728,BRL,Hospedagem em viagem a serviço de LOG,19,PIX,PAGO,cd84a39c-feaa-44f3-8973-81bec6fbb53e,2024-11-05,ERP_CORPORATIVO,TRANSACOES_FINANCEIRAS,4154,65b4297cf66ae3f3168cac9f530a451f63ed4c86826924a488da78ac2440a2ef
TR-04155,2024-10-25,2024-10-01,COMP,FORN-00021,RECEITA,1244.9301368959993,1244.9301368959993,BRL,Contrato de SaaS vinculado a COMP,27,TRANSFERENCIA,PAGO,cd84a39c-feaa-44f3-8973-81bec6fbb53e,2024-11-05,ERP_CORPORATIVO,TRANSACOES_FINANCEIRAS,4155,e7920f5e96d841cf76c38fd9854933ef3a64c49eeda4509ee0ba6ed953003688
TR-04421,2024-10-23,2024-10-01,CPT,FORN-00022,DESPESA,5213.866662819772,5213.866662819772,BRL,Participação nos resultados vinculada a CPT,34,PIX,PAGO,cd84a39c-feaa-44f3-8973-81bec6fbb53e,2024-11-05,ERP_CORPORATIVO,TRANSACOES_FINANCEIRAS,4421,2171b06a41223a1447f783af34019a15a3c47b83f59a3d94773ad197852748e4
TR-04422,2024-10-25,2024-10-01,QAS,FORN-00022,DESPESA,5480.135207459634,5480.135207459634,BRL,Serviço especializado solicitado por QAS,1,BOLETO,ATRASADO,cd84a39c-feaa-44f3-8973-81bec6fbb53e,2024-11-05,ERP_CORPORATIVO,TRANSACOES_FINANCEIRAS,4422,19d45f7aa371a51ca0e0db68b455a663270c4129ca5e535cb55103dcbd81d7ec
TR-04423,2024-10-23,2024-10-01,FIN,FORN-00022,DESPESA,5608.028552354517,5356.3486343682625,BRL,Publicidade institucional - FIN,13,PIX,PAGO,cd84a39c-feaa-44f3-8973-81bec6fbb53e,2024-11-05,ERP_CORPORATIVO,TRANSACOES_FINANCEIRAS,4423,a4d1eb59d52f203f56c0c7d4973bc0946e653d1bd19dc9ef42b470213570e1ef
TR-04424,2024-10-14,2024-10-01,ESG,FORN-00022,RECEITA,5293.546439149991,5293.546439149991,BRL,Despesa jurídica da área ESG,24,PIX,PAGO,cd84a39c-feaa-44f3-8973-81bec6fbb53e,2024-11-05,ERP_CORPORATIVO,TRANSACOES_FINANCEIRAS,4424,1dbf98f27e27f74535d331a3e4caca3e89d713cbccdf735deeeb6151a81910ac
TR-04425,2024-10-28,2024-10-01,RH,FORN-00022,DESPESA,5803.173538892453,5803.173538892453,BRL,Compra de insumos para setor RH,2,TED,PAGO,cd84a39c-feaa-44f3-8973-81bec6fbb53e,2024-11-05,ERP_CORPORATIVO,TRANSACOES_FINANCEIRAS,4425,ddbb356d379fe11a21016b8eb29fd8a53a66fbb6d170771347ef7e0f31643932
TR-04426,2024-10-02,2024-10-01,OP,FORN-00022,RECEITA,5153.756482294879,5153.756482294879,BRL,Serviço especializado solicitado por OP,1,CARTAO,PAGO,cd84a39c-feaa-44f3-8973-81bec6fbb53e,2024-11-05,ERP_CORPORATIVO,TRANSACOES_FINANCEIRAS,4426,971454895ea426cc77f230452c52db1d99d317ab3a0edb2287e4f70aab24b859
TR-04427,2024-10-11,2024-10-01,COM,FORN-00022,DESPESA,5756.372658718302,5756.372658718302,BRL,Contrato de serviço - setor COM,1,BOLETO,PAGO,cd84a39c-feaa-44f3-8973-81bec6fbb53e,2024-11-05,ERP_CORPORATIVO,TRANSACOES_FINANCEIRAS,4427,9adba29d1ce4fcd00c1b055874872d03c797dc84192e241cf6286c489f879bfd
TR-04428,2024-10-08,2024-10-01,MKT,FORN-00022,RECEITA,5518.495934579159,5412.500989241542,BRL,Serviço de tecnologia contratado por MKT,5,TED,ATRASADO,cd84a39c-feaa-44f3-8973-81bec6fbb53e,2024-11-05,ERP_CORPORATIVO,TRANSACOES_FINANCEIRAS,4428,247d6c9d678d2825fe7511dca1c7a5fa36fd34e5a0f856a79bb56a5617e0873b
TR-04429,2024-10-08,2024-10-01,COMP,FORN-00022,RECEITA,5728.790745639402,5728.790745639402,BRL,Resultado de equivalência patrimonial - COMP,34,CARTAO,ATRASADO,cd84a39c-feaa-44f3-8973-81bec6fbb53e,2024-11-05,ERP_CORPORATIVO,TRANSACOES_FINANCEIRAS,4429,983471fe4a9ccb0359d0eb400f8a88e4faa9ab5f4e112eba9cf466808e39d454
TR-04576,2024-10-21,2024-10-01,COMP,1000022,DESPESA,1980.8974332679074,1980.8974332679074,BRL,Passagem aérea para colaborador de COMP,18,BOLETO,PAGO,cd84a39c-feaa-44f3-8973-81bec6fbb53e,2024-11-05,ERP_CORPORATIVO,TRANSACOES_FINANCEIRAS,4576,3bcd22d3cec64d851e763fe8ccd08a822464e32744272a4b8ba1e6364768954f
TR-04577,2024-10-14,2024-10-01,COMP,1000022,RECEITA,1822.2277255592235,1800.7497198862272,BRL,Doação recebida em favor de COMP,36,BOLETO,ATRASADO,cd84a39c-feaa-44f3-8973-81bec6fbb53e,2024-11-05,ERP_CORPORATIVO,TRANSACOES_FINANCEIRAS,4577,5fc10bbb69ea519b4e8e657870849ed2b076136df570f05c37fd4691f353f32a
TR-04578,2024-10-21,2024-10-01,OP,1000022,DESPESA,1695.811175725022,1695.811175725022,BRL,Serviço de tecnologia contratado por OP,5,BOLETO,PAGO,cd84a39c-feaa-44f3-8973-81bec6fbb53e,2024-11-05,ERP_CORPORATIVO,TRANSACOES_FINANCEIRAS,4578,27cf0436a615f85c53f099cb8584ac2303af0d6ac09ee81e717cdea53b38249d
TR-04579,2024-10-21,2024-10-01,COM,1000022,RECEITA,1872.0897634796086,1824.6262686673422,BRL,Prestação de serviço para área COM,1,BOLETO,PAGO,cd84a39c-feaa-44f3-8973-81bec6fbb53e,2024-11-05,ERP_CORPORATIVO,TRANSACOES_FINANCEIRAS,4579,cc50d3fcb7bd6e07d597202ff4c86f7a218a22b4e600344b53e9e5682918e4a5
TR-04580,2024-10-04,2024-10-01,OP,1000022,DESPESA,1711.0793956068119,1711.0793956068119,BRL,Produção de material gráfico - OP,15,PIX,PAGO,cd84a39c-feaa-44f3-8973-81bec6fbb53e,2024-11-05,ERP_CORPORATIVO,TRANSACOES_FINANCEIRAS,4580,c4a9333e074769e608959d48afed0f07d7e63bf96190c5c8386814b530fcd6a3
TR-04581,2024-10-07,2024-10-01,ESG,1000022,DESPESA,3690.736384694501,3665.6872214149193,BRL,Manutenção estrutural vinculada à área ESG,3,BOLETO,PAGO,cd84a39c-feaa-44f3-8973-81bec6fbb53e,2024-11-05,ERP_CORPORATIVO,TRANSACOES_FINANCEIRAS,4581,a91f0a2b425d1cb430267956e2b53c5deb9b8d3574f94ef68b9f205d159d5c04
TR-04582,2024-10-23,2024-10-01,RH,1000022,DESPESA,1805.2724566253141,1805.2724566253141,BRL,Custo operacional associado a RH,8,PIX,PAGO,cd84a39c-feaa-44f3-8973-81bec6fbb53e,2024-11-05,ERP_CORPORATIVO,TRANSACOES_FINANCEIRAS,4582,3bddf489c442106162cc5a352688bf5f319509f92dab7d6adbc6fe69df04cf7d
TR-04583,2024-10-15,2024-10-01,MKT,1000022,RECEITA,2034.148005800095,2034.148005800095,BRL,Honorarium advocatício - MKT,24,TRANSFERENCIA,PAGO,cd84a39c-feaa-44f3-8973-81bec6fbb53e,2024-11-05,ERP_CORPORATIVO,TRANSACOES_FINANCEIRAS,4583,6e4c53c07b6e6bef8ac2d21032f71e128b7c3f094eac30b8270ffa67a2bbafb3
TR-04941,2024-10-11,2024-10-01,FIN,1000024,RECEITA,2185.7006495647656,2126.3784901677077,BRL,Serviço de tecnologia contratado por FIN,5,BOLETO,ATRASADO,cd84a39c-feaa-44f3-8973-81bec6fbb53e,2024-11-05,ERP_CORPORATIVO,TRANSACOES_FINANCEIRAS,4941,eda8e8ffb52178bd3bd5a7a70c34be44acbc1b7c2e56e88a0a9b90728470db4a
TR-04942,2024-10-08,2024-10-01,OP,1000024,RECEITA,2293.544903015219,2293.544903015219,BRL,Investimento em marketing corporativo (OP),4,TRANSFERENCIA,PAGO,cd84a39c-feaa-44f3-8973-81bec6fbb53e,2024-11-05,ERP_CORPORATIVO,TRANSACOES_FINANCEIRAS,4942,41f356fd4e2dc9cfe5c5a9059e2de8cf3bbce5c64ca7ad1adc0be5aaad23ccbe
TR-04943,2024-10-08,2024-10-01,TI,1000024,DESPESA,3600.2855444650477,3600.2855444650477,BRL,Despesa de infraestrutura - TI,3,TED,CANCELADO,cd84a39c-feaa-44f3-8973-81bec6fbb53e,2024-11-05,ERP_CORPORATIVO,TRANSACOES_FINANCEIRAS,4943,b6ac244918b43ef3c7f2792bc6b4c00921d3ba5daa0c4f2d16d8b53b436136e2
TR-04944,2024-10-21,2024-10-01,VND,1000024,RECEITA,2735.186220992604,2735.186220992604,BRL,Despesa operacional - VND,8,PIX,PAGO,cd84a39c-feaa-44f3-8973-81bec6fbb53e,2024-11-05,ERP_CORPORATIVO,TRANSACOES_FINANCEIRAS,4944,da3146e10a091c452aa8bc10afba7c54b5f4b7bff453a4287b1f8d535af8cd78
TR-04945,2024-10-21,2024-10-01,COM,1000024,RECEITA,2327.1059273651144,2276.6195595307913,BRL,Honorarium advocatício - COM,24,PIX,PAGO,cd84a39c-feaa-44f3-8973-81bec6fbb53e,2024-11-05,ERP_CORPORATIVO,TRANSACOES_FINANCEIRAS,4945,c8b372e73973d0b7279d1ce935efbe9bd42fa6d3b2f9fe017bc9265fb9919b33
TR-04946,2024-10-03,2024-10-01,CPT,1000024,DESPESA,2355.6929829002324,2355.6929829002324,BRL,Licenciamento de software - CPT,5,PIX,PAGO,cd84a39c-feaa-44f3-8973-81bec6fbb53e,2024-11-05,ERP_CORPORATIVO,TRANSACOES_FINANCEIRAS,4946,91afcecc19e07825c690ee9bc5d0147a016c06c8b84b895ff3899ca7f4303092
TR-04947,2024-10-10,2024-10-01,SEC,1000024,RECEITA,587.3771110791976,587.3771110791976,BRL,Honorários profissionais contratados por SEC,11,PIX,PAGO,cd84a39c-feaa-44f3-8973-81bec6fbb53e,2024-11-05,ERP_CORPORATIVO,TRANSACOES_FINANCEIRAS,4947,af82429dd0edb8a63f829470efbd15ecc3f0f2eabf78138999e671f4148aa3e7
TR-04948,2024-10-03,2024-10-01,SEC,1000024,DESPESA,2004.9407328083494,1920.5974041542331,BRL,Contrato de serviço - setor SEC,1,BOLETO,CANCELADO,cd84a39c-feaa-44f3-8973-81bec6fbb53e,2024-11-05,ERP_CORPORATIVO,TRANSACOES_FINANCEIRAS,4948,7c62328c8c6332595688a24e5aa2238d586de0de37e853b5b76777f757d0d31d
TR-04949,2024-10-08,2024-10-01,PES,1000024,DESPESA,4108.4685942423175,4108.4685942423175,BRL,Receita de aluguel creditada em PES,31,TRANSFERENCIA,PAGO,cd84a39c-feaa-44f3-8973-81bec6fbb53e,2024-11-05,ERP_CORPORATIVO,TRANSACOES_FINANCEIRAS,4949,7d09fac8d6c36f85796d7a145f328478fc80d2e138d3699d71d81b4af11ae14c
TR-05171,2024-10-18,2024-10-01,COMP,1000025,RECEITA,3633.3913093692954,3633.3913093692954,BRL,Compra de insumos para setor COMP,2,TRANSFERENCIA,PAGO,cd84a39c-feaa-44f3-8973-81bec6fbb53e,2024-11-05,ERP_CORPORATIVO,TRANSACOES_FINANCEIRAS,5171,fadcc9719004cf655a739ef202bb7bdacbd7aa5072cad2018216695fff0961c3
TR-05172,2024-10-24,2024-10-01,FIN,1000025,RECEITA,1698.4843129609294,1698.4843129609294,BRL,Despesa de infraestrutura - FIN,3,BOLETO,PAGO,cd84a39c-feaa-44f3-8973-81bec6fbb53e,2024-11-05,ERP_CORPORATIVO,TRANSACOES_FINANCEIRAS,5172,f690c3fd7318b1d0aa7d5d9a517639bc4099b0f5cfd5e59e00da30569a4b4e30
TR-05173,2024-10-16,2024-10-01,OP,1000025,DESPESA,1866.7112846116968,1784.4678404087915,BRL,Despesa operacional - OP,8,TED,PAGO,cd84a39c-feaa-44f3-8973-81bec6fbb53e,2024-11-05,ERP_CORPORATIVO,TRANSACOES_FINANCEIRAS,5173,081ceba76a2cf082aa791a55a85b5f68690e98923225ffeda948729268b8da91
TR-05174,2024-10-08,2024-10-01,OP,1000025,DESPESA,1645.3406913251463,1645.3406913251463,BRL,Compra de insumos para setor OP,2,CARTAO,PAGO,cd84a39c-feaa-44f3-8973-81bec6fbb53e,2024-11-05,ERP_CORPORATIVO,TRANSACOES_FINANCEIRAS,5174,0fc04bb9853fea39d576130afc844171873fdd6f6e35178c957f9db0e2d7d37e
TR-05175,2024-10-14,2024-10-01,ATD,1000025,RECEITA,1553.5195621801654,1500.4566314699377,BRL,Alimentação em viagem corporativa - ATD,20,TRANSFERENCIA,PAGO,cd84a39c-feaa-44f3-8973-81bec6fbb53e,2024-11-05,ERP_CORPORATIVO,TRANSACOES_FINANCEIRAS,5175,f36ae18851121d17bc26153d2cb7f08ad1f5cd8761efb4faca5c99d8fce65c55
TR-05176,2024-10-15,2024-10-01,ADM,1000025,RECEITA,1633.2362330200706,1633.2362330200706,BRL,Contrato de SaaS vinculado a ADM,27,TRANSFERENCIA,PAGO,cd84a39c-feaa-44f3-8973-81bec6fbb53e,2024-11-05,ERP_CORPORATIVO,TRANSACOES_FINANCEIRAS,5176,2adf874d66849eab59dc6f3b8c0b23e8a3f5914f091b90a85ea5ffcabfc3e352
TR-05177,2024-10-15,2024-10-01,QAS,1000025,RECEITA,1565.5685378204562,1565.5685378204562,BRL,Custo operacional associado a QAS,8,BOLETO,PAGO,cd84a39c-feaa-44f3-8973-81bec6fbb53e,2024-11-05,ERP_CORPORATIVO,TRANSACOES_FINANCEIRAS,5177,f1656d1cd46706e90f923e43ef0c165382638e29ebbab427c914112f72b3fcbe
TR-05178,2024-10-29,2024-10-01,TI,1000025,RECEITA,1663.8114189529188,1663.8114189529188,BRL,Diária de hotel para equipe TI,19,CARTAO,PAGO,cd84a39c-feaa-44f3-8973-81bec6fbb53e,2024-11-05,ERP_CORPORATIVO,TRANSACOES_FINANCEIRAS,5178,97c473a26c61135ea5daacf523e7d2492c90a6a99afa483d3b6ae53a1a93f1fd
TR-05179,2024-10-10,2024-10-01,TI,1000025,DESPESA,1877.4010025768853,1808.9749626186995,BRL,Serviço de tecnologia contratado por TI,5,PIX,PAGO,cd84a39c-feaa-44f3-8973-81bec6fbb53e,2024-11-05,ERP_CORPORATIVO,TRANSACOES_FINANCEIRAS,5179,d8821088d83c5cbd85a947a9f65d4c7d938ab7d6741609bdfcb178b1d80860b7
TR-05180,2024-10-21,2024-10-01,PJT,1000025,RECEITA,1483.8570592621586,1483.8570592621586,BRL,Compra de insumos para setor PJT,2,TRANSFERENCIA,PAGO,cd84a39c-feaa-44f3-8973-81bec6fbb53e,2024-11-05,ERP_CORPORATIVO,TRANSACOES_FINANCEIRAS,5180,da7f8879fae4f980e1f2335f4c4a49a98e74026607fe233c78202ac727ad3b24
TR-05181,2024-10-03,2024-10-01,COMP,1000025,RECEITA,1709.6996993093574,1688.812938309616,BRL,Reparo de hardware solicitado por COMP,28,CARTAO,PAGO,cd84a39c-feaa-44f3-8973-81bec6fbb53e,2024-11-05,ERP_CORPORATIVO,TRANSACOES_FINANCEIRAS,5181,808e7ea8b240e73b0d81b95c0efc157f2559a121423b889be812e30bf421c4e5
TR-05182,2024-10-14,2024-10-01,FIN,1000025,RECEITA,1946.5303206745375,1946.5303206745375,USD,Compra de insumos para setor FIN,2,CARTAO,PAGO,cd84a39c-feaa-44f3-8973-81bec6fbb53e,2024-11-05,ERP_CORPORATIVO,TRANSACOES_FINANCEIRAS,5182,55d85eb67bdfc0eb1a4e3ea840bf866e4e75dab424324f5b95c0764aa228a8d8
TR-05183,2024-10-07,2024-10-01,COMP,1000025,RECEITA,1968.8658945880684,1968.8658945880684,BRL,Despesa operacional - COMP,8,PIX,PAGO,cd84a39c-feaa-44f3-8973-81bec6fbb53e,2024-11-05,ERP_CORPORATIVO,TRANSACOES_FINANCEIRAS,5183,fe81ddc7c99ed3ac37f12ed47698be45c6be8db3795717c23450b7249f1b4aa4
TR-05184,2024-10-16,2024-10-01,TI,1000025,RECEITA,1652.1609104298786,1595.826506592704,BRL,Serviço especializado solicitado por TI,1,TED,PAGO,cd84a39c-feaa-44f3-8973-81bec6fbb53e,2024-11-05,ERP_CORPORATIVO,TRANSACOES_FINANCEIRAS,5184,c4189db3cb9aff96fda282fc64ced0909874ea3a23e94282bbba885730920238
TR-05185,2024-10-11,2024-10-01,CPT,1000025,RECEITA,2206.9446124273436,2206.9446124273436,BRL,Juros sobre operação financeira - CPT,23,TRANSFERENCIA,PAGO,cd84a39c-feaa-44f3-8973-81bec6fbb53e,2024-11-05,ERP_CORPORATIVO,TRANSACOES_FINANCEIRAS,5185,7af1a865b2b860bd0dadb757b5cad46c41ade18f27361e49f8edbfe731703ffe
TR-05186,2024-10-17,2024-10-01,COM,1000025,RECEITA,1592.2144451271472,1592.2144451271472,BRL,Contrato de consultoria externa - COM,12,TRANSFERENCIA,PAGO,cd84a39c-feaa-44f3-8973-81bec6fbb53e,2024-11-05,ERP_CORPORATIVO,TRANSACOES_FINANCEIRAS,5186,125046c79f2d81a36c7237c058296310a4a14ea8a609a99c4dc10e0895e8eecb
TR-05696,2024-10-09,2024-10-01,COMP,FORN-00028,RECEITA,8151.537249177075,8151.537249177075,BRL,Custo operacional associado a COMP,8,TED,PAGO,cd84a39c-feaa-44f3-8973-81bec6fbb53e,2024-11-05,ERP_CORPORATIVO,TRANSACOES_FINANCEIRAS,5696,114d6c2b30a695dd9d4e1647f7f8086e9f4a5e3294de81e84b54b5d9623a14f4
TR-05697,2024-10-11,2024-10-01,RH,FORN-00028,DESPESA,3144.7425435348473,3092.8246070712557,BRL,Venda de ativo imobilizado por RH,35,TED,PAGO,cd84a39c-feaa-44f3-8973-81bec6fbb53e,2024-11-05,ERP_CORPORATIVO,TRANSACOES_FINANCEIRAS,5697,3e1df43f5a9434f4330a8f788fb85cfcc5501d7e8f0747052228bde31a932f22
TR-05698,2024-10-07,2024-10-01,PRD,FORN-00028,RECEITA,3368.1643225648704,3273.484644454441,BRL,Prestação de serviço para área PRD,1,TED,PAGO,cd84a39c-feaa-44f3-8973-81bec6fbb53e,2024-11-05,ERP_CORPORATIVO,TRANSACOES_FINANCEIRAS,5698,733e1da9eefb66831736e45fc0c309fdc6c38af2a994e178bda4703ab0431a42
TR-05699,2024-10-11,2024-10-01,MKT,FORN-00028,RECEITA,2977.0018360221306,2921.02739351682,BRL,Compra de insumos para setor MKT,2,TRANSFERENCIA,PAGO,cd84a39c-feaa-44f3-8973-81bec6fbb53e,2024-11-05,ERP_CORPORATIVO,TRANSACOES_FINANCEIRAS,5699,381a8dd7c32706e22c79e3c036ba0884ed729e5303140c913dbe216dc0e04afe
TR-05700,2024-10-07,2024-10-01,FIN,FORN-00028,DESPESA,3202.753693211068,3202.753693211068,BRL,Custo operacional associado a FIN,8,TED,PAGO,cd84a39c-feaa-44f3-8973-81bec6fbb53e,2024-11-05,ERP_CORPORATIVO,TRANSACOES_FINANCEIRAS,5700,826d5f18291105374f55ba10349b7c8dac444532cec131c04c0ada77e421fd15
TR-05701,2024-10-14,2024-10-01,COM,FORN-00028,DESPESA,3094.2992408197765,3094.2992408197765,BRL,Taxas bancárias incidentes em COM,22,BOLETO,ATRASADO,cd84a39c-feaa-44f3-8973-81bec6fbb53e,2024-11-05,ERP_CORPORATIVO,TRANSACOES_FINANCEIRAS,5701,7453413aed9d5a26cb423d7389e50bedcfa03c4bf325471b2de87e5df42abd00
TR-05702,2024-10-15,2024-10-01,COMP,FORN-00028,RECEITA,3375.6065610039172,3261.225611006292,BRL,Capacitação profissional vinculada a COMP,30,BOLETO,PAGO,cd84a39c-feaa-44f3-8973-81bec6fbb53e,2024-11-05,ERP_CORPORATIVO,TRANSACOES_FINANCEIRAS,5702,9db830c2dcef62f680a50bd766ced65ac6f1bf879523973bf60aa94f85545b74
TR-05703,2024-10-16,2024-10-01,COMP,FORN-00028,RECEITA,3319.5873627757724,3319.5873627757724,BRL,Certificado digital adquirido por COMP,26,PIX,PAGO,cd84a39c-feaa-44f3-8973-81bec6fbb53e,2024-11-05,ERP_CORPORATIVO,TRANSACOES_FINANCEIRAS,5703,8693cde993e9fe5c5e50aa970872cfec20763a1181458f30589998a8b6fadad1
TR-05704,2024-10-16,2024-10-01,OP,FORN-00028,DESPESA,3530.3318743966765,3530.3318743966765,BRL,Despesa operacional - OP,8,BOLETO,PAGO,cd84a39c-feaa-44f3-8973-81bec6fbb53e,2024-11-05,ERP_CORPORATIVO,TRANSACOES_FINANCEIRAS,5704,25b45df98aa1c2d10d575ca2959b13c73b22bcd25d0b28a1fa963e5392a56b6c
TR-05705,2024-10-14,2024-10-01,COMP,FORN-00028,DESPESA,3799.579645795385,3648.568788376189,BRL,Despesa de infraestrutura - COMP,3,TRANSFERENCIA,PAGO,cd84a39c-feaa-44f3-8973-81bec6fbb53e,2024-11-05,ERP_CORPORATIVO,TRANSACOES_FINANCEIRAS,5705,acd0a3b9d7a2233893c3222ac5a64a1b362343d01178037dc4aa298b206941f9
TR-05706,2024-10-23,2024-10-01,PJT,FORN-00028,DESPESA,3404.7863377428853,3404.7863377428853,BRL,Licença de software para área PJT,27,CARTAO,PAGO,cd84a39c-feaa-44f3-8973-81bec6fbb53e,2024-11-05,ERP_CORPORATIVO,TRANSACOES_FINANCEIRAS,5706,1f6bc4c85a79cbab5f041b51e4a5558ca2b4bfbf6827aa2abffa4d58c3fcad22
TR-05707,2024-10-14,2024-10-01,COMP,FORN-00028,DESPESA,3001.771825144596,3001.771825144596,BRL,Custo operacional associado a COMP,8,TED,PAGO,cd84a39c-feaa-44f3-8973-81bec6fbb53e,2024-11-05,ERP_CORPORATIVO,TRANSACOES_FINANCEIRAS,5707,a136b86ec743351949f15eeaccfb984d557c6b78275eea333f7714e4b6eef706
TR-05708,2024-10-16,2024-10-01,PJT,FORN-00028,RECEITA,2842.28972595792,2842.28972595792,BRL,Doação recebida em favor de PJT,36,TRANSFERENCIA,PAGO,cd84a39c-feaa-44f3-8973-81bec6fbb53e,2024-11-05,ERP_CORPORATIVO,TRANSACOES_FINANCEIRAS,5708,bcbefa8adb497fb3196e85fff98b6ceba20f761ee52ec55174045b8ea719068c
TR-06037,2024-10-14,2024-10-01,OP,FORN-00029,DESPESA,2804.2469814705505,2804.2469814705505,BRL,Manutenção de equipamentos de OP,28,PIX,ATRASADO,cd84a39c-feaa-44f3-8973-81bec6fbb53e,2024-11-05,ERP_CORPORATIVO,TRANSACOES_FINANCEIRAS,6037,fed38f87052905f8e097b4245ab22fa4f846f6cb4249892197166c2e664703a0
TR-06038,2024-10-18,2024-10-01,OP,FORN-00029,DESPESA,3280.006388829452,3244.8342789487115,BRL,Compra de insumos para setor OP,2,TRANSFERENCIA,PAGO,cd84a39c-feaa-44f3-8973-81bec6fbb53e,2024-11-05,ERP_CORPORATIVO,TRANSACOES_FINANCEIRAS,6038,29d6c6b0163d8325fc2e96d043e08ce43873d56d7d7210202fa2bf3d80500d50
TR-06039,2024-10-21,2024-10-01,SEC,FORN-00029,DESPESA,2775.423343556427,2775.423343556427,BRL,Direitos de propriedade intelectual - SEC,32,BOLETO,PAGO,cd84a39c-feaa-44f3-8973-81bec6fbb53e,2024-11-05,ERP_CORPORATIVO,TRANSACOES_FINANCEIRAS,6039,620575f6eded0f9a274d13fb64d4220a450b6060bc88a84b35c86dc8b9582b6e
TR-06040,2024-10-14,2024-10-01,MKT,FORN-00029,RECEITA,3481.308967220055,3481.308967220055,BRL,Despesa de infraestrutura - MKT,3,TED,ATRASADO,cd84a39c-feaa-44f3-8973-81bec6fbb53e,2024-11-05,ERP_CORPORATIVO,TRANSACOES_FINANCEIRAS,6040,ba5d8c5b9a9e5c1163e6e81afe7df606cf57959f772834ba3a94a9bae4f55298
TR-06041,2024-10-23,2024-10-01,LOG,FORN-00029,DESPESA,3007.151003049553,2911.9102395971786,BRL,Royalties recebidos por LOG,32,PIX,PAGO,cd84a39c-feaa-44f3-8973-81bec6fbb53e,2024-11-05,ERP_CORPORATIVO,TRANSACOES_FINANCEIRAS,6041,6a29990b2b020d149a2f8ef9f6300f2a9057c31221720013e3771ef0971d7c52
TR-06042,2024-10-22,2024-10-01,COM,FORN-00029,RECEITA,2877.367147119979,2877.367147119979,BRL,Contrato de consultoria externa - COM,12,PIX,PAGO,cd84a39c-feaa-44f3-8973-81bec6fbb53e,2024-11-05,ERP_CORPORATIVO,TRANSACOES_FINANCEIRAS,6042,719bf7c627da645fb73cf1ba98ac537e8f8de8752df666d90e27a8f2c26938ba
TR-06043,2024-10-14,2024-10-01,JUR,FORN-00029,DESPESA,3243.90574630902,3243.90574630902,BRL,Despesa de RH - JUR,6,PIX,PAGO,cd84a39c-feaa-44f3-8973-81bec6fbb53e,2024-11-05,ERP_CORPORATIVO,TRANSACOES_FINANCEIRAS,6043,f61d9aa4c828c9eab3c39d6fae2fcc16366ba03ad592e024d789636a9e770ca2
TR-06044,2024-10-21,2024-10-01,MKT,FORN-00029,DESPESA,3084.1810571958813,3009.8218504781094,BRL,Apólice de seguro - MKT,21,BOLETO,PAGO,cd84a39c-feaa-44f3-8973-81bec6fbb53e,2024-11-05,ERP_CORPORATIVO,TRANSACOES_FINANCEIRAS,6044,f798a7703847cd8e1ec96b415b6b5ba33968d849e12fb2d984233f1db25f247a
TR-06045,2024-10-14,2024-10-01,QAS,FORN-00029,RECEITA,3316.237331703508,3316.237331703508,BRL,Devolução de venda processada por QAS,39,PIX,PAGO,cd84a39c-feaa-44f3-8973-81bec6fbb53e,2024-11-05,ERP_CORPORATIVO,TRANSACOES_FINANCEIRAS,6045,f5d5a9925197e8180362e8e71a0bb196d2c08a73526837f7a767a930918fd729
TR-06046,2024-10-21,2024-10-01,FIN,FORN-00029,RECEITA,6708.497871606327,6642.206391153577,USD,Alimentação em viagem corporativa - FIN,20,BOLETO,ATRASADO,cd84a39c-feaa-44f3-8973-81bec6fbb53e,2024-11-05,ERP_CORPORATIVO,TRANSACOES_FINANCEIRAS,6046,fd474b9ba85193da80908c02b932e55129325cec995a196cebeec05c108a2e49
TR-06047,2024-10-28,2024-10-01,QAS,FORN-00029,RECEITA,3236.610627252313,3170.697181546296,BRL,Devolução de venda processada por QAS,39,PIX,PAGO,cd84a39c-feaa-44f3-8973-81bec6fbb53e,2024-11-05,ERP_CORPORATIVO,TRANSACOES_FINANCEIRAS,6047,4a256910ccc5c181ed6777239b5c3f9f53add4336fda6c46505052f5384cc4d2
TR-06048,2024-10-14,2024-10-01,TI,FORN-00029,DESPESA,2918.044886116213,2918.044886116213,BRL,Capacitação profissional vinculada a TI,30,TED,PAGO,cd84a39c-feaa-44f3-8973-81bec6fbb53e,2024-11-05,ERP_CORPORATIVO,TRANSACOES_FINANCEIRAS,6048,0503257d96fa82197b510307e6c0c09d6c72389ad0b4441fda3ebaaaf9801598
TR-06049,2024-10-16,2024-10-01,PRD,FORN-00029,DESPESA,3085.1490321801207,3085.1490321801207,BRL,Prestação de serviço para área PRD,1,BOLETO,PAGO,cd84a39c-feaa-44f3-8973-81bec6fbb53e,2024-11-05,ERP_CORPORATIVO,TRANSACOES_FINANCEIRAS,6049,8040899f3f986324ada698eeffda51febae1aef49b749113e2f5b0125016f8cd
TR-06050,2024-10-14,2024-10-01,RH,FORN-00029,DESPESA,3046.5948830782704,3014.7641743923855,BRL,Locação de espaço comercial - RH,31,BOLETO,PAGO,cd84a39c-feaa-44f3-8973-81bec6fbb53e,2024-11-05,ERP_CORPORATIVO,TRANSACOES_FINANCEIRAS,6050,9886b24cc771d8cf3948092031627d3259c24c6013eb671afd5b7930dacf6193
TR-06051,2024-10-15,2024-10-01,RH,FORN-00029,RECEITA,3516.630003261722,3384.1289532705105,BRL,Honorários jurídicos - RH,7,CARTAO,PAGO,cd84a39c-feaa-44f3-8973-81bec6fbb53e,2024-11-05,ERP_CORPORATIVO,TRANSACOES_FINANCEIRAS,6051,08711ffd5614b98dd7c16502e5537cdfffafd5c0022ee331aa56db903ce20798
TR-06052,2024-10-10,2024-10-01,COMP,FORN-00029,DESPESA,2551.7819015265145,2551.7819015265145,BRL,Serviço de tecnologia contratado por COMP,5,TRANSFERENCIA,PAGO,cd84a39c-feaa-44f3-8973-81bec6fbb53e,2024-11-05,ERP_CORPORATIVO,TRANSACOES_FINANCEIRAS,6052,b4bbaaa52c299a77e05175ce576baec2a6cefa424e3d0650916cd91815fa8183
TR-06053,2024-10-14,2024-10-01,JUR,FORN-00029,RECEITA,3611.9615445016084,3611.9615445016084,BRL,Licenciamento de software - JUR,5,PIX,PAGO,cd84a39c-feaa-44f3-8973-81bec6fbb53e,2024-11-05,ERP_CORPORATIVO,TRANSACOES_FINANCEIRAS,6053,8826c372fb36ea570d9b2cd3ff15d1ced6badf82d26893c5bb74d4b4888632c5
TR-06054,2024-10-17,2024-10-01,CTB,FORN-00029,DESPESA,3298.559791912586,3241.9148069211165,BRL,Devolução de venda processada por CTB,39,BOLETO,PAGO,cd84a39c-feaa-44f3-8973-81bec6fbb53e,2024-11-05,ERP_CORPORATIVO,TRANSACOES_FINANCEIRAS,6054,18e197c255b6dade745aed5fa41533cb43809aec1a5ef7b0230a9ade65c55b1d
TR-06496,2024-10-25,2024-10-01,COMP,1000029,RECEITA,4808.575309979685,4683.342565970411,BRL,Manutenção estrutural vinculada à área COMP,3,TED,PAGO,cd84a39c-feaa-44f3-8973-81bec6fbb53e,2024-11-05,ERP_CORPORATIVO,TRANSACOES_FINANCEIRAS,6496,6a71c274c110529c8bc0d43545f2d9a00c3a4a7d5943cee38e64cf3a991456d2
TR-06497,2024-10-07,2024-10-01,RH,1000029,RECEITA,3059.1230264962273,3059.1230264962273,BRL,Licença de software para área RH,27,TED,PAGO,cd84a39c-feaa-44f3-8973-81bec6fbb53e,2024-11-05,ERP_CORPORATIVO,TRANSACOES_FINANCEIRAS,6497,cf2ba61dddaacf38102b985fc4c12fb3e0a64ae360483f95bf90538c1803cf12
TR-06498,2024-10-18,2024-10-01,MKT,1000029,DESPESA,3053.9967005692315,2919.1511655673658,BRL,Aquisição de material operacional - MKT,2,TRANSFERENCIA,PAGO,cd84a39c-feaa-44f3-8973-81bec6fbb53e,2024-11-05,ERP_CORPORATIVO,TRANSACOES_FINANCEIRAS,6498,fe38d57e106d044957bd1e414b97498ef35bef8b69a5407e3c165962d821a2d5
TR-06499,2024-10-22,2024-10-01,FIN,1000029,DESPESA,2515.437005934094,2472.0114552301134,USD,Aquisição de material operacional - FIN,2,TED,ATRASADO,cd84a39c-feaa-44f3-8973-81bec6fbb53e,2024-11-05,ERP_CORPORATIVO,TRANSACOES_FINANCEIRAS,6499,d4fcad8a99226da8df9c70fa6ff1547238ae84c666c90f4f4498425763cad193
TR-06500,2024-10-07,2024-10-01,ADM,1000029,RECEITA,2825.3814793241036,2825.3814793241036,BRL,Viagem corporativa - ADM,18,CARTAO,ATRASADO,cd84a39c-feaa-44f3-8973-81bec6fbb53e,2024-11-05,ERP_CORPORATIVO,TRANSACOES_FINANCEIRAS,6500,0725b83e9c74fbc104fabbd0651abafe530332c6c78522a78c9ab06cd978325a
TR-06501,2024-10-11,2024-10-01,COM,1000029,DESPESA,3359.2655442146033,3359.2655442146033,BRL,Compra de insumos para setor COM,2,TRANSFERENCIA,PAGO,cd84a39c-feaa-44f3-8973-81bec6fbb53e,2024-11-05,ERP_CORPORATIVO,TRANSACOES_FINANCEIRAS,6501,746e3dbc677f932f0898b850365ceb27db8717f56845c001ac4301294d1e70b6
TR-06502,2024-10-16,2024-10-01,COMP,1000029,DESPESA,2738.744867184063,2738.744867184063,BRL,Licenciamento de software - COMP,5,TRANSFERENCIA,PAGO,cd84a39c-feaa-44f3-8973-81bec6fbb53e,2024-11-05,ERP_CORPORATIVO,TRANSACOES_FINANCEIRAS,6502,310fa72d4b14b2438a79340aab3c132e2577100f819685255e5a189faae52942
TR-06503,2024-10-01,2024-10-01,OP,1000029,RECEITA,2922.916614745016,2922.916614745016,BRL,Resultado de equivalência patrimonial - OP,34,PIX,PAGO,cd84a39c-feaa-44f3-8973-81bec6fbb53e,2024-11-05,ERP_CORPORATIVO,TRANSACOES_FINANCEIRAS,6503,3c6f134f1b1e8a0f51f32d84e0afb59b5c990d8282f1ad96b2f909110610c2da
TR-06504,2024-10-07,2024-10-01,JUR,1000029,DESPESA,2964.9597894532885,2928.0535793326812,BRL,Honorários profissionais contratados por JUR,11,TED,ATRASADO,cd84a39c-feaa-44f3-8973-81bec6fbb53e,2024-11-05,ERP_CORPORATIVO,TRANSACOES_FINANCEIRAS,6504,ed04d7a828b0bb706c1e3b1795a81949046ee72d19eec9831297d93ee080e6b7
TR-06505,2024-10-04,2024-10-01,ATD,1000029,RECEITA,2910.0904717550648,2910.0904717550648,BRL,Contrato de serviço - setor ATD,1,TRANSFERENCIA,PAGO,cd84a39c-feaa-44f3-8973-81bec6fbb53e,2024-11-05,ERP_CORPORATIVO,TRANSACOES_FINANCEIRAS,6505,6653d166fe6863b1de2d8b2e1e8b9975b6692cb1d1e506e6fa22e3b5481e2576
TR-06506,2024-10-01,2024-10-01,OP,1000029,DESPESA,3125.7935755267285,2988.7328843683413,BRL,Serviço de tecnologia contratado por OP,5,PIX,PAGO,cd84a39c-feaa-44f3-8973-81bec6fbb53e,2024-11-05,ERP_CORPORATIVO,TRANSACOES_FINANCEIRAS,6506,ece087f7ce903ad3d1eac80960f97a3d5d59018581fb039d7a06df9f7d8f9ce3
TR-06507,2024-10-16,2024-10-01,COM,1000029,DESPESA,3203.807545767708,3203.807545767708,BRL,Manutenção estrutural vinculada à área COM,3,BOLETO,PAGO,cd84a39c-feaa-44f3-8973-81bec6fbb53e,2024-11-05,ERP_CORPORATIVO,TRANSACOES_FINANCEIRAS,6507,b070b9a42eb8cc962bd0c7f38cc97a2321c55c2a0e15bf7d1446cb9f5cfbbc6c
TR-06508,2024-10-15,2024-10-01,TI,1000029,DESPESA,3311.0854271837147,3311.0854271837147,BRL,Desconto concedido em operação de TI,38,TRANSFERENCIA,PAGO,cd84a39c-feaa-44f3-8973-81bec6fbb53e,2024-11-05,ERP_CORPORATIVO,TRANSACOES_FINANCEIRAS,6508,b38860d05fdb91d834c2453f5dbe548e56bc89d2057420395679cc9280fa31b5
TR-06509,2024-10-15,2024-10-01,FIN,1000029,RECEITA,2827.7122637461025,2710.6088597899684,BRL,Doação recebida em favor de FIN,36,BOLETO,CANCELADO,cd84a39c-feaa-44f3-8973-81bec6fbb53e,2024-11-05,ERP_CORPORATIVO,TRANSACOES_FINANCEIRAS,6509,6b50a36785c424b62e886f8b254b9eccadd813180f91d77758855e3dbc95de92
TR-06510,2024-10-28,2024-10-01,FIN,1000029,DESPESA,3074.6911301845225,3074.6911301845225,BRL,Manutenção estrutural vinculada à área FIN,3,PIX,ATRASADO,cd84a39c-feaa-44f3-8973-81bec6fbb53e,2024-11-05,ERP_CORPORATIVO,TRANSACOES_FINANCEIRAS,6510,1ce0bd3f20d2a1a630477c63ada3eabff1bf3219086399bf3be25688740addb8
TR-06511,2024-10-16,2024-10-01,FIN,1000029,RECEITA,3173.390957713266,3173.390957713266,BRL,Diária de hotel para equipe FIN,19,BOLETO,PAGO,cd84a39c-feaa-44f3-8973-81bec6fbb53e,2024-11-05,ERP_CORPORATIVO,TRANSACOES_FINANCEIRAS,6511,6fd012a5d9f31d59f8ad617c0e64db2e3fdca5a7735b6a30c7abfd6f33ec3fb6
TR-06512,2024-10-28,2024-10-01,LOG,1000029,DESPESA,2883.441214483385,2883.441214483385,BRL,Despesa de infraestrutura - LOG,3,PIX,PAGO,cd84a39c-feaa-44f3-8973-81bec6fbb53e,2024-11-05,ERP_CORPORATIVO,TRANSACOES_FINANCEIRAS,6512,af6b3d5da1c2e77eee4a9e29ac0c26091ed565e25f4fdf2a0e663de6f526eed4
TR-06513,2024-10-17,2024-10-01,COM,1000029,RECEITA,2715.297763013944,2715.297763013944,BRL,Prestação de serviço para área COM,1,PIX,PAGO,cd84a39c-feaa-44f3-8973-81bec6fbb53e,2024-11-05,ERP_CORPORATIVO,TRANSACOES_FINANCEIRAS,6513,147666e700c7b7f54adbabf91b5ca967582871ddf67141d97ac2ae516a09ab20
TR-06626,2024-10-17,2024-10-01,COM,1000030,DESPESA,7237.393239073731,7237.393239073731,BRL,Reparo e conservação de instalações - COM,10,TRANSFERENCIA,PAGO,cd84a39c-feaa-44f3-8973-81bec6fbb53e,2024-11-05,ERP_CORPORATIVO,TRANSACOES_FINANCEIRAS,6626,f163386ab21191a42f3208fc69f43f774168f65f5c945bbfeaab127d6358e3ec
TR-06627,2024-10-29,2024-10-01,PES,1000030,DESPESA,6649.10441483106,6649.10441483106,BRL,Serviço técnico especializado para PES,11,TED,PAGO,cd84a39c-feaa-44f3-8973-81bec6fbb53e,2024-11-05,ERP_CORPORATIVO,TRANSACOES_FINANCEIRAS,6627,1d324b2521525e26bd948ac3adfa919be6ab997a36cd3c28d56d5b7659b29e25
TR-06628,2024-10-25,2024-10-01,TI,1000030,DESPESA,5385.031420080686,5385.031420080686,BRL,Atendimento de TI requisitado por TI,29,PIX,PAGO,cd84a39c-feaa-44f3-8973-81bec6fbb53e,2024-11-05,ERP_CORPORATIVO,TRANSACOES_FINANCEIRAS,6628,62f7e4d80fc0938f30acba804640def4796517449c51586bcf5073244fcce97a
TR-06629,2024-10-14,2024-10-01,FIN,1000030,DESPESA,6171.260843387454,6171.260843387454,BRL,Suporte técnico para sistemas de FIN,29,BOLETO,PAGO,cd84a39c-feaa-44f3-8973-81bec6fbb53e,2024-11-05,ERP_CORPORATIVO,TRANSACOES_FINANCEIRAS,6629,1ba72bd53b635b99cf30eb228c5c3a686ddeb8be4aa2db6b2fffc60c5b285fd0
TR-06630,2024-10-09,2024-10-01,CTB,1000030,RECEITA,7097.754598063869,7097.754598063869,BRL,Serviço de telefonia e internet - CTB,9,TRANSFERENCIA,PAGO,cd84a39c-feaa-44f3-8973-81bec6fbb53e,2024-11-05,ERP_CORPORATIVO,TRANSACOES_FINANCEIRAS,6630,e72bb5f96d00934fe110aa3b4c7c3e047040d842bf89205ad45547ec6a589437
TR-06631,2024-10-21,2024-10-01,QAS,1000030,RECEITA,7009.68515757552,7009.68515757552,BRL,Manutenção estrutural vinculada à área QAS,3,TED,PAGO,cd84a39c-feaa-44f3-8973-81bec6fbb53e,2024-11-05,ERP_CORPORATIVO,TRANSACOES_FINANCEIRAS,6631,0d5a78b3cd556bdc435e99dcbb1f75e13a70bc9f5bdb7533250ed41b8260a467
TR-06632,2024-10-22,2024-10-01,FIN,1000030,DESPESA,5177.985975562169,5001.136297021245,BRL,Consultoria estratégica para área FIN,12,PIX,CANCELADO,cd84a39c-feaa-44f3-8973-81bec6fbb53e,2024-11-05,ERP_CORPORATIVO,TRANSACOES_FINANCEIRAS,6632,c70454adea7068277d4af7b3cd8ce49562b4905e50fd90ae2e12aa64a5ef6efd
TR-06633,2024-10-23,2024-10-01,FIN,1000030,RECEITA,6615.5902254813545,6615.5902254813545,BRL,Desconto concedido em operação de FIN,38,TRANSFERENCIA,PAGO,cd84a39c-feaa-44f3-8973-81bec6fbb53e,2024-11-05,ERP_CORPORATIVO,TRANSACOES_FINANCEIRAS,6633,54f5094d1ec78dcd9650105902babf1149ab35f6f26be2bf59ec4138e94466f8
TR-06634,2024-10-11,2024-10-01,CTB,1000030,RECEITA,7127.465460984856,7127.465460984856,BRL,Juros sobre operação financeira - CTB,23,TRANSFERENCIA,PAGO,cd84a39c-feaa-44f3-8973-81bec6fbb53e,2024-11-05,ERP_CORPORATIVO,TRANSACOES_FINANCEIRAS,6634,cec8ec2b27d5f6e52887c12a945e8a4270bb01a70fdefecfce9813e108b75b18
TR-06635,2024-10-15,2024-10-01,COM,1000030,DESPESA,18197.415368295748,18197.415368295748,BRL,Taxas bancárias incidentes em COM,22,TED,PAGO,cd84a39c-feaa-44f3-8973-81bec6fbb53e,2024-11-05,ERP_CORPORATIVO,TRANSACOES_FINANCEIRAS,6635,38d803cbde4f7e7e2feb9343bd7dde4dab0bd022a9f3a062b3a9a8ae9c293573
TR-06636,2024-10-08,2024-10-01,FIN,1000030,DESPESA,6922.055336802981,6922.055336802981,BRL,Alimentação em viagem corporativa - FIN,20,TED,PAGO,cd84a39c-feaa-44f3-8973-81bec6fbb53e,2024-11-05,ERP_CORPORATIVO,TRANSACOES_FINANCEIRAS,6636,4f905294f8e0896ac5d8bf447712361a07bc214e19de4ca1fbaceca6e258216f
TR-06637,2024-10-01,2024-10-01,COM,1000030,RECEITA,7969.222079025416,7969.222079025416,USD,Reparo de frota vinculado à área COM,17,CARTAO,CANCELADO,cd84a39c-feaa-44f3-8973-81bec6fbb53e,2024-11-05,ERP_CORPORATIVO,TRANSACOES_FINANCEIRAS,6637,c63b9415f1e9999ecc67f1262df6c6647567c0b57e89762322ddaca5b17350ab
TR-06638,2024-10-07,2024-10-01,RH,1000030,DESPESA,6455.999967191353,6455.999967191353,BRL,Serviço especializado solicitado por RH,1,TED,ATRASADO,cd84a39c-feaa-44f3-8973-81bec6fbb53e,2024-11-05,ERP_CORPORATIVO,TRANSACOES_FINANCEIRAS,6638,411471622430c8a8bf1ea51f97596573b20b6bc9994629b8ab3199a08bec3c1f
TR-06639,2024-10-21,2024-10-01,JUR,1000030,DESPESA,13390.620932617367,13390.620932617367,BRL,Contrato de conectividade para área JUR,9,BOLETO,PAGO,cd84a39c-feaa-44f3-8973-81bec6fbb53e,2024-11-05,ERP_CORPORATIVO,TRANSACOES_FINANCEIRAS,6639,35b1e3843a96e8066e406d06fc1420879f096603ce5c1b1a0c68dcef9b4009d1
TR-06640,2024-10-15,2024-10-01,COMP,1000030,RECEITA,5902.675299244704,5902.675299244704,BRL,Prestação de serviço para área COMP,1,BOLETO,ATRASADO,cd84a39c-feaa-44f3-8973-81bec6fbb53e,2024-11-05,ERP_CORPORATIVO,TRANSACOES_FINANCEIRAS,6640,9fd05fcd5ef39f27a1cb9a561d95681f866e7f4baa084dc15bc1f85e68e4e45f
TR-06641,2024-10-11,2024-10-01,COMP,1000030,DESPESA,6085.373637215729,5866.246562350299,BRL,Serviço de telefonia e internet - COMP,9,TED,PAGO,cd84a39c-feaa-44f3-8973-81bec6fbb53e,2024-11-05,ERP_CORPORATIVO,TRANSACOES_FINANCEIRAS,6641,db0ce01682df5bb064085cf62b8f99b995aa249d851b3d1ea09130f66018fbd1
TR-06887,2024-10-14,2024-10-01,JUR,ACC-00034,DESPESA,5705.9598428551835,5705.9598428551835,BRL,Investimento em marketing corporativo (JUR),4,TED,PAGO,cd84a39c-feaa-44f3-8973-81bec6fbb53e,2024-11-05,ERP_CORPORATIVO,TRANSACOES_FINANCEIRAS,6887,7a2d68e285ef92309c1d4c8d4b1fd41afda80c16ba9332484df0563a780a0f5e
TR-06888,2024-10-24,2024-10-01,LOG,ACC-00034,RECEITA,8017.471494410062,8017.471494410062,BRL,Despesa operacional - LOG,8,TRANSFERENCIA,PAGO,cd84a39c-feaa-44f3-8973-81bec6fbb53e,2024-11-05,ERP_CORPORATIVO,TRANSACOES_FINANCEIRAS,6888,7fbd4682f4e2637144ee031f7eb0ad5e384a1db0726b394131577750e1264bc3
TR-06889,2024-10-14,2024-10-01,LOG,ACC-00034,DESPESA,7671.884135462784,7671.884135462784,EUR,Investimento em marketing corporativo (LOG),4,BOLETO,PAGO,cd84a39c-feaa-44f3-8973-81bec6fbb53e,2024-11-05,ERP_CORPORATIVO,TRANSACOES_FINANCEIRAS,6889,cc6cb3db739e749ef941bc7a74771c02f3d0c5f53a90bc3ab584b0ca058401d1
TR-06890,2024-10-21,2024-10-01,MKT,ACC-00034,DESPESA,7678.189478818755,7678.189478818755,BRL,Despesa de infraestrutura - MKT,3,CARTAO,PAGO,cd84a39c-feaa-44f3-8973-81bec6fbb53e,2024-11-05,ERP_CORPORATIVO,TRANSACOES_FINANCEIRAS,6890,f2e1713460c87881672031598464c99e525d6876a2e4e8bb44213e484093fb1b
TR-06891,2024-10-11,2024-10-01,RH,ACC-00034,DESPESA,2015.4657406196995,2015.4657406196995,BRL,Despesa operacional - RH,8,TRANSFERENCIA,PAGO,cd84a39c-feaa-44f3-8973-81bec6fbb53e,2024-11-05,ERP_CORPORATIVO,TRANSACOES_FINANCEIRAS,6891,359ea0bbbb93e05b380f4f55bf31ac6587a8a3f2606d17852bf1b41efa949658
TR-06892,2024-10-07,2024-10-01,MKT,ACC-00034,DESPESA,8092.299020863969,7980.318867587061,BRL,Propaganda e divulgação para área MKT,13,CARTAO,PAGO,cd84a39c-feaa-44f3-8973-81bec6fbb53e,2024-11-05,ERP_CORPORATIVO,TRANSACOES_FINANCEIRAS,6892,4a8187d7cd7b3fd4d43be1d495ba2341d4ccc6c935d843857bb29ae8fd0f1f10
TR-06893,2024-10-23,2024-10-01,CTB,ACC-00034,DESPESA,6771.475799470438,6771.475799470438,BRL,Manutenção estrutural vinculada à área CTB,3,BOLETO,PAGO,cd84a39c-feaa-44f3-8973-81bec6fbb53e,2024-11-05,ERP_CORPORATIVO,TRANSACOES_FINANCEIRAS,6893,a6d3482f870bada321efe05d024b71a217b15d82edac90babf86ec0b775027bc
TR-07025,2024-10-28,2024-10-01,VND,1000036,DESPESA,2626.8789360224514,2535.363638629623,BRL,Despesa operacional - VND,8,TRANSFERENCIA,PAGO,cd84a39c-feaa-44f3-8973-81bec6fbb53e,2024-11-05,ERP_CORPORATIVO,TRANSACOES_FINANCEIRAS,7025,b8cffe12e9f394342ea44ea71ca4ba51e7f347efddb886ad501e274676393210
TR-07026,2024-10-04,2024-10-01,OP,1000036,RECEITA,969.2178693591729,969.2178693591729,BRL,Serviço de tecnologia contratado por OP,5,TED,PAGO,cd84a39c-feaa-44f3-8973-81bec6fbb53e,2024-11-05,ERP_CORPORATIVO,TRANSACOES_FINANCEIRAS,7026,71e7a2fb056420ce15d239dcfa4b79572d4b188edcd5ba22929f733aad8108e6
TR-07027,2024-10-17,2024-10-01,COM,1000036,DESPESA,2665.993715801137,2665.993715801137,BRL,Licenciamento de software - COM,5,CARTAO,PAGO,cd84a39c-feaa-44f3-8973-81bec6fbb53e,2024-11-05,ERP_CORPORATIVO,TRANSACOES_FINANCEIRAS,7027,b6ac0f37cb4f122993e4df54f68a51dff6637931f24b6f177f711e0daa936723
TR-07028,2024-10-15,2024-10-01,VND,1000036,RECEITA,3109.041549285931,3109.041549285931,BRL,Assessoria legal vinculada à área VND,7,PIX,PAGO,cd84a39c-feaa-44f3-8973-81bec6fbb53e,2024-11-05,ERP_CORPORATIVO,TRANSACOES_FINANCEIRAS,7028,083cafdf44604c501073f8558a216b5762e1374b105c72d6654dc295c8a2c471
TR-07029,2024-10-14,2024-10-01,LOG,1000036,RECEITA,5052.638193644299,5052.638193644299,BRL,Serviço de tecnologia contratado por LOG,5,PIX,PAGO,cd84a39c-feaa-44f3-8973-81bec6fbb53e,2024-11-05,ERP_CORPORATIVO,TRANSACOES_FINANCEIRAS,7029,f9e0088a355356aac1bdb0a0d24187a19ad1d8eb6068b7460bed0f70c959d25e
TR-07030,2024-10-07,2024-10-01,ATD,1000036,DESPESA,2562.8952595889323,2435.281419362071,BRL,Serviços contábeis externos - ATD,25,TRANSFERENCIA,PAGO,cd84a39c-feaa-44f3-8973-81bec6fbb53e,2024-11-05,ERP_CORPORATIVO,TRANSACOES_FINANCEIRAS,7030,ab8ab84fa4c39693a6d7098676f4dd037ee086198a123a66e48a6d9eaacb69b2
TR-07031,2024-10-18,2024-10-01,COMP,1000036,DESPESA,4624.975181873405,4624.975181873405,BRL,Direitos de propriedade intelectual - COMP,32,TED,PAGO,cd84a39c-feaa-44f3-8973-81bec6fbb53e,2024-11-05,ERP_CORPORATIVO,TRANSACOES_FINANCEIRAS,7031,8714c9a2bd562a0985f68113ca31202f426095b6faee7dde7b0118ed8d42b4a7
TR-07032,2024-10-21,2024-10-01,JUR,1000036,RECEITA,2977.836020174947,2977.836020174947,BRL,Investimento em marketing corporativo (JUR),4,PIX,PAGO,cd84a39c-feaa-44f3-8973-81bec6fbb53e,2024-11-05,ERP_CORPORATIVO,TRANSACOES_FINANCEIRAS,7032,c1f40dff353700129bda3d9907eb6961d1e9b9526227f5955e3fc5646d43822c
TR-07033,2024-10-08,2024-10-01,COMP,1000036,RECEITA,3066.889910621426,3066.889910621426,BRL,Despesa operacional - COMP,8,BOLETO,PAGO,cd84a39c-feaa-44f3-8973-81bec6fbb53e,2024-11-05,ERP_CORPORATIVO,TRANSACOES_FINANCEIRAS,7033,ceb95d39aee99d7b1a9890bc5c6c29a1c6dd55bf321c173b89cb1032d3d9bc9c
TR-07034,2024-10-18,2024-10-01,JUR,1000036,DESPESA,2753.5242158674887,2753.5242158674887,BRL,Promoção e atividade externa - JUR,14,BOLETO,PAGO,cd84a39c-feaa-44f3-8973-81bec6fbb53e,2024-11-05,ERP_CORPORATIVO,TRANSACOES_FINANCEIRAS,7034,0525e493edc90e046406358b512665d1701f5ddbc2e399311e058a97a4cbb115
TR-07035,2024-10-04,2024-10-01,OP,1000036,DESPESA,2977.864285747855,2885.5029808226295,BRL,Serviço relacionado a recursos humanos (OP),6,BOLETO,PAGO,cd84a39c-feaa-44f3-8973-81bec6fbb53e,2024-11-05,ERP_CORPORATIVO,TRANSACOES_FINANCEIRAS,7035,3d8f0cfe6cd3db7ab001a3b5c20b0eb11ba1f0a752c718fdfebf647de50a468a
TR-07036,2024-10-08,2024-10-01,COMP,1000036,DESPESA,3397.847307979163,3397.847307979163,BRL,Tarifas de serviços financeiros - COMP,22,TRANSFERENCIA,PAGO,cd84a39c-feaa-44f3-8973-81bec6fbb53e,2024-11-05,ERP_CORPORATIVO,TRANSACOES_FINANCEIRAS,7036,a0ce3e9da3ec7adbbbc92a1c8259ea8fce46d7955d7cd18cad6ac2c4d59c0d80
TR-07037,2024-10-09,2024-10-01,CPT,1000036,RECEITA,2852.607128556653,2852.607128556653,BRL,Honorários profissionais contratados por CPT,11,CARTAO,ATRASADO,cd84a39c-feaa-44f3-8973-81bec6fbb53e,2024-11-05,ERP_CORPORATIVO,TRANSACOES_FINANCEIRAS,7037,0856a011638fcd1aa3b66c17d80de0d5c1fdfc8dc71c1e25d2098a4c41fceaec
TR-07038,2024-10-28,2024-10-01,FIN,1000036,DESPESA,2694.544001382905,2694.544001382905,BRL,Alienação de bem patrimonial - FIN,35,BOLETO,PAGO,cd84a39c-feaa-44f3-8973-81bec6fbb53e,2024-11-05,ERP_CORPORATIVO,TRANSACOES_FINANCEIRAS,7038,a8630e037f0b4d40a47d7f04eeaf24d0b315e9bc095f990de9f5d2548b1d9d9e
TR-07039,2024-10-16,2024-10-01,ADM,1000036,DESPESA,3272.287261770676,3157.5860273184226,BRL,Serviço relacionado a recursos humanos (ADM),6,PIX,PAGO,cd84a39c-feaa-44f3-8973-81bec6fbb53e,2024-11-05,ERP_CORPORATIVO,TRANSACOES_FINANCEIRAS,7039,a4c474ee53b597f6497a8b59b236802a747fcfd2d2e58b9f9e4d59a173149c5f
TR-07040,2024-10-15,2024-10-01,QAS,1000036,RECEITA,2997.5765529803357,2967.040592495313,BRL,Custo operacional associado a QAS,8,TED,ATRASADO,cd84a39c-feaa-44f3-8973-81bec6fbb53e,2024-11-05,ERP_CORPORATIVO,TRANSACOES_FINANCEIRAS,7040,5a78f89c9a3cf760efe0e0bf4991989a5c047a779b01370d924de5fa3e68cf98
TR-07041,2024-10-28,2024-10-01,OP,1000036,RECEITA,2680.6104871073917,2561.0236547925947,BRL,Honorários jurídicos - OP,7,TRANSFERENCIA,ATRASADO,cd84a39c-feaa-44f3-8973-81bec6fbb53e,2024-11-05,ERP_CORPORATIVO,TRANSACOES_FINANCEIRAS,7041,fec0a5985c7c645ff3d8ac46abf110b8cb8aaa01db6c9252905839f7979f6329
TR-07042,2024-10-08,2024-10-01,RH,1000036,DESPESA,3335.444344982094,3200.4089702160213,BRL,Serviço especializado solicitado por RH,1,BOLETO,PAGO,cd84a39c-feaa-44f3-8973-81bec6fbb53e,2024-11-05,ERP_CORPORATIVO,TRANSACOES_FINANCEIRAS,7042,c15cf6ceba47529d211c45a9facc92b455f1a86bb0f9b515eb2a1c9067aaaa35
TR-07043,2024-10-28,2024-10-01,ATD,1000036,RECEITA,2486.190323822643,2486.190323822643,BRL,Comissão recebida por ATD,33,TRANSFERENCIA,ATRASADO,cd84a39c-feaa-44f3-8973-81bec6fbb53e,2024-11-05,ERP_CORPORATIVO,TRANSACOES_FINANCEIRAS,7043,733e3de1d2d62ff7090371a84ed29209ccde45a9c7c9a3f6ce3b3dfdc3c6a492
TR-07044,2024-10-10,2024-10-01,ADM,1000036,RECEITA,2956.510583682328,2890.5257765485317,BRL,Serviço de tecnologia contratado por ADM,5,TRANSFERENCIA,ATRASADO,cd84a39c-feaa-44f3-8973-81bec6fbb53e,2024-11-05,ERP_CORPORATIVO,TRANSACOES_FINANCEIRAS,7044,a39c5228966455490c14cca925f8f7c14b1f300d7c08e9c94445a68f83e9415a
TR-07045,2024-10-18,2024-10-01,COM,1000036,RECEITA,3144.7742702997302,3144.7742702997302,BRL,Reparo e conservação de instalações - COM,10,BOLETO,PAGO,cd84a39c-feaa-44f3-8973-81bec6fbb53e,2024-11-05,ERP_CORPORATIVO,TRANSACOES_FINANCEIRAS,7045,188791e80d288416626118405c0ccc1851313557acd68345cb1074f0b5c508e7
TR-07046,2024-10-21,2024-10-01,FIN,1000036,DESPESA,3121.3566924074053,2982.6257342853182,BRL,Aquisição de material operacional - FIN,2,CARTAO,CANCELADO,cd84a39c-feaa-44f3-8973-81bec6fbb53e,2024-11-05,ERP_CORPORATIVO,TRANSACOES_FINANCEIRAS,7046,30ee18b26b7a88ce50ae1977f5fc036b1a007dd5d961ffe24545d6417bcdba9d
TR-07047,2024-10-02,2024-10-01,MKT,1000036,RECEITA,2562.789557797748,2562.789557797748,BRL,Licença de software para área MKT,27,BOLETO,PAGO,cd84a39c-feaa-44f3-8973-81bec6fbb53e,2024-11-05,ERP_CORPORATIVO,TRANSACOES_FINANCEIRAS,7047,fe1213463682a51c6c17ba93f7f4d930ecb2be837e9474c7909f3e935380ef9b
TR-07228,2024-10-17,2024-10-01,FIN,ACC-00038,DESPESA,4050.452038043851,4050.452038043851,BRL,Material de marketing solicitado por FIN,15,PIX,PAGO,cd84a39c-feaa-44f3-8973-81bec6fbb53e,2024-11-05,ERP_CORPORATIVO,TRANSACOES_FINANCEIRAS,7228,8c942d41067d03ddbe6cb71bb9ec83e185798fd69b10dc3e718f1ce9f2249a85
TR-07229,2024-10-14,2024-10-01,QAS,ACC-00038,DESPESA,4045.6188528631565,4045.6188528631565,BRL,Reparo de hardware solicitado por QAS,28,TED,PAGO,cd84a39c-feaa-44f3-8973-81bec6fbb53e,2024-11-05,ERP_CORPORATIVO,TRANSACOES_FINANCEIRAS,7229,cd149176bf1d1240ba0052f05c09a31f058d36927a04d82fa63b2c161e69287a
TR-07230,2024-10-03,2024-10-01,PES,ACC-00038,DESPESA,5010.673632802787,5010.673632802787,USD,Renovação de certificados digitais - PES,26,BOLETO,ATRASADO,cd84a39c-feaa-44f3-8973-81bec6fbb53e,2024-11-05,ERP_CORPORATIVO,TRANSACOES_FINANCEIRAS,7230,8f240e6fbe375c80c092243add6421d6a96a8778bfee6502129de5b742fc3583
TR-07231,2024-10-22,2024-10-01,CPT,ACC-00038,DESPESA,4064.3961210340503,3878.322392693841,BRL,Manutenção preventiva de veículos - CPT,17,TED,PAGO,cd84a39c-feaa-44f3-8973-81bec6fbb53e,2024-11-05,ERP_CORPORATIVO,TRANSACOES_FINANCEIRAS,7231,a9bd1aad56e81bd6cd33c799afda6718377b73d590931f1437c856e32dd4a98c
TR-07232,2024-10-15,2024-10-01,QAS,ACC-00038,RECEITA,4270.679963561909,4270.679963561909,BRL,Despesa operacional - QAS,8,PIX,PAGO,cd84a39c-feaa-44f3-8973-81bec6fbb53e,2024-11-05,ERP_CORPORATIVO,TRANSACOES_FINANCEIRAS,7232,c497c0ea1febd89160546be3eb6466d1926f9ffdc84f5a94cb09390b17a50d3f
TR-07233,2024-10-21,2024-10-01,FIN,ACC-00038,RECEITA,5097.358590208375,5097.358590208375,BRL,Campanha institucional - FIN,4,TED,ATRASADO,cd84a39c-feaa-44f3-8973-81bec6fbb53e,2024-11-05,ERP_CORPORATIVO,TRANSACOES_FINANCEIRAS,7233,9bfaf8a64e497047ded5f5db7cb2435afdead58502453f60f3b08f324d36d520
TR-07234,2024-10-21,2024-10-01,OP,ACC-00038,DESPESA,4324.052072836185,4258.041284019079,BRL,Recebimento de subvenção - OP,36,TED,PAGO,cd84a39c-feaa-44f3-8973-81bec6fbb53e,2024-11-05,ERP_CORPORATIVO,TRANSACOES_FINANCEIRAS,7234,8db06aeea4c481dbda9397f4d013faacd0a14968be75f014f8c0960c353ae6c3
TR-07235,2024-10-08,2024-10-01,PRD,ACC-00038,DESPESA,4189.87820098048,4130.911352734629,BRL,Material de marketing solicitado por PRD,15,TRANSFERENCIA,ATRASADO,cd84a39c-feaa-44f3-8973-81bec6fbb53e,2024-11-05,ERP_CORPORATIVO,TRANSACOES_FINANCEIRAS,7235,095254640ea6912789ea4af691d36f27da848a856966b6f9e55bba7158776b43
TR-07236,2024-10-23,2024-10-01,COMP,ACC-00038,RECEITA,4221.2496173184545,4221.2496173184545,BRL,Reparo e conservação de instalações - COMP,10,TED,PAGO,cd84a39c-feaa-44f3-8973-81bec6fbb53e,2024-11-05,ERP_CORPORATIVO,TRANSACOES_FINANCEIRAS,7236,d834e32944e1f7f9d4ba29b3d3e1d0ca8ed629153417ae3a0b4c8ed57f3190cc
TR-07237,2024-10-14,2024-10-01,COM,ACC-00038,DESPESA,3988.447291477154,3988.447291477154,BRL,Contrato de conectividade para área COM,9,PIX,PAGO,cd84a39c-feaa-44f3-8973-81bec6fbb53e,2024-11-05,ERP_CORPORATIVO,TRANSACOES_FINANCEIRAS,7237,365a792a1e727ad217fd3a126a171eacffcad92a11cc5ac78c4c073df0ad6bfa
TR-07238,2024-10-09,2024-10-01,OP,ACC-00038,DESPESA,4493.022044095331,4444.967691706554,BRL,Resultado de equivalência patrimonial - OP,34,TED,PAGO,cd84a39c-feaa-44f3-8973-81bec6fbb53e,2024-11-05,ERP_CORPORATIVO,TRANSACOES_FINANCEIRAS,7238,e6bed8f76a3e0048575626ab72829d96b288a0a0596e8cf22b031fb61fe913ce
TR-07388,2024-10-07,2024-10-01,ADM,FORN-00039,RECEITA,1982.9713640145412,1982.9713640145412,BRL,Imposto sobre venda apurado em ADM,40,TRANSFERENCIA,PAGO,cd84a39c-feaa-44f3-8973-81bec6fbb53e,2024-11-05,ERP_CORPORATIVO,TRANSACOES_FINANCEIRAS,7388,79a42a2a30b8a768842ff7b128f7408cb474aea89a8e1111d6fd5dd7006d7645
TR-07389,2024-10-11,2024-10-01,QAS,FORN-00039,DESPESA,2136.2152667424316,2104.5014267212177,BRL,Custo operacional associado a QAS,8,CARTAO,PAGO,cd84a39c-feaa-44f3-8973-81bec6fbb53e,2024-11-05,ERP_CORPORATIVO,TRANSACOES_FINANCEIRAS,7389,8b2b0d82a0056f84bc7ac63ba4e1a77e0dcf950b4e16183c491de86365ffc73d
TR-07390,2024-10-14,2024-10-01,COMP,FORN-00039,DESPESA,1978.1895620164855,1978.1895620164855,BRL,Serviço técnico especializado para COMP,11,TED,PAGO,cd84a39c-feaa-44f3-8973-81bec6fbb53e,2024-11-05,ERP_CORPORATIVO,TRANSACOES_FINANCEIRAS,7390,c3ea24e0955cb3bb97cb57fdcae01a825a79746fe95d2307609afdc695853bc0
TR-07391,2024-10-10,2024-10-01,ATD,FORN-00039,DESPESA,2165.4646982534045,2165.4646982534045,BRL,Serviço especializado solicitado por ATD,1,CARTAO,PAGO,cd84a39c-feaa-44f3-8973-81bec6fbb53e,2024-11-05,ERP_CORPORATIVO,TRANSACOES_FINANCEIRAS,7391,93860fa2a1cf2b5daab4beb9429070583c6f9c622c71ffbe1ea23424eb37476a
TR-07392,2024-10-14,2024-10-01,TI,FORN-00039,DESPESA,1922.420913416239,1922.420913416239,BRL,Despesa operacional - TI,8,TRANSFERENCIA,PAGO,cd84a39c-feaa-44f3-8973-81bec6fbb53e,2024-11-05,ERP_CORPORATIVO,TRANSACOES_FINANCEIRAS,7392,1714a16710bf2cf944a814afafac2594512d9d14cf406f6f733176d2eb7fc326
TR-07393,2024-10-10,2024-10-01,FIN,FORN-00039,RECEITA,1965.6971101707406,1965.6971101707406,BRL,Treinamento corporativo para equipe FIN,30,BOLETO,PAGO,cd84a39c-feaa-44f3-8973-81bec6fbb53e,2024-11-05,ERP_CORPORATIVO,TRANSACOES_FINANCEIRAS,7393,b4cb5da53ad44ac9053d35f5bfb3737f0d3111c71556381ccc47c820f631073d
TR-07394,2024-10-21,2024-10-01,CTB,FORN-00039,RECEITA,2681.0655189797244,2632.8939329255886,BRL,Compra de insumos para setor CTB,2,TED,PAGO,cd84a39c-feaa-44f3-8973-81bec6fbb53e,2024-11-05,ERP_CORPORATIVO,TRANSACOES_FINANCEIRAS,7394,22e093d8e164bd67fe5598925c2cdcad1d0ad037d67b32937caf79d8ab14dee3
TR-07395,2024-10-10,2024-10-01,FIN,FORN-00039,RECEITA,2319.109032710702,2319.109032710702,BRL,Investimento em marketing corporativo (FIN),4,BOLETO,CANCELADO,cd84a39c-feaa-44f3-8973-81bec6fbb53e,2024-11-05,ERP_CORPORATIVO,TRANSACOES_FINANCEIRAS,7395,d56d6915e401d8b278d3738ffc9b53cc76f1ddba0093afc43a88707daf55c414
TR-07396,2024-10-21,2024-10-01,JUR,FORN-00039,DESPESA,2211.5780026941134,2155.297455447923,BRL,Direitos de propriedade intelectual - JUR,32,TED,PAGO,cd84a39c-feaa-44f3-8973-81bec6fbb53e,2024-11-05,ERP_CORPORATIVO,TRANSACOES_FINANCEIRAS,7396,673c375eccf141efa558ad5e1b939d38e2fbbd38cf058641228914779a8ed662
TR-07397,2024-10-10,2024-10-01,OP,FORN-00039,DESPESA,2243.804904420868,2243.804904420868,BRL,Despesa operacional - OP,8,BOLETO,PAGO,cd84a39c-feaa-44f3-8973-81bec6fbb53e,2024-11-05,ERP_CORPORATIVO,TRANSACOES_FINANCEIRAS,7397,b79cd2c9c0b57eef3b1ceb4dc48041c39c12b0d16d4a59d1f9b34095e043797c
TR-07398,2024-10-07,2024-10-01,ADM,FORN-00039,DESPESA,2197.5111222450932,2131.4492537288475,BRL,Aquisição de material operacional - ADM,2,PIX,PAGO,cd84a39c-feaa-44f3-8973-81bec6fbb53e,2024-11-05,ERP_CORPORATIVO,TRANSACOES_FINANCEIRAS,7398,5f3f26bfd0e892ad8532d62399255a6312bd49cbb8f0774ba2805e053ce9fc8f
TR-07399,2024-10-23,2024-10-01,FIN,FORN-00039,DESPESA,2112.500132871648,2112.500132871648,BRL,Serviço de tecnologia contratado por FIN,5,TED,PAGO,cd84a39c-feaa-44f3-8973-81bec6fbb53e,2024-11-05,ERP_CORPORATIVO,TRANSACOES_FINANCEIRAS,7399,b3eaa4d18f5c04743a152e30eab8a21b7343a8c3a745dc8056a3d893f29ba5d7
TR-07400,2024-10-21,2024-10-01,COM,FORN-00039,RECEITA,2298.9060163404765,2298.9060163404765,BRL,Reparo de frota vinculado à área COM,17,TRANSFERENCIA,PAGO,cd84a39c-feaa-44f3-8973-81bec6fbb53e,2024-11-05,ERP_CORPORATIVO,TRANSACOES_FINANCEIRAS,7400,d72e2c5a6874255975e2bd420568c9c6f9e1246a79cd3eed0493857b461b7872
TR-07401,2024-10-10,2024-10-01,RH,FORN-00039,DESPESA,1962.1932971285692,1962.1932971285692,BRL,Campanha institucional - RH,4,CARTAO,PAGO,cd84a39c-feaa-44f3-8973-81bec6fbb53e,2024-11-05,ERP_CORPORATIVO,TRANSACOES_FINANCEIRAS,7401,c3005bca8c1618908b93d5a16081a16cf25e5af919e3c6583dd5fe7df0a1bd09
TR-07402,2024-10-14,2024-10-01,QAS,FORN-00039,DESPESA,7755.3499461532865,7666.388408446435,BRL,Serviço especializado solicitado por QAS,1,TRANSFERENCIA,PAGO,cd84a39c-feaa-44f3-8973-81bec6fbb53e,2024-11-05,ERP_CORPORATIVO,TRANSACOES_FINANCEIRAS,7402,3a611789ee5a0be8baa79c9eb3ce62ed574d3a97afd4b3cd18ae3ff31193721a
TR-07403,2024-10-10,2024-10-01,FIN,FORN-00039,RECEITA,2157.1649716024804,2157.1649716024804,BRL,Produção de material gráfico - FIN,15,CARTAO,PAGO,cd84a39c-feaa-44f3-8973-81bec6fbb53e,2024-11-05,ERP_CORPORATIVO,TRANSACOES_FINANCEIRAS,7403,14c8f507289942c031d5d256f830179dc49ac3c4902569cebb1241c0884b5737
TR-07404,2024-10-21,2024-10-01,ADM,FORN-00039,RECEITA,2309.2709605922378,2279.5246603951377,BRL,Alienação de bem patrimonial - ADM,35,TRANSFERENCIA,PAGO,cd84a39c-feaa-44f3-8973-81bec6fbb53e,2024-11-05,ERP_CORPORATIVO,TRANSACOES_FINANCEIRAS,7404,6fdd60ff5a5729d7ad63c87fb45784a476d2ee0090c2e6562261ceea9ef2116a
TR-07405,2024-10-02,2024-10-01,OP,FORN-00039,DESPESA,2494.5281770360407,2494.5281770360407,BRL,Despesa operacional - OP,8,TED,PAGO,cd84a39c-feaa-44f3-8973-81bec6fbb53e,2024-11-05,ERP_CORPORATIVO,TRANSACOES_FINANCEIRAS,7405,85674dd1c3004a8c54b5267501922c16ab0bc1b47335b2da8008788770b06b82
TR-07406,2024-10-28,2024-10-01,FIN,FORN-00039,DESPESA,2238.6703444226187,2238.6703444226187,BRL,Renovação de certificados digitais - FIN,26,PIX,ATRASADO,cd84a39c-feaa-44f3-8973-81bec6fbb53e,2024-11-05,ERP_CORPORATIVO,TRANSACOES_FINANCEIRAS,7406,24e980752a19b1c2e8ae67df9dea2480e988e3139f622a579edb6759b424eb26
TR-07407,2024-10-14,2024-10-01,QAS,FORN-00039,RECEITA,1965.4328870858124,1965.4328870858124,BRL,Aquisição de material operacional - QAS,2,PIX,ATRASADO,cd84a39c-feaa-44f3-8973-81bec6fbb53e,2024-11-05,ERP_CORPORATIVO,TRANSACOES_FINANCEIRAS,7407,1f848469dd0b999499ca5bbea9fc9c4cbaf375b7d7d11b9457c875e36b59f2fa
TR-07408,2024-10-11,2024-10-01,OP,FORN-00039,DESPESA,2407.8055330651555,2407.8055330651555,BRL,Custo operacional associado a OP,8,BOLETO,PAGO,cd84a39c-feaa-44f3-8973-81bec6fbb53e,2024-11-05,ERP_CORPORATIVO,TRANSACOES_FINANCEIRAS,7408,301b33e08541bd46f189cf5354f10ef544e37cdd6865ba62da9b88bad65a74b0
TR-07977,2024-10-11,2024-10-01,COM,1000040,DESPESA,3613.647138228349,3501.017153433632,BRL,Honorários jurídicos - COM,7,BOLETO,PAGO,cd84a39c-feaa-44f3-8973-81bec6fbb53e,2024-11-05,ERP_CORPORATIVO,TRANSACOES_FINANCEIRAS,7977,ffb29bd91d32250186e4a4c789de2093ddc5ee9640704a243d6412ef070111a9
TR-07978,2024-10-28,2024-10-01,FIN,1000040,RECEITA,4788.07140878967,4788.07140878967,BRL,Treinamento corporativo para equipe FIN,30,TED,PAGO,cd84a39c-feaa-44f3-8973-81bec6fbb53e,2024-11-05,ERP_CORPORATIVO,TRANSACOES_FINANCEIRAS,7978,200beeec1f13638da7dce81cbf7498d33eea843a156ec352f2d462df4d2e63da
TR-07979,2024-10-14,2024-10-01,CPT,1000040,DESPESA,5224.9962136325585,5224.9962136325585,BRL,Licenciamento de software - CPT,5,PIX,PAGO,cd84a39c-feaa-44f3-8973-81bec6fbb53e,2024-11-05,ERP_CORPORATIVO,TRANSACOES_FINANCEIRAS,7979,ff925c26d387d491253252ba5893569d542145c0c2b70afd5345e11fcc3ef2da
TR-07980,2024-10-07,2024-10-01,FIN,1000040,DESPESA,5374.307546146332,5374.307546146332,BRL,Manutenção preventiva de veículos - FIN,17,BOLETO,PAGO,cd84a39c-feaa-44f3-8973-81bec6fbb53e,2024-11-05,ERP_CORPORATIVO,TRANSACOES_FINANCEIRAS,7980,12bbea9aece5949e3ca817e50b93f7e8fb98173debc8515f64945ac4d35cdbcb
TR-07981,2024-10-07,2024-10-01,OP,1000040,DESPESA,4590.518077242715,4590.518077242715,BRL,Prestação de serviço para área OP,1,TRANSFERENCIA,PAGO,cd84a39c-feaa-44f3-8973-81bec6fbb53e,2024-11-05,ERP_CORPORATIVO,TRANSACOES_FINANCEIRAS,7981,a14be7328f53232a3e4e104dc6af5005c2371628a33f0aa71480eee39eb287a8
TR-07982,2024-10-25,2024-10-01,PJT,1000040,RECEITA,3868.235607394697,3868.235607394697,BRL,Resultado de equivalência patrimonial - PJT,34,BOLETO,ATRASADO,cd84a39c-feaa-44f3-8973-81bec6fbb53e,2024-11-05,ERP_CORPORATIVO,TRANSACOES_FINANCEIRAS,7982,72ee810b1b6b91d9ca144f099b76d233f60921e3b9e15ccd93116119892c447c
TR-07983,2024-10-23,2024-10-01,JUR,1000040,RECEITA,3719.5795021787876,3540.8390710517738,BRL,Suporte técnico para sistemas de JUR,29,BOLETO,PAGO,cd84a39c-feaa-44f3-8973-81bec6fbb53e,2024-11-05,ERP_CORPORATIVO,TRANSACOES_FINANCEIRAS,7983,fbf922b39db1f93d509db950eeb3a3d05c8019e59073655f8f9b6fd52f49536d
TR-07984,2024-10-07,2024-10-01,OP,1000040,DESPESA,5158.998242204308,5014.24444875978,BRL,Hospedagem em viagem a serviço de OP,19,PIX,PAGO,cd84a39c-feaa-44f3-8973-81bec6fbb53e,2024-11-05,ERP_CORPORATIVO,TRANSACOES_FINANCEIRAS,7984,62ed181c498e3e4081af1725b6a03b0b27db86e7c552812ca89df8adaf4887a4
TR-07985,2024-10-16,2024-10-01,PJT,1000040,DESPESA,4671.774156368123,4671.774156368123,BRL,Prestação de serviço para área PJT,1,TED,PAGO,cd84a39c-feaa-44f3-8973-81bec6fbb53e,2024-11-05,ERP_CORPORATIVO,TRANSACOES_FINANCEIRAS,7985,fa2a737c2cde96fc75c1a1eacadd03665d31254d60641260a8550b6ba8f5104a
TR-07986,2024-10-17,2024-10-01,TI,1000040,DESPESA,5921.957887034901,5828.996436762063,BRL,Viagem corporativa - TI,18,BOLETO,ATRASADO,cd84a39c-feaa-44f3-8973-81bec6fbb53e,2024-11-05,ERP_CORPORATIVO,TRANSACOES_FINANCEIRAS,7986,e5c6633cb84d12707c19f27591fb596d5c32c1c2a3bae9beea384ee7dd0f7408
TR-07987,2024-10-21,2024-10-01,FIN,1000040,RECEITA,4203.118910163807,4137.623244604441,BRL,Serviço de telefonia e internet - FIN,9,TED,PAGO,cd84a39c-feaa-44f3-8973-81bec6fbb53e,2024-11-05,ERP_CORPORATIVO,TRANSACOES_FINANCEIRAS,7987,76ab4e9bc35ccf11b8a7948d4d17118314d3c1d4b2ee62ee13cb79123f7033da
TR-08167,2024-10-18,2024-10-01,COMP,FORN-00042,DESPESA,3592.8533646252986,3592.8533646252986,BRL,Doação recebida em favor de COMP,36,BOLETO,CANCELADO,cd84a39c-feaa-44f3-8973-81bec6fbb53e,2024-11-05,ERP_CORPORATIVO,TRANSACOES_FINANCEIRAS,8167,a908f21c5c06cd87ef57bf401a29ac76200f501db91083867b3e56670c25303c
TR-08168,2024-10-14,2024-10-01,OP,FORN-00042,DESPESA,1736.5823201552855,1668.8215596259868,BRL,Despesa operacional - OP,8,TED,PAGO,cd84a39c-feaa-44f3-8973-81bec6fbb53e,2024-11-05,ERP_CORPORATIVO,TRANSACOES_FINANCEIRAS,8168,5a16b2f428cc58607d3fa3b49cb628deab329e730379b4b3f1396429ab1e2767
TR-08169,2024-10-15,2024-10-01,TI,FORN-00042,RECEITA,1525.6864022087775,1525.6864022087775,BRL,Certificado digital adquirido por TI,26,TED,PAGO,cd84a39c-feaa-44f3-8973-81bec6fbb53e,2024-11-05,ERP_CORPORATIVO,TRANSACOES_FINANCEIRAS,8169,d26faaf1eb3c261a69249ed256185bb226328feeb67fe7ea522a51c70c286443
TR-08170,2024-10-14,2024-10-01,TI,FORN-00042,DESPESA,4924.5230413540685,4924.5230413540685,BRL,Contrato de consultoria externa - TI,12,PIX,ATRASADO,cd84a39c-feaa-44f3-8973-81bec6fbb53e,2024-11-05,ERP_CORPORATIVO,TRANSACOES_FINANCEIRAS,8170,7686fccc6263caa99bb2a2805c55993dfebbd49a859a7d595293cf56c6037838
TR-08171,2024-10-15,2024-10-01,MKT,FORN-00042,RECEITA,3769.182401545825,3713.145304134957,BRL,Investimento em marketing corporativo (MKT),4,TED,CANCELADO,cd84a39c-feaa-44f3-8973-81bec6fbb53e,2024-11-05,ERP_CORPORATIVO,TRANSACOES_FINANCEIRAS,8171,6e15345dcd122d32b13ea6450070568d37a86cc0ed3761e63135b2275a0334f8
TR-08172,2024-10-18,2024-10-01,JUR,FORN-00042,DESPESA,4641.330073072516,4641.330073072516,BRL,Investimento em marketing corporativo (JUR),4,TRANSFERENCIA,PAGO,cd84a39c-feaa-44f3-8973-81bec6fbb53e,2024-11-05,ERP_CORPORATIVO,TRANSACOES_FINANCEIRAS,8172,b5877e4f3ff6475538df7839d64985533c3ae079387d80b36d81b5033ce48774
TR-08173,2024-10-18,2024-10-01,PRD,FORN-00042,DESPESA,3905.899356862013,3785.9382785717635,BRL,Campanha institucional - PRD,4,BOLETO,PAGO,cd84a39c-feaa-44f3-8973-81bec6fbb53e,2024-11-05,ERP_CORPORATIVO,TRANSACOES_FINANCEIRAS,8173,502b6806cc06fa460458fd50e0e56de67ee724a44d29987a3ef5c34ad1163832
TR-08174,2024-10-09,2024-10-01,LOG,FORN-00042,DESPESA,4084.806220015788,4084.806220015788,BRL,Assessoria legal vinculada à área LOG,7,CARTAO,ATRASADO,cd84a39c-feaa-44f3-8973-81bec6fbb53e,2024-11-05,ERP_CORPORATIVO,TRANSACOES_FINANCEIRAS,8174,3c1d44aa8c7d35434b7ecf96742323e2da4e36b7a6f186ad23bac91853ba82e6
TR-08175,2024-10-14,2024-10-01,PJT,FORN-00042,RECEITA,3980.998852975002,3817.226203238062,BRL,Contrato de SaaS vinculado a PJT,27,PIX,PAGO,cd84a39c-feaa-44f3-8973-81bec6fbb53e,2024-11-05,ERP_CORPORATIVO,TRANSACOES_FINANCEIRAS,8175,70e4a15cb7854e997475398407413189a46b7592fbad33c4e4eb31e36ec25973
TR-08176,2024-10-11,2024-10-01,FIN,FORN-00042,DESPESA,855.086015130839,855.086015130839,BRL,Campanha institucional - FIN,4,TED,PAGO,cd84a39c-feaa-44f3-8973-81bec6fbb53e,2024-11-05,ERP_CORPORATIVO,TRANSACOES_FINANCEIRAS,8176,fefac0c0a6201888570833d59d55d08095f2b7df69a01ad714cbb949472dba1a
TR-08177,2024-10-14,2024-10-01,RH,FORN-00042,RECEITA,3757.4689015001927,3757.4689015001927,BRL,Contrato de consultoria externa - RH,12,BOLETO,PAGO,cd84a39c-feaa-44f3-8973-81bec6fbb53e,2024-11-05,ERP_CORPORATIVO,TRANSACOES_FINANCEIRAS,8177,217b9c58a7053b1117157f98b5421ddc1444bba54617bad12c853fab5d185096
TR-08178,2024-10-14,2024-10-01,PES,FORN-00042,RECEITA,4080.658629731383,4080.658629731383,BRL,Apólice de seguro - PES,21,TED,PAGO,cd84a39c-feaa-44f3-8973-81bec6fbb53e,2024-11-05,ERP_CORPORATIVO,TRANSACOES_FINANCEIRAS,8178,4992598bffa753ede9146761a3d118a4ba89d293357f070a92d0582357e23f89
TR-08227,2024-10-17,2024-10-01,JUR,1000042,DESPESA,4711.136972284251,4556.785497221524,BRL,Aquisição de material operacional - JUR,2,PIX,CANCELADO,cd84a39c-feaa-44f3-8973-81bec6fbb53e,2024-11-05,ERP_CORPORATIVO,TRANSACOES_FINANCEIRAS,8227,ddd9bfc4326e954c84e074657558445a4c0fc191ea8b90bff1b9714652de9066
TR-08228,2024-10-14,2024-10-01,TI,1000042,DESPESA,4167.586504000833,4167.586504000833,BRL,Suporte técnico para sistemas de TI,29,TED,PAGO,cd84a39c-feaa-44f3-8973-81bec6fbb53e,2024-11-05,ERP_CORPORATIVO,TRANSACOES_FINANCEIRAS,8228,6b23cbc3c16f689d382d24ae282982bbff48bd894d57799b7c377b35aa540e3f
TR-08229,2024-10-04,2024-10-01,SEC,1000042,DESPESA,4317.848990803393,4247.612929350578,BRL,Prestação de serviço para área SEC,1,BOLETO,PAGO,cd84a39c-feaa-44f3-8973-81bec6fbb53e,2024-11-05,ERP_CORPORATIVO,TRANSACOES_FINANCEIRAS,8229,f992a3fd8fd59ac3a2d82a53534ddd661e37567236150920a9390abea36939a8
TR-08230,2024-10-14,2024-10-01,OP,1000042,DESPESA,4380.924769151919,4380.924769151919,BRL,Campanha institucional - OP,4,BOLETO,ATRASADO,cd84a39c-feaa-44f3-8973-81bec6fbb53e,2024-11-05,ERP_CORPORATIVO,TRANSACOES_FINANCEIRAS,8230,f4922bdbf4c8d7f43ef7ec79aa6b622573a172c5207e4654dbd05dc42a75d059
TR-08231,2024-10-21,2024-10-01,MKT,1000042,DESPESA,4139.643844750227,4139.643844750227,BRL,Locação de espaço comercial - MKT,31,BOLETO,PAGO,cd84a39c-feaa-44f3-8973-81bec6fbb53e,2024-11-05,ERP_CORPORATIVO,TRANSACOES_FINANCEIRAS,8231,5d9b6b8e214194d2f24fddfcd5637f75ae749d2803e3e175e3829df3306c68a2
TR-08232,2024-10-14,2024-10-01,SEC,1000042,DESPESA,4922.596268466585,4922.596268466585,BRL,Assessoria legal vinculada à área SEC,7,TED,CANCELADO,cd84a39c-feaa-44f3-8973-81bec6fbb53e,2024-11-05,ERP_CORPORATIVO,TRANSACOES_FINANCEIRAS,8232,f3597ffb04d3258617bf1406c8d118f32230b4d335a22e3c8f15ae411ac971bb
TR-08233,2024-10-15,2024-10-01,COM,1000042,DESPESA,3693.975038601467,3693.975038601467,USD,Evento corporativo organizado por COM,14,PIX,PAGO,cd84a39c-feaa-44f3-8973-81bec6fbb53e,2024-11-05,ERP_CORPORATIVO,TRANSACOES_FINANCEIRAS,8233,87e83e0d36412b8a1d25cd43364f3520add4054a7a3131de85ed8b3e07683e01
TR-08482,2024-10-18,2024-10-01,QAS,FORN-00044,DESPESA,2660.0772318951194,2660.0772318951194,BRL,Promoção e atividade externa - QAS,14,BOLETO,PAGO,cd84a39c-feaa-44f3-8973-81bec6fbb53e,2024-11-05,ERP_CORPORATIVO,TRANSACOES_FINANCEIRAS,8482,c80bb05b4b3c218d678239c3bea4f8cd72e1a110f33ea62e6e066dd3c1aca4bf
TR-08483,2024-10-10,2024-10-01,MKT,FORN-00044,RECEITA,2703.035432159635,2612.266631736389,BRL,Despesa operacional - MKT,8,BOLETO,PAGO,cd84a39c-feaa-44f3-8973-81bec6fbb53e,2024-11-05,ERP_CORPORATIVO,TRANSACOES_FINANCEIRAS,8483,faf0460b915fcbd79d3bc3555e6def28c0b5ddfbbf892fa4ed94a53c163a658e
TR-08484,2024-10-16,2024-10-01,JUR,FORN-00044,DESPESA,2899.6551959060703,2899.6551959060703,BRL,Assessoria legal vinculada à área JUR,7,PIX,PAGO,cd84a39c-feaa-44f3-8973-81bec6fbb53e,2024-11-05,ERP_CORPORATIVO,TRANSACOES_FINANCEIRAS,8484,039f6494d478fe4477e2dc5b89de74041a27a74201913310575e24f951af1be0
TR-08485,2024-10-15,2024-10-01,SEC,FORN-00044,RECEITA,2666.772781621995,2666.772781621995,BRL,Certificado digital adquirido por SEC,26,TED,CANCELADO,cd84a39c-feaa-44f3-8973-81bec6fbb53e,2024-11-05,ERP_CORPORATIVO,TRANSACOES_FINANCEIRAS,8485,0c6e3036d42079519a20ac6b0960fcc75c5af6b8784e48a35829b757bbd41442
TR-08486,2024-10-08,2024-10-01,MKT,FORN-00044,RECEITA,2293.4636136176728,2180.0447608515888,BRL,Honorários profissionais contratados por MKT,11,CARTAO,CANCELADO,cd84a39c-feaa-44f3-8973-81bec6fbb53e,2024-11-05,ERP_CORPORATIVO,TRANSACOES_FINANCEIRAS,8486,5cc452607521ca3637d21729514f796ee51abdd456e66ea28aea86e145f5fd42
TR-08487,2024-10-14,2024-10-01,COM,FORN-00044,RECEITA,2538.162228324372,2538.162228324372,USD,Manutenção preventiva de veículos - COM,17,CARTAO,PAGO,cd84a39c-feaa-44f3-8973-81bec6fbb53e,2024-11-05,ERP_CORPORATIVO,TRANSACOES_FINANCEIRAS,8487,5859d9066176efc282265ed8acd8ece8c8ead659c1dbe7d323a1acde7c25183c
TR-08488,2024-10-15,2024-10-01,OP,FORN-00044,RECEITA,2217.098316222711,2217.098316222711,BRL,Assessoria legal vinculada à área OP,7,TRANSFERENCIA,ATRASADO,cd84a39c-feaa-44f3-8973-81bec6fbb53e,2024-11-05,ERP_CORPORATIVO,TRANSACOES_FINANCEIRAS,8488,9d43724b57b2fb009b2f6452a9bc3f58b1ad1613dc2086c9b54f64a3850460c6
TR-08489,2024-10-03,2024-10-01,FIN,FORN-00044,DESPESA,2620.9848249556867,2620.9848249556867,BRL,Diária de hotel para equipe FIN,19,CARTAO,PAGO,cd84a39c-feaa-44f3-8973-81bec6fbb53e,2024-11-05,ERP_CORPORATIVO,TRANSACOES_FINANCEIRAS,8489,2ae3734ef10bc4586230df7470b51c116473a73ad8d7ba92a7c4934be0249d4b
TR-08490,2024-10-21,2024-10-01,FIN,FORN-00044,RECEITA,2817.0087028840207,2773.343941121136,BRL,Serviço especializado solicitado por FIN,1,TED,PAGO,cd84a39c-feaa-44f3-8973-81bec6fbb53e,2024-11-05,ERP_CORPORATIVO,TRANSACOES_FINANCEIRAS,8490,e1672dc8c715709d5fbe563e9397fab4dd161eaeb99534d0028b8e4d4b08e96b
TR-08491,2024-10-21,2024-10-01,LOG,FORN-00044,RECEITA,2721.0127795722187,2721.0127795722187,BRL,Assessoria contábil prestada a LOG,25,TED,PAGO,cd84a39c-feaa-44f3-8973-81bec6fbb53e,2024-11-05,ERP_CORPORATIVO,TRANSACOES_FINANCEIRAS,8491,f39117c50d759e094565dc9fd2de0a520ab990ece91c5e43bd13fd6557cb8232
TR-08492,2024-10-11,2024-10-01,FIN,FORN-00044,DESPESA,3089.5023773993303,3089.5023773993303,BRL,Prestação de serviço para área FIN,1,TED,PAGO,cd84a39c-feaa-44f3-8973-81bec6fbb53e,2024-11-05,ERP_CORPORATIVO,TRANSACOES_FINANCEIRAS,8492,789f37adca430b0ba95372d7dfbe6c9e0626bcf01d3afffa98b1d76e29563c0e
TR-08493,2024-10-10,2024-10-01,RH,FORN-00044,RECEITA,3055.0964062646653,3055.0964062646653,BRL,Despesa operacional - RH,8,PIX,ATRASADO,cd84a39c-feaa-44f3-8973-81bec6fbb53e,2024-11-05,ERP_CORPORATIVO,TRANSACOES_FINANCEIRAS,8493,be8f16edf0959be50a495fb7fa1d38ec8495e6c5d0c777d3082d2555a5aad665
TR-08494,2024-10-14,2024-10-01,CTB,FORN-00044,DESPESA,2757.2060829113607,2757.2060829113607,BRL,Tarifas de serviços financeiros - CTB,22,CARTAO,PAGO,cd84a39c-feaa-44f3-8973-81bec6fbb53e,2024-11-05,ERP_CORPORATIVO,TRANSACOES_FINANCEIRAS,8494,182315aeb99e18151355e25a8db08b52a1a43b9366b991944a01d81391290e9b
TR-08495,2024-10-21,2024-10-01,ESG,FORN-00044,DESPESA,2115.5741124382744,2115.5741124382744,BRL,Combustível e lubrificantes para frota (ESG),16,CARTAO,PAGO,cd84a39c-feaa-44f3-8973-81bec6fbb53e,2024-11-05,ERP_CORPORATIVO,TRANSACOES_FINANCEIRAS,8495,a0ad9f7d8c9b86b05c773cdb07d50a2b5611118fc70d8237569994dc50b59f60
TR-08496,2024-10-24,2024-10-01,OP,FORN-00044,DESPESA,2873.9253587865455,2873.9253587865455,BRL,Direitos de propriedade intelectual - OP,32,TRANSFERENCIA,PAGO,cd84a39c-feaa-44f3-8973-81bec6fbb53e,2024-11-05,ERP_CORPORATIVO,TRANSACOES_FINANCEIRAS,8496,08d9f404abc94bf7f7a4b81b1c4d5a273e74943a4c5ddcbaeffa06b0e169dd8c
TR-08497,2024-10-09,2024-10-01,MKT,FORN-00044,DESPESA,2487.737754427697,2487.737754427697,BRL,Honorários jurídicos - MKT,7,BOLETO,PAGO,cd84a39c-feaa-44f3-8973-81bec6fbb53e,2024-11-05,ERP_CORPORATIVO,TRANSACOES_FINANCEIRAS,8497,71495f1f915164d068f08eb30284217f588e2799ca51794ebb39dfc2331f6bb9
TR-08498,2024-10-01,2024-10-01,TI,FORN-00044,RECEITA,2934.881747550567,2873.3585710934976,BRL,Contrato de SaaS vinculado a TI,27,BOLETO,PAGO,cd84a39c-feaa-44f3-8973-81bec6fbb53e,2024-11-05,ERP_CORPORATIVO,TRANSACOES_FINANCEIRAS,8498,9b3fff85637a05c598c78836f39b80c1638891c099e81b2acd8c5b8561fd6740
TR-08499,2024-10-21,2024-10-01,COMP,FORN-00044,DESPESA,1035.772430679374,1035.772430679374,BRL,Manutenção de equipamentos de COMP,28,BOLETO,PAGO,cd84a39c-feaa-44f3-8973-81bec6fbb53e,2024-11-05,ERP_CORPORATIVO,TRANSACOES_FINANCEIRAS,8499,590490a4fe9f3423384d330c537acad200078d1c7b1271521a60ab1b363910e7
TR-08500,2024-10-14,2024-10-01,FIN,FORN-00044,RECEITA,9490.655661008099,9490.655661008099,BRL,Aquisição de material operacional - FIN,2,PIX,PAGO,cd84a39c-feaa-44f3-8973-81bec6fbb53e,2024-11-05,ERP_CORPORATIVO,TRANSACOES_FINANCEIRAS,8500,b08c72208597c81f858caf08aee3a98e4f37fa680f64775a6cfca486ae44a1c2
TR-08813,2024-10-28,2024-10-01,MKT,FORN-00045,DESPESA,1831.580867199141,1831.580867199141,BRL,Licença de software para área MKT,27,TED,PAGO,cd84a39c-feaa-44f3-8973-81bec6fbb53e,2024-11-05,ERP_CORPORATIVO,TRANSACOES_FINANCEIRAS,8813,2aacb13b8eea9970beb899f40308dcfac90b4746bb901acdfa859b3afa8729c5
TR-08814,2024-10-18,2024-10-01,JUR,FORN-00045,DESPESA,1645.5539818362806,1567.0699676087866,BRL,Aquisição de material operacional - JUR,2,BOLETO,PAGO,cd84a39c-feaa-44f3-8973-81bec6fbb53e,2024-11-05,ERP_CORPORATIVO,TRANSACOES_FINANCEIRAS,8814,1adffe51efffbf1da32848496754665710444ba3c64c8a5f408e575c06c7e23d
TR-08815,2024-10-24,2024-10-01,MKT,FORN-00045,DESPESA,1497.5043044501028,1497.5043044501028,BRL,Custo operacional associado a MKT,8,BOLETO,ATRASADO,cd84a39c-feaa-44f3-8973-81bec6fbb53e,2024-11-05,ERP_CORPORATIVO,TRANSACOES_FINANCEIRAS,8815,be847bed1f2543d25d86455c58c2eaeb18007dc3a026b9d44fb0c020a263bf9f
TR-08816,2024-10-28,2024-10-01,CPT,FORN-00045,DESPESA,1692.4009709930174,1692.4009709930174,BRL,Serviço especializado solicitado por CPT,1,BOLETO,PAGO,cd84a39c-feaa-44f3-8973-81bec6fbb53e,2024-11-05,ERP_CORPORATIVO,TRANSACOES_FINANCEIRAS,8816,89908c93f25ea7cc4c70191bb2ddd0b5ce5817846644942c847035db569e99d8
TR-08817,2024-10-21,2024-10-01,ATD,FORN-00045,DESPESA,1559.8858324508547,1559.8858324508547,BRL,Investimento em marketing corporativo (ATD),4,TED,PAGO,cd84a39c-feaa-44f3-8973-81bec6fbb53e,2024-11-05,ERP_CORPORATIVO,TRANSACOES_FINANCEIRAS,8817,83fc850f8b09b2f94fcd0644a9df7c4f55e2aa6b4633d98f69c097de94c9ca07
TR-08818,2024-10-14,2024-10-01,COMP,FORN-00045,DESPESA,1764.366055891963,1694.5123070697996,BRL,Despesa de infraestrutura - COMP,3,TRANSFERENCIA,PAGO,cd84a39c-feaa-44f3-8973-81bec6fbb53e,2024-11-05,ERP_CORPORATIVO,TRANSACOES_FINANCEIRAS,8818,d6d3c3700cbc50496f5bf83c50a77e887d23ef21704c521a38f2eb180cfd0710
TR-08819,2024-10-14,2024-10-01,COMP,FORN-00045,DESPESA,1701.0027574288483,1631.6842048811873,BRL,Manutenção estrutural vinculada à área COMP,3,TED,PAGO,cd84a39c-feaa-44f3-8973-81bec6fbb53e,2024-11-05,ERP_CORPORATIVO,TRANSACOES_FINANCEIRAS,8819,53bec070839b5e2de97b96d0b19cb63b177447e4405f5fd147f36e1c27d70127
TR-08820,2024-10-10,2024-10-01,CPT,FORN-00045,RECEITA,1661.2693711010868,1661.2693711010868,USD,Tributo incidente sobre receita de CPT,40,TED,PAGO,cd84a39c-feaa-44f3-8973-81bec6fbb53e,2024-11-05,ERP_CORPORATIVO,TRANSACOES_FINANCEIRAS,8820,ad7a8ad0a022d391edefbf2338162fc73f494699b3f22201b4e1c6948ba693d3
TR-08821,2024-10-14,2024-10-01,COM,FORN-00045,DESPESA,1589.2071176137947,1589.2071176137947,BRL,Honorários jurídicos - COM,7,BOLETO,PAGO,cd84a39c-feaa-44f3-8973-81bec6fbb53e,2024-11-05,ERP_CORPORATIVO,TRANSACOES_FINANCEIRAS,8821,ce76052809d6d422471d7ad3239567b6e8e2badbe41b2fb03fd394c58fd90aab
TR-08822,2024-10-18,2024-10-01,JUR,FORN-00045,DESPESA,1826.6899062870455,1826.6899062870455,BRL,Aquisição de material operacional - JUR,2,TRANSFERENCIA,PAGO,cd84a39c-feaa-44f3-8973-81bec6fbb53e,2024-11-05,ERP_CORPORATIVO,TRANSACOES_FINANCEIRAS,8822,111b9694ec40ac2f9d39576f8102fa4640699976fd274dd88efc51ba21a91051
TR-08823,2024-10-04,2024-10-01,COMP,FORN-00045,DESPESA,1812.7189647003806,1812.7189647003806,BRL,Juros sobre operação financeira - COMP,23,PIX,PAGO,cd84a39c-feaa-44f3-8973-81bec6fbb53e,2024-11-05,ERP_CORPORATIVO,TRANSACOES_FINANCEIRAS,8823,76da6214265966bb337a67537c8ffdb21c6049951cf0e960df15ab9db08e9838
TR-09052,2024-10-21,2024-10-01,CPT,FORN-00046,RECEITA,4965.208843512418,4965.208843512418,BRL,Viagem corporativa - CPT,18,TED,PAGO,cd84a39c-feaa-44f3-8973-81bec6fbb53e,2024-11-05,ERP_CORPORATIVO,TRANSACOES_FINANCEIRAS,9052,c7c10ba2129d2ba31e4a8c3506aeefd5f9771f365b6679e606b367f27b516abf
TR-09053,2024-10-07,2024-10-01,RH,FORN-00046,RECEITA,4798.459652712064,4798.459652712064,BRL,Aquisição de material operacional - RH,2,CARTAO,PAGO,cd84a39c-feaa-44f3-8973-81bec6fbb53e,2024-11-05,ERP_CORPORATIVO,TRANSACOES_FINANCEIRAS,9053,1ec4c38eecee779224c06769b2f7bfd95bb44b53e92882fce1f6b84a8ea1b7f8
TR-09054,2024-10-07,2024-10-01,RH,FORN-00046,DESPESA,4876.022995891872,4876.022995891872,BRL,Custo operacional associado a RH,8,PIX,PAGO,cd84a39c-feaa-44f3-8973-81bec6fbb53e,2024-11-05,ERP_CORPORATIVO,TRANSACOES_FINANCEIRAS,9054,b5b27cf58a6479b6f0b736938de92d76c37a6d709a2cef560b2a4a4d6cb9b92a
TR-09055,2024-10-16,2024-10-01,COM,FORN-00046,RECEITA,4937.704530927811,4937.704530927811,BRL,Publicidade institucional - COM,13,CARTAO,PAGO,cd84a39c-feaa-44f3-8973-81bec6fbb53e,2024-11-05,ERP_CORPORATIVO,TRANSACOES_FINANCEIRAS,9055,4015be5d5bd690dcee29f8d0f539de105f98a39d1bd96e2c222914f53dcab8b2
TR-09056,2024-10-14,2024-10-01,MKT,FORN-00046,RECEITA,4986.3085153663915,4986.3085153663915,BRL,Receita extraordinária - MKT,37,CARTAO,CANCELADO,cd84a39c-feaa-44f3-8973-81bec6fbb53e,2024-11-05,ERP_CORPORATIVO,TRANSACOES_FINANCEIRAS,9056,078008666138ad843a6132f93509d6225c098423774a1885532a6e2a22b12c7b
TR-09057,2024-10-07,2024-10-01,QAS,FORN-00046,DESPESA,4900.493072044496,4900.493072044496,BRL,Despesa de infraestrutura - QAS,3,BOLETO,PAGO,cd84a39c-feaa-44f3-8973-81bec6fbb53e,2024-11-05,ERP_CORPORATIVO,TRANSACOES_FINANCEIRAS,9057,bb18601cab13020405563fee104a40f723b016a317996100ac993fb914608bde
TR-09058,2024-10-18,2024-10-01,VND,FORN-00046,DESPESA,4215.3092171006065,4155.759613447128,BRL,Devolução de venda processada por VND,39,PIX,PAGO,cd84a39c-feaa-44f3-8973-81bec6fbb53e,2024-11-05,ERP_CORPORATIVO,TRANSACOES_FINANCEIRAS,9058,4deedcd0e858f8250728e95a6ff17e2f35bac84672efcc9906401df2b688a297
TR-09253,2024-10-16,2024-10-01,TI,1000047,RECEITA,1590.1453575565586,1545.5662852007588,BRL,Investimento em marketing corporativo (TI),4,BOLETO,ATRASADO,cd84a39c-feaa-44f3-8973-81bec6fbb53e,2024-11-05,ERP_CORPORATIVO,TRANSACOES_FINANCEIRAS,9253,012b749a1a34c5dd7c8dfdf6d645ddfec5483858ceb58b3c334b745dec5dd6dc
TR-09254,2024-10-11,2024-10-01,VND,1000047,DESPESA,1633.5191468521273,1633.5191468521273,BRL,Tarifas de serviços financeiros - VND,22,TED,PAGO,cd84a39c-feaa-44f3-8973-81bec6fbb53e,2024-11-05,ERP_CORPORATIVO,TRANSACOES_FINANCEIRAS,9254,1f5cd338c08df6fbf64a5325e31d03bef2f443f06f03f44cd6356960ebfe2b36
TR-09255,2024-10-18,2024-10-01,MKT,1000047,RECEITA,2154.317897808539,2154.317897808539,BRL,Contrato de serviço - setor MKT,1,BOLETO,PAGO,cd84a39c-feaa-44f3-8973-81bec6fbb53e,2024-11-05,ERP_CORPORATIVO,TRANSACOES_FINANCEIRAS,9255,fe729809a969a3ad3c977386934495bfb583c48719ceda87f1fdf7a29a3c4b3f
TR-09256,2024-10-08,2024-10-01,LOG,1000047,RECEITA,2056.020485792822,2056.020485792822,BRL,Promoção e atividade externa - LOG,14,BOLETO,PAGO,cd84a39c-feaa-44f3-8973-81bec6fbb53e,2024-11-05,ERP_CORPORATIVO,TRANSACOES_FINANCEIRAS,9256,6d5f7802cb6b4e1f489317532301ca62d7f5787066871d4e3bd0566540d70279
TR-09257,2024-10-28,2024-10-01,PJT,1000047,DESPESA,1589.7337784852596,1589.7337784852596,BRL,Serviço de tecnologia contratado por PJT,5,BOLETO,ATRASADO,cd84a39c-feaa-44f3-8973-81bec6fbb53e,2024-11-05,ERP_CORPORATIVO,TRANSACOES_FINANCEIRAS,9257,f5d3ea258b33adc4dc0e9110f66541503b8526ddd65c30a97efabc3d83fdfce1
TR-09258,2024-10-23,2024-10-01,COM,1000047,DESPESA,2093.412645972295,2069.2824154458153,BRL,Custo operacional associado a COM,8,TRANSFERENCIA,PAGO,cd84a39c-feaa-44f3-8973-81bec6fbb53e,2024-11-05,ERP_CORPORATIVO,TRANSACOES_FINANCEIRAS,9258,0a21d759f16b8c3520fc620e642fb7022d9b89755014a91e3ae7b20898470e74
TR-09259,2024-10-17,2024-10-01,OP,1000047,DESPESA,1651.2436767180016,1651.2436767180016,BRL,Propaganda e divulgação para área OP,13,PIX,PAGO,cd84a39c-feaa-44f3-8973-81bec6fbb53e,2024-11-05,ERP_CORPORATIVO,TRANSACOES_FINANCEIRAS,9259,903f852072055c18e0b4fa32ac3bfb6c0769d130da3fd89b54102b57e05a8dea
TR-09260,2024-10-14,2024-10-01,COM,1000047,DESPESA,1894.8793951713255,1894.8793951713255,BRL,Royalties recebidos por COM,32,PIX,PAGO,cd84a39c-feaa-44f3-8973-81bec6fbb53e,2024-11-05,ERP_CORPORATIVO,TRANSACOES_FINANCEIRAS,9260,f7d6aa8a4a91eeda2d27da48c9e0150f3d59c56f70802ddf2e6af26a36821508
TR-09495,2024-10-18,2024-10-01,JUR,ACC-00049,DESPESA,6853.4868483181845,6853.4868483181845,BRL,Serviço especializado solicitado por JUR,1,TED,CANCELADO,cd84a39c-feaa-44f3-8973-81bec6fbb53e,2024-11-05,ERP_CORPORATIVO,TRANSACOES_FINANCEIRAS,9495,f9688ffa382182c483d2af3b457e32ea6394e0a38b5a0029e9f15c7edcc1f515
TR-09496,2024-10-14,2024-10-01,ADM,ACC-00049,DESPESA,6882.183184154589,6882.183184154589,BRL,Estorno de receita - ADM,39,CARTAO,PAGO,cd84a39c-feaa-44f3-8973-81bec6fbb53e,2024-11-05,ERP_CORPORATIVO,TRANSACOES_FINANCEIRAS,9496,af19b3b961d80fb9564a5b7290936475393205ce591e4167ce9f4b6846ab79fd
TR-09676,2024-10-14,2024-10-01,OP,ACC-00050,DESPESA,6141.87460654565,6141.87460654565,BRL,Aquisição de material operacional - OP,2,PIX,PAGO,cd84a39c-feaa-44f3-8973-81bec6fbb53e,2024-11-05,ERP_CORPORATIVO,TRANSACOES_FINANCEIRAS,9676,3ef3e1a2b572b99cbb1d4735b9be5cc3a6822d3e49555c949946f70342c51276
TR-09677,2024-10-11,2024-10-01,JUR,ACC-00050,RECEITA,5649.1462752458165,5649.1462752458165,BRL,Produção de material gráfico - JUR,15,PIX,PAGO,cd84a39c-feaa-44f3-8973-81bec6fbb53e,2024-11-05,ERP_CORPORATIVO,TRANSACOES_FINANCEIRAS,9677,3c2292cad33d88b091662796d7d6397a9b2277c895b47c88af9aa1176fbe5d63
TR-09678,2024-10-10,2024-10-01,PES,ACC-00050,DESPESA,6290.129972879956,6290.129972879956,BRL,Venda de ativo imobilizado por PES,35,TED,PAGO,cd84a39c-feaa-44f3-8973-81bec6fbb53e,2024-11-05,ERP_CORPORATIVO,TRANSACOES_FINANCEIRAS,9678,0b2de8918efff6efb4947f94727c7be41a1a8fd341b7d4316a7589a0771a0dda
TR-09679,2024-10-14,2024-10-01,COMP,ACC-00050,DESPESA,5672.484482033812,5672.484482033812,BRL,Campanha institucional - COMP,4,PIX,PAGO,cd84a39c-feaa-44f3-8973-81bec6fbb53e,2024-11-05,ERP_CORPORATIVO,TRANSACOES_FINANCEIRAS,9679,fa39259835787d2f73529427d9e1bb3cc56f0c6f11f824bd71e3c0a50986ed3e
TR-09680,2024-10-18,2024-10-01,OP,ACC-00050,DESPESA,10366.211404970943,10366.211404970943,BRL,Despesa de RH - OP,6,CARTAO,PAGO,cd84a39c-feaa-44f3-8973-81bec6fbb53e,2024-11-05,ERP_CORPORATIVO,TRANSACOES_FINANCEIRAS,9680,75d51f965cc87cb1e5dc5752a81228abee40cf46a61af513bf1d67d66bcef534
TR-09681,2024-10-21,2024-10-01,QAS,ACC-00050,RECEITA,5545.972659425816,5545.972659425816,BRL,Investimento em marketing corporativo (QAS),4,PIX,PAGO,cd84a39c-feaa-44f3-8973-81bec6fbb53e,2024-11-05,ERP_CORPORATIVO,TRANSACOES_FINANCEIRAS,9681,2569dd3a346f8c33b1d21908f97ca4861c8328f1ddb901e0d16492e854542c91
TR-09682,2024-10-09,2024-10-01,TI,ACC-00050,DESPESA,5296.028226000142,5296.028226000142,BRL,Contrato de serviço - setor TI,1,BOLETO,ATRASADO,cd84a39c-feaa-44f3-8973-81bec6fbb53e,2024-11-05,ERP_CORPORATIVO,TRANSACOES_FINANCEIRAS,9682,2f5d5c7c68e6622711f3397b00f852d5a569ef307bc8e91f7503723cb32fff12
TR-09683,2024-10-17,2024-10-01,FIN,ACC-00050,DESPESA,6436.078839454636,6158.43466151317,BRL,Prestação de serviço para área FIN,1,TRANSFERENCIA,PAGO,cd84a39c-feaa-44f3-8973-81bec6fbb53e,2024-11-05,ERP_CORPORATIVO,TRANSACOES_FINANCEIRAS,9683,acea34936995d3f575950912171951334816751f59b7a62b706a63ddb430d0b5
TR-09684,2024-10-14,2024-10-01,COM,ACC-00050,DESPESA,4929.082512176684,4929.082512176684,BRL,Reparo de hardware solicitado por COM,28,TED,PAGO,cd84a39c-feaa-44f3-8973-81bec6fbb53e,2024-11-05,ERP_CORPORATIVO,TRANSACOES_FINANCEIRAS,9684,94f6ebd65ae55b81b3d6fc39fb26b9f47770f64c405d4d5b66cb00aea6cff12e
TR-09685,2024-10-10,2024-10-01,COMP,ACC-00050,DESPESA,2930.632588611999,2930.632588611999,BRL,Contrato de serviço - setor COMP,1,CARTAO,PAGO,cd84a39c-feaa-44f3-8973-81bec6fbb53e,2024-11-05,ERP_CORPORATIVO,TRANSACOES_FINANCEIRAS,9685,6b066f2ecafa43c63830ab4fe1d3619a0ba06e95dcd4c2d06ce6e3625105c4bb
TR-10068,2024-10-15,2024-10-01,COMP,1000052,RECEITA,2620.3013178981873,2620.3013178981873,BRL,Contrato de serviço - setor COMP,1,BOLETO,PAGO,cd84a39c-feaa-44f3-8973-81bec6fbb53e,2024-11-05,ERP_CORPORATIVO,TRANSACOES_FINANCEIRAS,10068,fb5f634b2e910cc6ea092400833ffe1c195033143ee3c6b8078ab86507c3d9f3
TR-10069,2024-10-09,2024-10-01,PJT,1000052,DESPESA,2971.0236983626223,2971.0236983626223,BRL,Serviço relacionado a recursos humanos (PJT),6,BOLETO,ATRASADO,cd84a39c-feaa-44f3-8973-81bec6fbb53e,2024-11-05,ERP_CORPORATIVO,TRANSACOES_FINANCEIRAS,10069,25b3e88d8fc760bd65b111476b1356279f9308d439d8d86f4ad27131ef849484
TR-10070,2024-10-21,2024-10-01,TI,1000052,DESPESA,2251.087409229054,2251.087409229054,BRL,Capacitação profissional vinculada a TI,30,TRANSFERENCIA,PAGO,cd84a39c-feaa-44f3-8973-81bec6fbb53e,2024-11-05,ERP_CORPORATIVO,TRANSACOES_FINANCEIRAS,10070,21f78a67f88add635b29b6e0e35d9af7315809f3926e19daff2ddb4ef9cd96d3
TR-10071,2024-10-14,2024-10-01,TI,1000052,DESPESA,2622.992998170829,2558.658235608231,BRL,Alienação de bem patrimonial - TI,35,TED,PAGO,cd84a39c-feaa-44f3-8973-81bec6fbb53e,2024-11-05,ERP_CORPORATIVO,TRANSACOES_FINANCEIRAS,10071,66d35413ec6e94917c4289604ad147273266df7f65cdffbf75a89d16bb09ff3b
TR-10072,2024-10-24,2024-10-01,CPT,1000052,DESPESA,2415.0209183826555,2415.0209183826555,BRL,Contrato de serviço - setor CPT,1,CARTAO,PAGO,cd84a39c-feaa-44f3-8973-81bec6fbb53e,2024-11-05,ERP_CORPORATIVO,TRANSACOES_FINANCEIRAS,10072,0954b4ad020d61a36e7a174085fed686f11a3155437c10aa7888b3ac6bfbad29
TR-10073,2024-10-21,2024-10-01,ESG,1000052,DESPESA,2229.96931924245,2158.366665084036,BRL,Investimento em marketing corporativo (ESG),4,TED,ATRASADO,cd84a39c-feaa-44f3-8973-81bec6fbb53e,2024-11-05,ERP_CORPORATIVO,TRANSACOES_FINANCEIRAS,10073,3fcd7a49764dd4f0b087ee39b604c82041d146c075e03c2a85a03cbb27a3075f
TR-10074,2024-10-14,2024-10-01,MKT,1000052,DESPESA,2875.49243990772,2875.49243990772,BRL,Despesa de infraestrutura - MKT,3,CARTAO,PAGO,cd84a39c-feaa-44f3-8973-81bec6fbb53e,2024-11-05,ERP_CORPORATIVO,TRANSACOES_FINANCEIRAS,10074,d6360e5aa2d7d979e6fda1fd2978bca4cd351c235c127174ae39dcaaf5e70776
TR-10075,2024-10-15,2024-10-01,MKT,1000052,DESPESA,2282.483098067097,2282.483098067097,BRL,Licença de software para área MKT,27,CARTAO,PAGO,cd84a39c-feaa-44f3-8973-81bec6fbb53e,2024-11-05,ERP_CORPORATIVO,TRANSACOES_FINANCEIRAS,10075,db4c16d5300355ea51ac0c8c25bb8cc207c8b6ad003aef7017e0bf2fbbe062df
TR-10076,2024-10-25,2024-10-01,TI,1000052,RECEITA,2769.756322062379,2769.756322062379,BRL,Imposto sobre venda apurado em TI,40,TRANSFERENCIA,PAGO,cd84a39c-feaa-44f3-8973-81bec6fbb53e,2024-11-05,ERP_CORPORATIVO,TRANSACOES_FINANCEIRAS,10076,33574a03559901c3a4e1dea6e096d5c17186640b9c48a314e500b6612417983a
TR-10077,2024-10-16,2024-10-01,COMP,1000052,DESPESA,2143.033827428891,2143.033827428891,BRL,Despesa operacional - COMP,8,BOLETO,PAGO,cd84a39c-feaa-44f3-8973-81bec6fbb53e,2024-11-05,ERP_CORPORATIVO,TRANSACOES_FINANCEIRAS,10077,528bf99c5fccb125c6d92aa0c3baa452d1818007925359dd93117007d38a3121
TR-10078,2024-10-21,2024-10-01,COMP,1000052,DESPESA,2393.3154424024015,2337.632337837002,BRL,Participação nos resultados vinculada a COMP,34,PIX,PAGO,cd84a39c-feaa-44f3-8973-81bec6fbb53e,2024-11-05,ERP_CORPORATIVO,TRANSACOES_FINANCEIRAS,10078,5b077efc9f39f6109cfdada3a6c3e137b247969a1c91c9a13dba8ecf58b7fdcd
TR-10079,2024-10-28,2024-10-01,COM,1000052,DESPESA,2661.4852906898645,2661.4852906898645,BRL,Serviço técnico especializado para COM,11,TRANSFERENCIA,ATRASADO,cd84a39c-feaa-44f3-8973-81bec6fbb53e,2024-11-05,ERP_CORPORATIVO,TRANSACOES_FINANCEIRAS,10079,ea9ff969f5aaab5c5e60a24c0fe413e74caba76b9239ca2063698de1edf69f9a
TR-10080,2024-10-21,2024-10-01,SEC,1000052,RECEITA,2700.288682950814,2619.652036540081,BRL,Doação recebida em favor de SEC,36,PIX,PAGO,cd84a39c-feaa-44f3-8973-81bec6fbb53e,2024-11-05,ERP_CORPORATIVO,TRANSACOES_FINANCEIRAS,10080,bc71bd48b448b3a25c634bf1e401d7df631c710bb8e4236ef02cb99b0c74b3fa
TR-10081,2024-10-04,2024-10-01,FIN,1000052,RECEITA,2625.756783394909,2625.756783394909,BRL,Honorários jurídicos - FIN,7,TRANSFERENCIA,PAGO,cd84a39c-feaa-44f3-8973-81bec6fbb53e,2024-11-05,ERP_CORPORATIVO,TRANSACOES_FINANCEIRAS,10081,302c211dd10302fda12777ef7404d1061e79b26f580c325a4d6dcd4ac5b62971
TR-10082,2024-10-11,2024-10-01,CPT,1000052,DESPESA,2773.812799029527,2651.5317857220757,BRL,Despesa operacional - CPT,8,BOLETO,PAGO,cd84a39c-feaa-44f3-8973-81bec6fbb53e,2024-11-05,ERP_CORPORATIVO,TRANSACOES_FINANCEIRAS,10082,db8d18b31178f240c2289dfb50cfbce3964dc525581479a2ead302653b68b458
TR-10083,2024-10-11,2024-10-01,FIN,1000052,DESPESA,2442.0084179920846,2347.825374586697,BRL,Despesa jurídica da área FIN,24,TED,PAGO,cd84a39c-feaa-44f3-8973-81bec6fbb53e,2024-11-05,ERP_CORPORATIVO,TRANSACOES_FINANCEIRAS,10083,509ea83e0fc9c8df939de5e818baff33a5b7a3edf30e9b8190ad8355ce7dca97
TR-10084,2024-10-15,2024-10-01,MKT,1000052,RECEITA,2889.026821014814,2839.557493933571,BRL,Receita extraordinária - MKT,37,CARTAO,PAGO,cd84a39c-feaa-44f3-8973-81bec6fbb53e,2024-11-05,ERP_CORPORATIVO,TRANSACOES_FINANCEIRAS,10084,f6579ea78fd98ca6f52e282b74379caa2f6b830c4755d233959affc8d49e4a1f
TR-10085,2024-10-14,2024-10-01,LOG,1000052,RECEITA,5630.043556108946,5630.043556108946,BRL,Despesa de infraestrutura - LOG,3,PIX,PAGO,cd84a39c-feaa-44f3-8973-81bec6fbb53e,2024-11-05,ERP_CORPORATIVO,TRANSACOES_FINANCEIRAS,10085,450f4ecbb35bce4a73a64e6c5fe95fff9148e1a7a63d24ca6a90332dbb03507f
TR-10086,2024-10-17,2024-10-01,FIN,1000052,DESPESA,2705.161530936692,2659.1582119877094,BRL,Suporte técnico para sistemas de FIN,29,TED,PAGO,cd84a39c-feaa-44f3-8973-81bec6fbb53e,2024-11-05,ERP_CORPORATIVO,TRANSACOES_FINANCEIRAS,10086,cdcf00fedf81923720a4ebee2991e77503eee6376be7b5837387ddb57cffbe80
TR-10087,2024-10-24,2024-10-01,COMP,1000052,RECEITA,2606.583019865772,2606.583019865772,BRL,Locação de espaço comercial - COMP,31,TRANSFERENCIA,PAGO,cd84a39c-feaa-44f3-8973-81bec6fbb53e,2024-11-05,ERP_CORPORATIVO,TRANSACOES_FINANCEIRAS,10087,0ff23a0f715a59196bcb0513705de985dd315021f70a2304853433c99350bb2e
TR-10401,2024-10-21,2024-10-01,LOG,FORN-00054,DESPESA,2062.762036753307,1974.8959328230274,BRL,Locação de espaço comercial - LOG,31,BOLETO,ATRASADO,cd84a39c-feaa-44f3-8973-81bec6fbb53e,2024-11-05,ERP_CORPORATIVO,TRANSACOES_FINANCEIRAS,10401,468b06bce98c4ea444f73a27da37d420497efabf77208cc2b5e0238402eedbf5
TR-10402,2024-10-14,2024-10-01,CPT,FORN-00054,DESPESA,2193.6688046298987,2144.2365513866653,BRL,Aquisição de material operacional - CPT,2,TED,PAGO,cd84a39c-feaa-44f3-8973-81bec6fbb53e,2024-11-05,ERP_CORPORATIVO,TRANSACOES_FINANCEIRAS,10402,3ba5c2c1690d08d5795ddf20d22363504d0ed329c34fa46b2a24c8dea1fb37b3
TR-10403,2024-10-14,2024-10-01,COMP,FORN-00054,DESPESA,2617.5852494348387,2553.7654440298957,BRL,Receita extraordinária - COMP,37,BOLETO,PAGO,cd84a39c-feaa-44f3-8973-81bec6fbb53e,2024-11-05,ERP_CORPORATIVO,TRANSACOES_FINANCEIRAS,10403,8f5fcf498e5b14672df509f94bc7d28be392bcc50e7c31c0619e8161635c02a1
TR-10404,2024-10-17,2024-10-01,RH,FORN-00054,DESPESA,2412.353322641468,2412.353322641468,BRL,Resultado de equivalência patrimonial - RH,34,BOLETO,ATRASADO,cd84a39c-feaa-44f3-8973-81bec6fbb53e,2024-11-05,ERP_CORPORATIVO,TRANSACOES_FINANCEIRAS,10404,70eca68dcfaca20189f4a61eea22ede82194a29e1bb9e963b8bfa27f01054275
TR-10405,2024-10-21,2024-10-01,CTB,FORN-00054,DESPESA,2163.8242665724974,2136.1891572202962,BRL,Aquisição de material operacional - CTB,2,TED,CANCELADO,cd84a39c-feaa-44f3-8973-81bec6fbb53e,2024-11-05,ERP_CORPORATIVO,TRANSACOES_FINANCEIRAS,10405,881176d4a85bc3ac6382e63f9cb4bce71287945773984aa73f9e0bcc94b9b596
TR-10406,2024-10-30,2024-10-01,TI,FORN-00054,DESPESA,2174.479949756794,2174.479949756794,BRL,Custo operacional associado a TI,8,TED,PAGO,cd84a39c-feaa-44f3-8973-81bec6fbb53e,2024-11-05,ERP_CORPORATIVO,TRANSACOES_FINANCEIRAS,10406,432dc3bcbbf00d2f9c49959b01aa40960a508d7d571b6b97f4626ab21793858b
TR-10407,2024-10-14,2024-10-01,COMP,FORN-00054,DESPESA,2058.62529794252,2058.62529794252,BRL,Compra de insumos para setor COMP,2,BOLETO,PAGO,cd84a39c-feaa-44f3-8973-81bec6fbb53e,2024-11-05,ERP_CORPORATIVO,TRANSACOES_FINANCEIRAS,10407,fb5378a636cfc1b5cdea68741051a842ac3c32fc9dd0033c5ba85b75a781071b
TR-10408,2024-10-14,2024-10-01,RH,FORN-00054,RECEITA,2487.1157861347556,2395.678103561738,BRL,Despesa operacional - RH,8,TED,ATRASADO,cd84a39c-feaa-44f3-8973-81bec6fbb53e,2024-11-05,ERP_CORPORATIVO,TRANSACOES_FINANCEIRAS,10408,e433ae20e80c4c6776932ffc38b340633161e41d289d019495e2ae8ac7fb3ae2
TR-10409,2024-10-07,2024-10-01,PJT,FORN-00054,DESPESA,2516.945311719737,2436.886429950957,BRL,Receita extraordinária - PJT,37,TED,PAGO,cd84a39c-feaa-44f3-8973-81bec6fbb53e,2024-11-05,ERP_CORPORATIVO,TRANSACOES_FINANCEIRAS,10409,d45401e3b520d4f0ee02fb9effa93383379be918d166d3fa4ddd7c3efc6ad31c
TR-10410,2024-10-14,2024-10-01,CTB,FORN-00054,DESPESA,1950.8492781994653,1950.8492781994653,BRL,Contrato de serviço - setor CTB,1,BOLETO,PAGO,cd84a39c-feaa-44f3-8973-81bec6fbb53e,2024-11-05,ERP_CORPORATIVO,TRANSACOES_FINANCEIRAS,10410,b7098bb42a3a4376630460a5b06188fd4f82d15ee80a22dc6d5d0736211f5490
TR-10411,2024-10-07,2024-10-01,COM,FORN-00054,DESPESA,1877.6599816569021,1877.6599816569021,BRL,Compra de insumos para setor COM,2,PIX,PAGO,cd84a39c-feaa-44f3-8973-81bec6fbb53e,2024-11-05,ERP_CORPORATIVO,TRANSACOES_FINANCEIRAS,10411,5f2c1fd43dad2403109ee915540e53aa00033e1928c4defb60b85a4851586e7e
TR-10412,2024-10-17,2024-10-01,FIN,FORN-00054,DESPESA,2160.2848779782903,2160.2848779782903,BRL,Assessoria contábil prestada a FIN,25,CARTAO,CANCELADO,cd84a39c-feaa-44f3-8973-81bec6fbb53e,2024-11-05,ERP_CORPORATIVO,TRANSACOES_FINANCEIRAS,10412,8c868254e33bf7575bbfb48a5eee6d876ac9d206ce78f38428a0b069cbfb61ab
TR-10413,2024-10-18,2024-10-01,COMP,FORN-00054,RECEITA,2186.933938035033,2186.933938035033,BRL,Serviço de tecnologia contratado por COMP,5,PIX,PAGO,cd84a39c-feaa-44f3-8973-81bec6fbb53e,2024-11-05,ERP_CORPORATIVO,TRANSACOES_FINANCEIRAS,10413,80d2083113300642f02d36aded39c53ff807f5028ceb5bbf8e92b1f17a8ec0c1
TR-10414,2024-10-22,2024-10-01,PES,FORN-00054,RECEITA,2288.6412176818067,2288.6412176818067,BRL,Honorários jurídicos - PES,7,TRANSFERENCIA,ATRASADO,cd84a39c-feaa-44f3-8973-81bec6fbb53e,2024-11-05,ERP_CORPORATIVO,TRANSACOES_FINANCEIRAS,10414,5a2f256789cfeb683ed8ab7df906806d522c368fe2faa6b17f4cd2eba9a3f236
TR-10415,2024-10-07,2024-10-01,FIN,FORN-00054,DESPESA,1886.3085698965856,1886.3085698965856,BRL,Serviços contábeis externos - FIN,25,PIX,ATRASADO,cd84a39c-feaa-44f3-8973-81bec6fbb53e,2024-11-05,ERP_CORPORATIVO,TRANSACOES_FINANCEIRAS,10415,639cf0cebf0b259f6d404520c7933dc6a97d324cb213dd1d4f3e2ea3837a862e
TR-10416,2024-10-14,2024-10-01,MKT,FORN-00054,DESPESA,2076.1806912565344,2041.008903093121,BRL,Imposto sobre venda apurado em MKT,40,TRANSFERENCIA,PAGO,cd84a39c-feaa-44f3-8973-81bec6fbb53e,2024-11-05,ERP_CORPORATIVO,TRANSACOES_FINANCEIRAS,10416,f9e50ffe458fc782232e69157ff350bcc023c5a19011cec7f45a897ba1b977c5
TR-10417,2024-10-15,2024-10-01,MKT,FORN-00054,RECEITA,2211.8990988231417,2211.8990988231417,BRL,Capacitação profissional vinculada a MKT,30,TRANSFERENCIA,PAGO,cd84a39c-feaa-44f3-8973-81bec6fbb53e,2024-11-05,ERP_CORPORATIVO,TRANSACOES_FINANCEIRAS,10417,34bfb35395e77e0ed7d8f4b5d66e053dd7d732cc61219b9ac1316d2d2493d7ba
TR-10635,2024-10-14,2024-10-01,OP,ACC-00055,RECEITA,1373.9927891636755,1373.9927891636755,BRL,Reparo de hardware solicitado por OP,28,CARTAO,ATRASADO,cd84a39c-feaa-44f3-8973-81bec6fbb53e,2024-11-05,ERP_CORPORATIVO,TRANSACOES_FINANCEIRAS,10635,9409e5eea01e45a957a858485283947cd782b806cb42445460c15b641de21cc2
TR-10636,2024-10-07,2024-10-01,ADM,ACC-00055,DESPESA,1811.3697855124367,1793.0539640095683,BRL,Serviço de tecnologia contratado por ADM,5,TED,PAGO,cd84a39c-feaa-44f3-8973-81bec6fbb53e,2024-11-05,ERP_CORPORATIVO,TRANSACOES_FINANCEIRAS,10636,9ce9e9f7de0a8c7833d2875f2d9e416bdd44456ddf61b45a4960d7a7d2cffedf
TR-10637,2024-10-08,2024-10-01,ADM,ACC-00055,DESPESA,1755.5648636873661,1755.5648636873661,BRL,Comissão recebida por ADM,33,CARTAO,PAGO,cd84a39c-feaa-44f3-8973-81bec6fbb53e,2024-11-05,ERP_CORPORATIVO,TRANSACOES_FINANCEIRAS,10637,59ae9a332b855ab27510b0ebfcb6f2123760cd402e823b9f818950f1324b6ddd
TR-10638,2024-10-21,2024-10-01,COMP,ACC-00055,RECEITA,1520.3457483327709,1520.3457483327709,BRL,Resultado de equivalência patrimonial - COMP,34,TRANSFERENCIA,PAGO,cd84a39c-feaa-44f3-8973-81bec6fbb53e,2024-11-05,ERP_CORPORATIVO,TRANSACOES_FINANCEIRAS,10638,7e7871f7d6291036c40e189a6c6b5127baca21bdc8dab03e906b7fe08a412415
TR-10639,2024-10-17,2024-10-01,OP,ACC-00055,DESPESA,1459.4362971042638,1459.4362971042638,BRL,Resultado de equivalência patrimonial - OP,34,TED,ATRASADO,cd84a39c-feaa-44f3-8973-81bec6fbb53e,2024-11-05,ERP_CORPORATIVO,TRANSACOES_FINANCEIRAS,10639,67f2e71e0329cb612baff2ab57fb75b5deb3148fdd63d3c4aa39940e705d5a2f
TR-10640,2024-10-03,2024-10-01,CPT,ACC-00055,RECEITA,3460.2839760263464,3395.6512864359042,BRL,Despesa operacional - CPT,8,PIX,CANCELADO,cd84a39c-feaa-44f3-8973-81bec6fbb53e,2024-11-05,ERP_CORPORATIVO,TRANSACOES_FINANCEIRAS,10640,ec2cd48402a00f6a53dca6da9a3f61b356c93801ea1f82f9ee16d2f13ffe55a6
TR-10641,2024-10-21,2024-10-01,COMP,ACC-00055,DESPESA,1734.8685474668312,1734.8685474668312,BRL,Resultado de equivalência patrimonial - COMP,34,TRANSFERENCIA,ATRASADO,cd84a39c-feaa-44f3-8973-81bec6fbb53e,2024-11-05,ERP_CORPORATIVO,TRANSACOES_FINANCEIRAS,10641,455904c36964eed9572e6329433ce01c8e07d875a2e442999ce86f0e4dbac932
TR-10643,2024-10-08,2024-10-01,RH,ACC-00055,DESPESA,1739.1299380728422,1663.0137593863499,BRL,Serviço relacionado a recursos humanos (RH),6,CARTAO,PAGO,cd84a39c-feaa-44f3-8973-81bec6fbb53e,2024-11-05,ERP_CORPORATIVO,TRANSACOES_FINANCEIRAS,10643,0ce3e1f025c08bfaa9dbbdee8dd7994f0140573e23937e223308d61eed40b8fb
TR-10644,2024-10-07,2024-10-01,OP,ACC-00055,RECEITA,1489.3874949512622,1489.3874949512622,BRL,Comissão recebida por OP,33,TRANSFERENCIA,PAGO,cd84a39c-feaa-44f3-8973-81bec6fbb53e,2024-11-05,ERP_CORPORATIVO,TRANSACOES_FINANCEIRAS,10644,152b4e50b89fe81e69c07932335b5fcda3c4aa4dfcfe9a3c56050da0741271d3
TR-10976,2024-10-15,2024-10-01,COM,ACC-00056,DESPESA,6399.596098262202,6399.596098262202,BRL,Despesa operacional - COM,8,PIX,PAGO,cd84a39c-feaa-44f3-8973-81bec6fbb53e,2024-11-05,ERP_CORPORATIVO,TRANSACOES_FINANCEIRAS,10976,02afd56fd9fd0126802e964ec88348b68c2ac22a093ec3422936f65f8844b17d
TR-10977,2024-10-10,2024-10-01,COM,ACC-00056,DESPESA,7060.548007273636,6730.613419973066,USD,Produção de material gráfico - COM,15,PIX,PAGO,cd84a39c-feaa-44f3-8973-81bec6fbb53e,2024-11-05,ERP_CORPORATIVO,TRANSACOES_FINANCEIRAS,10977,88e880f7514ddcbb29975f68239fd4f740fa82ceabe171190845b9c1a14994bd
TR-10978,2024-10-16,2024-10-01,COMP,ACC-00056,DESPESA,6583.97291320792,6432.973228860071,BRL,Compra de insumos para setor COMP,2,TED,PAGO,cd84a39c-feaa-44f3-8973-81bec6fbb53e,2024-11-05,ERP_CORPORATIVO,TRANSACOES_FINANCEIRAS,10978,971b15289ae8db23c15f7b35037468b7bfb11c177f11b05a213a6c1054cbf751
TR-10979,2024-10-08,2024-10-01,ATD,ACC-00056,RECEITA,6413.987526680432,6413.987526680432,BRL,Serviço de telefonia e internet - ATD,9,PIX,PAGO,cd84a39c-feaa-44f3-8973-81bec6fbb53e,2024-11-05,ERP_CORPORATIVO,TRANSACOES_FINANCEIRAS,10979,987408f166ab001b31d22404a2370be155acf040bc4b54bad730de89a11ab892
TR-10980,2024-10-21,2024-10-01,CTB,ACC-00056,RECEITA,7996.8989978102245,7885.065804280359,BRL,Manutenção estrutural vinculada à área CTB,3,TRANSFERENCIA,PAGO,cd84a39c-feaa-44f3-8973-81bec6fbb53e,2024-11-05,ERP_CORPORATIVO,TRANSACOES_FINANCEIRAS,10980,95218ea2c14bf3f9c8276be38a2233747993e228baac1180d7adf989c57ed0cd
TR-10981,2024-10-16,2024-10-01,FIN,ACC-00056,DESPESA,7637.384687361677,7637.384687361677,BRL,Licença de software para área FIN,27,TRANSFERENCIA,PAGO,cd84a39c-feaa-44f3-8973-81bec6fbb53e,2024-11-05,ERP_CORPORATIVO,TRANSACOES_FINANCEIRAS,10981,01ab2b676a2ede39f299e7bc5527d6fc52914891a28e52c3ad556eb0e3b01acd
TR-10982,2024-10-14,2024-10-01,OP,ACC-00056,DESPESA,6538.139973028282,6351.110852201634,BRL,Serviço especializado solicitado por OP,1,TRANSFERENCIA,ATRASADO,cd84a39c-feaa-44f3-8973-81bec6fbb53e,2024-11-05,ERP_CORPORATIVO,TRANSACOES_FINANCEIRAS,10982,1f09cbc2a41375e899fed1814996e699705c2a5eedb659cf68cd3f1e5c236b6b
TR-10983,2024-10-21,2024-10-01,ESG,ACC-00056,DESPESA,7849.418663798243,7693.120746280851,BRL,Passagem aérea para colaborador de ESG,18,PIX,PAGO,cd84a39c-feaa-44f3-8973-81bec6fbb53e,2024-11-05,ERP_CORPORATIVO,TRANSACOES_FINANCEIRAS,10983,19bb0bcd3174124e9e9a4ed6ce3ab41b641c4aaa9787e27755984f2aae1f8f9d
TR-10984,2024-10-22,2024-10-01,ADM,ACC-00056,RECEITA,7365.271474593193,7365.271474593193,BRL,Direitos de propriedade intelectual - ADM,32,BOLETO,PAGO,cd84a39c-feaa-44f3-8973-81bec6fbb53e,2024-11-05,ERP_CORPORATIVO,TRANSACOES_FINANCEIRAS,10984,fb8f352ab38847e13981c80d59cf89c4531bf5f9976879dbdbf80d6fe29fcad5
TR-10985,2024-10-28,2024-10-01,CPT,ACC-00056,RECEITA,6919.598164948693,6919.598164948693,BRL,Aquisição de material operacional - CPT,2,TED,PAGO,cd84a39c-feaa-44f3-8973-81bec6fbb53e,2024-11-05,ERP_CORPORATIVO,TRANSACOES_FINANCEIRAS,10985,3b47b69f16c8a1f0480246548bebef5aa186295af3a6692a3f76ee7999c206ab
TR-10986,2024-10-24,2024-10-01,FIN,ACC-00056,RECEITA,8372.64786327683,8372.64786327683,BRL,Contrato de serviço - setor FIN,1,BOLETO,PAGO,cd84a39c-feaa-44f3-8973-81bec6fbb53e,2024-11-05,ERP_CORPORATIVO,TRANSACOES_FINANCEIRAS,10986,9840261be5c0e17ae41b953e26829c36e82b720105c3e4ec5d49af60d8444f48
TR-10987,2024-10-28,2024-10-01,COMP,ACC-00056,DESPESA,7362.74168087161,7362.74168087161,USD,Serviço de tecnologia contratado por COMP,5,TRANSFERENCIA,PAGO,cd84a39c-feaa-44f3-8973-81bec6fbb53e,2024-11-05,ERP_CORPORATIVO,TRANSACOES_FINANCEIRAS,10987,4a3de17d301b9168766b485a9f1d0a9ebdad8ab3074ce7f23df37ce31fe51d05
TR-10988,2024-10-21,2024-10-01,PES,ACC-00056,DESPESA,8530.484892263135,8420.233627905563,BRL,Honorários jurídicos - PES,7,TRANSFERENCIA,PAGO,cd84a39c-feaa-44f3-8973-81bec6fbb53e,2024-11-05,ERP_CORPORATIVO,TRANSACOES_FINANCEIRAS,10988,e1f9c038fca1050db97a875b741ad289f5bac743db59894a0ceacea1d67d4aa9
TR-10989,2024-10-08,2024-10-01,MKT,ACC-00056,DESPESA,7557.077681506766,7557.077681506766,BRL,Manutenção de equipamentos de MKT,28,BOLETO,PAGO,cd84a39c-feaa-44f3-8973-81bec6fbb53e,2024-11-05,ERP_CORPORATIVO,TRANSACOES_FINANCEIRAS,10989,adfb4b142b2e46c210c9480408f0988b5de4b0582952c13a6a4775cbce9840b7
TR-10990,2024-10-02,2024-10-01,CTB,ACC-00056,RECEITA,19087.15057233258,19087.15057233258,BRL,Despesa operacional - CTB,8,TRANSFERENCIA,PAGO,cd84a39c-feaa-44f3-8973-81bec6fbb53e,2024-11-05,ERP_CORPORATIVO,TRANSACOES_FINANCEIRAS,10990,b5af331ba4c30e99ccff4f54c0b7260f86603b2026e9f115ffec358699748bb1
TR-10991,2024-10-14,2024-10-01,MKT,ACC-00056,DESPESA,6412.882652524804,6412.882652524804,BRL,Alimentação em viagem corporativa - MKT,20,TED,PAGO,cd84a39c-feaa-44f3-8973-81bec6fbb53e,2024-11-05,ERP_CORPORATIVO,TRANSACOES_FINANCEIRAS,10991,02711249b8de3f0fb472dd5ec473f764b8f8709081fd0a7faf27e5591543d8eb
TR-11182,2024-10-25,2024-10-01,FIN,ACC-00057,DESPESA,1236.1202637898302,1236.1202637898302,BRL,Campanha institucional - FIN,4,TED,PAGO,cd84a39c-feaa-44f3-8973-81bec6fbb53e,2024-11-05,ERP_CORPORATIVO,TRANSACOES_FINANCEIRAS,11182,7a57d835424550cc3038e9a63dc3ef1aaf937b994f07fbd7cae0423db59dcca8
TR-11183,2024-10-22,2024-10-01,SEC,ACC-00057,DESPESA,1075.44167450241,1075.44167450241,BRL,Despesa de RH - SEC,6,TED,CANCELADO,cd84a39c-feaa-44f3-8973-81bec6fbb53e,2024-11-05,ERP_CORPORATIVO,TRANSACOES_FINANCEIRAS,11183,0235bf98aaf0b039b24999ae0058dc44c410379f672501a753727aa692097963
TR-11184,2024-10-17,2024-10-01,PJT,ACC-00057,RECEITA,1218.7468787229536,1218.7468787229536,BRL,Custo operacional associado a PJT,8,CARTAO,PAGO,cd84a39c-feaa-44f3-8973-81bec6fbb53e,2024-11-05,ERP_CORPORATIVO,TRANSACOES_FINANCEIRAS,11184,2cb729fad5311daeb7eb49303f0b288bf8b08be08dac03363bdb9d84ccea7fb5
TR-11185,2024-10-15,2024-10-01,FIN,ACC-00057,DESPESA,1205.277155594543,1205.277155594543,BRL,Manutenção estrutural vinculada à área FIN,3,TED,PAGO,cd84a39c-feaa-44f3-8973-81bec6fbb53e,2024-11-05,ERP_CORPORATIVO,TRANSACOES_FINANCEIRAS,11185,d102eccb95d5efa19274f4216d4f4d2f3423ee38b379cdcb4ddcdb7641f2d481
TR-11186,2024-10-14,2024-10-01,LOG,ACC-00057,DESPESA,1337.4778254138266,1337.4778254138266,BRL,Serviço de telefonia e internet - LOG,9,TRANSFERENCIA,PAGO,cd84a39c-feaa-44f3-8973-81bec6fbb53e,2024-11-05,ERP_CORPORATIVO,TRANSACOES_FINANCEIRAS,11186,a1a561a53691df3fabf85954da8c64256b5cd1bcb9d0c2d8d0386c77099f2579
TR-11187,2024-10-15,2024-10-01,COMP,ACC-00057,RECEITA,1239.5365696078898,1239.5365696078898,BRL,Prestação de serviço para área COMP,1,TED,PAGO,cd84a39c-feaa-44f3-8973-81bec6fbb53e,2024-11-05,ERP_CORPORATIVO,TRANSACOES_FINANCEIRAS,11187,ef925f1da1ca4f5755b07e96d924fdc70086f30d0eb30e5b87ac13f2c7fa960d
TR-11188,2024-10-01,2024-10-01,COM,ACC-00057,DESPESA,980.8919595034133,980.8919595034133,USD,Abastecimento de veículos - COM,16,PIX,ATRASADO,cd84a39c-feaa-44f3-8973-81bec6fbb53e,2024-11-05,ERP_CORPORATIVO,TRANSACOES_FINANCEIRAS,11188,9595a63f0df0e0effeebb020519d40fcad23506f4c482fb38d1f9de6959d68e0
TR-11189,2024-10-21,2024-10-01,SEC,ACC-00057,RECEITA,1094.2130175663656,1094.2130175663656,BRL,Serviço de tecnologia contratado por SEC,5,CARTAO,PAGO,cd84a39c-feaa-44f3-8973-81bec6fbb53e,2024-11-05,ERP_CORPORATIVO,TRANSACOES_FINANCEIRAS,11189,6e08e50db17c0755336d47f35052591941b6e4e9786c4ba94f902edf448fb1b5
TR-11190,2024-10-10,2024-10-01,CTB,ACC-00057,RECEITA,1091.3753255417837,1091.3753255417837,BRL,Aquisição de material operacional - CTB,2,BOLETO,PAGO,cd84a39c-feaa-44f3-8973-81bec6fbb53e,2024-11-05,ERP_CORPORATIVO,TRANSACOES_FINANCEIRAS,11190,43e332f92185d27285cc01916b422c29bd351d7269de37779ba92aaddb318b6b
TR-11191,2024-10-14,2024-10-01,COMP,ACC-00057,RECEITA,1086.7579296942645,1086.7579296942645,BRL,Despesa jurídica da área COMP,24,PIX,PAGO,cd84a39c-feaa-44f3-8973-81bec6fbb53e,2024-11-05,ERP_CORPORATIVO,TRANSACOES_FINANCEIRAS,11191,727ed0df66a0c608570cea8924641603f61bbaf124d51262d9e0b2f0ff2cd989
TR-11192,2024-10-23,2024-10-01,SEC,ACC-00057,RECEITA,1287.9443337168734,1287.9443337168734,BRL,Licença de software para área SEC,27,CARTAO,PAGO,cd84a39c-feaa-44f3-8973-81bec6fbb53e,2024-11-05,ERP_CORPORATIVO,TRANSACOES_FINANCEIRAS,11192,1bebfdb882147e29fec6e004d1eb57985073018eccd541f268e22d2f3eba126f
TR-11193,2024-10-01,2024-10-01,CPT,ACC-00057,DESPESA,938.0531982835416,938.0531982835416,BRL,Licenciamento de software - CPT,5,PIX,PAGO,cd84a39c-feaa-44f3-8973-81bec6fbb53e,2024-11-05,ERP_CORPORATIVO,TRANSACOES_FINANCEIRAS,11193,3c75c2c5374cf1cedbc36930b85305ae11b5f783ed327edbab5c7065bc7eaf64
TR-11194,2024-10-14,2024-10-01,LOG,ACC-00057,DESPESA,1348.2839315777385,1348.2839315777385,BRL,Licenciamento de software - LOG,5,TED,PAGO,cd84a39c-feaa-44f3-8973-81bec6fbb53e,2024-11-05,ERP_CORPORATIVO,TRANSACOES_FINANCEIRAS,11194,36c06f9a01638bbac38514057417e0955b49d4007b9295834106fb30aa284cc8
TR-11195,2024-10-10,2024-10-01,COMP,ACC-00057,RECEITA,1292.0637892897107,1292.0637892897107,BRL,Manutenção preventiva de veículos - COMP,17,BOLETO,PAGO,cd84a39c-feaa-44f3-8973-81bec6fbb53e,2024-11-05,ERP_CORPORATIVO,TRANSACOES_FINANCEIRAS,11195,b52e31ab2be060099a70f9150beab35aa8a569359e93ea11c43acf28d3338de4
TR-11196,2024-10-28,2024-10-01,COM,ACC-00057,DESPESA,1191.2018354508907,1191.2018354508907,BRL,Certificado digital adquirido por COM,26,BOLETO,PAGO,cd84a39c-feaa-44f3-8973-81bec6fbb53e,2024-11-05,ERP_CORPORATIVO,TRANSACOES_FINANCEIRAS,11196,6c49692d7dac5c62f35e3f0f42850e688031b8e37fb205a0c53cc48b5409cc7d
TR-11624,2024-10-14,2024-10-01,ESG,ACC-00059,DESPESA,1063.74027163125,1049.5745824233684,BRL,Reparo de hardware solicitado por ESG,28,CARTAO,PAGO,cd84a39c-feaa-44f3-8973-81bec6fbb53e,2024-11-05,ERP_CORPORATIVO,TRANSACOES_FINANCEIRAS,11624,8f8881f82bea7e33277fe5d74a0066786fc8d0ad4d7714bdbb8482c92713d6ee
TR-11625,2024-10-17,2024-10-01,MKT,ACC-00059,DESPESA,1358.2102685093564,1358.2102685093564,BRL,Despesa de infraestrutura - MKT,3,BOLETO,PAGO,cd84a39c-feaa-44f3-8973-81bec6fbb53e,2024-11-05,ERP_CORPORATIVO,TRANSACOES_FINANCEIRAS,11625,c0cf915dc56cfcd009b17ac63aa899732654d4b0efae4b31afaef5ea5c3cbed7
TR-11626,2024-10-18,2024-10-01,MKT,ACC-00059,RECEITA,1108.3393260618586,1108.3393260618586,BRL,Assessoria contábil prestada a MKT,25,BOLETO,PAGO,cd84a39c-feaa-44f3-8973-81bec6fbb53e,2024-11-05,ERP_CORPORATIVO,TRANSACOES_FINANCEIRAS,11626,223cef464c2bf6341603c9761cfa321cdd4c13537a298aa7bf0191fe211da316
TR-11627,2024-10-21,2024-10-01,COM,ACC-00059,RECEITA,1255.740679164425,1255.740679164425,BRL,Treinamento corporativo para equipe COM,30,PIX,CANCELADO,cd84a39c-feaa-44f3-8973-81bec6fbb53e,2024-11-05,ERP_CORPORATIVO,TRANSACOES_FINANCEIRAS,11627,db7e6443e70a5594cc72a53961005f0878cdca7aaf34331807ec2ca9a789975a
TR-11628,2024-10-14,2024-10-01,VND,ACC-00059,DESPESA,1092.4413025555584,1092.4413025555584,EUR,Alienação de bem patrimonial - VND,35,TRANSFERENCIA,PAGO,cd84a39c-feaa-44f3-8973-81bec6fbb53e,2024-11-05,ERP_CORPORATIVO,TRANSACOES_FINANCEIRAS,11628,377b237207657c464cfe7fdf9412616f1492f84789429635ac6ebad3334a714c
TR-11629,2024-10-21,2024-10-01,FIN,ACC-00059,DESPESA,1304.02163402178,1304.02163402178,BRL,Serviço de tecnologia contratado por FIN,5,BOLETO,PAGO,cd84a39c-feaa-44f3-8973-81bec6fbb53e,2024-11-05,ERP_CORPORATIVO,TRANSACOES_FINANCEIRAS,11629,860ad306e3534827dcd02ff8e00d997277f74dd8a4fbb15f3a809fb3df25a093
TR-11630,2024-10-10,2024-10-01,TI,ACC-00059,DESPESA,1240.5462343273834,1240.5462343273834,BRL,Serviço de telefonia e internet - TI,9,TRANSFERENCIA,PAGO,cd84a39c-feaa-44f3-8973-81bec6fbb53e,2024-11-05,ERP_CORPORATIVO,TRANSACOES_FINANCEIRAS,11630,7d0f8bbdaaef8f51559ec06182b436433f48617071a918bea4a559b064ab2728
TR-11631,2024-10-01,2024-10-01,SEC,ACC-00059,DESPESA,1174.7147732548133,1137.100452186743,BRL,Despesa de RH - SEC,6,BOLETO,PAGO,cd84a39c-feaa-44f3-8973-81bec6fbb53e,2024-11-05,ERP_CORPORATIVO,TRANSACOES_FINANCEIRAS,11631,97f515dcab4479954e203c16cb88dee3857e0ce47b3eff2f4a745c1abac520a6
TR-11632,2024-10-24,2024-10-01,LOG,ACC-00059,DESPESA,2480.878599834089,2431.875703120817,BRL,Publicidade institucional - LOG,13,BOLETO,PAGO,cd84a39c-feaa-44f3-8973-81bec6fbb53e,2024-11-05,ERP_CORPORATIVO,TRANSACOES_FINANCEIRAS,11632,ae19a49e7f94e7904e3f8d4ad56b3b9e6efdff1ffc8af67a15e05c9563d36e81
TR-11633,2024-10-23,2024-10-01,COM,ACC-00059,DESPESA,3065.613893917399,3065.613893917399,BRL,Serviço relacionado a recursos humanos (COM),6,PIX,PAGO,cd84a39c-feaa-44f3-8973-81bec6fbb53e,2024-11-05,ERP_CORPORATIVO,TRANSACOES_FINANCEIRAS,11633,4cd784146e9bb1bd41c7d4c0e7d541c134dba0c8cfd5c60c558b54548a458e4e
TR-11634,2024-10-18,2024-10-01,TI,ACC-00059,DESPESA,1125.900175656367,1125.900175656367,BRL,Prestação de serviço para área TI,1,BOLETO,PAGO,cd84a39c-feaa-44f3-8973-81bec6fbb53e,2024-11-05,ERP_CORPORATIVO,TRANSACOES_FINANCEIRAS,11634,5e84fd7f4fc29789beba79f9798cc35593d9c5b57c163876b748f9419543de2f
TR-11635,2024-10-21,2024-10-01,COMP,ACC-00059,RECEITA,3386.5139750624667,3386.5139750624667,BRL,Serviço relacionado a recursos humanos (COMP),6,BOLETO,ATRASADO,cd84a39c-feaa-44f3-8973-81bec6fbb53e,2024-11-05,ERP_CORPORATIVO,TRANSACOES_FINANCEIRAS,11635,ca94259df35b02ff3a90a528ace3b83c8e4ddd85896ee08e2bf4148444fdfe1a
TR-11636,2024-10-14,2024-10-01,ATD,ACC-00059,DESPESA,1293.9770404062904,1293.9770404062904,BRL,Royalties recebidos por ATD,32,BOLETO,PAGO,cd84a39c-feaa-44f3-8973-81bec6fbb53e,2024-11-05,ERP_CORPORATIVO,TRANSACOES_FINANCEIRAS,11636,c40ea606d51f15bbcb882811db5895b78af67e56d405444de5bbc27fc0dab1f8
TR-11637,2024-10-07,2024-10-01,MKT,ACC-00059,RECEITA,1351.9919009810465,1318.8566277194434,BRL,Publicidade institucional - MKT,13,PIX,CANCELADO,cd84a39c-feaa-44f3-8973-81bec6fbb53e,2024-11-05,ERP_CORPORATIVO,TRANSACOES_FINANCEIRAS,11637,db855bb7549690c222105daa90d123c4a3b4e48b5fab2cabd3cda8e42396982d
TR-12150,2024-10-08,2024-10-01,COMP,FORN-00063,DESPESA,9046.520669715128,9046.520669715128,BRL,Prestação de serviço para área COMP,1,CARTAO,PAGO,cd84a39c-feaa-44f3-8973-81bec6fbb53e,2024-11-05,ERP_CORPORATIVO,TRANSACOES_FINANCEIRAS,12150,8077fd30f0265142bfbd857f4299a33fc1a6586da192df013733a7d3bbd5e7a2
TR-12151,2024-10-04,2024-10-01,COMP,FORN-00063,RECEITA,8461.658699094593,8354.442023781441,BRL,Serviço especializado solicitado por COMP,1,BOLETO,ATRASADO,cd84a39c-feaa-44f3-8973-81bec6fbb53e,2024-11-05,ERP_CORPORATIVO,TRANSACOES_FINANCEIRAS,12151,77bf08e18abd253879afacfa71a4bee4163b6d0e7f575155354c8b1774bce775
TR-12152,2024-10-18,2024-10-01,FIN,FORN-00063,DESPESA,9245.315084045162,8877.849026836278,BRL,Capacitação profissional vinculada a FIN,30,TED,PAGO,cd84a39c-feaa-44f3-8973-81bec6fbb53e,2024-11-05,ERP_CORPORATIVO,TRANSACOES_FINANCEIRAS,12152,cff7b54040a1b8bdad7866ccd66cbc2fb2db7b5bad80e4114d1ba43943e90f24
TR-12153,2024-10-17,2024-10-01,CTB,FORN-00063,DESPESA,6960.347221148273,6635.975271702186,BRL,Manutenção estrutural vinculada à área CTB,3,TED,PAGO,cd84a39c-feaa-44f3-8973-81bec6fbb53e,2024-11-05,ERP_CORPORATIVO,TRANSACOES_FINANCEIRAS,12153,147fd0949ef63eb1788e0dfdc289edda310da813f946b8c15db9d08c417d6f35
TR-12154,2024-10-14,2024-10-01,FIN,FORN-00063,RECEITA,8224.624236496516,7995.858343206518,BRL,Assessoria contábil prestada a FIN,25,CARTAO,PAGO,cd84a39c-feaa-44f3-8973-81bec6fbb53e,2024-11-05,ERP_CORPORATIVO,TRANSACOES_FINANCEIRAS,12154,c2b71854a58c1d091233c8d35beac736bc27679c41cd53ea1c48697d3638f901
TR-12155,2024-10-14,2024-10-01,OP,FORN-00063,DESPESA,8908.90225352723,8908.90225352723,BRL,Reparo de hardware solicitado por OP,28,CARTAO,PAGO,cd84a39c-feaa-44f3-8973-81bec6fbb53e,2024-11-05,ERP_CORPORATIVO,TRANSACOES_FINANCEIRAS,12155,7b9fdfa5f128673de88deebb8cf44d30bb71396d5eec7776a3898fe5dec6ff10
TR-12156,2024-10-11,2024-10-01,JUR,FORN-00063,DESPESA,7180.390704339807,7180.390704339807,BRL,Despesa operacional - JUR,8,TRANSFERENCIA,PAGO,cd84a39c-feaa-44f3-8973-81bec6fbb53e,2024-11-05,ERP_CORPORATIVO,TRANSACOES_FINANCEIRAS,12156,d646dc26efd254fc8af4147b57568285ff044625ec3187dc287050bf3a480f2b
TR-12426,2024-10-07,2024-10-01,OP,1000064,RECEITA,1963.6892830447102,1963.6892830447102,BRL,Manutenção predial solicitada por OP,10,TRANSFERENCIA,PAGO,cd84a39c-feaa-44f3-8973-81bec6fbb53e,2024-11-05,ERP_CORPORATIVO,TRANSACOES_FINANCEIRAS,12426,a1a701847b9b983040abaee2a3f13a888bfc90eb6be83818d02be75c5870e154
TR-12427,2024-10-07,2024-10-01,LOG,1000064,DESPESA,1807.8247045304147,1762.0117883123908,BRL,Evento corporativo organizado por LOG,14,PIX,PAGO,cd84a39c-feaa-44f3-8973-81bec6fbb53e,2024-11-05,ERP_CORPORATIVO,TRANSACOES_FINANCEIRAS,12427,d97ffcc81ce27b254487689ed9ff24372da5e13843e466f17adce2318c906ad1
TR-12428,2024-10-11,2024-10-01,TI,1000064,DESPESA,1585.12706060044,1508.2808311092895,BRL,Investimento em marketing corporativo (TI),4,BOLETO,CANCELADO,cd84a39c-feaa-44f3-8973-81bec6fbb53e,2024-11-05,ERP_CORPORATIVO,TRANSACOES_FINANCEIRAS,12428,88d4c3e7b69b9b14125b86fca6905855de871466cb4f12c6eff877a3c58240fc
TR-12429,2024-10-11,2024-10-01,JUR,1000064,DESPESA,2292.3818133956224,2239.362543494016,BRL,Diária de hotel para equipe JUR,19,BOLETO,PAGO,cd84a39c-feaa-44f3-8973-81bec6fbb53e,2024-11-05,ERP_CORPORATIVO,TRANSACOES_FINANCEIRAS,12429,83def8868fa58161099b189fb170dc7b919f967229b92d71aaf3f86a23eebe26
TR-12430,2024-10-10,2024-10-01,OP,1000064,DESPESA,1756.1287099186718,1756.1287099186718,BRL,Reparo de frota vinculado à área OP,17,CARTAO,PAGO,cd84a39c-feaa-44f3-8973-81bec6fbb53e,2024-11-05,ERP_CORPORATIVO,TRANSACOES_FINANCEIRAS,12430,45c089dbeac97bb824f185dd958a462c3ebb4c26eb017eca5380dd335624ecbd
TR-12431,2024-10-07,2024-10-01,ADM,1000064,RECEITA,1820.2997366506563,1820.2997366506563,BRL,Resultado de equivalência patrimonial - ADM,34,CARTAO,PAGO,cd84a39c-feaa-44f3-8973-81bec6fbb53e,2024-11-05,ERP_CORPORATIVO,TRANSACOES_FINANCEIRAS,12431,4d34a9aa310cdf6cfae5b0d995b75985785cd6d2ef729916fe41df361e53b045
TR-12432,2024-10-17,2024-10-01,OP,1000064,DESPESA,1814.5843237616261,1814.5843237616261,BRL,Aquisição de material operacional - OP,2,PIX,PAGO,cd84a39c-feaa-44f3-8973-81bec6fbb53e,2024-11-05,ERP_CORPORATIVO,TRANSACOES_FINANCEIRAS,12432,951918ace8cdeceb1b50e42593cfcd3ae4c541e46bf495305965cb61344d2191
TR-12433,2024-10-15,2024-10-01,COM,1000064,RECEITA,1834.9403107833516,1834.9403107833516,BRL,Aquisição de material operacional - COM,2,BOLETO,PAGO,cd84a39c-feaa-44f3-8973-81bec6fbb53e,2024-11-05,ERP_CORPORATIVO,TRANSACOES_FINANCEIRAS,12433,651268523541205a2c688f45542ec2b60f1973bafb1a1d006807feb2113b3fb3
TR-12434,2024-10-17,2024-10-01,QAS,1000064,RECEITA,1627.3029724515227,1627.3029724515227,BRL,Serviço especializado solicitado por QAS,1,TED,PAGO,cd84a39c-feaa-44f3-8973-81bec6fbb53e,2024-11-05,ERP_CORPORATIVO,TRANSACOES_FINANCEIRAS,12434,b5395704fc6f3e232569d3bd96278f3bfd90f853015928dcd70a58ac7b233086
TR-12435,2024-10-15,2024-10-01,JUR,1000064,RECEITA,1850.558225929336,1809.4577715709795,BRL,Viagem corporativa - JUR,18,TED,PAGO,cd84a39c-feaa-44f3-8973-81bec6fbb53e,2024-11-05,ERP_CORPORATIVO,TRANSACOES_FINANCEIRAS,12435,baacb3d36e6a6dba3bd02f0f333805ab0d9874303ab635578ac72c88850cfbcc
TR-12436,2024-10-17,2024-10-01,CTB,1000064,RECEITA,2125.0179009918465,2125.0179009918465,BRL,Encargos de empréstimo vinculados a CTB,23,BOLETO,PAGO,cd84a39c-feaa-44f3-8973-81bec6fbb53e,2024-11-05,ERP_CORPORATIVO,TRANSACOES_FINANCEIRAS,12436,3e327785fdaf34d1c1f3a08c7a916d6622ae5037bed7bcc447743d8e544a75fc
TR-12437,2024-10-22,2024-10-01,TI,1000064,DESPESA,1448.7639993236487,1448.7639993236487,BRL,Participação nos resultados vinculada a TI,34,CARTAO,PAGO,cd84a39c-feaa-44f3-8973-81bec6fbb53e,2024-11-05,ERP_CORPORATIVO,TRANSACOES_FINANCEIRAS,12437,adf9b1453f71229d2a95ed723840e2ad93032661e6ffa560640ac0c95fc414eb
TR-12623,2024-10-22,2024-10-01,MKT,1000065,DESPESA,2697.681771698258,2697.681771698258,BRL,Contrato de serviço - setor MKT,1,BOLETO,PAGO,cd84a39c-feaa-44f3-8973-81bec6fbb53e,2024-11-05,ERP_CORPORATIVO,TRANSACOES_FINANCEIRAS,12623,c2f9d335fbc9fd49beeefc0cffe7549367a853e2f89725cd1e754029e2df7b44
TR-12624,2024-10-21,2024-10-01,PRD,1000065,DESPESA,10468.428935688327,10311.09229781585,BRL,Compra de insumos para setor PRD,2,TRANSFERENCIA,PAGO,cd84a39c-feaa-44f3-8973-81bec6fbb53e,2024-11-05,ERP_CORPORATIVO,TRANSACOES_FINANCEIRAS,12624,f907df79c28c62e66cde3251e581969d0d991cc0860608575934f9c747d69146
TR-12625,2024-10-14,2024-10-01,COMP,1000065,DESPESA,3059.8730284659114,3059.8730284659114,USD,Propaganda e divulgação para área COMP,13,TED,ATRASADO,cd84a39c-feaa-44f3-8973-81bec6fbb53e,2024-11-05,ERP_CORPORATIVO,TRANSACOES_FINANCEIRAS,12625,66a8f9ce0c93b3a0ce16bd99346f8fcc46194e8c81dbd527cbc1b400c39f6138
TR-12626,2024-10-07,2024-10-01,COM,1000065,DESPESA,2749.7848844815035,2749.7848844815035,BRL,Honorários jurídicos - COM,7,PIX,PAGO,cd84a39c-feaa-44f3-8973-81bec6fbb53e,2024-11-05,ERP_CORPORATIVO,TRANSACOES_FINANCEIRAS,12626,0053aa4132f8ec7ba03003f551e9582fa53983f365785a2aee41ed910e7788cd
TR-12627,2024-10-14,2024-10-01,PRD,1000065,RECEITA,2918.215131852572,2918.215131852572,BRL,Direitos de propriedade intelectual - PRD,32,PIX,PAGO,cd84a39c-feaa-44f3-8973-81bec6fbb53e,2024-11-05,ERP_CORPORATIVO,TRANSACOES_FINANCEIRAS,12627,b75e408171a672ec9f32974cba0ed6644654385d232fbb3405fe72805a811a72
TR-12628,2024-10-21,2024-10-01,OP,1000065,RECEITA,2543.0602428886873,2477.0680212005554,BRL,Manutenção estrutural vinculada à área OP,3,CARTAO,PAGO,cd84a39c-feaa-44f3-8973-81bec6fbb53e,2024-11-05,ERP_CORPORATIVO,TRANSACOES_FINANCEIRAS,12628,c0bdbe2d368bd307973bec06f57114b66e346902eb0d2260dac6b8cd757a7850
TR-12629,2024-10-22,2024-10-01,TI,1000065,DESPESA,3187.3918877629512,3187.3918877629512,EUR,Honorários jurídicos - TI,7,BOLETO,PAGO,cd84a39c-feaa-44f3-8973-81bec6fbb53e,2024-11-05,ERP_CORPORATIVO,TRANSACOES_FINANCEIRAS,12629,c5f63dc50473b8a3e1be342f7239c3495c171928f67b67f9b7a551e7ba6bd234
TR-12630,2024-10-16,2024-10-01,COMP,1000065,DESPESA,3314.4393853957554,3157.554621044316,BRL,Despesa de infraestrutura - COMP,3,PIX,ATRASADO,cd84a39c-feaa-44f3-8973-81bec6fbb53e,2024-11-05,ERP_CORPORATIVO,TRANSACOES_FINANCEIRAS,12630,870132508f87f3124b2b9bf55378eede1c0bcf8d7fbc9ad2174d8fd2e7abc23d
TR-12631,2024-10-11,2024-10-01,FIN,1000065,RECEITA,3361.246678240694,3361.246678240694,BRL,Consultoria estratégica para área FIN,12,TED,PAGO,cd84a39c-feaa-44f3-8973-81bec6fbb53e,2024-11-05,ERP_CORPORATIVO,TRANSACOES_FINANCEIRAS,12631,37b571523165296920f37fe63c2ea29015e62acd33f43952411fe89f07227102
TR-12632,2024-10-10,2024-10-01,COMP,1000065,DESPESA,1638.0187339097865,1511.4416006159831,BRL,Custo operacional associado a COMP,8,BOLETO,PAGO,cd84a39c-feaa-44f3-8973-81bec6fbb53e,2024-11-05,ERP_CORPORATIVO,TRANSACOES_FINANCEIRAS,12632,c42d8d978d7700cc9c9cb4fb1b05cabcce5c9142b53da5d1cb4c1125c1f1ae53
TR-12633,2024-10-07,2024-10-01,PRD,1000065,RECEITA,2790.62161375136,2790.62161375136,BRL,Aquisição de material operacional - PRD,2,BOLETO,PAGO,cd84a39c-feaa-44f3-8973-81bec6fbb53e,2024-11-05,ERP_CORPORATIVO,TRANSACOES_FINANCEIRAS,12633,eee54ed59c572ae164e53ffb23db207a25a5c0f032c950f9684103ed6474d9cb
TR-12634,2024-10-07,2024-10-01,MKT,1000065,DESPESA,3150.995939388211,3150.995939388211,BRL,Aquisição de material operacional - MKT,2,BOLETO,ATRASADO,cd84a39c-feaa-44f3-8973-81bec6fbb53e,2024-11-05,ERP_CORPORATIVO,TRANSACOES_FINANCEIRAS,12634,788a735579da804f234c3d9eb8a02a841681f95cb54020e9e5cb4a2d582edd16
TR-12635,2024-10-24,2024-10-01,VND,1000065,RECEITA,3334.683532123182,3181.5013469193805,BRL,Viagem corporativa - VND,18,TRANSFERENCIA,PAGO,cd84a39c-feaa-44f3-8973-81bec6fbb53e,2024-11-05,ERP_CORPORATIVO,TRANSACOES_FINANCEIRAS,12635,c2ddf729e9fea8cca1ea669060e74d874a5847619881bbc7e2c5bf1afbbdb18b
TR-12636,2024-10-07,2024-10-01,RH,1000065,DESPESA,3167.089597556062,3112.655610756757,BRL,Prestação de serviço para área RH,1,BOLETO,PAGO,cd84a39c-feaa-44f3-8973-81bec6fbb53e,2024-11-05,ERP_CORPORATIVO,TRANSACOES_FINANCEIRAS,12636,96e27af5ed8f38811c68326c107be0b7e4093f845113018476b64f5caea1baac
TR-12637,2024-10-15,2024-10-01,TI,1000065,RECEITA,3138.139825431051,3101.418472542783,BRL,Campanha institucional - TI,4,BOLETO,PAGO,cd84a39c-feaa-44f3-8973-81bec6fbb53e,2024-11-05,ERP_CORPORATIVO,TRANSACOES_FINANCEIRAS,12637,0bb508a6d5a38f3712ce0a5211b0e86c75979edbfd47dafab0b09456b9bdaf04
TR-12638,2024-10-07,2024-10-01,PES,1000065,DESPESA,2937.117123675052,2832.498602792715,BRL,Campanha institucional - PES,4,PIX,PAGO,cd84a39c-feaa-44f3-8973-81bec6fbb53e,2024-11-05,ERP_CORPORATIVO,TRANSACOES_FINANCEIRAS,12638,ed56b34c16aab16a564dcb998eff9b178650ff9e4c834e9ab1cc44755bffe90e
TR-12639,2024-10-07,2024-10-01,RH,1000065,DESPESA,2631.9303885541503,2631.9303885541503,BRL,Aquisição de material operacional - RH,2,TRANSFERENCIA,PAGO,cd84a39c-feaa-44f3-8973-81bec6fbb53e,2024-11-05,ERP_CORPORATIVO,TRANSACOES_FINANCEIRAS,12639,cb795195fee1958b3f27a669684907b20cec16420f35d3ff643efccc4a3f2a97
TR-12640,2024-10-14,2024-10-01,LOG,1000065,DESPESA,3468.8965762792723,3468.8965762792723,USD,Consultoria estratégica para área LOG,12,BOLETO,PAGO,cd84a39c-feaa-44f3-8973-81bec6fbb53e,2024-11-05,ERP_CORPORATIVO,TRANSACOES_FINANCEIRAS,12640,7b1e51c9d56f4fb7b2e7d8e85a42c6145d103cd30e3d5e3cd2253161ba8eef3e
TR-13027,2024-10-04,2024-10-01,RH,ACC-00067,DESPESA,3609.000631920868,3609.000631920868,BRL,Despesa de RH - RH,6,BOLETO,PAGO,cd84a39c-feaa-44f3-8973-81bec6fbb53e,2024-11-05,ERP_CORPORATIVO,TRANSACOES_FINANCEIRAS,13027,2ff8642f1a4aa7e33c0877a8e30e9a6f1677c9bde0a5d14502a2a4baaa8b826b
TR-13028,2024-10-16,2024-10-01,VND,ACC-00067,RECEITA,3617.9989347566852,3617.9989347566852,BRL,Despesa de infraestrutura - VND,3,TED,PAGO,cd84a39c-feaa-44f3-8973-81bec6fbb53e,2024-11-05,ERP_CORPORATIVO,TRANSACOES_FINANCEIRAS,13028,69252d10ee2dc92b7654d844b0d0da8a03fc859d3f3c2364f62b0992fef13668
TR-13029,2024-10-07,2024-10-01,ESG,ACC-00067,DESPESA,3823.3290478781764,3721.0411429280352,USD,Doação recebida em favor de ESG,36,TRANSFERENCIA,PAGO,cd84a39c-feaa-44f3-8973-81bec6fbb53e,2024-11-05,ERP_CORPORATIVO,TRANSACOES_FINANCEIRAS,13029,34bf03af7e00e4ef3d11adf164d021aca1b4728dbb6a5d30d4bc0a4169eeaf97
TR-13030,2024-10-21,2024-10-01,COMP,ACC-00067,RECEITA,3629.7076125964263,3629.7076125964263,BRL,Compra de insumos para setor COMP,2,TRANSFERENCIA,PAGO,cd84a39c-feaa-44f3-8973-81bec6fbb53e,2024-11-05,ERP_CORPORATIVO,TRANSACOES_FINANCEIRAS,13030,7fc1aad8f6e03b394ce606f1388091b746da6a43af58b14d0b979ca49bfd0a05
TR-13031,2024-10-17,2024-10-01,COM,ACC-00067,DESPESA,3531.316202419139,3486.130190072817,BRL,Honorários jurídicos - COM,7,CARTAO,PAGO,cd84a39c-feaa-44f3-8973-81bec6fbb53e,2024-11-05,ERP_CORPORATIVO,TRANSACOES_FINANCEIRAS,13031,8a461d7c1205ab1aecaafc155361ffda8fa8792aa0838bf48a138752cdfeaf7f
TR-13032,2024-10-14,2024-10-01,PES,ACC-00067,DESPESA,3317.2681427855086,3317.2681427855086,BRL,Tributo incidente sobre receita de PES,40,PIX,ATRASADO,cd84a39c-feaa-44f3-8973-81bec6fbb53e,2024-11-05,ERP_CORPORATIVO,TRANSACOES_FINANCEIRAS,13032,b8559826ff12bea68d31fabf19e75d1176b5137ce61abdee8fd0c0e5d1fd3639
TR-13033,2024-10-18,2024-10-01,FIN,ACC-00067,DESPESA,3318.226267898311,3318.226267898311,BRL,Seguro contratado pela área FIN,21,TRANSFERENCIA,CANCELADO,cd84a39c-feaa-44f3-8973-81bec6fbb53e,2024-11-05,ERP_CORPORATIVO,TRANSACOES_FINANCEIRAS,13033,ab1b01c0e976368e6dc4000010f1166a0857899ffc62eee1693de41908f2143f
TR-13034,2024-10-17,2024-10-01,FIN,ACC-00067,DESPESA,3726.2934984695607,3637.4682613665404,BRL,Campanha institucional - FIN,4,BOLETO,PAGO,cd84a39c-feaa-44f3-8973-81bec6fbb53e,2024-11-05,ERP_CORPORATIVO,TRANSACOES_FINANCEIRAS,13034,f853d10a97865c9c28fab24c06c5a5a86eef76b02db6ea85af11cde385617d88
TR-13035,2024-10-15,2024-10-01,FIN,ACC-00067,RECEITA,3428.596668710203,3428.596668710203,BRL,Suporte técnico para sistemas de FIN,29,BOLETO,PAGO,cd84a39c-feaa-44f3-8973-81bec6fbb53e,2024-11-05,ERP_CORPORATIVO,TRANSACOES_FINANCEIRAS,13035,756af665ac1aa37c5775b624a0129ed816449b0072366d0d62e2103f27c2d214
TR-13036,2024-10-25,2024-10-01,QAS,ACC-00067,RECEITA,3016.5111816144254,3016.5111816144254,BRL,Assessoria legal vinculada à área QAS,7,TRANSFERENCIA,PAGO,cd84a39c-feaa-44f3-8973-81bec6fbb53e,2024-11-05,ERP_CORPORATIVO,TRANSACOES_FINANCEIRAS,13036,d23ba36b97431958b6d3c91b91692d08c3b39c2b928d3380c3d539665987710e
TR-13037,2024-10-28,2024-10-01,COM,ACC-00067,DESPESA,3364.9378840409954,3364.9378840409954,BRL,Investimento em marketing corporativo (COM),4,BOLETO,PAGO,cd84a39c-feaa-44f3-8973-81bec6fbb53e,2024-11-05,ERP_CORPORATIVO,TRANSACOES_FINANCEIRAS,13037,6cafb049f517d9b1cbc78c11a502b307cc3bb10d8de970597656ba7affc9f63d
TR-13038,2024-10-21,2024-10-01,OP,ACC-00067,DESPESA,3463.931345463991,3305.853816300952,BRL,Compra de insumos para setor OP,2,BOLETO,PAGO,cd84a39c-feaa-44f3-8973-81bec6fbb53e,2024-11-05,ERP_CORPORATIVO,TRANSACOES_FINANCEIRAS,13038,53e8fbc7747e32f2fdbfaa7638316afbb26f1305a94a1cb8564c5fb3ca19b3b3
TR-13039,2024-10-22,2024-10-01,COMP,ACC-00067,RECEITA,2854.120742123839,2854.120742123839,BRL,Licenciamento de software - COMP,5,TED,PAGO,cd84a39c-feaa-44f3-8973-81bec6fbb53e,2024-11-05,ERP_CORPORATIVO,TRANSACOES_FINANCEIRAS,13039,748e9f02b39d2725a2aa16e809a46fcbf11ee79d3333f4823b391ef1685664ce
TR-13187,2024-10-21,2024-10-01,PES,FORN-00068,DESPESA,1137.7579205809875,1137.7579205809875,BRL,Despesa operacional - PES,8,BOLETO,ATRASADO,cd84a39c-feaa-44f3-8973-81bec6fbb53e,2024-11-05,ERP_CORPORATIVO,TRANSACOES_FINANCEIRAS,13187,d7a07e553ab1de5402429464a8e0fa0d4d26cf8e513eebaac89e4b6425e5b641
TR-13188,2024-10-14,2024-10-01,PRD,FORN-00068,DESPESA,1302.0959296513613,1302.0959296513613,BRL,Despesa operacional - PRD,8,BOLETO,PAGO,cd84a39c-feaa-44f3-8973-81bec6fbb53e,2024-11-05,ERP_CORPORATIVO,TRANSACOES_FINANCEIRAS,13188,f135f3ec234ba84ad923ee34f312227894a0534c282f317cdc49bec6b0783f79
TR-13189,2024-10-10,2024-10-01,ADM,FORN-00068,DESPESA,3888.210001792916,3869.7517141731532,BRL,Despesa de infraestrutura - ADM,3,TRANSFERENCIA,PAGO,cd84a39c-feaa-44f3-8973-81bec6fbb53e,2024-11-05,ERP_CORPORATIVO,TRANSACOES_FINANCEIRAS,13189,124d16c6f17953592aa2748219009f06e768fda05f61dc8bbdbde65191eb30b7
TR-13190,2024-10-14,2024-10-01,OP,FORN-00068,RECEITA,1206.21491013269,1206.21491013269,BRL,Combustível e lubrificantes para frota (OP),16,BOLETO,PAGO,cd84a39c-feaa-44f3-8973-81bec6fbb53e,2024-11-05,ERP_CORPORATIVO,TRANSACOES_FINANCEIRAS,13190,5119cef9477f110d171bb1e225712ed2bdc64bf3ce3e65721a7dc5cd7566eebb
TR-13191,2024-10-15,2024-10-01,FIN,FORN-00068,RECEITA,1181.5337757266166,1145.3117182442934,BRL,Serviço especializado solicitado por FIN,1,CARTAO,PAGO,cd84a39c-feaa-44f3-8973-81bec6fbb53e,2024-11-05,ERP_CORPORATIVO,TRANSACOES_FINANCEIRAS,13191,e765b414a8982e362113f6eaae67f9a7b4d251728930a4607340a2238e8b509a
TR-13192,2024-10-21,2024-10-01,MKT,FORN-00068,RECEITA,1138.1733137907586,1138.1733137907586,BRL,Despesa de infraestrutura - MKT,3,PIX,CANCELADO,cd84a39c-feaa-44f3-8973-81bec6fbb53e,2024-11-05,ERP_CORPORATIVO,TRANSACOES_FINANCEIRAS,13192,286374105a586389b952a32a4a953a6b33655c29eb895bad29ad136ed8f51d65
TR-13193,2024-10-28,2024-10-01,COM,FORN-00068,DESPESA,1506.3670766619985,1487.72222185617,BRL,Compra de insumos para setor COM,2,TED,ATRASADO,cd84a39c-feaa-44f3-8973-81bec6fbb53e,2024-11-05,ERP_CORPORATIVO,TRANSACOES_FINANCEIRAS,13193,5d783f1213915d2dc3ad6743a365e78ac44613ae175af7bbeb48d4769970d225
TR-13194,2024-10-28,2024-10-01,COM,FORN-00068,RECEITA,1073.984721865204,1073.984721865204,BRL,Manutenção de equipamentos de COM,28,TRANSFERENCIA,PAGO,cd84a39c-feaa-44f3-8973-81bec6fbb53e,2024-11-05,ERP_CORPORATIVO,TRANSACOES_FINANCEIRAS,13194,3cd5f1a1b5bec021bf21ae0080a3adcbb2fdf8c1dfa0e7de918db478e5a59487
TR-13195,2024-10-21,2024-10-01,FIN,FORN-00068,DESPESA,1099.808675446922,1099.808675446922,BRL,Compra de insumos para setor FIN,2,BOLETO,ATRASADO,cd84a39c-feaa-44f3-8973-81bec6fbb53e,2024-11-05,ERP_CORPORATIVO,TRANSACOES_FINANCEIRAS,13195,ef30c84a1d95dc41a8de8b493253820fc4281c37bb631b384c248b10d672801a
TR-13196,2024-10-07,2024-10-01,JUR,FORN-00068,DESPESA,1185.4214977716758,1185.4214977716758,BRL,Compra de insumos para setor JUR,2,PIX,PAGO,cd84a39c-feaa-44f3-8973-81bec6fbb53e,2024-11-05,ERP_CORPORATIVO,TRANSACOES_FINANCEIRAS,13196,f23a5f669f4c4fbe71e2885109a012d68984a3ea1fbd4dff86271a40d111ef5b
TR-13197,2024-10-16,2024-10-01,COMP,FORN-00068,RECEITA,1050.4157454077927,1027.8105748041298,EUR,Manutenção estrutural vinculada à área COMP,3,BOLETO,ATRASADO,cd84a39c-feaa-44f3-8973-81bec6fbb53e,2024-11-05,ERP_CORPORATIVO,TRANSACOES_FINANCEIRAS,13197,eb310e663257ca2c3a6fa76e7b5cb0b8a72b57201f91b339407636e1b61721c1
TR-13198,2024-10-09,2024-10-01,FIN,FORN-00068,DESPESA,1277.2763438940137,1277.2763438940137,BRL,Contrato de serviço - setor FIN,1,CARTAO,PAGO,cd84a39c-feaa-44f3-8973-81bec6fbb53e,2024-11-05,ERP_CORPORATIVO,TRANSACOES_FINANCEIRAS,13198,63e9e3a3e08e2dae5ae5756799da2253ee869f2bfd5fe266b6a77b735757930a
TR-13199,2024-10-14,2024-10-01,MKT,FORN-00068,DESPESA,992.7461682158099,992.7461682158099,BRL,Contrato de serviço - setor MKT,1,PIX,PAGO,cd84a39c-feaa-44f3-8973-81bec6fbb53e,2024-11-05,ERP_CORPORATIVO,TRANSACOES_FINANCEIRAS,13199,831559980571cb28c8bbb788e4a02b984b39125237253b55e86aa43f110264ac
TR-13200,2024-10-16,2024-10-01,MKT,FORN-00068,RECEITA,1070.8662341838806,1049.8205141184599,BRL,Royalties recebidos por MKT,32,PIX,ATRASADO,cd84a39c-feaa-44f3-8973-81bec6fbb53e,2024-11-05,ERP_CORPORATIVO,TRANSACOES_FINANCEIRAS,13200,7110f5a07f56e86c2096ea570a631e61d4ca44f4530899b03cf380538e2d474b
TR-13201,2024-10-14,2024-10-01,VND,FORN-00068,RECEITA,1104.8175116173975,1104.8175116173975,BRL,Compra de insumos para setor VND,2,BOLETO,ATRASADO,cd84a39c-feaa-44f3-8973-81bec6fbb53e,2024-11-05,ERP_CORPORATIVO,TRANSACOES_FINANCEIRAS,13201,816a72f85b4471f16310fbd2536103cd5d5eb3addfab82f9bb64dcc3a1083ba1
TR-13202,2024-10-21,2024-10-01,OP,FORN-00068,DESPESA,1040.173441159879,1040.173441159879,BRL,Abatimento comercial registrado em OP,38,TRANSFERENCIA,ATRASADO,cd84a39c-feaa-44f3-8973-81bec6fbb53e,2024-11-05,ERP_CORPORATIVO,TRANSACOES_FINANCEIRAS,13202,2409daf0f143ebafd4cce047ca940bf5753e7daf7c2c39af5f9fd8fe9d154d60
TR-13203,2024-10-04,2024-10-01,ESG,FORN-00068,DESPESA,1276.2831035181575,1276.2831035181575,BRL,Despesa de infraestrutura - ESG,3,TED,CANCELADO,cd84a39c-feaa-44f3-8973-81bec6fbb53e,2024-11-05,ERP_CORPORATIVO,TRANSACOES_FINANCEIRAS,13203,ddb78773d6e6547124ee51066b451a34983905f33b895b8d82dcce63e71f9e30
TR-13204,2024-10-14,2024-10-01,TI,FORN-00068,DESPESA,1008.3905171411142,981.2826646679177,BRL,Assessoria legal vinculada à área TI,7,TED,PAGO,cd84a39c-feaa-44f3-8973-81bec6fbb53e,2024-11-05,ERP_CORPORATIVO,TRANSACOES_FINANCEIRAS,13204,de71849d3d0f83b2e00a0467c7ddc1fd263c54d30d37f459c74c30c3ca5ec823
TR-13205,2024-10-21,2024-10-01,CTB,FORN-00068,DESPESA,1044.4975600517212,1044.4975600517212,BRL,Doação recebida em favor de CTB,36,TED,CANCELADO,cd84a39c-feaa-44f3-8973-81bec6fbb53e,2024-11-05,ERP_CORPORATIVO,TRANSACOES_FINANCEIRAS,13205,ba71a8f722deb011c913bddb40d66112ee792704af85448d98a57ccd5dc3f5d5
TR-13488,2024-10-09,2024-10-01,SEC,ACC-00069,DESPESA,6524.095575826474,6380.292941500057,BRL,Licença de software para área SEC,27,TRANSFERENCIA,PAGO,cd84a39c-feaa-44f3-8973-81bec6fbb53e,2024-11-05,ERP_CORPORATIVO,TRANSACOES_FINANCEIRAS,13488,f3ed603df873809bfc14fed8f2639bae52f6aba5c1cad9f28ce87f14eab93f7f
TR-13489,2024-10-14,2024-10-01,COM,ACC-00069,DESPESA,5433.72324119053,5433.72324119053,BRL,Doação recebida em favor de COM,36,TED,PAGO,cd84a39c-feaa-44f3-8973-81bec6fbb53e,2024-11-05,ERP_CORPORATIVO,TRANSACOES_FINANCEIRAS,13489,37625d803ad6c5fc86cd82aad61ba6574eef8cef9e8159fe1a53ff423f386b63
TR-13490,2024-10-14,2024-10-01,COM,ACC-00069,DESPESA,7341.56499500956,7341.56499500956,BRL,Compra de insumos para setor COM,2,TRANSFERENCIA,PAGO,cd84a39c-feaa-44f3-8973-81bec6fbb53e,2024-11-05,ERP_CORPORATIVO,TRANSACOES_FINANCEIRAS,13490,f322d043547085e3d975320a98e17d425dfb624be9c7bb55284b09d2906ec2c2
TR-13706,2024-10-15,2024-10-01,COM,1000069,DESPESA,2008.5204973319494,2008.5204973319494,BRL,Serviço especializado solicitado por COM,1,PIX,PAGO,cd84a39c-feaa-44f3-8973-81bec6fbb53e,2024-11-05,ERP_CORPORATIVO,TRANSACOES_FINANCEIRAS,13706,d31b2fdc9964fb660e65881602daf5f97e5082c134eab5c1bb76aac8a4c44ba0
TR-13707,2024-10-22,2024-10-01,COMP,1000069,DESPESA,559.2098519572078,559.2098519572078,BRL,Manutenção estrutural vinculada à área COMP,3,TRANSFERENCIA,PAGO,cd84a39c-feaa-44f3-8973-81bec6fbb53e,2024-11-05,ERP_CORPORATIVO,TRANSACOES_FINANCEIRAS,13707,b6233f892c151964815e6d6a3fd37cd30626b030c46407a699c62aeb00df1c86
TR-13708,2024-10-10,2024-10-01,ESG,1000069,RECEITA,2127.827525980319,2127.827525980319,BRL,Licenciamento de software - ESG,5,PIX,CANCELADO,cd84a39c-feaa-44f3-8973-81bec6fbb53e,2024-11-05,ERP_CORPORATIVO,TRANSACOES_FINANCEIRAS,13708,ec20900ef7dc2530f338353a8d803b3d8cc7a16f15c5205b5e5824579062cc81
TR-13709,2024-10-17,2024-10-01,QAS,1000069,DESPESA,2088.6581887452826,2088.6581887452826,BRL,Custo operacional associado a QAS,8,CARTAO,PAGO,cd84a39c-feaa-44f3-8973-81bec6fbb53e,2024-11-05,ERP_CORPORATIVO,TRANSACOES_FINANCEIRAS,13709,476aab10755059ac37dbca33447637e2a2a77c2dadef49fe3ada0fd822cabe24
TR-13710,2024-10-15,2024-10-01,CTB,1000069,RECEITA,1850.0965639728236,1772.910004903134,BRL,Reparo de frota vinculado à área CTB,17,TRANSFERENCIA,ATRASADO,cd84a39c-feaa-44f3-8973-81bec6fbb53e,2024-11-05,ERP_CORPORATIVO,TRANSACOES_FINANCEIRAS,13710,5d42ef7e7b99b795e5617a1a9b89d34222342dbc8de2a3fb65fc75ea2fcd7445
TR-13711,2024-10-14,2024-10-01,LOG,1000069,RECEITA,2178.3083638357953,2178.3083638357953,BRL,Custo operacional associado a LOG,8,BOLETO,PAGO,cd84a39c-feaa-44f3-8973-81bec6fbb53e,2024-11-05,ERP_CORPORATIVO,TRANSACOES_FINANCEIRAS,13711,17baf44e6253ee18bc7b9693d4bcb598048e86c55791680f09cc0fc30150833d
TR-13883,2024-10-17,2024-10-01,OP,1000070,DESPESA,2143.542720553588,2143.542720553588,BRL,Contrato de serviço - setor OP,1,CARTAO,PAGO,cd84a39c-feaa-44f3-8973-81bec6fbb53e,2024-11-05,ERP_CORPORATIVO,TRANSACOES_FINANCEIRAS,13883,ef7b20abb405aa9246e0d342f70bd34358392036a1c23c31f2f531d1b99efe8d
TR-13884,2024-10-29,2024-10-01,CTB,1000070,RECEITA,681.808336226694,681.808336226694,BRL,Despesa operacional - CTB,8,BOLETO,ATRASADO,cd84a39c-feaa-44f3-8973-81bec6fbb53e,2024-11-05,ERP_CORPORATIVO,TRANSACOES_FINANCEIRAS,13884,69e75d256eb0bce43032b12053d24015b93bb20a45fea1170eb8dbf2c2934a92
TR-13885,2024-10-14,2024-10-01,COMP,1000070,DESPESA,2077.676912158242,1980.5864293134734,BRL,Compra de insumos para setor COMP,2,BOLETO,PAGO,cd84a39c-feaa-44f3-8973-81bec6fbb53e,2024-11-05,ERP_CORPORATIVO,TRANSACOES_FINANCEIRAS,13885,d19e2a3657d39920cb7d7fde26041859291cce0475d6b5b09aadc09b1c70e867
TR-13886,2024-10-22,2024-10-01,OP,1000070,DESPESA,2389.4422268089315,2389.4422268089315,BRL,Campanha institucional - OP,4,TRANSFERENCIA,PAGO,cd84a39c-feaa-44f3-8973-81bec6fbb53e,2024-11-05,ERP_CORPORATIVO,TRANSACOES_FINANCEIRAS,13886,2343a855de2d7a993f0016a8b98e92559fec6d556b01762c4e9a8391ab05b534
TR-13887,2024-10-14,2024-10-01,COMP,1000070,RECEITA,2013.3966648404398,1914.4512494736412,BRL,Contrato de serviço - setor COMP,1,BOLETO,PAGO,cd84a39c-feaa-44f3-8973-81bec6fbb53e,2024-11-05,ERP_CORPORATIVO,TRANSACOES_FINANCEIRAS,13887,a3332025f950380f001056d1b6700707382bc20641e339b37f2eb52dfd335808
TR-13888,2024-10-11,2024-10-01,TI,1000070,DESPESA,2414.3500255523822,2414.3500255523822,BRL,Custo operacional associado a TI,8,BOLETO,PAGO,cd84a39c-feaa-44f3-8973-81bec6fbb53e,2024-11-05,ERP_CORPORATIVO,TRANSACOES_FINANCEIRAS,13888,ce312942321df302c4a1cbc156bca472cd63ccab06b6ac417243e1ace3e60eb5
TR-13889,2024-10-15,2024-10-01,OP,1000070,DESPESA,2040.399060525194,2040.399060525194,BRL,Serviço de tecnologia contratado por OP,5,PIX,PAGO,cd84a39c-feaa-44f3-8973-81bec6fbb53e,2024-11-05,ERP_CORPORATIVO,TRANSACOES_FINANCEIRAS,13889,d008d6d657ff498f88fcb21202f528d520efecc0e5cff234f038833c65dc0469
TR-13890,2024-10-15,2024-10-01,JUR,1000070,DESPESA,2205.5710607733513,2205.5710607733513,BRL,Reparo de frota vinculado à área JUR,17,BOLETO,PAGO,cd84a39c-feaa-44f3-8973-81bec6fbb53e,2024-11-05,ERP_CORPORATIVO,TRANSACOES_FINANCEIRAS,13890,15a73a10ba8a5e1efd37e2ca85ee69ee0fc25d6d160aa6d59643e93d21e55adb
TR-13891,2024-10-14,2024-10-01,PES,1000070,RECEITA,2771.8319232578947,2643.7478755618163,BRL,Serviço especializado solicitado por PES,1,CARTAO,PAGO,cd84a39c-feaa-44f3-8973-81bec6fbb53e,2024-11-05,ERP_CORPORATIVO,TRANSACOES_FINANCEIRAS,13891,983879def401487f250e6710a3a0169feeced11d52593295420ea884184c5b59
TR-13892,2024-10-23,2024-10-01,FIN,1000070,DESPESA,2034.4870471613106,2002.6547078044898,BRL,Campanha institucional - FIN,4,TED,PAGO,cd84a39c-feaa-44f3-8973-81bec6fbb53e,2024-11-05,ERP_CORPORATIVO,TRANSACOES_FINANCEIRAS,13892,5c4e52d2a804342bc4adb96035712fa6991dea75c68a19bf72a2cf0d9ee24d66
TR-13893,2024-10-25,2024-10-01,OP,1000070,DESPESA,1815.730943274565,1729.1991662386108,BRL,Manutenção estrutural vinculada à área OP,3,PIX,PAGO,cd84a39c-feaa-44f3-8973-81bec6fbb53e,2024-11-05,ERP_CORPORATIVO,TRANSACOES_FINANCEIRAS,13893,95ff6266a91bff5209642584083ab57fbef2c5d4c436bba0565e0079b6153e6a
TR-13894,2024-10-16,2024-10-01,CPT,1000070,RECEITA,2547.8315999603983,2445.124564008684,BRL,Despesa de RH - CPT,6,PIX,PAGO,cd84a39c-feaa-44f3-8973-81bec6fbb53e,2024-11-05,ERP_CORPORATIVO,TRANSACOES_FINANCEIRAS,13894,ed9b96e990cda39bd048aa971a6b76e6f1f6d6312dea2ab2bc8c8fa9b67a9742
TR-13895,2024-10-18,2024-10-01,CPT,1000070,RECEITA,1931.819311239302,1884.5481647245806,BRL,Prestação de serviço para área CPT,1,PIX,ATRASADO,cd84a39c-feaa-44f3-8973-81bec6fbb53e,2024-11-05,ERP_CORPORATIVO,TRANSACOES_FINANCEIRAS,13895,e263203c669ee603815584a6d6afc1d8c5c107bf28b7e4a087754514f96aa941
TR-13896,2024-10-18,2024-10-01,COMP,1000070,DESPESA,2048.797439396688,2048.797439396688,BRL,Aquisição de material operacional - COMP,2,TED,PAGO,cd84a39c-feaa-44f3-8973-81bec6fbb53e,2024-11-05,ERP_CORPORATIVO,TRANSACOES_FINANCEIRAS,13896,e35634039309cd4729aa4d49916fd74254c9dc351335faf54f4276ac6c8a2d39
TR-13897,2024-10-11,2024-10-01,JUR,1000070,RECEITA,2390.176047068144,2390.176047068144,BRL,Tarifas de serviços financeiros - JUR,22,BOLETO,PAGO,cd84a39c-feaa-44f3-8973-81bec6fbb53e,2024-11-05,ERP_CORPORATIVO,TRANSACOES_FINANCEIRAS,13897,816fa0ff4537e7dc2ac4f40f6f95163a51e975d87cbc4ace44dfeb08beac91a9
TR-13898,2024-10-18,2024-10-01,RH,1000070,DESPESA,2380.622112439752,2380.622112439752,BRL,Resultado de equivalência patrimonial - RH,34,TRANSFERENCIA,PAGO,cd84a39c-feaa-44f3-8973-81bec6fbb53e,2024-11-05,ERP_CORPORATIVO,TRANSACOES_FINANCEIRAS,13898,500e196517dc97faa18db78ecfaa7751360b0384b0150823bd732b1ef3ec0e28
TR-13899,2024-10-14,2024-10-01,CTB,1000070,DESPESA,1752.5938265150385,1717.7284288955298,BRL,Apólice de seguro - CTB,21,BOLETO,PAGO,cd84a39c-feaa-44f3-8973-81bec6fbb53e,2024-11-05,ERP_CORPORATIVO,TRANSACOES_FINANCEIRAS,13899,716f27f0a0a84352bd3f56702595ea1a3149742ba853ebf3160f3bd6be1373ce
TR-13900,2024-10-14,2024-10-01,OP,1000070,RECEITA,2147.2427800356436,2147.2427800356436,BRL,Serviço de tecnologia contratado por OP,5,CARTAO,PAGO,cd84a39c-feaa-44f3-8973-81bec6fbb53e,2024-11-05,ERP_CORPORATIVO,TRANSACOES_FINANCEIRAS,13900,39afd7aac7443ee1aabff8d61f97fc6b6e7f8bc081489d81625fd26d6820028c
TR-14068,2024-10-16,2024-10-01,COM,FORN-00074,RECEITA,3456.337082441987,3362.066153527882,USD,Despesa de RH - COM,6,PIX,PAGO,cd84a39c-feaa-44f3-8973-81bec6fbb53e,2024-11-05,ERP_CORPORATIVO,TRANSACOES_FINANCEIRAS,14068,956e2f4476f4eca7c24aaaafee158c01c4cc0db61dc62f5c5a484fad6748ad84
TR-14069,2024-10-18,2024-10-01,COM,FORN-00074,DESPESA,3126.336242720263,3126.336242720263,BRL,Produção de material gráfico - COM,15,TRANSFERENCIA,PAGO,cd84a39c-feaa-44f3-8973-81bec6fbb53e,2024-11-05,ERP_CORPORATIVO,TRANSACOES_FINANCEIRAS,14069,41a02c0b12fbd380ac3d9b57bfe62bfe4b213b06d8081576841f5acd7935a324
TR-14070,2024-10-11,2024-10-01,COM,FORN-00074,DESPESA,3211.9813462125016,3106.7489937476957,BRL,Serviço especializado solicitado por COM,1,TED,PAGO,cd84a39c-feaa-44f3-8973-81bec6fbb53e,2024-11-05,ERP_CORPORATIVO,TRANSACOES_FINANCEIRAS,14070,0429ded26dabb358b2b598aad9ed6e83b467c04b5bca91f533214ab8b02df78f
TR-14071,2024-10-09,2024-10-01,COMP,FORN-00074,DESPESA,3554.8501192215585,3554.8501192215585,BRL,Custo operacional associado a COMP,8,PIX,PAGO,cd84a39c-feaa-44f3-8973-81bec6fbb53e,2024-11-05,ERP_CORPORATIVO,TRANSACOES_FINANCEIRAS,14071,db134b5fb159d15ef976906c78779512a7f55d685ab569b62ca4314fd479da3f
TR-14072,2024-10-10,2024-10-01,PRD,FORN-00074,RECEITA,4355.255348825998,4235.018874854333,BRL,Contrato de serviço - setor PRD,1,TRANSFERENCIA,CANCELADO,cd84a39c-feaa-44f3-8973-81bec6fbb53e,2024-11-05,ERP_CORPORATIVO,TRANSACOES_FINANCEIRAS,14072,6067e6478e279374e1aa94c7a8ef349d6abad3cc4c0e76fdf4f513a68e0e024b
TR-14073,2024-10-22,2024-10-01,ESG,FORN-00074,RECEITA,4013.4799789528233,3908.7235340116667,BRL,Aquisição de material operacional - ESG,2,PIX,PAGO,cd84a39c-feaa-44f3-8973-81bec6fbb53e,2024-11-05,ERP_CORPORATIVO,TRANSACOES_FINANCEIRAS,14073,01fcd56c9f6f047d3b8fef673e7661125fafed2097b92b58a22d40f17f6fc8c0
TR-14074,2024-10-14,2024-10-01,PJT,FORN-00074,RECEITA,3897.004162268718,3897.004162268718,BRL,Custo operacional associado a PJT,8,CARTAO,ATRASADO,cd84a39c-feaa-44f3-8973-81bec6fbb53e,2024-11-05,ERP_CORPORATIVO,TRANSACOES_FINANCEIRAS,14074,ae52d68d9c990756d14e0bcde21d75a2be2f760204af7d0798721768e27e4f04
TR-14075,2024-10-15,2024-10-01,PRD,FORN-00074,DESPESA,3702.517562833486,3702.517562833486,BRL,Despesa operacional - PRD,8,BOLETO,PAGO,cd84a39c-feaa-44f3-8973-81bec6fbb53e,2024-11-05,ERP_CORPORATIVO,TRANSACOES_FINANCEIRAS,14075,7e0617c00e3c3a8a78c29dcc2876f11517bab2278d46392ca8873894eaf2c4ed
TR-14076,2024-10-03,2024-10-01,ATD,FORN-00074,DESPESA,3329.7192965590652,3329.7192965590652,USD,Aquisição de material operacional - ATD,2,TRANSFERENCIA,PAGO,cd84a39c-feaa-44f3-8973-81bec6fbb53e,2024-11-05,ERP_CORPORATIVO,TRANSACOES_FINANCEIRAS,14076,1dd8c175fca77336825350949df1739e46cb17e4002fde5cf710fd4a2f2fa28b
TR-14077,2024-10-10,2024-10-01,FIN,FORN-00074,DESPESA,3394.7802132628813,3242.39445874346,BRL,Custo operacional associado a FIN,8,CARTAO,PAGO,cd84a39c-feaa-44f3-8973-81bec6fbb53e,2024-11-05,ERP_CORPORATIVO,TRANSACOES_FINANCEIRAS,14077,cf8ef5861440b89519b45cea4819220ec4a0ad54f8bc607db283aa5e0a30a360
TR-14078,2024-10-15,2024-10-01,COM,FORN-00074,RECEITA,3526.6359661631286,3526.6359661631286,BRL,Imposto sobre venda apurado em COM,40,CARTAO,PAGO,cd84a39c-feaa-44f3-8973-81bec6fbb53e,2024-11-05,ERP_CORPORATIVO,TRANSACOES_FINANCEIRAS,14078,581f386a5b6a5a529a05b2aba8059a9315b364dd19855c52332616be4834d102
TR-14079,2024-10-14,2024-10-01,QAS,FORN-00074,DESPESA,3494.826061934567,3494.826061934567,BRL,Taxas bancárias incidentes em QAS,22,BOLETO,PAGO,cd84a39c-feaa-44f3-8973-81bec6fbb53e,2024-11-05,ERP_CORPORATIVO,TRANSACOES_FINANCEIRAS,14079,96889ba99fd49b7be417219ad652d20f340dd5c5dc93b7936d069cebcaf7cf20
TR-14080,2024-10-23,2024-10-01,CPT,FORN-00074,DESPESA,3489.793634081212,3489.793634081212,BRL,Compra de insumos para setor CPT,2,TED,PAGO,cd84a39c-feaa-44f3-8973-81bec6fbb53e,2024-11-05,ERP_CORPORATIVO,TRANSACOES_FINANCEIRAS,14080,d2eeb9654c72ce3092010e2f788cb1a90edaca552d959446d494885714d11706
TR-14081,2024-10-16,2024-10-01,JUR,FORN-00074,RECEITA,3388.4690830267646,3388.4690830267646,USD,Seguro contratado pela área JUR,21,BOLETO,PAGO,cd84a39c-feaa-44f3-8973-81bec6fbb53e,2024-11-05,ERP_CORPORATIVO,TRANSACOES_FINANCEIRAS,14081,ba59c810b2fe4b3e878c24f9a38c5d24ba9604cc8b08a29bc87c69bb193d528e
TR-14082,2024-10-21,2024-10-01,TI,FORN-00074,DESPESA,3728.9537534980286,3728.9537534980286,BRL,Serviço especializado solicitado por TI,1,PIX,PAGO,cd84a39c-feaa-44f3-8973-81bec6fbb53e,2024-11-05,ERP_CORPORATIVO,TRANSACOES_FINANCEIRAS,14082,7a2b97da376e08d0a4514a1e97eab89864db8e722067a4092cda438148f6cc96
TR-14083,2024-10-17,2024-10-01,FIN,FORN-00074,DESPESA,3456.975112169095,3419.4651090193515,BRL,Licença de software para área FIN,27,PIX,ATRASADO,cd84a39c-feaa-44f3-8973-81bec6fbb53e,2024-11-05,ERP_CORPORATIVO,TRANSACOES_FINANCEIRAS,14083,ad1d9510bdc917adec0b779a9d62801ccb2d6ee2e9807726905dd127e775488a
TR-14084,2024-10-28,2024-10-01,FIN,FORN-00074,DESPESA,4173.199954027707,4173.199954027707,BRL,Aquisição de material operacional - FIN,2,TED,PAGO,cd84a39c-feaa-44f3-8973-81bec6fbb53e,2024-11-05,ERP_CORPORATIVO,TRANSACOES_FINANCEIRAS,14084,a732b02ef2ed253c00189cee603b62d0a6a9068bcbd2b609917a418553d0756b
TR-14085,2024-10-15,2024-10-01,JUR,FORN-00074,RECEITA,4169.0030660900175,4019.0807764791953,BRL,Assessoria legal vinculada à área JUR,7,TRANSFERENCIA,PAGO,cd84a39c-feaa-44f3-8973-81bec6fbb53e,2024-11-05,ERP_CORPORATIVO,TRANSACOES_FINANCEIRAS,14085,e1c9ec5779d73d89745b026b9f9ed0a32881101523cba8f576d6a16d06ef5977
TR-14086,2024-10-11,2024-10-01,COMP,FORN-00074,RECEITA,3957.5359463489594,3957.5359463489594,BRL,Passagem aérea para colaborador de COMP,18,BOLETO,PAGO,cd84a39c-feaa-44f3-8973-81bec6fbb53e,2024-11-05,ERP_CORPORATIVO,TRANSACOES_FINANCEIRAS,14086,914923979d3bf9b35e2665222990bda4be3e371285c8465394e6a9d54d90674c
TR-14087,2024-10-07,2024-10-01,COM,FORN-00074,DESPESA,3912.1132204588357,3821.42559199046,BRL,Contrato de serviço - setor COM,1,PIX,PAGO,cd84a39c-feaa-44f3-8973-81bec6fbb53e,2024-11-05,ERP_CORPORATIVO,TRANSACOES_FINANCEIRAS,14087,8957e225ee5a6d81c648f000b6fe1271eaec13c8846d44f93b6cca23ba7358bc
TR-14088,2024-10-28,2024-10-01,QAS,FORN-00074,RECEITA,1874.1461165312026,1874.1461165312026,BRL,Serviço de tecnologia contratado por QAS,5,CARTAO,PAGO,cd84a39c-feaa-44f3-8973-81bec6fbb53e,2024-11-05,ERP_CORPORATIVO,TRANSACOES_FINANCEIRAS,14088,d998d886466eef0389719f3af4fa34f163bf973592fbc26b43be176adc852bfa
TR-14089,2024-10-07,2024-10-01,PJT,FORN-00074,DESPESA,4686.106737540957,4466.312112858415,BRL,Serviço relacionado a recursos humanos (PJT),6,BOLETO,PAGO,cd84a39c-feaa-44f3-8973-81bec6fbb53e,2024-11-05,ERP_CORPORATIVO,TRANSACOES_FINANCEIRAS,14089,7241a8c8753f9f8e3858bd0f9209c36887e9fa7d244a35bfe76f8d021e7ff438
TR-14090,2024-10-14,2024-10-01,RH,FORN-00074,DESPESA,3623.2096261171864,3623.2096261171864,BRL,Juros sobre operação financeira - RH,23,PIX,PAGO,cd84a39c-feaa-44f3-8973-81bec6fbb53e,2024-11-05,ERP_CORPORATIVO,TRANSACOES_FINANCEIRAS,14090,fddf466097dd98333dda3599e4621b0c6f634882b610616d16683915362e6d3b
TR-14091,2024-10-07,2024-10-01,MKT,FORN-00074,RECEITA,4034.534528127138,3903.1166606281695,BRL,Serviço especializado solicitado por MKT,1,TED,PAGO,cd84a39c-feaa-44f3-8973-81bec6fbb53e,2024-11-05,ERP_CORPORATIVO,TRANSACOES_FINANCEIRAS,14091,a573967c8133d8f915de4011025e499f644b7e677fbb7874736c93b8984349f3
TR-14092,2024-10-15,2024-10-01,COM,FORN-00074,RECEITA,4050.4037725483363,4050.4037725483363,BRL,Contrato de serviço - setor COM,1,BOLETO,CANCELADO,cd84a39c-feaa-44f3-8973-81bec6fbb53e,2024-11-05,ERP_CORPORATIVO,TRANSACOES_FINANCEIRAS,14092,036b91f4fb8eb8eae3a66f87086c8ccb412d5b9c032e701d772c58d4632517ae
TR-14093,2024-10-07,2024-10-01,PRD,FORN-00074,DESPESA,3358.1790318549606,3262.5699594651983,BRL,Contrato de SaaS vinculado a PRD,27,BOLETO,PAGO,cd84a39c-feaa-44f3-8973-81bec6fbb53e,2024-11-05,ERP_CORPORATIVO,TRANSACOES_FINANCEIRAS,14093,82d61cb7051de4a14bb03c7fdf9f6448180a5058fa6b5a0958e306bac08a8dae
TR-14094,2024-10-09,2024-10-01,CTB,FORN-00074,RECEITA,3499.9013974397035,3499.9013974397035,BRL,Receita de aluguel creditada em CTB,31,PIX,ATRASADO,cd84a39c-feaa-44f3-8973-81bec6fbb53e,2024-11-05,ERP_CORPORATIVO,TRANSACOES_FINANCEIRAS,14094,2a29f69589059d09d1f5c49c6a21cca62079891939a182a38a8175758d17c29e
TR-14329,2024-10-11,2024-10-01,CTB,1000075,DESPESA,4473.917711481026,4473.917711481026,USD,Comissão recebida por CTB,33,PIX,ATRASADO,cd84a39c-feaa-44f3-8973-81bec6fbb53e,2024-11-05,ERP_CORPORATIVO,TRANSACOES_FINANCEIRAS,14329,183107edc29088529c24899ddecb1d5e9b036063317c2e845fd537ef6d6d8344
TR-14330,2024-10-14,2024-10-01,COMP,1000075,DESPESA,3934.623034639699,3807.3727891307103,BRL,Direitos de propriedade intelectual - COMP,32,CARTAO,PAGO,cd84a39c-feaa-44f3-8973-81bec6fbb53e,2024-11-05,ERP_CORPORATIVO,TRANSACOES_FINANCEIRAS,14330,b5fadc0e2c238146692664d8a3d649500043164208103abcec87828f0d4728b4
TR-14331,2024-10-21,2024-10-01,FIN,1000075,DESPESA,4227.478238523193,4227.478238523193,BRL,Serviço especializado solicitado por FIN,1,BOLETO,PAGO,cd84a39c-feaa-44f3-8973-81bec6fbb53e,2024-11-05,ERP_CORPORATIVO,TRANSACOES_FINANCEIRAS,14331,166a85ac71a538bf2ec85528234a269608b7c80c9d57395e6f1afa39b91a0988
TR-14332,2024-10-01,2024-10-01,ATD,1000075,RECEITA,3730.0078233255895,3730.0078233255895,BRL,Aquisição de material operacional - ATD,2,PIX,ATRASADO,cd84a39c-feaa-44f3-8973-81bec6fbb53e,2024-11-05,ERP_CORPORATIVO,TRANSACOES_FINANCEIRAS,14332,c2536c4175a62ea29693f10f872d6b66870fb040669898940a5376ddce85f9f3
TR-14333,2024-10-22,2024-10-01,RH,1000075,RECEITA,4172.1104216937065,4172.1104216937065,BRL,Participação nos resultados vinculada a RH,34,TRANSFERENCIA,PAGO,cd84a39c-feaa-44f3-8973-81bec6fbb53e,2024-11-05,ERP_CORPORATIVO,TRANSACOES_FINANCEIRAS,14333,03c745352f2e2c3469a7c6d6e1d632e36c6b9ee487ee14f7f41d7c63eb8e2b52
TR-14334,2024-10-28,2024-10-01,TI,1000075,RECEITA,3426.9503201996367,3384.9644298489147,BRL,Serviço relacionado a recursos humanos (TI),6,PIX,PAGO,cd84a39c-feaa-44f3-8973-81bec6fbb53e,2024-11-05,ERP_CORPORATIVO,TRANSACOES_FINANCEIRAS,14334,d93db4e33247ee23ba27c0c1e105ce53d3e3c7f4babdbeb7a8afd0a67391ba90
TR-14335,2024-10-21,2024-10-01,COM,1000075,RECEITA,4182.496148648407,4182.496148648407,BRL,Manutenção estrutural vinculada à área COM,3,PIX,PAGO,cd84a39c-feaa-44f3-8973-81bec6fbb53e,2024-11-05,ERP_CORPORATIVO,TRANSACOES_FINANCEIRAS,14335,d0893b1321f8a9a3fa91417db52ec083ecfb542cd892580ec9f2754a6ec2e9cc
TR-14336,2024-10-02,2024-10-01,ADM,1000075,DESPESA,4062.755758315534,3893.322882808887,BRL,Reparo e conservação de instalações - ADM,10,TED,ATRASADO,cd84a39c-feaa-44f3-8973-81bec6fbb53e,2024-11-05,ERP_CORPORATIVO,TRANSACOES_FINANCEIRAS,14336,f7ed5cd9f2c2b7ff216267eec647c75a7882ad9c72b9539c6dfc032ab3fc37e1
TR-14337,2024-10-28,2024-10-01,OP,1000075,RECEITA,4269.321513317877,4269.321513317877,BRL,Capacitação profissional vinculada a OP,30,PIX,PAGO,cd84a39c-feaa-44f3-8973-81bec6fbb53e,2024-11-05,ERP_CORPORATIVO,TRANSACOES_FINANCEIRAS,14337,36e9c5f0cd5f5ec6c8a4c66ec7267a838aec2ae6674d8a6076fafa4327868ac9
TR-14338,2024-10-01,2024-10-01,FIN,1000075,RECEITA,4080.2069784639234,4080.2069784639234,BRL,Compra de insumos para setor FIN,2,TRANSFERENCIA,PAGO,cd84a39c-feaa-44f3-8973-81bec6fbb53e,2024-11-05,ERP_CORPORATIVO,TRANSACOES_FINANCEIRAS,14338,4732505a4cf0cf3c81452180dcf6e7119023d20dcd45859ff8e9e4665634fdfe
TR-14339,2024-10-18,2024-10-01,ADM,1000075,RECEITA,4441.025663614838,4441.025663614838,BRL,Serviço de tecnologia contratado por ADM,5,PIX,PAGO,cd84a39c-feaa-44f3-8973-81bec6fbb53e,2024-11-05,ERP_CORPORATIVO,TRANSACOES_FINANCEIRAS,14339,ba32374e731f8ad427c1f723767ee6039dd7a76cfa3cf94a5e7591757a0005a1
TR-14341,2024-10-14,2024-10-01,PRD,1000075,RECEITA,4406.263122247856,4303.194586773646,BRL,Tarifas de serviços financeiros - PRD,22,BOLETO,PAGO,cd84a39c-feaa-44f3-8973-81bec6fbb53e,2024-11-05,ERP_CORPORATIVO,TRANSACOES_FINANCEIRAS,14341,9692ebd9eab431dd0e1a75dfab0590ff64a8e2371fa48e5d460b136c8c03b477
TR-14342,2024-10-21,2024-10-01,CPT,1000075,DESPESA,4282.818546618028,4282.818546618028,BRL,Prestação de serviço para área CPT,1,TED,PAGO,cd84a39c-feaa-44f3-8973-81bec6fbb53e,2024-11-05,ERP_CORPORATIVO,TRANSACOES_FINANCEIRAS,14342,72105d6f9f3a41db99e36a18203cba380ede569ce179f920b5134bc84ed6738b
TR-14343,2024-10-25,2024-10-01,FIN,1000075,DESPESA,4555.471016743274,4555.471016743274,BRL,Custo operacional associado a FIN,8,BOLETO,PAGO,cd84a39c-feaa-44f3-8973-81bec6fbb53e,2024-11-05,ERP_CORPORATIVO,TRANSACOES_FINANCEIRAS,14343,c4e42b2d6e01345a6824de8b84ae32a769af9a4314d780e7a82627eeb371e2fc
TR-14593,2024-10-21,2024-10-01,RH,ACC-00077,DESPESA,1357.224776421977,1357.224776421977,BRL,Treinamento corporativo para equipe RH,30,BOLETO,PAGO,cd84a39c-feaa-44f3-8973-81bec6fbb53e,2024-11-05,ERP_CORPORATIVO,TRANSACOES_FINANCEIRAS,14593,82fb1dde1cf67c6b05fb95c544120dce60245e2ff6b97710e5abf216b74a6d48
TR-14594,2024-10-16,2024-10-01,FIN,ACC-00077,RECEITA,1307.8256208709192,1307.8256208709192,USD,Despesa jurídica da área FIN,24,TED,PAGO,cd84a39c-feaa-44f3-8973-81bec6fbb53e,2024-11-05,ERP_CORPORATIVO,TRANSACOES_FINANCEIRAS,14594,c2a736a3b3e98ca2fbd901ed2d57dcce97e73b9ad5bcc543f34cde4d7fb2b8c7
TR-14595,2024-10-10,2024-10-01,FIN,ACC-00077,DESPESA,1358.0458589887053,1358.0458589887053,BRL,Prestação de serviço para área FIN,1,BOLETO,PAGO,cd84a39c-feaa-44f3-8973-81bec6fbb53e,2024-11-05,ERP_CORPORATIVO,TRANSACOES_FINANCEIRAS,14595,e79d1261b8666cbc819565763650468b46aef73b3d092cb882cf73e508a30d7f
TR-14596,2024-10-07,2024-10-01,COMP,ACC-00077,RECEITA,1680.2747262230089,1680.2747262230089,BRL,Reparo de hardware solicitado por COMP,28,TED,PAGO,cd84a39c-feaa-44f3-8973-81bec6fbb53e,2024-11-05,ERP_CORPORATIVO,TRANSACOES_FINANCEIRAS,14596,1a1c7aa5a25d37aa65874116d22a7b404532a8ceebe71657beec555733ae2afd
TR-14597,2024-10-21,2024-10-01,JUR,ACC-00077,DESPESA,1468.9366488658775,1468.9366488658775,BRL,Imposto sobre venda apurado em JUR,40,TED,ATRASADO,cd84a39c-feaa-44f3-8973-81bec6fbb53e,2024-11-05,ERP_CORPORATIVO,TRANSACOES_FINANCEIRAS,14597,29a59bdf67f7f9d336cb6b33701382f9bf66d3da1d696351308492ee3f414362
TR-14598,2024-10-16,2024-10-01,FIN,ACC-00077,DESPESA,1739.5951032276464,1739.5951032276464,BRL,Custo operacional associado a FIN,8,CARTAO,PAGO,cd84a39c-feaa-44f3-8973-81bec6fbb53e,2024-11-05,ERP_CORPORATIVO,TRANSACOES_FINANCEIRAS,14598,aae8249c472f95e5cb6ddd2d8245e80c2aff8e6b3e294b73bb7aedc13ecf3631
TR-14599,2024-10-14,2024-10-01,TI,ACC-00077,DESPESA,1660.5135170690112,1660.5135170690112,BRL,Manutenção de equipamentos de TI,28,TRANSFERENCIA,PAGO,cd84a39c-feaa-44f3-8973-81bec6fbb53e,2024-11-05,ERP_CORPORATIVO,TRANSACOES_FINANCEIRAS,14599,ff46ae112b0582563edf1fcd12e186bd5672d822f54c1b790b82c269b9cb5a17
TR-14600,2024-10-15,2024-10-01,SEC,ACC-00077,DESPESA,1603.0986324621967,1603.0986324621967,BRL,Investimento em marketing corporativo (SEC),4,TRANSFERENCIA,CANCELADO,cd84a39c-feaa-44f3-8973-81bec6fbb53e,2024-11-05,ERP_CORPORATIVO,TRANSACOES_FINANCEIRAS,14600,6c849ed69388daf4f25ab25e7f80742f41081439a8724c5f7ec1ccc823bdc858
TR-14601,2024-10-14,2024-10-01,SEC,ACC-00077,RECEITA,1655.8052351941985,1655.8052351941985,BRL,Compra de insumos para setor SEC,2,TRANSFERENCIA,PAGO,cd84a39c-feaa-44f3-8973-81bec6fbb53e,2024-11-05,ERP_CORPORATIVO,TRANSACOES_FINANCEIRAS,14601,8f7fffa52e73456652d2d9ef55e516d10958dab438a6d88adb62f4ecb4e267a0
TR-14602,2024-10-14,2024-10-01,TI,ACC-00077,RECEITA,1607.7607820588212,1563.6930075291516,BRL,Locação de espaço comercial - TI,31,TRANSFERENCIA,PAGO,cd84a39c-feaa-44f3-8973-81bec6fbb53e,2024-11-05,ERP_CORPORATIVO,TRANSACOES_FINANCEIRAS,14602,305173ff306f9afa4f4f6b24b4572a958b29609e4bfb5ad5a921f2c68613176e
TR-14603,2024-10-09,2024-10-01,COMP,ACC-00077,DESPESA,1697.745670108923,1639.8981346547725,BRL,Honorários jurídicos - COMP,7,BOLETO,CANCELADO,cd84a39c-feaa-44f3-8973-81bec6fbb53e,2024-11-05,ERP_CORPORATIVO,TRANSACOES_FINANCEIRAS,14603,eceee725db4870eb6f1866b823ef86315b1dd2afa940b7f4ed01be90a4b68d21
TR-14800,2024-10-28,2024-10-01,CTB,1000077,DESPESA,7428.334537303792,7428.334537303792,BRL,Participação nos resultados vinculada a CTB,34,TRANSFERENCIA,PAGO,cd84a39c-feaa-44f3-8973-81bec6fbb53e,2024-11-05,ERP_CORPORATIVO,TRANSACOES_FINANCEIRAS,14800,33e97904e0ba706289fd271aef417141c0e4baf7aec95d8e233a1cc44c8a6c6b
TR-14801,2024-10-16,2024-10-01,FIN,1000077,DESPESA,6872.28775458409,6872.28775458409,BRL,Custo operacional associado a FIN,8,PIX,PAGO,cd84a39c-feaa-44f3-8973-81bec6fbb53e,2024-11-05,ERP_CORPORATIVO,TRANSACOES_FINANCEIRAS,14801,82a6a7bd724856d6f01228a1e22686ad32cfaaff20722cf9f963c1c04a383100
TR-14802,2024-10-16,2024-10-01,ESG,1000077,DESPESA,7439.3441197653365,7216.855556346719,BRL,Hospedagem em viagem a serviço de ESG,19,TED,ATRASADO,cd84a39c-feaa-44f3-8973-81bec6fbb53e,2024-11-05,ERP_CORPORATIVO,TRANSACOES_FINANCEIRAS,14802,29edb1df60c6e4a63b8649ed51378e457a81ac0392fc8b088297228e1bbc3da1
TR-14803,2024-10-21,2024-10-01,PES,1000077,DESPESA,8168.302962648534,8017.705342487559,BRL,Aquisição de material operacional - PES,2,TED,CANCELADO,cd84a39c-feaa-44f3-8973-81bec6fbb53e,2024-11-05,ERP_CORPORATIVO,TRANSACOES_FINANCEIRAS,14803,848aab9976178f64411cec8575d921bf109f7b057d42ae05ae096673c6cf0f3a
TR-14804,2024-10-07,2024-10-01,JUR,1000077,DESPESA,7686.634508406281,7686.634508406281,BRL,Material de marketing solicitado por JUR,15,BOLETO,PAGO,cd84a39c-feaa-44f3-8973-81bec6fbb53e,2024-11-05,ERP_CORPORATIVO,TRANSACOES_FINANCEIRAS,14804,cf76892f545abff126babb20dde6d675fb5126d99f9858777665829e9e799240
TR-14957,2024-10-17,2024-10-01,PRD,ACC-00079,DESPESA,3943.557476580745,3943.557476580745,BRL,Custo operacional associado a PRD,8,TED,PAGO,cd84a39c-feaa-44f3-8973-81bec6fbb53e,2024-11-05,ERP_CORPORATIVO,TRANSACOES_FINANCEIRAS,14957,d39442928d406b8b3d73b7b0b69fc52c373e09c169ceeed980f527ba53ed5e39
TR-14958,2024-10-21,2024-10-01,OP,ACC-00079,DESPESA,4041.155053591187,4041.155053591187,BRL,Certificado digital adquirido por OP,26,BOLETO,ATRASADO,cd84a39c-feaa-44f3-8973-81bec6fbb53e,2024-11-05,ERP_CORPORATIVO,TRANSACOES_FINANCEIRAS,14958,f5685c2de9a9a27b2a70a317bafd7ad37e1e3c598d94dd6fad6144fd850c4269
TR-14959,2024-10-21,2024-10-01,SEC,ACC-00079,DESPESA,4812.125410388092,4812.125410388092,BRL,Contrato de consultoria externa - SEC,12,BOLETO,PAGO,cd84a39c-feaa-44f3-8973-81bec6fbb53e,2024-11-05,ERP_CORPORATIVO,TRANSACOES_FINANCEIRAS,14959,cf613e4a71bd682ebd28ced7e4b65589af4991b3a9cda24408a8a16f104a923c
TR-14960,2024-10-28,2024-10-01,CPT,ACC-00079,RECEITA,3909.4877997578055,3909.4877997578055,BRL,Atendimento de TI requisitado por CPT,29,TED,PAGO,cd84a39c-feaa-44f3-8973-81bec6fbb53e,2024-11-05,ERP_CORPORATIVO,TRANSACOES_FINANCEIRAS,14960,ab8b1e500623b49a0cbe2103aa9f55cdc75c7c6b85d669d33fa9dd857ac711a8
TR-14961,2024-10-21,2024-10-01,COMP,ACC-00079,RECEITA,4294.915542462408,4294.915542462408,BRL,Receita extraordinária - COMP,37,PIX,PAGO,cd84a39c-feaa-44f3-8973-81bec6fbb53e,2024-11-05,ERP_CORPORATIVO,TRANSACOES_FINANCEIRAS,14961,c2aee683092f709cf3cd7a22c1a3772c1fb36c90a32584d4e8fb2b64bb0a8316
TR-14962,2024-10-22,2024-10-01,COMP,ACC-00079,DESPESA,4205.069415462141,4132.442736948595,BRL,Prestação de serviço para área COMP,1,TED,PAGO,cd84a39c-feaa-44f3-8973-81bec6fbb53e,2024-11-05,ERP_CORPORATIVO,TRANSACOES_FINANCEIRAS,14962,baf4379724b5f1aad52f5c298a7672235afae38d63bbdf50ebff02456d8d58d4
TR-14963,2024-10-25,2024-10-01,PES,ACC-00079,DESPESA,1541.6062858878288,1541.6062858878288,BRL,Seguro contratado pela área PES,21,PIX,PAGO,cd84a39c-feaa-44f3-8973-81bec6fbb53e,2024-11-05,ERP_CORPORATIVO,TRANSACOES_FINANCEIRAS,14963,1a2c05393b4c7fa5f0ff82eba914b239b257a58a385aa3ba170955cfec3bf5de
TR-14964,2024-10-11,2024-10-01,OP,ACC-00079,RECEITA,3689.568697098161,3689.568697098161,BRL,Tarifas de serviços financeiros - OP,22,BOLETO,PAGO,cd84a39c-feaa-44f3-8973-81bec6fbb53e,2024-11-05,ERP_CORPORATIVO,TRANSACOES_FINANCEIRAS,14964,f233a8549650aed377a6fca006da791e9675a720fd2d27b689a1c8927a2e0040
TR-14965,2024-10-09,2024-10-01,COMP,ACC-00079,RECEITA,4278.862745898237,4216.275384591529,BRL,Certificado digital adquirido por COMP,26,CARTAO,PAGO,cd84a39c-feaa-44f3-8973-81bec6fbb53e,2024-11-05,ERP_CORPORATIVO,TRANSACOES_FINANCEIRAS,14965,bb90f1a96caf16b5101d919aca2c94b40ee325411f9d62c54c6e6d99bf49ab49
TR-14966,2024-10-16,2024-10-01,QAS,ACC-00079,DESPESA,3349.318962889032,3279.4787910998157,BRL,Investimento em marketing corporativo (QAS),4,PIX,CANCELADO,cd84a39c-feaa-44f3-8973-81bec6fbb53e,2024-11-05,ERP_CORPORATIVO,TRANSACOES_FINANCEIRAS,14966,edaf4b0e3d87721d3b72b736a46bf1c80ae8f8e33191fe3e35e45c25f4aa9446
TR-14967,2024-10-14,2024-10-01,RH,ACC-00079,DESPESA,3666.601780749214,3666.601780749214,BRL,Assessoria contábil prestada a RH,25,TED,ATRASADO,cd84a39c-feaa-44f3-8973-81bec6fbb53e,2024-11-05,ERP_CORPORATIVO,TRANSACOES_FINANCEIRAS,14967,33f64d741b0afbca1863f6d9375bf51b111275bd5f19ace7f35b37a3872fa9ca
TR-14968,2024-10-04,2024-10-01,OP,ACC-00079,DESPESA,3846.4884271692745,3846.4884271692745,BRL,Despesa de refeição em deslocamento (OP),20,PIX,PAGO,cd84a39c-feaa-44f3-8973-81bec6fbb53e,2024-11-05,ERP_CORPORATIVO,TRANSACOES_FINANCEIRAS,14968,a058dfdf57029e88e0b43f9f2759113da5af0d3a4d0a267664f1ee8fa9422e96
TR-14969,2024-10-21,2024-10-01,RH,ACC-00079,DESPESA,3970.4037439487192,3970.4037439487192,EUR,Suporte técnico para sistemas de RH,29,BOLETO,PAGO,cd84a39c-feaa-44f3-8973-81bec6fbb53e,2024-11-05,ERP_CORPORATIVO,TRANSACOES_FINANCEIRAS,14969,ae2be05b797ffe83e29422ef698ea0f577998dbf33e6eaf0f8b299d465203fb9
TR-14970,2024-10-10,2024-10-01,TI,ACC-00079,DESPESA,4094.840825476159,4094.840825476159,BRL,Manutenção estrutural vinculada à área TI,3,PIX,PAGO,cd84a39c-feaa-44f3-8973-81bec6fbb53e,2024-11-05,ERP_CORPORATIVO,TRANSACOES_FINANCEIRAS,14970,12aca4d8bf79d60935243543b41dda49a975a7ad1cfed4ab51e6d254bf12a9ad
TR-14971,2024-10-14,2024-10-01,QAS,ACC-00079,RECEITA,4666.65968873581,4666.65968873581,BRL,Despesa jurídica da área QAS,24,PIX,ATRASADO,cd84a39c-feaa-44f3-8973-81bec6fbb53e,2024-11-05,ERP_CORPORATIVO,TRANSACOES_FINANCEIRAS,14971,f5f02312b10b8a6657c6e02053f9d6ccb2d89f96267359aa1e56bb75272dd246
TR-14972,2024-10-21,2024-10-01,OP,ACC-00079,RECEITA,15135.600295951435,15135.600295951435,BRL,Serviço relacionado a recursos humanos (OP),6,BOLETO,PAGO,cd84a39c-feaa-44f3-8973-81bec6fbb53e,2024-11-05,ERP_CORPORATIVO,TRANSACOES_FINANCEIRAS,14972,049cac0aab3a4edd97639d48d6fd195c8085837b04fb6cd1b250e9fcdf850050
TR-14973,2024-10-16,2024-10-01,COM,ACC-00079,RECEITA,4129.712007213091,4129.712007213091,BRL,Treinamento corporativo para equipe COM,30,TRANSFERENCIA,PAGO,cd84a39c-feaa-44f3-8973-81bec6fbb53e,2024-11-05,ERP_CORPORATIVO,TRANSACOES_FINANCEIRAS,14973,b248c253f2dc99e5ad33d66bd58fe86bd78742dcfd828fb6b2546e593787a45a
TR-14974,2024-10-28,2024-10-01,COMP,ACC-00079,DESPESA,3926.4207605641755,3926.4207605641755,BRL,Doação recebida em favor de COMP,36,CARTAO,PAGO,cd84a39c-feaa-44f3-8973-81bec6fbb53e,2024-11-05,ERP_CORPORATIVO,TRANSACOES_FINANCEIRAS,14974,d55b7c2ef38cd45fe8de21d5eb81ed47571010c52be73e0bd428b9ff785eda38
TR-14975,2024-10-22,2024-10-01,OP,ACC-00079,DESPESA,3930.56445674333,3930.56445674333,BRL,Despesa de infraestrutura - OP,3,PIX,PAGO,cd84a39c-feaa-44f3-8973-81bec6fbb53e,2024-11-05,ERP_CORPORATIVO,TRANSACOES_FINANCEIRAS,14975,e67d9efac3e856b911ee2ba51f61a0f2c66d3e03307ebddd80f7d184f024472b
TR-14976,2024-10-22,2024-10-01,COMP,ACC-00079,DESPESA,3625.057942480716,3625.057942480716,BRL,Devolução de venda processada por COMP,39,BOLETO,PAGO,cd84a39c-feaa-44f3-8973-81bec6fbb53e,2024-11-05,ERP_CORPORATIVO,TRANSACOES_FINANCEIRAS,14976,646411edf216d57aebbaf1afc4da524445b3b527c0fb401f20a94a2a9a0fa7d1
TR-15316,2024-10-14,2024-10-01,COM,1000080,RECEITA,2114.2383053837293,2032.698581443438,BRL,Tarifas de serviços financeiros - COM,22,PIX,PAGO,cd84a39c-feaa-44f3-8973-81bec6fbb53e,2024-11-05,ERP_CORPORATIVO,TRANSACOES_FINANCEIRAS,15316,71baf73129f5a2a48e746feb2c803ab4a6118b4e5e3c836045fa0f9761aacf3d
TR-15317,2024-10-21,2024-10-01,PRD,1000080,RECEITA,2203.5135126763957,2203.5135126763957,BRL,Custo operacional associado a PRD,8,CARTAO,PAGO,cd84a39c-feaa-44f3-8973-81bec6fbb53e,2024-11-05,ERP_CORPORATIVO,TRANSACOES_FINANCEIRAS,15317,f460b90077ed477738819d34c636d7e9c97bf3e5414b6dce84a2764c367e44e2
TR-15318,2024-10-14,2024-10-01,ATD,1000080,RECEITA,2431.5946669516243,2431.5946669516243,BRL,Direitos de propriedade intelectual - ATD,32,CARTAO,PAGO,cd84a39c-feaa-44f3-8973-81bec6fbb53e,2024-11-05,ERP_CORPORATIVO,TRANSACOES_FINANCEIRAS,15318,0de4f954134cccde2b382264f2566ae6c27ebf383de5053ae59888cd22df6086
TR-15319,2024-10-08,2024-10-01,VND,1000080,RECEITA,2592.2759761718844,2592.2759761718844,BRL,Produção de material gráfico - VND,15,CARTAO,PAGO,cd84a39c-feaa-44f3-8973-81bec6fbb53e,2024-11-05,ERP_CORPORATIVO,TRANSACOES_FINANCEIRAS,15319,498c8949c23f5a262cd76b4be96c18766122c2cc8a9ffa1c0bf0cf0c2195fafc
TR-15320,2024-10-22,2024-10-01,OP,1000080,DESPESA,2138.637558186749,2138.637558186749,BRL,Aquisição de material operacional - OP,2,PIX,PAGO,cd84a39c-feaa-44f3-8973-81bec6fbb53e,2024-11-05,ERP_CORPORATIVO,TRANSACOES_FINANCEIRAS,15320,b7e758b7bc8c2528bec85180595e9219cceaadde4493900ef218452189a7051d
TR-15321,2024-10-17,2024-10-01,COM,1000080,DESPESA,2321.6861913602506,2321.6861913602506,USD,Manutenção predial solicitada por COM,10,CARTAO,PAGO,cd84a39c-feaa-44f3-8973-81bec6fbb53e,2024-11-05,ERP_CORPORATIVO,TRANSACOES_FINANCEIRAS,15321,16eeab1ddbf88b005c873ab5057dca4528842d73063899d48260fcdb785cccf1
TR-15322,2024-10-25,2024-10-01,FIN,1000080,DESPESA,2707.846706139275,2580.3290916755855,BRL,Assessoria legal vinculada à área FIN,7,BOLETO,ATRASADO,cd84a39c-feaa-44f3-8973-81bec6fbb53e,2024-11-05,ERP_CORPORATIVO,TRANSACOES_FINANCEIRAS,15322,873ad6539f9482fd49ddd4bb5809e53a88400911a072355f467322bed926fd4d
TR-15323,2024-10-23,2024-10-01,RH,1000080,RECEITA,2311.303076250572,2311.303076250572,BRL,Compra de insumos para setor RH,2,BOLETO,PAGO,cd84a39c-feaa-44f3-8973-81bec6fbb53e,2024-11-05,ERP_CORPORATIVO,TRANSACOES_FINANCEIRAS,15323,5707047a9fff43cb688972dba20d6989b0a27640da294815526a58407cf4bb91
TR-15324,2024-10-07,2024-10-01,FIN,1000080,RECEITA,2480.4282478990713,2480.4282478990713,BRL,Material de marketing solicitado por FIN,15,PIX,PAGO,cd84a39c-feaa-44f3-8973-81bec6fbb53e,2024-11-05,ERP_CORPORATIVO,TRANSACOES_FINANCEIRAS,15324,48e7f139fbf766d7540a82e3140a3ad17e09322bb8ce86cf35f66f72acb0f7af
TR-15325,2024-10-21,2024-10-01,FIN,1000080,DESPESA,2634.3818765811047,2543.4680385860584,BRL,Serviço relacionado a recursos humanos (FIN),6,TRANSFERENCIA,CANCELADO,cd84a39c-feaa-44f3-8973-81bec6fbb53e,2024-11-05,ERP_CORPORATIVO,TRANSACOES_FINANCEIRAS,15325,dd7eac22e90e1f96dfcda3afa0e774d95016969cc1ec7afc16417811ef35034d
TR-15326,2024-10-14,2024-10-01,SEC,1000080,RECEITA,2145.928985316448,2145.928985316448,BRL,Atendimento de TI requisitado por SEC,29,TED,PAGO,cd84a39c-feaa-44f3-8973-81bec6fbb53e,2024-11-05,ERP_CORPORATIVO,TRANSACOES_FINANCEIRAS,15326,fb057362b9053733a085ee4b820f2cf2b3deae173580cb61ca594f53433a6800
TR-15327,2024-10-17,2024-10-01,TI,1000080,RECEITA,5342.002767924764,5342.002767924764,BRL,Reparo de frota vinculado à área TI,17,PIX,PAGO,cd84a39c-feaa-44f3-8973-81bec6fbb53e,2024-11-05,ERP_CORPORATIVO,TRANSACOES_FINANCEIRAS,15327,96c5fbd66e51413a8cfae6df061404979cacfabe26d01bdb7e687a163cb5d23f
TR-15328,2024-10-14,2024-10-01,JUR,1000080,RECEITA,2769.4936353963576,2769.4936353963576,BRL,Manutenção predial solicitada por JUR,10,BOLETO,PAGO,cd84a39c-feaa-44f3-8973-81bec6fbb53e,2024-11-05,ERP_CORPORATIVO,TRANSACOES_FINANCEIRAS,15328,a079b15080ac2d697fcc03007c17f3660185346d7fb9b8c73719c39362e7cd32
TR-15329,2024-10-21,2024-10-01,JUR,1000080,RECEITA,2495.4834314478744,2378.4011429007865,BRL,Custo operacional associado a JUR,8,PIX,ATRASADO,cd84a39c-feaa-44f3-8973-81bec6fbb53e,2024-11-05,ERP_CORPORATIVO,TRANSACOES_FINANCEIRAS,15329,fe7f4b3f95ab27bde4af0c4b9c277aa996c0668dd5747a314893f028ca4dac5c
TR-15330,2024-10-23,2024-10-01,ADM,1000080,DESPESA,2062.3862747789058,2062.3862747789058,BRL,Compra de insumos para setor ADM,2,TED,PAGO,cd84a39c-feaa-44f3-8973-81bec6fbb53e,2024-11-05,ERP_CORPORATIVO,TRANSACOES_FINANCEIRAS,15330,63d9e68c94c6437cd3fb04d059a9f3ac5ad8f72406aa0e1e0c5cacac312f8b8c
TR-15331,2024-10-14,2024-10-01,OP,1000080,DESPESA,2118.8956930323297,2118.8956930323297,BRL,Custo operacional associado a OP,8,CARTAO,PAGO,cd84a39c-feaa-44f3-8973-81bec6fbb53e,2024-11-05,ERP_CORPORATIVO,TRANSACOES_FINANCEIRAS,15331,f5100f79efaa053f4c838c7f29ab996b3af0f23ae36a4aa58326b7d12d33532e
TR-15332,2024-10-11,2024-10-01,LOG,1000080,RECEITA,2308.329374286102,2308.329374286102,BRL,Manutenção estrutural vinculada à área LOG,3,TED,PAGO,cd84a39c-feaa-44f3-8973-81bec6fbb53e,2024-11-05,ERP_CORPORATIVO,TRANSACOES_FINANCEIRAS,15332,275fe58bcccfa85be2dd9a3beb3c3b3c869057c17763e659e5d6c802e7414947
TR-15580,2024-10-21,2024-10-01,FIN,1000081,DESPESA,2472.9290645414994,2472.9290645414994,BRL,Viagem corporativa - FIN,18,CARTAO,PAGO,cd84a39c-feaa-44f3-8973-81bec6fbb53e,2024-11-05,ERP_CORPORATIVO,TRANSACOES_FINANCEIRAS,15580,e033ee703a04fcc6428494674225ff510a7dc6bb456f85f6faedfc6dcb2c0f21
TR-15581,2024-10-21,2024-10-01,COM,1000081,DESPESA,2101.013741232862,2101.013741232862,BRL,Despesa jurídica da área COM,24,BOLETO,PAGO,cd84a39c-feaa-44f3-8973-81bec6fbb53e,2024-11-05,ERP_CORPORATIVO,TRANSACOES_FINANCEIRAS,15581,84c8d0e1cdbb88f451051fe1063e2c09afab2bbb5fd5d3b34ab0ed843bc41b50
TR-15582,2024-10-24,2024-10-01,RH,1000081,RECEITA,2159.7734092819906,2159.7734092819906,BRL,Serviço relacionado a recursos humanos (RH),6,TRANSFERENCIA,PAGO,cd84a39c-feaa-44f3-8973-81bec6fbb53e,2024-11-05,ERP_CORPORATIVO,TRANSACOES_FINANCEIRAS,15582,e0460217edd11a1abfcfa7943fabc4050143ad2e93c9def641357ed117eb3aaa
TR-15583,2024-10-16,2024-10-01,SEC,1000081,DESPESA,2021.5866755691238,2021.5866755691238,BRL,Suporte técnico para sistemas de SEC,29,BOLETO,CANCELADO,cd84a39c-feaa-44f3-8973-81bec6fbb53e,2024-11-05,ERP_CORPORATIVO,TRANSACOES_FINANCEIRAS,15583,a81beaf0553a454665d60fbca771c5b8f1e4407f0592aad6ec3489b620947214
TR-15584,2024-10-10,2024-10-01,MKT,1000081,DESPESA,4280.42482623238,4280.42482623238,BRL,Compra de insumos para setor MKT,2,PIX,ATRASADO,cd84a39c-feaa-44f3-8973-81bec6fbb53e,2024-11-05,ERP_CORPORATIVO,TRANSACOES_FINANCEIRAS,15584,18c9df1340fb6d1334d280d4638e39c2586282bd1bf09a5334ff7c860a4dd6d3
TR-15585,2024-10-11,2024-10-01,OP,1000081,RECEITA,1945.5119742170723,1880.2801713787571,BRL,Despesa de infraestrutura - OP,3,BOLETO,PAGO,cd84a39c-feaa-44f3-8973-81bec6fbb53e,2024-11-05,ERP_CORPORATIVO,TRANSACOES_FINANCEIRAS,15585,0cf46cfdde8f6dffcd9a971776ca7a5e09130913e0ad7ce23bdf063ebf99a260
TR-15586,2024-10-10,2024-10-01,COMP,1000081,DESPESA,2079.8901109151984,2079.8901109151984,BRL,Serviço de telefonia e internet - COMP,9,BOLETO,PAGO,cd84a39c-feaa-44f3-8973-81bec6fbb53e,2024-11-05,ERP_CORPORATIVO,TRANSACOES_FINANCEIRAS,15586,e1c05963d74d439d22b6327eadf9907a22b4f85331718d5322ba800cd10758bd
TR-15587,2024-10-07,2024-10-01,PRD,1000081,RECEITA,2096.5071912286853,2096.5071912286853,BRL,Evento corporativo organizado por PRD,14,PIX,PAGO,cd84a39c-feaa-44f3-8973-81bec6fbb53e,2024-11-05,ERP_CORPORATIVO,TRANSACOES_FINANCEIRAS,15587,9a2f1d82bbe07e68f7c0c02d299e60fc8218231d669bf5dd9aa2d51048ae7607
TR-15588,2024-10-15,2024-10-01,PRD,1000081,DESPESA,1883.1907953093068,1883.1907953093068,USD,Direitos de propriedade intelectual - PRD,32,BOLETO,PAGO,cd84a39c-feaa-44f3-8973-81bec6fbb53e,2024-11-05,ERP_CORPORATIVO,TRANSACOES_FINANCEIRAS,15588,8203a5f342319202b4206042182a35bd5eef95e896e559a9b4dcb4f9aadf7170
TR-15589,2024-10-21,2024-10-01,PES,1000081,DESPESA,1976.7267339954035,1976.7267339954035,BRL,Serviço especializado solicitado por PES,1,PIX,CANCELADO,cd84a39c-feaa-44f3-8973-81bec6fbb53e,2024-11-05,ERP_CORPORATIVO,TRANSACOES_FINANCEIRAS,15589,31d9d68158170c8f73c4412b8f349404ebf63dfdfb1961a8b474e9947b37f55b
TR-15866,2024-10-11,2024-10-01,VND,ACC-00083,DESPESA,2950.150529777232,2950.150529777232,BRL,Treinamento corporativo para equipe VND,30,TRANSFERENCIA,ATRASADO,cd84a39c-feaa-44f3-8973-81bec6fbb53e,2024-11-05,ERP_CORPORATIVO,TRANSACOES_FINANCEIRAS,15866,d515b3e2311dba7c2662a0ad041ef3d41d2851f2216e96c59ba1584d1c46669e
TR-15867,2024-10-21,2024-10-01,MKT,ACC-00083,RECEITA,5074.191241505547,5074.191241505547,BRL,Reparo de hardware solicitado por MKT,28,TED,PAGO,cd84a39c-feaa-44f3-8973-81bec6fbb53e,2024-11-05,ERP_CORPORATIVO,TRANSACOES_FINANCEIRAS,15867,6d68ad9d8e43d52323bd7b7c48565dd217b57e78fc07cf9c950e60aa33b9b0cc
TR-15868,2024-10-14,2024-10-01,OP,ACC-00083,DESPESA,2645.274397655375,2604.59068630282,BRL,Capacitação profissional vinculada a OP,30,TED,PAGO,cd84a39c-feaa-44f3-8973-81bec6fbb53e,2024-11-05,ERP_CORPORATIVO,TRANSACOES_FINANCEIRAS,15868,3cfa6d2bdbf519c0e06562cf425c272974bf2e62037cfb2c61244918ced8785b
TR-15869,2024-10-25,2024-10-01,PRD,ACC-00083,DESPESA,3242.738922967654,3193.134089230643,BRL,Contrato de SaaS vinculado a PRD,27,PIX,PAGO,cd84a39c-feaa-44f3-8973-81bec6fbb53e,2024-11-05,ERP_CORPORATIVO,TRANSACOES_FINANCEIRAS,15869,c0d0714ac7f206fbec6f0634e266c339ea8c805698fa2068dae23b773a9b43d8
TR-15870,2024-10-17,2024-10-01,QAS,ACC-00083,RECEITA,2871.543868776664,2778.4208134420073,BRL,Prestação de serviço para área QAS,1,TED,ATRASADO,cd84a39c-feaa-44f3-8973-81bec6fbb53e,2024-11-05,ERP_CORPORATIVO,TRANSACOES_FINANCEIRAS,15870,31aa3150ee36cfa7b3611c903c82a3d4970863a8a1b5c2cc2d0f2313b96430d3
TR-15871,2024-10-14,2024-10-01,TI,ACC-00083,RECEITA,5446.991103539662,5446.991103539662,USD,Assessoria legal vinculada à área TI,7,BOLETO,ATRASADO,cd84a39c-feaa-44f3-8973-81bec6fbb53e,2024-11-05,ERP_CORPORATIVO,TRANSACOES_FINANCEIRAS,15871,fc37553755221f0fcf63d28ce5ceafc4fda57b8cf129d79b48ffa9e72b628804
TR-15872,2024-10-23,2024-10-01,ESG,ACC-00083,DESPESA,2587.8870560416412,2587.8870560416412,BRL,Contrato de serviço - setor ESG,1,TED,PAGO,cd84a39c-feaa-44f3-8973-81bec6fbb53e,2024-11-05,ERP_CORPORATIVO,TRANSACOES_FINANCEIRAS,15872,e8eb4df204b56dd17d0488caec146f0b48a0bc4f6d7f67324f0598ea8601724d
TR-15873,2024-10-17,2024-10-01,OP,ACC-00083,RECEITA,7111.338665331159,7031.239012816376,BRL,Assessoria legal vinculada à área OP,7,BOLETO,PAGO,cd84a39c-feaa-44f3-8973-81bec6fbb53e,2024-11-05,ERP_CORPORATIVO,TRANSACOES_FINANCEIRAS,15873,b06fdffe1d921c854912e26b6d4d2551cfd52b8bc3f517c90251d265c7f4d198
TR-15874,2024-10-14,2024-10-01,SEC,ACC-00083,DESPESA,2566.320478633582,2566.320478633582,BRL,Contrato de serviço - setor SEC,1,TRANSFERENCIA,PAGO,cd84a39c-feaa-44f3-8973-81bec6fbb53e,2024-11-05,ERP_CORPORATIVO,TRANSACOES_FINANCEIRAS,15874,c27f172bc19721350846e38d254c2b918eee58aa30f099fd2c776a6d1bf23792
TR-15875,2024-10-21,2024-10-01,COM,ACC-00083,DESPESA,5015.343498731658,4932.2744010395345,BRL,Compra de insumos para setor COM,2,PIX,PAGO,cd84a39c-feaa-44f3-8973-81bec6fbb53e,2024-11-05,ERP_CORPORATIVO,TRANSACOES_FINANCEIRAS,15875,0cd9c2b1a3f664469227e9df8049ff6429aecf06de4c74f3faac326cb18299bd
TR-15876,2024-10-22,2024-10-01,FIN,ACC-00083,DESPESA,3117.033163328616,3002.0770128523736,BRL,Compra de insumos para setor FIN,2,PIX,PAGO,cd84a39c-feaa-44f3-8973-81bec6fbb53e,2024-11-05,ERP_CORPORATIVO,TRANSACOES_FINANCEIRAS,15876,1555446859842ec672398dc08815b2f4e7f653725821508e11bd43db07d37269
TR-16154,2024-10-14,2024-10-01,COMP,FORN-00084,DESPESA,4994.20186258524,4880.837079002957,BRL,Compra de insumos para setor COMP,2,PIX,PAGO,cd84a39c-feaa-44f3-8973-81bec6fbb53e,2024-11-05,ERP_CORPORATIVO,TRANSACOES_FINANCEIRAS,16154,1733683f450e872303aa7b59143312a18f8cb260047fa6b48a51990bef86678e
TR-16155,2024-10-23,2024-10-01,FIN,FORN-00084,DESPESA,16658.17732547319,16658.17732547319,BRL,Serviço de tecnologia contratado por FIN,5,BOLETO,PAGO,cd84a39c-feaa-44f3-8973-81bec6fbb53e,2024-11-05,ERP_CORPORATIVO,TRANSACOES_FINANCEIRAS,16155,c5849bf27c50176c602e85af591b2a5c511b53f91997e45d30b801c4e6dc2baf
TR-16156,2024-10-17,2024-10-01,VND,FORN-00084,DESPESA,5450.650234295329,5349.280323709953,BRL,Resultado de equivalência patrimonial - VND,34,CARTAO,ATRASADO,cd84a39c-feaa-44f3-8973-81bec6fbb53e,2024-11-05,ERP_CORPORATIVO,TRANSACOES_FINANCEIRAS,16156,1610d0bd7df9b6e877c2738b6cb2e48d249df5352cafed70fe4212d5fc174c28
TR-16157,2024-10-24,2024-10-01,ESG,FORN-00084,RECEITA,4668.307766296523,4442.455080241344,BRL,Imposto sobre venda apurado em ESG,40,BOLETO,ATRASADO,cd84a39c-feaa-44f3-8973-81bec6fbb53e,2024-11-05,ERP_CORPORATIVO,TRANSACOES_FINANCEIRAS,16157,ad9b540bccaaab4cc23ed94e872ac114299d7d41067b69e919928e762f411ef1
TR-16158,2024-10-21,2024-10-01,COMP,FORN-00084,RECEITA,4892.705298199993,4786.898589495433,BRL,Serviço de telefonia e internet - COMP,9,TRANSFERENCIA,PAGO,cd84a39c-feaa-44f3-8973-81bec6fbb53e,2024-11-05,ERP_CORPORATIVO,TRANSACOES_FINANCEIRAS,16158,43cd5c2a31f2361e09b4db63ca56756329436bc8a98e5c9a48bc99ab0c4e1cca
TR-16277,2024-10-14,2024-10-01,COMP,1000084,RECEITA,4431.641099822507,4260.556265732672,BRL,Despesa de RH - COMP,6,TED,PAGO,cd84a39c-feaa-44f3-8973-81bec6fbb53e,2024-11-05,ERP_CORPORATIVO,TRANSACOES_FINANCEIRAS,16277,a523366d2c821176d0b8c418d2c673a56f3ce80813bb4ffabb8bb97bd7d274d6
TR-16278,2024-10-09,2024-10-01,COMP,1000084,RECEITA,3140.2904496503133,3140.2904496503133,BRL,Contrato de serviço - setor COMP,1,TED,PAGO,cd84a39c-feaa-44f3-8973-81bec6fbb53e,2024-11-05,ERP_CORPORATIVO,TRANSACOES_FINANCEIRAS,16278,a3d69cd842c41933625ca06899feab4d28b1d5db4bc2c154a73cfbda626c1b24
TR-16279,2024-10-14,2024-10-01,JUR,1000084,DESPESA,3878.097131889008,3784.5571242106494,BRL,Serviço relacionado a recursos humanos (JUR),6,TED,PAGO,cd84a39c-feaa-44f3-8973-81bec6fbb53e,2024-11-05,ERP_CORPORATIVO,TRANSACOES_FINANCEIRAS,16279,3b02a14baf48a0e489b771c8e870ed7f058f78c04b39506b369331f53d14a1cb
TR-16280,2024-10-11,2024-10-01,JUR,1000084,DESPESA,3385.69811671474,3385.69811671474,BRL,Evento corporativo organizado por JUR,14,PIX,PAGO,cd84a39c-feaa-44f3-8973-81bec6fbb53e,2024-11-05,ERP_CORPORATIVO,TRANSACOES_FINANCEIRAS,16280,8ac9b5ebbd7f549e3af1f849b6627efd0633c3fa5c216bc055de9945a51fb27f
TR-16281,2024-10-10,2024-10-01,RH,1000084,DESPESA,3695.9262182130083,3695.9262182130083,BRL,Juros sobre operação financeira - RH,23,BOLETO,PAGO,cd84a39c-feaa-44f3-8973-81bec6fbb53e,2024-11-05,ERP_CORPORATIVO,TRANSACOES_FINANCEIRAS,16281,37ceeb3dcc1810cb021e19d6e2260097eb18868c2d791fb2a0ea5525622ad30f
TR-16282,2024-10-09,2024-10-01,RH,1000084,DESPESA,3541.886427989402,3541.886427989402,BRL,Apólice de seguro - RH,21,TED,ATRASADO,cd84a39c-feaa-44f3-8973-81bec6fbb53e,2024-11-05,ERP_CORPORATIVO,TRANSACOES_FINANCEIRAS,16282,3536f9b097e0ca23b57c58db5ea8a975ab1073dcc74fa218f18c366e7eaa59cd
TR-16283,2024-10-24,2024-10-01,OP,1000084,DESPESA,3315.796870626207,3315.796870626207,BRL,Contrato de consultoria externa - OP,12,BOLETO,PAGO,cd84a39c-feaa-44f3-8973-81bec6fbb53e,2024-11-05,ERP_CORPORATIVO,TRANSACOES_FINANCEIRAS,16283,1dac4776a7faac89ba6860838f3fbba2831532807c72c9b5143659ac37f085ec
TR-16284,2024-10-03,2024-10-01,PES,1000084,DESPESA,3632.242868447997,3632.242868447997,BRL,Diária de hotel para equipe PES,19,BOLETO,PAGO,cd84a39c-feaa-44f3-8973-81bec6fbb53e,2024-11-05,ERP_CORPORATIVO,TRANSACOES_FINANCEIRAS,16284,9323e91f542014e2f862eb33afaf69067d35d16707db8e5d2a58cfc8be8bde27
TR-16285,2024-10-21,2024-10-01,JUR,1000084,DESPESA,3455.731556423223,3399.436272224358,BRL,Campanha institucional - JUR,4,BOLETO,PAGO,cd84a39c-feaa-44f3-8973-81bec6fbb53e,2024-11-05,ERP_CORPORATIVO,TRANSACOES_FINANCEIRAS,16285,1b07f828161644ea9d947d2077dc6858639c8b744408d03a217888835e848203
TR-16286,2024-10-07,2024-10-01,MKT,1000084,DESPESA,3814.778415199495,3742.4704077932424,BRL,Reparo e conservação de instalações - MKT,10,TED,PAGO,cd84a39c-feaa-44f3-8973-81bec6fbb53e,2024-11-05,ERP_CORPORATIVO,TRANSACOES_FINANCEIRAS,16286,ef77f27fb5851e38306dd19c607428b9a7547937bfb04aaa8b0f8e7e7a9fe7bb
TR-16287,2024-10-04,2024-10-01,TI,1000084,DESPESA,3258.2699948741033,3199.3532033357005,BRL,Viagem corporativa - TI,18,PIX,PAGO,cd84a39c-feaa-44f3-8973-81bec6fbb53e,2024-11-05,ERP_CORPORATIVO,TRANSACOES_FINANCEIRAS,16287,04bf196d129fbb9a91702f8bf70b17be4f614c9e482b926980878398f1eb9737
TR-16288,2024-10-14,2024-10-01,LOG,1000084,DESPESA,3777.2342703580493,3777.2342703580493,BRL,Campanha institucional - LOG,4,TED,PAGO,cd84a39c-feaa-44f3-8973-81bec6fbb53e,2024-11-05,ERP_CORPORATIVO,TRANSACOES_FINANCEIRAS,16288,084968cae682ad3ec45fccd1429c3554509a4e96850caf81d42a930bfbad209e
TR-16289,2024-10-18,2024-10-01,COMP,1000084,RECEITA,3928.101694060996,3928.101694060996,BRL,Contrato de serviço - setor COMP,1,TRANSFERENCIA,PAGO,cd84a39c-feaa-44f3-8973-81bec6fbb53e,2024-11-05,ERP_CORPORATIVO,TRANSACOES_FINANCEIRAS,16289,ed59bc81d5361d1e2a01fe1ec57400b73dbffce39ed26bbf397ad827850897c4
TR-16577,2024-10-21,2024-10-01,QAS,1000085,DESPESA,2884.622249328239,2884.622249328239,BRL,Honorários jurídicos - QAS,7,PIX,PAGO,cd84a39c-feaa-44f3-8973-81bec6fbb53e,2024-11-05,ERP_CORPORATIVO,TRANSACOES_FINANCEIRAS,16577,d5ba42c94780e157132185a1f7ea5eb7de55f994408b03eb474cd697c2b08ae4
TR-16578,2024-10-14,2024-10-01,COMP,1000085,DESPESA,3256.5358497178445,3256.5358497178445,BRL,Serviço técnico especializado para COMP,11,PIX,PAGO,cd84a39c-feaa-44f3-8973-81bec6fbb53e,2024-11-05,ERP_CORPORATIVO,TRANSACOES_FINANCEIRAS,16578,f97914aafa7541a3bc48cad362b3a872cb833e621197ad444dda46316b6a9940
TR-16579,2024-10-10,2024-10-01,COMP,1000085,RECEITA,3376.2718019005883,3376.2718019005883,BRL,Prestação de serviço para área COMP,1,TED,PAGO,cd84a39c-feaa-44f3-8973-81bec6fbb53e,2024-11-05,ERP_CORPORATIVO,TRANSACOES_FINANCEIRAS,16579,d7ccbe296e61fd1b244e6c1de93802c4043e420960f06a3f6207fae8905f0d47
TR-16580,2024-10-16,2024-10-01,COMP,1000085,DESPESA,2557.3378310996327,2522.94313707908,BRL,Serviço especializado solicitado por COMP,1,PIX,ATRASADO,cd84a39c-feaa-44f3-8973-81bec6fbb53e,2024-11-05,ERP_CORPORATIVO,TRANSACOES_FINANCEIRAS,16580,cfaecb8ba88616bb7ab8dd4821881c9d7be5d790c60f072ac9e856c7755fab7e
TR-16581,2024-10-14,2024-10-01,LOG,1000085,RECEITA,2285.387928115367,2285.387928115367,USD,Honorários jurídicos - LOG,7,TED,PAGO,cd84a39c-feaa-44f3-8973-81bec6fbb53e,2024-11-05,ERP_CORPORATIVO,TRANSACOES_FINANCEIRAS,16581,ca7c7ee2fabca450f9253333e61a81c2d5a96e5e431d60ce80d9b3643978087d
TR-16582,2024-10-04,2024-10-01,COM,1000085,RECEITA,2732.2544712863805,2732.2544712863805,BRL,Certificado digital adquirido por COM,26,TRANSFERENCIA,PAGO,cd84a39c-feaa-44f3-8973-81bec6fbb53e,2024-11-05,ERP_CORPORATIVO,TRANSACOES_FINANCEIRAS,16582,80116e038d51c035b097d044a63d1f15ee1934304c846861ea94ea3e24c21abc
TR-16583,2024-10-14,2024-10-01,LOG,1000085,RECEITA,2600.625453144722,2541.8074351132104,BRL,Receita eventual registrada em LOG,37,BOLETO,ATRASADO,cd84a39c-feaa-44f3-8973-81bec6fbb53e,2024-11-05,ERP_CORPORATIVO,TRANSACOES_FINANCEIRAS,16583,601301834693c70b09f71bb8684e9ab46fadf08f73ecbaa215387f7cf8137a4a
TR-16584,2024-10-03,2024-10-01,MKT,1000085,DESPESA,2746.5226464848056,2718.503398162208,BRL,Contrato de serviço - setor MKT,1,TED,ATRASADO,cd84a39c-feaa-44f3-8973-81bec6fbb53e,2024-11-05,ERP_CORPORATIVO,TRANSACOES_FINANCEIRAS,16584,17df3377c105b8a80f0731ec984002c36a106b38820c3d848fff9880ed080c87
TR-16585,2024-10-16,2024-10-01,SEC,1000085,DESPESA,3441.8115113808544,3441.8115113808544,USD,Propaganda e divulgação para área SEC,13,PIX,PAGO,cd84a39c-feaa-44f3-8973-81bec6fbb53e,2024-11-05,ERP_CORPORATIVO,TRANSACOES_FINANCEIRAS,16585,64660b4a9aa0591a87e7e70aca71f95de33ec95d2e85effa3d3f8ddfbb0db43b
TR-16586,2024-10-07,2024-10-01,QAS,1000085,DESPESA,3757.3136272321826,3757.3136272321826,BRL,Juros sobre operação financeira - QAS,23,TED,PAGO,cd84a39c-feaa-44f3-8973-81bec6fbb53e,2024-11-05,ERP_CORPORATIVO,TRANSACOES_FINANCEIRAS,16586,011ca7f45adfb025b6c4e560ceaf09980cc8eeaba8be74b5d253f6b1912087e3
TR-16587,2024-10-07,2024-10-01,OP,1000085,DESPESA,2609.680870819998,2609.680870819998,BRL,Manutenção estrutural vinculada à área OP,3,BOLETO,PAGO,cd84a39c-feaa-44f3-8973-81bec6fbb53e,2024-11-05,ERP_CORPORATIVO,TRANSACOES_FINANCEIRAS,16587,61e7308208bec642a4a9bf5b62c1992321cb8508e82cc447ee2daaea8db1a987
TR-16588,2024-10-25,2024-10-01,JUR,1000085,DESPESA,2934.307447181089,2934.307447181089,BRL,Aquisição de material operacional - JUR,2,TED,PAGO,cd84a39c-feaa-44f3-8973-81bec6fbb53e,2024-11-05,ERP_CORPORATIVO,TRANSACOES_FINANCEIRAS,16588,c27770e285323110b4b48ac8df34a0d21f59180dafd164456d92b42718d88fd3
TR-16589,2024-10-16,2024-10-01,JUR,1000085,DESPESA,2927.696962128797,2927.696962128797,BRL,Compra de insumos para setor JUR,2,PIX,PAGO,cd84a39c-feaa-44f3-8973-81bec6fbb53e,2024-11-05,ERP_CORPORATIVO,TRANSACOES_FINANCEIRAS,16589,a4a5e6d278635d6ded18c73422876fb99475793f6a21f7a4434f657d2f786086
TR-16590,2024-10-24,2024-10-01,COMP,1000085,RECEITA,2970.1757371858976,2970.1757371858976,BRL,Campanha institucional - COMP,4,TED,PAGO,cd84a39c-feaa-44f3-8973-81bec6fbb53e,2024-11-05,ERP_CORPORATIVO,TRANSACOES_FINANCEIRAS,16590,92052600c73543fca21e22a483eb09bc1537a66f51bca179c1f16cb8c6d99701
TR-16591,2024-10-07,2024-10-01,OP,1000085,RECEITA,2501.7675768425333,2501.7675768425333,BRL,Participação nos resultados vinculada a OP,34,PIX,PAGO,cd84a39c-feaa-44f3-8973-81bec6fbb53e,2024-11-05,ERP_CORPORATIVO,TRANSACOES_FINANCEIRAS,16591,9b7ebdaf5063c3f1f68b098919563e108c5b182cb60989c1ccebd0ce96285ca3
TR-16592,2024-10-28,2024-10-01,FIN,1000085,RECEITA,3246.6538268625154,3246.6538268625154,BRL,Despesa operacional - FIN,8,TED,PAGO,cd84a39c-feaa-44f3-8973-81bec6fbb53e,2024-11-05,ERP_CORPORATIVO,TRANSACOES_FINANCEIRAS,16592,872381a6976f05b393ee11af7ae96a684bf420cdce8a8195bed54fb434461b57
TR-16593,2024-10-21,2024-10-01,FIN,1000085,DESPESA,3140.054530889417,3140.054530889417,BRL,Reparo de hardware solicitado por FIN,28,BOLETO,PAGO,cd84a39c-feaa-44f3-8973-81bec6fbb53e,2024-11-05,ERP_CORPORATIVO,TRANSACOES_FINANCEIRAS,16593,1acd55642120706417a6a9b8db29b99856a2b360811757d2032928fb92dbfcf1
TR-16594,2024-10-21,2024-10-01,MKT,1000085,DESPESA,2734.7547032877164,2734.7547032877164,BRL,Suporte técnico para sistemas de MKT,29,PIX,ATRASADO,cd84a39c-feaa-44f3-8973-81bec6fbb53e,2024-11-05,ERP_CORPORATIVO,TRANSACOES_FINANCEIRAS,16594,d1f454c464a49a71f9d9825b574361f7e97a3c763994a12cdb418005737dbd6d
TR-16595,2024-10-24,2024-10-01,TI,1000085,RECEITA,3245.0203567351186,3245.0203567351186,BRL,Manutenção estrutural vinculada à área TI,3,BOLETO,PAGO,cd84a39c-feaa-44f3-8973-81bec6fbb53e,2024-11-05,ERP_CORPORATIVO,TRANSACOES_FINANCEIRAS,16595,8e864ebc8372e347896f5043d6ffc28dbbad4b09c2d7693f5c3d669f0e32d92a
TR-16596,2024-10-25,2024-10-01,CTB,1000085,DESPESA,2483.966489398671,2483.966489398671,BRL,Serviço especializado solicitado por CTB,1,PIX,PAGO,cd84a39c-feaa-44f3-8973-81bec6fbb53e,2024-11-05,ERP_CORPORATIVO,TRANSACOES_FINANCEIRAS,16596,c469dc3eb64648bf5670bc2ef7fea3c74e84a783524182c2b5b41e02a6a91523
TR-16597,2024-10-21,2024-10-01,ATD,1000085,DESPESA,2422.302818779673,2371.9402548315356,BRL,Serviço especializado solicitado por ATD,1,PIX,ATRASADO,cd84a39c-feaa-44f3-8973-81bec6fbb53e,2024-11-05,ERP_CORPORATIVO,TRANSACOES_FINANCEIRAS,16597,4b1d4393785050a9e21456fbe56b8f8e20b7c7915958c66afc4d26a11e96f0b0
TR-16598,2024-10-17,2024-10-01,COMP,1000085,DESPESA,2946.240932835453,2885.9151015339758,BRL,Alimentação em viagem corporativa - COMP,20,TED,PAGO,cd84a39c-feaa-44f3-8973-81bec6fbb53e,2024-11-05,ERP_CORPORATIVO,TRANSACOES_FINANCEIRAS,16598,e5ed02cfca683070e7a2b132ba3948a022475d00d0c24f00aabb0f909fb3a2b4
TR-16599,2024-10-07,2024-10-01,CTB,1000085,DESPESA,2995.676706829636,2943.6903323028487,BRL,Reparo de hardware solicitado por CTB,28,BOLETO,ATRASADO,cd84a39c-feaa-44f3-8973-81bec6fbb53e,2024-11-05,ERP_CORPORATIVO,TRANSACOES_FINANCEIRAS,16599,53aff066d90682977abfa8228791a27a97076b27cbb083048ae678d75efacb36
TR-16600,2024-10-07,2024-10-01,FIN,1000085,RECEITA,2822.613827638737,2822.613827638737,BRL,Investimento em marketing corporativo (FIN),4,PIX,PAGO,cd84a39c-feaa-44f3-8973-81bec6fbb53e,2024-11-05,ERP_CORPORATIVO,TRANSACOES_FINANCEIRAS,16600,80cd026af9b6f30f185e57acafaaf645185a6042eb7f1333f8d1e4d30a7b51f0
TR-16601,2024-10-14,2024-10-01,ADM,1000085,DESPESA,7007.875688197775,7007.875688197775,BRL,Manutenção preventiva de veículos - ADM,17,PIX,PAGO,cd84a39c-feaa-44f3-8973-81bec6fbb53e,2024-11-05,ERP_CORPORATIVO,TRANSACOES_FINANCEIRAS,16601,b083354db374d1f62a283dcc4420ac1b83233caba258302cab8d1f80b1bb9152
TR-16980,2024-10-11,2024-10-01,OP,FORN-00087,RECEITA,2719.90565429362,2660.647131812689,BRL,Manutenção predial solicitada por OP,10,CARTAO,PAGO,cd84a39c-feaa-44f3-8973-81bec6fbb53e,2024-11-05,ERP_CORPORATIVO,TRANSACOES_FINANCEIRAS,16980,33da14458d66c604bb37736a9085be829aa7032d5107a06a4134491c2ab58154
TR-16981,2024-10-14,2024-10-01,PJT,FORN-00087,DESPESA,2468.6872980204785,2468.6872980204785,BRL,Despesa operacional - PJT,8,PIX,PAGO,cd84a39c-feaa-44f3-8973-81bec6fbb53e,2024-11-05,ERP_CORPORATIVO,TRANSACOES_FINANCEIRAS,16981,18f1ae213a56a03bff23ac5cfe2b9986ed72005d2862f2f7830783dd471cea25
TR-16982,2024-10-22,2024-10-01,COM,FORN-00087,DESPESA,2876.866633012546,2876.866633012546,USD,Juros sobre operação financeira - COM,23,BOLETO,PAGO,cd84a39c-feaa-44f3-8973-81bec6fbb53e,2024-11-05,ERP_CORPORATIVO,TRANSACOES_FINANCEIRAS,16982,16e9e8a409295e04547656914e4dc3c26b7cde6b005d22681a6e8f0bb99fb9a9
TR-16983,2024-10-07,2024-10-01,COMP,FORN-00087,DESPESA,2425.757063883089,2425.757063883089,BRL,Contrato de SaaS vinculado a COMP,27,PIX,PAGO,cd84a39c-feaa-44f3-8973-81bec6fbb53e,2024-11-05,ERP_CORPORATIVO,TRANSACOES_FINANCEIRAS,16983,677b05329640833c1947908a6c988fbba2759f2e746295773391e3b3887cd972
TR-16984,2024-10-28,2024-10-01,CPT,FORN-00087,RECEITA,2620.555720425412,2620.555720425412,BRL,Devolução de venda processada por CPT,39,TRANSFERENCIA,PAGO,cd84a39c-feaa-44f3-8973-81bec6fbb53e,2024-11-05,ERP_CORPORATIVO,TRANSACOES_FINANCEIRAS,16984,ef97e210dbaa7bd2334e84e2b2b49cbea28838cefd8afe81f8a68894f284d4ba
TR-16985,2024-10-17,2024-10-01,COMP,FORN-00087,DESPESA,6514.923607268858,6404.263363684708,BRL,Custo operacional associado a COMP,8,CARTAO,PAGO,cd84a39c-feaa-44f3-8973-81bec6fbb53e,2024-11-05,ERP_CORPORATIVO,TRANSACOES_FINANCEIRAS,16985,3cbb8a7ddbb0a77767ceb608128af35c4f49b36bf49b861b20633bd5f5bcd24b
TR-16986,2024-10-14,2024-10-01,LOG,FORN-00087,RECEITA,2737.7153658621855,2737.7153658621855,USD,Custo operacional associado a LOG,8,PIX,PAGO,cd84a39c-feaa-44f3-8973-81bec6fbb53e,2024-11-05,ERP_CORPORATIVO,TRANSACOES_FINANCEIRAS,16986,a74364ab33d413f724279d5e60b98f8c3522f70598bd28d314d7366cfe967ba2
TR-16987,2024-10-23,2024-10-01,PRD,FORN-00087,RECEITA,2510.151336828686,2510.151336828686,BRL,Imposto sobre venda apurado em PRD,40,PIX,PAGO,cd84a39c-feaa-44f3-8973-81bec6fbb53e,2024-11-05,ERP_CORPORATIVO,TRANSACOES_FINANCEIRAS,16987,f59bafffec6178b8f8168f91287f2bb376dc05233186cc063af51de7c11df870
TR-16988,2024-10-16,2024-10-01,PES,FORN-00087,RECEITA,2430.152392721596,2430.152392721596,BRL,Despesa de infraestrutura - PES,3,TED,PAGO,cd84a39c-feaa-44f3-8973-81bec6fbb53e,2024-11-05,ERP_CORPORATIVO,TRANSACOES_FINANCEIRAS,16988,7e1afef24ab98c575c99274e4feee0a957a39b6fda08f7b440eb59985838338a
TR-16989,2024-10-18,2024-10-01,PJT,FORN-00087,DESPESA,2314.2943885060486,2207.874710667516,BRL,Contrato de serviço - setor PJT,1,PIX,ATRASADO,cd84a39c-feaa-44f3-8973-81bec6fbb53e,2024-11-05,ERP_CORPORATIVO,TRANSACOES_FINANCEIRAS,16989,4d87834bf23716c8e7041d861456f790a5c56fa9dc9a85abba9f049008776a55
TR-16990,2024-10-07,2024-10-01,COM,FORN-00087,DESPESA,2625.3712725729274,2508.632096538311,BRL,Treinamento corporativo para equipe COM,30,BOLETO,PAGO,cd84a39c-feaa-44f3-8973-81bec6fbb53e,2024-11-05,ERP_CORPORATIVO,TRANSACOES_FINANCEIRAS,16990,a8c26c59d507ba60f01d6960669d9d2f62e61a5a00de22caff0459954ff9b071
TR-16991,2024-10-21,2024-10-01,ESG,FORN-00087,DESPESA,2068.604236872627,1993.7021139787485,BRL,Serviço de tecnologia contratado por ESG,5,BOLETO,PAGO,cd84a39c-feaa-44f3-8973-81bec6fbb53e,2024-11-05,ERP_CORPORATIVO,TRANSACOES_FINANCEIRAS,16991,de0e0edfd983399e598acdb1d1b34f5f160286aadc005513de80347686c4aa3e
TR-16992,2024-10-24,2024-10-01,COMP,FORN-00087,RECEITA,2579.2453356760893,2486.3009057931895,BRL,Combustível e lubrificantes para frota (COMP),16,PIX,PAGO,cd84a39c-feaa-44f3-8973-81bec6fbb53e,2024-11-05,ERP_CORPORATIVO,TRANSACOES_FINANCEIRAS,16992,eb26ac09892dc55e0cd9030a026d8e0a2efa221e6daba0d8a4d18cf7caf5be74
TR-16993,2024-10-07,2024-10-01,CTB,FORN-00087,DESPESA,2598.5023316372262,2509.8967784152005,BRL,Honorarium advocatício - CTB,24,BOLETO,PAGO,cd84a39c-feaa-44f3-8973-81bec6fbb53e,2024-11-05,ERP_CORPORATIVO,TRANSACOES_FINANCEIRAS,16993,e1436f42d17378817f5d2158782a0de6214a2d6ad7d754221fc7c5085e20c63d
TR-16994,2024-10-10,2024-10-01,PES,FORN-00087,DESPESA,3016.229205854637,3016.229205854637,BRL,Treinamento corporativo para equipe PES,30,BOLETO,PAGO,cd84a39c-feaa-44f3-8973-81bec6fbb53e,2024-11-05,ERP_CORPORATIVO,TRANSACOES_FINANCEIRAS,16994,81fe695d896da4d0ec1bd2462352e32d534eb105ceb9a2019986b5ed6b9d27ab
TR-16995,2024-10-14,2024-10-01,PJT,FORN-00087,RECEITA,2340.9108710552177,2340.9108710552177,BRL,Custo operacional associado a PJT,8,TRANSFERENCIA,PAGO,cd84a39c-feaa-44f3-8973-81bec6fbb53e,2024-11-05,ERP_CORPORATIVO,TRANSACOES_FINANCEIRAS,16995,c6e6750503bda7de379d2f4f09efa23d71b598e535c3cadae911772aba923e5e
TR-16996,2024-10-15,2024-10-01,COMP,FORN-00087,RECEITA,754.9211977657527,754.9211977657527,BRL,Licença de software para área COMP,27,TED,PAGO,cd84a39c-feaa-44f3-8973-81bec6fbb53e,2024-11-05,ERP_CORPORATIVO,TRANSACOES_FINANCEIRAS,16996,41dd5b03cc2d32f03cf0f99dfa017a2d21128bb5009f387e82b902d21ee32360
TR-16997,2024-10-24,2024-10-01,ESG,FORN-00087,DESPESA,2540.8840703115525,2457.6618864856728,BRL,Contrato de consultoria externa - ESG,12,BOLETO,PAGO,cd84a39c-feaa-44f3-8973-81bec6fbb53e,2024-11-05,ERP_CORPORATIVO,TRANSACOES_FINANCEIRAS,16997,34360c6681c4505c644f78791c322eb5b91a1eadf2d695a821a11472c6e53f6c
TR-16998,2024-10-30,2024-10-01,JUR,FORN-00087,RECEITA,2238.9357532863223,2238.9357532863223,EUR,Prestação de serviço para área JUR,1,BOLETO,PAGO,cd84a39c-feaa-44f3-8973-81bec6fbb53e,2024-11-05,ERP_CORPORATIVO,TRANSACOES_FINANCEIRAS,16998,42646cd9a9fe75e682b8a558250c3c625621638b24ff3c423bfb0af0f4689d9f
TR-17007,2024-10-31,2024-10-01,COM,FORN-00087,RECEITA,2525.8945988609325,2525.8945988609325,BRL,Prestação de serviço para área COM,1,TRANSFERENCIA,PAGO,cd84a39c-feaa-44f3-8973-81bec6fbb53e,2024-11-05,ERP_CORPORATIVO,TRANSACOES_FINANCEIRAS,17007,b5f00cc8ba63496d0c349d6faa500ae07fbae1bfedd932e0a16b0fcf4137f01b
TR-17010,2024-10-31,2024-10-01,COM,FORN-00087,DESPESA,2853.9353230263387,2853.9353230263387,BRL,Prestação de serviço para área COM,1,TRANSFERENCIA,PAGO,cd84a39c-feaa-44f3-8973-81bec6fbb53e,2024-11-05,ERP_CORPORATIVO,TRANSACOES_FINANCEIRAS,17010,e6944591a1228b79ac777e40f114ba4fdf00b8964ef40b30782ea300afbdc100
TR-17302,2024-10-02,2024-10-01,LOG,1000088,DESPESA,5045.277341006623,4881.505858676275,BRL,Aquisição de material operacional - LOG,2,CARTAO,PAGO,cd84a39c-feaa-44f3-8973-81bec6fbb53e,2024-11-05,ERP_CORPORATIVO,TRANSACOES_FINANCEIRAS,17302,1c39ae8ece6484ac3847b790f19744b0ef391150c54a88cc498ae3dc63317f4e
TR-17303,2024-10-22,2024-10-01,COMP,1000088,DESPESA,4344.755892473572,4259.527096559496,BRL,Atendimento de TI requisitado por COMP,29,TRANSFERENCIA,PAGO,cd84a39c-feaa-44f3-8973-81bec6fbb53e,2024-11-05,ERP_CORPORATIVO,TRANSACOES_FINANCEIRAS,17303,a079e03191612e4c8fe730e976402a9909653df429b9342530a88b97bb9ea368
TR-17304,2024-10-28,2024-10-01,FIN,1000088,RECEITA,4558.890069787405,4459.505491952952,BRL,Honorários jurídicos - FIN,7,TED,PAGO,cd84a39c-feaa-44f3-8973-81bec6fbb53e,2024-11-05,ERP_CORPORATIVO,TRANSACOES_FINANCEIRAS,17304,f86f9792a1feac003cc10642ece8463c8d3e64000c64b22943f64b7c344d2b6e
TR-17305,2024-10-15,2024-10-01,OP,1000088,DESPESA,5315.219682758527,5315.219682758527,BRL,Propaganda e divulgação para área OP,13,PIX,PAGO,cd84a39c-feaa-44f3-8973-81bec6fbb53e,2024-11-05,ERP_CORPORATIVO,TRANSACOES_FINANCEIRAS,17305,c3df985e2ce82c9f531b48c7a9a25bc2bdcfa43fbc59bda9ca97a64ca07d7e39
TR-17306,2024-10-14,2024-10-01,CPT,1000088,RECEITA,5215.102873469565,5215.102873469565,BRL,Participação nos resultados vinculada a CPT,34,PIX,PAGO,cd84a39c-feaa-44f3-8973-81bec6fbb53e,2024-11-05,ERP_CORPORATIVO,TRANSACOES_FINANCEIRAS,17306,796dd498f0320ad92957a5dd19ce7d1c89e2dcdcc9cb1ac0bfa6db9d45647068
TR-17421,2024-10-08,2024-10-01,COM,1000089,RECEITA,3590.9953357839763,3590.9953357839763,BRL,Prestação de serviço para área COM,1,BOLETO,PAGO,cd84a39c-feaa-44f3-8973-81bec6fbb53e,2024-11-05,ERP_CORPORATIVO,TRANSACOES_FINANCEIRAS,17421,d469c57124abe9cad83e0cf5002d9dd3f7f62a1677f0a92286752aba64b9ee39
TR-17422,2024-10-07,2024-10-01,QAS,1000089,DESPESA,4528.999167123873,4528.999167123873,BRL,Compra de insumos para setor QAS,2,TED,PAGO,cd84a39c-feaa-44f3-8973-81bec6fbb53e,2024-11-05,ERP_CORPORATIVO,TRANSACOES_FINANCEIRAS,17422,7252b29a3e1ae0487256d10393b59bb7a4d6dcaff56f7161d0565fb0f191a00f
TR-17423,2024-10-16,2024-10-01,COM,1000089,RECEITA,4692.553234596111,4692.553234596111,BRL,Custo operacional associado a COM,8,BOLETO,PAGO,cd84a39c-feaa-44f3-8973-81bec6fbb53e,2024-11-05,ERP_CORPORATIVO,TRANSACOES_FINANCEIRAS,17423,3349f6a2090e2a8ff0280c0e6fa0ecb873324d0427585b8e7eda6c3d0cb891de
TR-17424,2024-10-11,2024-10-01,JUR,1000089,DESPESA,3980.4542294081366,3980.4542294081366,BRL,Aquisição de material operacional - JUR,2,CARTAO,PAGO,cd84a39c-feaa-44f3-8973-81bec6fbb53e,2024-11-05,ERP_CORPORATIVO,TRANSACOES_FINANCEIRAS,17424,553952ab1d1b6f7c870d02670a01974956a2d9955fe6f7989ca142bcea975f10
TR-17425,2024-10-21,2024-10-01,MKT,1000089,DESPESA,4150.051593106625,4072.994355286876,BRL,Campanha institucional - MKT,4,BOLETO,PAGO,cd84a39c-feaa-44f3-8973-81bec6fbb53e,2024-11-05,ERP_CORPORATIVO,TRANSACOES_FINANCEIRAS,17425,b6b5169abb3b5744f1d920c23b518c1a0b904513b46b809792f2a7ef3b4b297a
TR-17426,2024-10-25,2024-10-01,QAS,1000089,RECEITA,4031.7015907704813,3978.0585683223862,BRL,Manutenção predial solicitada por QAS,10,TRANSFERENCIA,ATRASADO,cd84a39c-feaa-44f3-8973-81bec6fbb53e,2024-11-05,ERP_CORPORATIVO,TRANSACOES_FINANCEIRAS,17426,6fd014897fcd74c2f64558514b833624b6eb69f86872d796a950e515186f84e3
TR-17427,2024-10-14,2024-10-01,MKT,1000089,DESPESA,3877.0434763491535,3830.917080280052,BRL,Estorno de receita - MKT,39,BOLETO,PAGO,cd84a39c-feaa-44f3-8973-81bec6fbb53e,2024-11-05,ERP_CORPORATIVO,TRANSACOES_FINANCEIRAS,17427,1b8bda3642bf95f99f1605e6936046181b9926aab08edcfb454854b3df9cfb94
TR-17613,2024-10-08,2024-10-01,JUR,1000090,DESPESA,1384.166939482429,1384.166939482429,BRL,Consultoria estratégica para área JUR,12,PIX,PAGO,cd84a39c-feaa-44f3-8973-81bec6fbb53e,2024-11-05,ERP_CORPORATIVO,TRANSACOES_FINANCEIRAS,17613,f8d66d6dabb2bf9d253b7465954f6df2d360af53f8615de81283bcd9a25319a7
TR-17614,2024-10-17,2024-10-01,TI,1000090,DESPESA,1289.9809050993633,1289.9809050993633,BRL,Desconto concedido em operação de TI,38,PIX,ATRASADO,cd84a39c-feaa-44f3-8973-81bec6fbb53e,2024-11-05,ERP_CORPORATIVO,TRANSACOES_FINANCEIRAS,17614,6baa645679e98dca3c275faa47b2cfba802ec134020d8c8670aa613a75feebfd
TR-17615,2024-10-15,2024-10-01,OP,1000090,DESPESA,1058.5679864123706,1058.5679864123706,BRL,Despesa de infraestrutura - OP,3,BOLETO,ATRASADO,cd84a39c-feaa-44f3-8973-81bec6fbb53e,2024-11-05,ERP_CORPORATIVO,TRANSACOES_FINANCEIRAS,17615,969c06d6c79f635b2795ff19b56a834b0596bed039e324da5c0d999ff120f966
TR-17616,2024-10-21,2024-10-01,SEC,1000090,RECEITA,1185.0492234587255,1185.0492234587255,BRL,Serviço especializado solicitado por SEC,1,TRANSFERENCIA,ATRASADO,cd84a39c-feaa-44f3-8973-81bec6fbb53e,2024-11-05,ERP_CORPORATIVO,TRANSACOES_FINANCEIRAS,17616,1c4aad343f05beaf5edaa11cf23d1cc1e809686cb3f6480e0bb50f7c4533dbb7
TR-17617,2024-10-08,2024-10-01,ADM,1000090,RECEITA,1240.6465889696378,1240.6465889696378,BRL,Serviço especializado solicitado por ADM,1,TED,PAGO,cd84a39c-feaa-44f3-8973-81bec6fbb53e,2024-11-05,ERP_CORPORATIVO,TRANSACOES_FINANCEIRAS,17617,9b4c6fb38e71bde4076089517094a183357824ffa4a7830b8e5113954bee2ef0
TR-17618,2024-10-14,2024-10-01,TI,1000090,RECEITA,1120.1647987181098,1120.1647987181098,BRL,Suporte técnico para sistemas de TI,29,TED,PAGO,cd84a39c-feaa-44f3-8973-81bec6fbb53e,2024-11-05,ERP_CORPORATIVO,TRANSACOES_FINANCEIRAS,17618,57737afe1d3094f901cb7c6cde4eb6a04ee80918aafc9b616bdff2d3d3b2353c
TR-17619,2024-10-07,2024-10-01,COM,1000090,DESPESA,1337.892214824773,1322.493327577969,BRL,Despesa de infraestrutura - COM,3,TED,ATRASADO,cd84a39c-feaa-44f3-8973-81bec6fbb53e,2024-11-05,ERP_CORPORATIVO,TRANSACOES_FINANCEIRAS,17619,456f41c4cff52bb5138e39d16093ddf86f24c39101b99d6b944c75a2700c9d69
TR-17620,2024-10-15,2024-10-01,CTB,1000090,RECEITA,985.6356040940076,985.6356040940076,BRL,Aquisição de material operacional - CTB,2,PIX,PAGO,cd84a39c-feaa-44f3-8973-81bec6fbb53e,2024-11-05,ERP_CORPORATIVO,TRANSACOES_FINANCEIRAS,17620,5b4eae665816056095dfd6bb69538446fd6090181c0980df60f310547ff81698
TR-17621,2024-10-24,2024-10-01,FIN,1000090,DESPESA,1301.5015604043742,1282.1678535015517,BRL,Serviço especializado solicitado por FIN,1,PIX,PAGO,cd84a39c-feaa-44f3-8973-81bec6fbb53e,2024-11-05,ERP_CORPORATIVO,TRANSACOES_FINANCEIRAS,17621,9ffc2617246957abc3e4c54c3dd963d0d3ad3433840a413e67bb801c645afbab
TR-17622,2024-10-25,2024-10-01,LOG,1000090,RECEITA,1286.8204103248831,1265.151899457737,BRL,Investimento em marketing corporativo (LOG),4,TED,PAGO,cd84a39c-feaa-44f3-8973-81bec6fbb53e,2024-11-05,ERP_CORPORATIVO,TRANSACOES_FINANCEIRAS,17622,a0281100b5b1dc66d5ddc7fc2006e528e22e9778d40ee9606dd937ec385bb7db
TR-17623,2024-10-03,2024-10-01,OP,1000090,RECEITA,984.5111259949808,984.5111259949808,BRL,Passagem aérea para colaborador de OP,18,BOLETO,PAGO,cd84a39c-feaa-44f3-8973-81bec6fbb53e,2024-11-05,ERP_CORPORATIVO,TRANSACOES_FINANCEIRAS,17623,91f355afdeaebdd9cc464deb9e122b18dbd879bc4a2ad586530606270db5d032
TR-17624,2024-10-14,2024-10-01,OP,1000090,RECEITA,1213.4770452841624,1153.753207951366,BRL,Prestação de serviço para área OP,1,PIX,PAGO,cd84a39c-feaa-44f3-8973-81bec6fbb53e,2024-11-05,ERP_CORPORATIVO,TRANSACOES_FINANCEIRAS,17624,da338f2728f476c6a4832ccfc92abcba1ed015ee0e8407393b1440ff6de412aa
TR-17625,2024-10-14,2024-10-01,TI,1000090,DESPESA,1149.8621045701134,1149.8621045701134,BRL,Serviço relacionado a recursos humanos (TI),6,BOLETO,CANCELADO,cd84a39c-feaa-44f3-8973-81bec6fbb53e,2024-11-05,ERP_CORPORATIVO,TRANSACOES_FINANCEIRAS,17625,e034aa1c9358175831d3fb32484da268e65b85ae19cffbab2e214561286b4455
TR-17626,2024-10-17,2024-10-01,OP,1000090,RECEITA,1383.8816679834008,1359.7314908112094,BRL,Abastecimento de veículos - OP,16,PIX,ATRASADO,cd84a39c-feaa-44f3-8973-81bec6fbb53e,2024-11-05,ERP_CORPORATIVO,TRANSACOES_FINANCEIRAS,17626,7d3751aacb3e70306e9f34527689fa325f47cbc1fb1ba7504ba1fc16a9d281db
TR-17627,2024-10-21,2024-10-01,FIN,1000090,RECEITA,1104.497082440103,1104.497082440103,BRL,Honorários profissionais contratados por FIN,11,TED,PAGO,cd84a39c-feaa-44f3-8973-81bec6fbb53e,2024-11-05,ERP_CORPORATIVO,TRANSACOES_FINANCEIRAS,17627,3a9ad632a67881d6960d09934ac28ebb6cdeceeec5a78dfb01009288bf906aad
TR-17628,2024-10-09,2024-10-01,PES,1000090,DESPESA,1300.9005705381792,1300.9005705381792,BRL,Doação recebida em favor de PES,36,TRANSFERENCIA,ATRASADO,cd84a39c-feaa-44f3-8973-81bec6fbb53e,2024-11-05,ERP_CORPORATIVO,TRANSACOES_FINANCEIRAS,17628,70645a919d1cb05e77636b02e0a33181594c9e5f0188badcd02677966803cb3f
TR-17629,2024-10-09,2024-10-01,ESG,1000090,DESPESA,4266.692806828399,4266.692806828399,BRL,Combustível e lubrificantes para frota (ESG),16,TED,PAGO,cd84a39c-feaa-44f3-8973-81bec6fbb53e,2024-11-05,ERP_CORPORATIVO,TRANSACOES_FINANCEIRAS,17629,d044ffe6312de3b11d7ce490484c0dac0a567b52bc9cda1243297b5faf99bd53
TR-17630,2024-10-11,2024-10-01,JUR,1000090,DESPESA,1154.7455737804612,1154.7455737804612,BRL,Manutenção estrutural vinculada à área JUR,3,PIX,PAGO,cd84a39c-feaa-44f3-8973-81bec6fbb53e,2024-11-05,ERP_CORPORATIVO,TRANSACOES_FINANCEIRAS,17630,dd125f7aa1d677cd81f1247c02a4701a184528e83a1d95a939bfb198e009c92f
TR-17631,2024-10-03,2024-10-01,QAS,1000090,DESPESA,1367.4032272497618,1367.4032272497618,BRL,Publicidade institucional - QAS,13,BOLETO,PAGO,cd84a39c-feaa-44f3-8973-81bec6fbb53e,2024-11-05,ERP_CORPORATIVO,TRANSACOES_FINANCEIRAS,17631,613e262852564b210aedd1dd42c17621bf6ddd4859f568ab7a2530d7492281d9
TR-17988,2024-10-17,2024-10-01,OP,1000091,RECEITA,3278.761332127273,3278.761332127273,BRL,Honorários profissionais contratados por OP,11,TRANSFERENCIA,PAGO,cd84a39c-feaa-44f3-8973-81bec6fbb53e,2024-11-05,ERP_CORPORATIVO,TRANSACOES_FINANCEIRAS,17988,c8856e561416e420742b5b09074c198cf3fda19312f4d4d45f3c30106e3938cd
TR-17989,2024-10-23,2024-10-01,QAS,1000091,DESPESA,1207.262463142795,1207.262463142795,BRL,Consultoria estratégica para área QAS,12,PIX,PAGO,cd84a39c-feaa-44f3-8973-81bec6fbb53e,2024-11-05,ERP_CORPORATIVO,TRANSACOES_FINANCEIRAS,17989,8c5207189c52cb52f3f82b6f28234efbf3dbb7009e7c2bb10f54b9cf47c4a695
TR-17990,2024-10-22,2024-10-01,COMP,1000091,RECEITA,2539.2567969553174,2539.2567969553174,BRL,Serviço de tecnologia contratado por COMP,5,TRANSFERENCIA,PAGO,cd84a39c-feaa-44f3-8973-81bec6fbb53e,2024-11-05,ERP_CORPORATIVO,TRANSACOES_FINANCEIRAS,17990,ac40a43d4d133b0aaa0e93b8a563883bbdf81c885411318972ed09e3ee5ce304
TR-17991,2024-10-16,2024-10-01,COM,1000091,RECEITA,3259.4236838863962,3259.4236838863962,BRL,Licenciamento de software - COM,5,TED,CANCELADO,cd84a39c-feaa-44f3-8973-81bec6fbb53e,2024-11-05,ERP_CORPORATIVO,TRANSACOES_FINANCEIRAS,17991,699a94d5a67e5abab6aefe898dc9752ed30f9fa96443b46ab7849b630dcb3988
TR-17992,2024-10-04,2024-10-01,COMP,1000091,DESPESA,2895.291227534352,2895.291227534352,BRL,Contrato de SaaS vinculado a COMP,27,PIX,PAGO,cd84a39c-feaa-44f3-8973-81bec6fbb53e,2024-11-05,ERP_CORPORATIVO,TRANSACOES_FINANCEIRAS,17992,7d52bc60de2094571fbf0e5716b83225811c175ef5bc9d84b91f01b27d95fd23
TR-17993,2024-10-07,2024-10-01,OP,1000091,RECEITA,2876.084410688229,2876.084410688229,BRL,Doação recebida em favor de OP,36,TED,PAGO,cd84a39c-feaa-44f3-8973-81bec6fbb53e,2024-11-05,ERP_CORPORATIVO,TRANSACOES_FINANCEIRAS,17993,812282808457a572fa0c3c8df6ce20d81e67c89026b58193f2e4247346c3e189
TR-17994,2024-10-09,2024-10-01,COMP,1000091,RECEITA,3100.668178008964,3100.668178008964,BRL,Compra de insumos para setor COMP,2,BOLETO,PAGO,cd84a39c-feaa-44f3-8973-81bec6fbb53e,2024-11-05,ERP_CORPORATIVO,TRANSACOES_FINANCEIRAS,17994,728028f0b25ed4919bfd92603f6d648b3698542f8fd36971b466d74aa55e2982
TR-17995,2024-10-10,2024-10-01,VND,1000091,DESPESA,3064.930406037408,3064.930406037408,BRL,Prestação de serviço para área VND,1,PIX,PAGO,cd84a39c-feaa-44f3-8973-81bec6fbb53e,2024-11-05,ERP_CORPORATIVO,TRANSACOES_FINANCEIRAS,17995,2c3e4c7ce46e859b4539b099e492cbc4614425de01a46dfd566dfd77103bd2de
TR-17996,2024-10-14,2024-10-01,CTB,1000091,DESPESA,3384.929219706494,3384.929219706494,BRL,Investimento em marketing corporativo (CTB),4,TED,PAGO,cd84a39c-feaa-44f3-8973-81bec6fbb53e,2024-11-05,ERP_CORPORATIVO,TRANSACOES_FINANCEIRAS,17996,c87874b2feeefc3d4071706966896e67204f0ea1413bc32da21c6ca58afed52d
TR-17997,2024-10-09,2024-10-01,OP,1000091,DESPESA,2703.927973076813,2703.927973076813,BRL,Manutenção estrutural vinculada à área OP,3,TRANSFERENCIA,ATRASADO,cd84a39c-feaa-44f3-8973-81bec6fbb53e,2024-11-05,ERP_CORPORATIVO,TRANSACOES_FINANCEIRAS,17997,4359bd043374e8ffec9de05b74d1a33c8200a0d32ea59f56c64e349b670e0929
TR-17998,2024-10-14,2024-10-01,COMP,1000091,DESPESA,3841.3596467190723,3841.3596467190723,BRL,Honorários profissionais contratados por COMP,11,PIX,CANCELADO,cd84a39c-feaa-44f3-8973-81bec6fbb53e,2024-11-05,ERP_CORPORATIVO,TRANSACOES_FINANCEIRAS,17998,ee9013885f680ad4efe3a5e24a2d51a5c8b750ca85befcaeb89789ea78391f4e
TR-17999,2024-10-07,2024-10-01,JUR,1000091,DESPESA,2659.6563885709365,2659.6563885709365,USD,Serviço de tecnologia contratado por JUR,5,TED,PAGO,cd84a39c-feaa-44f3-8973-81bec6fbb53e,2024-11-05,ERP_CORPORATIVO,TRANSACOES_FINANCEIRAS,17999,13e73e20e09c9bd4e2f2bed76768643f23219dc1a3729040dec837676450356a
TR-18000,2024-10-14,2024-10-01,TI,1000091,DESPESA,2947.142686794988,2947.142686794988,BRL,Despesa de RH - TI,6,BOLETO,PAGO,cd84a39c-feaa-44f3-8973-81bec6fbb53e,2024-11-05,ERP_CORPORATIVO,TRANSACOES_FINANCEIRAS,18000,72d26829a73e458698c427adb6c65ca55414dbf404aafa3992befdbf5350f55e
TR-18001,2024-10-15,2024-10-01,COM,1000091,RECEITA,2808.803706541083,2808.803706541083,BRL,Manutenção estrutural vinculada à área COM,3,PIX,PAGO,cd84a39c-feaa-44f3-8973-81bec6fbb53e,2024-11-05,ERP_CORPORATIVO,TRANSACOES_FINANCEIRAS,18001,9f51d133af428112c19c9d9c9b748e66694cb3722050994ad7cc6587309f25c6
TR-18002,2024-10-21,2024-10-01,CPT,1000091,DESPESA,3080.7253086566193,3080.7253086566193,BRL,Passagem aérea para colaborador de CPT,18,PIX,PAGO,cd84a39c-feaa-44f3-8973-81bec6fbb53e,2024-11-05,ERP_CORPORATIVO,TRANSACOES_FINANCEIRAS,18002,562e20a59e59d62b51a8d1041bbe374e863770c408c45f083dfcaa779a275eb7
TR-18003,2024-10-07,2024-10-01,OP,1000091,DESPESA,3069.419473886474,3069.419473886474,BRL,Contrato de serviço - setor OP,1,TRANSFERENCIA,PAGO,cd84a39c-feaa-44f3-8973-81bec6fbb53e,2024-11-05,ERP_CORPORATIVO,TRANSACOES_FINANCEIRAS,18003,0f331078ffe32612a14ee774c3bbee7d5c7a2504ac0522b1b764e5d31b59d08c
TR-18004,2024-10-24,2024-10-01,ADM,1000091,DESPESA,3115.057914536868,3115.057914536868,BRL,Campanha institucional - ADM,4,PIX,PAGO,cd84a39c-feaa-44f3-8973-81bec6fbb53e,2024-11-05,ERP_CORPORATIVO,TRANSACOES_FINANCEIRAS,18004,481fa6d1e3aa3f32d0d279df6942d7db5392f390f5da1d083072d14a60569851
TR-18005,2024-10-14,2024-10-01,COMP,1000091,DESPESA,3144.780339120551,3073.958322642057,BRL,Suporte técnico para sistemas de COMP,29,TED,CANCELADO,cd84a39c-feaa-44f3-8973-81bec6fbb53e,2024-11-05,ERP_CORPORATIVO,TRANSACOES_FINANCEIRAS,18005,3df31c8b58d787a44b20559d3a3e246fcd4e8fbd8b3d4007d50df49e7bdcc7ad
TR-18006,2024-10-14,2024-10-01,OP,1000091,RECEITA,3491.2181968329382,3427.1472190660247,BRL,Licenciamento de software - OP,5,BOLETO,PAGO,cd84a39c-feaa-44f3-8973-81bec6fbb53e,2024-11-05,ERP_CORPORATIVO,TRANSACOES_FINANCEIRAS,18006,284ff22868d69e0468dabddeca27f6e640b10d3ece1788ca216d2e065aeae13b
TR-18007,2024-10-28,2024-10-01,PJT,1000091,RECEITA,3112.0298420016684,3024.60791805682,BRL,Combustível e lubrificantes para frota (PJT),16,PIX,PAGO,cd84a39c-feaa-44f3-8973-81bec6fbb53e,2024-11-05,ERP_CORPORATIVO,TRANSACOES_FINANCEIRAS,18007,ea8fd9953da89c375c19f38d0e7780116afa59c7e2b6be2ea8ec6cafe323dca2
TR-18008,2024-10-15,2024-10-01,PES,1000091,RECEITA,3519.950981709749,3384.1858470558354,BRL,Evento corporativo organizado por PES,14,PIX,PAGO,cd84a39c-feaa-44f3-8973-81bec6fbb53e,2024-11-05,ERP_CORPORATIVO,TRANSACOES_FINANCEIRAS,18008,0b010fb8f3eb97ae38c08b453b29e62004336de86481b6cb71b4203b5198ed54
TR-18009,2024-10-11,2024-10-01,FIN,1000091,DESPESA,2571.7106997822593,2493.3611435939447,BRL,Participação nos resultados vinculada a FIN,34,BOLETO,PAGO,cd84a39c-feaa-44f3-8973-81bec6fbb53e,2024-11-05,ERP_CORPORATIVO,TRANSACOES_FINANCEIRAS,18009,dd32ef3242bd5f3cc6333ac6d2f306e0644329725e133bb8154ec4da77f2b254
TR-18450,2024-10-22,2024-10-01,FIN,ACC-00094,DESPESA,9062.50382594972,9062.50382594972,BRL,Prestação de serviço para área FIN,1,BOLETO,PAGO,cd84a39c-feaa-44f3-8973-81bec6fbb53e,2024-11-05,ERP_CORPORATIVO,TRANSACOES_FINANCEIRAS,18450,2344964e425eb9ab7a9104357eabc7b753a5ead556bcd2fa6dbc1b64ff61966a
TR-18451,2024-10-21,2024-10-01,QAS,ACC-00094,DESPESA,7763.235015119926,7763.235015119926,BRL,Combustível e lubrificantes para frota (QAS),16,PIX,PAGO,cd84a39c-feaa-44f3-8973-81bec6fbb53e,2024-11-05,ERP_CORPORATIVO,TRANSACOES_FINANCEIRAS,18451,fb59e9e1bea2914a4bea120dcd66ce50b059de282fcff3a20aa854dd030623f1
TR-18452,2024-10-10,2024-10-01,ESG,ACC-00094,DESPESA,8933.833569549408,8586.73960083752,USD,Licenciamento de software - ESG,5,TRANSFERENCIA,PAGO,cd84a39c-feaa-44f3-8973-81bec6fbb53e,2024-11-05,ERP_CORPORATIVO,TRANSACOES_FINANCEIRAS,18452,672d5770ddb712a3d03e977202078eb076828e3154b70b3cba04eef44d5c4138
TR-18453,2024-10-10,2024-10-01,MKT,ACC-00094,RECEITA,6971.253690316692,6824.798347502524,BRL,Serviço de tecnologia contratado por MKT,5,TED,PAGO,cd84a39c-feaa-44f3-8973-81bec6fbb53e,2024-11-05,ERP_CORPORATIVO,TRANSACOES_FINANCEIRAS,18453,505e087a1e70d3bf71174017859ee23624f6598da61d38bb4c2f31edf7920c7d
TR-18454,2024-10-15,2024-10-01,COM,ACC-00094,RECEITA,7576.487765961007,7344.351401716907,BRL,Despesa de infraestrutura - COM,3,TRANSFERENCIA,PAGO,cd84a39c-feaa-44f3-8973-81bec6fbb53e,2024-11-05,ERP_CORPORATIVO,TRANSACOES_FINANCEIRAS,18454,f97d933ca39c196c50b1a0dc0fc7d67246d5c35752622231f66f6274b1ee9a66
TR-18455,2024-10-21,2024-10-01,JUR,ACC-00094,RECEITA,7969.532626539321,7969.532626539321,BRL,Serviço relacionado a recursos humanos (JUR),6,TED,PAGO,cd84a39c-feaa-44f3-8973-81bec6fbb53e,2024-11-05,ERP_CORPORATIVO,TRANSACOES_FINANCEIRAS,18455,badc3c5468b330df879db5b5b5273bb43e1892a32ab7c8e2fd0442308ffe4552
TR-18456,2024-10-14,2024-10-01,OP,ACC-00094,RECEITA,8239.940025017719,8239.940025017719,BRL,Comissão recebida por OP,33,PIX,PAGO,cd84a39c-feaa-44f3-8973-81bec6fbb53e,2024-11-05,ERP_CORPORATIVO,TRANSACOES_FINANCEIRAS,18456,1c94ca1cd79ce7657fab62ea63b39bdcd3743451fa66b28013b19b8449c37e57
TR-18457,2024-10-23,2024-10-01,COM,ACC-00094,DESPESA,9047.630785975456,9047.630785975456,BRL,Serviço de tecnologia contratado por COM,5,TED,PAGO,cd84a39c-feaa-44f3-8973-81bec6fbb53e,2024-11-05,ERP_CORPORATIVO,TRANSACOES_FINANCEIRAS,18457,52ebd8c692cceeac66ce992b9f748e7bd3c752d91ae901663ce015104f63af77
TR-18624,2024-10-07,2024-10-01,TI,1000095,DESPESA,1672.1958269612567,1631.7623266948976,BRL,Assessoria contábil prestada a TI,25,TRANSFERENCIA,CANCELADO,cd84a39c-feaa-44f3-8973-81bec6fbb53e,2024-11-05,ERP_CORPORATIVO,TRANSACOES_FINANCEIRAS,18624,f00e90ca6d81c64154c2abbfe7fd8e1ffe339ee0563cb72908d716dee5e58136
TR-18625,2024-10-14,2024-10-01,RH,1000095,DESPESA,1804.6942821664973,1760.5956618290031,BRL,Despesa de infraestrutura - RH,3,TRANSFERENCIA,PAGO,cd84a39c-feaa-44f3-8973-81bec6fbb53e,2024-11-05,ERP_CORPORATIVO,TRANSACOES_FINANCEIRAS,18625,532c80243ae7067adea584c52dd5e2583c41b1b64e5e68d3d98cb4d8f80758a8
TR-18626,2024-10-21,2024-10-01,QAS,1000095,DESPESA,1803.466774013952,1803.466774013952,BRL,Serviço de telefonia e internet - QAS,9,TED,PAGO,cd84a39c-feaa-44f3-8973-81bec6fbb53e,2024-11-05,ERP_CORPORATIVO,TRANSACOES_FINANCEIRAS,18626,91ab6719fcaab4d474e433f0468a7fc993e5418155264111637614d2650c2b0e
TR-18627,2024-10-21,2024-10-01,COM,1000095,DESPESA,1983.5863996328071,1916.866064352398,BRL,Serviço de tecnologia contratado por COM,5,BOLETO,PAGO,cd84a39c-feaa-44f3-8973-81bec6fbb53e,2024-11-05,ERP_CORPORATIVO,TRANSACOES_FINANCEIRAS,18627,117be5e510ee49b62b9b3d81a15543df02d366dab3f179f19675a15b95666a03
TR-18628,2024-10-14,2024-10-01,OP,1000095,DESPESA,1820.2805485995748,1820.2805485995748,USD,Despesa operacional - OP,8,PIX,PAGO,cd84a39c-feaa-44f3-8973-81bec6fbb53e,2024-11-05,ERP_CORPORATIVO,TRANSACOES_FINANCEIRAS,18628,ea3e5bb78544d1cbb3c12a5a54a32df2a78688637c02fdae2b65a571995a2a24
TR-18629,2024-10-22,2024-10-01,ADM,1000095,DESPESA,1727.0448217878609,1658.1563107799639,BRL,Reparo e conservação de instalações - ADM,10,CARTAO,PAGO,cd84a39c-feaa-44f3-8973-81bec6fbb53e,2024-11-05,ERP_CORPORATIVO,TRANSACOES_FINANCEIRAS,18629,3467cb99f7c2523ccd6a68f9dc8ae192dc0bf0923e4c7745e9b900d937a42981
TR-18630,2024-10-16,2024-10-01,LOG,1000095,DESPESA,1904.4340684391655,1904.4340684391655,BRL,Publicidade institucional - LOG,13,TED,PAGO,cd84a39c-feaa-44f3-8973-81bec6fbb53e,2024-11-05,ERP_CORPORATIVO,TRANSACOES_FINANCEIRAS,18630,e669d9a517b08b6ce0a029145f84df319e6829327648973b51234d46e529b03b
TR-18631,2024-10-24,2024-10-01,FIN,1000095,DESPESA,2038.8268574610643,2038.8268574610643,BRL,Custo operacional associado a FIN,8,CARTAO,PAGO,cd84a39c-feaa-44f3-8973-81bec6fbb53e,2024-11-05,ERP_CORPORATIVO,TRANSACOES_FINANCEIRAS,18631,e12806df58365aca441c3de66f90d5d5ca3321db52d15d7afaab34ece60cfd9e
TR-18632,2024-10-03,2024-10-01,LOG,1000095,DESPESA,1852.6263006471781,1786.8404668765438,USD,Manutenção de equipamentos de LOG,28,PIX,PAGO,cd84a39c-feaa-44f3-8973-81bec6fbb53e,2024-11-05,ERP_CORPORATIVO,TRANSACOES_FINANCEIRAS,18632,29d5aa6ccf14762607f94c8d9da4f5803f6afe73f8e5778abaf6833fcd5f8e12
TR-18633,2024-10-22,2024-10-01,MKT,1000095,RECEITA,1979.3264351274656,1979.3264351274656,BRL,Manutenção preventiva de veículos - MKT,17,BOLETO,PAGO,cd84a39c-feaa-44f3-8973-81bec6fbb53e,2024-11-05,ERP_CORPORATIVO,TRANSACOES_FINANCEIRAS,18633,a4b9c38170a05e1e7153f93515dda8d715d52edc445163cdf5ead98a080ad864
TR-18634,2024-10-21,2024-10-01,OP,1000095,RECEITA,1829.8414349994848,1779.4551367710226,BRL,Aquisição de material operacional - OP,2,BOLETO,PAGO,cd84a39c-feaa-44f3-8973-81bec6fbb53e,2024-11-05,ERP_CORPORATIVO,TRANSACOES_FINANCEIRAS,18634,e3c3c81fdebd4612536dcce5fa68a79c45457ab3b1eaf7588e60d4585f5c5209
TR-18635,2024-10-14,2024-10-01,PES,1000095,RECEITA,1768.105644237449,1746.4092201515052,BRL,Contrato de consultoria externa - PES,12,PIX,PAGO,cd84a39c-feaa-44f3-8973-81bec6fbb53e,2024-11-05,ERP_CORPORATIVO,TRANSACOES_FINANCEIRAS,18635,32dfa5fd968ea9a8d293c343eedc1fb2557a4d612315ff5996ed7cd6dbdcbc01
TR-18636,2024-10-18,2024-10-01,MKT,1000095,RECEITA,1945.9027641321545,1945.9027641321545,BRL,Receita de comissão comercial - MKT,33,TED,PAGO,cd84a39c-feaa-44f3-8973-81bec6fbb53e,2024-11-05,ERP_CORPORATIVO,TRANSACOES_FINANCEIRAS,18636,603ece3bb3b267a36b8670efe4c5b06519d4667e95e5f79a9243d11a7c7cd2c8
TR-18637,2024-10-21,2024-10-01,CPT,1000095,DESPESA,1856.6138216215481,1856.6138216215481,BRL,Passagem aérea para colaborador de CPT,18,TRANSFERENCIA,PAGO,cd84a39c-feaa-44f3-8973-81bec6fbb53e,2024-11-05,ERP_CORPORATIVO,TRANSACOES_FINANCEIRAS,18637,95b6b90f962d41dbfc4375c146536a05c02d6e4a46ff01134d05706822b8ca0d
TR-18638,2024-10-17,2024-10-01,CPT,1000095,DESPESA,2006.3821052905382,2006.3821052905382,BRL,Despesa de infraestrutura - CPT,3,PIX,PAGO,cd84a39c-feaa-44f3-8973-81bec6fbb53e,2024-11-05,ERP_CORPORATIVO,TRANSACOES_FINANCEIRAS,18638,d0a379ba8879adb093db6fcf2fceb1409f3e44629203b5efb676938c63d89d5e
TR-18639,2024-10-24,2024-10-01,PES,1000095,RECEITA,2117.2391821959095,2117.2391821959095,BRL,Treinamento corporativo para equipe PES,30,BOLETO,PAGO,cd84a39c-feaa-44f3-8973-81bec6fbb53e,2024-11-05,ERP_CORPORATIVO,TRANSACOES_FINANCEIRAS,18639,62a2c7610a5ce4413b06224925716f648383ceaa3ca1746b72c60b9efda14753
TR-18640,2024-10-24,2024-10-01,PJT,1000095,DESPESA,1794.1988078590298,1722.9418063168941,BRL,Suporte técnico para sistemas de PJT,29,PIX,ATRASADO,cd84a39c-feaa-44f3-8973-81bec6fbb53e,2024-11-05,ERP_CORPORATIVO,TRANSACOES_FINANCEIRAS,18640,a90656ce253eb499eba4204401ac985341348bc6a653736932b88a57241bbc94
TR-18641,2024-10-10,2024-10-01,FIN,1000095,RECEITA,1935.917541727427,1848.8048875261238,BRL,Honorários jurídicos - FIN,7,TED,PAGO,cd84a39c-feaa-44f3-8973-81bec6fbb53e,2024-11-05,ERP_CORPORATIVO,TRANSACOES_FINANCEIRAS,18641,12ce5b7c50da33b9de6ca2a6690c74054190a868411a9e8bf588295f338837a7
TR-18642,2024-10-10,2024-10-01,COMP,1000095,DESPESA,661.4054322044902,661.4054322044902,BRL,Abastecimento de veículos - COMP,16,PIX,PAGO,cd84a39c-feaa-44f3-8973-81bec6fbb53e,2024-11-05,ERP_CORPORATIVO,TRANSACOES_FINANCEIRAS,18642,778d36744a3bbbf33c96592127b8e02f88ee111adb243dfbc2083d69416af88a
TR-18982,2024-10-07,2024-10-01,RH,ACC-00097,RECEITA,879.594768384876,879.594768384876,BRL,Estorno de receita - RH,39,PIX,PAGO,cd84a39c-feaa-44f3-8973-81bec6fbb53e,2024-11-05,ERP_CORPORATIVO,TRANSACOES_FINANCEIRAS,18982,d31ff45e3508f8baf1146f1fdfb62349f9d9d68e9572f46c2966695c0ec8993f
TR-18983,2024-10-11,2024-10-01,PRD,ACC-00097,DESPESA,1133.8793434283143,1092.3113342679019,USD,Juros sobre operação financeira - PRD,23,TED,PAGO,cd84a39c-feaa-44f3-8973-81bec6fbb53e,2024-11-05,ERP_CORPORATIVO,TRANSACOES_FINANCEIRAS,18983,8c3a58eedfc5e232203618690a814037e360252e865921f85749b03649b89ab9
TR-18984,2024-10-21,2024-10-01,ATD,ACC-00097,DESPESA,1035.5224710990487,1035.5224710990487,BRL,Prestação de serviço para área ATD,1,TED,PAGO,cd84a39c-feaa-44f3-8973-81bec6fbb53e,2024-11-05,ERP_CORPORATIVO,TRANSACOES_FINANCEIRAS,18984,47a7545c436db18fb79f52a9bafc0678a4d74c7435db03cadf97b38ad2898124
TR-18985,2024-10-15,2024-10-01,PES,ACC-00097,DESPESA,888.3502083495189,888.3502083495189,BRL,Contrato de serviço - setor PES,1,TRANSFERENCIA,PAGO,cd84a39c-feaa-44f3-8973-81bec6fbb53e,2024-11-05,ERP_CORPORATIVO,TRANSACOES_FINANCEIRAS,18985,58589b406c7c02f6e60f37b73fd7c90ccb046034489f13a8ba2c09b8a03f625d
TR-18986,2024-10-07,2024-10-01,COMP,ACC-00097,DESPESA,1425.5056051504762,1425.5056051504762,BRL,Contrato de conectividade para área COMP,9,CARTAO,PAGO,cd84a39c-feaa-44f3-8973-81bec6fbb53e,2024-11-05,ERP_CORPORATIVO,TRANSACOES_FINANCEIRAS,18986,345e1f9a04f5391fe279608dac614a00e0afd24d47912bd596d8832420fbd80a
TR-18987,2024-10-21,2024-10-01,FIN,ACC-00097,RECEITA,913.3128478756327,913.3128478756327,BRL,Doação recebida em favor de FIN,36,TRANSFERENCIA,PAGO,cd84a39c-feaa-44f3-8973-81bec6fbb53e,2024-11-05,ERP_CORPORATIVO,TRANSACOES_FINANCEIRAS,18987,238b56a021c226abe414dac26bfebb0ddb6521631a9b466753053376441dd0ea
TR-18988,2024-10-21,2024-10-01,ATD,ACC-00097,DESPESA,935.9957132997924,911.2634665681353,BRL,Custo operacional associado a ATD,8,TED,PAGO,cd84a39c-feaa-44f3-8973-81bec6fbb53e,2024-11-05,ERP_CORPORATIVO,TRANSACOES_FINANCEIRAS,18988,b299835688c8331c0a5e4010bf46cb19439e2daf2a06ff6075f20fd84ea69113
TR-18989,2024-10-07,2024-10-01,OP,ACC-00097,DESPESA,1027.735915171258,1027.735915171258,BRL,Despesa operacional - OP,8,PIX,PAGO,cd84a39c-feaa-44f3-8973-81bec6fbb53e,2024-11-05,ERP_CORPORATIVO,TRANSACOES_FINANCEIRAS,18989,2658c64d15ba234ab416e3e41833a78f6e9995f6f3a28598cef2c08de10366c2
TR-18990,2024-10-16,2024-10-01,CPT,ACC-00097,RECEITA,762.5970991046183,762.5970991046183,BRL,Suporte técnico para sistemas de CPT,29,PIX,PAGO,cd84a39c-feaa-44f3-8973-81bec6fbb53e,2024-11-05,ERP_CORPORATIVO,TRANSACOES_FINANCEIRAS,18990,51d6febbfb17f158157f36a731bde80948f97c6d26e5a8dca4f66182d0b65bbb
TR-18991,2024-10-18,2024-10-01,VND,ACC-00097,RECEITA,871.716859396281,871.716859396281,BRL,Venda de ativo imobilizado por VND,35,TRANSFERENCIA,PAGO,cd84a39c-feaa-44f3-8973-81bec6fbb53e,2024-11-05,ERP_CORPORATIVO,TRANSACOES_FINANCEIRAS,18991,d2f9559d1e87b64c9e08d2b2f26ff79334c5d4c62214409df914d2650b4f1664
TR-18992,2024-10-10,2024-10-01,COM,ACC-00097,RECEITA,1149.3166131839105,1149.3166131839105,BRL,Prestação de serviço para área COM,1,PIX,PAGO,cd84a39c-feaa-44f3-8973-81bec6fbb53e,2024-11-05,ERP_CORPORATIVO,TRANSACOES_FINANCEIRAS,18992,04206a1fcd6a4b5731e1488388fb3641d95db1926ce7b2c92b8f6a7f17b85c90
TR-18993,2024-10-24,2024-10-01,PRD,ACC-00097,RECEITA,961.5535013967789,961.5535013967789,BRL,Serviço especializado solicitado por PRD,1,BOLETO,PAGO,cd84a39c-feaa-44f3-8973-81bec6fbb53e,2024-11-05,ERP_CORPORATIVO,TRANSACOES_FINANCEIRAS,18993,fb535e4752b9974ad383267b7db9f9fd0cc233c70a1b5632b9b4d0d42c1d4d32
TR-18994,2024-10-16,2024-10-01,OP,ACC-00097,RECEITA,965.9976816072925,965.9976816072925,BRL,Abatimento comercial registrado em OP,38,TRANSFERENCIA,PAGO,cd84a39c-feaa-44f3-8973-81bec6fbb53e,2024-11-05,ERP_CORPORATIVO,TRANSACOES_FINANCEIRAS,18994,164ef1952e5768b87e89c8530dae3dfd7169a977c3c0164206ed9dd8730e8bfa
TR-19301,2024-10-11,2024-10-01,COM,1000098,DESPESA,2083.2186422197988,2083.2186422197988,BRL,Capacitação profissional vinculada a COM,30,BOLETO,ATRASADO,cd84a39c-feaa-44f3-8973-81bec6fbb53e,2024-11-05,ERP_CORPORATIVO,TRANSACOES_FINANCEIRAS,19301,727b9eda57bd9bebb833b826eb0096506a912c82263a57c04f179f691ecf627a
TR-19302,2024-10-17,2024-10-01,MKT,1000098,DESPESA,2891.8046263453234,2891.8046263453234,BRL,Despesa de RH - MKT,6,CARTAO,PAGO,cd84a39c-feaa-44f3-8973-81bec6fbb53e,2024-11-05,ERP_CORPORATIVO,TRANSACOES_FINANCEIRAS,19302,29a3bd8a4be298ddd273f4aef290bcd9b2b0c524699c8a64674a85f1e16c8d18
TR-19303,2024-10-16,2024-10-01,COMP,1000098,DESPESA,2403.093727951431,2377.173539841604,BRL,Serviço especializado solicitado por COMP,1,BOLETO,PAGO,cd84a39c-feaa-44f3-8973-81bec6fbb53e,2024-11-05,ERP_CORPORATIVO,TRANSACOES_FINANCEIRAS,19303,6b8d68598d24f2ff266587a56b3c3968551aaeb9cd519220f5adabdfc6779721
TR-19304,2024-10-15,2024-10-01,COMP,1000098,RECEITA,1967.4943887618606,1873.8956926249348,BRL,Despesa de infraestrutura - COMP,3,PIX,PAGO,cd84a39c-feaa-44f3-8973-81bec6fbb53e,2024-11-05,ERP_CORPORATIVO,TRANSACOES_FINANCEIRAS,19304,5274ce640b2ada02ac9cc5cde80219f643b342831836c1f121f4156998e41853
TR-19305,2024-10-21,2024-10-01,RH,1000098,DESPESA,1872.2650251142402,1872.2650251142402,BRL,Despesa de RH - RH,6,TED,PAGO,cd84a39c-feaa-44f3-8973-81bec6fbb53e,2024-11-05,ERP_CORPORATIVO,TRANSACOES_FINANCEIRAS,19305,75d768b3effb28fdd3185035c860a0143b621b562be719afab7ad26a942e2ddf
TR-19306,2024-10-18,2024-10-01,PRD,1000098,RECEITA,916.0630856446426,916.0630856446426,BRL,Tributo incidente sobre receita de PRD,40,PIX,PAGO,cd84a39c-feaa-44f3-8973-81bec6fbb53e,2024-11-05,ERP_CORPORATIVO,TRANSACOES_FINANCEIRAS,19306,aa929e9d83eb8c4c708d2405aab52d45bb31b2d43b201b884dff5e0ba518ed6b
TR-19307,2024-10-15,2024-10-01,VND,1000098,DESPESA,2522.9587059539426,2401.8197625848893,BRL,Despesa operacional - VND,8,PIX,PAGO,cd84a39c-feaa-44f3-8973-81bec6fbb53e,2024-11-05,ERP_CORPORATIVO,TRANSACOES_FINANCEIRAS,19307,d980114b4ab39c52d988f6b09deea8183c4e690a797c35d6357ce1045cf63f9c
TR-19308,2024-10-21,2024-10-01,RH,1000098,DESPESA,1913.9430474807402,1882.6881150732443,USD,Compra de insumos para setor RH,2,TRANSFERENCIA,PAGO,cd84a39c-feaa-44f3-8973-81bec6fbb53e,2024-11-05,ERP_CORPORATIVO,TRANSACOES_FINANCEIRAS,19308,d41e3bc01a21894b9c2727541b7862b9b3561c902c955da0303183c8bc96b4b2
TR-19309,2024-10-16,2024-10-01,COM,1000098,RECEITA,2572.9242649189896,2527.419849538382,BRL,Abastecimento de veículos - COM,16,PIX,CANCELADO,cd84a39c-feaa-44f3-8973-81bec6fbb53e,2024-11-05,ERP_CORPORATIVO,TRANSACOES_FINANCEIRAS,19309,6028b0946ad194d6fa61fc6fcf71e673691d18f437c0c353843ec0b867076260
TR-19547,2024-10-24,2024-10-01,QAS,ACC-00100,DESPESA,2168.1477620853593,2168.1477620853593,BRL,Prestação de serviço para área QAS,1,BOLETO,PAGO,cd84a39c-feaa-44f3-8973-81bec6fbb53e,2024-11-05,ERP_CORPORATIVO,TRANSACOES_FINANCEIRAS,19547,4b4ef71ca492ac4856ffa5862009bfc87d6b1dd79e5fd60b4c9c47302687a0dc
TR-19548,2024-10-15,2024-10-01,SEC,ACC-00100,DESPESA,2042.2085399421674,1960.783885686469,BRL,Serviço especializado solicitado por SEC,1,CARTAO,ATRASADO,cd84a39c-feaa-44f3-8973-81bec6fbb53e,2024-11-05,ERP_CORPORATIVO,TRANSACOES_FINANCEIRAS,19548,06c00f4a5fc7b74dd69f8714028b98fb039e28ccf1242fe7c95e0b9cac7fa369
TR-19549,2024-10-25,2024-10-01,ADM,ACC-00100,DESPESA,2259.0941007559218,2179.2593919922983,BRL,Comissão recebida por ADM,33,TRANSFERENCIA,PAGO,cd84a39c-feaa-44f3-8973-81bec6fbb53e,2024-11-05,ERP_CORPORATIVO,TRANSACOES_FINANCEIRAS,19549,10f3f22337ce1368c2f55ddc321e4bceb30fad00cd18aebfcadcc215dc4392be
TR-19550,2024-10-17,2024-10-01,OP,ACC-00100,DESPESA,4187.9259650694685,4187.9259650694685,BRL,Atendimento de TI requisitado por OP,29,TED,PAGO,cd84a39c-feaa-44f3-8973-81bec6fbb53e,2024-11-05,ERP_CORPORATIVO,TRANSACOES_FINANCEIRAS,19550,bcd0fbde4a3b98709f59e069425d865e80882668c36d0e03d70fd686cb924f3f
TR-19551,2024-10-21,2024-10-01,COMP,ACC-00100,DESPESA,2258.220773292825,2258.220773292825,USD,Custo operacional associado a COMP,8,BOLETO,PAGO,cd84a39c-feaa-44f3-8973-81bec6fbb53e,2024-11-05,ERP_CORPORATIVO,TRANSACOES_FINANCEIRAS,19551,6a5b4c4bcf89dcc25d53e14259780d72e4ad64802eed9f0ad1e42a213c0b7f22
TR-19552,2024-10-14,2024-10-01,CPT,ACC-00100,DESPESA,2090.5327901242067,2090.5327901242067,BRL,Locação de espaço comercial - CPT,31,TRANSFERENCIA,PAGO,cd84a39c-feaa-44f3-8973-81bec6fbb53e,2024-11-05,ERP_CORPORATIVO,TRANSACOES_FINANCEIRAS,19552,da3bb5041a9f5f1b6c511d2115c8dac1124352db47c6e1747594b828dbcd3db8
TR-19553,2024-10-17,2024-10-01,JUR,ACC-00100,DESPESA,2080.6846054718744,2080.6846054718744,BRL,Comissão recebida por JUR,33,BOLETO,PAGO,cd84a39c-feaa-44f3-8973-81bec6fbb53e,2024-11-05,ERP_CORPORATIVO,TRANSACOES_FINANCEIRAS,19553,e70667a9561411d286aff8e5d7eed80527da4486afd0ae665d88af7954b58f36
TR-19554,2024-10-14,2024-10-01,COM,ACC-00100,DESPESA,2104.232741622837,2104.232741622837,BRL,Licenciamento de software - COM,5,PIX,CANCELADO,cd84a39c-feaa-44f3-8973-81bec6fbb53e,2024-11-05,ERP_CORPORATIVO,TRANSACOES_FINANCEIRAS,19554,87961ab4f33f7c7b2863267bcf5eea585f8d33898f45fe07a8ec29c91601c952
TR-19555,2024-10-08,2024-10-01,TI,ACC-00100,RECEITA,2522.691144292194,2428.1915685467284,BRL,Aquisição de material operacional - TI,2,PIX,PAGO,cd84a39c-feaa-44f3-8973-81bec6fbb53e,2024-11-05,ERP_CORPORATIVO,TRANSACOES_FINANCEIRAS,19555,6a4bcf87fcabd2db38e1b419d9a5dcdaa60ac2842a1ddae3d3eea6173916e557
TR-19556,2024-10-14,2024-10-01,FIN,ACC-00100,DESPESA,1936.1198391510918,1936.1198391510918,BRL,Produção de material gráfico - FIN,15,BOLETO,ATRASADO,cd84a39c-feaa-44f3-8973-81bec6fbb53e,2024-11-05,ERP_CORPORATIVO,TRANSACOES_FINANCEIRAS,19556,f922b6e36f6c7951da5336b22381e2c66f5176eacae0e3e14b551fd0d120fc47
TR-19557,2024-10-14,2024-10-01,PJT,ACC-00100,RECEITA,2652.9789295886258,2540.9295886658297,BRL,Compra de insumos para setor PJT,2,TRANSFERENCIA,PAGO,cd84a39c-feaa-44f3-8973-81bec6fbb53e,2024-11-05,ERP_CORPORATIVO,TRANSACOES_FINANCEIRAS,19557,4850411905867723bf50701bf83589906bb273232376db1368edd130efde4dcb
TR-19558,2024-10-21,2024-10-01,TI,ACC-00100,DESPESA,2399.4341278315233,2328.4589209746414,BRL,Venda de ativo imobilizado por TI,35,PIX,ATRASADO,cd84a39c-feaa-44f3-8973-81bec6fbb53e,2024-11-05,ERP_CORPORATIVO,TRANSACOES_FINANCEIRAS,19558,b97608f85fe52795360bf079eedd00ffad5823d6225093f812ccbe4be9bdac00
TR-19559,2024-10-14,2024-10-01,PRD,ACC-00100,DESPESA,1900.509036496301,1900.509036496301,BRL,Serviço especializado solicitado por PRD,1,BOLETO,ATRASADO,cd84a39c-feaa-44f3-8973-81bec6fbb53e,2024-11-05,ERP_CORPORATIVO,TRANSACOES_FINANCEIRAS,19559,7560544bf2f76fce06fc6a697ef892416e1ffa24c6f5d5c30d938df097d3a6a8
TR-19560,2024-10-15,2024-10-01,RH,ACC-00100,RECEITA,2097.1829403050556,2026.0462617875385,BRL,Contrato de SaaS vinculado a RH,27,PIX,PAGO,cd84a39c-feaa-44f3-8973-81bec6fbb53e,2024-11-05,ERP_CORPORATIVO,TRANSACOES_FINANCEIRAS,19560,9aa05a278513dd587b4f81ef9eeacca5bc706d828c5e0888036c5dcb5320c805
TR-19561,2024-10-21,2024-10-01,FIN,ACC-00100,DESPESA,1889.2213336542204,1889.2213336542204,USD,Serviço relacionado a recursos humanos (FIN),6,TED,PAGO,cd84a39c-feaa-44f3-8973-81bec6fbb53e,2024-11-05,ERP_CORPORATIVO,TRANSACOES_FINANCEIRAS,19561,6c06c9a307fa382f3bda82cb752f4b12a5a996fcc589b89aa774128335cc30aa
TR-19562,2024-10-16,2024-10-01,OP,ACC-00100,RECEITA,2370.5222134559767,2370.5222134559767,BRL,Contrato de serviço - setor OP,1,PIX,PAGO,cd84a39c-feaa-44f3-8973-81bec6fbb53e,2024-11-05,ERP_CORPORATIVO,TRANSACOES_FINANCEIRAS,19562,7eff1689e52a4d28bc15e34f7eee1306a99b0ba24d5e2364899b231d4cfd3a12
TR-19563,2024-10-14,2024-10-01,JUR,ACC-00100,RECEITA,2524.6168006084263,2524.6168006084263,BRL,Despesa operacional - JUR,8,BOLETO,PAGO,cd84a39c-feaa-44f3-8973-81bec6fbb53e,2024-11-05,ERP_CORPORATIVO,TRANSACOES_FINANCEIRAS,19563,68c470b655cd37c753be6aef1464be7d43a50b833aa5e4376f118d6e2b8428d9
TR-19564,2024-10-01,2024-10-01,QAS,ACC-00100,RECEITA,7929.748461228599,7929.748461228599,BRL,Despesa de infraestrutura - QAS,3,TED,PAGO,cd84a39c-feaa-44f3-8973-81bec6fbb53e,2024-11-05,ERP_CORPORATIVO,TRANSACOES_FINANCEIRAS,19564,695912001db06fb20a743892ae7eb9897b937af6c9a3af52943e56d6fabc3d91
TR-19565,2024-10-21,2024-10-01,CTB,ACC-00100,RECEITA,2510.118827465455,2510.118827465455,BRL,Compra de insumos para setor CTB,2,BOLETO,PAGO,cd84a39c-feaa-44f3-8973-81bec6fbb53e,2024-11-05,ERP_CORPORATIVO,TRANSACOES_FINANCEIRAS,19565,ebb9ddcf60bc75a080cc99b56cb8b664131c37f388fc2726c7c8e192c65338f3
TR-19566,2024-10-24,2024-10-01,FIN,ACC-00100,RECEITA,2263.2279350506274,2263.2279350506274,BRL,Compra de insumos para setor FIN,2,TED,PAGO,cd84a39c-feaa-44f3-8973-81bec6fbb53e,2024-11-05,ERP_CORPORATIVO,TRANSACOES_FINANCEIRAS,19566,2892c3d76ccdab2b8349db27222b821f6f55a279a645c30feb20a931d8b04adc
TR-19975,2024-10-14,2024-10-01,CPT,1000100,DESPESA,3106.7407758442237,3106.7407758442237,BRL,Contrato de serviço - setor CPT,1,TRANSFERENCIA,PAGO,cd84a39c-feaa-44f3-8973-81bec6fbb53e,2024-11-05,ERP_CORPORATIVO,TRANSACOES_FINANCEIRAS,19975,43145996b9a05a4e7992821535e81cfb91e31e94c0c17e700e9ea05b4f50d77c
TR-19976,2024-10-07,2024-10-01,VND,1000100,DESPESA,3281.769700221371,3281.769700221371,BRL,Serviço relacionado a recursos humanos (VND),6,TED,PAGO,cd84a39c-feaa-44f3-8973-81bec6fbb53e,2024-11-05,ERP_CORPORATIVO,TRANSACOES_FINANCEIRAS,19976,6f27a4fb88d8f87a77a1bcad4d4f3a09897bce8ee562294773a8268cda81fb5d
TR-19977,2024-10-15,2024-10-01,PJT,1000100,RECEITA,2466.6600818514416,2466.6600818514416,BRL,Serviço especializado solicitado por PJT,1,BOLETO,PAGO,cd84a39c-feaa-44f3-8973-81bec6fbb53e,2024-11-05,ERP_CORPORATIVO,TRANSACOES_FINANCEIRAS,19977,046b4bb5a9713193ab62ed5d5cd376dac9e841e9bc143971cd67ae98610135e9
TR-19978,2024-10-22,2024-10-01,ESG,1000100,RECEITA,2936.3635938161055,2830.00867511112,USD,Licenciamento de software - ESG,5,CARTAO,PAGO,cd84a39c-feaa-44f3-8973-81bec6fbb53e,2024-11-05,ERP_CORPORATIVO,TRANSACOES_FINANCEIRAS,19978,5eb712ae7147987a49194de83d5144cf3f85c870510f758bd3f63b2dd70437a7
TR-19979,2024-10-08,2024-10-01,OP,1000100,DESPESA,2479.6291718187913,2425.434594561907,BRL,Prestação de serviço para área OP,1,TRANSFERENCIA,PAGO,cd84a39c-feaa-44f3-8973-81bec6fbb53e,2024-11-05,ERP_CORPORATIVO,TRANSACOES_FINANCEIRAS,19979,07d37f06111aa664cfdf8ea12610e2907584860154d9ea84d828e3fb6431d69d
TR-19980,2024-10-22,2024-10-01,PJT,1000100,RECEITA,2603.7469253582476,2535.046148614756,BRL,Suporte técnico para sistemas de PJT,29,PIX,PAGO,cd84a39c-feaa-44f3-8973-81bec6fbb53e,2024-11-05,ERP_CORPORATIVO,TRANSACOES_FINANCEIRAS,19980,1e3e17b9fe76e67c3977e4b7c5a5f811f6e37099b50a34a838b4a19d6185adcf
TR-19981,2024-10-21,2024-10-01,PRD,1000100,DESPESA,960.8682133445191,960.8682133445191,BRL,Renovação de certificados digitais - PRD,26,PIX,PAGO,cd84a39c-feaa-44f3-8973-81bec6fbb53e,2024-11-05,ERP_CORPORATIVO,TRANSACOES_FINANCEIRAS,19981,15e090969ab7b75523f3c0a2a344d4b8f6466b8aee218510debea893814623fa
TR-19982,2024-10-16,2024-10-01,TI,1000100,RECEITA,2736.2613314202245,2736.2613314202245,BRL,Estorno de receita - TI,39,PIX,PAGO,cd84a39c-feaa-44f3-8973-81bec6fbb53e,2024-11-05,ERP_CORPORATIVO,TRANSACOES_FINANCEIRAS,19982,55312fb968b0589a40b72b1195c2f29a19d6b7074eea6338fe9b14aea5441f8c
TR-19983,2024-10-14,2024-10-01,SEC,1000100,DESPESA,2743.5240475970622,2714.02976283011,BRL,Serviço especializado solicitado por SEC,1,PIX,PAGO,cd84a39c-feaa-44f3-8973-81bec6fbb53e,2024-11-05,ERP_CORPORATIVO,TRANSACOES_FINANCEIRAS,19983,dcfb5922250b6c2a5fedab096cdbb5cab8311d55f57c36bd1b66de67d8229e71
TR-19984,2024-10-14,2024-10-01,COM,1000100,DESPESA,3011.5034377769057,2869.927827085812,BRL,Prestação de serviço para área COM,1,TED,PAGO,cd84a39c-feaa-44f3-8973-81bec6fbb53e,2024-11-05,ERP_CORPORATIVO,TRANSACOES_FINANCEIRAS,19984,7dd35dfc2e5006ae70f1b9d4f71fa2afed8114722103f12a49f3bd970aa6fba1
TR-19985,2024-10-21,2024-10-01,VND,1000100,DESPESA,3009.4135363322257,2962.327801865323,BRL,Prestação de serviço para área VND,1,TED,PAGO,cd84a39c-feaa-44f3-8973-81bec6fbb53e,2024-11-05,ERP_CORPORATIVO,TRANSACOES_FINANCEIRAS,19985,8e9ef5b6b4e0ac7faa4cb2efd5a001f5493a658d999037e03873a5dac6f1c777
TR-19986,2024-10-15,2024-10-01,JUR,1000100,DESPESA,2712.0906854207146,2712.0906854207146,BRL,Locação de espaço comercial - JUR,31,CARTAO,PAGO,cd84a39c-feaa-44f3-8973-81bec6fbb53e,2024-11-05,ERP_CORPORATIVO,TRANSACOES_FINANCEIRAS,19986,7ec2da8fb7c72d9a12da491ccd008f5fe246ca3c099e264dc9592c42af59d347
TR-20289,2024-10-08,2024-10-01,COM,ACC-00102,DESPESA,1466.3963933394514,1466.3963933394514,BRL,Propaganda e divulgação para área COM,13,BOLETO,PAGO,cd84a39c-feaa-44f3-8973-81bec6fbb53e,2024-11-05,ERP_CORPORATIVO,TRANSACOES_FINANCEIRAS,20289,ad25f032f3d5c78098d725c5c22f3d2f5e3bffecb9bcd394b809aa3219eba144
TR-20290,2024-10-28,2024-10-01,TI,ACC-00102,DESPESA,1462.3785534351243,1462.3785534351243,BRL,Despesa operacional - TI,8,PIX,ATRASADO,cd84a39c-feaa-44f3-8973-81bec6fbb53e,2024-11-05,ERP_CORPORATIVO,TRANSACOES_FINANCEIRAS,20290,db44c84da63104f380b3a7aba839a6bbe2ee67bec4c67aa5670375914a7af582
TR-20291,2024-10-08,2024-10-01,ADM,ACC-00102,DESPESA,1123.636810351699,1123.636810351699,BRL,Despesa de RH - ADM,6,PIX,PAGO,cd84a39c-feaa-44f3-8973-81bec6fbb53e,2024-11-05,ERP_CORPORATIVO,TRANSACOES_FINANCEIRAS,20291,812f3d2343ef7688a93767a3855ef9e898284a3c46055e42e4ef6e1511aa7592
TR-20292,2024-10-28,2024-10-01,COMP,ACC-00102,DESPESA,1328.5039310708557,1306.5268302213733,BRL,Contrato de SaaS vinculado a COMP,27,BOLETO,ATRASADO,cd84a39c-feaa-44f3-8973-81bec6fbb53e,2024-11-05,ERP_CORPORATIVO,TRANSACOES_FINANCEIRAS,20292,daae05d9c5ae29ffd755b703ac59ea75fc8825c9ef49d8e2c5ca883d79054b88
TR-20293,2024-10-18,2024-10-01,FIN,ACC-00102,DESPESA,1414.871338470945,1414.871338470945,BRL,Combustível e lubrificantes para frota (FIN),16,TRANSFERENCIA,PAGO,cd84a39c-feaa-44f3-8973-81bec6fbb53e,2024-11-05,ERP_CORPORATIVO,TRANSACOES_FINANCEIRAS,20293,89c6fdfc2ba4340a14ab535a888b085a90596b5dc5e07cfd6ccc77014830fdea
TR-20294,2024-10-08,2024-10-01,TI,ACC-00102,DESPESA,1537.1029932948627,1485.5922410432615,BRL,Serviço de telefonia e internet - TI,9,BOLETO,PAGO,cd84a39c-feaa-44f3-8973-81bec6fbb53e,2024-11-05,ERP_CORPORATIVO,TRANSACOES_FINANCEIRAS,20294,f7eefdd423850428fa6f0ebb70152a4d47c301c059cbe5425b44f8b445af21ee
TR-20295,2024-10-22,2024-10-01,TI,ACC-00102,DESPESA,1364.2174057250045,1349.1095369644197,BRL,Despesa de refeição em deslocamento (TI),20,BOLETO,PAGO,cd84a39c-feaa-44f3-8973-81bec6fbb53e,2024-11-05,ERP_CORPORATIVO,TRANSACOES_FINANCEIRAS,20295,a91a0bdbfb5f4265277effa0325ee252527998953d4b1ed4681a0b5ce9aaa8a0
TR-20296,2024-10-23,2024-10-01,FIN,ACC-00102,DESPESA,1396.5408047848057,1396.5408047848057,BRL,Honorarium advocatício - FIN,24,TRANSFERENCIA,PAGO,cd84a39c-feaa-44f3-8973-81bec6fbb53e,2024-11-05,ERP_CORPORATIVO,TRANSACOES_FINANCEIRAS,20296,c8cc0fa489eb7694a6d9bc0dab3890a1cd908f76ec3c3e7df2a01566d6d4d9db
TR-20297,2024-10-08,2024-10-01,CPT,ACC-00102,DESPESA,1366.6430812842277,1366.6430812842277,BRL,Campanha institucional - CPT,4,BOLETO,PAGO,cd84a39c-feaa-44f3-8973-81bec6fbb53e,2024-11-05,ERP_CORPORATIVO,TRANSACOES_FINANCEIRAS,20297,3663eb065ac1ff0ffa10217f326e9a31187921bef716171ba6e540883dbacde2
TR-20298,2024-10-16,2024-10-01,MKT,ACC-00102,RECEITA,1412.869217968663,1412.869217968663,BRL,Compra de insumos para setor MKT,2,PIX,PAGO,cd84a39c-feaa-44f3-8973-81bec6fbb53e,2024-11-05,ERP_CORPORATIVO,TRANSACOES_FINANCEIRAS,20298,27877859da3eb249790c127adc0e2653ae9d962965dc74399853849bc6de1352
TR-20299,2024-10-23,2024-10-01,VND,ACC-00102,RECEITA,1199.8722745350126,1199.8722745350126,BRL,Locação de espaço comercial - VND,31,BOLETO,PAGO,cd84a39c-feaa-44f3-8973-81bec6fbb53e,2024-11-05,ERP_CORPORATIVO,TRANSACOES_FINANCEIRAS,20299,5713c5674ebda6c628b7616074c83106ec5a0f6350825a1c74635628ecdb4c6e
TR-20300,2024-10-21,2024-10-01,OP,ACC-00102,RECEITA,1295.0495767619257,1295.0495767619257,BRL,Propaganda e divulgação para área OP,13,TED,PAGO,cd84a39c-feaa-44f3-8973-81bec6fbb53e,2024-11-05,ERP_CORPORATIVO,TRANSACOES_FINANCEIRAS,20300,d2ca5504f13ad209aa59a91a3932f00a57524ff701a6f497b37bb971f494fc1e
TR-20301,2024-10-09,2024-10-01,FIN,ACC-00102,RECEITA,1100.7035216439847,1100.7035216439847,BRL,Custo operacional associado a FIN,8,PIX,PAGO,cd84a39c-feaa-44f3-8973-81bec6fbb53e,2024-11-05,ERP_CORPORATIVO,TRANSACOES_FINANCEIRAS,20301,e6bec36ac06e1727888004b5bc9fde38733d51bd723e7b4f0135cdec8cf64ec9
TR-20302,2024-10-07,2024-10-01,PRD,ACC-00102,DESPESA,1316.3972986865856,1316.3972986865856,BRL,Campanha institucional - PRD,4,BOLETO,PAGO,cd84a39c-feaa-44f3-8973-81bec6fbb53e,2024-11-05,ERP_CORPORATIVO,TRANSACOES_FINANCEIRAS,20302,2b68bdc4d651d4877880dd2791d098414d107fa67de421bea0309492a3addbee
TR-20303,2024-10-16,2024-10-01,FIN,ACC-00102,DESPESA,4888.901239345153,4888.901239345153,BRL,Combustível e lubrificantes para frota (FIN),16,PIX,PAGO,cd84a39c-feaa-44f3-8973-81bec6fbb53e,2024-11-05,ERP_CORPORATIVO,TRANSACOES_FINANCEIRAS,20303,10642a85987f4962978c984205bc6b05b456be5bef2f143c64d0a573f53ea02d
TR-20304,2024-10-15,2024-10-01,TI,ACC-00102,DESPESA,1271.1116006763796,1271.1116006763796,BRL,Abatimento comercial registrado em TI,38,PIX,PAGO,cd84a39c-feaa-44f3-8973-81bec6fbb53e,2024-11-05,ERP_CORPORATIVO,TRANSACOES_FINANCEIRAS,20304,d91974e6e9caad6a81b1090dd52f8c70011a6a191d2fb28de727dc71347d4b4a
TR-20305,2024-10-28,2024-10-01,LOG,ACC-00102,RECEITA,1341.7053390520268,1341.7053390520268,BRL,Serviço especializado solicitado por LOG,1,PIX,ATRASADO,cd84a39c-feaa-44f3-8973-81bec6fbb53e,2024-11-05,ERP_CORPORATIVO,TRANSACOES_FINANCEIRAS,20305,a207bfaf7a893bc7bde92703df2ca78501cc207aba993623e1756ed5347fcee8
TR-20306,2024-10-14,2024-10-01,QAS,ACC-00102,DESPESA,1430.700945513056,1430.700945513056,BRL,Manutenção estrutural vinculada à área QAS,3,CARTAO,CANCELADO,cd84a39c-feaa-44f3-8973-81bec6fbb53e,2024-11-05,ERP_CORPORATIVO,TRANSACOES_FINANCEIRAS,20306,0eca5dfb64b98ad81070eae5ba93f11039f921e3a8f388b5a112bf3ba15d94ac
TR-20307,2024-10-08,2024-10-01,CTB,ACC-00102,DESPESA,1806.420627539978,1806.420627539978,BRL,Licenciamento de software - CTB,5,PIX,PAGO,cd84a39c-feaa-44f3-8973-81bec6fbb53e,2024-11-05,ERP_CORPORATIVO,TRANSACOES_FINANCEIRAS,20307,b79c136ba70054cab5149518c29a6b5b4313b7f838ac7648dd9e9152eab589ad
TR-20308,2024-10-14,2024-10-01,RH,ACC-00102,DESPESA,1364.696448828632,1299.8114253612366,BRL,Manutenção estrutural vinculada à área RH,3,PIX,PAGO,cd84a39c-feaa-44f3-8973-81bec6fbb53e,2024-11-05,ERP_CORPORATIVO,TRANSACOES_FINANCEIRAS,20308,e4b3072c328af75f4a62c798965a39bd44fe7489135704043c906f87c47288ce
TR-20309,2024-10-04,2024-10-01,PRD,ACC-00102,DESPESA,3419.922479235141,3394.291983179239,BRL,Campanha institucional - PRD,4,CARTAO,PAGO,cd84a39c-feaa-44f3-8973-81bec6fbb53e,2024-11-05,ERP_CORPORATIVO,TRANSACOES_FINANCEIRAS,20309,b6e5ca210f721a00342f1e3acc193b1f4d636f55215de0c22b1f83e318ed44ea
TR-20310,2024-10-15,2024-10-01,ADM,ACC-00102,RECEITA,1350.4121960688108,1350.4121960688108,BRL,Recebimento de subvenção - ADM,36,TED,PAGO,cd84a39c-feaa-44f3-8973-81bec6fbb53e,2024-11-05,ERP_CORPORATIVO,TRANSACOES_FINANCEIRAS,20310,2a2d0ce8921fda1f64df78b65652caa8e87637d34dfec9d0545ba85e7786e577
TR-20311,2024-10-28,2024-10-01,TI,ACC-00102,RECEITA,1425.7398694036074,1425.7398694036074,BRL,Hospedagem em viagem a serviço de TI,19,TRANSFERENCIA,PAGO,cd84a39c-feaa-44f3-8973-81bec6fbb53e,2024-11-05,ERP_CORPORATIVO,TRANSACOES_FINANCEIRAS,20311,7b6923d538c8cba0d0e8272f969309d2f2ef09bea4143ff4ac42dcb0bef3f4ba
TR-20312,2024-10-18,2024-10-01,TI,ACC-00102,DESPESA,1371.982271200096,1371.982271200096,BRL,Prestação de serviço para área TI,1,CARTAO,PAGO,cd84a39c-feaa-44f3-8973-81bec6fbb53e,2024-11-05,ERP_CORPORATIVO,TRANSACOES_FINANCEIRAS,20312,3fc05621ff1cbf60648fafc24f002d7926c49725556f9e5f114c486f0d532099
TR-20313,2024-10-14,2024-10-01,TI,ACC-00102,DESPESA,1319.0255893287774,1262.9313804081999,BRL,Diária de hotel para equipe TI,19,TED,PAGO,cd84a39c-feaa-44f3-8973-81bec6fbb53e,2024-11-05,ERP_CORPORATIVO,TRANSACOES_FINANCEIRAS,20313,67ed124425b8ca930abddaf95f9941e3fb3e61947c5b0abc65b824f545c0f8d0
TR-20314,2024-10-24,2024-10-01,OP,ACC-00102,RECEITA,1348.296994631893,1348.296994631893,BRL,Investimento em marketing corporativo (OP),4,PIX,PAGO,cd84a39c-feaa-44f3-8973-81bec6fbb53e,2024-11-05,ERP_CORPORATIVO,TRANSACOES_FINANCEIRAS,20314,fd2a4a8b83bc843d8bcd397c7e59fa32236d18d2c6e91a0abe6ca7b98a8ab02a
TR-20864,2024-10-07,2024-10-01,FIN,ACC-00106,RECEITA,6850.788258511474,6850.788258511474,BRL,Manutenção estrutural vinculada à área FIN,3,PIX,PAGO,cd84a39c-feaa-44f3-8973-81bec6fbb53e,2024-11-05,ERP_CORPORATIVO,TRANSACOES_FINANCEIRAS,20864,dccb51c7ecd9f2d874bba6e7d6a763c18f16aa3cf367bb79632f3294d724641c
TR-20865,2024-10-16,2024-10-01,MKT,ACC-00106,DESPESA,6892.6234162314495,6892.6234162314495,BRL,Compra de insumos para setor MKT,2,BOLETO,PAGO,cd84a39c-feaa-44f3-8973-81bec6fbb53e,2024-11-05,ERP_CORPORATIVO,TRANSACOES_FINANCEIRAS,20865,701b7956ac62ab7a5db638dfb545973b79423e641668f0cd91bee6ccbba1e574
TR-20866,2024-10-10,2024-10-01,COMP,ACC-00106,DESPESA,5709.639822405584,5709.639822405584,BRL,Serviço relacionado a recursos humanos (COMP),6,BOLETO,PAGO,cd84a39c-feaa-44f3-8973-81bec6fbb53e,2024-11-05,ERP_CORPORATIVO,TRANSACOES_FINANCEIRAS,20866,29caa14dc2030240595e2b29439c90349fe907e8cc496f6e360153fbfe891623
TR-20867,2024-10-11,2024-10-01,LOG,ACC-00106,RECEITA,5513.094893668303,5513.094893668303,BRL,Receita de aluguel creditada em LOG,31,BOLETO,PAGO,cd84a39c-feaa-44f3-8973-81bec6fbb53e,2024-11-05,ERP_CORPORATIVO,TRANSACOES_FINANCEIRAS,20867,97605ae81298c142b44d142024b7ca7372093c5e561d0c6b92fd4c218df8e229
TR-20868,2024-10-18,2024-10-01,ATD,ACC-00106,RECEITA,7098.8294522901315,7098.8294522901315,BRL,Aquisição de material operacional - ATD,2,TRANSFERENCIA,PAGO,cd84a39c-feaa-44f3-8973-81bec6fbb53e,2024-11-05,ERP_CORPORATIVO,TRANSACOES_FINANCEIRAS,20868,e650d8a919a402af6fcbcca37413ea9a3b3e799adac342b27c6716a629546509
TR-20869,2024-10-21,2024-10-01,JUR,ACC-00106,DESPESA,6663.355079487385,6663.355079487385,BRL,Aquisição de material operacional - JUR,2,CARTAO,PAGO,cd84a39c-feaa-44f3-8973-81bec6fbb53e,2024-11-05,ERP_CORPORATIVO,TRANSACOES_FINANCEIRAS,20869,6ef6c903b271be6efe6b922e6b52c30e433a2290c63091ad9f8419ebaf0fb826
TR-20870,2024-10-14,2024-10-01,VND,ACC-00106,RECEITA,6200.416782066245,6200.416782066245,BRL,Devolução de venda processada por VND,39,TRANSFERENCIA,PAGO,cd84a39c-feaa-44f3-8973-81bec6fbb53e,2024-11-05,ERP_CORPORATIVO,TRANSACOES_FINANCEIRAS,20870,7c58bf22d2fe3022eea47518d2a9538fe6d4cd5c5bcf88db9c484b0a7829bcbb
TR-20871,2024-10-16,2024-10-01,CTB,ACC-00106,DESPESA,7599.601622863489,7599.601622863489,BRL,Assessoria legal vinculada à área CTB,7,CARTAO,PAGO,cd84a39c-feaa-44f3-8973-81bec6fbb53e,2024-11-05,ERP_CORPORATIVO,TRANSACOES_FINANCEIRAS,20871,b3141135b6101df7f39b3128c0ba650b5623e04d83afe247a7580aaab3712c5a
TR-20872,2024-10-18,2024-10-01,RH,ACC-00106,DESPESA,6778.7018983619,6511.342213995337,BRL,Estorno de receita - RH,39,PIX,PAGO,cd84a39c-feaa-44f3-8973-81bec6fbb53e,2024-11-05,ERP_CORPORATIVO,TRANSACOES_FINANCEIRAS,20872,3992e7adac9dae3af8a8f352de70fe147f8948869be2dc30c2ea2e9c7ed96d81
TR-20873,2024-10-15,2024-10-01,MKT,ACC-00106,RECEITA,5867.612042005338,5867.612042005338,BRL,Locação de espaço comercial - MKT,31,PIX,PAGO,cd84a39c-feaa-44f3-8973-81bec6fbb53e,2024-11-05,ERP_CORPORATIVO,TRANSACOES_FINANCEIRAS,20873,7bb097502ab85dba15b341b0fd5767fe5740953202c88cd68ab13f264a404a70
TR-20874,2024-10-01,2024-10-01,FIN,ACC-00106,RECEITA,5262.719961152338,5075.184919378273,BRL,Custo operacional associado a FIN,8,BOLETO,PAGO,cd84a39c-feaa-44f3-8973-81bec6fbb53e,2024-11-05,ERP_CORPORATIVO,TRANSACOES_FINANCEIRAS,20874,7ead879389f8ff9703da9717337132512778580ed13b67b7e5e4e30afe8f60dc
TR-20875,2024-10-07,2024-10-01,FIN,ACC-00106,DESPESA,6782.053808855348,6544.163429038328,BRL,Serviço de tecnologia contratado por FIN,5,PIX,PAGO,cd84a39c-feaa-44f3-8973-81bec6fbb53e,2024-11-05,ERP_CORPORATIVO,TRANSACOES_FINANCEIRAS,20875,304bc5d21317424da9b5e2c7e183f2f7be591fed45a767d5ff2e51b07c81cf2a
TR-20876,2024-10-07,2024-10-01,CTB,ACC-00106,DESPESA,6095.286207804998,6095.286207804998,BRL,Campanha institucional - CTB,4,PIX,PAGO,cd84a39c-feaa-44f3-8973-81bec6fbb53e,2024-11-05,ERP_CORPORATIVO,TRANSACOES_FINANCEIRAS,20876,6fbf44465506f737fa7945abd437bf09d3a0a0bbd25460dafd22b2aac9b4ce9c
TR-20877,2024-10-14,2024-10-01,CTB,ACC-00106,DESPESA,6300.150160068198,6300.150160068198,BRL,Despesa jurídica da área CTB,24,BOLETO,PAGO,cd84a39c-feaa-44f3-8973-81bec6fbb53e,2024-11-05,ERP_CORPORATIVO,TRANSACOES_FINANCEIRAS,20877,5d270ab559190385aa54e2ed069f84f16f614ac9954efd65243858b026f1c405
TR-20878,2024-10-14,2024-10-01,FIN,ACC-00106,DESPESA,11358.142560766632,11079.11330192152,BRL,Doação recebida em favor de FIN,36,BOLETO,PAGO,cd84a39c-feaa-44f3-8973-81bec6fbb53e,2024-11-05,ERP_CORPORATIVO,TRANSACOES_FINANCEIRAS,20878,bbaa34f6f4962f547246483d03fda07619ad15cb3c73600d42ca77f332fce029
TR-21011,2024-10-09,2024-10-01,ATD,FORN-00107,DESPESA,2801.01411462129,2801.01411462129,BRL,Custo operacional associado a ATD,8,TED,PAGO,cd84a39c-feaa-44f3-8973-81bec6fbb53e,2024-11-05,ERP_CORPORATIVO,TRANSACOES_FINANCEIRAS,21011,0ab325731f97e09c40db3401daffcb5e3b2b77d24f88b055dda10c39f77d9de5
TR-21012,2024-10-21,2024-10-01,MKT,FORN-00107,DESPESA,3243.602231316955,3243.602231316955,BRL,Honorários profissionais contratados por MKT,11,CARTAO,ATRASADO,cd84a39c-feaa-44f3-8973-81bec6fbb53e,2024-11-05,ERP_CORPORATIVO,TRANSACOES_FINANCEIRAS,21012,ce1d323607b2ce209c30bcbf9d006ae4690ea2fd4d163a9531279994f9c1dcf7
TR-21013,2024-10-14,2024-10-01,CTB,FORN-00107,RECEITA,2790.028765979226,2790.028765979226,BRL,Serviço de telefonia e internet - CTB,9,TED,PAGO,cd84a39c-feaa-44f3-8973-81bec6fbb53e,2024-11-05,ERP_CORPORATIVO,TRANSACOES_FINANCEIRAS,21013,67cc4377517d778f5dd68f7d4eda467a0e49c36da9a1919693cbf217ee0d672e
TR-21014,2024-10-15,2024-10-01,JUR,FORN-00107,RECEITA,2249.2940152551814,2249.2940152551814,BRL,Despesa de refeição em deslocamento (JUR),20,BOLETO,PAGO,cd84a39c-feaa-44f3-8973-81bec6fbb53e,2024-11-05,ERP_CORPORATIVO,TRANSACOES_FINANCEIRAS,21014,ee878b9f9f4d7202bd1e39c9287a3a4a404f65e8a838a66b0770f2b863b0f7dc
TR-21015,2024-10-16,2024-10-01,TI,FORN-00107,RECEITA,2598.6537070343193,2598.6537070343193,BRL,Prestação de serviço para área TI,1,TED,PAGO,cd84a39c-feaa-44f3-8973-81bec6fbb53e,2024-11-05,ERP_CORPORATIVO,TRANSACOES_FINANCEIRAS,21015,39ebacd607f4d6b18a9fdc3bbd4bdfb24cf2ac78981c8b55643d6515a5c264ce
TR-21016,2024-10-18,2024-10-01,TI,FORN-00107,RECEITA,2786.365682824843,2786.365682824843,BRL,Compra de insumos para setor TI,2,PIX,PAGO,cd84a39c-feaa-44f3-8973-81bec6fbb53e,2024-11-05,ERP_CORPORATIVO,TRANSACOES_FINANCEIRAS,21016,8b0c0448e18dc28ed9d3e9e8e8b9b67155f091cdca628d080152daea0f3955fb
TR-21017,2024-10-07,2024-10-01,PJT,FORN-00107,RECEITA,3399.5831098330727,3399.5831098330727,BRL,Reparo de hardware solicitado por PJT,28,TED,PAGO,cd84a39c-feaa-44f3-8973-81bec6fbb53e,2024-11-05,ERP_CORPORATIVO,TRANSACOES_FINANCEIRAS,21017,96de2506242eb20d951e21ded59019d2631fa332ff4ca9d34c40e2e1023335c5
TR-21018,2024-10-10,2024-10-01,COMP,FORN-00107,RECEITA,2437.8728004639884,2413.374769078821,BRL,Certificado digital adquirido por COMP,26,TED,PAGO,cd84a39c-feaa-44f3-8973-81bec6fbb53e,2024-11-05,ERP_CORPORATIVO,TRANSACOES_FINANCEIRAS,21018,9ded55367a87cdfdd6e6196d94d7bb220dfc9364e899fec3380d9634504b655e
TR-21019,2024-10-21,2024-10-01,RH,FORN-00107,DESPESA,2710.9563750115512,2710.9563750115512,BRL,Material de marketing solicitado por RH,15,BOLETO,PAGO,cd84a39c-feaa-44f3-8973-81bec6fbb53e,2024-11-05,ERP_CORPORATIVO,TRANSACOES_FINANCEIRAS,21019,1f5597c1723e676384a7a391e61f5934150c23fd5429560c66f5f0be16cbaf9a
TR-21021,2024-10-14,2024-10-01,FIN,FORN-00107,DESPESA,3004.0588113032177,2868.1303193134395,BRL,Contrato de serviço - setor FIN,1,PIX,PAGO,cd84a39c-feaa-44f3-8973-81bec6fbb53e,2024-11-05,ERP_CORPORATIVO,TRANSACOES_FINANCEIRAS,21021,95ecbed719546519a20960784d5e88cdebeb26d18990a64cc09d683abf52f617
TR-21022,2024-10-14,2024-10-01,COMP,FORN-00107,RECEITA,2652.253671959347,2652.253671959347,BRL,Promoção e atividade externa - COMP,14,BOLETO,ATRASADO,cd84a39c-feaa-44f3-8973-81bec6fbb53e,2024-11-05,ERP_CORPORATIVO,TRANSACOES_FINANCEIRAS,21022,9f5d388fa0de3f4699967e04c41fb505d2ddc8909c60ae2cdbd2e61f2c7a31cb
TR-21023,2024-10-15,2024-10-01,PJT,FORN-00107,RECEITA,2093.600144285839,2021.1059197258994,BRL,Contrato de serviço - setor PJT,1,BOLETO,PAGO,cd84a39c-feaa-44f3-8973-81bec6fbb53e,2024-11-05,ERP_CORPORATIVO,TRANSACOES_FINANCEIRAS,21023,b432d680418810fe7433dc5ee1a3d4c994a8a086734c7d9efc971d9f4b3cbe35
TR-21024,2024-10-28,2024-10-01,PRD,FORN-00107,DESPESA,2645.116791882617,2542.2765412695353,BRL,Custo operacional associado a PRD,8,TED,PAGO,cd84a39c-feaa-44f3-8973-81bec6fbb53e,2024-11-05,ERP_CORPORATIVO,TRANSACOES_FINANCEIRAS,21024,fe9c9da6a3c9684041d56c3e44c332d17d82fbf714b3a1399669cbb3d26c2478
TR-21025,2024-10-21,2024-10-01,ADM,FORN-00107,RECEITA,2720.5428756998435,2720.5428756998435,BRL,Investimento em marketing corporativo (ADM),4,TRANSFERENCIA,PAGO,cd84a39c-feaa-44f3-8973-81bec6fbb53e,2024-11-05,ERP_CORPORATIVO,TRANSACOES_FINANCEIRAS,21025,5419b5a6e155bf8617ca030701edb7dbd1528c91196715c93f078c73fa4d9fdc
TR-21026,2024-10-28,2024-10-01,FIN,FORN-00107,RECEITA,2860.0456153760942,2860.0456153760942,BRL,Publicidade institucional - FIN,13,CARTAO,PAGO,cd84a39c-feaa-44f3-8973-81bec6fbb53e,2024-11-05,ERP_CORPORATIVO,TRANSACOES_FINANCEIRAS,21026,d9ac9bb8db11b30702e541de306f478a1c9de3c65adce4ee9ab80b62210a859b
TR-21027,2024-10-10,2024-10-01,CTB,FORN-00107,RECEITA,2801.6514852213754,2801.6514852213754,BRL,Suporte técnico para sistemas de CTB,29,TED,PAGO,cd84a39c-feaa-44f3-8973-81bec6fbb53e,2024-11-05,ERP_CORPORATIVO,TRANSACOES_FINANCEIRAS,21027,f8a290f6426174c6d39c650725e3ba36f2ca8ded3f677e794ee58f5e98f90d99
TR-21028,2024-10-18,2024-10-01,CPT,FORN-00107,RECEITA,2938.1024114772154,2938.1024114772154,BRL,Capacitação profissional vinculada a CPT,30,TRANSFERENCIA,PAGO,cd84a39c-feaa-44f3-8973-81bec6fbb53e,2024-11-05,ERP_CORPORATIVO,TRANSACOES_FINANCEIRAS,21028,f440c3f910120bdc829d49d33d06e0f018f7e53541a9750b7bfe6abc1a714e26
TR-21029,2024-10-21,2024-10-01,MKT,FORN-00107,RECEITA,2717.4389855979502,2584.673679291317,BRL,Juros sobre operação financeira - MKT,23,BOLETO,ATRASADO,cd84a39c-feaa-44f3-8973-81bec6fbb53e,2024-11-05,ERP_CORPORATIVO,TRANSACOES_FINANCEIRAS,21029,7ab3046cb6a0d344c5328d65192e37e9d281896642cec1cea793f2de450fb281
TR-21030,2024-10-28,2024-10-01,FIN,FORN-00107,RECEITA,2774.5939483810303,2774.5939483810303,BRL,Prestação de serviço para área FIN,1,BOLETO,PAGO,cd84a39c-feaa-44f3-8973-81bec6fbb53e,2024-11-05,ERP_CORPORATIVO,TRANSACOES_FINANCEIRAS,21030,cb8f96a2a2e4d912ba98dda5eac487b2fcee4d576e6d573451005dadabf2db08
TR-21031,2024-10-29,2024-10-01,OP,FORN-00107,DESPESA,2754.5716372512006,2754.5716372512006,USD,Honorarium advocatício - OP,24,PIX,PAGO,cd84a39c-feaa-44f3-8973-81bec6fbb53e,2024-11-05,ERP_CORPORATIVO,TRANSACOES_FINANCEIRAS,21031,34722beb4300c9144f9343770575f75118a23633349632fea19926f24365d4a8
TR-21032,2024-10-16,2024-10-01,COMP,FORN-00107,DESPESA,2639.3353991142267,2639.3353991142267,BRL,Custo operacional associado a COMP,8,CARTAO,PAGO,cd84a39c-feaa-44f3-8973-81bec6fbb53e,2024-11-05,ERP_CORPORATIVO,TRANSACOES_FINANCEIRAS,21032,7e5bc5bfbeee78a1b9179e1d2071b97495c3b70a5c616a926212df1ed1f8c6fb
TR-21223,2024-10-22,2024-10-01,COMP,FORN-00108,RECEITA,2427.2411135210177,2427.2411135210177,BRL,Participação nos resultados vinculada a COMP,34,TED,ATRASADO,cd84a39c-feaa-44f3-8973-81bec6fbb53e,2024-11-05,ERP_CORPORATIVO,TRANSACOES_FINANCEIRAS,21223,6047c3bac0ba41ef1114e18dd4e51f69be9be7814075c684a5392b144163ffea
TR-21224,2024-10-23,2024-10-01,JUR,FORN-00108,DESPESA,2877.8408511882294,2877.8408511882294,BRL,Serviço de telefonia e internet - JUR,9,BOLETO,PAGO,cd84a39c-feaa-44f3-8973-81bec6fbb53e,2024-11-05,ERP_CORPORATIVO,TRANSACOES_FINANCEIRAS,21224,3cc100b66d5ee4d2b84285cd5f442745775b591824d29d4dd2be2c178d5caca3
TR-21225,2024-10-07,2024-10-01,PES,FORN-00108,DESPESA,2416.6425098766026,2416.6425098766026,BRL,Estorno de receita - PES,39,TED,PAGO,cd84a39c-feaa-44f3-8973-81bec6fbb53e,2024-11-05,ERP_CORPORATIVO,TRANSACOES_FINANCEIRAS,21225,34d3c91096fcb38196eef81551ddbe568faaf18ffd470adab850132236f7e11e
TR-21226,2024-10-10,2024-10-01,COMP,FORN-00108,RECEITA,2436.110492125728,2436.110492125728,BRL,Despesa operacional - COMP,8,CARTAO,PAGO,cd84a39c-feaa-44f3-8973-81bec6fbb53e,2024-11-05,ERP_CORPORATIVO,TRANSACOES_FINANCEIRAS,21226,e0e4ea1af336779e2f96aabdbd733a44ee666731199f99bc5babc20dbb3a54a3
TR-21227,2024-10-15,2024-10-01,OP,FORN-00108,RECEITA,2432.840794994648,2432.840794994648,BRL,Receita de comissão comercial - OP,33,PIX,PAGO,cd84a39c-feaa-44f3-8973-81bec6fbb53e,2024-11-05,ERP_CORPORATIVO,TRANSACOES_FINANCEIRAS,21227,8386e1137a79b27b4a018772fc8e1f2e4bdae41d3ac9b140943934b21c1260fd
TR-21228,2024-10-29,2024-10-01,ATD,FORN-00108,RECEITA,2787.7637362731302,2787.7637362731302,USD,Licenciamento de software - ATD,5,PIX,PAGO,cd84a39c-feaa-44f3-8973-81bec6fbb53e,2024-11-05,ERP_CORPORATIVO,TRANSACOES_FINANCEIRAS,21228,3bfcfd4e23a8a77be9ed262846d6948003985a2453ed8fdc8772ddfd4d7f42a5
TR-21229,2024-10-28,2024-10-01,FIN,FORN-00108,DESPESA,589.0801041290872,589.0801041290872,BRL,Contrato de serviço - setor FIN,1,TRANSFERENCIA,PAGO,cd84a39c-feaa-44f3-8973-81bec6fbb53e,2024-11-05,ERP_CORPORATIVO,TRANSACOES_FINANCEIRAS,21229,25d44235e34ce50290e9ff9c1a61d1baba91a17489f7a404af70c9cd66a5e31a
TR-21230,2024-10-21,2024-10-01,JUR,FORN-00108,RECEITA,3379.295245348876,3379.295245348876,BRL,Prestação de serviço para área JUR,1,BOLETO,PAGO,cd84a39c-feaa-44f3-8973-81bec6fbb53e,2024-11-05,ERP_CORPORATIVO,TRANSACOES_FINANCEIRAS,21230,33b8abbb65b07f092d01285554705fa68aa945ddf92fc382530a23e9a2eb0c83
TR-21231,2024-10-14,2024-10-01,OP,FORN-00108,DESPESA,2641.3420619334092,2641.3420619334092,BRL,Serviço especializado solicitado por OP,1,TRANSFERENCIA,PAGO,cd84a39c-feaa-44f3-8973-81bec6fbb53e,2024-11-05,ERP_CORPORATIVO,TRANSACOES_FINANCEIRAS,21231,a8eabb12a1c99f2f6c5cac71bbfb26dcae2c2b8071c8578940b266b44687d9d9
TR-21232,2024-10-23,2024-10-01,RH,FORN-00108,DESPESA,2219.3617112552374,2219.3617112552374,BRL,Apólice de seguro - RH,21,BOLETO,PAGO,cd84a39c-feaa-44f3-8973-81bec6fbb53e,2024-11-05,ERP_CORPORATIVO,TRANSACOES_FINANCEIRAS,21232,f5c231461da4e20ac405b0ffa1b022f7851231c5019d3d0931fdb2e9c2f219eb
TR-21233,2024-10-16,2024-10-01,OP,FORN-00108,RECEITA,2466.416304422988,2466.416304422988,BRL,Contrato de serviço - setor OP,1,TED,PAGO,cd84a39c-feaa-44f3-8973-81bec6fbb53e,2024-11-05,ERP_CORPORATIVO,TRANSACOES_FINANCEIRAS,21233,a78ddaf8e6b76f89f505d9753387c653545dd2e7c70fd2a73ec94004ddd14166
TR-21400,2024-10-14,2024-10-01,FIN,FORN-00109,RECEITA,2592.5491880077716,2540.2323557635036,BRL,Despesa de infraestrutura - FIN,3,PIX,PAGO,cd84a39c-feaa-44f3-8973-81bec6fbb53e,2024-11-05,ERP_CORPORATIVO,TRANSACOES_FINANCEIRAS,21400,fe6cca9ff2e28383b8e7768298df4fa42cd5b2c7a4a8e75f304a62ebec634aaf
TR-21401,2024-10-10,2024-10-01,ADM,FORN-00109,RECEITA,2366.6882576875637,2366.6882576875637,BRL,Receita eventual registrada em ADM,37,BOLETO,PAGO,cd84a39c-feaa-44f3-8973-81bec6fbb53e,2024-11-05,ERP_CORPORATIVO,TRANSACOES_FINANCEIRAS,21401,276301a58de25edd2758e83dff7ba03c10928cb6e0b5c9b051a57c49ac631c73
TR-21402,2024-10-14,2024-10-01,PRD,FORN-00109,RECEITA,2576.093488430072,2502.992451177031,BRL,Resultado de equivalência patrimonial - PRD,34,BOLETO,PAGO,cd84a39c-feaa-44f3-8973-81bec6fbb53e,2024-11-05,ERP_CORPORATIVO,TRANSACOES_FINANCEIRAS,21402,e52ffcbb634c947a993533ecfdbc0215fe7ca4d3842b308caf23753b441b4cc6
TR-21403,2024-10-08,2024-10-01,COMP,FORN-00109,DESPESA,2364.63843790183,2319.2032393453696,BRL,Diária de hotel para equipe COMP,19,PIX,PAGO,cd84a39c-feaa-44f3-8973-81bec6fbb53e,2024-11-05,ERP_CORPORATIVO,TRANSACOES_FINANCEIRAS,21403,94fa4d64967dc5573d2d326daf3b0ebaf421b4ce03e023ad4123ba7dbc393fe1
TR-21404,2024-10-07,2024-10-01,FIN,FORN-00109,DESPESA,2347.3535523212954,2347.3535523212954,BRL,Despesa operacional - FIN,8,BOLETO,PAGO,cd84a39c-feaa-44f3-8973-81bec6fbb53e,2024-11-05,ERP_CORPORATIVO,TRANSACOES_FINANCEIRAS,21404,9cd14fe79cd46ed20db9d060c6ce52d9c87747fa8e007b015672bf7bde4872f1
TR-21405,2024-10-14,2024-10-01,FIN,FORN-00109,DESPESA,2636.3978080503266,2636.3978080503266,BRL,Custo operacional associado a FIN,8,TED,ATRASADO,cd84a39c-feaa-44f3-8973-81bec6fbb53e,2024-11-05,ERP_CORPORATIVO,TRANSACOES_FINANCEIRAS,21405,3f14717ebf089027e4fbe4e6466eae9a879c76dd87d4acd85de47854f9bbea73
TR-21406,2024-10-24,2024-10-01,ADM,FORN-00109,RECEITA,2582.478789848971,2582.478789848971,BRL,Contrato de serviço - setor ADM,1,PIX,PAGO,cd84a39c-feaa-44f3-8973-81bec6fbb53e,2024-11-05,ERP_CORPORATIVO,TRANSACOES_FINANCEIRAS,21406,a1d2b1cc2f2591391f0a81bf7b1c3fef18d54be7c5e6f17c2232af3b0006b1d7
TR-21407,2024-10-23,2024-10-01,SEC,FORN-00109,DESPESA,2749.355468209948,2644.1135328936866,BRL,Doação recebida em favor de SEC,36,PIX,PAGO,cd84a39c-feaa-44f3-8973-81bec6fbb53e,2024-11-05,ERP_CORPORATIVO,TRANSACOES_FINANCEIRAS,21407,5226be2611c3811f9370d7a5a9add2db54f3d68055eeeef2007b8bb44fcfa018
TR-21408,2024-10-16,2024-10-01,COM,FORN-00109,DESPESA,2236.2490347157086,2236.2490347157086,BRL,Despesa de infraestrutura - COM,3,TED,PAGO,cd84a39c-feaa-44f3-8973-81bec6fbb53e,2024-11-05,ERP_CORPORATIVO,TRANSACOES_FINANCEIRAS,21408,589e9fe0a55b57a925dc67fabc446f763e97ed44c48209df6057401ba7c9a06c
TR-21409,2024-10-18,2024-10-01,TI,FORN-00109,DESPESA,2091.2017411784464,2028.9723019769924,BRL,Compra de insumos para setor TI,2,TRANSFERENCIA,PAGO,cd84a39c-feaa-44f3-8973-81bec6fbb53e,2024-11-05,ERP_CORPORATIVO,TRANSACOES_FINANCEIRAS,21409,1f21c58a9a47a73f23dc5ef0cadaae0f187b4abe86726b62b42eeea2eb130a4f
TR-21410,2024-10-14,2024-10-01,COMP,FORN-00109,DESPESA,2016.6409820802612,1981.7862100233663,BRL,Campanha institucional - COMP,4,TED,PAGO,cd84a39c-feaa-44f3-8973-81bec6fbb53e,2024-11-05,ERP_CORPORATIVO,TRANSACOES_FINANCEIRAS,21410,85e5714741a12609572d5edecbbdfa880a70cb466ab6e562469b68a29fead851
TR-21411,2024-10-08,2024-10-01,TI,FORN-00109,DESPESA,2053.3369800738037,2053.3369800738037,BRL,Serviço relacionado a recursos humanos (TI),6,BOLETO,PAGO,cd84a39c-feaa-44f3-8973-81bec6fbb53e,2024-11-05,ERP_CORPORATIVO,TRANSACOES_FINANCEIRAS,21411,d0759c06dcbc8623bdfb11583e678efafcd4becc135f01db8a83ad3fb3a67101
TR-21412,2024-10-07,2024-10-01,TI,FORN-00109,DESPESA,2423.084683595063,2423.084683595063,BRL,Comissão recebida por TI,33,TED,PAGO,cd84a39c-feaa-44f3-8973-81bec6fbb53e,2024-11-05,ERP_CORPORATIVO,TRANSACOES_FINANCEIRAS,21412,e2d5715aa2efce4c6e46057eb66dc662f7b8276f4041d964827cc86d7e35cc0f
TR-21413,2024-10-14,2024-10-01,MKT,FORN-00109,DESPESA,2973.7990713978625,2973.7990713978625,BRL,Prestação de serviço para área MKT,1,PIX,PAGO,cd84a39c-feaa-44f3-8973-81bec6fbb53e,2024-11-05,ERP_CORPORATIVO,TRANSACOES_FINANCEIRAS,21413,6e846b475cbb570d4654eba8deeb7766527b6cb1afbf6425454302c710af1127
TR-21826,2024-10-23,2024-10-01,RH,FORN-00111,RECEITA,1746.932025759754,1746.932025759754,BRL,Manutenção estrutural vinculada à área RH,3,TED,PAGO,cd84a39c-feaa-44f3-8973-81bec6fbb53e,2024-11-05,ERP_CORPORATIVO,TRANSACOES_FINANCEIRAS,21826,81bcbd84579beb3f5dc29020f49253cf75f8248afb41ee1b88208cd9846afe9b
TR-21827,2024-10-14,2024-10-01,RH,FORN-00111,DESPESA,1430.42566946713,1430.42566946713,BRL,Diária de hotel para equipe RH,19,TED,PAGO,cd84a39c-feaa-44f3-8973-81bec6fbb53e,2024-11-05,ERP_CORPORATIVO,TRANSACOES_FINANCEIRAS,21827,0b6b769be309ebb3a18f17599cd1599848aea23bb1b688e2197da577bad0f4cf
TR-21828,2024-10-07,2024-10-01,TI,FORN-00111,RECEITA,1861.9027364280068,1773.322066245157,BRL,Estorno de receita - TI,39,TED,ATRASADO,cd84a39c-feaa-44f3-8973-81bec6fbb53e,2024-11-05,ERP_CORPORATIVO,TRANSACOES_FINANCEIRAS,21828,dc2dadfe3d929319c43d592a8420fa5297f4b1da9fe172b36ca612031f6cdbe1
TR-21829,2024-10-08,2024-10-01,OP,FORN-00111,DESPESA,1921.767022598318,1891.8926688622328,BRL,Contrato de serviço - setor OP,1,BOLETO,PAGO,cd84a39c-feaa-44f3-8973-81bec6fbb53e,2024-11-05,ERP_CORPORATIVO,TRANSACOES_FINANCEIRAS,21829,1e8f1dca3361a430725c6465c244840489f80364a24c56a6d052f543d68ab2ba
TR-21830,2024-10-11,2024-10-01,COMP,FORN-00111,DESPESA,1707.398251164665,1707.398251164665,BRL,Apólice de seguro - COMP,21,BOLETO,PAGO,cd84a39c-feaa-44f3-8973-81bec6fbb53e,2024-11-05,ERP_CORPORATIVO,TRANSACOES_FINANCEIRAS,21830,d023eb2c8626f36b7f29630a7d9a1bdd8a481cb0f5491c43af08c80b45204894
TR-21831,2024-10-09,2024-10-01,COMP,FORN-00111,DESPESA,2046.977270760871,2008.911849812491,BRL,Campanha institucional - COMP,4,CARTAO,CANCELADO,cd84a39c-feaa-44f3-8973-81bec6fbb53e,2024-11-05,ERP_CORPORATIVO,TRANSACOES_FINANCEIRAS,21831,2f658a07d15843cf3670ae3110ec7db05a94f0092903128d7f5f0e2572f65ad0
TR-21832,2024-10-21,2024-10-01,JUR,FORN-00111,DESPESA,1531.8683898864092,1531.8683898864092,BRL,Taxas bancárias incidentes em JUR,22,BOLETO,PAGO,cd84a39c-feaa-44f3-8973-81bec6fbb53e,2024-11-05,ERP_CORPORATIVO,TRANSACOES_FINANCEIRAS,21832,9a257bd87f7896da7dc885c765337873dfd227d34010c9321f788743d2b7f4e1
TR-21833,2024-10-14,2024-10-01,ADM,FORN-00111,DESPESA,1518.8821656341527,1449.5376783464546,BRL,Investimento em marketing corporativo (ADM),4,TED,CANCELADO,cd84a39c-feaa-44f3-8973-81bec6fbb53e,2024-11-05,ERP_CORPORATIVO,TRANSACOES_FINANCEIRAS,21833,25b3e30adce04ae935ac0d2cf9508cf4c728ae1f4921e46453f36dd601f031cd
TR-21834,2024-10-21,2024-10-01,OP,FORN-00111,RECEITA,1820.3076326388139,1820.3076326388139,BRL,Estorno de receita - OP,39,CARTAO,ATRASADO,cd84a39c-feaa-44f3-8973-81bec6fbb53e,2024-11-05,ERP_CORPORATIVO,TRANSACOES_FINANCEIRAS,21834,eec7191bccd0a12461c11eb0d0db66e9fe699f8a5488163b6ddcabf3b6a05fc1
TR-21835,2024-10-07,2024-10-01,COM,FORN-00111,RECEITA,1685.96157047986,1666.1436619561243,BRL,Prestação de serviço para área COM,1,TRANSFERENCIA,PAGO,cd84a39c-feaa-44f3-8973-81bec6fbb53e,2024-11-05,ERP_CORPORATIVO,TRANSACOES_FINANCEIRAS,21835,08a2e20d531d5680096b93dcf9d0e5a34322f9aca790cb836ebe887b588e2d8c
TR-21836,2024-10-14,2024-10-01,FIN,FORN-00111,DESPESA,1989.1569583338494,1965.6733357033868,BRL,Imposto sobre venda apurado em FIN,40,CARTAO,PAGO,cd84a39c-feaa-44f3-8973-81bec6fbb53e,2024-11-05,ERP_CORPORATIVO,TRANSACOES_FINANCEIRAS,21836,58cde4bb4ca461c7f233b5e5f09af0bb3db2054c323317f5e9859aef34ff924a
TR-22085,2024-10-15,2024-10-01,FIN,ACC-00112,RECEITA,2804.067225641187,2804.067225641187,BRL,Material de marketing solicitado por FIN,15,PIX,PAGO,cd84a39c-feaa-44f3-8973-81bec6fbb53e,2024-11-05,ERP_CORPORATIVO,TRANSACOES_FINANCEIRAS,22085,94c63d8142fd44d0180e99e7153d7fdf5839112f3480aab8e050a6effba82381
TR-22086,2024-10-28,2024-10-01,MKT,ACC-00112,DESPESA,2563.9437397428683,2475.9973673592963,BRL,Renovação de certificados digitais - MKT,26,CARTAO,CANCELADO,cd84a39c-feaa-44f3-8973-81bec6fbb53e,2024-11-05,ERP_CORPORATIVO,TRANSACOES_FINANCEIRAS,22086,dd0ce11c51d06faf860e6670bb3aaf50679b8065af263030795ee012e07e8c3e
TR-22087,2024-10-10,2024-10-01,RH,ACC-00112,RECEITA,2442.897879432471,2442.897879432471,BRL,Despesa de RH - RH,6,TED,ATRASADO,cd84a39c-feaa-44f3-8973-81bec6fbb53e,2024-11-05,ERP_CORPORATIVO,TRANSACOES_FINANCEIRAS,22087,1e8f67bd12685cb86472a02d649c89ece4540e206162153a9885e8976f3fb982
TR-22088,2024-10-16,2024-10-01,MKT,ACC-00112,DESPESA,2568.184196429437,2568.184196429437,USD,Apólice de seguro - MKT,21,TED,PAGO,cd84a39c-feaa-44f3-8973-81bec6fbb53e,2024-11-05,ERP_CORPORATIVO,TRANSACOES_FINANCEIRAS,22088,6b517e58e7ab5f0430ad389002fdeab81f2b71ab771f9bd18fdde79557d7eee5
TR-22089,2024-10-21,2024-10-01,MKT,ACC-00112,DESPESA,2650.273009245091,2545.4645367766125,BRL,Manutenção de equipamentos de MKT,28,TED,PAGO,cd84a39c-feaa-44f3-8973-81bec6fbb53e,2024-11-05,ERP_CORPORATIVO,TRANSACOES_FINANCEIRAS,22089,51d74b74ba03cac3d7a3274efbfc5ba83552f7fb44ad1cec358acdbdc5e625d9
TR-22090,2024-10-14,2024-10-01,LOG,ACC-00112,DESPESA,2415.9740913943133,2318.7735421410675,USD,Locação de espaço comercial - LOG,31,BOLETO,ATRASADO,cd84a39c-feaa-44f3-8973-81bec6fbb53e,2024-11-05,ERP_CORPORATIVO,TRANSACOES_FINANCEIRAS,22090,6502c9c821f8e5f2bea19bde8bf8fb3d052022bc86d93e265963d9fcdc01e5d6
TR-22091,2024-10-17,2024-10-01,CPT,ACC-00112,RECEITA,2552.8692243836945,2487.421729072132,BRL,Serviço de tecnologia contratado por CPT,5,BOLETO,PAGO,cd84a39c-feaa-44f3-8973-81bec6fbb53e,2024-11-05,ERP_CORPORATIVO,TRANSACOES_FINANCEIRAS,22091,4ce8da40445e99732a5bf4fa44ea5c75b6f9678b9f86ec7c2690e908ac3699c4
TR-22092,2024-10-14,2024-10-01,COM,ACC-00112,DESPESA,2142.1847554764813,2142.1847554764813,BRL,Diária de hotel para equipe COM,19,TRANSFERENCIA,PAGO,cd84a39c-feaa-44f3-8973-81bec6fbb53e,2024-11-05,ERP_CORPORATIVO,TRANSACOES_FINANCEIRAS,22092,340b31ddbc7d9f5b50f10701710668c17c6c4674a351094b1d227e1f20e2261b
TR-22093,2024-10-09,2024-10-01,COMP,ACC-00112,RECEITA,5889.494659282201,5798.526740830879,BRL,Compra de insumos para setor COMP,2,PIX,ATRASADO,cd84a39c-feaa-44f3-8973-81bec6fbb53e,2024-11-05,ERP_CORPORATIVO,TRANSACOES_FINANCEIRAS,22093,cb4f5e66067b08211062073a93d821b28e696626c3553e49b91762c7102b1441
TR-22399,2024-10-22,2024-10-01,PRD,1000113,RECEITA,6941.618621552265,6941.618621552265,BRL,Hospedagem em viagem a serviço de PRD,19,PIX,PAGO,cd84a39c-feaa-44f3-8973-81bec6fbb53e,2024-11-05,ERP_CORPORATIVO,TRANSACOES_FINANCEIRAS,22399,43c844ef9d4b2315b137579cae8ef6af462966de8965340f64d6cebe050ea206
TR-22400,2024-10-15,2024-10-01,FIN,1000113,RECEITA,7701.455041889074,7701.455041889074,BRL,Serviço relacionado a recursos humanos (FIN),6,PIX,PAGO,cd84a39c-feaa-44f3-8973-81bec6fbb53e,2024-11-05,ERP_CORPORATIVO,TRANSACOES_FINANCEIRAS,22400,7217b91d996f5c7532cdb5a7a417f1ecbe6146eff30117f722104633c3c9a780
TR-22401,2024-10-11,2024-10-01,OP,1000113,RECEITA,5260.004526487397,5260.004526487397,BRL,Compra de insumos para setor OP,2,TED,PAGO,cd84a39c-feaa-44f3-8973-81bec6fbb53e,2024-11-05,ERP_CORPORATIVO,TRANSACOES_FINANCEIRAS,22401,83eddb9a3d4c6bd39dba90fb5d411510359e42dd2a1eb769a514cb3273dac1af
TR-22402,2024-10-08,2024-10-01,RH,1000113,RECEITA,6578.671004909924,6578.671004909924,USD,Investimento em marketing corporativo (RH),4,PIX,PAGO,cd84a39c-feaa-44f3-8973-81bec6fbb53e,2024-11-05,ERP_CORPORATIVO,TRANSACOES_FINANCEIRAS,22402,8880afddfc1a042ae9436b36845738a5573d9dde9f07d500ee1c3afc092190e5
TR-22403,2024-10-14,2024-10-01,FIN,1000113,DESPESA,6303.688472930364,6303.688472930364,BRL,Despesa operacional - FIN,8,TED,PAGO,cd84a39c-feaa-44f3-8973-81bec6fbb53e,2024-11-05,ERP_CORPORATIVO,TRANSACOES_FINANCEIRAS,22403,df520bae77a56764561213fa99f35aeb18943f84a2aa2a6592468cbb40b4c653
TR-22404,2024-10-23,2024-10-01,PES,1000113,DESPESA,7408.193401750001,7234.6667810121,USD,Contrato de SaaS vinculado a PES,27,BOLETO,PAGO,cd84a39c-feaa-44f3-8973-81bec6fbb53e,2024-11-05,ERP_CORPORATIVO,TRANSACOES_FINANCEIRAS,22404,a60fa889476feb8a6d613dff91389eec9561d4814de9d31d9c958819f1b490f9
TR-22405,2024-10-15,2024-10-01,COMP,1000113,RECEITA,6413.7308790560255,6413.7308790560255,BRL,Custo operacional associado a COMP,8,TED,PAGO,cd84a39c-feaa-44f3-8973-81bec6fbb53e,2024-11-05,ERP_CORPORATIVO,TRANSACOES_FINANCEIRAS,22405,d91ce1f927769997aefe3e743f50325ab7197867f11271c5441f2cf98e7d4138
TR-22406,2024-10-07,2024-10-01,JUR,1000113,DESPESA,7613.792118985227,7613.792118985227,BRL,Serviço especializado solicitado por JUR,1,PIX,PAGO,cd84a39c-feaa-44f3-8973-81bec6fbb53e,2024-11-05,ERP_CORPORATIVO,TRANSACOES_FINANCEIRAS,22406,81ab7847d4c8e6d6eb1379664d0aff58468614e52b9c7751933ff815e5b19a9a
TR-22407,2024-10-10,2024-10-01,OP,1000113,DESPESA,7471.813452918329,7471.813452918329,BRL,Compra de insumos para setor OP,2,BOLETO,PAGO,cd84a39c-feaa-44f3-8973-81bec6fbb53e,2024-11-05,ERP_CORPORATIVO,TRANSACOES_FINANCEIRAS,22407,69056cd7ca1260229646782ea0b4447c172e3c8aa0999043329601d680994cb8
TR-22707,2024-10-21,2024-10-01,COM,1000115,RECEITA,6358.0771225228245,6293.785459196096,BRL,Tarifas de serviços financeiros - COM,22,BOLETO,PAGO,cd84a39c-feaa-44f3-8973-81bec6fbb53e,2024-11-05,ERP_CORPORATIVO,TRANSACOES_FINANCEIRAS,22707,f1eb6a3a7de09cf0bc90ff94b4c624172264b457c236ab003bce2d91a08de60b
TR-22708,2024-10-14,2024-10-01,COMP,1000115,RECEITA,5776.64557994103,5776.64557994103,BRL,Receita eventual registrada em COMP,37,PIX,ATRASADO,cd84a39c-feaa-44f3-8973-81bec6fbb53e,2024-11-05,ERP_CORPORATIVO,TRANSACOES_FINANCEIRAS,22708,f981d4308057a3c31e036126d37700b0063a77bbd4817fb244aae1ce3b3f59da
TR-22709,2024-10-15,2024-10-01,SEC,1000115,DESPESA,7290.410067445756,7290.410067445756,BRL,Promoção e atividade externa - SEC,14,PIX,PAGO,cd84a39c-feaa-44f3-8973-81bec6fbb53e,2024-11-05,ERP_CORPORATIVO,TRANSACOES_FINANCEIRAS,22709,fb95f39d9c295cc6ffeeee7f7c7c196768a8147ab404bf1a232f1499cce1cf3c
TR-22710,2024-10-18,2024-10-01,ESG,1000115,DESPESA,8268.254488278604,7874.692763734494,BRL,Compra de insumos para setor ESG,2,PIX,PAGO,cd84a39c-feaa-44f3-8973-81bec6fbb53e,2024-11-05,ERP_CORPORATIVO,TRANSACOES_FINANCEIRAS,22710,25bc1a3b3abc893c6fc12ec30d0da8990eed1b327ab5b9e20991088cc21e17b0
TR-22711,2024-10-21,2024-10-01,MKT,1000115,RECEITA,7880.079388333197,7880.079388333197,BRL,Evento corporativo organizado por MKT,14,PIX,ATRASADO,cd84a39c-feaa-44f3-8973-81bec6fbb53e,2024-11-05,ERP_CORPORATIVO,TRANSACOES_FINANCEIRAS,22711,06cad8886513b38c6a263ff6f57441b3182be2996d545ea925e1262eb3e7a1bb
TR-22712,2024-10-08,2024-10-01,TI,1000115,DESPESA,6833.4414855862005,6697.237382824756,BRL,Despesa operacional - TI,8,TED,PAGO,cd84a39c-feaa-44f3-8973-81bec6fbb53e,2024-11-05,ERP_CORPORATIVO,TRANSACOES_FINANCEIRAS,22712,8a944d2e57a995ea6680ef978038a6e3f6b07b99af7150d875b7c23caad44a3c
TR-22713,2024-10-14,2024-10-01,QAS,1000115,DESPESA,7157.020036462017,7157.020036462017,BRL,Doação recebida em favor de QAS,36,PIX,PAGO,cd84a39c-feaa-44f3-8973-81bec6fbb53e,2024-11-05,ERP_CORPORATIVO,TRANSACOES_FINANCEIRAS,22713,f6056036c1fd273d9163cffb6413dc0675fc0a9a29cfb9949e722d2c940d7cf6
TR-22714,2024-10-07,2024-10-01,FIN,1000115,DESPESA,6983.167733922846,6776.655769967031,BRL,Receita eventual registrada em FIN,37,TED,CANCELADO,cd84a39c-feaa-44f3-8973-81bec6fbb53e,2024-11-05,ERP_CORPORATIVO,TRANSACOES_FINANCEIRAS,22714,a1aa2aacdb932b5e467f776124cdf8317942a8628fca74a29818c572d60ef02b
TR-22715,2024-10-07,2024-10-01,FIN,1000115,RECEITA,7461.118795389118,7174.871589907544,BRL,Prestação de serviço para área FIN,1,TRANSFERENCIA,ATRASADO,cd84a39c-feaa-44f3-8973-81bec6fbb53e,2024-11-05,ERP_CORPORATIVO,TRANSACOES_FINANCEIRAS,22715,04bc972ed8a4468a788ae214a8efd559d93afab33ec64afce901e4e3b7d1fc37
TR-22716,2024-10-16,2024-10-01,OP,1000115,DESPESA,8108.960920268243,8108.960920268243,BRL,Viagem corporativa - OP,18,PIX,PAGO,cd84a39c-feaa-44f3-8973-81bec6fbb53e,2024-11-05,ERP_CORPORATIVO,TRANSACOES_FINANCEIRAS,22716,68b4b29b4ae902734531ad688e695b03e8f3589fe36d0b0b589735a82db72a7f
TR-22717,2024-10-17,2024-10-01,COMP,1000115,DESPESA,6435.315417164072,6435.315417164072,BRL,Receita de comissão comercial - COMP,33,BOLETO,PAGO,cd84a39c-feaa-44f3-8973-81bec6fbb53e,2024-11-05,ERP_CORPORATIVO,TRANSACOES_FINANCEIRAS,22717,dce4ba6bb2aa6ce38eb5a3d7fb15d42185cb7c409ab3845ac6dae0a18bc3d835
TR-22718,2024-10-08,2024-10-01,COMP,1000115,DESPESA,6459.291108820638,6459.291108820638,BRL,Direitos de propriedade intelectual - COMP,32,PIX,PAGO,cd84a39c-feaa-44f3-8973-81bec6fbb53e,2024-11-05,ERP_CORPORATIVO,TRANSACOES_FINANCEIRAS,22718,318c0033eb35050d723b092c2321c06812799db469206bf039a16b07ebe82726
TR-22719,2024-10-08,2024-10-01,COMP,1000115,RECEITA,6619.675070043416,6619.675070043416,BRL,Aquisição de material operacional - COMP,2,BOLETO,PAGO,cd84a39c-feaa-44f3-8973-81bec6fbb53e,2024-11-05,ERP_CORPORATIVO,TRANSACOES_FINANCEIRAS,22719,e19148d4a277ef8b5c529166734136d7f67386f1ffd179f1cb4a928594cadefe
TR-22988,2024-10-09,2024-10-01,LOG,FORN-00119,RECEITA,5293.639884563997,5293.639884563997,BRL,Honorarium advocatício - LOG,24,BOLETO,ATRASADO,cd84a39c-feaa-44f3-8973-81bec6fbb53e,2024-11-05,ERP_CORPORATIVO,TRANSACOES_FINANCEIRAS,22988,b799c8b8347f530b294735606688e95b1219ade3e860df07ecdc25c89c50375a
TR-22989,2024-10-07,2024-10-01,COMP,FORN-00119,RECEITA,5841.292838939487,5720.949531785782,BRL,Contrato de serviço - setor COMP,1,TED,PAGO,cd84a39c-feaa-44f3-8973-81bec6fbb53e,2024-11-05,ERP_CORPORATIVO,TRANSACOES_FINANCEIRAS,22989,eeeaf5eb72e39ac154de27e31150334ad44dcaaa6caa309e32d6829ec3448f81
TR-22990,2024-10-16,2024-10-01,COM,FORN-00119,DESPESA,5204.539964751926,5204.539964751926,BRL,Despesa operacional - COM,8,PIX,PAGO,cd84a39c-feaa-44f3-8973-81bec6fbb53e,2024-11-05,ERP_CORPORATIVO,TRANSACOES_FINANCEIRAS,22990,6207b0b9b5ccafd1d2730114ecf576bd86e49868862df8d29ba178ada45b4b1e
TR-22991,2024-10-17,2024-10-01,RH,FORN-00119,DESPESA,6834.621539955871,6834.621539955871,BRL,Alienação de bem patrimonial - RH,35,CARTAO,PAGO,cd84a39c-feaa-44f3-8973-81bec6fbb53e,2024-11-05,ERP_CORPORATIVO,TRANSACOES_FINANCEIRAS,22991,7a3c212af5f7d3f11fc7647ba12a12a64bedddc4c6a5dc00cd359f912bbe8159
TR-22992,2024-10-15,2024-10-01,TI,FORN-00119,RECEITA,5457.224770004766,5312.297544880947,BRL,Receita de aluguel creditada em TI,31,TRANSFERENCIA,PAGO,cd84a39c-feaa-44f3-8973-81bec6fbb53e,2024-11-05,ERP_CORPORATIVO,TRANSACOES_FINANCEIRAS,22992,96f647f7a175cd58e5923271b52fde0d33c8e135d6239deb8569ff035fcd98f2
TR-22993,2024-10-17,2024-10-01,PES,FORN-00119,DESPESA,5712.5175010509065,5712.5175010509065,BRL,Contrato de serviço - setor PES,1,TED,CANCELADO,cd84a39c-feaa-44f3-8973-81bec6fbb53e,2024-11-05,ERP_CORPORATIVO,TRANSACOES_FINANCEIRAS,22993,28d0ea71511e0287e424683b0e7c5092d0461678c1aeeb4c8805b31f71f3a965
TR-23126,2024-10-14,2024-10-01,OP,FORN-00120,RECEITA,1555.4459892437828,1555.4459892437828,BRL,Prestação de serviço para área OP,1,BOLETO,PAGO,cd84a39c-feaa-44f3-8973-81bec6fbb53e,2024-11-05,ERP_CORPORATIVO,TRANSACOES_FINANCEIRAS,23126,dcb7b54d70ae264cbc8986d3c425011ae9143af6cf72412a2a9c41bda1b725c4
TR-23127,2024-10-17,2024-10-01,CTB,FORN-00120,DESPESA,1260.665245671308,1260.665245671308,BRL,Licenciamento de software - CTB,5,TRANSFERENCIA,PAGO,cd84a39c-feaa-44f3-8973-81bec6fbb53e,2024-11-05,ERP_CORPORATIVO,TRANSACOES_FINANCEIRAS,23127,7a73c50395867ac8b9cf59d060c6e50066b1878078c5371321fc424901101a38
TR-23128,2024-10-18,2024-10-01,COM,FORN-00120,DESPESA,1107.616554333492,1107.616554333492,BRL,Custo operacional associado a COM,8,PIX,PAGO,cd84a39c-feaa-44f3-8973-81bec6fbb53e,2024-11-05,ERP_CORPORATIVO,TRANSACOES_FINANCEIRAS,23128,225f71aed5c886b57397908f79504b59559158d2280f82ea8b520af1f271f1fa
TR-23129,2024-10-14,2024-10-01,PJT,FORN-00120,RECEITA,1203.2905501533119,1203.2905501533119,BRL,Serviço relacionado a recursos humanos (PJT),6,TED,PAGO,cd84a39c-feaa-44f3-8973-81bec6fbb53e,2024-11-05,ERP_CORPORATIVO,TRANSACOES_FINANCEIRAS,23129,e9264efbfbc7a35c6753d10a1ce461ace85b7db45129fdbd71fe96b423a6bf4a
TR-23130,2024-10-09,2024-10-01,COM,FORN-00120,DESPESA,1403.7437706152573,1403.7437706152573,BRL,Consultoria estratégica para área COM,12,BOLETO,ATRASADO,cd84a39c-feaa-44f3-8973-81bec6fbb53e,2024-11-05,ERP_CORPORATIVO,TRANSACOES_FINANCEIRAS,23130,e21b49aec02945139a58f4593fa992e4648142b9176919879b4a8d6cf77fae48
TR-23131,2024-10-11,2024-10-01,COMP,FORN-00120,RECEITA,1182.1287136967226,1182.1287136967226,BRL,Manutenção preventiva de veículos - COMP,17,CARTAO,PAGO,cd84a39c-feaa-44f3-8973-81bec6fbb53e,2024-11-05,ERP_CORPORATIVO,TRANSACOES_FINANCEIRAS,23131,492b46d8ccc44df09fee609498f9e777715b861ebd0a879a6d9d845f26f4bb9a
TR-23132,2024-10-14,2024-10-01,PRD,FORN-00120,RECEITA,1471.4533512296857,1471.4533512296857,BRL,Aquisição de material operacional - PRD,2,PIX,PAGO,cd84a39c-feaa-44f3-8973-81bec6fbb53e,2024-11-05,ERP_CORPORATIVO,TRANSACOES_FINANCEIRAS,23132,5bde4113568211d3fa87e9c760c56b091e530d3593e5bf01f45f8ce8ff56f320
TR-23133,2024-10-15,2024-10-01,JUR,FORN-00120,DESPESA,1405.5827813200133,1405.5827813200133,BRL,Prestação de serviço para área JUR,1,BOLETO,PAGO,cd84a39c-feaa-44f3-8973-81bec6fbb53e,2024-11-05,ERP_CORPORATIVO,TRANSACOES_FINANCEIRAS,23133,c08f041ac497f4a0cbac378104c35758e10c30307372a94e4830ccf6ea34816b
TR-23134,2024-10-25,2024-10-01,COM,FORN-00120,DESPESA,1243.6560012968364,1243.6560012968364,BRL,Renovação de certificados digitais - COM,26,PIX,PAGO,cd84a39c-feaa-44f3-8973-81bec6fbb53e,2024-11-05,ERP_CORPORATIVO,TRANSACOES_FINANCEIRAS,23134,dec35bfbdd331502694fadf5362070b307910fc6fef06f0311ef55a8d9bb4ade
TR-23135,2024-10-03,2024-10-01,COMP,FORN-00120,DESPESA,1187.5469630373846,1187.5469630373846,BRL,Assessoria contábil prestada a COMP,25,BOLETO,ATRASADO,cd84a39c-feaa-44f3-8973-81bec6fbb53e,2024-11-05,ERP_CORPORATIVO,TRANSACOES_FINANCEIRAS,23135,80587aa2145444154aae1083c771b4bda507a78e9f186f12cc657552d3bcad5b
TR-23423,2024-10-28,2024-10-01,MKT,1000120,RECEITA,4559.082088580464,4559.082088580464,BRL,Serviço especializado solicitado por MKT,1,PIX,PAGO,cd84a39c-feaa-44f3-8973-81bec6fbb53e,2024-11-05,ERP_CORPORATIVO,TRANSACOES_FINANCEIRAS,23423,c062675f68581a0693380fb295a101680cbff8dbde33c0baedd1e16c1b4641ad
TR-23424,2024-10-14,2024-10-01,CTB,1000120,RECEITA,4985.663729760943,4985.663729760943,BRL,Serviço relacionado a recursos humanos (CTB),6,PIX,CANCELADO,cd84a39c-feaa-44f3-8973-81bec6fbb53e,2024-11-05,ERP_CORPORATIVO,TRANSACOES_FINANCEIRAS,23424,6bb2944f0fda578d125f1f5b4b803a47a37b613717ae0afdeb09427504843ee6
TR-23425,2024-10-07,2024-10-01,TI,1000120,RECEITA,4048.87203655018,4048.87203655018,BRL,Serviços contábeis externos - TI,25,TED,PAGO,cd84a39c-feaa-44f3-8973-81bec6fbb53e,2024-11-05,ERP_CORPORATIVO,TRANSACOES_FINANCEIRAS,23425,ffde214ae5ffd90b2db19d4674ee4acf654b564136cd69edd15d201fef10dd12
TR-23426,2024-10-21,2024-10-01,QAS,1000120,DESPESA,5135.533178394568,5135.533178394568,BRL,Despesa operacional - QAS,8,TRANSFERENCIA,PAGO,cd84a39c-feaa-44f3-8973-81bec6fbb53e,2024-11-05,ERP_CORPORATIVO,TRANSACOES_FINANCEIRAS,23426,1a602ab1a4967139a161e63dac729f35da3d3120acf77cb4d9b9ccafd64c5d0d
TR-23427,2024-10-18,2024-10-01,COMP,1000120,DESPESA,4294.025156143477,4294.025156143477,BRL,Investimento em marketing corporativo (COMP),4,PIX,PAGO,cd84a39c-feaa-44f3-8973-81bec6fbb53e,2024-11-05,ERP_CORPORATIVO,TRANSACOES_FINANCEIRAS,23427,4a2e22d80d0125c8bfac7ece58fd8c16ea3c0e899af5e79cff884d33f1b0bbc4
TR-23428,2024-10-14,2024-10-01,PJT,1000120,DESPESA,5009.705739706054,5009.705739706054,BRL,Honorarium advocatício - PJT,24,TED,CANCELADO,cd84a39c-feaa-44f3-8973-81bec6fbb53e,2024-11-05,ERP_CORPORATIVO,TRANSACOES_FINANCEIRAS,23428,45d62f2d26268922651d458c359bf8f68e338147dbd5c06a024f41adf29ddd24
TR-23429,2024-10-15,2024-10-01,JUR,1000120,RECEITA,5272.890062973867,5212.196763194058,BRL,Manutenção estrutural vinculada à área JUR,3,TED,ATRASADO,cd84a39c-feaa-44f3-8973-81bec6fbb53e,2024-11-05,ERP_CORPORATIVO,TRANSACOES_FINANCEIRAS,23429,838fc44e12bd8959d5d8c50d687e6fefbf07d18caa05f32f0f5f3937ea010d05
TR-23540,2024-10-14,2024-10-01,COM,FORN-00122,DESPESA,2884.554634189752,2884.554634189752,BRL,Licenciamento de software - COM,5,BOLETO,PAGO,cd84a39c-feaa-44f3-8973-81bec6fbb53e,2024-11-05,ERP_CORPORATIVO,TRANSACOES_FINANCEIRAS,23540,ab2d3895ec2d2f8cc243f72494cf4550261759eaa5481a30d818c207580ced5e
TR-23541,2024-10-08,2024-10-01,COM,FORN-00122,DESPESA,2358.4975165513756,2297.2865562468864,BRL,Compra de insumos para setor COM,2,TRANSFERENCIA,PAGO,cd84a39c-feaa-44f3-8973-81bec6fbb53e,2024-11-05,ERP_CORPORATIVO,TRANSACOES_FINANCEIRAS,23541,7e1e8389abb8af9118b5d7162abb759d3a9484a97931797578d9ec336e46aa34
TR-23542,2024-10-14,2024-10-01,COM,FORN-00122,DESPESA,2649.6975735599176,2609.3201106325796,BRL,Alienação de bem patrimonial - COM,35,BOLETO,PAGO,cd84a39c-feaa-44f3-8973-81bec6fbb53e,2024-11-05,ERP_CORPORATIVO,TRANSACOES_FINANCEIRAS,23542,e46aab1f56a78759e34ec82f795d4023fdb5b581bbbac3729048c1c883616f43
TR-23543,2024-10-11,2024-10-01,FIN,FORN-00122,DESPESA,3037.480890140436,3037.480890140436,BRL,Participação nos resultados vinculada a FIN,34,PIX,PAGO,cd84a39c-feaa-44f3-8973-81bec6fbb53e,2024-11-05,ERP_CORPORATIVO,TRANSACOES_FINANCEIRAS,23543,ef7b833ef4bee8a5f314218fee83507e033bed619acd3e92a5ce7a276f2ef8e1
TR-23544,2024-10-21,2024-10-01,FIN,FORN-00122,RECEITA,2850.834432472551,2850.834432472551,BRL,Serviço especializado solicitado por FIN,1,PIX,PAGO,cd84a39c-feaa-44f3-8973-81bec6fbb53e,2024-11-05,ERP_CORPORATIVO,TRANSACOES_FINANCEIRAS,23544,7135d81235051bcc1a087d6c3064816b1d8dd51e4fbd32ec6113f5665391b38a
TR-23545,2024-10-28,2024-10-01,OP,FORN-00122,RECEITA,2766.6729235090497,2692.752778148505,BRL,Aquisição de material operacional - OP,2,BOLETO,PAGO,cd84a39c-feaa-44f3-8973-81bec6fbb53e,2024-11-05,ERP_CORPORATIVO,TRANSACOES_FINANCEIRAS,23545,20d88127efe23b77723daa053f1478ba9d3e219d149d08e02c50fba64f254273
TR-23546,2024-10-07,2024-10-01,FIN,FORN-00122,DESPESA,2526.065448497802,2526.065448497802,BRL,Despesa operacional - FIN,8,BOLETO,CANCELADO,cd84a39c-feaa-44f3-8973-81bec6fbb53e,2024-11-05,ERP_CORPORATIVO,TRANSACOES_FINANCEIRAS,23546,899591c14941d967d03203cc7aee40b65ccedf86024c957edc0b3001a0f71997
TR-23547,2024-10-14,2024-10-01,SEC,FORN-00122,RECEITA,2645.4895047120476,2645.4895047120476,BRL,Serviço especializado solicitado por SEC,1,TED,PAGO,cd84a39c-feaa-44f3-8973-81bec6fbb53e,2024-11-05,ERP_CORPORATIVO,TRANSACOES_FINANCEIRAS,23547,89257d452304dc005a8beda28abb5847d0468abb2a6a4a930ebb42628f23b5f7
TR-23548,2024-10-21,2024-10-01,ATD,FORN-00122,RECEITA,1228.0374323168246,1228.0374323168246,BRL,Atendimento de TI requisitado por ATD,29,BOLETO,PAGO,cd84a39c-feaa-44f3-8973-81bec6fbb53e,2024-11-05,ERP_CORPORATIVO,TRANSACOES_FINANCEIRAS,23548,4f185d513c1ef5d83cfdaf2e58abf8341b7dd9bd7e5c76b6736ae51c9c16715c
TR-23549,2024-10-22,2024-10-01,QAS,FORN-00122,DESPESA,2838.779729670009,2838.779729670009,BRL,Capacitação profissional vinculada a QAS,30,CARTAO,PAGO,cd84a39c-feaa-44f3-8973-81bec6fbb53e,2024-11-05,ERP_CORPORATIVO,TRANSACOES_FINANCEIRAS,23549,1ba06145f14b61b0e639814072568d91e303fd8d6820894e7c469e90192dbff2
TR-23550,2024-10-14,2024-10-01,TI,FORN-00122,DESPESA,2746.597790808741,2692.55556195641,BRL,Licenciamento de software - TI,5,PIX,PAGO,cd84a39c-feaa-44f3-8973-81bec6fbb53e,2024-11-05,ERP_CORPORATIVO,TRANSACOES_FINANCEIRAS,23550,5e680c35854789997ad1e97f9c752d1bb4cb5126c21d7a353a7200e4f0a52227
TR-23551,2024-10-16,2024-10-01,CTB,FORN-00122,DESPESA,2447.249941630621,2385.743049883597,BRL,Despesa de infraestrutura - CTB,3,TED,PAGO,cd84a39c-feaa-44f3-8973-81bec6fbb53e,2024-11-05,ERP_CORPORATIVO,TRANSACOES_FINANCEIRAS,23551,209273a89aa95de9534b02a4d45d9e275a7ad21aac0cc1787f2dce37cf7dab15
TR-23803,2024-10-21,2024-10-01,ATD,ACC-00123,RECEITA,8634.676190498045,8207.033976664301,BRL,Publicidade institucional - ATD,13,BOLETO,CANCELADO,cd84a39c-feaa-44f3-8973-81bec6fbb53e,2024-11-05,ERP_CORPORATIVO,TRANSACOES_FINANCEIRAS,23803,1526ef112ab765ac4142b329ff81d7da388a771e0f35656a3dfb40bf5befc4cb
TR-23804,2024-10-23,2024-10-01,OP,ACC-00123,RECEITA,8730.703370234438,8478.651515724321,BRL,Certificado digital adquirido por OP,26,TED,PAGO,cd84a39c-feaa-44f3-8973-81bec6fbb53e,2024-11-05,ERP_CORPORATIVO,TRANSACOES_FINANCEIRAS,23804,50249b72023ae910273c41a6a04d64ae9652f66d4c6d67cc9f54c4c9ff4dc9d6
TR-23805,2024-10-09,2024-10-01,OP,ACC-00123,RECEITA,8416.051492994895,8416.051492994895,BRL,Serviço especializado solicitado por OP,1,BOLETO,ATRASADO,cd84a39c-feaa-44f3-8973-81bec6fbb53e,2024-11-05,ERP_CORPORATIVO,TRANSACOES_FINANCEIRAS,23805,db0d78f33b4ca448ce272801278265f01a09fcfa175e02b0bdbf20eeadc3f0b4
TR-23806,2024-10-14,2024-10-01,PES,ACC-00123,DESPESA,8938.867824338095,8938.867824338095,BRL,Juros sobre operação financeira - PES,23,PIX,PAGO,cd84a39c-feaa-44f3-8973-81bec6fbb53e,2024-11-05,ERP_CORPORATIVO,TRANSACOES_FINANCEIRAS,23806,ae3e7e5517248f789ea818984ae695fb26272e4c24ff28ab077cf6fa24c4cd42
TR-23807,2024-10-25,2024-10-01,COM,ACC-00123,DESPESA,9288.111949474338,8916.361078724773,BRL,Honorários jurídicos - COM,7,PIX,PAGO,cd84a39c-feaa-44f3-8973-81bec6fbb53e,2024-11-05,ERP_CORPORATIVO,TRANSACOES_FINANCEIRAS,23807,ec17ba551fbc94e381d7f089a3db19958be7af90e38ece5df76bb04ee490ed45
TR-23808,2024-10-04,2024-10-01,PRD,ACC-00123,RECEITA,9274.745307438467,9041.172498677386,BRL,Reparo de hardware solicitado por PRD,28,CARTAO,PAGO,cd84a39c-feaa-44f3-8973-81bec6fbb53e,2024-11-05,ERP_CORPORATIVO,TRANSACOES_FINANCEIRAS,23808,af0828657ce28960fcb12155e3c224d4fbeb96296ead8621391317b683307004
TR-23809,2024-10-11,2024-10-01,ATD,ACC-00123,DESPESA,20361.84719251255,20361.84719251255,BRL,Manutenção estrutural vinculada à área ATD,3,TED,PAGO,cd84a39c-feaa-44f3-8973-81bec6fbb53e,2024-11-05,ERP_CORPORATIVO,TRANSACOES_FINANCEIRAS,23809,35ca3e3621d8d3b050005963832f815352957f517f524856f3dfc27e9e347dc3
TR-24104,2024-10-14,2024-10-01,ESG,1000124,RECEITA,8226.750602751623,8226.750602751623,BRL,Assessoria legal vinculada à área ESG,7,PIX,PAGO,cd84a39c-feaa-44f3-8973-81bec6fbb53e,2024-11-05,ERP_CORPORATIVO,TRANSACOES_FINANCEIRAS,24104,c15c76523eb2bc3bd2230ad729abd2db7a346dea6636bd4b2b1d767b0bb7c877
TR-24105,2024-10-10,2024-10-01,CTB,1000124,DESPESA,9682.464130931729,9682.464130931729,BRL,Seguro contratado pela área CTB,21,PIX,PAGO,cd84a39c-feaa-44f3-8973-81bec6fbb53e,2024-11-05,ERP_CORPORATIVO,TRANSACOES_FINANCEIRAS,24105,f026c8d0248625074a6b02b5c24a8bd67d18bf344d61cbc67f01481e17aa4a63
TR-24106,2024-10-18,2024-10-01,VND,1000124,RECEITA,9223.566530465016,9223.566530465016,BRL,Aquisição de material operacional - VND,2,TED,PAGO,cd84a39c-feaa-44f3-8973-81bec6fbb53e,2024-11-05,ERP_CORPORATIVO,TRANSACOES_FINANCEIRAS,24106,069aa9d2ef713401884764c1a90e074245dca41552dcb98ab39a30bec823ff80
TR-24107,2024-10-23,2024-10-01,PES,1000124,DESPESA,8471.602381970248,8471.602381970248,USD,Despesa de RH - PES,6,BOLETO,PAGO,cd84a39c-feaa-44f3-8973-81bec6fbb53e,2024-11-05,ERP_CORPORATIVO,TRANSACOES_FINANCEIRAS,24107,68192ca472599fa016082232471e5ce42815287a675870bc93dc09d985c2a796
TR-24108,2024-10-09,2024-10-01,RH,1000124,DESPESA,4039.5572373113964,4039.5572373113964,BRL,Manutenção predial solicitada por RH,10,CARTAO,PAGO,cd84a39c-feaa-44f3-8973-81bec6fbb53e,2024-11-05,ERP_CORPORATIVO,TRANSACOES_FINANCEIRAS,24108,dfa01fd5e3d7dfd282c7ee2bb7ed92262f413a3e533e1c3679108c0832124d76
TR-24109,2024-10-28,2024-10-01,CTB,1000124,RECEITA,10032.466232795654,9572.452431842876,USD,Evento corporativo organizado por CTB,14,BOLETO,PAGO,cd84a39c-feaa-44f3-8973-81bec6fbb53e,2024-11-05,ERP_CORPORATIVO,TRANSACOES_FINANCEIRAS,24109,71e82f9e15aab32f8d78a3e87a7c711f0070c1076ab08added856a2476c3146b
TR-24110,2024-10-09,2024-10-01,FIN,1000124,RECEITA,8965.117409045186,8638.500938177698,BRL,Despesa de RH - FIN,6,TED,PAGO,cd84a39c-feaa-44f3-8973-81bec6fbb53e,2024-11-05,ERP_CORPORATIVO,TRANSACOES_FINANCEIRAS,24110,dfadfa3a2e64fef9a9223ff2d5d1a0f088e2fe55ccd5acae380d286a66b237c3
TR-24111,2024-10-15,2024-10-01,COMP,1000124,DESPESA,9836.70042119577,9409.386053223914,BRL,Manutenção preventiva de veículos - COMP,17,TED,PAGO,cd84a39c-feaa-44f3-8973-81bec6fbb53e,2024-11-05,ERP_CORPORATIVO,TRANSACOES_FINANCEIRAS,24111,e1f925233ecafde3b36e4dc93991a23e6f9a24be908bfedafb389317a4598d37
TR-24112,2024-10-11,2024-10-01,ATD,1000124,RECEITA,9412.11662137716,9412.11662137716,BRL,Aquisição de material operacional - ATD,2,TED,PAGO,cd84a39c-feaa-44f3-8973-81bec6fbb53e,2024-11-05,ERP_CORPORATIVO,TRANSACOES_FINANCEIRAS,24112,8062daac2261d2b815c015069355b0004bff99112ef3c0133db1b459694c8dce
TR-24113,2024-10-17,2024-10-01,ADM,1000124,RECEITA,8244.592654475488,8244.592654475488,USD,Promoção e atividade externa - ADM,14,BOLETO,PAGO,cd84a39c-feaa-44f3-8973-81bec6fbb53e,2024-11-05,ERP_CORPORATIVO,TRANSACOES_FINANCEIRAS,24113,04a2f1f32e992eb2d26719433632b57b410dca302fc96236dbc82e72928ab936
TR-24114,2024-10-07,2024-10-01,FIN,1000124,RECEITA,9906.415841079861,9461.035718068451,BRL,Certificado digital adquirido por FIN,26,TED,PAGO,cd84a39c-feaa-44f3-8973-81bec6fbb53e,2024-11-05,ERP_CORPORATIVO,TRANSACOES_FINANCEIRAS,24114,ac119c46955b6fac92d6daa51cdb299f990946154c8b4f056d1fd74c9dbb64d7
TR-24116,2024-10-21,2024-10-01,COM,1000124,RECEITA,11100.574578749125,11100.574578749125,BRL,Despesa jurídica da área COM,24,TED,PAGO,cd84a39c-feaa-44f3-8973-81bec6fbb53e,2024-11-05,ERP_CORPORATIVO,TRANSACOES_FINANCEIRAS,24116,f2719182af1c72ac9183dcb15c066fd178b721d19c830a0e6f9dae8fc84eeb04
TR-24493,2024-10-09,2024-10-01,COMP,ACC-00127,DESPESA,2755.1726060291962,2755.1726060291962,BRL,Despesa operacional - COMP,8,PIX,CANCELADO,cd84a39c-feaa-44f3-8973-81bec6fbb53e,2024-11-05,ERP_CORPORATIVO,TRANSACOES_FINANCEIRAS,24493,228e052d3e10a6f2d08cec51b8d4eb5ad53386c86978d1a406d35575885f8d0f
TR-24494,2024-10-28,2024-10-01,CPT,ACC-00127,RECEITA,3054.2228264245614,3054.2228264245614,BRL,Contrato de conectividade para área CPT,9,TED,ATRASADO,cd84a39c-feaa-44f3-8973-81bec6fbb53e,2024-11-05,ERP_CORPORATIVO,TRANSACOES_FINANCEIRAS,24494,2a6e18e1a7a2b06485b5d1b4e9dd17f042f9ac693578529a8e5c448c77daaa88
TR-24495,2024-10-18,2024-10-01,JUR,ACC-00127,DESPESA,3320.7289276726647,3320.7289276726647,BRL,Serviço técnico especializado para JUR,11,TED,PAGO,cd84a39c-feaa-44f3-8973-81bec6fbb53e,2024-11-05,ERP_CORPORATIVO,TRANSACOES_FINANCEIRAS,24495,5639b68e22b3b39320271d022c31887ff83d8afe0cf4114d48ea029687bc0cd0
TR-24496,2024-10-29,2024-10-01,SEC,ACC-00127,DESPESA,2562.9642026248785,2562.9642026248785,BRL,Direitos de propriedade intelectual - SEC,32,PIX,PAGO,cd84a39c-feaa-44f3-8973-81bec6fbb53e,2024-11-05,ERP_CORPORATIVO,TRANSACOES_FINANCEIRAS,24496,dc59aabd8b2e311d718377e8dbcaab746f0dac5a353a8b027c295fc40987ffa1
TR-24497,2024-10-08,2024-10-01,COMP,ACC-00127,DESPESA,3499.790042331377,3350.706884413674,BRL,Despesa de RH - COMP,6,CARTAO,PAGO,cd84a39c-feaa-44f3-8973-81bec6fbb53e,2024-11-05,ERP_CORPORATIVO,TRANSACOES_FINANCEIRAS,24497,73c67eebe2460ef1477c21e5c23b7436e73a4ae2ed27ac33fc9176d0cd9fc823
TR-24498,2024-10-22,2024-10-01,FIN,ACC-00127,DESPESA,3657.4477110798457,3555.7762938354686,BRL,Contrato de consultoria externa - FIN,12,BOLETO,PAGO,cd84a39c-feaa-44f3-8973-81bec6fbb53e,2024-11-05,ERP_CORPORATIVO,TRANSACOES_FINANCEIRAS,24498,f6b2b5af0dcdcefa5a32bd507cc22a6110b92731f088eea9794e40937bf11139
TR-24499,2024-10-15,2024-10-01,OP,ACC-00127,RECEITA,3820.8746010297896,3820.8746010297896,BRL,Manutenção estrutural vinculada à área OP,3,PIX,PAGO,cd84a39c-feaa-44f3-8973-81bec6fbb53e,2024-11-05,ERP_CORPORATIVO,TRANSACOES_FINANCEIRAS,24499,7939ed111fd62289c175b683c94cdd2f4e5a359b79bc3443dfc41ccd8a458655
TR-24500,2024-10-23,2024-10-01,CTB,ACC-00127,RECEITA,3674.5340094843227,3674.5340094843227,BRL,Despesa operacional - CTB,8,PIX,PAGO,cd84a39c-feaa-44f3-8973-81bec6fbb53e,2024-11-05,ERP_CORPORATIVO,TRANSACOES_FINANCEIRAS,24500,5da9e3b5f22f108cd40aa3f46b3443c7cf0be60359be69323c0ec72191599219
TR-24501,2024-10-16,2024-10-01,TI,ACC-00127,DESPESA,4036.1488035146917,4036.1488035146917,BRL,Contrato de serviço - setor TI,1,TED,ATRASADO,cd84a39c-feaa-44f3-8973-81bec6fbb53e,2024-11-05,ERP_CORPORATIVO,TRANSACOES_FINANCEIRAS,24501,18020b131a1832f9c1efa85b577a331c7940d1f514b6b95860fec8b789a716bc
TR-24502,2024-10-18,2024-10-01,QAS,ACC-00127,RECEITA,3244.7104023858733,3244.7104023858733,BRL,Resultado de equivalência patrimonial - QAS,34,TRANSFERENCIA,ATRASADO,cd84a39c-feaa-44f3-8973-81bec6fbb53e,2024-11-05,ERP_CORPORATIVO,TRANSACOES_FINANCEIRAS,24502,b951754da03056ea46837971e19ae68b452d18851eb76742d8f3cbf6a0503215
TR-24503,2024-10-18,2024-10-01,OP,ACC-00127,RECEITA,3437.0759423465233,3437.0759423465233,BRL,Licença de software para área OP,27,PIX,PAGO,cd84a39c-feaa-44f3-8973-81bec6fbb53e,2024-11-05,ERP_CORPORATIVO,TRANSACOES_FINANCEIRAS,24503,810561781bcd778bc3542308c186c353d2d090256026a98d51f1d3d3567e7eee
TR-24504,2024-10-24,2024-10-01,RH,ACC-00127,RECEITA,3092.262282110371,3092.262282110371,BRL,Despesa de infraestrutura - RH,3,BOLETO,PAGO,cd84a39c-feaa-44f3-8973-81bec6fbb53e,2024-11-05,ERP_CORPORATIVO,TRANSACOES_FINANCEIRAS,24504,5e9a5b3088b57bccc00c1aee7acfc3459c802a08d7d6768d3e7e1fda41d8a94a
TR-24937,2024-10-17,2024-10-01,PJT,FORN-00129,DESPESA,4464.567533380958,4464.567533380958,BRL,Hospedagem em viagem a serviço de PJT,19,PIX,ATRASADO,cd84a39c-feaa-44f3-8973-81bec6fbb53e,2024-11-05,ERP_CORPORATIVO,TRANSACOES_FINANCEIRAS,24937,c92febc5cc281c4f5e7bd96f4f24ef3fbf03284e5c9c61c546b4cb2d80a3ede8
TR-24938,2024-10-25,2024-10-01,COM,FORN-00129,RECEITA,3934.4075688719736,3934.4075688719736,BRL,Despesa de refeição em deslocamento (COM),20,PIX,PAGO,cd84a39c-feaa-44f3-8973-81bec6fbb53e,2024-11-05,ERP_CORPORATIVO,TRANSACOES_FINANCEIRAS,24938,f68d8bbd0b3e7c6de8d53cd2ef7b6452d01000bf3c9c36931b34dd2e3d3f750e
TR-24939,2024-10-14,2024-10-01,COMP,FORN-00129,DESPESA,3678.6085471062247,3494.969501869734,BRL,Campanha institucional - COMP,4,PIX,PAGO,cd84a39c-feaa-44f3-8973-81bec6fbb53e,2024-11-05,ERP_CORPORATIVO,TRANSACOES_FINANCEIRAS,24939,bcce58761f13edbe457ad3cb375832d39ca0234fadda511de28a8be5e92d7e2f
TR-24940,2024-10-15,2024-10-01,QAS,FORN-00129,DESPESA,10012.169639671802,10012.169639671802,BRL,Manutenção de equipamentos de QAS,28,CARTAO,CANCELADO,cd84a39c-feaa-44f3-8973-81bec6fbb53e,2024-11-05,ERP_CORPORATIVO,TRANSACOES_FINANCEIRAS,24940,82672967d65c1e594aae5245861aef3297d555c1994a3ac3d0340deff5923d6e
TR-24941,2024-10-15,2024-10-01,JUR,FORN-00129,DESPESA,3715.1283626266395,3715.1283626266395,BRL,Serviço especializado solicitado por JUR,1,TED,PAGO,cd84a39c-feaa-44f3-8973-81bec6fbb53e,2024-11-05,ERP_CORPORATIVO,TRANSACOES_FINANCEIRAS,24941,873d8526655ab9d71bb2ca5ae681cf7ff94db56aaa7358ae5b0da8cb36b5b8c0
TR-24942,2024-10-14,2024-10-01,COMP,FORN-00129,DESPESA,4071.5064397155134,4071.5064397155134,BRL,Despesa de infraestrutura - COMP,3,TRANSFERENCIA,PAGO,cd84a39c-feaa-44f3-8973-81bec6fbb53e,2024-11-05,ERP_CORPORATIVO,TRANSACOES_FINANCEIRAS,24942,de92c697d1e29abcd3d83dc73c36382b7bd83c8e9533ebe8d7451f47ad097a2c
TR-24943,2024-10-10,2024-10-01,COM,FORN-00129,DESPESA,4104.400939805713,4104.400939805713,BRL,Consultoria estratégica para área COM,12,BOLETO,PAGO,cd84a39c-feaa-44f3-8973-81bec6fbb53e,2024-11-05,ERP_CORPORATIVO,TRANSACOES_FINANCEIRAS,24943,9bd1a2a8bb4f966bd25b08a704992fa929be6b5a3c512b80e2b3b67aa9c33f06
TR-24944,2024-10-09,2024-10-01,ADM,FORN-00129,DESPESA,3449.0184469465426,3300.604551857483,BRL,Promoção e atividade externa - ADM,14,TED,ATRASADO,cd84a39c-feaa-44f3-8973-81bec6fbb53e,2024-11-05,ERP_CORPORATIVO,TRANSACOES_FINANCEIRAS,24944,d52f7ea1ddd8e748cb3d694f5c5ac423b40cef9756dfc1c5db3ccf945c7b3cfe
TR-24945,2024-10-21,2024-10-01,FIN,FORN-00129,DESPESA,4281.641181093223,4187.925491998192,BRL,Custo operacional associado a FIN,8,PIX,PAGO,cd84a39c-feaa-44f3-8973-81bec6fbb53e,2024-11-05,ERP_CORPORATIVO,TRANSACOES_FINANCEIRAS,24945,17c705480f70f307f39815fd8521c2b735d50b0e96c61ae88045bc3bfe8f8d79
TR-24946,2024-10-16,2024-10-01,FIN,FORN-00129,DESPESA,4471.32703135587,4471.32703135587,BRL,Serviço de tecnologia contratado por FIN,5,PIX,PAGO,cd84a39c-feaa-44f3-8973-81bec6fbb53e,2024-11-05,ERP_CORPORATIVO,TRANSACOES_FINANCEIRAS,24946,70eaad63f908fb3456a3390331aa5fad697d37637cb8f56329eda338f49d785e
TR-24947,2024-10-15,2024-10-01,PES,FORN-00129,DESPESA,3486.5712578242637,3486.5712578242637,BRL,Manutenção estrutural vinculada à área PES,3,TED,PAGO,cd84a39c-feaa-44f3-8973-81bec6fbb53e,2024-11-05,ERP_CORPORATIVO,TRANSACOES_FINANCEIRAS,24947,56f08364f3f3f2bb03ae93624d47f5ba1d5de594819682a5979896a6bdb563bb
TR-24948,2024-10-08,2024-10-01,TI,FORN-00129,RECEITA,3916.677633803298,3916.677633803298,BRL,Manutenção estrutural vinculada à área TI,3,PIX,PAGO,cd84a39c-feaa-44f3-8973-81bec6fbb53e,2024-11-05,ERP_CORPORATIVO,TRANSACOES_FINANCEIRAS,24948,4535a87d8fd4119958a82ed7bfcd210b58f57eaa9075edb771de9af461a5abde
TR-24949,2024-10-16,2024-10-01,ESG,FORN-00129,DESPESA,4465.035416196803,4413.245160905006,BRL,Licença de software para área ESG,27,BOLETO,PAGO,cd84a39c-feaa-44f3-8973-81bec6fbb53e,2024-11-05,ERP_CORPORATIVO,TRANSACOES_FINANCEIRAS,24949,b6086a1e9132b642a87dadc61201164b795f0793442a6f751254f3033e881677
TR-24950,2024-10-07,2024-10-01,COMP,FORN-00129,RECEITA,3319.2980940477605,3319.2980940477605,BRL,Material de marketing solicitado por COMP,15,TED,CANCELADO,cd84a39c-feaa-44f3-8973-81bec6fbb53e,2024-11-05,ERP_CORPORATIVO,TRANSACOES_FINANCEIRAS,24950,ff4b20ba1672da78e60485f0095025099ed3fb8ebe3b6d93c9253492d795873f
TR-24951,2024-10-03,2024-10-01,OP,FORN-00129,RECEITA,4158.46442382366,4158.46442382366,BRL,Custo operacional associado a OP,8,PIX,PAGO,cd84a39c-feaa-44f3-8973-81bec6fbb53e,2024-11-05,ERP_CORPORATIVO,TRANSACOES_FINANCEIRAS,24951,53ed1000b861edae1f0a16a6d11972a5439c4bfb6e21383c4c2ae16580f096ed
TR-24952,2024-10-18,2024-10-01,CPT,FORN-00129,DESPESA,3446.5398220844836,3372.546566520225,BRL,Contrato de serviço - setor CPT,1,PIX,PAGO,cd84a39c-feaa-44f3-8973-81bec6fbb53e,2024-11-05,ERP_CORPORATIVO,TRANSACOES_FINANCEIRAS,24952,d2732c26353dd1d5dad2c1c056f7b816bccb6ba4521e41aee01037806a2758b9
TR-24953,2024-10-24,2024-10-01,MKT,FORN-00129,DESPESA,3782.3258020490803,3634.250387598213,BRL,Seguro contratado pela área MKT,21,CARTAO,PAGO,cd84a39c-feaa-44f3-8973-81bec6fbb53e,2024-11-05,ERP_CORPORATIVO,TRANSACOES_FINANCEIRAS,24953,6ad61e4663e59c32e08f02b7aefbec464c35fd0ff8b6a399eceff255c64bdc46
TR-24954,2024-10-14,2024-10-01,RH,FORN-00129,DESPESA,3823.5446210106,3823.5446210106,BRL,Manutenção de equipamentos de RH,28,BOLETO,PAGO,cd84a39c-feaa-44f3-8973-81bec6fbb53e,2024-11-05,ERP_CORPORATIVO,TRANSACOES_FINANCEIRAS,24954,ef80507bbc6a24af36b155f9c657f5b9f34afba567675b7f630cf2af60bb3445
TR-25329,2024-10-11,2024-10-01,OP,1000129,DESPESA,1557.215066818173,1557.215066818173,BRL,Estorno de receita - OP,39,TED,PAGO,cd84a39c-feaa-44f3-8973-81bec6fbb53e,2024-11-05,ERP_CORPORATIVO,TRANSACOES_FINANCEIRAS,25329,b3486bf1d5087ab51877b5df01f7c91104d4aed6ac0f2280b88107cd78ec2c2d
TR-25330,2024-10-14,2024-10-01,QAS,1000129,DESPESA,1348.7774734822717,1348.7774734822717,BRL,Despesa jurídica da área QAS,24,BOLETO,PAGO,cd84a39c-feaa-44f3-8973-81bec6fbb53e,2024-11-05,ERP_CORPORATIVO,TRANSACOES_FINANCEIRAS,25330,660005cf4ab5749df07bc579ce7bdb70d89e58d73b2d604a8c6b49f9cdbe9058
TR-25331,2024-10-29,2024-10-01,ESG,1000129,RECEITA,618.1358873372656,618.1358873372656,BRL,Serviço de tecnologia contratado por ESG,5,TRANSFERENCIA,ATRASADO,cd84a39c-feaa-44f3-8973-81bec6fbb53e,2024-11-05,ERP_CORPORATIVO,TRANSACOES_FINANCEIRAS,25331,d67b17089288ba23ee69202a91e913c35cac743de8af4483415479d6b05b6edf
TR-25332,2024-10-18,2024-10-01,COM,1000129,RECEITA,1974.7048058567652,1974.7048058567652,BRL,Estorno de receita - COM,39,PIX,PAGO,cd84a39c-feaa-44f3-8973-81bec6fbb53e,2024-11-05,ERP_CORPORATIVO,TRANSACOES_FINANCEIRAS,25332,72a792bee1f52b5d4d5fa0ca7742e76d2c50286cc50dde5c7eadf751479b7588
TR-25333,2024-10-18,2024-10-01,RH,1000129,DESPESA,1799.749255799691,1799.749255799691,BRL,Evento corporativo organizado por RH,14,TED,PAGO,cd84a39c-feaa-44f3-8973-81bec6fbb53e,2024-11-05,ERP_CORPORATIVO,TRANSACOES_FINANCEIRAS,25333,efbd6fc0bddd8d0a53a8979a5670f3ae612d919a80db4a6a4f66b65b19ce2c71
TR-25334,2024-10-14,2024-10-01,LOG,1000129,DESPESA,1899.8271560563678,1805.3078695256693,USD,Evento corporativo organizado por LOG,14,TED,PAGO,cd84a39c-feaa-44f3-8973-81bec6fbb53e,2024-11-05,ERP_CORPORATIVO,TRANSACOES_FINANCEIRAS,25334,48f8505423b751873ad4b70d27ac06ad331486378265cc6ebbfa7961956c758b
TR-25335,2024-10-14,2024-10-01,RH,1000129,RECEITA,1870.284284186798,1870.284284186798,BRL,Hospedagem em viagem a serviço de RH,19,BOLETO,PAGO,cd84a39c-feaa-44f3-8973-81bec6fbb53e,2024-11-05,ERP_CORPORATIVO,TRANSACOES_FINANCEIRAS,25335,99f53e2028c443c82cb5263ea9e0a8f1ac16971f125a624a16310501a9dede00
TR-25336,2024-10-14,2024-10-01,COMP,1000129,RECEITA,3515.390342062182,3515.390342062182,BRL,Prestação de serviço para área COMP,1,BOLETO,PAGO,cd84a39c-feaa-44f3-8973-81bec6fbb53e,2024-11-05,ERP_CORPORATIVO,TRANSACOES_FINANCEIRAS,25336,21e50c16ad6bb85ea49fa435697ec7529873112d654e976e189b23adeff40971
TR-25578,2024-10-14,2024-10-01,SEC,1000130,DESPESA,3958.698614178771,3958.698614178771,BRL,Honorários jurídicos - SEC,7,BOLETO,PAGO,cd84a39c-feaa-44f3-8973-81bec6fbb53e,2024-11-05,ERP_CORPORATIVO,TRANSACOES_FINANCEIRAS,25578,b67c235ec02aa3002b28f6ebabb8ceff52423eb42ed367f5b5069b84dd399541
TR-25579,2024-10-22,2024-10-01,MKT,1000130,RECEITA,3818.2936969183384,3818.2936969183384,USD,Doação recebida em favor de MKT,36,BOLETO,PAGO,cd84a39c-feaa-44f3-8973-81bec6fbb53e,2024-11-05,ERP_CORPORATIVO,TRANSACOES_FINANCEIRAS,25579,ebb0f139e79ae6227f10b81272715b3544c9e21df92646738f0339c2d27981cd
TR-25580,2024-10-18,2024-10-01,PES,1000130,DESPESA,3653.7454909633175,3653.7454909633175,BRL,Combustível e lubrificantes para frota (PES),16,TED,PAGO,cd84a39c-feaa-44f3-8973-81bec6fbb53e,2024-11-05,ERP_CORPORATIVO,TRANSACOES_FINANCEIRAS,25580,0ced7f03c780fa9976ae42c7c2e82187ffdda3a6189139edafa1b125eaec5a66
TR-25581,2024-10-10,2024-10-01,ATD,1000130,DESPESA,3921.063167259892,3921.063167259892,BRL,Abastecimento de veículos - ATD,16,BOLETO,PAGO,cd84a39c-feaa-44f3-8973-81bec6fbb53e,2024-11-05,ERP_CORPORATIVO,TRANSACOES_FINANCEIRAS,25581,2e9bfc48a7b31f843e1505d85cab5b793078e267ba72ae6324f5ca8909e35444
TR-25582,2024-10-14,2024-10-01,FIN,1000130,RECEITA,3036.944029573446,3036.944029573446,BRL,Diária de hotel para equipe FIN,19,CARTAO,CANCELADO,cd84a39c-feaa-44f3-8973-81bec6fbb53e,2024-11-05,ERP_CORPORATIVO,TRANSACOES_FINANCEIRAS,25582,80a529f8dbe4df8cdd8f2e88fcfde935d27bb23f95b0e3e2c2f3e752ffe4a6e8
TR-25583,2024-10-17,2024-10-01,JUR,1000130,DESPESA,3758.4674793290583,3758.4674793290583,BRL,Contrato de conectividade para área JUR,9,PIX,PAGO,cd84a39c-feaa-44f3-8973-81bec6fbb53e,2024-11-05,ERP_CORPORATIVO,TRANSACOES_FINANCEIRAS,25583,5b1b9c64e4d7e5347c85ac70be57dac8240b0bd4ab7197fb188d9aa548f81bc7
TR-25584,2024-10-17,2024-10-01,TI,1000130,RECEITA,3617.4838876321464,3617.4838876321464,BRL,Despesa operacional - TI,8,PIX,PAGO,cd84a39c-feaa-44f3-8973-81bec6fbb53e,2024-11-05,ERP_CORPORATIVO,TRANSACOES_FINANCEIRAS,25584,b00bebe408cb6a4497053b76c362fae3392d51537ffd130f14c6b2d4fbee853a
TR-25585,2024-10-18,2024-10-01,COM,1000130,DESPESA,3007.217351754722,2963.7533903661697,BRL,Alimentação em viagem corporativa - COM,20,TRANSFERENCIA,PAGO,cd84a39c-feaa-44f3-8973-81bec6fbb53e,2024-11-05,ERP_CORPORATIVO,TRANSACOES_FINANCEIRAS,25585,9e6a5ae1f2ee5edc023f7cc9cf598645318bc3b42023e2f44460dba1f4b62a6a
TR-25586,2024-10-18,2024-10-01,COMP,1000130,DESPESA,3178.307510124738,3178.307510124738,BRL,Receita extraordinária - COMP,37,PIX,PAGO,cd84a39c-feaa-44f3-8973-81bec6fbb53e,2024-11-05,ERP_CORPORATIVO,TRANSACOES_FINANCEIRAS,25586,06325730c85889fa5a5593cd3d6cef097bc92ebe003042da0c9d9acdd68c0472
TR-25587,2024-10-07,2024-10-01,OP,1000130,RECEITA,3361.82318724055,3215.962085936088,BRL,Locação de espaço comercial - OP,31,BOLETO,PAGO,cd84a39c-feaa-44f3-8973-81bec6fbb53e,2024-11-05,ERP_CORPORATIVO,TRANSACOES_FINANCEIRAS,25587,871e85a823b87482b3e231f2fa537b1841fffd2899407b839b95085a311e85e3
TR-25588,2024-10-07,2024-10-01,COMP,1000130,DESPESA,3352.2122102649128,3239.597441935238,BRL,Abatimento comercial registrado em COMP,38,TRANSFERENCIA,PAGO,cd84a39c-feaa-44f3-8973-81bec6fbb53e,2024-11-05,ERP_CORPORATIVO,TRANSACOES_FINANCEIRAS,25588,b73a38d6342588b094a66d44ab867c8e028d74ea88dcb8a7f430be63d4b8b2d6
TR-25589,2024-10-09,2024-10-01,FIN,1000130,RECEITA,3401.6064495736446,3306.68162288854,BRL,Despesa de RH - FIN,6,PIX,PAGO,cd84a39c-feaa-44f3-8973-81bec6fbb53e,2024-11-05,ERP_CORPORATIVO,TRANSACOES_FINANCEIRAS,25589,5b140beac5408a5feaabb64ea78be0ea45f535d8acefa9ca5476a2f1595396ff
TR-25590,2024-10-11,2024-10-01,FIN,1000130,DESPESA,3210.464187450983,3092.307960012671,BRL,Receita eventual registrada em FIN,37,TED,PAGO,cd84a39c-feaa-44f3-8973-81bec6fbb53e,2024-11-05,ERP_CORPORATIVO,TRANSACOES_FINANCEIRAS,25590,ece59a85d927674be814e0371293f638b88f68469ae747a05bbb58fcacb6e092
TR-25591,2024-10-14,2024-10-01,COM,1000130,DESPESA,3960.1075565520187,3960.1075565520187,BRL,Despesa operacional - COM,8,PIX,PAGO,cd84a39c-feaa-44f3-8973-81bec6fbb53e,2024-11-05,ERP_CORPORATIVO,TRANSACOES_FINANCEIRAS,25591,31276386af9e8fd0ec82847ff5a48ca0550c270d804d5771e9586d713e5b7a92
TR-25592,2024-10-21,2024-10-01,MKT,1000130,DESPESA,3018.9775083537797,3018.9775083537797,BRL,Contrato de serviço - setor MKT,1,PIX,PAGO,cd84a39c-feaa-44f3-8973-81bec6fbb53e,2024-11-05,ERP_CORPORATIVO,TRANSACOES_FINANCEIRAS,25592,3c600f61a837814067e538921093134ff73e7dbbafb993c5fd5912d4d9ba84f1
TR-25593,2024-10-18,2024-10-01,ESG,1000130,DESPESA,7178.408387330773,7178.408387330773,BRL,Suporte técnico para sistemas de ESG,29,BOLETO,PAGO,cd84a39c-feaa-44f3-8973-81bec6fbb53e,2024-11-05,ERP_CORPORATIVO,TRANSACOES_FINANCEIRAS,25593,dfd2595c49dd4565342b52b12f059c75a27c17e035bba02774745a6f7824c8a5
TR-25594,2024-10-28,2024-10-01,VND,1000130,DESPESA,3108.3940598414874,3108.3940598414874,BRL,Encargos de empréstimo vinculados a VND,23,TED,PAGO,cd84a39c-feaa-44f3-8973-81bec6fbb53e,2024-11-05,ERP_CORPORATIVO,TRANSACOES_FINANCEIRAS,25594,d37d01f2e307dc337edc59b043d4693c24f34cde10502bca1b782c6d1370520d
TR-25595,2024-10-16,2024-10-01,COM,1000130,RECEITA,3205.337462638955,3205.337462638955,BRL,Contrato de conectividade para área COM,9,PIX,PAGO,cd84a39c-feaa-44f3-8973-81bec6fbb53e,2024-11-05,ERP_CORPORATIVO,TRANSACOES_FINANCEIRAS,25595,fc664ac33c667e1db799451129f3fec6862da1680a4a435654c6f1af574fe37b
TR-25596,2024-10-14,2024-10-01,CTB,1000130,RECEITA,5721.6066514820095,5721.6066514820095,BRL,Despesa operacional - CTB,8,BOLETO,PAGO,cd84a39c-feaa-44f3-8973-81bec6fbb53e,2024-11-05,ERP_CORPORATIVO,TRANSACOES_FINANCEIRAS,25596,5fd46828dd90a6a4f0e49ed44b61f185e481e94418a17b9dda57262db5a0415e
TR-25936,2024-10-03,2024-10-01,CTB,1000132,DESPESA,828.6205152893293,828.6205152893293,BRL,Publicidade institucional - CTB,13,PIX,PAGO,cd84a39c-feaa-44f3-8973-81bec6fbb53e,2024-11-05,ERP_CORPORATIVO,TRANSACOES_FINANCEIRAS,25936,c208544a796663db2d7fc742d1ec3a3f7bd288d9b1d1d723b0cddd1719270ef3
TR-25937,2024-10-14,2024-10-01,PJT,1000132,DESPESA,700.7394580325473,673.6141555970889,BRL,Honorarium advocatício - PJT,24,TED,PAGO,cd84a39c-feaa-44f3-8973-81bec6fbb53e,2024-11-05,ERP_CORPORATIVO,TRANSACOES_FINANCEIRAS,25937,8c4bc8e01d4e268c572c468df5eb0317c013fb32f8a67de04e5fd202c50a6924
TR-25938,2024-10-07,2024-10-01,COMP,1000132,DESPESA,954.6006252034522,954.6006252034522,BRL,Hospedagem em viagem a serviço de COMP,19,TED,PAGO,cd84a39c-feaa-44f3-8973-81bec6fbb53e,2024-11-05,ERP_CORPORATIVO,TRANSACOES_FINANCEIRAS,25938,de37e74c19e41dad722b82949769ab797d2804ae19daee7a21d203a3778de169
TR-25939,2024-10-08,2024-10-01,RH,1000132,RECEITA,666.7261284986263,666.7261284986263,BRL,Abatimento comercial registrado em RH,38,PIX,PAGO,cd84a39c-feaa-44f3-8973-81bec6fbb53e,2024-11-05,ERP_CORPORATIVO,TRANSACOES_FINANCEIRAS,25939,4a2389d606808d538d8e45acf24fccc1922718abc5f1a15e0d60de3661e34786
TR-25940,2024-10-18,2024-10-01,TI,1000132,RECEITA,766.8797015167327,754.4800094865981,BRL,Viagem corporativa - TI,18,TRANSFERENCIA,PAGO,cd84a39c-feaa-44f3-8973-81bec6fbb53e,2024-11-05,ERP_CORPORATIVO,TRANSACOES_FINANCEIRAS,25940,6ab98ed1f73bcad730905e9f61d786e99f3c4949c7b1263ede62c3ae202d1ad9
TR-25941,2024-10-21,2024-10-01,ATD,1000132,DESPESA,721.1755864662169,721.1755864662169,BRL,Campanha institucional - ATD,4,PIX,PAGO,cd84a39c-feaa-44f3-8973-81bec6fbb53e,2024-11-05,ERP_CORPORATIVO,TRANSACOES_FINANCEIRAS,25941,bf961f59c66e61161eccd75aad9751024c95272cb5694e37c67e9840efc37084
TR-25942,2024-10-14,2024-10-01,COM,1000132,DESPESA,805.0889204971827,805.0889204971827,BRL,Compra de insumos para setor COM,2,PIX,PAGO,cd84a39c-feaa-44f3-8973-81bec6fbb53e,2024-11-05,ERP_CORPORATIVO,TRANSACOES_FINANCEIRAS,25942,1c72dae2c61a2e94dfce32fe03f12d883c177c7ef911ba713355f779882e95c4
TR-25943,2024-10-17,2024-10-01,FIN,1000132,RECEITA,826.7633854409761,826.7633854409761,BRL,Devolução de venda processada por FIN,39,TRANSFERENCIA,PAGO,cd84a39c-feaa-44f3-8973-81bec6fbb53e,2024-11-05,ERP_CORPORATIVO,TRANSACOES_FINANCEIRAS,25943,89c3e2e22e4d9104086f5f6bd8089bcb2b98361bdc1c041db4648f2b2abbee03
TR-25944,2024-10-24,2024-10-01,ADM,1000132,DESPESA,744.4268502900835,723.6180128322733,BRL,Compra de insumos para setor ADM,2,TRANSFERENCIA,PAGO,cd84a39c-feaa-44f3-8973-81bec6fbb53e,2024-11-05,ERP_CORPORATIVO,TRANSACOES_FINANCEIRAS,25944,2555ad19fc3cc7445cb65dfbed46e6a3d86b4c602f964efb2b7c4844b77c762d
TR-25945,2024-10-15,2024-10-01,LOG,1000132,DESPESA,861.7371259789606,825.1004467963287,BRL,Manutenção estrutural vinculada à área LOG,3,TRANSFERENCIA,PAGO,cd84a39c-feaa-44f3-8973-81bec6fbb53e,2024-11-05,ERP_CORPORATIVO,TRANSACOES_FINANCEIRAS,25945,a68a6d7280d3303fffccb9ede17eea4f88eca9996bac8a534f55abc734cb9d84
TR-25946,2024-10-28,2024-10-01,LOG,1000132,DESPESA,791.4064176201099,791.4064176201099,BRL,Compra de insumos para setor LOG,2,CARTAO,ATRASADO,cd84a39c-feaa-44f3-8973-81bec6fbb53e,2024-11-05,ERP_CORPORATIVO,TRANSACOES_FINANCEIRAS,25946,f933da99da9df0c89e39d7eda42965c34af4917c262e6d913e33c501cd634dc0
TR-25947,2024-10-03,2024-10-01,FIN,1000132,DESPESA,2906.1777250215027,2906.1777250215027,BRL,Receita de comissão comercial - FIN,33,TRANSFERENCIA,PAGO,cd84a39c-feaa-44f3-8973-81bec6fbb53e,2024-11-05,ERP_CORPORATIVO,TRANSACOES_FINANCEIRAS,25947,88f1c2512e993f46f9eb2c5fb3b7fe6762bcd009e019e21aea19f5458f070ddd
TR-25948,2024-10-09,2024-10-01,MKT,1000132,RECEITA,851.3406981410652,851.3406981410652,BRL,Contrato de SaaS vinculado a MKT,27,PIX,CANCELADO,cd84a39c-feaa-44f3-8973-81bec6fbb53e,2024-11-05,ERP_CORPORATIVO,TRANSACOES_FINANCEIRAS,25948,c7405003359e2769b1df5d34d56d0916048dabc3968c7806dd88787ba8f45df2
TR-25949,2024-10-14,2024-10-01,FIN,1000132,RECEITA,740.0958757625816,740.0958757625816,BRL,Despesa jurídica da área FIN,24,CARTAO,PAGO,cd84a39c-feaa-44f3-8973-81bec6fbb53e,2024-11-05,ERP_CORPORATIVO,TRANSACOES_FINANCEIRAS,25949,ff362f62cc250c1967173dc7553c9835114f1e71037da99ce81f33e1071f51a6
TR-25950,2024-10-18,2024-10-01,COMP,1000132,DESPESA,862.1437991591105,862.1437991591105,BRL,Compra de insumos para setor COMP,2,BOLETO,CANCELADO,cd84a39c-feaa-44f3-8973-81bec6fbb53e,2024-11-05,ERP_CORPORATIVO,TRANSACOES_FINANCEIRAS,25950,e92db213c8478726615367a9fe06a9cf00dd7d8aa744ec4c43541c9f0fcbefb4
TR-25951,2024-10-07,2024-10-01,LOG,1000132,RECEITA,727.3300483418122,697.6928663920925,BRL,Serviço de tecnologia contratado por LOG,5,TRANSFERENCIA,PAGO,cd84a39c-feaa-44f3-8973-81bec6fbb53e,2024-11-05,ERP_CORPORATIVO,TRANSACOES_FINANCEIRAS,25951,69aacbf3096abd9c3fcd9edce03a5b41dbb0dea5051dc579f11d38eaf41a8834
TR-25952,2024-10-17,2024-10-01,MKT,1000132,RECEITA,825.9673453260377,825.9673453260377,BRL,Compra de insumos para setor MKT,2,PIX,PAGO,cd84a39c-feaa-44f3-8973-81bec6fbb53e,2024-11-05,ERP_CORPORATIVO,TRANSACOES_FINANCEIRAS,25952,674b36c559cde56252b889a0d9aa1341e187ea6c45a8d25af9cea773f50622e4
TR-25953,2024-10-15,2024-10-01,COMP,1000132,RECEITA,817.7478043372573,805.4573191084876,BRL,Manutenção preventiva de veículos - COMP,17,PIX,PAGO,cd84a39c-feaa-44f3-8973-81bec6fbb53e,2024-11-05,ERP_CORPORATIVO,TRANSACOES_FINANCEIRAS,25953,c779ee85bbc19bbdbd985220dc24862ceb3ab9f64eac92b80e194a6dd4a73975
TR-25954,2024-10-07,2024-10-01,JUR,1000132,DESPESA,736.7149135449424,736.7149135449424,BRL,Treinamento corporativo para equipe JUR,30,BOLETO,PAGO,cd84a39c-feaa-44f3-8973-81bec6fbb53e,2024-11-05,ERP_CORPORATIVO,TRANSACOES_FINANCEIRAS,25954,baea01a943d581ba929a8764ba558461913f5c12285fb095a4cb44c28770476c
TR-25955,2024-10-18,2024-10-01,PJT,1000132,DESPESA,635.5377714683942,635.5377714683942,BRL,Viagem corporativa - PJT,18,PIX,PAGO,cd84a39c-feaa-44f3-8973-81bec6fbb53e,2024-11-05,ERP_CORPORATIVO,TRANSACOES_FINANCEIRAS,25955,1fd47fa5f74695191952e21dd956af2d85f68fb936b6e08e89484efd188d3012
TR-26288,2024-10-09,2024-10-01,SEC,1000133,DESPESA,2640.7025606773045,2640.7025606773045,BRL,Estorno de receita - SEC,39,TRANSFERENCIA,PAGO,cd84a39c-feaa-44f3-8973-81bec6fbb53e,2024-11-05,ERP_CORPORATIVO,TRANSACOES_FINANCEIRAS,26288,085447e12882f6efd513eaee3b371b582809e51d1bea9b2f167605a9e163e944
TR-26289,2024-10-14,2024-10-01,FIN,1000133,DESPESA,2339.513607076926,2339.513607076926,BRL,Serviço especializado solicitado por FIN,1,TED,PAGO,cd84a39c-feaa-44f3-8973-81bec6fbb53e,2024-11-05,ERP_CORPORATIVO,TRANSACOES_FINANCEIRAS,26289,bd2a35bc0205b54390ee8f1bf353c90aaa46edc1e3d9b6140c58925ccf04395e
TR-26290,2024-10-16,2024-10-01,PES,1000133,DESPESA,2222.6527237187224,2128.650052981393,BRL,Receita de aluguel creditada em PES,31,TRANSFERENCIA,PAGO,cd84a39c-feaa-44f3-8973-81bec6fbb53e,2024-11-05,ERP_CORPORATIVO,TRANSACOES_FINANCEIRAS,26290,a14e93225471d709e691d5c91e22413562ce452e16140c6537406f78a0fda996
TR-26291,2024-10-16,2024-10-01,COM,1000133,RECEITA,2016.339762080693,2016.339762080693,USD,Reparo e conservação de instalações - COM,10,CARTAO,ATRASADO,cd84a39c-feaa-44f3-8973-81bec6fbb53e,2024-11-05,ERP_CORPORATIVO,TRANSACOES_FINANCEIRAS,26291,af770de898b7629e6ad9f608ce153ccac580c71867b720de6c6fc2afb7ee3486
TR-26292,2024-10-03,2024-10-01,OP,1000133,RECEITA,2428.415307356892,2428.415307356892,BRL,Atendimento de TI requisitado por OP,29,TED,PAGO,cd84a39c-feaa-44f3-8973-81bec6fbb53e,2024-11-05,ERP_CORPORATIVO,TRANSACOES_FINANCEIRAS,26292,918081c7c6f9d649eb701031cc6f5a3ef8b74dac0ae272e815a41450174544f8
TR-26293,2024-10-18,2024-10-01,COMP,1000133,RECEITA,2312.1145959330875,2312.1145959330875,BRL,Campanha institucional - COMP,4,TED,CANCELADO,cd84a39c-feaa-44f3-8973-81bec6fbb53e,2024-11-05,ERP_CORPORATIVO,TRANSACOES_FINANCEIRAS,26293,445f629cee80173ffcc0214013285bdf63bce99ad5d95ee87b9595e95f969f43
TR-26294,2024-10-21,2024-10-01,OP,1000133,RECEITA,1772.1338727975397,1772.1338727975397,BRL,Material de marketing solicitado por OP,15,TRANSFERENCIA,ATRASADO,cd84a39c-feaa-44f3-8973-81bec6fbb53e,2024-11-05,ERP_CORPORATIVO,TRANSACOES_FINANCEIRAS,26294,81581fa588bb0b0be8d3e65b7a86fb83d020b969b4fc7bd82d709d736c773373
TR-26295,2024-10-08,2024-10-01,VND,1000133,DESPESA,1885.5717715952042,1885.5717715952042,BRL,Capacitação profissional vinculada a VND,30,TRANSFERENCIA,PAGO,cd84a39c-feaa-44f3-8973-81bec6fbb53e,2024-11-05,ERP_CORPORATIVO,TRANSACOES_FINANCEIRAS,26295,648092f1227ba4b7331c3c7c8d799e68ca0e21468c8c44dd64af2a432583ffe0
TR-26296,2024-10-17,2024-10-01,FIN,1000133,DESPESA,2322.2503146465397,2322.2503146465397,BRL,Prestação de serviço para área FIN,1,BOLETO,ATRASADO,cd84a39c-feaa-44f3-8973-81bec6fbb53e,2024-11-05,ERP_CORPORATIVO,TRANSACOES_FINANCEIRAS,26296,c61faafcf2207b8dc14c05eaad5adfbd9fef8663badc721f2f1e09db656eb56c
TR-26297,2024-10-24,2024-10-01,COMP,1000133,RECEITA,2063.2677384889444,2063.2677384889444,BRL,Despesa de infraestrutura - COMP,3,BOLETO,PAGO,cd84a39c-feaa-44f3-8973-81bec6fbb53e,2024-11-05,ERP_CORPORATIVO,TRANSACOES_FINANCEIRAS,26297,835ef890b999e219e7f9b27b03efca10235c34d9c8e96dd9e0c02800724c1303
TR-26298,2024-10-17,2024-10-01,COMP,1000133,DESPESA,2020.9203591061307,2020.9203591061307,BRL,Seguro contratado pela área COMP,21,TRANSFERENCIA,ATRASADO,cd84a39c-feaa-44f3-8973-81bec6fbb53e,2024-11-05,ERP_CORPORATIVO,TRANSACOES_FINANCEIRAS,26298,0ddb44084b2a72984351372ba02ad3928a72951cbf8345ecde7662da3ae0d77b
TR-26299,2024-10-08,2024-10-01,ESG,1000133,RECEITA,2219.1076426979316,2219.1076426979316,BRL,Juros sobre operação financeira - ESG,23,TED,PAGO,cd84a39c-feaa-44f3-8973-81bec6fbb53e,2024-11-05,ERP_CORPORATIVO,TRANSACOES_FINANCEIRAS,26299,86dd70b8fe5f71b65fded0726e0ec34d0cad35b2a3d321220f1cd0a836894372
TR-26300,2024-10-07,2024-10-01,COMP,1000133,DESPESA,2320.6107797750283,2320.6107797750283,BRL,Contrato de serviço - setor COMP,1,TRANSFERENCIA,PAGO,cd84a39c-feaa-44f3-8973-81bec6fbb53e,2024-11-05,ERP_CORPORATIVO,TRANSACOES_FINANCEIRAS,26300,6aff8be98597d5c3898de65b4ea2658a05e64b359c57b9912de78299b99bbaed
TR-26301,2024-10-09,2024-10-01,FIN,1000133,RECEITA,2587.141981851319,2460.8477599675894,BRL,Receita de aluguel creditada em FIN,31,TRANSFERENCIA,PAGO,cd84a39c-feaa-44f3-8973-81bec6fbb53e,2024-11-05,ERP_CORPORATIVO,TRANSACOES_FINANCEIRAS,26301,b67849ce45be697e76fa93bcd95ae5e92fb9e92da6762995209729c78b7c1288
TR-26302,2024-10-14,2024-10-01,OP,1000133,DESPESA,4610.834562671803,4559.797434845142,BRL,Material de marketing solicitado por OP,15,BOLETO,PAGO,cd84a39c-feaa-44f3-8973-81bec6fbb53e,2024-11-05,ERP_CORPORATIVO,TRANSACOES_FINANCEIRAS,26302,bdfeaa31853ac8ab3b65e60d74a91a1e6e0935ca5f0e3ddf41ba54cc62dd0bbb
TR-26515,2024-10-07,2024-10-01,OP,1000134,DESPESA,3051.5836503991686,3051.5836503991686,BRL,Serviço de tecnologia contratado por OP,5,PIX,PAGO,cd84a39c-feaa-44f3-8973-81bec6fbb53e,2024-11-05,ERP_CORPORATIVO,TRANSACOES_FINANCEIRAS,26515,8a1a8a33b0e9e6fb39091d28a7e281c7847061ef0041ecfa4e0640519a24e013
TR-26516,2024-10-18,2024-10-01,MKT,1000134,DESPESA,1118.9772586496745,1100.566252355038,BRL,Despesa operacional - MKT,8,TED,ATRASADO,cd84a39c-feaa-44f3-8973-81bec6fbb53e,2024-11-05,ERP_CORPORATIVO,TRANSACOES_FINANCEIRAS,26516,ff16cd55ea33398abc9bd324e392ee8706dc2533291c3ab34fe9621b7cbd199c
TR-26517,2024-10-11,2024-10-01,ATD,1000134,RECEITA,1209.5682540564724,1209.5682540564724,BRL,Custo operacional associado a ATD,8,TED,PAGO,cd84a39c-feaa-44f3-8973-81bec6fbb53e,2024-11-05,ERP_CORPORATIVO,TRANSACOES_FINANCEIRAS,26517,e8c5848284a28beca33f32c5af8c46d787a974c4ea157ac2b44d3a0a25516c94
TR-26518,2024-10-25,2024-10-01,OP,1000134,DESPESA,1271.7196534500936,1271.7196534500936,BRL,Serviço de telefonia e internet - OP,9,PIX,PAGO,cd84a39c-feaa-44f3-8973-81bec6fbb53e,2024-11-05,ERP_CORPORATIVO,TRANSACOES_FINANCEIRAS,26518,6c1d4b871ffdbe02cd268b1a7b0bf2798549ff8a12ce281fe6b6baecc6731cd1
TR-26519,2024-10-14,2024-10-01,FIN,1000134,DESPESA,1242.4192572263514,1242.4192572263514,BRL,Serviço técnico especializado para FIN,11,TED,ATRASADO,cd84a39c-feaa-44f3-8973-81bec6fbb53e,2024-11-05,ERP_CORPORATIVO,TRANSACOES_FINANCEIRAS,26519,90847952ca9d260ec93ba6b65393d207aa55b013263e2027de16eb09e002986a
TR-26520,2024-10-21,2024-10-01,CPT,1000134,RECEITA,1351.7895644193768,1351.7895644193768,BRL,Produção de material gráfico - CPT,15,TRANSFERENCIA,CANCELADO,cd84a39c-feaa-44f3-8973-81bec6fbb53e,2024-11-05,ERP_CORPORATIVO,TRANSACOES_FINANCEIRAS,26520,3562c736316c57d6afad46dcdee79458b93cefdac6ca8fef6e6ed327422410d4
TR-26521,2024-10-10,2024-10-01,OP,1000134,RECEITA,1020.7106460334223,1020.7106460334223,BRL,Serviço de tecnologia contratado por OP,5,BOLETO,PAGO,cd84a39c-feaa-44f3-8973-81bec6fbb53e,2024-11-05,ERP_CORPORATIVO,TRANSACOES_FINANCEIRAS,26521,b52640a5780e71b8725e9f09c237322ccf613d85cefa2e75edca3e7b059644b4
TR-26522,2024-10-28,2024-10-01,LOG,1000134,DESPESA,1377.6399350593792,1377.6399350593792,BRL,Resultado de equivalência patrimonial - LOG,34,BOLETO,PAGO,cd84a39c-feaa-44f3-8973-81bec6fbb53e,2024-11-05,ERP_CORPORATIVO,TRANSACOES_FINANCEIRAS,26522,2b312e1eb499ead9981079f4683e83b5e14b534ce3a69bb7ba472a125143a9b0
TR-26523,2024-10-14,2024-10-01,ADM,1000134,RECEITA,1107.4143919887258,1107.4143919887258,BRL,Seguro contratado pela área ADM,21,TED,PAGO,cd84a39c-feaa-44f3-8973-81bec6fbb53e,2024-11-05,ERP_CORPORATIVO,TRANSACOES_FINANCEIRAS,26523,63a05976c1d087b1ef3981662c93cac3c87c7a77b1caf2a6c615f9be2fb7f6b4
TR-26524,2024-10-28,2024-10-01,OP,1000134,DESPESA,1051.8347267195334,1051.8347267195334,BRL,Aquisição de material operacional - OP,2,BOLETO,PAGO,cd84a39c-feaa-44f3-8973-81bec6fbb53e,2024-11-05,ERP_CORPORATIVO,TRANSACOES_FINANCEIRAS,26524,8a5dd3d83972a4a75cbcd662b8c20a7642eca4b71b81428e2fc664c62780de5a
TR-26525,2024-10-21,2024-10-01,OP,1000134,DESPESA,1319.2943464654034,1319.2943464654034,BRL,Reparo de hardware solicitado por OP,28,TRANSFERENCIA,PAGO,cd84a39c-feaa-44f3-8973-81bec6fbb53e,2024-11-05,ERP_CORPORATIVO,TRANSACOES_FINANCEIRAS,26525,c854dde2201bf843c0be5ca613d8325c2f69c6322921709ee98ff711b415a9e5
TR-26526,2024-10-09,2024-10-01,TI,1000134,DESPESA,1064.1242767580368,1064.1242767580368,BRL,Compra de insumos para setor TI,2,TED,PAGO,cd84a39c-feaa-44f3-8973-81bec6fbb53e,2024-11-05,ERP_CORPORATIVO,TRANSACOES_FINANCEIRAS,26526,a4b3d11ee8bf94297763b91a2e8698c69aafdcde27bf8f61cdb204c9d33089c7
TR-26527,2024-10-24,2024-10-01,SEC,1000134,DESPESA,1369.9253892753027,1369.9253892753027,BRL,Compra de insumos para setor SEC,2,TRANSFERENCIA,PAGO,cd84a39c-feaa-44f3-8973-81bec6fbb53e,2024-11-05,ERP_CORPORATIVO,TRANSACOES_FINANCEIRAS,26527,0e962a56a2fa09c1aad778c68d2f124fd7e900a37e3283ea258638a7da2321d6
TR-26805,2024-10-16,2024-10-01,RH,FORN-00136,DESPESA,1412.1875424550094,1412.1875424550094,BRL,Contrato de consultoria externa - RH,12,PIX,ATRASADO,cd84a39c-feaa-44f3-8973-81bec6fbb53e,2024-11-05,ERP_CORPORATIVO,TRANSACOES_FINANCEIRAS,26805,cca123da39d907c7a3e3c6140eb6b608ca8073f925e7507e3d9aca2cea33ba61
TR-26806,2024-10-16,2024-10-01,RH,FORN-00136,DESPESA,1666.2054726102072,1666.2054726102072,BRL,Contrato de conectividade para área RH,9,CARTAO,PAGO,cd84a39c-feaa-44f3-8973-81bec6fbb53e,2024-11-05,ERP_CORPORATIVO,TRANSACOES_FINANCEIRAS,26806,351f25cec0291d0fabf89b27cde606729a4777b1fe63133da399e6cf698aebef
TR-26807,2024-10-07,2024-10-01,SEC,FORN-00136,RECEITA,1540.364697369481,1540.364697369481,BRL,Comissão recebida por SEC,33,TED,PAGO,cd84a39c-feaa-44f3-8973-81bec6fbb53e,2024-11-05,ERP_CORPORATIVO,TRANSACOES_FINANCEIRAS,26807,9b9abb01723140267a799432a1ba45ff3b1a946a7515ba07852316a76960bb74
TR-26808,2024-10-16,2024-10-01,ESG,FORN-00136,DESPESA,1205.9758228355406,1154.211492169104,BRL,Compra de insumos para setor ESG,2,TED,PAGO,cd84a39c-feaa-44f3-8973-81bec6fbb53e,2024-11-05,ERP_CORPORATIVO,TRANSACOES_FINANCEIRAS,26808,189fdf8cf0791dcbcd69e40a330eae6cfc80dc5ad5e8b2bcbe3b7176a3978aa8
TR-26809,2024-10-18,2024-10-01,QAS,FORN-00136,RECEITA,1545.7351063184083,1545.7351063184083,BRL,Compra de insumos para setor QAS,2,TRANSFERENCIA,PAGO,cd84a39c-feaa-44f3-8973-81bec6fbb53e,2024-11-05,ERP_CORPORATIVO,TRANSACOES_FINANCEIRAS,26809,2c65651d059d754e6178e9b7b2cbc58002e5c88524ac4b82a398f75b42314a2f
TR-26810,2024-10-10,2024-10-01,COM,FORN-00136,DESPESA,1409.1908050135696,1344.5764256410637,USD,Contrato de conectividade para área COM,9,PIX,PAGO,cd84a39c-feaa-44f3-8973-81bec6fbb53e,2024-11-05,ERP_CORPORATIVO,TRANSACOES_FINANCEIRAS,26810,98cf7921076e367fbaf1e188c09ebfa6eccd3138d650d43afc4b3b8a80e8eb77
TR-26811,2024-10-03,2024-10-01,COM,FORN-00136,DESPESA,1279.9754959891543,1279.9754959891543,BRL,Apólice de seguro - COM,21,TRANSFERENCIA,PAGO,cd84a39c-feaa-44f3-8973-81bec6fbb53e,2024-11-05,ERP_CORPORATIVO,TRANSACOES_FINANCEIRAS,26811,846223d56b1c50517160b82980996217ac434ee8e43f5947c872cd7b5bcc3bc0
TR-26812,2024-10-15,2024-10-01,COM,FORN-00136,DESPESA,1650.996219002081,1650.996219002081,BRL,Direitos de propriedade intelectual - COM,32,PIX,CANCELADO,cd84a39c-feaa-44f3-8973-81bec6fbb53e,2024-11-05,ERP_CORPORATIVO,TRANSACOES_FINANCEIRAS,26812,f14b1747bf8537164465c5e1f0d8c1485e65f48e3f2d27831ab9d814895f9550
TR-26813,2024-10-07,2024-10-01,COMP,FORN-00136,DESPESA,1390.09080228047,1390.09080228047,BRL,Custo operacional associado a COMP,8,BOLETO,PAGO,cd84a39c-feaa-44f3-8973-81bec6fbb53e,2024-11-05,ERP_CORPORATIVO,TRANSACOES_FINANCEIRAS,26813,ad160038becebbebb46caee0f332a83546e011dea80016ce6ccfbe750c471257
TR-26814,2024-10-11,2024-10-01,PES,FORN-00136,RECEITA,1540.2747965421318,1511.4301711416076,BRL,Contrato de serviço - setor PES,1,PIX,ATRASADO,cd84a39c-feaa-44f3-8973-81bec6fbb53e,2024-11-05,ERP_CORPORATIVO,TRANSACOES_FINANCEIRAS,26814,fc34eefb13cd33ab6743adf7f8923840f94c3d22a9b08c56d00524e31d6fcbb8
TR-26815,2024-10-15,2024-10-01,MKT,FORN-00136,RECEITA,1644.9444918132338,1644.9444918132338,BRL,Prestação de serviço para área MKT,1,PIX,PAGO,cd84a39c-feaa-44f3-8973-81bec6fbb53e,2024-11-05,ERP_CORPORATIVO,TRANSACOES_FINANCEIRAS,26815,50adaee6aba044c61addf80c8e84a50ea168297329643dfd439942f816f0005c
TR-26816,2024-10-04,2024-10-01,FIN,FORN-00136,DESPESA,1464.4473710519153,1464.4473710519153,BRL,Seguro contratado pela área FIN,21,TRANSFERENCIA,PAGO,cd84a39c-feaa-44f3-8973-81bec6fbb53e,2024-11-05,ERP_CORPORATIVO,TRANSACOES_FINANCEIRAS,26816,12245538d2e791b3861cf30ce551bf6c7077deec48a2e4cb7ac866204ffca367
TR-26817,2024-10-24,2024-10-01,OP,FORN-00136,DESPESA,1538.557566084871,1498.2496659800915,BRL,Reparo e conservação de instalações - OP,10,TED,PAGO,cd84a39c-feaa-44f3-8973-81bec6fbb53e,2024-11-05,ERP_CORPORATIVO,TRANSACOES_FINANCEIRAS,26817,e9b5a84ca210e154ff7833b0ce652311ef501d7fc582dd1eeb9c55ae271515bc
TR-27335,2024-10-09,2024-10-01,OP,FORN-00138,DESPESA,1534.1638025322986,1534.1638025322986,BRL,Publicidade institucional - OP,13,BOLETO,PAGO,cd84a39c-feaa-44f3-8973-81bec6fbb53e,2024-11-05,ERP_CORPORATIVO,TRANSACOES_FINANCEIRAS,27335,e775f1fc2426e30cfdaf99f88ebaf24242def2689fdc290ef221b15d065cb33f
TR-27336,2024-10-17,2024-10-01,QAS,FORN-00138,RECEITA,1401.4817430155344,1401.4817430155344,BRL,Doação recebida em favor de QAS,36,TRANSFERENCIA,PAGO,cd84a39c-feaa-44f3-8973-81bec6fbb53e,2024-11-05,ERP_CORPORATIVO,TRANSACOES_FINANCEIRAS,27336,a344e331587b81bd10cea979e7504c69ddf7d9297abc44ebd08819a84de459b0
TR-27337,2024-10-21,2024-10-01,ATD,FORN-00138,DESPESA,1356.4271721337088,1356.4271721337088,BRL,Promoção e atividade externa - ATD,14,TED,PAGO,cd84a39c-feaa-44f3-8973-81bec6fbb53e,2024-11-05,ERP_CORPORATIVO,TRANSACOES_FINANCEIRAS,27337,81022bc01d81fc4c19ffb763a75aca630c6bd931f390a212bee43e6a37f1bc18
TR-27338,2024-10-08,2024-10-01,MKT,FORN-00138,DESPESA,1471.6861434112168,1421.9459144108387,BRL,Serviço de tecnologia contratado por MKT,5,PIX,PAGO,cd84a39c-feaa-44f3-8973-81bec6fbb53e,2024-11-05,ERP_CORPORATIVO,TRANSACOES_FINANCEIRAS,27338,fbd17d7eb0505da327b61a48db6ab1d8234dcd7ba31ed5d26eb4a927f1d9bb36
TR-27339,2024-10-14,2024-10-01,FIN,FORN-00138,DESPESA,1354.1530827829697,1354.1530827829697,BRL,Suporte técnico para sistemas de FIN,29,PIX,PAGO,cd84a39c-feaa-44f3-8973-81bec6fbb53e,2024-11-05,ERP_CORPORATIVO,TRANSACOES_FINANCEIRAS,27339,ff324f2ff4a0eae087684519a340513d9874803247f4b8d871b145221cf2c104
TR-27340,2024-10-11,2024-10-01,ADM,FORN-00138,DESPESA,1294.903118285461,1294.903118285461,BRL,Passagem aérea para colaborador de ADM,18,TED,ATRASADO,cd84a39c-feaa-44f3-8973-81bec6fbb53e,2024-11-05,ERP_CORPORATIVO,TRANSACOES_FINANCEIRAS,27340,7080cce45c300a87bc076bb5481626458a4c1d10f27ed00571463e63f18f3a36
TR-27341,2024-10-09,2024-10-01,ADM,FORN-00138,DESPESA,1185.9545222746308,1185.9545222746308,USD,Investimento em marketing corporativo (ADM),4,BOLETO,PAGO,cd84a39c-feaa-44f3-8973-81bec6fbb53e,2024-11-05,ERP_CORPORATIVO,TRANSACOES_FINANCEIRAS,27341,4ebe054b3fa4043a5bd47fab348c2b5c2e55e2ea226026caa5df90664998309e
TR-27342,2024-10-15,2024-10-01,RH,FORN-00138,DESPESA,1310.2442020414737,1263.0813688261776,BRL,Recebimento de subvenção - RH,36,TRANSFERENCIA,PAGO,cd84a39c-feaa-44f3-8973-81bec6fbb53e,2024-11-05,ERP_CORPORATIVO,TRANSACOES_FINANCEIRAS,27342,9465a74bc6b814ba730b071dad2c96a9d265424b8f8fd934d65a4bd45e2f8e85
TR-27343,2024-10-14,2024-10-01,OP,FORN-00138,DESPESA,1788.5338322620757,1788.5338322620757,BRL,Custo operacional associado a OP,8,TED,PAGO,cd84a39c-feaa-44f3-8973-81bec6fbb53e,2024-11-05,ERP_CORPORATIVO,TRANSACOES_FINANCEIRAS,27343,7af6ef5084d66618e6a5fe2776370e353da3b7f3ed80e43e453ab5299fe81ce4
TR-27344,2024-10-18,2024-10-01,ATD,FORN-00138,DESPESA,1398.679548855829,1372.7820589919772,BRL,Aquisição de material operacional - ATD,2,TED,PAGO,cd84a39c-feaa-44f3-8973-81bec6fbb53e,2024-11-05,ERP_CORPORATIVO,TRANSACOES_FINANCEIRAS,27344,b5d0b40a52ff8abb767bcc11d710898cf2cb1f4bb82bf395af43e562b8772ec7
TR-27345,2024-10-15,2024-10-01,ATD,FORN-00138,DESPESA,1258.8822588708747,1258.8822588708747,BRL,Alienação de bem patrimonial - ATD,35,TED,PAGO,cd84a39c-feaa-44f3-8973-81bec6fbb53e,2024-11-05,ERP_CORPORATIVO,TRANSACOES_FINANCEIRAS,27345,dfa4352a903a1ad296ceb8b817b8ddbab3a2b6a169627c3f89b3faea371adb5f
TR-27346,2024-10-25,2024-10-01,LOG,FORN-00138,RECEITA,1581.887240698502,1505.414117876269,BRL,Licenciamento de software - LOG,5,TED,PAGO,cd84a39c-feaa-44f3-8973-81bec6fbb53e,2024-11-05,ERP_CORPORATIVO,TRANSACOES_FINANCEIRAS,27346,c049d9aba5d38a6abb7cff31df1b496b7058f470148c3a9469611e6343d8c392
TR-27469,2024-10-21,2024-10-01,OP,1000138,RECEITA,3611.7086234121375,3611.7086234121375,BRL,Compra de insumos para setor OP,2,TED,PAGO,cd84a39c-feaa-44f3-8973-81bec6fbb53e,2024-11-05,ERP_CORPORATIVO,TRANSACOES_FINANCEIRAS,27469,6c35a0b7718abddf2e400ad8d4114997a97afbb11a7924ea437e334632102666
TR-27470,2024-10-17,2024-10-01,JUR,1000138,DESPESA,4212.139423216587,4212.139423216587,BRL,Contrato de consultoria externa - JUR,12,BOLETO,PAGO,cd84a39c-feaa-44f3-8973-81bec6fbb53e,2024-11-05,ERP_CORPORATIVO,TRANSACOES_FINANCEIRAS,27470,e6fb34513f411f86b22ac6da4ce75be5ef12acd3b934e19bf52260be887cae20
TR-27471,2024-10-21,2024-10-01,OP,1000138,DESPESA,4754.251130430961,4754.251130430961,BRL,Prestação de serviço para área OP,1,TRANSFERENCIA,CANCELADO,cd84a39c-feaa-44f3-8973-81bec6fbb53e,2024-11-05,ERP_CORPORATIVO,TRANSACOES_FINANCEIRAS,27471,674b7ecb7f58dc541d53a4fd3769a0230d5987172b59dd160b7150a43d869ecd
TR-27472,2024-10-28,2024-10-01,CTB,1000138,DESPESA,3561.2646318789366,3561.2646318789366,BRL,Apólice de seguro - CTB,21,BOLETO,PAGO,cd84a39c-feaa-44f3-8973-81bec6fbb53e,2024-11-05,ERP_CORPORATIVO,TRANSACOES_FINANCEIRAS,27472,a0a3f73ea06c54045e0a26aa27b9d8f3e0d9163f0c6d0a0690654006ee8d484b
TR-27473,2024-10-21,2024-10-01,OP,1000138,RECEITA,3580.9800667935274,3580.9800667935274,BRL,Renovação de certificados digitais - OP,26,PIX,PAGO,cd84a39c-feaa-44f3-8973-81bec6fbb53e,2024-11-05,ERP_CORPORATIVO,TRANSACOES_FINANCEIRAS,27473,8965b48109c562d38923ad8ab8d2f4f6f26d4044b0be809935473e7e18bfd850
TR-27474,2024-10-21,2024-10-01,PES,1000138,RECEITA,3715.0023452208475,3715.0023452208475,BRL,Alienação de bem patrimonial - PES,35,TED,PAGO,cd84a39c-feaa-44f3-8973-81bec6fbb53e,2024-11-05,ERP_CORPORATIVO,TRANSACOES_FINANCEIRAS,27474,a9cf1d5810233745d774f8674e093eec534ed81c0a90fb42b59442561b8c89a6
TR-27475,2024-10-21,2024-10-01,COM,1000138,RECEITA,3266.571092426244,3266.571092426244,BRL,Recebimento de subvenção - COM,36,BOLETO,PAGO,cd84a39c-feaa-44f3-8973-81bec6fbb53e,2024-11-05,ERP_CORPORATIVO,TRANSACOES_FINANCEIRAS,27475,532b7d9ce3bd8833bb666f56d2e73855499bd851eea316eb5c166acfcdc11492
TR-27476,2024-10-09,2024-10-01,VND,1000138,DESPESA,3951.8751470980383,3951.8751470980383,BRL,Campanha institucional - VND,4,BOLETO,CANCELADO,cd84a39c-feaa-44f3-8973-81bec6fbb53e,2024-11-05,ERP_CORPORATIVO,TRANSACOES_FINANCEIRAS,27476,b8fa38d2b49ad23d3342cb038c5c35fa435c8b59f74d996ee71bb0ad666ef4bb
TR-27477,2024-10-09,2024-10-01,TI,1000138,DESPESA,3819.3410841763985,3643.8107746946166,BRL,Seguro contratado pela área TI,21,TRANSFERENCIA,PAGO,cd84a39c-feaa-44f3-8973-81bec6fbb53e,2024-11-05,ERP_CORPORATIVO,TRANSACOES_FINANCEIRAS,27477,25f145a4f332e0964480005f5b3e5cacb1389b4dca9222c5b3901f7a5f9c8a4e
TR-27478,2024-10-25,2024-10-01,COM,1000138,DESPESA,3805.132067391974,3805.132067391974,BRL,Manutenção estrutural vinculada à área COM,3,BOLETO,PAGO,cd84a39c-feaa-44f3-8973-81bec6fbb53e,2024-11-05,ERP_CORPORATIVO,TRANSACOES_FINANCEIRAS,27478,ea349fa8e37e958b39553eb0dfdbc22fd95ee0cf1b456eb81a8913c6ade7cbcc
TR-27479,2024-10-07,2024-10-01,QAS,1000138,DESPESA,3114.588562251041,3114.588562251041,BRL,Manutenção estrutural vinculada à área QAS,3,PIX,PAGO,cd84a39c-feaa-44f3-8973-81bec6fbb53e,2024-11-05,ERP_CORPORATIVO,TRANSACOES_FINANCEIRAS,27479,2f7b88bdf842cf2efd2b785ae0fffcb31197d9ed6629df2edc843a8fc0c86205
TR-27480,2024-10-25,2024-10-01,ESG,1000138,RECEITA,2989.784578117242,2989.784578117242,USD,Aquisição de material operacional - ESG,2,BOLETO,PAGO,cd84a39c-feaa-44f3-8973-81bec6fbb53e,2024-11-05,ERP_CORPORATIVO,TRANSACOES_FINANCEIRAS,27480,b5b2f9db0e5a9067845370ecff44c131ab7ce6d591ac863b9e2dd6dca3b705ae
TR-27481,2024-10-14,2024-10-01,COMP,1000138,DESPESA,3613.344818645109,3613.344818645109,BRL,Serviço relacionado a recursos humanos (COMP),6,BOLETO,ATRASADO,cd84a39c-feaa-44f3-8973-81bec6fbb53e,2024-11-05,ERP_CORPORATIVO,TRANSACOES_FINANCEIRAS,27481,fdbbe4b30886897da5e45cbf837bc569385456ef7a84414b45f951c81104b5c6
TR-27482,2024-10-02,2024-10-01,CPT,1000138,DESPESA,4005.025130622915,4005.025130622915,BRL,Estorno de receita - CPT,39,PIX,CANCELADO,cd84a39c-feaa-44f3-8973-81bec6fbb53e,2024-11-05,ERP_CORPORATIVO,TRANSACOES_FINANCEIRAS,27482,63ad757adac809b3664881d36d0b4e846c863992a931a90fc116aa6c0566ca84
TR-27753,2024-10-23,2024-10-01,QAS,ACC-00140,RECEITA,2627.6243515669603,2627.6243515669603,BRL,Suporte técnico para sistemas de QAS,29,TED,PAGO,cd84a39c-feaa-44f3-8973-81bec6fbb53e,2024-11-05,ERP_CORPORATIVO,TRANSACOES_FINANCEIRAS,27753,a6fc6aa541392bca91ffac2a8f5759bf5a145744f1d601c472fd16ddf0c1c03b
TR-27754,2024-10-14,2024-10-01,COM,ACC-00140,DESPESA,2711.642802123059,2711.642802123059,BRL,Serviço de tecnologia contratado por COM,5,BOLETO,PAGO,cd84a39c-feaa-44f3-8973-81bec6fbb53e,2024-11-05,ERP_CORPORATIVO,TRANSACOES_FINANCEIRAS,27754,240487b097a018e905bb893428747dd013db8418e72b3570565596934168a1aa
TR-27755,2024-10-11,2024-10-01,RH,ACC-00140,DESPESA,2782.8742961221,2655.885772769624,BRL,Renovação de certificados digitais - RH,26,PIX,PAGO,cd84a39c-feaa-44f3-8973-81bec6fbb53e,2024-11-05,ERP_CORPORATIVO,TRANSACOES_FINANCEIRAS,27755,e8799eba0fe15bc138e62b8d337aca1a4222304a9a13034cd17578cb3fcfb730
TR-27756,2024-10-23,2024-10-01,OP,ACC-00140,DESPESA,2505.9132516249633,2505.9132516249633,BRL,Despesa operacional - OP,8,CARTAO,PAGO,cd84a39c-feaa-44f3-8973-81bec6fbb53e,2024-11-05,ERP_CORPORATIVO,TRANSACOES_FINANCEIRAS,27756,3d5af897aea8ced2484715b294f80caaaaf7da589ad38176cefc6dff02a71bcd
TR-27757,2024-10-16,2024-10-01,FIN,ACC-00140,RECEITA,2800.381089440269,2690.0245952644495,BRL,Custo operacional associado a FIN,8,PIX,PAGO,cd84a39c-feaa-44f3-8973-81bec6fbb53e,2024-11-05,ERP_CORPORATIVO,TRANSACOES_FINANCEIRAS,27757,2580d632c66e73da4eb267f62a20a4288e0b7a92d611df53af4d1dc452e02783
TR-27758,2024-10-10,2024-10-01,VND,ACC-00140,RECEITA,2643.2942087528036,2549.30352169344,BRL,Comissão recebida por VND,33,TED,PAGO,cd84a39c-feaa-44f3-8973-81bec6fbb53e,2024-11-05,ERP_CORPORATIVO,TRANSACOES_FINANCEIRAS,27758,d786720228acab077f4fe5b19a6608e835371b1686cc714e98ccd451036be926
TR-27759,2024-10-11,2024-10-01,PJT,ACC-00140,DESPESA,3094.2154521500174,3094.2154521500174,BRL,Venda de ativo imobilizado por PJT,35,PIX,PAGO,cd84a39c-feaa-44f3-8973-81bec6fbb53e,2024-11-05,ERP_CORPORATIVO,TRANSACOES_FINANCEIRAS,27759,82d2f9f66b012aecd02f256ee8b3c76d642608acb94b616a076dc3561a63b807
TR-27760,2024-10-07,2024-10-01,MKT,ACC-00140,RECEITA,2131.0616963209113,2131.0616963209113,BRL,Manutenção estrutural vinculada à área MKT,3,TRANSFERENCIA,ATRASADO,cd84a39c-feaa-44f3-8973-81bec6fbb53e,2024-11-05,ERP_CORPORATIVO,TRANSACOES_FINANCEIRAS,27760,28f227dc05b4680d037847600b61ea32caa34cb64412040ecc8bc41d459dd578
TR-27761,2024-10-18,2024-10-01,TI,ACC-00140,DESPESA,2819.4306152097665,2767.949410781748,BRL,Tarifas de serviços financeiros - TI,22,TED,PAGO,cd84a39c-feaa-44f3-8973-81bec6fbb53e,2024-11-05,ERP_CORPORATIVO,TRANSACOES_FINANCEIRAS,27761,2249b2a271f49c1e260871ac3bf248237d2c986ab65fa0a3d183af4dde6e350f
TR-28177,2024-10-21,2024-10-01,CPT,FORN-00142,RECEITA,3568.992735239995,3395.0708382566386,BRL,Compra de insumos para setor CPT,2,TED,PAGO,cd84a39c-feaa-44f3-8973-81bec6fbb53e,2024-11-05,ERP_CORPORATIVO,TRANSACOES_FINANCEIRAS,28177,d2fd9e1e5408b211386511a94817a5075f2d5c5a35648556130e3c7010f9a270
TR-28178,2024-10-10,2024-10-01,SEC,FORN-00142,DESPESA,4255.77479542332,4255.77479542332,BRL,Manutenção predial solicitada por SEC,10,TED,PAGO,cd84a39c-feaa-44f3-8973-81bec6fbb53e,2024-11-05,ERP_CORPORATIVO,TRANSACOES_FINANCEIRAS,28178,8c6d68a3a901fdb3baddc131c4557af2d446b994d0e8184117e57d79fd891456
TR-28179,2024-10-16,2024-10-01,FIN,FORN-00142,DESPESA,4039.3825922647393,3886.984033085739,BRL,Assessoria contábil prestada a FIN,25,BOLETO,PAGO,cd84a39c-feaa-44f3-8973-81bec6fbb53e,2024-11-05,ERP_CORPORATIVO,TRANSACOES_FINANCEIRAS,28179,dd436f5966b93fc47f03f9a12816ef53599ab75d6919d17b70fc26a081f17208
TR-28180,2024-10-11,2024-10-01,COM,FORN-00142,DESPESA,3413.0353824557933,3272.737843267921,BRL,Despesa operacional - COM,8,PIX,PAGO,cd84a39c-feaa-44f3-8973-81bec6fbb53e,2024-11-05,ERP_CORPORATIVO,TRANSACOES_FINANCEIRAS,28180,ef1d054e1a38f11916968eacb820b1f2c17b786f077f0eb505e8ef62272c315b
TR-28181,2024-10-14,2024-10-01,ESG,FORN-00142,DESPESA,3771.707909092789,3659.640928981566,BRL,Assessoria contábil prestada a ESG,25,TED,ATRASADO,cd84a39c-feaa-44f3-8973-81bec6fbb53e,2024-11-05,ERP_CORPORATIVO,TRANSACOES_FINANCEIRAS,28181,96ab62dffadbe76e7f4a2fb2588d9891892cf71e4de9f2459c620c7d6d6c317c
TR-28182,2024-10-21,2024-10-01,COM,FORN-00142,RECEITA,3690.5661667671384,3690.5661667671384,BRL,Participação nos resultados vinculada a COM,34,TED,PAGO,cd84a39c-feaa-44f3-8973-81bec6fbb53e,2024-11-05,ERP_CORPORATIVO,TRANSACOES_FINANCEIRAS,28182,e5cf334d6130189b8ab97ecec3c26036b56246aeed5d0064eb65b5ab0d10f9b2
TR-28183,2024-10-10,2024-10-01,PES,FORN-00142,RECEITA,7211.3863267634415,7105.5114305636325,BRL,Viagem corporativa - PES,18,PIX,ATRASADO,cd84a39c-feaa-44f3-8973-81bec6fbb53e,2024-11-05,ERP_CORPORATIVO,TRANSACOES_FINANCEIRAS,28183,c0049580562b3e2ab7f0d6c335af71bcc0156b62b3bb5262569da38af01b5dc2
TR-28184,2024-10-01,2024-10-01,LOG,FORN-00142,DESPESA,4409.6184361895375,4409.6184361895375,BRL,Produção de material gráfico - LOG,15,TRANSFERENCIA,PAGO,cd84a39c-feaa-44f3-8973-81bec6fbb53e,2024-11-05,ERP_CORPORATIVO,TRANSACOES_FINANCEIRAS,28184,a17c6f06aa264ab431893601cb8a61bb916123f6595ecec6692877cae2738b6d
TR-28185,2024-10-17,2024-10-01,QAS,FORN-00142,RECEITA,3992.8755305606746,3992.8755305606746,BRL,Campanha institucional - QAS,4,TED,PAGO,cd84a39c-feaa-44f3-8973-81bec6fbb53e,2024-11-05,ERP_CORPORATIVO,TRANSACOES_FINANCEIRAS,28185,8342cb5ff296b0dfd006253038f5c3ef917118661a276bd360e9118ba245645f
TR-28186,2024-10-24,2024-10-01,FIN,FORN-00142,RECEITA,4204.412582424397,4039.874319486177,BRL,Treinamento corporativo para equipe FIN,30,PIX,PAGO,cd84a39c-feaa-44f3-8973-81bec6fbb53e,2024-11-05,ERP_CORPORATIVO,TRANSACOES_FINANCEIRAS,28186,d8ebb0f19b175ac8e35c91d14dd9cc400a7637e6666f6da4d67a68cd5dc04723
TR-28187,2024-10-17,2024-10-01,LOG,FORN-00142,RECEITA,4169.682459874862,4169.682459874862,USD,Serviço técnico especializado para LOG,11,TRANSFERENCIA,PAGO,cd84a39c-feaa-44f3-8973-81bec6fbb53e,2024-11-05,ERP_CORPORATIVO,TRANSACOES_FINANCEIRAS,28187,200b15b9a747bc1fba6193c5233dd0a7e498ba2c92435613a7b4ba6677dcab30
TR-28188,2024-10-16,2024-10-01,RH,FORN-00142,RECEITA,4142.000101723577,4142.000101723577,BRL,Serviço especializado solicitado por RH,1,TRANSFERENCIA,PAGO,cd84a39c-feaa-44f3-8973-81bec6fbb53e,2024-11-05,ERP_CORPORATIVO,TRANSACOES_FINANCEIRAS,28188,dde1aa9c1ccde5003a9e355d55dd80a4bf2feb4cf68e018acaf7841d1a511534
TR-28189,2024-10-07,2024-10-01,TI,FORN-00142,DESPESA,4932.887685726357,4932.887685726357,BRL,Licença de software para área TI,27,BOLETO,PAGO,cd84a39c-feaa-44f3-8973-81bec6fbb53e,2024-11-05,ERP_CORPORATIVO,TRANSACOES_FINANCEIRAS,28189,c13e8712004434f5d711d36fc26e30d9f3875be6149102f2b4d9bba69d81e71d
TR-28470,2024-10-14,2024-10-01,FIN,FORN-00144,RECEITA,1160.2651537796326,1160.2651537796326,BRL,Encargos de empréstimo vinculados a FIN,23,TRANSFERENCIA,PAGO,cd84a39c-feaa-44f3-8973-81bec6fbb53e,2024-11-05,ERP_CORPORATIVO,TRANSACOES_FINANCEIRAS,28470,497d416462a3e8cba2d95b0ba4756ae2129b335555f7fcaeb58f735ab72b1411
TR-28471,2024-10-14,2024-10-01,LOG,FORN-00144,RECEITA,1027.3780504715446,1027.3780504715446,BRL,Custo operacional associado a LOG,8,TRANSFERENCIA,ATRASADO,cd84a39c-feaa-44f3-8973-81bec6fbb53e,2024-11-05,ERP_CORPORATIVO,TRANSACOES_FINANCEIRAS,28471,b9c95b6cdcfd069a825dfa09e742ee9e897afc4b1f46e3343b6858df3d72fbe0
TR-28472,2024-10-21,2024-10-01,VND,FORN-00144,RECEITA,1153.126628925818,1153.126628925818,BRL,Prestação de serviço para área VND,1,TRANSFERENCIA,PAGO,cd84a39c-feaa-44f3-8973-81bec6fbb53e,2024-11-05,ERP_CORPORATIVO,TRANSACOES_FINANCEIRAS,28472,eef57c63298e3c049ce75422fa24af4914e2ede2a683f5c16119aae1388e788b
TR-28473,2024-10-08,2024-10-01,FIN,FORN-00144,DESPESA,1124.6962927598538,1124.6962927598538,BRL,Produção de material gráfico - FIN,15,PIX,PAGO,cd84a39c-feaa-44f3-8973-81bec6fbb53e,2024-11-05,ERP_CORPORATIVO,TRANSACOES_FINANCEIRAS,28473,072c7ad7720a657fc1eed4b8c8aad018580a96e6002cf3e9118b9154dfda4ea7
TR-28474,2024-10-07,2024-10-01,PES,FORN-00144,DESPESA,1189.2007883732754,1189.2007883732754,BRL,Estorno de receita - PES,39,BOLETO,PAGO,cd84a39c-feaa-44f3-8973-81bec6fbb53e,2024-11-05,ERP_CORPORATIVO,TRANSACOES_FINANCEIRAS,28474,1c27d73b9e2da82b8e957725653f2d642721e788e2c6845da9b606007092d6b7
TR-28475,2024-10-18,2024-10-01,VND,FORN-00144,DESPESA,907.5437115629396,907.5437115629396,BRL,Publicidade institucional - VND,13,PIX,PAGO,cd84a39c-feaa-44f3-8973-81bec6fbb53e,2024-11-05,ERP_CORPORATIVO,TRANSACOES_FINANCEIRAS,28475,b532798f21a261b315e166bd6e5c3b38e48128daf21de6540fcf47b6e858648c
TR-28476,2024-10-21,2024-10-01,FIN,FORN-00144,RECEITA,1031.6286936997437,1001.5227684039556,BRL,Compra de insumos para setor FIN,2,PIX,PAGO,cd84a39c-feaa-44f3-8973-81bec6fbb53e,2024-11-05,ERP_CORPORATIVO,TRANSACOES_FINANCEIRAS,28476,c9911fd1eaf7b1c6557c3c352d1580bbfa5db0bb2f2b13f65d1cda6a7350a1da
TR-28477,2024-10-09,2024-10-01,RH,FORN-00144,DESPESA,1151.3938297481695,1098.1747932649564,BRL,Compra de insumos para setor RH,2,TRANSFERENCIA,PAGO,cd84a39c-feaa-44f3-8973-81bec6fbb53e,2024-11-05,ERP_CORPORATIVO,TRANSACOES_FINANCEIRAS,28477,03064bdc16d861f02715d34a2a374c278af8a7e1e83326f7bbae8f9a996a4825
TR-28478,2024-10-21,2024-10-01,FIN,FORN-00144,DESPESA,1519.7235436004803,1446.6786084586001,BRL,Licenciamento de software - FIN,5,BOLETO,ATRASADO,cd84a39c-feaa-44f3-8973-81bec6fbb53e,2024-11-05,ERP_CORPORATIVO,TRANSACOES_FINANCEIRAS,28478,02205b496171aea3e4a75f210ddbbd47c9806d7e8d2cd2ca0ad0b2c1c6b86b6a
TR-28479,2024-10-14,2024-10-01,PES,FORN-00144,DESPESA,1155.0122877865588,1155.0122877865588,BRL,Contrato de serviço - setor PES,1,PIX,PAGO,cd84a39c-feaa-44f3-8973-81bec6fbb53e,2024-11-05,ERP_CORPORATIVO,TRANSACOES_FINANCEIRAS,28479,32dbb6e86690a111f1f07dac30f03bd4d4885fe227d47f67dabde64262c99b5e
TR-28791,2024-10-18,2024-10-01,MKT,FORN-00145,RECEITA,247.83765847922302,247.83765847922302,BRL,Honorários jurídicos - MKT,7,TRANSFERENCIA,PAGO,cd84a39c-feaa-44f3-8973-81bec6fbb53e,2024-11-05,ERP_CORPORATIVO,TRANSACOES_FINANCEIRAS,28791,d2fc26db27981a118907493c05ecfd92a135e8fd14f861cc2c39ddf251d7422e
TR-28792,2024-10-23,2024-10-01,ATD,FORN-00145,RECEITA,1205.241556285863,1205.241556285863,BRL,Manutenção preventiva de veículos - ATD,17,CARTAO,ATRASADO,cd84a39c-feaa-44f3-8973-81bec6fbb53e,2024-11-05,ERP_CORPORATIVO,TRANSACOES_FINANCEIRAS,28792,753f368bfded515374f2fbdf4070d3789f9897879e31f737b6ecea7b6ec9e676
TR-28793,2024-10-09,2024-10-01,QAS,FORN-00145,DESPESA,1227.0153173946644,1227.0153173946644,BRL,Devolução de venda processada por QAS,39,BOLETO,PAGO,cd84a39c-feaa-44f3-8973-81bec6fbb53e,2024-11-05,ERP_CORPORATIVO,TRANSACOES_FINANCEIRAS,28793,dc46c253477cb3421da15c821176e72fc2230ae6e4fcecb0205dce7b77d11471
TR-28794,2024-10-21,2024-10-01,PJT,FORN-00145,DESPESA,386.29240994967745,386.29240994967745,BRL,Alienação de bem patrimonial - PJT,35,TED,PAGO,cd84a39c-feaa-44f3-8973-81bec6fbb53e,2024-11-05,ERP_CORPORATIVO,TRANSACOES_FINANCEIRAS,28794,19420b09f58fa3fe37f56a7a2ddff98920adc361bf8720366091c6ba64f9d0f3
TR-28795,2024-10-15,2024-10-01,MKT,FORN-00145,RECEITA,1353.2903167890966,1353.2903167890966,BRL,Custo operacional associado a MKT,8,PIX,PAGO,cd84a39c-feaa-44f3-8973-81bec6fbb53e,2024-11-05,ERP_CORPORATIVO,TRANSACOES_FINANCEIRAS,28795,b32f5d7468bec091741faac150c46f550709b5ef68c2dd370719251883147b87
TR-28796,2024-10-03,2024-10-01,VND,FORN-00145,DESPESA,1265.4556217493546,1265.4556217493546,BRL,Consultoria estratégica para área VND,12,CARTAO,PAGO,cd84a39c-feaa-44f3-8973-81bec6fbb53e,2024-11-05,ERP_CORPORATIVO,TRANSACOES_FINANCEIRAS,28796,ae17f2a3a7fdcacbd968352a9191b280ed01b355de222a944269ce16b897343b
TR-28797,2024-10-28,2024-10-01,CTB,FORN-00145,RECEITA,1177.8119882344402,1177.8119882344402,USD,Investimento em marketing corporativo (CTB),4,CARTAO,PAGO,cd84a39c-feaa-44f3-8973-81bec6fbb53e,2024-11-05,ERP_CORPORATIVO,TRANSACOES_FINANCEIRAS,28797,91411631ad800af1a619c8bb75ba14f12570bfde04d1a2bc6cb258990bcc997e
TR-28798,2024-10-16,2024-10-01,PJT,FORN-00145,RECEITA,1298.9215842622586,1298.9215842622586,BRL,Hospedagem em viagem a serviço de PJT,19,CARTAO,PAGO,cd84a39c-feaa-44f3-8973-81bec6fbb53e,2024-11-05,ERP_CORPORATIVO,TRANSACOES_FINANCEIRAS,28798,a2eee78fc6c1ccd3a606a97d2e040d5d305f64f0dd8d297bfe550a0005853049
TR-28799,2024-10-07,2024-10-01,ATD,FORN-00145,RECEITA,1287.3498594944629,1287.3498594944629,BRL,Custo operacional associado a ATD,8,PIX,PAGO,cd84a39c-feaa-44f3-8973-81bec6fbb53e,2024-11-05,ERP_CORPORATIVO,TRANSACOES_FINANCEIRAS,28799,370013941fe7d4be64bfbe86f9c9dd37658a1312b2a6777e1b33c36a60097e19
TR-28800,2024-10-18,2024-10-01,ESG,FORN-00145,DESPESA,1791.3005692706479,1765.2225243547007,BRL,Despesa de infraestrutura - ESG,3,PIX,PAGO,cd84a39c-feaa-44f3-8973-81bec6fbb53e,2024-11-05,ERP_CORPORATIVO,TRANSACOES_FINANCEIRAS,28800,2ee7937b8c5a68b60c5aee0558ee320fea4ed69d2c2f740661bd908b7d6b086a
TR-28801,2024-10-16,2024-10-01,FIN,FORN-00145,DESPESA,1221.0873263368967,1199.2817184864757,BRL,Assessoria legal vinculada à área FIN,7,TRANSFERENCIA,PAGO,cd84a39c-feaa-44f3-8973-81bec6fbb53e,2024-11-05,ERP_CORPORATIVO,TRANSACOES_FINANCEIRAS,28801,e98bc39cceb7156bf76b31cb432b372f013277a2ab175f036d8ab106e11737d9
TR-28802,2024-10-07,2024-10-01,MKT,FORN-00145,DESPESA,1220.90778214631,1220.90778214631,BRL,Serviço de telefonia e internet - MKT,9,BOLETO,PAGO,cd84a39c-feaa-44f3-8973-81bec6fbb53e,2024-11-05,ERP_CORPORATIVO,TRANSACOES_FINANCEIRAS,28802,e4eaa797ad8d699baa29f4f6323ba0013797e4115c86795ddbb771d2e9adb45e
TR-28803,2024-10-14,2024-10-01,ESG,FORN-00145,RECEITA,1171.7676624343032,1171.7676624343032,BRL,Abastecimento de veículos - ESG,16,TRANSFERENCIA,PAGO,cd84a39c-feaa-44f3-8973-81bec6fbb53e,2024-11-05,ERP_CORPORATIVO,TRANSACOES_FINANCEIRAS,28803,c1dbd10a4d7a50cf2a2f5d45ce2e280d91bbad7952d8b9043c325e1dba5d9d6e
TR-28804,2024-10-15,2024-10-01,SEC,FORN-00145,DESPESA,1084.7654822104155,1084.7654822104155,BRL,Resultado de equivalência patrimonial - SEC,34,PIX,PAGO,cd84a39c-feaa-44f3-8973-81bec6fbb53e,2024-11-05,ERP_CORPORATIVO,TRANSACOES_FINANCEIRAS,28804,4fcec078b6a44c8c890f8b11f0afce9b1e3e376da7e27dc62d674691cfc8a8e4
TR-28805,2024-10-28,2024-10-01,VND,FORN-00145,DESPESA,1168.1373148038044,1168.1373148038044,BRL,Despesa operacional - VND,8,BOLETO,ATRASADO,cd84a39c-feaa-44f3-8973-81bec6fbb53e,2024-11-05,ERP_CORPORATIVO,TRANSACOES_FINANCEIRAS,28805,11c32b0b0486ba1810a969cce3d7f2d2807425be309c8d1613684e0ff210b537
TR-28806,2024-10-17,2024-10-01,FIN,FORN-00145,DESPESA,1410.1141661190068,1410.1141661190068,BRL,Compra de insumos para setor FIN,2,TRANSFERENCIA,PAGO,cd84a39c-feaa-44f3-8973-81bec6fbb53e,2024-11-05,ERP_CORPORATIVO,TRANSACOES_FINANCEIRAS,28806,8d2fcdd89fa54b7d07079ba866125e46c2302bfa1e24b6eddf6792f0a3f489b7
TR-28807,2024-10-17,2024-10-01,FIN,FORN-00145,DESPESA,1164.3174628588138,1113.3139848967462,BRL,Aquisição de material operacional - FIN,2,PIX,PAGO,cd84a39c-feaa-44f3-8973-81bec6fbb53e,2024-11-05,ERP_CORPORATIVO,TRANSACOES_FINANCEIRAS,28807,c6c1b5bf8d9fe2ee9de1cad5b431b883c7b76116deaee420540293ab77acd8ed
TR-28808,2024-10-24,2024-10-01,COMP,FORN-00145,DESPESA,1359.2528128454185,1359.2528128454185,BRL,Locação de espaço comercial - COMP,31,TRANSFERENCIA,PAGO,cd84a39c-feaa-44f3-8973-81bec6fbb53e,2024-11-05,ERP_CORPORATIVO,TRANSACOES_FINANCEIRAS,28808,c8969148a09393bde01ff55cc7a644a92a39d93c3d2d3b1a6aa8b45686b3190e
TR-29608,2024-10-11,2024-10-01,COMP,ACC-00149,DESPESA,4078.911954473444,4078.911954473444,BRL,Prestação de serviço para área COMP,1,BOLETO,PAGO,cd84a39c-feaa-44f3-8973-81bec6fbb53e,2024-11-05,ERP_CORPORATIVO,TRANSACOES_FINANCEIRAS,29608,7bd44d5be18f9d3ab5a0cb1dde358bd4d82f0c97ba05da8ac4d61fe0b5dd81b9
TR-29609,2024-10-18,2024-10-01,RH,ACC-00149,DESPESA,4305.742737463779,4254.3878709383625,BRL,Serviço relacionado a recursos humanos (RH),6,TED,PAGO,cd84a39c-feaa-44f3-8973-81bec6fbb53e,2024-11-05,ERP_CORPORATIVO,TRANSACOES_FINANCEIRAS,29609,3adabb3741503047c8104ec31c169198464c13a43f4b92571d6169e19697d2c5
TR-29610,2024-10-22,2024-10-01,CTB,ACC-00149,RECEITA,3993.9381476596222,3841.0803127943436,BRL,Contrato de serviço - setor CTB,1,PIX,ATRASADO,cd84a39c-feaa-44f3-8973-81bec6fbb53e,2024-11-05,ERP_CORPORATIVO,TRANSACOES_FINANCEIRAS,29610,f364708510c900988a15dabcff31194356d9fcdea34d4dfd28c4bfcb49a1d5c6
TR-29611,2024-10-14,2024-10-01,FIN,ACC-00149,DESPESA,4160.168152964038,4015.98518448415,BRL,Contrato de serviço - setor FIN,1,TRANSFERENCIA,PAGO,cd84a39c-feaa-44f3-8973-81bec6fbb53e,2024-11-05,ERP_CORPORATIVO,TRANSACOES_FINANCEIRAS,29611,a3419b5074a7d6e79cfb33823dbc1b0cbb48188867dcdfc8f0652a4f1817726c
TR-29612,2024-10-14,2024-10-01,COMP,ACC-00149,DESPESA,4409.674054701941,4409.674054701941,BRL,Combustível e lubrificantes para frota (COMP),16,TED,PAGO,cd84a39c-feaa-44f3-8973-81bec6fbb53e,2024-11-05,ERP_CORPORATIVO,TRANSACOES_FINANCEIRAS,29612,e25b52f41f6ec344eee558cbc900e70f24854508564cea37c4fcb0871a18cd52
TR-29849,2024-10-09,2024-10-01,RH,FORN-00150,DESPESA,5013.702756799475,5013.702756799475,BRL,Manutenção de equipamentos de RH,28,PIX,PAGO,cd84a39c-feaa-44f3-8973-81bec6fbb53e,2024-11-05,ERP_CORPORATIVO,TRANSACOES_FINANCEIRAS,29849,2f39aa6b1990dde819581167fab3db37daa5ff25eb2eb8e12b45330216f1f113
TR-29850,2024-10-14,2024-10-01,COMP,FORN-00150,DESPESA,3370.343408571779,3370.343408571779,BRL,Alimentação em viagem corporativa - COMP,20,PIX,PAGO,cd84a39c-feaa-44f3-8973-81bec6fbb53e,2024-11-05,ERP_CORPORATIVO,TRANSACOES_FINANCEIRAS,29850,026db885bdc18eb99e4a4c87fc7399aa10b48022b7d146f788ede9b509fb5623
TR-29851,2024-10-16,2024-10-01,ADM,FORN-00150,DESPESA,2680.221836817764,2680.221836817764,USD,Assessoria legal vinculada à área ADM,7,PIX,PAGO,cd84a39c-feaa-44f3-8973-81bec6fbb53e,2024-11-05,ERP_CORPORATIVO,TRANSACOES_FINANCEIRAS,29851,8e4790528537d750e930dec2e2dccc75bfd319a68c1aa1146be89020cd96bbc5
TR-29852,2024-10-11,2024-10-01,PES,FORN-00150,DESPESA,2645.0001708603763,2645.0001708603763,BRL,Atendimento de TI requisitado por PES,29,CARTAO,PAGO,cd84a39c-feaa-44f3-8973-81bec6fbb53e,2024-11-05,ERP_CORPORATIVO,TRANSACOES_FINANCEIRAS,29852,f33392123296f1cd7ce79b5626231db155bbcfbb68a505e89e9816e68a940c7c
TR-29853,2024-10-14,2024-10-01,COMP,FORN-00150,DESPESA,3111.2300104616984,3111.2300104616984,BRL,Despesa operacional - COMP,8,TRANSFERENCIA,ATRASADO,cd84a39c-feaa-44f3-8973-81bec6fbb53e,2024-11-05,ERP_CORPORATIVO,TRANSACOES_FINANCEIRAS,29853,f53676e285c4619f307e7f5c4e713d56392b88b83c6d0203770005b5704453e2
TR-29854,2024-10-18,2024-10-01,FIN,FORN-00150,RECEITA,3262.1414399163564,3142.1312512970335,BRL,Compra de insumos para setor FIN,2,PIX,PAGO,cd84a39c-feaa-44f3-8973-81bec6fbb53e,2024-11-05,ERP_CORPORATIVO,TRANSACOES_FINANCEIRAS,29854,646d729fb6c5374e5c6157c269efbd9ac0c3b5cc5f7738f78634b6cd996b57fb
TR-29855,2024-10-28,2024-10-01,MKT,FORN-00150,DESPESA,3121.273213288596,3121.273213288596,BRL,Serviço especializado solicitado por MKT,1,PIX,PAGO,cd84a39c-feaa-44f3-8973-81bec6fbb53e,2024-11-05,ERP_CORPORATIVO,TRANSACOES_FINANCEIRAS,29855,57fd5dcedfe9209a18ec25ce5b8babd276e6770b889abe33cf07b98bc30f8095
TR-29856,2024-10-16,2024-10-01,FIN,FORN-00150,RECEITA,2597.7286640640914,2476.325680078378,BRL,Licenciamento de software - FIN,5,BOLETO,PAGO,cd84a39c-feaa-44f3-8973-81bec6fbb53e,2024-11-05,ERP_CORPORATIVO,TRANSACOES_FINANCEIRAS,29856,01d2f342f898975919c8e1decaa7584dad9a8691ac22371b41cbf21d14bad814
TR-29857,2024-10-17,2024-10-01,CTB,FORN-00150,RECEITA,2796.583478777154,2796.583478777154,BRL,Participação nos resultados vinculada a CTB,34,PIX,PAGO,cd84a39c-feaa-44f3-8973-81bec6fbb53e,2024-11-05,ERP_CORPORATIVO,TRANSACOES_FINANCEIRAS,29857,812c0e8c49c3d35264ac298ed467c88a08789450c39c14bf6f92ab8ed55e6479
TR-29858,2024-10-07,2024-10-01,TI,FORN-00150,DESPESA,2863.7299365693643,2732.9957115267293,BRL,Despesa operacional - TI,8,PIX,ATRASADO,cd84a39c-feaa-44f3-8973-81bec6fbb53e,2024-11-05,ERP_CORPORATIVO,TRANSACOES_FINANCEIRAS,29858,11c768fe722451a014d25d55c6911ebd32e821cd7418ba9eb872d3f8f00a2e39
TR-29859,2024-10-14,2024-10-01,COM,FORN-00150,RECEITA,3378.2382713669326,3378.2382713669326,USD,Investimento em marketing corporativo (COM),4,BOLETO,PAGO,cd84a39c-feaa-44f3-8973-81bec6fbb53e,2024-11-05,ERP_CORPORATIVO,TRANSACOES_FINANCEIRAS,29859,dbd17b848219559d62059b8fcfbfdfce36e04daa82d803151c9e9dc5a243faff
TR-29860,2024-10-18,2024-10-01,SEC,FORN-00150,DESPESA,2817.060861119514,2817.060861119514,BRL,Assessoria legal vinculada à área SEC,7,PIX,PAGO,cd84a39c-feaa-44f3-8973-81bec6fbb53e,2024-11-05,ERP_CORPORATIVO,TRANSACOES_FINANCEIRAS,29860,e4572d259e15fed5b01b3e0b33b3c447acef4942f158889e8c37f55d6fe6ec34
TR-29861,2024-10-09,2024-10-01,SEC,FORN-00150,RECEITA,2829.5899476289374,2768.652382678327,BRL,Despesa de infraestrutura - SEC,3,PIX,PAGO,cd84a39c-feaa-44f3-8973-81bec6fbb53e,2024-11-05,ERP_CORPORATIVO,TRANSACOES_FINANCEIRAS,29861,918a62c0b99b8e5a62cce745329b0f65234bd7ca68eb2f20a3a9fe5afefa3366
TR-29862,2024-10-09,2024-10-01,OP,FORN-00150,RECEITA,2440.8810581007583,2440.8810581007583,BRL,Aquisição de material operacional - OP,2,PIX,PAGO,cd84a39c-feaa-44f3-8973-81bec6fbb53e,2024-11-05,ERP_CORPORATIVO,TRANSACOES_FINANCEIRAS,29862,06df766f4f2d715f2e966ecbab47f5dd99ad7916a5db845f450e38de2d057353
TR-29863,2024-10-28,2024-10-01,MKT,FORN-00150,DESPESA,2382.4802750430254,2382.4802750430254,BRL,Despesa operacional - MKT,8,PIX,PAGO,cd84a39c-feaa-44f3-8973-81bec6fbb53e,2024-11-05,ERP_CORPORATIVO,TRANSACOES_FINANCEIRAS,29863,75203fa88093980ecae7a91d5c20a694f3b254ae54ddc3ef3fa46232a967056a
TR-30233,2024-10-07,2024-10-01,PES,FORN-00152,DESPESA,6259.671900758237,6259.671900758237,BRL,Custo operacional associado a PES,8,TRANSFERENCIA,PAGO,cd84a39c-feaa-44f3-8973-81bec6fbb53e,2024-11-05,ERP_CORPORATIVO,TRANSACOES_FINANCEIRAS,30233,6759aa3cc284c5720a37bd5fd1221c0ba961adea56f9199958d0b68725441ef9
TR-30234,2024-10-14,2024-10-01,VND,FORN-00152,RECEITA,5997.524695818028,5997.524695818028,BRL,Prestação de serviço para área VND,1,BOLETO,PAGO,cd84a39c-feaa-44f3-8973-81bec6fbb53e,2024-11-05,ERP_CORPORATIVO,TRANSACOES_FINANCEIRAS,30234,6fdcd6fe559ffbad5448c98a65eead1b8af2d6156a04d75fdc0941de92dd60e4
TR-30235,2024-10-28,2024-10-01,CTB,FORN-00152,DESPESA,5414.868968772092,5414.868968772092,BRL,Hospedagem em viagem a serviço de CTB,19,TED,PAGO,cd84a39c-feaa-44f3-8973-81bec6fbb53e,2024-11-05,ERP_CORPORATIVO,TRANSACOES_FINANCEIRAS,30235,240612cc707576bb426890905b5dfc3052841b362f1152a2c53a9a5cde666a58
TR-30236,2024-10-14,2024-10-01,COMP,FORN-00152,DESPESA,21101.40640826077,21101.40640826077,BRL,Custo operacional associado a COMP,8,CARTAO,PAGO,cd84a39c-feaa-44f3-8973-81bec6fbb53e,2024-11-05,ERP_CORPORATIVO,TRANSACOES_FINANCEIRAS,30236,9ce18dee79c47b339ab8d48fb7a37d89bba3fc21ffdfd69efa63a81e6874e294
TR-30237,2024-10-21,2024-10-01,FIN,FORN-00152,RECEITA,5390.526031081101,5390.526031081101,BRL,Participação nos resultados vinculada a FIN,34,BOLETO,PAGO,cd84a39c-feaa-44f3-8973-81bec6fbb53e,2024-11-05,ERP_CORPORATIVO,TRANSACOES_FINANCEIRAS,30237,b46f94f353716410ef3d1544fe235c94b8c88c8bfcb317341d6b4d03fcd033bb
TR-30238,2024-10-18,2024-10-01,COMP,FORN-00152,RECEITA,5592.738082522555,5519.472690145389,BRL,Serviço especializado solicitado por COMP,1,PIX,PAGO,cd84a39c-feaa-44f3-8973-81bec6fbb53e,2024-11-05,ERP_CORPORATIVO,TRANSACOES_FINANCEIRAS,30238,e83f1a64688cc82e8c3c93960c6dc202076321897e13e26260c737d1efb08b4c
TR-30239,2024-10-14,2024-10-01,PRD,FORN-00152,DESPESA,5851.640511837091,5851.640511837091,BRL,Despesa de infraestrutura - PRD,3,PIX,PAGO,cd84a39c-feaa-44f3-8973-81bec6fbb53e,2024-11-05,ERP_CORPORATIVO,TRANSACOES_FINANCEIRAS,30239,2d97b746aca2721e6778de2a111a4cb89b7b762969e66309ff75aa07fa6e35ff
TR-30240,2024-10-24,2024-10-01,FIN,FORN-00152,DESPESA,5308.153657506402,5308.153657506402,BRL,Certificado digital adquirido por FIN,26,TRANSFERENCIA,ATRASADO,cd84a39c-feaa-44f3-8973-81bec6fbb53e,2024-11-05,ERP_CORPORATIVO,TRANSACOES_FINANCEIRAS,30240,bb8c24805a1d95c0920d104ff79b87dfd2500f2101d380b54c31f5fba21a5af6
TR-30241,2024-10-21,2024-10-01,LOG,FORN-00152,RECEITA,6418.770610080012,6418.770610080012,BRL,Manutenção estrutural vinculada à área LOG,3,TED,PAGO,cd84a39c-feaa-44f3-8973-81bec6fbb53e,2024-11-05,ERP_CORPORATIVO,TRANSACOES_FINANCEIRAS,30241,a0467e1fc30ef030d240d3063b1f596723ba6e1db9e8aa56c49bab29df2f7f3a
TR-30418,2024-10-16,2024-10-01,JUR,FORN-00153,DESPESA,4576.613647097415,4366.505809572367,BRL,Certificado digital adquirido por JUR,26,BOLETO,PAGO,cd84a39c-feaa-44f3-8973-81bec6fbb53e,2024-11-05,ERP_CORPORATIVO,TRANSACOES_FINANCEIRAS,30418,4367a8a0c2495343f7b1240a660bdb9857f6617d1c7b89dc8c725f7b8799f8fd
TR-30419,2024-10-15,2024-10-01,MKT,FORN-00153,DESPESA,5332.6959085085355,5332.6959085085355,BRL,Despesa operacional - MKT,8,PIX,PAGO,cd84a39c-feaa-44f3-8973-81bec6fbb53e,2024-11-05,ERP_CORPORATIVO,TRANSACOES_FINANCEIRAS,30419,67bc0be4bf50d4d6cc4f2860c0f301c714fb8358d2dd157f9f44548f10c8c4d6
TR-30420,2024-10-17,2024-10-01,MKT,FORN-00153,DESPESA,4878.758293038267,4878.758293038267,BRL,Serviço de tecnologia contratado por MKT,5,TED,PAGO,cd84a39c-feaa-44f3-8973-81bec6fbb53e,2024-11-05,ERP_CORPORATIVO,TRANSACOES_FINANCEIRAS,30420,f57d478316ce3e30d24446990eb9dba3758ff1977801c7a3983f0afde14d1341
TR-30421,2024-10-18,2024-10-01,JUR,FORN-00153,RECEITA,4503.01027492217,4503.01027492217,BRL,Despesa jurídica da área JUR,24,PIX,PAGO,cd84a39c-feaa-44f3-8973-81bec6fbb53e,2024-11-05,ERP_CORPORATIVO,TRANSACOES_FINANCEIRAS,30421,054c976288d59ec23803e39ba112c0dd808d2d536b82563945e732daca963dc2
TR-30422,2024-10-17,2024-10-01,PRD,FORN-00153,RECEITA,5018.433075952582,4892.006224262283,BRL,Contrato de consultoria externa - PRD,12,TRANSFERENCIA,PAGO,cd84a39c-feaa-44f3-8973-81bec6fbb53e,2024-11-05,ERP_CORPORATIVO,TRANSACOES_FINANCEIRAS,30422,a0ed85f3919c24747e716c1d7d71023082cc6aea666cb116fa3a36a200b9d79c
TR-30423,2024-10-04,2024-10-01,JUR,FORN-00153,DESPESA,4658.643375230784,4658.643375230784,BRL,Aquisição de material operacional - JUR,2,TED,PAGO,cd84a39c-feaa-44f3-8973-81bec6fbb53e,2024-11-05,ERP_CORPORATIVO,TRANSACOES_FINANCEIRAS,30423,3aaf43d8b516d63a48c8d8a95aefc6748d7085799b20446e2c25bf5d6fb0698b
TR-30424,2024-10-15,2024-10-01,PES,FORN-00153,DESPESA,4837.734449135553,4837.734449135553,BRL,Hospedagem em viagem a serviço de PES,19,BOLETO,PAGO,cd84a39c-feaa-44f3-8973-81bec6fbb53e,2024-11-05,ERP_CORPORATIVO,TRANSACOES_FINANCEIRAS,30424,776b23c8fd0966faf83b47f9de2f9f7651ff8cacaebe91ebb968a36164203296
TR-30425,2024-10-21,2024-10-01,VND,FORN-00153,DESPESA,2439.710886573045,2439.710886573045,BRL,Juros sobre operação financeira - VND,23,TED,ATRASADO,cd84a39c-feaa-44f3-8973-81bec6fbb53e,2024-11-05,ERP_CORPORATIVO,TRANSACOES_FINANCEIRAS,30425,13c8c89ad01f58c7beb4fa0b683560ce22f0afdef4b89a9d28b6b4dded07ff5c
TR-30426,2024-10-18,2024-10-01,COMP,FORN-00153,DESPESA,6909.543704997903,6909.543704997903,BRL,Serviço de tecnologia contratado por COMP,5,PIX,PAGO,cd84a39c-feaa-44f3-8973-81bec6fbb53e,2024-11-05,ERP_CORPORATIVO,TRANSACOES_FINANCEIRAS,30426,485c42b2a91a2a879fa5830b505337052ba5389aec3429b1c2983542ef08189f
TR-30427,2024-10-21,2024-10-01,COMP,FORN-00153,RECEITA,5671.817036213584,5585.787447124049,BRL,Royalties recebidos por COMP,32,TED,PAGO,cd84a39c-feaa-44f3-8973-81bec6fbb53e,2024-11-05,ERP_CORPORATIVO,TRANSACOES_FINANCEIRAS,30427,e6a54f8c29605311cdc6a564df95c41f9e6aba1eef633cdf42991941b19ed1bc
TR-30428,2024-10-17,2024-10-01,CTB,FORN-00153,DESPESA,4815.740241777128,4815.740241777128,BRL,Consultoria estratégica para área CTB,12,BOLETO,PAGO,cd84a39c-feaa-44f3-8973-81bec6fbb53e,2024-11-05,ERP_CORPORATIVO,TRANSACOES_FINANCEIRAS,30428,f5fd55ef858476931aa7fb4183629f9d8e292304ab1ec05df54292730b632fbe
TR-30429,2024-10-18,2024-10-01,ATD,FORN-00153,DESPESA,4318.5298199552,4318.5298199552,BRL,Contrato de serviço - setor ATD,1,TED,PAGO,cd84a39c-feaa-44f3-8973-81bec6fbb53e,2024-11-05,ERP_CORPORATIVO,TRANSACOES_FINANCEIRAS,30429,41fcf79ab92ffe0e0cdac8042c7783132beab5dc2b03ac7410a9680316f361ea
TR-30662,2024-10-21,2024-10-01,COMP,ACC-00154,DESPESA,10687.359783449623,10687.359783449623,BRL,Passagem aérea para colaborador de COMP,18,TED,PAGO,cd84a39c-feaa-44f3-8973-81bec6fbb53e,2024-11-05,ERP_CORPORATIVO,TRANSACOES_FINANCEIRAS,30662,2366b63ec26af3fbcd2be8435dd3e0e46195d2cd19998d5f8cca1e6d2d02ac15
TR-30870,2024-10-21,2024-10-01,FIN,1000155,DESPESA,2046.6688103795714,2046.6688103795714,BRL,Contrato de serviço - setor FIN,1,TED,PAGO,cd84a39c-feaa-44f3-8973-81bec6fbb53e,2024-11-05,ERP_CORPORATIVO,TRANSACOES_FINANCEIRAS,30870,cfdf486c941cbb8140927f4ba030a9c4e8fc92bc41e532ded07559ce071349ca
TR-30871,2024-10-15,2024-10-01,SEC,1000155,RECEITA,2254.4047935092754,2254.4047935092754,BRL,Certificado digital adquirido por SEC,26,TRANSFERENCIA,ATRASADO,cd84a39c-feaa-44f3-8973-81bec6fbb53e,2024-11-05,ERP_CORPORATIVO,TRANSACOES_FINANCEIRAS,30871,a32eb5ed6fb7fbdd84912b65d3d288bd4a7f36fdc12e43e0207e9965cbc1aa82
TR-30872,2024-10-18,2024-10-01,CPT,1000155,DESPESA,1957.0607633700936,1957.0607633700936,BRL,Aquisição de material operacional - CPT,2,PIX,PAGO,cd84a39c-feaa-44f3-8973-81bec6fbb53e,2024-11-05,ERP_CORPORATIVO,TRANSACOES_FINANCEIRAS,30872,f0c2fc961994f5cb788f7a2c35870f0635e723159b8ad196b160b301255f37bb
TR-31164,2024-10-14,2024-10-01,PRD,FORN-00157,DESPESA,1729.3271978103573,1729.3271978103573,BRL,Hospedagem em viagem a serviço de PRD,19,BOLETO,PAGO,cd84a39c-feaa-44f3-8973-81bec6fbb53e,2024-11-05,ERP_CORPORATIVO,TRANSACOES_FINANCEIRAS,31164,4ee47b2ddbee151c9da5a181e6d50e8233f44bdb842e1398e837ac6fbd0f0779
TR-31165,2024-10-14,2024-10-01,SEC,FORN-00157,DESPESA,1553.77237157966,1496.3908949295408,BRL,Compra de insumos para setor SEC,2,TED,PAGO,cd84a39c-feaa-44f3-8973-81bec6fbb53e,2024-11-05,ERP_CORPORATIVO,TRANSACOES_FINANCEIRAS,31165,1a73a88b4a332d83a339c66c47e78cbb9438ae0d3791e8161acf4b86f17a6d5e
TR-31166,2024-10-11,2024-10-01,COM,FORN-00157,DESPESA,1522.6691318692833,1522.6691318692833,BRL,Royalties recebidos por COM,32,TRANSFERENCIA,PAGO,cd84a39c-feaa-44f3-8973-81bec6fbb53e,2024-11-05,ERP_CORPORATIVO,TRANSACOES_FINANCEIRAS,31166,975e23203dd90dd605d20601953d5d42097826d19c4dbc83ddaee4b2664203e7
TR-31167,2024-10-21,2024-10-01,ESG,FORN-00157,DESPESA,1906.6668212247837,1844.948901206771,BRL,Reparo e conservação de instalações - ESG,10,TRANSFERENCIA,PAGO,cd84a39c-feaa-44f3-8973-81bec6fbb53e,2024-11-05,ERP_CORPORATIVO,TRANSACOES_FINANCEIRAS,31167,fe3cef4136c586e29463233e688668cfa827ec02ecadd2204eaeffd65f52853c
TR-31168,2024-10-10,2024-10-01,COM,FORN-00157,RECEITA,1607.9546705646758,1607.9546705646758,BRL,Compra de insumos para setor COM,2,PIX,PAGO,cd84a39c-feaa-44f3-8973-81bec6fbb53e,2024-11-05,ERP_CORPORATIVO,TRANSACOES_FINANCEIRAS,31168,be05eb43571ffa3b8d5622f0888ae8e50562d48e194e3b934c9668a7984f73a2
TR-31169,2024-10-24,2024-10-01,SEC,FORN-00157,DESPESA,1431.8182175435613,1366.546372931582,BRL,Aquisição de material operacional - SEC,2,PIX,PAGO,cd84a39c-feaa-44f3-8973-81bec6fbb53e,2024-11-05,ERP_CORPORATIVO,TRANSACOES_FINANCEIRAS,31169,4049ff71510345840e76a7773840125bb39887970abb9360b76e6de3b1e45853
TR-31170,2024-10-22,2024-10-01,COMP,FORN-00157,DESPESA,1512.5067929782406,1457.6482089514438,BRL,Licenciamento de software - COMP,5,PIX,PAGO,cd84a39c-feaa-44f3-8973-81bec6fbb53e,2024-11-05,ERP_CORPORATIVO,TRANSACOES_FINANCEIRAS,31170,b8236fe58d6949c5f724b94a3cc2f927f8083bf0d6b609fd4d05a9e67a22b42a
TR-31171,2024-10-21,2024-10-01,CPT,FORN-00157,DESPESA,1317.9842871042304,1317.9842871042304,USD,Receita eventual registrada em CPT,37,TED,PAGO,cd84a39c-feaa-44f3-8973-81bec6fbb53e,2024-11-05,ERP_CORPORATIVO,TRANSACOES_FINANCEIRAS,31171,3eca2cb73abd30d98b71e5b77cc9e9c2e22bbf77b0200210d0808a9e907a3936
TR-31172,2024-10-28,2024-10-01,OP,FORN-00157,RECEITA,1362.645422306921,1362.645422306921,USD,Custo operacional associado a OP,8,BOLETO,PAGO,cd84a39c-feaa-44f3-8973-81bec6fbb53e,2024-11-05,ERP_CORPORATIVO,TRANSACOES_FINANCEIRAS,31172,3e4a52fd0fac42376bd06f25a758921f1444e1fb47525a38f736bef5ccecb74a
TR-31173,2024-10-16,2024-10-01,FIN,FORN-00157,DESPESA,1520.9422981217845,1520.9422981217845,BRL,Manutenção de equipamentos de FIN,28,BOLETO,PAGO,cd84a39c-feaa-44f3-8973-81bec6fbb53e,2024-11-05,ERP_CORPORATIVO,TRANSACOES_FINANCEIRAS,31173,5c1af8c039cec5a71bebeacf0a668f198c0c5dd6f5bb183a21023032026ddf63
TR-31174,2024-10-14,2024-10-01,ADM,FORN-00157,RECEITA,1481.0304474886857,1481.0304474886857,BRL,Promoção e atividade externa - ADM,14,TED,PAGO,cd84a39c-feaa-44f3-8973-81bec6fbb53e,2024-11-05,ERP_CORPORATIVO,TRANSACOES_FINANCEIRAS,31174,1081459db3c306a5857ec8e90c9325321e57aa93977bfbb0df152147931ae55e
TR-31175,2024-10-18,2024-10-01,FIN,FORN-00157,RECEITA,1497.2849315682713,1497.2849315682713,BRL,Despesa operacional - FIN,8,PIX,PAGO,cd84a39c-feaa-44f3-8973-81bec6fbb53e,2024-11-05,ERP_CORPORATIVO,TRANSACOES_FINANCEIRAS,31175,3cf5eabd58566a42358895393ff7b5fdbad9af52d098ae52f9f950504d07013d
TR-31176,2024-10-28,2024-10-01,MKT,FORN-00157,RECEITA,1732.0988654115724,1732.0988654115724,BRL,Serviço de tecnologia contratado por MKT,5,PIX,PAGO,cd84a39c-feaa-44f3-8973-81bec6fbb53e,2024-11-05,ERP_CORPORATIVO,TRANSACOES_FINANCEIRAS,31176,2abc3738472bd43c47ec3c0e01d624411e57fe126e0ef2a3d7e6193670256de3
TR-31177,2024-10-15,2024-10-01,JUR,FORN-00157,RECEITA,1750.1820619506782,1750.1820619506782,BRL,Despesa de refeição em deslocamento (JUR),20,TRANSFERENCIA,ATRASADO,cd84a39c-feaa-44f3-8973-81bec6fbb53e,2024-11-05,ERP_CORPORATIVO,TRANSACOES_FINANCEIRAS,31177,dca0b6634fd9007fcd7ac555d5b753f06dfcfc121e4e420dcd10bb9070652662
TR-31178,2024-10-11,2024-10-01,OP,FORN-00157,DESPESA,665.1969057220992,665.1969057220992,BRL,Investimento em marketing corporativo (OP),4,PIX,PAGO,cd84a39c-feaa-44f3-8973-81bec6fbb53e,2024-11-05,ERP_CORPORATIVO,TRANSACOES_FINANCEIRAS,31178,d128306367fb4e63d3ba2a10bcd7434a0404a8507d991339665ab08b64d88a46
TR-31179,2024-10-08,2024-10-01,COM,FORN-00157,RECEITA,1937.6262554416112,1896.645256899056,BRL,Receita extraordinária - COM,37,CARTAO,ATRASADO,cd84a39c-feaa-44f3-8973-81bec6fbb53e,2024-11-05,ERP_CORPORATIVO,TRANSACOES_FINANCEIRAS,31179,d1cd2b6c5e5e8ba7f12cd3110834b591f6a6bab8cecbc66b1a6c4a5afee3fd3e
TR-31315,2024-10-04,2024-10-01,OP,FORN-00158,DESPESA,1785.1519556307492,1785.1519556307492,BRL,Prestação de serviço para área OP,1,PIX,PAGO,cd84a39c-feaa-44f3-8973-81bec6fbb53e,2024-11-05,ERP_CORPORATIVO,TRANSACOES_FINANCEIRAS,31315,b3b19c992fc5b6b8b5f2a1bb35d39a2924ea6b7882a8d4e610818b3073293f6a
TR-31316,2024-10-04,2024-10-01,CTB,FORN-00158,RECEITA,1912.8607736787114,1848.6101787915318,BRL,Aquisição de material operacional - CTB,2,TED,PAGO,cd84a39c-feaa-44f3-8973-81bec6fbb53e,2024-11-05,ERP_CORPORATIVO,TRANSACOES_FINANCEIRAS,31316,8088d54df5d808f5bfc842fcda474d08be85d5b250a8de55d87b45c2d01f185f
TR-31317,2024-10-25,2024-10-01,COMP,FORN-00158,RECEITA,1915.018213877384,1915.018213877384,BRL,Honorários jurídicos - COMP,7,BOLETO,PAGO,cd84a39c-feaa-44f3-8973-81bec6fbb53e,2024-11-05,ERP_CORPORATIVO,TRANSACOES_FINANCEIRAS,31317,0c6523329853144a96d6a40c6607a3263f42bc08c12b2ba5398cefe8a85217c2
TR-31318,2024-10-21,2024-10-01,MKT,FORN-00158,DESPESA,1512.6843214227688,1437.2478128603084,BRL,Treinamento corporativo para equipe MKT,30,CARTAO,ATRASADO,cd84a39c-feaa-44f3-8973-81bec6fbb53e,2024-11-05,ERP_CORPORATIVO,TRANSACOES_FINANCEIRAS,31318,7a6b24cacc383bda8cd7081731bbde76da5f6d210150c82715b2e23d4c3d0a1a
TR-31319,2024-10-21,2024-10-01,LOG,FORN-00158,DESPESA,1904.8253343188119,1885.654058789545,BRL,Seguro contratado pela área LOG,21,BOLETO,PAGO,cd84a39c-feaa-44f3-8973-81bec6fbb53e,2024-11-05,ERP_CORPORATIVO,TRANSACOES_FINANCEIRAS,31319,ceb44261314bfbdfcc329f93722befe8324ebcc62011b16dd38674f8f360d673
TR-31320,2024-10-28,2024-10-01,OP,FORN-00158,DESPESA,1685.9018830858586,1685.9018830858586,BRL,Apólice de seguro - OP,21,BOLETO,CANCELADO,cd84a39c-feaa-44f3-8973-81bec6fbb53e,2024-11-05,ERP_CORPORATIVO,TRANSACOES_FINANCEIRAS,31320,b142887d466f5c1b4c0e7c0cc2d494d8f779c52fc82dbb37f45a9b3e10a53fe0
TR-31321,2024-10-10,2024-10-01,COM,FORN-00158,DESPESA,1637.3777295190237,1637.3777295190237,BRL,Encargos de empréstimo vinculados a COM,23,BOLETO,PAGO,cd84a39c-feaa-44f3-8973-81bec6fbb53e,2024-11-05,ERP_CORPORATIVO,TRANSACOES_FINANCEIRAS,31321,670c35a3a7cf4534c1dae460b4f0f825c03bb115d01214ed29d405715e77d4d0
TR-31322,2024-10-21,2024-10-01,CTB,FORN-00158,RECEITA,1801.3530593169926,1801.3530593169926,BRL,Combustível e lubrificantes para frota (CTB),16,TED,PAGO,cd84a39c-feaa-44f3-8973-81bec6fbb53e,2024-11-05,ERP_CORPORATIVO,TRANSACOES_FINANCEIRAS,31322,f30d84c7d917534dcf9d94bd412c472f560cc4625a7422aa3134edef06bc1354
TR-31323,2024-10-10,2024-10-01,OP,FORN-00158,RECEITA,5039.198872961445,5039.198872961445,BRL,Devolução de venda processada por OP,39,CARTAO,ATRASADO,cd84a39c-feaa-44f3-8973-81bec6fbb53e,2024-11-05,ERP_CORPORATIVO,TRANSACOES_FINANCEIRAS,31323,69c020601eb4442ecb760bb355807e61478f6d9a34c889b0a7dd61b235735721
TR-31324,2024-10-10,2024-10-01,CPT,FORN-00158,DESPESA,1535.1233538932856,1535.1233538932856,BRL,Contrato de serviço - setor CPT,1,PIX,PAGO,cd84a39c-feaa-44f3-8973-81bec6fbb53e,2024-11-05,ERP_CORPORATIVO,TRANSACOES_FINANCEIRAS,31324,469e4dc1b2119a69d10ffd8b428f7f1269ee412d624dd86e43a05c97d26cb1b6
TR-31325,2024-10-15,2024-10-01,RH,FORN-00158,DESPESA,1774.7688701317466,1774.7688701317466,BRL,Aquisição de material operacional - RH,2,TRANSFERENCIA,CANCELADO,cd84a39c-feaa-44f3-8973-81bec6fbb53e,2024-11-05,ERP_CORPORATIVO,TRANSACOES_FINANCEIRAS,31325,215b6127306a2ad25f4c0ed3a8264fb034196977d63ac661a0f24469b805f7c5
TR-31326,2024-10-17,2024-10-01,COMP,FORN-00158,RECEITA,1476.7026684384557,1476.7026684384557,BRL,Serviço técnico especializado para COMP,11,TED,PAGO,cd84a39c-feaa-44f3-8973-81bec6fbb53e,2024-11-05,ERP_CORPORATIVO,TRANSACOES_FINANCEIRAS,31326,e79dbe1202c804a3eacf1c9842c0588427aa57bbabef9d46b4a5fe75f63966fb
TR-31532,2024-10-21,2024-10-01,PRD,ACC-00159,RECEITA,4165.493742873047,4165.493742873047,BRL,Licenciamento de software - PRD,5,BOLETO,PAGO,cd84a39c-feaa-44f3-8973-81bec6fbb53e,2024-11-05,ERP_CORPORATIVO,TRANSACOES_FINANCEIRAS,31532,ca352aa4e754aa837377810ddc8bde51ac50b7ac6c5801631a77f9e03debc252
TR-31533,2024-10-14,2024-10-01,LOG,ACC-00159,DESPESA,6208.8572339913335,5982.294122613326,BRL,Suporte técnico para sistemas de LOG,29,TED,CANCELADO,cd84a39c-feaa-44f3-8973-81bec6fbb53e,2024-11-05,ERP_CORPORATIVO,TRANSACOES_FINANCEIRAS,31533,108dfcec5cd1d605683946ef820e01419a960852236bbe553aa9c919a96093f1
TR-31534,2024-10-22,2024-10-01,COM,ACC-00159,DESPESA,5656.043572163584,5435.479029887225,BRL,Honorarium advocatício - COM,24,TED,CANCELADO,cd84a39c-feaa-44f3-8973-81bec6fbb53e,2024-11-05,ERP_CORPORATIVO,TRANSACOES_FINANCEIRAS,31534,f960829d4b455572209cc41d96cdc71ce023096ce63d19b6e8b4af66e7c91369
TR-31535,2024-10-10,2024-10-01,QAS,ACC-00159,DESPESA,6692.059725143022,6692.059725143022,BRL,Compra de insumos para setor QAS,2,TED,ATRASADO,cd84a39c-feaa-44f3-8973-81bec6fbb53e,2024-11-05,ERP_CORPORATIVO,TRANSACOES_FINANCEIRAS,31535,f1ce795dcf6f91f564bb31bd8e4e9ed2d303dc3ba75aed6c6096e2653ffacc35
TR-31536,2024-10-23,2024-10-01,COMP,ACC-00159,DESPESA,5524.247299534892,5405.7333848415765,BRL,Treinamento corporativo para equipe COMP,30,TRANSFERENCIA,PAGO,cd84a39c-feaa-44f3-8973-81bec6fbb53e,2024-11-05,ERP_CORPORATIVO,TRANSACOES_FINANCEIRAS,31536,f521cf647b7a1bbb1a56e1d4ae5466a0d79c64d7bd2f253a550a9bd5f83a9110
TR-31537,2024-10-15,2024-10-01,PRD,ACC-00159,DESPESA,5898.024296525986,5698.901123575432,BRL,Manutenção preventiva de veículos - PRD,17,TED,ATRASADO,cd84a39c-feaa-44f3-8973-81bec6fbb53e,2024-11-05,ERP_CORPORATIVO,TRANSACOES_FINANCEIRAS,31537,ecd063c86fcfdfc24177570f80f822edc66a987493ca697fab61fa682a1443b4
TR-31538,2024-10-14,2024-10-01,TI,ACC-00159,DESPESA,6100.645447754591,6100.645447754591,BRL,Custo operacional associado a TI,8,BOLETO,ATRASADO,cd84a39c-feaa-44f3-8973-81bec6fbb53e,2024-11-05,ERP_CORPORATIVO,TRANSACOES_FINANCEIRAS,31538,c9153750ea2b9b30b796b36e6f0684cf58b63860b3e52daf68cacf8ddecfd49b
TR-31539,2024-10-14,2024-10-01,CPT,ACC-00159,DESPESA,6123.775928024724,5987.506561587804,BRL,Despesa operacional - CPT,8,BOLETO,PAGO,cd84a39c-feaa-44f3-8973-81bec6fbb53e,2024-11-05,ERP_CORPORATIVO,TRANSACOES_FINANCEIRAS,31539,cb8c055b58a5a7ae9e71b465e466d4a01688bd7118f27c43717dbc49aac2e8eb
TR-31540,2024-10-18,2024-10-01,FIN,ACC-00159,DESPESA,6201.473067005972,6201.473067005972,USD,Imposto sobre venda apurado em FIN,40,TED,PAGO,cd84a39c-feaa-44f3-8973-81bec6fbb53e,2024-11-05,ERP_CORPORATIVO,TRANSACOES_FINANCEIRAS,31540,67befa3d5f23209cf952143aef4b7328d1d2d89383ac80b7759a983d588a870d
TR-31541,2024-10-10,2024-10-01,QAS,ACC-00159,RECEITA,6152.316650099542,6152.316650099542,BRL,Aquisição de material operacional - QAS,2,TRANSFERENCIA,PAGO,cd84a39c-feaa-44f3-8973-81bec6fbb53e,2024-11-05,ERP_CORPORATIVO,TRANSACOES_FINANCEIRAS,31541,df7d04773bb7c3b17e1bf03197130d93a41dd39e7b3bcf0ec7701baeb81c2b03
TR-31542,2024-10-18,2024-10-01,TI,ACC-00159,RECEITA,6501.251051371473,6218.898945069989,BRL,Serviço especializado solicitado por TI,1,BOLETO,ATRASADO,cd84a39c-feaa-44f3-8973-81bec6fbb53e,2024-11-05,ERP_CORPORATIVO,TRANSACOES_FINANCEIRAS,31542,300cb43d7c06346c4cc58b910dea991173216eecf0d12692ab33ea3318ffbda5
TR-31543,2024-10-16,2024-10-01,ADM,ACC-00159,DESPESA,5998.127610075064,5795.5566599848,BRL,Custo operacional associado a ADM,8,TED,PAGO,cd84a39c-feaa-44f3-8973-81bec6fbb53e,2024-11-05,ERP_CORPORATIVO,TRANSACOES_FINANCEIRAS,31543,e254ef79f4ae60a879c8b28dd57409c487e9dfa451af74ac1e88e86487785785
TR-31544,2024-10-02,2024-10-01,COMP,ACC-00159,RECEITA,6705.502866817349,6705.502866817349,BRL,Compra de insumos para setor COMP,2,TRANSFERENCIA,PAGO,cd84a39c-feaa-44f3-8973-81bec6fbb53e,2024-11-05,ERP_CORPORATIVO,TRANSACOES_FINANCEIRAS,31544,95615c3ef5482907c34e9f402519eeb06819119a098a60201402f2faec3c22f0
TR-31545,2024-10-07,2024-10-01,OP,ACC-00159,DESPESA,5901.7913862867945,5901.7913862867945,BRL,Serviço de tecnologia contratado por OP,5,BOLETO,PAGO,cd84a39c-feaa-44f3-8973-81bec6fbb53e,2024-11-05,ERP_CORPORATIVO,TRANSACOES_FINANCEIRAS,31545,007475acf1854e220ae0a93deef2267ced48a71b3b8a2781c6ea1468e5159d99
TR-31546,2024-10-11,2024-10-01,MKT,ACC-00159,DESPESA,5654.731619651943,5654.731619651943,BRL,Contrato de serviço - setor MKT,1,TRANSFERENCIA,PAGO,cd84a39c-feaa-44f3-8973-81bec6fbb53e,2024-11-05,ERP_CORPORATIVO,TRANSACOES_FINANCEIRAS,31546,473913f157e17da74bb9bfd58688a0d71ebefbd5ff172f546407cdc9bfb39316
TR-31573,2024-10-07,2024-10-01,LOG,1000159,DESPESA,2180.5228533889444,2180.5228533889444,BRL,Despesa jurídica da área LOG,24,PIX,PAGO,cd84a39c-feaa-44f3-8973-81bec6fbb53e,2024-11-05,ERP_CORPORATIVO,TRANSACOES_FINANCEIRAS,31573,92b9c30c64756dab7b781286c4159d56ca24414ecc149cb9ddc014dbd839f076
TR-31574,2024-10-28,2024-10-01,CPT,1000159,DESPESA,2668.8350392739176,2592.4850711976887,BRL,Diária de hotel para equipe CPT,19,PIX,PAGO,cd84a39c-feaa-44f3-8973-81bec6fbb53e,2024-11-05,ERP_CORPORATIVO,TRANSACOES_FINANCEIRAS,31574,4acbd809ea5dead9ddb02933484bdc8cc85412baf961f6385f54dab5b16d2635
TR-31575,2024-10-29,2024-10-01,PRD,1000159,DESPESA,1987.4965255546106,1987.4965255546106,USD,Despesa operacional - PRD,8,BOLETO,PAGO,cd84a39c-feaa-44f3-8973-81bec6fbb53e,2024-11-05,ERP_CORPORATIVO,TRANSACOES_FINANCEIRAS,31575,8f6acd4bf2f23420a1a04890c8bb8c43406e4e0bc546544900aa01d8e09c4c1d
TR-31576,2024-10-15,2024-10-01,JUR,1000159,DESPESA,2221.2652010190486,2124.6860631201357,BRL,Honorários profissionais contratados por JUR,11,TED,PAGO,cd84a39c-feaa-44f3-8973-81bec6fbb53e,2024-11-05,ERP_CORPORATIVO,TRANSACOES_FINANCEIRAS,31576,dadb94108d23cf183f8ae0074a53bb4f41f6e6dd8271b7f8e9d15a16bb665454
TR-31577,2024-10-01,2024-10-01,RH,1000159,RECEITA,2449.6522155983594,2449.6522155983594,BRL,Despesa de RH - RH,6,PIX,PAGO,cd84a39c-feaa-44f3-8973-81bec6fbb53e,2024-11-05,ERP_CORPORATIVO,TRANSACOES_FINANCEIRAS,31577,174e35d342e890fffdfbf3f162915936a53c78e4038c8da1f4b9d92b866d484d
TR-31578,2024-10-09,2024-10-01,SEC,1000159,RECEITA,1991.6030262180766,1991.6030262180766,BRL,Licenciamento de software - SEC,5,CARTAO,PAGO,cd84a39c-feaa-44f3-8973-81bec6fbb53e,2024-11-05,ERP_CORPORATIVO,TRANSACOES_FINANCEIRAS,31578,6dea8c6bcfa553b1a175ac721df4c3bee1e80c55c717d206d4df75af4fec36c7
TR-31579,2024-10-11,2024-10-01,JUR,1000159,DESPESA,2079.4776984753134,2079.4776984753134,BRL,Estorno de receita - JUR,39,TRANSFERENCIA,PAGO,cd84a39c-feaa-44f3-8973-81bec6fbb53e,2024-11-05,ERP_CORPORATIVO,TRANSACOES_FINANCEIRAS,31579,c2f7bdda20b53c1fc119e0e4c532782e87924e1db0e0f995415c1528dd6c2f88
TR-31580,2024-10-14,2024-10-01,OP,1000159,DESPESA,2539.5489116102162,2539.5489116102162,BRL,Diária de hotel para equipe OP,19,TRANSFERENCIA,PAGO,cd84a39c-feaa-44f3-8973-81bec6fbb53e,2024-11-05,ERP_CORPORATIVO,TRANSACOES_FINANCEIRAS,31580,9e8b12888bf361f67a5da9b6457bdb99fcb53e8a2d8d46d1c9e97a1386f28c98
TR-31581,2024-10-21,2024-10-01,MKT,1000159,DESPESA,2598.5686341572637,2559.190861592033,BRL,Serviço relacionado a recursos humanos (MKT),6,TRANSFERENCIA,ATRASADO,cd84a39c-feaa-44f3-8973-81bec6fbb53e,2024-11-05,ERP_CORPORATIVO,TRANSACOES_FINANCEIRAS,31581,bd05b23cb48983e3d1ec5950182c8463d7735769a9b7e783f816f7bfa1d860da
TR-31582,2024-10-14,2024-10-01,ATD,1000159,DESPESA,2175.23486692912,2175.23486692912,BRL,Devolução de venda processada por ATD,39,TRANSFERENCIA,PAGO,cd84a39c-feaa-44f3-8973-81bec6fbb53e,2024-11-05,ERP_CORPORATIVO,TRANSACOES_FINANCEIRAS,31582,7010f13584c75850cdbbbe7d2a5c39b731164b3bb214451ffba74ac1d96320e6
TR-31583,2024-10-14,2024-10-01,JUR,1000159,DESPESA,2474.936267468917,2474.936267468917,BRL,Serviço de tecnologia contratado por JUR,5,BOLETO,PAGO,cd84a39c-feaa-44f3-8973-81bec6fbb53e,2024-11-05,ERP_CORPORATIVO,TRANSACOES_FINANCEIRAS,31583,c495c7f787c70bc7ffecbb418e971fe04c7be903111debdbb68251726e6bb746
TR-31584,2024-10-09,2024-10-01,RH,1000159,RECEITA,2654.193427800869,2525.8607003053426,BRL,Honorarium advocatício - RH,24,BOLETO,PAGO,cd84a39c-feaa-44f3-8973-81bec6fbb53e,2024-11-05,ERP_CORPORATIVO,TRANSACOES_FINANCEIRAS,31584,f6abc38c3a48ac9a8aeaf81120b61790d7a2ca93384bfb8c207fbcbec8817a0f
TR-31882,2024-10-25,2024-10-01,COM,ACC-00161,RECEITA,1513.1214212193531,1513.1214212193531,BRL,Custo operacional associado a COM,8,TED,PAGO,cd84a39c-feaa-44f3-8973-81bec6fbb53e,2024-11-05,ERP_CORPORATIVO,TRANSACOES_FINANCEIRAS,31882,67b0e93a3d8007b9b85b971b451cdd295ec712a7188d6ba187f104a7c913b002
TR-31883,2024-10-14,2024-10-01,RH,ACC-00161,RECEITA,1606.3325769337994,1606.3325769337994,BRL,Assessoria contábil prestada a RH,25,PIX,PAGO,cd84a39c-feaa-44f3-8973-81bec6fbb53e,2024-11-05,ERP_CORPORATIVO,TRANSACOES_FINANCEIRAS,31883,3a2662288badf0ee79b715464b31f19bc13fc8a9f11f5e3abaa478bc5ac1ecdb
TR-31884,2024-10-10,2024-10-01,COMP,ACC-00161,RECEITA,1467.7565186489135,1467.7565186489135,BRL,Desconto concedido em operação de COMP,38,TRANSFERENCIA,PAGO,cd84a39c-feaa-44f3-8973-81bec6fbb53e,2024-11-05,ERP_CORPORATIVO,TRANSACOES_FINANCEIRAS,31884,3449d2a120f3700aab82ef72468f2435bfc40b8db8c8b7eb06e91f48db8af49e
TR-31885,2024-10-07,2024-10-01,MKT,ACC-00161,RECEITA,1342.8980069541085,1292.8225730568058,BRL,Tarifas de serviços financeiros - MKT,22,PIX,PAGO,cd84a39c-feaa-44f3-8973-81bec6fbb53e,2024-11-05,ERP_CORPORATIVO,TRANSACOES_FINANCEIRAS,31885,be3e9e19495cab699305f9df88658e75973fca78d58abc1957fa2b243ae1e01a
TR-31886,2024-10-14,2024-10-01,COMP,ACC-00161,DESPESA,1434.6827529342545,1404.1303550090277,USD,Publicidade institucional - COMP,13,PIX,PAGO,cd84a39c-feaa-44f3-8973-81bec6fbb53e,2024-11-05,ERP_CORPORATIVO,TRANSACOES_FINANCEIRAS,31886,93f0c69f900e303ef3ec5c33ca7fc73168e909daafba756c4a2952c51f0d7ae2
TR-31887,2024-10-14,2024-10-01,COM,ACC-00161,RECEITA,1244.5645162266069,1204.011786885376,BRL,Compra de insumos para setor COM,2,TRANSFERENCIA,ATRASADO,cd84a39c-feaa-44f3-8973-81bec6fbb53e,2024-11-05,ERP_CORPORATIVO,TRANSACOES_FINANCEIRAS,31887,03632699ddeca3efe15739e70ceb35b6adbcbcdf77dcfafb6d96602b563d3972
TR-31888,2024-10-14,2024-10-01,JUR,ACC-00161,DESPESA,1562.9773565928076,1506.774643517977,BRL,Compra de insumos para setor JUR,2,PIX,CANCELADO,cd84a39c-feaa-44f3-8973-81bec6fbb53e,2024-11-05,ERP_CORPORATIVO,TRANSACOES_FINANCEIRAS,31888,af9eddc1b54ae3d4abb2dcdbf1700001fca90c5ed583556efd6d0cdbb3df2cb6
TR-31889,2024-10-07,2024-10-01,VND,ACC-00161,DESPESA,1477.313692552082,1477.313692552082,USD,Honorários profissionais contratados por VND,11,CARTAO,PAGO,cd84a39c-feaa-44f3-8973-81bec6fbb53e,2024-11-05,ERP_CORPORATIVO,TRANSACOES_FINANCEIRAS,31889,aa278fbb2fa3c0bdb1dc0e87810e8db7a46ca3fd1f72ecb287950cd133cc2511
TR-31890,2024-10-14,2024-10-01,MKT,ACC-00161,DESPESA,1332.5958529836296,1332.5958529836296,BRL,Serviço técnico especializado para MKT,11,PIX,PAGO,cd84a39c-feaa-44f3-8973-81bec6fbb53e,2024-11-05,ERP_CORPORATIVO,TRANSACOES_FINANCEIRAS,31890,1efee2ebc8b18f0a83cfe575270937797fc4892228d2f2a9eff3ef38d6472b7f
TR-31891,2024-10-22,2024-10-01,JUR,ACC-00161,RECEITA,1417.189655868245,1371.3901063260867,BRL,Despesa de refeição em deslocamento (JUR),20,PIX,PAGO,cd84a39c-feaa-44f3-8973-81bec6fbb53e,2024-11-05,ERP_CORPORATIVO,TRANSACOES_FINANCEIRAS,31891,c740f6cb5bf1a23873d65d6b819dd5e35ae6ba9d6f43b3f4d8df63f7a0782f9b
TR-31892,2024-10-17,2024-10-01,COMP,ACC-00161,RECEITA,1558.3211882316225,1558.3211882316225,BRL,Resultado de equivalência patrimonial - COMP,34,TRANSFERENCIA,PAGO,cd84a39c-feaa-44f3-8973-81bec6fbb53e,2024-11-05,ERP_CORPORATIVO,TRANSACOES_FINANCEIRAS,31892,3027df7794b5822a0bfb943fb62bc45786f6d5963f32f8490b63a2dc7694c1c3
TR-31893,2024-10-22,2024-10-01,COMP,ACC-00161,RECEITA,1579.2063889217518,1579.2063889217518,BRL,Manutenção de equipamentos de COMP,28,PIX,CANCELADO,cd84a39c-feaa-44f3-8973-81bec6fbb53e,2024-11-05,ERP_CORPORATIVO,TRANSACOES_FINANCEIRAS,31893,01d02424eb2072e62483eb3719d948cf5d512ae2b77cd0849cc576cde1f8a15b
TR-31894,2024-10-07,2024-10-01,OP,ACC-00161,RECEITA,1395.2066346206873,1395.2066346206873,BRL,Licenciamento de software - OP,5,TED,ATRASADO,cd84a39c-feaa-44f3-8973-81bec6fbb53e,2024-11-05,ERP_CORPORATIVO,TRANSACOES_FINANCEIRAS,31894,c51270ca9826b3b4e93363c34ba5fb71b76e551294fa2925f3a5dc747daeef3e
TR-31895,2024-10-10,2024-10-01,COM,ACC-00161,DESPESA,1742.1651820184804,1710.8710208332843,BRL,Contrato de serviço - setor COM,1,PIX,PAGO,cd84a39c-feaa-44f3-8973-81bec6fbb53e,2024-11-05,ERP_CORPORATIVO,TRANSACOES_FINANCEIRAS,31895,2b35bab632fd676f442c622e23618fc06f153106b09a0b290d3954da0a2f61b1
TR-31896,2024-10-11,2024-10-01,OP,ACC-00161,RECEITA,1611.6850741189664,1611.6850741189664,BRL,Compra de insumos para setor OP,2,CARTAO,PAGO,cd84a39c-feaa-44f3-8973-81bec6fbb53e,2024-11-05,ERP_CORPORATIVO,TRANSACOES_FINANCEIRAS,31896,079d8fee9ffdda9bd35505137be5a508551dc2ad432e97479b1ed4d2a36224da
TR-31897,2024-10-16,2024-10-01,PRD,ACC-00161,DESPESA,1481.8123240745804,1481.8123240745804,BRL,Serviço especializado solicitado por PRD,1,CARTAO,PAGO,cd84a39c-feaa-44f3-8973-81bec6fbb53e,2024-11-05,ERP_CORPORATIVO,TRANSACOES_FINANCEIRAS,31897,50c31343c6bea69a7ee37beef37ba31455d064f17da80c805b1f548b9ac86ef6
TR-31898,2024-10-28,2024-10-01,TI,ACC-00161,DESPESA,1351.1135483713804,1351.1135483713804,EUR,Licenciamento de software - TI,5,BOLETO,CANCELADO,cd84a39c-feaa-44f3-8973-81bec6fbb53e,2024-11-05,ERP_CORPORATIVO,TRANSACOES_FINANCEIRAS,31898,5c69fc154b5ca22ab8b82967449deaf8beeb50d8bc8187949d2580772ee026cf
TR-31899,2024-10-28,2024-10-01,COMP,ACC-00161,RECEITA,1355.220131091143,1355.220131091143,BRL,Prestação de serviço para área COMP,1,TRANSFERENCIA,PAGO,cd84a39c-feaa-44f3-8973-81bec6fbb53e,2024-11-05,ERP_CORPORATIVO,TRANSACOES_FINANCEIRAS,31899,1d74c02d244f6705f67474c95652f8702d6cbc89d88be8c79961b43ac99f768d
TR-32167,2024-10-25,2024-10-01,JUR,ACC-00162,DESPESA,2084.256082782636,2084.256082782636,USD,Desconto concedido em operação de JUR,38,TRANSFERENCIA,PAGO,cd84a39c-feaa-44f3-8973-81bec6fbb53e,2024-11-05,ERP_CORPORATIVO,TRANSACOES_FINANCEIRAS,32167,9605d6358b2ea2d16f9a46ad3c9e1940a593b493bd8c3f74c56826140c930fb9
TR-32168,2024-10-14,2024-10-01,FIN,ACC-00162,DESPESA,2194.986799850242,2194.986799850242,BRL,Alienação de bem patrimonial - FIN,35,BOLETO,ATRASADO,cd84a39c-feaa-44f3-8973-81bec6fbb53e,2024-11-05,ERP_CORPORATIVO,TRANSACOES_FINANCEIRAS,32168,20c92bcbfa152e371315e374836c1f108df4dbad32c4ca932422cbe47e3b3438
TR-32169,2024-10-07,2024-10-01,OP,ACC-00162,RECEITA,2093.0064990092533,1996.3472030431142,BRL,Licenciamento de software - OP,5,PIX,ATRASADO,cd84a39c-feaa-44f3-8973-81bec6fbb53e,2024-11-05,ERP_CORPORATIVO,TRANSACOES_FINANCEIRAS,32169,f76a081b577ff08a75104b7e12280937de67a4fb2695d3ae7a1bb75b1851608d
TR-32170,2024-10-21,2024-10-01,RH,ACC-00162,DESPESA,3975.326208634745,3917.7036553306502,BRL,Tributo incidente sobre receita de RH,40,TRANSFERENCIA,PAGO,cd84a39c-feaa-44f3-8973-81bec6fbb53e,2024-11-05,ERP_CORPORATIVO,TRANSACOES_FINANCEIRAS,32170,7953b53eea350d161833466d9a6852dba80ae6558871df7684f10aea1c184cf1
TR-32171,2024-10-03,2024-10-01,COMP,ACC-00162,RECEITA,2117.093166949658,2117.093166949658,BRL,Licenciamento de software - COMP,5,CARTAO,ATRASADO,cd84a39c-feaa-44f3-8973-81bec6fbb53e,2024-11-05,ERP_CORPORATIVO,TRANSACOES_FINANCEIRAS,32171,f4bbe6e39d943bf7ce850e5e9e90af6c1f1b80c47c96acd9aa5dfc8400c702d9
TR-32172,2024-10-21,2024-10-01,TI,ACC-00162,DESPESA,1973.7129685647142,1973.7129685647142,BRL,Contrato de SaaS vinculado a TI,27,BOLETO,ATRASADO,cd84a39c-feaa-44f3-8973-81bec6fbb53e,2024-11-05,ERP_CORPORATIVO,TRANSACOES_FINANCEIRAS,32172,fbce4171f751721102be84515fd2ecfb6815f86a66f632792479fa6db07c04de
TR-32173,2024-10-07,2024-10-01,CTB,ACC-00162,DESPESA,2051.4454569071527,1991.0884898445079,BRL,Despesa de infraestrutura - CTB,3,TRANSFERENCIA,PAGO,cd84a39c-feaa-44f3-8973-81bec6fbb53e,2024-11-05,ERP_CORPORATIVO,TRANSACOES_FINANCEIRAS,32173,da571bc68e6e8bd50059851f0e9aba467541b1d42f415210f37597f6b8147211
TR-32174,2024-10-21,2024-10-01,OP,ACC-00162,DESPESA,2367.123413231523,2367.123413231523,BRL,Tributo incidente sobre receita de OP,40,BOLETO,PAGO,cd84a39c-feaa-44f3-8973-81bec6fbb53e,2024-11-05,ERP_CORPORATIVO,TRANSACOES_FINANCEIRAS,32174,a12f58fe81dc84caf7aba5d27eb286917119f86d43de5ad63226d98fac6d6683
TR-32175,2024-10-24,2024-10-01,CPT,ACC-00162,RECEITA,1933.8108307616824,1901.1095052551539,EUR,Serviço relacionado a recursos humanos (CPT),6,TRANSFERENCIA,PAGO,cd84a39c-feaa-44f3-8973-81bec6fbb53e,2024-11-05,ERP_CORPORATIVO,TRANSACOES_FINANCEIRAS,32175,b9b78149db21e8073566e4ac4a6705c2951453acbd57438e97b7ea3fa3e1c83b
TR-32176,2024-10-16,2024-10-01,PRD,ACC-00162,DESPESA,1767.9864849793673,1767.9864849793673,EUR,Serviço de telefonia e internet - PRD,9,BOLETO,PAGO,cd84a39c-feaa-44f3-8973-81bec6fbb53e,2024-11-05,ERP_CORPORATIVO,TRANSACOES_FINANCEIRAS,32176,f051b132f328638f416a0e0386cc6d63279f6176eae1762c8e2f865ad6fdc6a9
TR-32177,2024-10-04,2024-10-01,COM,ACC-00162,RECEITA,1531.8077112991573,1477.3995266962215,BRL,Honorários jurídicos - COM,7,CARTAO,ATRASADO,cd84a39c-feaa-44f3-8973-81bec6fbb53e,2024-11-05,ERP_CORPORATIVO,TRANSACOES_FINANCEIRAS,32177,670753623b22fdf91ca94049f3338cbb5dedade255d44f98bd17ec5bb7af193b
TR-32178,2024-10-14,2024-10-01,COMP,ACC-00162,RECEITA,2393.2297075802617,2393.2297075802617,BRL,Licença de software para área COMP,27,PIX,ATRASADO,cd84a39c-feaa-44f3-8973-81bec6fbb53e,2024-11-05,ERP_CORPORATIVO,TRANSACOES_FINANCEIRAS,32178,c827ccb38a0ee6565c421cb1b1e7e6b4313f3231ce992bbf5a2be37120bcc377
TR-32179,2024-10-08,2024-10-01,COMP,ACC-00162,DESPESA,2404.0791712387468,2404.0791712387468,BRL,Reparo de frota vinculado à área COMP,17,CARTAO,PAGO,cd84a39c-feaa-44f3-8973-81bec6fbb53e,2024-11-05,ERP_CORPORATIVO,TRANSACOES_FINANCEIRAS,32179,c7a527aa232f4d3457e903c8eae02583abbeac16d989477d91308ffa0ffd97fe
TR-32180,2024-10-14,2024-10-01,PRD,ACC-00162,RECEITA,1786.0393588454706,1786.0393588454706,BRL,Despesa de RH - PRD,6,PIX,PAGO,cd84a39c-feaa-44f3-8973-81bec6fbb53e,2024-11-05,ERP_CORPORATIVO,TRANSACOES_FINANCEIRAS,32180,177c809b3ae54b07565ae182bba7b6034d61c1e73319006f89ab5ab290f9f049
TR-32181,2024-10-15,2024-10-01,COMP,ACC-00162,DESPESA,2242.7048790010385,2242.7048790010385,BRL,Licenciamento de software - COMP,5,CARTAO,PAGO,cd84a39c-feaa-44f3-8973-81bec6fbb53e,2024-11-05,ERP_CORPORATIVO,TRANSACOES_FINANCEIRAS,32181,128be1154b1d64a0ceb144a1d84938e9e23a6232ccb37aa0bdff0d45ffee4af3
TR-32182,2024-10-07,2024-10-01,TI,ACC-00162,RECEITA,2186.5826519488724,2186.5826519488724,BRL,Suporte técnico para sistemas de TI,29,TRANSFERENCIA,PAGO,cd84a39c-feaa-44f3-8973-81bec6fbb53e,2024-11-05,ERP_CORPORATIVO,TRANSACOES_FINANCEIRAS,32182,e1c890eaeb186eaffa1bf1c98d88010b3fcf59c7901f71f66f4ceee61804df5d
TR-32183,2024-10-17,2024-10-01,MKT,ACC-00162,DESPESA,2102.6713577806804,2102.6713577806804,BRL,Serviço especializado solicitado por MKT,1,TED,PAGO,cd84a39c-feaa-44f3-8973-81bec6fbb53e,2024-11-05,ERP_CORPORATIVO,TRANSACOES_FINANCEIRAS,32183,abb64a397e54efb4afcadd01ecc6d3cf1917457ec877e8f58c2b47d35a3cd1ab
TR-32184,2024-10-07,2024-10-01,ADM,ACC-00162,RECEITA,2073.848374795613,2073.848374795613,BRL,Assessoria legal vinculada à área ADM,7,CARTAO,PAGO,cd84a39c-feaa-44f3-8973-81bec6fbb53e,2024-11-05,ERP_CORPORATIVO,TRANSACOES_FINANCEIRAS,32184,0b7489ba32ba06be0bb08d97bf273384527f10356fbe251ca336f4bb1aa95538
TR-32185,2024-10-21,2024-10-01,COMP,ACC-00162,DESPESA,1830.5618058768598,1830.5618058768598,BRL,Royalties recebidos por COMP,32,CARTAO,PAGO,cd84a39c-feaa-44f3-8973-81bec6fbb53e,2024-11-05,ERP_CORPORATIVO,TRANSACOES_FINANCEIRAS,32185,305822b72a733acabda1ca2be966a7f8fafcf2f2aae0df71c1a261d52b79bb69
TR-32186,2024-10-18,2024-10-01,FIN,ACC-00162,DESPESA,1997.7427862794339,1997.7427862794339,BRL,Encargos de empréstimo vinculados a FIN,23,TRANSFERENCIA,PAGO,cd84a39c-feaa-44f3-8973-81bec6fbb53e,2024-11-05,ERP_CORPORATIVO,TRANSACOES_FINANCEIRAS,32186,bdf0221f50823e06367ee65beefcd0920b7c2ec7ee65322364d964629f5e36cd
TR-32528,2024-10-16,2024-10-01,OP,1000162,RECEITA,4432.617231801211,4432.617231801211,BRL,Certificado digital adquirido por OP,26,TRANSFERENCIA,ATRASADO,cd84a39c-feaa-44f3-8973-81bec6fbb53e,2024-11-05,ERP_CORPORATIVO,TRANSACOES_FINANCEIRAS,32528,7f1d70d5c11baab0dd2f7034e4539f2e545171f77e1f9ede657a87ffb4ff206b
TR-32529,2024-10-18,2024-10-01,TI,1000162,DESPESA,5682.747970699444,5682.747970699444,BRL,Abastecimento de veículos - TI,16,TED,PAGO,cd84a39c-feaa-44f3-8973-81bec6fbb53e,2024-11-05,ERP_CORPORATIVO,TRANSACOES_FINANCEIRAS,32529,7571298e7bc54f538de9489bc2259ff36242234da3f72eacd0acac026bc72ea5
TR-32530,2024-10-18,2024-10-01,COMP,1000162,RECEITA,4560.071237344053,4560.071237344053,BRL,Direitos de propriedade intelectual - COMP,32,TRANSFERENCIA,PAGO,cd84a39c-feaa-44f3-8973-81bec6fbb53e,2024-11-05,ERP_CORPORATIVO,TRANSACOES_FINANCEIRAS,32530,65d54314e9032a4e93f9aafd37cbac33b0f7a687552e46d50aea89bba1d64c71
TR-32531,2024-10-09,2024-10-01,COMP,1000162,DESPESA,4672.317827146553,4672.317827146553,BRL,Passagem aérea para colaborador de COMP,18,PIX,PAGO,cd84a39c-feaa-44f3-8973-81bec6fbb53e,2024-11-05,ERP_CORPORATIVO,TRANSACOES_FINANCEIRAS,32531,296fd0e58c6939da6380a9598cd8d92311745c71d37d91cfd7839c5926ea4b0c
TR-32532,2024-10-07,2024-10-01,OP,1000162,RECEITA,4819.385423182918,4819.385423182918,BRL,Tarifas de serviços financeiros - OP,22,BOLETO,PAGO,cd84a39c-feaa-44f3-8973-81bec6fbb53e,2024-11-05,ERP_CORPORATIVO,TRANSACOES_FINANCEIRAS,32532,9190b9b23837bd84711e6ef946934a84e419f2eac01c9b299972a68c27a10ff5
TR-32533,2024-10-28,2024-10-01,COM,1000162,RECEITA,4315.760595961642,4201.251085147613,BRL,Serviço de tecnologia contratado por COM,5,TED,CANCELADO,cd84a39c-feaa-44f3-8973-81bec6fbb53e,2024-11-05,ERP_CORPORATIVO,TRANSACOES_FINANCEIRAS,32533,c3657b1cd91920debfb6a355a63a6a297fe666bd4700d7e450b43bf86fc21d51
TR-32650,2024-10-21,2024-10-01,MKT,FORN-00164,DESPESA,7975.855745678379,7655.601660996837,BRL,Recebimento de subvenção - MKT,36,BOLETO,PAGO,cd84a39c-feaa-44f3-8973-81bec6fbb53e,2024-11-05,ERP_CORPORATIVO,TRANSACOES_FINANCEIRAS,32650,6e7074ebdcd0eb01557dd7f85613c8f6b3939413ee76bd9d64c6e2c4a8b5c47c
TR-32651,2024-10-18,2024-10-01,RH,FORN-00164,DESPESA,8714.106934388496,8714.106934388496,BRL,Alimentação em viagem corporativa - RH,20,BOLETO,PAGO,cd84a39c-feaa-44f3-8973-81bec6fbb53e,2024-11-05,ERP_CORPORATIVO,TRANSACOES_FINANCEIRAS,32651,fc345266a75666bdd6d478d75e00743431cfe72eadcd83816c0fd37bfaed8442
TR-32652,2024-10-22,2024-10-01,COM,FORN-00164,DESPESA,7281.7326305131755,7105.5147503212465,BRL,Contrato de serviço - setor COM,1,CARTAO,PAGO,cd84a39c-feaa-44f3-8973-81bec6fbb53e,2024-11-05,ERP_CORPORATIVO,TRANSACOES_FINANCEIRAS,32652,1f0e9c3fb880663722dcc8bbfba265a57795878521ea5e9bf2f056834ce6230f
TR-32653,2024-10-17,2024-10-01,LOG,FORN-00164,DESPESA,8325.178658538263,8230.939420925004,BRL,Abatimento comercial registrado em LOG,38,TED,PAGO,cd84a39c-feaa-44f3-8973-81bec6fbb53e,2024-11-05,ERP_CORPORATIVO,TRANSACOES_FINANCEIRAS,32653,49576ca1167bbf6988a95bb0c12f4fa5d52ba61c39b2f1956c1c340f8cd040f5
TR-32654,2024-10-14,2024-10-01,PJT,FORN-00164,RECEITA,7692.778394847808,7692.778394847808,BRL,Reparo e conservação de instalações - PJT,10,CARTAO,PAGO,cd84a39c-feaa-44f3-8973-81bec6fbb53e,2024-11-05,ERP_CORPORATIVO,TRANSACOES_FINANCEIRAS,32654,94c7f84dda432f4d4833dbc8650a12b0689f3b61ac83bfd5e6ac86985b32af2f
TR-32655,2024-10-11,2024-10-01,VND,FORN-00164,DESPESA,8402.305637617459,8402.305637617459,BRL,Estorno de receita - VND,39,PIX,PAGO,cd84a39c-feaa-44f3-8973-81bec6fbb53e,2024-11-05,ERP_CORPORATIVO,TRANSACOES_FINANCEIRAS,32655,7c6f1d5b7bed928cd8fc8502c0636e93b0d6c5f3d7347c5f7158d7882482aecb
TR-32656,2024-10-21,2024-10-01,SEC,FORN-00164,DESPESA,8578.685821569221,8578.685821569221,BRL,Despesa de infraestrutura - SEC,3,BOLETO,PAGO,cd84a39c-feaa-44f3-8973-81bec6fbb53e,2024-11-05,ERP_CORPORATIVO,TRANSACOES_FINANCEIRAS,32656,0d93b883deca40c56971fc48dd429f5d046551cd10ede7e4c7d1ffdc33b700de
TR-32657,2024-10-24,2024-10-01,FIN,FORN-00164,DESPESA,7031.067922848729,6926.327163919343,BRL,Manutenção preventiva de veículos - FIN,17,BOLETO,ATRASADO,cd84a39c-feaa-44f3-8973-81bec6fbb53e,2024-11-05,ERP_CORPORATIVO,TRANSACOES_FINANCEIRAS,32657,88ee592f54cc25edbfc6870c7ac453ccf7eddcb948ccf4d0af972a8669eff8aa
TR-32658,2024-10-07,2024-10-01,MKT,FORN-00164,DESPESA,9244.371563182447,9094.867437885068,BRL,Despesa jurídica da área MKT,24,TED,PAGO,cd84a39c-feaa-44f3-8973-81bec6fbb53e,2024-11-05,ERP_CORPORATIVO,TRANSACOES_FINANCEIRAS,32658,5304baacee11819b64fbf662177b10e5eb994fd504757affdb6fe61b6bfab136
TR-32659,2024-10-01,2024-10-01,COM,FORN-00164,DESPESA,7722.803597205689,7722.803597205689,BRL,Propaganda e divulgação para área COM,13,CARTAO,PAGO,cd84a39c-feaa-44f3-8973-81bec6fbb53e,2024-11-05,ERP_CORPORATIVO,TRANSACOES_FINANCEIRAS,32659,d38d5cc7c0e07dc2359f14ce6b5161e5dddae438814b9b1d40db335d965a7480
TR-32660,2024-10-11,2024-10-01,COMP,FORN-00164,RECEITA,6762.125269809955,6762.125269809955,BRL,Prestação de serviço para área COMP,1,BOLETO,PAGO,cd84a39c-feaa-44f3-8973-81bec6fbb53e,2024-11-05,ERP_CORPORATIVO,TRANSACOES_FINANCEIRAS,32660,e6c258b402590975a3d8c394bddf7beaabb42bf4a4a3c9bd574744fedfc47a9a
TR-32818,2024-10-08,2024-10-01,OP,FORN-00165,RECEITA,2240.243111819003,2175.923907795656,BRL,Despesa operacional - OP,8,PIX,ATRASADO,cd84a39c-feaa-44f3-8973-81bec6fbb53e,2024-11-05,ERP_CORPORATIVO,TRANSACOES_FINANCEIRAS,32818,8d9b7b90642ef083909ba12606cd660a5aa0fdf982a084b27e66673329f9a8d1
TR-32819,2024-10-14,2024-10-01,COMP,FORN-00165,DESPESA,2077.0154926451496,2039.0706970478018,BRL,Serviço especializado solicitado por COMP,1,BOLETO,PAGO,cd84a39c-feaa-44f3-8973-81bec6fbb53e,2024-11-05,ERP_CORPORATIVO,TRANSACOES_FINANCEIRAS,32819,72f1e2735a9db611bd8f25b528f95449a0f259f990a12e31e76ccc50d8e62cfd
TR-32820,2024-10-18,2024-10-01,OP,FORN-00165,DESPESA,2023.2332959337693,2023.2332959337693,BRL,Doação recebida em favor de OP,36,TED,ATRASADO,cd84a39c-feaa-44f3-8973-81bec6fbb53e,2024-11-05,ERP_CORPORATIVO,TRANSACOES_FINANCEIRAS,32820,5a15b35d6cb5228ad59fb9580dc18e9c9e67b8e0d879ad6c943c28c5f1cba9fc
TR-32821,2024-10-22,2024-10-01,JUR,FORN-00165,RECEITA,2475.97248913269,2475.97248913269,BRL,Prestação de serviço para área JUR,1,TED,PAGO,cd84a39c-feaa-44f3-8973-81bec6fbb53e,2024-11-05,ERP_CORPORATIVO,TRANSACOES_FINANCEIRAS,32821,f53aaff54a5a30207aa4b14ca172ba7d06ffd54e10eca1629d85eee2b6e07608
TR-32822,2024-10-17,2024-10-01,SEC,FORN-00165,RECEITA,2195.3499947939176,2146.207708859077,BRL,Encargos de empréstimo vinculados a SEC,23,TRANSFERENCIA,PAGO,cd84a39c-feaa-44f3-8973-81bec6fbb53e,2024-11-05,ERP_CORPORATIVO,TRANSACOES_FINANCEIRAS,32822,a9d4df18909c55280a2cb17e573ecb0978f0dcf54729d9673f3571a821cfac45
TR-32823,2024-10-03,2024-10-01,ESG,FORN-00165,RECEITA,2224.5940868216862,2224.5940868216862,BRL,Viagem corporativa - ESG,18,TRANSFERENCIA,PAGO,cd84a39c-feaa-44f3-8973-81bec6fbb53e,2024-11-05,ERP_CORPORATIVO,TRANSACOES_FINANCEIRAS,32823,305e25ee41df28890c6716bfe8ad5e6551bef3af5951f0761ef59652eea7658b
TR-32824,2024-10-18,2024-10-01,TI,FORN-00165,RECEITA,2204.0182125675883,2204.0182125675883,BRL,Alimentação em viagem corporativa - TI,20,BOLETO,PAGO,cd84a39c-feaa-44f3-8973-81bec6fbb53e,2024-11-05,ERP_CORPORATIVO,TRANSACOES_FINANCEIRAS,32824,f72865f50ceef70efe2f18734c1c3a6157b27a87ed44e4f905f81ab635cca549
TR-32825,2024-10-07,2024-10-01,ATD,FORN-00165,DESPESA,2086.231636836228,2086.231636836228,BRL,Tributo incidente sobre receita de ATD,40,BOLETO,PAGO,cd84a39c-feaa-44f3-8973-81bec6fbb53e,2024-11-05,ERP_CORPORATIVO,TRANSACOES_FINANCEIRAS,32825,dca701b3d9602f550d4eb51e21028c97e83da97a3e85fbe66dd762a573cb998e
TR-32826,2024-10-15,2024-10-01,PRD,FORN-00165,DESPESA,2260.4111318394857,2260.4111318394857,BRL,Desconto concedido em operação de PRD,38,TRANSFERENCIA,PAGO,cd84a39c-feaa-44f3-8973-81bec6fbb53e,2024-11-05,ERP_CORPORATIVO,TRANSACOES_FINANCEIRAS,32826,3f3fa5b4cac3270a11ed00bb7c5a8f2af1a5dd0747690cab870d125fd49b309c
TR-32827,2024-10-04,2024-10-01,COMP,FORN-00165,DESPESA,2340.126700514741,2340.126700514741,BRL,Manutenção estrutural vinculada à área COMP,3,PIX,CANCELADO,cd84a39c-feaa-44f3-8973-81bec6fbb53e,2024-11-05,ERP_CORPORATIVO,TRANSACOES_FINANCEIRAS,32827,ea692997b56453ac8c92c3caa2efd5f2d80611e8d83d8e446b256aaff793544d
TR-32828,2024-10-21,2024-10-01,COMP,FORN-00165,DESPESA,2104.1370515357394,2104.1370515357394,BRL,Prestação de serviço para área COMP,1,TED,PAGO,cd84a39c-feaa-44f3-8973-81bec6fbb53e,2024-11-05,ERP_CORPORATIVO,TRANSACOES_FINANCEIRAS,32828,3c1f88e736350025692fb135ffbb29cca80a70c0015c0f28eb38eb9cdc87edd1
TR-32829,2024-10-11,2024-10-01,RH,FORN-00165,RECEITA,2405.5022064627196,2405.5022064627196,BRL,Licença de software para área RH,27,PIX,ATRASADO,cd84a39c-feaa-44f3-8973-81bec6fbb53e,2024-11-05,ERP_CORPORATIVO,TRANSACOES_FINANCEIRAS,32829,a639e002399c74c0dd62d72b8983faefb3c0c8eed54bffcfa71ec971995d6740
TR-32830,2024-10-07,2024-10-01,RH,FORN-00165,DESPESA,2058.9894864697376,1980.0457040331576,BRL,Manutenção predial solicitada por RH,10,BOLETO,PAGO,cd84a39c-feaa-44f3-8973-81bec6fbb53e,2024-11-05,ERP_CORPORATIVO,TRANSACOES_FINANCEIRAS,32830,6a476ab6631ce730fe4d7ac9ed0ef44579a3c221c97a4e0ef8968ee0ba65418a
TR-33067,2024-10-07,2024-10-01,COM,ACC-00166,DESPESA,2653.951223109396,2653.951223109396,BRL,Reparo de hardware solicitado por COM,28,BOLETO,PAGO,cd84a39c-feaa-44f3-8973-81bec6fbb53e,2024-11-05,ERP_CORPORATIVO,TRANSACOES_FINANCEIRAS,33067,585de17651792863cf71a218d68e77c7c5bef58585e3fa20cb7493417f382fa2
TR-33068,2024-10-21,2024-10-01,PJT,ACC-00166,RECEITA,2191.6705936129383,2191.6705936129383,BRL,Reparo e conservação de instalações - PJT,10,TED,PAGO,cd84a39c-feaa-44f3-8973-81bec6fbb53e,2024-11-05,ERP_CORPORATIVO,TRANSACOES_FINANCEIRAS,33068,3ece72a5c9363e932b6aa1b76862e86decc5e407c50db776411c5b5cfdc28fb1
TR-33069,2024-10-16,2024-10-01,COMP,ACC-00166,DESPESA,1969.571994630598,1943.673850062446,BRL,Licenciamento de software - COMP,5,CARTAO,PAGO,cd84a39c-feaa-44f3-8973-81bec6fbb53e,2024-11-05,ERP_CORPORATIVO,TRANSACOES_FINANCEIRAS,33069,40d21bd7c6403900a8567af6bd7bc2a6061312abee1a6c2e8290f33d4712fe9b
TR-33070,2024-10-01,2024-10-01,FIN,ACC-00166,RECEITA,2103.4545921973768,2103.4545921973768,BRL,Serviço de tecnologia contratado por FIN,5,BOLETO,PAGO,cd84a39c-feaa-44f3-8973-81bec6fbb53e,2024-11-05,ERP_CORPORATIVO,TRANSACOES_FINANCEIRAS,33070,26d68959602bfeea3e4eabad9c221f59b3fe2da3b578fa4ecd5d9e810983f77f
TR-33071,2024-10-15,2024-10-01,OP,ACC-00166,RECEITA,2489.646542923114,2489.646542923114,BRL,Serviço de tecnologia contratado por OP,5,TED,PAGO,cd84a39c-feaa-44f3-8973-81bec6fbb53e,2024-11-05,ERP_CORPORATIVO,TRANSACOES_FINANCEIRAS,33071,ca065830471190dca1108c684e893e3f1c210522b16d88bee1ef4e8e4fec0e5b
TR-33072,2024-10-24,2024-10-01,FIN,ACC-00166,DESPESA,2364.564321777268,2364.564321777268,BRL,Locação de espaço comercial - FIN,31,PIX,ATRASADO,cd84a39c-feaa-44f3-8973-81bec6fbb53e,2024-11-05,ERP_CORPORATIVO,TRANSACOES_FINANCEIRAS,33072,fc27c23a6615b3e0981d85d7690690a069381055b0b3b54677737ea3e2ca2fb0
TR-33073,2024-10-22,2024-10-01,COM,ACC-00166,RECEITA,2247.3362141126017,2247.3362141126017,BRL,Diária de hotel para equipe COM,19,CARTAO,PAGO,cd84a39c-feaa-44f3-8973-81bec6fbb53e,2024-11-05,ERP_CORPORATIVO,TRANSACOES_FINANCEIRAS,33073,d4cd9a311459257575c1c0e627a90fc5434418cdf7980ec1df89bbc7c60297c4
TR-33074,2024-10-08,2024-10-01,OP,ACC-00166,RECEITA,2199.4671953625148,2199.4671953625148,BRL,Receita eventual registrada em OP,37,TED,PAGO,cd84a39c-feaa-44f3-8973-81bec6fbb53e,2024-11-05,ERP_CORPORATIVO,TRANSACOES_FINANCEIRAS,33074,78ac9391fcf048600eb25766b548e5015a4171dc81f6928ae9ee2dcb913b10d2
TR-33075,2024-10-08,2024-10-01,OP,ACC-00166,DESPESA,2237.692425497364,2162.408620260839,BRL,Devolução de venda processada por OP,39,BOLETO,PAGO,cd84a39c-feaa-44f3-8973-81bec6fbb53e,2024-11-05,ERP_CORPORATIVO,TRANSACOES_FINANCEIRAS,33075,f79226279093c9fbc7373ec6d2797bd766f8c43dd805507e7774588cce3e24c7
TR-33076,2024-10-18,2024-10-01,CPT,ACC-00166,DESPESA,2272.0004548637507,2272.0004548637507,BRL,Serviços contábeis externos - CPT,25,TRANSFERENCIA,PAGO,cd84a39c-feaa-44f3-8973-81bec6fbb53e,2024-11-05,ERP_CORPORATIVO,TRANSACOES_FINANCEIRAS,33076,c23a194c5b419918b38382c14e8bb2bd3efd659ee85e2fe9435b5b182ff2f508
TR-33077,2024-10-16,2024-10-01,COM,ACC-00166,DESPESA,2193.840712273367,2165.38540540017,BRL,Receita eventual registrada em COM,37,TED,PAGO,cd84a39c-feaa-44f3-8973-81bec6fbb53e,2024-11-05,ERP_CORPORATIVO,TRANSACOES_FINANCEIRAS,33077,116c1673051385cd948b7fafcaf4a47ef4fc23c4b090deb6ad17ae0d52442959
TR-33553,2024-10-22,2024-10-01,TI,ACC-00168,DESPESA,2603.345257010839,2603.345257010839,BRL,Despesa de infraestrutura - TI,3,PIX,PAGO,cd84a39c-feaa-44f3-8973-81bec6fbb53e,2024-11-05,ERP_CORPORATIVO,TRANSACOES_FINANCEIRAS,33553,001b594626609ed098afbba9846fe13ffb7086e4fa58c1d67e2a08fe10826127
TR-33554,2024-10-14,2024-10-01,PRD,ACC-00168,RECEITA,2544.8855406541948,2544.8855406541948,BRL,Aquisição de material operacional - PRD,2,BOLETO,PAGO,cd84a39c-feaa-44f3-8973-81bec6fbb53e,2024-11-05,ERP_CORPORATIVO,TRANSACOES_FINANCEIRAS,33554,0eabcde55bf9627b1ad29c97c35b6d1c931d86368e522600756f14d885280a1c
TR-33555,2024-10-28,2024-10-01,ATD,ACC-00168,DESPESA,2250.4473137103273,2163.3395007072318,BRL,Despesa operacional - ATD,8,BOLETO,PAGO,cd84a39c-feaa-44f3-8973-81bec6fbb53e,2024-11-05,ERP_CORPORATIVO,TRANSACOES_FINANCEIRAS,33555,b8335bcbf320a177817e58bfd63f5e574184e36844f7fc93f1415e190dac154c
TR-33556,2024-10-14,2024-10-01,PES,ACC-00168,DESPESA,2205.2787648008866,2205.2787648008866,BRL,Aquisição de material operacional - PES,2,CARTAO,PAGO,cd84a39c-feaa-44f3-8973-81bec6fbb53e,2024-11-05,ERP_CORPORATIVO,TRANSACOES_FINANCEIRAS,33556,d5f9e51d39217f094c8ab370464856fcbadcb04e7253bffb801e3365bf2e32fa
TR-33557,2024-10-14,2024-10-01,MKT,ACC-00168,DESPESA,2202.4859913999194,2202.4859913999194,EUR,Licença de software para área MKT,27,BOLETO,PAGO,cd84a39c-feaa-44f3-8973-81bec6fbb53e,2024-11-05,ERP_CORPORATIVO,TRANSACOES_FINANCEIRAS,33557,116ce82a4b821e2bb6b5a858a3596808be280185080717ae6ac26912b8d821b5
TR-33558,2024-10-14,2024-10-01,ESG,ACC-00168,RECEITA,2289.4031189868147,2289.4031189868147,BRL,Aquisição de material operacional - ESG,2,TED,PAGO,cd84a39c-feaa-44f3-8973-81bec6fbb53e,2024-11-05,ERP_CORPORATIVO,TRANSACOES_FINANCEIRAS,33558,6ba0717756d32fe551e4bbf83326e9b51b7abf7bdd72a3b65811fe2f149fc60a
TR-33559,2024-10-14,2024-10-01,VND,ACC-00168,DESPESA,2293.664912467733,2293.664912467733,USD,Contrato de serviço - setor VND,1,TED,PAGO,cd84a39c-feaa-44f3-8973-81bec6fbb53e,2024-11-05,ERP_CORPORATIVO,TRANSACOES_FINANCEIRAS,33559,4afdf467bb806f39d854838ee4e9f7a3e6073b12af328d1b1d1786232683bb26
TR-33560,2024-10-07,2024-10-01,COMP,ACC-00168,RECEITA,2341.3920807961804,2239.593164378503,BRL,Manutenção de equipamentos de COMP,28,TED,CANCELADO,cd84a39c-feaa-44f3-8973-81bec6fbb53e,2024-11-05,ERP_CORPORATIVO,TRANSACOES_FINANCEIRAS,33560,ec368704373b2f8bb55fec2838719ac2084c6676456661196e246721c0fe65ac
TR-33561,2024-10-14,2024-10-01,PRD,ACC-00168,RECEITA,2259.25440917473,2198.1468603071153,BRL,Campanha institucional - PRD,4,CARTAO,PAGO,cd84a39c-feaa-44f3-8973-81bec6fbb53e,2024-11-05,ERP_CORPORATIVO,TRANSACOES_FINANCEIRAS,33561,af57b16d48bdf5160a99c6673661276ce4dff9cacfd5897143990baf904c61b4
TR-33562,2024-10-17,2024-10-01,CPT,ACC-00168,RECEITA,2576.9999780302705,2576.9999780302705,BRL,Publicidade institucional - CPT,13,PIX,ATRASADO,cd84a39c-feaa-44f3-8973-81bec6fbb53e,2024-11-05,ERP_CORPORATIVO,TRANSACOES_FINANCEIRAS,33562,89997cae277890d06d8a2a20616a1125d43195ff2f03caa97bf3621a1b47107b
TR-33563,2024-10-18,2024-10-01,OP,ACC-00168,RECEITA,2501.5450123826363,2501.5450123826363,BRL,Despesa de RH - OP,6,TED,PAGO,cd84a39c-feaa-44f3-8973-81bec6fbb53e,2024-11-05,ERP_CORPORATIVO,TRANSACOES_FINANCEIRAS,33563,ecf115791d76e183644d5bb8444293f98ff1f2b54313c1c401f517437a2a6993
TR-33564,2024-10-14,2024-10-01,COMP,ACC-00168,RECEITA,2336.6225744371545,2336.6225744371545,BRL,Promoção e atividade externa - COMP,14,BOLETO,PAGO,cd84a39c-feaa-44f3-8973-81bec6fbb53e,2024-11-05,ERP_CORPORATIVO,TRANSACOES_FINANCEIRAS,33564,cf7a54d0fe7a1688983e2b9e5f71d3214d1b943fb477d38fa14d53f05579f101
TR-33565,2024-10-11,2024-10-01,VND,ACC-00168,DESPESA,2252.601695466734,2252.601695466734,BRL,Reparo de frota vinculado à área VND,17,TED,PAGO,cd84a39c-feaa-44f3-8973-81bec6fbb53e,2024-11-05,ERP_CORPORATIVO,TRANSACOES_FINANCEIRAS,33565,3642360383f32936c06e37debcba8f74aa59ea34f03dd9adc7cfe878ffb1ac18
TR-33566,2024-10-14,2024-10-01,COMP,ACC-00168,DESPESA,2246.595912004479,2150.379118904862,BRL,Capacitação profissional vinculada a COMP,30,BOLETO,ATRASADO,cd84a39c-feaa-44f3-8973-81bec6fbb53e,2024-11-05,ERP_CORPORATIVO,TRANSACOES_FINANCEIRAS,33566,91df089641def9767cb238ae3ea275e5ef58114e752f61b1233b521e20ceafff
TR-33672,2024-10-21,2024-10-01,OP,1000168,DESPESA,3376.227003649228,3234.206291814736,BRL,Resultado de equivalência patrimonial - OP,34,CARTAO,PAGO,cd84a39c-feaa-44f3-8973-81bec6fbb53e,2024-11-05,ERP_CORPORATIVO,TRANSACOES_FINANCEIRAS,33672,39aed7de2a1332697a3a026efba4f3974d4df10dbc5499e0905841dba87cf3dd
TR-33673,2024-10-22,2024-10-01,JUR,1000168,DESPESA,5904.001849195981,5765.144514844609,BRL,Investimento em marketing corporativo (JUR),4,TED,PAGO,cd84a39c-feaa-44f3-8973-81bec6fbb53e,2024-11-05,ERP_CORPORATIVO,TRANSACOES_FINANCEIRAS,33673,13bf2b4052853aac8c391faea4024b547dd3b9b8ece81d4a5047acbfa4402325
TR-33674,2024-10-14,2024-10-01,OP,1000168,RECEITA,6577.6974614203855,6261.154807154185,BRL,Custo operacional associado a OP,8,TED,PAGO,cd84a39c-feaa-44f3-8973-81bec6fbb53e,2024-11-05,ERP_CORPORATIVO,TRANSACOES_FINANCEIRAS,33674,eb06f5ae405874892717147af18e8cc7c8af1e5f7fe2853c0f81836adbeb2865
TR-33675,2024-10-29,2024-10-01,OP,1000168,DESPESA,7085.7004230224775,7085.7004230224775,USD,Licenciamento de software - OP,5,PIX,PAGO,cd84a39c-feaa-44f3-8973-81bec6fbb53e,2024-11-05,ERP_CORPORATIVO,TRANSACOES_FINANCEIRAS,33675,bfd83f172880c699ffb3fa75f0f44d33ccfb139f2ca02ede1d76ed4e59cf99e4
TR-33676,2024-10-21,2024-10-01,COMP,1000168,DESPESA,5748.680253831043,5591.277116536436,BRL,Despesa operacional - COMP,8,PIX,PAGO,cd84a39c-feaa-44f3-8973-81bec6fbb53e,2024-11-05,ERP_CORPORATIVO,TRANSACOES_FINANCEIRAS,33676,b232273b3871ca201c52405c752c91bb66c42d36be4b50f93c5ffc4114afb82d
TR-33677,2024-10-18,2024-10-01,JUR,1000168,DESPESA,6072.516756587302,6001.216404788995,BRL,Locação de espaço comercial - JUR,31,TED,CANCELADO,cd84a39c-feaa-44f3-8973-81bec6fbb53e,2024-11-05,ERP_CORPORATIVO,TRANSACOES_FINANCEIRAS,33677,8aea6726d6b2b91798ad12e247b260dcb64878ff11117911944586b79115b204
TR-33678,2024-10-17,2024-10-01,FIN,1000168,DESPESA,7131.6163838007315,6912.017355298641,BRL,Encargos de empréstimo vinculados a FIN,23,PIX,CANCELADO,cd84a39c-feaa-44f3-8973-81bec6fbb53e,2024-11-05,ERP_CORPORATIVO,TRANSACOES_FINANCEIRAS,33678,349e509b2c1836fe2afabf3e2e6fc62680cf1cb1df7c0c16d5f4ce53c0c0dce0
TR-33679,2024-10-14,2024-10-01,COMP,1000168,RECEITA,6478.171080960251,6478.171080960251,BRL,Serviço especializado solicitado por COMP,1,PIX,PAGO,cd84a39c-feaa-44f3-8973-81bec6fbb53e,2024-11-05,ERP_CORPORATIVO,TRANSACOES_FINANCEIRAS,33679,814cce2144de22b6a4ab46af128a257ae589135e8da8921189f6fd242168e9d7
TR-33680,2024-10-17,2024-10-01,FIN,1000168,RECEITA,5546.288162950592,5546.288162950592,BRL,Despesa de RH - FIN,6,PIX,PAGO,cd84a39c-feaa-44f3-8973-81bec6fbb53e,2024-11-05,ERP_CORPORATIVO,TRANSACOES_FINANCEIRAS,33680,87dbe57cb2a27fd1ed8662de8d9f2a10b2d41fc4d35cdc9ecfa9fb310e1757d8
TR-33681,2024-10-10,2024-10-01,COMP,1000168,RECEITA,6606.207188690564,6458.264101362176,BRL,Apólice de seguro - COMP,21,PIX,PAGO,cd84a39c-feaa-44f3-8973-81bec6fbb53e,2024-11-05,ERP_CORPORATIVO,TRANSACOES_FINANCEIRAS,33681,cf1e0737405f94bcce1d8ee1844cc55be0c79be8ce5d5231dcd605a1ab10ca5a
TR-33682,2024-10-07,2024-10-01,MKT,1000168,RECEITA,6823.929517722532,6823.929517722532,BRL,Serviço de tecnologia contratado por MKT,5,BOLETO,PAGO,cd84a39c-feaa-44f3-8973-81bec6fbb53e,2024-11-05,ERP_CORPORATIVO,TRANSACOES_FINANCEIRAS,33682,7a5edf7c502548904ccdf568a91de3dbe8998c657ec28a387b72c60b636e53f9
TR-33683,2024-10-24,2024-10-01,RH,1000168,DESPESA,6791.430676497699,6791.430676497699,EUR,Diária de hotel para equipe RH,19,PIX,PAGO,cd84a39c-feaa-44f3-8973-81bec6fbb53e,2024-11-05,ERP_CORPORATIVO,TRANSACOES_FINANCEIRAS,33683,6ca497cbafba2293f4faa4af4db715d59d6e365b5517fde15acfc40060abbdf5
TR-33684,2024-10-28,2024-10-01,OP,1000168,RECEITA,8238.582928139429,8054.5432043350565,EUR,Serviços contábeis externos - OP,25,BOLETO,PAGO,cd84a39c-feaa-44f3-8973-81bec6fbb53e,2024-11-05,ERP_CORPORATIVO,TRANSACOES_FINANCEIRAS,33684,2c325af5abb41ee6a9b051812a8641538a7be160999bec6584daa971671e0be0
TR-33685,2024-10-25,2024-10-01,JUR,1000168,DESPESA,6103.817222655916,6018.49837142129,BRL,Locação de espaço comercial - JUR,31,PIX,ATRASADO,cd84a39c-feaa-44f3-8973-81bec6fbb53e,2024-11-05,ERP_CORPORATIVO,TRANSACOES_FINANCEIRAS,33685,68317f324608e5a96b7679d3c4f3f25ff883cdc698b6ca513ee02b605a322470
TR-33895,2024-10-14,2024-10-01,COM,1000169,DESPESA,1873.2379979702307,1873.2379979702307,BRL,Prestação de serviço para área COM,1,BOLETO,PAGO,cd84a39c-feaa-44f3-8973-81bec6fbb53e,2024-11-05,ERP_CORPORATIVO,TRANSACOES_FINANCEIRAS,33895,f7111c099fe59d8ee06deebab374d3a7019069c57799951c557487a39a042976
TR-33896,2024-10-18,2024-10-01,RH,1000169,DESPESA,1724.8092601554677,1724.8092601554677,BRL,Despesa de refeição em deslocamento (RH),20,CARTAO,PAGO,cd84a39c-feaa-44f3-8973-81bec6fbb53e,2024-11-05,ERP_CORPORATIVO,TRANSACOES_FINANCEIRAS,33896,6ef215795ed5b00a5172dbf7acbf83a0a1b054d18c6cf071ab96b3f12790f2d7
TR-33897,2024-10-21,2024-10-01,COM,1000169,RECEITA,1888.5455849434773,1888.5455849434773,BRL,Serviço de tecnologia contratado por COM,5,TRANSFERENCIA,PAGO,cd84a39c-feaa-44f3-8973-81bec6fbb53e,2024-11-05,ERP_CORPORATIVO,TRANSACOES_FINANCEIRAS,33897,1ff8bbeaeaa3bbf27175e524f89ee02d5400ea69ec8235a3f1f7a23519f6233b
TR-33898,2024-10-09,2024-10-01,RH,1000169,DESPESA,2079.691967342107,2079.691967342107,BRL,Prestação de serviço para área RH,1,PIX,PAGO,cd84a39c-feaa-44f3-8973-81bec6fbb53e,2024-11-05,ERP_CORPORATIVO,TRANSACOES_FINANCEIRAS,33898,6d05884c94e7783259a34fb9ac370a30608e5ae02984b8c4c8e3329aaf5b63db
TR-33899,2024-10-03,2024-10-01,COMP,1000169,DESPESA,1604.1156614457598,1604.1156614457598,BRL,Despesa de RH - COMP,6,CARTAO,CANCELADO,cd84a39c-feaa-44f3-8973-81bec6fbb53e,2024-11-05,ERP_CORPORATIVO,TRANSACOES_FINANCEIRAS,33899,d576e8c382230312301b534733ed0b78288531f6d13451e58b0cf54001ee0171
TR-33900,2024-10-16,2024-10-01,FIN,1000169,DESPESA,1693.3789245566882,1693.3789245566882,USD,Serviço especializado solicitado por FIN,1,BOLETO,PAGO,cd84a39c-feaa-44f3-8973-81bec6fbb53e,2024-11-05,ERP_CORPORATIVO,TRANSACOES_FINANCEIRAS,33900,edf85b97bcadbcd66bd470688b9be3f6d2eaccb89db4f3aacd328a98926f41d4
TR-33901,2024-10-14,2024-10-01,PJT,1000169,DESPESA,1700.405483363624,1700.405483363624,BRL,Aquisição de material operacional - PJT,2,PIX,PAGO,cd84a39c-feaa-44f3-8973-81bec6fbb53e,2024-11-05,ERP_CORPORATIVO,TRANSACOES_FINANCEIRAS,33901,ee1720b318999fb4cd5831ff2b0dde94bc283b45f49958917936ed345f123ae3
TR-33902,2024-10-23,2024-10-01,MKT,1000169,DESPESA,1872.4954291440845,1872.4954291440845,BRL,Custo operacional associado a MKT,8,TED,PAGO,cd84a39c-feaa-44f3-8973-81bec6fbb53e,2024-11-05,ERP_CORPORATIVO,TRANSACOES_FINANCEIRAS,33902,363f67bb1c651461a1e5bb6e4d12cd6b18f0720544224c9298af1cca274ac5bf
TR-33903,2024-10-17,2024-10-01,ESG,1000169,DESPESA,1973.727246411827,1973.727246411827,BRL,Licenciamento de software - ESG,5,TED,PAGO,cd84a39c-feaa-44f3-8973-81bec6fbb53e,2024-11-05,ERP_CORPORATIVO,TRANSACOES_FINANCEIRAS,33903,f7703c6a959abf36cf59c8b2fdc1626f183531f1452d334a677c50ee13e2d20a
TR-33904,2024-10-14,2024-10-01,VND,1000169,DESPESA,1525.3182703866723,1525.3182703866723,BRL,Licenciamento de software - VND,5,TED,PAGO,cd84a39c-feaa-44f3-8973-81bec6fbb53e,2024-11-05,ERP_CORPORATIVO,TRANSACOES_FINANCEIRAS,33904,76111eee4e22b7f67a529cd895933af4f3077ecbf5ab745c9452c55824d2c624
TR-33905,2024-10-16,2024-10-01,CTB,1000169,DESPESA,1782.1337712036607,1782.1337712036607,BRL,Custo operacional associado a CTB,8,BOLETO,PAGO,cd84a39c-feaa-44f3-8973-81bec6fbb53e,2024-11-05,ERP_CORPORATIVO,TRANSACOES_FINANCEIRAS,33905,4e17a46ce39aa1d0cbdcaf7faccc7a449e0cf047c4174d36bccfa4d503b36e0a
TR-33906,2024-10-16,2024-10-01,PJT,1000169,DESPESA,1820.2646428844205,1820.2646428844205,BRL,Royalties recebidos por PJT,32,TED,ATRASADO,cd84a39c-feaa-44f3-8973-81bec6fbb53e,2024-11-05,ERP_CORPORATIVO,TRANSACOES_FINANCEIRAS,33906,3a41fa5dc7203f599f78ea20aba603b1d3b3147fdeaecddf0fa077f2a2ad5b8a
TR-33907,2024-10-15,2024-10-01,CPT,1000169,DESPESA,1982.4818753894447,1982.4818753894447,BRL,Publicidade institucional - CPT,13,PIX,PAGO,cd84a39c-feaa-44f3-8973-81bec6fbb53e,2024-11-05,ERP_CORPORATIVO,TRANSACOES_FINANCEIRAS,33907,6eb3ce9d2007d59f2ea393804a55ba18e020558c262bd09041329a34c31e289c
TR-33908,2024-10-18,2024-10-01,ESG,1000169,RECEITA,1659.5973852363106,1659.5973852363106,BRL,Compra de insumos para setor ESG,2,TRANSFERENCIA,CANCELADO,cd84a39c-feaa-44f3-8973-81bec6fbb53e,2024-11-05,ERP_CORPORATIVO,TRANSACOES_FINANCEIRAS,33908,5903f7fc2ec7f5df12f3c5681e9e8c20f77478f37a5ba3a5751c5181378db04f
TR-33909,2024-10-14,2024-10-01,QAS,1000169,DESPESA,1952.5536625118425,1952.5536625118425,BRL,Compra de insumos para setor QAS,2,TED,ATRASADO,cd84a39c-feaa-44f3-8973-81bec6fbb53e,2024-11-05,ERP_CORPORATIVO,TRANSACOES_FINANCEIRAS,33909,9cdfe950a6a5bba0d151573211c519e05313854b62b7ff9617e992b350a67cad
TR-34143,2024-10-28,2024-10-01,QAS,FORN-00172,DESPESA,2384.188774490927,2286.0126700975734,BRL,Certificado digital adquirido por QAS,26,TED,CANCELADO,cd84a39c-feaa-44f3-8973-81bec6fbb53e,2024-11-05,ERP_CORPORATIVO,TRANSACOES_FINANCEIRAS,34143,e971662c7b82b9f759cbfedb6aedbd951a5a70132d4e10be00f33b7b62c8d95f
TR-34144,2024-10-16,2024-10-01,ESG,FORN-00172,DESPESA,2624.9549611762072,2535.2637867895633,BRL,Despesa de infraestrutura - ESG,3,BOLETO,PAGO,cd84a39c-feaa-44f3-8973-81bec6fbb53e,2024-11-05,ERP_CORPORATIVO,TRANSACOES_FINANCEIRAS,34144,e78a38a7cf4110290090be2022892269ad86503e612b894c45199b3b64bd2549
TR-34145,2024-10-18,2024-10-01,MKT,FORN-00172,DESPESA,2360.2711944760745,2360.2711944760745,BRL,Certificado digital adquirido por MKT,26,CARTAO,PAGO,cd84a39c-feaa-44f3-8973-81bec6fbb53e,2024-11-05,ERP_CORPORATIVO,TRANSACOES_FINANCEIRAS,34145,af19388123c2dd5a078cea8d8c5bdc79d5a1ab74fbe59151be6b5b8c01123fde
TR-34146,2024-10-04,2024-10-01,COMP,FORN-00172,RECEITA,2658.1473424760106,2658.1473424760106,BRL,Manutenção estrutural vinculada à área COMP,3,BOLETO,PAGO,cd84a39c-feaa-44f3-8973-81bec6fbb53e,2024-11-05,ERP_CORPORATIVO,TRANSACOES_FINANCEIRAS,34146,751e5fc26e8da6a575e84c3e96efa8fa8e3a067b23dd48717678fdf021e6815d
TR-34147,2024-10-10,2024-10-01,COMP,FORN-00172,DESPESA,2930.192582239798,2930.192582239798,BRL,Serviço de tecnologia contratado por COMP,5,BOLETO,PAGO,cd84a39c-feaa-44f3-8973-81bec6fbb53e,2024-11-05,ERP_CORPORATIVO,TRANSACOES_FINANCEIRAS,34147,bbb2498f51984142cda0ea9f2dae6dac08341f52c52503eea5d0b28497e1c52e
TR-34148,2024-10-07,2024-10-01,RH,FORN-00172,DESPESA,2632.1552285740495,2554.6931645846744,BRL,Contrato de serviço - setor RH,1,TRANSFERENCIA,ATRASADO,cd84a39c-feaa-44f3-8973-81bec6fbb53e,2024-11-05,ERP_CORPORATIVO,TRANSACOES_FINANCEIRAS,34148,cf9d441929051aa12eeb5d6dd3d1a4321cb889c4450904ba6f996ac9c42e5609
TR-34149,2024-10-17,2024-10-01,COMP,FORN-00172,RECEITA,3286.590318728124,3286.590318728124,BRL,Assessoria legal vinculada à área COMP,7,BOLETO,PAGO,cd84a39c-feaa-44f3-8973-81bec6fbb53e,2024-11-05,ERP_CORPORATIVO,TRANSACOES_FINANCEIRAS,34149,31c895356fdf2402aea24c91d255377fc309b0df7f6936e33b09e4f82f38d4f3
TR-34150,2024-10-23,2024-10-01,ESG,FORN-00172,DESPESA,2479.95789719036,2366.987448769838,USD,Campanha institucional - ESG,4,PIX,PAGO,cd84a39c-feaa-44f3-8973-81bec6fbb53e,2024-11-05,ERP_CORPORATIVO,TRANSACOES_FINANCEIRAS,34150,dff4f6176eff9dfa195dfe7ea3deced2366f9f347484ce143150ab31d70edbb0
TR-34151,2024-10-11,2024-10-01,OP,FORN-00172,DESPESA,2758.51542112394,2718.3642303388924,BRL,Honorários jurídicos - OP,7,BOLETO,PAGO,cd84a39c-feaa-44f3-8973-81bec6fbb53e,2024-11-05,ERP_CORPORATIVO,TRANSACOES_FINANCEIRAS,34151,c734d894afc811527d8384d223e6123b04370aa99ab18e25b4b10229e61c84f2
TR-34465,2024-10-14,2024-10-01,TI,FORN-00173,RECEITA,2236.124264712209,2180.7335660587405,BRL,Contrato de serviço - setor TI,1,PIX,PAGO,cd84a39c-feaa-44f3-8973-81bec6fbb53e,2024-11-05,ERP_CORPORATIVO,TRANSACOES_FINANCEIRAS,34465,27705a65c0052c7602ee4fd9d64cd6363d1adda4715ad96a73b6c19e3cb07946
TR-34466,2024-10-04,2024-10-01,RH,FORN-00173,DESPESA,2620.4298034241465,2505.5893319922648,BRL,Resultado de equivalência patrimonial - RH,34,TRANSFERENCIA,ATRASADO,cd84a39c-feaa-44f3-8973-81bec6fbb53e,2024-11-05,ERP_CORPORATIVO,TRANSACOES_FINANCEIRAS,34466,f100d77c7d53beb69e262676fcbdf145101f0eb177d05d1ac58e325e87123d18
TR-34467,2024-10-14,2024-10-01,PJT,FORN-00173,RECEITA,2229.384832133946,2229.384832133946,BRL,Alimentação em viagem corporativa - PJT,20,BOLETO,PAGO,cd84a39c-feaa-44f3-8973-81bec6fbb53e,2024-11-05,ERP_CORPORATIVO,TRANSACOES_FINANCEIRAS,34467,3c568f218b0746535e39c8386a7faa716361b8d14dc04bcfdfaf7bd8089b334d
TR-34468,2024-10-04,2024-10-01,OP,FORN-00173,DESPESA,2160.303865272137,2094.121554379539,USD,Manutenção estrutural vinculada à área OP,3,BOLETO,PAGO,cd84a39c-feaa-44f3-8973-81bec6fbb53e,2024-11-05,ERP_CORPORATIVO,TRANSACOES_FINANCEIRAS,34468,a90b68f8a6ca613a6196aef4d25850010c4014f702bac413aa364701e4e4b02d
TR-34469,2024-10-14,2024-10-01,PRD,FORN-00173,DESPESA,2766.8900614527647,2766.8900614527647,BRL,Alimentação em viagem corporativa - PRD,20,TED,PAGO,cd84a39c-feaa-44f3-8973-81bec6fbb53e,2024-11-05,ERP_CORPORATIVO,TRANSACOES_FINANCEIRAS,34469,ff1c85d454e5243e02b74909467f646e9b47cf695a818412ae62eb759dcfeeb3
TR-34470,2024-10-07,2024-10-01,RH,FORN-00173,DESPESA,2819.252652499429,2819.252652499429,BRL,Despesa de refeição em deslocamento (RH),20,CARTAO,PAGO,cd84a39c-feaa-44f3-8973-81bec6fbb53e,2024-11-05,ERP_CORPORATIVO,TRANSACOES_FINANCEIRAS,34470,e342ba3287e97f1c1ece8f6f9e95fb87dc2f11a9107dbf76ae716e7f6748b211
TR-34471,2024-10-04,2024-10-01,TI,FORN-00173,RECEITA,2524.810851542125,2411.703022543432,BRL,Resultado de equivalência patrimonial - TI,34,TED,CANCELADO,cd84a39c-feaa-44f3-8973-81bec6fbb53e,2024-11-05,ERP_CORPORATIVO,TRANSACOES_FINANCEIRAS,34471,bb025a3ac9619eb486f53e342b7ca468eac26c29638a981007d76b6772bb02ba
TR-34472,2024-10-18,2024-10-01,JUR,FORN-00173,DESPESA,2615.632211519256,2615.632211519256,BRL,Serviço de tecnologia contratado por JUR,5,TRANSFERENCIA,PAGO,cd84a39c-feaa-44f3-8973-81bec6fbb53e,2024-11-05,ERP_CORPORATIVO,TRANSACOES_FINANCEIRAS,34472,219e7bb73d11d5471bd7fa1f942b5629824c31489dcdcb0eec81455e4c275098
TR-34473,2024-10-07,2024-10-01,ESG,FORN-00173,DESPESA,2128.4335265141367,2023.665881301177,BRL,Manutenção preventiva de veículos - ESG,17,BOLETO,ATRASADO,cd84a39c-feaa-44f3-8973-81bec6fbb53e,2024-11-05,ERP_CORPORATIVO,TRANSACOES_FINANCEIRAS,34473,ebce03a6d2535566be5317a6e68132af044c57eaa848826333c0dcb89af4fd20
TR-34474,2024-10-21,2024-10-01,LOG,FORN-00173,DESPESA,2577.2981420135998,2577.2981420135998,BRL,Publicidade institucional - LOG,13,BOLETO,PAGO,cd84a39c-feaa-44f3-8973-81bec6fbb53e,2024-11-05,ERP_CORPORATIVO,TRANSACOES_FINANCEIRAS,34474,da774de40ac972e284fa9d168791bc447bd9f1f56887214022ab2f71bfe98e9c
TR-34475,2024-10-21,2024-10-01,OP,FORN-00173,DESPESA,2574.612691929206,2574.612691929206,BRL,Licenciamento de software - OP,5,BOLETO,PAGO,cd84a39c-feaa-44f3-8973-81bec6fbb53e,2024-11-05,ERP_CORPORATIVO,TRANSACOES_FINANCEIRAS,34475,d7659aa3b339b7f8c63efc6c004a1b5ac8aba08f58c3b816a546a9d26130d320
TR-34476,2024-10-28,2024-10-01,ATD,FORN-00173,DESPESA,2520.9910387381688,2520.9910387381688,BRL,Abatimento comercial registrado em ATD,38,BOLETO,PAGO,cd84a39c-feaa-44f3-8973-81bec6fbb53e,2024-11-05,ERP_CORPORATIVO,TRANSACOES_FINANCEIRAS,34476,d2766ddc39a53bea369ba939a1b731ae460d5e2b24e87c111b8884df7ba8b4d0
TR-34477,2024-10-03,2024-10-01,COMP,FORN-00173,DESPESA,2844.707902087046,2844.707902087046,BRL,Recebimento de subvenção - COMP,36,TED,PAGO,cd84a39c-feaa-44f3-8973-81bec6fbb53e,2024-11-05,ERP_CORPORATIVO,TRANSACOES_FINANCEIRAS,34477,40c0d628be6ab603a1f0d8f36ceb9e6460540f8ffadd824febb72cffdc873164
TR-34478,2024-10-11,2024-10-01,TI,FORN-00173,DESPESA,1920.8526794568488,1876.140378387528,BRL,Comissão recebida por TI,33,PIX,CANCELADO,cd84a39c-feaa-44f3-8973-81bec6fbb53e,2024-11-05,ERP_CORPORATIVO,TRANSACOES_FINANCEIRAS,34478,45ee0fd5b92e4253dbb4887b7ba609848e4220348c02323d31a6fb1ca67a4293
TR-34479,2024-10-17,2024-10-01,TI,FORN-00173,RECEITA,2369.9726970917395,2369.9726970917395,BRL,Abatimento comercial registrado em TI,38,BOLETO,PAGO,cd84a39c-feaa-44f3-8973-81bec6fbb53e,2024-11-05,ERP_CORPORATIVO,TRANSACOES_FINANCEIRAS,34479,6a02799f4b66600458f3cc2585377e1d85c1530510b2951b245cf77159f0b1f0
TR-34480,2024-10-04,2024-10-01,RH,FORN-00173,DESPESA,2798.293391442217,2798.293391442217,BRL,Prestação de serviço para área RH,1,TED,ATRASADO,cd84a39c-feaa-44f3-8973-81bec6fbb53e,2024-11-05,ERP_CORPORATIVO,TRANSACOES_FINANCEIRAS,34480,65c3f4adbbbf6aab36b1bc69d40f4a579f0c66fc3ccb9a10e0c1e92afb456860
TR-34481,2024-10-15,2024-10-01,RH,FORN-00173,DESPESA,2158.8166140959684,2078.1429125938025,BRL,Honorários jurídicos - RH,7,BOLETO,PAGO,cd84a39c-feaa-44f3-8973-81bec6fbb53e,2024-11-05,ERP_CORPORATIVO,TRANSACOES_FINANCEIRAS,34481,4271f5e41cc73be351bb2b35c99506ea4c2377141e48c64c3fbb2518c2450086
TR-34482,2024-10-24,2024-10-01,COMP,FORN-00173,RECEITA,2574.744936780072,2574.744936780072,BRL,Manutenção estrutural vinculada à área COMP,3,TED,PAGO,cd84a39c-feaa-44f3-8973-81bec6fbb53e,2024-11-05,ERP_CORPORATIVO,TRANSACOES_FINANCEIRAS,34482,4c720b91ee694f0d06d796b226524caa5f9c2ee11cdc4048990d2cd2766144ab
TR-34802,2024-10-10,2024-10-01,OP,1000173,DESPESA,1335.4505705907968,1335.4505705907968,BRL,Prestação de serviço para área OP,1,TED,ATRASADO,cd84a39c-feaa-44f3-8973-81bec6fbb53e,2024-11-05,ERP_CORPORATIVO,TRANSACOES_FINANCEIRAS,34802,a3e1dd277c5d2b86833ef55eb077222ba9712f9ec752e2302c6bfed251dc808f
TR-34803,2024-10-03,2024-10-01,COMP,1000173,DESPESA,1304.879271844318,1304.879271844318,BRL,Compra de insumos para setor COMP,2,PIX,CANCELADO,cd84a39c-feaa-44f3-8973-81bec6fbb53e,2024-11-05,ERP_CORPORATIVO,TRANSACOES_FINANCEIRAS,34803,0ea0e58f3316ac0e4805b028f38e54bda5cb8d418f66996e5f113543e682be8d
TR-34804,2024-10-14,2024-10-01,LOG,1000173,RECEITA,1589.6266918995984,1589.6266918995984,BRL,Despesa operacional - LOG,8,BOLETO,PAGO,cd84a39c-feaa-44f3-8973-81bec6fbb53e,2024-11-05,ERP_CORPORATIVO,TRANSACOES_FINANCEIRAS,34804,f6dcb1a5651e43c03b591b3c2ab4378605ed7752976ef38ede50798cfb86e5d0
TR-34805,2024-10-14,2024-10-01,OP,1000173,RECEITA,1153.0314342727895,1153.0314342727895,BRL,Suporte técnico para sistemas de OP,29,BOLETO,PAGO,cd84a39c-feaa-44f3-8973-81bec6fbb53e,2024-11-05,ERP_CORPORATIVO,TRANSACOES_FINANCEIRAS,34805,9827794916d6c7e20740f6f710399f8dbe9cd71eef7e9d739413bc47ddb97901
TR-34806,2024-10-14,2024-10-01,FIN,1000173,DESPESA,1854.9702749295793,1854.9702749295793,BRL,Apólice de seguro - FIN,21,PIX,PAGO,cd84a39c-feaa-44f3-8973-81bec6fbb53e,2024-11-05,ERP_CORPORATIVO,TRANSACOES_FINANCEIRAS,34806,d990416995160c79335a72caad8d9a59e83e7f15e2d14cb1c5cbd1aec401e9ff
TR-34807,2024-10-14,2024-10-01,FIN,1000173,DESPESA,1434.9960290489655,1394.2862761010226,BRL,Compra de insumos para setor FIN,2,TED,ATRASADO,cd84a39c-feaa-44f3-8973-81bec6fbb53e,2024-11-05,ERP_CORPORATIVO,TRANSACOES_FINANCEIRAS,34807,225edb2a548f6eeadc51a40cd3b1a235fd2128ff25e4e796772eb6ea436ad853
TR-34808,2024-10-10,2024-10-01,SEC,1000173,RECEITA,1275.5144740550875,1275.5144740550875,BRL,Custo operacional associado a SEC,8,BOLETO,PAGO,cd84a39c-feaa-44f3-8973-81bec6fbb53e,2024-11-05,ERP_CORPORATIVO,TRANSACOES_FINANCEIRAS,34808,3ebb93483c5a0779c1b63f59ecce0d3375f11c030a093f4ef88c325175aa18d4
TR-34809,2024-10-21,2024-10-01,RH,1000173,RECEITA,1608.8920692160232,1608.8920692160232,BRL,Aquisição de material operacional - RH,2,BOLETO,PAGO,cd84a39c-feaa-44f3-8973-81bec6fbb53e,2024-11-05,ERP_CORPORATIVO,TRANSACOES_FINANCEIRAS,34809,20c9a9925fe7cb53c45ffeb261b8d43757ba3ae7934b2ac47cd851e0989f0b57
TR-34810,2024-10-04,2024-10-01,VND,1000173,RECEITA,1506.5073334672195,1506.5073334672195,BRL,Prestação de serviço para área VND,1,TED,PAGO,cd84a39c-feaa-44f3-8973-81bec6fbb53e,2024-11-05,ERP_CORPORATIVO,TRANSACOES_FINANCEIRAS,34810,182486e23e31618e7cb93f512c8ea7cbea096f597e11e06c8a6afde290092260
TR-34811,2024-10-15,2024-10-01,FIN,1000173,DESPESA,1388.9538499345733,1347.58607416281,BRL,Taxas bancárias incidentes em FIN,22,PIX,ATRASADO,cd84a39c-feaa-44f3-8973-81bec6fbb53e,2024-11-05,ERP_CORPORATIVO,TRANSACOES_FINANCEIRAS,34811,757ec30c39eac31cc38f3e8e58adbbd629e9350ba41195c55bca860dc155268f
TR-34812,2024-10-15,2024-10-01,ATD,1000173,RECEITA,1441.8279655368965,1441.8279655368965,BRL,Comissão recebida por ATD,33,TRANSFERENCIA,ATRASADO,cd84a39c-feaa-44f3-8973-81bec6fbb53e,2024-11-05,ERP_CORPORATIVO,TRANSACOES_FINANCEIRAS,34812,6dba0488c77879b51dc9be9e6cfec204e5c0fb0222a46968bd2bc51138cda0ea
TR-34813,2024-10-04,2024-10-01,QAS,1000173,RECEITA,1513.4916359967797,1513.4916359967797,BRL,Tributo incidente sobre receita de QAS,40,TRANSFERENCIA,PAGO,cd84a39c-feaa-44f3-8973-81bec6fbb53e,2024-11-05,ERP_CORPORATIVO,TRANSACOES_FINANCEIRAS,34813,8b1a2b19762df29981bfbccbf1e30f14a76bbed4b16ce7c9cd37239122c4664a
TR-34814,2024-10-01,2024-10-01,ESG,1000173,RECEITA,1701.9031177937575,1664.0083767790347,BRL,Renovação de certificados digitais - ESG,26,BOLETO,ATRASADO,cd84a39c-feaa-44f3-8973-81bec6fbb53e,2024-11-05,ERP_CORPORATIVO,TRANSACOES_FINANCEIRAS,34814,11dac790adcbce0b05417f28bf58b50a021c6da8ebed58486d086a9b98c87ebb
TR-34815,2024-10-15,2024-10-01,QAS,1000173,RECEITA,1172.1480652906885,1172.1480652906885,BRL,Despesa operacional - QAS,8,CARTAO,ATRASADO,cd84a39c-feaa-44f3-8973-81bec6fbb53e,2024-11-05,ERP_CORPORATIVO,TRANSACOES_FINANCEIRAS,34815,8e73974fc5ec1fd96c6c9d28b78e6c29383da4c4d74759e9bb44db1295ccf4cc
TR-34816,2024-10-21,2024-10-01,COMP,1000173,RECEITA,1576.4507094626235,1576.4507094626235,BRL,Prestação de serviço para área COMP,1,PIX,PAGO,cd84a39c-feaa-44f3-8973-81bec6fbb53e,2024-11-05,ERP_CORPORATIVO,TRANSACOES_FINANCEIRAS,34816,d4a1d4d0191108ad4d44790be8f708fcb14d4dc93ec19efcb69e7664ab94b53c
TR-34817,2024-10-09,2024-10-01,COM,1000173,RECEITA,1800.2067684867302,1800.2067684867302,BRL,Licenciamento de software - COM,5,PIX,PAGO,cd84a39c-feaa-44f3-8973-81bec6fbb53e,2024-11-05,ERP_CORPORATIVO,TRANSACOES_FINANCEIRAS,34817,e5a3f97cff6601a3bf364f7cc949a0ca91486419dc896968802896c3192d5a5d
TR-34818,2024-10-04,2024-10-01,ADM,1000173,DESPESA,1407.5516139424958,1407.5516139424958,BRL,Tarifas de serviços financeiros - ADM,22,TED,PAGO,cd84a39c-feaa-44f3-8973-81bec6fbb53e,2024-11-05,ERP_CORPORATIVO,TRANSACOES_FINANCEIRAS,34818,487832597f2d722718fdacc435aa157f0a8f1ca240f4669cddb9299a9a01c326
TR-34819,2024-10-14,2024-10-01,PJT,1000173,RECEITA,1645.6562311256116,1645.6562311256116,BRL,Reparo e conservação de instalações - PJT,10,BOLETO,PAGO,cd84a39c-feaa-44f3-8973-81bec6fbb53e,2024-11-05,ERP_CORPORATIVO,TRANSACOES_FINANCEIRAS,34819,ba5eecf6d3178dc6acd3b14b753e45745b86953eae22af276a45135db5aff20c
TR-35111,2024-10-24,2024-10-01,COM,1000174,DESPESA,12374.96104349171,12374.96104349171,BRL,Imposto sobre venda apurado em COM,40,CARTAO,PAGO,cd84a39c-feaa-44f3-8973-81bec6fbb53e,2024-11-05,ERP_CORPORATIVO,TRANSACOES_FINANCEIRAS,35111,d3917c50a9c85d69dd0cffe1b3f02b1674bf4892b7fd66f3ccf5f7038eb4c00f
TR-35112,2024-10-11,2024-10-01,PJT,1000174,RECEITA,11711.672682742272,11711.672682742272,BRL,Receita extraordinária - PJT,37,TRANSFERENCIA,ATRASADO,cd84a39c-feaa-44f3-8973-81bec6fbb53e,2024-11-05,ERP_CORPORATIVO,TRANSACOES_FINANCEIRAS,35112,4cb1185e6847b9f9a07fb2b859698de5723db0c375efe9e155fafa11fd9f2388
TR-35113,2024-10-18,2024-10-01,RH,1000174,DESPESA,15279.98487385376,15031.242254670782,BRL,Manutenção preventiva de veículos - RH,17,TED,PAGO,cd84a39c-feaa-44f3-8973-81bec6fbb53e,2024-11-05,ERP_CORPORATIVO,TRANSACOES_FINANCEIRAS,35113,821aa177a10bedad834f5a7076d225e0dd5c8fb4249772f2abc7150223ff6821
TR-35292,2024-10-07,2024-10-01,COM,FORN-00176,RECEITA,1857.6047249837636,1857.6047249837636,BRL,Compra de insumos para setor COM,2,TED,PAGO,cd84a39c-feaa-44f3-8973-81bec6fbb53e,2024-11-05,ERP_CORPORATIVO,TRANSACOES_FINANCEIRAS,35292,a0145329223977ad93bfa4ab8b1d01a71dfd6ccef2c8b05968313a4c9d655cae
TR-35293,2024-10-14,2024-10-01,CPT,FORN-00176,DESPESA,2275.032242458996,2275.032242458996,BRL,Campanha institucional - CPT,4,PIX,PAGO,cd84a39c-feaa-44f3-8973-81bec6fbb53e,2024-11-05,ERP_CORPORATIVO,TRANSACOES_FINANCEIRAS,35293,664a0a5365abc4adc0b7c75e60b0237db4d852de9b26aac9a31f939692b53550
TR-35294,2024-10-22,2024-10-01,ADM,FORN-00176,DESPESA,2352.940408122871,2329.226053338612,BRL,Receita de aluguel creditada em ADM,31,TED,PAGO,cd84a39c-feaa-44f3-8973-81bec6fbb53e,2024-11-05,ERP_CORPORATIVO,TRANSACOES_FINANCEIRAS,35294,562f61d559860601254b3ede8f94f8457f122afd0a998bc130b92055c44c0814
TR-35295,2024-10-14,2024-10-01,LOG,FORN-00176,DESPESA,2210.8868371974954,2150.1093540683382,BRL,Despesa operacional - LOG,8,BOLETO,PAGO,cd84a39c-feaa-44f3-8973-81bec6fbb53e,2024-11-05,ERP_CORPORATIVO,TRANSACOES_FINANCEIRAS,35295,8b2da5ac529f32f02f5587b9798bc3f4dce92f56f9b0abd008c17114d0993ea3
TR-35296,2024-10-21,2024-10-01,RH,FORN-00176,DESPESA,2180.3249000831993,2180.3249000831993,BRL,Seguro contratado pela área RH,21,PIX,PAGO,cd84a39c-feaa-44f3-8973-81bec6fbb53e,2024-11-05,ERP_CORPORATIVO,TRANSACOES_FINANCEIRAS,35296,827273c25205905d368799a6dea7868d8769f191928642c59ba97786effd31f2
TR-35297,2024-10-21,2024-10-01,QAS,FORN-00176,DESPESA,2021.208226102492,2021.208226102492,BRL,Combustível e lubrificantes para frota (QAS),16,BOLETO,ATRASADO,cd84a39c-feaa-44f3-8973-81bec6fbb53e,2024-11-05,ERP_CORPORATIVO,TRANSACOES_FINANCEIRAS,35297,6e43615f7204420d6273cef6bb9d185b858a3c75af6a7989446cf48aa15be48f
TR-35298,2024-10-24,2024-10-01,FIN,FORN-00176,DESPESA,2281.4813822358437,2281.4813822358437,BRL,Prestação de serviço para área FIN,1,BOLETO,PAGO,cd84a39c-feaa-44f3-8973-81bec6fbb53e,2024-11-05,ERP_CORPORATIVO,TRANSACOES_FINANCEIRAS,35298,114ae0edbba581c4a96486408ab3cd2dbfee374075cb84c87ecf5dbb42d72731
TR-35299,2024-10-16,2024-10-01,ESG,FORN-00176,RECEITA,2319.854244516818,2319.854244516818,BRL,Compra de insumos para setor ESG,2,TRANSFERENCIA,PAGO,cd84a39c-feaa-44f3-8973-81bec6fbb53e,2024-11-05,ERP_CORPORATIVO,TRANSACOES_FINANCEIRAS,35299,bf4777d96b0e12e6d8a3b917b31e55773bd841687c115afa8564ab0d2081754c
TR-35300,2024-10-14,2024-10-01,PRD,FORN-00176,RECEITA,2250.26920034532,2217.7656456009217,BRL,Serviço de tecnologia contratado por PRD,5,BOLETO,ATRASADO,cd84a39c-feaa-44f3-8973-81bec6fbb53e,2024-11-05,ERP_CORPORATIVO,TRANSACOES_FINANCEIRAS,35300,0ceed8648374bbc777c9f179310478bf5359b36eefbc55202202b36afa58628c
TR-35301,2024-10-24,2024-10-01,PJT,FORN-00176,RECEITA,2605.2543931935347,2605.2543931935347,BRL,Serviço de tecnologia contratado por PJT,5,CARTAO,PAGO,cd84a39c-feaa-44f3-8973-81bec6fbb53e,2024-11-05,ERP_CORPORATIVO,TRANSACOES_FINANCEIRAS,35301,c70dc67c62153eba2bae7225ce30b317f203c0d627fa9cd6752408c020bc88ea
TR-35620,2024-10-04,2024-10-01,ADM,1000176,RECEITA,2167.8025090978763,2131.3432840147675,BRL,Serviço relacionado a recursos humanos (ADM),6,PIX,PAGO,cd84a39c-feaa-44f3-8973-81bec6fbb53e,2024-11-05,ERP_CORPORATIVO,TRANSACOES_FINANCEIRAS,35620,510a86bf01dccae9b5e1920065f420ca757698584f036e2cae1a2e31c7220648
TR-35621,2024-10-14,2024-10-01,LOG,1000176,RECEITA,2020.8943007464843,2020.8943007464843,BRL,Serviço relacionado a recursos humanos (LOG),6,BOLETO,ATRASADO,cd84a39c-feaa-44f3-8973-81bec6fbb53e,2024-11-05,ERP_CORPORATIVO,TRANSACOES_FINANCEIRAS,35621,2feaff20ceab6f70f221ccf3d2ff1be114ab85d2b28f713256d5ca24d81d4d33
TR-35622,2024-10-15,2024-10-01,PES,1000176,DESPESA,2013.0819406349422,2013.0819406349422,USD,Assessoria contábil prestada a PES,25,TED,PAGO,cd84a39c-feaa-44f3-8973-81bec6fbb53e,2024-11-05,ERP_CORPORATIVO,TRANSACOES_FINANCEIRAS,35622,fc5c3838d09eb69bd15af65869916c4003afe3f7d4f588d5ebfb03cf121d61c6
TR-35623,2024-10-15,2024-10-01,CTB,1000176,DESPESA,1832.457065290989,1832.457065290989,BRL,Investimento em marketing corporativo (CTB),4,TRANSFERENCIA,PAGO,cd84a39c-feaa-44f3-8973-81bec6fbb53e,2024-11-05,ERP_CORPORATIVO,TRANSACOES_FINANCEIRAS,35623,67820b206ff8a2adbec3ecef6190ec7c0fdd517660b5f5ceca75cdbfa0eaf724
TR-35624,2024-10-21,2024-10-01,PES,1000176,RECEITA,2124.340314337545,2124.340314337545,BRL,Aquisição de material operacional - PES,2,PIX,PAGO,cd84a39c-feaa-44f3-8973-81bec6fbb53e,2024-11-05,ERP_CORPORATIVO,TRANSACOES_FINANCEIRAS,35624,bb80c1877b9afee505889e2c5900ae9b79f0aef28ca656079f3ada0854b73e7c
TR-35625,2024-10-15,2024-10-01,CTB,1000176,DESPESA,2008.3145777188804,1918.1621418174568,USD,Custo operacional associado a CTB,8,BOLETO,PAGO,cd84a39c-feaa-44f3-8973-81bec6fbb53e,2024-11-05,ERP_CORPORATIVO,TRANSACOES_FINANCEIRAS,35625,0bd1aa3e1de6950dd474c4de881ede869802a1df7b1413aa3b57fbf39856a621
TR-35626,2024-10-23,2024-10-01,LOG,1000176,DESPESA,2196.4015273934283,2093.8154311953076,BRL,Abastecimento de veículos - LOG,16,PIX,PAGO,cd84a39c-feaa-44f3-8973-81bec6fbb53e,2024-11-05,ERP_CORPORATIVO,TRANSACOES_FINANCEIRAS,35626,e247183c3343f5025c016850ecee9cad14c3b040e6b069403dc0f3fff32e20fd
TR-35627,2024-10-16,2024-10-01,FIN,1000176,RECEITA,1774.7373023303026,1774.7373023303026,BRL,Aquisição de material operacional - FIN,2,PIX,CANCELADO,cd84a39c-feaa-44f3-8973-81bec6fbb53e,2024-11-05,ERP_CORPORATIVO,TRANSACOES_FINANCEIRAS,35627,7e007b4c8f727348e8d132a27dd6eb66a47ec4c1f92124be64effa32a485ebaf
TR-35628,2024-10-14,2024-10-01,JUR,1000176,RECEITA,2246.0473367746145,2246.0473367746145,USD,Combustível e lubrificantes para frota (JUR),16,BOLETO,PAGO,cd84a39c-feaa-44f3-8973-81bec6fbb53e,2024-11-05,ERP_CORPORATIVO,TRANSACOES_FINANCEIRAS,35628,cd5526a2c027b5ef2a08bc916550be543a83e038fba940174700ecbb8d5b8e01
TR-35629,2024-10-07,2024-10-01,COM,1000176,DESPESA,2008.6373543317152,2008.6373543317152,BRL,Licença de software para área COM,27,CARTAO,ATRASADO,cd84a39c-feaa-44f3-8973-81bec6fbb53e,2024-11-05,ERP_CORPORATIVO,TRANSACOES_FINANCEIRAS,35629,b937f383d254d3defaf02c52ead35f2ac720c2c3046b21f92613585f5611a5dc
TR-35630,2024-10-16,2024-10-01,OP,1000176,DESPESA,1900.890320105716,1818.2726255411508,BRL,Manutenção de equipamentos de OP,28,BOLETO,PAGO,cd84a39c-feaa-44f3-8973-81bec6fbb53e,2024-11-05,ERP_CORPORATIVO,TRANSACOES_FINANCEIRAS,35630,e0f07f16eb9039222ca514ef68b18582caa54fbb047b0d513618034b81f4f5b3
TR-35631,2024-10-14,2024-10-01,OP,1000176,DESPESA,2023.831561978199,1950.8875064850351,BRL,Compra de insumos para setor OP,2,BOLETO,CANCELADO,cd84a39c-feaa-44f3-8973-81bec6fbb53e,2024-11-05,ERP_CORPORATIVO,TRANSACOES_FINANCEIRAS,35631,c4037e3ce417f26530bcf5a45affab49f791955f5095ccb800f1256d3f115b1d
TR-35632,2024-10-18,2024-10-01,COM,1000176,DESPESA,1802.4787191651483,1802.4787191651483,BRL,Assessoria legal vinculada à área COM,7,TRANSFERENCIA,PAGO,cd84a39c-feaa-44f3-8973-81bec6fbb53e,2024-11-05,ERP_CORPORATIVO,TRANSACOES_FINANCEIRAS,35632,53aa97142a3328fb16544cb27b0833a76e288bcfd9df542df1d4887764023c4c
TR-35633,2024-10-14,2024-10-01,ADM,1000176,RECEITA,2054.209763100788,2054.209763100788,BRL,Doação recebida em favor de ADM,36,BOLETO,PAGO,cd84a39c-feaa-44f3-8973-81bec6fbb53e,2024-11-05,ERP_CORPORATIVO,TRANSACOES_FINANCEIRAS,35633,11df6983a46e95f93f4892a86b5940e909dc12583c6bd4439aa804c6968e048d
TR-35634,2024-10-14,2024-10-01,FIN,1000176,DESPESA,2141.063987034593,2115.0648055643887,BRL,Certificado digital adquirido por FIN,26,TRANSFERENCIA,CANCELADO,cd84a39c-feaa-44f3-8973-81bec6fbb53e,2024-11-05,ERP_CORPORATIVO,TRANSACOES_FINANCEIRAS,35634,8b5224d9c3d36fd908279486278159fe780a94671362694acfb4c8040472f2ae
TR-36127,2024-10-17,2024-10-01,QAS,1000179,RECEITA,7361.646772173326,7361.646772173326,BRL,Aquisição de material operacional - QAS,2,TRANSFERENCIA,PAGO,cd84a39c-feaa-44f3-8973-81bec6fbb53e,2024-11-05,ERP_CORPORATIVO,TRANSACOES_FINANCEIRAS,36127,5991d3c54ea56c344316b75d8cbb060e1c109d7b83b3d677f85244ebae274e99
TR-36128,2024-10-28,2024-10-01,OP,1000179,DESPESA,7819.291350802972,7623.449681586221,BRL,Despesa de RH - OP,6,TED,PAGO,cd84a39c-feaa-44f3-8973-81bec6fbb53e,2024-11-05,ERP_CORPORATIVO,TRANSACOES_FINANCEIRAS,36128,9b56f4f098729f8a505fa6ed88f4ebf23b47d5abb3a9ffe3ede7f0bec332aa97
TR-36129,2024-10-14,2024-10-01,COMP,1000179,DESPESA,7506.370611586225,7506.370611586225,BRL,Capacitação profissional vinculada a COMP,30,TRANSFERENCIA,PAGO,cd84a39c-feaa-44f3-8973-81bec6fbb53e,2024-11-05,ERP_CORPORATIVO,TRANSACOES_FINANCEIRAS,36129,0b3670da3509f8089a39230fdf3ba074db911fec135bcd54f6c464ed0a57c6d1
TR-36130,2024-10-23,2024-10-01,SEC,1000179,DESPESA,7813.792927760134,7813.792927760134,BRL,Compra de insumos para setor SEC,2,BOLETO,PAGO,cd84a39c-feaa-44f3-8973-81bec6fbb53e,2024-11-05,ERP_CORPORATIVO,TRANSACOES_FINANCEIRAS,36130,6099c752ec50239c6f928fda8bd4bd70b444d9a901d40768479d2704c60201eb
TR-36131,2024-10-17,2024-10-01,ESG,1000179,DESPESA,8031.2105713221135,8031.2105713221135,BRL,Serviços contábeis externos - ESG,25,PIX,PAGO,cd84a39c-feaa-44f3-8973-81bec6fbb53e,2024-11-05,ERP_CORPORATIVO,TRANSACOES_FINANCEIRAS,36131,0ed3fe95ac15f7cf290a782a82907ce2f40dd01825c400b2285baa8ab867088d
TR-36132,2024-10-16,2024-10-01,OP,1000179,DESPESA,9211.961342398878,9211.961342398878,BRL,Hospedagem em viagem a serviço de OP,19,TED,PAGO,cd84a39c-feaa-44f3-8973-81bec6fbb53e,2024-11-05,ERP_CORPORATIVO,TRANSACOES_FINANCEIRAS,36132,08a26de68e227a2d6116deb9cef9a24552388fdcb45c2c9cd96dc1597f4ef3e7
TR-36133,2024-10-16,2024-10-01,COMP,1000179,DESPESA,7759.655832234969,7759.655832234969,BRL,Manutenção estrutural vinculada à área COMP,3,BOLETO,PAGO,cd84a39c-feaa-44f3-8973-81bec6fbb53e,2024-11-05,ERP_CORPORATIVO,TRANSACOES_FINANCEIRAS,36133,7c4f76acca5ae2363248100c8b658ff24c322f153cb0bb9ea7626abe3ac01ed8
TR-36390,2024-10-16,2024-10-01,MKT,ACC-00181,RECEITA,2091.5288316241576,2040.5958239621143,USD,Juros sobre operação financeira - MKT,23,CARTAO,PAGO,cd84a39c-feaa-44f3-8973-81bec6fbb53e,2024-11-05,ERP_CORPORATIVO,TRANSACOES_FINANCEIRAS,36390,b525a5adfb37ceabcb749963317058de6a71b48aa5bb867b6b7daa8c831a508d
TR-36391,2024-10-15,2024-10-01,LOG,ACC-00181,DESPESA,847.4289810134937,777.5684889217194,BRL,Tarifas de serviços financeiros - LOG,22,PIX,ATRASADO,cd84a39c-feaa-44f3-8973-81bec6fbb53e,2024-11-05,ERP_CORPORATIVO,TRANSACOES_FINANCEIRAS,36391,b068d742c891bb2c2f24ac7890ae5845c8b4b19ff24e9641409b6ef1a57c9a21
TR-36392,2024-10-11,2024-10-01,ATD,ACC-00181,DESPESA,1902.2005204067805,1830.3643410112054,BRL,Serviço relacionado a recursos humanos (ATD),6,BOLETO,PAGO,cd84a39c-feaa-44f3-8973-81bec6fbb53e,2024-11-05,ERP_CORPORATIVO,TRANSACOES_FINANCEIRAS,36392,30a326b0598ca49a12b5648522b0c7e9253abcb7adf857543d53daae6fbda6b2
TR-36393,2024-10-03,2024-10-01,COMP,ACC-00181,DESPESA,1731.8134620565902,1684.4744311285385,BRL,Manutenção estrutural vinculada à área COMP,3,PIX,PAGO,cd84a39c-feaa-44f3-8973-81bec6fbb53e,2024-11-05,ERP_CORPORATIVO,TRANSACOES_FINANCEIRAS,36393,6bf834cd30fffb0938cdead9077402754378b1b9f89bfaaf1bd0f5e22cb39c4b
TR-36394,2024-10-28,2024-10-01,RH,ACC-00181,DESPESA,1857.56074056107,1857.56074056107,BRL,Publicidade institucional - RH,13,CARTAO,CANCELADO,cd84a39c-feaa-44f3-8973-81bec6fbb53e,2024-11-05,ERP_CORPORATIVO,TRANSACOES_FINANCEIRAS,36394,4871569f616754fbf06f003d0bd3868b5b2ddf39a85e5f9bd99cd2abcdcd05e6
TR-36395,2024-10-14,2024-10-01,PES,ACC-00181,RECEITA,1927.757201080573,1842.498544806466,BRL,Manutenção predial solicitada por PES,10,CARTAO,PAGO,cd84a39c-feaa-44f3-8973-81bec6fbb53e,2024-11-05,ERP_CORPORATIVO,TRANSACOES_FINANCEIRAS,36395,28a24abb2709e76cf15a539090bf02edfc5e619b1317e03409657d60cfcd29a4
TR-36396,2024-10-17,2024-10-01,VND,ACC-00181,RECEITA,1704.6380895727252,1704.6380895727252,BRL,Receita eventual registrada em VND,37,PIX,PAGO,cd84a39c-feaa-44f3-8973-81bec6fbb53e,2024-11-05,ERP_CORPORATIVO,TRANSACOES_FINANCEIRAS,36396,2e4f52b007d2351175cbabb53822f0ab1aeb9aca32a645b8b2372c683bd09b74
TR-36397,2024-10-15,2024-10-01,PRD,ACC-00181,DESPESA,1915.2200676283944,1915.2200676283944,BRL,Manutenção estrutural vinculada à área PRD,3,TED,ATRASADO,cd84a39c-feaa-44f3-8973-81bec6fbb53e,2024-11-05,ERP_CORPORATIVO,TRANSACOES_FINANCEIRAS,36397,4e061e2545a2d46a1a5c1c080bf7b660841ac051d6e17bdf7452b058c0b33241
TR-36398,2024-10-21,2024-10-01,COMP,ACC-00181,DESPESA,2036.3688316113569,2036.3688316113569,BRL,Custo operacional associado a COMP,8,BOLETO,PAGO,cd84a39c-feaa-44f3-8973-81bec6fbb53e,2024-11-05,ERP_CORPORATIVO,TRANSACOES_FINANCEIRAS,36398,50eea2236056c859ec891a8e553d4ab4c2815c90792f00b920e426e0bd48afae
TR-36399,2024-10-10,2024-10-01,OP,ACC-00181,DESPESA,1585.1636672922536,1515.958878913037,BRL,Royalties recebidos por OP,32,PIX,PAGO,cd84a39c-feaa-44f3-8973-81bec6fbb53e,2024-11-05,ERP_CORPORATIVO,TRANSACOES_FINANCEIRAS,36399,9287fb28fcdc0d5222722c50cb2fa6af4c327028fa33c1802b15890aedb36c33
TR-36400,2024-10-10,2024-10-01,OP,ACC-00181,DESPESA,1812.334518329544,1812.334518329544,BRL,Serviço de tecnologia contratado por OP,5,BOLETO,PAGO,cd84a39c-feaa-44f3-8973-81bec6fbb53e,2024-11-05,ERP_CORPORATIVO,TRANSACOES_FINANCEIRAS,36400,648970ca90a198e59491959e512f13f0307b602c5476f6a0fef20e76f892a4c4
TR-36401,2024-10-15,2024-10-01,PJT,ACC-00181,RECEITA,2497.383337287868,2497.383337287868,BRL,Certificado digital adquirido por PJT,26,PIX,PAGO,cd84a39c-feaa-44f3-8973-81bec6fbb53e,2024-11-05,ERP_CORPORATIVO,TRANSACOES_FINANCEIRAS,36401,88c5d4a3217d329575d60e09e412012aee9a40f31657870fcfcfeb369d568430
TR-36402,2024-10-03,2024-10-01,OP,ACC-00181,DESPESA,1895.3188383604092,1895.3188383604092,BRL,Prestação de serviço para área OP,1,TRANSFERENCIA,PAGO,cd84a39c-feaa-44f3-8973-81bec6fbb53e,2024-11-05,ERP_CORPORATIVO,TRANSACOES_FINANCEIRAS,36402,fe3fc4e926817ecc58387d954cf89f1728edf29fd6e66fb87ecf1f90f97def93
TR-36403,2024-10-18,2024-10-01,CTB,ACC-00181,DESPESA,2167.815666851316,2167.815666851316,BRL,Encargos de empréstimo vinculados a CTB,23,TED,PAGO,cd84a39c-feaa-44f3-8973-81bec6fbb53e,2024-11-05,ERP_CORPORATIVO,TRANSACOES_FINANCEIRAS,36403,f0aa689e3c797e5cbe9c08a743e06c0a00da1fc57a228ffd18ab49f59cc69365
TR-36404,2024-10-21,2024-10-01,JUR,ACC-00181,DESPESA,1929.1585956090055,1845.964984153019,USD,Prestação de serviço para área JUR,1,BOLETO,PAGO,cd84a39c-feaa-44f3-8973-81bec6fbb53e,2024-11-05,ERP_CORPORATIVO,TRANSACOES_FINANCEIRAS,36404,a1f7cfb3b6c4e9394a3f9063bc79e8f58d1d9d64bda400e239509251349ff069
TR-36405,2024-10-21,2024-10-01,LOG,ACC-00181,DESPESA,1871.699332416073,1871.699332416073,BRL,Honorários profissionais contratados por LOG,11,TRANSFERENCIA,PAGO,cd84a39c-feaa-44f3-8973-81bec6fbb53e,2024-11-05,ERP_CORPORATIVO,TRANSACOES_FINANCEIRAS,36405,39b7b0c3c1e120763109f41aafb203cf2e02e4c730ee65cb94b8ad7d65b0f966
TR-36406,2024-10-28,2024-10-01,SEC,ACC-00181,RECEITA,2123.740116568112,2050.6425872582936,BRL,Despesa operacional - SEC,8,BOLETO,CANCELADO,cd84a39c-feaa-44f3-8973-81bec6fbb53e,2024-11-05,ERP_CORPORATIVO,TRANSACOES_FINANCEIRAS,36406,5d1b264ccba11831c504b26a3b3180a2fa57f4eae393be1aecde0a30fe609ee8
TR-36969,2024-10-15,2024-10-01,TI,ACC-00184,DESPESA,4407.133994858728,4407.133994858728,BRL,Serviço de tecnologia contratado por TI,5,BOLETO,PAGO,cd84a39c-feaa-44f3-8973-81bec6fbb53e,2024-11-05,ERP_CORPORATIVO,TRANSACOES_FINANCEIRAS,36969,d44a548b0d8c4d740f15c1e8edfb53f80f074873fd5b3557bf2e1d2a684cc104
TR-36970,2024-10-16,2024-10-01,COMP,ACC-00184,DESPESA,3494.219604300222,3374.513578296548,BRL,Seguro contratado pela área COMP,21,PIX,PAGO,cd84a39c-feaa-44f3-8973-81bec6fbb53e,2024-11-05,ERP_CORPORATIVO,TRANSACOES_FINANCEIRAS,36970,4104fb49f2250acbbf2e536c1a93af91cd23816761a7442114c95b202d088932
TR-36971,2024-10-08,2024-10-01,TI,ACC-00184,RECEITA,3305.7184057758363,3305.7184057758363,BRL,Receita de aluguel creditada em TI,31,TED,ATRASADO,cd84a39c-feaa-44f3-8973-81bec6fbb53e,2024-11-05,ERP_CORPORATIVO,TRANSACOES_FINANCEIRAS,36971,cb3d2368314b00a4bb4cac68b4edd6013885d58a33aee4af3e5d2cb01850071d
TR-36972,2024-10-15,2024-10-01,RH,ACC-00184,DESPESA,3898.549506248049,3898.549506248049,BRL,Aquisição de material operacional - RH,2,BOLETO,PAGO,cd84a39c-feaa-44f3-8973-81bec6fbb53e,2024-11-05,ERP_CORPORATIVO,TRANSACOES_FINANCEIRAS,36972,5582f853805b3389aa00ef7efb3d5e790e50431eebf24090d81a1df2b9455ff4
TR-36973,2024-10-07,2024-10-01,TI,ACC-00184,DESPESA,3835.799854900734,3835.799854900734,BRL,Despesa de RH - TI,6,BOLETO,PAGO,cd84a39c-feaa-44f3-8973-81bec6fbb53e,2024-11-05,ERP_CORPORATIVO,TRANSACOES_FINANCEIRAS,36973,6bbec4ed9a482742976b42bfa7d8763077a5e4388b2b619811c96e8d2cd795e0
TR-36974,2024-10-24,2024-10-01,RH,ACC-00184,DESPESA,3621.9903160729923,3621.9903160729923,BRL,Custo operacional associado a RH,8,TRANSFERENCIA,PAGO,cd84a39c-feaa-44f3-8973-81bec6fbb53e,2024-11-05,ERP_CORPORATIVO,TRANSACOES_FINANCEIRAS,36974,45945dc073244738f662b96ee1ed54215092868e76e5c5e1117823bc47e87a29
TR-36975,2024-10-29,2024-10-01,OP,ACC-00184,DESPESA,4040.0221056001346,4040.0221056001346,BRL,Prestação de serviço para área OP,1,TED,ATRASADO,cd84a39c-feaa-44f3-8973-81bec6fbb53e,2024-11-05,ERP_CORPORATIVO,TRANSACOES_FINANCEIRAS,36975,833f4763c8f59976ca34207c05086f63c25b4cbc367deac1aa03ada8557d093b
TR-36976,2024-10-28,2024-10-01,RH,ACC-00184,DESPESA,3836.997195128921,3836.997195128921,BRL,Manutenção preventiva de veículos - RH,17,TED,PAGO,cd84a39c-feaa-44f3-8973-81bec6fbb53e,2024-11-05,ERP_CORPORATIVO,TRANSACOES_FINANCEIRAS,36976,188e80511be399b5e1e477f8f749935da7a96ccd922e7ecb7a51a1b58740b87f
TR-36977,2024-10-16,2024-10-01,PES,ACC-00184,DESPESA,4924.7390490294065,4680.402701579332,BRL,Promoção e atividade externa - PES,14,PIX,PAGO,cd84a39c-feaa-44f3-8973-81bec6fbb53e,2024-11-05,ERP_CORPORATIVO,TRANSACOES_FINANCEIRAS,36977,28a21d685271e045548c73075aa9ac194fc08b7ad9bf97b7ffb2b5295ef7e4e0
TR-36978,2024-10-25,2024-10-01,JUR,ACC-00184,DESPESA,3877.023770758544,3877.023770758544,BRL,Despesa jurídica da área JUR,24,BOLETO,PAGO,cd84a39c-feaa-44f3-8973-81bec6fbb53e,2024-11-05,ERP_CORPORATIVO,TRANSACOES_FINANCEIRAS,36978,e8eb857d421fa8532f4e2adbcc4465957610deee10f9ed843d86e09740073e19
TR-36979,2024-10-16,2024-10-01,MKT,ACC-00184,RECEITA,3480.2325553025466,3480.2325553025466,BRL,Despesa jurídica da área MKT,24,PIX,PAGO,cd84a39c-feaa-44f3-8973-81bec6fbb53e,2024-11-05,ERP_CORPORATIVO,TRANSACOES_FINANCEIRAS,36979,9aa428b66a2f0e2b9f23a6e9556d7e24b2d65d1f59ba78da9a24fe3d3204f14e
TR-36980,2024-10-25,2024-10-01,FIN,ACC-00184,RECEITA,4072.97447673004,3932.6993108525785,BRL,Custo operacional associado a FIN,8,TRANSFERENCIA,ATRASADO,cd84a39c-feaa-44f3-8973-81bec6fbb53e,2024-11-05,ERP_CORPORATIVO,TRANSACOES_FINANCEIRAS,36980,151075abe53d116a55007a0dee5d432669014aa3c2badb544a7a16f38e0d85fc
TR-37043,2024-10-28,2024-10-01,FIN,ACC-00185,RECEITA,1162.6218061916647,1146.1925000954952,BRL,Capacitação profissional vinculada a FIN,30,TED,PAGO,cd84a39c-feaa-44f3-8973-81bec6fbb53e,2024-11-05,ERP_CORPORATIVO,TRANSACOES_FINANCEIRAS,37043,41739fc2e74c2ad5dd0978959ec50e600da15d56bd7e2b00c9ca2ec6015b4b4b
TR-37044,2024-10-28,2024-10-01,FIN,ACC-00185,RECEITA,1109.1015968242375,1062.2087362555844,BRL,Despesa operacional - FIN,8,TRANSFERENCIA,CANCELADO,cd84a39c-feaa-44f3-8973-81bec6fbb53e,2024-11-05,ERP_CORPORATIVO,TRANSACOES_FINANCEIRAS,37044,9fd48fe3144170a29a6c1480fb66749a86530ec3b134d48eba22ce6613bba908
TR-37045,2024-10-04,2024-10-01,CTB,ACC-00185,DESPESA,1104.0266568007346,1104.0266568007346,BRL,Contrato de serviço - setor CTB,1,TED,ATRASADO,cd84a39c-feaa-44f3-8973-81bec6fbb53e,2024-11-05,ERP_CORPORATIVO,TRANSACOES_FINANCEIRAS,37045,48f5b6119bebf44905b09d89639f0262190ef49ee562af45799b004babfed4e7
TR-37046,2024-10-07,2024-10-01,OP,ACC-00185,DESPESA,1035.3555123814049,1014.3111484924523,BRL,Alienação de bem patrimonial - OP,35,TRANSFERENCIA,PAGO,cd84a39c-feaa-44f3-8973-81bec6fbb53e,2024-11-05,ERP_CORPORATIVO,TRANSACOES_FINANCEIRAS,37046,e030d398b820381f6a0d21a98d34d78dc538b92312fe7140e22db72f4d879d9e
TR-37047,2024-10-22,2024-10-01,OP,ACC-00185,DESPESA,1082.5302294705828,1082.5302294705828,BRL,Resultado de equivalência patrimonial - OP,34,TED,ATRASADO,cd84a39c-feaa-44f3-8973-81bec6fbb53e,2024-11-05,ERP_CORPORATIVO,TRANSACOES_FINANCEIRAS,37047,30e50771ce51a6182f2c588d36df35ac9a11f19d4e43e0c9a55d1f7673084903
TR-37048,2024-10-09,2024-10-01,RH,ACC-00185,RECEITA,985.7660745744457,939.7057818155907,BRL,Diária de hotel para equipe RH,19,BOLETO,PAGO,cd84a39c-feaa-44f3-8973-81bec6fbb53e,2024-11-05,ERP_CORPORATIVO,TRANSACOES_FINANCEIRAS,37048,74784a5994b079c9c0c1f447ac4bf74a5ea0cca997242ee94fe050abffd8dc3d
TR-37049,2024-10-14,2024-10-01,SEC,ACC-00185,DESPESA,1041.6432361068996,1041.6432361068996,BRL,Treinamento corporativo para equipe SEC,30,TED,PAGO,cd84a39c-feaa-44f3-8973-81bec6fbb53e,2024-11-05,ERP_CORPORATIVO,TRANSACOES_FINANCEIRAS,37049,74e61e786218e13233fb0f7c4c15bce3d86570f159c06de193c992b1a1967636
TR-37050,2024-10-07,2024-10-01,TI,ACC-00185,RECEITA,1352.339503022782,1325.9487306553958,BRL,Contrato de serviço - setor TI,1,BOLETO,ATRASADO,cd84a39c-feaa-44f3-8973-81bec6fbb53e,2024-11-05,ERP_CORPORATIVO,TRANSACOES_FINANCEIRAS,37050,03ed57cec84d7eb4aca34bfffeb8f0ecbdd4d503701600051e02f393f06de085
TR-37051,2024-10-07,2024-10-01,COM,ACC-00185,DESPESA,1109.8528219590326,1072.8922410031162,BRL,Renovação de certificados digitais - COM,26,CARTAO,PAGO,cd84a39c-feaa-44f3-8973-81bec6fbb53e,2024-11-05,ERP_CORPORATIVO,TRANSACOES_FINANCEIRAS,37051,a6d89de65465f9abd2e8c45cbb3e1d8c60c05aa54bb0a8eb06ee249792174c04
TR-37052,2024-10-17,2024-10-01,ATD,ACC-00185,DESPESA,1154.764098817041,1154.764098817041,BRL,Despesa de RH - ATD,6,TRANSFERENCIA,PAGO,cd84a39c-feaa-44f3-8973-81bec6fbb53e,2024-11-05,ERP_CORPORATIVO,TRANSACOES_FINANCEIRAS,37052,234fa1142a5b40672906972fad18c3430513cece16131217b321f73711e610bc
TR-37053,2024-10-21,2024-10-01,TI,ACC-00185,RECEITA,468.35651919377847,468.35651919377847,BRL,Receita de comissão comercial - TI,33,TED,PAGO,cd84a39c-feaa-44f3-8973-81bec6fbb53e,2024-11-05,ERP_CORPORATIVO,TRANSACOES_FINANCEIRAS,37053,b7fce5ac39e4fb9a59d362907d11c1d6c45d15afca791de5f4af62883ef86c0b
TR-37054,2024-10-08,2024-10-01,RH,ACC-00185,DESPESA,1107.2901526187877,1107.2901526187877,BRL,Venda de ativo imobilizado por RH,35,TED,PAGO,cd84a39c-feaa-44f3-8973-81bec6fbb53e,2024-11-05,ERP_CORPORATIVO,TRANSACOES_FINANCEIRAS,37054,1ae276bec23a1f1086ec6e0dceb5c5e7c5224377602bddd2d552d48b3fa38037
TR-37055,2024-10-16,2024-10-01,COMP,ACC-00185,DESPESA,1114.9345827073835,1114.9345827073835,BRL,Seguro contratado pela área COMP,21,TED,PAGO,cd84a39c-feaa-44f3-8973-81bec6fbb53e,2024-11-05,ERP_CORPORATIVO,TRANSACOES_FINANCEIRAS,37055,57dd3a33184adf16c2935225e1742a328bddb53d8869ef62190f848d8e8b8540
TR-37259,2024-10-25,2024-10-01,SEC,1000185,DESPESA,8395.971609128046,8395.971609128046,BRL,Juros sobre operação financeira - SEC,23,PIX,ATRASADO,cd84a39c-feaa-44f3-8973-81bec6fbb53e,2024-11-05,ERP_CORPORATIVO,TRANSACOES_FINANCEIRAS,37259,5cc848af30cdcd2e5c2c1390c9ecdc652e4adddc6514a3df7ec4ab5430309894
TR-37260,2024-10-14,2024-10-01,VND,1000185,DESPESA,10020.772261817292,10020.772261817292,BRL,Despesa de RH - VND,6,TRANSFERENCIA,ATRASADO,cd84a39c-feaa-44f3-8973-81bec6fbb53e,2024-11-05,ERP_CORPORATIVO,TRANSACOES_FINANCEIRAS,37260,427bc51e2b94cd6dbc078c019d9224b37dca08210c68938d3fe13204a3a971dc
TR-37261,2024-10-28,2024-10-01,RH,1000185,DESPESA,7566.226218675696,7566.226218675696,BRL,Reparo de frota vinculado à área RH,17,PIX,CANCELADO,cd84a39c-feaa-44f3-8973-81bec6fbb53e,2024-11-05,ERP_CORPORATIVO,TRANSACOES_FINANCEIRAS,37261,12432c47daf50357b33315a5d928d07e3c8d26afa5ee233f5f195540e74d6ee7
TR-37262,2024-10-16,2024-10-01,MKT,1000185,DESPESA,5292.804668430612,4849.779426650285,BRL,Locação de espaço comercial - MKT,31,BOLETO,PAGO,cd84a39c-feaa-44f3-8973-81bec6fbb53e,2024-11-05,ERP_CORPORATIVO,TRANSACOES_FINANCEIRAS,37262,a1664db9bf0182cf95ea184224e0cc34c8ffc6366e475299eadb75d080174e4d
TR-37933,2024-10-14,2024-10-01,MKT,FORN-00192,DESPESA,4791.615862976423,4791.615862976423,USD,Compra de insumos para setor MKT,2,BOLETO,PAGO,cd84a39c-feaa-44f3-8973-81bec6fbb53e,2024-11-05,ERP_CORPORATIVO,TRANSACOES_FINANCEIRAS,37933,57c2d2396d3c935bb1f53991d33e77b4a3d9591bf8b8e6a38f7e06c42f50e3d5
TR-37934,2024-10-14,2024-10-01,JUR,FORN-00192,RECEITA,4357.133760089732,4357.133760089732,BRL,Estorno de receita - JUR,39,CARTAO,PAGO,cd84a39c-feaa-44f3-8973-81bec6fbb53e,2024-11-05,ERP_CORPORATIVO,TRANSACOES_FINANCEIRAS,37934,b050d04995f6d6aba6cb8ef156819b75955d7166765a6efa024e243a3b73b04e
TR-37935,2024-10-10,2024-10-01,VND,FORN-00192,RECEITA,4789.67310960855,4789.67310960855,BRL,Prestação de serviço para área VND,1,TRANSFERENCIA,PAGO,cd84a39c-feaa-44f3-8973-81bec6fbb53e,2024-11-05,ERP_CORPORATIVO,TRANSACOES_FINANCEIRAS,37935,3a8c388db38a4a7ded721efb5bf36f66fc8f200b775fe426978583abe780b73b
TR-37936,2024-10-04,2024-10-01,OP,FORN-00192,DESPESA,4493.541437313664,4493.541437313664,BRL,Comissão recebida por OP,33,PIX,PAGO,cd84a39c-feaa-44f3-8973-81bec6fbb53e,2024-11-05,ERP_CORPORATIVO,TRANSACOES_FINANCEIRAS,37936,37bbbbccfdcff7c23d3ebacc84681acc85bc11ff1e9751b6902a4c115853f219
TR-37937,2024-10-04,2024-10-01,LOG,FORN-00192,DESPESA,4906.51774303961,4906.51774303961,BRL,Despesa jurídica da área LOG,24,CARTAO,PAGO,cd84a39c-feaa-44f3-8973-81bec6fbb53e,2024-11-05,ERP_CORPORATIVO,TRANSACOES_FINANCEIRAS,37937,6aef79c5cea68b32e4e7455cc2a452f0646e4cf8416ca1d4fc3ea77394ec1e94
TR-37938,2024-10-17,2024-10-01,RH,FORN-00192,RECEITA,4798.065468282866,4577.833660531067,BRL,Taxas bancárias incidentes em RH,22,BOLETO,PAGO,cd84a39c-feaa-44f3-8973-81bec6fbb53e,2024-11-05,ERP_CORPORATIVO,TRANSACOES_FINANCEIRAS,37938,56ff0c8a417d92f11cd669fdfa504f331cbf119470c7f6afc684ad3999f86b54
TR-37939,2024-10-25,2024-10-01,MKT,FORN-00192,RECEITA,4617.988307529531,4617.988307529531,BRL,Despesa de RH - MKT,6,TRANSFERENCIA,ATRASADO,cd84a39c-feaa-44f3-8973-81bec6fbb53e,2024-11-05,ERP_CORPORATIVO,TRANSACOES_FINANCEIRAS,37939,8a07efe945d6c350916188f2dc00bcb31a917e20c9bec2848b5bdc3ca2bc4e55
TR-38061,2024-10-22,2024-10-01,CPT,FORN-00193,DESPESA,2441.297269374349,2441.297269374349,BRL,Certificado digital adquirido por CPT,26,TRANSFERENCIA,PAGO,cd84a39c-feaa-44f3-8973-81bec6fbb53e,2024-11-05,ERP_CORPORATIVO,TRANSACOES_FINANCEIRAS,38061,2920075bc36bdd1429d9656cc05be47e4225b4d01d721c77d014deb7d5fabb6d
TR-38062,2024-10-14,2024-10-01,OP,FORN-00193,DESPESA,987.4496562689459,987.4496562689459,BRL,Compra de insumos para setor OP,2,PIX,PAGO,cd84a39c-feaa-44f3-8973-81bec6fbb53e,2024-11-05,ERP_CORPORATIVO,TRANSACOES_FINANCEIRAS,38062,c60e57844c86cfd0db4e6f81211c985a82665b5d5bb29327b5da3ddf45d0a964
TR-38063,2024-10-15,2024-10-01,RH,FORN-00193,DESPESA,1204.2115410560164,1204.2115410560164,USD,Contrato de serviço - setor RH,1,BOLETO,PAGO,cd84a39c-feaa-44f3-8973-81bec6fbb53e,2024-11-05,ERP_CORPORATIVO,TRANSACOES_FINANCEIRAS,38063,83456bceae176e888edf8091235c36cebafc3ffdccefa12f54ec91b710e34c49
TR-38064,2024-10-07,2024-10-01,FIN,FORN-00193,DESPESA,1262.1181036429894,1234.1770061664251,BRL,Promoção e atividade externa - FIN,14,TED,PAGO,cd84a39c-feaa-44f3-8973-81bec6fbb53e,2024-11-05,ERP_CORPORATIVO,TRANSACOES_FINANCEIRAS,38064,6ae913f26b52f9002be715cf5d905146d766705261cd2704f6a0463843b3ccfa
TR-38065,2024-10-28,2024-10-01,MKT,FORN-00193,DESPESA,909.9743060406126,909.9743060406126,BRL,Despesa de infraestrutura - MKT,3,TED,PAGO,cd84a39c-feaa-44f3-8973-81bec6fbb53e,2024-11-05,ERP_CORPORATIVO,TRANSACOES_FINANCEIRAS,38065,7fc0fca89ff5dd1d3bfa6216bb01ad77bba03497a6a482760866679ed270ad64
TR-38066,2024-10-16,2024-10-01,COMP,FORN-00193,RECEITA,1243.1292152568828,1243.1292152568828,BRL,Certificado digital adquirido por COMP,26,PIX,PAGO,cd84a39c-feaa-44f3-8973-81bec6fbb53e,2024-11-05,ERP_CORPORATIVO,TRANSACOES_FINANCEIRAS,38066,6fc293f5443b8cc1be410e13b73580683679bfbec81b0aacb14b26e6b61bfaec
TR-38067,2024-10-04,2024-10-01,VND,FORN-00193,DESPESA,3834.51181700573,3834.51181700573,BRL,Serviço relacionado a recursos humanos (VND),6,PIX,PAGO,cd84a39c-feaa-44f3-8973-81bec6fbb53e,2024-11-05,ERP_CORPORATIVO,TRANSACOES_FINANCEIRAS,38067,294ecebd4fc980993b1d5111f80efd98c878600e3e2ad0610967a205edf52541
TR-38068,2024-10-03,2024-10-01,FIN,FORN-00193,DESPESA,1131.8116484115121,1131.8116484115121,USD,Serviço relacionado a recursos humanos (FIN),6,TRANSFERENCIA,ATRASADO,cd84a39c-feaa-44f3-8973-81bec6fbb53e,2024-11-05,ERP_CORPORATIVO,TRANSACOES_FINANCEIRAS,38068,195160c6f16083ee54f2b42d1dc5ca462fa51e7fc437577150288bac93a2b933
TR-38069,2024-10-16,2024-10-01,TI,FORN-00193,RECEITA,1038.1107550907022,1038.1107550907022,BRL,Custo operacional associado a TI,8,TED,PAGO,cd84a39c-feaa-44f3-8973-81bec6fbb53e,2024-11-05,ERP_CORPORATIVO,TRANSACOES_FINANCEIRAS,38069,54d78023482aa26b08115c74cefa2fd972dc64fcc758d62187171a1e75822b5e
TR-38070,2024-10-16,2024-10-01,COMP,FORN-00193,DESPESA,1143.2457617811024,1143.2457617811024,BRL,Treinamento corporativo para equipe COMP,30,TED,PAGO,cd84a39c-feaa-44f3-8973-81bec6fbb53e,2024-11-05,ERP_CORPORATIVO,TRANSACOES_FINANCEIRAS,38070,97e82d535ac246abfb2918cb7e99a4f177278fce71e04b1b80f05ad14281868f
TR-38254,2024-10-18,2024-10-01,COMP,1000193,DESPESA,4427.87225434245,4427.87225434245,BRL,Compra de insumos para setor COMP,2,CARTAO,PAGO,cd84a39c-feaa-44f3-8973-81bec6fbb53e,2024-11-05,ERP_CORPORATIVO,TRANSACOES_FINANCEIRAS,38254,c27103c666035a49f23fed6f3abe93ed56870dbf2fc487f6d851ac6855512e77
TR-38255,2024-10-08,2024-10-01,MKT,1000193,DESPESA,3991.2283314094293,3909.604751320666,USD,Tarifas de serviços financeiros - MKT,22,PIX,PAGO,cd84a39c-feaa-44f3-8973-81bec6fbb53e,2024-11-05,ERP_CORPORATIVO,TRANSACOES_FINANCEIRAS,38255,7ba69120f4e6023f66db70a01683b14d818d50abb9f09cd9c60c310c354154de
TR-38256,2024-10-14,2024-10-01,QAS,1000193,DESPESA,3676.372527619287,3676.372527619287,BRL,Renovação de certificados digitais - QAS,26,PIX,PAGO,cd84a39c-feaa-44f3-8973-81bec6fbb53e,2024-11-05,ERP_CORPORATIVO,TRANSACOES_FINANCEIRAS,38256,98244ab8ae54563e77f7c29245563b1a1a8fbae94166113378b7443e56c1d12e
TR-38257,2024-10-15,2024-10-01,FIN,1000193,DESPESA,4868.5796313798655,4868.5796313798655,BRL,Serviço de tecnologia contratado por FIN,5,BOLETO,PAGO,cd84a39c-feaa-44f3-8973-81bec6fbb53e,2024-11-05,ERP_CORPORATIVO,TRANSACOES_FINANCEIRAS,38257,7823d6e78708816514e46d13ae8b7c0bff6907d9866f5cda617b6fe5b8132759
TR-38258,2024-10-10,2024-10-01,OP,1000193,DESPESA,10982.856447178165,10818.202876770954,BRL,Contrato de consultoria externa - OP,12,TED,PAGO,cd84a39c-feaa-44f3-8973-81bec6fbb53e,2024-11-05,ERP_CORPORATIVO,TRANSACOES_FINANCEIRAS,38258,1c1abdc2593209e9a6601ee7f61dd9bc0daf3f82f2c23c2f14871b968531894d
TR-38259,2024-10-07,2024-10-01,COMP,1000193,DESPESA,4943.31192071185,4827.996385613308,BRL,Consultoria estratégica para área COMP,12,TED,ATRASADO,cd84a39c-feaa-44f3-8973-81bec6fbb53e,2024-11-05,ERP_CORPORATIVO,TRANSACOES_FINANCEIRAS,38259,a6ee54f65a1223ff7d8f061928bf47895b77d94ad03fa8d29dd3e3e014e83b37
TR-38260,2024-10-01,2024-10-01,COMP,1000193,DESPESA,4367.144163663743,4367.144163663743,BRL,Investimento em marketing corporativo (COMP),4,TRANSFERENCIA,PAGO,cd84a39c-feaa-44f3-8973-81bec6fbb53e,2024-11-05,ERP_CORPORATIVO,TRANSACOES_FINANCEIRAS,38260,c654667bafdb9291cfb7bd994e39e3b87829034c43e7bd71c8508cd289252298
TR-38261,2024-10-14,2024-10-01,COMP,1000193,DESPESA,4441.780239000153,4441.780239000153,BRL,Contrato de serviço - setor COMP,1,TED,PAGO,cd84a39c-feaa-44f3-8973-81bec6fbb53e,2024-11-05,ERP_CORPORATIVO,TRANSACOES_FINANCEIRAS,38261,1967bc08678877801a8f8bf233fef8ab55b0f9caae982b23dc9dd3d5e01bc8a1
TR-38262,2024-10-18,2024-10-01,CPT,1000193,DESPESA,4576.478222515926,4434.459082349431,BRL,Compra de insumos para setor CPT,2,BOLETO,PAGO,cd84a39c-feaa-44f3-8973-81bec6fbb53e,2024-11-05,ERP_CORPORATIVO,TRANSACOES_FINANCEIRAS,38262,24307610e51aa74fd81d371a43b4e92c683f8cc2734fb227e3839078b0f4bd22
TR-38263,2024-10-07,2024-10-01,ATD,1000193,DESPESA,4241.367561389165,4241.367561389165,BRL,Comissão recebida por ATD,33,TRANSFERENCIA,PAGO,cd84a39c-feaa-44f3-8973-81bec6fbb53e,2024-11-05,ERP_CORPORATIVO,TRANSACOES_FINANCEIRAS,38263,2e6785a6649d5a7e7e64e3eab08f944bfc3935e0406431fc77d1ec179ae21a7b
TR-38264,2024-10-14,2024-10-01,TI,1000193,RECEITA,4218.597413846383,4218.597413846383,BRL,Contrato de consultoria externa - TI,12,BOLETO,PAGO,cd84a39c-feaa-44f3-8973-81bec6fbb53e,2024-11-05,ERP_CORPORATIVO,TRANSACOES_FINANCEIRAS,38264,934ff385055cb5798e9c332c8f1f18fb6f6f2a02b9ae07afb15b413d67169cae
TR-38265,2024-10-15,2024-10-01,COM,1000193,DESPESA,4425.917355773124,4425.917355773124,BRL,Custo operacional associado a COM,8,PIX,PAGO,cd84a39c-feaa-44f3-8973-81bec6fbb53e,2024-11-05,ERP_CORPORATIVO,TRANSACOES_FINANCEIRAS,38265,2be4372b4f03fee0e388447832243570345a319f364df0509aa880534a346917
TR-38266,2024-10-10,2024-10-01,RH,1000193,RECEITA,7437.967333185382,7437.967333185382,BRL,Taxas bancárias incidentes em RH,22,TED,PAGO,cd84a39c-feaa-44f3-8973-81bec6fbb53e,2024-11-05,ERP_CORPORATIVO,TRANSACOES_FINANCEIRAS,38266,fb7392fe78e07ecf5c967f27cd4d63b278fef00e7e126ea01095909d9f71d283
TR-38267,2024-10-29,2024-10-01,ADM,1000193,DESPESA,15388.238687343792,15298.400948910097,BRL,Capacitação profissional vinculada a ADM,30,CARTAO,PAGO,cd84a39c-feaa-44f3-8973-81bec6fbb53e,2024-11-05,ERP_CORPORATIVO,TRANSACOES_FINANCEIRAS,38267,a5d0f8ca82bc43af85a3e844fae44b694074e95fcd5d9fae55dbc515d3aadb02
TR-38268,2024-10-22,2024-10-01,ADM,1000193,RECEITA,4327.385919026357,4327.385919026357,BRL,Compra de insumos para setor ADM,2,CARTAO,PAGO,cd84a39c-feaa-44f3-8973-81bec6fbb53e,2024-11-05,ERP_CORPORATIVO,TRANSACOES_FINANCEIRAS,38268,eaf9e62837afcf3e7842d6e1af0f3297a3c0454078260d0655b04c951cecd514
TR-38269,2024-10-15,2024-10-01,SEC,1000193,DESPESA,4146.145096700016,4146.145096700016,BRL,Abastecimento de veículos - SEC,16,PIX,PAGO,cd84a39c-feaa-44f3-8973-81bec6fbb53e,2024-11-05,ERP_CORPORATIVO,TRANSACOES_FINANCEIRAS,38269,ddf2b5b8897cab2934fffd4b97a508bc0dc3600120f6b0c0fb734cc07dda80ec
TR-38648,2024-10-07,2024-10-01,QAS,FORN-00195,DESPESA,1847.074785931406,1818.710203055482,BRL,Custo operacional associado a QAS,8,PIX,PAGO,cd84a39c-feaa-44f3-8973-81bec6fbb53e,2024-11-05,ERP_CORPORATIVO,TRANSACOES_FINANCEIRAS,38648,572277f194ced580dffc852fd473d395115af5540e4904819f12f6e4586ac509
TR-38649,2024-10-21,2024-10-01,PRD,FORN-00195,RECEITA,1432.4181514121292,1432.4181514121292,BRL,Despesa operacional - PRD,8,BOLETO,PAGO,cd84a39c-feaa-44f3-8973-81bec6fbb53e,2024-11-05,ERP_CORPORATIVO,TRANSACOES_FINANCEIRAS,38649,1c0b5e259fcdfde69094a631d3fe02ce6d0a3f7503e7ca948aa8ee7bbd1f3005
TR-38650,2024-10-14,2024-10-01,PJT,FORN-00195,DESPESA,1589.239222755871,1513.585664375245,BRL,Treinamento corporativo para equipe PJT,30,BOLETO,PAGO,cd84a39c-feaa-44f3-8973-81bec6fbb53e,2024-11-05,ERP_CORPORATIVO,TRANSACOES_FINANCEIRAS,38650,06d33b63a92efc775aaf2a0ce3c4ed7fa704020f22738d243d6f1542f1fda287
TR-38651,2024-10-23,2024-10-01,QAS,FORN-00195,RECEITA,1751.9007311806872,1721.0675318921603,BRL,Prestação de serviço para área QAS,1,TRANSFERENCIA,ATRASADO,cd84a39c-feaa-44f3-8973-81bec6fbb53e,2024-11-05,ERP_CORPORATIVO,TRANSACOES_FINANCEIRAS,38651,cdc0d3dbb5f41d916196fd8b3ad08423effa857a357b7fde196c3248afcfc5bd
TR-38652,2024-10-14,2024-10-01,JUR,FORN-00195,RECEITA,1689.9163396484696,1689.9163396484696,BRL,Apólice de seguro - JUR,21,TED,PAGO,cd84a39c-feaa-44f3-8973-81bec6fbb53e,2024-11-05,ERP_CORPORATIVO,TRANSACOES_FINANCEIRAS,38652,b02d6d4395a4dd0013e27b447abe2a36e74140312c2e7971c9001ffa5e7f41b4
TR-38653,2024-10-09,2024-10-01,MKT,FORN-00195,DESPESA,1769.8527560390041,1769.8527560390041,BRL,Combustível e lubrificantes para frota (MKT),16,PIX,PAGO,cd84a39c-feaa-44f3-8973-81bec6fbb53e,2024-11-05,ERP_CORPORATIVO,TRANSACOES_FINANCEIRAS,38653,66bbf31316837b3d8455e8cdf8d339f01dcce35d29e6d3ba17f04190b0b35d46
TR-38654,2024-10-14,2024-10-01,LOG,FORN-00195,DESPESA,1405.7091866044382,1405.7091866044382,BRL,Hospedagem em viagem a serviço de LOG,19,BOLETO,PAGO,cd84a39c-feaa-44f3-8973-81bec6fbb53e,2024-11-05,ERP_CORPORATIVO,TRANSACOES_FINANCEIRAS,38654,0766fe69addf432d2896eddcd6875982a3ce56c732ef82355e8f46ec1be272a8
TR-38655,2024-10-04,2024-10-01,OP,FORN-00195,RECEITA,1949.0051746761494,1925.5888380902725,BRL,Serviço especializado solicitado por OP,1,PIX,PAGO,cd84a39c-feaa-44f3-8973-81bec6fbb53e,2024-11-05,ERP_CORPORATIVO,TRANSACOES_FINANCEIRAS,38655,ac9f9e28b2613a36d6369e4a518bd1b8289b3519d067aee8d8e5419ef51a3789
TR-38656,2024-10-21,2024-10-01,MKT,FORN-00195,RECEITA,1782.8073818861326,1763.9529082622107,BRL,Propaganda e divulgação para área MKT,13,BOLETO,PAGO,cd84a39c-feaa-44f3-8973-81bec6fbb53e,2024-11-05,ERP_CORPORATIVO,TRANSACOES_FINANCEIRAS,38656,a30f430ed242ec86c90c608e105bd0ef92f8729c09b3dd6b4c18a5d940b9fd01
TR-38657,2024-10-16,2024-10-01,COMP,FORN-00195,RECEITA,5230.372247573345,5149.407709792494,BRL,Prestação de serviço para área COMP,1,BOLETO,PAGO,cd84a39c-feaa-44f3-8973-81bec6fbb53e,2024-11-05,ERP_CORPORATIVO,TRANSACOES_FINANCEIRAS,38657,cc516de469c6b177bcc956319d936ff94e634e93507af1c1a7362a0b58d98268
TR-38658,2024-10-17,2024-10-01,JUR,FORN-00195,DESPESA,1796.3738760175715,1796.3738760175715,BRL,Reparo de hardware solicitado por JUR,28,BOLETO,PAGO,cd84a39c-feaa-44f3-8973-81bec6fbb53e,2024-11-05,ERP_CORPORATIVO,TRANSACOES_FINANCEIRAS,38658,b53541665859d4fa3aa5a764d0a7df516a33af634d1a03c239d4c1d8a3036a40
TR-38659,2024-10-07,2024-10-01,TI,FORN-00195,DESPESA,1828.1473087046827,1828.1473087046827,BRL,Custo operacional associado a TI,8,PIX,PAGO,cd84a39c-feaa-44f3-8973-81bec6fbb53e,2024-11-05,ERP_CORPORATIVO,TRANSACOES_FINANCEIRAS,38659,c2c2758ebea94f847291a1cf7464fd78a59fbaeb4f49ad81e6d46c5521389f64
TR-38660,2024-10-15,2024-10-01,ATD,FORN-00195,DESPESA,1615.4488279471434,1615.4488279471434,BRL,Manutenção estrutural vinculada à área ATD,3,PIX,PAGO,cd84a39c-feaa-44f3-8973-81bec6fbb53e,2024-11-05,ERP_CORPORATIVO,TRANSACOES_FINANCEIRAS,38660,747d16f063280f6ba117104994617891268aeaf63b3a801a7e91ffcfb458e71e
TR-38661,2024-10-18,2024-10-01,VND,FORN-00195,DESPESA,1588.3247593247208,1588.3247593247208,BRL,Abastecimento de veículos - VND,16,PIX,PAGO,cd84a39c-feaa-44f3-8973-81bec6fbb53e,2024-11-05,ERP_CORPORATIVO,TRANSACOES_FINANCEIRAS,38661,6d1e08c979861308decfc025305ffb019b47ed3173c9d3e68ea953c1047d3f21
TR-38662,2024-10-15,2024-10-01,RH,FORN-00195,RECEITA,1815.6915535138983,1815.6915535138983,BRL,Custo operacional associado a RH,8,TED,PAGO,cd84a39c-feaa-44f3-8973-81bec6fbb53e,2024-11-05,ERP_CORPORATIVO,TRANSACOES_FINANCEIRAS,38662,def76473de38c1f784856b207c3261fe126275be2a510c55d13aa2072baa6159
TR-38663,2024-10-07,2024-10-01,VND,FORN-00195,RECEITA,1792.1494212004661,1737.2725015140277,BRL,Combustível e lubrificantes para frota (VND),16,TED,PAGO,cd84a39c-feaa-44f3-8973-81bec6fbb53e,2024-11-05,ERP_CORPORATIVO,TRANSACOES_FINANCEIRAS,38663,a6daefe331231338da09374eaa7f7de82bdab2bfae5d463c8d650583f1de25b8
TR-38664,2024-10-14,2024-10-01,SEC,FORN-00195,RECEITA,1520.4752069270255,1520.4752069270255,BRL,Promoção e atividade externa - SEC,14,PIX,PAGO,cd84a39c-feaa-44f3-8973-81bec6fbb53e,2024-11-05,ERP_CORPORATIVO,TRANSACOES_FINANCEIRAS,38664,e14417a7dd39ea3503fff46581b3950c71a64431cb4730e3303a1183dd4459b7
TR-38665,2024-10-11,2024-10-01,COM,FORN-00195,DESPESA,1968.3659533464865,1874.0083588792318,BRL,Serviço de telefonia e internet - COM,9,TRANSFERENCIA,PAGO,cd84a39c-feaa-44f3-8973-81bec6fbb53e,2024-11-05,ERP_CORPORATIVO,TRANSACOES_FINANCEIRAS,38665,fc37ea6669e3a463394e7752f5ce69c14fed34016c2e91e07645f6c37aad997d
TR-38666,2024-10-14,2024-10-01,COMP,FORN-00195,RECEITA,1800.725659161875,1762.9479706428635,BRL,Reparo de frota vinculado à área COMP,17,BOLETO,PAGO,cd84a39c-feaa-44f3-8973-81bec6fbb53e,2024-11-05,ERP_CORPORATIVO,TRANSACOES_FINANCEIRAS,38666,502567dd271247755d61b2715e1619040612566413b287f581e4ea7a8a13cf7e
TR-38967,2024-10-14,2024-10-01,ADM,FORN-00196,DESPESA,5142.22360444495,5142.22360444495,BRL,Compra de insumos para setor ADM,2,CARTAO,PAGO,cd84a39c-feaa-44f3-8973-81bec6fbb53e,2024-11-05,ERP_CORPORATIVO,TRANSACOES_FINANCEIRAS,38967,27c9d83a10ee1ab27921389c0dab26cf5f9464c38529f422ca87046fd550626a
TR-38968,2024-10-21,2024-10-01,COMP,FORN-00196,RECEITA,4017.083216867363,3824.24788018675,BRL,Serviço de telefonia e internet - COMP,9,PIX,PAGO,cd84a39c-feaa-44f3-8973-81bec6fbb53e,2024-11-05,ERP_CORPORATIVO,TRANSACOES_FINANCEIRAS,38968,e51e440ba878fedb8e9c836c9edddbd64837e3a1445034b3916c9c175de31802
TR-38969,2024-10-14,2024-10-01,TI,FORN-00196,DESPESA,4100.306129899286,4100.306129899286,BRL,Viagem corporativa - TI,18,TED,PAGO,cd84a39c-feaa-44f3-8973-81bec6fbb53e,2024-11-05,ERP_CORPORATIVO,TRANSACOES_FINANCEIRAS,38969,a3f03a327e9aaa0a380ceb4a4b3a7cbc1e08a07df629ef2e754c923cd7ea133b
TR-38970,2024-10-16,2024-10-01,CTB,FORN-00196,DESPESA,5155.0552376519345,5155.0552376519345,BRL,Venda de ativo imobilizado por CTB,35,CARTAO,PAGO,cd84a39c-feaa-44f3-8973-81bec6fbb53e,2024-11-05,ERP_CORPORATIVO,TRANSACOES_FINANCEIRAS,38970,e8c0bdb46d31c2d4e42080219045205365222d8e8382a284a1ddec892087ba71
TR-38971,2024-10-21,2024-10-01,VND,FORN-00196,DESPESA,5455.712312439495,5281.796063210734,BRL,Serviço especializado solicitado por VND,1,BOLETO,PAGO,cd84a39c-feaa-44f3-8973-81bec6fbb53e,2024-11-05,ERP_CORPORATIVO,TRANSACOES_FINANCEIRAS,38971,812974e8bfed8732fd9d1f9cd6d1bc756a4fece584ccebb7e5b6632e34991361
TR-38972,2024-10-07,2024-10-01,TI,FORN-00196,DESPESA,6086.584735220299,5962.137186028575,BRL,Receita extraordinária - TI,37,TRANSFERENCIA,PAGO,cd84a39c-feaa-44f3-8973-81bec6fbb53e,2024-11-05,ERP_CORPORATIVO,TRANSACOES_FINANCEIRAS,38972,e009ae25dc388cda7c56c4fdf8c0d23d158b30659e8c3778902cb1e2598b90f8
TR-38973,2024-10-11,2024-10-01,CPT,FORN-00196,RECEITA,4895.386197922151,4895.386197922151,BRL,Custo operacional associado a CPT,8,PIX,PAGO,cd84a39c-feaa-44f3-8973-81bec6fbb53e,2024-11-05,ERP_CORPORATIVO,TRANSACOES_FINANCEIRAS,38973,ec9985d2119c4f3ad971e6dcb103af5e3a641c0ad7ea9b3c76bbdff65646d5f6
TR-38974,2024-10-28,2024-10-01,MKT,FORN-00196,RECEITA,4842.339180241956,4842.339180241956,BRL,Compra de insumos para setor MKT,2,TRANSFERENCIA,PAGO,cd84a39c-feaa-44f3-8973-81bec6fbb53e,2024-11-05,ERP_CORPORATIVO,TRANSACOES_FINANCEIRAS,38974,46c5de66417aad438195bf900bfee40998839a61f85680aa0e45c9909ce0f50b
TR-38975,2024-10-23,2024-10-01,FIN,FORN-00196,DESPESA,4513.537423703223,4513.537423703223,BRL,Serviço especializado solicitado por FIN,1,TRANSFERENCIA,PAGO,cd84a39c-feaa-44f3-8973-81bec6fbb53e,2024-11-05,ERP_CORPORATIVO,TRANSACOES_FINANCEIRAS,38975,2276187286c28cafc5812e82a34331cb7077c03283b29ccbd3805af5a457f013
TR-39433,2024-10-16,2024-10-01,PES,1000198,DESPESA,9189.988117771654,9189.988117771654,BRL,Honorarium advocatício - PES,24,TRANSFERENCIA,PAGO,cd84a39c-feaa-44f3-8973-81bec6fbb53e,2024-11-05,ERP_CORPORATIVO,TRANSACOES_FINANCEIRAS,39433,cf8e9c8ffb9344bcb4b66ff892c05ea8bfa76b36528e162dcb13c0e658dcab6c
TR-39434,2024-10-23,2024-10-01,MKT,1000198,DESPESA,11734.467009405143,11734.467009405143,BRL,Certificado digital adquirido por MKT,26,PIX,PAGO,cd84a39c-feaa-44f3-8973-81bec6fbb53e,2024-11-05,ERP_CORPORATIVO,TRANSACOES_FINANCEIRAS,39434,ab22dcbaf905a5b88af8668d5e54feb0f9b9b3cd551cedb1ee85a513638b2212
TR-39435,2024-10-21,2024-10-01,CPT,1000198,DESPESA,10959.746795495477,10959.746795495477,BRL,Reparo de hardware solicitado por CPT,28,PIX,PAGO,cd84a39c-feaa-44f3-8973-81bec6fbb53e,2024-11-05,ERP_CORPORATIVO,TRANSACOES_FINANCEIRAS,39435,166d064491ac4fb7645735aa0c1dc18c7be696f3111746dda37f53129927e662
TR-39436,2024-10-28,2024-10-01,COM,1000198,DESPESA,11318.733133009544,10909.502975914038,BRL,Manutenção de equipamentos de COM,28,PIX,PAGO,cd84a39c-feaa-44f3-8973-81bec6fbb53e,2024-11-05,ERP_CORPORATIVO,TRANSACOES_FINANCEIRAS,39436,e4e9e384a8a0f0198fc30da31454326d2678e93b1869ec9fcf0f99cc97035865
TR-39437,2024-10-14,2024-10-01,RH,1000198,DESPESA,10411.35220743353,10247.912060295994,BRL,Compra de insumos para setor RH,2,BOLETO,PAGO,cd84a39c-feaa-44f3-8973-81bec6fbb53e,2024-11-05,ERP_CORPORATIVO,TRANSACOES_FINANCEIRAS,39437,7943c3ab1cee164db97594341b0cc4079fb8ac418af7fad63d0484e2c4edd757
TR-39438,2024-10-14,2024-10-01,RH,1000198,DESPESA,12582.62316296642,12256.830521006468,BRL,Capacitação profissional vinculada a RH,30,PIX,PAGO,cd84a39c-feaa-44f3-8973-81bec6fbb53e,2024-11-05,ERP_CORPORATIVO,TRANSACOES_FINANCEIRAS,39438,fe0233805562c7fda4585929953dd5cf31ebc1c5cf265ec8a481b1e29b4152c0
TR-39439,2024-10-18,2024-10-01,ESG,1000198,DESPESA,11814.989623573249,11814.989623573249,BRL,Aquisição de material operacional - ESG,2,TED,PAGO,cd84a39c-feaa-44f3-8973-81bec6fbb53e,2024-11-05,ERP_CORPORATIVO,TRANSACOES_FINANCEIRAS,39439,6405c2b2e8cfb941f85dc16687600c5ed2ac3d69d4704054f68cd966c8da790f
TR-39440,2024-10-21,2024-10-01,OP,1000198,DESPESA,10013.220161948164,10013.220161948164,BRL,Recebimento de subvenção - OP,36,PIX,PAGO,cd84a39c-feaa-44f3-8973-81bec6fbb53e,2024-11-05,ERP_CORPORATIVO,TRANSACOES_FINANCEIRAS,39440,bb467189cacb658f65d879acb7fe049a8305593bff875f51756e1a24a25fc8d2
TR-39441,2024-10-21,2024-10-01,OP,1000198,DESPESA,12096.0546099465,12096.0546099465,BRL,Compra de insumos para setor OP,2,PIX,PAGO,cd84a39c-feaa-44f3-8973-81bec6fbb53e,2024-11-05,ERP_CORPORATIVO,TRANSACOES_FINANCEIRAS,39441,6384413d25f3107cb8a724968d07ed6464fa01ed8e4ddc4cfdd8d62c9a7200bf
TR-39442,2024-10-14,2024-10-01,OP,1000198,DESPESA,11144.432632341746,11144.432632341746,BRL,Serviço técnico especializado para OP,11,TED,PAGO,cd84a39c-feaa-44f3-8973-81bec6fbb53e,2024-11-05,ERP_CORPORATIVO,TRANSACOES_FINANCEIRAS,39442,2ea00032da0b79822b28aef1edcc305c2b8a2e6b2c517eaa3950203ba6f0b68c
TR-39443,2024-10-16,2024-10-01,COM,1000198,DESPESA,10201.779314198071,10201.779314198071,BRL,Contrato de consultoria externa - COM,12,CARTAO,PAGO,cd84a39c-feaa-44f3-8973-81bec6fbb53e,2024-11-05,ERP_CORPORATIVO,TRANSACOES_FINANCEIRAS,39443,821ea059ca0e4fe60804fa6bee6b18b29e22dbde73092497ec64ac881f891c84
TR-39444,2024-10-14,2024-10-01,ADM,1000198,DESPESA,9130.88490251556,9130.88490251556,BRL,Passagem aérea para colaborador de ADM,18,BOLETO,PAGO,cd84a39c-feaa-44f3-8973-81bec6fbb53e,2024-11-05,ERP_CORPORATIVO,TRANSACOES_FINANCEIRAS,39444,010f4f2a63948f70544840d0ac86960193ecc71699a20cdff6b01e969ecc3c80
TR-39674,2024-10-14,2024-10-01,ATD,1000199,DESPESA,2434.032368977978,2434.032368977978,BRL,Compra de insumos para setor ATD,2,TED,PAGO,cd84a39c-feaa-44f3-8973-81bec6fbb53e,2024-11-05,ERP_CORPORATIVO,TRANSACOES_FINANCEIRAS,39674,6043c00158ba92236a127fe13412593ee85126664c9b77aaa49bd4504ec93349
TR-39675,2024-10-28,2024-10-01,VND,1000199,DESPESA,2216.587628443728,2216.587628443728,BRL,Doação recebida em favor de VND,36,BOLETO,PAGO,cd84a39c-feaa-44f3-8973-81bec6fbb53e,2024-11-05,ERP_CORPORATIVO,TRANSACOES_FINANCEIRAS,39675,df7f623df18ac5eb71bca2f39186763ea281dfc2c1d0daa9c6313032c919200e
TR-39676,2024-10-14,2024-10-01,OP,1000199,DESPESA,2612.170552790458,2612.170552790458,BRL,Compra de insumos para setor OP,2,TRANSFERENCIA,PAGO,cd84a39c-feaa-44f3-8973-81bec6fbb53e,2024-11-05,ERP_CORPORATIVO,TRANSACOES_FINANCEIRAS,39676,107cb6c277dfc1b360266fd7dce7d4a0f1c13460c5bef3ff301fee5ab9c48701
TR-39677,2024-10-21,2024-10-01,VND,1000199,RECEITA,2323.035152765637,2323.035152765637,BRL,Despesa de refeição em deslocamento (VND),20,TED,PAGO,cd84a39c-feaa-44f3-8973-81bec6fbb53e,2024-11-05,ERP_CORPORATIVO,TRANSACOES_FINANCEIRAS,39677,3998454905ceebb151f2805651a85dc5373f3faa2d75834f16fefb7f34f059cc
TR-39678,2024-10-07,2024-10-01,LOG,1000199,RECEITA,2197.7147613886486,2197.7147613886486,BRL,Custo operacional associado a LOG,8,PIX,PAGO,cd84a39c-feaa-44f3-8973-81bec6fbb53e,2024-11-05,ERP_CORPORATIVO,TRANSACOES_FINANCEIRAS,39678,d57ed62a76d34b2a83ad065b972adaff66bbd64040d0289185dede276983a929
TR-39680,2024-10-07,2024-10-01,COMP,1000199,DESPESA,2576.529014713355,2505.7687553760593,BRL,Abastecimento de veículos - COMP,16,BOLETO,PAGO,cd84a39c-feaa-44f3-8973-81bec6fbb53e,2024-11-05,ERP_CORPORATIVO,TRANSACOES_FINANCEIRAS,39680,86567f8477b11c3d58e57cd8d6e5d45b54e3d67eee79387a4814259e267cd023
TR-39681,2024-10-21,2024-10-01,OP,1000199,DESPESA,2393.1611715608046,2393.1611715608046,BRL,Serviço técnico especializado para OP,11,BOLETO,PAGO,cd84a39c-feaa-44f3-8973-81bec6fbb53e,2024-11-05,ERP_CORPORATIVO,TRANSACOES_FINANCEIRAS,39681,145bae3856f51f488289a4d23ddd3999e6954dce0b4d4cac69ca971dffc9e32b
TR-39682,2024-10-04,2024-10-01,ATD,1000199,RECEITA,2397.525726515778,2363.536520291353,BRL,Alimentação em viagem corporativa - ATD,20,TED,PAGO,cd84a39c-feaa-44f3-8973-81bec6fbb53e,2024-11-05,ERP_CORPORATIVO,TRANSACOES_FINANCEIRAS,39682,e0ac909d03e6df08f6db0c381bae685dac11ea4a3fe73bbc1d8415d85925611d
TR-39683,2024-10-29,2024-10-01,FIN,1000199,DESPESA,2879.4089959473417,2879.4089959473417,BRL,Licença de software para área FIN,27,TED,PAGO,cd84a39c-feaa-44f3-8973-81bec6fbb53e,2024-11-05,ERP_CORPORATIVO,TRANSACOES_FINANCEIRAS,39683,44f4596ae6d93123dfd0a25c25f6642ee785cc9b68e67906721993203bb98980
TR-39684,2024-10-14,2024-10-01,FIN,1000199,RECEITA,2900.8948147126885,2900.8948147126885,BRL,Compra de insumos para setor FIN,2,BOLETO,PAGO,cd84a39c-feaa-44f3-8973-81bec6fbb53e,2024-11-05,ERP_CORPORATIVO,TRANSACOES_FINANCEIRAS,39684,d12f0f8bb33a919d0fbeaecd386f19d8bfd7b83ed2981c0b17f8214b56bb5b1e
TR-39685,2024-10-15,2024-10-01,JUR,1000199,DESPESA,2339.7122311672024,2249.8807362844054,BRL,Royalties recebidos por JUR,32,BOLETO,PAGO,cd84a39c-feaa-44f3-8973-81bec6fbb53e,2024-11-05,ERP_CORPORATIVO,TRANSACOES_FINANCEIRAS,39685,e234a8c8b5a7d1d393868fec59d2fe0cd55c11bb064ed2cbc24b5089ff038903
TR-39686,2024-10-21,2024-10-01,ATD,1000199,DESPESA,2536.9614529045284,2536.9614529045284,BRL,Reparo de hardware solicitado por ATD,28,PIX,PAGO,cd84a39c-feaa-44f3-8973-81bec6fbb53e,2024-11-05,ERP_CORPORATIVO,TRANSACOES_FINANCEIRAS,39686,2c62692b9a850a8213abad0556317c7e70c90832f50b5d2d98fb1a15e0cfbbea
TR-39687,2024-10-28,2024-10-01,RH,1000199,DESPESA,2381.6351668102507,2381.6351668102507,BRL,Promoção e atividade externa - RH,14,PIX,ATRASADO,cd84a39c-feaa-44f3-8973-81bec6fbb53e,2024-11-05,ERP_CORPORATIVO,TRANSACOES_FINANCEIRAS,39687,1cbca10ecf70270cb85ac8ab73e4698ce5dfc59a752bd843246509465ab9439e
TR-39688,2024-10-14,2024-10-01,OP,1000199,RECEITA,2667.926399316983,2667.926399316983,BRL,Contrato de consultoria externa - OP,12,BOLETO,PAGO,cd84a39c-feaa-44f3-8973-81bec6fbb53e,2024-11-05,ERP_CORPORATIVO,TRANSACOES_FINANCEIRAS,39688,4ac9b55885f0d636b83e3ddc8b89b068de9a76c71a832051a184060c7be2b8ed
TR-39689,2024-10-17,2024-10-01,COM,1000199,DESPESA,2384.8310362411853,2384.8310362411853,BRL,Imposto sobre venda apurado em COM,40,BOLETO,PAGO,cd84a39c-feaa-44f3-8973-81bec6fbb53e,2024-11-05,ERP_CORPORATIVO,TRANSACOES_FINANCEIRAS,39689,0aaa701859439ad4e000a00f718de0d00698cb70404f66cc33ec5d6c6ef06ed2
