id_transacao_raw,data_transacao,data_competencia,id_area_raw,id_fornecedor_raw,tipo_transacao,valor_bruto,valor_liquido,moeda,descricao,id_categoria_raw,forma_pagamento,status_pagamento,ingestion_id,ingestion_ts,source_system,source_entity,row_seq,raw_row_hash
TR-00084,2025-07-21,2025-07-01,PES,1000000,DESPESA,3896.1231869302046,3772.706148745555,BRL,Despesa de infraestrutura - PES,3,PIX,PAGO,d4641add-3306-4ba7-b535-358854b3d242,2025-08-05,ERP_CORPORATIVO,TRANSACOES_FINANCEIRAS,84,56f6dae5f8192b0389f43c3ec0d2de7f39519f939f427618d24e054c92d9c7d6
TR-00085,2025-07-18,2025-07-01,VND,1000000,DESPESA,3737.4290156587904,3737.4290156587904,BRL,Desconto concedido em operação de VND,38,BOLETO,PAGO,d4641add-3306-4ba7-b535-358854b3d242,2025-08-05,ERP_CORPORATIVO,TRANSACOES_FINANCEIRAS,85,1a354551b3959e60396a10df2e7038602bead67844e25a3a5f077d6d0ee61162
TR-00086,2025-07-04,2025-07-01,FIN,1000000,DESPESA,3766.498787238478,3766.498787238478,BRL,Despesa jurídica da área FIN,24,TED,CANCELADO,d4641add-3306-4ba7-b535-358854b3d242,2025-08-05,ERP_CORPORATIVO,TRANSACOES_FINANCEIRAS,86,82b66014a6f42fdf326df766ac914ef0b6bda06cb0fcb4ed3538a0e00a374638
TR-00087,2025-07-07,2025-07-01,PRD,1000000,RECEITA,4431.933538978735,4303.651684417591,BRL,Despesa de RH - PRD,6,TRANSFERENCIA,PAGO,d4641add-3306-4ba7-b535-358854b3d242,2025-08-05,ERP_CORPORATIVO,TRANSACOES_FINANCEIRAS,87,0d73c9a6bf0f7eddb095929bdc99090c132a8d4a0e22675c48ea9857839b2fbe
TR-00346,2025-07-28,2025-07-01,FIN,FORN-00003,DESPESA,2250.1558477097183,2250.1558477097183,BRL,Investimento em marketing corporativo (FIN),4,PIX,PAGO,d4641add-3306-4ba7-b535-358854b3d242,2025-08-05,ERP_CORPORATIVO,TRANSACOES_FINANCEIRAS,346,91bd5ef1b353508f407de5ff2772d93a4cae66fa3f6f893e6a589064c4051070
TR-00347,2025-07-22,2025-07-01,COMP,FORN-00003,DESPESA,2678.1525401952154,2678.1525401952154,BRL,Despesa operacional - COMP,8,PIX,PAGO,d4641add-3306-4ba7-b535-358854b3d242,2025-08-05,ERP_CORPORATIVO,TRANSACOES_FINANCEIRAS,347,e9360fef3e896ab6579ca0996c58aa9850abd68ceeacc95001dbda7a4ef26716
TR-00348,2025-07-11,2025-07-01,RH,FORN-00003,DESPESA,2248.4658806338525,2146.9214128159315,BRL,Despesa operacional - RH,8,CARTAO,ATRASADO,d4641add-3306-4ba7-b535-358854b3d242,2025-08-05,ERP_CORPORATIVO,TRANSACOES_FINANCEIRAS,348,6948b9208db30d31887c56598798683e212f829b0b11e08ed1aa798d122e188f
TR-00349,2025-07-17,2025-07-01,LOG,FORN-00003,DESPESA,1987.9096588614032,1946.7603730369387,BRL,Imposto sobre venda apurado em LOG,40,PIX,PAGO,d4641add-3306-4ba7-b535-358854b3d242,2025-08-05,ERP_CORPORATIVO,TRANSACOES_FINANCEIRAS,349,a649d7aada70552de1fc58b24ecb82fa913b8f22de59a52e1ae6ef4012019df1
TR-00350,2025-07-10,2025-07-01,RH,FORN-00003,DESPESA,2016.8474085075545,2016.8474085075545,BRL,Receita de aluguel creditada em RH,31,TED,PAGO,d4641add-3306-4ba7-b535-358854b3d242,2025-08-05,ERP_CORPORATIVO,TRANSACOES_FINANCEIRAS,350,ecbef791ef8223c594d7477017bfe97ab85428cddf225be005a2d1de948efd5f
TR-00351,2025-07-16,2025-07-01,TI,FORN-00003,DESPESA,2541.5485488952977,2541.5485488952977,BRL,Campanha institucional - TI,4,BOLETO,PAGO,d4641add-3306-4ba7-b535-358854b3d242,2025-08-05,ERP_CORPORATIVO,TRANSACOES_FINANCEIRAS,351,6cf3d46ce96abd7d1f9ef096c9b3bb987ca10613216c962c9e72eb573b1597ea
TR-00352,2025-07-21,2025-07-01,FIN,FORN-00003,RECEITA,2348.775215435021,2320.905798956831,BRL,Compra de insumos para setor FIN,2,TRANSFERENCIA,CANCELADO,d4641add-3306-4ba7-b535-358854b3d242,2025-08-05,ERP_CORPORATIVO,TRANSACOES_FINANCEIRAS,352,65e88975297c5b69a97df13330b06716c7105833731ddaf583021a2e3d286ad4
TR-00353,2025-07-14,2025-07-01,OP,FORN-00003,DESPESA,1877.3781376957888,1809.0103516149816,BRL,Campanha institucional - OP,4,BOLETO,CANCELADO,d4641add-3306-4ba7-b535-358854b3d242,2025-08-05,ERP_CORPORATIVO,TRANSACOES_FINANCEIRAS,353,c9f3f06b8b8f7d514a523f3afbe18d7b2b89e80d647311f85bee8cd0f21a88f1
TR-00354,2025-07-14,2025-07-01,COMP,FORN-00003,DESPESA,1868.1685556372063,1868.1685556372063,USD,Assessoria legal vinculada à área COMP,7,CARTAO,PAGO,d4641add-3306-4ba7-b535-358854b3d242,2025-08-05,ERP_CORPORATIVO,TRANSACOES_FINANCEIRAS,354,ca1ff6e88f32620452aa0d8b4c24615eec72b9918655649030c113b9f12b75e7
TR-00355,2025-07-14,2025-07-01,FIN,FORN-00003,DESPESA,2199.030424513859,2127.907060291995,BRL,Manutenção estrutural vinculada à área FIN,3,PIX,PAGO,d4641add-3306-4ba7-b535-358854b3d242,2025-08-05,ERP_CORPORATIVO,TRANSACOES_FINANCEIRAS,355,40af9dd3db11831cff0086c1fe3b1f3513a6e5c725165bb9633b20d0df78bb75
TR-00472,2025-07-15,2025-07-01,FIN,FORN-00004,RECEITA,4990.578724788893,4990.578724788893,BRL,Serviço especializado solicitado por FIN,1,TRANSFERENCIA,PAGO,d4641add-3306-4ba7-b535-358854b3d242,2025-08-05,ERP_CORPORATIVO,TRANSACOES_FINANCEIRAS,472,a4840b11d3cb1d4fd158aa7c85497be472bfecda4222d96b8016a29df3a8cec1
TR-00473,2025-07-18,2025-07-01,LOG,FORN-00004,DESPESA,3394.39759132913,3394.39759132913,BRL,Aquisição de material operacional - LOG,2,TED,PAGO,d4641add-3306-4ba7-b535-358854b3d242,2025-08-05,ERP_CORPORATIVO,TRANSACOES_FINANCEIRAS,473,487a4c2622afde7a397075e56e1c06f65c38985cc59cbc8ffc6a7236a075f6d0
TR-00474,2025-07-15,2025-07-01,OP,FORN-00004,RECEITA,4520.376009260345,4520.376009260345,BRL,Contrato de serviço - setor OP,1,TED,ATRASADO,d4641add-3306-4ba7-b535-358854b3d242,2025-08-05,ERP_CORPORATIVO,TRANSACOES_FINANCEIRAS,474,3a4fbffbe07130aab5d1aea1cb0167dd6142419c8cd62f4d902525ec1b5e0b5a
TR-00475,2025-07-21,2025-07-01,COM,FORN-00004,RECEITA,3512.5737534175346,3512.5737534175346,BRL,Despesa operacional - COM,8,BOLETO,PAGO,d4641add-3306-4ba7-b535-358854b3d242,2025-08-05,ERP_CORPORATIVO,TRANSACOES_FINANCEIRAS,475,a68e62590f9ea2e6f1a7bea704d856b5b4e4b523ac1540231ff90d3d4409df1c
TR-00476,2025-07-23,2025-07-01,MKT,FORN-00004,DESPESA,4735.678037811367,4638.80249748391,USD,Seguro contratado pela área MKT,21,TRANSFERENCIA,ATRASADO,d4641add-3306-4ba7-b535-358854b3d242,2025-08-05,ERP_CORPORATIVO,TRANSACOES_FINANCEIRAS,476,a37bc0b1736561ce124bbdc2568fa10ab80273f69a4b0c54eb161bec4a428024
TR-00477,2025-07-16,2025-07-01,ESG,FORN-00004,DESPESA,3994.750048165211,3994.750048165211,BRL,Produção de material gráfico - ESG,15,CARTAO,CANCELADO,d4641add-3306-4ba7-b535-358854b3d242,2025-08-05,ERP_CORPORATIVO,TRANSACOES_FINANCEIRAS,477,3b213788160b01639ee97ff491a1699e750727f7385571af8abf478302d331ab
TR-00478,2025-07-22,2025-07-01,VND,FORN-00004,DESPESA,4268.2703346112185,4268.2703346112185,BRL,Despesa jurídica da área VND,24,PIX,PAGO,d4641add-3306-4ba7-b535-358854b3d242,2025-08-05,ERP_CORPORATIVO,TRANSACOES_FINANCEIRAS,478,b6c308f90f3a7b3237626def7b3776c7759120a3c33372be3815f601e4193b3f
TR-00479,2025-07-28,2025-07-01,SEC,FORN-00004,DESPESA,3367.480783595308,3311.1667102085576,BRL,Aquisição de material operacional - SEC,2,TRANSFERENCIA,PAGO,d4641add-3306-4ba7-b535-358854b3d242,2025-08-05,ERP_CORPORATIVO,TRANSACOES_FINANCEIRAS,479,5eaf3a7e20e9dc15542e5aaedd3a0880f209e3895412dad8ecb82351eeb52f89
TR-00480,2025-07-18,2025-07-01,OP,FORN-00004,RECEITA,4418.2214676713975,4418.2214676713975,BRL,Custo operacional associado a OP,8,BOLETO,PAGO,d4641add-3306-4ba7-b535-358854b3d242,2025-08-05,ERP_CORPORATIVO,TRANSACOES_FINANCEIRAS,480,e18b494ca609ad1d50bf2276c3864484d852f4a46eaf74520179a65987d97888
TR-00914,2025-07-21,2025-07-01,LOG,FORN-00006,RECEITA,1890.677505641536,1890.677505641536,BRL,Serviço relacionado a recursos humanos (LOG),6,CARTAO,PAGO,d4641add-3306-4ba7-b535-358854b3d242,2025-08-05,ERP_CORPORATIVO,TRANSACOES_FINANCEIRAS,914,5e8046bb5dcadb47c42eaed35a6967eddb88ce5f91f69b4f29f8820b711577c7
TR-00915,2025-07-09,2025-07-01,JUR,FORN-00006,DESPESA,1694.7068424039765,1627.5529338174213,BRL,Despesa de RH - JUR,6,PIX,PAGO,d4641add-3306-4ba7-b535-358854b3d242,2025-08-05,ERP_CORPORATIVO,TRANSACOES_FINANCEIRAS,915,8f1b3d473a0a22981f0837b7c409c3cda5e613bc64ba99c5ddd4743e9c9a2d17
TR-00916,2025-07-21,2025-07-01,OP,FORN-00006,RECEITA,1395.878396123687,1355.613895552227,BRL,Custo operacional associado a OP,8,TED,PAGO,d4641add-3306-4ba7-b535-358854b3d242,2025-08-05,ERP_CORPORATIVO,TRANSACOES_FINANCEIRAS,916,249637d13f8d271aca6d52452a5ea10efd9b6484a0badc3041dd1ddfdf623894
TR-00917,2025-07-14,2025-07-01,CTB,FORN-00006,DESPESA,1996.9740368004557,1951.9274875266944,BRL,Investimento em marketing corporativo (CTB),4,TED,PAGO,d4641add-3306-4ba7-b535-358854b3d242,2025-08-05,ERP_CORPORATIVO,TRANSACOES_FINANCEIRAS,917,e314da2131e84a448406b95bc9a28434588373d11f69476ba482ea8250bff553
TR-00918,2025-07-28,2025-07-01,COMP,FORN-00006,RECEITA,1558.4584673253116,1558.4584673253116,BRL,Prestação de serviço para área COMP,1,TRANSFERENCIA,PAGO,d4641add-3306-4ba7-b535-358854b3d242,2025-08-05,ERP_CORPORATIVO,TRANSACOES_FINANCEIRAS,918,1ba5f427870b2e6d3611286dc2ff23fee7a673be36ddd20a5e80932e33e2f8c4
TR-00919,2025-07-24,2025-07-01,PES,FORN-00006,DESPESA,1755.5679006166279,1755.5679006166279,BRL,Contrato de serviço - setor PES,1,TED,CANCELADO,d4641add-3306-4ba7-b535-358854b3d242,2025-08-05,ERP_CORPORATIVO,TRANSACOES_FINANCEIRAS,919,4c271e6a8538d99a2ddba6d0ad98761eaa1cf0d579ac320f5a553a197d5e4b56
TR-00920,2025-07-23,2025-07-01,OP,FORN-00006,RECEITA,611.3199032379126,611.3199032379126,BRL,Campanha institucional - OP,4,BOLETO,PAGO,d4641add-3306-4ba7-b535-358854b3d242,2025-08-05,ERP_CORPORATIVO,TRANSACOES_FINANCEIRAS,920,917a4aae232d9f64c3a60bceeac053132c0475b12ad4464a2765085108b49911
TR-00921,2025-07-14,2025-07-01,TI,FORN-00006,RECEITA,1632.5721601019247,1632.5721601019247,BRL,Investimento em marketing corporativo (TI),4,TED,PAGO,d4641add-3306-4ba7-b535-358854b3d242,2025-08-05,ERP_CORPORATIVO,TRANSACOES_FINANCEIRAS,921,4231a197392e6715d25b05c8189c0fb25d264a76e03a6bf3ae0fe7cbcf473fec
TR-00922,2025-07-15,2025-07-01,TI,FORN-00006,RECEITA,1644.7627174272811,1616.0956968548423,BRL,Campanha institucional - TI,4,TRANSFERENCIA,PAGO,d4641add-3306-4ba7-b535-358854b3d242,2025-08-05,ERP_CORPORATIVO,TRANSACOES_FINANCEIRAS,922,7881f25fa49b307cfd01ce28116e88605ca153ef2cc1a827adde4bd465108c10
TR-00923,2025-07-18,2025-07-01,OP,FORN-00006,RECEITA,1748.3313664168036,1748.3313664168036,BRL,Custo operacional associado a OP,8,TRANSFERENCIA,PAGO,d4641add-3306-4ba7-b535-358854b3d242,2025-08-05,ERP_CORPORATIVO,TRANSACOES_FINANCEIRAS,923,12feab53a435de5481dac4cdaf82afda4bbcbc48eede02056a6055babf22a539
TR-00924,2025-07-08,2025-07-01,SEC,FORN-00006,RECEITA,1573.8604581554446,1573.8604581554446,BRL,Manutenção estrutural vinculada à área SEC,3,PIX,ATRASADO,d4641add-3306-4ba7-b535-358854b3d242,2025-08-05,ERP_CORPORATIVO,TRANSACOES_FINANCEIRAS,924,4a5277771d5163421093edf2afd0e3df86b568fcab7cea9ef62fe392d994d8d5
TR-00925,2025-07-16,2025-07-01,VND,FORN-00006,DESPESA,2094.946848102873,2094.946848102873,BRL,Evento corporativo organizado por VND,14,TRANSFERENCIA,PAGO,d4641add-3306-4ba7-b535-358854b3d242,2025-08-05,ERP_CORPORATIVO,TRANSACOES_FINANCEIRAS,925,bc6a23ac41346991f60fadd4613435a72888412cb972ecd1ac1bdc9233c37b44
TR-00926,2025-07-21,2025-07-01,LOG,FORN-00006,DESPESA,1722.3642885048816,1722.3642885048816,BRL,Investimento em marketing corporativo (LOG),4,PIX,PAGO,d4641add-3306-4ba7-b535-358854b3d242,2025-08-05,ERP_CORPORATIVO,TRANSACOES_FINANCEIRAS,926,2740ef8fc98bc3db62fe6301d77705bf93343d6ff6154f0ebcd73484eb150cc5
TR-00927,2025-07-07,2025-07-01,LOG,FORN-00006,DESPESA,1876.3884661139325,1876.3884661139325,BRL,Licenciamento de software - LOG,5,BOLETO,PAGO,d4641add-3306-4ba7-b535-358854b3d242,2025-08-05,ERP_CORPORATIVO,TRANSACOES_FINANCEIRAS,927,6dd7810f27ab26791bc2a46564348d31009a7857fa32d0e9be6609374de0578e
TR-00928,2025-07-10,2025-07-01,RH,FORN-00006,DESPESA,1716.623496202189,1716.623496202189,USD,Honorários jurídicos - RH,7,CARTAO,ATRASADO,d4641add-3306-4ba7-b535-358854b3d242,2025-08-05,ERP_CORPORATIVO,TRANSACOES_FINANCEIRAS,928,b2b45e76b9a15d3aeb2bcda3f08161dc1f247209d8b73d91b4b0c18afbd0c5e5
TR-00929,2025-07-22,2025-07-01,PES,FORN-00006,DESPESA,1898.3242582995933,1898.3242582995933,BRL,Custo operacional associado a PES,8,PIX,PAGO,d4641add-3306-4ba7-b535-358854b3d242,2025-08-05,ERP_CORPORATIVO,TRANSACOES_FINANCEIRAS,929,69e05041f913947ded99867b2c57cd82e0d78144df0a4004ca0acd5ce4f97610
TR-01199,2025-07-07,2025-07-01,VND,ACC-00007,DESPESA,1801.0980897420761,1767.3875162398906,BRL,Prestação de serviço para área VND,1,PIX,PAGO,d4641add-3306-4ba7-b535-358854b3d242,2025-08-05,ERP_CORPORATIVO,TRANSACOES_FINANCEIRAS,1199,9c48c2fd693fd407887c6bf13e75dc6ad7ac94d615fe06a55b4e6f4c8768c844
TR-01200,2025-07-07,2025-07-01,MKT,ACC-00007,DESPESA,2590.8190245099718,2469.975443090278,BRL,Tarifas de serviços financeiros - MKT,22,CARTAO,ATRASADO,d4641add-3306-4ba7-b535-358854b3d242,2025-08-05,ERP_CORPORATIVO,TRANSACOES_FINANCEIRAS,1200,20061b460c88bea547ecd4a3e3b374af7351c8eaa2faa949f476abc42feb93fb
TR-01201,2025-07-28,2025-07-01,PRD,ACC-00007,DESPESA,2286.399207572934,2201.4213182266817,BRL,Viagem corporativa - PRD,18,BOLETO,PAGO,d4641add-3306-4ba7-b535-358854b3d242,2025-08-05,ERP_CORPORATIVO,TRANSACOES_FINANCEIRAS,1201,c8f35d14c7e23b83744d6a5c25868562174c75ec729416f152a613c6b740cde1
TR-01202,2025-07-21,2025-07-01,ESG,ACC-00007,DESPESA,2126.526983180286,2126.526983180286,BRL,Receita de comissão comercial - ESG,33,PIX,PAGO,d4641add-3306-4ba7-b535-358854b3d242,2025-08-05,ERP_CORPORATIVO,TRANSACOES_FINANCEIRAS,1202,0ce773528717e380091a2a4328b45ad84a62dc5fa26494db9c84ecec7a2ef014
TR-01203,2025-07-07,2025-07-01,FIN,ACC-00007,DESPESA,1934.2716454417507,1934.2716454417507,BRL,Receita de aluguel creditada em FIN,31,BOLETO,PAGO,d4641add-3306-4ba7-b535-358854b3d242,2025-08-05,ERP_CORPORATIVO,TRANSACOES_FINANCEIRAS,1203,0be01727f65b368ba915e4886aad299e7050465e7014cc4f5f61b2040a97fdbd
TR-01204,2025-07-08,2025-07-01,RH,ACC-00007,RECEITA,6423.759464099917,6423.759464099917,BRL,Combustível e lubrificantes para frota (RH),16,BOLETO,PAGO,d4641add-3306-4ba7-b535-358854b3d242,2025-08-05,ERP_CORPORATIVO,TRANSACOES_FINANCEIRAS,1204,48e91c3aeaf744432e885fc19dfb22a9f73ffc3a304f56524780cc92b0b3efd0
TR-01205,2025-07-21,2025-07-01,MKT,ACC-00007,DESPESA,2204.5574285726348,2171.833130215546,BRL,Compra de insumos para setor MKT,2,PIX,ATRASADO,d4641add-3306-4ba7-b535-358854b3d242,2025-08-05,ERP_CORPORATIVO,TRANSACOES_FINANCEIRAS,1205,e46b750622edb5015f3a43ef235c73d301444ac28c93dc97fdec89bd5475479a
TR-01206,2025-07-10,2025-07-01,CPT,ACC-00007,RECEITA,2285.0463011550573,2285.0463011550573,BRL,Manutenção predial solicitada por CPT,10,TRANSFERENCIA,PAGO,d4641add-3306-4ba7-b535-358854b3d242,2025-08-05,ERP_CORPORATIVO,TRANSACOES_FINANCEIRAS,1206,e1d476087ad0972c0b6b61a3e544bc3b7b00084c306dc92ec2859fe5a43cf917
TR-01207,2025-07-16,2025-07-01,PRD,ACC-00007,RECEITA,2589.472587316256,2589.472587316256,BRL,Renovação de certificados digitais - PRD,26,BOLETO,PAGO,d4641add-3306-4ba7-b535-358854b3d242,2025-08-05,ERP_CORPORATIVO,TRANSACOES_FINANCEIRAS,1207,d5659834e376b182250a06dfc9497b23afdc9ef49c1525516c1d30e95794891b
TR-01580,2025-07-21,2025-07-01,PRD,FORN-00009,DESPESA,4539.042532323102,4317.302913086039,BRL,Serviço especializado solicitado por PRD,1,TED,PAGO,d4641add-3306-4ba7-b535-358854b3d242,2025-08-05,ERP_CORPORATIVO,TRANSACOES_FINANCEIRAS,1580,3e76c09a03b19e624e921028ebe540c94fea57455e025285df7dcc15f6f08bb1
TR-01581,2025-07-21,2025-07-01,ATD,FORN-00009,RECEITA,3899.1041539436214,3850.0187349084986,BRL,Custo operacional associado a ATD,8,PIX,ATRASADO,d4641add-3306-4ba7-b535-358854b3d242,2025-08-05,ERP_CORPORATIVO,TRANSACOES_FINANCEIRAS,1581,742bcd7341b96ccd3e9265770dedc32c2908383cbf042e4d795a07cf6e5e603e
TR-01582,2025-07-14,2025-07-01,COMP,FORN-00009,DESPESA,3944.266999829474,3944.266999829474,BRL,Serviço de telefonia e internet - COMP,9,PIX,CANCELADO,d4641add-3306-4ba7-b535-358854b3d242,2025-08-05,ERP_CORPORATIVO,TRANSACOES_FINANCEIRAS,1582,5bce3bc0790ea8a533cb1f8d3e3fe3a5b4df07d06f82eefefb61a1b671438c6d
TR-01583,2025-07-14,2025-07-01,MKT,FORN-00009,DESPESA,4335.19155954579,4335.19155954579,BRL,Tarifas de serviços financeiros - MKT,22,PIX,PAGO,d4641add-3306-4ba7-b535-358854b3d242,2025-08-05,ERP_CORPORATIVO,TRANSACOES_FINANCEIRAS,1583,ecec2d49bbf61240bed40fc777622d5bd74eaf425aef23e039247386896dd598
TR-01584,2025-07-18,2025-07-01,LOG,FORN-00009,DESPESA,13795.370573649243,13795.370573649243,BRL,Despesa operacional - LOG,8,CARTAO,PAGO,d4641add-3306-4ba7-b535-358854b3d242,2025-08-05,ERP_CORPORATIVO,TRANSACOES_FINANCEIRAS,1584,ff6111e7e3e63fbc1de8a4455977c62a4beeea01c3be0b101333bd26f3de65c6
TR-01585,2025-07-18,2025-07-01,FIN,FORN-00009,RECEITA,4345.416154507348,4345.416154507348,BRL,Licença de software para área FIN,27,TED,PAGO,d4641add-3306-4ba7-b535-358854b3d242,2025-08-05,ERP_CORPORATIVO,TRANSACOES_FINANCEIRAS,1585,38e582983733ae619d973b601756ef696e9ac120523bd8fbeb9f72e805e8d796
TR-01586,2025-07-04,2025-07-01,RH,FORN-00009,DESPESA,5242.226379148618,5242.226379148618,BRL,Contrato de consultoria externa - RH,12,CARTAO,PAGO,d4641add-3306-4ba7-b535-358854b3d242,2025-08-05,ERP_CORPORATIVO,TRANSACOES_FINANCEIRAS,1586,c5c8006389d92ab4dc898af6af166cfa8ae5416fac6fb1f5e462a3666b02d88d
TR-01587,2025-07-10,2025-07-01,QAS,FORN-00009,RECEITA,4730.662481722088,4730.662481722088,BRL,Campanha institucional - QAS,4,CARTAO,CANCELADO,d4641add-3306-4ba7-b535-358854b3d242,2025-08-05,ERP_CORPORATIVO,TRANSACOES_FINANCEIRAS,1587,3bbc674b06f96b2742581ed23b483359239440af1fed5f53838b8148f5ad0056
TR-01588,2025-07-16,2025-07-01,FIN,FORN-00009,DESPESA,4717.694306158768,4717.694306158768,BRL,Serviço especializado solicitado por FIN,1,TRANSFERENCIA,PAGO,d4641add-3306-4ba7-b535-358854b3d242,2025-08-05,ERP_CORPORATIVO,TRANSACOES_FINANCEIRAS,1588,135e4c83bf5549f2e77fe9de78f1d5582483e65a789565eb06e657ec1e536f87
TR-01589,2025-07-16,2025-07-01,JUR,FORN-00009,DESPESA,4364.352353565583,4287.844790540497,BRL,Honorários profissionais contratados por JUR,11,TRANSFERENCIA,CANCELADO,d4641add-3306-4ba7-b535-358854b3d242,2025-08-05,ERP_CORPORATIVO,TRANSACOES_FINANCEIRAS,1589,7c5240a9ed58a69afdee3bce44e88cb289caa8ed632576b61d1de4afb4e94c9f
TR-01590,2025-07-09,2025-07-01,COMP,FORN-00009,DESPESA,3945.27182596135,3945.27182596135,BRL,Comissão recebida por COMP,33,PIX,PAGO,d4641add-3306-4ba7-b535-358854b3d242,2025-08-05,ERP_CORPORATIVO,TRANSACOES_FINANCEIRAS,1590,9902bb69764f20b2cc5d3b026964db529070c7799e0bd374f6a6bc76712c543b
TR-01591,2025-07-07,2025-07-01,COM,FORN-00009,RECEITA,4532.569337266679,4450.520245969483,BRL,Receita de comissão comercial - COM,33,PIX,PAGO,d4641add-3306-4ba7-b535-358854b3d242,2025-08-05,ERP_CORPORATIVO,TRANSACOES_FINANCEIRAS,1591,774c3fc1e7b7de887deefc08fc04fbeacf0c5bde2e67ca70bea77023565175a1
TR-01592,2025-07-28,2025-07-01,COMP,FORN-00009,RECEITA,5432.6553895294865,5289.845587202538,BRL,Abatimento comercial registrado em COMP,38,TED,PAGO,d4641add-3306-4ba7-b535-358854b3d242,2025-08-05,ERP_CORPORATIVO,TRANSACOES_FINANCEIRAS,1592,4761d24a36e5e78b027f6f329cf96c682f141366599239fc3f325848cf57b848
TR-01593,2025-07-07,2025-07-01,COM,FORN-00009,DESPESA,4637.331080591048,4448.046881322084,BRL,Licenciamento de software - COM,5,TED,PAGO,d4641add-3306-4ba7-b535-358854b3d242,2025-08-05,ERP_CORPORATIVO,TRANSACOES_FINANCEIRAS,1593,b4a211cb8076c3311996bae0deb379c0f2021ef1496494067add12c2373ede0f
TR-01594,2025-07-23,2025-07-01,LOG,FORN-00009,DESPESA,5068.375147629121,5068.375147629121,BRL,Compra de insumos para setor LOG,2,TED,PAGO,d4641add-3306-4ba7-b535-358854b3d242,2025-08-05,ERP_CORPORATIVO,TRANSACOES_FINANCEIRAS,1594,2a2abbed8b84bfeef1a5fefdb62eb5f699ee659e6e4e107b2affbeb4b8a05eb2
TR-01595,2025-07-14,2025-07-01,QAS,FORN-00009,DESPESA,5132.742560523451,4948.051301528694,BRL,Custo operacional associado a QAS,8,TED,CANCELADO,d4641add-3306-4ba7-b535-358854b3d242,2025-08-05,ERP_CORPORATIVO,TRANSACOES_FINANCEIRAS,1595,9e8999a1da47eb3cf0a077f4574d68d7eae16391795e4394af1862f966029150
TR-01839,2025-07-16,2025-07-01,FIN,FORN-00010,RECEITA,1862.4683347160967,1862.4683347160967,BRL,Prestação de serviço para área FIN,1,BOLETO,CANCELADO,d4641add-3306-4ba7-b535-358854b3d242,2025-08-05,ERP_CORPORATIVO,TRANSACOES_FINANCEIRAS,1839,cb00ffa0a8d750a3e98ea2fe68c74fb1d36b3f2c31df871d360e6f4fb9a00324
TR-01840,2025-07-28,2025-07-01,COMP,FORN-00010,RECEITA,2174.834618231592,2145.927586794281,BRL,Manutenção estrutural vinculada à área COMP,3,TRANSFERENCIA,PAGO,d4641add-3306-4ba7-b535-358854b3d242,2025-08-05,ERP_CORPORATIVO,TRANSACOES_FINANCEIRAS,1840,8b7f5d68f9f1a8ec089cf9a28d7d0d200c008a812cce2d8feed48fb334e34e92
TR-01841,2025-07-14,2025-07-01,COMP,FORN-00010,DESPESA,1929.3419778819812,1929.3419778819812,BRL,Propaganda e divulgação para área COMP,13,TED,PAGO,d4641add-3306-4ba7-b535-358854b3d242,2025-08-05,ERP_CORPORATIVO,TRANSACOES_FINANCEIRAS,1841,accf56ed65380cc779399a8240e41417dda4eee6c8e2a9b83fe8c1c303575727
TR-01842,2025-07-15,2025-07-01,LOG,FORN-00010,DESPESA,1812.4719864699218,1812.4719864699218,BRL,Royalties recebidos por LOG,32,TRANSFERENCIA,PAGO,d4641add-3306-4ba7-b535-358854b3d242,2025-08-05,ERP_CORPORATIVO,TRANSACOES_FINANCEIRAS,1842,a9af486b0a937379feffb4de66a71d93e5fc03239023c5b077cb688c005e6dfd
TR-01843,2025-07-21,2025-07-01,TI,FORN-00010,RECEITA,2244.9151149312993,2244.9151149312993,BRL,Compra de insumos para setor TI,2,TRANSFERENCIA,PAGO,d4641add-3306-4ba7-b535-358854b3d242,2025-08-05,ERP_CORPORATIVO,TRANSACOES_FINANCEIRAS,1843,7502a9905b825fd241df0db8316daee498282bf6da222d559cbb243b5d17f66a
TR-01844,2025-07-21,2025-07-01,VND,FORN-00010,RECEITA,2230.3629101193037,2230.3629101193037,BRL,Prestação de serviço para área VND,1,TRANSFERENCIA,PAGO,d4641add-3306-4ba7-b535-358854b3d242,2025-08-05,ERP_CORPORATIVO,TRANSACOES_FINANCEIRAS,1844,91369b12f563643bfa198936c5dabf74be43a7a63f24f3de95e5837a74d5bbc8
TR-01845,2025-07-22,2025-07-01,FIN,FORN-00010,RECEITA,2016.514498494967,2016.514498494967,BRL,Serviço especializado solicitado por FIN,1,BOLETO,PAGO,d4641add-3306-4ba7-b535-358854b3d242,2025-08-05,ERP_CORPORATIVO,TRANSACOES_FINANCEIRAS,1845,320aa723fbff6a0ce51ad52d760aa06658379621e9c74ceb5364ee1a2e88ca07
TR-01846,2025-07-21,2025-07-01,ADM,FORN-00010,RECEITA,2236.064042253418,2236.064042253418,BRL,Reparo e conservação de instalações - ADM,10,TED,PAGO,d4641add-3306-4ba7-b535-358854b3d242,2025-08-05,ERP_CORPORATIVO,TRANSACOES_FINANCEIRAS,1846,738dbf6ead2ad19edf2e273c3ff3dc0166a718a468341b97da118b8984d4b340
TR-01847,2025-07-28,2025-07-01,TI,FORN-00010,RECEITA,1922.809564255722,1922.809564255722,BRL,Investimento em marketing corporativo (TI),4,PIX,PAGO,d4641add-3306-4ba7-b535-358854b3d242,2025-08-05,ERP_CORPORATIVO,TRANSACOES_FINANCEIRAS,1847,fbf96abe58e15b7fca2c830dfc41367ceef477a882672547f1a862f83fddc3db
TR-01848,2025-07-21,2025-07-01,CTB,FORN-00010,DESPESA,2008.0525694538126,2008.0525694538126,BRL,Custo operacional associado a CTB,8,BOLETO,PAGO,d4641add-3306-4ba7-b535-358854b3d242,2025-08-05,ERP_CORPORATIVO,TRANSACOES_FINANCEIRAS,1848,57e3089f4b03a44406cada32ca4412aa37393e91dfd24d69db9d8bdf42b46ae6
TR-01849,2025-07-07,2025-07-01,COMP,FORN-00010,DESPESA,2170.8744084679975,2170.8744084679975,BRL,Evento corporativo organizado por COMP,14,PIX,PAGO,d4641add-3306-4ba7-b535-358854b3d242,2025-08-05,ERP_CORPORATIVO,TRANSACOES_FINANCEIRAS,1849,04789f086920b9ef68508ba38f20f956966faf6c571fe24d00dbc8ccdd65cc72
TR-01850,2025-07-21,2025-07-01,JUR,FORN-00010,RECEITA,2311.2238913551205,2311.2238913551205,BRL,Compra de insumos para setor JUR,2,TRANSFERENCIA,ATRASADO,d4641add-3306-4ba7-b535-358854b3d242,2025-08-05,ERP_CORPORATIVO,TRANSACOES_FINANCEIRAS,1850,1dfac2bab48f6d54d7275c1d089ff74aaf54500dab2761441d7ddf4701f40a18
TR-01851,2025-07-14,2025-07-01,CTB,FORN-00010,RECEITA,2006.0208623581702,1961.133040065456,BRL,Resultado de equivalência patrimonial - CTB,34,TRANSFERENCIA,PAGO,d4641add-3306-4ba7-b535-358854b3d242,2025-08-05,ERP_CORPORATIVO,TRANSACOES_FINANCEIRAS,1851,0b646ac03394e42793991f523d6ec2df9c86b9bf1609ec95fc8f713c541081de
TR-02165,2025-07-11,2025-07-01,JUR,ACC-00011,DESPESA,2624.5092716580198,2575.1833873238397,BRL,Manutenção estrutural vinculada à área JUR,3,PIX,PAGO,d4641add-3306-4ba7-b535-358854b3d242,2025-08-05,ERP_CORPORATIVO,TRANSACOES_FINANCEIRAS,2165,0fd4503e28ec64e2435f9509cfb66459c4c7d430a4db5981bf937565b4e502f3
TR-02166,2025-07-22,2025-07-01,OP,ACC-00011,RECEITA,11997.482382967939,11918.254650403336,BRL,Honorários jurídicos - OP,7,CARTAO,PAGO,d4641add-3306-4ba7-b535-358854b3d242,2025-08-05,ERP_CORPORATIVO,TRANSACOES_FINANCEIRAS,2166,9c866a5e3796d154cecc3c0775d3ea36c37f9e00ec53d1e80a9484068fa720a7
TR-02167,2025-07-14,2025-07-01,MKT,ACC-00011,RECEITA,3382.249680191477,3382.249680191477,BRL,Doação recebida em favor de MKT,36,TED,PAGO,d4641add-3306-4ba7-b535-358854b3d242,2025-08-05,ERP_CORPORATIVO,TRANSACOES_FINANCEIRAS,2167,2e451f0b604fb3eab727f880479666d728aa6421b483319a6fb6835933a99684
TR-02168,2025-07-07,2025-07-01,COM,ACC-00011,DESPESA,3568.0529233822454,3568.0529233822454,BRL,Reparo e conservação de instalações - COM,10,TED,PAGO,d4641add-3306-4ba7-b535-358854b3d242,2025-08-05,ERP_CORPORATIVO,TRANSACOES_FINANCEIRAS,2168,d63b084191c274364bc596a5d7684caa31632a79ae95965f3087e1f335b2a375
TR-02169,2025-07-16,2025-07-01,PRD,ACC-00011,DESPESA,2982.239819108845,2982.239819108845,BRL,Campanha institucional - PRD,4,PIX,PAGO,d4641add-3306-4ba7-b535-358854b3d242,2025-08-05,ERP_CORPORATIVO,TRANSACOES_FINANCEIRAS,2169,a7c9e89369997bc74ee819e0fd314b02e9e8930d7fb7960654e29f76fb4dc1df
TR-02170,2025-07-11,2025-07-01,MKT,ACC-00011,RECEITA,5787.85791139645,5787.85791139645,BRL,Manutenção preventiva de veículos - MKT,17,BOLETO,PAGO,d4641add-3306-4ba7-b535-358854b3d242,2025-08-05,ERP_CORPORATIVO,TRANSACOES_FINANCEIRAS,2170,66a0c9c95c933f32ce22b02880c0e0377c0f3e38548002c8fab8ca76a100ee45
TR-02171,2025-07-16,2025-07-01,COM,ACC-00011,DESPESA,2328.461786221475,2328.461786221475,BRL,Recebimento de subvenção - COM,36,TRANSFERENCIA,ATRASADO,d4641add-3306-4ba7-b535-358854b3d242,2025-08-05,ERP_CORPORATIVO,TRANSACOES_FINANCEIRAS,2171,2575e82fdcaeccfe28a431456c68861fd9c8f938e02c8e5f500c0416f76701ac
TR-02172,2025-07-09,2025-07-01,OP,ACC-00011,RECEITA,3173.25006577508,3173.25006577508,BRL,Publicidade institucional - OP,13,TED,PAGO,d4641add-3306-4ba7-b535-358854b3d242,2025-08-05,ERP_CORPORATIVO,TRANSACOES_FINANCEIRAS,2172,de47565c9d4eb89b4e553028b6ddb15fed9528fc37d78598b7275aa948f82b37
TR-02173,2025-07-21,2025-07-01,COMP,ACC-00011,RECEITA,3333.21359044804,3333.21359044804,BRL,Alimentação em viagem corporativa - COMP,20,TRANSFERENCIA,ATRASADO,d4641add-3306-4ba7-b535-358854b3d242,2025-08-05,ERP_CORPORATIVO,TRANSACOES_FINANCEIRAS,2173,6968a64cf8cb8d8f9973fbe8db69ad227f9c1973e42312e66bdeddabfdc97070
TR-02174,2025-07-09,2025-07-01,CPT,ACC-00011,DESPESA,2806.1264651589686,2806.1264651589686,BRL,Despesa operacional - CPT,8,TED,PAGO,d4641add-3306-4ba7-b535-358854b3d242,2025-08-05,ERP_CORPORATIVO,TRANSACOES_FINANCEIRAS,2174,36a761d36563979b2b0607a6674f03d00209895f441f1fc6cda61d61aacb24f2
TR-02175,2025-07-14,2025-07-01,FIN,ACC-00011,RECEITA,1218.0838236234335,1218.0838236234335,BRL,Aquisição de material operacional - FIN,2,TRANSFERENCIA,PAGO,d4641add-3306-4ba7-b535-358854b3d242,2025-08-05,ERP_CORPORATIVO,TRANSACOES_FINANCEIRAS,2175,9174d0ea25e823eb0c17ae2c6ee856d2bdbd8a53ec3381ec8ea3b7204568d88d
TR-02176,2025-07-04,2025-07-01,JUR,ACC-00011,DESPESA,2952.5090094993316,2952.5090094993316,BRL,Certificado digital adquirido por JUR,26,TRANSFERENCIA,PAGO,d4641add-3306-4ba7-b535-358854b3d242,2025-08-05,ERP_CORPORATIVO,TRANSACOES_FINANCEIRAS,2176,c1701bf3f0c6474904e4fb301c25738d8d5afc68dcf31b15fee5079a2be4408b
TR-02177,2025-07-17,2025-07-01,TI,ACC-00011,DESPESA,2982.208605461279,2860.141953355793,BRL,Alimentação em viagem corporativa - TI,20,PIX,ATRASADO,d4641add-3306-4ba7-b535-358854b3d242,2025-08-05,ERP_CORPORATIVO,TRANSACOES_FINANCEIRAS,2177,6803c19ce704118b030f6a817b85bc872d104aabc2d33797a319be0f54039f75
TR-02178,2025-07-07,2025-07-01,COMP,ACC-00011,DESPESA,2929.3315788548607,2929.3315788548607,BRL,Reparo e conservação de instalações - COMP,10,PIX,PAGO,d4641add-3306-4ba7-b535-358854b3d242,2025-08-05,ERP_CORPORATIVO,TRANSACOES_FINANCEIRAS,2178,a980020c4d22db459fa4d03a007c2be9c361a2d2eed1b720c210cff5202b10de
TR-02179,2025-07-21,2025-07-01,QAS,ACC-00011,DESPESA,3521.073873327296,3521.073873327296,BRL,Aquisição de material operacional - QAS,2,PIX,PAGO,d4641add-3306-4ba7-b535-358854b3d242,2025-08-05,ERP_CORPORATIVO,TRANSACOES_FINANCEIRAS,2179,ede57a8a790b56ec1eb5e775ed164e691b2be6c109592c3aeea5ac2d75b160a5
TR-02180,2025-07-18,2025-07-01,FIN,ACC-00011,RECEITA,2872.5433670568023,2872.5433670568023,BRL,Reparo de hardware solicitado por FIN,28,TED,PAGO,d4641add-3306-4ba7-b535-358854b3d242,2025-08-05,ERP_CORPORATIVO,TRANSACOES_FINANCEIRAS,2180,cd34c6400790b7268d4aab1d16fe16f60d5eecddcc842d5d4bedcaf2927645b0
TR-02181,2025-07-14,2025-07-01,FIN,ACC-00011,RECEITA,2837.6259422770686,2837.6259422770686,BRL,Manutenção preventiva de veículos - FIN,17,TRANSFERENCIA,PAGO,d4641add-3306-4ba7-b535-358854b3d242,2025-08-05,ERP_CORPORATIVO,TRANSACOES_FINANCEIRAS,2181,bfd63b08f41f461d685bd5fba81334f30e99911729cc6c7998bc8588f9491f8d
TR-02182,2025-07-15,2025-07-01,ADM,ACC-00011,DESPESA,2759.118531912061,2691.2762539411838,USD,Venda de ativo imobilizado por ADM,35,BOLETO,PAGO,d4641add-3306-4ba7-b535-358854b3d242,2025-08-05,ERP_CORPORATIVO,TRANSACOES_FINANCEIRAS,2182,ce2081961aeb4a0fcbe16bb3781b310d28c653f8621c345f4555547a700a5361
TR-02431,2025-07-09,2025-07-01,JUR,ACC-00012,RECEITA,4123.119897473909,4123.119897473909,BRL,Treinamento corporativo para equipe JUR,30,BOLETO,PAGO,d4641add-3306-4ba7-b535-358854b3d242,2025-08-05,ERP_CORPORATIVO,TRANSACOES_FINANCEIRAS,2431,3d4c5fad00a914e72c8ae1f0b71e32f5ab1b72149f5dbdf65a378aa56ac7acff
TR-02432,2025-07-22,2025-07-01,COMP,ACC-00012,DESPESA,3885.5795176979177,3885.5795176979177,BRL,Licenciamento de software - COMP,5,BOLETO,PAGO,d4641add-3306-4ba7-b535-358854b3d242,2025-08-05,ERP_CORPORATIVO,TRANSACOES_FINANCEIRAS,2432,8e9af3b725db39a639d31f22fd110976817dcbbb2b8179e157a0a90ed565aef1
TR-02433,2025-07-14,2025-07-01,OP,ACC-00012,DESPESA,3783.324056384071,3676.865995842376,BRL,Serviço especializado solicitado por OP,1,TRANSFERENCIA,PAGO,d4641add-3306-4ba7-b535-358854b3d242,2025-08-05,ERP_CORPORATIVO,TRANSACOES_FINANCEIRAS,2433,377c92db4759664d761bebd9159f471f7e1bca7e286f58d629912729b207da0f
TR-02434,2025-07-22,2025-07-01,ESG,ACC-00012,DESPESA,3797.804182493358,3797.804182493358,BRL,Contrato de serviço - setor ESG,1,BOLETO,PAGO,d4641add-3306-4ba7-b535-358854b3d242,2025-08-05,ERP_CORPORATIVO,TRANSACOES_FINANCEIRAS,2434,6e9b5d0e7b982c1adc97e80200a72296048752507e273bf3956e1a08c4689013
TR-02435,2025-07-24,2025-07-01,PES,ACC-00012,DESPESA,3212.8292306827084,3212.8292306827084,BRL,Serviço especializado solicitado por PES,1,BOLETO,PAGO,d4641add-3306-4ba7-b535-358854b3d242,2025-08-05,ERP_CORPORATIVO,TRANSACOES_FINANCEIRAS,2435,6d9312d5a2f13f76a269a160fd5c650bbedf231e6e2280b76d32c18b3ca32a2a
TR-02436,2025-07-14,2025-07-01,PJT,ACC-00012,RECEITA,4188.281221599976,4188.281221599976,BRL,Seguro contratado pela área PJT,21,PIX,PAGO,d4641add-3306-4ba7-b535-358854b3d242,2025-08-05,ERP_CORPORATIVO,TRANSACOES_FINANCEIRAS,2436,0512865966e5faabd1b22e198d9da8337f198f4a7c5ac6c8368dc3bd4b80ae51
TR-02437,2025-07-17,2025-07-01,ESG,ACC-00012,RECEITA,3962.6572053295617,3879.5598684192805,BRL,Despesa operacional - ESG,8,CARTAO,PAGO,d4641add-3306-4ba7-b535-358854b3d242,2025-08-05,ERP_CORPORATIVO,TRANSACOES_FINANCEIRAS,2437,68388b496ada33b51b2791073ef83551da8e17500a831fad889a9c26acf07e5e
TR-02438,2025-07-25,2025-07-01,ADM,ACC-00012,DESPESA,3692.3989990322816,3692.3989990322816,BRL,Reparo de hardware solicitado por ADM,28,PIX,PAGO,d4641add-3306-4ba7-b535-358854b3d242,2025-08-05,ERP_CORPORATIVO,TRANSACOES_FINANCEIRAS,2438,0ded36accf528ede5069d9b3f31de621180419d8ae161b03588a516a7d9a20cf
TR-02439,2025-07-10,2025-07-01,RH,ACC-00012,RECEITA,3691.838946725686,3691.838946725686,BRL,Encargos de empréstimo vinculados a RH,23,TED,PAGO,d4641add-3306-4ba7-b535-358854b3d242,2025-08-05,ERP_CORPORATIVO,TRANSACOES_FINANCEIRAS,2439,e774a0b89920212f970ddd714c57af847c51b16d0f368cc20567b62012a9f6cc
TR-02916,2025-07-14,2025-07-01,FIN,ACC-00014,RECEITA,2631.8132956152467,2561.01349238539,BRL,Compra de insumos para setor FIN,2,TRANSFERENCIA,PAGO,d4641add-3306-4ba7-b535-358854b3d242,2025-08-05,ERP_CORPORATIVO,TRANSACOES_FINANCEIRAS,2916,e979e26bb03047c9c66a25c0a4dfbfb962d1cf51b751fc143232d1d5e74f2e74
TR-02917,2025-07-28,2025-07-01,TI,ACC-00014,RECEITA,2538.544390830359,2538.544390830359,BRL,Seguro contratado pela área TI,21,PIX,PAGO,d4641add-3306-4ba7-b535-358854b3d242,2025-08-05,ERP_CORPORATIVO,TRANSACOES_FINANCEIRAS,2917,ad383e3ead8b715409ee85bd37511d35b6584c85d2a64182e916bc6123056152
TR-02918,2025-07-18,2025-07-01,JUR,ACC-00014,DESPESA,2673.643809747403,2673.643809747403,BRL,Despesa de infraestrutura - JUR,3,TED,PAGO,d4641add-3306-4ba7-b535-358854b3d242,2025-08-05,ERP_CORPORATIVO,TRANSACOES_FINANCEIRAS,2918,688fa232c06afdbef4591b25756e1ab01ec244a3ce1b1613511c937d330f8ee6
TR-02919,2025-07-21,2025-07-01,OP,ACC-00014,DESPESA,2495.0497517771296,2495.0497517771296,BRL,Reparo de frota vinculado à área OP,17,PIX,PAGO,d4641add-3306-4ba7-b535-358854b3d242,2025-08-05,ERP_CORPORATIVO,TRANSACOES_FINANCEIRAS,2919,600178eebd7672b2860a7665098e8480e8757355a995c021764949fac3fad2e8
TR-02920,2025-07-21,2025-07-01,TI,ACC-00014,RECEITA,2754.811404233677,2623.755829294518,BRL,Contrato de conectividade para área TI,9,TED,PAGO,d4641add-3306-4ba7-b535-358854b3d242,2025-08-05,ERP_CORPORATIVO,TRANSACOES_FINANCEIRAS,2920,312a95fae5f04a5231db060f622ac955c5802547f48586f5d960d20f1c2750bd
TR-02921,2025-07-11,2025-07-01,QAS,ACC-00014,RECEITA,2451.7563736001784,2390.2597681507946,BRL,Tributo incidente sobre receita de QAS,40,TED,PAGO,d4641add-3306-4ba7-b535-358854b3d242,2025-08-05,ERP_CORPORATIVO,TRANSACOES_FINANCEIRAS,2921,fa13544af4b402269c8269ad32e96eff43c8cd74ae07a1854bc036eb0dcc13b3
TR-02922,2025-07-21,2025-07-01,RH,ACC-00014,DESPESA,2926.018252199188,2926.018252199188,BRL,Consultoria estratégica para área RH,12,TRANSFERENCIA,PAGO,d4641add-3306-4ba7-b535-358854b3d242,2025-08-05,ERP_CORPORATIVO,TRANSACOES_FINANCEIRAS,2922,c6e4b9d309c81fd423ee0db83c22bdcbcfa1f0cb3d14401322842ef1f425e073
TR-02923,2025-07-10,2025-07-01,VND,ACC-00014,RECEITA,2679.5313580856855,2679.5313580856855,BRL,Consultoria estratégica para área VND,12,BOLETO,PAGO,d4641add-3306-4ba7-b535-358854b3d242,2025-08-05,ERP_CORPORATIVO,TRANSACOES_FINANCEIRAS,2923,187d2bbb7ea9629211c7d68e4b1121746a90c713b509ca79badc4eb18291af40
TR-02924,2025-07-15,2025-07-01,PRD,ACC-00014,DESPESA,2511.1516556915285,2511.1516556915285,BRL,Serviço especializado solicitado por PRD,1,PIX,PAGO,d4641add-3306-4ba7-b535-358854b3d242,2025-08-05,ERP_CORPORATIVO,TRANSACOES_FINANCEIRAS,2924,5d48dca4d8000d4565c78fb88475d8c0a78cdacaa1b7bf910b49bc2dc7539e09
TR-02925,2025-07-08,2025-07-01,FIN,ACC-00014,DESPESA,2773.767172409835,2773.767172409835,USD,Hospedagem em viagem a serviço de FIN,19,TRANSFERENCIA,PAGO,d4641add-3306-4ba7-b535-358854b3d242,2025-08-05,ERP_CORPORATIVO,TRANSACOES_FINANCEIRAS,2925,380104f928e240e6a7badce1032ce98280bf08c2cde3f7518930e8018c89cca2
TR-02926,2025-07-15,2025-07-01,FIN,ACC-00014,RECEITA,2678.615905480855,2678.615905480855,BRL,Campanha institucional - FIN,4,BOLETO,PAGO,d4641add-3306-4ba7-b535-358854b3d242,2025-08-05,ERP_CORPORATIVO,TRANSACOES_FINANCEIRAS,2926,ee699212c8563bb4f441b2e8f3203df1004cd606206a527543d74a3a001a0179
TR-02927,2025-07-23,2025-07-01,RH,ACC-00014,RECEITA,2769.6714922221804,2769.6714922221804,BRL,Campanha institucional - RH,4,TRANSFERENCIA,PAGO,d4641add-3306-4ba7-b535-358854b3d242,2025-08-05,ERP_CORPORATIVO,TRANSACOES_FINANCEIRAS,2927,0f71dfc398cfd8dc0967b3adba157ab26cf5f9ae76d8809b87e96557df534c9e
TR-02928,2025-07-14,2025-07-01,FIN,ACC-00014,DESPESA,2571.711398391267,2528.24089152609,BRL,Manutenção predial solicitada por FIN,10,CARTAO,PAGO,d4641add-3306-4ba7-b535-358854b3d242,2025-08-05,ERP_CORPORATIVO,TRANSACOES_FINANCEIRAS,2928,f262e4212a4708a881189969abcb30a002c8b78dd4e6ac18fb335798371767a9
TR-02929,2025-07-14,2025-07-01,LOG,ACC-00014,DESPESA,2488.993536128185,2488.993536128185,BRL,Contrato de conectividade para área LOG,9,TRANSFERENCIA,PAGO,d4641add-3306-4ba7-b535-358854b3d242,2025-08-05,ERP_CORPORATIVO,TRANSACOES_FINANCEIRAS,2929,0e3b7eed8c9ab45dce58b4f116565e0b6acf7342e2af13ee847d87ab4e8db03a
TR-02930,2025-07-17,2025-07-01,FIN,ACC-00014,RECEITA,2584.4812773671733,2584.4812773671733,BRL,Honorários profissionais contratados por FIN,11,PIX,CANCELADO,d4641add-3306-4ba7-b535-358854b3d242,2025-08-05,ERP_CORPORATIVO,TRANSACOES_FINANCEIRAS,2930,0a6c5e32cf792605c87d8c2a131db8ab17555d154c6b2b3653fc6112cf74a821
TR-02931,2025-07-30,2025-07-01,OP,ACC-00014,RECEITA,2425.3104633682065,2425.3104633682065,BRL,Contrato de serviço - setor OP,1,TRANSFERENCIA,PAGO,d4641add-3306-4ba7-b535-358854b3d242,2025-08-05,ERP_CORPORATIVO,TRANSACOES_FINANCEIRAS,2931,96cfe25438cce81fa7025987acf01de8df5659a1d227e63ae6f2d49bc93e4246
TR-02932,2025-07-24,2025-07-01,VND,ACC-00014,DESPESA,2812.0958730784396,2812.0958730784396,BRL,Receita de aluguel creditada em VND,31,CARTAO,PAGO,d4641add-3306-4ba7-b535-358854b3d242,2025-08-05,ERP_CORPORATIVO,TRANSACOES_FINANCEIRAS,2932,85a9b4c9de37d7bcb69bf3c9df7b0d5aa3ad2bd26cd140c47f8e139d32b1d59b
TR-02933,2025-07-14,2025-07-01,COM,ACC-00014,RECEITA,2953.278427466025,2891.055519789206,BRL,Licença de software para área COM,27,PIX,CANCELADO,d4641add-3306-4ba7-b535-358854b3d242,2025-08-05,ERP_CORPORATIVO,TRANSACOES_FINANCEIRAS,2933,0cae97a1fd09d35bb69f59875c1bc8ff3984ef90eb680760a7e8432c47ec916c
TR-02934,2025-07-28,2025-07-01,CPT,ACC-00014,DESPESA,2701.7533604531245,2572.334852622152,BRL,Reparo de hardware solicitado por CPT,28,PIX,ATRASADO,d4641add-3306-4ba7-b535-358854b3d242,2025-08-05,ERP_CORPORATIVO,TRANSACOES_FINANCEIRAS,2934,41c4e33754bc63b6edbbf91d649cbd2561ae73ffaeffd20fa4e349fc80e17c02
TR-02935,2025-07-21,2025-07-01,FIN,ACC-00014,DESPESA,2938.2464687163633,2805.5237991431304,BRL,Compra de insumos para setor FIN,2,PIX,ATRASADO,d4641add-3306-4ba7-b535-358854b3d242,2025-08-05,ERP_CORPORATIVO,TRANSACOES_FINANCEIRAS,2935,59c701ceab96440dd4382a48263af7660925d4263a4cf3b2338d04a86c938d0e
TR-02936,2025-07-07,2025-07-01,JUR,ACC-00014,DESPESA,5032.65612628869,5032.65612628869,BRL,Alimentação em viagem corporativa - JUR,20,TRANSFERENCIA,PAGO,d4641add-3306-4ba7-b535-358854b3d242,2025-08-05,ERP_CORPORATIVO,TRANSACOES_FINANCEIRAS,2936,a647005265e54c50e01a9359be866d37e42d4b317e1f4c149efec965c41b4235
TR-02937,2025-07-28,2025-07-01,RH,ACC-00014,DESPESA,1324.7671878910637,1324.7671878910637,BRL,Consultoria estratégica para área RH,12,PIX,PAGO,d4641add-3306-4ba7-b535-358854b3d242,2025-08-05,ERP_CORPORATIVO,TRANSACOES_FINANCEIRAS,2937,630e681d1dad226527d8e2eeb7706a0d00eb4c321c305edd4bfa8fe24177645a
TR-02938,2025-07-21,2025-07-01,CTB,ACC-00014,DESPESA,2772.020434956113,2772.020434956113,BRL,Assessoria legal vinculada à área CTB,7,TED,PAGO,d4641add-3306-4ba7-b535-358854b3d242,2025-08-05,ERP_CORPORATIVO,TRANSACOES_FINANCEIRAS,2938,1efc57c90170289a38a55312c8eedd0625dfa59cd87315c107be10c0aafe04cf
TR-02939,2025-07-17,2025-07-01,PJT,ACC-00014,RECEITA,2242.7451159207108,2147.0385875308793,BRL,Investimento em marketing corporativo (PJT),4,PIX,PAGO,d4641add-3306-4ba7-b535-358854b3d242,2025-08-05,ERP_CORPORATIVO,TRANSACOES_FINANCEIRAS,2939,311f316687fad57293a229d9a117bb78e37083f19b8dcbc5ad110c374c317528
TR-02940,2025-07-28,2025-07-01,RH,ACC-00014,DESPESA,2597.641923891828,2542.5615462015066,BRL,Aquisição de material operacional - RH,2,BOLETO,PAGO,d4641add-3306-4ba7-b535-358854b3d242,2025-08-05,ERP_CORPORATIVO,TRANSACOES_FINANCEIRAS,2940,37efa79798de105e54c1adb40478463036131663367d81451ec7ad576d7b2c07
TR-03188,2025-07-14,2025-07-01,CTB,1000014,DESPESA,2958.519351918321,2958.519351918321,BRL,Viagem corporativa - CTB,18,CARTAO,PAGO,d4641add-3306-4ba7-b535-358854b3d242,2025-08-05,ERP_CORPORATIVO,TRANSACOES_FINANCEIRAS,3188,8b4582c2e18f2f80a8c2eddd165753dadd030d481cf08207feeca1c72b6da81f
TR-03189,2025-07-21,2025-07-01,RH,1000014,RECEITA,5309.955394914487,5309.955394914487,BRL,Propaganda e divulgação para área RH,13,PIX,PAGO,d4641add-3306-4ba7-b535-358854b3d242,2025-08-05,ERP_CORPORATIVO,TRANSACOES_FINANCEIRAS,3189,b656c2942a97609fba38a58ba4cd845e3a3f9af87438b8d2c67c4f26c5ce30b7
TR-03190,2025-07-15,2025-07-01,JUR,1000014,DESPESA,5361.436066414587,5361.436066414587,BRL,Desconto concedido em operação de JUR,38,PIX,PAGO,d4641add-3306-4ba7-b535-358854b3d242,2025-08-05,ERP_CORPORATIVO,TRANSACOES_FINANCEIRAS,3190,4f23af2737ef536c783e8c694879643e14789962d60199a258bfe3106ef14d6f
TR-03191,2025-07-28,2025-07-01,OP,1000014,DESPESA,5675.704490882416,5609.502574631222,BRL,Compra de insumos para setor OP,2,PIX,PAGO,d4641add-3306-4ba7-b535-358854b3d242,2025-08-05,ERP_CORPORATIVO,TRANSACOES_FINANCEIRAS,3191,d7d5aa68be60d26ea1ca7a7fb2aa9e0dcba83e172bc22a76323a7dbc5259518e
TR-03192,2025-07-08,2025-07-01,PES,1000014,DESPESA,5630.649498528539,5424.276186835759,BRL,Alienação de bem patrimonial - PES,35,PIX,PAGO,d4641add-3306-4ba7-b535-358854b3d242,2025-08-05,ERP_CORPORATIVO,TRANSACOES_FINANCEIRAS,3192,773f05e0ce034df3f9e983524212466763e56437dbc85cc1a0ee11682edd547c
TR-03193,2025-07-28,2025-07-01,COMP,1000014,RECEITA,5171.1719840376445,5171.1719840376445,BRL,Despesa de refeição em deslocamento (COMP),20,PIX,PAGO,d4641add-3306-4ba7-b535-358854b3d242,2025-08-05,ERP_CORPORATIVO,TRANSACOES_FINANCEIRAS,3193,434f3102d35f1ad7aec49652ab07285d9fe50d9f870c3f67332e80a686bd0910
TR-03194,2025-07-07,2025-07-01,ATD,1000014,RECEITA,5087.810403690859,5087.810403690859,BRL,Prestação de serviço para área ATD,1,PIX,CANCELADO,d4641add-3306-4ba7-b535-358854b3d242,2025-08-05,ERP_CORPORATIVO,TRANSACOES_FINANCEIRAS,3194,3f0daf94858107d7a9d4285001fd8ad331ebdda03f1c61085d02edc88490dceb
TR-03195,2025-07-17,2025-07-01,PJT,1000014,RECEITA,5194.552941384661,5138.4271453269575,BRL,Serviço relacionado a recursos humanos (PJT),6,TED,ATRASADO,d4641add-3306-4ba7-b535-358854b3d242,2025-08-05,ERP_CORPORATIVO,TRANSACOES_FINANCEIRAS,3195,c6286cfd1bb6de73ed9b26e303fc90107e87ef6d1cce6495a43a0ad35655b01c
TR-03196,2025-07-18,2025-07-01,COM,1000014,DESPESA,4974.414182578849,4826.827078925077,BRL,Compra de insumos para setor COM,2,BOLETO,PAGO,d4641add-3306-4ba7-b535-358854b3d242,2025-08-05,ERP_CORPORATIVO,TRANSACOES_FINANCEIRAS,3196,5565fce36b003402bb882b36c86b84284cae4102738e9145d976c9a86725e237
TR-03197,2025-07-24,2025-07-01,MKT,1000014,DESPESA,6194.232863088504,5945.879922423928,BRL,Assessoria contábil prestada a MKT,25,TRANSFERENCIA,PAGO,d4641add-3306-4ba7-b535-358854b3d242,2025-08-05,ERP_CORPORATIVO,TRANSACOES_FINANCEIRAS,3197,199294907293e0c535f98557b698c620333b6a7b0292f5c8a7c1be7f8e50af9a
TR-03258,2025-07-21,2025-07-01,COMP,1000015,RECEITA,3985.4224553290524,3985.4224553290524,BRL,Assessoria contábil prestada a COMP,25,TED,ATRASADO,d4641add-3306-4ba7-b535-358854b3d242,2025-08-05,ERP_CORPORATIVO,TRANSACOES_FINANCEIRAS,3258,45ae4f7cd5cecdbc400ce248e9dafba6a3ac472d93906637f772f656a38256f6
TR-03259,2025-07-08,2025-07-01,COMP,1000015,DESPESA,4334.434208231468,4334.434208231468,BRL,Aquisição de material operacional - COMP,2,TRANSFERENCIA,PAGO,d4641add-3306-4ba7-b535-358854b3d242,2025-08-05,ERP_CORPORATIVO,TRANSACOES_FINANCEIRAS,3259,3aec8f25e8276e3a30f2b6a9f19bbdfa09562aee6a5e7d233f78f0e8dbef46dd
TR-03260,2025-07-28,2025-07-01,COMP,1000015,DESPESA,4624.927101557206,4624.927101557206,BRL,Contrato de conectividade para área COMP,9,CARTAO,PAGO,d4641add-3306-4ba7-b535-358854b3d242,2025-08-05,ERP_CORPORATIVO,TRANSACOES_FINANCEIRAS,3260,3188e172a5a1afbc183f6fdc4b84965832d7332e36bc086e4e4a905c0cd8a2d4
TR-03261,2025-07-15,2025-07-01,VND,1000015,RECEITA,3728.8270051543154,3728.8270051543154,BRL,Recebimento de subvenção - VND,36,BOLETO,PAGO,d4641add-3306-4ba7-b535-358854b3d242,2025-08-05,ERP_CORPORATIVO,TRANSACOES_FINANCEIRAS,3261,c79137e80f660588841831da8388e3e6176d99aeba6b87afee7610a00ead8cfa
TR-03262,2025-07-22,2025-07-01,CPT,1000015,DESPESA,3919.4471227756003,3919.4471227756003,BRL,Viagem corporativa - CPT,18,TED,PAGO,d4641add-3306-4ba7-b535-358854b3d242,2025-08-05,ERP_CORPORATIVO,TRANSACOES_FINANCEIRAS,3262,a9564f12bbd2e139cbdf91af3616ee533766d8ac89b2348e20fab91e2526ec4e
TR-03263,2025-07-07,2025-07-01,VND,1000015,DESPESA,6718.335045299063,6593.15539793255,USD,Contrato de conectividade para área VND,9,TED,PAGO,d4641add-3306-4ba7-b535-358854b3d242,2025-08-05,ERP_CORPORATIVO,TRANSACOES_FINANCEIRAS,3263,a3c8a40503c03d0152dd3642b35f72f934b5e016dbe4c23a79e24e592bb4ef30
TR-03264,2025-07-14,2025-07-01,COMP,1000015,DESPESA,4098.414676618366,4098.414676618366,USD,Compra de insumos para setor COMP,2,BOLETO,CANCELADO,d4641add-3306-4ba7-b535-358854b3d242,2025-08-05,ERP_CORPORATIVO,TRANSACOES_FINANCEIRAS,3264,a12b0fbf97182ed0880a7fc10b1a6d023cf27a55caa2c73c9ba3df96ffa23f3e
TR-03265,2025-07-21,2025-07-01,QAS,1000015,DESPESA,4252.866751649767,4252.866751649767,BRL,Despesa de infraestrutura - QAS,3,PIX,PAGO,d4641add-3306-4ba7-b535-358854b3d242,2025-08-05,ERP_CORPORATIVO,TRANSACOES_FINANCEIRAS,3265,1907839c6b960450def9e72bd1db30ccd0cb0c3451d0f25a21a29588ab8fea38
TR-03266,2025-07-07,2025-07-01,QAS,1000015,DESPESA,4445.5280214969935,4445.5280214969935,BRL,Custo operacional associado a QAS,8,PIX,PAGO,d4641add-3306-4ba7-b535-358854b3d242,2025-08-05,ERP_CORPORATIVO,TRANSACOES_FINANCEIRAS,3266,56360cb60444e6a3bbfa608b548ca8663cc5c1de69884ddd06df4c574c939a98
TR-03267,2025-07-08,2025-07-01,SEC,1000015,DESPESA,4066.8156948313112,4066.8156948313112,BRL,Honorários jurídicos - SEC,7,BOLETO,PAGO,d4641add-3306-4ba7-b535-358854b3d242,2025-08-05,ERP_CORPORATIVO,TRANSACOES_FINANCEIRAS,3267,4d1c805ab0afb5f46476c9b819f581c2ecb6ce8b8f37fefe19348467d57ae861
TR-03268,2025-07-16,2025-07-01,CTB,1000015,DESPESA,4442.639171289795,4442.639171289795,BRL,Licenciamento de software - CTB,5,TED,PAGO,d4641add-3306-4ba7-b535-358854b3d242,2025-08-05,ERP_CORPORATIVO,TRANSACOES_FINANCEIRAS,3268,25863e6d53e9968d4ab34821e65efc4de9942edeb2d639f83c7faa10be63c922
TR-03269,2025-07-15,2025-07-01,QAS,1000015,RECEITA,4589.201634352423,4589.201634352423,BRL,Promoção e atividade externa - QAS,14,PIX,PAGO,d4641add-3306-4ba7-b535-358854b3d242,2025-08-05,ERP_CORPORATIVO,TRANSACOES_FINANCEIRAS,3269,86da2b8724be5c7a68a1171923d35fb3bf4f4536fa373cec45f6c9aafc549f5c
TR-03278,2025-07-31,2025-07-01,CPT,1000015,RECEITA,1485.513309469328,1485.513309469328,BRL,Contrato de serviço - setor CPT,1,CARTAO,PAGO,d4641add-3306-4ba7-b535-358854b3d242,2025-08-05,ERP_CORPORATIVO,TRANSACOES_FINANCEIRAS,3278,e49866091d96488d1de8b9d0622466731731df1a0172afa2fc9a640118717d77
TR-03396,2025-07-07,2025-07-01,VND,1000016,RECEITA,2862.372793785709,2769.850924161932,USD,Contrato de serviço - setor VND,1,TED,PAGO,d4641add-3306-4ba7-b535-358854b3d242,2025-08-05,ERP_CORPORATIVO,TRANSACOES_FINANCEIRAS,3396,d6ae92667d985100b44d4009b2c839979b4fee4e1bc5ceb0ec1a2b30e863aff6
TR-03397,2025-07-18,2025-07-01,CPT,1000016,RECEITA,9901.881856785529,9901.881856785529,EUR,Devolução de venda processada por CPT,39,BOLETO,PAGO,d4641add-3306-4ba7-b535-358854b3d242,2025-08-05,ERP_CORPORATIVO,TRANSACOES_FINANCEIRAS,3397,497088f206c15c01d1625623cf89e352587c89a86eb32763618a300f6c56e97e
TR-03398,2025-07-07,2025-07-01,PJT,1000016,DESPESA,3006.5174982222575,3006.5174982222575,BRL,Custo operacional associado a PJT,8,BOLETO,PAGO,d4641add-3306-4ba7-b535-358854b3d242,2025-08-05,ERP_CORPORATIVO,TRANSACOES_FINANCEIRAS,3398,6f8b221448cea508400316705ae403b126aaff589cf4eeb19a02ddc6f0d3e167
TR-03399,2025-07-14,2025-07-01,QAS,1000016,DESPESA,3009.721443505867,3009.721443505867,BRL,Reparo de hardware solicitado por QAS,28,TED,PAGO,d4641add-3306-4ba7-b535-358854b3d242,2025-08-05,ERP_CORPORATIVO,TRANSACOES_FINANCEIRAS,3399,6cfac1d551eb50352d19a5121a751a98dde73f48f52dcce3bd6d1b7ab784ec01
TR-03400,2025-07-10,2025-07-01,COMP,1000016,RECEITA,2355.38085467759,2355.38085467759,BRL,Despesa operacional - COMP,8,PIX,PAGO,d4641add-3306-4ba7-b535-358854b3d242,2025-08-05,ERP_CORPORATIVO,TRANSACOES_FINANCEIRAS,3400,ff9a7ded6642cd16aab5ad3d98ece939c310ceb4945f08e2bc4023bdb2dfde30
TR-03401,2025-07-17,2025-07-01,OP,1000016,RECEITA,2943.689500062171,2943.689500062171,BRL,Contrato de serviço - setor OP,1,TED,PAGO,d4641add-3306-4ba7-b535-358854b3d242,2025-08-05,ERP_CORPORATIVO,TRANSACOES_FINANCEIRAS,3401,bf91bd1e98136969f8d19996c2039725d0f8722ba538dd47b35f940d68976048
TR-03402,2025-07-17,2025-07-01,OP,1000016,RECEITA,2785.6296142804135,2785.6296142804135,BRL,Despesa operacional - OP,8,PIX,PAGO,d4641add-3306-4ba7-b535-358854b3d242,2025-08-05,ERP_CORPORATIVO,TRANSACOES_FINANCEIRAS,3402,378df71e8d9be4e9259eebedda47af1f3d084adaa04c3f8ec15c3d537403d1c5
TR-03403,2025-07-14,2025-07-01,COMP,1000016,RECEITA,2940.3817677111115,2940.3817677111115,BRL,Treinamento corporativo para equipe COMP,30,TED,PAGO,d4641add-3306-4ba7-b535-358854b3d242,2025-08-05,ERP_CORPORATIVO,TRANSACOES_FINANCEIRAS,3403,1eb48dd167f8a60ddb7d5ce7b406d42579f804b61fb2a1cc91df7fd9d993ddbc
TR-03404,2025-07-21,2025-07-01,JUR,1000016,DESPESA,2452.239224324452,2452.239224324452,USD,Investimento em marketing corporativo (JUR),4,BOLETO,CANCELADO,d4641add-3306-4ba7-b535-358854b3d242,2025-08-05,ERP_CORPORATIVO,TRANSACOES_FINANCEIRAS,3404,f9aa8b744444f67044a3bd5f2133c4822b35f6ca933c27283f939f31b4fb5596
TR-03405,2025-07-21,2025-07-01,COMP,1000016,RECEITA,2443.435819398829,2340.3889009928166,BRL,Despesa jurídica da área COMP,24,PIX,PAGO,d4641add-3306-4ba7-b535-358854b3d242,2025-08-05,ERP_CORPORATIVO,TRANSACOES_FINANCEIRAS,3405,de279cf1751dfac66bd9e9163d718b92f62ff836a357e4507e198615de828e58
TR-03406,2025-07-18,2025-07-01,RH,1000016,RECEITA,2681.290966973049,2681.290966973049,BRL,Licença de software para área RH,27,PIX,ATRASADO,d4641add-3306-4ba7-b535-358854b3d242,2025-08-05,ERP_CORPORATIVO,TRANSACOES_FINANCEIRAS,3406,cf14c7b3423f0cb4f29b646eeb0959a3190cacef3ce30e81ca58a48d11e7a3c7
TR-03407,2025-07-07,2025-07-01,COM,1000016,RECEITA,2618.588915682406,2618.588915682406,BRL,Compra de insumos para setor COM,2,PIX,PAGO,d4641add-3306-4ba7-b535-358854b3d242,2025-08-05,ERP_CORPORATIVO,TRANSACOES_FINANCEIRAS,3407,13e15ac47b63bbf053557ca22fb3d836f23b4e5717380d144142d5ceabbc52c1
TR-03408,2025-07-08,2025-07-01,PRD,1000016,DESPESA,2677.3045687606404,2677.3045687606404,BRL,Compra de insumos para setor PRD,2,TED,PAGO,d4641add-3306-4ba7-b535-358854b3d242,2025-08-05,ERP_CORPORATIVO,TRANSACOES_FINANCEIRAS,3408,0593b26f42877e9f16fc13a991ca9717fe27d0f65632c77361cc7ad6ed92c1a0
TR-03409,2025-07-14,2025-07-01,RH,1000016,RECEITA,2592.444133920518,2469.659843266734,BRL,Prestação de serviço para área RH,1,BOLETO,PAGO,d4641add-3306-4ba7-b535-358854b3d242,2025-08-05,ERP_CORPORATIVO,TRANSACOES_FINANCEIRAS,3409,f8fb4d70fe8a37a45ada3070ae10ef9b333882d032a97fbb7e3e60df5f840945
TR-03865,2025-07-09,2025-07-01,OP,ACC-00019,RECEITA,3767.899168418418,3767.899168418418,BRL,Encargos de empréstimo vinculados a OP,23,TED,PAGO,d4641add-3306-4ba7-b535-358854b3d242,2025-08-05,ERP_CORPORATIVO,TRANSACOES_FINANCEIRAS,3865,0c0ab30a8e8a0695ebb07aa40d045a9c2d6349f53f25ea39c0ab5856ddea5b03
TR-03866,2025-07-11,2025-07-01,ATD,ACC-00019,DESPESA,3939.7195835083694,3939.7195835083694,BRL,Manutenção estrutural vinculada à área ATD,3,BOLETO,PAGO,d4641add-3306-4ba7-b535-358854b3d242,2025-08-05,ERP_CORPORATIVO,TRANSACOES_FINANCEIRAS,3866,edef8c8f6a751e4914e75dee51b18e5c40a392bb3cc6a4d74597a5947bcf0485
TR-03867,2025-07-18,2025-07-01,COM,ACC-00019,DESPESA,4752.118764304226,4752.118764304226,BRL,Despesa operacional - COM,8,TRANSFERENCIA,PAGO,d4641add-3306-4ba7-b535-358854b3d242,2025-08-05,ERP_CORPORATIVO,TRANSACOES_FINANCEIRAS,3867,f8f8fa589a5c257a07b7b377b57b0e81aa93ca36e2eecb5e91a2265453bbe09a
TR-03868,2025-07-14,2025-07-01,COM,ACC-00019,DESPESA,3953.7888028024126,3781.691925583954,BRL,Investimento em marketing corporativo (COM),4,BOLETO,PAGO,d4641add-3306-4ba7-b535-358854b3d242,2025-08-05,ERP_CORPORATIVO,TRANSACOES_FINANCEIRAS,3868,7b2d9a8b4fce2f1486c613a1a9e3967a9d3d40ce0989abea710b1fe7856012b9
TR-03869,2025-07-17,2025-07-01,OP,ACC-00019,RECEITA,4189.728152274898,4062.3078735783515,BRL,Treinamento corporativo para equipe OP,30,TED,PAGO,d4641add-3306-4ba7-b535-358854b3d242,2025-08-05,ERP_CORPORATIVO,TRANSACOES_FINANCEIRAS,3869,b9f0828c47fdeba1f02c6bfb6e432d5b2e273f4439243112028c2739b6524cd2
TR-03870,2025-07-21,2025-07-01,PES,ACC-00019,RECEITA,4002.988235060286,3837.5681837825814,BRL,Serviço de tecnologia contratado por PES,5,BOLETO,PAGO,d4641add-3306-4ba7-b535-358854b3d242,2025-08-05,ERP_CORPORATIVO,TRANSACOES_FINANCEIRAS,3870,6d3c539831fd50ba83301944da2e728461f330c9ae076e913cdedfaf1ac39bb8
TR-03871,2025-07-10,2025-07-01,CTB,ACC-00019,DESPESA,3869.5151264305287,3869.5151264305287,BRL,Publicidade institucional - CTB,13,BOLETO,PAGO,d4641add-3306-4ba7-b535-358854b3d242,2025-08-05,ERP_CORPORATIVO,TRANSACOES_FINANCEIRAS,3871,320fdc0705abee97c4b601bb34bd0002c1724c92e697cb27f49e6e4230ed1099
TR-03872,2025-07-14,2025-07-01,ESG,ACC-00019,DESPESA,3980.7175109237855,3866.838866328976,BRL,Alienação de bem patrimonial - ESG,35,PIX,PAGO,d4641add-3306-4ba7-b535-358854b3d242,2025-08-05,ERP_CORPORATIVO,TRANSACOES_FINANCEIRAS,3872,acbce234416cbd40d3a799177139b05f2815f0948845b0035e950cff5a195fea
TR-03873,2025-07-11,2025-07-01,COMP,ACC-00019,RECEITA,4309.476406860156,4186.214891347644,BRL,Despesa de infraestrutura - COMP,3,TED,PAGO,d4641add-3306-4ba7-b535-358854b3d242,2025-08-05,ERP_CORPORATIVO,TRANSACOES_FINANCEIRAS,3873,c624cafca0c66bd482a02dd214093113bcbf361b9828cf8d455da1882320172e
TR-03874,2025-07-21,2025-07-01,SEC,ACC-00019,DESPESA,3969.0830918967895,3889.828142144812,BRL,Despesa de RH - SEC,6,PIX,CANCELADO,d4641add-3306-4ba7-b535-358854b3d242,2025-08-05,ERP_CORPORATIVO,TRANSACOES_FINANCEIRAS,3874,5e90187f4e804dcd25047687a93560ec1fe4907176e6ce3a4a1860520fbd07f8
TR-03875,2025-07-15,2025-07-01,COMP,ACC-00019,RECEITA,3926.6568888454626,3926.6568888454626,BRL,Manutenção estrutural vinculada à área COMP,3,BOLETO,PAGO,d4641add-3306-4ba7-b535-358854b3d242,2025-08-05,ERP_CORPORATIVO,TRANSACOES_FINANCEIRAS,3875,9106d121d1cdc2d0d85dad1930055aa9afc97da4c0b8e88f5da688c93383445e
TR-03876,2025-07-07,2025-07-01,COM,ACC-00019,DESPESA,3897.769692101815,3897.769692101815,BRL,Serviços contábeis externos - COM,25,PIX,PAGO,d4641add-3306-4ba7-b535-358854b3d242,2025-08-05,ERP_CORPORATIVO,TRANSACOES_FINANCEIRAS,3876,8c4b26d342f0f586815bde3296b6df195dc46fc56df36cae29403d78cca2d2a7
TR-03877,2025-07-21,2025-07-01,FIN,ACC-00019,RECEITA,3612.983330314771,3468.722332949749,BRL,Contrato de serviço - setor FIN,1,TRANSFERENCIA,ATRASADO,d4641add-3306-4ba7-b535-358854b3d242,2025-08-05,ERP_CORPORATIVO,TRANSACOES_FINANCEIRAS,3877,e9390121ba1f1cc8534dc249bd30828f9089441cebb97015bffce08de92e24ce
TR-03878,2025-07-21,2025-07-01,COM,ACC-00019,RECEITA,4427.746961422819,4427.746961422819,BRL,Comissão recebida por COM,33,TRANSFERENCIA,PAGO,d4641add-3306-4ba7-b535-358854b3d242,2025-08-05,ERP_CORPORATIVO,TRANSACOES_FINANCEIRAS,3878,94a9ce5265a1407014f42e70bb229a0f77570c482c387fa513e86c9a0921a4a8
TR-03879,2025-07-11,2025-07-01,COM,ACC-00019,DESPESA,3815.944636748506,3815.944636748506,BRL,Material de marketing solicitado por COM,15,CARTAO,ATRASADO,d4641add-3306-4ba7-b535-358854b3d242,2025-08-05,ERP_CORPORATIVO,TRANSACOES_FINANCEIRAS,3879,75f128caed013e3559880a3b06423830e020e2e8b5caddd89c1b09bea5921c2d
TR-03880,2025-07-17,2025-07-01,CTB,ACC-00019,RECEITA,4621.978246580349,4530.706107768097,BRL,Despesa de infraestrutura - CTB,3,CARTAO,PAGO,d4641add-3306-4ba7-b535-358854b3d242,2025-08-05,ERP_CORPORATIVO,TRANSACOES_FINANCEIRAS,3880,a5a3f911361bbcaca44f85a57803627fa13ebb39ffb0adab061830f82297d739
TR-03881,2025-07-25,2025-07-01,PRD,ACC-00019,DESPESA,4089.2126774231997,4089.2126774231997,BRL,Campanha institucional - PRD,4,PIX,PAGO,d4641add-3306-4ba7-b535-358854b3d242,2025-08-05,ERP_CORPORATIVO,TRANSACOES_FINANCEIRAS,3881,9a010f1d5514bbec543041d5f1325d2b0ae0a7ec52eac7239607d4b619a5f96f
TR-03882,2025-07-14,2025-07-01,QAS,ACC-00019,RECEITA,4592.710585596657,4592.710585596657,BRL,Alienação de bem patrimonial - QAS,35,TRANSFERENCIA,PAGO,d4641add-3306-4ba7-b535-358854b3d242,2025-08-05,ERP_CORPORATIVO,TRANSACOES_FINANCEIRAS,3882,0552933c079c539a97eddf2a737df1f6cc2797f1f1c2134bf42955da4ca46b17
TR-03883,2025-07-23,2025-07-01,OP,ACC-00019,RECEITA,3911.369558392458,3784.891986745638,BRL,Atendimento de TI requisitado por OP,29,BOLETO,PAGO,d4641add-3306-4ba7-b535-358854b3d242,2025-08-05,ERP_CORPORATIVO,TRANSACOES_FINANCEIRAS,3883,af7279c8a2e4aca843b1695e745b9642a0033e4c008ee3a3a3326694ea68a385
TR-03884,2025-07-28,2025-07-01,FIN,ACC-00019,RECEITA,3708.2649352431204,3663.605431807046,BRL,Serviço especializado solicitado por FIN,1,TED,PAGO,d4641add-3306-4ba7-b535-358854b3d242,2025-08-05,ERP_CORPORATIVO,TRANSACOES_FINANCEIRAS,3884,226dd165e0084850dd5caa46eb4d2c3e735d1478dffeea6c52458c9ab85fb77a
TR-03885,2025-07-15,2025-07-01,QAS,ACC-00019,DESPESA,4429.136399028583,4429.136399028583,BRL,Despesa operacional - QAS,8,PIX,CANCELADO,d4641add-3306-4ba7-b535-358854b3d242,2025-08-05,ERP_CORPORATIVO,TRANSACOES_FINANCEIRAS,3885,d527655bfea099d394d80e5a02b5197e69a384692776564277d3fc161f449872
TR-03886,2025-07-10,2025-07-01,VND,ACC-00019,DESPESA,3772.6604067495823,3772.6604067495823,BRL,Licenciamento de software - VND,5,BOLETO,PAGO,d4641add-3306-4ba7-b535-358854b3d242,2025-08-05,ERP_CORPORATIVO,TRANSACOES_FINANCEIRAS,3886,22eff41505f88ce0dc94ced6a51204f839e9dba4f2739d51964d7798350d4abc
TR-03887,2025-07-08,2025-07-01,TI,ACC-00019,RECEITA,4537.769238984137,4333.458472271217,BRL,Prestação de serviço para área TI,1,TED,ATRASADO,d4641add-3306-4ba7-b535-358854b3d242,2025-08-05,ERP_CORPORATIVO,TRANSACOES_FINANCEIRAS,3887,412fbd16982cc374c9d018ee4fbc2df6f34deaa1637888acb9505ce6d5874164
TR-04097,2025-07-11,2025-07-01,CPT,1000019,DESPESA,8110.16630392693,8110.16630392693,BRL,Despesa operacional - CPT,8,PIX,PAGO,d4641add-3306-4ba7-b535-358854b3d242,2025-08-05,ERP_CORPORATIVO,TRANSACOES_FINANCEIRAS,4097,e20c3456c629076ebdc58f43ece53e89c5f8136240cad8cb0febfcd56e3d6577
TR-04098,2025-07-02,2025-07-01,FIN,1000019,RECEITA,7157.4215380002,7157.4215380002,USD,Custo operacional associado a FIN,8,TED,PAGO,d4641add-3306-4ba7-b535-358854b3d242,2025-08-05,ERP_CORPORATIVO,TRANSACOES_FINANCEIRAS,4098,c7064bbad8405f9e6253839b301ed8d050423c94347d70d1f9001ddafdb3871a
TR-04099,2025-07-14,2025-07-01,COM,1000019,DESPESA,8189.163864026039,8000.497844898063,BRL,Reparo de frota vinculado à área COM,17,CARTAO,PAGO,d4641add-3306-4ba7-b535-358854b3d242,2025-08-05,ERP_CORPORATIVO,TRANSACOES_FINANCEIRAS,4099,9384519a9d6de10c2615783f5d13dcba7036a0cb6f464fa60e0ac32157c8ed26
TR-04100,2025-07-11,2025-07-01,COMP,1000019,DESPESA,9387.24341329366,9387.24341329366,BRL,Manutenção preventiva de veículos - COMP,17,PIX,PAGO,d4641add-3306-4ba7-b535-358854b3d242,2025-08-05,ERP_CORPORATIVO,TRANSACOES_FINANCEIRAS,4100,ec7d1c82a04524556f5613924b5be6244f322727de25407bbb9cda36b3c5a35c
TR-04101,2025-07-16,2025-07-01,COMP,1000019,DESPESA,7107.870789091302,7107.870789091302,BRL,Custo operacional associado a COMP,8,BOLETO,PAGO,d4641add-3306-4ba7-b535-358854b3d242,2025-08-05,ERP_CORPORATIVO,TRANSACOES_FINANCEIRAS,4101,c98503606b4830244164555b53396c5c5dae7512c9ce4dc54afe546e1bb6be09
TR-04264,2025-07-14,2025-07-01,RH,FORN-00021,RECEITA,1217.4131537255446,1217.4131537255446,BRL,Custo operacional associado a RH,8,TRANSFERENCIA,ATRASADO,d4641add-3306-4ba7-b535-358854b3d242,2025-08-05,ERP_CORPORATIVO,TRANSACOES_FINANCEIRAS,4264,4a9808b1e4063a6192dc0f782adeb016926567cc95816325e320568badb50268
TR-04265,2025-07-29,2025-07-01,LOG,FORN-00021,DESPESA,1366.0852299592366,1366.0852299592366,BRL,Compra de insumos para setor LOG,2,PIX,PAGO,d4641add-3306-4ba7-b535-358854b3d242,2025-08-05,ERP_CORPORATIVO,TRANSACOES_FINANCEIRAS,4265,8ed862a8d02a9502facf0004772e94781e8917545bd685002d45b4913dda8387
TR-04266,2025-07-28,2025-07-01,COM,FORN-00021,RECEITA,1135.2789873170539,1135.2789873170539,BRL,Alimentação em viagem corporativa - COM,20,TRANSFERENCIA,PAGO,d4641add-3306-4ba7-b535-358854b3d242,2025-08-05,ERP_CORPORATIVO,TRANSACOES_FINANCEIRAS,4266,cb0edac075a9839adc659a432298cd9f80fde50122b8ec2b5624cf2d20b2946b
TR-04267,2025-07-15,2025-07-01,QAS,FORN-00021,DESPESA,1662.0267021388772,1662.0267021388772,BRL,Serviço relacionado a recursos humanos (QAS),6,TRANSFERENCIA,PAGO,d4641add-3306-4ba7-b535-358854b3d242,2025-08-05,ERP_CORPORATIVO,TRANSACOES_FINANCEIRAS,4267,f959df7e344c61a1bb4cf445aeb5754ae8d04c3bfabf6dd6014969c77e38d935
TR-04268,2025-07-14,2025-07-01,SEC,FORN-00021,RECEITA,1094.6843354610712,1094.6843354610712,BRL,Aquisição de material operacional - SEC,2,BOLETO,ATRASADO,d4641add-3306-4ba7-b535-358854b3d242,2025-08-05,ERP_CORPORATIVO,TRANSACOES_FINANCEIRAS,4268,28d9052147cca1ed216611ea09b319fede6a2b2f4d4b9995fa0579f38461858b
TR-04269,2025-07-28,2025-07-01,ATD,FORN-00021,RECEITA,2954.630453488184,2931.7211743233115,BRL,Diária de hotel para equipe ATD,19,PIX,CANCELADO,d4641add-3306-4ba7-b535-358854b3d242,2025-08-05,ERP_CORPORATIVO,TRANSACOES_FINANCEIRAS,4269,dcfde76ec3dafc0e2f106729407194f4e3c3536b5cf0e706969df92564411117
TR-04270,2025-07-14,2025-07-01,COMP,FORN-00021,DESPESA,1206.0256991722606,1206.0256991722606,BRL,Suporte técnico para sistemas de COMP,29,PIX,PAGO,d4641add-3306-4ba7-b535-358854b3d242,2025-08-05,ERP_CORPORATIVO,TRANSACOES_FINANCEIRAS,4270,9ec73fd9cfcdc11c6acca0ebe04881dda8ac301ba41b37d7ff4b1791722d3b78
TR-04271,2025-07-02,2025-07-01,PRD,FORN-00021,DESPESA,1167.7802187313705,1167.7802187313705,BRL,Renovação de certificados digitais - PRD,26,PIX,PAGO,d4641add-3306-4ba7-b535-358854b3d242,2025-08-05,ERP_CORPORATIVO,TRANSACOES_FINANCEIRAS,4271,188921a6f008809d5a951bd85a8530f4b41657b29a030e02eb31d40b557de1e9
TR-04272,2025-07-28,2025-07-01,FIN,FORN-00021,RECEITA,1336.1128325498323,1336.1128325498323,BRL,Campanha institucional - FIN,4,PIX,PAGO,d4641add-3306-4ba7-b535-358854b3d242,2025-08-05,ERP_CORPORATIVO,TRANSACOES_FINANCEIRAS,4272,642649fa44a178438f4c784dd14191c1b9f3ef5f33d0e0a5ccd3e46db5cf89d0
TR-04273,2025-07-22,2025-07-01,RH,FORN-00021,DESPESA,1209.9700635420998,1209.9700635420998,USD,Contrato de serviço - setor RH,1,BOLETO,PAGO,d4641add-3306-4ba7-b535-358854b3d242,2025-08-05,ERP_CORPORATIVO,TRANSACOES_FINANCEIRAS,4273,ebe0ae99abaeb007058cb944f283762086fef206e3392ea195068b2c49362f7f
TR-04274,2025-07-18,2025-07-01,MKT,FORN-00021,DESPESA,1484.6018369501733,1484.6018369501733,BRL,Serviços contábeis externos - MKT,25,TED,PAGO,d4641add-3306-4ba7-b535-358854b3d242,2025-08-05,ERP_CORPORATIVO,TRANSACOES_FINANCEIRAS,4274,9d9516477f771d4562ec777d1f1b9e2da89c73e1a1da5b0badf013932d99ea18
TR-04514,2025-07-08,2025-07-01,LOG,FORN-00022,RECEITA,6317.661876146158,6317.661876146158,BRL,Aquisição de material operacional - LOG,2,TRANSFERENCIA,ATRASADO,d4641add-3306-4ba7-b535-358854b3d242,2025-08-05,ERP_CORPORATIVO,TRANSACOES_FINANCEIRAS,4514,83d13bd3fdb7df391f1a55d08b71d6c984e7fc8aa5ba4b166bd63b667e0b6138
TR-04515,2025-07-21,2025-07-01,CPT,FORN-00022,DESPESA,6318.195512362287,6201.253097231861,BRL,Manutenção predial solicitada por CPT,10,PIX,PAGO,d4641add-3306-4ba7-b535-358854b3d242,2025-08-05,ERP_CORPORATIVO,TRANSACOES_FINANCEIRAS,4515,8d7e650f56cbf08d5f23547936bff637b0da9a15ba6598ef6ce49643a9bab1b7
TR-04516,2025-07-21,2025-07-01,PES,FORN-00022,DESPESA,5121.786606418995,5121.786606418995,BRL,Serviço de telefonia e internet - PES,9,TRANSFERENCIA,PAGO,d4641add-3306-4ba7-b535-358854b3d242,2025-08-05,ERP_CORPORATIVO,TRANSACOES_FINANCEIRAS,4516,c37f4bb482aa382b37e00be06f41f89e1034c8cdc7f37920b505cc914128297c
TR-04517,2025-07-21,2025-07-01,TI,FORN-00022,DESPESA,5347.634385578772,5347.634385578772,USD,Despesa operacional - TI,8,PIX,PAGO,d4641add-3306-4ba7-b535-358854b3d242,2025-08-05,ERP_CORPORATIVO,TRANSACOES_FINANCEIRAS,4517,99e1df2a556c20b1ecbeb10364a3b5da22d111d1cab537e0cfae5789decf85bf
TR-04518,2025-07-09,2025-07-01,ESG,FORN-00022,DESPESA,5414.705382643008,5414.705382643008,BRL,Despesa operacional - ESG,8,TRANSFERENCIA,PAGO,d4641add-3306-4ba7-b535-358854b3d242,2025-08-05,ERP_CORPORATIVO,TRANSACOES_FINANCEIRAS,4518,1ec248a0faaf0127bb5bd446e94da10947be583b0dbc16d3a2ea408f867d091c
TR-04519,2025-07-21,2025-07-01,OP,FORN-00022,DESPESA,6100.3766598010125,6100.3766598010125,BRL,Manutenção predial solicitada por OP,10,BOLETO,ATRASADO,d4641add-3306-4ba7-b535-358854b3d242,2025-08-05,ERP_CORPORATIVO,TRANSACOES_FINANCEIRAS,4519,afda9a4846645fa7db2e573e6a3e717d9308652612b0379c184fc2e956e578cf
TR-04520,2025-07-14,2025-07-01,TI,FORN-00022,RECEITA,5896.525975022724,5896.525975022724,BRL,Consultoria estratégica para área TI,12,BOLETO,ATRASADO,d4641add-3306-4ba7-b535-358854b3d242,2025-08-05,ERP_CORPORATIVO,TRANSACOES_FINANCEIRAS,4520,53b1ccfd05006a1034977afc5f4ec2a5aaeb3776a093d3515b7ccac57149df3d
TR-04521,2025-07-18,2025-07-01,SEC,FORN-00022,RECEITA,6577.4575544231575,6577.4575544231575,USD,Prestação de serviço para área SEC,1,TED,PAGO,d4641add-3306-4ba7-b535-358854b3d242,2025-08-05,ERP_CORPORATIVO,TRANSACOES_FINANCEIRAS,4521,a05b6aae40bb46d8a1d969f67bb6f1f963756289e9f2e64abebba2bbe31953b8
TR-04522,2025-07-09,2025-07-01,ATD,FORN-00022,DESPESA,5506.673260566315,5506.673260566315,BRL,Investimento em marketing corporativo (ATD),4,TED,PAGO,d4641add-3306-4ba7-b535-358854b3d242,2025-08-05,ERP_CORPORATIVO,TRANSACOES_FINANCEIRAS,4522,b90ce18532c4f5b58fe7545f9a2608eae15e8f2c617729e76eb27e26fa2ef8de
TR-04664,2025-07-22,2025-07-01,COMP,1000022,DESPESA,4953.704607766189,4953.704607766189,USD,Campanha institucional - COMP,4,TED,PAGO,d4641add-3306-4ba7-b535-358854b3d242,2025-08-05,ERP_CORPORATIVO,TRANSACOES_FINANCEIRAS,4664,3fb2317ad70c50cee4e0e317500fb9bd13509d5fdfcfd9b2f2d379c5091358f9
TR-04665,2025-07-14,2025-07-01,RH,1000022,DESPESA,1659.6733565069842,1659.6733565069842,BRL,Licença de software para área RH,27,TRANSFERENCIA,PAGO,d4641add-3306-4ba7-b535-358854b3d242,2025-08-05,ERP_CORPORATIVO,TRANSACOES_FINANCEIRAS,4665,d1e6c5171bee546b1ddf7cbefaaca091c739fada38d9348c987b4669d7493961
TR-04666,2025-07-09,2025-07-01,RH,1000022,DESPESA,2055.2315718071486,2055.2315718071486,BRL,Apólice de seguro - RH,21,TRANSFERENCIA,PAGO,d4641add-3306-4ba7-b535-358854b3d242,2025-08-05,ERP_CORPORATIVO,TRANSACOES_FINANCEIRAS,4666,f7320ca3bf1e207d5a03d79bf8704fdaf2b9e2e4f795374f725d1f84beec29b5
TR-04667,2025-07-21,2025-07-01,OP,1000022,DESPESA,1900.1749694928694,1863.4192211657391,BRL,Serviço relacionado a recursos humanos (OP),6,PIX,PAGO,d4641add-3306-4ba7-b535-358854b3d242,2025-08-05,ERP_CORPORATIVO,TRANSACOES_FINANCEIRAS,4667,64286370f941da1c7413b430d58d92019b7f8807e7cc921e44a20c48fa474097
TR-04668,2025-07-29,2025-07-01,PES,1000022,DESPESA,1635.8317323075566,1635.8317323075566,BRL,Despesa de infraestrutura - PES,3,PIX,PAGO,d4641add-3306-4ba7-b535-358854b3d242,2025-08-05,ERP_CORPORATIVO,TRANSACOES_FINANCEIRAS,4668,4f6f3cd2f9f4f89b176d5accc5275ca4624e3aac84a9f1b2f85c5655d70cd4ef
TR-04669,2025-07-09,2025-07-01,COMP,1000022,DESPESA,1938.6462816220378,1938.6462816220378,BRL,Custo operacional associado a COMP,8,TED,PAGO,d4641add-3306-4ba7-b535-358854b3d242,2025-08-05,ERP_CORPORATIVO,TRANSACOES_FINANCEIRAS,4669,9577a297ea69ab132ad6b3d60d2c0cc55e491c76876727744191cc941ba36143
TR-04670,2025-07-10,2025-07-01,COMP,1000022,DESPESA,1858.2308809752235,1858.2308809752235,BRL,Honorarium advocatício - COMP,24,BOLETO,PAGO,d4641add-3306-4ba7-b535-358854b3d242,2025-08-05,ERP_CORPORATIVO,TRANSACOES_FINANCEIRAS,4670,dcedd2dbea94acd59fae66675d2ad4342793449a3e2267e9e39db8f12f520e89
TR-04671,2025-07-21,2025-07-01,MKT,1000022,DESPESA,2029.8723171297054,1980.6234609420985,BRL,Desconto concedido em operação de MKT,38,PIX,ATRASADO,d4641add-3306-4ba7-b535-358854b3d242,2025-08-05,ERP_CORPORATIVO,TRANSACOES_FINANCEIRAS,4671,5d9ec645e523d92e0943d072d2df2dd19d157d3d2215103000e0255f64dd4ba8
TR-04672,2025-07-14,2025-07-01,OP,1000022,DESPESA,2078.0918104756456,2078.0918104756456,BRL,Licenciamento de software - OP,5,BOLETO,PAGO,d4641add-3306-4ba7-b535-358854b3d242,2025-08-05,ERP_CORPORATIVO,TRANSACOES_FINANCEIRAS,4672,bc074f415517944e4d6312239575804357ec59677af2f3d9020ec354df93285b
TR-04673,2025-07-21,2025-07-01,JUR,1000022,DESPESA,2469.064487738738,2469.064487738738,BRL,Despesa de infraestrutura - JUR,3,TED,PAGO,d4641add-3306-4ba7-b535-358854b3d242,2025-08-05,ERP_CORPORATIVO,TRANSACOES_FINANCEIRAS,4673,908fa7c7839ec1bc84fe4c8e4579cf1af3a50b7eb407781b0d48a0e2f98ac5dd
TR-04674,2025-07-14,2025-07-01,COM,1000022,RECEITA,1705.4147759086088,1705.4147759086088,BRL,Publicidade institucional - COM,13,TRANSFERENCIA,PAGO,d4641add-3306-4ba7-b535-358854b3d242,2025-08-05,ERP_CORPORATIVO,TRANSACOES_FINANCEIRAS,4674,0dcb90fa440c693c87a346924e29106c204bc9bf9e22f17b58055c2b5a6fa044
TR-04675,2025-07-21,2025-07-01,COM,1000022,DESPESA,1593.2045330203644,1593.2045330203644,BRL,Direitos de propriedade intelectual - COM,32,TED,PAGO,d4641add-3306-4ba7-b535-358854b3d242,2025-08-05,ERP_CORPORATIVO,TRANSACOES_FINANCEIRAS,4675,ce717844c1b01e668fa62ad70db6683db5b3f9be8ce073cd9ab8a8d2e451cd2f
TR-04676,2025-07-21,2025-07-01,ESG,1000022,DESPESA,2035.894312275935,2035.894312275935,BRL,Manutenção preventiva de veículos - ESG,17,TED,ATRASADO,d4641add-3306-4ba7-b535-358854b3d242,2025-08-05,ERP_CORPORATIVO,TRANSACOES_FINANCEIRAS,4676,55b47b37b7b21ba6046889675d3c11cebf351e88f6233c6e1585a61e2a57600a
TR-04797,2025-07-18,2025-07-01,OP,FORN-00024,RECEITA,2412.1105002301924,2412.1105002301924,BRL,Taxas bancárias incidentes em OP,22,CARTAO,PAGO,d4641add-3306-4ba7-b535-358854b3d242,2025-08-05,ERP_CORPORATIVO,TRANSACOES_FINANCEIRAS,4797,ded8a51beede02cc5efe2a9478af8638f0a2d1401147384cf8d2af591d5c7a68
TR-04798,2025-07-10,2025-07-01,CPT,FORN-00024,RECEITA,1839.5054827066256,1839.5054827066256,BRL,Compra de insumos para setor CPT,2,PIX,PAGO,d4641add-3306-4ba7-b535-358854b3d242,2025-08-05,ERP_CORPORATIVO,TRANSACOES_FINANCEIRAS,4798,fec2194e003251b689e2beacfb1fd494067a5df6f275a2474fa54c7ce24ef797
TR-04799,2025-07-18,2025-07-01,FIN,FORN-00024,RECEITA,2013.1189416502596,2013.1189416502596,BRL,Locação de espaço comercial - FIN,31,CARTAO,ATRASADO,d4641add-3306-4ba7-b535-358854b3d242,2025-08-05,ERP_CORPORATIVO,TRANSACOES_FINANCEIRAS,4799,09e30e55b843af64ecd8c49a05b6349d0576bb3d536b3ec487c45074aae48684
TR-04800,2025-07-08,2025-07-01,SEC,FORN-00024,DESPESA,5897.189778379629,5897.189778379629,BRL,Devolução de venda processada por SEC,39,PIX,PAGO,d4641add-3306-4ba7-b535-358854b3d242,2025-08-05,ERP_CORPORATIVO,TRANSACOES_FINANCEIRAS,4800,86bce24d33aabdb6da652af333c78bb018187cc8a3ae8db028d5a66d2a14da0f
TR-04801,2025-07-11,2025-07-01,FIN,FORN-00024,DESPESA,1773.6995330802024,1706.0051559428625,BRL,Serviço especializado solicitado por FIN,1,PIX,PAGO,d4641add-3306-4ba7-b535-358854b3d242,2025-08-05,ERP_CORPORATIVO,TRANSACOES_FINANCEIRAS,4801,ea447c072ce6cfda4cb54faf225e754cbd2dcd4a7a4cc12edccabac4a0979e9b
TR-04802,2025-07-07,2025-07-01,TI,FORN-00024,DESPESA,2030.4526990324912,2030.4526990324912,BRL,Serviço de tecnologia contratado por TI,5,TRANSFERENCIA,PAGO,d4641add-3306-4ba7-b535-358854b3d242,2025-08-05,ERP_CORPORATIVO,TRANSACOES_FINANCEIRAS,4802,564a7a32aa7b832a0d431346c07385a631f68d50b82068c5a686b8df03c379e8
TR-04803,2025-07-18,2025-07-01,SEC,FORN-00024,DESPESA,2129.595628174393,2129.595628174393,BRL,Devolução de venda processada por SEC,39,PIX,PAGO,d4641add-3306-4ba7-b535-358854b3d242,2025-08-05,ERP_CORPORATIVO,TRANSACOES_FINANCEIRAS,4803,ac543ab3ce363d16e2f16bf080a9f193401f842b00217d2771b8dd59bba2c603
TR-04804,2025-07-28,2025-07-01,CTB,FORN-00024,DESPESA,1919.6356952161639,1919.6356952161639,BRL,Custo operacional associado a CTB,8,CARTAO,PAGO,d4641add-3306-4ba7-b535-358854b3d242,2025-08-05,ERP_CORPORATIVO,TRANSACOES_FINANCEIRAS,4804,71cee801a0654d4ce152632e380e0803bd3209d6e104bb643758ab1b2528e712
TR-04805,2025-07-25,2025-07-01,COMP,FORN-00024,DESPESA,1892.1144441017627,1892.1144441017627,USD,Receita extraordinária - COMP,37,PIX,CANCELADO,d4641add-3306-4ba7-b535-358854b3d242,2025-08-05,ERP_CORPORATIVO,TRANSACOES_FINANCEIRAS,4805,be3e48a81a22555fbb255ffea52fd6cca88213166a7feadd94057309cb33aae4
TR-04806,2025-07-21,2025-07-01,RH,FORN-00024,DESPESA,2149.499009061321,2149.499009061321,BRL,Contrato de serviço - setor RH,1,TED,PAGO,d4641add-3306-4ba7-b535-358854b3d242,2025-08-05,ERP_CORPORATIVO,TRANSACOES_FINANCEIRAS,4806,fafcc9d666a80695c4fe74e9eaa69d0c16295733bc6f6fc0b61a6943c15ea7f2
TR-04807,2025-07-08,2025-07-01,COMP,FORN-00024,DESPESA,2123.632629022423,2123.632629022423,BRL,Compra de insumos para setor COMP,2,TRANSFERENCIA,ATRASADO,d4641add-3306-4ba7-b535-358854b3d242,2025-08-05,ERP_CORPORATIVO,TRANSACOES_FINANCEIRAS,4807,4506112bdf09c92d9a5e8feb5e69adc7ea002fa225ccc675c4e805e9e4f77d07
TR-04808,2025-07-22,2025-07-01,CPT,FORN-00024,DESPESA,2084.5496534169765,2084.5496534169765,BRL,Despesa operacional - CPT,8,PIX,PAGO,d4641add-3306-4ba7-b535-358854b3d242,2025-08-05,ERP_CORPORATIVO,TRANSACOES_FINANCEIRAS,4808,55e419711378c7c373e985b9a6364b6f58651cc103a487078da33e45eecc6ed5
TR-04809,2025-07-01,2025-07-01,ESG,FORN-00024,DESPESA,1886.1054665889606,1886.1054665889606,BRL,Serviço de tecnologia contratado por ESG,5,TRANSFERENCIA,PAGO,d4641add-3306-4ba7-b535-358854b3d242,2025-08-05,ERP_CORPORATIVO,TRANSACOES_FINANCEIRAS,4809,494407c1694b5a1b4f6ff31003df682871668c40c399c2d9364bf40ca55334d5
TR-04810,2025-07-24,2025-07-01,COM,FORN-00024,RECEITA,2057.8743498941603,2057.8743498941603,BRL,Honorários jurídicos - COM,7,TED,PAGO,d4641add-3306-4ba7-b535-358854b3d242,2025-08-05,ERP_CORPORATIVO,TRANSACOES_FINANCEIRAS,4810,9259e14006b94003424cef7294842420e15b204489639b17a317af2d2b03af90
TR-04811,2025-07-21,2025-07-01,PRD,FORN-00024,DESPESA,2002.7071513082144,1915.7705401694445,BRL,Licenciamento de software - PRD,5,BOLETO,PAGO,d4641add-3306-4ba7-b535-358854b3d242,2025-08-05,ERP_CORPORATIVO,TRANSACOES_FINANCEIRAS,4811,21b9918d09dc8571f5f788a2f302a162ce5dec7b0501d9598607c207dc896955
TR-04812,2025-07-09,2025-07-01,JUR,FORN-00024,DESPESA,2159.151092319941,2159.151092319941,BRL,Encargos de empréstimo vinculados a JUR,23,PIX,PAGO,d4641add-3306-4ba7-b535-358854b3d242,2025-08-05,ERP_CORPORATIVO,TRANSACOES_FINANCEIRAS,4812,40ab32e51f4929f162b4eea4b5c13cabf79f513a03abf28684d4cd13cb7df2f1
TR-05027,2025-07-28,2025-07-01,RH,1000024,DESPESA,2251.6939374343597,2149.9372681458035,BRL,Renovação de certificados digitais - RH,26,PIX,PAGO,d4641add-3306-4ba7-b535-358854b3d242,2025-08-05,ERP_CORPORATIVO,TRANSACOES_FINANCEIRAS,5027,484c78ab7c4d4c1dbebec5f79de4e18f08ddb951096ed05f9bbace941b6b43df
TR-05028,2025-07-14,2025-07-01,ESG,1000024,DESPESA,6297.248136787544,6297.248136787544,BRL,Alienação de bem patrimonial - ESG,35,CARTAO,CANCELADO,d4641add-3306-4ba7-b535-358854b3d242,2025-08-05,ERP_CORPORATIVO,TRANSACOES_FINANCEIRAS,5028,91afb7e07366064467e2cc91c62d9c5418d7e265a0a2bfc03bb2ac42de134ee2
TR-05029,2025-07-11,2025-07-01,OP,1000024,DESPESA,2526.8367541868397,2526.8367541868397,BRL,Receita de comissão comercial - OP,33,PIX,PAGO,d4641add-3306-4ba7-b535-358854b3d242,2025-08-05,ERP_CORPORATIVO,TRANSACOES_FINANCEIRAS,5029,ac676405bdb2f7c63f28b29b4c2cf3c80cadd437c4e59bb24a21224d3ddcf679
TR-05030,2025-07-07,2025-07-01,FIN,1000024,RECEITA,2172.619510401762,2172.619510401762,BRL,Custo operacional associado a FIN,8,TED,ATRASADO,d4641add-3306-4ba7-b535-358854b3d242,2025-08-05,ERP_CORPORATIVO,TRANSACOES_FINANCEIRAS,5030,cf7797b2f1a0257f25fc05014a1dca2c40b9b7e5fbcf893143911ab079be2740
TR-05031,2025-07-16,2025-07-01,FIN,1000024,RECEITA,2912.956273042035,2912.956273042035,BRL,Contrato de serviço - setor FIN,1,PIX,PAGO,d4641add-3306-4ba7-b535-358854b3d242,2025-08-05,ERP_CORPORATIVO,TRANSACOES_FINANCEIRAS,5031,f0b741ea9cac850ab8089458fd62b07551257f95814e3e57ccd25727c22a4006
TR-05032,2025-07-14,2025-07-01,OP,1000024,DESPESA,2406.9893323870365,2406.9893323870365,BRL,Contrato de serviço - setor OP,1,BOLETO,PAGO,d4641add-3306-4ba7-b535-358854b3d242,2025-08-05,ERP_CORPORATIVO,TRANSACOES_FINANCEIRAS,5032,dd232b19a3ebd9d30dfd7062be819dbedf2f4af9d8ba603128b107be9fd70f54
TR-05033,2025-07-25,2025-07-01,SEC,1000024,DESPESA,1866.9276124450182,1828.6261524791205,BRL,Contrato de serviço - setor SEC,1,BOLETO,PAGO,d4641add-3306-4ba7-b535-358854b3d242,2025-08-05,ERP_CORPORATIVO,TRANSACOES_FINANCEIRAS,5033,477c261c4f23bbfb9b37b1bee77c719580e0a72f8b16717ad46641d4957f7cbd
TR-05034,2025-07-03,2025-07-01,TI,1000024,RECEITA,2531.2850206180574,2531.2850206180574,BRL,Despesa operacional - TI,8,BOLETO,PAGO,d4641add-3306-4ba7-b535-358854b3d242,2025-08-05,ERP_CORPORATIVO,TRANSACOES_FINANCEIRAS,5034,e585f5b2951d1dd3a7fd3e7e9caa0699691e16066e49d7d0628e63572ae79f6b
TR-05035,2025-07-28,2025-07-01,FIN,1000024,DESPESA,1879.1966020593218,1798.4072410898618,BRL,Apólice de seguro - FIN,21,TRANSFERENCIA,PAGO,d4641add-3306-4ba7-b535-358854b3d242,2025-08-05,ERP_CORPORATIVO,TRANSACOES_FINANCEIRAS,5035,35f759814caba53f7635066e6f04b7965f5abe25f58d9bbe1899f43b8d5cf2e3
TR-05036,2025-07-23,2025-07-01,MKT,1000024,RECEITA,2703.7903268232167,2578.2766815835384,BRL,Compra de insumos para setor MKT,2,TRANSFERENCIA,ATRASADO,d4641add-3306-4ba7-b535-358854b3d242,2025-08-05,ERP_CORPORATIVO,TRANSACOES_FINANCEIRAS,5036,9416f8b6f8fd54104e99652bb7dd4d7329ee49fb46e0dfbfdcd9fca0fba854f7
TR-05037,2025-07-14,2025-07-01,ATD,1000024,DESPESA,2450.710184386448,2450.710184386448,BRL,Honorarium advocatício - ATD,24,TRANSFERENCIA,PAGO,d4641add-3306-4ba7-b535-358854b3d242,2025-08-05,ERP_CORPORATIVO,TRANSACOES_FINANCEIRAS,5037,4dca2a8b909df9bcee031f2893d747d8482ddfe986e2bac9e797a8ce5410932a
TR-05038,2025-07-14,2025-07-01,COMP,1000024,DESPESA,2401.4036462438994,2401.4036462438994,BRL,Serviço relacionado a recursos humanos (COMP),6,BOLETO,CANCELADO,d4641add-3306-4ba7-b535-358854b3d242,2025-08-05,ERP_CORPORATIVO,TRANSACOES_FINANCEIRAS,5038,c05a86b5ae1b0d5de9cd343c072b9b9f8dba18b825d7aaa907aef95f0ea487b6
TR-05293,2025-07-23,2025-07-01,MKT,1000025,RECEITA,1816.1986720492685,1816.1986720492685,USD,Serviço especializado solicitado por MKT,1,BOLETO,PAGO,d4641add-3306-4ba7-b535-358854b3d242,2025-08-05,ERP_CORPORATIVO,TRANSACOES_FINANCEIRAS,5293,ac1001a7990520f047c2e755ac777d0682db100c1bd1c49f5be3f8f3307c6990
TR-05294,2025-07-23,2025-07-01,ESG,1000025,DESPESA,1737.8418208731148,1695.3742831366858,BRL,Compra de insumos para setor ESG,2,PIX,ATRASADO,d4641add-3306-4ba7-b535-358854b3d242,2025-08-05,ERP_CORPORATIVO,TRANSACOES_FINANCEIRAS,5294,d658d9606e872d6a0ff7651d6f9cda4fd789a482dd1518c8844f89d1630beb49
TR-05295,2025-07-15,2025-07-01,FIN,1000025,DESPESA,1497.2163498804352,1497.2163498804352,BRL,Compra de insumos para setor FIN,2,BOLETO,PAGO,d4641add-3306-4ba7-b535-358854b3d242,2025-08-05,ERP_CORPORATIVO,TRANSACOES_FINANCEIRAS,5295,30a1a61fa3d375778aaadff215ce8ed10848b94a2333419a150df13473d43977
TR-05296,2025-07-24,2025-07-01,COMP,1000025,RECEITA,1976.2291801262427,1976.2291801262427,BRL,Despesa de RH - COMP,6,PIX,PAGO,d4641add-3306-4ba7-b535-358854b3d242,2025-08-05,ERP_CORPORATIVO,TRANSACOES_FINANCEIRAS,5296,a15c63996420cc083e89a921074364d1f38c8f8a12caa62ef739862bdb0af269
TR-05297,2025-07-04,2025-07-01,ESG,1000025,RECEITA,1693.042106731572,1693.042106731572,BRL,Licença de software para área ESG,27,PIX,ATRASADO,d4641add-3306-4ba7-b535-358854b3d242,2025-08-05,ERP_CORPORATIVO,TRANSACOES_FINANCEIRAS,5297,f475fb8a7c4bdfc1b31b99d96742bfc4896696d403e1b1677344b1709e0c83f7
TR-05298,2025-07-22,2025-07-01,COM,1000025,DESPESA,1871.6323473926473,1871.6323473926473,BRL,Compra de insumos para setor COM,2,BOLETO,PAGO,d4641add-3306-4ba7-b535-358854b3d242,2025-08-05,ERP_CORPORATIVO,TRANSACOES_FINANCEIRAS,5298,53d292dc900865d165448e669a1f59843fecf447e851bbba7725c037b7d1c2be
TR-05299,2025-07-21,2025-07-01,RH,1000025,DESPESA,1766.7599228743316,1766.7599228743316,BRL,Propaganda e divulgação para área RH,13,TED,ATRASADO,d4641add-3306-4ba7-b535-358854b3d242,2025-08-05,ERP_CORPORATIVO,TRANSACOES_FINANCEIRAS,5299,c251d8cf3fe6a04e1e5b3c95446bbb23f74e90549f2ffe7d726533225ad7e975
TR-05300,2025-07-21,2025-07-01,OP,1000025,RECEITA,1505.0058723052068,1505.0058723052068,BRL,Prestação de serviço para área OP,1,TED,PAGO,d4641add-3306-4ba7-b535-358854b3d242,2025-08-05,ERP_CORPORATIVO,TRANSACOES_FINANCEIRAS,5300,be2d5ba663fa12e01af53b2e9cbd6933faf01d1b8bf6fcd1d546fb3c44e13730
TR-05301,2025-07-17,2025-07-01,MKT,1000025,DESPESA,2008.0035151098753,2008.0035151098753,BRL,Manutenção preventiva de veículos - MKT,17,TED,PAGO,d4641add-3306-4ba7-b535-358854b3d242,2025-08-05,ERP_CORPORATIVO,TRANSACOES_FINANCEIRAS,5301,df8d186cc2d5b13c1ede826443234b652099c3f74e8d0580d7a933bf40920b18
TR-05302,2025-07-16,2025-07-01,COMP,1000025,RECEITA,1970.2195824279274,1894.0371189991988,BRL,Compra de insumos para setor COMP,2,PIX,PAGO,d4641add-3306-4ba7-b535-358854b3d242,2025-08-05,ERP_CORPORATIVO,TRANSACOES_FINANCEIRAS,5302,89579a236d336c06e4b63a29a28d83c91808985744c88172894e5e8b1cdd0590
TR-05303,2025-07-22,2025-07-01,COM,1000025,RECEITA,1909.2108690261134,1909.2108690261134,BRL,Campanha institucional - COM,4,PIX,PAGO,d4641add-3306-4ba7-b535-358854b3d242,2025-08-05,ERP_CORPORATIVO,TRANSACOES_FINANCEIRAS,5303,9b352391984763e25162ff9f42287c6c17cb11046a54963c493296f74a43beab
TR-05304,2025-07-21,2025-07-01,PES,1000025,DESPESA,1825.3492910463965,1825.3492910463965,BRL,Assessoria contábil prestada a PES,25,CARTAO,CANCELADO,d4641add-3306-4ba7-b535-358854b3d242,2025-08-05,ERP_CORPORATIVO,TRANSACOES_FINANCEIRAS,5304,c32fb41b1a69ec927188640e62675dff2879d1313dd21e5b8d706d286c89c8d8
TR-05305,2025-07-25,2025-07-01,CPT,1000025,DESPESA,1569.1573674381564,1569.1573674381564,BRL,Abatimento comercial registrado em CPT,38,PIX,PAGO,d4641add-3306-4ba7-b535-358854b3d242,2025-08-05,ERP_CORPORATIVO,TRANSACOES_FINANCEIRAS,5305,6b4f15446b420a18f4e9e53f1b118437fff04d9c78dff43723ed6202694b3e36
TR-05306,2025-07-21,2025-07-01,JUR,1000025,RECEITA,1929.3497912077162,1929.3497912077162,BRL,Comissão recebida por JUR,33,TED,PAGO,d4641add-3306-4ba7-b535-358854b3d242,2025-08-05,ERP_CORPORATIVO,TRANSACOES_FINANCEIRAS,5306,6d8563b8a55db81edcb653fb1abf90ed72774dcbd251d8346b2f133eeb88e32b
TR-05307,2025-07-14,2025-07-01,SEC,1000025,DESPESA,2205.1301372372372,2205.1301372372372,USD,Produção de material gráfico - SEC,15,PIX,PAGO,d4641add-3306-4ba7-b535-358854b3d242,2025-08-05,ERP_CORPORATIVO,TRANSACOES_FINANCEIRAS,5307,840c0a42f519157a2501b28c6c98a37415bf3a7a3339ad55e898833a9ce9ae73
TR-05308,2025-07-08,2025-07-01,COM,1000025,RECEITA,1789.4355231478755,1789.4355231478755,BRL,Apólice de seguro - COM,21,TRANSFERENCIA,PAGO,d4641add-3306-4ba7-b535-358854b3d242,2025-08-05,ERP_CORPORATIVO,TRANSACOES_FINANCEIRAS,5308,c6322006cc6361cb959d1194ec7ab1fb781a3d40b8e336edb4b5f3fa94ace27e
TR-05309,2025-07-08,2025-07-01,LOG,1000025,RECEITA,1792.9377441228546,1792.9377441228546,BRL,Encargos de empréstimo vinculados a LOG,23,BOLETO,PAGO,d4641add-3306-4ba7-b535-358854b3d242,2025-08-05,ERP_CORPORATIVO,TRANSACOES_FINANCEIRAS,5309,ce3c37082d736d1ba45ecb5f03fefb55d59e30a042e1199cd93f8431b32c602d
TR-05310,2025-07-22,2025-07-01,JUR,1000025,DESPESA,1584.2367160379717,1529.8378741551428,BRL,Taxas bancárias incidentes em JUR,22,BOLETO,PAGO,d4641add-3306-4ba7-b535-358854b3d242,2025-08-05,ERP_CORPORATIVO,TRANSACOES_FINANCEIRAS,5310,e926dc71ca3668edd4040d50ed80bd4cf7521079d9353bb3443eaaec123f4c95
TR-05311,2025-07-21,2025-07-01,COM,1000025,DESPESA,1437.99049986043,1437.99049986043,BRL,Contrato de consultoria externa - COM,12,PIX,PAGO,d4641add-3306-4ba7-b535-358854b3d242,2025-08-05,ERP_CORPORATIVO,TRANSACOES_FINANCEIRAS,5311,5348c4cfd18291d1d7c6aaab84f24ef81263fe6cbec4012119a11b2ba9271d1c
TR-05312,2025-07-28,2025-07-01,RH,1000025,DESPESA,1706.381560960348,1706.381560960348,BRL,Recebimento de subvenção - RH,36,BOLETO,PAGO,d4641add-3306-4ba7-b535-358854b3d242,2025-08-05,ERP_CORPORATIVO,TRANSACOES_FINANCEIRAS,5312,fe51c10b502c7aaa2b99c235e37c8160d06fd5a349c745103bcaca9b8db1db90
TR-05478,2025-07-07,2025-07-01,ESG,1000026,DESPESA,701.8210848825272,701.8210848825272,BRL,Aquisição de material operacional - ESG,2,PIX,PAGO,d4641add-3306-4ba7-b535-358854b3d242,2025-08-05,ERP_CORPORATIVO,TRANSACOES_FINANCEIRAS,5478,f7af9d7d98708567eb47a2a5ed1ce3fcbdb3b50663813996c4d95b5681a4016a
TR-05479,2025-07-21,2025-07-01,COM,1000026,RECEITA,634.6930870938434,621.3189895164401,BRL,Honorários jurídicos - COM,7,TRANSFERENCIA,ATRASADO,d4641add-3306-4ba7-b535-358854b3d242,2025-08-05,ERP_CORPORATIVO,TRANSACOES_FINANCEIRAS,5479,8a76d50924bf1c9ee76ed00266a405b615dfb568063c0f2ac9ee9ccba732393b
TR-05480,2025-07-14,2025-07-01,VND,1000026,RECEITA,620.5238071992317,620.5238071992317,BRL,Despesa de infraestrutura - VND,3,PIX,PAGO,d4641add-3306-4ba7-b535-358854b3d242,2025-08-05,ERP_CORPORATIVO,TRANSACOES_FINANCEIRAS,5480,8e7c488c89de7290b81c839bbbf9a3c52c80f2ee741497da181657544c8eeaf5
TR-05481,2025-07-25,2025-07-01,MKT,1000026,DESPESA,635.5081064705139,635.5081064705139,BRL,Serviço de tecnologia contratado por MKT,5,BOLETO,PAGO,d4641add-3306-4ba7-b535-358854b3d242,2025-08-05,ERP_CORPORATIVO,TRANSACOES_FINANCEIRAS,5481,9b98171d4a6074dd015849bd4ad83b85c6ae298bb64e03dad53ccfc548d95299
TR-05482,2025-07-11,2025-07-01,OP,1000026,DESPESA,663.9140417217166,636.657047630228,BRL,Prestação de serviço para área OP,1,BOLETO,PAGO,d4641add-3306-4ba7-b535-358854b3d242,2025-08-05,ERP_CORPORATIVO,TRANSACOES_FINANCEIRAS,5482,6c8d87fcaa120c3ce1357a3be1180454f141d012f5f9cf8a78d2984f3ffd5814
TR-05483,2025-07-28,2025-07-01,ADM,1000026,RECEITA,769.1007217640882,737.8388863114682,BRL,Prestação de serviço para área ADM,1,TRANSFERENCIA,CANCELADO,d4641add-3306-4ba7-b535-358854b3d242,2025-08-05,ERP_CORPORATIVO,TRANSACOES_FINANCEIRAS,5483,8423586e7feec2d0c5b8f3c4fc4a49fc42a54e973899e1af6a9fdebbe46314de
TR-05484,2025-07-23,2025-07-01,VND,1000026,DESPESA,663.192837393242,643.4777543634233,BRL,Despesa jurídica da área VND,24,TRANSFERENCIA,PAGO,d4641add-3306-4ba7-b535-358854b3d242,2025-08-05,ERP_CORPORATIVO,TRANSACOES_FINANCEIRAS,5484,9d9dddfa924e5d1ff2b9ecf317366c2ed54918a72c41b57a05b12f2d8cc2575e
TR-05485,2025-07-21,2025-07-01,RH,1000026,RECEITA,590.8548306092326,570.2545281353026,BRL,Publicidade institucional - RH,13,BOLETO,PAGO,d4641add-3306-4ba7-b535-358854b3d242,2025-08-05,ERP_CORPORATIVO,TRANSACOES_FINANCEIRAS,5485,422a034a57b1cf81196f2bb36b483fc80fcce682a99c99bdb4cfd66283277f1f
TR-05486,2025-07-10,2025-07-01,OP,1000026,DESPESA,608.4753738459455,608.4753738459455,BRL,Prestação de serviço para área OP,1,PIX,PAGO,d4641add-3306-4ba7-b535-358854b3d242,2025-08-05,ERP_CORPORATIVO,TRANSACOES_FINANCEIRAS,5486,fa8c6034cfd0dc87f965547739dc1597217c7100b516f5eb9db25854e3519068
TR-05487,2025-07-18,2025-07-01,QAS,1000026,DESPESA,567.7658370297119,567.7658370297119,USD,Despesa de infraestrutura - QAS,3,TRANSFERENCIA,PAGO,d4641add-3306-4ba7-b535-358854b3d242,2025-08-05,ERP_CORPORATIVO,TRANSACOES_FINANCEIRAS,5487,8f8ef2ac0ade0095d670986867c1aadac0aff04fb211dba3f841210a6d6118b2
TR-05813,2025-07-14,2025-07-01,JUR,FORN-00028,RECEITA,4151.228888729891,4151.228888729891,BRL,Custo operacional associado a JUR,8,TRANSFERENCIA,PAGO,d4641add-3306-4ba7-b535-358854b3d242,2025-08-05,ERP_CORPORATIVO,TRANSACOES_FINANCEIRAS,5813,9c454a421b61d0cd636393a848da3c100f3950b8688d724b90ee7fdc763aadc0
TR-05814,2025-07-14,2025-07-01,RH,FORN-00028,DESPESA,3189.565125178895,3054.2034314242856,BRL,Manutenção preventiva de veículos - RH,17,TRANSFERENCIA,PAGO,d4641add-3306-4ba7-b535-358854b3d242,2025-08-05,ERP_CORPORATIVO,TRANSACOES_FINANCEIRAS,5814,8c087fe3895a3006431e249a9d8585bc0b55a0c0fced6981c661d69a18d91dae
TR-05815,2025-07-24,2025-07-01,COM,FORN-00028,DESPESA,3054.777787890116,3054.777787890116,BRL,Despesa de RH - COM,6,BOLETO,PAGO,d4641add-3306-4ba7-b535-358854b3d242,2025-08-05,ERP_CORPORATIVO,TRANSACOES_FINANCEIRAS,5815,3a8e196cf2e39623b4d3860033d600a8f4f71cd873380a6a03645d8e1ec16fa3
TR-05816,2025-07-14,2025-07-01,MKT,FORN-00028,DESPESA,3020.507710391595,3020.507710391595,BRL,Atendimento de TI requisitado por MKT,29,PIX,PAGO,d4641add-3306-4ba7-b535-358854b3d242,2025-08-05,ERP_CORPORATIVO,TRANSACOES_FINANCEIRAS,5816,fc37e454b4b3768bb1fa9220a12b461d3b1e991498da2d564eaf2288b790d091
TR-05817,2025-07-14,2025-07-01,ATD,FORN-00028,RECEITA,3497.3769596224406,3396.007602939311,BRL,Contrato de serviço - setor ATD,1,PIX,PAGO,d4641add-3306-4ba7-b535-358854b3d242,2025-08-05,ERP_CORPORATIVO,TRANSACOES_FINANCEIRAS,5817,ce7259f5a1103ef4fcbe2b2b40de82a3355c07582281adc6e07bacea9419a6b8
TR-05818,2025-07-14,2025-07-01,RH,FORN-00028,RECEITA,5775.299438492876,5775.299438492876,BRL,Combustível e lubrificantes para frota (RH),16,BOLETO,PAGO,d4641add-3306-4ba7-b535-358854b3d242,2025-08-05,ERP_CORPORATIVO,TRANSACOES_FINANCEIRAS,5818,49e5af2ca7a2d347f7688221e744161edc35a5edd4d9f4abf14fdd704293e652
TR-05819,2025-07-21,2025-07-01,COM,FORN-00028,DESPESA,3212.368755818417,3212.368755818417,BRL,Custo operacional associado a COM,8,TED,PAGO,d4641add-3306-4ba7-b535-358854b3d242,2025-08-05,ERP_CORPORATIVO,TRANSACOES_FINANCEIRAS,5819,e9fdda5045bcd8a664d25f26f56fed836e5e66c5f46ce502e7054773021ab9ef
TR-05820,2025-07-03,2025-07-01,SEC,FORN-00028,DESPESA,3240.743673127522,3139.682389314748,EUR,Royalties recebidos por SEC,32,TRANSFERENCIA,PAGO,d4641add-3306-4ba7-b535-358854b3d242,2025-08-05,ERP_CORPORATIVO,TRANSACOES_FINANCEIRAS,5820,dfef3ff7282aba6b8b398eea5bbec946a556b4d8c0170aba536fa95c346a9c79
TR-05821,2025-07-14,2025-07-01,COM,FORN-00028,DESPESA,3896.079298141872,3896.079298141872,BRL,Treinamento corporativo para equipe COM,30,PIX,PAGO,d4641add-3306-4ba7-b535-358854b3d242,2025-08-05,ERP_CORPORATIVO,TRANSACOES_FINANCEIRAS,5821,b54762c590d86b3d45fb3f6df065089bd183fbe011453338ee7c4836bd67ab44
TR-05822,2025-07-23,2025-07-01,FIN,FORN-00028,RECEITA,3756.9852932135473,3756.9852932135473,BRL,Honorários profissionais contratados por FIN,11,TRANSFERENCIA,PAGO,d4641add-3306-4ba7-b535-358854b3d242,2025-08-05,ERP_CORPORATIVO,TRANSACOES_FINANCEIRAS,5822,6a69881e716b8508f041fff21026634e6f401dbb5a190a3bc1a32a17fa26a505
TR-05823,2025-07-23,2025-07-01,OP,FORN-00028,DESPESA,5386.518460411989,5386.518460411989,BRL,Locação de espaço comercial - OP,31,BOLETO,PAGO,d4641add-3306-4ba7-b535-358854b3d242,2025-08-05,ERP_CORPORATIVO,TRANSACOES_FINANCEIRAS,5823,1fc67620724071ed1e5770a92f7ab9cced631ba447712fbd54d2749b7620288f
TR-06214,2025-07-21,2025-07-01,COMP,FORN-00029,DESPESA,2910.3774341261965,2910.3774341261965,BRL,Venda de ativo imobilizado por COMP,35,PIX,PAGO,d4641add-3306-4ba7-b535-358854b3d242,2025-08-05,ERP_CORPORATIVO,TRANSACOES_FINANCEIRAS,6214,7705ac29397911e83e2a17b87bcd2c483d8a4e74961a20c11995d79d55d11fdb
TR-06215,2025-07-03,2025-07-01,FIN,FORN-00029,DESPESA,3377.8274327879885,3377.8274327879885,BRL,Investimento em marketing corporativo (FIN),4,PIX,CANCELADO,d4641add-3306-4ba7-b535-358854b3d242,2025-08-05,ERP_CORPORATIVO,TRANSACOES_FINANCEIRAS,6215,b823e82e2307a2015b5e66ac561672416c0109c6ab2f2e80514940eb5a9516ac
TR-06216,2025-07-07,2025-07-01,COMP,FORN-00029,RECEITA,3242.6751934741155,3144.3048555293926,BRL,Suporte técnico para sistemas de COMP,29,PIX,ATRASADO,d4641add-3306-4ba7-b535-358854b3d242,2025-08-05,ERP_CORPORATIVO,TRANSACOES_FINANCEIRAS,6216,f8133d222306d066c6d6a5c0d294622d968512e9a58065186709140c02eb32f6
TR-06217,2025-07-14,2025-07-01,OP,FORN-00029,DESPESA,3556.095961601991,3471.363296567437,BRL,Contrato de conectividade para área OP,9,BOLETO,PAGO,d4641add-3306-4ba7-b535-358854b3d242,2025-08-05,ERP_CORPORATIVO,TRANSACOES_FINANCEIRAS,6217,db6825c06916055d67025866460a7efbb5675a02f60a24406aacb01e5f02c27e
TR-06218,2025-07-15,2025-07-01,FIN,FORN-00029,DESPESA,2971.748568039208,2839.1984812744995,BRL,Apólice de seguro - FIN,21,PIX,PAGO,d4641add-3306-4ba7-b535-358854b3d242,2025-08-05,ERP_CORPORATIVO,TRANSACOES_FINANCEIRAS,6218,8d980e4cd06caa041b6c748f716692dba8494a5c3cc89d9e89fdaa6f1ab6c648
TR-06219,2025-07-08,2025-07-01,OP,FORN-00029,DESPESA,3143.330563253745,3049.62262303291,BRL,Licença de software para área OP,27,BOLETO,PAGO,d4641add-3306-4ba7-b535-358854b3d242,2025-08-05,ERP_CORPORATIVO,TRANSACOES_FINANCEIRAS,6219,dd04e3081a5a381364f17d35e9dd0e2fa4de8c7e2a5b492ccda9a31ec0b03b41
TR-06220,2025-07-10,2025-07-01,COMP,FORN-00029,DESPESA,3251.5899017496013,3251.5899017496013,BRL,Alimentação em viagem corporativa - COMP,20,BOLETO,PAGO,d4641add-3306-4ba7-b535-358854b3d242,2025-08-05,ERP_CORPORATIVO,TRANSACOES_FINANCEIRAS,6220,6e0ebc97e3d386a6cefd1dd49c92616c0a87a47b31c62358901c3bf15a3053b7
TR-06221,2025-07-21,2025-07-01,MKT,FORN-00029,DESPESA,2785.2768937854707,2785.2768937854707,BRL,Serviços contábeis externos - MKT,25,PIX,PAGO,d4641add-3306-4ba7-b535-358854b3d242,2025-08-05,ERP_CORPORATIVO,TRANSACOES_FINANCEIRAS,6221,2f3c4b3945bb8eaf860e4ae00955a4e24c24b54fc6a3140b02f4ce18bc0087ed
TR-06222,2025-07-14,2025-07-01,COM,FORN-00029,DESPESA,2683.6407928597087,2683.6407928597087,BRL,Manutenção estrutural vinculada à área COM,3,BOLETO,PAGO,d4641add-3306-4ba7-b535-358854b3d242,2025-08-05,ERP_CORPORATIVO,TRANSACOES_FINANCEIRAS,6222,2ed84c99b5d22258d489d979548e35e91d23ada7260062aba14564ff238dcc92
TR-06223,2025-07-21,2025-07-01,TI,FORN-00029,RECEITA,3208.0059552825783,3208.0059552825783,BRL,Devolução de venda processada por TI,39,CARTAO,PAGO,d4641add-3306-4ba7-b535-358854b3d242,2025-08-05,ERP_CORPORATIVO,TRANSACOES_FINANCEIRAS,6223,21c0b4b69063edf9f81f92400357768a276fa6cdcb31eff538496a1f3ca84808
TR-06224,2025-07-21,2025-07-01,LOG,FORN-00029,DESPESA,3674.7795849567237,3674.7795849567237,BRL,Promoção e atividade externa - LOG,14,BOLETO,ATRASADO,d4641add-3306-4ba7-b535-358854b3d242,2025-08-05,ERP_CORPORATIVO,TRANSACOES_FINANCEIRAS,6224,44814f027dca04502e380442de86e503fb9e90bb8b2e5da98b1bc3516743d76e
TR-06225,2025-07-14,2025-07-01,OP,FORN-00029,DESPESA,3103.4333696285807,3103.4333696285807,BRL,Serviço de tecnologia contratado por OP,5,PIX,PAGO,d4641add-3306-4ba7-b535-358854b3d242,2025-08-05,ERP_CORPORATIVO,TRANSACOES_FINANCEIRAS,6225,bb8713d6fbffb3880a69cde0d92cf7d13bf6d574336cf2a82deaa1da944e0fb8
TR-06226,2025-07-22,2025-07-01,COMP,FORN-00029,DESPESA,3146.2804663706565,3146.2804663706565,BRL,Investimento em marketing corporativo (COMP),4,BOLETO,PAGO,d4641add-3306-4ba7-b535-358854b3d242,2025-08-05,ERP_CORPORATIVO,TRANSACOES_FINANCEIRAS,6226,75742318d78f9621442e455d4dde6d58e43f1a86caae856b179c0d1d125b1bbf
TR-06227,2025-07-17,2025-07-01,TI,FORN-00029,RECEITA,3606.7243673706853,3462.6853448231423,BRL,Prestação de serviço para área TI,1,TED,PAGO,d4641add-3306-4ba7-b535-358854b3d242,2025-08-05,ERP_CORPORATIVO,TRANSACOES_FINANCEIRAS,6227,cf176479e0085561965e1df361f0eb0454a5f87dffbdc789062f9a472eede98c
TR-06228,2025-07-03,2025-07-01,PJT,FORN-00029,DESPESA,3167.1996880622196,3167.1996880622196,BRL,Assessoria legal vinculada à área PJT,7,TED,PAGO,d4641add-3306-4ba7-b535-358854b3d242,2025-08-05,ERP_CORPORATIVO,TRANSACOES_FINANCEIRAS,6228,b6254ff728f4b0f86dd2903d90b8bf8294ef69fdf5dbffd76a49efcbdf4fde03
TR-06229,2025-07-09,2025-07-01,ESG,FORN-00029,DESPESA,3474.3948071578657,3474.3948071578657,BRL,Despesa de infraestrutura - ESG,3,TED,PAGO,d4641add-3306-4ba7-b535-358854b3d242,2025-08-05,ERP_CORPORATIVO,TRANSACOES_FINANCEIRAS,6229,011d77533b8cb3caa27d55db7b185a21a4ae0eae674d4119aaad8ee51d13d947
TR-06230,2025-07-09,2025-07-01,COM,FORN-00029,RECEITA,990.5019287589348,990.5019287589348,BRL,Aquisição de material operacional - COM,2,TED,PAGO,d4641add-3306-4ba7-b535-358854b3d242,2025-08-05,ERP_CORPORATIVO,TRANSACOES_FINANCEIRAS,6230,b60509f9166d34e46b2422002c4d29946c8dff9d06c94ea9e5a9983902f1391b
TR-06231,2025-07-02,2025-07-01,TI,FORN-00029,DESPESA,3034.428125736305,3034.428125736305,BRL,Desconto concedido em operação de TI,38,BOLETO,ATRASADO,d4641add-3306-4ba7-b535-358854b3d242,2025-08-05,ERP_CORPORATIVO,TRANSACOES_FINANCEIRAS,6231,b5d3948cebcd607cca369f16e09690d82f6280f9da7a09d901b3c43741a9e29c
TR-06818,2025-07-14,2025-07-01,ATD,1000032,RECEITA,1826.859772223732,1826.859772223732,BRL,Passagem aérea para colaborador de ATD,18,BOLETO,PAGO,d4641add-3306-4ba7-b535-358854b3d242,2025-08-05,ERP_CORPORATIVO,TRANSACOES_FINANCEIRAS,6818,f7f77c4be5a9fac24c9555323eaa8a17575cf455e6ce1cc4a47701c9fcee28b2
TR-06819,2025-07-14,2025-07-01,COMP,1000032,RECEITA,1813.2941604697764,1762.4753250309798,BRL,Manutenção estrutural vinculada à área COMP,3,BOLETO,PAGO,d4641add-3306-4ba7-b535-358854b3d242,2025-08-05,ERP_CORPORATIVO,TRANSACOES_FINANCEIRAS,6819,ef96deb4dcb6b129bc9e5252841d9ff82d23c9d6233841686b492e9d3a10eaa4
TR-06820,2025-07-21,2025-07-01,FIN,1000032,RECEITA,1856.4731031976576,1856.4731031976576,BRL,Diária de hotel para equipe FIN,19,BOLETO,PAGO,d4641add-3306-4ba7-b535-358854b3d242,2025-08-05,ERP_CORPORATIVO,TRANSACOES_FINANCEIRAS,6820,8552d2d90d8882ef25db7168f5d5eb4cd108c5e73920509b2e95cb08c3f2ae50
TR-06821,2025-07-09,2025-07-01,COMP,1000032,DESPESA,1575.0877360582836,1517.7052056073971,BRL,Prestação de serviço para área COMP,1,PIX,PAGO,d4641add-3306-4ba7-b535-358854b3d242,2025-08-05,ERP_CORPORATIVO,TRANSACOES_FINANCEIRAS,6821,eaf8e1febb57b03be6bd9e96cbbc71cf3b21eaed3417ecfa92260b970639cdb9
TR-06822,2025-07-14,2025-07-01,FIN,1000032,RECEITA,2037.5758831559874,2037.5758831559874,BRL,Honorarium advocatício - FIN,24,TED,PAGO,d4641add-3306-4ba7-b535-358854b3d242,2025-08-05,ERP_CORPORATIVO,TRANSACOES_FINANCEIRAS,6822,c6083ea5419e016663dcdbf4c45edc5415591a08a8b12a36877cc0827f7cc804
TR-06823,2025-07-14,2025-07-01,PJT,1000032,DESPESA,478.60621888256827,478.60621888256827,BRL,Despesa de infraestrutura - PJT,3,TRANSFERENCIA,PAGO,d4641add-3306-4ba7-b535-358854b3d242,2025-08-05,ERP_CORPORATIVO,TRANSACOES_FINANCEIRAS,6823,dc33c3b1352d34e5561669f345adfd170eb5dbba85e11b822c4260fe6a34a67a
TR-06824,2025-07-07,2025-07-01,MKT,1000032,DESPESA,1553.68998767994,1553.68998767994,BRL,Aquisição de material operacional - MKT,2,PIX,PAGO,d4641add-3306-4ba7-b535-358854b3d242,2025-08-05,ERP_CORPORATIVO,TRANSACOES_FINANCEIRAS,6824,3ecf24c0fc7d4a4edbebcb3169806df64826cc4b673ecc6412b1eb420e95e49e
TR-06825,2025-07-21,2025-07-01,COMP,1000032,RECEITA,2240.909245497384,2240.909245497384,BRL,Seguro contratado pela área COMP,21,TED,PAGO,d4641add-3306-4ba7-b535-358854b3d242,2025-08-05,ERP_CORPORATIVO,TRANSACOES_FINANCEIRAS,6825,54360bf3f880a97dd77d143fdea8bac4fba4978968021972a45db71d3b502ebf
TR-06826,2025-07-23,2025-07-01,VND,1000032,DESPESA,2209.667382401555,2129.9841743675042,BRL,Despesa operacional - VND,8,TED,PAGO,d4641add-3306-4ba7-b535-358854b3d242,2025-08-05,ERP_CORPORATIVO,TRANSACOES_FINANCEIRAS,6826,c5d320be2cc835b534a11c88cf659220f00c4cac0d56414f74c748a9d6f6f1ff
TR-06827,2025-07-10,2025-07-01,RH,1000032,RECEITA,1382.78989422347,1382.78989422347,BRL,Licenciamento de software - RH,5,PIX,PAGO,d4641add-3306-4ba7-b535-358854b3d242,2025-08-05,ERP_CORPORATIVO,TRANSACOES_FINANCEIRAS,6827,1ffbba0ee9876ecfae16f462797507b6de57d2b0e2a007cba905c9e13220644d
TR-06828,2025-07-14,2025-07-01,RH,1000032,DESPESA,1512.4885898112389,1440.1537563593283,BRL,Despesa operacional - RH,8,BOLETO,CANCELADO,d4641add-3306-4ba7-b535-358854b3d242,2025-08-05,ERP_CORPORATIVO,TRANSACOES_FINANCEIRAS,6828,bcb760b26eedd686a08b8e2c2d791e48532c374ca1d474b408af25c306a9f157
TR-06829,2025-07-23,2025-07-01,COMP,1000032,DESPESA,1854.834001144701,1854.834001144701,BRL,Capacitação profissional vinculada a COMP,30,BOLETO,PAGO,d4641add-3306-4ba7-b535-358854b3d242,2025-08-05,ERP_CORPORATIVO,TRANSACOES_FINANCEIRAS,6829,80c45a91b506859760aa0416d64812d91555e5f9a5d96f2b231b9fc39a509549
TR-06830,2025-07-23,2025-07-01,ESG,1000032,DESPESA,2144.0407098833566,2144.0407098833566,BRL,Assessoria contábil prestada a ESG,25,BOLETO,PAGO,d4641add-3306-4ba7-b535-358854b3d242,2025-08-05,ERP_CORPORATIVO,TRANSACOES_FINANCEIRAS,6830,fb5ca917b9f0fe0d9f0d2dd81be0c457f1d50d2f78e03163c8c6eca439beaad4
TR-06831,2025-07-21,2025-07-01,COMP,1000032,RECEITA,1934.9186121736398,1934.9186121736398,BRL,Assessoria contábil prestada a COMP,25,PIX,PAGO,d4641add-3306-4ba7-b535-358854b3d242,2025-08-05,ERP_CORPORATIVO,TRANSACOES_FINANCEIRAS,6831,1f52b058f2433c884b570880530684f98b3d3ec5c467d03a864adb699763ef08
TR-06832,2025-07-15,2025-07-01,COMP,1000032,DESPESA,1883.6787108961503,1883.6787108961503,BRL,Consultoria estratégica para área COMP,12,TED,ATRASADO,d4641add-3306-4ba7-b535-358854b3d242,2025-08-05,ERP_CORPORATIVO,TRANSACOES_FINANCEIRAS,6832,7f566a614bb977edcb549f033ebf3ef97da9456b0eb30670cd2cf5d68adcf213
TR-06833,2025-07-08,2025-07-01,CPT,1000032,RECEITA,520.7165008399617,520.7165008399617,BRL,Recebimento de subvenção - CPT,36,BOLETO,PAGO,d4641add-3306-4ba7-b535-358854b3d242,2025-08-05,ERP_CORPORATIVO,TRANSACOES_FINANCEIRAS,6833,9c237a4d7dddfab7d9070dad2d50f1e8cfe33b5805fc9617042b46a8cb95493e
TR-07590,2025-07-21,2025-07-01,SEC,FORN-00039,DESPESA,2531.543276104757,2531.543276104757,EUR,Apólice de seguro - SEC,21,TED,PAGO,d4641add-3306-4ba7-b535-358854b3d242,2025-08-05,ERP_CORPORATIVO,TRANSACOES_FINANCEIRAS,7590,52d6a1c39dda111534b81ae20d39a5e38a1c308d3fecb10aae7aa703ae6ab033
TR-07591,2025-07-11,2025-07-01,COM,FORN-00039,DESPESA,1993.8225835538246,1921.7446499864593,BRL,Certificado digital adquirido por COM,26,CARTAO,PAGO,d4641add-3306-4ba7-b535-358854b3d242,2025-08-05,ERP_CORPORATIVO,TRANSACOES_FINANCEIRAS,7591,6725f23380683a0d25931327a703a80d00e9ee4b2ea1f64e59e1a809304bd780
TR-07592,2025-07-10,2025-07-01,COM,FORN-00039,RECEITA,1945.396125628469,1880.0822761313614,BRL,Publicidade institucional - COM,13,PIX,PAGO,d4641add-3306-4ba7-b535-358854b3d242,2025-08-05,ERP_CORPORATIVO,TRANSACOES_FINANCEIRAS,7592,04d9ce5c28723b01888b4ea70b462222d96379281636637701bf2a136e0713d2
TR-07593,2025-07-24,2025-07-01,COMP,FORN-00039,DESPESA,2517.975806686888,2517.975806686888,BRL,Serviço de tecnologia contratado por COMP,5,TED,PAGO,d4641add-3306-4ba7-b535-358854b3d242,2025-08-05,ERP_CORPORATIVO,TRANSACOES_FINANCEIRAS,7593,fdb9cddf8d10fc889d6b1ce262f22530e8321e09899f9e32f7b9d7b56c5da3ec
TR-07594,2025-07-03,2025-07-01,COM,FORN-00039,DESPESA,2228.5860143948976,2228.5860143948976,BRL,Aquisição de material operacional - COM,2,BOLETO,PAGO,d4641add-3306-4ba7-b535-358854b3d242,2025-08-05,ERP_CORPORATIVO,TRANSACOES_FINANCEIRAS,7594,9496a86910ee3b8faf18254b9582f1d40fcb6554067d122b86d1949429337dac
TR-07595,2025-07-16,2025-07-01,COMP,FORN-00039,DESPESA,2161.9800056100203,2161.9800056100203,USD,Recebimento de subvenção - COMP,36,BOLETO,PAGO,d4641add-3306-4ba7-b535-358854b3d242,2025-08-05,ERP_CORPORATIVO,TRANSACOES_FINANCEIRAS,7595,f8cf71d804d372b893df22864f004f84f30552e59f68c06b407224e5d854ebf3
TR-07596,2025-07-14,2025-07-01,RH,FORN-00039,RECEITA,2607.557144367662,2494.715777102522,BRL,Licenciamento de software - RH,5,CARTAO,ATRASADO,d4641add-3306-4ba7-b535-358854b3d242,2025-08-05,ERP_CORPORATIVO,TRANSACOES_FINANCEIRAS,7596,68c273e7e344867b0951ddf1e6b9b29d09eb6da6a69405c8a2471620bc53c45f
TR-07597,2025-07-24,2025-07-01,COM,FORN-00039,RECEITA,2398.293359314344,2398.293359314344,BRL,Despesa operacional - COM,8,TED,PAGO,d4641add-3306-4ba7-b535-358854b3d242,2025-08-05,ERP_CORPORATIVO,TRANSACOES_FINANCEIRAS,7597,60592a4d0dbaa33fd5f49cb90e70e4b901cbc4bf0f5e55250e49326077e24b2e
TR-07598,2025-07-08,2025-07-01,JUR,FORN-00039,DESPESA,2131.2296827381238,2077.383148842704,BRL,Serviço de tecnologia contratado por JUR,5,TRANSFERENCIA,PAGO,d4641add-3306-4ba7-b535-358854b3d242,2025-08-05,ERP_CORPORATIVO,TRANSACOES_FINANCEIRAS,7598,ec7b73e81af77bd7f480778235050ac0c9a03fe7ac35b5061b387d6201e68460
TR-07599,2025-07-14,2025-07-01,VND,FORN-00039,RECEITA,2199.457319248817,2199.457319248817,BRL,Despesa de RH - VND,6,BOLETO,PAGO,d4641add-3306-4ba7-b535-358854b3d242,2025-08-05,ERP_CORPORATIVO,TRANSACOES_FINANCEIRAS,7599,80f28b407d5442f54cb6a9aaed3763ad8a59aa7a06e2b6337a59bd390cab6d4c
TR-07600,2025-07-07,2025-07-01,RH,FORN-00039,DESPESA,4061.1491655131717,4061.1491655131717,BRL,Encargos de empréstimo vinculados a RH,23,BOLETO,PAGO,d4641add-3306-4ba7-b535-358854b3d242,2025-08-05,ERP_CORPORATIVO,TRANSACOES_FINANCEIRAS,7600,1180b2575c4015add098fdf8875bc5928ce156f4ddacd40f172307caf7a2c8dc
TR-07601,2025-07-25,2025-07-01,VND,FORN-00039,DESPESA,2024.43700399974,2024.43700399974,BRL,Prestação de serviço para área VND,1,CARTAO,PAGO,d4641add-3306-4ba7-b535-358854b3d242,2025-08-05,ERP_CORPORATIVO,TRANSACOES_FINANCEIRAS,7601,77bd2d91005cb23c39f29dffeb5c52b555b7f1427697b2ccc3c8065446f62284
TR-07602,2025-07-14,2025-07-01,COM,FORN-00039,DESPESA,2575.3742130325622,2575.3742130325622,BRL,Abastecimento de veículos - COM,16,PIX,PAGO,d4641add-3306-4ba7-b535-358854b3d242,2025-08-05,ERP_CORPORATIVO,TRANSACOES_FINANCEIRAS,7602,2a295f53290277eeb7f8fbb9a12d2a6b1c3ab278ec06b9e21894717ac935b6d8
TR-07603,2025-07-14,2025-07-01,FIN,FORN-00039,DESPESA,2132.5390194203396,2132.5390194203396,USD,Licenciamento de software - FIN,5,CARTAO,PAGO,d4641add-3306-4ba7-b535-358854b3d242,2025-08-05,ERP_CORPORATIVO,TRANSACOES_FINANCEIRAS,7603,062a0a2bb7409b11a42c521c94e117e09a39e1f6731a4d10376eff483c07e103
TR-07604,2025-07-07,2025-07-01,COM,FORN-00039,DESPESA,2043.16539166677,2043.16539166677,BRL,Abastecimento de veículos - COM,16,CARTAO,PAGO,d4641add-3306-4ba7-b535-358854b3d242,2025-08-05,ERP_CORPORATIVO,TRANSACOES_FINANCEIRAS,7604,4df7db275727b32da6d25e475ab30184e0ec108092ff59afb6d17e8001daf294
TR-07605,2025-07-07,2025-07-01,COM,FORN-00039,DESPESA,2485.168709073407,2485.168709073407,BRL,Campanha institucional - COM,4,TRANSFERENCIA,PAGO,d4641add-3306-4ba7-b535-358854b3d242,2025-08-05,ERP_CORPORATIVO,TRANSACOES_FINANCEIRAS,7605,71ea9ebf1286cb3380db87219df86d9f7700437d69084f772c9d7490f8929df4
TR-07606,2025-07-25,2025-07-01,JUR,FORN-00039,DESPESA,2399.138671885204,2399.138671885204,EUR,Reparo de hardware solicitado por JUR,28,BOLETO,ATRASADO,d4641add-3306-4ba7-b535-358854b3d242,2025-08-05,ERP_CORPORATIVO,TRANSACOES_FINANCEIRAS,7606,87e2421ea6e81ad91260da98d54ea15853ec27120d12a0fa3db26ce8fad13323
TR-07607,2025-07-17,2025-07-01,JUR,FORN-00039,RECEITA,1866.359738286247,1866.359738286247,BRL,Serviço especializado solicitado por JUR,1,PIX,PAGO,d4641add-3306-4ba7-b535-358854b3d242,2025-08-05,ERP_CORPORATIVO,TRANSACOES_FINANCEIRAS,7607,c4b20fdff7c393f014880a1bc1d7a6e73ca7cb8e66fecc02a173ba302b373a22
TR-07608,2025-07-17,2025-07-01,COMP,FORN-00039,DESPESA,2205.5275118213585,2205.5275118213585,BRL,Certificado digital adquirido por COMP,26,BOLETO,PAGO,d4641add-3306-4ba7-b535-358854b3d242,2025-08-05,ERP_CORPORATIVO,TRANSACOES_FINANCEIRAS,7608,5e778522d689969935adb9002e2905d569af3ea641ecad2676f9de3e3ab248c9
TR-07609,2025-07-21,2025-07-01,LOG,FORN-00039,RECEITA,1995.9684423632252,1995.9684423632252,BRL,Campanha institucional - LOG,4,TED,PAGO,d4641add-3306-4ba7-b535-358854b3d242,2025-08-05,ERP_CORPORATIVO,TRANSACOES_FINANCEIRAS,7609,8fe922a156bd780effc99b4777e43ee4a5fc60868a11c69db0cddc44e1317b8b
TR-07610,2025-07-17,2025-07-01,OP,FORN-00039,DESPESA,2414.4778769312193,2389.0262249294155,BRL,Serviço relacionado a recursos humanos (OP),6,PIX,PAGO,d4641add-3306-4ba7-b535-358854b3d242,2025-08-05,ERP_CORPORATIVO,TRANSACOES_FINANCEIRAS,7610,38c82de5d2674b66f9e84b990d3d1b9272ad4de4ec424d266fdbfc3f8f69d409
TR-07611,2025-07-11,2025-07-01,JUR,FORN-00039,RECEITA,2647.4861751470485,2563.010854873719,BRL,Serviço especializado solicitado por JUR,1,CARTAO,PAGO,d4641add-3306-4ba7-b535-358854b3d242,2025-08-05,ERP_CORPORATIVO,TRANSACOES_FINANCEIRAS,7611,317916ca4b56344b7f99cfda5a49556e4ec1e62f0454efa7407f190ffedd4d8c
TR-07612,2025-07-24,2025-07-01,VND,FORN-00039,DESPESA,2352.3647965218947,2352.3647965218947,BRL,Investimento em marketing corporativo (VND),4,BOLETO,PAGO,d4641add-3306-4ba7-b535-358854b3d242,2025-08-05,ERP_CORPORATIVO,TRANSACOES_FINANCEIRAS,7612,7c8d8e522cddef94e2cf73810e5a53c757be4dba819a47e621f7969b2b42b9ee
TR-07613,2025-07-10,2025-07-01,ESG,FORN-00039,RECEITA,2066.1406633749175,2066.1406633749175,BRL,Licenciamento de software - ESG,5,CARTAO,PAGO,d4641add-3306-4ba7-b535-358854b3d242,2025-08-05,ERP_CORPORATIVO,TRANSACOES_FINANCEIRAS,7613,a9b61eb355ea40bb823c90f572d0e204c041eab8bf34d8a0e7917073142cd556
TR-07837,2025-07-21,2025-07-01,TI,ACC-00040,RECEITA,2014.8290239931464,2014.8290239931464,USD,Aquisição de material operacional - TI,2,PIX,PAGO,d4641add-3306-4ba7-b535-358854b3d242,2025-08-05,ERP_CORPORATIVO,TRANSACOES_FINANCEIRAS,7837,b0eb828bc722c14aae50f091991624f823dafb4d6a3d692a48dc12ad611c1b98
TR-07838,2025-07-07,2025-07-01,VND,ACC-00040,DESPESA,6484.217189647375,6484.217189647375,BRL,Taxas bancárias incidentes em VND,22,TED,CANCELADO,d4641add-3306-4ba7-b535-358854b3d242,2025-08-05,ERP_CORPORATIVO,TRANSACOES_FINANCEIRAS,7838,7b81f99c0d38b7a275867178f78185a0d709c8c4e4a0baffab9ac9a27f979679
TR-07839,2025-07-28,2025-07-01,FIN,ACC-00040,DESPESA,2081.000235254531,2081.000235254531,BRL,Manutenção estrutural vinculada à área FIN,3,TED,PAGO,d4641add-3306-4ba7-b535-358854b3d242,2025-08-05,ERP_CORPORATIVO,TRANSACOES_FINANCEIRAS,7839,f61b370d828dfdb6a48ce3b3828a075b65f3d25e9d729ec98706b0ee06780cb8
TR-07840,2025-07-07,2025-07-01,ESG,ACC-00040,DESPESA,1974.5007365144213,1974.5007365144213,BRL,Licenciamento de software - ESG,5,PIX,PAGO,d4641add-3306-4ba7-b535-358854b3d242,2025-08-05,ERP_CORPORATIVO,TRANSACOES_FINANCEIRAS,7840,a9cc2632c39fc26aba9cb58aeb562f3989c5d7bf2f848c141493817652c57236
TR-07841,2025-07-28,2025-07-01,COMP,ACC-00040,RECEITA,1969.0338642673728,1969.0338642673728,BRL,Diária de hotel para equipe COMP,19,PIX,PAGO,d4641add-3306-4ba7-b535-358854b3d242,2025-08-05,ERP_CORPORATIVO,TRANSACOES_FINANCEIRAS,7841,d1d40f8e0b6d9513692d20ca056bf66cce57acf76d3b4e89df28f28a31a1a124
TR-07842,2025-07-18,2025-07-01,JUR,ACC-00040,RECEITA,2542.131726469648,2542.131726469648,BRL,Material de marketing solicitado por JUR,15,PIX,PAGO,d4641add-3306-4ba7-b535-358854b3d242,2025-08-05,ERP_CORPORATIVO,TRANSACOES_FINANCEIRAS,7842,5fdf5073911799fd9abcf35278baf7f338ed8ac17a7c5bbe0ea92e5441e37541
TR-07843,2025-07-23,2025-07-01,FIN,ACC-00040,DESPESA,1806.3235939497638,1806.3235939497638,BRL,Serviço especializado solicitado por FIN,1,BOLETO,CANCELADO,d4641add-3306-4ba7-b535-358854b3d242,2025-08-05,ERP_CORPORATIVO,TRANSACOES_FINANCEIRAS,7843,3e0ca0b7d546f6048660960ce47a429392fdb25c8ebdd2eeaeee8c6e8d56342c
TR-07844,2025-07-21,2025-07-01,ESG,ACC-00040,RECEITA,1218.6451529261087,1218.6451529261087,BRL,Custo operacional associado a ESG,8,TED,PAGO,d4641add-3306-4ba7-b535-358854b3d242,2025-08-05,ERP_CORPORATIVO,TRANSACOES_FINANCEIRAS,7844,36d904fea20385fece4075f047963875529e8dd24eff6773c12655377eeeeb6b
TR-07845,2025-07-21,2025-07-01,COM,ACC-00040,DESPESA,1996.1999916201187,1996.1999916201187,USD,Serviço de tecnologia contratado por COM,5,PIX,PAGO,d4641add-3306-4ba7-b535-358854b3d242,2025-08-05,ERP_CORPORATIVO,TRANSACOES_FINANCEIRAS,7845,558d7e35dd1e9f943dfed1e6b3c6942d822e43a18d4fab9138c6a404edd6d618
TR-07846,2025-07-24,2025-07-01,TI,ACC-00040,DESPESA,2588.346285537713,2588.346285537713,BRL,Tarifas de serviços financeiros - TI,22,TED,ATRASADO,d4641add-3306-4ba7-b535-358854b3d242,2025-08-05,ERP_CORPORATIVO,TRANSACOES_FINANCEIRAS,7846,5d0962a27392185bbf68639eb65a02beb03f871be333ff0cacfcab9da667244b
TR-07847,2025-07-24,2025-07-01,JUR,ACC-00040,RECEITA,2109.523329846325,2109.523329846325,BRL,Capacitação profissional vinculada a JUR,30,CARTAO,PAGO,d4641add-3306-4ba7-b535-358854b3d242,2025-08-05,ERP_CORPORATIVO,TRANSACOES_FINANCEIRAS,7847,def45db8a97553c5ff66b3a82537ba84234361b0b2cb14459f73c24ab60c6ce8
TR-07848,2025-07-11,2025-07-01,QAS,ACC-00040,RECEITA,2090.42816682878,2090.42816682878,BRL,Contrato de conectividade para área QAS,9,PIX,PAGO,d4641add-3306-4ba7-b535-358854b3d242,2025-08-05,ERP_CORPORATIVO,TRANSACOES_FINANCEIRAS,7848,afdc56ee60357c4b6a68a92e5ef966ab64414a39d58f417c523a4a576df7631a
TR-08063,2025-07-07,2025-07-01,COM,1000040,RECEITA,4953.572786848227,4801.377404781096,BRL,Produção de material gráfico - COM,15,TRANSFERENCIA,PAGO,d4641add-3306-4ba7-b535-358854b3d242,2025-08-05,ERP_CORPORATIVO,TRANSACOES_FINANCEIRAS,8063,b70e0333cb15148cb0374c5d9ee2b5e6c8992c1320e89580bc75f463395aaf88
TR-08064,2025-07-10,2025-07-01,OP,1000040,DESPESA,5169.53684053782,5169.53684053782,BRL,Diária de hotel para equipe OP,19,PIX,PAGO,d4641add-3306-4ba7-b535-358854b3d242,2025-08-05,ERP_CORPORATIVO,TRANSACOES_FINANCEIRAS,8064,11dd4138ccc923193c328f0b398e1ff8c96719b6b354fa42b7c08d52b5d38f7d
TR-08065,2025-07-21,2025-07-01,TI,1000040,DESPESA,7290.71230512396,7290.71230512396,BRL,Renovação de certificados digitais - TI,26,TED,PAGO,d4641add-3306-4ba7-b535-358854b3d242,2025-08-05,ERP_CORPORATIVO,TRANSACOES_FINANCEIRAS,8065,caeea684f1336f0e2bccacea8409fc1f5897eb2baeaf9029d6d4edf0a97128f2
TR-08066,2025-07-23,2025-07-01,VND,1000040,RECEITA,1535.6256911368973,1535.6256911368973,BRL,Despesa operacional - VND,8,TRANSFERENCIA,CANCELADO,d4641add-3306-4ba7-b535-358854b3d242,2025-08-05,ERP_CORPORATIVO,TRANSACOES_FINANCEIRAS,8066,e70d7be485c8e4fd2e83024aa1b8cbd34b3abe797f4d695f937296cb167dd241
TR-08067,2025-07-08,2025-07-01,CPT,1000040,RECEITA,4393.552892411685,4393.552892411685,BRL,Custo operacional associado a CPT,8,TED,PAGO,d4641add-3306-4ba7-b535-358854b3d242,2025-08-05,ERP_CORPORATIVO,TRANSACOES_FINANCEIRAS,8067,58d4fd8400ae957f5d65a5245fdd87a10827a1d5d8757cb06fd0788861c7a361
TR-08068,2025-07-28,2025-07-01,PJT,1000040,DESPESA,5443.932326735812,5443.932326735812,BRL,Contrato de serviço - setor PJT,1,TED,PAGO,d4641add-3306-4ba7-b535-358854b3d242,2025-08-05,ERP_CORPORATIVO,TRANSACOES_FINANCEIRAS,8068,b7b7aa5cddb6d5b67a2e5aaaf14ce2b5e9f46fa7ddfeafb949731e89ec3003e1
TR-08069,2025-07-09,2025-07-01,VND,1000040,RECEITA,4254.411178580869,4043.0333372226714,BRL,Manutenção estrutural vinculada à área VND,3,TED,PAGO,d4641add-3306-4ba7-b535-358854b3d242,2025-08-05,ERP_CORPORATIVO,TRANSACOES_FINANCEIRAS,8069,afa4f7f2a60fcdc635c993de8096402dc7a38c5d5830a874e8faeb83fc706e85
TR-08070,2025-07-17,2025-07-01,OP,1000040,RECEITA,4915.308666936451,4915.308666936451,BRL,Contrato de SaaS vinculado a OP,27,TRANSFERENCIA,PAGO,d4641add-3306-4ba7-b535-358854b3d242,2025-08-05,ERP_CORPORATIVO,TRANSACOES_FINANCEIRAS,8070,1b7cb36c421a2bec56e02f9467586fe1788ce4c8cffff352623f119ddc30bd95
TR-08071,2025-07-18,2025-07-01,FIN,1000040,RECEITA,4655.710819722988,4655.710819722988,BRL,Estorno de receita - FIN,39,PIX,PAGO,d4641add-3306-4ba7-b535-358854b3d242,2025-08-05,ERP_CORPORATIVO,TRANSACOES_FINANCEIRAS,8071,0fea5819f0b487066688993531572f1114efb5e25c502506e6af79143a422b1f
TR-08072,2025-07-18,2025-07-01,PJT,1000040,DESPESA,4139.911546782513,4062.9131412307956,BRL,Serviço especializado solicitado por PJT,1,TED,PAGO,d4641add-3306-4ba7-b535-358854b3d242,2025-08-05,ERP_CORPORATIVO,TRANSACOES_FINANCEIRAS,8072,686d0617baa74cede23bd88986b277fc8917e5f9a683ab6dba73d40ea51a1499
TR-08073,2025-07-21,2025-07-01,JUR,1000040,DESPESA,4407.913013317789,4407.913013317789,BRL,Participação nos resultados vinculada a JUR,34,BOLETO,PAGO,d4641add-3306-4ba7-b535-358854b3d242,2025-08-05,ERP_CORPORATIVO,TRANSACOES_FINANCEIRAS,8073,37e4404c725d2c616dfb73e9fcc28a9e458fdfc5cd4eccfab99265b635273e28
TR-08296,2025-07-10,2025-07-01,FIN,1000042,DESPESA,3779.540542843712,3779.540542843712,BRL,Renovação de certificados digitais - FIN,26,TRANSFERENCIA,PAGO,d4641add-3306-4ba7-b535-358854b3d242,2025-08-05,ERP_CORPORATIVO,TRANSACOES_FINANCEIRAS,8296,962351a491a539d16259db592826acc81b4c2302ab3411aaf748917e7604dd02
TR-08297,2025-07-07,2025-07-01,ADM,1000042,DESPESA,4073.469842629674,3994.064102756975,BRL,Material de marketing solicitado por ADM,15,PIX,PAGO,d4641add-3306-4ba7-b535-358854b3d242,2025-08-05,ERP_CORPORATIVO,TRANSACOES_FINANCEIRAS,8297,178db7412d873707df1a213f80705c895c8ce11c344d8a360a563c22b3275f49
TR-08298,2025-07-04,2025-07-01,COM,1000042,RECEITA,5020.100133262379,5020.100133262379,EUR,Diária de hotel para equipe COM,19,PIX,PAGO,d4641add-3306-4ba7-b535-358854b3d242,2025-08-05,ERP_CORPORATIVO,TRANSACOES_FINANCEIRAS,8298,25ebf52000c2f77902157e1a9d5f1069a42b70cc3d929f78460fe53451e8bdc4
TR-08299,2025-07-17,2025-07-01,RH,1000042,DESPESA,4513.558864855611,4513.558864855611,BRL,Reparo de hardware solicitado por RH,28,TED,PAGO,d4641add-3306-4ba7-b535-358854b3d242,2025-08-05,ERP_CORPORATIVO,TRANSACOES_FINANCEIRAS,8299,07617ecbc3732c5f012eda34939f13acfdb8c799680e5506c2fc5d57d9630114
TR-08300,2025-07-18,2025-07-01,LOG,1000042,DESPESA,5063.908928571056,4886.185243744866,BRL,Recebimento de subvenção - LOG,36,CARTAO,PAGO,d4641add-3306-4ba7-b535-358854b3d242,2025-08-05,ERP_CORPORATIVO,TRANSACOES_FINANCEIRAS,8300,3d97a5af6a53042b2bd4e67e70ed439588d89bba59f8346df357fcdc545cabff
TR-08301,2025-07-17,2025-07-01,OP,1000042,DESPESA,5093.577565470336,4881.980127703944,BRL,Manutenção de equipamentos de OP,28,TED,PAGO,d4641add-3306-4ba7-b535-358854b3d242,2025-08-05,ERP_CORPORATIVO,TRANSACOES_FINANCEIRAS,8301,c6075b649fd1159dac8bc55f8dda2b66b7bfd0c6d2ea3c90905a2ecc313dfeb7
TR-08302,2025-07-22,2025-07-01,ATD,1000042,DESPESA,1705.3253525668122,1659.3793966624305,BRL,Locação de espaço comercial - ATD,31,TRANSFERENCIA,PAGO,d4641add-3306-4ba7-b535-358854b3d242,2025-08-05,ERP_CORPORATIVO,TRANSACOES_FINANCEIRAS,8302,09970fcebfde72109a83a91e2efdb8c411e8d62b08c426f280fdcb491f8b6b7a
TR-08303,2025-07-18,2025-07-01,OP,1000042,RECEITA,5306.16409229261,5306.16409229261,BRL,Material de marketing solicitado por OP,15,CARTAO,PAGO,d4641add-3306-4ba7-b535-358854b3d242,2025-08-05,ERP_CORPORATIVO,TRANSACOES_FINANCEIRAS,8303,b1fddcd913d1e1f6fb76a854fcfca777a64c2a2e7406379f651792d999f10d2b
TR-08631,2025-07-09,2025-07-01,RH,FORN-00044,RECEITA,2491.2299487350947,2409.86223611932,BRL,Prestação de serviço para área RH,1,BOLETO,PAGO,d4641add-3306-4ba7-b535-358854b3d242,2025-08-05,ERP_CORPORATIVO,TRANSACOES_FINANCEIRAS,8631,f47e5ba2ccddb9c1be568b23c499d4b3f0ecc8e05a77439369c257a973277ddb
TR-08632,2025-07-09,2025-07-01,ATD,FORN-00044,RECEITA,2878.699093450627,2878.699093450627,BRL,Despesa operacional - ATD,8,CARTAO,PAGO,d4641add-3306-4ba7-b535-358854b3d242,2025-08-05,ERP_CORPORATIVO,TRANSACOES_FINANCEIRAS,8632,fe3e34f36ce7ec69832314970b4a22f303a82212567584877f1dfe25dc0f420d
TR-08633,2025-07-23,2025-07-01,JUR,FORN-00044,RECEITA,2529.089854130983,2529.089854130983,BRL,Serviço especializado solicitado por JUR,1,TRANSFERENCIA,ATRASADO,d4641add-3306-4ba7-b535-358854b3d242,2025-08-05,ERP_CORPORATIVO,TRANSACOES_FINANCEIRAS,8633,4284fcb659243e47233f8e97f1a296e8c04bd88e667a4adee14d68d91c0465b9
TR-08634,2025-07-07,2025-07-01,TI,FORN-00044,RECEITA,2805.1320424916194,2805.1320424916194,BRL,Honorários jurídicos - TI,7,BOLETO,PAGO,d4641add-3306-4ba7-b535-358854b3d242,2025-08-05,ERP_CORPORATIVO,TRANSACOES_FINANCEIRAS,8634,8c34004dbb51936debb437c9a40c12d248d563d01974fba0470742ee62d5dda1
TR-08635,2025-07-03,2025-07-01,JUR,FORN-00044,DESPESA,2525.018208951917,2525.018208951917,BRL,Aquisição de material operacional - JUR,2,BOLETO,PAGO,d4641add-3306-4ba7-b535-358854b3d242,2025-08-05,ERP_CORPORATIVO,TRANSACOES_FINANCEIRAS,8635,e4752d3bc32813e06bb70a770efcc89d2cdabc1cba9938df28c5059ea8e18f75
TR-08636,2025-07-11,2025-07-01,OP,FORN-00044,DESPESA,570.5041624356936,510.1594828271421,BRL,Seguro contratado pela área OP,21,PIX,CANCELADO,d4641add-3306-4ba7-b535-358854b3d242,2025-08-05,ERP_CORPORATIVO,TRANSACOES_FINANCEIRAS,8636,b149f0944ddeeaa74c8771570ecb9f3846e47f443f16c5646570038c4ad52075
TR-08637,2025-07-14,2025-07-01,COMP,FORN-00044,RECEITA,2722.2716732931453,2722.2716732931453,BRL,Manutenção estrutural vinculada à área COMP,3,TED,ATRASADO,d4641add-3306-4ba7-b535-358854b3d242,2025-08-05,ERP_CORPORATIVO,TRANSACOES_FINANCEIRAS,8637,97d12c1df93b1cfb5be3f89106492f34afac5052498621f77e14a4e1f790b645
TR-08638,2025-07-15,2025-07-01,MKT,FORN-00044,RECEITA,2717.57010817477,2717.57010817477,BRL,Produção de material gráfico - MKT,15,BOLETO,ATRASADO,d4641add-3306-4ba7-b535-358854b3d242,2025-08-05,ERP_CORPORATIVO,TRANSACOES_FINANCEIRAS,8638,df2b19eed449c55ab9b2bd538d2b011a1cb8378ef30279540cf347075c2b20cc
TR-08639,2025-07-18,2025-07-01,SEC,FORN-00044,DESPESA,2761.4073014165224,2761.4073014165224,BRL,Venda de ativo imobilizado por SEC,35,TED,PAGO,d4641add-3306-4ba7-b535-358854b3d242,2025-08-05,ERP_CORPORATIVO,TRANSACOES_FINANCEIRAS,8639,41de3a195474b091a8e5d0b3b76424fc49067cb5808e5854fc03cef40e1f5970
TR-08640,2025-07-23,2025-07-01,MKT,FORN-00044,DESPESA,2548.4333322454618,2548.4333322454618,BRL,Despesa de infraestrutura - MKT,3,BOLETO,ATRASADO,d4641add-3306-4ba7-b535-358854b3d242,2025-08-05,ERP_CORPORATIVO,TRANSACOES_FINANCEIRAS,8640,d3f366845f625831526fd3fd5bf7a8494fe3a929e0e1735781549391b74185c7
TR-08641,2025-07-22,2025-07-01,PJT,FORN-00044,DESPESA,2391.4728204778785,2391.4728204778785,BRL,Doação recebida em favor de PJT,36,BOLETO,PAGO,d4641add-3306-4ba7-b535-358854b3d242,2025-08-05,ERP_CORPORATIVO,TRANSACOES_FINANCEIRAS,8641,072f02ea054fc25053f56de0699514b93b65c53b9b5dd163ec6b0fd090d22ec0
TR-08642,2025-07-22,2025-07-01,ESG,FORN-00044,RECEITA,2709.339746792461,2709.339746792461,BRL,Despesa de infraestrutura - ESG,3,BOLETO,PAGO,d4641add-3306-4ba7-b535-358854b3d242,2025-08-05,ERP_CORPORATIVO,TRANSACOES_FINANCEIRAS,8642,73ca42453478124097e0ca89396f14b1e2375a6dff95a294c4a20f4fa374d3f3
TR-08643,2025-07-07,2025-07-01,COMP,FORN-00044,DESPESA,3000.6341562558787,3000.6341562558787,BRL,Despesa operacional - COMP,8,BOLETO,PAGO,d4641add-3306-4ba7-b535-358854b3d242,2025-08-05,ERP_CORPORATIVO,TRANSACOES_FINANCEIRAS,8643,31ce23f237b26a10366deafcd11f3de63602b6eefbfed39cac9e8b779d84413d
TR-08644,2025-07-03,2025-07-01,PJT,FORN-00044,DESPESA,2848.7169970330624,2779.287912575183,BRL,Tributo incidente sobre receita de PJT,40,TED,CANCELADO,d4641add-3306-4ba7-b535-358854b3d242,2025-08-05,ERP_CORPORATIVO,TRANSACOES_FINANCEIRAS,8644,c53a89a0dab5b9d4f4077f2e6260f51c971dfd77358be5d158a2ab75871fbfc4
TR-08923,2025-07-22,2025-07-01,RH,FORN-00045,DESPESA,1338.802491416086,1338.802491416086,BRL,Despesa operacional - RH,8,TED,PAGO,d4641add-3306-4ba7-b535-358854b3d242,2025-08-05,ERP_CORPORATIVO,TRANSACOES_FINANCEIRAS,8923,12ca94f11bc1a18a8cc9bf2ca0c6f5d0cc79ab213997ca059a3dc31c2b3d11ca
TR-08924,2025-07-11,2025-07-01,COM,FORN-00045,RECEITA,1275.5091670146367,1275.5091670146367,BRL,Comissão recebida por COM,33,PIX,PAGO,d4641add-3306-4ba7-b535-358854b3d242,2025-08-05,ERP_CORPORATIVO,TRANSACOES_FINANCEIRAS,8924,00a1cab42140eb659bdae0373b8af8727f2e8d800abf78a2c66f0d03d079dac7
TR-08925,2025-07-11,2025-07-01,MKT,FORN-00045,RECEITA,1541.818102873121,1541.818102873121,BRL,Custo operacional associado a MKT,8,TRANSFERENCIA,PAGO,d4641add-3306-4ba7-b535-358854b3d242,2025-08-05,ERP_CORPORATIVO,TRANSACOES_FINANCEIRAS,8925,85b1f1c2bce285b22041414a439ac1dbece681bad3ac4a2743b4ab0f5fcd942b
TR-08926,2025-07-08,2025-07-01,COM,FORN-00045,DESPESA,1570.0468617590466,1570.0468617590466,BRL,Investimento em marketing corporativo (COM),4,PIX,PAGO,d4641add-3306-4ba7-b535-358854b3d242,2025-08-05,ERP_CORPORATIVO,TRANSACOES_FINANCEIRAS,8926,d6b61210d80bff84566cf974fbe05b6dd8537ea8ecea9e2ae5dc56b7986b3dba
TR-08927,2025-07-08,2025-07-01,RH,FORN-00045,RECEITA,1712.5828272986732,1712.5828272986732,BRL,Serviço de tecnologia contratado por RH,5,TED,PAGO,d4641add-3306-4ba7-b535-358854b3d242,2025-08-05,ERP_CORPORATIVO,TRANSACOES_FINANCEIRAS,8927,a52e0a1762c5c4f565c9552bc81f3038dafa22c893aabe9f43029bd053d9bbdd
TR-08928,2025-07-07,2025-07-01,QAS,FORN-00045,DESPESA,1429.3047761087346,1429.3047761087346,BRL,Evento corporativo organizado por QAS,14,TRANSFERENCIA,PAGO,d4641add-3306-4ba7-b535-358854b3d242,2025-08-05,ERP_CORPORATIVO,TRANSACOES_FINANCEIRAS,8928,e56ebc5ef93b39a7daf3be65f0ee0ac8a1061fb02393e52b7f78468f86b0e917
TR-08929,2025-07-03,2025-07-01,RH,FORN-00045,RECEITA,1439.3194841122065,1392.0862237912056,BRL,Contrato de serviço - setor RH,1,TED,PAGO,d4641add-3306-4ba7-b535-358854b3d242,2025-08-05,ERP_CORPORATIVO,TRANSACOES_FINANCEIRAS,8929,232e05f2dfa3b3fd94dfd778de189b82224e3873e0d5eb602f9c72e7228255e8
TR-08930,2025-07-10,2025-07-01,MKT,FORN-00045,DESPESA,5448.891301827604,5448.891301827604,BRL,Assessoria legal vinculada à área MKT,7,TRANSFERENCIA,ATRASADO,d4641add-3306-4ba7-b535-358854b3d242,2025-08-05,ERP_CORPORATIVO,TRANSACOES_FINANCEIRAS,8930,1af747f68bbe9bcfc27a5a9a30c9a34a2b4ca2a6578e600dd82a0fdb739ce9db
TR-08931,2025-07-11,2025-07-01,PJT,FORN-00045,RECEITA,1888.6428504768749,1888.6428504768749,BRL,Doação recebida em favor de PJT,36,TRANSFERENCIA,PAGO,d4641add-3306-4ba7-b535-358854b3d242,2025-08-05,ERP_CORPORATIVO,TRANSACOES_FINANCEIRAS,8931,aeff04cc2dc6d0cea4afac3cba5525de12f96300eba9ba2fb4651ce88bdd6645
TR-08932,2025-07-16,2025-07-01,QAS,FORN-00045,RECEITA,1358.0965199022576,1358.0965199022576,BRL,Aquisição de material operacional - QAS,2,PIX,PAGO,d4641add-3306-4ba7-b535-358854b3d242,2025-08-05,ERP_CORPORATIVO,TRANSACOES_FINANCEIRAS,8932,1125542b258b532901e8ba0047cea145e4076ce516d33886a204ae61e3e49780
TR-08933,2025-07-11,2025-07-01,MKT,FORN-00045,DESPESA,1530.4227245527206,1505.6792604343245,BRL,Investimento em marketing corporativo (MKT),4,TED,PAGO,d4641add-3306-4ba7-b535-358854b3d242,2025-08-05,ERP_CORPORATIVO,TRANSACOES_FINANCEIRAS,8933,afd4ce67ccb44e15907a930ece1399ae7df1482cc1d75d29859b7a735b45a849
TR-08934,2025-07-25,2025-07-01,RH,FORN-00045,DESPESA,1846.9984372058725,1846.9984372058725,BRL,Manutenção predial solicitada por RH,10,TRANSFERENCIA,PAGO,d4641add-3306-4ba7-b535-358854b3d242,2025-08-05,ERP_CORPORATIVO,TRANSACOES_FINANCEIRAS,8934,cbe7c6480d3a00f72901857165d22b2b61c277cdd29d1126c849f6e738bf92f3
TR-09118,2025-07-11,2025-07-01,ESG,FORN-00046,RECEITA,5766.2278326826745,5562.988803960252,BRL,Custo operacional associado a ESG,8,TED,PAGO,d4641add-3306-4ba7-b535-358854b3d242,2025-08-05,ERP_CORPORATIVO,TRANSACOES_FINANCEIRAS,9118,5829e339cd70cb219d238ef563c174366db4d99b4f7caad03e30bf2fcd7669ab
TR-09119,2025-07-09,2025-07-01,COM,FORN-00046,RECEITA,5311.844017725676,5311.844017725676,BRL,Serviço técnico especializado para COM,11,TED,PAGO,d4641add-3306-4ba7-b535-358854b3d242,2025-08-05,ERP_CORPORATIVO,TRANSACOES_FINANCEIRAS,9119,b562ac6b22b4f73d1002e2591ecd8493932be3f7a37f7ab1c45158c2631ac7ba
TR-09120,2025-07-22,2025-07-01,CTB,FORN-00046,DESPESA,8606.32636429506,8606.32636429506,BRL,Resultado de equivalência patrimonial - CTB,34,CARTAO,PAGO,d4641add-3306-4ba7-b535-358854b3d242,2025-08-05,ERP_CORPORATIVO,TRANSACOES_FINANCEIRAS,9120,afdfed59debb730287bf96a43116f53c69d2bcfc2d8ab4c02a6075bab2012403
TR-09121,2025-07-07,2025-07-01,COM,FORN-00046,DESPESA,5372.670860995161,5372.670860995161,BRL,Custo operacional associado a COM,8,TED,PAGO,d4641add-3306-4ba7-b535-358854b3d242,2025-08-05,ERP_CORPORATIVO,TRANSACOES_FINANCEIRAS,9121,7e33f2223ad2ed1ebb93694724d507732d6be799647e4eb03e965560cc9cef85
TR-09122,2025-07-16,2025-07-01,COMP,FORN-00046,DESPESA,5424.516680759515,5201.206471462131,BRL,Contrato de serviço - setor COMP,1,TRANSFERENCIA,CANCELADO,d4641add-3306-4ba7-b535-358854b3d242,2025-08-05,ERP_CORPORATIVO,TRANSACOES_FINANCEIRAS,9122,bd9ef86545c998be18160d14ab40e8ce1d0ec229115e762cffddc06936784436
TR-09123,2025-07-24,2025-07-01,PES,FORN-00046,DESPESA,4812.788458878295,4812.788458878295,BRL,Consultoria estratégica para área PES,12,TED,PAGO,d4641add-3306-4ba7-b535-358854b3d242,2025-08-05,ERP_CORPORATIVO,TRANSACOES_FINANCEIRAS,9123,546427760a259af17224f3b9c1e01645e2b4489531ca6be4fea0818c6f105dd5
TR-09124,2025-07-28,2025-07-01,TI,FORN-00046,RECEITA,5594.478655793333,5594.478655793333,BRL,Material de marketing solicitado por TI,15,TED,PAGO,d4641add-3306-4ba7-b535-358854b3d242,2025-08-05,ERP_CORPORATIVO,TRANSACOES_FINANCEIRAS,9124,89b0a37f1bef09368d2c34aecf237847ccec807716a3a6d345d35c1a849b58fd
TR-09125,2025-07-23,2025-07-01,OP,FORN-00046,RECEITA,5133.788718101153,5133.788718101153,BRL,Serviço relacionado a recursos humanos (OP),6,BOLETO,PAGO,d4641add-3306-4ba7-b535-358854b3d242,2025-08-05,ERP_CORPORATIVO,TRANSACOES_FINANCEIRAS,9125,8f3160ae3313c424b5008782e0ce7daf86ae20a70700def2fc99f4b7d81b5c4a
TR-09361,2025-07-08,2025-07-01,OP,1000047,DESPESA,1637.772358359441,1574.6561021372856,BRL,Despesa operacional - OP,8,PIX,ATRASADO,d4641add-3306-4ba7-b535-358854b3d242,2025-08-05,ERP_CORPORATIVO,TRANSACOES_FINANCEIRAS,9361,db5b94e65cf592319ced91d5792285dfb1f321bbf323ba9ff68ad530fd166a8d
TR-09362,2025-07-14,2025-07-01,PES,1000047,DESPESA,1849.6287616751304,1849.6287616751304,BRL,Serviço especializado solicitado por PES,1,BOLETO,PAGO,d4641add-3306-4ba7-b535-358854b3d242,2025-08-05,ERP_CORPORATIVO,TRANSACOES_FINANCEIRAS,9362,3c8ab3c4161edf29c4f89a6741113f1117a79d9f7c1790ba777e955947e90b8b
TR-09363,2025-07-14,2025-07-01,JUR,1000047,DESPESA,1670.0626162540207,1608.4082221085037,BRL,Compra de insumos para setor JUR,2,TED,ATRASADO,d4641add-3306-4ba7-b535-358854b3d242,2025-08-05,ERP_CORPORATIVO,TRANSACOES_FINANCEIRAS,9363,f95e6f88512854ac1a7b13b8f7c5a5dbaae1e4e3c2f61e8ea280c42a0c444ca1
TR-09364,2025-07-14,2025-07-01,COMP,1000047,RECEITA,1441.9349536443979,1381.0036076194865,USD,Devolução de venda processada por COMP,39,TED,PAGO,d4641add-3306-4ba7-b535-358854b3d242,2025-08-05,ERP_CORPORATIVO,TRANSACOES_FINANCEIRAS,9364,c0c61d38fefe54b1afb4752e64ae737ab0d045bd2d0a9cf83dd2bc5cdc951838
TR-09365,2025-07-18,2025-07-01,OP,1000047,DESPESA,1800.5412574408508,1800.5412574408508,BRL,Direitos de propriedade intelectual - OP,32,BOLETO,PAGO,d4641add-3306-4ba7-b535-358854b3d242,2025-08-05,ERP_CORPORATIVO,TRANSACOES_FINANCEIRAS,9365,34966f1505ea5149fa0748b8a830f9c1066ee4da4e09bc2efcf87361673b84c3
TR-09366,2025-07-11,2025-07-01,RH,1000047,RECEITA,2035.4365462676221,2035.4365462676221,BRL,Despesa de RH - RH,6,CARTAO,PAGO,d4641add-3306-4ba7-b535-358854b3d242,2025-08-05,ERP_CORPORATIVO,TRANSACOES_FINANCEIRAS,9366,f3e90b4d670aead5b7b1130365b303cbdd52ae330a6888138122e94ff656add1
TR-09367,2025-07-14,2025-07-01,ADM,1000047,RECEITA,1631.3992599926737,1631.3992599926737,BRL,Assessoria contábil prestada a ADM,25,BOLETO,PAGO,d4641add-3306-4ba7-b535-358854b3d242,2025-08-05,ERP_CORPORATIVO,TRANSACOES_FINANCEIRAS,9367,4401bf4885fb95f2cab09c090d317a2840a5bd1aec78be591323f8e2240dcc8d
TR-09368,2025-07-24,2025-07-01,PJT,1000047,RECEITA,1547.8333277337938,1473.226451924241,BRL,Assessoria contábil prestada a PJT,25,TRANSFERENCIA,PAGO,d4641add-3306-4ba7-b535-358854b3d242,2025-08-05,ERP_CORPORATIVO,TRANSACOES_FINANCEIRAS,9368,0dcdb1aab95b251d7f1a58582f6234fbab0f1604df69d0a28297fdc43aecb78f
TR-09549,2025-07-16,2025-07-01,VND,ACC-00049,DESPESA,7386.134171802551,7386.134171802551,EUR,Contrato de serviço - setor VND,1,PIX,PAGO,d4641add-3306-4ba7-b535-358854b3d242,2025-08-05,ERP_CORPORATIVO,TRANSACOES_FINANCEIRAS,9549,116d36f2159ed9b16297d822c1bf66c8242d233b8cc52284255ed6171c4f6768
TR-09550,2025-07-07,2025-07-01,COM,ACC-00049,DESPESA,8412.2591847722,8412.2591847722,BRL,Aquisição de material operacional - COM,2,TRANSFERENCIA,ATRASADO,d4641add-3306-4ba7-b535-358854b3d242,2025-08-05,ERP_CORPORATIVO,TRANSACOES_FINANCEIRAS,9550,b249025af2f514c151d87411ac5873b45379d1298c9bdda3ce7805e55da73796
TR-09551,2025-07-11,2025-07-01,COMP,ACC-00049,RECEITA,8670.351918869346,8670.351918869346,BRL,Atendimento de TI requisitado por COMP,29,PIX,PAGO,d4641add-3306-4ba7-b535-358854b3d242,2025-08-05,ERP_CORPORATIVO,TRANSACOES_FINANCEIRAS,9551,8909c2edf27df34d46e70138d9b050297ab4dee99dfc7450fa30e556c2a9b9fa
TR-09552,2025-07-17,2025-07-01,TI,ACC-00049,RECEITA,7472.758903050748,7472.758903050748,BRL,Encargos de empréstimo vinculados a TI,23,TED,PAGO,d4641add-3306-4ba7-b535-358854b3d242,2025-08-05,ERP_CORPORATIVO,TRANSACOES_FINANCEIRAS,9552,edafe626a545778cb25b8d486cbc2ee545ab1bf75ba1ca03de221a8a83a76818
TR-09553,2025-07-07,2025-07-01,VND,ACC-00049,DESPESA,6841.602710899679,6841.602710899679,BRL,Participação nos resultados vinculada a VND,34,BOLETO,PAGO,d4641add-3306-4ba7-b535-358854b3d242,2025-08-05,ERP_CORPORATIVO,TRANSACOES_FINANCEIRAS,9553,e2eb42a7925da7f5f14b3b357bbcb23b788454a16576cf3cce44f297fd470be0
TR-09554,2025-07-17,2025-07-01,RH,ACC-00049,DESPESA,7873.353210205095,7873.353210205095,BRL,Apólice de seguro - RH,21,PIX,PAGO,d4641add-3306-4ba7-b535-358854b3d242,2025-08-05,ERP_CORPORATIVO,TRANSACOES_FINANCEIRAS,9554,a5a3858a8c4f910b9ca0b3aee7fc6d0c50e85789edf7e3dd63aad50637d3f9b1
TR-09555,2025-07-16,2025-07-01,COM,ACC-00049,DESPESA,7361.081073413836,7361.081073413836,BRL,Combustível e lubrificantes para frota (COM),16,BOLETO,PAGO,d4641add-3306-4ba7-b535-358854b3d242,2025-08-05,ERP_CORPORATIVO,TRANSACOES_FINANCEIRAS,9555,f2c5a33d57d14a6dacc29df0378baaca430b44ecdb814589811d3a162d247fac
TR-09556,2025-07-08,2025-07-01,PRD,ACC-00049,RECEITA,7385.141350079797,7385.141350079797,BRL,Diária de hotel para equipe PRD,19,CARTAO,PAGO,d4641add-3306-4ba7-b535-358854b3d242,2025-08-05,ERP_CORPORATIVO,TRANSACOES_FINANCEIRAS,9556,9db9d54215fdca3acff00ea31ad908b8efc11e9fec4a5b9a2751b7d9b6034665
TR-09742,2025-07-07,2025-07-01,OP,ACC-00050,DESPESA,17066.15977512669,17066.15977512669,BRL,Compra de insumos para setor OP,2,BOLETO,PAGO,d4641add-3306-4ba7-b535-358854b3d242,2025-08-05,ERP_CORPORATIVO,TRANSACOES_FINANCEIRAS,9742,f8cc7ae1c2f8da3261eeb47dba1b8ea361504492a77a8f383aa1c695477d632e
TR-09743,2025-07-21,2025-07-01,TI,ACC-00050,DESPESA,4835.967520287972,4835.967520287972,BRL,Despesa de infraestrutura - TI,3,PIX,PAGO,d4641add-3306-4ba7-b535-358854b3d242,2025-08-05,ERP_CORPORATIVO,TRANSACOES_FINANCEIRAS,9743,38118e4369f1b8d89b8711bae66742ae7bd5c73440891481e78b079c752291c5
TR-09744,2025-07-18,2025-07-01,SEC,ACC-00050,DESPESA,5362.953394600283,5362.953394600283,BRL,Despesa de infraestrutura - SEC,3,CARTAO,ATRASADO,d4641add-3306-4ba7-b535-358854b3d242,2025-08-05,ERP_CORPORATIVO,TRANSACOES_FINANCEIRAS,9744,4bf2013327f6ff881d510e3b39b360504c460a3de8e8cf8040c606f3f60606a3
TR-09745,2025-07-15,2025-07-01,JUR,ACC-00050,DESPESA,4639.814989653728,4639.814989653728,BRL,Reparo de frota vinculado à área JUR,17,BOLETO,PAGO,d4641add-3306-4ba7-b535-358854b3d242,2025-08-05,ERP_CORPORATIVO,TRANSACOES_FINANCEIRAS,9745,aa2b7ff44f655fbb8d9cb7f588d846899fcd7f1560e0f6028d8aa6f7a3d33f6f
TR-09746,2025-07-23,2025-07-01,COM,ACC-00050,DESPESA,4923.556556004248,4923.556556004248,BRL,Prestação de serviço para área COM,1,TED,PAGO,d4641add-3306-4ba7-b535-358854b3d242,2025-08-05,ERP_CORPORATIVO,TRANSACOES_FINANCEIRAS,9746,6dba97ec9e36b9a52c1144fadc2b4b074465289a4c320cb50b837c862b8b72c6
TR-09855,2025-07-03,2025-07-01,RH,1000050,DESPESA,2759.222505500864,2759.222505500864,BRL,Despesa de infraestrutura - RH,3,TRANSFERENCIA,PAGO,d4641add-3306-4ba7-b535-358854b3d242,2025-08-05,ERP_CORPORATIVO,TRANSACOES_FINANCEIRAS,9855,22bb7e6af46c893a1d2b305dd6d6107c593a12693a043cd624c14c4efcc02236
TR-09856,2025-07-14,2025-07-01,RH,1000050,DESPESA,2955.9414497529065,2955.9414497529065,EUR,Alimentação em viagem corporativa - RH,20,CARTAO,PAGO,d4641add-3306-4ba7-b535-358854b3d242,2025-08-05,ERP_CORPORATIVO,TRANSACOES_FINANCEIRAS,9856,63bf4de51ff32d6bc135d5c9d969bf853f927e1f068584e9d17e7ff1b7baad07
TR-09857,2025-07-14,2025-07-01,QAS,1000050,RECEITA,2661.1025686343182,2661.1025686343182,BRL,Receita extraordinária - QAS,37,TED,ATRASADO,d4641add-3306-4ba7-b535-358854b3d242,2025-08-05,ERP_CORPORATIVO,TRANSACOES_FINANCEIRAS,9857,b00442cf4c6e0ad832146121d0c34b868e65cea06715580357113fe99a3a04c3
TR-09858,2025-07-07,2025-07-01,FIN,1000050,RECEITA,2621.2345123972086,2529.823590586191,BRL,Tributo incidente sobre receita de FIN,40,TRANSFERENCIA,ATRASADO,d4641add-3306-4ba7-b535-358854b3d242,2025-08-05,ERP_CORPORATIVO,TRANSACOES_FINANCEIRAS,9858,e07f54826762cf287ec67033d683a8992ca9c033139438432bc47e03d149d730
TR-09859,2025-07-04,2025-07-01,CPT,1000050,RECEITA,3059.1414399898417,3059.1414399898417,BRL,Licenciamento de software - CPT,5,PIX,PAGO,d4641add-3306-4ba7-b535-358854b3d242,2025-08-05,ERP_CORPORATIVO,TRANSACOES_FINANCEIRAS,9859,9c1284db8d38b1cabe73021ed4bb6e5da6c0d58c014d989303704740d736af20
TR-09860,2025-07-02,2025-07-01,OP,1000050,RECEITA,3700.227094338685,3700.227094338685,BRL,Abastecimento de veículos - OP,16,CARTAO,PAGO,d4641add-3306-4ba7-b535-358854b3d242,2025-08-05,ERP_CORPORATIVO,TRANSACOES_FINANCEIRAS,9860,a001926550511a5ea88acd2b8a9a24359a860651e652ec666a789ecaf954714a
TR-09861,2025-07-14,2025-07-01,ADM,1000050,DESPESA,3001.909887290519,2963.387730940133,BRL,Treinamento corporativo para equipe ADM,30,PIX,PAGO,d4641add-3306-4ba7-b535-358854b3d242,2025-08-05,ERP_CORPORATIVO,TRANSACOES_FINANCEIRAS,9861,beb9a2881a1238f098aa37980bf6d25ad5678e780da87e82602fd244b4a27226
TR-09862,2025-07-14,2025-07-01,COMP,1000050,DESPESA,2595.5640940686194,2595.5640940686194,BRL,Aquisição de material operacional - COMP,2,BOLETO,CANCELADO,d4641add-3306-4ba7-b535-358854b3d242,2025-08-05,ERP_CORPORATIVO,TRANSACOES_FINANCEIRAS,9862,d89885e99114bbafb593741854de8773bd822b95a163300836b7b8baaffd864a
TR-09863,2025-07-11,2025-07-01,ADM,1000050,RECEITA,3102.846817536541,3102.846817536541,BRL,Material de marketing solicitado por ADM,15,BOLETO,PAGO,d4641add-3306-4ba7-b535-358854b3d242,2025-08-05,ERP_CORPORATIVO,TRANSACOES_FINANCEIRAS,9863,4c7ae4e0118b5e8eea2b2785fd9e5fe85bec7c315468c5733cd952d80bca69bb
TR-09864,2025-07-14,2025-07-01,COMP,1000050,RECEITA,3385.900979365123,3385.900979365123,BRL,Campanha institucional - COMP,4,TRANSFERENCIA,PAGO,d4641add-3306-4ba7-b535-358854b3d242,2025-08-05,ERP_CORPORATIVO,TRANSACOES_FINANCEIRAS,9864,3687cc8fa795776e5d4f68640b46505141ea9cd74e49a2bcb897d0c13f1e037f
TR-10184,2025-07-16,2025-07-01,RH,1000052,DESPESA,2367.047423431771,2367.047423431771,BRL,Serviço de tecnologia contratado por RH,5,TED,PAGO,d4641add-3306-4ba7-b535-358854b3d242,2025-08-05,ERP_CORPORATIVO,TRANSACOES_FINANCEIRAS,10184,4a35824a6ead5d823d491383a344cfb0216fff57c0c49126b3ff85ef466985f4
TR-10185,2025-07-14,2025-07-01,PES,1000052,RECEITA,2393.4710068821364,2393.4710068821364,BRL,Contrato de conectividade para área PES,9,BOLETO,PAGO,d4641add-3306-4ba7-b535-358854b3d242,2025-08-05,ERP_CORPORATIVO,TRANSACOES_FINANCEIRAS,10185,ed55457816afefb7465735454683e6877b6007f5d88ce2e56fe3487f8571001d
TR-10186,2025-07-28,2025-07-01,CPT,1000052,DESPESA,4749.879429575539,4749.879429575539,BRL,Compra de insumos para setor CPT,2,TED,PAGO,d4641add-3306-4ba7-b535-358854b3d242,2025-08-05,ERP_CORPORATIVO,TRANSACOES_FINANCEIRAS,10186,653a79872e76d7e5b2fbf7fbd7906f0c762c49a0b8953f80d702d66a761a5d59
TR-10187,2025-07-21,2025-07-01,FIN,1000052,DESPESA,2151.3993012558267,2151.3993012558267,BRL,Compra de insumos para setor FIN,2,BOLETO,CANCELADO,d4641add-3306-4ba7-b535-358854b3d242,2025-08-05,ERP_CORPORATIVO,TRANSACOES_FINANCEIRAS,10187,654fc136bbe19ffe34ca18960b76dc99e015173e71313c3ef0b55db3db9e001d
TR-10188,2025-07-07,2025-07-01,LOG,1000052,RECEITA,2087.96323602151,2087.96323602151,BRL,Suporte técnico para sistemas de LOG,29,TRANSFERENCIA,PAGO,d4641add-3306-4ba7-b535-358854b3d242,2025-08-05,ERP_CORPORATIVO,TRANSACOES_FINANCEIRAS,10188,aea930e327419895bb0adad518933c4a5a86c088b21e38ab8800cd09008f47be
TR-10189,2025-07-28,2025-07-01,QAS,1000052,DESPESA,3243.026628410208,3243.026628410208,BRL,Hospedagem em viagem a serviço de QAS,19,CARTAO,PAGO,d4641add-3306-4ba7-b535-358854b3d242,2025-08-05,ERP_CORPORATIVO,TRANSACOES_FINANCEIRAS,10189,7ab34c97b007f175994f5bdf0aa815fae7f86dd160f38b5957b4a392ad4514e1
TR-10190,2025-07-15,2025-07-01,VND,1000052,RECEITA,2478.0328896171427,2385.0755953137514,BRL,Compra de insumos para setor VND,2,BOLETO,ATRASADO,d4641add-3306-4ba7-b535-358854b3d242,2025-08-05,ERP_CORPORATIVO,TRANSACOES_FINANCEIRAS,10190,56ff5f13d005961e6f0d02ccadb1b49498ad44fe1590b14e3cd525ae5a4a3e4b
TR-10191,2025-07-17,2025-07-01,COMP,1000052,RECEITA,2538.1075514770637,2538.1075514770637,BRL,Serviço especializado solicitado por COMP,1,TRANSFERENCIA,PAGO,d4641add-3306-4ba7-b535-358854b3d242,2025-08-05,ERP_CORPORATIVO,TRANSACOES_FINANCEIRAS,10191,f6da8c50b2051fd3c5426749407421ba072f35e61b5e6980b45a85a68d11c28e
TR-10192,2025-07-07,2025-07-01,PES,1000052,RECEITA,2561.991348018751,2561.991348018751,BRL,Aquisição de material operacional - PES,2,TRANSFERENCIA,PAGO,d4641add-3306-4ba7-b535-358854b3d242,2025-08-05,ERP_CORPORATIVO,TRANSACOES_FINANCEIRAS,10192,fd25c47be4b598f91bf97b474cc2ba12d0dd881eeb8447bd2088d0cd760a0069
TR-10760,2025-07-21,2025-07-01,ATD,ACC-00055,DESPESA,1376.6953202971292,1339.3436237251035,BRL,Desconto concedido em operação de ATD,38,PIX,PAGO,d4641add-3306-4ba7-b535-358854b3d242,2025-08-05,ERP_CORPORATIVO,TRANSACOES_FINANCEIRAS,10760,fc588f89be93b929337057166f16be04ddc3b49dfa469ef381680f14c7b78c90
TR-10761,2025-07-21,2025-07-01,LOG,ACC-00055,DESPESA,1546.7424354132777,1546.7424354132777,BRL,Despesa de RH - LOG,6,BOLETO,PAGO,d4641add-3306-4ba7-b535-358854b3d242,2025-08-05,ERP_CORPORATIVO,TRANSACOES_FINANCEIRAS,10761,6400a4d5a804442ad5f81a25f445fd38bf5acc48d3a1af6a137b845815d03afb
TR-10762,2025-07-15,2025-07-01,FIN,ACC-00055,DESPESA,1695.5898870519634,1695.5898870519634,BRL,Reparo de hardware solicitado por FIN,28,TED,CANCELADO,d4641add-3306-4ba7-b535-358854b3d242,2025-08-05,ERP_CORPORATIVO,TRANSACOES_FINANCEIRAS,10762,d7fefcdd11b8de558aaa298d77f976e176783e744cc9b34b43bafb494e0468f2
TR-10763,2025-07-25,2025-07-01,QAS,ACC-00055,DESPESA,1451.3417940199201,1414.206382492414,BRL,Alimentação em viagem corporativa - QAS,20,CARTAO,PAGO,d4641add-3306-4ba7-b535-358854b3d242,2025-08-05,ERP_CORPORATIVO,TRANSACOES_FINANCEIRAS,10763,f695b55ab70f25f6a66a5887f77fe2ef2810a3a8c7e57bc2837a26ba8aaa890a
TR-10764,2025-07-14,2025-07-01,CPT,ACC-00055,DESPESA,1856.0230065931153,1820.5161340347056,BRL,Apólice de seguro - CPT,21,PIX,PAGO,d4641add-3306-4ba7-b535-358854b3d242,2025-08-05,ERP_CORPORATIVO,TRANSACOES_FINANCEIRAS,10764,8a23ea8770094c9dbae47b95f9e6a6fa2d7511102a29cca697360423f8a970ba
TR-10765,2025-07-14,2025-07-01,JUR,ACC-00055,RECEITA,1819.6543114875506,1790.459294486166,BRL,Aquisição de material operacional - JUR,2,PIX,ATRASADO,d4641add-3306-4ba7-b535-358854b3d242,2025-08-05,ERP_CORPORATIVO,TRANSACOES_FINANCEIRAS,10765,1d91111491d98229967545774c4ff1e6d9cf031d421d737d841e7a686875e8cd
TR-10766,2025-07-22,2025-07-01,VND,ACC-00055,DESPESA,1669.6347698124569,1669.6347698124569,BRL,Custo operacional associado a VND,8,TRANSFERENCIA,PAGO,d4641add-3306-4ba7-b535-358854b3d242,2025-08-05,ERP_CORPORATIVO,TRANSACOES_FINANCEIRAS,10766,f70141ae35822d768fbecd6a537cccec3a2b0c2fc70661c6dff14bbfec7c0524
TR-10767,2025-07-14,2025-07-01,PJT,ACC-00055,DESPESA,1701.9733606476552,1649.3900323223859,BRL,Serviço relacionado a recursos humanos (PJT),6,TED,PAGO,d4641add-3306-4ba7-b535-358854b3d242,2025-08-05,ERP_CORPORATIVO,TRANSACOES_FINANCEIRAS,10767,a6b588f93207235c17e7dfdc9ca67a0e275cf957af761f033072a1f4414e2281
TR-10768,2025-07-14,2025-07-01,TI,ACC-00055,DESPESA,1543.9412601945407,1543.9412601945407,BRL,Participação nos resultados vinculada a TI,34,PIX,PAGO,d4641add-3306-4ba7-b535-358854b3d242,2025-08-05,ERP_CORPORATIVO,TRANSACOES_FINANCEIRAS,10768,d16a01ba3b26e9101b2a63bcddcac1607594e979779578a7259c1a12bb4c435b
TR-10769,2025-07-10,2025-07-01,JUR,ACC-00055,RECEITA,1728.6773909266599,1706.1639963638659,BRL,Propaganda e divulgação para área JUR,13,PIX,PAGO,d4641add-3306-4ba7-b535-358854b3d242,2025-08-05,ERP_CORPORATIVO,TRANSACOES_FINANCEIRAS,10769,4f95d2bee800daa0f3428b3ef4211215d9f7d23b2d3e540a42fa1b3ab8e07399
TR-10770,2025-07-02,2025-07-01,ATD,ACC-00055,DESPESA,1535.1281323913258,1535.1281323913258,BRL,Hospedagem em viagem a serviço de ATD,19,PIX,PAGO,d4641add-3306-4ba7-b535-358854b3d242,2025-08-05,ERP_CORPORATIVO,TRANSACOES_FINANCEIRAS,10770,60987a8bf7a1c333c6e0b376bfbdeddc6dd2d58f79e68e042efac5e3704855a5
TR-10771,2025-07-21,2025-07-01,CPT,ACC-00055,RECEITA,1597.9278202818334,1597.9278202818334,BRL,Serviços contábeis externos - CPT,25,PIX,PAGO,d4641add-3306-4ba7-b535-358854b3d242,2025-08-05,ERP_CORPORATIVO,TRANSACOES_FINANCEIRAS,10771,d219a3e617527a485ad347c58ad8dd09abb87e4931141535cd183dce2adacff0
TR-10772,2025-07-03,2025-07-01,VND,ACC-00055,RECEITA,1551.380089834705,1551.380089834705,BRL,Tributo incidente sobre receita de VND,40,CARTAO,PAGO,d4641add-3306-4ba7-b535-358854b3d242,2025-08-05,ERP_CORPORATIVO,TRANSACOES_FINANCEIRAS,10772,92328bcb09c9fd240946a895400a2f758d0ae00cf76199aa8a04ebf3d677c165
TR-10773,2025-07-15,2025-07-01,PRD,ACC-00055,DESPESA,1881.2535930836716,1794.7522498628332,BRL,Despesa operacional - PRD,8,TRANSFERENCIA,ATRASADO,d4641add-3306-4ba7-b535-358854b3d242,2025-08-05,ERP_CORPORATIVO,TRANSACOES_FINANCEIRAS,10773,076ec173a1d55d56144a4c901e627a0496662f41093571cf68c8ba29d534acd1
TR-10774,2025-07-28,2025-07-01,PRD,ACC-00055,DESPESA,1838.760439572732,1838.760439572732,BRL,Prestação de serviço para área PRD,1,PIX,PAGO,d4641add-3306-4ba7-b535-358854b3d242,2025-08-05,ERP_CORPORATIVO,TRANSACOES_FINANCEIRAS,10774,54df85aed166f1c5526dd90b77e9df430771346c554ea4dd7e9feb7bf5edc99f
TR-10775,2025-07-17,2025-07-01,OP,ACC-00055,DESPESA,1474.090608683098,1474.090608683098,BRL,Doação recebida em favor de OP,36,CARTAO,PAGO,d4641add-3306-4ba7-b535-358854b3d242,2025-08-05,ERP_CORPORATIVO,TRANSACOES_FINANCEIRAS,10775,5517b16b9bc04207ed09ee91efa8bc7bf5491d885e97ade9a7f0b0073ae73fae
TR-10776,2025-07-03,2025-07-01,PES,ACC-00055,DESPESA,1862.9258003951347,1862.9258003951347,BRL,Aquisição de material operacional - PES,2,TED,PAGO,d4641add-3306-4ba7-b535-358854b3d242,2025-08-05,ERP_CORPORATIVO,TRANSACOES_FINANCEIRAS,10776,4f602157a0064c760e95c9cbef4b6e0ffc0d5dbf7d8398e8c7f77c1e1cf1c57b
TR-11089,2025-07-18,2025-07-01,VND,ACC-00056,DESPESA,8777.090612132588,8777.090612132588,BRL,Evento corporativo organizado por VND,14,BOLETO,PAGO,d4641add-3306-4ba7-b535-358854b3d242,2025-08-05,ERP_CORPORATIVO,TRANSACOES_FINANCEIRAS,11089,2b75b1210f8d2406d56eab316930d2dc12093bdefed95cc97e02e06537904970
TR-11090,2025-07-15,2025-07-01,LOG,ACC-00056,RECEITA,7221.786517086245,7221.786517086245,BRL,Publicidade institucional - LOG,13,TRANSFERENCIA,PAGO,d4641add-3306-4ba7-b535-358854b3d242,2025-08-05,ERP_CORPORATIVO,TRANSACOES_FINANCEIRAS,11090,68364dbde647c1a061f9d956a14f0d81b0b6a5952f53f05e54b26c6b52e49e40
TR-11091,2025-07-14,2025-07-01,OP,ACC-00056,RECEITA,6895.774570301969,6895.774570301969,BRL,Tarifas de serviços financeiros - OP,22,BOLETO,PAGO,d4641add-3306-4ba7-b535-358854b3d242,2025-08-05,ERP_CORPORATIVO,TRANSACOES_FINANCEIRAS,11091,f6d4062f014a65b117bfdcf85a78a971506710bda2c2bbb14ebc1600c602d0b1
TR-11092,2025-07-21,2025-07-01,RH,ACC-00056,DESPESA,7075.699204038779,7075.699204038779,BRL,Viagem corporativa - RH,18,CARTAO,PAGO,d4641add-3306-4ba7-b535-358854b3d242,2025-08-05,ERP_CORPORATIVO,TRANSACOES_FINANCEIRAS,11092,ca09b9cd36581283d0caec01b3f3ad95b79cd23d7ec726b97229bfdcb5d3989a
TR-11093,2025-07-14,2025-07-01,JUR,ACC-00056,DESPESA,6850.3875004921565,6850.3875004921565,BRL,Investimento em marketing corporativo (JUR),4,TED,PAGO,d4641add-3306-4ba7-b535-358854b3d242,2025-08-05,ERP_CORPORATIVO,TRANSACOES_FINANCEIRAS,11093,b4dc676ccfeb62949081bbf8af80622f0b951bdf554377e7d4fc585a07215808
TR-11094,2025-07-21,2025-07-01,SEC,ACC-00056,RECEITA,8690.690590344928,8690.690590344928,BRL,Receita eventual registrada em SEC,37,BOLETO,PAGO,d4641add-3306-4ba7-b535-358854b3d242,2025-08-05,ERP_CORPORATIVO,TRANSACOES_FINANCEIRAS,11094,afa75df99fe2104e9fd4f05cf38d34eab282584cd44846072acdc98eb85a02f9
TR-11095,2025-07-21,2025-07-01,FIN,ACC-00056,DESPESA,25443.794301423895,25443.794301423895,BRL,Licenciamento de software - FIN,5,TRANSFERENCIA,PAGO,d4641add-3306-4ba7-b535-358854b3d242,2025-08-05,ERP_CORPORATIVO,TRANSACOES_FINANCEIRAS,11095,be27ad76fe29d728e11d9c3e23f78196c9a757372dcc56a215d25afadb8edda1
TR-11096,2025-07-09,2025-07-01,VND,ACC-00056,DESPESA,7541.846931919219,7541.846931919219,BRL,Licenciamento de software - VND,5,TRANSFERENCIA,PAGO,d4641add-3306-4ba7-b535-358854b3d242,2025-08-05,ERP_CORPORATIVO,TRANSACOES_FINANCEIRAS,11096,cb6efe930c8af4ded14be56081a3719ad5eaaa96f4cce3b06d4ac9cd2c9f07aa
TR-11097,2025-07-14,2025-07-01,COM,ACC-00056,RECEITA,6622.639650352312,6622.639650352312,BRL,Serviço de tecnologia contratado por COM,5,PIX,PAGO,d4641add-3306-4ba7-b535-358854b3d242,2025-08-05,ERP_CORPORATIVO,TRANSACOES_FINANCEIRAS,11097,6896eed7d3cd7cff92f181cb6934cd103bf4506053bc2da36df73afca658cd73
TR-11098,2025-07-10,2025-07-01,FIN,ACC-00056,DESPESA,15240.42812833212,15240.42812833212,BRL,Viagem corporativa - FIN,18,BOLETO,PAGO,d4641add-3306-4ba7-b535-358854b3d242,2025-08-05,ERP_CORPORATIVO,TRANSACOES_FINANCEIRAS,11098,a7428738e3530d41b1eb670ec6d964ca3a60a3482105cf872a665e7f6ee1f43f
TR-11099,2025-07-21,2025-07-01,COMP,ACC-00056,DESPESA,6915.184963089652,6915.184963089652,BRL,Receita de comissão comercial - COMP,33,TRANSFERENCIA,PAGO,d4641add-3306-4ba7-b535-358854b3d242,2025-08-05,ERP_CORPORATIVO,TRANSACOES_FINANCEIRAS,11099,605b37c927e8da009b0391a40675e743a7b77f492b4894ce2f5c2adbd1077ab2
TR-11100,2025-07-07,2025-07-01,LOG,ACC-00056,DESPESA,5741.307430182187,5542.934085956262,BRL,Evento corporativo organizado por LOG,14,TED,PAGO,d4641add-3306-4ba7-b535-358854b3d242,2025-08-05,ERP_CORPORATIVO,TRANSACOES_FINANCEIRAS,11100,7a07ded844f443bdf4490ed3aaef0785e173710f3a43c010a5e68a35ebea3bf4
TR-11101,2025-07-07,2025-07-01,RH,ACC-00056,RECEITA,6968.6491256889785,6968.6491256889785,BRL,Juros sobre operação financeira - RH,23,CARTAO,ATRASADO,d4641add-3306-4ba7-b535-358854b3d242,2025-08-05,ERP_CORPORATIVO,TRANSACOES_FINANCEIRAS,11101,9c2e619c6bf289138c6fe3b252361d8c3bf38bf7bccd327caa20f62a53f3187f
TR-11102,2025-07-11,2025-07-01,OP,ACC-00056,DESPESA,7935.179318811086,7789.537382504641,BRL,Licença de software para área OP,27,BOLETO,PAGO,d4641add-3306-4ba7-b535-358854b3d242,2025-08-05,ERP_CORPORATIVO,TRANSACOES_FINANCEIRAS,11102,326ed4f14f83d6782b17e8584bec7f672f9d96d294fe5ee9b16ccd3b856e81ee
TR-11103,2025-07-14,2025-07-01,JUR,ACC-00056,DESPESA,7157.552116775461,7157.552116775461,BRL,Direitos de propriedade intelectual - JUR,32,PIX,PAGO,d4641add-3306-4ba7-b535-358854b3d242,2025-08-05,ERP_CORPORATIVO,TRANSACOES_FINANCEIRAS,11103,4ca9f925c33783b8b9325b2498925f5dfa95004d0d79eadc69ac750f26ca6cbb
TR-11104,2025-07-14,2025-07-01,OP,ACC-00056,DESPESA,18895.612508505066,18895.612508505066,BRL,Licenciamento de software - OP,5,PIX,PAGO,d4641add-3306-4ba7-b535-358854b3d242,2025-08-05,ERP_CORPORATIVO,TRANSACOES_FINANCEIRAS,11104,710b0f06486e9c4811c806e402835c77a397880efab9c4579bf45122d34e822e
TR-11105,2025-07-18,2025-07-01,ATD,ACC-00056,RECEITA,8288.602549696076,8288.602549696076,BRL,Hospedagem em viagem a serviço de ATD,19,BOLETO,PAGO,d4641add-3306-4ba7-b535-358854b3d242,2025-08-05,ERP_CORPORATIVO,TRANSACOES_FINANCEIRAS,11105,5a536c347b675c76183781af755fe189e7c48c7ff825333adc6911abe7e6678e
TR-11106,2025-07-14,2025-07-01,COM,ACC-00056,RECEITA,8141.521824916085,8141.521824916085,BRL,Taxas bancárias incidentes em COM,22,BOLETO,PAGO,d4641add-3306-4ba7-b535-358854b3d242,2025-08-05,ERP_CORPORATIVO,TRANSACOES_FINANCEIRAS,11106,f648f0136e252939ddc075b4fcde5428b78ed2238ba25066468f0008e125f220
TR-11322,2025-07-24,2025-07-01,QAS,ACC-00057,DESPESA,1059.8584730383398,1027.9813832086718,BRL,Venda de ativo imobilizado por QAS,35,BOLETO,PAGO,d4641add-3306-4ba7-b535-358854b3d242,2025-08-05,ERP_CORPORATIVO,TRANSACOES_FINANCEIRAS,11322,e9bf47728a2504c93b6b88a1204771176e80085260f1f1cc27cf1fc67c3266a5
TR-11323,2025-07-07,2025-07-01,PRD,ACC-00057,RECEITA,2952.3342364715654,2898.38447656639,BRL,Assessoria legal vinculada à área PRD,7,TRANSFERENCIA,PAGO,d4641add-3306-4ba7-b535-358854b3d242,2025-08-05,ERP_CORPORATIVO,TRANSACOES_FINANCEIRAS,11323,797397f2f11c62f189a05f72793081b8a0aebccbbabbcaaf422037a82a28d8f0
TR-11324,2025-07-09,2025-07-01,ADM,ACC-00057,DESPESA,1129.7840060024519,1114.9181481248415,BRL,Manutenção predial solicitada por ADM,10,BOLETO,PAGO,d4641add-3306-4ba7-b535-358854b3d242,2025-08-05,ERP_CORPORATIVO,TRANSACOES_FINANCEIRAS,11324,40bfe46e99f1d96084042fd287cdb94483320c78eae154cef935adc7387a8f09
TR-11325,2025-07-22,2025-07-01,RH,ACC-00057,RECEITA,1211.6124923878951,1179.7723713484388,BRL,Comissão recebida por RH,33,PIX,PAGO,d4641add-3306-4ba7-b535-358854b3d242,2025-08-05,ERP_CORPORATIVO,TRANSACOES_FINANCEIRAS,11325,84986207b73fac56eac87c820d31e000989d6d0bce03a6f21b5a11c3963fb460
TR-11326,2025-07-21,2025-07-01,ATD,ACC-00057,DESPESA,930.77088357612,930.77088357612,BRL,Doação recebida em favor de ATD,36,TED,PAGO,d4641add-3306-4ba7-b535-358854b3d242,2025-08-05,ERP_CORPORATIVO,TRANSACOES_FINANCEIRAS,11326,e09dbe59dbe7d934d4f5826b3a8580f6f8b2b622a5a1fc62a3e41c484b62da26
TR-11327,2025-07-14,2025-07-01,COM,ACC-00057,DESPESA,599.4137935230464,583.0369566639555,BRL,Devolução de venda processada por COM,39,BOLETO,PAGO,d4641add-3306-4ba7-b535-358854b3d242,2025-08-05,ERP_CORPORATIVO,TRANSACOES_FINANCEIRAS,11327,6bc22dd1ead0ebe491668398064d2fdf958ca0b7bd6c6dc07e60536bb9fd98c4
TR-11328,2025-07-09,2025-07-01,COMP,ACC-00057,DESPESA,1126.6190440333887,1085.7826627929658,BRL,Contrato de SaaS vinculado a COMP,27,BOLETO,PAGO,d4641add-3306-4ba7-b535-358854b3d242,2025-08-05,ERP_CORPORATIVO,TRANSACOES_FINANCEIRAS,11328,0fc760fc2d73515204cc672b5253e547806585e6bdaf8722b5cf0dbb28f2f30a
TR-11329,2025-07-10,2025-07-01,MKT,ACC-00057,RECEITA,1282.0747056868188,1282.0747056868188,BRL,Aquisição de material operacional - MKT,2,PIX,CANCELADO,d4641add-3306-4ba7-b535-358854b3d242,2025-08-05,ERP_CORPORATIVO,TRANSACOES_FINANCEIRAS,11329,f4e1245ee3d7583edb62a266979e09c656dbd1fa45517e1d267be5f9ff499848
TR-11330,2025-07-28,2025-07-01,JUR,ACC-00057,DESPESA,1231.9966854939667,1231.9966854939667,BRL,Devolução de venda processada por JUR,39,CARTAO,PAGO,d4641add-3306-4ba7-b535-358854b3d242,2025-08-05,ERP_CORPORATIVO,TRANSACOES_FINANCEIRAS,11330,a828001b5336b2908eb852b016cb62091f576c6321118066ee3f8ee896b38012
TR-11331,2025-07-07,2025-07-01,JUR,ACC-00057,DESPESA,1294.6211040997794,1294.6211040997794,BRL,Aquisição de material operacional - JUR,2,PIX,PAGO,d4641add-3306-4ba7-b535-358854b3d242,2025-08-05,ERP_CORPORATIVO,TRANSACOES_FINANCEIRAS,11331,9c9bcd2462d6e8ab0d66aae21f5c60acb94b2a36ed9843587c6018db57e8240f
TR-11332,2025-07-14,2025-07-01,CTB,ACC-00057,DESPESA,1222.199586421852,1222.199586421852,USD,Aquisição de material operacional - CTB,2,CARTAO,ATRASADO,d4641add-3306-4ba7-b535-358854b3d242,2025-08-05,ERP_CORPORATIVO,TRANSACOES_FINANCEIRAS,11332,e25c5f5a52a95aa2e9aef627a6403ddee1f87dae72240d742c68d53b01dfcca6
TR-11333,2025-07-17,2025-07-01,COM,ACC-00057,RECEITA,1322.3929362827002,1266.9302086040234,BRL,Direitos de propriedade intelectual - COM,32,BOLETO,PAGO,d4641add-3306-4ba7-b535-358854b3d242,2025-08-05,ERP_CORPORATIVO,TRANSACOES_FINANCEIRAS,11333,d64bddbe04c86077dbf835f63007c323cd2d103f215db881d9372f3fdcbc73b6
TR-11334,2025-07-21,2025-07-01,COM,ACC-00057,DESPESA,1219.3284518393427,1183.2380461783976,BRL,Aquisição de material operacional - COM,2,TRANSFERENCIA,CANCELADO,d4641add-3306-4ba7-b535-358854b3d242,2025-08-05,ERP_CORPORATIVO,TRANSACOES_FINANCEIRAS,11334,764e25e4c6b3dbbac293d96eb9a5495a09ebaa19bdb54e02f37cb64847135a69
TR-11450,2025-07-15,2025-07-01,ATD,ACC-00058,RECEITA,2211.1837610104126,2211.1837610104126,BRL,Assessoria legal vinculada à área ATD,7,BOLETO,PAGO,d4641add-3306-4ba7-b535-358854b3d242,2025-08-05,ERP_CORPORATIVO,TRANSACOES_FINANCEIRAS,11450,7e5798394220c00eaff914f2eefd8de225a53bf7eaa95c88ba4ef62818ff0744
TR-11451,2025-07-14,2025-07-01,COM,ACC-00058,RECEITA,2108.809211819681,2108.809211819681,BRL,Compra de insumos para setor COM,2,TED,PAGO,d4641add-3306-4ba7-b535-358854b3d242,2025-08-05,ERP_CORPORATIVO,TRANSACOES_FINANCEIRAS,11451,a00d850257ec182e09ce0f7335417245bfc2cfefc175726646b10152483aeb3a
TR-11452,2025-07-11,2025-07-01,OP,ACC-00058,RECEITA,2317.402470475312,2280.571205345544,BRL,Assessoria legal vinculada à área OP,7,PIX,PAGO,d4641add-3306-4ba7-b535-358854b3d242,2025-08-05,ERP_CORPORATIVO,TRANSACOES_FINANCEIRAS,11452,95296209bdcebe91521500f92e05aa05921ed9c8d1a9e80c54d2571d3d37c0e4
TR-11453,2025-07-21,2025-07-01,PRD,ACC-00058,RECEITA,2005.7897677385888,2005.7897677385888,BRL,Honorários profissionais contratados por PRD,11,TRANSFERENCIA,PAGO,d4641add-3306-4ba7-b535-358854b3d242,2025-08-05,ERP_CORPORATIVO,TRANSACOES_FINANCEIRAS,11453,e9e46b741eef07d99de197e358c68134084d1d7a95d0088657ac252aeb3d988b
TR-11454,2025-07-24,2025-07-01,RH,ACC-00058,RECEITA,2002.2925363232712,2002.2925363232712,BRL,Manutenção estrutural vinculada à área RH,3,PIX,PAGO,d4641add-3306-4ba7-b535-358854b3d242,2025-08-05,ERP_CORPORATIVO,TRANSACOES_FINANCEIRAS,11454,1934428ca06699c4d81480bd761c87268672116a75d1589a633a55a863702eda
TR-11455,2025-07-21,2025-07-01,PES,ACC-00058,RECEITA,2182.8750162445285,2108.3985574556878,BRL,Receita extraordinária - PES,37,PIX,ATRASADO,d4641add-3306-4ba7-b535-358854b3d242,2025-08-05,ERP_CORPORATIVO,TRANSACOES_FINANCEIRAS,11455,d95e616b9ab6d057cff55b44477bed30a92532da75d837f3ce93e7475c0e4fed
TR-11456,2025-07-07,2025-07-01,COMP,ACC-00058,RECEITA,1991.2735278865664,1991.2735278865664,BRL,Prestação de serviço para área COMP,1,BOLETO,PAGO,d4641add-3306-4ba7-b535-358854b3d242,2025-08-05,ERP_CORPORATIVO,TRANSACOES_FINANCEIRAS,11456,a0cbbd96df9ca439ffc59e182a45c87ba8eb82f6dc7f276058cfda43e10563e7
TR-11457,2025-07-17,2025-07-01,OP,ACC-00058,RECEITA,2240.932768015286,2240.932768015286,BRL,Assessoria legal vinculada à área OP,7,TED,PAGO,d4641add-3306-4ba7-b535-358854b3d242,2025-08-05,ERP_CORPORATIVO,TRANSACOES_FINANCEIRAS,11457,90bf4e58287c505699257559249c11412a62ae38c49bfc351306fc7f712e78f0
TR-11458,2025-07-15,2025-07-01,SEC,ACC-00058,DESPESA,1780.7500940150783,1780.7500940150783,BRL,Contrato de serviço - setor SEC,1,TED,PAGO,d4641add-3306-4ba7-b535-358854b3d242,2025-08-05,ERP_CORPORATIVO,TRANSACOES_FINANCEIRAS,11458,60dc3c767e2b5317d839e7f5545153be27f1495212193511c1a3ce90a47231cc
TR-11459,2025-07-28,2025-07-01,COMP,ACC-00058,DESPESA,2455.9745688553344,2455.9745688553344,USD,Campanha institucional - COMP,4,PIX,PAGO,d4641add-3306-4ba7-b535-358854b3d242,2025-08-05,ERP_CORPORATIVO,TRANSACOES_FINANCEIRAS,11459,9cc24e754e24317f3c45cf6b0da9541e3a386ece68e6a813118c6f1f9ba76a45
TR-11791,2025-07-14,2025-07-01,COMP,ACC-00059,DESPESA,1220.8664458054086,1178.3586909190005,BRL,Despesa de RH - COMP,6,BOLETO,PAGO,d4641add-3306-4ba7-b535-358854b3d242,2025-08-05,ERP_CORPORATIVO,TRANSACOES_FINANCEIRAS,11791,c611fbbf59be9ea584bcaab1f8f8b49011000db18e6f68c55e301e9a662dddf6
TR-11792,2025-07-17,2025-07-01,OP,ACC-00059,DESPESA,1260.0887777857638,1260.0887777857638,BRL,Investimento em marketing corporativo (OP),4,TED,PAGO,d4641add-3306-4ba7-b535-358854b3d242,2025-08-05,ERP_CORPORATIVO,TRANSACOES_FINANCEIRAS,11792,a5fb4fdee8023fa4e8618ae5bf537c5bf4134ef675334027546a350f8f556e20
TR-11793,2025-07-21,2025-07-01,FIN,ACC-00059,RECEITA,1425.7200939989443,1387.320378030217,BRL,Custo operacional associado a FIN,8,TRANSFERENCIA,ATRASADO,d4641add-3306-4ba7-b535-358854b3d242,2025-08-05,ERP_CORPORATIVO,TRANSACOES_FINANCEIRAS,11793,6c2fa3fc9292110683774c775eb9a72917bf586034f26cb8fac9e5307b192c43
TR-11794,2025-07-15,2025-07-01,PJT,ACC-00059,DESPESA,1139.9828782746786,1139.9828782746786,BRL,Imposto sobre venda apurado em PJT,40,TRANSFERENCIA,PAGO,d4641add-3306-4ba7-b535-358854b3d242,2025-08-05,ERP_CORPORATIVO,TRANSACOES_FINANCEIRAS,11794,ee7f47e8308503e58d42e61858226b15382c04499b8b48662b3dc10042152de1
TR-11795,2025-07-15,2025-07-01,FIN,ACC-00059,DESPESA,1254.8670440711385,1254.8670440711385,BRL,Prestação de serviço para área FIN,1,PIX,PAGO,d4641add-3306-4ba7-b535-358854b3d242,2025-08-05,ERP_CORPORATIVO,TRANSACOES_FINANCEIRAS,11795,68205cb24ecde626f8bb46c734f4a938794a4b7ef720c8fabf8582fc59f5cacc
TR-11796,2025-07-21,2025-07-01,OP,ACC-00059,RECEITA,1083.1593988694183,1052.4230428279316,BRL,Taxas bancárias incidentes em OP,22,BOLETO,PAGO,d4641add-3306-4ba7-b535-358854b3d242,2025-08-05,ERP_CORPORATIVO,TRANSACOES_FINANCEIRAS,11796,0e61f6beea321edf63870977aecdb4ba67cddbcd8475ae1078222ff508b36979
TR-11797,2025-07-14,2025-07-01,ADM,ACC-00059,DESPESA,1201.2146062027753,1201.2146062027753,BRL,Despesa operacional - ADM,8,PIX,PAGO,d4641add-3306-4ba7-b535-358854b3d242,2025-08-05,ERP_CORPORATIVO,TRANSACOES_FINANCEIRAS,11797,9cd8003762ecbf9e9ccd63da29ca5cfcc843dd01018d27f25d42defb05a16a08
TR-11798,2025-07-07,2025-07-01,JUR,ACC-00059,RECEITA,1439.8215220873828,1439.8215220873828,BRL,Seguro contratado pela área JUR,21,TRANSFERENCIA,ATRASADO,d4641add-3306-4ba7-b535-358854b3d242,2025-08-05,ERP_CORPORATIVO,TRANSACOES_FINANCEIRAS,11798,ec70e445b0c943198f87d089d94c15004cfe984ef5e8e5a7f890eebe05491e33
TR-11799,2025-07-23,2025-07-01,CPT,ACC-00059,RECEITA,1084.9753797381074,1084.9753797381074,BRL,Custo operacional associado a CPT,8,TRANSFERENCIA,PAGO,d4641add-3306-4ba7-b535-358854b3d242,2025-08-05,ERP_CORPORATIVO,TRANSACOES_FINANCEIRAS,11799,951e66ea87215b1eefdb795b9c654b45ac0139a2eeadaf84a6ed126ab2ce0c6e
TR-11800,2025-07-24,2025-07-01,RH,ACC-00059,RECEITA,1295.97778062905,1295.97778062905,BRL,Reparo e conservação de instalações - RH,10,PIX,PAGO,d4641add-3306-4ba7-b535-358854b3d242,2025-08-05,ERP_CORPORATIVO,TRANSACOES_FINANCEIRAS,11800,3d1decb3c5f50630401932003329100afb51520b117c77645228cd6a3c03e6de
TR-11801,2025-07-14,2025-07-01,FIN,ACC-00059,DESPESA,1485.9458594362266,1485.9458594362266,BRL,Serviço especializado solicitado por FIN,1,PIX,CANCELADO,d4641add-3306-4ba7-b535-358854b3d242,2025-08-05,ERP_CORPORATIVO,TRANSACOES_FINANCEIRAS,11801,5aa6a0d5bfbe69d24acd0bd94776b83a7e552d7ed57cb12d74de50d0773aef74
TR-11802,2025-07-28,2025-07-01,FIN,ACC-00059,DESPESA,1337.1930125228778,1337.1930125228778,BRL,Serviço especializado solicitado por FIN,1,PIX,PAGO,d4641add-3306-4ba7-b535-358854b3d242,2025-08-05,ERP_CORPORATIVO,TRANSACOES_FINANCEIRAS,11802,ee18d225f31754c7d9987c1e71ab2da08c22abe13be182ef7278c43acdef91a7
TR-11803,2025-07-14,2025-07-01,VND,ACC-00059,DESPESA,1194.00953950708,1194.00953950708,BRL,Serviço relacionado a recursos humanos (VND),6,BOLETO,PAGO,d4641add-3306-4ba7-b535-358854b3d242,2025-08-05,ERP_CORPORATIVO,TRANSACOES_FINANCEIRAS,11803,bc2971d14223f118e56275f3d384adf3ecc654628e6969e7f6ce09b8a005782b
TR-11804,2025-07-21,2025-07-01,COM,ACC-00059,DESPESA,1132.6092996806565,1132.6092996806565,BRL,Estorno de receita - COM,39,PIX,PAGO,d4641add-3306-4ba7-b535-358854b3d242,2025-08-05,ERP_CORPORATIVO,TRANSACOES_FINANCEIRAS,11804,5a6fdad3f4cc4836afb29412623fdf59c0482e163798c3ac104663437b77a386
TR-11805,2025-07-15,2025-07-01,COM,ACC-00059,RECEITA,1043.6625255442293,1000.9549615488121,BRL,Despesa de RH - COM,6,TRANSFERENCIA,PAGO,d4641add-3306-4ba7-b535-358854b3d242,2025-08-05,ERP_CORPORATIVO,TRANSACOES_FINANCEIRAS,11805,9d98dc0a9cc99962d0b2cfd87334be9dadf7beebc5a00220d78151d97922aefb
TR-11806,2025-07-28,2025-07-01,FIN,ACC-00059,RECEITA,1479.834167962837,1479.834167962837,BRL,Custo operacional associado a FIN,8,TRANSFERENCIA,PAGO,d4641add-3306-4ba7-b535-358854b3d242,2025-08-05,ERP_CORPORATIVO,TRANSACOES_FINANCEIRAS,11806,3e1a15759a80f9dd030a8fd2eaaa56926e105e9c0a5cdb1a220b09d5891e1e31
TR-11807,2025-07-24,2025-07-01,ADM,ACC-00059,DESPESA,1213.6217726988432,1213.6217726988432,BRL,Custo operacional associado a ADM,8,BOLETO,PAGO,d4641add-3306-4ba7-b535-358854b3d242,2025-08-05,ERP_CORPORATIVO,TRANSACOES_FINANCEIRAS,11807,a400aad1c2aa6e12718baa7246d7e889620d1b5b742a3e26ca5885bce4bd40a9
TR-11808,2025-07-21,2025-07-01,TI,ACC-00059,DESPESA,522.161285558807,522.161285558807,USD,Renovação de certificados digitais - TI,26,BOLETO,PAGO,d4641add-3306-4ba7-b535-358854b3d242,2025-08-05,ERP_CORPORATIVO,TRANSACOES_FINANCEIRAS,11808,94538f1f1a5c8c658776182fc61fcd8a505b587910f3f6a75666ba6c3d953437
TR-11809,2025-07-28,2025-07-01,FIN,ACC-00059,RECEITA,1142.9136569012455,1142.9136569012455,BRL,Licenciamento de software - FIN,5,BOLETO,PAGO,d4641add-3306-4ba7-b535-358854b3d242,2025-08-05,ERP_CORPORATIVO,TRANSACOES_FINANCEIRAS,11809,63df4e5460df6fc72b0eb0b7e607ec7a0c3436b7083d74aad3fe0947b2a89a7f
TR-11810,2025-07-07,2025-07-01,ATD,ACC-00059,RECEITA,588.2859418209536,588.2859418209536,BRL,Recebimento de subvenção - ATD,36,PIX,PAGO,d4641add-3306-4ba7-b535-358854b3d242,2025-08-05,ERP_CORPORATIVO,TRANSACOES_FINANCEIRAS,11810,1d85b498d8a2af15b00d991502515dc603f7d061c7adc04fd40699075566cf32
TR-11993,2025-07-10,2025-07-01,COMP,1000060,RECEITA,1416.4983614899074,1400.3942045341807,BRL,Compra de insumos para setor COMP,2,TED,PAGO,d4641add-3306-4ba7-b535-358854b3d242,2025-08-05,ERP_CORPORATIVO,TRANSACOES_FINANCEIRAS,11993,a37424760dd1aef04969070610d617b7b5dbac1594b2a9bd20048463d41e7d06
TR-11994,2025-07-21,2025-07-01,CTB,1000060,RECEITA,1839.3447748575522,1754.6973821674576,BRL,Custo operacional associado a CTB,8,BOLETO,PAGO,d4641add-3306-4ba7-b535-358854b3d242,2025-08-05,ERP_CORPORATIVO,TRANSACOES_FINANCEIRAS,11994,bb88c836fbfea6950fbd8a9bdbf9039ee11b31bb602aec978d183175206b5ba8
TR-11995,2025-07-04,2025-07-01,RH,1000060,RECEITA,2075.8443129060943,2075.8443129060943,BRL,Reparo de frota vinculado à área RH,17,TRANSFERENCIA,CANCELADO,d4641add-3306-4ba7-b535-358854b3d242,2025-08-05,ERP_CORPORATIVO,TRANSACOES_FINANCEIRAS,11995,9a0a64d9fce44c72a776412a1f91e7f3c6a0efcb78259a0baa4ff62890f1579d
TR-11996,2025-07-21,2025-07-01,TI,1000060,DESPESA,1725.0940161823032,1663.0891204175243,BRL,Venda de ativo imobilizado por TI,35,CARTAO,PAGO,d4641add-3306-4ba7-b535-358854b3d242,2025-08-05,ERP_CORPORATIVO,TRANSACOES_FINANCEIRAS,11996,bbb61aee7abfc28e56c9b07aea69c170869de53381093cf1e2692d05a0ed1162
TR-11997,2025-07-16,2025-07-01,ADM,1000060,DESPESA,1600.0205909064398,1600.0205909064398,BRL,Juros sobre operação financeira - ADM,23,BOLETO,CANCELADO,d4641add-3306-4ba7-b535-358854b3d242,2025-08-05,ERP_CORPORATIVO,TRANSACOES_FINANCEIRAS,11997,6c30bb262234a02d0b30ce8d2d0ddf84ad7dbf1aebe825410b2c04056939cd74
TR-11998,2025-07-17,2025-07-01,CPT,1000060,RECEITA,1736.948049818168,1736.948049818168,BRL,Suporte técnico para sistemas de CPT,29,CARTAO,PAGO,d4641add-3306-4ba7-b535-358854b3d242,2025-08-05,ERP_CORPORATIVO,TRANSACOES_FINANCEIRAS,11998,b65b0d4d69ded4efbe882938b28af078b7aa9d918de4dd1b28781d6858bae330
TR-11999,2025-07-08,2025-07-01,RH,1000060,RECEITA,1907.7471084742588,1907.7471084742588,BRL,Prestação de serviço para área RH,1,CARTAO,PAGO,d4641add-3306-4ba7-b535-358854b3d242,2025-08-05,ERP_CORPORATIVO,TRANSACOES_FINANCEIRAS,11999,453853e41d04d569ddc8f41ae586ec1d78b840599e49fea2f4b99baec1859fc6
TR-12000,2025-07-16,2025-07-01,TI,1000060,DESPESA,4246.202511169986,4246.202511169986,BRL,Passagem aérea para colaborador de TI,18,BOLETO,PAGO,d4641add-3306-4ba7-b535-358854b3d242,2025-08-05,ERP_CORPORATIVO,TRANSACOES_FINANCEIRAS,12000,558d536f69ef662e397e6c3d757d93c9667f31e236a3eb0d07b2b5f4ff12c77c
TR-12001,2025-07-07,2025-07-01,OP,1000060,DESPESA,1863.5606260547936,1824.8892471930283,BRL,Despesa jurídica da área OP,24,TED,PAGO,d4641add-3306-4ba7-b535-358854b3d242,2025-08-05,ERP_CORPORATIVO,TRANSACOES_FINANCEIRAS,12001,30bb0460767d286ff6d2c25decdfdb84342726588a1daf2058ed7edf03c31737
TR-12002,2025-07-21,2025-07-01,SEC,1000060,DESPESA,1778.6210264299484,1778.6210264299484,BRL,Treinamento corporativo para equipe SEC,30,BOLETO,PAGO,d4641add-3306-4ba7-b535-358854b3d242,2025-08-05,ERP_CORPORATIVO,TRANSACOES_FINANCEIRAS,12002,3f24995176e2df4f2fec07dd7a4ceef072e6d43706b995b689ade14a62731233
TR-12003,2025-07-21,2025-07-01,COMP,1000060,DESPESA,1820.0253927279034,1820.0253927279034,BRL,Prestação de serviço para área COMP,1,PIX,PAGO,d4641add-3306-4ba7-b535-358854b3d242,2025-08-05,ERP_CORPORATIVO,TRANSACOES_FINANCEIRAS,12003,d4de66fde40fc16013fc9b24da148670f697432b05cf2ae9eb861ee1f3a17b7e
TR-12004,2025-07-21,2025-07-01,COMP,1000060,DESPESA,1721.4189479147858,1721.4189479147858,BRL,Serviço especializado solicitado por COMP,1,CARTAO,PAGO,d4641add-3306-4ba7-b535-358854b3d242,2025-08-05,ERP_CORPORATIVO,TRANSACOES_FINANCEIRAS,12004,df246e27ffe9a89cb240596d3a3ee1b55dca0b4f7127ea27a155f2b052fc510b
TR-12005,2025-07-03,2025-07-01,SEC,1000060,DESPESA,1546.0707839781894,1546.0707839781894,BRL,Licença de software para área SEC,27,TRANSFERENCIA,CANCELADO,d4641add-3306-4ba7-b535-358854b3d242,2025-08-05,ERP_CORPORATIVO,TRANSACOES_FINANCEIRAS,12005,11b80ee006cdd78233b0c2c3d497ebf3f5e70c9f225000341dad2a1d8be33f52
TR-12224,2025-07-15,2025-07-01,SEC,FORN-00063,RECEITA,8274.147145392963,8274.147145392963,BRL,Seguro contratado pela área SEC,21,BOLETO,PAGO,d4641add-3306-4ba7-b535-358854b3d242,2025-08-05,ERP_CORPORATIVO,TRANSACOES_FINANCEIRAS,12224,c057dc86e29110765c0bcb53d402d323e84963827b2ad9fbdaf9c65cd836978b
TR-12225,2025-07-14,2025-07-01,OP,FORN-00063,DESPESA,10098.740946746724,10098.740946746724,BRL,Locação de espaço comercial - OP,31,PIX,PAGO,d4641add-3306-4ba7-b535-358854b3d242,2025-08-05,ERP_CORPORATIVO,TRANSACOES_FINANCEIRAS,12225,60f994564052270dcf379dcf57f444479bfa9383ba08285d873db812abe7cea5
TR-12226,2025-07-11,2025-07-01,PES,FORN-00063,DESPESA,7604.003243990121,7604.003243990121,BRL,Contrato de serviço - setor PES,1,BOLETO,PAGO,d4641add-3306-4ba7-b535-358854b3d242,2025-08-05,ERP_CORPORATIVO,TRANSACOES_FINANCEIRAS,12226,874801fdca2c1398c310575f48a5b72cf90ffbb4a27c3765d239d26769adfb8f
TR-12227,2025-07-14,2025-07-01,ESG,FORN-00063,RECEITA,7847.76539563189,7847.76539563189,BRL,Licença de software para área ESG,27,TRANSFERENCIA,PAGO,d4641add-3306-4ba7-b535-358854b3d242,2025-08-05,ERP_CORPORATIVO,TRANSACOES_FINANCEIRAS,12227,cecfb8e0766f81062d1fefbb07af0dcd56facc2c5bdb3b4a97000d462412dde5
TR-12228,2025-07-17,2025-07-01,JUR,FORN-00063,RECEITA,8032.696918589417,8032.696918589417,BRL,Publicidade institucional - JUR,13,CARTAO,PAGO,d4641add-3306-4ba7-b535-358854b3d242,2025-08-05,ERP_CORPORATIVO,TRANSACOES_FINANCEIRAS,12228,2ae03ce656a22a56809879fdddb0e1d84ea349fc18d3f8286ef4859ba20f1e40
TR-12229,2025-07-23,2025-07-01,ATD,FORN-00063,RECEITA,7913.157881789565,7913.157881789565,BRL,Contrato de consultoria externa - ATD,12,BOLETO,PAGO,d4641add-3306-4ba7-b535-358854b3d242,2025-08-05,ERP_CORPORATIVO,TRANSACOES_FINANCEIRAS,12229,420f8b43e0f1ff0d811c2648ad1211fbf94bf3fe48fc15ff870ce6135c3f7c9b
TR-12230,2025-07-16,2025-07-01,COMP,FORN-00063,RECEITA,9043.076349918583,9043.076349918583,BRL,Licenciamento de software - COMP,5,TRANSFERENCIA,ATRASADO,d4641add-3306-4ba7-b535-358854b3d242,2025-08-05,ERP_CORPORATIVO,TRANSACOES_FINANCEIRAS,12230,f66bff15a6ad1a214cdfc7086634a96e8ab6725d2c7030001d05a242e86445b7
TR-12791,2025-07-07,2025-07-01,TI,1000065,RECEITA,3636.526693245906,3636.526693245906,BRL,Despesa de refeição em deslocamento (TI),20,TRANSFERENCIA,ATRASADO,d4641add-3306-4ba7-b535-358854b3d242,2025-08-05,ERP_CORPORATIVO,TRANSACOES_FINANCEIRAS,12791,7fff935036798fe7a650427c48268f2e2a33a143db765a5d179ec770775b9fc3
TR-12792,2025-07-21,2025-07-01,JUR,1000065,DESPESA,3273.7884038613347,3220.167009555492,BRL,Despesa de infraestrutura - JUR,3,BOLETO,PAGO,d4641add-3306-4ba7-b535-358854b3d242,2025-08-05,ERP_CORPORATIVO,TRANSACOES_FINANCEIRAS,12792,d617c91064aa39f2ca66e92f631b45dc545b519eafce6ba518a1b4516e113e5a
TR-12793,2025-07-14,2025-07-01,FIN,1000065,RECEITA,3227.382639664364,3227.382639664364,BRL,Alienação de bem patrimonial - FIN,35,BOLETO,PAGO,d4641add-3306-4ba7-b535-358854b3d242,2025-08-05,ERP_CORPORATIVO,TRANSACOES_FINANCEIRAS,12793,ae86b0b8283b63979b6638bbb00c9f82ea8a353b4d09f53915237ec55c1787a1
TR-12794,2025-07-14,2025-07-01,PRD,1000065,DESPESA,2545.5365912136467,2545.5365912136467,BRL,Serviço de tecnologia contratado por PRD,5,TED,PAGO,d4641add-3306-4ba7-b535-358854b3d242,2025-08-05,ERP_CORPORATIVO,TRANSACOES_FINANCEIRAS,12794,b9a3ece3261da9dbdb4ff6904911e15057ca36f841b4cd1c6f690cdc37e2d79e
TR-12795,2025-07-15,2025-07-01,CPT,1000065,RECEITA,3005.11766991624,2914.4672798992738,BRL,Custo operacional associado a CPT,8,BOLETO,PAGO,d4641add-3306-4ba7-b535-358854b3d242,2025-08-05,ERP_CORPORATIVO,TRANSACOES_FINANCEIRAS,12795,5f4c85e1e3b98da0efd7b0bb4b5a41e72d5585517362783c3d648e7b6cd68cd2
TR-12796,2025-07-15,2025-07-01,COM,1000065,RECEITA,9399.651374457258,9399.651374457258,BRL,Capacitação profissional vinculada a COM,30,TRANSFERENCIA,PAGO,d4641add-3306-4ba7-b535-358854b3d242,2025-08-05,ERP_CORPORATIVO,TRANSACOES_FINANCEIRAS,12796,e3089da5bcc6ddc7bf41cca749297a0d194c31599ede91c7db49073409769895
TR-12797,2025-07-25,2025-07-01,OP,1000065,RECEITA,2591.2030025566387,2591.2030025566387,BRL,Contrato de serviço - setor OP,1,PIX,PAGO,d4641add-3306-4ba7-b535-358854b3d242,2025-08-05,ERP_CORPORATIVO,TRANSACOES_FINANCEIRAS,12797,d7fd014b58aaf47de67a92546c8308826a04425fcfbe5ce37fef0cf3cdff85f0
TR-12798,2025-07-15,2025-07-01,COM,1000065,RECEITA,2653.7697258148733,2653.7697258148733,BRL,Manutenção estrutural vinculada à área COM,3,CARTAO,PAGO,d4641add-3306-4ba7-b535-358854b3d242,2025-08-05,ERP_CORPORATIVO,TRANSACOES_FINANCEIRAS,12798,477da6c2ccde7192516a47563954c06d63f1427248e3289990cdce1f6b65335a
TR-12799,2025-07-08,2025-07-01,COMP,1000065,DESPESA,5227.43297105683,5190.828960242058,BRL,Hospedagem em viagem a serviço de COMP,19,TED,PAGO,d4641add-3306-4ba7-b535-358854b3d242,2025-08-05,ERP_CORPORATIVO,TRANSACOES_FINANCEIRAS,12799,9431aaf53c174332172d7f9a01b9293a1ec638def07033155aaed9eada84e6d7
TR-12800,2025-07-07,2025-07-01,FIN,1000065,DESPESA,2850.395654003423,2850.395654003423,BRL,Custo operacional associado a FIN,8,BOLETO,PAGO,d4641add-3306-4ba7-b535-358854b3d242,2025-08-05,ERP_CORPORATIVO,TRANSACOES_FINANCEIRAS,12800,543b10b4fb93db29cb0df07f492ea971ce5a0b6edf9f0973668527ae0d69b7ab
TR-12801,2025-07-16,2025-07-01,OP,1000065,DESPESA,2600.460644089184,2479.891058426661,BRL,Receita de comissão comercial - OP,33,PIX,PAGO,d4641add-3306-4ba7-b535-358854b3d242,2025-08-05,ERP_CORPORATIVO,TRANSACOES_FINANCEIRAS,12801,1b545023a499af091bfae826fa66f56e1abea18e6e9170be882ad08ddbe42776
TR-12802,2025-07-22,2025-07-01,SEC,1000065,DESPESA,2827.9778784703226,2741.9309164349365,BRL,Compra de insumos para setor SEC,2,BOLETO,PAGO,d4641add-3306-4ba7-b535-358854b3d242,2025-08-05,ERP_CORPORATIVO,TRANSACOES_FINANCEIRAS,12802,f016faa0f58225fb95ec60aaeadddd6c9723577e3767a3df345e08d260f6cd73
TR-12803,2025-07-14,2025-07-01,JUR,1000065,DESPESA,3102.283772255974,3102.283772255974,BRL,Participação nos resultados vinculada a JUR,34,TRANSFERENCIA,PAGO,d4641add-3306-4ba7-b535-358854b3d242,2025-08-05,ERP_CORPORATIVO,TRANSACOES_FINANCEIRAS,12803,94be8d618fe7aac9a911b2082d8969b349a7bfabe56022dd3300231d047ac0b8
TR-12804,2025-07-21,2025-07-01,ADM,1000065,DESPESA,2817.2656668070167,2774.894844790332,BRL,Licenciamento de software - ADM,5,TRANSFERENCIA,CANCELADO,d4641add-3306-4ba7-b535-358854b3d242,2025-08-05,ERP_CORPORATIVO,TRANSACOES_FINANCEIRAS,12804,0760331c94e0d73a8199a1fa232878ea08f744674febf3a084fd74439f986f77
TR-12805,2025-07-14,2025-07-01,MKT,1000065,DESPESA,2670.2779974637265,2670.2779974637265,BRL,Aquisição de material operacional - MKT,2,PIX,PAGO,d4641add-3306-4ba7-b535-358854b3d242,2025-08-05,ERP_CORPORATIVO,TRANSACOES_FINANCEIRAS,12805,8bba2e1ecfff43ada86d481eb054a8244b13373b05ad18cec0d9241e22ed0761
TR-12806,2025-07-16,2025-07-01,COM,1000065,DESPESA,2748.8191036659473,2650.9356839606617,BRL,Contrato de conectividade para área COM,9,PIX,PAGO,d4641add-3306-4ba7-b535-358854b3d242,2025-08-05,ERP_CORPORATIVO,TRANSACOES_FINANCEIRAS,12806,09306ba48b408afffd3cc7f4b45ab3c6fd71125d9191b5bc6503894a82fddde9
TR-12807,2025-07-21,2025-07-01,JUR,1000065,RECEITA,3292.469675890572,3292.469675890572,BRL,Recebimento de subvenção - JUR,36,BOLETO,PAGO,d4641add-3306-4ba7-b535-358854b3d242,2025-08-05,ERP_CORPORATIVO,TRANSACOES_FINANCEIRAS,12807,0d6c489f288b1c595015094f6a562e7998fdd5fd3d14ad8a4ec576cc2c565c54
TR-13333,2025-07-14,2025-07-01,FIN,FORN-00068,RECEITA,1147.1674697763042,1147.1674697763042,BRL,Contrato de consultoria externa - FIN,12,PIX,ATRASADO,d4641add-3306-4ba7-b535-358854b3d242,2025-08-05,ERP_CORPORATIVO,TRANSACOES_FINANCEIRAS,13333,5bb0e9c7a40f931a9fce9a55f592a26deac87cbc607317215452320e20fd903a
TR-13334,2025-07-08,2025-07-01,COM,FORN-00068,DESPESA,1289.9014004993908,1289.9014004993908,BRL,Despesa operacional - COM,8,CARTAO,PAGO,d4641add-3306-4ba7-b535-358854b3d242,2025-08-05,ERP_CORPORATIVO,TRANSACOES_FINANCEIRAS,13334,a13a6ac54560ea9bfb1926a1b9c14f61f8d528f99628004bd5d5da01ee6016af
TR-13335,2025-07-22,2025-07-01,CTB,FORN-00068,DESPESA,1352.7825873770882,1301.9738532787496,BRL,Serviço especializado solicitado por CTB,1,BOLETO,PAGO,d4641add-3306-4ba7-b535-358854b3d242,2025-08-05,ERP_CORPORATIVO,TRANSACOES_FINANCEIRAS,13335,6fb92a23396269c5989768cc38785a255cb3d7990424650849b67b742d9c957e
TR-13336,2025-07-21,2025-07-01,PJT,FORN-00068,RECEITA,1335.3227127111759,1335.3227127111759,BRL,Contrato de serviço - setor PJT,1,PIX,PAGO,d4641add-3306-4ba7-b535-358854b3d242,2025-08-05,ERP_CORPORATIVO,TRANSACOES_FINANCEIRAS,13336,91153a7f7837f454365e6400506f8b3ce84375816a94cbdb9d9eaf47abb9203a
TR-13337,2025-07-21,2025-07-01,RH,FORN-00068,RECEITA,1114.6082341342824,1095.3511839167934,BRL,Diária de hotel para equipe RH,19,PIX,PAGO,d4641add-3306-4ba7-b535-358854b3d242,2025-08-05,ERP_CORPORATIVO,TRANSACOES_FINANCEIRAS,13337,24c65f95bf36001375a93761a46d26e1e42e311745f94467ab0fb627e7e5b6bd
TR-13338,2025-07-07,2025-07-01,OP,FORN-00068,DESPESA,1594.013027407968,1594.013027407968,BRL,Tributo incidente sobre receita de OP,40,BOLETO,PAGO,d4641add-3306-4ba7-b535-358854b3d242,2025-08-05,ERP_CORPORATIVO,TRANSACOES_FINANCEIRAS,13338,63dfb8f220fd60c995cefdef348100f749c465cbaf713dd5beb489c88e11d4d5
TR-13339,2025-07-17,2025-07-01,PES,FORN-00068,RECEITA,1421.618996135457,1421.618996135457,BRL,Despesa operacional - PES,8,CARTAO,PAGO,d4641add-3306-4ba7-b535-358854b3d242,2025-08-05,ERP_CORPORATIVO,TRANSACOES_FINANCEIRAS,13339,5ffd2540dba8ab7754caeaefbf91ce497c6430a7b2eb524722401ee2cdb3b9db
TR-13340,2025-07-14,2025-07-01,ADM,FORN-00068,RECEITA,1337.4174999019,1337.4174999019,BRL,Honorários profissionais contratados por ADM,11,BOLETO,PAGO,d4641add-3306-4ba7-b535-358854b3d242,2025-08-05,ERP_CORPORATIVO,TRANSACOES_FINANCEIRAS,13340,c0f29057a4653144f388643fd63cb244d6d5713e48b0f864692fca193ad014ba
TR-13341,2025-07-15,2025-07-01,TI,FORN-00068,DESPESA,1087.7369065822763,1054.1400011851483,BRL,Venda de ativo imobilizado por TI,35,TED,PAGO,d4641add-3306-4ba7-b535-358854b3d242,2025-08-05,ERP_CORPORATIVO,TRANSACOES_FINANCEIRAS,13341,6b62ae16fa783d2e9850da9608a12d7549797c6d8f52d2a4b7e2669afdc342d5
TR-13342,2025-07-28,2025-07-01,RH,FORN-00068,DESPESA,1326.7328666921767,1296.735784945878,BRL,Encargos de empréstimo vinculados a RH,23,PIX,PAGO,d4641add-3306-4ba7-b535-358854b3d242,2025-08-05,ERP_CORPORATIVO,TRANSACOES_FINANCEIRAS,13342,a91951d0e7411cbd5d4b396c1629b8fca06a6b6ba01505d81e689d87e1a8a685
TR-13343,2025-07-07,2025-07-01,TI,FORN-00068,RECEITA,954.6592570679002,954.6592570679002,BRL,Serviço especializado solicitado por TI,1,BOLETO,PAGO,d4641add-3306-4ba7-b535-358854b3d242,2025-08-05,ERP_CORPORATIVO,TRANSACOES_FINANCEIRAS,13343,a3c59130d9e88ed2dd17e5d8740c6a4291ee5689d9e9b47068785062069f2662
TR-13344,2025-07-18,2025-07-01,COM,FORN-00068,DESPESA,1175.2973315088502,1135.864549020646,BRL,Despesa operacional - COM,8,BOLETO,PAGO,d4641add-3306-4ba7-b535-358854b3d242,2025-08-05,ERP_CORPORATIVO,TRANSACOES_FINANCEIRAS,13344,9ec0e6cd16ce815f8a16063f46f18caddec7fa451c055e3fa5d3fd9cf8db657c
TR-13345,2025-07-25,2025-07-01,OP,FORN-00068,DESPESA,1215.808377026964,1215.808377026964,EUR,Manutenção estrutural vinculada à área OP,3,BOLETO,PAGO,d4641add-3306-4ba7-b535-358854b3d242,2025-08-05,ERP_CORPORATIVO,TRANSACOES_FINANCEIRAS,13345,0483a1a63d83eb33d70d5d47b2cb61aee16fb41e7f797ebd3650f777e32dc5ba
TR-13346,2025-07-04,2025-07-01,CPT,FORN-00068,RECEITA,1150.0689338945385,1150.0689338945385,BRL,Consultoria estratégica para área CPT,12,TED,PAGO,d4641add-3306-4ba7-b535-358854b3d242,2025-08-05,ERP_CORPORATIVO,TRANSACOES_FINANCEIRAS,13346,48bee6de3c1c42eb805e0e3e9860904b7375da7dcc26b5ba8a662de9772bdac9
TR-13347,2025-07-17,2025-07-01,ADM,FORN-00068,DESPESA,1409.271083951138,1409.271083951138,EUR,Assessoria legal vinculada à área ADM,7,BOLETO,PAGO,d4641add-3306-4ba7-b535-358854b3d242,2025-08-05,ERP_CORPORATIVO,TRANSACOES_FINANCEIRAS,13347,047b80656406fa596bb9258ff79bef71a4611ac4546a0526502000ac0183d408
TR-13348,2025-07-16,2025-07-01,MKT,FORN-00068,RECEITA,1215.4542191709706,1190.9090168035523,BRL,Contrato de conectividade para área MKT,9,TED,PAGO,d4641add-3306-4ba7-b535-358854b3d242,2025-08-05,ERP_CORPORATIVO,TRANSACOES_FINANCEIRAS,13348,670759ad23002d9a626d6f96c538022c2d5df7cab57d0cc2e9d59827507d65e6
TR-13555,2025-07-21,2025-07-01,TI,ACC-00069,DESPESA,6947.016081821646,6947.016081821646,BRL,Serviço especializado solicitado por TI,1,TED,PAGO,d4641add-3306-4ba7-b535-358854b3d242,2025-08-05,ERP_CORPORATIVO,TRANSACOES_FINANCEIRAS,13555,dee6293295822abde1cca5854fd6e969129ec1f3852e39dd42ae4638ec50a09d
TR-13556,2025-07-10,2025-07-01,PRD,ACC-00069,RECEITA,6506.884794180867,6506.884794180867,BRL,Compra de insumos para setor PRD,2,BOLETO,PAGO,d4641add-3306-4ba7-b535-358854b3d242,2025-08-05,ERP_CORPORATIVO,TRANSACOES_FINANCEIRAS,13556,4a5cfcd85e2241317b77dbcffcc62bd6ee587757d72b4ae5c75f5d34154d5b92
TR-13557,2025-07-23,2025-07-01,OP,ACC-00069,RECEITA,6579.210986218025,6579.210986218025,BRL,Desconto concedido em operação de OP,38,BOLETO,PAGO,d4641add-3306-4ba7-b535-358854b3d242,2025-08-05,ERP_CORPORATIVO,TRANSACOES_FINANCEIRAS,13557,eeb2fad1d0ba225b53ede344ce5639ea39109697849703c46d3e396227b14123
TR-13558,2025-07-21,2025-07-01,PJT,ACC-00069,DESPESA,6373.308408075134,6281.965402390762,BRL,Reparo de frota vinculado à área PJT,17,CARTAO,PAGO,d4641add-3306-4ba7-b535-358854b3d242,2025-08-05,ERP_CORPORATIVO,TRANSACOES_FINANCEIRAS,13558,5ea4e2e1a6f77aab2b18310e25f4fb8dffaf09c1011825cff6dc451333f49a10
TR-13559,2025-07-17,2025-07-01,OP,ACC-00069,DESPESA,3395.219889495248,3395.219889495248,BRL,Compra de insumos para setor OP,2,TED,PAGO,d4641add-3306-4ba7-b535-358854b3d242,2025-08-05,ERP_CORPORATIVO,TRANSACOES_FINANCEIRAS,13559,d75c4da2d64e44de947ab998a9c077137d981d2a2202188d0bf5bacb0602b899
TR-13560,2025-07-14,2025-07-01,SEC,ACC-00069,DESPESA,5430.840925821804,5332.151674284065,USD,Manutenção estrutural vinculada à área SEC,3,PIX,PAGO,d4641add-3306-4ba7-b535-358854b3d242,2025-08-05,ERP_CORPORATIVO,TRANSACOES_FINANCEIRAS,13560,0d03cbf97e5c9670d8011a10dc90515d94a4abef46d9f28f4a772d4aa4f0b305
TR-13561,2025-07-15,2025-07-01,SEC,ACC-00069,DESPESA,6843.656237039633,6843.656237039633,BRL,Contrato de serviço - setor SEC,1,TRANSFERENCIA,PAGO,d4641add-3306-4ba7-b535-358854b3d242,2025-08-05,ERP_CORPORATIVO,TRANSACOES_FINANCEIRAS,13561,af39b902026356f923053e2eccd96f10a394078ca973d1625f961281f6402bf2
TR-13562,2025-07-15,2025-07-01,MKT,ACC-00069,DESPESA,5783.524954780687,5597.030149528135,BRL,Compra de insumos para setor MKT,2,CARTAO,PAGO,d4641add-3306-4ba7-b535-358854b3d242,2025-08-05,ERP_CORPORATIVO,TRANSACOES_FINANCEIRAS,13562,f963d0f6f1c0db9aea837fc9c644d8d9e319b82766581a405fe0b9a78830a3c3
TR-13563,2025-07-16,2025-07-01,VND,ACC-00069,DESPESA,6474.795498045047,6474.795498045047,BRL,Licença de software para área VND,27,TRANSFERENCIA,PAGO,d4641add-3306-4ba7-b535-358854b3d242,2025-08-05,ERP_CORPORATIVO,TRANSACOES_FINANCEIRAS,13563,8fea9ec6f796b5c5c4789156339041acd31aaa248727eda7c8f4cb4b8d8eebef
TR-13564,2025-07-14,2025-07-01,ESG,ACC-00069,DESPESA,6792.32538311165,6792.32538311165,BRL,Aquisição de material operacional - ESG,2,BOLETO,PAGO,d4641add-3306-4ba7-b535-358854b3d242,2025-08-05,ERP_CORPORATIVO,TRANSACOES_FINANCEIRAS,13564,8aaa1c08eff3bd8b5df66283c84fbde13b3046ecfdf1b5a0d261460894fd0039
TR-14211,2025-07-07,2025-07-01,ESG,ACC-00075,RECEITA,3735.145961185005,3569.0293588289082,BRL,Atendimento de TI requisitado por ESG,29,TED,ATRASADO,d4641add-3306-4ba7-b535-358854b3d242,2025-08-05,ERP_CORPORATIVO,TRANSACOES_FINANCEIRAS,14211,c94150e30e9d1ee045d520350f97a571f68d55a73754bd17cb929edfdc23c831
TR-14212,2025-07-14,2025-07-01,MKT,ACC-00075,DESPESA,4834.650967518491,4834.650967518491,BRL,Licenciamento de software - MKT,5,BOLETO,ATRASADO,d4641add-3306-4ba7-b535-358854b3d242,2025-08-05,ERP_CORPORATIVO,TRANSACOES_FINANCEIRAS,14212,be0bd2fa92d0674c688be414109a28ad59745b6107887cd6ca949bed36fc1833
TR-14213,2025-07-22,2025-07-01,FIN,ACC-00075,DESPESA,2922.763378670902,2789.4355489978802,USD,Hospedagem em viagem a serviço de FIN,19,PIX,PAGO,d4641add-3306-4ba7-b535-358854b3d242,2025-08-05,ERP_CORPORATIVO,TRANSACOES_FINANCEIRAS,14213,780700099689f6a474699ddc650c9dc919d8ca18a27c51bc0b7fd283bcc0a386
TR-14214,2025-07-11,2025-07-01,CTB,ACC-00075,DESPESA,3701.334171091457,3537.617494798076,BRL,Contrato de serviço - setor CTB,1,TED,PAGO,d4641add-3306-4ba7-b535-358854b3d242,2025-08-05,ERP_CORPORATIVO,TRANSACOES_FINANCEIRAS,14214,8ff9192065e3b0cf30d97ffccaaa53b1231732702039aefb218a67f9dd865a94
TR-14215,2025-07-18,2025-07-01,OP,ACC-00075,DESPESA,3517.0815746303388,3472.9808770575187,BRL,Licença de software para área OP,27,TED,PAGO,d4641add-3306-4ba7-b535-358854b3d242,2025-08-05,ERP_CORPORATIVO,TRANSACOES_FINANCEIRAS,14215,e8aa764277d98b08e92060326d60c2ddea1350ac1c533fce6f3ab732a14bf1ac
TR-14216,2025-07-21,2025-07-01,COM,ACC-00075,DESPESA,3987.1515195267248,3987.1515195267248,BRL,Aquisição de material operacional - COM,2,TRANSFERENCIA,PAGO,d4641add-3306-4ba7-b535-358854b3d242,2025-08-05,ERP_CORPORATIVO,TRANSACOES_FINANCEIRAS,14216,1b4fc6a9ce427ed570e20328676fb5a5117c1147751076ea83b0e3d767938c5a
TR-14217,2025-07-11,2025-07-01,RH,ACC-00075,RECEITA,4205.819403930019,4205.819403930019,BRL,Honorários profissionais contratados por RH,11,PIX,ATRASADO,d4641add-3306-4ba7-b535-358854b3d242,2025-08-05,ERP_CORPORATIVO,TRANSACOES_FINANCEIRAS,14217,e5354aa4ac3c30fece1210fb3bc42afeaad4686658ed9f2e13ab9eb7069ba80b
TR-14218,2025-07-21,2025-07-01,COMP,ACC-00075,DESPESA,4422.3509073798805,4358.772887949924,BRL,Serviço especializado solicitado por COMP,1,TED,PAGO,d4641add-3306-4ba7-b535-358854b3d242,2025-08-05,ERP_CORPORATIVO,TRANSACOES_FINANCEIRAS,14218,7e888be6aa37cfef9beea2f9f8b97fd34a2b635c74c5881c77e0d1f6768cf6c9
TR-14219,2025-07-15,2025-07-01,RH,ACC-00075,DESPESA,3799.7559890424563,3737.4115630308256,BRL,Abatimento comercial registrado em RH,38,CARTAO,ATRASADO,d4641add-3306-4ba7-b535-358854b3d242,2025-08-05,ERP_CORPORATIVO,TRANSACOES_FINANCEIRAS,14219,cfb66d964278d3f57ef6233690779449422bbc02916badb35cd613dc4149eb63
TR-14220,2025-07-14,2025-07-01,FIN,ACC-00075,DESPESA,3609.959757005744,3609.959757005744,USD,Compra de insumos para setor FIN,2,BOLETO,PAGO,d4641add-3306-4ba7-b535-358854b3d242,2025-08-05,ERP_CORPORATIVO,TRANSACOES_FINANCEIRAS,14220,6b861307460416b81f3e256f4bba278beaab9a7f206b21a10acc0d4f33ea1a0b
TR-14221,2025-07-10,2025-07-01,ATD,ACC-00075,RECEITA,3424.132873853258,3322.0901098946592,BRL,Apólice de seguro - ATD,21,TED,PAGO,d4641add-3306-4ba7-b535-358854b3d242,2025-08-05,ERP_CORPORATIVO,TRANSACOES_FINANCEIRAS,14221,65e4f05ecb37f423d844661044816651e600650f328c7b06925e41ceb64c7155
TR-14222,2025-07-11,2025-07-01,PES,ACC-00075,RECEITA,3977.954470806572,3977.954470806572,BRL,Tributo incidente sobre receita de PES,40,PIX,PAGO,d4641add-3306-4ba7-b535-358854b3d242,2025-08-05,ERP_CORPORATIVO,TRANSACOES_FINANCEIRAS,14222,6058ae42e46becd3a6046d98881b5ddc169d9c900a0a607c5dbfa05f00cc920b
TR-14223,2025-07-11,2025-07-01,COM,ACC-00075,RECEITA,4897.403204404752,4837.613631090639,BRL,Serviço especializado solicitado por COM,1,TED,CANCELADO,d4641add-3306-4ba7-b535-358854b3d242,2025-08-05,ERP_CORPORATIVO,TRANSACOES_FINANCEIRAS,14223,583caaeef4ed5a9ea170593c234275c44927078309f8dce374638becc9a10324
TR-14224,2025-07-14,2025-07-01,COMP,ACC-00075,DESPESA,801.8404642628449,801.8404642628449,BRL,Licenciamento de software - COMP,5,CARTAO,PAGO,d4641add-3306-4ba7-b535-358854b3d242,2025-08-05,ERP_CORPORATIVO,TRANSACOES_FINANCEIRAS,14224,45bb760b024b23b6438bd825e9bf214273bc1862603ced5d690e12376d01817a
TR-14445,2025-07-14,2025-07-01,CPT,1000075,RECEITA,13590.615454663344,13590.615454663344,BRL,Licença de software para área CPT,27,CARTAO,PAGO,d4641add-3306-4ba7-b535-358854b3d242,2025-08-05,ERP_CORPORATIVO,TRANSACOES_FINANCEIRAS,14445,9d9065a773631fcd7645c50cf94392127f4ac94f60c039622d2503429f7345ee
TR-14446,2025-07-17,2025-07-01,COMP,1000075,RECEITA,4832.6124325043365,4832.6124325043365,BRL,Recebimento de subvenção - COMP,36,TRANSFERENCIA,PAGO,d4641add-3306-4ba7-b535-358854b3d242,2025-08-05,ERP_CORPORATIVO,TRANSACOES_FINANCEIRAS,14446,5bebbb8310e408ac1cbae374949f5d10dae741f1b2cb2b2bdb1113d3aa56698a
TR-14447,2025-07-18,2025-07-01,OP,1000075,RECEITA,3787.1581285433217,3787.1581285433217,BRL,Consultoria estratégica para área OP,12,BOLETO,PAGO,d4641add-3306-4ba7-b535-358854b3d242,2025-08-05,ERP_CORPORATIVO,TRANSACOES_FINANCEIRAS,14447,e50f3d6a5ecccc7f4a1fb5d66da4ed13b18d17427f3d9a190585735c61dfedb8
TR-14448,2025-07-17,2025-07-01,ADM,1000075,RECEITA,3683.1685223237205,3683.1685223237205,BRL,Custo operacional associado a ADM,8,TED,PAGO,d4641add-3306-4ba7-b535-358854b3d242,2025-08-05,ERP_CORPORATIVO,TRANSACOES_FINANCEIRAS,14448,c98ea81eac85ff05b55cfd74cfd225ce87ec55cdaeb803a88abc2bde33d9e789
TR-14449,2025-07-02,2025-07-01,RH,1000075,DESPESA,4106.811967305468,4106.811967305468,BRL,Despesa de refeição em deslocamento (RH),20,TRANSFERENCIA,ATRASADO,d4641add-3306-4ba7-b535-358854b3d242,2025-08-05,ERP_CORPORATIVO,TRANSACOES_FINANCEIRAS,14449,37be45d7efcc3c9151dcd214f1aa7a16d9b5cdeda66ee554a3ad6811a19e9616
TR-14450,2025-07-22,2025-07-01,ADM,1000075,DESPESA,9211.100750803764,9211.100750803764,BRL,Despesa de infraestrutura - ADM,3,TRANSFERENCIA,PAGO,d4641add-3306-4ba7-b535-358854b3d242,2025-08-05,ERP_CORPORATIVO,TRANSACOES_FINANCEIRAS,14450,e0f65b3848537e1c1eec0fa2ac42956570c355305e2e9639bb08a5e83196542e
TR-14451,2025-07-21,2025-07-01,FIN,1000075,RECEITA,3625.300617494637,3625.300617494637,BRL,Suporte técnico para sistemas de FIN,29,PIX,PAGO,d4641add-3306-4ba7-b535-358854b3d242,2025-08-05,ERP_CORPORATIVO,TRANSACOES_FINANCEIRAS,14451,9ca6bb777730329256edc361a4c20e74179bbfedf29f9bc568bc3a473b08a6de
TR-14452,2025-07-10,2025-07-01,CTB,1000075,DESPESA,4487.671624022447,4487.671624022447,BRL,Despesa operacional - CTB,8,TRANSFERENCIA,PAGO,d4641add-3306-4ba7-b535-358854b3d242,2025-08-05,ERP_CORPORATIVO,TRANSACOES_FINANCEIRAS,14452,fd7bb8080ff2f9a5371323fedaf0ba91da8612e44f2b97668c2543a06ac0bd94
TR-14453,2025-07-14,2025-07-01,SEC,1000075,RECEITA,3951.978399281753,3951.978399281753,BRL,Assessoria legal vinculada à área SEC,7,BOLETO,PAGO,d4641add-3306-4ba7-b535-358854b3d242,2025-08-05,ERP_CORPORATIVO,TRANSACOES_FINANCEIRAS,14453,bf4f42127742f20b266550b43e3045a27d9ea524f4f051295e82bc127935b871
TR-14679,2025-07-28,2025-07-01,OP,ACC-00077,DESPESA,1252.088966978458,1252.088966978458,BRL,Despesa de RH - OP,6,BOLETO,PAGO,d4641add-3306-4ba7-b535-358854b3d242,2025-08-05,ERP_CORPORATIVO,TRANSACOES_FINANCEIRAS,14679,db39f34c43e8d84eebe5615badf7f38480d419b3dc203c7c80ac3383f7b3c93e
TR-14680,2025-07-14,2025-07-01,FIN,ACC-00077,RECEITA,1214.0168587051253,1214.0168587051253,BRL,Prestação de serviço para área FIN,1,BOLETO,PAGO,d4641add-3306-4ba7-b535-358854b3d242,2025-08-05,ERP_CORPORATIVO,TRANSACOES_FINANCEIRAS,14680,3b2093983bed1f233fc7e553439ba8878b0410290c79a4b95d7bf1d520f614eb
TR-14681,2025-07-23,2025-07-01,MKT,ACC-00077,RECEITA,1536.6499721691403,1536.6499721691403,BRL,Assessoria legal vinculada à área MKT,7,PIX,ATRASADO,d4641add-3306-4ba7-b535-358854b3d242,2025-08-05,ERP_CORPORATIVO,TRANSACOES_FINANCEIRAS,14681,46d0caa7aeec8eb3a0b1f557b33c3fcb01044a87667fd2039bde7999359e6039
TR-14682,2025-07-09,2025-07-01,MKT,ACC-00077,DESPESA,1248.1107639763281,1248.1107639763281,BRL,Participação nos resultados vinculada a MKT,34,CARTAO,PAGO,d4641add-3306-4ba7-b535-358854b3d242,2025-08-05,ERP_CORPORATIVO,TRANSACOES_FINANCEIRAS,14682,57f2d193834e77916ce09abdee02848025a41ee9c542a3117aa662e9c84455c7
TR-14683,2025-07-22,2025-07-01,COM,ACC-00077,RECEITA,388.8872545305091,388.8872545305091,BRL,Capacitação profissional vinculada a COM,30,PIX,PAGO,d4641add-3306-4ba7-b535-358854b3d242,2025-08-05,ERP_CORPORATIVO,TRANSACOES_FINANCEIRAS,14683,915e2a286539e8bde77c56dfde82e017067eae1ffe5a5ffb9e2ed9be672c3fa6
TR-14684,2025-07-07,2025-07-01,FIN,ACC-00077,DESPESA,2393.631796184848,2328.6843928711537,BRL,Honorarium advocatício - FIN,24,BOLETO,PAGO,d4641add-3306-4ba7-b535-358854b3d242,2025-08-05,ERP_CORPORATIVO,TRANSACOES_FINANCEIRAS,14684,9dcd244a318a90b48a025498fd7c951037818faa5cdeef850b50b6beadb76b92
TR-14685,2025-07-08,2025-07-01,RH,ACC-00077,DESPESA,1532.9842012645186,1532.9842012645186,BRL,Aquisição de material operacional - RH,2,PIX,PAGO,d4641add-3306-4ba7-b535-358854b3d242,2025-08-05,ERP_CORPORATIVO,TRANSACOES_FINANCEIRAS,14685,9e528b2b33fd52635e6a5e744b5dd1fcc925abe050a1c775446e1b9147e5bf7f
TR-14686,2025-07-21,2025-07-01,CPT,ACC-00077,DESPESA,1714.8294394490101,1663.988621330278,BRL,Aquisição de material operacional - CPT,2,BOLETO,ATRASADO,d4641add-3306-4ba7-b535-358854b3d242,2025-08-05,ERP_CORPORATIVO,TRANSACOES_FINANCEIRAS,14686,e7951eb0fac692d6e74f4f978b76e8fef5f3a9c86ab9da9b3858fd21dfe3d4aa
TR-14687,2025-07-23,2025-07-01,TI,ACC-00077,DESPESA,1245.2717892320816,1245.2717892320816,USD,Treinamento corporativo para equipe TI,30,BOLETO,PAGO,d4641add-3306-4ba7-b535-358854b3d242,2025-08-05,ERP_CORPORATIVO,TRANSACOES_FINANCEIRAS,14687,d1004fcabbc63a28f5fa2340512e86cf8920e555ad65c0460a5ccfde7c7799d7
TR-14688,2025-07-15,2025-07-01,COM,ACC-00077,DESPESA,1163.859980437651,1163.859980437651,BRL,Manutenção estrutural vinculada à área COM,3,TED,ATRASADO,d4641add-3306-4ba7-b535-358854b3d242,2025-08-05,ERP_CORPORATIVO,TRANSACOES_FINANCEIRAS,14688,3689d9bedcc80217102563601ee69115f2f7bb2534ed146c861e98ff2765ea51
TR-14689,2025-07-09,2025-07-01,VND,ACC-00077,RECEITA,1394.3612324687563,1394.3612324687563,EUR,Serviço de telefonia e internet - VND,9,BOLETO,PAGO,d4641add-3306-4ba7-b535-358854b3d242,2025-08-05,ERP_CORPORATIVO,TRANSACOES_FINANCEIRAS,14689,5a151155f70a1e08badda2640a8f8ee0086044a36c0479eb6fe934186466150c
TR-15114,2025-07-11,2025-07-01,COMP,ACC-00079,DESPESA,3719.63926814608,3719.63926814608,BRL,Estorno de receita - COMP,39,TED,CANCELADO,d4641add-3306-4ba7-b535-358854b3d242,2025-08-05,ERP_CORPORATIVO,TRANSACOES_FINANCEIRAS,15114,2d278922a178b6cab15c0b7e50c690a32f82832c80bc203a5e1300fd8be80be0
TR-15115,2025-07-14,2025-07-01,MKT,ACC-00079,DESPESA,4144.222758390532,4144.222758390532,BRL,Certificado digital adquirido por MKT,26,TED,PAGO,d4641add-3306-4ba7-b535-358854b3d242,2025-08-05,ERP_CORPORATIVO,TRANSACOES_FINANCEIRAS,15115,1995f011cb3e0200271ff8fd9c957298da044256465b18be21cb9bcb0dfbbce1
TR-15116,2025-07-23,2025-07-01,LOG,ACC-00079,DESPESA,3984.427849753299,3931.9697454155216,BRL,Serviço especializado solicitado por LOG,1,CARTAO,PAGO,d4641add-3306-4ba7-b535-358854b3d242,2025-08-05,ERP_CORPORATIVO,TRANSACOES_FINANCEIRAS,15116,235c7a2f17e36aaedd527aa4fa77d390ee054ec35222a68cbd60be7d53507804
TR-15117,2025-07-09,2025-07-01,SEC,ACC-00079,DESPESA,4719.6965583950605,4719.6965583950605,BRL,Licenciamento de software - SEC,5,TED,PAGO,d4641add-3306-4ba7-b535-358854b3d242,2025-08-05,ERP_CORPORATIVO,TRANSACOES_FINANCEIRAS,15117,ea0a9e6ebb0926106b55051f7e05acf0bd0ae2e8c86844276bdb205c3911f6f9
TR-15118,2025-07-11,2025-07-01,TI,ACC-00079,DESPESA,3669.160783682518,3669.160783682518,BRL,Alimentação em viagem corporativa - TI,20,TRANSFERENCIA,PAGO,d4641add-3306-4ba7-b535-358854b3d242,2025-08-05,ERP_CORPORATIVO,TRANSACOES_FINANCEIRAS,15118,783ee82d182ae58cf3133849e2dcdbe7b585d0840e1640590f25d79eab7a31ab
TR-15119,2025-07-21,2025-07-01,PJT,ACC-00079,DESPESA,4049.874663778648,3895.2501638006397,BRL,Compra de insumos para setor PJT,2,PIX,PAGO,d4641add-3306-4ba7-b535-358854b3d242,2025-08-05,ERP_CORPORATIVO,TRANSACOES_FINANCEIRAS,15119,0a409b7af598953c0274b05bd40c3ae68fb57a0c8d0aa45667cf7c6894de8b65
TR-15120,2025-07-17,2025-07-01,PRD,ACC-00079,RECEITA,4030.100474337711,3835.1909223995976,BRL,Despesa de infraestrutura - PRD,3,CARTAO,PAGO,d4641add-3306-4ba7-b535-358854b3d242,2025-08-05,ERP_CORPORATIVO,TRANSACOES_FINANCEIRAS,15120,028ef51ac391631fecd38a896220b05cb9c4880d7ed09c6392974583a72e855d
TR-15121,2025-07-09,2025-07-01,LOG,ACC-00079,DESPESA,4541.64508110168,4349.637515261125,USD,Estorno de receita - LOG,39,TRANSFERENCIA,PAGO,d4641add-3306-4ba7-b535-358854b3d242,2025-08-05,ERP_CORPORATIVO,TRANSACOES_FINANCEIRAS,15121,501a9fa2c81b6fc25f2ceb8c15c87d96b5907ea4ec8056013935cc920393602b
TR-15122,2025-07-25,2025-07-01,OP,ACC-00079,DESPESA,3738.0753081839166,3642.668403720469,BRL,Encargos de empréstimo vinculados a OP,23,BOLETO,PAGO,d4641add-3306-4ba7-b535-358854b3d242,2025-08-05,ERP_CORPORATIVO,TRANSACOES_FINANCEIRAS,15122,f26f5733abae8cebb7131215ddb4f6ec7ba9cec8d445fb3fbde9ab01859bfc6c
TR-15123,2025-07-15,2025-07-01,COM,ACC-00079,DESPESA,4248.562560568508,4248.562560568508,BRL,Hospedagem em viagem a serviço de COM,19,PIX,PAGO,d4641add-3306-4ba7-b535-358854b3d242,2025-08-05,ERP_CORPORATIVO,TRANSACOES_FINANCEIRAS,15123,0c7d815d88f10e7ef63d0f211e75257c46ce5211b2ea92ca1d1c0d3fa98c15b2
TR-15124,2025-07-25,2025-07-01,FIN,ACC-00079,DESPESA,4280.517635928969,4066.9277929201753,BRL,Manutenção de equipamentos de FIN,28,CARTAO,CANCELADO,d4641add-3306-4ba7-b535-358854b3d242,2025-08-05,ERP_CORPORATIVO,TRANSACOES_FINANCEIRAS,15124,fdb41359b4d39e6000d181341bff542d1f63c57ce8c897673aea6ffa1e15bfae
TR-15125,2025-07-02,2025-07-01,COMP,ACC-00079,RECEITA,4657.954776880056,4603.779333911285,BRL,Prestação de serviço para área COMP,1,BOLETO,ATRASADO,d4641add-3306-4ba7-b535-358854b3d242,2025-08-05,ERP_CORPORATIVO,TRANSACOES_FINANCEIRAS,15125,75886a0c7f7d9a2997754dcc06b87b8a03cc724e8c14d3eaf983d6b49abef90d
TR-15126,2025-07-14,2025-07-01,OP,ACC-00079,DESPESA,3898.996380292698,3898.996380292698,BRL,Aquisição de material operacional - OP,2,TED,PAGO,d4641add-3306-4ba7-b535-358854b3d242,2025-08-05,ERP_CORPORATIVO,TRANSACOES_FINANCEIRAS,15126,dfb93bc2d67a93bf60fe7d0f5fb5b0b3590fa0ac25780d9758b5ab3c533fa38f
TR-15127,2025-07-14,2025-07-01,RH,ACC-00079,RECEITA,3726.4961374905283,3726.4961374905283,BRL,Compra de insumos para setor RH,2,CARTAO,ATRASADO,d4641add-3306-4ba7-b535-358854b3d242,2025-08-05,ERP_CORPORATIVO,TRANSACOES_FINANCEIRAS,15127,959f4c738d80a5e8950a326958fa616dc2362a1fc19caca740c59a3e7e845cac
TR-15128,2025-07-14,2025-07-01,COMP,ACC-00079,DESPESA,4453.603042843799,4295.403156084875,BRL,Serviço de tecnologia contratado por COMP,5,TED,PAGO,d4641add-3306-4ba7-b535-358854b3d242,2025-08-05,ERP_CORPORATIVO,TRANSACOES_FINANCEIRAS,15128,152c1081924c34ed12a00d4169aa1a30bebcd72352d0e10d16ac97abda0f11a1
TR-15129,2025-07-11,2025-07-01,JUR,ACC-00079,DESPESA,3694.063652569503,3532.6968675783714,BRL,Serviço de tecnologia contratado por JUR,5,TRANSFERENCIA,PAGO,d4641add-3306-4ba7-b535-358854b3d242,2025-08-05,ERP_CORPORATIVO,TRANSACOES_FINANCEIRAS,15129,c2508c373ad7220d8325ea8698a2a008b8832c707bc89d429cd72ddcabcf5e67
TR-15130,2025-07-10,2025-07-01,COMP,ACC-00079,RECEITA,4030.678395897136,4030.678395897136,BRL,Propaganda e divulgação para área COMP,13,TED,PAGO,d4641add-3306-4ba7-b535-358854b3d242,2025-08-05,ERP_CORPORATIVO,TRANSACOES_FINANCEIRAS,15130,93f7fa45c175b9ea09d6c9b454086e7b89d33bb9f500a8e8652c72c66d4124d0
TR-15131,2025-07-17,2025-07-01,OP,ACC-00079,DESPESA,4146.840341691066,4146.840341691066,BRL,Direitos de propriedade intelectual - OP,32,PIX,PAGO,d4641add-3306-4ba7-b535-358854b3d242,2025-08-05,ERP_CORPORATIVO,TRANSACOES_FINANCEIRAS,15131,007a1d7e9ca7f532df27330c077a20acd28aaefbf83d16e931de4cdab89b2ef5
TR-15132,2025-07-25,2025-07-01,PJT,ACC-00079,DESPESA,4516.706339639949,4516.706339639949,BRL,Despesa operacional - PJT,8,TED,PAGO,d4641add-3306-4ba7-b535-358854b3d242,2025-08-05,ERP_CORPORATIVO,TRANSACOES_FINANCEIRAS,15132,213e4e58bea3e84e47941ebd53fb8dc9b264a1fbc269f0c46de139cd9ed3b209
TR-15220,2025-07-25,2025-07-01,PES,ACC-00080,RECEITA,2953.8580651817265,2953.8580651817265,BRL,Despesa de refeição em deslocamento (PES),20,TRANSFERENCIA,PAGO,d4641add-3306-4ba7-b535-358854b3d242,2025-08-05,ERP_CORPORATIVO,TRANSACOES_FINANCEIRAS,15220,cf70a85703f4433fc3f1f4df09d79f946538255c35853d85d5905f5ac3585d9a
TR-15221,2025-07-14,2025-07-01,PRD,ACC-00080,DESPESA,2841.2391400695533,2841.2391400695533,BRL,Produção de material gráfico - PRD,15,PIX,ATRASADO,d4641add-3306-4ba7-b535-358854b3d242,2025-08-05,ERP_CORPORATIVO,TRANSACOES_FINANCEIRAS,15221,082422f5b67df629391493c1173c28cbe5bc11f962d5871c61b0808144ac7889
TR-15222,2025-07-16,2025-07-01,MKT,ACC-00080,DESPESA,2870.0429048164956,2751.5372637260903,BRL,Prestação de serviço para área MKT,1,PIX,PAGO,d4641add-3306-4ba7-b535-358854b3d242,2025-08-05,ERP_CORPORATIVO,TRANSACOES_FINANCEIRAS,15222,391f115c128155389c03ed65942aa24685fc7583eb4b3fabc7394578e0492391
TR-15223,2025-07-18,2025-07-01,VND,ACC-00080,RECEITA,2534.2133915518134,2534.2133915518134,BRL,Serviço especializado solicitado por VND,1,TED,PAGO,d4641add-3306-4ba7-b535-358854b3d242,2025-08-05,ERP_CORPORATIVO,TRANSACOES_FINANCEIRAS,15223,a039a89a41b86a56b45e5f70a47c69f004da67391365287d97ebb1ccfc83fab9
TR-15224,2025-07-04,2025-07-01,VND,ACC-00080,DESPESA,3187.648106899826,3187.648106899826,BRL,Manutenção predial solicitada por VND,10,TRANSFERENCIA,PAGO,d4641add-3306-4ba7-b535-358854b3d242,2025-08-05,ERP_CORPORATIVO,TRANSACOES_FINANCEIRAS,15224,cd685092eb040a1bb610866cd916a95fe7816460b141f3ddd0cd443f7c98baaa
TR-15225,2025-07-17,2025-07-01,JUR,ACC-00080,RECEITA,2607.4501861761655,2549.4346887233482,BRL,Prestação de serviço para área JUR,1,BOLETO,ATRASADO,d4641add-3306-4ba7-b535-358854b3d242,2025-08-05,ERP_CORPORATIVO,TRANSACOES_FINANCEIRAS,15225,cd4fd6ad8fd827689e878cf579b0896fc9130512673e63faf4313fc5d0268430
TR-15226,2025-07-18,2025-07-01,JUR,ACC-00080,DESPESA,2917.7401017435204,2877.008276080083,BRL,Manutenção predial solicitada por JUR,10,TRANSFERENCIA,CANCELADO,d4641add-3306-4ba7-b535-358854b3d242,2025-08-05,ERP_CORPORATIVO,TRANSACOES_FINANCEIRAS,15226,8541c1e84533d77368019f370b7cdb6e34584e459384896ca9ecfb7271c80120
TR-15227,2025-07-21,2025-07-01,ADM,ACC-00080,DESPESA,2908.3132513407704,2785.611658333298,BRL,Manutenção estrutural vinculada à área ADM,3,TRANSFERENCIA,ATRASADO,d4641add-3306-4ba7-b535-358854b3d242,2025-08-05,ERP_CORPORATIVO,TRANSACOES_FINANCEIRAS,15227,077f918bcc4f525926b30ef8819e5f93c96e0e4b0c7c2ae632d80f8dc226b2f8
TR-15228,2025-07-14,2025-07-01,CPT,ACC-00080,DESPESA,2989.159686362326,2989.159686362326,BRL,Despesa operacional - CPT,8,TED,ATRASADO,d4641add-3306-4ba7-b535-358854b3d242,2025-08-05,ERP_CORPORATIVO,TRANSACOES_FINANCEIRAS,15228,065290327e022f627e4875823cf9b0271e94961890fa77cb706cc86d714ddefd
TR-15229,2025-07-21,2025-07-01,PJT,ACC-00080,DESPESA,2626.214607488908,2514.44432987453,BRL,Compra de insumos para setor PJT,2,PIX,PAGO,d4641add-3306-4ba7-b535-358854b3d242,2025-08-05,ERP_CORPORATIVO,TRANSACOES_FINANCEIRAS,15229,31407873bf00e19680b99a3ce73db35c85e4e201058d6fabff56ca675c0b5857
TR-15230,2025-07-21,2025-07-01,PRD,ACC-00080,DESPESA,1386.5787142462032,1305.571001989946,BRL,Reparo de frota vinculado à área PRD,17,BOLETO,PAGO,d4641add-3306-4ba7-b535-358854b3d242,2025-08-05,ERP_CORPORATIVO,TRANSACOES_FINANCEIRAS,15230,3ef23a559a00ab791edfe20201773ef4a5051cd15b05e85c431cab4accca8612
TR-15231,2025-07-21,2025-07-01,QAS,ACC-00080,RECEITA,3081.171648722677,3081.171648722677,BRL,Contrato de SaaS vinculado a QAS,27,TED,PAGO,d4641add-3306-4ba7-b535-358854b3d242,2025-08-05,ERP_CORPORATIVO,TRANSACOES_FINANCEIRAS,15231,b6f9b146cfe6f59272f35d92541db46b14aae2658cfa59db649899ed1281e86c
TR-15447,2025-07-21,2025-07-01,TI,1000080,DESPESA,2286.0395227314266,2286.0395227314266,BRL,Despesa de infraestrutura - TI,3,CARTAO,ATRASADO,d4641add-3306-4ba7-b535-358854b3d242,2025-08-05,ERP_CORPORATIVO,TRANSACOES_FINANCEIRAS,15447,8f12a7d2926804ea1f9ea846294649ff095523406ee1a635440a9024e32c8a7a
TR-15448,2025-07-02,2025-07-01,CPT,1000080,RECEITA,1813.3582170169882,1813.3582170169882,BRL,Contrato de SaaS vinculado a CPT,27,TED,PAGO,d4641add-3306-4ba7-b535-358854b3d242,2025-08-05,ERP_CORPORATIVO,TRANSACOES_FINANCEIRAS,15448,3d89becb057e1fc30b496259fdfd7a9beeaec837cb5a1a79f66b695b58fffede
TR-15449,2025-07-01,2025-07-01,RH,1000080,RECEITA,2227.5185286586357,2227.5185286586357,BRL,Custo operacional associado a RH,8,PIX,PAGO,d4641add-3306-4ba7-b535-358854b3d242,2025-08-05,ERP_CORPORATIVO,TRANSACOES_FINANCEIRAS,15449,921a5c9849992648c6fcc322f66de1d7d0794cc0ba0acc0fa02df209aa48399e
TR-15450,2025-07-25,2025-07-01,PJT,1000080,DESPESA,2111.68897902841,2111.68897902841,BRL,Prestação de serviço para área PJT,1,CARTAO,PAGO,d4641add-3306-4ba7-b535-358854b3d242,2025-08-05,ERP_CORPORATIVO,TRANSACOES_FINANCEIRAS,15450,36e76dcb0de242b23bfa4c17fa162836f15cd447104ab95b8f8c20fa6a3bbf01
TR-15451,2025-07-07,2025-07-01,COMP,1000080,RECEITA,2078.2256270905837,2078.2256270905837,BRL,Taxas bancárias incidentes em COMP,22,TRANSFERENCIA,PAGO,d4641add-3306-4ba7-b535-358854b3d242,2025-08-05,ERP_CORPORATIVO,TRANSACOES_FINANCEIRAS,15451,acb97399f7cfd452abda1d4de1ae4aacfa4e5cc7243471e35cdfed4fe7b6863d
TR-15452,2025-07-10,2025-07-01,PJT,1000080,DESPESA,2102.1916017822437,2102.1916017822437,BRL,Royalties recebidos por PJT,32,TED,CANCELADO,d4641add-3306-4ba7-b535-358854b3d242,2025-08-05,ERP_CORPORATIVO,TRANSACOES_FINANCEIRAS,15452,c32f9340427f6fa0fb53f86c9a8aa9b41a267690b2f2bf4d45941031e9a548be
TR-15453,2025-07-10,2025-07-01,SEC,1000080,DESPESA,2142.0949568269557,2142.0949568269557,BRL,Contrato de consultoria externa - SEC,12,PIX,PAGO,d4641add-3306-4ba7-b535-358854b3d242,2025-08-05,ERP_CORPORATIVO,TRANSACOES_FINANCEIRAS,15453,5e5da591b824ab8744538275c09baaa0fc855fa40fa2cb94d0269be273cf1481
TR-15454,2025-07-15,2025-07-01,RH,1000080,DESPESA,2185.258089243716,2185.258089243716,BRL,Abastecimento de veículos - RH,16,BOLETO,PAGO,d4641add-3306-4ba7-b535-358854b3d242,2025-08-05,ERP_CORPORATIVO,TRANSACOES_FINANCEIRAS,15454,18a872066b1a8ac9996ab5347819613c17a62e3df3aca612c26e058596314f3f
TR-15455,2025-07-28,2025-07-01,FIN,1000080,RECEITA,2288.8628375667295,2239.7578789969552,BRL,Prestação de serviço para área FIN,1,TED,PAGO,d4641add-3306-4ba7-b535-358854b3d242,2025-08-05,ERP_CORPORATIVO,TRANSACOES_FINANCEIRAS,15455,50c090a944a82075589fa15516e0b007fc7d75d3af2caf0de1c0b63e0983f28b
TR-15456,2025-07-07,2025-07-01,LOG,1000080,RECEITA,2091.947101314599,2060.2757833473447,USD,Receita de aluguel creditada em LOG,31,BOLETO,PAGO,d4641add-3306-4ba7-b535-358854b3d242,2025-08-05,ERP_CORPORATIVO,TRANSACOES_FINANCEIRAS,15456,da6dbf0478bdff0ef5979f9117e6b622de19d74b3505886afc6885733260050c
TR-15457,2025-07-23,2025-07-01,RH,1000080,DESPESA,2370.8697532776214,2370.8697532776214,BRL,Serviço de tecnologia contratado por RH,5,CARTAO,PAGO,d4641add-3306-4ba7-b535-358854b3d242,2025-08-05,ERP_CORPORATIVO,TRANSACOES_FINANCEIRAS,15457,60f6eec1970295bec70df404cd9c8afe6dade204a303a7bdfafc41dc6c385005
TR-15458,2025-07-16,2025-07-01,COM,1000080,RECEITA,2423.0685601028113,2423.0685601028113,BRL,Despesa de RH - COM,6,TED,PAGO,d4641add-3306-4ba7-b535-358854b3d242,2025-08-05,ERP_CORPORATIVO,TRANSACOES_FINANCEIRAS,15458,fa53bd1551dfd1fd8b09e9f7625c925f33c27bfddffebf1d0b7ea22d6c012a33
TR-15459,2025-07-18,2025-07-01,COMP,1000080,DESPESA,2420.584315488389,2386.63904733112,BRL,Atendimento de TI requisitado por COMP,29,TED,ATRASADO,d4641add-3306-4ba7-b535-358854b3d242,2025-08-05,ERP_CORPORATIVO,TRANSACOES_FINANCEIRAS,15459,42344c9e29d26a3cefba33079c306d0de5879f991c4a561873fc6b733b3e22eb
TR-15706,2025-07-16,2025-07-01,COMP,1000081,DESPESA,2275.1232265785247,2275.1232265785247,BRL,Receita eventual registrada em COMP,37,PIX,PAGO,d4641add-3306-4ba7-b535-358854b3d242,2025-08-05,ERP_CORPORATIVO,TRANSACOES_FINANCEIRAS,15706,e7b603aef34a64a82205d38a3f7ede7c512684f785a0fa9d83f154b4b953adf3
TR-15707,2025-07-22,2025-07-01,OP,1000081,DESPESA,1905.8089458707136,1905.8089458707136,BRL,Despesa operacional - OP,8,TED,PAGO,d4641add-3306-4ba7-b535-358854b3d242,2025-08-05,ERP_CORPORATIVO,TRANSACOES_FINANCEIRAS,15707,990fbfd3ce43aa2a68fda72000f10aec24270256d3ab5aa6a4e717d0d09693e1
TR-15708,2025-07-15,2025-07-01,PES,1000081,RECEITA,2010.7554561674635,2010.7554561674635,BRL,Serviços contábeis externos - PES,25,TED,ATRASADO,d4641add-3306-4ba7-b535-358854b3d242,2025-08-05,ERP_CORPORATIVO,TRANSACOES_FINANCEIRAS,15708,98edd7ad07214559544c09a16d07f367f9766fd983edc214a678002de2769ddd
TR-15709,2025-07-21,2025-07-01,OP,1000081,DESPESA,1943.5533142682311,1943.5533142682311,BRL,Campanha institucional - OP,4,PIX,PAGO,d4641add-3306-4ba7-b535-358854b3d242,2025-08-05,ERP_CORPORATIVO,TRANSACOES_FINANCEIRAS,15709,71d038a05843561c256a1050323b2e05e17315494558382c3bbc881d1fb1ad00
TR-15710,2025-07-23,2025-07-01,COMP,1000081,DESPESA,1943.7572041875665,1943.7572041875665,BRL,Seguro contratado pela área COMP,21,TRANSFERENCIA,CANCELADO,d4641add-3306-4ba7-b535-358854b3d242,2025-08-05,ERP_CORPORATIVO,TRANSACOES_FINANCEIRAS,15710,273ccae76fbaa869d6a54f7673e44d1d395d2d759ad9fa3f15a7028eedc6076c
TR-15999,2025-07-25,2025-07-01,SEC,ACC-00083,DESPESA,3314.2629134588215,3172.8960596534116,BRL,Apólice de seguro - SEC,21,PIX,PAGO,d4641add-3306-4ba7-b535-358854b3d242,2025-08-05,ERP_CORPORATIVO,TRANSACOES_FINANCEIRAS,15999,2c81c797a909b3c483f245368b0429c0ca4fcdcacc90e75d7927118922de0bef
TR-16000,2025-07-16,2025-07-01,OP,ACC-00083,DESPESA,2870.1023767672414,2731.07425030791,BRL,Licenciamento de software - OP,5,BOLETO,CANCELADO,d4641add-3306-4ba7-b535-358854b3d242,2025-08-05,ERP_CORPORATIVO,TRANSACOES_FINANCEIRAS,16000,accf4a6744d34a0182719f241d45d83d46a86a1077df7630634f0fc55c335ff0
TR-16001,2025-07-18,2025-07-01,COM,ACC-00083,DESPESA,2466.231038817158,2429.396270074237,BRL,Despesa de infraestrutura - COM,3,CARTAO,CANCELADO,d4641add-3306-4ba7-b535-358854b3d242,2025-08-05,ERP_CORPORATIVO,TRANSACOES_FINANCEIRAS,16001,f44213b516b3b719c746a9de2898d4b74d1150fc51c610a59eaf99cf56f9e8ef
TR-16002,2025-07-29,2025-07-01,COM,ACC-00083,RECEITA,2937.512083351674,2937.512083351674,BRL,Prestação de serviço para área COM,1,TED,PAGO,d4641add-3306-4ba7-b535-358854b3d242,2025-08-05,ERP_CORPORATIVO,TRANSACOES_FINANCEIRAS,16002,77a5da670a724ddc23c65b9dc861931318b253952a55d928f0b78b984926be3b
TR-16003,2025-07-14,2025-07-01,COMP,ACC-00083,DESPESA,2665.482712473411,2665.482712473411,BRL,Prestação de serviço para área COMP,1,PIX,PAGO,d4641add-3306-4ba7-b535-358854b3d242,2025-08-05,ERP_CORPORATIVO,TRANSACOES_FINANCEIRAS,16003,56ae0035335a10efb12435ba7544bd205ce16dbcc2aa89cc5bd395de85b87f46
TR-16004,2025-07-10,2025-07-01,LOG,ACC-00083,DESPESA,2668.303293220897,2633.197052651122,BRL,Passagem aérea para colaborador de LOG,18,BOLETO,PAGO,d4641add-3306-4ba7-b535-358854b3d242,2025-08-05,ERP_CORPORATIVO,TRANSACOES_FINANCEIRAS,16004,d1119c41ec979206cbb41b256f4aa277ef6d9dd34109d5e0e0f74fbcd7a358b9
TR-16005,2025-07-14,2025-07-01,ADM,ACC-00083,RECEITA,2710.0922385163753,2710.0922385163753,BRL,Alienação de bem patrimonial - ADM,35,BOLETO,PAGO,d4641add-3306-4ba7-b535-358854b3d242,2025-08-05,ERP_CORPORATIVO,TRANSACOES_FINANCEIRAS,16005,29b8d34c269a5f1c68a2329a9b2b29d0d324d9d25277a51bae5d0f58a3375017
TR-16006,2025-07-18,2025-07-01,VND,ACC-00083,RECEITA,2679.959777890693,2635.600556498769,BRL,Despesa de infraestrutura - VND,3,TED,CANCELADO,d4641add-3306-4ba7-b535-358854b3d242,2025-08-05,ERP_CORPORATIVO,TRANSACOES_FINANCEIRAS,16006,efa894f5f3fc6405fd4d456a229921a02bc1249ee98e2a80e010fd9a5230bf1d
TR-16007,2025-07-15,2025-07-01,TI,ACC-00083,RECEITA,2832.9665836537383,2832.9665836537383,BRL,Prestação de serviço para área TI,1,CARTAO,PAGO,d4641add-3306-4ba7-b535-358854b3d242,2025-08-05,ERP_CORPORATIVO,TRANSACOES_FINANCEIRAS,16007,92631d3f2057869765cc51ba2afd691b1b71918c5e184f0566007b30edccd0a1
TR-16008,2025-07-17,2025-07-01,RH,ACC-00083,DESPESA,3407.13690240727,3407.13690240727,BRL,Receita de aluguel creditada em RH,31,BOLETO,CANCELADO,d4641add-3306-4ba7-b535-358854b3d242,2025-08-05,ERP_CORPORATIVO,TRANSACOES_FINANCEIRAS,16008,d5720f46b9d6d5bd00d8fcaecde6b468916dc8d9505312eed5e65a5e3c23a827
TR-16009,2025-07-28,2025-07-01,FIN,ACC-00083,DESPESA,2657.7923417757797,2657.7923417757797,BRL,Desconto concedido em operação de FIN,38,BOLETO,PAGO,d4641add-3306-4ba7-b535-358854b3d242,2025-08-05,ERP_CORPORATIVO,TRANSACOES_FINANCEIRAS,16009,6b2f1e165f834a1009b614e602a065cbc5f64199c8e9340f9e9b3067ee923d4b
TR-16010,2025-07-16,2025-07-01,SEC,ACC-00083,DESPESA,2782.184645346551,2722.3502692719176,BRL,Doação recebida em favor de SEC,36,BOLETO,PAGO,d4641add-3306-4ba7-b535-358854b3d242,2025-08-05,ERP_CORPORATIVO,TRANSACOES_FINANCEIRAS,16010,ff621d67875d92a2493fa894dc01a17b8d64914b1902023e0c13b3eb29ebba27
TR-16011,2025-07-18,2025-07-01,PJT,ACC-00083,RECEITA,2822.8938443622687,2822.8938443622687,BRL,Viagem corporativa - PJT,18,PIX,PAGO,d4641add-3306-4ba7-b535-358854b3d242,2025-08-05,ERP_CORPORATIVO,TRANSACOES_FINANCEIRAS,16011,6e4e81d3df45f703bafeb210d883b696418ced95e1c68cddad4cf86415a384f3
TR-16012,2025-07-08,2025-07-01,COMP,ACC-00083,RECEITA,2619.7128167736832,2619.7128167736832,BRL,Contrato de consultoria externa - COMP,12,TRANSFERENCIA,PAGO,d4641add-3306-4ba7-b535-358854b3d242,2025-08-05,ERP_CORPORATIVO,TRANSACOES_FINANCEIRAS,16012,373dd6347f59f1ce4d51eeb64b10efe0b41b336773a90b39f44c295870f81ca3
TR-16015,2025-07-31,2025-07-01,ATD,ACC-00083,DESPESA,2607.2346441196128,2607.2346441196128,BRL,Propaganda e divulgação para área ATD,13,TRANSFERENCIA,ATRASADO,d4641add-3306-4ba7-b535-358854b3d242,2025-08-05,ERP_CORPORATIVO,TRANSACOES_FINANCEIRAS,16015,ee4f8f25953056960b28941bba56f3b0107cc619183838d676799b6cf8b43b89
TR-16378,2025-07-17,2025-07-01,PJT,1000084,DESPESA,3335.23779944035,3335.23779944035,USD,Capacitação profissional vinculada a PJT,30,TRANSFERENCIA,PAGO,d4641add-3306-4ba7-b535-358854b3d242,2025-08-05,ERP_CORPORATIVO,TRANSACOES_FINANCEIRAS,16378,6a120a2ee3530aabf393f0d7e9af86fa38d548bbe43c016f25a707692eb1f9b4
TR-16379,2025-07-28,2025-07-01,SEC,1000084,DESPESA,3450.046586738194,3450.046586738194,BRL,Compra de insumos para setor SEC,2,PIX,PAGO,d4641add-3306-4ba7-b535-358854b3d242,2025-08-05,ERP_CORPORATIVO,TRANSACOES_FINANCEIRAS,16379,3a06aa71cb460298ed447982253b18fcec6ae21c05dbaf9211cb3782dd9521e2
TR-16380,2025-07-09,2025-07-01,FIN,1000084,RECEITA,3914.5056825463917,3914.5056825463917,BRL,Imposto sobre venda apurado em FIN,40,BOLETO,PAGO,d4641add-3306-4ba7-b535-358854b3d242,2025-08-05,ERP_CORPORATIVO,TRANSACOES_FINANCEIRAS,16380,b1253bff30e05881e5415819859ade59b999fb429882a9fe98c086abd1b8b8d9
TR-16381,2025-07-28,2025-07-01,OP,1000084,DESPESA,3838.4809523329827,3838.4809523329827,BRL,Licenciamento de software - OP,5,TED,PAGO,d4641add-3306-4ba7-b535-358854b3d242,2025-08-05,ERP_CORPORATIVO,TRANSACOES_FINANCEIRAS,16381,2c15879940d2a8e3eb3b7280c8dfc771b1d1c414493b2be3dd9c4cf4141911a5
TR-16382,2025-07-24,2025-07-01,FIN,1000084,DESPESA,3661.76449780208,3661.76449780208,BRL,Combustível e lubrificantes para frota (FIN),16,TED,PAGO,d4641add-3306-4ba7-b535-358854b3d242,2025-08-05,ERP_CORPORATIVO,TRANSACOES_FINANCEIRAS,16382,399da9700557629ae472585e16ae8bba9b1ea9167996fe075fbed0ac20d913f4
TR-16383,2025-07-21,2025-07-01,MKT,1000084,DESPESA,3393.1719425855977,3357.090424631834,BRL,Honorários jurídicos - MKT,7,BOLETO,PAGO,d4641add-3306-4ba7-b535-358854b3d242,2025-08-05,ERP_CORPORATIVO,TRANSACOES_FINANCEIRAS,16383,9dd3baffade5388a18587d4b5bffd234f70bec6ff94afead0f2918a60230a1fa
TR-16384,2025-07-24,2025-07-01,FIN,1000084,RECEITA,3464.9196237825304,3464.9196237825304,BRL,Alienação de bem patrimonial - FIN,35,BOLETO,PAGO,d4641add-3306-4ba7-b535-358854b3d242,2025-08-05,ERP_CORPORATIVO,TRANSACOES_FINANCEIRAS,16384,6e24646125f2898b247bef8a1f567b65b4b1fd99f69c5f1c09f5945f4d06cfe7
TR-16385,2025-07-28,2025-07-01,COMP,1000084,DESPESA,10271.27277228703,10271.27277228703,BRL,Atendimento de TI requisitado por COMP,29,BOLETO,PAGO,d4641add-3306-4ba7-b535-358854b3d242,2025-08-05,ERP_CORPORATIVO,TRANSACOES_FINANCEIRAS,16385,0b970f5f4cfb53aa6f3d3c552ea9552bf5ce7237e2c9a7b98259617bfa3171f0
TR-16386,2025-07-16,2025-07-01,PRD,1000084,DESPESA,3294.586093017179,3202.525539991565,BRL,Compra de insumos para setor PRD,2,PIX,PAGO,d4641add-3306-4ba7-b535-358854b3d242,2025-08-05,ERP_CORPORATIVO,TRANSACOES_FINANCEIRAS,16386,50c4f2a193368a59a93567986e45f49b5c7bf3864e64f3e6d5908673ee5add9f
TR-16387,2025-07-14,2025-07-01,LOG,1000084,DESPESA,3563.320944809049,3458.5981079349353,BRL,Abastecimento de veículos - LOG,16,BOLETO,PAGO,d4641add-3306-4ba7-b535-358854b3d242,2025-08-05,ERP_CORPORATIVO,TRANSACOES_FINANCEIRAS,16387,acf13661cd397ebbea16c1d6635af18af7309e6f4142c02289442df6533658d0
TR-16388,2025-07-14,2025-07-01,RH,1000084,DESPESA,3277.4536520445804,3206.601903066696,BRL,Despesa jurídica da área RH,24,PIX,ATRASADO,d4641add-3306-4ba7-b535-358854b3d242,2025-08-05,ERP_CORPORATIVO,TRANSACOES_FINANCEIRAS,16388,623b751a83aaf4db1dabc2a83a4af69cbc3f43a5bd699cb506b3ee0711afb47a
TR-16389,2025-07-10,2025-07-01,COM,1000084,DESPESA,3737.1577231592532,3737.1577231592532,BRL,Contrato de serviço - setor COM,1,PIX,PAGO,d4641add-3306-4ba7-b535-358854b3d242,2025-08-05,ERP_CORPORATIVO,TRANSACOES_FINANCEIRAS,16389,2c02d61379f6956474ba821b0fbefc3bf8da6e4f8bd7a2d4c23836816c7e6ccb
TR-16756,2025-07-01,2025-07-01,OP,1000085,RECEITA,2760.894300165655,2629.709289108256,USD,Serviço técnico especializado para OP,11,PIX,CANCELADO,d4641add-3306-4ba7-b535-358854b3d242,2025-08-05,ERP_CORPORATIVO,TRANSACOES_FINANCEIRAS,16756,1e7f36b8b4a71b969bf0e3b2fcfa606cf2c14d616257630638a099f6ec12fcbf
TR-16757,2025-07-21,2025-07-01,JUR,1000085,DESPESA,2855.7335594386172,2739.9572439121157,BRL,Despesa de infraestrutura - JUR,3,TRANSFERENCIA,PAGO,d4641add-3306-4ba7-b535-358854b3d242,2025-08-05,ERP_CORPORATIVO,TRANSACOES_FINANCEIRAS,16757,3013d1243908377a3b74d0daee987667d920b4e748ac80f80dd257e816015e4d
TR-16758,2025-07-14,2025-07-01,COM,1000085,DESPESA,2757.3940143977834,2757.3940143977834,BRL,Licença de software para área COM,27,CARTAO,PAGO,d4641add-3306-4ba7-b535-358854b3d242,2025-08-05,ERP_CORPORATIVO,TRANSACOES_FINANCEIRAS,16758,af117f276f50cc29a025e438b299a7030ce5296e26b1cdd481101af069cf4530
TR-16759,2025-07-16,2025-07-01,COMP,1000085,DESPESA,2781.8490564360773,2781.8490564360773,BRL,Serviço relacionado a recursos humanos (COMP),6,CARTAO,PAGO,d4641add-3306-4ba7-b535-358854b3d242,2025-08-05,ERP_CORPORATIVO,TRANSACOES_FINANCEIRAS,16759,38e1769152dde5f30b03b8a242db233e55799bc3a35d6350d1a87d83bda4ad00
TR-16760,2025-07-15,2025-07-01,ESG,1000085,DESPESA,2493.0837549347493,2493.0837549347493,BRL,Licenciamento de software - ESG,5,BOLETO,PAGO,d4641add-3306-4ba7-b535-358854b3d242,2025-08-05,ERP_CORPORATIVO,TRANSACOES_FINANCEIRAS,16760,ff2b5014b647fa3195ec63d7f2bc2e2bb4c4260609e78434a011f5cb1e4c62a0
TR-16761,2025-07-22,2025-07-01,TI,1000085,DESPESA,10192.879726245144,10192.879726245144,BRL,Serviço técnico especializado para TI,11,PIX,PAGO,d4641add-3306-4ba7-b535-358854b3d242,2025-08-05,ERP_CORPORATIVO,TRANSACOES_FINANCEIRAS,16761,1ba5d1d339ec8d8e1600225598c1c1d7a8616c66ae53d7154dc769bd53ea20be
TR-16762,2025-07-09,2025-07-01,COM,1000085,DESPESA,3218.607439061931,3218.607439061931,BRL,Venda de ativo imobilizado por COM,35,PIX,PAGO,d4641add-3306-4ba7-b535-358854b3d242,2025-08-05,ERP_CORPORATIVO,TRANSACOES_FINANCEIRAS,16762,024eac6bdfee6e3d65ee94cf2760e7a0179e28b82402734f87485adbc0a52eda
TR-16763,2025-07-18,2025-07-01,COM,1000085,DESPESA,3021.9576617222374,3021.9576617222374,BRL,Certificado digital adquirido por COM,26,TRANSFERENCIA,PAGO,d4641add-3306-4ba7-b535-358854b3d242,2025-08-05,ERP_CORPORATIVO,TRANSACOES_FINANCEIRAS,16763,31a0d21b4d3a60358f40044cf32577425fd106d370bb0089856551b403f20d2b
TR-16764,2025-07-10,2025-07-01,PES,1000085,DESPESA,3112.4849487743763,3112.4849487743763,BRL,Licenciamento de software - PES,5,TRANSFERENCIA,ATRASADO,d4641add-3306-4ba7-b535-358854b3d242,2025-08-05,ERP_CORPORATIVO,TRANSACOES_FINANCEIRAS,16764,f5b3b86baa88cfbe6dd96fd555f0b53a82ac59691af25b79b92151c3afd0764b
TR-16765,2025-07-22,2025-07-01,OP,1000085,RECEITA,3143.82853526352,3143.82853526352,BRL,Investimento em marketing corporativo (OP),4,TRANSFERENCIA,PAGO,d4641add-3306-4ba7-b535-358854b3d242,2025-08-05,ERP_CORPORATIVO,TRANSACOES_FINANCEIRAS,16765,e6acf0f2226ef3157647f6175c90921733bf60cd78238e6c4160c9ace995899b
TR-16766,2025-07-23,2025-07-01,FIN,1000085,RECEITA,3131.3122784505968,3055.5388305155743,BRL,Despesa de refeição em deslocamento (FIN),20,BOLETO,ATRASADO,d4641add-3306-4ba7-b535-358854b3d242,2025-08-05,ERP_CORPORATIVO,TRANSACOES_FINANCEIRAS,16766,852d2a971d981cec1bdf3ca09ab1bfb7b7f8fc9bb4a0b0edc94d0ca2488482a4
TR-16767,2025-07-10,2025-07-01,MKT,1000085,RECEITA,3266.060337658103,3266.060337658103,BRL,Licença de software para área MKT,27,TRANSFERENCIA,CANCELADO,d4641add-3306-4ba7-b535-358854b3d242,2025-08-05,ERP_CORPORATIVO,TRANSACOES_FINANCEIRAS,16767,ded764ed0a03c30033b0279c8d75b687bcd166ac52e02b3075093d78208b88bc
TR-16768,2025-07-14,2025-07-01,RH,1000085,RECEITA,3380.434657377124,3338.461005961069,BRL,Manutenção de equipamentos de RH,28,PIX,ATRASADO,d4641add-3306-4ba7-b535-358854b3d242,2025-08-05,ERP_CORPORATIVO,TRANSACOES_FINANCEIRAS,16768,69a8189e30dbed120f0ca9cb3afdd05cf46f811e4d18dd9c2c18d4fad83c768d
TR-16769,2025-07-16,2025-07-01,COMP,1000085,RECEITA,3514.0419955575853,3514.0419955575853,BRL,Serviços contábeis externos - COMP,25,TRANSFERENCIA,ATRASADO,d4641add-3306-4ba7-b535-358854b3d242,2025-08-05,ERP_CORPORATIVO,TRANSACOES_FINANCEIRAS,16769,6c157eee9e6b5dbb8c198339ce1580dacdc5a6a9f87aa5e7b0771da58ffc6a70
TR-17203,2025-07-11,2025-07-01,SEC,FORN-00088,DESPESA,3000.430331908739,3000.430331908739,BRL,Direitos de propriedade intelectual - SEC,32,BOLETO,PAGO,d4641add-3306-4ba7-b535-358854b3d242,2025-08-05,ERP_CORPORATIVO,TRANSACOES_FINANCEIRAS,17203,97a43647ce7428aa09131fa89fe451eac687bbeba4882ab453ee34909f6371e2
TR-17204,2025-07-11,2025-07-01,COM,FORN-00088,DESPESA,3744.747190034907,3744.747190034907,BRL,Locação de espaço comercial - COM,31,TED,PAGO,d4641add-3306-4ba7-b535-358854b3d242,2025-08-05,ERP_CORPORATIVO,TRANSACOES_FINANCEIRAS,17204,71565fc320414d6f182fd83bb4e18bd469cf1f5d84fb20ec6e6a14f751a6784c
TR-17205,2025-07-14,2025-07-01,COMP,FORN-00088,RECEITA,3516.1602979951126,3417.774915474661,BRL,Serviço relacionado a recursos humanos (COMP),6,PIX,PAGO,d4641add-3306-4ba7-b535-358854b3d242,2025-08-05,ERP_CORPORATIVO,TRANSACOES_FINANCEIRAS,17205,15778cce587541d3146a02a656a339a12a2fc6599163667c06f5d54b77b44200
TR-17206,2025-07-09,2025-07-01,VND,FORN-00088,DESPESA,3872.889701564699,3872.889701564699,BRL,Suporte técnico para sistemas de VND,29,BOLETO,PAGO,d4641add-3306-4ba7-b535-358854b3d242,2025-08-05,ERP_CORPORATIVO,TRANSACOES_FINANCEIRAS,17206,b9c79bc4b5faa34ed9f51e9a2d8a3b03d8023341019c2e50478a43d10cc52491
TR-17207,2025-07-21,2025-07-01,COM,FORN-00088,DESPESA,3747.595330275124,3747.595330275124,USD,Despesa operacional - COM,8,BOLETO,PAGO,d4641add-3306-4ba7-b535-358854b3d242,2025-08-05,ERP_CORPORATIVO,TRANSACOES_FINANCEIRAS,17207,5d04cbcb2206764f5c09482d4f7bb6523fc3b96cab6d0a2e46683e62606b752e
TR-17208,2025-07-22,2025-07-01,MKT,FORN-00088,RECEITA,3355.800281722656,3283.50710486228,BRL,Aquisição de material operacional - MKT,2,PIX,PAGO,d4641add-3306-4ba7-b535-358854b3d242,2025-08-05,ERP_CORPORATIVO,TRANSACOES_FINANCEIRAS,17208,91227ac570d14edf598f672602aa633dabf23ac2bc352b104170a58db459cf7b
TR-17209,2025-07-07,2025-07-01,MKT,FORN-00088,DESPESA,3589.1306916851104,3589.1306916851104,USD,Alimentação em viagem corporativa - MKT,20,PIX,PAGO,d4641add-3306-4ba7-b535-358854b3d242,2025-08-05,ERP_CORPORATIVO,TRANSACOES_FINANCEIRAS,17209,031dd69fde7be87922433c6de97a2d7d83035542ea268aa64a6aa1449a6d5f4e
TR-17210,2025-07-21,2025-07-01,TI,FORN-00088,RECEITA,3592.969261528817,3592.969261528817,BRL,Serviço de tecnologia contratado por TI,5,PIX,PAGO,d4641add-3306-4ba7-b535-358854b3d242,2025-08-05,ERP_CORPORATIVO,TRANSACOES_FINANCEIRAS,17210,765773beeec1a602cd7f9ce09873140cab5dba1e6d99b114f42ad125f4b4d600
TR-17211,2025-07-15,2025-07-01,RH,FORN-00088,DESPESA,3706.832237030715,3706.832237030715,BRL,Treinamento corporativo para equipe RH,30,TRANSFERENCIA,PAGO,d4641add-3306-4ba7-b535-358854b3d242,2025-08-05,ERP_CORPORATIVO,TRANSACOES_FINANCEIRAS,17211,e4afa3bb6cb73b934614314ecee82e3e4515c691b6bf5ce832bbd94c6b7705b7
TR-17212,2025-07-07,2025-07-01,QAS,FORN-00088,RECEITA,3988.7328572441083,3988.7328572441083,BRL,Serviço especializado solicitado por QAS,1,BOLETO,PAGO,d4641add-3306-4ba7-b535-358854b3d242,2025-08-05,ERP_CORPORATIVO,TRANSACOES_FINANCEIRAS,17212,2ed00b57a30bb83a726847be9187fb66cff40301ba3c3ae0b7545a852049bdb2
TR-17352,2025-07-10,2025-07-01,RH,1000088,DESPESA,5510.779978468174,5510.779978468174,EUR,Compra de insumos para setor RH,2,PIX,PAGO,d4641add-3306-4ba7-b535-358854b3d242,2025-08-05,ERP_CORPORATIVO,TRANSACOES_FINANCEIRAS,17352,8fa0f0b7729486f5998c2282c0a0b9a7ce89449f80cf234fb2ddba7d0c3e14ec
TR-17353,2025-07-07,2025-07-01,FIN,1000088,DESPESA,5306.650360937895,5081.761994661855,BRL,Assessoria legal vinculada à área FIN,7,TED,PAGO,d4641add-3306-4ba7-b535-358854b3d242,2025-08-05,ERP_CORPORATIVO,TRANSACOES_FINANCEIRAS,17353,586e70abaf0c102c9d51390ef3f62148bc90a1abefdbb0c964dd872140d3f0a6
TR-17354,2025-07-10,2025-07-01,RH,1000088,RECEITA,5175.343352004248,5175.343352004248,BRL,Despesa de RH - RH,6,TRANSFERENCIA,PAGO,d4641add-3306-4ba7-b535-358854b3d242,2025-08-05,ERP_CORPORATIVO,TRANSACOES_FINANCEIRAS,17354,458e05a04f2db2c671fa560bb97d42cb07c82b18c1728ebfa7871027d648b186
TR-17355,2025-07-22,2025-07-01,MKT,1000088,RECEITA,4566.726506518019,4384.843942950923,BRL,Serviço de tecnologia contratado por MKT,5,CARTAO,PAGO,d4641add-3306-4ba7-b535-358854b3d242,2025-08-05,ERP_CORPORATIVO,TRANSACOES_FINANCEIRAS,17355,8d4a80042f3f09d9f9474131d4a89f0e36ce4ed3fa8255e88991e12165928c03
TR-17356,2025-07-11,2025-07-01,FIN,1000088,DESPESA,5145.399686242303,5145.399686242303,BRL,Reparo de frota vinculado à área FIN,17,TED,PAGO,d4641add-3306-4ba7-b535-358854b3d242,2025-08-05,ERP_CORPORATIVO,TRANSACOES_FINANCEIRAS,17356,0ff50f2acd0138e07e6d8d1de633576d11406da6be13030bdd85c3a1bd9f6c1f
TR-17813,2025-07-28,2025-07-01,COM,1000090,DESPESA,1221.6260193294888,1221.6260193294888,BRL,Compra de insumos para setor COM,2,TED,ATRASADO,d4641add-3306-4ba7-b535-358854b3d242,2025-08-05,ERP_CORPORATIVO,TRANSACOES_FINANCEIRAS,17813,085bb4cf12b32eae4226fbd1f0eea622c8512e09462258f4a42d942f00a2fcd2
TR-17814,2025-07-07,2025-07-01,MKT,1000090,RECEITA,1188.6013603535766,1188.6013603535766,BRL,Serviço de tecnologia contratado por MKT,5,PIX,PAGO,d4641add-3306-4ba7-b535-358854b3d242,2025-08-05,ERP_CORPORATIVO,TRANSACOES_FINANCEIRAS,17814,ac77a97340588428855ded09ec6a15c75565244db1cfd394e9bcff8375afc286
TR-17815,2025-07-14,2025-07-01,COMP,1000090,RECEITA,1319.0228120893823,1319.0228120893823,BRL,Serviço especializado solicitado por COMP,1,PIX,PAGO,d4641add-3306-4ba7-b535-358854b3d242,2025-08-05,ERP_CORPORATIVO,TRANSACOES_FINANCEIRAS,17815,d8938da905b6ef6e45328f6e95e9285794a08714027443f9f8e523c9f03776b3
TR-17816,2025-07-10,2025-07-01,ESG,1000090,DESPESA,1170.3955951563125,1170.3955951563125,BRL,Prestação de serviço para área ESG,1,TRANSFERENCIA,PAGO,d4641add-3306-4ba7-b535-358854b3d242,2025-08-05,ERP_CORPORATIVO,TRANSACOES_FINANCEIRAS,17816,e250cfea02b9ca36404e732e32199a2d7d678d3c32e29fde46f528ff69756140
TR-17817,2025-07-16,2025-07-01,COMP,1000090,DESPESA,1155.2777057595001,1108.2394156161438,BRL,Receita eventual registrada em COMP,37,PIX,ATRASADO,d4641add-3306-4ba7-b535-358854b3d242,2025-08-05,ERP_CORPORATIVO,TRANSACOES_FINANCEIRAS,17817,1b686e3a5846c1021fcf658acd03e817a43e219f628950d25ce34eff9f28c381
TR-17818,2025-07-15,2025-07-01,FIN,1000090,RECEITA,1306.905773192037,1306.905773192037,BRL,Encargos de empréstimo vinculados a FIN,23,PIX,PAGO,d4641add-3306-4ba7-b535-358854b3d242,2025-08-05,ERP_CORPORATIVO,TRANSACOES_FINANCEIRAS,17818,6f069bfaa4eb99c4b3e041a5567737b6cfe7858420c87261ea047b6351667851
TR-17819,2025-07-10,2025-07-01,OP,1000090,DESPESA,1249.4151345641862,1220.322536601321,BRL,Abatimento comercial registrado em OP,38,PIX,PAGO,d4641add-3306-4ba7-b535-358854b3d242,2025-08-05,ERP_CORPORATIVO,TRANSACOES_FINANCEIRAS,17819,2c53c9444aa752a544d328e0fbba4950ce8f67ca7cb5557340d00e01567190f0
TR-17820,2025-07-24,2025-07-01,CTB,1000090,DESPESA,1171.1355577520362,1124.7831045358691,BRL,Comissão recebida por CTB,33,TED,PAGO,d4641add-3306-4ba7-b535-358854b3d242,2025-08-05,ERP_CORPORATIVO,TRANSACOES_FINANCEIRAS,17820,b349585d4e7ed97390c047f14d5eedee513da04b3690e1b773da4ca1470f6b4a
TR-17821,2025-07-23,2025-07-01,SEC,1000090,DESPESA,1154.148488915068,1154.148488915068,BRL,Receita de comissão comercial - SEC,33,CARTAO,PAGO,d4641add-3306-4ba7-b535-358854b3d242,2025-08-05,ERP_CORPORATIVO,TRANSACOES_FINANCEIRAS,17821,059bb65a16552abc3680a1f4ed3d3b78a4a9468ac0dfd5613ee649c7f491abc0
TR-17822,2025-07-18,2025-07-01,COM,1000090,DESPESA,1171.0962414076673,1159.010760708002,EUR,Direitos de propriedade intelectual - COM,32,BOLETO,PAGO,d4641add-3306-4ba7-b535-358854b3d242,2025-08-05,ERP_CORPORATIVO,TRANSACOES_FINANCEIRAS,17822,ef2fa1e48f977efbed2529d5b1f093472219e4351d109869c8617bba0cd6c292
TR-17823,2025-07-21,2025-07-01,CTB,1000090,DESPESA,1362.728171488032,1362.728171488032,BRL,Serviço de tecnologia contratado por CTB,5,PIX,ATRASADO,d4641add-3306-4ba7-b535-358854b3d242,2025-08-05,ERP_CORPORATIVO,TRANSACOES_FINANCEIRAS,17823,7643511f3bd1a6dda0da58acc47f66c7da5a5e9a3d2f30b7980c49ff29e4c628
TR-17824,2025-07-14,2025-07-01,PES,1000090,DESPESA,1309.6763693484718,1309.6763693484718,BRL,Apólice de seguro - PES,21,PIX,PAGO,d4641add-3306-4ba7-b535-358854b3d242,2025-08-05,ERP_CORPORATIVO,TRANSACOES_FINANCEIRAS,17824,24bc3d27d754f6af6636f62acdadc41cc1d6da744547c85b6840ece2b7b8f9e6
TR-17825,2025-07-14,2025-07-01,TI,1000090,RECEITA,1164.7535663820768,1164.7535663820768,BRL,Passagem aérea para colaborador de TI,18,BOLETO,PAGO,d4641add-3306-4ba7-b535-358854b3d242,2025-08-05,ERP_CORPORATIVO,TRANSACOES_FINANCEIRAS,17825,1f79ecca1c60efe54a8af00cd59c5fa664f1d77d56b749fdcbc482f4581671a0
TR-17826,2025-07-15,2025-07-01,PRD,1000090,DESPESA,1169.3969213290347,1145.8083941482619,BRL,Manutenção estrutural vinculada à área PRD,3,PIX,PAGO,d4641add-3306-4ba7-b535-358854b3d242,2025-08-05,ERP_CORPORATIVO,TRANSACOES_FINANCEIRAS,17826,68bee780410d55edc5a9fc1d1830aba8ae8bc90426129d2c865e8537a97734cb
TR-17827,2025-07-17,2025-07-01,COM,1000090,RECEITA,1119.9610590007835,1119.9610590007835,USD,Manutenção estrutural vinculada à área COM,3,TRANSFERENCIA,PAGO,d4641add-3306-4ba7-b535-358854b3d242,2025-08-05,ERP_CORPORATIVO,TRANSACOES_FINANCEIRAS,17827,62480b0d02551023da9989a3cd499fbeef644b88ba4ebb4c89f9648bc803e9e9
TR-17828,2025-07-14,2025-07-01,OP,1000090,DESPESA,1207.6803089662808,1207.6803089662808,BRL,Compra de insumos para setor OP,2,PIX,PAGO,d4641add-3306-4ba7-b535-358854b3d242,2025-08-05,ERP_CORPORATIVO,TRANSACOES_FINANCEIRAS,17828,31a0f8f96d1dd22f891e9beab06b25ffc7bba372836f384f72aca90c373f9aea
TR-17829,2025-07-11,2025-07-01,CTB,1000090,DESPESA,1271.6594122913366,1271.6594122913366,BRL,Despesa de refeição em deslocamento (CTB),20,PIX,ATRASADO,d4641add-3306-4ba7-b535-358854b3d242,2025-08-05,ERP_CORPORATIVO,TRANSACOES_FINANCEIRAS,17829,11bbc038ccccfbb781d84ddb5378c10542a079cde5ad3839ba460785bb723a6f
TR-17830,2025-07-23,2025-07-01,FIN,1000090,RECEITA,1150.4269243583528,1150.4269243583528,BRL,Prestação de serviço para área FIN,1,CARTAO,PAGO,d4641add-3306-4ba7-b535-358854b3d242,2025-08-05,ERP_CORPORATIVO,TRANSACOES_FINANCEIRAS,17830,1a44ee42dfff8a84290f281e468b7eb1a648ac0bdae5015e50efa5806bcfe7b3
TR-17831,2025-07-11,2025-07-01,FIN,1000090,RECEITA,1563.236891735314,1563.236891735314,BRL,Custo operacional associado a FIN,8,PIX,PAGO,d4641add-3306-4ba7-b535-358854b3d242,2025-08-05,ERP_CORPORATIVO,TRANSACOES_FINANCEIRAS,17831,892eab31028c8f5aa472584bf555c0095c333c7ece2612c56ff9350cc4d6c2c8
TR-17832,2025-07-17,2025-07-01,JUR,1000090,DESPESA,1336.969505439226,1336.969505439226,BRL,Serviço especializado solicitado por JUR,1,TRANSFERENCIA,PAGO,d4641add-3306-4ba7-b535-358854b3d242,2025-08-05,ERP_CORPORATIVO,TRANSACOES_FINANCEIRAS,17832,6d1ca3b2de1ec5aafc2eb87d8a525ed4482ef333ec7ae9137f57850372fa3420
TR-18137,2025-07-18,2025-07-01,COMP,1000091,DESPESA,3129.389911239294,2989.053636761522,BRL,Resultado de equivalência patrimonial - COMP,34,BOLETO,ATRASADO,d4641add-3306-4ba7-b535-358854b3d242,2025-08-05,ERP_CORPORATIVO,TRANSACOES_FINANCEIRAS,18137,3372811f7b9ac0445a6a2439e5c864494e036e3552a9fe024134820af303e5ed
TR-18138,2025-07-17,2025-07-01,COM,1000091,DESPESA,3100.673241231346,3100.673241231346,BRL,Aquisição de material operacional - COM,2,PIX,PAGO,d4641add-3306-4ba7-b535-358854b3d242,2025-08-05,ERP_CORPORATIVO,TRANSACOES_FINANCEIRAS,18138,d3a8a03fd8d52386106019b8253919d40fc829ce17d77a27c1239de71555cbdd
TR-18139,2025-07-18,2025-07-01,ADM,1000091,RECEITA,2725.475270290995,2684.9513141781063,BRL,Licenciamento de software - ADM,5,BOLETO,ATRASADO,d4641add-3306-4ba7-b535-358854b3d242,2025-08-05,ERP_CORPORATIVO,TRANSACOES_FINANCEIRAS,18139,7c2b4865a136015c6d9f0dcc3f0b1f4d6ef0e709bda0d3abe5bd4b379da1264f
TR-18140,2025-07-21,2025-07-01,COM,1000091,DESPESA,2909.4580398689586,2909.4580398689586,BRL,Custo operacional associado a COM,8,PIX,ATRASADO,d4641add-3306-4ba7-b535-358854b3d242,2025-08-05,ERP_CORPORATIVO,TRANSACOES_FINANCEIRAS,18140,c3302a7291a837775237e45c5369eaa97387eaa0b7d69f656de9967757ce0fdf
TR-18141,2025-07-28,2025-07-01,SEC,1000091,DESPESA,2598.1988144696265,2484.172324820672,BRL,Prestação de serviço para área SEC,1,TED,ATRASADO,d4641add-3306-4ba7-b535-358854b3d242,2025-08-05,ERP_CORPORATIVO,TRANSACOES_FINANCEIRAS,18141,408b52a9b6e010aeab29fef7ad4a7541953ef91719d8fab123f761a63852fdee
TR-18142,2025-07-21,2025-07-01,OP,1000091,RECEITA,3102.295708995423,2973.467757594618,BRL,Locação de espaço comercial - OP,31,BOLETO,PAGO,d4641add-3306-4ba7-b535-358854b3d242,2025-08-05,ERP_CORPORATIVO,TRANSACOES_FINANCEIRAS,18142,6601dfe4fe83410ad1a81e785284d2f53be1ecfdceaa97fccff32c34acb9f478
TR-18143,2025-07-16,2025-07-01,FIN,1000091,DESPESA,3057.55446224339,3057.55446224339,BRL,Assessoria legal vinculada à área FIN,7,TED,PAGO,d4641add-3306-4ba7-b535-358854b3d242,2025-08-05,ERP_CORPORATIVO,TRANSACOES_FINANCEIRAS,18143,40f46bf9763aceee9e7cf7836d752f8a9d628371be2e5ad58349948daee91da4
TR-18144,2025-07-14,2025-07-01,FIN,1000091,DESPESA,3140.651897234256,2984.3879357102355,BRL,Evento corporativo organizado por FIN,14,TED,PAGO,d4641add-3306-4ba7-b535-358854b3d242,2025-08-05,ERP_CORPORATIVO,TRANSACOES_FINANCEIRAS,18144,72811b4b670724cb2ad4cf3f96688609adea309bfe84f780700cf966da3273ba
TR-18145,2025-07-22,2025-07-01,FIN,1000091,DESPESA,2710.191188715828,2710.191188715828,BRL,Imposto sobre venda apurado em FIN,40,PIX,PAGO,d4641add-3306-4ba7-b535-358854b3d242,2025-08-05,ERP_CORPORATIVO,TRANSACOES_FINANCEIRAS,18145,7fe7fc179d991997a9113ec3b71c4df1608a1f5bd86766a33d8d7ac7288c7edd
TR-18146,2025-07-28,2025-07-01,QAS,1000091,DESPESA,3225.04525119491,3225.04525119491,USD,Despesa operacional - QAS,8,BOLETO,ATRASADO,d4641add-3306-4ba7-b535-358854b3d242,2025-08-05,ERP_CORPORATIVO,TRANSACOES_FINANCEIRAS,18146,8cbf3b2848a439c6cfbc603844e9fe79cbef441aee499558f4a343879e0800b2
TR-18147,2025-07-28,2025-07-01,OP,1000091,DESPESA,3069.852560417356,3069.852560417356,BRL,Compra de insumos para setor OP,2,PIX,PAGO,d4641add-3306-4ba7-b535-358854b3d242,2025-08-05,ERP_CORPORATIVO,TRANSACOES_FINANCEIRAS,18147,c858ee2e20db85b29562304cf3c4200c16bb1244135d8c563a177009f40a9500
TR-18148,2025-07-16,2025-07-01,ADM,1000091,RECEITA,7766.025298192128,7766.025298192128,BRL,Suporte técnico para sistemas de ADM,29,CARTAO,PAGO,d4641add-3306-4ba7-b535-358854b3d242,2025-08-05,ERP_CORPORATIVO,TRANSACOES_FINANCEIRAS,18148,1f8d374ac30248177eb1006c4b2821b4b2f0859d5a4b5b0b5bc145898997fb1b
TR-18149,2025-07-18,2025-07-01,TI,1000091,RECEITA,3174.350824965516,3106.7248077947306,BRL,Material de marketing solicitado por TI,15,TRANSFERENCIA,PAGO,d4641add-3306-4ba7-b535-358854b3d242,2025-08-05,ERP_CORPORATIVO,TRANSACOES_FINANCEIRAS,18149,fb38a312eab317a1752f51af59bc5d5d56d8324563acf35472e10a5073780c7f
TR-18150,2025-07-21,2025-07-01,COMP,1000091,DESPESA,2758.5938715759066,2758.5938715759066,BRL,Aquisição de material operacional - COMP,2,PIX,PAGO,d4641add-3306-4ba7-b535-358854b3d242,2025-08-05,ERP_CORPORATIVO,TRANSACOES_FINANCEIRAS,18150,139f8ffff64bb67a684021795a421d551ee6db77a3bee7a23a4cce0a839c87f0
TR-18151,2025-07-14,2025-07-01,MKT,1000091,DESPESA,2558.6310229228648,2558.6310229228648,BRL,Contrato de serviço - setor MKT,1,BOLETO,CANCELADO,d4641add-3306-4ba7-b535-358854b3d242,2025-08-05,ERP_CORPORATIVO,TRANSACOES_FINANCEIRAS,18151,b671b31bae439adda3b0ee022b39bc274851c1ccf5d97e8f27cd41d0e3c6a8f2
TR-18152,2025-07-21,2025-07-01,CTB,1000091,DESPESA,2993.1126688318936,2946.6048536235608,USD,Juros sobre operação financeira - CTB,23,TRANSFERENCIA,PAGO,d4641add-3306-4ba7-b535-358854b3d242,2025-08-05,ERP_CORPORATIVO,TRANSACOES_FINANCEIRAS,18152,2d61f6619df70fa4d6c1778b8e7b9adf3f4d0846768a1ec020e09fac39f83d70
TR-18295,2025-07-28,2025-07-01,COM,ACC-00093,RECEITA,3300.6967146239435,3300.6967146239435,BRL,Campanha institucional - COM,4,TRANSFERENCIA,ATRASADO,d4641add-3306-4ba7-b535-358854b3d242,2025-08-05,ERP_CORPORATIVO,TRANSACOES_FINANCEIRAS,18295,df987c8daec5904a619f9a72ef6dd945e51e495d3f7161ce1c20f886c2dbf932
TR-18296,2025-07-16,2025-07-01,COM,ACC-00093,DESPESA,2915.1816475342516,2915.1816475342516,BRL,Manutenção estrutural vinculada à área COM,3,PIX,ATRASADO,d4641add-3306-4ba7-b535-358854b3d242,2025-08-05,ERP_CORPORATIVO,TRANSACOES_FINANCEIRAS,18296,736a65d4921407fadcd9e45da201fa672cf91b86908614dd327d13e6bcdbf4f9
TR-18297,2025-07-21,2025-07-01,FIN,ACC-00093,DESPESA,2305.994077800088,2305.994077800088,BRL,Manutenção estrutural vinculada à área FIN,3,PIX,ATRASADO,d4641add-3306-4ba7-b535-358854b3d242,2025-08-05,ERP_CORPORATIVO,TRANSACOES_FINANCEIRAS,18297,3761b21ed2d8c1f1313fc58d7a365089137e9d3d6f9ac2a07acdc3966448c723
TR-18298,2025-07-07,2025-07-01,MKT,ACC-00093,DESPESA,2696.0807588570083,2696.0807588570083,BRL,Prestação de serviço para área MKT,1,PIX,PAGO,d4641add-3306-4ba7-b535-358854b3d242,2025-08-05,ERP_CORPORATIVO,TRANSACOES_FINANCEIRAS,18298,eeb64bf2598eca294928416b5937176a7554c9c1782f3510cb3a695767f7486a
TR-18299,2025-07-14,2025-07-01,PJT,ACC-00093,DESPESA,2452.89869010575,2452.89869010575,BRL,Tarifas de serviços financeiros - PJT,22,TED,PAGO,d4641add-3306-4ba7-b535-358854b3d242,2025-08-05,ERP_CORPORATIVO,TRANSACOES_FINANCEIRAS,18299,d2fba54cdb2c895acdccc67a43ac8504e9218bb63ba1e720bf4c97a89b21ca74
TR-18300,2025-07-11,2025-07-01,SEC,ACC-00093,RECEITA,3132.8755523219456,3132.8755523219456,BRL,Prestação de serviço para área SEC,1,TED,PAGO,d4641add-3306-4ba7-b535-358854b3d242,2025-08-05,ERP_CORPORATIVO,TRANSACOES_FINANCEIRAS,18300,fe7c95928e9f78a71238296a61c325dbd9a8156dfc4574c51eca7b29fcf3a21c
TR-18301,2025-07-14,2025-07-01,LOG,ACC-00093,RECEITA,2734.048201336032,2661.5808799807123,BRL,Assessoria contábil prestada a LOG,25,TRANSFERENCIA,ATRASADO,d4641add-3306-4ba7-b535-358854b3d242,2025-08-05,ERP_CORPORATIVO,TRANSACOES_FINANCEIRAS,18301,9d94aba7e99575f988c1ac0da25c59f61344a4ad0bfa1fadde47015ca0097ee9
TR-18302,2025-07-22,2025-07-01,QAS,ACC-00093,DESPESA,2356.011488172919,2356.011488172919,BRL,Contrato de serviço - setor QAS,1,TRANSFERENCIA,PAGO,d4641add-3306-4ba7-b535-358854b3d242,2025-08-05,ERP_CORPORATIVO,TRANSACOES_FINANCEIRAS,18302,d28cbd3d92210bd769cad6139e90e530507e2bc32792792e3bc9d24ba05a705a
TR-18303,2025-07-16,2025-07-01,TI,ACC-00093,DESPESA,2936.45405792845,2936.45405792845,BRL,Manutenção estrutural vinculada à área TI,3,TED,ATRASADO,d4641add-3306-4ba7-b535-358854b3d242,2025-08-05,ERP_CORPORATIVO,TRANSACOES_FINANCEIRAS,18303,852c2f8e04ee95b1db2b2f49ce19831730a619728159ef299a188bcc109c7e6d
TR-18304,2025-07-14,2025-07-01,ESG,ACC-00093,DESPESA,3068.1678456952022,3068.1678456952022,BRL,Serviço especializado solicitado por ESG,1,BOLETO,PAGO,d4641add-3306-4ba7-b535-358854b3d242,2025-08-05,ERP_CORPORATIVO,TRANSACOES_FINANCEIRAS,18304,50335db09593a6d7ac287e7400998e9a31a7dc3c675cc369a18124cea721fcad
TR-18305,2025-07-14,2025-07-01,ADM,ACC-00093,DESPESA,2582.113509899251,2538.427656424681,BRL,Serviço de tecnologia contratado por ADM,5,BOLETO,PAGO,d4641add-3306-4ba7-b535-358854b3d242,2025-08-05,ERP_CORPORATIVO,TRANSACOES_FINANCEIRAS,18305,5a3eafa89537bb7114535d724061b914eb64d47258b678902d6456fc8dfdd9e5
TR-18306,2025-07-07,2025-07-01,CPT,ACC-00093,DESPESA,2570.81150907898,2466.750939770844,BRL,Serviços contábeis externos - CPT,25,TED,ATRASADO,d4641add-3306-4ba7-b535-358854b3d242,2025-08-05,ERP_CORPORATIVO,TRANSACOES_FINANCEIRAS,18306,8379233e4cc22b39205f08ea333733a42531044b151c1be8536e6623df9b61ed
TR-18307,2025-07-23,2025-07-01,OP,ACC-00093,DESPESA,2743.1102858722206,2656.193650300327,BRL,Manutenção preventiva de veículos - OP,17,BOLETO,PAGO,d4641add-3306-4ba7-b535-358854b3d242,2025-08-05,ERP_CORPORATIVO,TRANSACOES_FINANCEIRAS,18307,fe2d8cccf1f883c5c6a3797a9b5d15e786e7ae5d2bc04e50ab574df01d296869
TR-18308,2025-07-14,2025-07-01,PES,ACC-00093,DESPESA,2243.097376898,2182.0532084602323,BRL,Compra de insumos para setor PES,2,BOLETO,PAGO,d4641add-3306-4ba7-b535-358854b3d242,2025-08-05,ERP_CORPORATIVO,TRANSACOES_FINANCEIRAS,18308,c4bd7ffe72a6ac77e90858816bf966d26cd2ee94743a3f86f201a1bee1e50f85
TR-18309,2025-07-17,2025-07-01,LOG,ACC-00093,RECEITA,4385.133360109776,4385.133360109776,BRL,Licenciamento de software - LOG,5,TRANSFERENCIA,PAGO,d4641add-3306-4ba7-b535-358854b3d242,2025-08-05,ERP_CORPORATIVO,TRANSACOES_FINANCEIRAS,18309,c79b6201e9972f89f6b83513ee19a9a9173fd7fc4b06c2595eb7f04165cd96b5
TR-18310,2025-07-16,2025-07-01,CTB,ACC-00093,DESPESA,3183.7405726922984,3183.7405726922984,BRL,Licenciamento de software - CTB,5,PIX,PAGO,d4641add-3306-4ba7-b535-358854b3d242,2025-08-05,ERP_CORPORATIVO,TRANSACOES_FINANCEIRAS,18310,d6d3bbdcbec160c4e39ba24794481d390dd0e6a4c05a40b0cfe38c40a41aede3
TR-18311,2025-07-14,2025-07-01,MKT,ACC-00093,DESPESA,2518.985561830356,2518.985561830356,BRL,Suporte técnico para sistemas de MKT,29,TRANSFERENCIA,PAGO,d4641add-3306-4ba7-b535-358854b3d242,2025-08-05,ERP_CORPORATIVO,TRANSACOES_FINANCEIRAS,18311,d86b256f9b7d723000d386ae92c52d77ad8ae9d168a5c7ab9d25c92c66e2fbf3
TR-18312,2025-07-21,2025-07-01,CPT,ACC-00093,RECEITA,3232.4214678377243,3232.4214678377243,BRL,Honorários jurídicos - CPT,7,PIX,ATRASADO,d4641add-3306-4ba7-b535-358854b3d242,2025-08-05,ERP_CORPORATIVO,TRANSACOES_FINANCEIRAS,18312,f2eb0832111e042640ac01d7eb0ce4c741c32e47994fe30267ac7cc3414f4b7a
TR-18313,2025-07-14,2025-07-01,ADM,ACC-00093,RECEITA,2969.54305576413,2969.54305576413,BRL,Licenciamento de software - ADM,5,BOLETO,PAGO,d4641add-3306-4ba7-b535-358854b3d242,2025-08-05,ERP_CORPORATIVO,TRANSACOES_FINANCEIRAS,18313,a3546b52182fce0fd4858efd45280027c4855a071756a247800125e4bbe110f7
TR-18314,2025-07-15,2025-07-01,VND,ACC-00093,DESPESA,2667.7177558787703,2667.7177558787703,BRL,Consultoria estratégica para área VND,12,BOLETO,PAGO,d4641add-3306-4ba7-b535-358854b3d242,2025-08-05,ERP_CORPORATIVO,TRANSACOES_FINANCEIRAS,18314,79b076e7a8c729918e94eadd2c7efde5e0cee7ead50fd92dd69c026ce5d023f2
TR-18507,2025-07-18,2025-07-01,CTB,ACC-00094,DESPESA,8412.761878813404,8319.240258718679,BRL,Serviço de tecnologia contratado por CTB,5,TRANSFERENCIA,PAGO,d4641add-3306-4ba7-b535-358854b3d242,2025-08-05,ERP_CORPORATIVO,TRANSACOES_FINANCEIRAS,18507,2c5b418f6edce9b3890f21e75ee5546d5d722c3f1c87cf1b906a32451f6428af
TR-18508,2025-07-07,2025-07-01,JUR,ACC-00094,RECEITA,9431.757986932269,9132.963197679432,USD,Publicidade institucional - JUR,13,BOLETO,PAGO,d4641add-3306-4ba7-b535-358854b3d242,2025-08-05,ERP_CORPORATIVO,TRANSACOES_FINANCEIRAS,18508,5907cf361f65d82d648353e73ee7d8830c6c8b33a8812ea6ba741fe9da9b5e7d
TR-18509,2025-07-21,2025-07-01,RH,ACC-00094,RECEITA,8582.165561427093,8582.165561427093,BRL,Custo operacional associado a RH,8,PIX,PAGO,d4641add-3306-4ba7-b535-358854b3d242,2025-08-05,ERP_CORPORATIVO,TRANSACOES_FINANCEIRAS,18509,0b3e38ea2e213d5c7285c3af72c5890139a712d5f01aa898585e567b48a06d6e
TR-18510,2025-07-28,2025-07-01,JUR,ACC-00094,RECEITA,8119.819220208575,7996.577682157525,BRL,Campanha institucional - JUR,4,PIX,CANCELADO,d4641add-3306-4ba7-b535-358854b3d242,2025-08-05,ERP_CORPORATIVO,TRANSACOES_FINANCEIRAS,18510,1365e8da0ff21b0b97f7b4c81f8cefd354adf9f151c9a02da367e4140debc3d1
TR-18511,2025-07-10,2025-07-01,TI,ACC-00094,RECEITA,17422.81507119371,17422.81507119371,BRL,Honorários jurídicos - TI,7,PIX,ATRASADO,d4641add-3306-4ba7-b535-358854b3d242,2025-08-05,ERP_CORPORATIVO,TRANSACOES_FINANCEIRAS,18511,e859138a9193046105ae66bf84a86395ea6fe75047b96c3918a19f75ce7c392f
TR-18512,2025-07-02,2025-07-01,FIN,ACC-00094,DESPESA,7918.915878658695,7918.915878658695,BRL,Prestação de serviço para área FIN,1,TRANSFERENCIA,PAGO,d4641add-3306-4ba7-b535-358854b3d242,2025-08-05,ERP_CORPORATIVO,TRANSACOES_FINANCEIRAS,18512,16c90e2192c282a82084b25c0d188137ef96bbc3448156ccb31b98706e32240e
TR-18513,2025-07-15,2025-07-01,CTB,ACC-00094,RECEITA,8623.990954381736,8361.200921653275,BRL,Reparo de hardware solicitado por CTB,28,TED,PAGO,d4641add-3306-4ba7-b535-358854b3d242,2025-08-05,ERP_CORPORATIVO,TRANSACOES_FINANCEIRAS,18513,c8b5c1bba102a82abc66d890a08bf0b0e49d9f7ef221b9e5db24e983c90d4bd4
TR-18514,2025-07-28,2025-07-01,RH,ACC-00094,RECEITA,8622.804681533018,8622.804681533018,BRL,Campanha institucional - RH,4,CARTAO,ATRASADO,d4641add-3306-4ba7-b535-358854b3d242,2025-08-05,ERP_CORPORATIVO,TRANSACOES_FINANCEIRAS,18514,124a9e380d18d6864d43bcf310f778dd6af1188b8c9cd3dbdf93b3ffb7a039b9
TR-18515,2025-07-04,2025-07-01,MKT,ACC-00094,RECEITA,7349.426701345557,7349.426701345557,USD,Manutenção estrutural vinculada à área MKT,3,CARTAO,PAGO,d4641add-3306-4ba7-b535-358854b3d242,2025-08-05,ERP_CORPORATIVO,TRANSACOES_FINANCEIRAS,18515,8be60e0046ebe8d725758870117943f42c4191ade0dfe8cda49c98d7731e09c6
TR-18516,2025-07-16,2025-07-01,PRD,ACC-00094,RECEITA,8986.811695088592,8986.811695088592,BRL,Contrato de serviço - setor PRD,1,PIX,PAGO,d4641add-3306-4ba7-b535-358854b3d242,2025-08-05,ERP_CORPORATIVO,TRANSACOES_FINANCEIRAS,18516,565b1454c0f59c70f48e4aeeace6aa5ef5fee8f0731a0c7af042f845125ef3dc
TR-18795,2025-07-25,2025-07-01,COMP,1000095,DESPESA,2203.2657337194,2203.2657337194,BRL,Encargos de empréstimo vinculados a COMP,23,TRANSFERENCIA,PAGO,d4641add-3306-4ba7-b535-358854b3d242,2025-08-05,ERP_CORPORATIVO,TRANSACOES_FINANCEIRAS,18795,81371be7d714d2ede22d710c30ea1424f05e1008c0f37d75eaa101cb33eb51bf
TR-18796,2025-07-14,2025-07-01,OP,1000095,DESPESA,1787.0916975988778,1787.0916975988778,BRL,Taxas bancárias incidentes em OP,22,PIX,ATRASADO,d4641add-3306-4ba7-b535-358854b3d242,2025-08-05,ERP_CORPORATIVO,TRANSACOES_FINANCEIRAS,18796,494fe695ef98446ec52369a199c7872e2fc9f119652cc3ef175982f16af2442e
TR-18797,2025-07-18,2025-07-01,VND,1000095,RECEITA,1843.227050112895,1798.6134376329308,BRL,Seguro contratado pela área VND,21,TRANSFERENCIA,CANCELADO,d4641add-3306-4ba7-b535-358854b3d242,2025-08-05,ERP_CORPORATIVO,TRANSACOES_FINANCEIRAS,18797,63e94baf5a11ce933ffb1f6b4cdaafca1e0f9d4539d34d0f8286c4488c294d89
TR-18798,2025-07-10,2025-07-01,SEC,1000095,DESPESA,2057.6333589187752,2035.6920365446972,BRL,Consultoria estratégica para área SEC,12,TRANSFERENCIA,PAGO,d4641add-3306-4ba7-b535-358854b3d242,2025-08-05,ERP_CORPORATIVO,TRANSACOES_FINANCEIRAS,18798,925b095a551a4eed782806a43e6043915697c62cae489ce72bfaadac607b1d84
TR-18799,2025-07-18,2025-07-01,ATD,1000095,DESPESA,2060.8711462716064,1988.403053705621,BRL,Evento corporativo organizado por ATD,14,CARTAO,PAGO,d4641add-3306-4ba7-b535-358854b3d242,2025-08-05,ERP_CORPORATIVO,TRANSACOES_FINANCEIRAS,18799,f35adb0033495441e312093a79d537f74d2bca3132b07ae7187cd96d2e30189e
TR-18800,2025-07-28,2025-07-01,COMP,1000095,RECEITA,2267.53011451532,2267.53011451532,BRL,Tributo incidente sobre receita de COMP,40,TRANSFERENCIA,PAGO,d4641add-3306-4ba7-b535-358854b3d242,2025-08-05,ERP_CORPORATIVO,TRANSACOES_FINANCEIRAS,18800,988b16bf48ba8e256c4baa18260dcdc8de2d2af8893c7dcf1930dffee57bea06
TR-18801,2025-07-21,2025-07-01,SEC,1000095,DESPESA,2019.683695368972,2019.683695368972,BRL,Custo operacional associado a SEC,8,BOLETO,PAGO,d4641add-3306-4ba7-b535-358854b3d242,2025-08-05,ERP_CORPORATIVO,TRANSACOES_FINANCEIRAS,18801,6778daa7d5f9799592603f3e3657ea6748905158745b0a0c80fa73e685240f27
TR-18802,2025-07-15,2025-07-01,VND,1000095,DESPESA,1712.9946766482055,1712.9946766482055,BRL,Promoção e atividade externa - VND,14,BOLETO,PAGO,d4641add-3306-4ba7-b535-358854b3d242,2025-08-05,ERP_CORPORATIVO,TRANSACOES_FINANCEIRAS,18802,f0ac23697a1e6de7aa9a70eefbdc1de2787dc3b6fc5a3e8c526b1de7be6f3df2
TR-18803,2025-07-07,2025-07-01,ESG,1000095,DESPESA,2054.2005461840135,2054.2005461840135,BRL,Assessoria legal vinculada à área ESG,7,BOLETO,PAGO,d4641add-3306-4ba7-b535-358854b3d242,2025-08-05,ERP_CORPORATIVO,TRANSACOES_FINANCEIRAS,18803,2947302a61adee1b57e5675bcb8b898fcfab6298995b15f4cea68ff2bed1aa38
TR-18804,2025-07-16,2025-07-01,COM,1000095,DESPESA,1770.0327115856082,1770.0327115856082,BRL,Aquisição de material operacional - COM,2,TRANSFERENCIA,PAGO,d4641add-3306-4ba7-b535-358854b3d242,2025-08-05,ERP_CORPORATIVO,TRANSACOES_FINANCEIRAS,18804,bb4bbb6c9ec8153db4efe7bbd132612f7cfc6316ebd9ddf433c869443379fcc2
TR-18805,2025-07-10,2025-07-01,TI,1000095,DESPESA,1885.5475973216185,1885.5475973216185,BRL,Certificado digital adquirido por TI,26,PIX,PAGO,d4641add-3306-4ba7-b535-358854b3d242,2025-08-05,ERP_CORPORATIVO,TRANSACOES_FINANCEIRAS,18805,27552bca27654b4279535f5a075a21821620904f70ab528e7d0b728b5ae5b078
TR-18806,2025-07-21,2025-07-01,COMP,1000095,RECEITA,2121.3070455269294,2029.8442318221303,BRL,Propaganda e divulgação para área COMP,13,TED,PAGO,d4641add-3306-4ba7-b535-358854b3d242,2025-08-05,ERP_CORPORATIVO,TRANSACOES_FINANCEIRAS,18806,1e895816102f9b06059201b890caa6fb25050a7311352fe675857328f997ee1e
TR-18807,2025-07-14,2025-07-01,JUR,1000095,RECEITA,1733.6675752631527,1733.6675752631527,BRL,Publicidade institucional - JUR,13,TRANSFERENCIA,CANCELADO,d4641add-3306-4ba7-b535-358854b3d242,2025-08-05,ERP_CORPORATIVO,TRANSACOES_FINANCEIRAS,18807,b04fc480d75fe104a4a0b64bb2b798d407f38a64c2cff92728c1cf72e69ae3f6
TR-18808,2025-07-08,2025-07-01,OP,1000095,DESPESA,1884.1155636102274,1884.1155636102274,BRL,Propaganda e divulgação para área OP,13,PIX,PAGO,d4641add-3306-4ba7-b535-358854b3d242,2025-08-05,ERP_CORPORATIVO,TRANSACOES_FINANCEIRAS,18808,f2e1d178708c072d7f5100cb7f57f6db6a9b14d25eb3b19be75090bf15d1b68e
TR-18809,2025-07-08,2025-07-01,OP,1000095,RECEITA,1679.0052389135908,1640.3759509700697,BRL,Licença de software para área OP,27,TRANSFERENCIA,PAGO,d4641add-3306-4ba7-b535-358854b3d242,2025-08-05,ERP_CORPORATIVO,TRANSACOES_FINANCEIRAS,18809,51b6110743643cc6f12d225feef32d0112d6c2b40a18987de9ba334c5a616b20
TR-18810,2025-07-08,2025-07-01,VND,1000095,RECEITA,1719.2900312176005,1719.2900312176005,BRL,Material de marketing solicitado por VND,15,PIX,PAGO,d4641add-3306-4ba7-b535-358854b3d242,2025-08-05,ERP_CORPORATIVO,TRANSACOES_FINANCEIRAS,18810,c4b479143a70892afe0e1557edf518437b86168a6419b70b6e86bf6a52d3c22a
TR-18811,2025-07-18,2025-07-01,COMP,1000095,RECEITA,1796.9534632067578,1742.6076042869033,BRL,Licenciamento de software - COMP,5,BOLETO,ATRASADO,d4641add-3306-4ba7-b535-358854b3d242,2025-08-05,ERP_CORPORATIVO,TRANSACOES_FINANCEIRAS,18811,350f76acb627df9be2f08f9c45aa87144afc4a5ce140b39ced5c50817fa955ee
TR-18812,2025-07-04,2025-07-01,CPT,1000095,DESPESA,2234.015497801348,2188.462622818651,BRL,Serviço técnico especializado para CPT,11,TED,PAGO,d4641add-3306-4ba7-b535-358854b3d242,2025-08-05,ERP_CORPORATIVO,TRANSACOES_FINANCEIRAS,18812,7c15ac89c92a256e47b64c7a5285d4d4075b1546d132b1af25584fdfa83471b4
TR-18813,2025-07-28,2025-07-01,COMP,1000095,RECEITA,1904.3030590524415,1904.3030590524415,BRL,Reparo e conservação de instalações - COMP,10,TED,ATRASADO,d4641add-3306-4ba7-b535-358854b3d242,2025-08-05,ERP_CORPORATIVO,TRANSACOES_FINANCEIRAS,18813,170e0050bb24ef02ef1c2031b551d2e0cc436e086dd7c0785b88dfea4437a58f
TR-18814,2025-07-09,2025-07-01,MKT,1000095,DESPESA,2472.3950971383947,2472.3950971383947,BRL,Compra de insumos para setor MKT,2,TRANSFERENCIA,ATRASADO,d4641add-3306-4ba7-b535-358854b3d242,2025-08-05,ERP_CORPORATIVO,TRANSACOES_FINANCEIRAS,18814,f25a3fbd4306d4c04e991cbf28ca194971546321d331b34299d184053c96f544
TR-18815,2025-07-14,2025-07-01,TI,1000095,RECEITA,2088.130141929914,2054.6271160706183,BRL,Campanha institucional - TI,4,PIX,PAGO,d4641add-3306-4ba7-b535-358854b3d242,2025-08-05,ERP_CORPORATIVO,TRANSACOES_FINANCEIRAS,18815,85d25b326624b2c8fe651019b99d6cde06b8d2b9e0ea151f594e0dfd94925e6a
TR-18816,2025-07-09,2025-07-01,FIN,1000095,DESPESA,2093.812980069097,2093.812980069097,BRL,Tarifas de serviços financeiros - FIN,22,TED,PAGO,d4641add-3306-4ba7-b535-358854b3d242,2025-08-05,ERP_CORPORATIVO,TRANSACOES_FINANCEIRAS,18816,91e1ca3af7705e46df2507dd951926281e29ec5488f0dc5bf0c5db660e6abedf
TR-18817,2025-07-23,2025-07-01,FIN,1000095,DESPESA,1701.2909459994887,1661.719565406543,BRL,Serviço especializado solicitado por FIN,1,BOLETO,ATRASADO,d4641add-3306-4ba7-b535-358854b3d242,2025-08-05,ERP_CORPORATIVO,TRANSACOES_FINANCEIRAS,18817,ef02607f9f445b4bd02566f36e26e84170c0bafc10f7a7c86f7155d763e26d7f
TR-18818,2025-07-04,2025-07-01,TI,1000095,RECEITA,1869.0490836273277,1869.0490836273277,BRL,Suporte técnico para sistemas de TI,29,TED,CANCELADO,d4641add-3306-4ba7-b535-358854b3d242,2025-08-05,ERP_CORPORATIVO,TRANSACOES_FINANCEIRAS,18818,b842268dafbbe748536d3a0fdb6c8004201ecaac53e6e4bd0b62fe0daf41575a
TR-18819,2025-07-21,2025-07-01,MKT,1000095,DESPESA,4149.581365326081,4149.581365326081,BRL,Participação nos resultados vinculada a MKT,34,TED,CANCELADO,d4641add-3306-4ba7-b535-358854b3d242,2025-08-05,ERP_CORPORATIVO,TRANSACOES_FINANCEIRAS,18819,2316a6e90b23fbc22bc3a0003cb77790bad4e6f6474742d22db1ca013caaa653
TR-18820,2025-07-07,2025-07-01,OP,1000095,DESPESA,1840.0576143582614,1840.0576143582614,BRL,Reparo e conservação de instalações - OP,10,PIX,CANCELADO,d4641add-3306-4ba7-b535-358854b3d242,2025-08-05,ERP_CORPORATIVO,TRANSACOES_FINANCEIRAS,18820,2c98bcd87b1854c62b501bb91ba46d625bc449be8fc66babe780134dada3c6ef
TR-18821,2025-07-30,2025-07-01,COMP,1000095,DESPESA,1813.1716494665327,1813.1716494665327,BRL,Consultoria estratégica para área COMP,12,TED,PAGO,d4641add-3306-4ba7-b535-358854b3d242,2025-08-05,ERP_CORPORATIVO,TRANSACOES_FINANCEIRAS,18821,cf65bc0d09a5233d5519777db0cb21c6cfb8a65ff1ee529baf3317af13ea25c2
TR-18822,2025-07-14,2025-07-01,CTB,1000095,DESPESA,1890.0219395253287,1814.991975606187,BRL,Assessoria legal vinculada à área CTB,7,TED,PAGO,d4641add-3306-4ba7-b535-358854b3d242,2025-08-05,ERP_CORPORATIVO,TRANSACOES_FINANCEIRAS,18822,bab3be92528233771afa62d6fe1381181fbfb36e034e87c0ad306e0939db3654
TR-18823,2025-07-14,2025-07-01,OP,1000095,RECEITA,2061.2898579578496,1982.8970784792705,BRL,Custo operacional associado a OP,8,TED,PAGO,d4641add-3306-4ba7-b535-358854b3d242,2025-08-05,ERP_CORPORATIVO,TRANSACOES_FINANCEIRAS,18823,6325fd5c6e737b573009095113537feddc3af8b0b8eab03ae01972178bb4a577
TR-18824,2025-07-14,2025-07-01,OP,1000095,DESPESA,1848.8918963756232,1818.632016270421,BRL,Campanha institucional - OP,4,TRANSFERENCIA,CANCELADO,d4641add-3306-4ba7-b535-358854b3d242,2025-08-05,ERP_CORPORATIVO,TRANSACOES_FINANCEIRAS,18824,832cd7549e7e67a1e176a7982e98bd17d8036b34697a20c1a90cd1f20a01a6d3
TR-18825,2025-07-14,2025-07-01,COMP,1000095,DESPESA,2065.004552008483,2065.004552008483,USD,Direitos de propriedade intelectual - COMP,32,BOLETO,PAGO,d4641add-3306-4ba7-b535-358854b3d242,2025-08-05,ERP_CORPORATIVO,TRANSACOES_FINANCEIRAS,18825,14cf534c73a58d847857d2182e53b6b0f49f9bf231227d354424e1915111cf5f
TR-19128,2025-07-02,2025-07-01,RH,ACC-00097,RECEITA,970.2806418375895,970.2806418375895,BRL,Serviço de tecnologia contratado por RH,5,PIX,PAGO,d4641add-3306-4ba7-b535-358854b3d242,2025-08-05,ERP_CORPORATIVO,TRANSACOES_FINANCEIRAS,19128,5bc3e92793ac5f6a58f4ef5852fdf540695eaaef2f642a33493ee945a9eeef27
TR-19129,2025-07-14,2025-07-01,MKT,ACC-00097,DESPESA,1058.4239591890719,1042.5924561475522,BRL,Contrato de serviço - setor MKT,1,BOLETO,PAGO,d4641add-3306-4ba7-b535-358854b3d242,2025-08-05,ERP_CORPORATIVO,TRANSACOES_FINANCEIRAS,19129,9715bc610648b6479db6dc6452737ff27382a9b77150bf5d3dfc8ef71e819344
TR-19130,2025-07-24,2025-07-01,SEC,ACC-00097,RECEITA,997.114418301487,997.114418301487,BRL,Diária de hotel para equipe SEC,19,TRANSFERENCIA,PAGO,d4641add-3306-4ba7-b535-358854b3d242,2025-08-05,ERP_CORPORATIVO,TRANSACOES_FINANCEIRAS,19130,65c0f0029526aa032eef1b2d32a1b7d4fcdda7180d44a030f80b1638527b8a94
TR-19131,2025-07-18,2025-07-01,FIN,ACC-00097,RECEITA,939.2519464606014,910.8871744546497,BRL,Promoção e atividade externa - FIN,14,CARTAO,PAGO,d4641add-3306-4ba7-b535-358854b3d242,2025-08-05,ERP_CORPORATIVO,TRANSACOES_FINANCEIRAS,19131,14811758967fe02056baf189c10f90cce0863478b95c142896b7962f83808c5d
TR-19132,2025-07-04,2025-07-01,OP,ACC-00097,RECEITA,1068.6958751217287,1068.6958751217287,BRL,Participação nos resultados vinculada a OP,34,PIX,ATRASADO,d4641add-3306-4ba7-b535-358854b3d242,2025-08-05,ERP_CORPORATIVO,TRANSACOES_FINANCEIRAS,19132,47c076e5e2de8b8e2d11fdf093a3489db182760ef90f2ba3c76d181eb53dab3f
TR-19133,2025-07-29,2025-07-01,FIN,ACC-00097,RECEITA,1149.9400254346658,1149.9400254346658,BRL,Venda de ativo imobilizado por FIN,35,PIX,PAGO,d4641add-3306-4ba7-b535-358854b3d242,2025-08-05,ERP_CORPORATIVO,TRANSACOES_FINANCEIRAS,19133,fa840643c3bbeced0259424ee37c352dba25e4f622b64b240bcf5c97f205fbaf
TR-19134,2025-07-29,2025-07-01,ADM,ACC-00097,RECEITA,853.6317689187753,853.6317689187753,BRL,Compra de insumos para setor ADM,2,TRANSFERENCIA,PAGO,d4641add-3306-4ba7-b535-358854b3d242,2025-08-05,ERP_CORPORATIVO,TRANSACOES_FINANCEIRAS,19134,4733d6f0ac7cbf02ab939ba83f4d63b6eb033529828b8e25b7234226676cace0
TR-19135,2025-07-14,2025-07-01,CTB,ACC-00097,RECEITA,937.9173872149502,937.9173872149502,BRL,Certificado digital adquirido por CTB,26,PIX,PAGO,d4641add-3306-4ba7-b535-358854b3d242,2025-08-05,ERP_CORPORATIVO,TRANSACOES_FINANCEIRAS,19135,2f2e17b9c12b54ca70bebbee6ade9674d51d4df71c9f587c56d7f2e77d469c8b
TR-19136,2025-07-23,2025-07-01,QAS,ACC-00097,DESPESA,1056.808508374064,1056.808508374064,BRL,Licenciamento de software - QAS,5,BOLETO,PAGO,d4641add-3306-4ba7-b535-358854b3d242,2025-08-05,ERP_CORPORATIVO,TRANSACOES_FINANCEIRAS,19136,f4d3510b006605db296b10debca81044dc6687565ccd1796f450cb50f0b7ecbf
TR-19137,2025-07-14,2025-07-01,FIN,ACC-00097,RECEITA,887.6096762041761,868.3049557359818,BRL,Manutenção estrutural vinculada à área FIN,3,TRANSFERENCIA,PAGO,d4641add-3306-4ba7-b535-358854b3d242,2025-08-05,ERP_CORPORATIVO,TRANSACOES_FINANCEIRAS,19137,452077553c2a6f88288e143a821b536d8f2388d39e7a53f3fc80044eb735c112
TR-19138,2025-07-11,2025-07-01,PJT,ACC-00097,RECEITA,988.6355853556923,988.6355853556923,BRL,Honorarium advocatício - PJT,24,TRANSFERENCIA,PAGO,d4641add-3306-4ba7-b535-358854b3d242,2025-08-05,ERP_CORPORATIVO,TRANSACOES_FINANCEIRAS,19138,b24007d5529a3674a9358859bfb22c07e0a80ef207534d3a2030e3ce80aa45d6
TR-19139,2025-07-28,2025-07-01,ADM,ACC-00097,DESPESA,1140.1195235604744,1088.6685387922812,BRL,Abatimento comercial registrado em ADM,38,BOLETO,PAGO,d4641add-3306-4ba7-b535-358854b3d242,2025-08-05,ERP_CORPORATIVO,TRANSACOES_FINANCEIRAS,19139,8560ddf37064858e4d03770d66294ad4b36767e13f8a665ea9bce8b1c474a83e
TR-19140,2025-07-21,2025-07-01,COMP,ACC-00097,DESPESA,1068.5742730109341,1068.5742730109341,BRL,Despesa de RH - COMP,6,TRANSFERENCIA,PAGO,d4641add-3306-4ba7-b535-358854b3d242,2025-08-05,ERP_CORPORATIVO,TRANSACOES_FINANCEIRAS,19140,4289beeb2dd9c003868534b1fe878f331c4e204ff2bd8056c70957ad4efc4c94
TR-19141,2025-07-15,2025-07-01,FIN,ACC-00097,DESPESA,1057.7673423183835,1028.125876276592,BRL,Capacitação profissional vinculada a FIN,30,TRANSFERENCIA,PAGO,d4641add-3306-4ba7-b535-358854b3d242,2025-08-05,ERP_CORPORATIVO,TRANSACOES_FINANCEIRAS,19141,1f0f3104960d442a1742ce6150d49bedc216383845e8548181e714a4397ca15e
TR-19374,2025-07-21,2025-07-01,PJT,1000098,RECEITA,1951.6658859592444,1951.6658859592444,BRL,Custo operacional associado a PJT,8,TRANSFERENCIA,ATRASADO,d4641add-3306-4ba7-b535-358854b3d242,2025-08-05,ERP_CORPORATIVO,TRANSACOES_FINANCEIRAS,19374,d8094cf2eb995766e8e66c5da329b29341f2d3dec7b4638125a2cf2608e566a5
TR-19375,2025-07-08,2025-07-01,ATD,1000098,RECEITA,2412.9766933985857,2412.9766933985857,BRL,Aquisição de material operacional - ATD,2,PIX,PAGO,d4641add-3306-4ba7-b535-358854b3d242,2025-08-05,ERP_CORPORATIVO,TRANSACOES_FINANCEIRAS,19375,b15629ed1fb1f065a42e09fa1d74fb90a3ccf927b7b5b7d6cdd50b675fb294a1
TR-19376,2025-07-28,2025-07-01,COMP,1000098,DESPESA,2132.0914581858583,2047.4427589384545,BRL,Manutenção estrutural vinculada à área COMP,3,TED,CANCELADO,d4641add-3306-4ba7-b535-358854b3d242,2025-08-05,ERP_CORPORATIVO,TRANSACOES_FINANCEIRAS,19376,e3a698b294c4c433ee5ca9d058c254b481d33d9526574161fc008f42524c54a4
TR-19377,2025-07-09,2025-07-01,PES,1000098,RECEITA,2058.32266788427,2058.32266788427,BRL,Atendimento de TI requisitado por PES,29,TED,PAGO,d4641add-3306-4ba7-b535-358854b3d242,2025-08-05,ERP_CORPORATIVO,TRANSACOES_FINANCEIRAS,19377,1dada5e68f9265e5820160a6117378c8c60ed42b1c2e8d7d440459d575a6dc3c
TR-19378,2025-07-18,2025-07-01,PES,1000098,RECEITA,1745.5899679036547,1745.5899679036547,BRL,Renovação de certificados digitais - PES,26,TED,PAGO,d4641add-3306-4ba7-b535-358854b3d242,2025-08-05,ERP_CORPORATIVO,TRANSACOES_FINANCEIRAS,19378,70da490551d287c2fb9519e35efd3fa66607dab4cd945c171fe43d50e0b3d479
TR-19379,2025-07-01,2025-07-01,PJT,1000098,DESPESA,2134.2466552377277,2134.2466552377277,BRL,Comissão recebida por PJT,33,BOLETO,PAGO,d4641add-3306-4ba7-b535-358854b3d242,2025-08-05,ERP_CORPORATIVO,TRANSACOES_FINANCEIRAS,19379,31af8ef726a8bad100fba90297255534eeddc84e2ac208384e897dcadd2eeb2d
TR-19380,2025-07-21,2025-07-01,LOG,1000098,DESPESA,2092.706697278767,2022.8310830785651,BRL,Despesa operacional - LOG,8,TED,PAGO,d4641add-3306-4ba7-b535-358854b3d242,2025-08-05,ERP_CORPORATIVO,TRANSACOES_FINANCEIRAS,19380,8059e5eca5c5553c4d8a4d11b9028673b58bd7b7db8c36092f78abcdd16b608f
TR-19381,2025-07-21,2025-07-01,JUR,1000098,RECEITA,1828.2669492968114,1753.6535274195878,BRL,Contrato de serviço - setor JUR,1,PIX,PAGO,d4641add-3306-4ba7-b535-358854b3d242,2025-08-05,ERP_CORPORATIVO,TRANSACOES_FINANCEIRAS,19381,8a6270a1d83ec1166dbbe5296d7f1018546d54ffadf13606e9e718d52d319e01
TR-19741,2025-07-21,2025-07-01,RH,ACC-00100,DESPESA,2015.01322318864,2015.01322318864,BRL,Despesa de infraestrutura - RH,3,PIX,PAGO,d4641add-3306-4ba7-b535-358854b3d242,2025-08-05,ERP_CORPORATIVO,TRANSACOES_FINANCEIRAS,19741,2ed6b2b091b5f8a1a31958914f594cbc22728a8265355bb9052bbf8a261fb55a
TR-19742,2025-07-16,2025-07-01,TI,ACC-00100,DESPESA,2504.5268248356115,2504.5268248356115,BRL,Receita de aluguel creditada em TI,31,TRANSFERENCIA,PAGO,d4641add-3306-4ba7-b535-358854b3d242,2025-08-05,ERP_CORPORATIVO,TRANSACOES_FINANCEIRAS,19742,a556ff0d1be838e96563b28c9014096d60a9e7a1f88eec60db02fe7d5ab74f97
TR-19743,2025-07-21,2025-07-01,COMP,ACC-00100,RECEITA,2055.420013293006,2055.420013293006,BRL,Licenciamento de software - COMP,5,CARTAO,PAGO,d4641add-3306-4ba7-b535-358854b3d242,2025-08-05,ERP_CORPORATIVO,TRANSACOES_FINANCEIRAS,19743,7dd3589aab1272d71bedf8c21b8f7c0de9700e78049c510905a175055b0a6b01
TR-19744,2025-07-16,2025-07-01,COMP,ACC-00100,DESPESA,2263.896120524163,2161.576737597022,BRL,Despesa operacional - COMP,8,PIX,PAGO,d4641add-3306-4ba7-b535-358854b3d242,2025-08-05,ERP_CORPORATIVO,TRANSACOES_FINANCEIRAS,19744,fbdbec7a8188a2ddca497667561b8978ef6d07467e687bcff742cfc2712ba7db
TR-19745,2025-07-15,2025-07-01,COM,ACC-00100,RECEITA,1403.5618384278798,1291.012386045484,BRL,Receita eventual registrada em COM,37,BOLETO,PAGO,d4641add-3306-4ba7-b535-358854b3d242,2025-08-05,ERP_CORPORATIVO,TRANSACOES_FINANCEIRAS,19745,bc6b12dd3f6b98a6b31383313a5a4eafb1f7283bd4ccd924f83b441e9172c11f
TR-19746,2025-07-21,2025-07-01,TI,ACC-00100,RECEITA,2171.6511773498673,2171.6511773498673,BRL,Atendimento de TI requisitado por TI,29,TED,PAGO,d4641add-3306-4ba7-b535-358854b3d242,2025-08-05,ERP_CORPORATIVO,TRANSACOES_FINANCEIRAS,19746,865c182da2c7bf90379aee6c7a1a13291db356b2306aa6ca238ac1f43abfbb02
TR-19747,2025-07-14,2025-07-01,COM,ACC-00100,DESPESA,2719.2306607292917,2665.535925418569,BRL,Prestação de serviço para área COM,1,TED,ATRASADO,d4641add-3306-4ba7-b535-358854b3d242,2025-08-05,ERP_CORPORATIVO,TRANSACOES_FINANCEIRAS,19747,1a882355d5ef4eb5e377aede1c0399786a0b4a4881d515cfaf9024c64e7f8a03
TR-19748,2025-07-17,2025-07-01,JUR,ACC-00100,DESPESA,2830.7548171341427,2830.7548171341427,BRL,Licenciamento de software - JUR,5,TRANSFERENCIA,PAGO,d4641add-3306-4ba7-b535-358854b3d242,2025-08-05,ERP_CORPORATIVO,TRANSACOES_FINANCEIRAS,19748,cd96db41b12e2301ad370e6bc9bd22d14c31d9dd786307c8362066240618bb85
TR-19749,2025-07-14,2025-07-01,COM,ACC-00100,RECEITA,2143.3219580429336,2102.2383762193053,BRL,Encargos de empréstimo vinculados a COM,23,PIX,PAGO,d4641add-3306-4ba7-b535-358854b3d242,2025-08-05,ERP_CORPORATIVO,TRANSACOES_FINANCEIRAS,19749,d95cebb51bc4cb272f67a2696790c86bb1e2e8a97c4787f24074172359aeec17
TR-19750,2025-07-25,2025-07-01,FIN,ACC-00100,DESPESA,2151.752349154839,2151.752349154839,BRL,Abastecimento de veículos - FIN,16,TRANSFERENCIA,PAGO,d4641add-3306-4ba7-b535-358854b3d242,2025-08-05,ERP_CORPORATIVO,TRANSACOES_FINANCEIRAS,19750,43771bdb1a00dc9b0d5254d214fde038fccbd9effc10d4bf9b686a49da746b1d
TR-19751,2025-07-21,2025-07-01,ESG,ACC-00100,DESPESA,2224.345099553289,2224.345099553289,BRL,Compra de insumos para setor ESG,2,PIX,PAGO,d4641add-3306-4ba7-b535-358854b3d242,2025-08-05,ERP_CORPORATIVO,TRANSACOES_FINANCEIRAS,19751,8234edc1130e6b7e8d19ff88a582b981e1cba4bf21a0bf3e41094078235155ae
TR-19752,2025-07-23,2025-07-01,RH,ACC-00100,DESPESA,2608.0882569291175,2608.0882569291175,BRL,Aquisição de material operacional - RH,2,PIX,PAGO,d4641add-3306-4ba7-b535-358854b3d242,2025-08-05,ERP_CORPORATIVO,TRANSACOES_FINANCEIRAS,19752,f98eee93f2b6e0cbc7a6a0fac9be4d7adc8689cec1306708cb702c16fd25dae2
TR-19753,2025-07-15,2025-07-01,COMP,ACC-00100,DESPESA,2439.775467106356,2439.775467106356,BRL,Suporte técnico para sistemas de COMP,29,CARTAO,PAGO,d4641add-3306-4ba7-b535-358854b3d242,2025-08-05,ERP_CORPORATIVO,TRANSACOES_FINANCEIRAS,19753,dc6e145a4ea3f268a4122fbf856552ebb5b380b3fb766d0c8b5a898b76b7393e
TR-19754,2025-07-23,2025-07-01,ESG,ACC-00100,DESPESA,2505.3084712207187,2505.3084712207187,BRL,Despesa de infraestrutura - ESG,3,CARTAO,PAGO,d4641add-3306-4ba7-b535-358854b3d242,2025-08-05,ERP_CORPORATIVO,TRANSACOES_FINANCEIRAS,19754,ef795eb487c5207c6f809c500415fbf163d659d68680751f58604e21f09b1319
TR-19755,2025-07-16,2025-07-01,LOG,ACC-00100,DESPESA,2650.756931179552,2650.756931179552,BRL,Hospedagem em viagem a serviço de LOG,19,TED,PAGO,d4641add-3306-4ba7-b535-358854b3d242,2025-08-05,ERP_CORPORATIVO,TRANSACOES_FINANCEIRAS,19755,34cb688d3788c55df7edb54f492ce11ab5f1f39ed479b5d5d1eb38e56013de66
TR-19756,2025-07-21,2025-07-01,COMP,ACC-00100,DESPESA,572.98663038026,480.95120492424485,BRL,Prestação de serviço para área COMP,1,BOLETO,PAGO,d4641add-3306-4ba7-b535-358854b3d242,2025-08-05,ERP_CORPORATIVO,TRANSACOES_FINANCEIRAS,19756,ac1633770d190b546e0da014ce96837139c4f44f84a6c823df4597542ab77a42
TR-19757,2025-07-21,2025-07-01,COMP,ACC-00100,RECEITA,2443.8792829119243,2443.8792829119243,BRL,Serviço relacionado a recursos humanos (COMP),6,PIX,CANCELADO,d4641add-3306-4ba7-b535-358854b3d242,2025-08-05,ERP_CORPORATIVO,TRANSACOES_FINANCEIRAS,19757,7d9493c85d0342f7bf7a05db51119b5e5498f6e64ae5105ec337ab0e4ea798cd
TR-19758,2025-07-07,2025-07-01,PES,ACC-00100,RECEITA,2336.009867507195,2245.847902405731,USD,Propaganda e divulgação para área PES,13,TRANSFERENCIA,PAGO,d4641add-3306-4ba7-b535-358854b3d242,2025-08-05,ERP_CORPORATIVO,TRANSACOES_FINANCEIRAS,19758,c21238f0e31a15a0b292deebeece68e8256c4c2852ec661bdf4a6dc8cdf2f871
TR-19759,2025-07-14,2025-07-01,QAS,ACC-00100,DESPESA,2426.190173060088,2386.434283195127,BRL,Comissão recebida por QAS,33,BOLETO,ATRASADO,d4641add-3306-4ba7-b535-358854b3d242,2025-08-05,ERP_CORPORATIVO,TRANSACOES_FINANCEIRAS,19759,fe7505ca9048b4107dc3f09c195e7c618b03e15ed0d939d80cf12f6f9a0f1204
TR-19760,2025-07-28,2025-07-01,JUR,ACC-00100,DESPESA,2607.069974230882,2607.069974230882,BRL,Aquisição de material operacional - JUR,2,TED,PAGO,d4641add-3306-4ba7-b535-358854b3d242,2025-08-05,ERP_CORPORATIVO,TRANSACOES_FINANCEIRAS,19760,e2f609d693558697e2be2f6dcb69db64ab8c5759f81ec95acfff30c65dd8460d
TR-19761,2025-07-10,2025-07-01,SEC,ACC-00100,RECEITA,2289.0618349431857,2289.0618349431857,BRL,Despesa jurídica da área SEC,24,BOLETO,PAGO,d4641add-3306-4ba7-b535-358854b3d242,2025-08-05,ERP_CORPORATIVO,TRANSACOES_FINANCEIRAS,19761,f9c0bc1897b562d152cee73639ed2aee056335c4bfabab6f107431433147a9b7
TR-20062,2025-07-08,2025-07-01,COMP,1000100,RECEITA,2812.089912357188,2812.089912357188,BRL,Prestação de serviço para área COMP,1,TRANSFERENCIA,ATRASADO,d4641add-3306-4ba7-b535-358854b3d242,2025-08-05,ERP_CORPORATIVO,TRANSACOES_FINANCEIRAS,20062,db345447b20e02eb9a310ddacb193cfaabb86507117cedef94af9b8d06125880
TR-20063,2025-07-08,2025-07-01,ATD,1000100,RECEITA,2728.9893623099497,2728.9893623099497,BRL,Capacitação profissional vinculada a ATD,30,BOLETO,PAGO,d4641add-3306-4ba7-b535-358854b3d242,2025-08-05,ERP_CORPORATIVO,TRANSACOES_FINANCEIRAS,20063,4e3b3733f811cc32b410ec71b227aa604d09fa9c5cddee2d21961d69b4247e98
TR-20064,2025-07-23,2025-07-01,CTB,1000100,RECEITA,2929.000536059141,2787.16074323662,BRL,Evento corporativo organizado por CTB,14,BOLETO,PAGO,d4641add-3306-4ba7-b535-358854b3d242,2025-08-05,ERP_CORPORATIVO,TRANSACOES_FINANCEIRAS,20064,da21056c60b4c8a8b8914463cc3caddecb1b5acc4d06fd1f9464b9101260ccb5
TR-20065,2025-07-21,2025-07-01,SEC,1000100,DESPESA,2637.5788666819317,2637.5788666819317,BRL,Contrato de SaaS vinculado a SEC,27,TED,ATRASADO,d4641add-3306-4ba7-b535-358854b3d242,2025-08-05,ERP_CORPORATIVO,TRANSACOES_FINANCEIRAS,20065,7d5cb89993d2935c1aa4f75d063ec54dc960d06f3852a367efa6b5b211662627
TR-20066,2025-07-18,2025-07-01,COMP,1000100,DESPESA,3119.276650561849,3119.276650561849,BRL,Contrato de consultoria externa - COMP,12,PIX,ATRASADO,d4641add-3306-4ba7-b535-358854b3d242,2025-08-05,ERP_CORPORATIVO,TRANSACOES_FINANCEIRAS,20066,c10f77656cabccb689e1c9dca43c4512acb21ef12e834d0bc288780baeb12567
TR-20067,2025-07-18,2025-07-01,COMP,1000100,DESPESA,3641.948349981638,3571.044688989919,BRL,Aquisição de material operacional - COMP,2,PIX,PAGO,d4641add-3306-4ba7-b535-358854b3d242,2025-08-05,ERP_CORPORATIVO,TRANSACOES_FINANCEIRAS,20067,a03495724843c03333c46a0c3ef172399f7ab37f1fe71ed68f340395ccc5f414
TR-20068,2025-07-03,2025-07-01,VND,1000100,DESPESA,2533.613866948844,2533.613866948844,BRL,Manutenção de equipamentos de VND,28,PIX,PAGO,d4641add-3306-4ba7-b535-358854b3d242,2025-08-05,ERP_CORPORATIVO,TRANSACOES_FINANCEIRAS,20068,e479126940a6b5a4ca242f46fda6d14e26f4e94a24b512e004f5ba3b2f22b979
TR-20069,2025-07-18,2025-07-01,JUR,1000100,DESPESA,3045.097387285621,3045.097387285621,BRL,Licenciamento de software - JUR,5,PIX,PAGO,d4641add-3306-4ba7-b535-358854b3d242,2025-08-05,ERP_CORPORATIVO,TRANSACOES_FINANCEIRAS,20069,1f9f6346d839b8865d9383936b5fbc5b5ac6ff9fdbbafd21bb521350dcbcae46
TR-20070,2025-07-10,2025-07-01,TI,1000100,RECEITA,3045.573417489515,2964.732642505953,BRL,Prestação de serviço para área TI,1,PIX,PAGO,d4641add-3306-4ba7-b535-358854b3d242,2025-08-05,ERP_CORPORATIVO,TRANSACOES_FINANCEIRAS,20070,cc2be2ea819701616cbb5befddceada6ea8a025a22c6e30c74c26c7b120c3358
TR-20071,2025-07-10,2025-07-01,LOG,1000100,DESPESA,2844.319772280636,2844.319772280636,BRL,Custo operacional associado a LOG,8,TRANSFERENCIA,PAGO,d4641add-3306-4ba7-b535-358854b3d242,2025-08-05,ERP_CORPORATIVO,TRANSACOES_FINANCEIRAS,20071,4132bf48398490a16b8ba415ec78002d4840c02da643fe11853798f239b89435
TR-20506,2025-07-11,2025-07-01,FIN,ACC-00102,RECEITA,1198.4155670413334,1174.7948830155099,BRL,Contrato de serviço - setor FIN,1,BOLETO,PAGO,d4641add-3306-4ba7-b535-358854b3d242,2025-08-05,ERP_CORPORATIVO,TRANSACOES_FINANCEIRAS,20506,e9264e98f7f2416fb87e611a123f6ab7b4085607e1d33c8aa928a1fe3d3d14b6
TR-20507,2025-07-28,2025-07-01,QAS,ACC-00102,DESPESA,1396.6601605049152,1327.6851203694052,BRL,Manutenção estrutural vinculada à área QAS,3,BOLETO,PAGO,d4641add-3306-4ba7-b535-358854b3d242,2025-08-05,ERP_CORPORATIVO,TRANSACOES_FINANCEIRAS,20507,1ced1f438044ef09b77542bc92b7d63997d5e9c864e42b63afd38f9f3548e8ea
TR-20508,2025-07-07,2025-07-01,RH,ACC-00102,RECEITA,1397.1714121156924,1397.1714121156924,BRL,Promoção e atividade externa - RH,14,CARTAO,ATRASADO,d4641add-3306-4ba7-b535-358854b3d242,2025-08-05,ERP_CORPORATIVO,TRANSACOES_FINANCEIRAS,20508,9c9d011a4dc89c03f6de32775e2db8e2bb06b099353e266f2d6b2481ceaea132
TR-20509,2025-07-07,2025-07-01,OP,ACC-00102,RECEITA,1400.7650389230685,1400.7650389230685,BRL,Contrato de serviço - setor OP,1,BOLETO,PAGO,d4641add-3306-4ba7-b535-358854b3d242,2025-08-05,ERP_CORPORATIVO,TRANSACOES_FINANCEIRAS,20509,da5fe39e8aa460da5e1a364ae1d64b718b981eafc4cbc297d8dab752b94d92b5
TR-20510,2025-07-28,2025-07-01,SEC,ACC-00102,DESPESA,1598.363786178818,1598.363786178818,BRL,Juros sobre operação financeira - SEC,23,PIX,PAGO,d4641add-3306-4ba7-b535-358854b3d242,2025-08-05,ERP_CORPORATIVO,TRANSACOES_FINANCEIRAS,20510,8f50d515bdbdb1bf31b55c83000e6e514e61e121a769ca868b1d9158397adcbe
TR-20511,2025-07-14,2025-07-01,VND,ACC-00102,DESPESA,1651.3634490465427,1651.3634490465427,BRL,Compra de insumos para setor VND,2,BOLETO,PAGO,d4641add-3306-4ba7-b535-358854b3d242,2025-08-05,ERP_CORPORATIVO,TRANSACOES_FINANCEIRAS,20511,1313f5d5cf873809fcaaed62809dc1deee04512c9dd88c9c6bbd66d9ee36c58f
TR-20512,2025-07-14,2025-07-01,PES,ACC-00102,DESPESA,1536.8016971474842,1536.8016971474842,BRL,Serviço de tecnologia contratado por PES,5,PIX,PAGO,d4641add-3306-4ba7-b535-358854b3d242,2025-08-05,ERP_CORPORATIVO,TRANSACOES_FINANCEIRAS,20512,4c76bf269e6241e379ed87316249410e3904951dd11267c7bd5a78dd2a020bb4
TR-20513,2025-07-10,2025-07-01,COMP,ACC-00102,DESPESA,1526.0862793669453,1526.0862793669453,BRL,Serviço relacionado a recursos humanos (COMP),6,PIX,CANCELADO,d4641add-3306-4ba7-b535-358854b3d242,2025-08-05,ERP_CORPORATIVO,TRANSACOES_FINANCEIRAS,20513,16bca60fa0b6ed558ea9fb2d92110f6876482b0da78ba4733ecdfa07ec20c30f
TR-20514,2025-07-15,2025-07-01,OP,ACC-00102,RECEITA,1427.5933005935433,1427.5933005935433,BRL,Serviço de tecnologia contratado por OP,5,PIX,PAGO,d4641add-3306-4ba7-b535-358854b3d242,2025-08-05,ERP_CORPORATIVO,TRANSACOES_FINANCEIRAS,20514,9fc6d57fed003ec7771c906f960decba531f704447f683c1f5ac148e6ae2492d
TR-20515,2025-07-10,2025-07-01,TI,ACC-00102,RECEITA,1464.6852110706698,1464.6852110706698,BRL,Campanha institucional - TI,4,TRANSFERENCIA,ATRASADO,d4641add-3306-4ba7-b535-358854b3d242,2025-08-05,ERP_CORPORATIVO,TRANSACOES_FINANCEIRAS,20515,5733d678f9d3df6d4bd8f2487198113141cfefbcebf5b7ad4238ece51c649a08
TR-20516,2025-07-28,2025-07-01,COMP,ACC-00102,DESPESA,1502.2131381799106,1502.2131381799106,BRL,Campanha institucional - COMP,4,BOLETO,PAGO,d4641add-3306-4ba7-b535-358854b3d242,2025-08-05,ERP_CORPORATIVO,TRANSACOES_FINANCEIRAS,20516,7eafcc9a43a480fea1e7d2782a3e85f0c16eda9072087a74646ff42ea4a72880
TR-20517,2025-07-07,2025-07-01,PRD,ACC-00102,DESPESA,1459.3455026555916,1426.1994289099969,BRL,Serviço de tecnologia contratado por PRD,5,TRANSFERENCIA,CANCELADO,d4641add-3306-4ba7-b535-358854b3d242,2025-08-05,ERP_CORPORATIVO,TRANSACOES_FINANCEIRAS,20517,afc54c959738fb6dda302eca61f34dd401d67dcc44de27afd00fe920dedd00fb
TR-20518,2025-07-14,2025-07-01,COMP,ACC-00102,DESPESA,1526.8959717644514,1526.8959717644514,BRL,Contrato de serviço - setor COMP,1,BOLETO,PAGO,d4641add-3306-4ba7-b535-358854b3d242,2025-08-05,ERP_CORPORATIVO,TRANSACOES_FINANCEIRAS,20518,7162719ce0572b0bd367c01a81bb3b9e7f764a1a230e30ce4d2913293efe0274
TR-20519,2025-07-15,2025-07-01,ESG,ACC-00102,DESPESA,1445.6539786703484,1445.6539786703484,BRL,Despesa de infraestrutura - ESG,3,TRANSFERENCIA,PAGO,d4641add-3306-4ba7-b535-358854b3d242,2025-08-05,ERP_CORPORATIVO,TRANSACOES_FINANCEIRAS,20519,8a273b937740ea327e5296c79d2f9c756e7c94304be938f779fcf92b51239888
TR-20520,2025-07-23,2025-07-01,COMP,ACC-00102,DESPESA,1369.518950683634,1369.518950683634,BRL,Compra de insumos para setor COMP,2,PIX,PAGO,d4641add-3306-4ba7-b535-358854b3d242,2025-08-05,ERP_CORPORATIVO,TRANSACOES_FINANCEIRAS,20520,7388d0dc3c605825e1a000d0be5946cd17930c84d616b6346835a7cac7a9a0e5
TR-20521,2025-07-04,2025-07-01,OP,ACC-00102,DESPESA,1477.17208813386,1477.17208813386,BRL,Serviço de tecnologia contratado por OP,5,PIX,PAGO,d4641add-3306-4ba7-b535-358854b3d242,2025-08-05,ERP_CORPORATIVO,TRANSACOES_FINANCEIRAS,20521,7a295f71ebbc134b42010d64f1f5199d168eb885d20264b10707ab732bebc9bf
TR-20522,2025-07-16,2025-07-01,JUR,ACC-00102,DESPESA,1405.4838999447425,1405.4838999447425,BRL,Manutenção preventiva de veículos - JUR,17,CARTAO,ATRASADO,d4641add-3306-4ba7-b535-358854b3d242,2025-08-05,ERP_CORPORATIVO,TRANSACOES_FINANCEIRAS,20522,32fcd6551523a1b79ca16772e03390c6424f3dd213089472fba5d124890c945d
TR-20523,2025-07-07,2025-07-01,JUR,ACC-00102,RECEITA,1663.9814950085404,1663.9814950085404,BRL,Receita extraordinária - JUR,37,PIX,PAGO,d4641add-3306-4ba7-b535-358854b3d242,2025-08-05,ERP_CORPORATIVO,TRANSACOES_FINANCEIRAS,20523,66e073c97da1a6da92db3cf0008bae14830e47121ec06726f2fcbba479f2a7cb
TR-20524,2025-07-07,2025-07-01,TI,ACC-00102,DESPESA,1378.840651777786,1378.840651777786,BRL,Devolução de venda processada por TI,39,TRANSFERENCIA,ATRASADO,d4641add-3306-4ba7-b535-358854b3d242,2025-08-05,ERP_CORPORATIVO,TRANSACOES_FINANCEIRAS,20524,d71b01b0566340545a4ed522a8caf9881a1458b69cec4d058f89de63712de0a9
TR-20570,2025-07-14,2025-07-01,OP,ACC-00103,DESPESA,1290.5050995271104,1290.5050995271104,USD,Doação recebida em favor de OP,36,BOLETO,PAGO,d4641add-3306-4ba7-b535-358854b3d242,2025-08-05,ERP_CORPORATIVO,TRANSACOES_FINANCEIRAS,20570,a9e82cd679a03244aa4b3da4b1a4fd9c322581d8c3a21869bd7907bac5dd9b54
TR-20571,2025-07-21,2025-07-01,OP,ACC-00103,DESPESA,1370.0176334322598,1370.0176334322598,BRL,Honorários jurídicos - OP,7,PIX,ATRASADO,d4641add-3306-4ba7-b535-358854b3d242,2025-08-05,ERP_CORPORATIVO,TRANSACOES_FINANCEIRAS,20571,5b8841ac98e72eb219047fc7abb99a9e6199d85070d53af547a80c25c5557747
TR-20572,2025-07-24,2025-07-01,PJT,ACC-00103,DESPESA,1311.8618222652801,1311.8618222652801,BRL,Aquisição de material operacional - PJT,2,TED,ATRASADO,d4641add-3306-4ba7-b535-358854b3d242,2025-08-05,ERP_CORPORATIVO,TRANSACOES_FINANCEIRAS,20572,ab215a8d2c2dbc526afd5d9ee49d6a6178767f874c10cc3ca6967bb84fdc6c9b
TR-20573,2025-07-18,2025-07-01,RH,ACC-00103,RECEITA,3173.0055024560625,3148.9614611702796,BRL,Investimento em marketing corporativo (RH),4,CARTAO,PAGO,d4641add-3306-4ba7-b535-358854b3d242,2025-08-05,ERP_CORPORATIVO,TRANSACOES_FINANCEIRAS,20573,7511316871f30d9c75bcd3fe7d04b852f9623987b47125a338eacca6a01fb5bb
TR-20574,2025-07-28,2025-07-01,COMP,ACC-00103,DESPESA,1276.4756696194174,1276.4756696194174,BRL,Despesa de infraestrutura - COMP,3,PIX,PAGO,d4641add-3306-4ba7-b535-358854b3d242,2025-08-05,ERP_CORPORATIVO,TRANSACOES_FINANCEIRAS,20574,aa325ce46b4c7162a959d86f6cf5a8421378bc59eec7a5adfdaced153eaa9555
TR-20575,2025-07-21,2025-07-01,PJT,ACC-00103,DESPESA,1246.3536525539323,1246.3536525539323,BRL,Prestação de serviço para área PJT,1,CARTAO,PAGO,d4641add-3306-4ba7-b535-358854b3d242,2025-08-05,ERP_CORPORATIVO,TRANSACOES_FINANCEIRAS,20575,459af15d1f87ee691ea3b840334ab01c5f1a1b3bfea974165c669a707df62d76
TR-20576,2025-07-07,2025-07-01,JUR,ACC-00103,DESPESA,1484.856675636097,1484.856675636097,BRL,Produção de material gráfico - JUR,15,TED,PAGO,d4641add-3306-4ba7-b535-358854b3d242,2025-08-05,ERP_CORPORATIVO,TRANSACOES_FINANCEIRAS,20576,093256e396197a391473dae4f7b40114b65327afbf1f2445ba219377d9c5d7b3
TR-20577,2025-07-04,2025-07-01,MKT,ACC-00103,DESPESA,1303.1388055864059,1303.1388055864059,BRL,Manutenção preventiva de veículos - MKT,17,TED,PAGO,d4641add-3306-4ba7-b535-358854b3d242,2025-08-05,ERP_CORPORATIVO,TRANSACOES_FINANCEIRAS,20577,37e89fd990d2faf0a59dc9d5768ef54c95fcab5a682c9002aa05f77d16b4634d
TR-20578,2025-07-08,2025-07-01,FIN,ACC-00103,DESPESA,1217.6331088557852,1171.1636405392755,BRL,Receita eventual registrada em FIN,37,CARTAO,PAGO,d4641add-3306-4ba7-b535-358854b3d242,2025-08-05,ERP_CORPORATIVO,TRANSACOES_FINANCEIRAS,20578,28a3acd41ee805319c66f0067aa06b566ae328d54329abc2c1290b14818ac86f
TR-20579,2025-07-08,2025-07-01,FIN,ACC-00103,RECEITA,1308.8766792582146,1308.8766792582146,BRL,Despesa operacional - FIN,8,BOLETO,PAGO,d4641add-3306-4ba7-b535-358854b3d242,2025-08-05,ERP_CORPORATIVO,TRANSACOES_FINANCEIRAS,20579,e224d03692e83f5aa2b0fe10dfbbb3297d34edbf0af836b5528b5b285915df62
TR-20580,2025-07-03,2025-07-01,PRD,ACC-00103,DESPESA,1293.4132049502161,1293.4132049502161,BRL,Serviços contábeis externos - PRD,25,CARTAO,PAGO,d4641add-3306-4ba7-b535-358854b3d242,2025-08-05,ERP_CORPORATIVO,TRANSACOES_FINANCEIRAS,20580,99da3d33db18a7c7d9184bbac27c70308207281d51634d5081b20342b2eea640
TR-20581,2025-07-14,2025-07-01,JUR,ACC-00103,DESPESA,1310.8292231385144,1310.8292231385144,BRL,Prestação de serviço para área JUR,1,PIX,PAGO,d4641add-3306-4ba7-b535-358854b3d242,2025-08-05,ERP_CORPORATIVO,TRANSACOES_FINANCEIRAS,20581,ba23acd3a358cae9c63da81f1eee90279a3cfad46a3d05a15b109106e4580807
TR-20582,2025-07-29,2025-07-01,RH,ACC-00103,DESPESA,1464.3475534515899,1464.3475534515899,BRL,Abatimento comercial registrado em RH,38,BOLETO,PAGO,d4641add-3306-4ba7-b535-358854b3d242,2025-08-05,ERP_CORPORATIVO,TRANSACOES_FINANCEIRAS,20582,4823d81c6cb49df013b62f782ef08ac09faed194c94feed5e698f92c2f65fc80
TR-20583,2025-07-16,2025-07-01,TI,ACC-00103,DESPESA,1280.5504635451812,1280.5504635451812,BRL,Doação recebida em favor de TI,36,BOLETO,PAGO,d4641add-3306-4ba7-b535-358854b3d242,2025-08-05,ERP_CORPORATIVO,TRANSACOES_FINANCEIRAS,20583,fa1855ca71f6c7827dafeb5e769f9de6d0009f1ee47fc8a949fd3956b4311f80
TR-20584,2025-07-21,2025-07-01,JUR,ACC-00103,DESPESA,1312.73319579948,1262.8627430937577,USD,Capacitação profissional vinculada a JUR,30,PIX,PAGO,d4641add-3306-4ba7-b535-358854b3d242,2025-08-05,ERP_CORPORATIVO,TRANSACOES_FINANCEIRAS,20584,9f6dbafa524ffbe13bbfdec9d033670d877cc67ab1972b9adc976e225b4cc9df
TR-20585,2025-07-14,2025-07-01,QAS,ACC-00103,DESPESA,1454.0925947639707,1423.4899907646811,BRL,Resultado de equivalência patrimonial - QAS,34,BOLETO,PAGO,d4641add-3306-4ba7-b535-358854b3d242,2025-08-05,ERP_CORPORATIVO,TRANSACOES_FINANCEIRAS,20585,c32761b578127bc41d62bd71445dfe5f5601e49b91aac20d1ce1476535f3ad9a
TR-20586,2025-07-09,2025-07-01,CPT,ACC-00103,RECEITA,1425.4111176653118,1425.4111176653118,BRL,Receita extraordinária - CPT,37,BOLETO,ATRASADO,d4641add-3306-4ba7-b535-358854b3d242,2025-08-05,ERP_CORPORATIVO,TRANSACOES_FINANCEIRAS,20586,a152489e688448f2cd5df9ecaa818bb08deb839a130922ddc8392b3a30d8959f
TR-20587,2025-07-14,2025-07-01,JUR,ACC-00103,RECEITA,1272.9772819159032,1272.9772819159032,BRL,Prestação de serviço para área JUR,1,PIX,PAGO,d4641add-3306-4ba7-b535-358854b3d242,2025-08-05,ERP_CORPORATIVO,TRANSACOES_FINANCEIRAS,20587,bd049e14c9ad8d52fdb59ba27fc6a09dd61c0da988d8ce499d198ac795db0f5d
TR-20588,2025-07-10,2025-07-01,COMP,ACC-00103,RECEITA,1501.80853437823,1466.3103938661745,USD,Serviço de tecnologia contratado por COMP,5,PIX,ATRASADO,d4641add-3306-4ba7-b535-358854b3d242,2025-08-05,ERP_CORPORATIVO,TRANSACOES_FINANCEIRAS,20588,c0cb44ed478fa00354a39aaa5e9df394ab0aa49b6cdb2b79750c8ed93499ae7a
TR-20938,2025-07-28,2025-07-01,QAS,ACC-00106,DESPESA,6832.239024766685,6832.239024766685,BRL,Participação nos resultados vinculada a QAS,34,PIX,PAGO,d4641add-3306-4ba7-b535-358854b3d242,2025-08-05,ERP_CORPORATIVO,TRANSACOES_FINANCEIRAS,20938,6cbc68c168b7183275e9dc2e997fe0388d69cca4da2fb176b0df7b48269a4f9a
TR-20939,2025-07-28,2025-07-01,COMP,ACC-00106,DESPESA,5763.749154464366,5763.749154464366,BRL,Campanha institucional - COMP,4,PIX,PAGO,d4641add-3306-4ba7-b535-358854b3d242,2025-08-05,ERP_CORPORATIVO,TRANSACOES_FINANCEIRAS,20939,60b5737f5d678a3cd364bc9c3a986de4187e228ecc19a5901db8887045f78bdd
TR-20940,2025-07-16,2025-07-01,OP,ACC-00106,DESPESA,5612.507636584455,5612.507636584455,BRL,Licenciamento de software - OP,5,BOLETO,PAGO,d4641add-3306-4ba7-b535-358854b3d242,2025-08-05,ERP_CORPORATIVO,TRANSACOES_FINANCEIRAS,20940,9bc5e3f7b800ce7350cab99d0590b2a0df00a27623e77273d1ef67b23527924d
TR-20941,2025-07-07,2025-07-01,PRD,ACC-00106,RECEITA,7647.7437093421195,7647.7437093421195,BRL,Serviço especializado solicitado por PRD,1,PIX,PAGO,d4641add-3306-4ba7-b535-358854b3d242,2025-08-05,ERP_CORPORATIVO,TRANSACOES_FINANCEIRAS,20941,4d4faf905489e35d61cdedf4bdb201d173bafb07a7b20285d6c9f3fc1d9954cb
TR-20942,2025-07-21,2025-07-01,LOG,ACC-00106,RECEITA,6953.387530476446,6953.387530476446,BRL,Direitos de propriedade intelectual - LOG,32,TED,PAGO,d4641add-3306-4ba7-b535-358854b3d242,2025-08-05,ERP_CORPORATIVO,TRANSACOES_FINANCEIRAS,20942,45df7d76a749d6133ffbeeff760aa5ddd61a190db7fcb397f5de2c0df699a185
TR-20943,2025-07-02,2025-07-01,RH,ACC-00106,DESPESA,5418.6048520819895,5418.6048520819895,BRL,Honorários jurídicos - RH,7,CARTAO,PAGO,d4641add-3306-4ba7-b535-358854b3d242,2025-08-05,ERP_CORPORATIVO,TRANSACOES_FINANCEIRAS,20943,8a69380047e4df57504025f56447633e39cecbf38fc940e51eefcab616ac93fc
TR-20944,2025-07-18,2025-07-01,ESG,ACC-00106,DESPESA,5590.788071872827,5590.788071872827,BRL,Reparo de frota vinculado à área ESG,17,BOLETO,PAGO,d4641add-3306-4ba7-b535-358854b3d242,2025-08-05,ERP_CORPORATIVO,TRANSACOES_FINANCEIRAS,20944,ed65722eacccf6cadae8c82dfce32e7bdd556a473e3f3c31c21efa56b5dba14c
TR-20945,2025-07-15,2025-07-01,RH,ACC-00106,DESPESA,5988.5751701636955,5771.063220974046,BRL,Campanha institucional - RH,4,PIX,PAGO,d4641add-3306-4ba7-b535-358854b3d242,2025-08-05,ERP_CORPORATIVO,TRANSACOES_FINANCEIRAS,20945,68cbe6bcb50228cae82cc5c11f970690e9a6a407c093fc1e8864608aca028d33
TR-21115,2025-07-14,2025-07-01,PJT,FORN-00107,DESPESA,2192.5202478853084,2192.5202478853084,BRL,Manutenção de equipamentos de PJT,28,PIX,PAGO,d4641add-3306-4ba7-b535-358854b3d242,2025-08-05,ERP_CORPORATIVO,TRANSACOES_FINANCEIRAS,21115,2f95b448f291f9696d0345220826cd9dadcd9d6d0a7f07b63f68b841481328a1
TR-21116,2025-07-21,2025-07-01,COMP,FORN-00107,DESPESA,2724.5375292780454,2646.8088554267006,BRL,Serviço especializado solicitado por COMP,1,BOLETO,PAGO,d4641add-3306-4ba7-b535-358854b3d242,2025-08-05,ERP_CORPORATIVO,TRANSACOES_FINANCEIRAS,21116,b82dfc329d6d18b0011d63024a12628cb703b3458f720e44810d55952de89a08
TR-21117,2025-07-21,2025-07-01,OP,FORN-00107,DESPESA,2768.2928177197937,2708.4774904288565,BRL,Investimento em marketing corporativo (OP),4,BOLETO,PAGO,d4641add-3306-4ba7-b535-358854b3d242,2025-08-05,ERP_CORPORATIVO,TRANSACOES_FINANCEIRAS,21117,ad8c545b3f367f9f29e9f68614bf2e27782eeafb2616f02edbecf55e8d8b23e3
TR-21118,2025-07-16,2025-07-01,CPT,FORN-00107,RECEITA,2394.391633151826,2282.6745641895213,USD,Reparo de hardware solicitado por CPT,28,BOLETO,PAGO,d4641add-3306-4ba7-b535-358854b3d242,2025-08-05,ERP_CORPORATIVO,TRANSACOES_FINANCEIRAS,21118,3456abd4ae847a76168de1a60795dae5e38761ec24e27059f687378efc1fc4a9
TR-21119,2025-07-15,2025-07-01,RH,FORN-00107,RECEITA,2286.481213611088,2286.481213611088,BRL,Campanha institucional - RH,4,TRANSFERENCIA,PAGO,d4641add-3306-4ba7-b535-358854b3d242,2025-08-05,ERP_CORPORATIVO,TRANSACOES_FINANCEIRAS,21119,23da2a3e34ec0faab83f19900b75bfc573df52a23b5c86827c5d0234726ec64e
TR-21120,2025-07-17,2025-07-01,OP,FORN-00107,DESPESA,2384.498120360042,2384.498120360042,BRL,Serviço de tecnologia contratado por OP,5,BOLETO,PAGO,d4641add-3306-4ba7-b535-358854b3d242,2025-08-05,ERP_CORPORATIVO,TRANSACOES_FINANCEIRAS,21120,f608e11a6a367f7f2ee1bb5dcc2eea179d2bb8e087ff3341b718ce280ed4a040
TR-21121,2025-07-17,2025-07-01,RH,FORN-00107,RECEITA,2663.9400193367374,2537.8415859981606,BRL,Publicidade institucional - RH,13,TED,PAGO,d4641add-3306-4ba7-b535-358854b3d242,2025-08-05,ERP_CORPORATIVO,TRANSACOES_FINANCEIRAS,21121,6e7ecb10ed94a463d990dce2286914efadd02a8c62cb84d7d3a9c0c8336aef04
TR-21122,2025-07-09,2025-07-01,PJT,FORN-00107,DESPESA,2323.667350342082,2231.3683040225087,USD,Compra de insumos para setor PJT,2,PIX,ATRASADO,d4641add-3306-4ba7-b535-358854b3d242,2025-08-05,ERP_CORPORATIVO,TRANSACOES_FINANCEIRAS,21122,5a1237355996bae5ed54331c89041f159e2daa01a08d96733d3b3e7c68ea95df
TR-21123,2025-07-08,2025-07-01,MKT,FORN-00107,RECEITA,2296.9151090412215,2296.9151090412215,BRL,Combustível e lubrificantes para frota (MKT),16,BOLETO,PAGO,d4641add-3306-4ba7-b535-358854b3d242,2025-08-05,ERP_CORPORATIVO,TRANSACOES_FINANCEIRAS,21123,b77c930406c4444747038234890c10595f19484128d6d748587b0a3700acb52d
TR-21124,2025-07-11,2025-07-01,OP,FORN-00107,DESPESA,3244.221076930166,3147.194816160606,BRL,Serviço de tecnologia contratado por OP,5,CARTAO,PAGO,d4641add-3306-4ba7-b535-358854b3d242,2025-08-05,ERP_CORPORATIVO,TRANSACOES_FINANCEIRAS,21124,941042ba31a314210c803455c795a32df6c60d8a7f15caa3420157b674008388
TR-21125,2025-07-14,2025-07-01,RH,FORN-00107,DESPESA,2628.4575156828487,2628.4575156828487,BRL,Reparo e conservação de instalações - RH,10,PIX,PAGO,d4641add-3306-4ba7-b535-358854b3d242,2025-08-05,ERP_CORPORATIVO,TRANSACOES_FINANCEIRAS,21125,c5693b86067dfb3c113bda38f8c6f550013cfeb75520ffa426e37ad9385a4ed9
TR-21553,2025-07-15,2025-07-01,FIN,FORN-00109,RECEITA,2252.58031036658,2252.58031036658,BRL,Treinamento corporativo para equipe FIN,30,TED,PAGO,d4641add-3306-4ba7-b535-358854b3d242,2025-08-05,ERP_CORPORATIVO,TRANSACOES_FINANCEIRAS,21553,0705be175d09895848e8b0f0ecef8673dbfe331df5da601b948cbe31b721e613
TR-21554,2025-07-14,2025-07-01,COMP,FORN-00109,DESPESA,2437.592282374861,2437.592282374861,BRL,Compra de insumos para setor COMP,2,TRANSFERENCIA,PAGO,d4641add-3306-4ba7-b535-358854b3d242,2025-08-05,ERP_CORPORATIVO,TRANSACOES_FINANCEIRAS,21554,f2eeca715cf3996b34d9f14a9353a1fbd2ff626e8c95293792f1f394bf478b40
TR-21555,2025-07-11,2025-07-01,COMP,FORN-00109,DESPESA,2795.0334182457004,2795.0334182457004,BRL,Campanha institucional - COMP,4,TRANSFERENCIA,PAGO,d4641add-3306-4ba7-b535-358854b3d242,2025-08-05,ERP_CORPORATIVO,TRANSACOES_FINANCEIRAS,21555,752d4bc789f52a8813e116a282a4e9d7d811f52d0979889e2502851a44266e41
TR-21556,2025-07-21,2025-07-01,RH,FORN-00109,DESPESA,838.1403718477271,806.0409644280892,BRL,Investimento em marketing corporativo (RH),4,PIX,CANCELADO,d4641add-3306-4ba7-b535-358854b3d242,2025-08-05,ERP_CORPORATIVO,TRANSACOES_FINANCEIRAS,21556,5c5a7bfad7c97b6591d9363969ba540f4f5d9afec9c1f1051ac9e26c4298a950
TR-21557,2025-07-22,2025-07-01,PRD,FORN-00109,RECEITA,2453.024327529884,2453.024327529884,BRL,Devolução de venda processada por PRD,39,PIX,PAGO,d4641add-3306-4ba7-b535-358854b3d242,2025-08-05,ERP_CORPORATIVO,TRANSACOES_FINANCEIRAS,21557,6e86e1ce2b26dea00bac08206d6075b1781caa86b1a26ca422f479da7399d743
TR-21558,2025-07-14,2025-07-01,RH,FORN-00109,DESPESA,2111.8298778124654,2111.8298778124654,BRL,Receita de comissão comercial - RH,33,BOLETO,PAGO,d4641add-3306-4ba7-b535-358854b3d242,2025-08-05,ERP_CORPORATIVO,TRANSACOES_FINANCEIRAS,21558,c0c834758e55eb1f6a734d1f0651e9554c21bae262385413b7264cfa77e4e0d9
TR-21559,2025-07-18,2025-07-01,TI,FORN-00109,RECEITA,2361.6449383984022,2361.6449383984022,BRL,Custo operacional associado a TI,8,BOLETO,PAGO,d4641add-3306-4ba7-b535-358854b3d242,2025-08-05,ERP_CORPORATIVO,TRANSACOES_FINANCEIRAS,21559,6353a8368efe59c6edce4e2930f7b02b207a28c4890d20920fa7f59c8475b391
TR-21560,2025-07-09,2025-07-01,PRD,FORN-00109,RECEITA,2293.949797862154,2293.949797862154,BRL,Aquisição de material operacional - PRD,2,BOLETO,PAGO,d4641add-3306-4ba7-b535-358854b3d242,2025-08-05,ERP_CORPORATIVO,TRANSACOES_FINANCEIRAS,21560,d842e721f92cb5e20d043ff49e9039ff24123914de9713c460264b523d85ff9f
TR-21561,2025-07-16,2025-07-01,MKT,FORN-00109,DESPESA,2380.2787838967665,2277.502627047311,BRL,Aquisição de material operacional - MKT,2,BOLETO,PAGO,d4641add-3306-4ba7-b535-358854b3d242,2025-08-05,ERP_CORPORATIVO,TRANSACOES_FINANCEIRAS,21561,111c2eba2edd4ff7eb7a5e0b43473f5126369d7d8c32e65463bfc26cbae37041
TR-21562,2025-07-14,2025-07-01,COMP,FORN-00109,RECEITA,1999.4947825798968,1999.4947825798968,BRL,Estorno de receita - COMP,39,TED,ATRASADO,d4641add-3306-4ba7-b535-358854b3d242,2025-08-05,ERP_CORPORATIVO,TRANSACOES_FINANCEIRAS,21562,3f8fd6e8f4a1895023d40593e282179c4552789938d5591bd112b9a61add8f47
TR-21563,2025-07-17,2025-07-01,JUR,FORN-00109,RECEITA,2494.6946364495584,2494.6946364495584,BRL,Renovação de certificados digitais - JUR,26,TED,ATRASADO,d4641add-3306-4ba7-b535-358854b3d242,2025-08-05,ERP_CORPORATIVO,TRANSACOES_FINANCEIRAS,21563,712a98b366d5f5a6ccdae68b4b44eb64894d9eb475a3db92afe9f8a3461ae7d2
TR-21564,2025-07-02,2025-07-01,FIN,FORN-00109,RECEITA,2273.430631077931,2191.117759315768,BRL,Despesa de RH - FIN,6,PIX,PAGO,d4641add-3306-4ba7-b535-358854b3d242,2025-08-05,ERP_CORPORATIVO,TRANSACOES_FINANCEIRAS,21564,5efea19da25e8aed0274c01bd327800e171001993ac467b36c4dc7dcd0822890
TR-21565,2025-07-14,2025-07-01,OP,FORN-00109,RECEITA,2602.252716295051,2602.252716295051,BRL,Aquisição de material operacional - OP,2,TED,PAGO,d4641add-3306-4ba7-b535-358854b3d242,2025-08-05,ERP_CORPORATIVO,TRANSACOES_FINANCEIRAS,21565,98d92acd87aad860ec9bc0092276e3ce8653e2e6f03e9cf26dfe227f44b4d620
TR-21566,2025-07-15,2025-07-01,OP,FORN-00109,RECEITA,2655.0112662568613,2655.0112662568613,BRL,Doação recebida em favor de OP,36,TRANSFERENCIA,PAGO,d4641add-3306-4ba7-b535-358854b3d242,2025-08-05,ERP_CORPORATIVO,TRANSACOES_FINANCEIRAS,21566,431d82beffd5892e775f124752d4524bb3127ce19419cb787de6b8fb280c0504
TR-21567,2025-07-28,2025-07-01,COM,FORN-00109,DESPESA,2318.4246542002625,2258.9423055998805,BRL,Serviço de tecnologia contratado por COM,5,TED,CANCELADO,d4641add-3306-4ba7-b535-358854b3d242,2025-08-05,ERP_CORPORATIVO,TRANSACOES_FINANCEIRAS,21567,fc28da26ab5172ff41e96a47eda67b55e3b292e8bb9f1ebc96a1302a842593bb
TR-21568,2025-07-28,2025-07-01,LOG,FORN-00109,DESPESA,2499.7557572710593,2397.4959174150636,BRL,Reparo de hardware solicitado por LOG,28,BOLETO,PAGO,d4641add-3306-4ba7-b535-358854b3d242,2025-08-05,ERP_CORPORATIVO,TRANSACOES_FINANCEIRAS,21568,8a314c23065c54f07e1ac115acee8b1787625071ac5eb632f670c346f38c9832
TR-21569,2025-07-15,2025-07-01,JUR,FORN-00109,RECEITA,2478.2231910470346,2478.2231910470346,BRL,Despesa operacional - JUR,8,TRANSFERENCIA,PAGO,d4641add-3306-4ba7-b535-358854b3d242,2025-08-05,ERP_CORPORATIVO,TRANSACOES_FINANCEIRAS,21569,52070c14ec455d12a7405e667f03aff813fc6a89173092428cb93391463a9bb0
TR-21923,2025-07-10,2025-07-01,VND,FORN-00111,DESPESA,1922.7808518657769,1887.8685164281067,BRL,Assessoria contábil prestada a VND,25,PIX,PAGO,d4641add-3306-4ba7-b535-358854b3d242,2025-08-05,ERP_CORPORATIVO,TRANSACOES_FINANCEIRAS,21923,815bf8e15757afba92d96bc8d053428a93b860ba8bc9b228f783b8a379891d18
TR-21924,2025-07-23,2025-07-01,FIN,FORN-00111,DESPESA,1938.6900985606294,1862.5343375596062,BRL,Juros sobre operação financeira - FIN,23,PIX,ATRASADO,d4641add-3306-4ba7-b535-358854b3d242,2025-08-05,ERP_CORPORATIVO,TRANSACOES_FINANCEIRAS,21924,7cc4309e9910089920f6734df79a0e949321dfc223fba864812a1fa88d14176e
TR-21925,2025-07-15,2025-07-01,VND,FORN-00111,DESPESA,2132.673484645371,2132.673484645371,BRL,Serviço de telefonia e internet - VND,9,PIX,PAGO,d4641add-3306-4ba7-b535-358854b3d242,2025-08-05,ERP_CORPORATIVO,TRANSACOES_FINANCEIRAS,21925,547e2e1f867acb6fbf33a80f6f2f8a4697cd99dd774695d45e5e1c1d7bbf579b
TR-21926,2025-07-10,2025-07-01,COM,FORN-00111,RECEITA,1828.2634877675666,1797.0258447979754,BRL,Recebimento de subvenção - COM,36,TRANSFERENCIA,PAGO,d4641add-3306-4ba7-b535-358854b3d242,2025-08-05,ERP_CORPORATIVO,TRANSACOES_FINANCEIRAS,21926,9d4635c3dc8f9f86e4cb6b55eb9b9ff4c133a0a2fec64ec015c5598cc49ae703
TR-21927,2025-07-07,2025-07-01,FIN,FORN-00111,RECEITA,1641.975482560387,1623.8555490151225,BRL,Venda de ativo imobilizado por FIN,35,BOLETO,ATRASADO,d4641add-3306-4ba7-b535-358854b3d242,2025-08-05,ERP_CORPORATIVO,TRANSACOES_FINANCEIRAS,21927,80fa763079e4d38d4f01ad2295daaf183dbd273676f0f07fbcb313df18572563
TR-21928,2025-07-24,2025-07-01,TI,FORN-00111,DESPESA,3596.6878630609813,3576.6610121885574,BRL,Campanha institucional - TI,4,BOLETO,ATRASADO,d4641add-3306-4ba7-b535-358854b3d242,2025-08-05,ERP_CORPORATIVO,TRANSACOES_FINANCEIRAS,21928,bbfdd173912732859f9e649ab6090b353326da5c1437d6a56b928cedc6035c32
TR-21929,2025-07-09,2025-07-01,ATD,FORN-00111,RECEITA,1733.5687200118962,1733.5687200118962,BRL,Aquisição de material operacional - ATD,2,CARTAO,PAGO,d4641add-3306-4ba7-b535-358854b3d242,2025-08-05,ERP_CORPORATIVO,TRANSACOES_FINANCEIRAS,21929,94270d1f6faf03be342ca1f1db65b981e611f0be78119af0e994e5e823cf7c9d
TR-21930,2025-07-28,2025-07-01,MKT,FORN-00111,RECEITA,1646.29183558568,1580.059427048482,BRL,Alimentação em viagem corporativa - MKT,20,TRANSFERENCIA,PAGO,d4641add-3306-4ba7-b535-358854b3d242,2025-08-05,ERP_CORPORATIVO,TRANSACOES_FINANCEIRAS,21930,1626f2806c9182e8236a5ad152d4534e22a3c114d932b2c31262562818c344a0
TR-21931,2025-07-08,2025-07-01,RH,FORN-00111,DESPESA,1403.7849675309365,1403.7849675309365,BRL,Aquisição de material operacional - RH,2,BOLETO,ATRASADO,d4641add-3306-4ba7-b535-358854b3d242,2025-08-05,ERP_CORPORATIVO,TRANSACOES_FINANCEIRAS,21931,d99a12bc0da1714321e415883741674fea05943542a3aba50d18f5df8fc713a7
TR-21932,2025-07-14,2025-07-01,CPT,FORN-00111,DESPESA,1847.1227743336358,1847.1227743336358,BRL,Despesa de infraestrutura - CPT,3,BOLETO,PAGO,d4641add-3306-4ba7-b535-358854b3d242,2025-08-05,ERP_CORPORATIVO,TRANSACOES_FINANCEIRAS,21932,6f0935e23733cf669ad51b29e5e702cd4bc4fe4a5ec38357b415d5ea6252654a
TR-21933,2025-07-15,2025-07-01,ESG,FORN-00111,RECEITA,1810.9896302353893,1761.5652050776434,BRL,Publicidade institucional - ESG,13,BOLETO,PAGO,d4641add-3306-4ba7-b535-358854b3d242,2025-08-05,ERP_CORPORATIVO,TRANSACOES_FINANCEIRAS,21933,930e50c21ceb8ccf95105da439ad4698abf73087a58fa8b94c0e28352086a44f
TR-21934,2025-07-10,2025-07-01,OP,FORN-00111,DESPESA,2185.615341587474,2185.615341587474,BRL,Juros sobre operação financeira - OP,23,BOLETO,PAGO,d4641add-3306-4ba7-b535-358854b3d242,2025-08-05,ERP_CORPORATIVO,TRANSACOES_FINANCEIRAS,21934,6dcb77d5b461dcec670f1ad596ea5a189596983102006e44829378a35d0cb4ac
TR-21935,2025-07-29,2025-07-01,ADM,FORN-00111,DESPESA,2171.781679760972,2171.781679760972,BRL,Contrato de serviço - setor ADM,1,CARTAO,CANCELADO,d4641add-3306-4ba7-b535-358854b3d242,2025-08-05,ERP_CORPORATIVO,TRANSACOES_FINANCEIRAS,21935,928d88cbc528a3a6cbe6046b1f855ec6710ad8924153aa1b3bbff83159434e74
TR-21936,2025-07-16,2025-07-01,FIN,FORN-00111,DESPESA,1931.8715425811124,1931.8715425811124,BRL,Compra de insumos para setor FIN,2,TED,PAGO,d4641add-3306-4ba7-b535-358854b3d242,2025-08-05,ERP_CORPORATIVO,TRANSACOES_FINANCEIRAS,21936,2bb53cb793bb2c5e315af4016ef6483422e12e8dc1e3a883a79e4f71f121ae12
TR-22146,2025-07-21,2025-07-01,FIN,ACC-00112,DESPESA,1970.5055171048139,1908.2859690244281,BRL,Receita extraordinária - FIN,37,PIX,PAGO,d4641add-3306-4ba7-b535-358854b3d242,2025-08-05,ERP_CORPORATIVO,TRANSACOES_FINANCEIRAS,22146,78e21829233e61b2162312bf1bb1e77cdddcdb7c79ad8f029aeb06e12d237fb4
TR-22147,2025-07-14,2025-07-01,FIN,ACC-00112,RECEITA,2207.845838529412,2135.035932051021,BRL,Contrato de conectividade para área FIN,9,BOLETO,PAGO,d4641add-3306-4ba7-b535-358854b3d242,2025-08-05,ERP_CORPORATIVO,TRANSACOES_FINANCEIRAS,22147,1a9452f30697df8785e81d212206aca24a01d0dfcdb1e609bb185f2e492986dd
TR-22148,2025-07-24,2025-07-01,TI,ACC-00112,RECEITA,2353.2600237797647,2353.2600237797647,BRL,Serviço especializado solicitado por TI,1,CARTAO,ATRASADO,d4641add-3306-4ba7-b535-358854b3d242,2025-08-05,ERP_CORPORATIVO,TRANSACOES_FINANCEIRAS,22148,d2a4124b49a5f7cf52890393de184d062bbec1ecd797e608f5b56ddc80c84bbf
TR-22149,2025-07-14,2025-07-01,JUR,ACC-00112,RECEITA,1859.5512309409014,1859.5512309409014,BRL,Atendimento de TI requisitado por JUR,29,BOLETO,PAGO,d4641add-3306-4ba7-b535-358854b3d242,2025-08-05,ERP_CORPORATIVO,TRANSACOES_FINANCEIRAS,22149,fc6a96a4efbfb49ddfd4dd72ffcfe8691250203002cb6464f17a8bf107778cde
TR-22150,2025-07-07,2025-07-01,COM,ACC-00112,RECEITA,2305.657864476393,2222.327522290075,BRL,Aquisição de material operacional - COM,2,CARTAO,PAGO,d4641add-3306-4ba7-b535-358854b3d242,2025-08-05,ERP_CORPORATIVO,TRANSACOES_FINANCEIRAS,22150,01ae3658389e9dd33c2e1d9dbfda65aed57fb74c06b60641dd616df072420429
TR-22151,2025-07-15,2025-07-01,JUR,ACC-00112,DESPESA,2453.08237253832,2453.08237253832,BRL,Compra de insumos para setor JUR,2,TED,PAGO,d4641add-3306-4ba7-b535-358854b3d242,2025-08-05,ERP_CORPORATIVO,TRANSACOES_FINANCEIRAS,22151,04ada4d5d8e001f79b82bc6f3f80241d20a48899f57170d14ced5c150fdfc1b3
TR-22152,2025-07-11,2025-07-01,CTB,ACC-00112,RECEITA,1834.5600970344083,1834.5600970344083,BRL,Custo operacional associado a CTB,8,TED,PAGO,d4641add-3306-4ba7-b535-358854b3d242,2025-08-05,ERP_CORPORATIVO,TRANSACOES_FINANCEIRAS,22152,ce88a5721ab8f381f62a08580c5b3c8f725ffbba28b85f91461c2dd188f56299
TR-22153,2025-07-15,2025-07-01,PJT,ACC-00112,DESPESA,2423.5769958173432,2423.5769958173432,BRL,Promoção e atividade externa - PJT,14,TED,CANCELADO,d4641add-3306-4ba7-b535-358854b3d242,2025-08-05,ERP_CORPORATIVO,TRANSACOES_FINANCEIRAS,22153,4ed1dfb1a923ad3807a70019ff41949a78df96a2500493f270a527706589b5fd
TR-22226,2025-07-11,2025-07-01,OP,1000112,RECEITA,4087.0244999035335,4087.0244999035335,BRL,Certificado digital adquirido por OP,26,BOLETO,PAGO,d4641add-3306-4ba7-b535-358854b3d242,2025-08-05,ERP_CORPORATIVO,TRANSACOES_FINANCEIRAS,22226,f755605d6b0771aadb2f27de296257a48ded2f86c0a2d72d726915464def36d0
TR-22227,2025-07-15,2025-07-01,COMP,1000112,DESPESA,3771.939045499055,3771.939045499055,BRL,Prestação de serviço para área COMP,1,PIX,PAGO,d4641add-3306-4ba7-b535-358854b3d242,2025-08-05,ERP_CORPORATIVO,TRANSACOES_FINANCEIRAS,22227,7ab981edfc4d817d0753607f0d1ea3aa4c176db5664a864ea47bf9886750c1a1
TR-22228,2025-07-23,2025-07-01,MKT,1000112,DESPESA,4059.6636632415366,4059.6636632415366,BRL,Aquisição de material operacional - MKT,2,BOLETO,PAGO,d4641add-3306-4ba7-b535-358854b3d242,2025-08-05,ERP_CORPORATIVO,TRANSACOES_FINANCEIRAS,22228,ca299b92265225944f4bbf1812a1bb69564e86970c573a8cf9df49c7046c90b7
TR-22229,2025-07-21,2025-07-01,PJT,1000112,RECEITA,3775.768841197782,3775.768841197782,BRL,Tributo incidente sobre receita de PJT,40,TED,PAGO,d4641add-3306-4ba7-b535-358854b3d242,2025-08-05,ERP_CORPORATIVO,TRANSACOES_FINANCEIRAS,22229,aa0ed53e5799cdac06cfb09b69272c32ee38375efff55c03a082d89e77e50fcf
TR-22230,2025-07-14,2025-07-01,OP,1000112,DESPESA,12919.53020146231,12874.867071031218,BRL,Licenciamento de software - OP,5,PIX,PAGO,d4641add-3306-4ba7-b535-358854b3d242,2025-08-05,ERP_CORPORATIVO,TRANSACOES_FINANCEIRAS,22230,5a5ad785a94cd52c6815b3acc0087b018f82032ae0b122ea984aa2867a0eab19
TR-22231,2025-07-11,2025-07-01,JUR,1000112,DESPESA,4261.451568798706,4261.451568798706,BRL,Aquisição de material operacional - JUR,2,TED,ATRASADO,d4641add-3306-4ba7-b535-358854b3d242,2025-08-05,ERP_CORPORATIVO,TRANSACOES_FINANCEIRAS,22231,7e6663a8e4701cbff79fd2ff73e5b5e8212b348b0408441a5a063b858b9031a4
TR-22232,2025-07-11,2025-07-01,SEC,1000112,RECEITA,4045.122404554653,4045.122404554653,BRL,Passagem aérea para colaborador de SEC,18,PIX,PAGO,d4641add-3306-4ba7-b535-358854b3d242,2025-08-05,ERP_CORPORATIVO,TRANSACOES_FINANCEIRAS,22232,c35ef973dd0c4af303b05bb1fd59ea811af476fcf13a5710d3ba5eecdd4abb02
TR-22233,2025-07-17,2025-07-01,FIN,1000112,RECEITA,3389.922816819755,3389.922816819755,BRL,Honorários profissionais contratados por FIN,11,CARTAO,PAGO,d4641add-3306-4ba7-b535-358854b3d242,2025-08-05,ERP_CORPORATIVO,TRANSACOES_FINANCEIRAS,22233,6651d5dc8aaa1c9773e81f08cb927f535a243b785a3d4ef40546855f48651968
TR-22234,2025-07-14,2025-07-01,RH,1000112,DESPESA,3653.806938985242,3653.806938985242,BRL,Serviço relacionado a recursos humanos (RH),6,PIX,PAGO,d4641add-3306-4ba7-b535-358854b3d242,2025-08-05,ERP_CORPORATIVO,TRANSACOES_FINANCEIRAS,22234,425e448b66eeaff82983bb92faa78e5f10bce99fcf64dc036e999c3a7b10b02d
TR-22235,2025-07-15,2025-07-01,OP,1000112,RECEITA,4096.793682116201,4096.793682116201,BRL,Tarifas de serviços financeiros - OP,22,PIX,PAGO,d4641add-3306-4ba7-b535-358854b3d242,2025-08-05,ERP_CORPORATIVO,TRANSACOES_FINANCEIRAS,22235,15f46a3c4a82354319effe7145a801f2ad0f63f2cc9ce8aff1e61de5de4649d4
TR-22236,2025-07-11,2025-07-01,OP,1000112,DESPESA,3095.4703426792335,2991.210393285415,BRL,Despesa operacional - OP,8,TED,PAGO,d4641add-3306-4ba7-b535-358854b3d242,2025-08-05,ERP_CORPORATIVO,TRANSACOES_FINANCEIRAS,22236,b721c687048ce42261ea7e3974e6c91dc24ba07fb1c51dd90bd6000bb0bcf36b
TR-22237,2025-07-16,2025-07-01,FIN,1000112,DESPESA,3966.192240638111,3966.192240638111,BRL,Renovação de certificados digitais - FIN,26,PIX,PAGO,d4641add-3306-4ba7-b535-358854b3d242,2025-08-05,ERP_CORPORATIVO,TRANSACOES_FINANCEIRAS,22237,995acf883626ddcb401ee347fac76d81aa833be6732630fefbcb2cc2222184e3
TR-22238,2025-07-03,2025-07-01,PJT,1000112,DESPESA,3943.9527972498663,3943.9527972498663,BRL,Assessoria legal vinculada à área PJT,7,PIX,PAGO,d4641add-3306-4ba7-b535-358854b3d242,2025-08-05,ERP_CORPORATIVO,TRANSACOES_FINANCEIRAS,22238,36efd1ce9c2aea1970e530dfa1bcef5f79352e7ace5bda9063da0abe2c30fa2f
TR-22239,2025-07-14,2025-07-01,COMP,1000112,DESPESA,5043.915991637117,4831.496956194254,BRL,Aquisição de material operacional - COMP,2,BOLETO,ATRASADO,d4641add-3306-4ba7-b535-358854b3d242,2025-08-05,ERP_CORPORATIVO,TRANSACOES_FINANCEIRAS,22239,b90eebece6cd903a040cc31ddd6ff6636056ce830fec5b2cb0f0f77704adc1e1
TR-22527,2025-07-10,2025-07-01,FIN,1000113,RECEITA,6547.317551731645,6547.317551731645,BRL,Tarifas de serviços financeiros - FIN,22,BOLETO,ATRASADO,d4641add-3306-4ba7-b535-358854b3d242,2025-08-05,ERP_CORPORATIVO,TRANSACOES_FINANCEIRAS,22527,52c3d949e70602536c8163138ce55956363752a1f958669aaa41fb1c4a7a9968
TR-22528,2025-07-11,2025-07-01,ESG,1000113,RECEITA,8198.279833810053,7954.837818771131,BRL,Viagem corporativa - ESG,18,TRANSFERENCIA,PAGO,d4641add-3306-4ba7-b535-358854b3d242,2025-08-05,ERP_CORPORATIVO,TRANSACOES_FINANCEIRAS,22528,192468c317a977d4b4b8d8aaee3ddbd4880b2ff02b549f29c67c538e3034d938
TR-22529,2025-07-11,2025-07-01,PJT,1000113,RECEITA,7169.842352460657,7169.842352460657,BRL,Despesa operacional - PJT,8,CARTAO,PAGO,d4641add-3306-4ba7-b535-358854b3d242,2025-08-05,ERP_CORPORATIVO,TRANSACOES_FINANCEIRAS,22529,2bb4d45552206bcb5e4773cb154f8a62cbebfec0e99053ccb9be97bd4bdbb243
TR-22530,2025-07-07,2025-07-01,OP,1000113,RECEITA,8853.875402985474,8853.875402985474,BRL,Desconto concedido em operação de OP,38,BOLETO,ATRASADO,d4641add-3306-4ba7-b535-358854b3d242,2025-08-05,ERP_CORPORATIVO,TRANSACOES_FINANCEIRAS,22530,ec36d6d04edcc2401a70e1c6f8d0480a6e532f29d6a68aa22b989726cd880dde
TR-22531,2025-07-21,2025-07-01,JUR,1000113,DESPESA,7612.3363326462295,7485.345666865508,BRL,Consultoria estratégica para área JUR,12,BOLETO,PAGO,d4641add-3306-4ba7-b535-358854b3d242,2025-08-05,ERP_CORPORATIVO,TRANSACOES_FINANCEIRAS,22531,caef854dde5b58934edddc06969058a34b5b5988cf625c2fffeda6426e46dce3
TR-22532,2025-07-11,2025-07-01,VND,1000113,RECEITA,6436.648885756658,6436.648885756658,BRL,Custo operacional associado a VND,8,TRANSFERENCIA,PAGO,d4641add-3306-4ba7-b535-358854b3d242,2025-08-05,ERP_CORPORATIVO,TRANSACOES_FINANCEIRAS,22532,e060b9be7fdcb36c5f57dbe7d5fcfd8418609fd4d2b4a99325a3d17f750e5b4a
TR-22533,2025-07-14,2025-07-01,OP,1000113,DESPESA,18287.644121469843,18129.420729894577,BRL,Compra de insumos para setor OP,2,CARTAO,PAGO,d4641add-3306-4ba7-b535-358854b3d242,2025-08-05,ERP_CORPORATIVO,TRANSACOES_FINANCEIRAS,22533,4bade1380ee30599cbcd4919a418ec94e8821433eee6911b5f1da5919e19487f
TR-22534,2025-07-16,2025-07-01,OP,1000113,RECEITA,8110.929166553247,7787.008365489982,BRL,Compra de insumos para setor OP,2,TED,PAGO,d4641add-3306-4ba7-b535-358854b3d242,2025-08-05,ERP_CORPORATIVO,TRANSACOES_FINANCEIRAS,22534,6faf6e3fc04a5972373b31c13cd81f2345f3825d997096fcbb0da58074da99a2
TR-22535,2025-07-17,2025-07-01,RH,1000113,RECEITA,6347.814246709531,6347.814246709531,USD,Abatimento comercial registrado em RH,38,PIX,PAGO,d4641add-3306-4ba7-b535-358854b3d242,2025-08-05,ERP_CORPORATIVO,TRANSACOES_FINANCEIRAS,22535,29b2a86df1323a3c143419b07134b2ff55b72e9cd70400392d151631fb805094
TR-22536,2025-07-15,2025-07-01,CTB,1000113,RECEITA,7781.712471905959,7781.712471905959,BRL,Honorários jurídicos - CTB,7,TED,PAGO,d4641add-3306-4ba7-b535-358854b3d242,2025-08-05,ERP_CORPORATIVO,TRANSACOES_FINANCEIRAS,22536,76fbc043bfbb0f915095610aa26a2b7ad65192020cd804782d889732b2e60ffc
TR-22537,2025-07-07,2025-07-01,ESG,1000113,DESPESA,8479.390413176263,8479.390413176263,BRL,Custo operacional associado a ESG,8,TED,PAGO,d4641add-3306-4ba7-b535-358854b3d242,2025-08-05,ERP_CORPORATIVO,TRANSACOES_FINANCEIRAS,22537,f3cce8b16c00778e8629ab5b317df449b1d1fdb79c555f1f1276ba9597ad72d1
TR-22538,2025-07-16,2025-07-01,VND,1000113,RECEITA,7577.422155652537,7213.402391466512,BRL,Honorários profissionais contratados por VND,11,PIX,PAGO,d4641add-3306-4ba7-b535-358854b3d242,2025-08-05,ERP_CORPORATIVO,TRANSACOES_FINANCEIRAS,22538,83593c4f5a02046e4187cab8145f8d4dc0edfc0c682a7190e326fb9534d8d395
TR-22539,2025-07-07,2025-07-01,CPT,1000113,DESPESA,6552.889508039538,6294.546253626219,USD,Serviço especializado solicitado por CPT,1,BOLETO,PAGO,d4641add-3306-4ba7-b535-358854b3d242,2025-08-05,ERP_CORPORATIVO,TRANSACOES_FINANCEIRAS,22539,4cf1340e6da05e256864637279e07ae93880859842018cb73fcd871777ed1fc9
TR-22540,2025-07-10,2025-07-01,CPT,1000113,DESPESA,7991.002948368656,7991.002948368656,BRL,Honorários jurídicos - CPT,7,BOLETO,PAGO,d4641add-3306-4ba7-b535-358854b3d242,2025-08-05,ERP_CORPORATIVO,TRANSACOES_FINANCEIRAS,22540,17be9e8ed129986ca7a1a42a9dff4766c77e3547e23f5d128e2015a9b55a58d3
TR-22541,2025-07-21,2025-07-01,PES,1000113,RECEITA,14556.146552593136,14556.146552593136,BRL,Aquisição de material operacional - PES,2,BOLETO,PAGO,d4641add-3306-4ba7-b535-358854b3d242,2025-08-05,ERP_CORPORATIVO,TRANSACOES_FINANCEIRAS,22541,2ccf6b2732f4d5e4811f23d30e2d597bfb9dd716e96f57cff277445a83d8f263
TR-22542,2025-07-14,2025-07-01,FIN,1000113,RECEITA,7058.354265513292,7058.354265513292,BRL,Serviço de tecnologia contratado por FIN,5,CARTAO,PAGO,d4641add-3306-4ba7-b535-358854b3d242,2025-08-05,ERP_CORPORATIVO,TRANSACOES_FINANCEIRAS,22542,01d46790333ba9a68db7ac6390639cbce95b9352aeab5e501dfbde44b07e0bb2
TR-22543,2025-07-21,2025-07-01,FIN,1000113,DESPESA,6898.213154155711,6898.213154155711,BRL,Reparo e conservação de instalações - FIN,10,TRANSFERENCIA,PAGO,d4641add-3306-4ba7-b535-358854b3d242,2025-08-05,ERP_CORPORATIVO,TRANSACOES_FINANCEIRAS,22543,c331d5e869a248ae51ed01dfcf91ea4237783d137a438adb9407e639e192fc34
TR-22544,2025-07-14,2025-07-01,JUR,1000113,RECEITA,7716.552131211696,7716.552131211696,BRL,Direitos de propriedade intelectual - JUR,32,BOLETO,PAGO,d4641add-3306-4ba7-b535-358854b3d242,2025-08-05,ERP_CORPORATIVO,TRANSACOES_FINANCEIRAS,22544,3c3d3123c69e4982af80aa513dbadfe0e88f1437a4836d8c2db77b686e459205
TR-22744,2025-07-28,2025-07-01,MKT,1000115,RECEITA,6454.592017564139,6454.592017564139,BRL,Manutenção estrutural vinculada à área MKT,3,BOLETO,PAGO,d4641add-3306-4ba7-b535-358854b3d242,2025-08-05,ERP_CORPORATIVO,TRANSACOES_FINANCEIRAS,22744,06ef8d184a269a33182e5a1c176e7743cead6a26d87d71a29b83ce73ad74064e
TR-22745,2025-07-07,2025-07-01,TI,1000115,DESPESA,6620.069661400658,6620.069661400658,BRL,Manutenção predial solicitada por TI,10,TRANSFERENCIA,PAGO,d4641add-3306-4ba7-b535-358854b3d242,2025-08-05,ERP_CORPORATIVO,TRANSACOES_FINANCEIRAS,22745,fd7c7e62d2511a5b3e685bf90d32234653292f4b4ee79cbb23f19a280ccea95e
TR-22746,2025-07-21,2025-07-01,LOG,1000115,DESPESA,7133.505645896899,7133.505645896899,BRL,Serviço relacionado a recursos humanos (LOG),6,BOLETO,PAGO,d4641add-3306-4ba7-b535-358854b3d242,2025-08-05,ERP_CORPORATIVO,TRANSACOES_FINANCEIRAS,22746,4a2e8f83e0fa3a13a3f843f835de4862664df5c3ab6feb3a6a1daf086153c3ce
TR-22747,2025-07-21,2025-07-01,RH,1000115,DESPESA,7503.747021407918,7503.747021407918,BRL,Campanha institucional - RH,4,TED,PAGO,d4641add-3306-4ba7-b535-358854b3d242,2025-08-05,ERP_CORPORATIVO,TRANSACOES_FINANCEIRAS,22747,cfa6d385803116260ed46cacaddc9eee05123c79f9f702ff1279643f8761f110
TR-22748,2025-07-22,2025-07-01,FIN,1000115,DESPESA,5978.071790755763,5978.071790755763,BRL,Royalties recebidos por FIN,32,TRANSFERENCIA,PAGO,d4641add-3306-4ba7-b535-358854b3d242,2025-08-05,ERP_CORPORATIVO,TRANSACOES_FINANCEIRAS,22748,499565548a1ed57976af2fa56a55c27a182d66fb11bdefd8f544bdc15fa2fac2
TR-22830,2025-07-15,2025-07-01,FIN,1000116,RECEITA,5143.981835676906,5143.981835676906,BRL,Locação de espaço comercial - FIN,31,PIX,PAGO,d4641add-3306-4ba7-b535-358854b3d242,2025-08-05,ERP_CORPORATIVO,TRANSACOES_FINANCEIRAS,22830,e4ff18fee452c88e98589674781589a19e009cb1289c47b3ebe34419860972b5
TR-22831,2025-07-14,2025-07-01,FIN,1000116,RECEITA,5040.125376484908,4938.558113405909,BRL,Despesa de infraestrutura - FIN,3,PIX,ATRASADO,d4641add-3306-4ba7-b535-358854b3d242,2025-08-05,ERP_CORPORATIVO,TRANSACOES_FINANCEIRAS,22831,8271a46448dbaea07455525c560ee021d3898209f88e3f87ddb1dce8c840afca
TR-22832,2025-07-16,2025-07-01,RH,1000116,DESPESA,5914.184320211472,5914.184320211472,BRL,Abastecimento de veículos - RH,16,PIX,PAGO,d4641add-3306-4ba7-b535-358854b3d242,2025-08-05,ERP_CORPORATIVO,TRANSACOES_FINANCEIRAS,22832,9b069fc31f044fa8a0e707d9e80abecfaca89cbafd5ba99805685efa17e933fb
TR-22833,2025-07-15,2025-07-01,QAS,1000116,DESPESA,4820.187939289401,4820.187939289401,BRL,Aquisição de material operacional - QAS,2,PIX,PAGO,d4641add-3306-4ba7-b535-358854b3d242,2025-08-05,ERP_CORPORATIVO,TRANSACOES_FINANCEIRAS,22833,3533dd3c7d282212b645598e50b0dcda82eeb7c57dd8ecf10a66e0d8d20b62aa
TR-22834,2025-07-16,2025-07-01,PES,1000116,RECEITA,6656.323038300706,6410.357144932413,BRL,Abastecimento de veículos - PES,16,CARTAO,ATRASADO,d4641add-3306-4ba7-b535-358854b3d242,2025-08-05,ERP_CORPORATIVO,TRANSACOES_FINANCEIRAS,22834,95edaa68bddcd4faf717dcf14fcc1d1289428efcff3247102249114643ef830c
TR-22835,2025-07-10,2025-07-01,CTB,1000116,DESPESA,4835.649603067946,4835.649603067946,BRL,Honorarium advocatício - CTB,24,PIX,PAGO,d4641add-3306-4ba7-b535-358854b3d242,2025-08-05,ERP_CORPORATIVO,TRANSACOES_FINANCEIRAS,22835,5dadd144b334a7e600220be5121a249933a4c643ade1c0368eaab94addf480cf
TR-23044,2025-07-18,2025-07-01,COM,FORN-00119,DESPESA,5572.5468141584815,5572.5468141584815,BRL,Custo operacional associado a COM,8,TRANSFERENCIA,PAGO,d4641add-3306-4ba7-b535-358854b3d242,2025-08-05,ERP_CORPORATIVO,TRANSACOES_FINANCEIRAS,23044,ce8988708b749731b9c877505f6f8a9f2652d52ce129466cfdebbad8230367aa
TR-23045,2025-07-17,2025-07-01,PJT,FORN-00119,RECEITA,4869.567661602803,4777.318434919746,BRL,Prestação de serviço para área PJT,1,TRANSFERENCIA,PAGO,d4641add-3306-4ba7-b535-358854b3d242,2025-08-05,ERP_CORPORATIVO,TRANSACOES_FINANCEIRAS,23045,8e027ee664492543363372d29811c5c9e2946879e32a1170a4cc7952249112f3
TR-23046,2025-07-14,2025-07-01,ESG,FORN-00119,RECEITA,4680.896887009328,4680.896887009328,USD,Desconto concedido em operação de ESG,38,BOLETO,ATRASADO,d4641add-3306-4ba7-b535-358854b3d242,2025-08-05,ERP_CORPORATIVO,TRANSACOES_FINANCEIRAS,23046,431bf8f9a8ef40d511dca76072d33ef14529c7383148124971b89707a69d17b1
TR-23047,2025-07-14,2025-07-01,COMP,FORN-00119,DESPESA,5295.3285401034855,5295.3285401034855,BRL,Compra de insumos para setor COMP,2,PIX,PAGO,d4641add-3306-4ba7-b535-358854b3d242,2025-08-05,ERP_CORPORATIVO,TRANSACOES_FINANCEIRAS,23047,1a9a010322e1b26cb1fbe2e841bb01cdd8bc1e4fd20545afc6bbeec7be91ca9c
TR-23048,2025-07-28,2025-07-01,OP,FORN-00119,DESPESA,5197.525096381826,5197.525096381826,BRL,Despesa de RH - OP,6,CARTAO,PAGO,d4641add-3306-4ba7-b535-358854b3d242,2025-08-05,ERP_CORPORATIVO,TRANSACOES_FINANCEIRAS,23048,592ed589db568525afe5de0a63958f0e960fbbbe39b12bd061fdc1769e0c84ed
TR-23049,2025-07-17,2025-07-01,ATD,FORN-00119,DESPESA,5529.9327666106565,5529.9327666106565,BRL,Aquisição de material operacional - ATD,2,BOLETO,PAGO,d4641add-3306-4ba7-b535-358854b3d242,2025-08-05,ERP_CORPORATIVO,TRANSACOES_FINANCEIRAS,23049,fb4a18dd6e710d46f4f2e392599a6ede9354cd80fb50f257433a2025c2278306
TR-23267,2025-07-29,2025-07-01,ESG,FORN-00120,DESPESA,1247.332183068979,1247.332183068979,BRL,Hospedagem em viagem a serviço de ESG,19,BOLETO,PAGO,d4641add-3306-4ba7-b535-358854b3d242,2025-08-05,ERP_CORPORATIVO,TRANSACOES_FINANCEIRAS,23267,18bfda61a0bb648fa5cc2607346a629b5223eabbc9957fef1d5338a8b77a514c
TR-23268,2025-07-22,2025-07-01,QAS,FORN-00120,DESPESA,1355.275779361847,1355.275779361847,BRL,Despesa de RH - QAS,6,TED,PAGO,d4641add-3306-4ba7-b535-358854b3d242,2025-08-05,ERP_CORPORATIVO,TRANSACOES_FINANCEIRAS,23268,97e652aa4ac438ddf2097db3a9fc577c1ee7edc8983ebe3bff3476b21fea68f6
TR-23269,2025-07-28,2025-07-01,RH,FORN-00120,DESPESA,1287.170673463841,1287.170673463841,BRL,Licenciamento de software - RH,5,PIX,PAGO,d4641add-3306-4ba7-b535-358854b3d242,2025-08-05,ERP_CORPORATIVO,TRANSACOES_FINANCEIRAS,23269,8e1b702e2934de9d102ff1c4702e988383db010b35ceec37416dd97c5b460670
TR-23270,2025-07-15,2025-07-01,JUR,FORN-00120,DESPESA,1329.901367847236,1329.901367847236,BRL,Serviço especializado solicitado por JUR,1,TRANSFERENCIA,PAGO,d4641add-3306-4ba7-b535-358854b3d242,2025-08-05,ERP_CORPORATIVO,TRANSACOES_FINANCEIRAS,23270,40635682799006186d042d091c9350f120da74a385b814ecc649a9e3aa0b5951
TR-23271,2025-07-15,2025-07-01,TI,FORN-00120,DESPESA,1425.9527987313268,1364.074323295345,BRL,Prestação de serviço para área TI,1,TRANSFERENCIA,PAGO,d4641add-3306-4ba7-b535-358854b3d242,2025-08-05,ERP_CORPORATIVO,TRANSACOES_FINANCEIRAS,23271,af110ad95b6c48e55b60ed7b739d43c9598ac3c98f706984ddc1098c215e047d
TR-23272,2025-07-14,2025-07-01,COMP,FORN-00120,DESPESA,1488.6719659389162,1440.7725390980456,BRL,Estorno de receita - COMP,39,TED,PAGO,d4641add-3306-4ba7-b535-358854b3d242,2025-08-05,ERP_CORPORATIVO,TRANSACOES_FINANCEIRAS,23272,2e3afac7a9113f9e87089164a11a4843396028b8a4a94d6b2ae8088376095c82
TR-23273,2025-07-14,2025-07-01,OP,FORN-00120,RECEITA,1729.3704299938797,1729.3704299938797,BRL,Custo operacional associado a OP,8,TRANSFERENCIA,PAGO,d4641add-3306-4ba7-b535-358854b3d242,2025-08-05,ERP_CORPORATIVO,TRANSACOES_FINANCEIRAS,23273,7b2cbf769a9f8398a2fec9c73a86a33c23d22f9e8d119c6a4073ffd70a02567f
TR-23274,2025-07-18,2025-07-01,OP,FORN-00120,RECEITA,1432.613977880523,1382.6308431969671,BRL,Reparo e conservação de instalações - OP,10,PIX,ATRASADO,d4641add-3306-4ba7-b535-358854b3d242,2025-08-05,ERP_CORPORATIVO,TRANSACOES_FINANCEIRAS,23274,8f46df9f45c3f7bc5364ae8ddab3462c5b42a086ecf3727b71b4c1b9eccf17ce
TR-23275,2025-07-21,2025-07-01,ATD,FORN-00120,RECEITA,1246.9327220401328,1188.1196761278059,BRL,Aquisição de material operacional - ATD,2,BOLETO,PAGO,d4641add-3306-4ba7-b535-358854b3d242,2025-08-05,ERP_CORPORATIVO,TRANSACOES_FINANCEIRAS,23275,1bff9e142a7e9436c33abac60ed178d2f83a676f6ae886e95860e4cb9f06704b
TR-23652,2025-07-14,2025-07-01,OP,FORN-00122,RECEITA,2673.707138818142,2673.707138818142,BRL,Investimento em marketing corporativo (OP),4,PIX,PAGO,d4641add-3306-4ba7-b535-358854b3d242,2025-08-05,ERP_CORPORATIVO,TRANSACOES_FINANCEIRAS,23652,5a085e739504a7d0922a94de31025f314d26eb890be0beac1a33205fc5b04f44
TR-23653,2025-07-14,2025-07-01,COMP,FORN-00122,RECEITA,3044.2467111598717,2977.2735997351715,BRL,Combustível e lubrificantes para frota (COMP),16,BOLETO,PAGO,d4641add-3306-4ba7-b535-358854b3d242,2025-08-05,ERP_CORPORATIVO,TRANSACOES_FINANCEIRAS,23653,1b5d1919a212c26a41ebebf700fe247234d6db0790dfd241a4dec9d548beeabb
TR-23654,2025-07-17,2025-07-01,ADM,FORN-00122,DESPESA,2238.1516146661706,2238.1516146661706,BRL,Despesa de infraestrutura - ADM,3,BOLETO,PAGO,d4641add-3306-4ba7-b535-358854b3d242,2025-08-05,ERP_CORPORATIVO,TRANSACOES_FINANCEIRAS,23654,c8826637047f935a15240571a2075143787fa7c8c852d9c3270f732169221ec8
TR-23655,2025-07-17,2025-07-01,COM,FORN-00122,DESPESA,6009.482043808086,6009.482043808086,BRL,Serviço de tecnologia contratado por COM,5,BOLETO,PAGO,d4641add-3306-4ba7-b535-358854b3d242,2025-08-05,ERP_CORPORATIVO,TRANSACOES_FINANCEIRAS,23655,1468c96d5f26330bfe22054066f829fb1b6cfa2b29649b0f91a57204126551fb
TR-23656,2025-07-22,2025-07-01,FIN,FORN-00122,RECEITA,2962.329712233007,2860.032808334543,BRL,Evento corporativo organizado por FIN,14,BOLETO,PAGO,d4641add-3306-4ba7-b535-358854b3d242,2025-08-05,ERP_CORPORATIVO,TRANSACOES_FINANCEIRAS,23656,cfb8c724c3a1583d1ffc5289b3edee43b707809115b18dcafed4f602a838d573
TR-23657,2025-07-01,2025-07-01,COMP,FORN-00122,DESPESA,2777.844691063667,2729.3574571558,BRL,Aquisição de material operacional - COMP,2,BOLETO,PAGO,d4641add-3306-4ba7-b535-358854b3d242,2025-08-05,ERP_CORPORATIVO,TRANSACOES_FINANCEIRAS,23657,ecf957f88868f46b5b7df2caff35c767ef19f4cfd238648449d881a196405f6a
TR-23658,2025-07-14,2025-07-01,COM,FORN-00122,DESPESA,2693.984603528907,2576.0891844099788,BRL,Compra de insumos para setor COM,2,BOLETO,PAGO,d4641add-3306-4ba7-b535-358854b3d242,2025-08-05,ERP_CORPORATIVO,TRANSACOES_FINANCEIRAS,23658,f0916a35ae7e88738fe58f7b5f6bfdaabeaee826dabeda711c35c7c6663d148d
TR-23659,2025-07-11,2025-07-01,VND,FORN-00122,RECEITA,2969.753462857095,2868.594195280262,BRL,Despesa operacional - VND,8,TRANSFERENCIA,PAGO,d4641add-3306-4ba7-b535-358854b3d242,2025-08-05,ERP_CORPORATIVO,TRANSACOES_FINANCEIRAS,23659,400f15edae06acd25091ade0b577a8066bb56fb09bf19d8780425b91afeef71a
TR-23660,2025-07-21,2025-07-01,FIN,FORN-00122,DESPESA,2412.190179295517,2412.190179295517,USD,Combustível e lubrificantes para frota (FIN),16,PIX,PAGO,d4641add-3306-4ba7-b535-358854b3d242,2025-08-05,ERP_CORPORATIVO,TRANSACOES_FINANCEIRAS,23660,39551e029d96e2b38fe8fdc55117584b8dca8843393aa7967ef5a3c1b151def0
TR-23661,2025-07-28,2025-07-01,JUR,FORN-00122,DESPESA,2848.6526094299356,2848.6526094299356,BRL,Despesa de RH - JUR,6,PIX,PAGO,d4641add-3306-4ba7-b535-358854b3d242,2025-08-05,ERP_CORPORATIVO,TRANSACOES_FINANCEIRAS,23661,b2533ee6059bf40b714f000ed9f7262b1319ebd5aca5f106393b74ad56288e0a
TR-23662,2025-07-15,2025-07-01,COM,FORN-00122,DESPESA,2810.6715645999775,2810.6715645999775,BRL,Despesa de infraestrutura - COM,3,BOLETO,PAGO,d4641add-3306-4ba7-b535-358854b3d242,2025-08-05,ERP_CORPORATIVO,TRANSACOES_FINANCEIRAS,23662,a63f52823c21727d5f5f385547f882452d7e7462a0696db2b82d3a2e31555d98
TR-23663,2025-07-21,2025-07-01,OP,FORN-00122,DESPESA,3261.369642043753,3191.8852181684933,BRL,Aquisição de material operacional - OP,2,TED,PAGO,d4641add-3306-4ba7-b535-358854b3d242,2025-08-05,ERP_CORPORATIVO,TRANSACOES_FINANCEIRAS,23663,bd3013309c960e4175b7066146bd7cb338a4bdaf5e673630e900ca90c8baefff
TR-23664,2025-07-24,2025-07-01,COMP,FORN-00122,DESPESA,2627.6247744171715,2627.6247744171715,BRL,Abastecimento de veículos - COMP,16,CARTAO,PAGO,d4641add-3306-4ba7-b535-358854b3d242,2025-08-05,ERP_CORPORATIVO,TRANSACOES_FINANCEIRAS,23664,daf3da339c214fd982e8ae4c1202905e603eb39c9dca1bab27fe4126c2a9e6e4
TR-23665,2025-07-15,2025-07-01,QAS,FORN-00122,RECEITA,2737.5674369321146,2737.5674369321146,BRL,Atendimento de TI requisitado por QAS,29,TED,PAGO,d4641add-3306-4ba7-b535-358854b3d242,2025-08-05,ERP_CORPORATIVO,TRANSACOES_FINANCEIRAS,23665,e3622760e968f97b9cbe5d30605ec373b42c2a0dfd3ea91d446a1bf1e341f862
TR-23889,2025-07-14,2025-07-01,FIN,ACC-00123,DESPESA,8115.33269947459,8115.33269947459,BRL,Despesa de refeição em deslocamento (FIN),20,BOLETO,PAGO,d4641add-3306-4ba7-b535-358854b3d242,2025-08-05,ERP_CORPORATIVO,TRANSACOES_FINANCEIRAS,23889,d6bfa22ab33165b95d1ffa67e047558047712856165805e6b61da368ebb05b40
TR-23890,2025-07-24,2025-07-01,TI,ACC-00123,DESPESA,7912.92389870306,7825.060887770266,BRL,Compra de insumos para setor TI,2,BOLETO,PAGO,d4641add-3306-4ba7-b535-358854b3d242,2025-08-05,ERP_CORPORATIVO,TRANSACOES_FINANCEIRAS,23890,39f106443785ed1a68806f986f266aa29c1c596984fb8b2b2cdef6d481c0b460
TR-23891,2025-07-14,2025-07-01,RH,ACC-00123,DESPESA,8641.257935053774,8369.083200569621,USD,Despesa jurídica da área RH,24,PIX,PAGO,d4641add-3306-4ba7-b535-358854b3d242,2025-08-05,ERP_CORPORATIVO,TRANSACOES_FINANCEIRAS,23891,f655847285ad3e84c548da8aeb5af9bcaf99544215c0b50eb28c581e54649aa9
TR-23892,2025-07-15,2025-07-01,RH,ACC-00123,RECEITA,10802.917577354681,10579.505848244818,BRL,Campanha institucional - RH,4,PIX,PAGO,d4641add-3306-4ba7-b535-358854b3d242,2025-08-05,ERP_CORPORATIVO,TRANSACOES_FINANCEIRAS,23892,9afc1c091c6cd07eac2b2dab9c2ba787362ff7f7ea366884864a605be632ce62
TR-23893,2025-07-21,2025-07-01,JUR,ACC-00123,DESPESA,9494.30112988048,9494.30112988048,BRL,Abatimento comercial registrado em JUR,38,TRANSFERENCIA,PAGO,d4641add-3306-4ba7-b535-358854b3d242,2025-08-05,ERP_CORPORATIVO,TRANSACOES_FINANCEIRAS,23893,507609497d03e9f6d2dc5dafb48e776eb03b520fa6a21b0c82039535c8e5b5cd
TR-23894,2025-07-14,2025-07-01,PES,ACC-00123,RECEITA,9205.837322713993,9010.557010542707,BRL,Prestação de serviço para área PES,1,PIX,PAGO,d4641add-3306-4ba7-b535-358854b3d242,2025-08-05,ERP_CORPORATIVO,TRANSACOES_FINANCEIRAS,23894,b22378da8d67c6b863497748b3351e0bce6313d94d1173f786f44c729b0ae3b8
TR-23895,2025-07-14,2025-07-01,VND,ACC-00123,RECEITA,14930.981160122996,14610.267150432404,BRL,Compra de insumos para setor VND,2,PIX,PAGO,d4641add-3306-4ba7-b535-358854b3d242,2025-08-05,ERP_CORPORATIVO,TRANSACOES_FINANCEIRAS,23895,8e2b8e3fad7e3cef322cd0ef7ab1c43b8b9f8cff54f08354f0f1a42c2daf5b57
TR-23896,2025-07-18,2025-07-01,FIN,ACC-00123,DESPESA,8326.941203263821,8326.941203263821,BRL,Serviço relacionado a recursos humanos (FIN),6,PIX,PAGO,d4641add-3306-4ba7-b535-358854b3d242,2025-08-05,ERP_CORPORATIVO,TRANSACOES_FINANCEIRAS,23896,f60281b27c88dde570d5b0978d2280b74bdff5bfc9e73050165bdb8e89b0e9d7
TR-23897,2025-07-03,2025-07-01,COMP,ACC-00123,RECEITA,10227.133880103856,9806.952338457468,BRL,Prestação de serviço para área COMP,1,TRANSFERENCIA,PAGO,d4641add-3306-4ba7-b535-358854b3d242,2025-08-05,ERP_CORPORATIVO,TRANSACOES_FINANCEIRAS,23897,e765c14524d3c52bbd1ef75380ebeb010e3b9366a5a041d61febb33945bc40cc
TR-23898,2025-07-14,2025-07-01,CPT,ACC-00123,DESPESA,8626.091831342908,8367.367873373187,BRL,Licenciamento de software - CPT,5,CARTAO,PAGO,d4641add-3306-4ba7-b535-358854b3d242,2025-08-05,ERP_CORPORATIVO,TRANSACOES_FINANCEIRAS,23898,311cda3dcf3f151db08274b44857550b1b50bbbd39ae769a52a4eb893de75f93
TR-23899,2025-07-15,2025-07-01,COMP,ACC-00123,DESPESA,26028.459694263223,26028.459694263223,BRL,Honorários jurídicos - COMP,7,TED,PAGO,d4641add-3306-4ba7-b535-358854b3d242,2025-08-05,ERP_CORPORATIVO,TRANSACOES_FINANCEIRAS,23899,e60f1cec273756b50987507e723100a6eec2b66e38499492f6ac9de508056aff
TR-23900,2025-07-10,2025-07-01,ATD,ACC-00123,DESPESA,9268.237356805395,9268.237356805395,BRL,Alienação de bem patrimonial - ATD,35,BOLETO,PAGO,d4641add-3306-4ba7-b535-358854b3d242,2025-08-05,ERP_CORPORATIVO,TRANSACOES_FINANCEIRAS,23900,1a6b790cb57a4dcb897a044dab1997a5dfda430721e09f0c30f6fcf905440c1b
TR-23901,2025-07-21,2025-07-01,SEC,ACC-00123,DESPESA,8729.794901307954,8567.488729596113,BRL,Serviço de tecnologia contratado por SEC,5,PIX,PAGO,d4641add-3306-4ba7-b535-358854b3d242,2025-08-05,ERP_CORPORATIVO,TRANSACOES_FINANCEIRAS,23901,f923777c75c0eb67a291f6861013b8e4c3f1085439040e9c6c57684bcd3719a9
TR-23902,2025-07-02,2025-07-01,PRD,ACC-00123,DESPESA,8588.213219720255,8161.742780932389,BRL,Prestação de serviço para área PRD,1,TED,CANCELADO,d4641add-3306-4ba7-b535-358854b3d242,2025-08-05,ERP_CORPORATIVO,TRANSACOES_FINANCEIRAS,23902,80c02fbc83016fee53dabfa102eeb0feba0448b0170142ba814e89a9a1190c40
TR-23998,2025-07-18,2025-07-01,JUR,1000123,DESPESA,14936.82088094338,14759.557497829766,BRL,Publicidade institucional - JUR,13,CARTAO,PAGO,d4641add-3306-4ba7-b535-358854b3d242,2025-08-05,ERP_CORPORATIVO,TRANSACOES_FINANCEIRAS,23998,0254f62f27e52855dfa52be4fa2f3b6bb80b6c3135d672ff6ed5956d9fc07e5a
TR-23999,2025-07-09,2025-07-01,FIN,1000123,RECEITA,11115.532639907953,10793.543468722371,BRL,Despesa de RH - FIN,6,PIX,PAGO,d4641add-3306-4ba7-b535-358854b3d242,2025-08-05,ERP_CORPORATIVO,TRANSACOES_FINANCEIRAS,23999,dc2337a9b9f5450f0d0714d36d170de338a0c01f2769ccd50a371c421f567761
TR-24000,2025-07-14,2025-07-01,COMP,1000123,DESPESA,12727.845535925837,12727.845535925837,BRL,Compra de insumos para setor COMP,2,CARTAO,PAGO,d4641add-3306-4ba7-b535-358854b3d242,2025-08-05,ERP_CORPORATIVO,TRANSACOES_FINANCEIRAS,24000,9272e8a5224104e0c80957c7a0ed24a35939b1f2d220e1606c0a406c29a95977
TR-24001,2025-07-04,2025-07-01,COMP,1000123,DESPESA,12531.997039966163,12531.997039966163,BRL,Diária de hotel para equipe COMP,19,BOLETO,PAGO,d4641add-3306-4ba7-b535-358854b3d242,2025-08-05,ERP_CORPORATIVO,TRANSACOES_FINANCEIRAS,24001,e38a5d2c02a4abfbb8175058e491ee74378d56a2078dac277ea08f0a7f3ece7b
TR-24002,2025-07-15,2025-07-01,VND,1000123,DESPESA,14238.060496143904,13742.467454108275,BRL,Treinamento corporativo para equipe VND,30,TED,PAGO,d4641add-3306-4ba7-b535-358854b3d242,2025-08-05,ERP_CORPORATIVO,TRANSACOES_FINANCEIRAS,24002,afa9b83bf2b6d489445154904e8a1afa560efb9af7d360ef0cd1f262c611d1ae
TR-24236,2025-07-10,2025-07-01,COM,1000124,RECEITA,8815.031003964996,8683.165494436165,BRL,Custo operacional associado a COM,8,BOLETO,PAGO,d4641add-3306-4ba7-b535-358854b3d242,2025-08-05,ERP_CORPORATIVO,TRANSACOES_FINANCEIRAS,24236,602860ce1a89fab073ef3ca74665b404c959f05a379de39058f257d52338a909
TR-24237,2025-07-14,2025-07-01,PJT,1000124,DESPESA,9550.100123264727,9143.735549599389,BRL,Resultado de equivalência patrimonial - PJT,34,PIX,ATRASADO,d4641add-3306-4ba7-b535-358854b3d242,2025-08-05,ERP_CORPORATIVO,TRANSACOES_FINANCEIRAS,24237,f8af90e8bb6a83c9f91afef4f734be94ca0fd1f6ba23e681d03b92bbe27ba06f
TR-24238,2025-07-11,2025-07-01,COMP,1000124,DESPESA,8943.722533694197,8943.722533694197,BRL,Serviço de tecnologia contratado por COMP,5,TED,CANCELADO,d4641add-3306-4ba7-b535-358854b3d242,2025-08-05,ERP_CORPORATIVO,TRANSACOES_FINANCEIRAS,24238,97e2ce0edf559cc91e2d5c94f9793b22dea588f1cc6e5255463e25ce59ea2017
TR-24239,2025-07-17,2025-07-01,COM,1000124,DESPESA,2704.5801130754226,2704.5801130754226,BRL,Serviços contábeis externos - COM,25,TED,PAGO,d4641add-3306-4ba7-b535-358854b3d242,2025-08-05,ERP_CORPORATIVO,TRANSACOES_FINANCEIRAS,24239,a122ab0bfcb67fa983e9ed69af26b5f42a3614721e1dccd2c4cd9b78978e82f6
TR-24240,2025-07-07,2025-07-01,FIN,1000124,RECEITA,9992.747200289063,9992.747200289063,BRL,Compra de insumos para setor FIN,2,TRANSFERENCIA,PAGO,d4641add-3306-4ba7-b535-358854b3d242,2025-08-05,ERP_CORPORATIVO,TRANSACOES_FINANCEIRAS,24240,6fdeed3aadfb513b0ae14ae3cafb54c6d6dc66b5d62dd78f0e865ca8f7b137e4
TR-24241,2025-07-14,2025-07-01,ADM,1000124,RECEITA,10338.048543670362,9889.660633677402,BRL,Assessoria contábil prestada a ADM,25,TED,PAGO,d4641add-3306-4ba7-b535-358854b3d242,2025-08-05,ERP_CORPORATIVO,TRANSACOES_FINANCEIRAS,24241,9bb7bf0b7aaa88a6e2b195a843737200a08905ee32769d1f88713838d4c5814d
TR-24242,2025-07-18,2025-07-01,OP,1000124,RECEITA,10763.114655501362,10519.39980300317,BRL,Serviço especializado solicitado por OP,1,PIX,PAGO,d4641add-3306-4ba7-b535-358854b3d242,2025-08-05,ERP_CORPORATIVO,TRANSACOES_FINANCEIRAS,24242,26ca53e2fcfbae5e8f24ed0be4686eda985fdc254db97e5849315fb156bcbb3b
TR-24243,2025-07-21,2025-07-01,COM,1000124,DESPESA,9217.381935689786,8924.34231925275,BRL,Manutenção estrutural vinculada à área COM,3,BOLETO,CANCELADO,d4641add-3306-4ba7-b535-358854b3d242,2025-08-05,ERP_CORPORATIVO,TRANSACOES_FINANCEIRAS,24243,9ef2066861ba20ec596810dc249ea45647c080c8ddd69f4127ed0691bb3c9eb7
TR-24244,2025-07-21,2025-07-01,PES,1000124,RECEITA,9677.127738736575,9247.747906641665,BRL,Contrato de serviço - setor PES,1,TRANSFERENCIA,PAGO,d4641add-3306-4ba7-b535-358854b3d242,2025-08-05,ERP_CORPORATIVO,TRANSACOES_FINANCEIRAS,24244,fd1ac53722f4f6e3a41bc7f234658134ce9d4d1085c106e413a2493951ba4e0e
TR-24245,2025-07-14,2025-07-01,CPT,1000124,DESPESA,9972.772356890506,9972.772356890506,BRL,Manutenção estrutural vinculada à área CPT,3,CARTAO,PAGO,d4641add-3306-4ba7-b535-358854b3d242,2025-08-05,ERP_CORPORATIVO,TRANSACOES_FINANCEIRAS,24245,aa8ef30437cb905111b680b2da645246dab05a4a6c20aa675cdccedcfe02b647
TR-24246,2025-07-14,2025-07-01,CPT,1000124,DESPESA,10675.147342612996,10675.147342612996,BRL,Prestação de serviço para área CPT,1,PIX,PAGO,d4641add-3306-4ba7-b535-358854b3d242,2025-08-05,ERP_CORPORATIVO,TRANSACOES_FINANCEIRAS,24246,70faf3b8052e65c9effb60b713a48cc4034f533b42b65a15f13594e5f811fb38
TR-24247,2025-07-18,2025-07-01,COMP,1000124,DESPESA,8091.295363408317,8091.295363408317,BRL,Suporte técnico para sistemas de COMP,29,TED,PAGO,d4641add-3306-4ba7-b535-358854b3d242,2025-08-05,ERP_CORPORATIVO,TRANSACOES_FINANCEIRAS,24247,5d8a2d357444b4b2666a418ec3dabc306b4cd928d6c2416204523e2a618eb0e7
TR-24248,2025-07-10,2025-07-01,JUR,1000124,DESPESA,8322.179389304367,8148.299056006252,BRL,Despesa de RH - JUR,6,BOLETO,ATRASADO,d4641add-3306-4ba7-b535-358854b3d242,2025-08-05,ERP_CORPORATIVO,TRANSACOES_FINANCEIRAS,24248,bb1c25dd3425a47dc0bcc6d5bf329c84d52931e09c352e8c14d327def8d60306
TR-24249,2025-07-24,2025-07-01,OP,1000124,DESPESA,11074.273559627323,10738.321337371324,BRL,Licenciamento de software - OP,5,BOLETO,PAGO,d4641add-3306-4ba7-b535-358854b3d242,2025-08-05,ERP_CORPORATIVO,TRANSACOES_FINANCEIRAS,24249,ba8e0ca3bd71b0bca6b218293f5f0cecffa1d50825591195a8d81f415bd33c2f
TR-24306,2025-07-31,2025-07-01,CTB,FORN-00126,RECEITA,2566.8550000453074,2566.8550000453074,BRL,Material de marketing solicitado por CTB,15,PIX,PAGO,d4641add-3306-4ba7-b535-358854b3d242,2025-08-05,ERP_CORPORATIVO,TRANSACOES_FINANCEIRAS,24306,ac6d1b46b1118a9c4e4a5835a1f61a156dce2b3f953d11d3c8d0b915d8311de9
TR-24619,2025-07-14,2025-07-01,RH,ACC-00127,RECEITA,3097.84327727551,3097.84327727551,BRL,Contrato de consultoria externa - RH,12,TED,PAGO,d4641add-3306-4ba7-b535-358854b3d242,2025-08-05,ERP_CORPORATIVO,TRANSACOES_FINANCEIRAS,24619,9d4088c41170cff2c09a3bd9500a8a8b0f5c287dad97026cd4d1de0b4234aff5
TR-24620,2025-07-09,2025-07-01,FIN,ACC-00127,DESPESA,2541.079059254095,2541.079059254095,BRL,Royalties recebidos por FIN,32,BOLETO,PAGO,d4641add-3306-4ba7-b535-358854b3d242,2025-08-05,ERP_CORPORATIVO,TRANSACOES_FINANCEIRAS,24620,2855eab23894d69f1d3dfca96f46c0567e1016b421ed082ed9681e1d227a915c
TR-24621,2025-07-14,2025-07-01,COM,ACC-00127,RECEITA,3157.838759495729,3157.838759495729,BRL,Compra de insumos para setor COM,2,CARTAO,PAGO,d4641add-3306-4ba7-b535-358854b3d242,2025-08-05,ERP_CORPORATIVO,TRANSACOES_FINANCEIRAS,24621,7c5be0844364e1145e18bf82c8b27a99445b7c178d1b4c78142e80453163ae8f
TR-24622,2025-07-14,2025-07-01,RH,ACC-00127,DESPESA,3184.1141826994776,3184.1141826994776,BRL,Manutenção predial solicitada por RH,10,TRANSFERENCIA,PAGO,d4641add-3306-4ba7-b535-358854b3d242,2025-08-05,ERP_CORPORATIVO,TRANSACOES_FINANCEIRAS,24622,ed59cd2b3437b36ec4a7e6490ecfd8a05e0e35e216f5e8fd52407c746f56dc12
TR-24623,2025-07-14,2025-07-01,OP,ACC-00127,DESPESA,3037.1293385933313,2905.0191620694027,BRL,Locação de espaço comercial - OP,31,PIX,PAGO,d4641add-3306-4ba7-b535-358854b3d242,2025-08-05,ERP_CORPORATIVO,TRANSACOES_FINANCEIRAS,24623,4ebb7ffdcbdec9223d919c0b58a5f8dbdc3707b7a21fdaf79f39ebd9967fd3ea
TR-24624,2025-07-14,2025-07-01,CTB,ACC-00127,DESPESA,3235.7645922235974,3170.861195547195,BRL,Despesa operacional - CTB,8,CARTAO,ATRASADO,d4641add-3306-4ba7-b535-358854b3d242,2025-08-05,ERP_CORPORATIVO,TRANSACOES_FINANCEIRAS,24624,f28064af4303bff1c239f885960b032a4e8cd426d8af929ba6c62454c1cc28ce
TR-24625,2025-07-07,2025-07-01,RH,ACC-00127,DESPESA,2780.9439560422625,2780.9439560422625,BRL,Receita eventual registrada em RH,37,TED,PAGO,d4641add-3306-4ba7-b535-358854b3d242,2025-08-05,ERP_CORPORATIVO,TRANSACOES_FINANCEIRAS,24625,aab2745b3d3ca261573c374eb7e563e47746da27c495cf1a99c2c1be898b66d4
TR-24626,2025-07-15,2025-07-01,RH,ACC-00127,DESPESA,2656.3530127674294,2656.3530127674294,BRL,Seguro contratado pela área RH,21,TED,PAGO,d4641add-3306-4ba7-b535-358854b3d242,2025-08-05,ERP_CORPORATIVO,TRANSACOES_FINANCEIRAS,24626,c262a2b2894ecea760fb633812d26a8284709e8bf56090833df082731d3e6ee5
TR-24627,2025-07-14,2025-07-01,TI,ACC-00127,RECEITA,2756.159211195929,2756.159211195929,BRL,Receita de aluguel creditada em TI,31,TED,PAGO,d4641add-3306-4ba7-b535-358854b3d242,2025-08-05,ERP_CORPORATIVO,TRANSACOES_FINANCEIRAS,24627,e4cfb849f011af20f91160978fc90a53dfd87913d6e92ba77ac0cfc8e8ee7681
TR-24628,2025-07-17,2025-07-01,OP,ACC-00127,DESPESA,3145.3048055390936,2998.1909539706785,BRL,Alimentação em viagem corporativa - OP,20,TED,PAGO,d4641add-3306-4ba7-b535-358854b3d242,2025-08-05,ERP_CORPORATIVO,TRANSACOES_FINANCEIRAS,24628,5fd7ae47af6262570c6bd04d9eea8f4e263c00c48df5b2cf5a33b641994a591e
TR-24629,2025-07-17,2025-07-01,SEC,ACC-00127,DESPESA,3455.47688065309,3455.47688065309,BRL,Custo operacional associado a SEC,8,PIX,PAGO,d4641add-3306-4ba7-b535-358854b3d242,2025-08-05,ERP_CORPORATIVO,TRANSACOES_FINANCEIRAS,24629,a9bf85a1a5506cb8126364f563a59fec70ca0676484bf525c916713c7ffdd97d
TR-24630,2025-07-14,2025-07-01,PJT,ACC-00127,RECEITA,2781.6874843242294,2781.6874843242294,BRL,Serviço de tecnologia contratado por PJT,5,CARTAO,PAGO,d4641add-3306-4ba7-b535-358854b3d242,2025-08-05,ERP_CORPORATIVO,TRANSACOES_FINANCEIRAS,24630,a732b0a9b27436f5ad2613532ebe7d569d0b0de573894179b9b2e485d31f718f
TR-24631,2025-07-14,2025-07-01,MKT,ACC-00127,RECEITA,2830.8216737641455,2774.049224809306,BRL,Reparo de hardware solicitado por MKT,28,BOLETO,PAGO,d4641add-3306-4ba7-b535-358854b3d242,2025-08-05,ERP_CORPORATIVO,TRANSACOES_FINANCEIRAS,24631,448c0ad2dc49b58601247e33bbde2419596a9403dedd82044bec17f5c8acfa88
TR-24632,2025-07-21,2025-07-01,QAS,ACC-00127,RECEITA,3066.1857677250696,3066.1857677250696,BRL,Consultoria estratégica para área QAS,12,PIX,PAGO,d4641add-3306-4ba7-b535-358854b3d242,2025-08-05,ERP_CORPORATIVO,TRANSACOES_FINANCEIRAS,24632,9ba1a6ccf0cd7aa024295e5f798ac3caa5e6c6a251c48397541a75ddd2e55982
TR-24633,2025-07-21,2025-07-01,COM,ACC-00127,RECEITA,4278.186100597799,4278.186100597799,BRL,Compra de insumos para setor COM,2,BOLETO,PAGO,d4641add-3306-4ba7-b535-358854b3d242,2025-08-05,ERP_CORPORATIVO,TRANSACOES_FINANCEIRAS,24633,460eba94c03dc0b54a96d1acbe88ee6629bc7964afaa875f5ab44ec19b4686ec
TR-24634,2025-07-17,2025-07-01,TI,ACC-00127,DESPESA,10096.883444556885,10096.883444556885,BRL,Custo operacional associado a TI,8,BOLETO,ATRASADO,d4641add-3306-4ba7-b535-358854b3d242,2025-08-05,ERP_CORPORATIVO,TRANSACOES_FINANCEIRAS,24634,8d4ee5464c53b7216520d2b5901341d1ab46c81c6e98dc645fa76180adacdbae
TR-24635,2025-07-31,2025-07-01,VND,ACC-00127,DESPESA,3321.1133813410615,3321.1133813410615,BRL,Campanha institucional - VND,4,TRANSFERENCIA,PAGO,d4641add-3306-4ba7-b535-358854b3d242,2025-08-05,ERP_CORPORATIVO,TRANSACOES_FINANCEIRAS,24635,42dabfad3cdfc4747941f4e4b5b14109578c43a2d6a98c290ab642a78f926b8c
TR-24700,2025-07-17,2025-07-01,COM,FORN-00128,DESPESA,2932.20196340858,2789.0966916102643,BRL,Despesa de infraestrutura - COM,3,CARTAO,PAGO,d4641add-3306-4ba7-b535-358854b3d242,2025-08-05,ERP_CORPORATIVO,TRANSACOES_FINANCEIRAS,24700,3065eb858e79e4ffdd491df52786194e0c0a6c2d7744afffe422467dfd15f096
TR-24701,2025-07-16,2025-07-01,MKT,FORN-00128,RECEITA,3250.7041010088046,3141.714022563159,BRL,Aquisição de material operacional - MKT,2,PIX,CANCELADO,d4641add-3306-4ba7-b535-358854b3d242,2025-08-05,ERP_CORPORATIVO,TRANSACOES_FINANCEIRAS,24701,7ae4b11be838db0dae98bdd2f1855fa06f15005f20d61e04a386a7317ce53655
TR-24702,2025-07-14,2025-07-01,COM,FORN-00128,DESPESA,3060.3580771624197,3060.3580771624197,BRL,Viagem corporativa - COM,18,BOLETO,PAGO,d4641add-3306-4ba7-b535-358854b3d242,2025-08-05,ERP_CORPORATIVO,TRANSACOES_FINANCEIRAS,24702,5e178b93d7fd9a7d155d78946ff531aee2c647908b4108ce5e5a7cdb456c4b7a
TR-24703,2025-07-14,2025-07-01,COMP,FORN-00128,RECEITA,2710.9196547832435,2646.2732851567034,BRL,Aquisição de material operacional - COMP,2,TED,PAGO,d4641add-3306-4ba7-b535-358854b3d242,2025-08-05,ERP_CORPORATIVO,TRANSACOES_FINANCEIRAS,24703,c8c306ac680bd98d40ae496d7e247f77d92146689762efff0eec11b6ed0f62ba
TR-24704,2025-07-08,2025-07-01,OP,FORN-00128,DESPESA,3059.687586817068,3059.687586817068,BRL,Licenciamento de software - OP,5,TED,PAGO,d4641add-3306-4ba7-b535-358854b3d242,2025-08-05,ERP_CORPORATIVO,TRANSACOES_FINANCEIRAS,24704,03fb2c41cf1fb9fce8af561667cf740530228ef2592dc96acee1c0dbcea5e79c
TR-24705,2025-07-11,2025-07-01,VND,FORN-00128,RECEITA,11501.691651137475,11501.691651137475,BRL,Abatimento comercial registrado em VND,38,TRANSFERENCIA,PAGO,d4641add-3306-4ba7-b535-358854b3d242,2025-08-05,ERP_CORPORATIVO,TRANSACOES_FINANCEIRAS,24705,e47b06cc17b2c13aa89104effe9d8faf472cccaa2503effd2420503084740893
TR-24706,2025-07-11,2025-07-01,SEC,FORN-00128,DESPESA,3062.4369011014,3062.4369011014,USD,Despesa operacional - SEC,8,PIX,PAGO,d4641add-3306-4ba7-b535-358854b3d242,2025-08-05,ERP_CORPORATIVO,TRANSACOES_FINANCEIRAS,24706,b36bfdc863c2958ddd9756003aafebdf68c6a78faba916345a934ddea2376572
TR-24707,2025-07-08,2025-07-01,JUR,FORN-00128,DESPESA,2961.620442561881,2961.620442561881,BRL,Material de marketing solicitado por JUR,15,BOLETO,PAGO,d4641add-3306-4ba7-b535-358854b3d242,2025-08-05,ERP_CORPORATIVO,TRANSACOES_FINANCEIRAS,24707,09c1e60067adc4a7b8e7e24e11f945680e3e5232ef6df9457640326efdd70141
TR-24708,2025-07-11,2025-07-01,QAS,FORN-00128,DESPESA,3528.85195916978,3528.85195916978,BRL,Custo operacional associado a QAS,8,TED,PAGO,d4641add-3306-4ba7-b535-358854b3d242,2025-08-05,ERP_CORPORATIVO,TRANSACOES_FINANCEIRAS,24708,a0e44e8e61d715053399402d52e6b85640715bbf1c85cb4ccec4a2a11753b5ef
TR-24709,2025-07-18,2025-07-01,COM,FORN-00128,RECEITA,3182.2543378897826,3121.7529845109175,BRL,Prestação de serviço para área COM,1,PIX,PAGO,d4641add-3306-4ba7-b535-358854b3d242,2025-08-05,ERP_CORPORATIVO,TRANSACOES_FINANCEIRAS,24709,83c1d63d6771be466c7afc2d99004375aa4447acb2b2cae7cb17ff2a4eb2c200
TR-24710,2025-07-21,2025-07-01,COMP,FORN-00128,DESPESA,2665.624774000903,2634.8451270451687,BRL,Honorarium advocatício - COMP,24,CARTAO,ATRASADO,d4641add-3306-4ba7-b535-358854b3d242,2025-08-05,ERP_CORPORATIVO,TRANSACOES_FINANCEIRAS,24710,21836afa52488c71a243e0b8cc9c8052fef2ae22ae8c81315b29d531a5ed041f
TR-24711,2025-07-28,2025-07-01,LOG,FORN-00128,RECEITA,2973.427175872457,2973.427175872457,BRL,Material de marketing solicitado por LOG,15,BOLETO,PAGO,d4641add-3306-4ba7-b535-358854b3d242,2025-08-05,ERP_CORPORATIVO,TRANSACOES_FINANCEIRAS,24711,1b794ba6327a14d3114a682dc881014b1c497360f593f4e64d6d8dbb5cd9b1d1
TR-24712,2025-07-10,2025-07-01,PES,FORN-00128,RECEITA,3143.6567670063228,3143.6567670063228,BRL,Aquisição de material operacional - PES,2,BOLETO,CANCELADO,d4641add-3306-4ba7-b535-358854b3d242,2025-08-05,ERP_CORPORATIVO,TRANSACOES_FINANCEIRAS,24712,4d1cfbfd83530cb4c22b0e5216b8f4615a3e5f8d66697f7cdd7565be44e16218
TR-24713,2025-07-02,2025-07-01,FIN,FORN-00128,RECEITA,3133.4487375193125,3133.4487375193125,BRL,Viagem corporativa - FIN,18,PIX,PAGO,d4641add-3306-4ba7-b535-358854b3d242,2025-08-05,ERP_CORPORATIVO,TRANSACOES_FINANCEIRAS,24713,7fee9f92956c5a6fb2d3fb1a3b47fdfb56f48fc4a5fe991908105b3f7afc0f1f
TR-24714,2025-07-15,2025-07-01,MKT,FORN-00128,RECEITA,3221.0164861972426,3221.0164861972426,BRL,Direitos de propriedade intelectual - MKT,32,BOLETO,PAGO,d4641add-3306-4ba7-b535-358854b3d242,2025-08-05,ERP_CORPORATIVO,TRANSACOES_FINANCEIRAS,24714,8f0a597331ba9f85c7422e0b158cb4fbae6091bd305d9f9d2efcac075a85d636
TR-24715,2025-07-28,2025-07-01,TI,FORN-00128,DESPESA,6219.6500763790855,6219.6500763790855,BRL,Doação recebida em favor de TI,36,BOLETO,PAGO,d4641add-3306-4ba7-b535-358854b3d242,2025-08-05,ERP_CORPORATIVO,TRANSACOES_FINANCEIRAS,24715,ce540204a75eb540b0b2812f3b6ae6b7b3316b70fd0762d78003b8339ef07cf1
TR-24716,2025-07-17,2025-07-01,CTB,FORN-00128,DESPESA,2996.4030770994445,2929.542712650132,BRL,Compra de insumos para setor CTB,2,PIX,PAGO,d4641add-3306-4ba7-b535-358854b3d242,2025-08-05,ERP_CORPORATIVO,TRANSACOES_FINANCEIRAS,24716,b2bc6f411c8b6e65e4b3a9814f39489e765b99f6594961c88875936834b1de59
TR-24717,2025-07-28,2025-07-01,OP,FORN-00128,DESPESA,3064.8813373194357,3064.8813373194357,BRL,Comissão recebida por OP,33,TED,CANCELADO,d4641add-3306-4ba7-b535-358854b3d242,2025-08-05,ERP_CORPORATIVO,TRANSACOES_FINANCEIRAS,24717,2cc19aa4cc0b607a58de6db600ff23cd993baa0c477991fa0ada349631f40202
TR-24718,2025-07-21,2025-07-01,COM,FORN-00128,DESPESA,3313.6459420718656,3266.3564100878257,BRL,Material de marketing solicitado por COM,15,PIX,PAGO,d4641add-3306-4ba7-b535-358854b3d242,2025-08-05,ERP_CORPORATIVO,TRANSACOES_FINANCEIRAS,24718,0f47ea2b21e477410094c05366640a043a5b98d57e2bea2be83457878033eee9
TR-25115,2025-07-21,2025-07-01,JUR,FORN-00129,DESPESA,4145.008990442094,4145.008990442094,BRL,Serviço relacionado a recursos humanos (JUR),6,TRANSFERENCIA,PAGO,d4641add-3306-4ba7-b535-358854b3d242,2025-08-05,ERP_CORPORATIVO,TRANSACOES_FINANCEIRAS,25115,a7ef48ee3456a6a6daf36f3cac10596212d4598c5e1b910dcaa09826213f3628
TR-25116,2025-07-17,2025-07-01,PES,FORN-00129,RECEITA,4605.703540577689,4605.703540577689,BRL,Contrato de SaaS vinculado a PES,27,PIX,PAGO,d4641add-3306-4ba7-b535-358854b3d242,2025-08-05,ERP_CORPORATIVO,TRANSACOES_FINANCEIRAS,25116,3df629e263b9779aa16e8ea873aabbfd0555bc5b4c68d11367d964b0adfb4eac
TR-25117,2025-07-23,2025-07-01,OP,FORN-00129,RECEITA,4661.723704508827,4661.723704508827,BRL,Material de marketing solicitado por OP,15,BOLETO,ATRASADO,d4641add-3306-4ba7-b535-358854b3d242,2025-08-05,ERP_CORPORATIVO,TRANSACOES_FINANCEIRAS,25117,8442f6205bccbd409ee1fcb23fa7a9b415ade605af8f6d85f235a7dc574aefcb
TR-25118,2025-07-10,2025-07-01,COM,FORN-00129,DESPESA,3724.7156204164316,3724.7156204164316,BRL,Treinamento corporativo para equipe COM,30,CARTAO,PAGO,d4641add-3306-4ba7-b535-358854b3d242,2025-08-05,ERP_CORPORATIVO,TRANSACOES_FINANCEIRAS,25118,de3db2a62e295ee46f654aeeebdf11225a40c85b73bbcf032f114a4d0b2df018
TR-25119,2025-07-16,2025-07-01,JUR,FORN-00129,DESPESA,4221.42424957034,4221.42424957034,BRL,Imposto sobre venda apurado em JUR,40,BOLETO,PAGO,d4641add-3306-4ba7-b535-358854b3d242,2025-08-05,ERP_CORPORATIVO,TRANSACOES_FINANCEIRAS,25119,f167204e7e07cc15985e3527aa2104fc04595f8a3459d722d4411f3c7f87b4d2
TR-25120,2025-07-16,2025-07-01,MKT,FORN-00129,DESPESA,4201.114770972091,4111.233319484867,BRL,Contrato de SaaS vinculado a MKT,27,TED,PAGO,d4641add-3306-4ba7-b535-358854b3d242,2025-08-05,ERP_CORPORATIVO,TRANSACOES_FINANCEIRAS,25120,bd65f86f177f7e7787ae6d16a4e8acefd1738db7bd170005a69575bbc8b7b21c
TR-25121,2025-07-07,2025-07-01,OP,FORN-00129,RECEITA,4171.850558549275,4171.850558549275,BRL,Prestação de serviço para área OP,1,TRANSFERENCIA,PAGO,d4641add-3306-4ba7-b535-358854b3d242,2025-08-05,ERP_CORPORATIVO,TRANSACOES_FINANCEIRAS,25121,21f872234b6a4ca80a6d49f00be7dd8d8f2fcf3411a54dc8a90de122cde7a054
TR-25122,2025-07-14,2025-07-01,OP,FORN-00129,DESPESA,10735.744797109786,10735.744797109786,BRL,Contrato de serviço - setor OP,1,TED,PAGO,d4641add-3306-4ba7-b535-358854b3d242,2025-08-05,ERP_CORPORATIVO,TRANSACOES_FINANCEIRAS,25122,82ae3b21961897d784435e089f86d13b16d763af28d5be793cb9c8a4690962f1
TR-25123,2025-07-22,2025-07-01,OP,FORN-00129,DESPESA,3792.246987865244,3607.0440058457957,BRL,Compra de insumos para setor OP,2,BOLETO,PAGO,d4641add-3306-4ba7-b535-358854b3d242,2025-08-05,ERP_CORPORATIVO,TRANSACOES_FINANCEIRAS,25123,89180140973bdade4cf77ec639336ef7767412bd69d1c520697e2203a0a063ac
TR-25124,2025-07-22,2025-07-01,MKT,FORN-00129,RECEITA,4227.73142802238,4031.882752886294,BRL,Propaganda e divulgação para área MKT,13,PIX,PAGO,d4641add-3306-4ba7-b535-358854b3d242,2025-08-05,ERP_CORPORATIVO,TRANSACOES_FINANCEIRAS,25124,5cc46edcbd6ecc6b3739497aa971a84595cc69dbedca4bc77e7132b1549305b1
TR-25125,2025-07-22,2025-07-01,FIN,FORN-00129,RECEITA,3930.223710954967,3930.223710954967,BRL,Venda de ativo imobilizado por FIN,35,PIX,PAGO,d4641add-3306-4ba7-b535-358854b3d242,2025-08-05,ERP_CORPORATIVO,TRANSACOES_FINANCEIRAS,25125,ea70e5844df189c46b3de80feb0b4efd3dc127752cc4b992edddf73b0445a8c0
TR-25126,2025-07-07,2025-07-01,TI,FORN-00129,RECEITA,4121.557116696889,4045.5553405197375,BRL,Combustível e lubrificantes para frota (TI),16,TRANSFERENCIA,PAGO,d4641add-3306-4ba7-b535-358854b3d242,2025-08-05,ERP_CORPORATIVO,TRANSACOES_FINANCEIRAS,25126,404c901efd0462a35f79047c92e5f0b0b857882831dc06a691dfd72c6833ba28
TR-25127,2025-07-11,2025-07-01,COMP,FORN-00129,DESPESA,3690.6981464167,3690.6981464167,BRL,Taxas bancárias incidentes em COMP,22,TED,PAGO,d4641add-3306-4ba7-b535-358854b3d242,2025-08-05,ERP_CORPORATIVO,TRANSACOES_FINANCEIRAS,25127,5afc16cea18120b80280296437aff7117023411da8202ec4ef03615f237ea795
TR-25128,2025-07-18,2025-07-01,OP,FORN-00129,DESPESA,3889.247035536558,3819.303400319511,BRL,Despesa operacional - OP,8,CARTAO,PAGO,d4641add-3306-4ba7-b535-358854b3d242,2025-08-05,ERP_CORPORATIVO,TRANSACOES_FINANCEIRAS,25128,c0cdacff5dcc17012f14b1f372e338ab820839bc2fdb3c68fd115ec42e853002
TR-25129,2025-07-03,2025-07-01,TI,FORN-00129,DESPESA,3574.3496383676343,3440.4473421745583,BRL,Contrato de consultoria externa - TI,12,BOLETO,PAGO,d4641add-3306-4ba7-b535-358854b3d242,2025-08-05,ERP_CORPORATIVO,TRANSACOES_FINANCEIRAS,25129,589c33d48bbcaf97f06048bc54875d6cd9a02e760989489c2d63eaebb26fc443
TR-25130,2025-07-11,2025-07-01,PES,FORN-00129,DESPESA,4193.802166904807,4193.802166904807,BRL,Custo operacional associado a PES,8,PIX,PAGO,d4641add-3306-4ba7-b535-358854b3d242,2025-08-05,ERP_CORPORATIVO,TRANSACOES_FINANCEIRAS,25130,97be9793c6b1117496d5ae7454357ebcdc32d8c8eecbf5edafa1e4733bc2ba7f
TR-25131,2025-07-14,2025-07-01,SEC,FORN-00129,DESPESA,3944.6485444244186,3944.6485444244186,BRL,Direitos de propriedade intelectual - SEC,32,PIX,PAGO,d4641add-3306-4ba7-b535-358854b3d242,2025-08-05,ERP_CORPORATIVO,TRANSACOES_FINANCEIRAS,25131,f9a1f45b674ec56aefa4b2a87ac2bc9c30f3eee66faf88886f474fff350fc397
TR-25132,2025-07-23,2025-07-01,COMP,FORN-00129,DESPESA,4194.399187093625,4054.55207023478,BRL,Imposto sobre venda apurado em COMP,40,CARTAO,ATRASADO,d4641add-3306-4ba7-b535-358854b3d242,2025-08-05,ERP_CORPORATIVO,TRANSACOES_FINANCEIRAS,25132,560396d36808e619def283727a6e7aea2fc0c2513385116adbb330bed0b5fb33
TR-25404,2025-07-14,2025-07-01,TI,1000129,RECEITA,1757.6979020610042,1757.6979020610042,BRL,Serviço especializado solicitado por TI,1,TED,PAGO,d4641add-3306-4ba7-b535-358854b3d242,2025-08-05,ERP_CORPORATIVO,TRANSACOES_FINANCEIRAS,25404,9a7b76b18042f7ce876b92a4acf99440f22783cc1bc0116642b56b60831e9821
TR-25405,2025-07-10,2025-07-01,TI,1000129,DESPESA,1767.0041274820096,1767.0041274820096,BRL,Consultoria estratégica para área TI,12,PIX,PAGO,d4641add-3306-4ba7-b535-358854b3d242,2025-08-05,ERP_CORPORATIVO,TRANSACOES_FINANCEIRAS,25405,73069389539177d5135ad349e943d7f22c8fbcda58e7aff6ca41657948fee466
TR-25406,2025-07-24,2025-07-01,OP,1000129,DESPESA,2013.8559462406447,2013.8559462406447,BRL,Campanha institucional - OP,4,BOLETO,PAGO,d4641add-3306-4ba7-b535-358854b3d242,2025-08-05,ERP_CORPORATIVO,TRANSACOES_FINANCEIRAS,25406,0b8def4c4705ee23f168e322814ffc4de5ba1431dbbf2f72736437026c4273a8
TR-25407,2025-07-23,2025-07-01,QAS,1000129,DESPESA,1819.7006758918942,1819.7006758918942,BRL,Despesa de RH - QAS,6,PIX,PAGO,d4641add-3306-4ba7-b535-358854b3d242,2025-08-05,ERP_CORPORATIVO,TRANSACOES_FINANCEIRAS,25407,fa1d6316db33d3bf61d08e841146c7ef2806fdce4d618affeaf974eb3b35fb31
TR-25408,2025-07-14,2025-07-01,FIN,1000129,DESPESA,1735.2325993713291,1735.2325993713291,USD,Despesa operacional - FIN,8,CARTAO,PAGO,d4641add-3306-4ba7-b535-358854b3d242,2025-08-05,ERP_CORPORATIVO,TRANSACOES_FINANCEIRAS,25408,173027ff6975e299fd15e626c428e6bf327988550f8d9274c507dda1ca23cbb4
TR-25409,2025-07-28,2025-07-01,CTB,1000129,DESPESA,1727.6445413900535,1727.6445413900535,BRL,Evento corporativo organizado por CTB,14,TRANSFERENCIA,PAGO,d4641add-3306-4ba7-b535-358854b3d242,2025-08-05,ERP_CORPORATIVO,TRANSACOES_FINANCEIRAS,25409,b9fd0f9463badffb648111f7df646815b7172da39c8442855c3856fd34b1c316
TR-25410,2025-07-07,2025-07-01,PRD,1000129,DESPESA,1651.2617243115856,1651.2617243115856,BRL,Despesa operacional - PRD,8,PIX,PAGO,d4641add-3306-4ba7-b535-358854b3d242,2025-08-05,ERP_CORPORATIVO,TRANSACOES_FINANCEIRAS,25410,bafb8b382224582050e990e7933159b5ec2b99bab31057a3e9d8511d8b878414
TR-25411,2025-07-01,2025-07-01,OP,1000129,RECEITA,1709.7608855950757,1709.7608855950757,BRL,Serviço de telefonia e internet - OP,9,TED,PAGO,d4641add-3306-4ba7-b535-358854b3d242,2025-08-05,ERP_CORPORATIVO,TRANSACOES_FINANCEIRAS,25411,55fd0a94fc183e1bd03beb738bcb4b97b2367fddcb337e3d7bd6ceafb400e678
TR-25412,2025-07-21,2025-07-01,TI,1000129,RECEITA,1836.8372811670727,1773.6032023932762,BRL,Aquisição de material operacional - TI,2,BOLETO,ATRASADO,d4641add-3306-4ba7-b535-358854b3d242,2025-08-05,ERP_CORPORATIVO,TRANSACOES_FINANCEIRAS,25412,b76c4776cd4c3c7895d8d86637345cc3df8089a551604981d5563c6504a1de91
TR-25413,2025-07-10,2025-07-01,MKT,1000129,RECEITA,736.4103581719412,736.4103581719412,BRL,Viagem corporativa - MKT,18,BOLETO,PAGO,d4641add-3306-4ba7-b535-358854b3d242,2025-08-05,ERP_CORPORATIVO,TRANSACOES_FINANCEIRAS,25413,128eafd9f224503037798e6f41f8d916e37e6f31e8caa68973c881f4024bf544
TR-25414,2025-07-21,2025-07-01,PRD,1000129,RECEITA,612.6277012646234,570.219307592248,BRL,Honorários jurídicos - PRD,7,PIX,CANCELADO,d4641add-3306-4ba7-b535-358854b3d242,2025-08-05,ERP_CORPORATIVO,TRANSACOES_FINANCEIRAS,25414,83efa0a4cfd9b39ede5c7e3d8898cc4db81dff998c00e9faac817d5f02523477
TR-25415,2025-07-21,2025-07-01,CPT,1000129,DESPESA,1691.223154132632,1691.223154132632,BRL,Doação recebida em favor de CPT,36,PIX,PAGO,d4641add-3306-4ba7-b535-358854b3d242,2025-08-05,ERP_CORPORATIVO,TRANSACOES_FINANCEIRAS,25415,035909d767a2566762a3414425993f1cc324ea64f620a1e86acbd47a9a6a5f2d
TR-25716,2025-07-07,2025-07-01,VND,1000130,RECEITA,3391.6368748217724,3391.6368748217724,BRL,Prestação de serviço para área VND,1,BOLETO,PAGO,d4641add-3306-4ba7-b535-358854b3d242,2025-08-05,ERP_CORPORATIVO,TRANSACOES_FINANCEIRAS,25716,4aa230b99de006a614a52c6373eca8b840aacbe396d9ee58991f4abc25869b57
TR-25717,2025-07-15,2025-07-01,PES,1000130,DESPESA,3625.5215535460643,3625.5215535460643,BRL,Receita de aluguel creditada em PES,31,TED,ATRASADO,d4641add-3306-4ba7-b535-358854b3d242,2025-08-05,ERP_CORPORATIVO,TRANSACOES_FINANCEIRAS,25717,f5a0cd418e066fabfbf19520e75cb7c213baa9ffc7e6a0b5a41ac7324d904b51
TR-25718,2025-07-04,2025-07-01,RH,1000130,RECEITA,3156.9428253373294,3156.9428253373294,BRL,Devolução de venda processada por RH,39,BOLETO,ATRASADO,d4641add-3306-4ba7-b535-358854b3d242,2025-08-05,ERP_CORPORATIVO,TRANSACOES_FINANCEIRAS,25718,0d2f6a9f7d38bdb8793aba191f6e32a1668698c7fc0a86d027f75f4a6e00072d
TR-25719,2025-07-28,2025-07-01,TI,1000130,RECEITA,3016.0881003679037,3016.0881003679037,BRL,Tarifas de serviços financeiros - TI,22,PIX,PAGO,d4641add-3306-4ba7-b535-358854b3d242,2025-08-05,ERP_CORPORATIVO,TRANSACOES_FINANCEIRAS,25719,f28143c74811ff5b6c04d2e8c46c497777151e2b4e859c466c4dfcadbdfa2f5f
TR-25720,2025-07-23,2025-07-01,FIN,1000130,DESPESA,3591.2128797741575,3591.2128797741575,BRL,Aquisição de material operacional - FIN,2,BOLETO,PAGO,d4641add-3306-4ba7-b535-358854b3d242,2025-08-05,ERP_CORPORATIVO,TRANSACOES_FINANCEIRAS,25720,8627b3847a6775a56e12aeebf3a7ac670e83d3a9daef58f6696ed028dbedbbea
TR-25721,2025-07-23,2025-07-01,VND,1000130,RECEITA,3290.857774586747,3290.857774586747,BRL,Comissão recebida por VND,33,PIX,PAGO,d4641add-3306-4ba7-b535-358854b3d242,2025-08-05,ERP_CORPORATIVO,TRANSACOES_FINANCEIRAS,25721,10567a92a57fdc6d45b9e02e5698bdae8831a83344869a3f958bddd2fca22ce9
TR-25722,2025-07-11,2025-07-01,TI,1000130,DESPESA,2611.742415520809,2611.742415520809,BRL,Contrato de serviço - setor TI,1,PIX,PAGO,d4641add-3306-4ba7-b535-358854b3d242,2025-08-05,ERP_CORPORATIVO,TRANSACOES_FINANCEIRAS,25722,58b3dd2b23eaa08fe6250c305a3e5afcc48d956d776d2c0a84f909824224d915
TR-25723,2025-07-09,2025-07-01,CPT,1000130,DESPESA,3042.6161635294147,3042.6161635294147,USD,Passagem aérea para colaborador de CPT,18,TED,PAGO,d4641add-3306-4ba7-b535-358854b3d242,2025-08-05,ERP_CORPORATIVO,TRANSACOES_FINANCEIRAS,25723,86f1254c04dfffa67bbf04ea7c4cb9a2d970fe0191025baa5ed44ec41fe8ac62
TR-25724,2025-07-07,2025-07-01,VND,1000130,RECEITA,3421.5754786760913,3362.897630501048,BRL,Locação de espaço comercial - VND,31,TRANSFERENCIA,PAGO,d4641add-3306-4ba7-b535-358854b3d242,2025-08-05,ERP_CORPORATIVO,TRANSACOES_FINANCEIRAS,25724,6815ad1a969fb55829d87fef2f8acc2c64b760bd0e1f262d9bf0248f1a8fb02e
TR-25725,2025-07-14,2025-07-01,TI,1000130,RECEITA,3017.0244751227638,3017.0244751227638,BRL,Despesa operacional - TI,8,PIX,PAGO,d4641add-3306-4ba7-b535-358854b3d242,2025-08-05,ERP_CORPORATIVO,TRANSACOES_FINANCEIRAS,25725,4787d047deca13134708c7ef3ae3e961dc9684ac9939afbc409917f21ef3c746
TR-25726,2025-07-04,2025-07-01,JUR,1000130,DESPESA,3281.705371964921,3281.705371964921,BRL,Devolução de venda processada por JUR,39,PIX,PAGO,d4641add-3306-4ba7-b535-358854b3d242,2025-08-05,ERP_CORPORATIVO,TRANSACOES_FINANCEIRAS,25726,6ed88f58cbd30fe46b4234d0b388c59a3a694a8af8a88c2d7a8e113d434d00fb
TR-25727,2025-07-21,2025-07-01,ESG,1000130,DESPESA,2882.9672484203375,2800.261944307694,USD,Royalties recebidos por ESG,32,BOLETO,PAGO,d4641add-3306-4ba7-b535-358854b3d242,2025-08-05,ERP_CORPORATIVO,TRANSACOES_FINANCEIRAS,25727,9706b881288b5d0c0ef59d23ee3f121d1fe117f324e39a9f6b103225b2400ec0
TR-25728,2025-07-15,2025-07-01,QAS,1000130,DESPESA,3133.340648036369,3133.340648036369,BRL,Despesa de refeição em deslocamento (QAS),20,TRANSFERENCIA,PAGO,d4641add-3306-4ba7-b535-358854b3d242,2025-08-05,ERP_CORPORATIVO,TRANSACOES_FINANCEIRAS,25728,871db73a0e1df0c94bf611828cd5023a832c858b4627585ea17f2811e1213a5d
TR-25729,2025-07-21,2025-07-01,PJT,1000130,RECEITA,2928.6863742599935,2888.620398022548,BRL,Combustível e lubrificantes para frota (PJT),16,TRANSFERENCIA,CANCELADO,d4641add-3306-4ba7-b535-358854b3d242,2025-08-05,ERP_CORPORATIVO,TRANSACOES_FINANCEIRAS,25729,d08b7c46cf4f2bbd488fd4e4e9c5215bfbed6820b9e0cf906721fc7176e27e1b
TR-26071,2025-07-14,2025-07-01,JUR,1000132,RECEITA,661.2332825761679,661.2332825761679,BRL,Produção de material gráfico - JUR,15,TED,PAGO,d4641add-3306-4ba7-b535-358854b3d242,2025-08-05,ERP_CORPORATIVO,TRANSACOES_FINANCEIRAS,26071,6f795beb7b10a6d65b4d9eb4ce383e5142f790cef8f223fa79b1136211f79fbd
TR-26072,2025-07-14,2025-07-01,JUR,1000132,RECEITA,788.5825346309854,788.5825346309854,BRL,Produção de material gráfico - JUR,15,TED,ATRASADO,d4641add-3306-4ba7-b535-358854b3d242,2025-08-05,ERP_CORPORATIVO,TRANSACOES_FINANCEIRAS,26072,ce838ef15024f90fa29588c2ae9749d1cf561ff49aafa147f3ac7d9bcbd40093
TR-26073,2025-07-11,2025-07-01,ESG,1000132,RECEITA,944.4247851018863,944.4247851018863,BRL,Serviço de telefonia e internet - ESG,9,TED,CANCELADO,d4641add-3306-4ba7-b535-358854b3d242,2025-08-05,ERP_CORPORATIVO,TRANSACOES_FINANCEIRAS,26073,fe7ec8896ba28d600b75de93886b4adc8a31e625aa6a8739c190e0b5339e62d3
TR-26074,2025-07-21,2025-07-01,OP,1000132,RECEITA,1441.2292158240762,1441.2292158240762,BRL,Despesa operacional - OP,8,BOLETO,PAGO,d4641add-3306-4ba7-b535-358854b3d242,2025-08-05,ERP_CORPORATIVO,TRANSACOES_FINANCEIRAS,26074,fac7ddea808f51be48da60293f58170180bb713251f8855a3103b42b2e6916e3
TR-26075,2025-07-25,2025-07-01,TI,1000132,DESPESA,720.5127218773621,720.5127218773621,BRL,Compra de insumos para setor TI,2,TED,PAGO,d4641add-3306-4ba7-b535-358854b3d242,2025-08-05,ERP_CORPORATIVO,TRANSACOES_FINANCEIRAS,26075,761bd6a100ed4f34f33201693c25a8c915d964dc54c17a516438f55a76e17fa0
TR-26076,2025-07-14,2025-07-01,OP,1000132,RECEITA,754.1200498476902,754.1200498476902,BRL,Evento corporativo organizado por OP,14,TRANSFERENCIA,ATRASADO,d4641add-3306-4ba7-b535-358854b3d242,2025-08-05,ERP_CORPORATIVO,TRANSACOES_FINANCEIRAS,26076,228b801db516f486eff14224f6a4cccd11f0d486c69edcd017cc90759a568b99
TR-26077,2025-07-14,2025-07-01,RH,1000132,DESPESA,926.432260678033,926.432260678033,EUR,Venda de ativo imobilizado por RH,35,PIX,PAGO,d4641add-3306-4ba7-b535-358854b3d242,2025-08-05,ERP_CORPORATIVO,TRANSACOES_FINANCEIRAS,26077,5ec60cd21b6b6e05ba67c4ee5644dc2952e0d9a30aadda435ceeeee6203d3fed
TR-26078,2025-07-18,2025-07-01,FIN,1000132,RECEITA,859.5545131878322,859.5545131878322,BRL,Apólice de seguro - FIN,21,TRANSFERENCIA,PAGO,d4641add-3306-4ba7-b535-358854b3d242,2025-08-05,ERP_CORPORATIVO,TRANSACOES_FINANCEIRAS,26078,c44f2e99473b0f541004f34ec7b277966d865c4e4c334e81c2793725b075c53f
TR-26079,2025-07-14,2025-07-01,OP,1000132,RECEITA,709.4238383161882,709.4238383161882,BRL,Prestação de serviço para área OP,1,PIX,ATRASADO,d4641add-3306-4ba7-b535-358854b3d242,2025-08-05,ERP_CORPORATIVO,TRANSACOES_FINANCEIRAS,26079,60f6ab187b8e60a5f847f56be4be79c32f44349d54650161056760fe22b3b0c4
TR-26080,2025-07-16,2025-07-01,COMP,1000132,RECEITA,2258.025696309713,2258.025696309713,BRL,Receita de aluguel creditada em COMP,31,CARTAO,PAGO,d4641add-3306-4ba7-b535-358854b3d242,2025-08-05,ERP_CORPORATIVO,TRANSACOES_FINANCEIRAS,26080,76f7426e39561446cb2149caabd0d158888e6b55f70121b06900f777cbc5d15e
TR-26081,2025-07-16,2025-07-01,QAS,1000132,RECEITA,813.2862513081772,813.2862513081772,BRL,Material de marketing solicitado por QAS,15,TED,PAGO,d4641add-3306-4ba7-b535-358854b3d242,2025-08-05,ERP_CORPORATIVO,TRANSACOES_FINANCEIRAS,26081,3a146b1447ac2daf00c9d787a1e6d26bd937ea5321c6c4c4e229d65789af0246
TR-26082,2025-07-17,2025-07-01,OP,1000132,RECEITA,1750.6444958489233,1750.6444958489233,BRL,Aquisição de material operacional - OP,2,TED,PAGO,d4641add-3306-4ba7-b535-358854b3d242,2025-08-05,ERP_CORPORATIVO,TRANSACOES_FINANCEIRAS,26082,5052a78e87ccfd421d82bd3011e16b06ab9365c11f164e187a9d3928f4a61ab0
TR-26083,2025-07-14,2025-07-01,COM,1000132,DESPESA,662.2430485396205,662.2430485396205,BRL,Compra de insumos para setor COM,2,CARTAO,PAGO,d4641add-3306-4ba7-b535-358854b3d242,2025-08-05,ERP_CORPORATIVO,TRANSACOES_FINANCEIRAS,26083,0828c7db177f90100040157750df4185d849db7f6f30069737afe5671320636b
TR-26084,2025-07-08,2025-07-01,OP,1000132,DESPESA,2771.6632183578236,2771.6632183578236,BRL,Licenciamento de software - OP,5,PIX,PAGO,d4641add-3306-4ba7-b535-358854b3d242,2025-08-05,ERP_CORPORATIVO,TRANSACOES_FINANCEIRAS,26084,6137277c377afd1f90b9112d566f69bc47c1001a2a324d7c571cc858e4c16037
TR-26085,2025-07-14,2025-07-01,ESG,1000132,DESPESA,1193.7412503458795,1178.5309126307081,BRL,Taxas bancárias incidentes em ESG,22,TED,PAGO,d4641add-3306-4ba7-b535-358854b3d242,2025-08-05,ERP_CORPORATIVO,TRANSACOES_FINANCEIRAS,26085,2eede478ada9f05d93613bfe52a46d9cd33df2c8720365cf878a7a0114b4fe09
TR-26086,2025-07-22,2025-07-01,VND,1000132,DESPESA,765.6142100485673,765.6142100485673,BRL,Investimento em marketing corporativo (VND),4,PIX,PAGO,d4641add-3306-4ba7-b535-358854b3d242,2025-08-05,ERP_CORPORATIVO,TRANSACOES_FINANCEIRAS,26086,4ffa962a36bdaa9a064c31093d4fe6f1be0b048be676477888a1b4192dc6f0af
TR-26087,2025-07-11,2025-07-01,ESG,1000132,DESPESA,828.3854329348545,828.3854329348545,BRL,Compra de insumos para setor ESG,2,BOLETO,PAGO,d4641add-3306-4ba7-b535-358854b3d242,2025-08-05,ERP_CORPORATIVO,TRANSACOES_FINANCEIRAS,26087,6bdf5cdab9320ac8fde802f24cb36822654afc0221e19a849db187e4dd279012
TR-26390,2025-07-18,2025-07-01,ESG,1000133,DESPESA,2257.6452078031657,2257.6452078031657,BRL,Licença de software para área ESG,27,BOLETO,CANCELADO,d4641add-3306-4ba7-b535-358854b3d242,2025-08-05,ERP_CORPORATIVO,TRANSACOES_FINANCEIRAS,26390,2b4b7c4b84b1fc7b964eacdbde09e4eb7c53a8f6d1702ede9ac3ad1fe60b8c98
TR-26391,2025-07-14,2025-07-01,ESG,1000133,DESPESA,2140.871890347314,2140.871890347314,BRL,Produção de material gráfico - ESG,15,BOLETO,PAGO,d4641add-3306-4ba7-b535-358854b3d242,2025-08-05,ERP_CORPORATIVO,TRANSACOES_FINANCEIRAS,26391,35f0b333494aa1815824c1bebdf1a5581d4907d6e88328be2298f9e54b5a0752
TR-26392,2025-07-21,2025-07-01,TI,1000133,DESPESA,1988.4827397387312,1988.4827397387312,BRL,Desconto concedido em operação de TI,38,TRANSFERENCIA,PAGO,d4641add-3306-4ba7-b535-358854b3d242,2025-08-05,ERP_CORPORATIVO,TRANSACOES_FINANCEIRAS,26392,b27bbac8fa8e09d30d033b3162e2ce42a29268eb49eba9de187a3bb1d883b13e
TR-26393,2025-07-29,2025-07-01,CTB,1000133,DESPESA,788.623637088843,788.623637088843,BRL,Passagem aérea para colaborador de CTB,18,BOLETO,PAGO,d4641add-3306-4ba7-b535-358854b3d242,2025-08-05,ERP_CORPORATIVO,TRANSACOES_FINANCEIRAS,26393,36256f46ebad6c00d08d662313d06dab7fb5c0ec47bbb20fe4c587541584bbec
TR-26394,2025-07-21,2025-07-01,JUR,1000133,DESPESA,2022.0697115349378,1926.015129238886,BRL,Consultoria estratégica para área JUR,12,TRANSFERENCIA,PAGO,d4641add-3306-4ba7-b535-358854b3d242,2025-08-05,ERP_CORPORATIVO,TRANSACOES_FINANCEIRAS,26394,6d5fad7e77b87f55454abf305fbd8e0e527c64ab0e8d8aacc45ca00047ef48f0
TR-26395,2025-07-21,2025-07-01,COM,1000133,RECEITA,2144.0848299370236,2144.0848299370236,BRL,Licenciamento de software - COM,5,PIX,PAGO,d4641add-3306-4ba7-b535-358854b3d242,2025-08-05,ERP_CORPORATIVO,TRANSACOES_FINANCEIRAS,26395,b3c0b3d69b5b49e4b5277ba33e7fa87e3e2e20600bc0d5973582a18c875ccea2
TR-26396,2025-07-14,2025-07-01,RH,1000133,DESPESA,2472.484325266137,2403.1916531550614,USD,Compra de insumos para setor RH,2,TED,PAGO,d4641add-3306-4ba7-b535-358854b3d242,2025-08-05,ERP_CORPORATIVO,TRANSACOES_FINANCEIRAS,26396,00d69e808edf8a8d754a86b95c6ff81bb32bba844fc05906e676bf61aec07cad
TR-26397,2025-07-14,2025-07-01,ESG,1000133,RECEITA,2175.338475747895,2069.2529914740044,BRL,Contrato de serviço - setor ESG,1,TED,ATRASADO,d4641add-3306-4ba7-b535-358854b3d242,2025-08-05,ERP_CORPORATIVO,TRANSACOES_FINANCEIRAS,26397,43f20f7c79d086050f5ce00905b6ccb97ecd54629f8e72bb5b5f4610a7950db3
TR-26634,2025-07-18,2025-07-01,SEC,1000134,RECEITA,1220.2568474031264,1220.2568474031264,BRL,Alienação de bem patrimonial - SEC,35,CARTAO,PAGO,d4641add-3306-4ba7-b535-358854b3d242,2025-08-05,ERP_CORPORATIVO,TRANSACOES_FINANCEIRAS,26634,0c89cd1251a5ceacd6c8b865d85c9dc609925fcc4e5c7751fef1ca06ab836eda
TR-26635,2025-07-21,2025-07-01,ATD,1000134,RECEITA,1302.2773246924442,1302.2773246924442,BRL,Manutenção estrutural vinculada à área ATD,3,CARTAO,PAGO,d4641add-3306-4ba7-b535-358854b3d242,2025-08-05,ERP_CORPORATIVO,TRANSACOES_FINANCEIRAS,26635,790cc8dd71ffd6a6a47ac276baf4d5003b791a4100eb9fa37c6dfa850e9c2d63
TR-26636,2025-07-28,2025-07-01,TI,1000134,DESPESA,1121.0456656111878,1121.0456656111878,BRL,Contrato de conectividade para área TI,9,PIX,PAGO,d4641add-3306-4ba7-b535-358854b3d242,2025-08-05,ERP_CORPORATIVO,TRANSACOES_FINANCEIRAS,26636,b581acdb492c806fd4713f12290959b9b6c837cf42dbdc6167c4179812f6e083
TR-26637,2025-07-14,2025-07-01,PJT,1000134,DESPESA,1069.0709478319172,1069.0709478319172,BRL,Manutenção de equipamentos de PJT,28,PIX,PAGO,d4641add-3306-4ba7-b535-358854b3d242,2025-08-05,ERP_CORPORATIVO,TRANSACOES_FINANCEIRAS,26637,dc20db2ece514aa7985b9dc928d1b719bbdb9784326390ea684d05effe23422a
TR-26638,2025-07-21,2025-07-01,FIN,1000134,DESPESA,1250.7418141540982,1209.4298841704356,BRL,Contrato de conectividade para área FIN,9,PIX,PAGO,d4641add-3306-4ba7-b535-358854b3d242,2025-08-05,ERP_CORPORATIVO,TRANSACOES_FINANCEIRAS,26638,3bfe9a46035e5de380f0264bee51994a799fa7b4502233157cb7f62b93529cb0
TR-26639,2025-07-15,2025-07-01,LOG,1000134,DESPESA,1392.7523109046372,1341.764590188296,BRL,Honorários jurídicos - LOG,7,PIX,PAGO,d4641add-3306-4ba7-b535-358854b3d242,2025-08-05,ERP_CORPORATIVO,TRANSACOES_FINANCEIRAS,26639,13d116d760ea7cea7e1a02dffc6e59837868057aebf4fdfd5f8859cbcf96a0ba
TR-26640,2025-07-08,2025-07-01,LOG,1000134,DESPESA,1451.2360212191966,1436.6677184309005,BRL,Reparo de hardware solicitado por LOG,28,BOLETO,PAGO,d4641add-3306-4ba7-b535-358854b3d242,2025-08-05,ERP_CORPORATIVO,TRANSACOES_FINANCEIRAS,26640,784ba15cde7bba4cd9f82b7bada78927664347c235e12e4ff0837c95950e30cf
TR-26641,2025-07-24,2025-07-01,TI,1000134,RECEITA,4665.035484580598,4615.115019545174,BRL,Investimento em marketing corporativo (TI),4,PIX,PAGO,d4641add-3306-4ba7-b535-358854b3d242,2025-08-05,ERP_CORPORATIVO,TRANSACOES_FINANCEIRAS,26641,f78962b8b948850ad2b58ab7ffdc1be32b218c2f0aeaf3206396fc9ee766ee3e
TR-26642,2025-07-17,2025-07-01,OP,1000134,RECEITA,1183.4813923270708,1183.4813923270708,BRL,Despesa operacional - OP,8,BOLETO,PAGO,d4641add-3306-4ba7-b535-358854b3d242,2025-08-05,ERP_CORPORATIVO,TRANSACOES_FINANCEIRAS,26642,1e782ef3b6085cae7abf74db55778d2e70c95cfffbbf579dd2255f2c35d70a6a
TR-26643,2025-07-03,2025-07-01,FIN,1000134,RECEITA,1086.8947511394406,1086.8947511394406,BRL,Viagem corporativa - FIN,18,TED,PAGO,d4641add-3306-4ba7-b535-358854b3d242,2025-08-05,ERP_CORPORATIVO,TRANSACOES_FINANCEIRAS,26643,9f11760b1d9b711b281ff9a3504f8f414392ad19cd1eac9360074c8a8d27558e
TR-26644,2025-07-14,2025-07-01,JUR,1000134,DESPESA,1263.854941735712,1233.121679862139,BRL,Reparo de hardware solicitado por JUR,28,CARTAO,PAGO,d4641add-3306-4ba7-b535-358854b3d242,2025-08-05,ERP_CORPORATIVO,TRANSACOES_FINANCEIRAS,26644,f48ad39a62a54dcfdc437bf6db69b154290cf47b0d026b21cb33f72bf0ce04a9
TR-26645,2025-07-10,2025-07-01,COM,1000134,DESPESA,1180.9687147952725,1146.3987382539055,BRL,Compra de insumos para setor COM,2,TRANSFERENCIA,PAGO,d4641add-3306-4ba7-b535-358854b3d242,2025-08-05,ERP_CORPORATIVO,TRANSACOES_FINANCEIRAS,26645,561eec74b9b41362c5fb7a363722adee1c7d1d50e55a7b64e7ca2bd07537c7fd
TR-26646,2025-07-23,2025-07-01,RH,1000134,RECEITA,1165.8827554251757,1165.8827554251757,USD,Imposto sobre venda apurado em RH,40,PIX,CANCELADO,d4641add-3306-4ba7-b535-358854b3d242,2025-08-05,ERP_CORPORATIVO,TRANSACOES_FINANCEIRAS,26646,7a3bd945c52153f73cb4a243ca0c3595c03764089d10d72f7ce19eb338fb2ac4
TR-26937,2025-07-22,2025-07-01,CPT,FORN-00136,DESPESA,916.1823708163332,864.5478738656689,BRL,Encargos de empréstimo vinculados a CPT,23,TED,PAGO,d4641add-3306-4ba7-b535-358854b3d242,2025-08-05,ERP_CORPORATIVO,TRANSACOES_FINANCEIRAS,26937,47d5967538e40ed52c0be9e148948a0092aa300791ffb9110660fe939df21e6b
TR-26938,2025-07-21,2025-07-01,FIN,FORN-00136,RECEITA,1652.0287791533435,1652.0287791533435,BRL,Manutenção de equipamentos de FIN,28,TRANSFERENCIA,PAGO,d4641add-3306-4ba7-b535-358854b3d242,2025-08-05,ERP_CORPORATIVO,TRANSACOES_FINANCEIRAS,26938,08ac888eeba97d9fc64e145eb5210ae29540aed720e16bb7a13ac2c86b62d045
TR-26939,2025-07-21,2025-07-01,COM,FORN-00136,RECEITA,1315.2139506957535,1315.2139506957535,BRL,Serviço relacionado a recursos humanos (COM),6,TRANSFERENCIA,PAGO,d4641add-3306-4ba7-b535-358854b3d242,2025-08-05,ERP_CORPORATIVO,TRANSACOES_FINANCEIRAS,26939,a9f0412532c7c5fdd805ce27dbb7333198af39f509405e081ab7eec3da41e720
TR-26940,2025-07-15,2025-07-01,COMP,FORN-00136,RECEITA,1609.525312198598,1609.525312198598,BRL,Aquisição de material operacional - COMP,2,PIX,PAGO,d4641add-3306-4ba7-b535-358854b3d242,2025-08-05,ERP_CORPORATIVO,TRANSACOES_FINANCEIRAS,26940,0c1b9dac1679ea4033e262048e0ec30ae12b3502f72d6fd1821ed6a17deb30e0
TR-26941,2025-07-14,2025-07-01,MKT,FORN-00136,DESPESA,1272.630061417747,1272.630061417747,BRL,Serviço técnico especializado para MKT,11,PIX,PAGO,d4641add-3306-4ba7-b535-358854b3d242,2025-08-05,ERP_CORPORATIVO,TRANSACOES_FINANCEIRAS,26941,6a4f9c0ec9d4762ba0c4d035e2b893eeff5783f5ed0069d9c71f12b179933d83
TR-26942,2025-07-21,2025-07-01,COM,FORN-00136,DESPESA,1377.6690641220762,1377.6690641220762,BRL,Licenciamento de software - COM,5,BOLETO,PAGO,d4641add-3306-4ba7-b535-358854b3d242,2025-08-05,ERP_CORPORATIVO,TRANSACOES_FINANCEIRAS,26942,29d0ea3151a1ebd16ca887451b6ac83c44d40944eb420d0a77ddb319e6f0b3af
TR-26943,2025-07-14,2025-07-01,COMP,FORN-00136,DESPESA,1594.3928828959624,1594.3928828959624,BRL,Compra de insumos para setor COMP,2,PIX,PAGO,d4641add-3306-4ba7-b535-358854b3d242,2025-08-05,ERP_CORPORATIVO,TRANSACOES_FINANCEIRAS,26943,17eb18b0844b4316f0a861ca0de74a20c5f0d01f1a18f7844f4791dee35bde6c
TR-26944,2025-07-21,2025-07-01,CPT,FORN-00136,DESPESA,1379.7597512554275,1330.023181979983,BRL,Suporte técnico para sistemas de CPT,29,TED,PAGO,d4641add-3306-4ba7-b535-358854b3d242,2025-08-05,ERP_CORPORATIVO,TRANSACOES_FINANCEIRAS,26944,eb610a19279b11e146a14d49e6cfe6c616311c81b735b2473aac29bda3114a97
TR-26945,2025-07-08,2025-07-01,JUR,FORN-00136,RECEITA,1504.4876540307819,1504.4876540307819,BRL,Serviço especializado solicitado por JUR,1,CARTAO,PAGO,d4641add-3306-4ba7-b535-358854b3d242,2025-08-05,ERP_CORPORATIVO,TRANSACOES_FINANCEIRAS,26945,19ce833121119d2c050908eff0090b4dae2ac3a85443c1ad2680999306282b04
TR-26946,2025-07-17,2025-07-01,MKT,FORN-00136,DESPESA,1368.339939081779,1368.339939081779,BRL,Despesa jurídica da área MKT,24,PIX,PAGO,d4641add-3306-4ba7-b535-358854b3d242,2025-08-05,ERP_CORPORATIVO,TRANSACOES_FINANCEIRAS,26946,5a155a2bbef10e3b7ac53c5609481d780b91b93851e98780388fc50f250511a2
TR-26947,2025-07-07,2025-07-01,JUR,FORN-00136,DESPESA,1593.0532824532343,1574.587074702336,BRL,Honorários jurídicos - JUR,7,TED,PAGO,d4641add-3306-4ba7-b535-358854b3d242,2025-08-05,ERP_CORPORATIVO,TRANSACOES_FINANCEIRAS,26947,8a5ab0aed51e82b2585e51c918e3df5d46a49e445a5ea0b58674dab45afd0f90
TR-26948,2025-07-16,2025-07-01,COMP,FORN-00136,DESPESA,1507.5159314382202,1507.5159314382202,BRL,Serviço técnico especializado para COMP,11,BOLETO,PAGO,d4641add-3306-4ba7-b535-358854b3d242,2025-08-05,ERP_CORPORATIVO,TRANSACOES_FINANCEIRAS,26948,c0dcc1238249d068c25956177893ada3c19c00f0c7d7a0beba2dfcfeb76b16f7
TR-26949,2025-07-07,2025-07-01,FIN,FORN-00136,RECEITA,1496.6813866034204,1496.6813866034204,USD,Campanha institucional - FIN,4,CARTAO,ATRASADO,d4641add-3306-4ba7-b535-358854b3d242,2025-08-05,ERP_CORPORATIVO,TRANSACOES_FINANCEIRAS,26949,40f9112b0a60d15ecfad8d8d8823fc70ff3f486e0f97b453b11235f2d71613f4
TR-26950,2025-07-23,2025-07-01,RH,FORN-00136,RECEITA,1674.803918548394,1653.4406433953816,BRL,Aquisição de material operacional - RH,2,TRANSFERENCIA,PAGO,d4641add-3306-4ba7-b535-358854b3d242,2025-08-05,ERP_CORPORATIVO,TRANSACOES_FINANCEIRAS,26950,a4f6313b873a0d88a223cdbbf343f657f463929d6e6968f18ff4329a72d217f8
TR-27126,2025-07-09,2025-07-01,PES,1000136,DESPESA,2001.8391769141222,2001.8391769141222,BRL,Aquisição de material operacional - PES,2,PIX,PAGO,d4641add-3306-4ba7-b535-358854b3d242,2025-08-05,ERP_CORPORATIVO,TRANSACOES_FINANCEIRAS,27126,eae30f687bd01e377d9a26fc27b91c37caa6e987162eef7e9953097ede84fdd8
TR-27127,2025-07-07,2025-07-01,PJT,1000136,DESPESA,1960.1479577854896,1960.1479577854896,BRL,Assessoria legal vinculada à área PJT,7,BOLETO,PAGO,d4641add-3306-4ba7-b535-358854b3d242,2025-08-05,ERP_CORPORATIVO,TRANSACOES_FINANCEIRAS,27127,865d5f551011c320468088cbfa7496b642cc341ad03a5e9636f9d7d02569babd
TR-27128,2025-07-22,2025-07-01,ESG,1000136,DESPESA,1974.4832347692702,1974.4832347692702,BRL,Desconto concedido em operação de ESG,38,TED,ATRASADO,d4641add-3306-4ba7-b535-358854b3d242,2025-08-05,ERP_CORPORATIVO,TRANSACOES_FINANCEIRAS,27128,7c929f1c7cf4073d4e4ca61c8c954588de4945e6070df452a4cf664d4a402a78
TR-27129,2025-07-14,2025-07-01,PRD,1000136,RECEITA,2151.6394775940325,2151.6394775940325,BRL,Devolução de venda processada por PRD,39,TRANSFERENCIA,PAGO,d4641add-3306-4ba7-b535-358854b3d242,2025-08-05,ERP_CORPORATIVO,TRANSACOES_FINANCEIRAS,27129,19cfcc909772b31d07a194850aa74606e2538ce76f8a85dec2c351f1f280f3c0
TR-27130,2025-07-22,2025-07-01,SEC,1000136,RECEITA,2427.5405094786493,2370.2218648164153,BRL,Serviço técnico especializado para SEC,11,PIX,CANCELADO,d4641add-3306-4ba7-b535-358854b3d242,2025-08-05,ERP_CORPORATIVO,TRANSACOES_FINANCEIRAS,27130,31baffa5ded57239ede8afe43d266daa2d2b3bc2884de4c69d639ff8c376fa87
TR-27131,2025-07-21,2025-07-01,FIN,1000136,DESPESA,1920.7364555257764,1854.723274581625,BRL,Devolução de venda processada por FIN,39,PIX,ATRASADO,d4641add-3306-4ba7-b535-358854b3d242,2025-08-05,ERP_CORPORATIVO,TRANSACOES_FINANCEIRAS,27131,14470e1b5824794b703f3633b72ae246d7d25f5230497954efa882a11a8fbca5
TR-27132,2025-07-21,2025-07-01,PRD,1000136,RECEITA,1861.9497027054524,1861.9497027054524,BRL,Serviços contábeis externos - PRD,25,PIX,PAGO,d4641add-3306-4ba7-b535-358854b3d242,2025-08-05,ERP_CORPORATIVO,TRANSACOES_FINANCEIRAS,27132,c8c6dd9d984e93e1bee11c15fa656e379a9e0d7a1d2065d9fa307dbdac270b64
TR-27133,2025-07-09,2025-07-01,OP,1000136,DESPESA,585.4194109754642,560.714598332141,BRL,Suporte técnico para sistemas de OP,29,PIX,CANCELADO,d4641add-3306-4ba7-b535-358854b3d242,2025-08-05,ERP_CORPORATIVO,TRANSACOES_FINANCEIRAS,27133,0062b88b7624326b644e6415207ac3911daf970c4cddf760f6748863500d73bd
TR-27134,2025-07-03,2025-07-01,VND,1000136,DESPESA,6791.605689458261,6791.605689458261,BRL,Serviços contábeis externos - VND,25,TRANSFERENCIA,PAGO,d4641add-3306-4ba7-b535-358854b3d242,2025-08-05,ERP_CORPORATIVO,TRANSACOES_FINANCEIRAS,27134,992a51bfd8b6c163cf7fd2ddb59f061f757b9f89548854348f86009f789f6382
TR-27135,2025-07-14,2025-07-01,FIN,1000136,DESPESA,2474.403883206471,2433.7559471827194,BRL,Compra de insumos para setor FIN,2,TED,PAGO,d4641add-3306-4ba7-b535-358854b3d242,2025-08-05,ERP_CORPORATIVO,TRANSACOES_FINANCEIRAS,27135,da8b263849f005468a0de3f888182630ab9f1ee590271429417cd7b869e0dfd2
TR-27136,2025-07-21,2025-07-01,LOG,1000136,RECEITA,2441.9258440038875,2441.9258440038875,BRL,Licenciamento de software - LOG,5,TRANSFERENCIA,ATRASADO,d4641add-3306-4ba7-b535-358854b3d242,2025-08-05,ERP_CORPORATIVO,TRANSACOES_FINANCEIRAS,27136,e10180f9b7cb873f9a5e16003d89ec43f95646e4a165a9d10c2fef70607e3cd9
TR-27137,2025-07-28,2025-07-01,RH,1000136,DESPESA,1810.1094488049916,1810.1094488049916,BRL,Devolução de venda processada por RH,39,PIX,PAGO,d4641add-3306-4ba7-b535-358854b3d242,2025-08-05,ERP_CORPORATIVO,TRANSACOES_FINANCEIRAS,27137,286bc9616abd7669d3ac9264392cc9a07d914886f04342a40df5efd081afb6ff
TR-27138,2025-07-15,2025-07-01,ESG,1000136,RECEITA,1736.9692328737365,1736.9692328737365,BRL,Estorno de receita - ESG,39,TED,PAGO,d4641add-3306-4ba7-b535-358854b3d242,2025-08-05,ERP_CORPORATIVO,TRANSACOES_FINANCEIRAS,27138,531a6b8714a117cdfe779cfed7becd7333482355d0af2f43bfde9d0af6e3af3b
TR-27139,2025-07-09,2025-07-01,ESG,1000136,DESPESA,2244.42716685034,2244.42716685034,BRL,Material de marketing solicitado por ESG,15,TED,CANCELADO,d4641add-3306-4ba7-b535-358854b3d242,2025-08-05,ERP_CORPORATIVO,TRANSACOES_FINANCEIRAS,27139,99637f2b4739f4f2032e35a81b6c0ac12517ae9dae86c713f908656c742a464a
TR-27140,2025-07-10,2025-07-01,MKT,1000136,DESPESA,2238.4006176632593,2238.4006176632593,BRL,Contrato de serviço - setor MKT,1,TED,PAGO,d4641add-3306-4ba7-b535-358854b3d242,2025-08-05,ERP_CORPORATIVO,TRANSACOES_FINANCEIRAS,27140,ecf5e2e10eada0ca5269569020110258214b7d99aa62778cdcf842c725e9590a
TR-27588,2025-07-23,2025-07-01,TI,1000138,RECEITA,3521.313003484303,3521.313003484303,BRL,Manutenção estrutural vinculada à área TI,3,TED,PAGO,d4641add-3306-4ba7-b535-358854b3d242,2025-08-05,ERP_CORPORATIVO,TRANSACOES_FINANCEIRAS,27588,8691252b329abfa62b09e52798a446d172d16c756fe41fbbf11ddfb1f0d83225
TR-27589,2025-07-15,2025-07-01,MKT,1000138,RECEITA,3308.009030988656,3308.009030988656,BRL,Hospedagem em viagem a serviço de MKT,19,TED,ATRASADO,d4641add-3306-4ba7-b535-358854b3d242,2025-08-05,ERP_CORPORATIVO,TRANSACOES_FINANCEIRAS,27589,4b3eef1c660e40c4e5d8de7840f0bd7e2809b255efb599daf37f82721bee47f9
TR-27590,2025-07-07,2025-07-01,CPT,1000138,RECEITA,4538.172018641309,4538.172018641309,BRL,Custo operacional associado a CPT,8,BOLETO,PAGO,d4641add-3306-4ba7-b535-358854b3d242,2025-08-05,ERP_CORPORATIVO,TRANSACOES_FINANCEIRAS,27590,cafbdfa8b5f9172f75ee9260c52fc47fd50e560c108af4613c77dcdf2304e414
TR-27591,2025-07-14,2025-07-01,LOG,1000138,DESPESA,3776.9276732691987,3776.9276732691987,BRL,Despesa operacional - LOG,8,PIX,PAGO,d4641add-3306-4ba7-b535-358854b3d242,2025-08-05,ERP_CORPORATIVO,TRANSACOES_FINANCEIRAS,27591,5058af1d4adcff23d48e4407b74d56a5af4701f0cedb7c4685e376d242f90b6c
TR-27592,2025-07-18,2025-07-01,FIN,1000138,DESPESA,4071.433765573405,3871.765819431919,BRL,Recebimento de subvenção - FIN,36,PIX,ATRASADO,d4641add-3306-4ba7-b535-358854b3d242,2025-08-05,ERP_CORPORATIVO,TRANSACOES_FINANCEIRAS,27592,5b5103953a5cfbba72132da11a4336d7c97be9ab5b60fa7d27cfe00346bfdf07
TR-27593,2025-07-07,2025-07-01,ATD,1000138,DESPESA,4096.9327284264755,4096.9327284264755,BRL,Serviços contábeis externos - ATD,25,PIX,PAGO,d4641add-3306-4ba7-b535-358854b3d242,2025-08-05,ERP_CORPORATIVO,TRANSACOES_FINANCEIRAS,27593,699e523b3c8ae96770b0c7665c2b28f110161738ef319626fa293665fb20eaa0
TR-27594,2025-07-14,2025-07-01,COM,1000138,DESPESA,4260.334826371431,4260.334826371431,BRL,Seguro contratado pela área COM,21,PIX,PAGO,d4641add-3306-4ba7-b535-358854b3d242,2025-08-05,ERP_CORPORATIVO,TRANSACOES_FINANCEIRAS,27594,aea85b3ddfddb2f5127754ccb4bb7311c0a74c6af8cb489fd3bdc23e3c578f2e
TR-27595,2025-07-29,2025-07-01,PRD,1000138,DESPESA,3860.66782354824,3860.66782354824,BRL,Produção de material gráfico - PRD,15,CARTAO,PAGO,d4641add-3306-4ba7-b535-358854b3d242,2025-08-05,ERP_CORPORATIVO,TRANSACOES_FINANCEIRAS,27595,351be2c2560a7c789d2c1668a9d1b04ef70a96237a27e8db99a04846f26ee8e7
TR-27596,2025-07-21,2025-07-01,COMP,1000138,RECEITA,3877.491035471085,3836.53429416184,BRL,Reparo de frota vinculado à área COMP,17,TED,PAGO,d4641add-3306-4ba7-b535-358854b3d242,2025-08-05,ERP_CORPORATIVO,TRANSACOES_FINANCEIRAS,27596,9b487665adaaef0ec61c91de356fba665306913ff1870849bea6b10414c0a30d
TR-27597,2025-07-14,2025-07-01,QAS,1000138,RECEITA,3939.8270607329036,3882.964593789501,BRL,Honorários jurídicos - QAS,7,BOLETO,PAGO,d4641add-3306-4ba7-b535-358854b3d242,2025-08-05,ERP_CORPORATIVO,TRANSACOES_FINANCEIRAS,27597,b78ea7d6da59a87a2120b152da3f71b748e212375c9a1c4321e2e738a18cae25
TR-27598,2025-07-21,2025-07-01,FIN,1000138,DESPESA,3515.6933307895865,3449.570371062098,BRL,Royalties recebidos por FIN,32,PIX,ATRASADO,d4641add-3306-4ba7-b535-358854b3d242,2025-08-05,ERP_CORPORATIVO,TRANSACOES_FINANCEIRAS,27598,c9d830ec6232f1596fd4d805a352dcad86ad5712cf536ef92762fc6dd1df51e9
TR-27599,2025-07-14,2025-07-01,FIN,1000138,RECEITA,4163.846573821969,4163.846573821969,BRL,Campanha institucional - FIN,4,PIX,PAGO,d4641add-3306-4ba7-b535-358854b3d242,2025-08-05,ERP_CORPORATIVO,TRANSACOES_FINANCEIRAS,27599,a40f4eba360142081c951b25f073ba94ec573e6b29877d3ecb55cf8b1550d1c0
TR-27600,2025-07-23,2025-07-01,COM,1000138,DESPESA,3540.431728739964,3540.431728739964,BRL,Assessoria legal vinculada à área COM,7,CARTAO,PAGO,d4641add-3306-4ba7-b535-358854b3d242,2025-08-05,ERP_CORPORATIVO,TRANSACOES_FINANCEIRAS,27600,d23f03fb6b1d1c34571474939416b372d001e2b48a49b56e37269750a8eae422
TR-27601,2025-07-24,2025-07-01,ADM,1000138,RECEITA,4187.2251866432425,4187.2251866432425,BRL,Honorarium advocatício - ADM,24,BOLETO,PAGO,d4641add-3306-4ba7-b535-358854b3d242,2025-08-05,ERP_CORPORATIVO,TRANSACOES_FINANCEIRAS,27601,d6347ca26357385a5eb4e7f6fbb06857bbd42c141c373d6d8cd0a824f2c59954
TR-27602,2025-07-16,2025-07-01,COM,1000138,RECEITA,4058.824525602435,4058.824525602435,BRL,Prestação de serviço para área COM,1,CARTAO,PAGO,d4641add-3306-4ba7-b535-358854b3d242,2025-08-05,ERP_CORPORATIVO,TRANSACOES_FINANCEIRAS,27602,5bb1f493bf6d1d0b0e6150f89b7a109a12af867cd72217a17ed6a505d73301d6
TR-27603,2025-07-01,2025-07-01,JUR,1000138,RECEITA,3006.411229153893,3006.411229153893,BRL,Despesa de refeição em deslocamento (JUR),20,TRANSFERENCIA,PAGO,d4641add-3306-4ba7-b535-358854b3d242,2025-08-05,ERP_CORPORATIVO,TRANSACOES_FINANCEIRAS,27603,0837076830e580b8e7f9f7924cfbc989c4b16cd026badacad9680feecbe756f3
TR-27604,2025-07-21,2025-07-01,JUR,1000138,DESPESA,4063.582332738721,4063.582332738721,BRL,Recebimento de subvenção - JUR,36,BOLETO,PAGO,d4641add-3306-4ba7-b535-358854b3d242,2025-08-05,ERP_CORPORATIVO,TRANSACOES_FINANCEIRAS,27604,54e434e031309262c9fe3e2920905e06d0c96ceb7e84bfeb21f1fdf7b786ca0e
TR-27605,2025-07-15,2025-07-01,PRD,1000138,DESPESA,3837.2596672126533,3837.2596672126533,BRL,Propaganda e divulgação para área PRD,13,TED,PAGO,d4641add-3306-4ba7-b535-358854b3d242,2025-08-05,ERP_CORPORATIVO,TRANSACOES_FINANCEIRAS,27605,75ee495ca2bcbccd7b5945ce7dcfdcf9afa017d04ba95481aeb6de0a12df7fe8
TR-27606,2025-07-07,2025-07-01,COMP,1000138,DESPESA,4283.554155313669,4283.554155313669,BRL,Licenciamento de software - COMP,5,TED,CANCELADO,d4641add-3306-4ba7-b535-358854b3d242,2025-08-05,ERP_CORPORATIVO,TRANSACOES_FINANCEIRAS,27606,adbd27bf7dad154a1d2065015e3351144779f0ca068d03514947ba18f401ab2c
TR-27913,2025-07-21,2025-07-01,CPT,ACC-00140,DESPESA,3636.625281646003,3591.0808727009176,BRL,Honorários jurídicos - CPT,7,TRANSFERENCIA,PAGO,d4641add-3306-4ba7-b535-358854b3d242,2025-08-05,ERP_CORPORATIVO,TRANSACOES_FINANCEIRAS,27913,50d75224a3e0ba4c28bfbf7126758596b94d809b2dcef1b4083a49bb4a5d1f3e
TR-27914,2025-07-11,2025-07-01,PRD,ACC-00140,DESPESA,2939.5003145907735,2939.5003145907735,BRL,Despesa operacional - PRD,8,PIX,PAGO,d4641add-3306-4ba7-b535-358854b3d242,2025-08-05,ERP_CORPORATIVO,TRANSACOES_FINANCEIRAS,27914,f04ecd9d0e51aa66e3745af1768361d0dee9e87830df680f126ed97e78f60586
TR-27915,2025-07-28,2025-07-01,OP,ACC-00140,DESPESA,2598.275628185641,2598.275628185641,BRL,Passagem aérea para colaborador de OP,18,TRANSFERENCIA,PAGO,d4641add-3306-4ba7-b535-358854b3d242,2025-08-05,ERP_CORPORATIVO,TRANSACOES_FINANCEIRAS,27915,66c38bbff7dc2086b791b5da26550dda5598f292bc46d60fa98dc823f47d22dd
TR-27916,2025-07-07,2025-07-01,JUR,ACC-00140,RECEITA,2916.134415124067,2814.4334639273297,BRL,Compra de insumos para setor JUR,2,PIX,PAGO,d4641add-3306-4ba7-b535-358854b3d242,2025-08-05,ERP_CORPORATIVO,TRANSACOES_FINANCEIRAS,27916,dfec846c84f24d92a1fac3dd95ad9f44bdd6822bd3499268463505d064bbf399
TR-27917,2025-07-10,2025-07-01,CTB,ACC-00140,DESPESA,3592.7950556607793,3592.7950556607793,BRL,Aquisição de material operacional - CTB,2,TRANSFERENCIA,PAGO,d4641add-3306-4ba7-b535-358854b3d242,2025-08-05,ERP_CORPORATIVO,TRANSACOES_FINANCEIRAS,27917,1c9d7f960308b987b2bd9bdcbbc147920c0d76835e25382425bc43a9ac7df657
TR-27918,2025-07-07,2025-07-01,PJT,ACC-00140,DESPESA,2577.5353699858906,2462.370772281633,BRL,Investimento em marketing corporativo (PJT),4,BOLETO,PAGO,d4641add-3306-4ba7-b535-358854b3d242,2025-08-05,ERP_CORPORATIVO,TRANSACOES_FINANCEIRAS,27918,fc92d0d23dcb8708bedc12548aa35364ea5ce061b609a571e5ef20695f9c00d9
TR-27919,2025-07-28,2025-07-01,TI,ACC-00140,RECEITA,3022.3438592575844,2877.810116362623,BRL,Tributo incidente sobre receita de TI,40,TED,PAGO,d4641add-3306-4ba7-b535-358854b3d242,2025-08-05,ERP_CORPORATIVO,TRANSACOES_FINANCEIRAS,27919,4bcc30243387a9a06d950e5bdd7c073643211119918e37a90d2bb56e56dc7c84
TR-27920,2025-07-07,2025-07-01,QAS,ACC-00140,DESPESA,3254.0507217462105,3254.0507217462105,BRL,Serviço relacionado a recursos humanos (QAS),6,PIX,PAGO,d4641add-3306-4ba7-b535-358854b3d242,2025-08-05,ERP_CORPORATIVO,TRANSACOES_FINANCEIRAS,27920,9ce6a98547a5906c351a2f726500febe69b08426628501366533d6a785356c80
TR-27921,2025-07-14,2025-07-01,PRD,ACC-00140,DESPESA,2696.7058958333832,2575.221753255234,BRL,Despesa de refeição em deslocamento (PRD),20,BOLETO,PAGO,d4641add-3306-4ba7-b535-358854b3d242,2025-08-05,ERP_CORPORATIVO,TRANSACOES_FINANCEIRAS,27921,ecfc3f5311490e3dcef22f7146ee00be79eda1b0b8f76db6e61898c661f6576f
TR-27922,2025-07-14,2025-07-01,COMP,ACC-00140,RECEITA,3080.8513549235286,3080.8513549235286,BRL,Tarifas de serviços financeiros - COMP,22,TED,PAGO,d4641add-3306-4ba7-b535-358854b3d242,2025-08-05,ERP_CORPORATIVO,TRANSACOES_FINANCEIRAS,27922,9299513a5803b51f68c9d5b4eccf988033bc2b9ae8b494f1fff3e1d375c9f01c
TR-27923,2025-07-11,2025-07-01,COMP,ACC-00140,DESPESA,2758.811781299716,2758.811781299716,BRL,Diária de hotel para equipe COMP,19,PIX,PAGO,d4641add-3306-4ba7-b535-358854b3d242,2025-08-05,ERP_CORPORATIVO,TRANSACOES_FINANCEIRAS,27923,25baece6a08ddd7ffb5d06708027c8309d9c233ff20b6a2262aab896c17a9baf
TR-27924,2025-07-28,2025-07-01,SEC,ACC-00140,RECEITA,7917.64078830919,7879.259652515553,BRL,Alimentação em viagem corporativa - SEC,20,BOLETO,PAGO,d4641add-3306-4ba7-b535-358854b3d242,2025-08-05,ERP_CORPORATIVO,TRANSACOES_FINANCEIRAS,27924,aa40e31bf081e74b093b720173af054337cac698d7375d3c198f2dde31fdd637
TR-27925,2025-07-23,2025-07-01,COMP,ACC-00140,DESPESA,3216.8200059591863,3056.540653816075,BRL,Aquisição de material operacional - COMP,2,TRANSFERENCIA,PAGO,d4641add-3306-4ba7-b535-358854b3d242,2025-08-05,ERP_CORPORATIVO,TRANSACOES_FINANCEIRAS,27925,f501cd8ffbaf7cc55c4b12b5ef4817ebd48c434405ae7b27d85f0baba37f422f
TR-27926,2025-07-14,2025-07-01,OP,ACC-00140,DESPESA,3627.094696947304,3531.149841748544,BRL,Despesa de refeição em deslocamento (OP),20,BOLETO,PAGO,d4641add-3306-4ba7-b535-358854b3d242,2025-08-05,ERP_CORPORATIVO,TRANSACOES_FINANCEIRAS,27926,c10c204929f83e55738be6fb2ee1c09cb037f53c5ed90ca8432e0b86831ecdd0
TR-27927,2025-07-18,2025-07-01,MKT,ACC-00140,DESPESA,5419.9477772692435,5304.7987036144805,BRL,Tributo incidente sobre receita de MKT,40,PIX,ATRASADO,d4641add-3306-4ba7-b535-358854b3d242,2025-08-05,ERP_CORPORATIVO,TRANSACOES_FINANCEIRAS,27927,45913bac8ad59f922ee7ec08a93bedddf1c62bf0bf92a9c10f396a6f43e219c5
TR-27928,2025-07-08,2025-07-01,PRD,ACC-00140,DESPESA,3203.3652386536464,3148.8632020259784,BRL,Contrato de consultoria externa - PRD,12,TRANSFERENCIA,PAGO,d4641add-3306-4ba7-b535-358854b3d242,2025-08-05,ERP_CORPORATIVO,TRANSACOES_FINANCEIRAS,27928,505cb9c6eff9bca241a0f2a7aa8607debedffa0e52c4ff9a678e5c22fd87f4d8
TR-27929,2025-07-16,2025-07-01,COM,ACC-00140,DESPESA,3172.439331501283,3172.439331501283,BRL,Honorarium advocatício - COM,24,BOLETO,ATRASADO,d4641add-3306-4ba7-b535-358854b3d242,2025-08-05,ERP_CORPORATIVO,TRANSACOES_FINANCEIRAS,27929,bba9c436d3ed83bf466bc3174e2dcf8dcf03b8ad0f4d837f8ba4d6859ccb3f9b
TR-28257,2025-07-11,2025-07-01,VND,FORN-00142,DESPESA,3848.3331446440025,3848.3331446440025,USD,Honorários profissionais contratados por VND,11,TRANSFERENCIA,PAGO,d4641add-3306-4ba7-b535-358854b3d242,2025-08-05,ERP_CORPORATIVO,TRANSACOES_FINANCEIRAS,28257,6a3965fdf997cfc4cb7788f97ac2753c1d16531a3d5e1a2acc34842378ffee4d
TR-28258,2025-07-21,2025-07-01,MKT,FORN-00142,DESPESA,4141.9520401098835,4141.9520401098835,BRL,Serviço especializado solicitado por MKT,1,PIX,PAGO,d4641add-3306-4ba7-b535-358854b3d242,2025-08-05,ERP_CORPORATIVO,TRANSACOES_FINANCEIRAS,28258,85ff05a62cca5ee7099c2d5d893f7740ece7cd76d077e6eb91b6d54162e1f66e
TR-28259,2025-07-14,2025-07-01,COM,FORN-00142,DESPESA,4514.3169009309495,4514.3169009309495,BRL,Custo operacional associado a COM,8,BOLETO,PAGO,d4641add-3306-4ba7-b535-358854b3d242,2025-08-05,ERP_CORPORATIVO,TRANSACOES_FINANCEIRAS,28259,354432e42ac76a059b1d2ef25f98f59811d1d40ed419eca31747b38223a4cb00
TR-28260,2025-07-18,2025-07-01,CPT,FORN-00142,RECEITA,3699.16096694019,3699.16096694019,BRL,Apólice de seguro - CPT,21,TED,PAGO,d4641add-3306-4ba7-b535-358854b3d242,2025-08-05,ERP_CORPORATIVO,TRANSACOES_FINANCEIRAS,28260,3a66051a3fd3774a39d0e9b6e0f49bf75c53531a50c93fc22962f25686a4482d
TR-28261,2025-07-17,2025-07-01,RH,FORN-00142,RECEITA,3998.7503404673607,3869.6245910450953,BRL,Serviço técnico especializado para RH,11,CARTAO,PAGO,d4641add-3306-4ba7-b535-358854b3d242,2025-08-05,ERP_CORPORATIVO,TRANSACOES_FINANCEIRAS,28261,2ddcdb8b92fffeb628e445fbdb4bc4afb1ef63322f6dcf06b058e684783be4bc
TR-28262,2025-07-18,2025-07-01,COMP,FORN-00142,DESPESA,3507.637500108744,3507.637500108744,BRL,Suporte técnico para sistemas de COMP,29,TRANSFERENCIA,PAGO,d4641add-3306-4ba7-b535-358854b3d242,2025-08-05,ERP_CORPORATIVO,TRANSACOES_FINANCEIRAS,28262,a95e10aca5a8f0df9cafd5e30fc59f3b22166db862662625d7cfc8a03233f8ab
TR-28263,2025-07-21,2025-07-01,RH,FORN-00142,DESPESA,13830.695175756973,13830.695175756973,BRL,Viagem corporativa - RH,18,CARTAO,PAGO,d4641add-3306-4ba7-b535-358854b3d242,2025-08-05,ERP_CORPORATIVO,TRANSACOES_FINANCEIRAS,28263,64f466a8872b53cf8e5e86d15518a3d4a011e493e8c156fec01de57273f72c2f
TR-28264,2025-07-23,2025-07-01,CTB,FORN-00142,RECEITA,4280.131760717465,4280.131760717465,BRL,Tributo incidente sobre receita de CTB,40,PIX,PAGO,d4641add-3306-4ba7-b535-358854b3d242,2025-08-05,ERP_CORPORATIVO,TRANSACOES_FINANCEIRAS,28264,55102f2178cfd5ca7dc3e6ae9a1e8a827d334e63c63c9b62e3ebc7d665bd43be
TR-28265,2025-07-10,2025-07-01,FIN,FORN-00142,DESPESA,4361.843797508109,4361.843797508109,BRL,Campanha institucional - FIN,4,BOLETO,ATRASADO,d4641add-3306-4ba7-b535-358854b3d242,2025-08-05,ERP_CORPORATIVO,TRANSACOES_FINANCEIRAS,28265,9cf95cd14f6cf21a2b6c5c96fcbc3dd4bca3f6db4093e001e17bae113bf60b4b
TR-28266,2025-07-04,2025-07-01,COMP,FORN-00142,DESPESA,3533.9263080831947,3533.9263080831947,BRL,Desconto concedido em operação de COMP,38,CARTAO,CANCELADO,d4641add-3306-4ba7-b535-358854b3d242,2025-08-05,ERP_CORPORATIVO,TRANSACOES_FINANCEIRAS,28266,289b3157ee4a0e76eec287d9da9d84012df1f1e806b163d2abde91fb8fc87043
TR-28267,2025-07-15,2025-07-01,COMP,FORN-00142,DESPESA,4592.66858117479,4395.126439432902,BRL,Contrato de conectividade para área COMP,9,TRANSFERENCIA,PAGO,d4641add-3306-4ba7-b535-358854b3d242,2025-08-05,ERP_CORPORATIVO,TRANSACOES_FINANCEIRAS,28267,b7e6c2731ffdd0eab1c75f8e06a56d62c5704089d65203e9a6d9d8dac2429401
TR-28268,2025-07-24,2025-07-01,LOG,FORN-00142,RECEITA,4239.160847385546,4239.160847385546,BRL,Despesa de infraestrutura - LOG,3,PIX,PAGO,d4641add-3306-4ba7-b535-358854b3d242,2025-08-05,ERP_CORPORATIVO,TRANSACOES_FINANCEIRAS,28268,b7c9c7b8a8c76e2d2bd529b8232e768a1133a4c21a8ebbb29cb9a09435437b15
TR-28319,2025-07-21,2025-07-01,LOG,1000142,DESPESA,4744.419392953134,4744.419392953134,BRL,Compra de insumos para setor LOG,2,TED,PAGO,d4641add-3306-4ba7-b535-358854b3d242,2025-08-05,ERP_CORPORATIVO,TRANSACOES_FINANCEIRAS,28319,bc210062fc85af37bd459d527b15d48f79dde463b7d752ffa5e6f6dd7c77a832
TR-28320,2025-07-21,2025-07-01,COM,1000142,DESPESA,3377.917053165067,3377.917053165067,BRL,Alienação de bem patrimonial - COM,35,BOLETO,PAGO,d4641add-3306-4ba7-b535-358854b3d242,2025-08-05,ERP_CORPORATIVO,TRANSACOES_FINANCEIRAS,28320,f78bcc4109ace320d279c3622f542a2c6e167fe7f56fd68d5f9dc2e3ad3c6aa6
TR-28321,2025-07-18,2025-07-01,COMP,1000142,DESPESA,9782.881195491256,9782.881195491256,BRL,Despesa operacional - COMP,8,TED,PAGO,d4641add-3306-4ba7-b535-358854b3d242,2025-08-05,ERP_CORPORATIVO,TRANSACOES_FINANCEIRAS,28321,9c8b409068d86c242b7b0342c8a26045664d859636b5f6d15dbf100e46f31936
TR-28322,2025-07-23,2025-07-01,COM,1000142,RECEITA,3881.054289265257,3881.054289265257,USD,Licenciamento de software - COM,5,PIX,PAGO,d4641add-3306-4ba7-b535-358854b3d242,2025-08-05,ERP_CORPORATIVO,TRANSACOES_FINANCEIRAS,28322,0e5fcb7aacf1d92bc0edb17c0142b053c3a06138edcc0c4c08b3c904533c3026
TR-28323,2025-07-11,2025-07-01,SEC,1000142,DESPESA,4594.8740964626195,4484.437872900314,BRL,Alienação de bem patrimonial - SEC,35,BOLETO,CANCELADO,d4641add-3306-4ba7-b535-358854b3d242,2025-08-05,ERP_CORPORATIVO,TRANSACOES_FINANCEIRAS,28323,fe4e4e0ae676c06a1b8f1e5ed36f40d568e32a5036999acfcd4b1d8e50faf8f6
TR-28324,2025-07-08,2025-07-01,OP,1000142,RECEITA,4684.278516401218,4684.278516401218,BRL,Licenciamento de software - OP,5,PIX,PAGO,d4641add-3306-4ba7-b535-358854b3d242,2025-08-05,ERP_CORPORATIVO,TRANSACOES_FINANCEIRAS,28324,7fd636857f0b7ffede0a2de0c67c166aa3a82bbcddb1a2e8a74af910b80042b8
TR-28585,2025-07-14,2025-07-01,OP,FORN-00144,RECEITA,1076.6152579608774,1076.6152579608774,BRL,Resultado de equivalência patrimonial - OP,34,BOLETO,PAGO,d4641add-3306-4ba7-b535-358854b3d242,2025-08-05,ERP_CORPORATIVO,TRANSACOES_FINANCEIRAS,28585,accd6dd78b3937ac3ec4134631618bfe409281a95d36070737852b1acf9293ea
TR-28586,2025-07-17,2025-07-01,VND,FORN-00144,DESPESA,1257.6909250045364,1257.6909250045364,BRL,Assessoria legal vinculada à área VND,7,BOLETO,PAGO,d4641add-3306-4ba7-b535-358854b3d242,2025-08-05,ERP_CORPORATIVO,TRANSACOES_FINANCEIRAS,28586,03993e23072a4633a871919ef42b4f2c379a65b36b2ef01ccbd04b98ec113ff4
TR-28587,2025-07-14,2025-07-01,CPT,FORN-00144,RECEITA,1156.8336092835402,1156.8336092835402,USD,Combustível e lubrificantes para frota (CPT),16,PIX,PAGO,d4641add-3306-4ba7-b535-358854b3d242,2025-08-05,ERP_CORPORATIVO,TRANSACOES_FINANCEIRAS,28587,3180d6fb0229ef49e31cec4bfe2dce2cc8cd1feb5f537b99ffed4d6015250277
TR-28588,2025-07-17,2025-07-01,COMP,FORN-00144,RECEITA,1115.4016086393922,1115.4016086393922,BRL,Tributo incidente sobre receita de COMP,40,PIX,ATRASADO,d4641add-3306-4ba7-b535-358854b3d242,2025-08-05,ERP_CORPORATIVO,TRANSACOES_FINANCEIRAS,28588,bfaf86a285cbc4d178e6875dbfd7c09323f8d7b7d4fbfd130a3111fc0a71ec33
TR-28589,2025-07-09,2025-07-01,COMP,FORN-00144,DESPESA,1125.5110030986298,1125.5110030986298,BRL,Receita eventual registrada em COMP,37,BOLETO,CANCELADO,d4641add-3306-4ba7-b535-358854b3d242,2025-08-05,ERP_CORPORATIVO,TRANSACOES_FINANCEIRAS,28589,26091268c4576a81acd9a69c3d9d3233b56b8d7eaebfb1b7edc278e5d32373d1
TR-28590,2025-07-21,2025-07-01,FIN,FORN-00144,RECEITA,1507.1877223365893,1507.1877223365893,BRL,Aquisição de material operacional - FIN,2,PIX,ATRASADO,d4641add-3306-4ba7-b535-358854b3d242,2025-08-05,ERP_CORPORATIVO,TRANSACOES_FINANCEIRAS,28590,72531a4d673e30c98016a43caa1e5731d2d9d4044126415f6538cf1ea618ce69
TR-28591,2025-07-15,2025-07-01,TI,FORN-00144,DESPESA,1287.357559274674,1287.357559274674,BRL,Direitos de propriedade intelectual - TI,32,BOLETO,ATRASADO,d4641add-3306-4ba7-b535-358854b3d242,2025-08-05,ERP_CORPORATIVO,TRANSACOES_FINANCEIRAS,28591,5fd790a92af7d83cacf0007220487d2d1f4cabef484570b9e52b697289b04ded
TR-28592,2025-07-17,2025-07-01,JUR,FORN-00144,DESPESA,1151.6168386043978,1137.514939467789,BRL,Custo operacional associado a JUR,8,PIX,PAGO,d4641add-3306-4ba7-b535-358854b3d242,2025-08-05,ERP_CORPORATIVO,TRANSACOES_FINANCEIRAS,28592,738dbde92c28f0d45af2f77e83be368c6a930efefa957e773202d90c40e88c59
TR-28593,2025-07-21,2025-07-01,FIN,FORN-00144,DESPESA,933.7800069096002,933.7800069096002,BRL,Doação recebida em favor de FIN,36,PIX,PAGO,d4641add-3306-4ba7-b535-358854b3d242,2025-08-05,ERP_CORPORATIVO,TRANSACOES_FINANCEIRAS,28593,53ed5469f536824ffb4af7dcd68df5153fd0ec635adec7d6cc261be9492945e4
TR-28594,2025-07-10,2025-07-01,OP,FORN-00144,DESPESA,1004.7216408293042,990.4026944555721,BRL,Viagem corporativa - OP,18,BOLETO,CANCELADO,d4641add-3306-4ba7-b535-358854b3d242,2025-08-05,ERP_CORPORATIVO,TRANSACOES_FINANCEIRAS,28594,355cc394538d8add585d2f8f04191ab5a03afabb49870c60b703160d2c1d3b46
TR-28912,2025-07-18,2025-07-01,CPT,FORN-00145,DESPESA,3156.6100685479264,3108.47498757589,BRL,Atendimento de TI requisitado por CPT,29,TRANSFERENCIA,PAGO,d4641add-3306-4ba7-b535-358854b3d242,2025-08-05,ERP_CORPORATIVO,TRANSACOES_FINANCEIRAS,28912,f5b596d9f4c9373ce7493e9a81420a0288dd211a4386cb06dcd062ae9884fb9e
TR-28913,2025-07-23,2025-07-01,COMP,FORN-00145,RECEITA,976.1349492864292,966.3017361238,USD,Honorarium advocatício - COMP,24,CARTAO,PAGO,d4641add-3306-4ba7-b535-358854b3d242,2025-08-05,ERP_CORPORATIVO,TRANSACOES_FINANCEIRAS,28913,58e5305ecd5da8b5463cb737e9b719dad7b3cea48bdf2542fcde3994aa953ae5
TR-28914,2025-07-21,2025-07-01,COMP,FORN-00145,DESPESA,1107.1809909332987,1107.1809909332987,BRL,Direitos de propriedade intelectual - COMP,32,TED,PAGO,d4641add-3306-4ba7-b535-358854b3d242,2025-08-05,ERP_CORPORATIVO,TRANSACOES_FINANCEIRAS,28914,b445cbe9ce2cbcf49992edad34ae136c2191373a8e554a8a100eedc8ef36aeb7
TR-28915,2025-07-18,2025-07-01,LOG,FORN-00145,RECEITA,1084.5520404446086,1032.328608753623,BRL,Serviço de tecnologia contratado por LOG,5,PIX,PAGO,d4641add-3306-4ba7-b535-358854b3d242,2025-08-05,ERP_CORPORATIVO,TRANSACOES_FINANCEIRAS,28915,21587f44534620c16acd478c0cdbfac16ff4bde390ef4eb8380696f7717884ff
TR-28916,2025-07-16,2025-07-01,COMP,FORN-00145,DESPESA,1383.733367386362,1383.733367386362,BRL,Serviço de tecnologia contratado por COMP,5,BOLETO,PAGO,d4641add-3306-4ba7-b535-358854b3d242,2025-08-05,ERP_CORPORATIVO,TRANSACOES_FINANCEIRAS,28916,218a9710778c29d612bc842b4975b5fb9ff726a97740c52da8790b59115e37fb
TR-28917,2025-07-28,2025-07-01,CPT,FORN-00145,DESPESA,1287.211069908876,1287.211069908876,BRL,Despesa de refeição em deslocamento (CPT),20,TED,PAGO,d4641add-3306-4ba7-b535-358854b3d242,2025-08-05,ERP_CORPORATIVO,TRANSACOES_FINANCEIRAS,28917,1a0169740f4e9cc215d3bcec9c014139efead9bd72ba4ff4dfe99b467d6a35a8
TR-28918,2025-07-28,2025-07-01,COM,FORN-00145,DESPESA,1329.7213538712426,1329.7213538712426,BRL,Diária de hotel para equipe COM,19,TED,ATRASADO,d4641add-3306-4ba7-b535-358854b3d242,2025-08-05,ERP_CORPORATIVO,TRANSACOES_FINANCEIRAS,28918,467cfb869eadc0d59d720e468084e8ad6b144df94b52693de73d13d451cca9e8
TR-28919,2025-07-17,2025-07-01,COM,FORN-00145,RECEITA,1065.4837175194052,1065.4837175194052,BRL,Abastecimento de veículos - COM,16,TED,PAGO,d4641add-3306-4ba7-b535-358854b3d242,2025-08-05,ERP_CORPORATIVO,TRANSACOES_FINANCEIRAS,28919,a3f9efa8af4a73f68808767617d3fbe046918d78140911391d3b648f66ed822a
TR-28920,2025-07-11,2025-07-01,PES,FORN-00145,DESPESA,1203.435849978828,1203.435849978828,USD,Honorários jurídicos - PES,7,TRANSFERENCIA,PAGO,d4641add-3306-4ba7-b535-358854b3d242,2025-08-05,ERP_CORPORATIVO,TRANSACOES_FINANCEIRAS,28920,bdc0280823ceff772f1da293694bc62cc97e4e84e6d8b30fab4e9572b0b6b3c6
TR-28921,2025-07-14,2025-07-01,QAS,FORN-00145,RECEITA,1009.2310629453124,960.0462688350067,BRL,Apólice de seguro - QAS,21,TRANSFERENCIA,PAGO,d4641add-3306-4ba7-b535-358854b3d242,2025-08-05,ERP_CORPORATIVO,TRANSACOES_FINANCEIRAS,28921,0d296c74346be273f52ba65bde1b66704409fa120123439725f9c6535fdafea8
TR-28922,2025-07-09,2025-07-01,JUR,FORN-00145,RECEITA,1063.6356681733148,1063.6356681733148,BRL,Receita de aluguel creditada em JUR,31,CARTAO,PAGO,d4641add-3306-4ba7-b535-358854b3d242,2025-08-05,ERP_CORPORATIVO,TRANSACOES_FINANCEIRAS,28922,1c42cb8253fb753c80d4b7370933d751507cac86c104dedb760f30986c61021e
TR-28923,2025-07-10,2025-07-01,OP,FORN-00145,RECEITA,1202.3483632014008,1202.3483632014008,BRL,Despesa operacional - OP,8,PIX,PAGO,d4641add-3306-4ba7-b535-358854b3d242,2025-08-05,ERP_CORPORATIVO,TRANSACOES_FINANCEIRAS,28923,d1a8bf66c424736c2257dd0676a42b38238efb7c6e069a3b1923e2a9d5481668
TR-28924,2025-07-10,2025-07-01,OP,FORN-00145,RECEITA,1214.211021488401,1200.4697178997371,BRL,Contrato de serviço - setor OP,1,TED,ATRASADO,d4641add-3306-4ba7-b535-358854b3d242,2025-08-05,ERP_CORPORATIVO,TRANSACOES_FINANCEIRAS,28924,b915363d94db5b65a3a7ff901e2a372550fcac041cf5b5ea4c505599970f2e20
TR-29089,2025-07-07,2025-07-01,FIN,1000145,RECEITA,3633.9454408464626,3589.6527150520424,BRL,Desconto concedido em operação de FIN,38,PIX,CANCELADO,d4641add-3306-4ba7-b535-358854b3d242,2025-08-05,ERP_CORPORATIVO,TRANSACOES_FINANCEIRAS,29089,9cccb46bbfa7a137f3ba5172ba37fc3d46e75115c89024628481eb6c851cce57
TR-29090,2025-07-14,2025-07-01,PRD,1000145,RECEITA,3071.621537247377,2939.591755542551,BRL,Despesa de infraestrutura - PRD,3,CARTAO,PAGO,d4641add-3306-4ba7-b535-358854b3d242,2025-08-05,ERP_CORPORATIVO,TRANSACOES_FINANCEIRAS,29090,e36168f79b38756eb083d66d9acc92fa6589e1ab7cfde1f8e20379a9300daf79
TR-29091,2025-07-14,2025-07-01,FIN,1000145,RECEITA,3349.436272527057,3349.436272527057,BRL,Serviço especializado solicitado por FIN,1,TRANSFERENCIA,ATRASADO,d4641add-3306-4ba7-b535-358854b3d242,2025-08-05,ERP_CORPORATIVO,TRANSACOES_FINANCEIRAS,29091,aae269d0ad2f9ec3dc2a0d64771e01e394126fd666ee959fb2190fa120e2c3b4
TR-29092,2025-07-24,2025-07-01,COM,1000145,DESPESA,3479.6887676378165,3479.6887676378165,BRL,Honorários profissionais contratados por COM,11,TED,PAGO,d4641add-3306-4ba7-b535-358854b3d242,2025-08-05,ERP_CORPORATIVO,TRANSACOES_FINANCEIRAS,29092,ac0738450fcc716097a78bbf38238f53cedfeb9e3b34d9080ae7aa8a0c2fffa6
TR-29093,2025-07-15,2025-07-01,ATD,1000145,DESPESA,4680.121039192025,4680.121039192025,BRL,Manutenção estrutural vinculada à área ATD,3,PIX,PAGO,d4641add-3306-4ba7-b535-358854b3d242,2025-08-05,ERP_CORPORATIVO,TRANSACOES_FINANCEIRAS,29093,7b2d652bbaaa000d9dd2ff860a1e0c5b1bb11f7dcb9a615ecea042e34c6c7084
TR-29094,2025-07-14,2025-07-01,ADM,1000145,DESPESA,3493.264236496592,3493.264236496592,BRL,Contrato de serviço - setor ADM,1,BOLETO,PAGO,d4641add-3306-4ba7-b535-358854b3d242,2025-08-05,ERP_CORPORATIVO,TRANSACOES_FINANCEIRAS,29094,3b11fe2004b45b01ea5eca476d5c53910c5b40b08dcd429e993e2f68715dc23d
TR-29095,2025-07-15,2025-07-01,CTB,1000145,DESPESA,3652.2433688883457,3652.2433688883457,BRL,Despesa de infraestrutura - CTB,3,TRANSFERENCIA,PAGO,d4641add-3306-4ba7-b535-358854b3d242,2025-08-05,ERP_CORPORATIVO,TRANSACOES_FINANCEIRAS,29095,cd71ee6c96853bd8c15bf10a5948e3fbc66d4cbc6c5830afe751325b525c8abd
TR-29096,2025-07-17,2025-07-01,MKT,1000145,DESPESA,7071.480249454148,6960.297963498111,BRL,Manutenção estrutural vinculada à área MKT,3,PIX,ATRASADO,d4641add-3306-4ba7-b535-358854b3d242,2025-08-05,ERP_CORPORATIVO,TRANSACOES_FINANCEIRAS,29096,be2e61c8691d6d67cec8bc806f34133a6877ab155a0b3a57175c3a02b38e9b34
TR-29097,2025-07-21,2025-07-01,RH,1000145,RECEITA,3751.0794178897886,3751.0794178897886,BRL,Tributo incidente sobre receita de RH,40,BOLETO,PAGO,d4641add-3306-4ba7-b535-358854b3d242,2025-08-05,ERP_CORPORATIVO,TRANSACOES_FINANCEIRAS,29097,40aa11c5c4fb3246ce158404e4fc3b5a8e9903a1c4cc15e49b56cecfd91b3d87
TR-29098,2025-07-11,2025-07-01,COMP,1000145,DESPESA,4006.9232923482127,4006.9232923482127,BRL,Custo operacional associado a COMP,8,BOLETO,PAGO,d4641add-3306-4ba7-b535-358854b3d242,2025-08-05,ERP_CORPORATIVO,TRANSACOES_FINANCEIRAS,29098,a7848b5b7f69d006fbd01272aa976eccc3cec18982cc4aec0c660f7ef4f89c16
TR-29099,2025-07-11,2025-07-01,TI,1000145,RECEITA,3438.0233429840478,3438.0233429840478,BRL,Alimentação em viagem corporativa - TI,20,TED,PAGO,d4641add-3306-4ba7-b535-358854b3d242,2025-08-05,ERP_CORPORATIVO,TRANSACOES_FINANCEIRAS,29099,da97f4cd24014e801e3ec2bcd8717aefe04d15cdf825e7e9f8250ff711c958f9
TR-29100,2025-07-24,2025-07-01,COMP,1000145,RECEITA,3711.842620353957,3711.842620353957,BRL,Serviço relacionado a recursos humanos (COMP),6,BOLETO,PAGO,d4641add-3306-4ba7-b535-358854b3d242,2025-08-05,ERP_CORPORATIVO,TRANSACOES_FINANCEIRAS,29100,37b04397a61f757dfa77eda1299c6e3eb80425223a555aeabb45778ed356ffb1
TR-29101,2025-07-14,2025-07-01,VND,1000145,RECEITA,3697.0186986957838,3697.0186986957838,BRL,Combustível e lubrificantes para frota (VND),16,TED,PAGO,d4641add-3306-4ba7-b535-358854b3d242,2025-08-05,ERP_CORPORATIVO,TRANSACOES_FINANCEIRAS,29101,23d8f088dd4e7128a9a45d828174693441b297afd656af29b3b2d548ff42257e
TR-29102,2025-07-14,2025-07-01,FIN,1000145,RECEITA,3514.5943333005944,3412.042346898931,BRL,Aquisição de material operacional - FIN,2,TRANSFERENCIA,PAGO,d4641add-3306-4ba7-b535-358854b3d242,2025-08-05,ERP_CORPORATIVO,TRANSACOES_FINANCEIRAS,29102,e087bc76990b6b0bb853222c2ce2c3eeb99dfbcb49ead9f28655aaf4a44c74cb
TR-29103,2025-07-21,2025-07-01,FIN,1000145,DESPESA,3971.228839990486,3900.033757821514,BRL,Imposto sobre venda apurado em FIN,40,CARTAO,PAGO,d4641add-3306-4ba7-b535-358854b3d242,2025-08-05,ERP_CORPORATIVO,TRANSACOES_FINANCEIRAS,29103,72f4f7e0ac11e0cd075bccffcc805fd511ebb6e68fd435c5d5a9277a1f19f07a
TR-29104,2025-07-10,2025-07-01,FIN,1000145,DESPESA,7351.5024418942685,7351.5024418942685,BRL,Manutenção preventiva de veículos - FIN,17,CARTAO,PAGO,d4641add-3306-4ba7-b535-358854b3d242,2025-08-05,ERP_CORPORATIVO,TRANSACOES_FINANCEIRAS,29104,ef7e872331ccfdfb0b638fd41f5b0e5ea66d957b1f0be2b7f54df666b3373463
TR-29105,2025-07-09,2025-07-01,TI,1000145,DESPESA,3198.7533120844073,3198.7533120844073,BRL,Licenciamento de software - TI,5,PIX,PAGO,d4641add-3306-4ba7-b535-358854b3d242,2025-08-05,ERP_CORPORATIVO,TRANSACOES_FINANCEIRAS,29105,f9a0d149e68ff10f0a67605f296320c47fa15d23b2f8e9d078ce623fa931fb5f
TR-29106,2025-07-21,2025-07-01,COM,1000145,RECEITA,8733.94763669832,8733.94763669832,BRL,Contrato de consultoria externa - COM,12,TRANSFERENCIA,PAGO,d4641add-3306-4ba7-b535-358854b3d242,2025-08-05,ERP_CORPORATIVO,TRANSACOES_FINANCEIRAS,29106,30c3ccd4390d9b9f818a6b5cf9214f1d7e524ed04fdd97716da15b4bdf148826
TR-29107,2025-07-14,2025-07-01,RH,1000145,RECEITA,3362.3657038468878,3362.3657038468878,BRL,Serviço relacionado a recursos humanos (RH),6,PIX,ATRASADO,d4641add-3306-4ba7-b535-358854b3d242,2025-08-05,ERP_CORPORATIVO,TRANSACOES_FINANCEIRAS,29107,17c6a96662f44bd32140aec49bb7a7b44339cac0dbc4c212cd7bd59be5130d61
TR-29108,2025-07-16,2025-07-01,OP,1000145,DESPESA,2608.643016168728,2581.71026436112,BRL,Honorários jurídicos - OP,7,PIX,PAGO,d4641add-3306-4ba7-b535-358854b3d242,2025-08-05,ERP_CORPORATIVO,TRANSACOES_FINANCEIRAS,29108,9f3b20ee22c4e09a401149979f850864411cea67a1f56ef1e92ad5f832c335f9
TR-29109,2025-07-07,2025-07-01,COM,1000145,DESPESA,3244.123407178685,3244.123407178685,BRL,Manutenção estrutural vinculada à área COM,3,BOLETO,PAGO,d4641add-3306-4ba7-b535-358854b3d242,2025-08-05,ERP_CORPORATIVO,TRANSACOES_FINANCEIRAS,29109,d5c6fddbe501f4abd8f03d55195e1aea71de3bc5c4bc77a965c164ee92b5c1f3
TR-29261,2025-07-11,2025-07-01,ADM,FORN-00147,DESPESA,6307.056600873714,6041.882775999759,BRL,Capacitação profissional vinculada a ADM,30,CARTAO,PAGO,d4641add-3306-4ba7-b535-358854b3d242,2025-08-05,ERP_CORPORATIVO,TRANSACOES_FINANCEIRAS,29261,e191db5a39a08c77a48c5a48c92ef9d0cb2af04ea13be4c50381c67dc9181387
TR-29262,2025-07-29,2025-07-01,ESG,FORN-00147,RECEITA,5936.434277786705,5936.434277786705,BRL,Compra de insumos para setor ESG,2,TRANSFERENCIA,PAGO,d4641add-3306-4ba7-b535-358854b3d242,2025-08-05,ERP_CORPORATIVO,TRANSACOES_FINANCEIRAS,29262,2859298ee4264d071ccec3a84a3fddf58459c3c1d8749847719e711cb3ddfefe
TR-29263,2025-07-21,2025-07-01,LOG,FORN-00147,DESPESA,5441.551668712855,5269.180232393065,BRL,Material de marketing solicitado por LOG,15,TED,PAGO,d4641add-3306-4ba7-b535-358854b3d242,2025-08-05,ERP_CORPORATIVO,TRANSACOES_FINANCEIRAS,29263,0527cfdc57aee7a09cb289e4821c6667ae827db4923b7780e7c4f23f97dd5146
TR-29264,2025-07-21,2025-07-01,COMP,FORN-00147,DESPESA,6482.040008144183,6482.040008144183,BRL,Consultoria estratégica para área COMP,12,BOLETO,PAGO,d4641add-3306-4ba7-b535-358854b3d242,2025-08-05,ERP_CORPORATIVO,TRANSACOES_FINANCEIRAS,29264,0fdff7d60b50e425e8065afc1504f3617ff90a85902c149775c0b798aa5ff641
TR-29265,2025-07-17,2025-07-01,COMP,FORN-00147,RECEITA,6767.2782617667635,6767.2782617667635,BRL,Propaganda e divulgação para área COMP,13,PIX,PAGO,d4641add-3306-4ba7-b535-358854b3d242,2025-08-05,ERP_CORPORATIVO,TRANSACOES_FINANCEIRAS,29265,e97330b85dfca43076a411d65b5ceac07723b65cdfadda24c590e6a97e3fd5ec
TR-29266,2025-07-10,2025-07-01,COMP,FORN-00147,DESPESA,6020.237570332445,5789.552415842295,BRL,Prestação de serviço para área COMP,1,TRANSFERENCIA,PAGO,d4641add-3306-4ba7-b535-358854b3d242,2025-08-05,ERP_CORPORATIVO,TRANSACOES_FINANCEIRAS,29266,142e05bab0fa110d220971b4c5374de59b90a8b2e60263d9a0d71ad7d6373ad1
TR-29267,2025-07-09,2025-07-01,COMP,FORN-00147,DESPESA,6516.370607366713,6516.370607366713,BRL,Aquisição de material operacional - COMP,2,TRANSFERENCIA,PAGO,d4641add-3306-4ba7-b535-358854b3d242,2025-08-05,ERP_CORPORATIVO,TRANSACOES_FINANCEIRAS,29267,1f34104b517ec714947c9f392d6bd7fe6e0ebd539a5d189bdbbb4b53a8c89b33
TR-29268,2025-07-08,2025-07-01,JUR,FORN-00147,DESPESA,5761.228379069943,5696.94151620735,BRL,Juros sobre operação financeira - JUR,23,BOLETO,PAGO,d4641add-3306-4ba7-b535-358854b3d242,2025-08-05,ERP_CORPORATIVO,TRANSACOES_FINANCEIRAS,29268,315aa5215b305fd33a05b7e195a18456954b09b65f8a8591aae7f707058e4953
TR-29269,2025-07-21,2025-07-01,COM,FORN-00147,DESPESA,6279.905697325739,6279.905697325739,BRL,Investimento em marketing corporativo (COM),4,CARTAO,PAGO,d4641add-3306-4ba7-b535-358854b3d242,2025-08-05,ERP_CORPORATIVO,TRANSACOES_FINANCEIRAS,29269,6eefde61400bfe1049bf1a6c0d13345ec9a2b485128eda31ae13ebdbf2b663bb
TR-29270,2025-07-14,2025-07-01,PRD,FORN-00147,RECEITA,7161.774014704988,6832.75451782201,BRL,Certificado digital adquirido por PRD,26,PIX,PAGO,d4641add-3306-4ba7-b535-358854b3d242,2025-08-05,ERP_CORPORATIVO,TRANSACOES_FINANCEIRAS,29270,67691e078799978a5a178ddafd4020dec058759f8d9b32b653c9c8ac8a2addc3
TR-29271,2025-07-10,2025-07-01,COM,FORN-00147,DESPESA,6277.29910058893,6069.562225392548,USD,Aquisição de material operacional - COM,2,BOLETO,ATRASADO,d4641add-3306-4ba7-b535-358854b3d242,2025-08-05,ERP_CORPORATIVO,TRANSACOES_FINANCEIRAS,29271,7c01ee813dbcceb4e4cc641b276c68b54dfa950ded0b3c228df6d95960bd3a1d
TR-29423,2025-07-15,2025-07-01,FIN,1000147,DESPESA,4073.3993037202285,4073.3993037202285,BRL,Locação de espaço comercial - FIN,31,PIX,PAGO,d4641add-3306-4ba7-b535-358854b3d242,2025-08-05,ERP_CORPORATIVO,TRANSACOES_FINANCEIRAS,29423,d2932608f786e7f6b4d7a4e57a4a4b9fe180d0bf4970b15de40510291edd45be
TR-29424,2025-07-10,2025-07-01,FIN,1000147,DESPESA,3654.475525265332,3654.475525265332,BRL,Despesa de RH - FIN,6,TRANSFERENCIA,CANCELADO,d4641add-3306-4ba7-b535-358854b3d242,2025-08-05,ERP_CORPORATIVO,TRANSACOES_FINANCEIRAS,29424,2c8c4ef6fa4ae6b90ed7e40c8da1edde51db43335a9a9b7c2ac6c740b69e8c26
TR-29425,2025-07-11,2025-07-01,OP,1000147,RECEITA,3482.4218777473047,3482.4218777473047,BRL,Serviço relacionado a recursos humanos (OP),6,PIX,PAGO,d4641add-3306-4ba7-b535-358854b3d242,2025-08-05,ERP_CORPORATIVO,TRANSACOES_FINANCEIRAS,29425,4032d6013e925420045fd71ac33b9314a03f92929614622feebf8103662a5178
TR-29426,2025-07-15,2025-07-01,FIN,1000147,DESPESA,4180.90093072733,4008.2257201784814,BRL,Compra de insumos para setor FIN,2,BOLETO,PAGO,d4641add-3306-4ba7-b535-358854b3d242,2025-08-05,ERP_CORPORATIVO,TRANSACOES_FINANCEIRAS,29426,87fd082e7406cbfc8a86b5f8f34b66ba305152dace0f04e5a2ff055c6644dfdc
TR-29427,2025-07-14,2025-07-01,RH,1000147,DESPESA,3584.0224229157793,3584.0224229157793,BRL,Contrato de serviço - setor RH,1,PIX,PAGO,d4641add-3306-4ba7-b535-358854b3d242,2025-08-05,ERP_CORPORATIVO,TRANSACOES_FINANCEIRAS,29427,e6de44fbea05250665a957cbfece2990e1ee6cafac4b6140a7b6fe114d0b70a4
TR-29428,2025-07-14,2025-07-01,PES,1000147,DESPESA,3662.9622779171004,3662.9622779171004,BRL,Despesa operacional - PES,8,TRANSFERENCIA,ATRASADO,d4641add-3306-4ba7-b535-358854b3d242,2025-08-05,ERP_CORPORATIVO,TRANSACOES_FINANCEIRAS,29428,aa24413275ced3e5f7c2d936d31a12e858438f1a308907a537a93a35071b67e8
TR-29429,2025-07-14,2025-07-01,FIN,1000147,RECEITA,4648.763523439732,4467.903216594324,BRL,Assessoria legal vinculada à área FIN,7,BOLETO,ATRASADO,d4641add-3306-4ba7-b535-358854b3d242,2025-08-05,ERP_CORPORATIVO,TRANSACOES_FINANCEIRAS,29429,2cb744a6f8faf16369dbab859e4dd7d175e6cb3588956a0bea8db15c4af29e82
TR-29430,2025-07-28,2025-07-01,CPT,1000147,DESPESA,3926.7499463001423,3926.7499463001423,BRL,Custo operacional associado a CPT,8,PIX,PAGO,d4641add-3306-4ba7-b535-358854b3d242,2025-08-05,ERP_CORPORATIVO,TRANSACOES_FINANCEIRAS,29430,8552d37b349ed35bd7017f515f8cfe4cbfd0d2c29ccc279239497bbbda9036bf
TR-29431,2025-07-01,2025-07-01,COM,1000147,RECEITA,11017.549214279372,10960.15148947481,BRL,Campanha institucional - COM,4,TED,CANCELADO,d4641add-3306-4ba7-b535-358854b3d242,2025-08-05,ERP_CORPORATIVO,TRANSACOES_FINANCEIRAS,29431,7c0d2d826238c83d4fc73d591f844b998098f29450f7885a2c8be1e52ee6eb38
TR-29432,2025-07-17,2025-07-01,COM,1000147,DESPESA,3711.0295946172782,3711.0295946172782,BRL,Manutenção estrutural vinculada à área COM,3,PIX,CANCELADO,d4641add-3306-4ba7-b535-358854b3d242,2025-08-05,ERP_CORPORATIVO,TRANSACOES_FINANCEIRAS,29432,61b84a5f28c20280de3e912016cb161591de7fd0cfa5ed675aced26513baa46b
TR-29433,2025-07-21,2025-07-01,FIN,1000147,DESPESA,1372.6857430151233,1372.6857430151233,BRL,Custo operacional associado a FIN,8,TED,PAGO,d4641add-3306-4ba7-b535-358854b3d242,2025-08-05,ERP_CORPORATIVO,TRANSACOES_FINANCEIRAS,29433,94ef4e4aca9a700f35699a8ef0e50ddd1f1055a23dbea423d076e0174d644377
TR-29434,2025-07-16,2025-07-01,COM,1000147,RECEITA,4233.629102079718,4233.629102079718,BRL,Assessoria contábil prestada a COM,25,BOLETO,ATRASADO,d4641add-3306-4ba7-b535-358854b3d242,2025-08-05,ERP_CORPORATIVO,TRANSACOES_FINANCEIRAS,29434,7a860d75d3d220aa01f761296e9e1d4bf94ed5b0a7bb48757dd6b5d0f63bbbee
TR-29435,2025-07-22,2025-07-01,COMP,1000147,RECEITA,4338.1105763341875,4338.1105763341875,BRL,Despesa operacional - COMP,8,BOLETO,PAGO,d4641add-3306-4ba7-b535-358854b3d242,2025-08-05,ERP_CORPORATIVO,TRANSACOES_FINANCEIRAS,29435,615d57d88727ef45a5825ccff2247a3090779057a5b9005ecd874ab00538b1ad
TR-29436,2025-07-28,2025-07-01,PES,1000147,DESPESA,4398.639549626077,4398.639549626077,BRL,Prestação de serviço para área PES,1,TRANSFERENCIA,PAGO,d4641add-3306-4ba7-b535-358854b3d242,2025-08-05,ERP_CORPORATIVO,TRANSACOES_FINANCEIRAS,29436,01c354b611c8a78dea8f4c69a3f59373a180710d5fe78501fd68c3da0002041e
TR-29437,2025-07-08,2025-07-01,MKT,1000147,DESPESA,4196.370221308692,4196.370221308692,BRL,Campanha institucional - MKT,4,BOLETO,PAGO,d4641add-3306-4ba7-b535-358854b3d242,2025-08-05,ERP_CORPORATIVO,TRANSACOES_FINANCEIRAS,29437,9c41f579938dcb2e5f1461cee8509e2a551e636afd8fe33aa9342fbd1dc77906
TR-29438,2025-07-14,2025-07-01,CPT,1000147,RECEITA,4313.1553499616275,4313.1553499616275,BRL,Juros sobre operação financeira - CPT,23,PIX,ATRASADO,d4641add-3306-4ba7-b535-358854b3d242,2025-08-05,ERP_CORPORATIVO,TRANSACOES_FINANCEIRAS,29438,2f25ef6fe7b701efb20137cd97f3005144130c443caae60be4a761d8b95398dd
TR-29439,2025-07-14,2025-07-01,QAS,1000147,RECEITA,3870.19991355962,3870.19991355962,BRL,Licenciamento de software - QAS,5,TRANSFERENCIA,PAGO,d4641add-3306-4ba7-b535-358854b3d242,2025-08-05,ERP_CORPORATIVO,TRANSACOES_FINANCEIRAS,29439,b6aaa37ecc5b1f733f4bd30d0c5d65fb426d8e5a448983931e0dbee86b0a51de
TR-29440,2025-07-24,2025-07-01,OP,1000147,RECEITA,3629.466242786341,3629.466242786341,BRL,Resultado de equivalência patrimonial - OP,34,TRANSFERENCIA,ATRASADO,d4641add-3306-4ba7-b535-358854b3d242,2025-08-05,ERP_CORPORATIVO,TRANSACOES_FINANCEIRAS,29440,bc15e787141d9d438a6bfa4298a231ddc2c1d9cb6bdcec19575dc4bf2f2f1cb5
TR-29441,2025-07-21,2025-07-01,OP,1000147,DESPESA,4649.05471049326,4649.05471049326,BRL,Despesa operacional - OP,8,PIX,PAGO,d4641add-3306-4ba7-b535-358854b3d242,2025-08-05,ERP_CORPORATIVO,TRANSACOES_FINANCEIRAS,29441,76d6ab861dbd696d48bd99d178bbc1e91d14fba72867cad9fc65c04ffe138409
TR-29442,2025-07-22,2025-07-01,PJT,1000147,RECEITA,4432.18665497144,4432.18665497144,BRL,Compra de insumos para setor PJT,2,BOLETO,PAGO,d4641add-3306-4ba7-b535-358854b3d242,2025-08-05,ERP_CORPORATIVO,TRANSACOES_FINANCEIRAS,29442,2223b25afb947c3d71eba2e7a62d9241692fa658986e024a2d69d075549db102
TR-29696,2025-07-08,2025-07-01,COMP,ACC-00149,RECEITA,3997.5890161567318,3997.5890161567318,BRL,Diária de hotel para equipe COMP,19,TRANSFERENCIA,PAGO,d4641add-3306-4ba7-b535-358854b3d242,2025-08-05,ERP_CORPORATIVO,TRANSACOES_FINANCEIRAS,29696,ce704583b98c6c645ac46e184db0d6cc9679565e0c7fc9ed585e3a66e814e234
TR-29697,2025-07-14,2025-07-01,MKT,ACC-00149,RECEITA,4328.335548597853,4328.335548597853,BRL,Custo operacional associado a MKT,8,CARTAO,PAGO,d4641add-3306-4ba7-b535-358854b3d242,2025-08-05,ERP_CORPORATIVO,TRANSACOES_FINANCEIRAS,29697,064cbfa172515cf1bc5d709cf2312250e8d4cf53b1c9801afe808d7855955e2d
TR-29698,2025-07-17,2025-07-01,OP,ACC-00149,DESPESA,7817.160124754265,7817.160124754265,BRL,Despesa de infraestrutura - OP,3,TRANSFERENCIA,PAGO,d4641add-3306-4ba7-b535-358854b3d242,2025-08-05,ERP_CORPORATIVO,TRANSACOES_FINANCEIRAS,29698,934e192be8724878028e54e24b219cef6d35d6e187345db959609ba967c7c3b8
TR-29699,2025-07-07,2025-07-01,TI,ACC-00149,DESPESA,3231.416873236707,3180.2444519259225,BRL,Despesa operacional - TI,8,PIX,PAGO,d4641add-3306-4ba7-b535-358854b3d242,2025-08-05,ERP_CORPORATIVO,TRANSACOES_FINANCEIRAS,29699,31122eba4312f9233619777136ac3000a4737960266f4b097ce6442952ccf01d
TR-29700,2025-07-24,2025-07-01,MKT,ACC-00149,DESPESA,3905.161025396811,3790.271316861,BRL,Doação recebida em favor de MKT,36,PIX,ATRASADO,d4641add-3306-4ba7-b535-358854b3d242,2025-08-05,ERP_CORPORATIVO,TRANSACOES_FINANCEIRAS,29700,5282825efaf78171ca40a11ee000806787e814581d80547fb1764ce4d39e178f
TR-29701,2025-07-15,2025-07-01,OP,ACC-00149,RECEITA,4097.066019506572,4097.066019506572,BRL,Licenciamento de software - OP,5,BOLETO,PAGO,d4641add-3306-4ba7-b535-358854b3d242,2025-08-05,ERP_CORPORATIVO,TRANSACOES_FINANCEIRAS,29701,94820b48085df3206316734495e8020ed2fa3c84294b7a791738906fe3a9b9b8
TR-29702,2025-07-16,2025-07-01,ADM,ACC-00149,RECEITA,3709.2915956339248,3709.2915956339248,USD,Comissão recebida por ADM,33,TRANSFERENCIA,PAGO,d4641add-3306-4ba7-b535-358854b3d242,2025-08-05,ERP_CORPORATIVO,TRANSACOES_FINANCEIRAS,29702,9fec9f153ca7b7ba66586ddfa1d0a0eb100e37e9ef46d91fc29f3390121d1e3a
TR-29703,2025-07-18,2025-07-01,MKT,ACC-00149,RECEITA,3742.807511873236,3569.5334708811392,BRL,Devolução de venda processada por MKT,39,CARTAO,PAGO,d4641add-3306-4ba7-b535-358854b3d242,2025-08-05,ERP_CORPORATIVO,TRANSACOES_FINANCEIRAS,29703,117685329f12a6d8cefcccd6691877d20ae19429b9f83f9b72584cd5d6d91b77
TR-30040,2025-07-16,2025-07-01,COMP,FORN-00150,RECEITA,2915.26847073217,2915.26847073217,BRL,Custo operacional associado a COMP,8,PIX,ATRASADO,d4641add-3306-4ba7-b535-358854b3d242,2025-08-05,ERP_CORPORATIVO,TRANSACOES_FINANCEIRAS,30040,50951b122e3ffa3a15857d2f398166ccef693e219b25c41c8074bbf0453e7915
TR-30041,2025-07-02,2025-07-01,PRD,FORN-00150,RECEITA,2742.0181189202867,2662.876080316353,BRL,Hospedagem em viagem a serviço de PRD,19,TED,PAGO,d4641add-3306-4ba7-b535-358854b3d242,2025-08-05,ERP_CORPORATIVO,TRANSACOES_FINANCEIRAS,30041,cb59a11de37a98d175b6007604bd4a68a6f9f0ccac4cd1942121705eeb3d4b4f
TR-30042,2025-07-14,2025-07-01,ESG,FORN-00150,RECEITA,2428.364569098792,2428.364569098792,BRL,Combustível e lubrificantes para frota (ESG),16,BOLETO,ATRASADO,d4641add-3306-4ba7-b535-358854b3d242,2025-08-05,ERP_CORPORATIVO,TRANSACOES_FINANCEIRAS,30042,4ac0a09b4c5f0f0493bc96515dbb0889199c109a15d58262c9fffd49207daaa1
TR-30043,2025-07-10,2025-07-01,SEC,FORN-00150,DESPESA,2588.6737540902204,2484.445640724485,BRL,Resultado de equivalência patrimonial - SEC,34,TRANSFERENCIA,PAGO,d4641add-3306-4ba7-b535-358854b3d242,2025-08-05,ERP_CORPORATIVO,TRANSACOES_FINANCEIRAS,30043,16acb4e26009a59b70b840fec693f6861a5bf7603ff127ad27dba7639deae5fa
TR-30044,2025-07-25,2025-07-01,SEC,FORN-00150,DESPESA,4996.859461265073,4996.859461265073,BRL,Compra de insumos para setor SEC,2,PIX,PAGO,d4641add-3306-4ba7-b535-358854b3d242,2025-08-05,ERP_CORPORATIVO,TRANSACOES_FINANCEIRAS,30044,dfd39a2f1e42be18ca471d9b8d77b40637408b8f6f16aca01d82ecca16cb1b56
TR-30045,2025-07-03,2025-07-01,TI,FORN-00150,RECEITA,2951.070019773901,2951.070019773901,BRL,Despesa operacional - TI,8,PIX,PAGO,d4641add-3306-4ba7-b535-358854b3d242,2025-08-05,ERP_CORPORATIVO,TRANSACOES_FINANCEIRAS,30045,868351722e71c960175cfccc63a09c5efce9fb9c6374583093a5b32126c2a995
TR-30046,2025-07-18,2025-07-01,ATD,FORN-00150,DESPESA,2371.9136892948595,2281.8111124731713,BRL,Despesa operacional - ATD,8,TRANSFERENCIA,ATRASADO,d4641add-3306-4ba7-b535-358854b3d242,2025-08-05,ERP_CORPORATIVO,TRANSACOES_FINANCEIRAS,30046,8c22b433714249af945df17b668c9c09e960cc875397bf03d437ec57c2b69b11
TR-30047,2025-07-08,2025-07-01,COM,FORN-00150,DESPESA,2242.156585993475,2242.156585993475,BRL,Despesa de RH - COM,6,TED,CANCELADO,d4641add-3306-4ba7-b535-358854b3d242,2025-08-05,ERP_CORPORATIVO,TRANSACOES_FINANCEIRAS,30047,b6d800db5744d18336f8d8bba59efb9b87bf03f8575112b225199d0d9b96963a
TR-30048,2025-07-08,2025-07-01,PES,FORN-00150,DESPESA,3265.622966593201,3183.3903679733767,BRL,Publicidade institucional - PES,13,BOLETO,PAGO,d4641add-3306-4ba7-b535-358854b3d242,2025-08-05,ERP_CORPORATIVO,TRANSACOES_FINANCEIRAS,30048,400ba4ae239e10f7a73412e3873637d46370afe8185ebc759d98aa490604704f
TR-30049,2025-07-07,2025-07-01,COM,FORN-00150,RECEITA,2999.20380276897,2923.850083099245,BRL,Manutenção preventiva de veículos - COM,17,BOLETO,ATRASADO,d4641add-3306-4ba7-b535-358854b3d242,2025-08-05,ERP_CORPORATIVO,TRANSACOES_FINANCEIRAS,30049,8aa0e1dc168de760ac552e1be22ed9f6bde28c3711af85b692fba62f1cbe54a1
TR-30050,2025-07-23,2025-07-01,TI,FORN-00150,RECEITA,2588.1688866321037,2588.1688866321037,BRL,Campanha institucional - TI,4,CARTAO,PAGO,d4641add-3306-4ba7-b535-358854b3d242,2025-08-05,ERP_CORPORATIVO,TRANSACOES_FINANCEIRAS,30050,239ef79bfee880928bf58cb7a7bf17d315b6ff92a6b590049ef166170577745c
TR-30051,2025-07-28,2025-07-01,PJT,FORN-00150,DESPESA,2759.6156493205954,2715.4818461141494,BRL,Manutenção estrutural vinculada à área PJT,3,TRANSFERENCIA,PAGO,d4641add-3306-4ba7-b535-358854b3d242,2025-08-05,ERP_CORPORATIVO,TRANSACOES_FINANCEIRAS,30051,3abda49fa2d992ae992f5ad01caef38053a984480d4943132e1cd7bf59f19695
TR-30052,2025-07-17,2025-07-01,ADM,FORN-00150,DESPESA,2708.6112742516248,2708.6112742516248,USD,Prestação de serviço para área ADM,1,CARTAO,PAGO,d4641add-3306-4ba7-b535-358854b3d242,2025-08-05,ERP_CORPORATIVO,TRANSACOES_FINANCEIRAS,30052,279e11dbfb198186a4f26577b1ce176887e9cdf9b3be69c52317136e3cf4eca2
TR-30053,2025-07-28,2025-07-01,COMP,FORN-00150,RECEITA,8236.084242522533,8236.084242522533,BRL,Desconto concedido em operação de COMP,38,TRANSFERENCIA,PAGO,d4641add-3306-4ba7-b535-358854b3d242,2025-08-05,ERP_CORPORATIVO,TRANSACOES_FINANCEIRAS,30053,81971e8577e50e14482c8fe0bb4129721941d31d4ad442efb785064bc6e975b2
TR-30054,2025-07-25,2025-07-01,PRD,FORN-00150,RECEITA,2685.3678595815004,2565.34006364027,BRL,Aquisição de material operacional - PRD,2,BOLETO,PAGO,d4641add-3306-4ba7-b535-358854b3d242,2025-08-05,ERP_CORPORATIVO,TRANSACOES_FINANCEIRAS,30054,1fe0781bd9a42c8ad94679a899088cc8403d541cffd6715293221b045b9acc80
TR-30055,2025-07-28,2025-07-01,OP,FORN-00150,DESPESA,2518.588912714446,2518.588912714446,BRL,Licença de software para área OP,27,PIX,PAGO,d4641add-3306-4ba7-b535-358854b3d242,2025-08-05,ERP_CORPORATIVO,TRANSACOES_FINANCEIRAS,30055,1c809737a8b28eaaea46037318f3507f9d5dab2487ce8ff430e1280896203d01
TR-30056,2025-07-15,2025-07-01,FIN,FORN-00150,DESPESA,2966.8182358981244,2934.7068621364256,USD,Evento corporativo organizado por FIN,14,TED,PAGO,d4641add-3306-4ba7-b535-358854b3d242,2025-08-05,ERP_CORPORATIVO,TRANSACOES_FINANCEIRAS,30056,6cdca18d6e8977da2606f513c6f8bb689242ccbcd20e642309848bed3615f9fa
TR-30057,2025-07-07,2025-07-01,CTB,FORN-00150,DESPESA,3387.1824781457003,3226.3560171033855,EUR,Despesa operacional - CTB,8,PIX,PAGO,d4641add-3306-4ba7-b535-358854b3d242,2025-08-05,ERP_CORPORATIVO,TRANSACOES_FINANCEIRAS,30057,ee3e8058105baf25c6d176963d66f2c30fb38958ade126785ee26eec03dd33cf
TR-30058,2025-07-21,2025-07-01,FIN,FORN-00150,RECEITA,2978.850918629659,2936.1470050002654,BRL,Custo operacional associado a FIN,8,TED,PAGO,d4641add-3306-4ba7-b535-358854b3d242,2025-08-05,ERP_CORPORATIVO,TRANSACOES_FINANCEIRAS,30058,bb9d36dbe9ccbd753f2f3678824a52d067c7a5b2a3ec01b7a3800f914ec58918
TR-30059,2025-07-21,2025-07-01,TI,FORN-00150,DESPESA,2846.4319041021176,2732.7247920182335,BRL,Passagem aérea para colaborador de TI,18,BOLETO,PAGO,d4641add-3306-4ba7-b535-358854b3d242,2025-08-05,ERP_CORPORATIVO,TRANSACOES_FINANCEIRAS,30059,7f0837b01d04b198de17ded6e81ffbed3308986f4a977b78cf8de1e1b619fb7c
TR-30060,2025-07-09,2025-07-01,OP,FORN-00150,DESPESA,2765.2547976751102,2765.2547976751102,BRL,Honorários jurídicos - OP,7,TRANSFERENCIA,PAGO,d4641add-3306-4ba7-b535-358854b3d242,2025-08-05,ERP_CORPORATIVO,TRANSACOES_FINANCEIRAS,30060,ac018da297d1c9c9009497efa21fa4c6715484d2ba46e35a4e01fd2e4c5adc65
TR-30061,2025-07-21,2025-07-01,LOG,FORN-00150,DESPESA,2610.8722238480464,2610.8722238480464,BRL,Direitos de propriedade intelectual - LOG,32,TED,PAGO,d4641add-3306-4ba7-b535-358854b3d242,2025-08-05,ERP_CORPORATIVO,TRANSACOES_FINANCEIRAS,30061,ea7f1989c7c1b062315d6c80841b8919e6a60c46ddfce15e33293fdab33647ee
TR-30062,2025-07-21,2025-07-01,COM,FORN-00150,DESPESA,2712.315017807666,2712.315017807666,BRL,Serviço especializado solicitado por COM,1,BOLETO,PAGO,d4641add-3306-4ba7-b535-358854b3d242,2025-08-05,ERP_CORPORATIVO,TRANSACOES_FINANCEIRAS,30062,9cc6a87c0f4dd05cd5f58bd6e88ccf31a00e925c75b1c65229c318aecd8ffeb0
TR-30063,2025-07-23,2025-07-01,COMP,FORN-00150,RECEITA,2938.187656334189,2938.187656334189,BRL,Aquisição de material operacional - COMP,2,BOLETO,PAGO,d4641add-3306-4ba7-b535-358854b3d242,2025-08-05,ERP_CORPORATIVO,TRANSACOES_FINANCEIRAS,30063,001e6da4678143a016e705f0721d998aeb2a1be52787f98256d4af40d8f1d050
TR-30064,2025-07-21,2025-07-01,FIN,FORN-00150,RECEITA,3181.274961211702,3181.274961211702,BRL,Abatimento comercial registrado em FIN,38,TRANSFERENCIA,ATRASADO,d4641add-3306-4ba7-b535-358854b3d242,2025-08-05,ERP_CORPORATIVO,TRANSACOES_FINANCEIRAS,30064,946b69e0d549ae46b5846a4c2a35175e855066d4c5992576faf4c7f971d03353
TR-30065,2025-07-08,2025-07-01,ESG,FORN-00150,RECEITA,3195.5147262953415,3066.545498890128,BRL,Despesa operacional - ESG,8,TED,PAGO,d4641add-3306-4ba7-b535-358854b3d242,2025-08-05,ERP_CORPORATIVO,TRANSACOES_FINANCEIRAS,30065,c1b70bfab750a1b1eb07c02d5eae2885fc90449e37365616ca74277a1a0084ce
TR-30066,2025-07-08,2025-07-01,COMP,FORN-00150,RECEITA,2873.687241467009,2873.687241467009,BRL,Licença de software para área COMP,27,TRANSFERENCIA,PAGO,d4641add-3306-4ba7-b535-358854b3d242,2025-08-05,ERP_CORPORATIVO,TRANSACOES_FINANCEIRAS,30066,6cb3adb7f44e0aed1cd745a8d834b009c369466c321672764892ec1b8df94ae6
TR-30067,2025-07-14,2025-07-01,ESG,FORN-00150,DESPESA,2878.4112293091853,2878.4112293091853,BRL,Serviço de telefonia e internet - ESG,9,BOLETO,ATRASADO,d4641add-3306-4ba7-b535-358854b3d242,2025-08-05,ERP_CORPORATIVO,TRANSACOES_FINANCEIRAS,30067,cb1ef305e78a0eb5712f5bca7c385ed603bbaa74ff52b2ed13f52e0cec321aef
TR-30194,2025-07-24,2025-07-01,VND,FORN-00151,DESPESA,3655.083251024191,3655.083251024191,BRL,Taxas bancárias incidentes em VND,22,PIX,PAGO,d4641add-3306-4ba7-b535-358854b3d242,2025-08-05,ERP_CORPORATIVO,TRANSACOES_FINANCEIRAS,30194,fbd005e444ab50558e8da29ce8c8489ee49d5e7d4f139c2274862b0459c19982
TR-30195,2025-07-17,2025-07-01,ADM,FORN-00151,DESPESA,13679.327599994975,13541.10032385663,BRL,Doação recebida em favor de ADM,36,TRANSFERENCIA,PAGO,d4641add-3306-4ba7-b535-358854b3d242,2025-08-05,ERP_CORPORATIVO,TRANSACOES_FINANCEIRAS,30195,f1f67fb4a6770eb6d8396084096afe2ce2090fec2fb16af0632a054bdd7e2ee9
TR-30196,2025-07-21,2025-07-01,TI,FORN-00151,DESPESA,4322.348892484361,4322.348892484361,BRL,Campanha institucional - TI,4,PIX,PAGO,d4641add-3306-4ba7-b535-358854b3d242,2025-08-05,ERP_CORPORATIVO,TRANSACOES_FINANCEIRAS,30196,795d76cc429b00b19648ee00f2afdad4b0f8dc63ac41ed6dea83d749234ba94d
TR-30197,2025-07-17,2025-07-01,LOG,FORN-00151,DESPESA,3756.895574503558,3623.542918567432,BRL,Manutenção predial solicitada por LOG,10,TED,PAGO,d4641add-3306-4ba7-b535-358854b3d242,2025-08-05,ERP_CORPORATIVO,TRANSACOES_FINANCEIRAS,30197,e0ff39fd2f6783285e7f092a8eb90e9f0642f3606a7a7c7176dfa1ae00ab6bbd
TR-30198,2025-07-22,2025-07-01,LOG,FORN-00151,RECEITA,4373.652358978676,4373.652358978676,USD,Royalties recebidos por LOG,32,BOLETO,PAGO,d4641add-3306-4ba7-b535-358854b3d242,2025-08-05,ERP_CORPORATIVO,TRANSACOES_FINANCEIRAS,30198,5d444420dc790f0ab13f01eb7674552842bb13e0861ee586ae7e31b01fdc0877
TR-30199,2025-07-28,2025-07-01,COM,FORN-00151,DESPESA,4103.723074996629,4037.4477047927257,BRL,Passagem aérea para colaborador de COM,18,BOLETO,PAGO,d4641add-3306-4ba7-b535-358854b3d242,2025-08-05,ERP_CORPORATIVO,TRANSACOES_FINANCEIRAS,30199,12684dbedb09a90fbfdeac7ebe02594636bfe38327e19e379f3c2c6c0abf4aa2
TR-30200,2025-07-16,2025-07-01,COM,FORN-00151,RECEITA,3939.0999226493554,3939.0999226493554,BRL,Campanha institucional - COM,4,BOLETO,CANCELADO,d4641add-3306-4ba7-b535-358854b3d242,2025-08-05,ERP_CORPORATIVO,TRANSACOES_FINANCEIRAS,30200,6e3167645718eacf70f2ab52fe147f1ad2765f87677504896e653519f76b80df
TR-30201,2025-07-22,2025-07-01,OP,FORN-00151,DESPESA,4106.1018122965315,4106.1018122965315,BRL,Compra de insumos para setor OP,2,PIX,PAGO,d4641add-3306-4ba7-b535-358854b3d242,2025-08-05,ERP_CORPORATIVO,TRANSACOES_FINANCEIRAS,30201,0d27fd75af5fd75103fa8f12f15f2d06f1e97f5c01a6ac02ad2cf7bd4925b752
TR-30549,2025-07-08,2025-07-01,PJT,FORN-00153,RECEITA,5040.904327713707,5040.904327713707,BRL,Receita de comissão comercial - PJT,33,PIX,PAGO,d4641add-3306-4ba7-b535-358854b3d242,2025-08-05,ERP_CORPORATIVO,TRANSACOES_FINANCEIRAS,30549,2347f139939f5da0c24c14762f70c1ee0d68287d5cba8d9d5b125dd66f52cca7
TR-30550,2025-07-17,2025-07-01,ATD,FORN-00153,DESPESA,5453.318398676092,5453.318398676092,BRL,Investimento em marketing corporativo (ATD),4,PIX,PAGO,d4641add-3306-4ba7-b535-358854b3d242,2025-08-05,ERP_CORPORATIVO,TRANSACOES_FINANCEIRAS,30550,3ba2f580a365b87470f79446480d970702ffe2d8180ebb5b2cd9aefb4b584267
TR-30551,2025-07-09,2025-07-01,OP,FORN-00153,DESPESA,5523.029247350393,5278.454870523785,BRL,Abatimento comercial registrado em OP,38,PIX,PAGO,d4641add-3306-4ba7-b535-358854b3d242,2025-08-05,ERP_CORPORATIVO,TRANSACOES_FINANCEIRAS,30551,7204ae19d37fc8ff5f2fc55f13b2f64f6634a080ad0346b677b110e98c868b4f
TR-30552,2025-07-24,2025-07-01,COM,FORN-00153,RECEITA,4511.38290620512,4511.38290620512,EUR,Licença de software para área COM,27,CARTAO,PAGO,d4641add-3306-4ba7-b535-358854b3d242,2025-08-05,ERP_CORPORATIVO,TRANSACOES_FINANCEIRAS,30552,83253316fe2feb4b42c748c4265e81278d04e91c2fe963f3a43e9b155cae2c59
TR-30553,2025-07-17,2025-07-01,COMP,FORN-00153,RECEITA,5783.846221727594,5783.846221727594,BRL,Receita de aluguel creditada em COMP,31,PIX,PAGO,d4641add-3306-4ba7-b535-358854b3d242,2025-08-05,ERP_CORPORATIVO,TRANSACOES_FINANCEIRAS,30553,77b8dd1e0128c40e55170bd35132178ecd9590ac3943b9f79da4a889e7e6d00e
TR-30554,2025-07-03,2025-07-01,COM,FORN-00153,RECEITA,5409.801646239709,5201.972149176248,BRL,Receita de aluguel creditada em COM,31,CARTAO,PAGO,d4641add-3306-4ba7-b535-358854b3d242,2025-08-05,ERP_CORPORATIVO,TRANSACOES_FINANCEIRAS,30554,1c158091e7b757b8a8e1fd79834cabd26d3087cb01d5453ccc29dd24bd389f1f
TR-30555,2025-07-14,2025-07-01,VND,FORN-00153,DESPESA,4545.860461813415,4359.939616834748,BRL,Aquisição de material operacional - VND,2,PIX,PAGO,d4641add-3306-4ba7-b535-358854b3d242,2025-08-05,ERP_CORPORATIVO,TRANSACOES_FINANCEIRAS,30555,9cfbe3ea40255392e8b56bdc2b86d32fbc32f4bf46bed3cd85bae2933b724fdb
TR-30556,2025-07-21,2025-07-01,FIN,FORN-00153,RECEITA,4649.938117487014,4649.938117487014,BRL,Investimento em marketing corporativo (FIN),4,TED,PAGO,d4641add-3306-4ba7-b535-358854b3d242,2025-08-05,ERP_CORPORATIVO,TRANSACOES_FINANCEIRAS,30556,419251c1cf91a6e33bb8d73f7ae9008df4190a43f4e2b1a863ace127346ce4d9
TR-30557,2025-07-16,2025-07-01,CPT,FORN-00153,DESPESA,4381.929422552285,4381.929422552285,BRL,Aquisição de material operacional - CPT,2,PIX,PAGO,d4641add-3306-4ba7-b535-358854b3d242,2025-08-05,ERP_CORPORATIVO,TRANSACOES_FINANCEIRAS,30557,2e4a4eb55cec8f9c8a56d41b70dcfe808add102afa0d24274fc101a73d3d7d81
TR-30558,2025-07-16,2025-07-01,MKT,FORN-00153,DESPESA,5283.331091582108,5283.331091582108,BRL,Investimento em marketing corporativo (MKT),4,BOLETO,PAGO,d4641add-3306-4ba7-b535-358854b3d242,2025-08-05,ERP_CORPORATIVO,TRANSACOES_FINANCEIRAS,30558,0c394bd55d9d20b02a1377613d0f01bd6be60bdf660d936f7f128da46e5c26db
TR-30559,2025-07-21,2025-07-01,MKT,FORN-00153,DESPESA,4874.856875181061,4874.856875181061,BRL,Viagem corporativa - MKT,18,BOLETO,ATRASADO,d4641add-3306-4ba7-b535-358854b3d242,2025-08-05,ERP_CORPORATIVO,TRANSACOES_FINANCEIRAS,30559,b4ddb4301e296752b302f65a66a19f22e16841bcb6fcd61b72087e6ca88eefec
TR-30560,2025-07-16,2025-07-01,PJT,FORN-00153,DESPESA,3867.0332256368497,3867.0332256368497,BRL,Aquisição de material operacional - PJT,2,PIX,CANCELADO,d4641add-3306-4ba7-b535-358854b3d242,2025-08-05,ERP_CORPORATIVO,TRANSACOES_FINANCEIRAS,30560,4e886dd617b8fff525ab8b58af732a2d5b4c9b2f571d85530ca69f0b59a0e6c4
TR-30561,2025-07-17,2025-07-01,ATD,FORN-00153,RECEITA,4694.281783353195,4605.0608344004095,BRL,Renovação de certificados digitais - ATD,26,PIX,ATRASADO,d4641add-3306-4ba7-b535-358854b3d242,2025-08-05,ERP_CORPORATIVO,TRANSACOES_FINANCEIRAS,30561,36cd3ee129710e70e2b6ceb8c5addb406a4047ce8ac06022d2d91cdd0af838cd
TR-30562,2025-07-07,2025-07-01,SEC,FORN-00153,DESPESA,4776.387509221788,4776.387509221788,BRL,Honorários jurídicos - SEC,7,TED,PAGO,d4641add-3306-4ba7-b535-358854b3d242,2025-08-05,ERP_CORPORATIVO,TRANSACOES_FINANCEIRAS,30562,e6f3e4d2da4f976b3b0a91086c15b7909db885912d9cde7ff3b5e25839ab79cd
TR-30703,2025-07-23,2025-07-01,QAS,ACC-00154,RECEITA,11578.448769865987,11578.448769865987,BRL,Abastecimento de veículos - QAS,16,PIX,PAGO,d4641add-3306-4ba7-b535-358854b3d242,2025-08-05,ERP_CORPORATIVO,TRANSACOES_FINANCEIRAS,30703,2e01ef945dfa4421b92e858b988ad7c04d73ef51dedf2174c88fbcacbdbad265
TR-30704,2025-07-17,2025-07-01,PJT,ACC-00154,RECEITA,14562.99140964289,14562.99140964289,BRL,Serviço relacionado a recursos humanos (PJT),6,BOLETO,PAGO,d4641add-3306-4ba7-b535-358854b3d242,2025-08-05,ERP_CORPORATIVO,TRANSACOES_FINANCEIRAS,30704,5567f9a01ca7f83013195a4897b1ce34a8d6cc847e0d4668bb95bcc8620612f4
TR-30705,2025-07-18,2025-07-01,QAS,ACC-00154,RECEITA,13588.135718018435,13588.135718018435,BRL,Serviço especializado solicitado por QAS,1,BOLETO,PAGO,d4641add-3306-4ba7-b535-358854b3d242,2025-08-05,ERP_CORPORATIVO,TRANSACOES_FINANCEIRAS,30705,39aa7982436c6e6f2a9c2bd1c2bab7d349250297cd7141244aa0e06307db3fa8
TR-30706,2025-07-03,2025-07-01,LOG,ACC-00154,RECEITA,12890.813194829314,12890.813194829314,BRL,Licenciamento de software - LOG,5,BOLETO,PAGO,d4641add-3306-4ba7-b535-358854b3d242,2025-08-05,ERP_CORPORATIVO,TRANSACOES_FINANCEIRAS,30706,46aaa1019be69cf1f208b8e691e189a64d43452d3d6f8f0c8e4db86667e758dd
TR-30707,2025-07-21,2025-07-01,COM,ACC-00154,DESPESA,11181.12075563919,11181.12075563919,BRL,Serviço de telefonia e internet - COM,9,TRANSFERENCIA,PAGO,d4641add-3306-4ba7-b535-358854b3d242,2025-08-05,ERP_CORPORATIVO,TRANSACOES_FINANCEIRAS,30707,a19ea734bcf95e8b8545ab7aa3bc500ced408c45403bc9f7c3bbf7e5c369957c
TR-30708,2025-07-11,2025-07-01,JUR,ACC-00154,DESPESA,14190.0810085509,14190.0810085509,BRL,Participação nos resultados vinculada a JUR,34,BOLETO,PAGO,d4641add-3306-4ba7-b535-358854b3d242,2025-08-05,ERP_CORPORATIVO,TRANSACOES_FINANCEIRAS,30708,c99ed7a837f3800962720a53398b71f11e75bf6f96ecf38ce695ee4d5ce17bc7
TR-30967,2025-07-24,2025-07-01,CPT,1000155,DESPESA,1855.9674892067806,1797.3610849865495,BRL,Venda de ativo imobilizado por CPT,35,PIX,PAGO,d4641add-3306-4ba7-b535-358854b3d242,2025-08-05,ERP_CORPORATIVO,TRANSACOES_FINANCEIRAS,30967,b1468c089954773bd3647a19198340a68655e240dd60383d24011238efc79391
TR-30968,2025-07-17,2025-07-01,COMP,1000155,RECEITA,2063.502635233905,1972.751175579512,USD,Serviço especializado solicitado por COMP,1,TED,PAGO,d4641add-3306-4ba7-b535-358854b3d242,2025-08-05,ERP_CORPORATIVO,TRANSACOES_FINANCEIRAS,30968,121d305249b13491248c474aabfff30e7c93478f5c1a07688a814628d3a959a0
TR-30969,2025-07-24,2025-07-01,FIN,1000155,DESPESA,1768.6532442278194,1723.980211062509,BRL,Treinamento corporativo para equipe FIN,30,CARTAO,ATRASADO,d4641add-3306-4ba7-b535-358854b3d242,2025-08-05,ERP_CORPORATIVO,TRANSACOES_FINANCEIRAS,30969,e7aee56c2c82fa696ce5084845bc1f4d1536717ca45134640a1af78866ddc0cb
TR-30970,2025-07-14,2025-07-01,FIN,1000155,RECEITA,1730.2865537123312,1645.114739865556,BRL,Reparo e conservação de instalações - FIN,10,PIX,PAGO,d4641add-3306-4ba7-b535-358854b3d242,2025-08-05,ERP_CORPORATIVO,TRANSACOES_FINANCEIRAS,30970,f297911a5ee414fdf7da855cdc5c7a0b65620560d8490bf3b3e43a8d46f4d52d
TR-30971,2025-07-07,2025-07-01,COM,1000155,RECEITA,2112.720230451563,2023.8928766472113,BRL,Serviços contábeis externos - COM,25,PIX,ATRASADO,d4641add-3306-4ba7-b535-358854b3d242,2025-08-05,ERP_CORPORATIVO,TRANSACOES_FINANCEIRAS,30971,5479dfe74a9c13dcb7a4643b2b9b38c84f6afaf597f242943d82e277dd4e22e7
TR-30972,2025-07-11,2025-07-01,PJT,1000155,RECEITA,1623.0063613618763,1593.6456912269696,BRL,Compra de insumos para setor PJT,2,CARTAO,CANCELADO,d4641add-3306-4ba7-b535-358854b3d242,2025-08-05,ERP_CORPORATIVO,TRANSACOES_FINANCEIRAS,30972,1c2bc2afe19fc898286610cb81246527b4abdbf5823bee40ea92d5d570c147db
TR-30973,2025-07-21,2025-07-01,FIN,1000155,DESPESA,1715.8179652784493,1715.8179652784493,BRL,Serviço de tecnologia contratado por FIN,5,TED,PAGO,d4641add-3306-4ba7-b535-358854b3d242,2025-08-05,ERP_CORPORATIVO,TRANSACOES_FINANCEIRAS,30973,9ca4dbb39f83ec85fc302c7f48d949ba706d3c563b1b9e8117ecccebd63070e8
TR-30974,2025-07-15,2025-07-01,CTB,1000155,RECEITA,1850.9508035930676,1850.9508035930676,BRL,Compra de insumos para setor CTB,2,BOLETO,PAGO,d4641add-3306-4ba7-b535-358854b3d242,2025-08-05,ERP_CORPORATIVO,TRANSACOES_FINANCEIRAS,30974,482231455777f3a2e259f0e19ad00805e4e9ac2bd39f307d5718a94f19fc3683
TR-30975,2025-07-21,2025-07-01,COM,1000155,DESPESA,1613.8927249100614,1613.8927249100614,BRL,Reparo de hardware solicitado por COM,28,BOLETO,PAGO,d4641add-3306-4ba7-b535-358854b3d242,2025-08-05,ERP_CORPORATIVO,TRANSACOES_FINANCEIRAS,30975,46840d08073f95f3934b6d0e1e1dc095441a164becbde978fe7bee6bb659add8
TR-30976,2025-07-17,2025-07-01,ESG,1000155,RECEITA,1845.7409427215114,1845.7409427215114,BRL,Prestação de serviço para área ESG,1,TRANSFERENCIA,PAGO,d4641add-3306-4ba7-b535-358854b3d242,2025-08-05,ERP_CORPORATIVO,TRANSACOES_FINANCEIRAS,30976,3a7e3e65e810d1d4889f763c4cadcfe5db34d438050fedc213e00b2354350139
TR-30977,2025-07-22,2025-07-01,COM,1000155,RECEITA,1765.8996729697544,1765.8996729697544,BRL,Serviço especializado solicitado por COM,1,CARTAO,ATRASADO,d4641add-3306-4ba7-b535-358854b3d242,2025-08-05,ERP_CORPORATIVO,TRANSACOES_FINANCEIRAS,30977,046523042b5ca8f942ef97febf24ca8e39391c087255d18fdc255b82b5d39aa0
TR-30978,2025-07-09,2025-07-01,JUR,1000155,RECEITA,1977.3095132884155,1977.3095132884155,BRL,Encargos de empréstimo vinculados a JUR,23,PIX,PAGO,d4641add-3306-4ba7-b535-358854b3d242,2025-08-05,ERP_CORPORATIVO,TRANSACOES_FINANCEIRAS,30978,197c06736ba88c67b21650738b06561adcb1938951b72168b14d49dd863b2867
TR-30979,2025-07-14,2025-07-01,TI,1000155,RECEITA,1692.8726066934776,1692.8726066934776,BRL,Contrato de serviço - setor TI,1,TRANSFERENCIA,PAGO,d4641add-3306-4ba7-b535-358854b3d242,2025-08-05,ERP_CORPORATIVO,TRANSACOES_FINANCEIRAS,30979,86ddd89ddfa567a80e4ddf9868693f75479805221d1345877b8acac5e2cf90a3
TR-30980,2025-07-21,2025-07-01,CTB,1000155,DESPESA,1655.915173492243,1630.4664649801912,BRL,Compra de insumos para setor CTB,2,TED,PAGO,d4641add-3306-4ba7-b535-358854b3d242,2025-08-05,ERP_CORPORATIVO,TRANSACOES_FINANCEIRAS,30980,6ce56280353bc461a5d9f20be756583fd0d3939941918c38d9d4af597e108bbb
TR-30981,2025-07-14,2025-07-01,ADM,1000155,RECEITA,2138.5243077860628,2036.8532261085052,BRL,Resultado de equivalência patrimonial - ADM,34,TRANSFERENCIA,CANCELADO,d4641add-3306-4ba7-b535-358854b3d242,2025-08-05,ERP_CORPORATIVO,TRANSACOES_FINANCEIRAS,30981,c318f4399cf4963f3181d32b907a075b82cc26d11dbcd6997271a3d402649f76
TR-30982,2025-07-14,2025-07-01,PES,1000155,DESPESA,1922.0061645521732,1876.8995646245016,BRL,Aquisição de material operacional - PES,2,TRANSFERENCIA,PAGO,d4641add-3306-4ba7-b535-358854b3d242,2025-08-05,ERP_CORPORATIVO,TRANSACOES_FINANCEIRAS,30982,74efd48777b0242cf1040db5da60374c3ec2ca7965e2d289b60cab88a5da5b2f
TR-30983,2025-07-17,2025-07-01,COMP,1000155,DESPESA,1967.6740333209802,1967.6740333209802,BRL,Despesa de infraestrutura - COMP,3,BOLETO,PAGO,d4641add-3306-4ba7-b535-358854b3d242,2025-08-05,ERP_CORPORATIVO,TRANSACOES_FINANCEIRAS,30983,c3ad3b055bd155ebb393d29ccb3ab682a5c920622b48303c9549ffab6c4720d2
TR-30984,2025-07-16,2025-07-01,RH,1000155,RECEITA,1918.944642124203,1918.944642124203,BRL,Consultoria estratégica para área RH,12,PIX,ATRASADO,d4641add-3306-4ba7-b535-358854b3d242,2025-08-05,ERP_CORPORATIVO,TRANSACOES_FINANCEIRAS,30984,efed31020f0ae9651b5ad8fdc2efba03b632a7bd07e1c1cf548f332fbebe8129
TR-31388,2025-07-16,2025-07-01,FIN,FORN-00158,RECEITA,5191.087930936693,5191.087930936693,BRL,Despesa de refeição em deslocamento (FIN),20,BOLETO,ATRASADO,d4641add-3306-4ba7-b535-358854b3d242,2025-08-05,ERP_CORPORATIVO,TRANSACOES_FINANCEIRAS,31388,beac0162b2ab5699fc50b5c7dfe3dd8f56f479ef42a4aa472923ee7be48c6955
TR-31389,2025-07-23,2025-07-01,RH,FORN-00158,RECEITA,5908.869255102184,5908.869255102184,BRL,Assessoria legal vinculada à área RH,7,CARTAO,PAGO,d4641add-3306-4ba7-b535-358854b3d242,2025-08-05,ERP_CORPORATIVO,TRANSACOES_FINANCEIRAS,31389,549c470939099a1a681549938f73faf44bc3e80eee5ebaeacad6e9518e547881
TR-31693,2025-07-09,2025-07-01,COMP,1000159,DESPESA,2303.846977855763,2303.846977855763,BRL,Aquisição de material operacional - COMP,2,BOLETO,PAGO,d4641add-3306-4ba7-b535-358854b3d242,2025-08-05,ERP_CORPORATIVO,TRANSACOES_FINANCEIRAS,31693,f6d142bbd5f173a2a8a29bb07632fca1e1e2ea5cb52527c5ee98d6d86cae6034
TR-31694,2025-07-10,2025-07-01,FIN,1000159,DESPESA,2368.1630937616706,2284.0563058945004,BRL,Viagem corporativa - FIN,18,BOLETO,PAGO,d4641add-3306-4ba7-b535-358854b3d242,2025-08-05,ERP_CORPORATIVO,TRANSACOES_FINANCEIRAS,31694,08266d8cec22407c6cdef26db0f119a403ae8f08ffa049d46d5117605eb592cf
TR-31695,2025-07-09,2025-07-01,COM,1000159,RECEITA,2210.4124905759963,2210.4124905759963,BRL,Campanha institucional - COM,4,BOLETO,PAGO,d4641add-3306-4ba7-b535-358854b3d242,2025-08-05,ERP_CORPORATIVO,TRANSACOES_FINANCEIRAS,31695,db2157a970db14df8607dcd6bde1352e0491f172ff8ffc0964ad50c1410aa5a4
TR-31697,2025-07-21,2025-07-01,PJT,1000159,DESPESA,2082.5736192204367,2082.5736192204367,USD,Serviço de tecnologia contratado por PJT,5,BOLETO,PAGO,d4641add-3306-4ba7-b535-358854b3d242,2025-08-05,ERP_CORPORATIVO,TRANSACOES_FINANCEIRAS,31697,38bb72d865e05eadfe8ecdcdc756777e984f942d856262099bf0a254f0d842e0
TR-31698,2025-07-16,2025-07-01,RH,1000159,RECEITA,2038.6711120160335,2038.6711120160335,BRL,Compra de insumos para setor RH,2,CARTAO,PAGO,d4641add-3306-4ba7-b535-358854b3d242,2025-08-05,ERP_CORPORATIVO,TRANSACOES_FINANCEIRAS,31698,6dc4175d2391dfc00535e243938399517f75c8aaa403d338eb2977a8784d0277
TR-31699,2025-07-16,2025-07-01,PJT,1000159,DESPESA,2357.2448877603038,2357.2448877603038,BRL,Despesa operacional - PJT,8,BOLETO,PAGO,d4641add-3306-4ba7-b535-358854b3d242,2025-08-05,ERP_CORPORATIVO,TRANSACOES_FINANCEIRAS,31699,c69981d3f7fa0bbdff5d660dcb2725a6afc5c73218f53309dd81f5fb7756933f
TR-31700,2025-07-07,2025-07-01,JUR,1000159,RECEITA,2111.715015942606,2111.715015942606,BRL,Compra de insumos para setor JUR,2,TED,PAGO,d4641add-3306-4ba7-b535-358854b3d242,2025-08-05,ERP_CORPORATIVO,TRANSACOES_FINANCEIRAS,31700,5ffa2cd27dfb875abb57c57af4f5cd800ea88329d961b272d26e4d123fa71abb
TR-31701,2025-07-16,2025-07-01,PJT,1000159,RECEITA,2160.5836333412476,2160.5836333412476,BRL,Manutenção estrutural vinculada à área PJT,3,TRANSFERENCIA,PAGO,d4641add-3306-4ba7-b535-358854b3d242,2025-08-05,ERP_CORPORATIVO,TRANSACOES_FINANCEIRAS,31701,746fdf31f0f35b8a357bcefc829f9de01fb70e7a80d4ca6ed3310f4c7f49b7c4
TR-31702,2025-07-15,2025-07-01,JUR,1000159,DESPESA,2470.541780341276,2470.541780341276,BRL,Treinamento corporativo para equipe JUR,30,PIX,PAGO,d4641add-3306-4ba7-b535-358854b3d242,2025-08-05,ERP_CORPORATIVO,TRANSACOES_FINANCEIRAS,31702,dd5dcfb85dd652a314640db7d5a1edcd416c5f0a42bc02b02ed7b997eae1c19c
TR-31703,2025-07-21,2025-07-01,VND,1000159,RECEITA,2100.99300421229,2100.99300421229,BRL,Capacitação profissional vinculada a VND,30,TRANSFERENCIA,CANCELADO,d4641add-3306-4ba7-b535-358854b3d242,2025-08-05,ERP_CORPORATIVO,TRANSACOES_FINANCEIRAS,31703,ddbdbb6fa972c137a8ed4700166ab23a824ccf42f5bd24bc33ed9c51a71dce77
TR-31704,2025-07-15,2025-07-01,OP,1000159,RECEITA,2318.10599763101,2233.500992873339,BRL,Serviço especializado solicitado por OP,1,BOLETO,PAGO,d4641add-3306-4ba7-b535-358854b3d242,2025-08-05,ERP_CORPORATIVO,TRANSACOES_FINANCEIRAS,31704,16461b9f60d1ed46d5955931605059927c82b64a5349d082fd12beb4be6866fe
TR-31705,2025-07-22,2025-07-01,LOG,1000159,RECEITA,2135.463602993808,2078.9398012262827,BRL,Prestação de serviço para área LOG,1,BOLETO,ATRASADO,d4641add-3306-4ba7-b535-358854b3d242,2025-08-05,ERP_CORPORATIVO,TRANSACOES_FINANCEIRAS,31705,9d8847f625811d54c246574e8795c995120a6482afd53c8850771a73e4bdfe63
TR-31706,2025-07-14,2025-07-01,COM,1000159,RECEITA,2167.0333349039756,2167.0333349039756,BRL,Licenciamento de software - COM,5,PIX,PAGO,d4641add-3306-4ba7-b535-358854b3d242,2025-08-05,ERP_CORPORATIVO,TRANSACOES_FINANCEIRAS,31706,72a95bfee3f1db2d352e6588747df33d387eefa8a796ad21f41aed5d7b7936d9
TR-31707,2025-07-21,2025-07-01,PES,1000159,DESPESA,2022.0429475609924,1941.341854251863,EUR,Custo operacional associado a PES,8,TED,PAGO,d4641add-3306-4ba7-b535-358854b3d242,2025-08-05,ERP_CORPORATIVO,TRANSACOES_FINANCEIRAS,31707,9171d48c2b630cbb2edc8e6f10af04d966ef93965cd7960b0b8df6d0632bb138
TR-31708,2025-07-09,2025-07-01,OP,1000159,DESPESA,2156.1746774301087,2058.097767907443,BRL,Prestação de serviço para área OP,1,BOLETO,PAGO,d4641add-3306-4ba7-b535-358854b3d242,2025-08-05,ERP_CORPORATIVO,TRANSACOES_FINANCEIRAS,31708,3d6772e49cd81c1be2b9540df273edccb159291cbc3add7eb11731e91f245851
TR-31709,2025-07-07,2025-07-01,RH,1000159,RECEITA,2389.8598259952373,2389.8598259952373,BRL,Honorários jurídicos - RH,7,TRANSFERENCIA,CANCELADO,d4641add-3306-4ba7-b535-358854b3d242,2025-08-05,ERP_CORPORATIVO,TRANSACOES_FINANCEIRAS,31709,43bfa5f33b2fa750472b2155e56b120ad69f81e698d3b7df4bee796e1f8e041a
TR-32002,2025-07-25,2025-07-01,LOG,ACC-00161,DESPESA,1644.3918567099363,1644.3918567099363,BRL,Tarifas de serviços financeiros - LOG,22,TRANSFERENCIA,PAGO,d4641add-3306-4ba7-b535-358854b3d242,2025-08-05,ERP_CORPORATIVO,TRANSACOES_FINANCEIRAS,32002,021d1d4b5cb13b6dd0288a1f9b649477184439d1442a8d83e63a191f30e16fc0
TR-32003,2025-07-24,2025-07-01,CTB,ACC-00161,RECEITA,1063.0028837555644,1041.3380730415718,BRL,Despesa operacional - CTB,8,PIX,PAGO,d4641add-3306-4ba7-b535-358854b3d242,2025-08-05,ERP_CORPORATIVO,TRANSACOES_FINANCEIRAS,32003,120f2670717b9f18af68bfdab78f609ce5b6c89e0ba19643be3573ab3f5b7edf
TR-32004,2025-07-15,2025-07-01,COMP,ACC-00161,DESPESA,4784.512592635677,4741.169549623079,BRL,Serviço de tecnologia contratado por COMP,5,PIX,PAGO,d4641add-3306-4ba7-b535-358854b3d242,2025-08-05,ERP_CORPORATIVO,TRANSACOES_FINANCEIRAS,32004,648836b1463730770014ab5d7f25d5ae9e6df42b43920f8959a17eb036352186
TR-32005,2025-07-11,2025-07-01,COMP,ACC-00161,DESPESA,1377.749458263634,1377.749458263634,BRL,Direitos de propriedade intelectual - COMP,32,TRANSFERENCIA,ATRASADO,d4641add-3306-4ba7-b535-358854b3d242,2025-08-05,ERP_CORPORATIVO,TRANSACOES_FINANCEIRAS,32005,5ffac277132131a15d1bf7407ab6118a730e7ac363f854d3342775f9594a4bd9
TR-32006,2025-07-21,2025-07-01,PJT,ACC-00161,RECEITA,1152.917309129123,1152.917309129123,BRL,Despesa operacional - PJT,8,TRANSFERENCIA,PAGO,d4641add-3306-4ba7-b535-358854b3d242,2025-08-05,ERP_CORPORATIVO,TRANSACOES_FINANCEIRAS,32006,3e846974cfdf251b30a2dfa60eb135dcc6396f25ecb869af34608c213c534e0c
TR-32007,2025-07-18,2025-07-01,JUR,ACC-00161,DESPESA,1313.9766422615567,1313.9766422615567,BRL,Compra de insumos para setor JUR,2,TRANSFERENCIA,PAGO,d4641add-3306-4ba7-b535-358854b3d242,2025-08-05,ERP_CORPORATIVO,TRANSACOES_FINANCEIRAS,32007,c355e19e41f695582177f74269245abc8872f0ae2dc89795dac8d2d3d7a49527
TR-32008,2025-07-22,2025-07-01,FIN,ACC-00161,DESPESA,1898.1543601579426,1898.1543601579426,BRL,Diária de hotel para equipe FIN,19,TRANSFERENCIA,PAGO,d4641add-3306-4ba7-b535-358854b3d242,2025-08-05,ERP_CORPORATIVO,TRANSACOES_FINANCEIRAS,32008,98fdbb77f06b56858f19bb2b93c887632dd7e733f5fb77e9c4959e5a183acbe6
TR-32009,2025-07-23,2025-07-01,MKT,ACC-00161,DESPESA,1391.7966898053496,1367.8836380051828,BRL,Contrato de serviço - setor MKT,1,PIX,PAGO,d4641add-3306-4ba7-b535-358854b3d242,2025-08-05,ERP_CORPORATIVO,TRANSACOES_FINANCEIRAS,32009,0ff973256ac2fa2c185be1e5fdfb1cd21f93915c8703f63780ae709a420051c9
TR-32010,2025-07-16,2025-07-01,COM,ACC-00161,RECEITA,1265.7629004134494,1218.2587818765733,BRL,Despesa operacional - COM,8,CARTAO,ATRASADO,d4641add-3306-4ba7-b535-358854b3d242,2025-08-05,ERP_CORPORATIVO,TRANSACOES_FINANCEIRAS,32010,a9bbce9b7544a1699907af007552bc45e0ae1de1385a1e730267ebbeeb62d075
TR-32011,2025-07-24,2025-07-01,CPT,ACC-00161,DESPESA,1105.5930231209773,1105.5930231209773,BRL,Honorarium advocatício - CPT,24,CARTAO,PAGO,d4641add-3306-4ba7-b535-358854b3d242,2025-08-05,ERP_CORPORATIVO,TRANSACOES_FINANCEIRAS,32011,918362bb537c39e49076e629ea942be938ff2f26d89c6f9dcf4d34e70bf6946e
TR-32012,2025-07-17,2025-07-01,FIN,ACC-00161,DESPESA,1366.058261463214,1334.7388876434652,BRL,Juros sobre operação financeira - FIN,23,TRANSFERENCIA,PAGO,d4641add-3306-4ba7-b535-358854b3d242,2025-08-05,ERP_CORPORATIVO,TRANSACOES_FINANCEIRAS,32012,3d8390e863c0d8a4dac28d3c6a245a8c6fe403a1f2c53f923b6d57ca187ca4c3
TR-32013,2025-07-10,2025-07-01,RH,ACC-00161,RECEITA,4557.17774065834,4557.17774065834,BRL,Contrato de serviço - setor RH,1,PIX,PAGO,d4641add-3306-4ba7-b535-358854b3d242,2025-08-05,ERP_CORPORATIVO,TRANSACOES_FINANCEIRAS,32013,b4d55ac93d84f1950339b0b8fe1fbd46968b309d0b22229d209761d538ad77cb
TR-32014,2025-07-11,2025-07-01,JUR,ACC-00161,DESPESA,1658.732427935496,1658.732427935496,BRL,Prestação de serviço para área JUR,1,PIX,PAGO,d4641add-3306-4ba7-b535-358854b3d242,2025-08-05,ERP_CORPORATIVO,TRANSACOES_FINANCEIRAS,32014,71a1de2c22def9f581cd664a46f545554001b2fa2c7f301f498e32fa3d58b53c
TR-32015,2025-07-14,2025-07-01,SEC,ACC-00161,DESPESA,1459.6001455020544,1425.3974693430314,BRL,Reparo e conservação de instalações - SEC,10,TED,ATRASADO,d4641add-3306-4ba7-b535-358854b3d242,2025-08-05,ERP_CORPORATIVO,TRANSACOES_FINANCEIRAS,32015,46c3145c995eb6fd1c8444971f64f75159e17de5b68a099bc98248c6e5aff6a0
TR-32327,2025-07-21,2025-07-01,FIN,ACC-00162,RECEITA,2009.337346304163,1968.9847705789928,BRL,Custo operacional associado a FIN,8,PIX,PAGO,d4641add-3306-4ba7-b535-358854b3d242,2025-08-05,ERP_CORPORATIVO,TRANSACOES_FINANCEIRAS,32327,390a9c9d8e0eccd7a632021d44cbd320f4e0a6b09458e29da1e94ea66b077040
TR-32328,2025-07-21,2025-07-01,JUR,ACC-00162,RECEITA,1685.5913921449978,1685.5913921449978,BRL,Despesa operacional - JUR,8,TED,PAGO,d4641add-3306-4ba7-b535-358854b3d242,2025-08-05,ERP_CORPORATIVO,TRANSACOES_FINANCEIRAS,32328,9c67efd3bd39b188d98c0311276c31d2b3704d1008ae82641e89dd442d95e986
TR-32329,2025-07-07,2025-07-01,ADM,ACC-00162,DESPESA,5215.69425669182,5162.84000818034,BRL,Reparo de hardware solicitado por ADM,28,PIX,PAGO,d4641add-3306-4ba7-b535-358854b3d242,2025-08-05,ERP_CORPORATIVO,TRANSACOES_FINANCEIRAS,32329,0a202bf565ec1de83007f294aacd1585ebf705349c49e1f15055ca0c52df6f8b
TR-32330,2025-07-21,2025-07-01,ATD,ACC-00162,RECEITA,2067.008309833298,2067.008309833298,BRL,Manutenção preventiva de veículos - ATD,17,TRANSFERENCIA,PAGO,d4641add-3306-4ba7-b535-358854b3d242,2025-08-05,ERP_CORPORATIVO,TRANSACOES_FINANCEIRAS,32330,7fcea148bce9a5efdc4801f15ff668317200cef3b691a9c5318b99677723d85e
TR-32331,2025-07-16,2025-07-01,JUR,ACC-00162,RECEITA,3319.981507146775,3319.981507146775,BRL,Aquisição de material operacional - JUR,2,TED,PAGO,d4641add-3306-4ba7-b535-358854b3d242,2025-08-05,ERP_CORPORATIVO,TRANSACOES_FINANCEIRAS,32331,dab7aecd097e3153a12a58811b6bb53336ae282ee45b2439b09d848292b7e1e3
TR-32332,2025-07-09,2025-07-01,FIN,ACC-00162,DESPESA,1696.8485262955217,1696.8485262955217,BRL,Encargos de empréstimo vinculados a FIN,23,CARTAO,PAGO,d4641add-3306-4ba7-b535-358854b3d242,2025-08-05,ERP_CORPORATIVO,TRANSACOES_FINANCEIRAS,32332,453da851c42f13296ad4401eefde91d8e20d62fd9e6c01b95de6719e35cbdc87
TR-32333,2025-07-16,2025-07-01,MKT,ACC-00162,RECEITA,2320.802528497068,2272.941905059962,BRL,Contrato de serviço - setor MKT,1,PIX,PAGO,d4641add-3306-4ba7-b535-358854b3d242,2025-08-05,ERP_CORPORATIVO,TRANSACOES_FINANCEIRAS,32333,6edfd5971d01d980837f8dc5f5de53a4446ac1c1834d605483a7e18fbac7e593
TR-32334,2025-07-16,2025-07-01,COMP,ACC-00162,RECEITA,5316.80037222034,5246.486253596779,USD,Prestação de serviço para área COMP,1,PIX,PAGO,d4641add-3306-4ba7-b535-358854b3d242,2025-08-05,ERP_CORPORATIVO,TRANSACOES_FINANCEIRAS,32334,00562ba79f57fa8a1277f15be4dc1cfcc1cb0d807a8b1fffde1a2756bb031415
TR-32335,2025-07-07,2025-07-01,LOG,ACC-00162,DESPESA,1931.6182557857444,1931.6182557857444,BRL,Campanha institucional - LOG,4,TED,PAGO,d4641add-3306-4ba7-b535-358854b3d242,2025-08-05,ERP_CORPORATIVO,TRANSACOES_FINANCEIRAS,32335,6ce90384f234b24e0b68c991709b879d223e63901ddbc67862dc72b74f1ea223
TR-32336,2025-07-16,2025-07-01,PRD,ACC-00162,RECEITA,2199.497604553934,2146.8300256143657,BRL,Honorarium advocatício - PRD,24,PIX,ATRASADO,d4641add-3306-4ba7-b535-358854b3d242,2025-08-05,ERP_CORPORATIVO,TRANSACOES_FINANCEIRAS,32336,ce3d907f0d0e7b8be166bd92065d847e8bb8b795646ad596960d8ad4d3e2f326
TR-32337,2025-07-07,2025-07-01,TI,ACC-00162,DESPESA,1863.125762771372,1863.125762771372,BRL,Assessoria contábil prestada a TI,25,PIX,PAGO,d4641add-3306-4ba7-b535-358854b3d242,2025-08-05,ERP_CORPORATIVO,TRANSACOES_FINANCEIRAS,32337,e336ab6302383847351e58daf69a38f47f3037ddfc180263a64b928beb7a8c0a
TR-32338,2025-07-07,2025-07-01,COM,ACC-00162,DESPESA,1827.4765701443714,1827.4765701443714,BRL,Suporte técnico para sistemas de COM,29,PIX,PAGO,d4641add-3306-4ba7-b535-358854b3d242,2025-08-05,ERP_CORPORATIVO,TRANSACOES_FINANCEIRAS,32338,c69a79866a35e121e554f57a96a6f1e6146be86f15ab900a20a390d759d888ae
TR-32339,2025-07-18,2025-07-01,CTB,ACC-00162,RECEITA,2411.1385919348904,2297.021753527386,BRL,Manutenção estrutural vinculada à área CTB,3,CARTAO,PAGO,d4641add-3306-4ba7-b535-358854b3d242,2025-08-05,ERP_CORPORATIVO,TRANSACOES_FINANCEIRAS,32339,46e7175f4c6252f86f657f6298b45a9064399c1c14af49f3b29de602c0e3d01a
TR-32340,2025-07-22,2025-07-01,ADM,ACC-00162,RECEITA,1832.7541449390149,1832.7541449390149,BRL,Prestação de serviço para área ADM,1,TED,PAGO,d4641add-3306-4ba7-b535-358854b3d242,2025-08-05,ERP_CORPORATIVO,TRANSACOES_FINANCEIRAS,32340,388c9da68be32a53dc1be221d91d153bdf32947309b0449663021b829acf3f6c
TR-32341,2025-07-14,2025-07-01,CTB,ACC-00162,DESPESA,2227.2497776549762,2227.2497776549762,BRL,Reparo de frota vinculado à área CTB,17,CARTAO,PAGO,d4641add-3306-4ba7-b535-358854b3d242,2025-08-05,ERP_CORPORATIVO,TRANSACOES_FINANCEIRAS,32341,9677ad258d059040f5ccdeeff0ba5345c1875adacffc0c589a5cddcbead34f44
TR-32342,2025-07-14,2025-07-01,JUR,ACC-00162,DESPESA,2002.4816950579107,2002.4816950579107,BRL,Despesa de RH - JUR,6,TED,PAGO,d4641add-3306-4ba7-b535-358854b3d242,2025-08-05,ERP_CORPORATIVO,TRANSACOES_FINANCEIRAS,32342,f033d9e092ad2c714b5dc9b901d804622453609aca7dc80f96e9d544870fbd08
TR-32343,2025-07-14,2025-07-01,FIN,ACC-00162,DESPESA,1998.2587308936088,1998.2587308936088,BRL,Estorno de receita - FIN,39,PIX,ATRASADO,d4641add-3306-4ba7-b535-358854b3d242,2025-08-05,ERP_CORPORATIVO,TRANSACOES_FINANCEIRAS,32343,bac66222f36d181ea05df9240ebb8a31de77a67efc596166319a6c9250274249
TR-32344,2025-07-16,2025-07-01,MKT,ACC-00162,DESPESA,1874.6711254658055,1874.6711254658055,EUR,Custo operacional associado a MKT,8,PIX,PAGO,d4641add-3306-4ba7-b535-358854b3d242,2025-08-05,ERP_CORPORATIVO,TRANSACOES_FINANCEIRAS,32344,8b41f3fdbf9599c15c5ead29f49ff63bce9fe91fc8759a5fb3d5f51111db5816
TR-32345,2025-07-24,2025-07-01,COM,ACC-00162,RECEITA,1933.1080331373491,1882.3472814134102,BRL,Contrato de serviço - setor COM,1,BOLETO,PAGO,d4641add-3306-4ba7-b535-358854b3d242,2025-08-05,ERP_CORPORATIVO,TRANSACOES_FINANCEIRAS,32345,d94d04f97dc68027b294d3a269a1193e15d547dbeef938b8bfd6de06909b9dce
TR-32346,2025-07-14,2025-07-01,RH,ACC-00162,DESPESA,2357.967643646455,2285.1018565498716,BRL,Despesa de RH - RH,6,BOLETO,PAGO,d4641add-3306-4ba7-b535-358854b3d242,2025-08-05,ERP_CORPORATIVO,TRANSACOES_FINANCEIRAS,32346,db1f826d5338483273afcfd6e8d7f765aeb4b1b81b2e752a0a85fff1aa986ff4
TR-32347,2025-07-23,2025-07-01,COMP,ACC-00162,DESPESA,2148.1488586618066,2148.1488586618066,USD,Assessoria contábil prestada a COMP,25,BOLETO,PAGO,d4641add-3306-4ba7-b535-358854b3d242,2025-08-05,ERP_CORPORATIVO,TRANSACOES_FINANCEIRAS,32347,f3364d631b0cf2c95338f14f68e7e893938b11552afe59d808a186dc1e95e298
TR-32348,2025-07-07,2025-07-01,COM,ACC-00162,DESPESA,1720.8427840067257,1720.8427840067257,BRL,Suporte técnico para sistemas de COM,29,PIX,PAGO,d4641add-3306-4ba7-b535-358854b3d242,2025-08-05,ERP_CORPORATIVO,TRANSACOES_FINANCEIRAS,32348,a90e1315c39b00db80fb746ae48c1af8c9d4aee47622d43df855682763f90283
TR-32913,2025-07-11,2025-07-01,OP,FORN-00165,RECEITA,641.5420468615393,641.5420468615393,BRL,Despesa operacional - OP,8,PIX,PAGO,d4641add-3306-4ba7-b535-358854b3d242,2025-08-05,ERP_CORPORATIVO,TRANSACOES_FINANCEIRAS,32913,b2f0788a84244a14fbe5c6f4265863051da96522f0ee12f6b4a61e79d7098627
TR-32914,2025-07-21,2025-07-01,RH,FORN-00165,DESPESA,1951.7692215352276,1951.7692215352276,BRL,Licenciamento de software - RH,5,CARTAO,PAGO,d4641add-3306-4ba7-b535-358854b3d242,2025-08-05,ERP_CORPORATIVO,TRANSACOES_FINANCEIRAS,32914,e685958b0b653adcadad5aec9dba841c9972b8230bbf3d83ead1c449ea632c65
TR-32915,2025-07-21,2025-07-01,OP,FORN-00165,RECEITA,2198.3408852537073,2198.3408852537073,BRL,Honorários profissionais contratados por OP,11,TED,PAGO,d4641add-3306-4ba7-b535-358854b3d242,2025-08-05,ERP_CORPORATIVO,TRANSACOES_FINANCEIRAS,32915,9b2d030796420a62de5252c0f2857a0d048c3afd9680c9710bc38282cfbbcacd
TR-32916,2025-07-21,2025-07-01,MKT,FORN-00165,DESPESA,2333.5327887442986,2281.8721374083425,BRL,Aquisição de material operacional - MKT,2,TED,PAGO,d4641add-3306-4ba7-b535-358854b3d242,2025-08-05,ERP_CORPORATIVO,TRANSACOES_FINANCEIRAS,32916,60e907bbd4cc9b36c5e4047001c391b6b5b98ae29c83aaa2a42044e06da9dbb8
TR-32917,2025-07-14,2025-07-01,JUR,FORN-00165,DESPESA,2148.5455494976845,2148.5455494976845,BRL,Evento corporativo organizado por JUR,14,TRANSFERENCIA,ATRASADO,d4641add-3306-4ba7-b535-358854b3d242,2025-08-05,ERP_CORPORATIVO,TRANSACOES_FINANCEIRAS,32917,c7838b0b8d9ae3c320e339e0bb55d965c5c6b38e8e275b7e77bf7005e7c08bc9
TR-32918,2025-07-18,2025-07-01,OP,FORN-00165,RECEITA,2079.8838186061103,2013.0361846536682,BRL,Compra de insumos para setor OP,2,PIX,PAGO,d4641add-3306-4ba7-b535-358854b3d242,2025-08-05,ERP_CORPORATIVO,TRANSACOES_FINANCEIRAS,32918,4ecbf49ce388936dc5ef04b9e1b164e932ce97e54af413594219e446a503c0d4
TR-32919,2025-07-07,2025-07-01,COMP,FORN-00165,DESPESA,2303.196935296752,2303.196935296752,BRL,Compra de insumos para setor COMP,2,TRANSFERENCIA,ATRASADO,d4641add-3306-4ba7-b535-358854b3d242,2025-08-05,ERP_CORPORATIVO,TRANSACOES_FINANCEIRAS,32919,679b47b641d4e2ec6f762ad2a540b2478a95b156a8f520bd39935fe755957c15
TR-32920,2025-07-22,2025-07-01,VND,FORN-00165,RECEITA,2027.2828853230596,2027.2828853230596,BRL,Licenciamento de software - VND,5,BOLETO,PAGO,d4641add-3306-4ba7-b535-358854b3d242,2025-08-05,ERP_CORPORATIVO,TRANSACOES_FINANCEIRAS,32920,878f95b3464d123e038f2a8e685ea391559ca0e4a66a573a9ee09703210d72ae
TR-33195,2025-07-28,2025-07-01,COM,ACC-00166,RECEITA,2353.109027266961,2353.109027266961,BRL,Abatimento comercial registrado em COM,38,TED,PAGO,d4641add-3306-4ba7-b535-358854b3d242,2025-08-05,ERP_CORPORATIVO,TRANSACOES_FINANCEIRAS,33195,7d965d9da86ddfadee84bb801c61d4bea2b41dfc2d3e4254f7776150fe041580
TR-33196,2025-07-15,2025-07-01,CPT,ACC-00166,RECEITA,2090.968776722402,2090.968776722402,BRL,Contrato de consultoria externa - CPT,12,BOLETO,ATRASADO,d4641add-3306-4ba7-b535-358854b3d242,2025-08-05,ERP_CORPORATIVO,TRANSACOES_FINANCEIRAS,33196,28d71ecefadf384a915901e62a623f82073e993aa2fa04aa0daf948e8b2499d3
TR-33197,2025-07-24,2025-07-01,COM,ACC-00166,DESPESA,2511.486236382529,2511.486236382529,BRL,Compra de insumos para setor COM,2,TED,PAGO,d4641add-3306-4ba7-b535-358854b3d242,2025-08-05,ERP_CORPORATIVO,TRANSACOES_FINANCEIRAS,33197,2fc41c62c57b60270befeb04ec47907da12cb906ed69d99f21616f6cc919bc7b
TR-33198,2025-07-14,2025-07-01,RH,ACC-00166,RECEITA,2455.4544130573063,2455.4544130573063,BRL,Serviço relacionado a recursos humanos (RH),6,TED,PAGO,d4641add-3306-4ba7-b535-358854b3d242,2025-08-05,ERP_CORPORATIVO,TRANSACOES_FINANCEIRAS,33198,9074492e60ce8a23d78e7e567532ae08bbfb497615c588dcf60c513b2678e9a3
TR-33199,2025-07-11,2025-07-01,OP,ACC-00166,RECEITA,2453.7955827725013,2453.7955827725013,BRL,Tarifas de serviços financeiros - OP,22,CARTAO,CANCELADO,d4641add-3306-4ba7-b535-358854b3d242,2025-08-05,ERP_CORPORATIVO,TRANSACOES_FINANCEIRAS,33199,f6d10730246d009b90f6274fdcadb8265d57ea22527e721ee4e404009bb84d49
TR-33200,2025-07-28,2025-07-01,COMP,ACC-00166,DESPESA,4939.4810666750345,4939.4810666750345,BRL,Licenciamento de software - COMP,5,TED,PAGO,d4641add-3306-4ba7-b535-358854b3d242,2025-08-05,ERP_CORPORATIVO,TRANSACOES_FINANCEIRAS,33200,94e325ed67a7939caa606c5ea97f4d823927136b62a3fdc5f18980e6cd340934
TR-33201,2025-07-09,2025-07-01,COMP,ACC-00166,DESPESA,1946.0181261046182,1877.1907235290905,BRL,Manutenção de equipamentos de COMP,28,PIX,PAGO,d4641add-3306-4ba7-b535-358854b3d242,2025-08-05,ERP_CORPORATIVO,TRANSACOES_FINANCEIRAS,33201,534b8963c04b475d3a314290466908e7792332d87d28c04c25b3b1b4ee23e7eb
TR-33202,2025-07-21,2025-07-01,PRD,ACC-00166,RECEITA,2540.056672862248,2540.056672862248,BRL,Honorários jurídicos - PRD,7,CARTAO,PAGO,d4641add-3306-4ba7-b535-358854b3d242,2025-08-05,ERP_CORPORATIVO,TRANSACOES_FINANCEIRAS,33202,559ea3c411d2acf1ed0fc40102f95298638dcbc84570ab5aef7d55d93e37575f
TR-33203,2025-07-14,2025-07-01,COM,ACC-00166,DESPESA,2514.2350659701992,2514.2350659701992,BRL,Honorarium advocatício - COM,24,TED,PAGO,d4641add-3306-4ba7-b535-358854b3d242,2025-08-05,ERP_CORPORATIVO,TRANSACOES_FINANCEIRAS,33203,09026a57482442ac15398d538e99ae7a141ae4b5e51b39580cf93670089920e3
TR-33204,2025-07-09,2025-07-01,SEC,ACC-00166,DESPESA,1830.7278494093505,1741.1258432913357,BRL,Despesa de RH - SEC,6,BOLETO,PAGO,d4641add-3306-4ba7-b535-358854b3d242,2025-08-05,ERP_CORPORATIVO,TRANSACOES_FINANCEIRAS,33204,1c0faf69f414267ccdcf1cc51e954fe339f3965afff50330b7cee3feb9987a21
TR-33205,2025-07-14,2025-07-01,COM,ACC-00166,DESPESA,2566.618183050356,2566.618183050356,BRL,Juros sobre operação financeira - COM,23,TRANSFERENCIA,ATRASADO,d4641add-3306-4ba7-b535-358854b3d242,2025-08-05,ERP_CORPORATIVO,TRANSACOES_FINANCEIRAS,33205,498b509b0f44753dbca73073fedde7ba5c23788dc254fd54e7911f754c90f7e5
TR-33390,2025-07-22,2025-07-01,CPT,ACC-00167,DESPESA,2760.911817081502,2640.041917921865,BRL,Compra de insumos para setor CPT,2,BOLETO,CANCELADO,d4641add-3306-4ba7-b535-358854b3d242,2025-08-05,ERP_CORPORATIVO,TRANSACOES_FINANCEIRAS,33390,015fb67df6cd2f159a6695442db435275342a0fdd68fd9883f5c764a34a009e6
TR-33391,2025-07-16,2025-07-01,FIN,ACC-00167,DESPESA,2486.5545346383246,2486.5545346383246,BRL,Diária de hotel para equipe FIN,19,BOLETO,PAGO,d4641add-3306-4ba7-b535-358854b3d242,2025-08-05,ERP_CORPORATIVO,TRANSACOES_FINANCEIRAS,33391,ae2ffbd17fd5bea5ddb9562edbf545b895601226d64bbcb9e16b5e1a62224cea
TR-33392,2025-07-07,2025-07-01,OP,ACC-00167,RECEITA,2771.960964080432,2648.732101171666,BRL,Despesa de RH - OP,6,PIX,PAGO,d4641add-3306-4ba7-b535-358854b3d242,2025-08-05,ERP_CORPORATIVO,TRANSACOES_FINANCEIRAS,33392,d593c4cd2951271283d4f59f8a14e180456a21a9cdfcd8a84726a378ac162259
TR-33393,2025-07-11,2025-07-01,FIN,ACC-00167,RECEITA,2740.9833422701304,2740.9833422701304,BRL,Tributo incidente sobre receita de FIN,40,BOLETO,PAGO,d4641add-3306-4ba7-b535-358854b3d242,2025-08-05,ERP_CORPORATIVO,TRANSACOES_FINANCEIRAS,33393,9e76a9fc6b700a156409bfd7ad985557516025a046aa74907c2f042e0c08cfde
TR-33394,2025-07-17,2025-07-01,COMP,ACC-00167,DESPESA,2564.3043391689507,2564.3043391689507,BRL,Juros sobre operação financeira - COMP,23,PIX,CANCELADO,d4641add-3306-4ba7-b535-358854b3d242,2025-08-05,ERP_CORPORATIVO,TRANSACOES_FINANCEIRAS,33394,79331cba766b2d4e56c8699b6c259006e2ae9f27f763aa6fcc1c969756dcb2b6
TR-33395,2025-07-18,2025-07-01,ADM,ACC-00167,DESPESA,3141.175832104858,3141.175832104858,BRL,Contrato de SaaS vinculado a ADM,27,TRANSFERENCIA,PAGO,d4641add-3306-4ba7-b535-358854b3d242,2025-08-05,ERP_CORPORATIVO,TRANSACOES_FINANCEIRAS,33395,475bcee84d7c88634171913770ae0db2ad08c6f6868240cd90c21758bd47fe12
TR-33396,2025-07-24,2025-07-01,COM,ACC-00167,DESPESA,3073.567854269078,3073.567854269078,BRL,Honorários jurídicos - COM,7,CARTAO,PAGO,d4641add-3306-4ba7-b535-358854b3d242,2025-08-05,ERP_CORPORATIVO,TRANSACOES_FINANCEIRAS,33396,3fde4ef04c540bf9b9a60c353830f4681db3c66e31fcfe65be6cc389ad934c84
TR-33397,2025-07-21,2025-07-01,OP,ACC-00167,RECEITA,2496.165442399565,2496.165442399565,BRL,Contrato de SaaS vinculado a OP,27,BOLETO,PAGO,d4641add-3306-4ba7-b535-358854b3d242,2025-08-05,ERP_CORPORATIVO,TRANSACOES_FINANCEIRAS,33397,1223b232c90404f87bbdf2fdc892c136e8d2058f77c1f53673906a5d89e63427
TR-33398,2025-07-14,2025-07-01,FIN,ACC-00167,DESPESA,8222.86944545241,8096.811592648486,BRL,Passagem aérea para colaborador de FIN,18,PIX,CANCELADO,d4641add-3306-4ba7-b535-358854b3d242,2025-08-05,ERP_CORPORATIVO,TRANSACOES_FINANCEIRAS,33398,1f74e6af5fc2b8cb30b10b568d547cc110e901c0e2d82007a91cc4b65236c3ca
TR-33740,2025-07-22,2025-07-01,OP,1000168,RECEITA,6022.414108611569,5928.045904889508,BRL,Receita de comissão comercial - OP,33,BOLETO,PAGO,d4641add-3306-4ba7-b535-358854b3d242,2025-08-05,ERP_CORPORATIVO,TRANSACOES_FINANCEIRAS,33740,a1946ad1d01ec0103a8fb170aeba5180dfb200603a06a682d917195ae48f8130
TR-33741,2025-07-14,2025-07-01,ADM,1000168,RECEITA,6389.112353551805,6389.112353551805,BRL,Contrato de serviço - setor ADM,1,BOLETO,PAGO,d4641add-3306-4ba7-b535-358854b3d242,2025-08-05,ERP_CORPORATIVO,TRANSACOES_FINANCEIRAS,33741,77e9ac1b824b0d86297611f33204a316d4c30d7bb8aa7e2fc1e0c3285f0cc41a
TR-33742,2025-07-21,2025-07-01,COMP,1000168,DESPESA,6824.785333100985,6520.355057735519,BRL,Honorarium advocatício - COMP,24,TRANSFERENCIA,CANCELADO,d4641add-3306-4ba7-b535-358854b3d242,2025-08-05,ERP_CORPORATIVO,TRANSACOES_FINANCEIRAS,33742,2cfc721698f8a3ebb1a52bf2703005867673d5cde999815d04890fcd5b6e822d
TR-33743,2025-07-10,2025-07-01,OP,1000168,DESPESA,7989.409056931834,7989.409056931834,BRL,Treinamento corporativo para equipe OP,30,PIX,PAGO,d4641add-3306-4ba7-b535-358854b3d242,2025-08-05,ERP_CORPORATIVO,TRANSACOES_FINANCEIRAS,33743,bf06dcd94718b56ed9d98499fa5584bd0839793208a3f2d9e06fb08b4a7d9126
TR-33744,2025-07-14,2025-07-01,JUR,1000168,RECEITA,7251.427231908323,7251.427231908323,BRL,Serviço de tecnologia contratado por JUR,5,BOLETO,PAGO,d4641add-3306-4ba7-b535-358854b3d242,2025-08-05,ERP_CORPORATIVO,TRANSACOES_FINANCEIRAS,33744,8131bcabf1be841cb38cf1395180eb29a9e2d716e7bd57305f6e0334dcc346c7
TR-33745,2025-07-14,2025-07-01,PJT,1000168,DESPESA,7100.81999903122,7100.81999903122,BRL,Devolução de venda processada por PJT,39,PIX,PAGO,d4641add-3306-4ba7-b535-358854b3d242,2025-08-05,ERP_CORPORATIVO,TRANSACOES_FINANCEIRAS,33745,9e2715b4778fad1535dde3b5fe65218def2936146446471b40f32e6e48dc1d3a
TR-33746,2025-07-17,2025-07-01,PRD,1000168,RECEITA,7879.672088260848,7879.672088260848,BRL,Manutenção estrutural vinculada à área PRD,3,TRANSFERENCIA,PAGO,d4641add-3306-4ba7-b535-358854b3d242,2025-08-05,ERP_CORPORATIVO,TRANSACOES_FINANCEIRAS,33746,328f23cfe2e202c70de2b60ef90e8e23ee2e086147667796cad458e489b91632
TR-33747,2025-07-21,2025-07-01,JUR,1000168,DESPESA,6703.933975212359,6703.933975212359,BRL,Prestação de serviço para área JUR,1,BOLETO,PAGO,d4641add-3306-4ba7-b535-358854b3d242,2025-08-05,ERP_CORPORATIVO,TRANSACOES_FINANCEIRAS,33747,379e4b6f09db2561565f2f73cf33b34cfb80f0f95b3b24cc2d9dcc0dea56c146
TR-33748,2025-07-07,2025-07-01,RH,1000168,DESPESA,8405.973232466127,8405.973232466127,BRL,Renovação de certificados digitais - RH,26,TED,PAGO,d4641add-3306-4ba7-b535-358854b3d242,2025-08-05,ERP_CORPORATIVO,TRANSACOES_FINANCEIRAS,33748,adb5d5ed1b22f38c2aa8af741f06d8ee71bd4d4904267c09de4a939c9e6b2af3
TR-33749,2025-07-07,2025-07-01,MKT,1000168,DESPESA,7238.962864961923,6894.779825882856,BRL,Assessoria legal vinculada à área MKT,7,PIX,PAGO,d4641add-3306-4ba7-b535-358854b3d242,2025-08-05,ERP_CORPORATIVO,TRANSACOES_FINANCEIRAS,33749,5afe1326d7313ed62222f0ad3e3b4c39b9587dc6cc12dec42882dc4238fa3c20
TR-34015,2025-07-07,2025-07-01,OP,1000169,RECEITA,1622.0537492591448,1622.0537492591448,BRL,Manutenção de equipamentos de OP,28,PIX,PAGO,d4641add-3306-4ba7-b535-358854b3d242,2025-08-05,ERP_CORPORATIVO,TRANSACOES_FINANCEIRAS,34015,71547378375cd1539b41cd777668d0c387b3b8d39571aae7aae70ce07ac01093
TR-34016,2025-07-21,2025-07-01,COMP,1000169,RECEITA,1808.312011499395,1745.8672705196623,BRL,Campanha institucional - COMP,4,TED,CANCELADO,d4641add-3306-4ba7-b535-358854b3d242,2025-08-05,ERP_CORPORATIVO,TRANSACOES_FINANCEIRAS,34016,ac7b4ba1a9a524023c52569b41d95e95459cfdb7cc61f3a59e9852eba67f3566
TR-34017,2025-07-21,2025-07-01,CPT,1000169,DESPESA,1731.0657352000264,1731.0657352000264,BRL,Diária de hotel para equipe CPT,19,PIX,PAGO,d4641add-3306-4ba7-b535-358854b3d242,2025-08-05,ERP_CORPORATIVO,TRANSACOES_FINANCEIRAS,34017,97f24571245d2a9fe210e466bb50a10d4f642e8485d80bc222663572622f97b2
TR-34018,2025-07-22,2025-07-01,VND,1000169,DESPESA,1930.4392717888602,1930.4392717888602,BRL,Combustível e lubrificantes para frota (VND),16,TED,PAGO,d4641add-3306-4ba7-b535-358854b3d242,2025-08-05,ERP_CORPORATIVO,TRANSACOES_FINANCEIRAS,34018,122fa05363340cc307ce5cb3b04d5233ac8e60bb736c4feca18941903a2c8c0b
TR-34019,2025-07-16,2025-07-01,CTB,1000169,RECEITA,1591.4303097140737,1591.4303097140737,BRL,Juros sobre operação financeira - CTB,23,PIX,PAGO,d4641add-3306-4ba7-b535-358854b3d242,2025-08-05,ERP_CORPORATIVO,TRANSACOES_FINANCEIRAS,34019,14863b0aee879ea922b5bab8469daa13d0025fb4e29f4a9bfd5299d00b0cfb01
TR-34020,2025-07-23,2025-07-01,CPT,1000169,DESPESA,2217.6180162584055,2217.6180162584055,BRL,Despesa jurídica da área CPT,24,BOLETO,PAGO,d4641add-3306-4ba7-b535-358854b3d242,2025-08-05,ERP_CORPORATIVO,TRANSACOES_FINANCEIRAS,34020,99e8953838fdffbcaf2b40d8459d368c414262781843ead9d0cc1f2dcc5dbb01
TR-34021,2025-07-21,2025-07-01,CPT,1000169,RECEITA,1837.1413605894015,1837.1413605894015,BRL,Locação de espaço comercial - CPT,31,TRANSFERENCIA,CANCELADO,d4641add-3306-4ba7-b535-358854b3d242,2025-08-05,ERP_CORPORATIVO,TRANSACOES_FINANCEIRAS,34021,a5417f135156c7be5c7c58c1d88da4f665d6d72148b4610b2048220493e136c1
TR-34022,2025-07-21,2025-07-01,ATD,1000169,DESPESA,1604.0524125970273,1538.0402019449991,BRL,Honorários jurídicos - ATD,7,BOLETO,PAGO,d4641add-3306-4ba7-b535-358854b3d242,2025-08-05,ERP_CORPORATIVO,TRANSACOES_FINANCEIRAS,34022,122b8b2e13855342da3e7294192014b2d2911a1adb536a24cf4839a4a00758cf
TR-34023,2025-07-14,2025-07-01,VND,1000169,RECEITA,1778.8500972254808,1778.8500972254808,USD,Despesa operacional - VND,8,TRANSFERENCIA,PAGO,d4641add-3306-4ba7-b535-358854b3d242,2025-08-05,ERP_CORPORATIVO,TRANSACOES_FINANCEIRAS,34023,6b4a814b4ee18ec7326ea4cb9a35255bb6a75cafbf16e8a6332d2bcfa10321c8
TR-34024,2025-07-16,2025-07-01,PJT,1000169,DESPESA,1729.6121606453996,1699.7681936941058,BRL,Locação de espaço comercial - PJT,31,PIX,PAGO,d4641add-3306-4ba7-b535-358854b3d242,2025-08-05,ERP_CORPORATIVO,TRANSACOES_FINANCEIRAS,34024,854e2d6c2f3986862ace86148adf9e03282d2e468d28cf5145e9821cbe8992e1
TR-34025,2025-07-21,2025-07-01,LOG,1000169,DESPESA,1676.4097501851577,1656.188789007413,BRL,Contrato de serviço - setor LOG,1,TED,PAGO,d4641add-3306-4ba7-b535-358854b3d242,2025-08-05,ERP_CORPORATIVO,TRANSACOES_FINANCEIRAS,34025,d9aa0a2cdacdd1d98a48a33650be2aa91fbd05404c38554dadb6fced880b5204
TR-34026,2025-07-11,2025-07-01,OP,1000169,RECEITA,634.8178318493242,585.0436574016973,BRL,Viagem corporativa - OP,18,CARTAO,CANCELADO,d4641add-3306-4ba7-b535-358854b3d242,2025-08-05,ERP_CORPORATIVO,TRANSACOES_FINANCEIRAS,34026,78df271aecbf9922250184e564fa5b79ae6d6e6d6f0d509add1e4a979bf162bd
TR-34027,2025-07-17,2025-07-01,QAS,1000169,RECEITA,2268.6925881499897,2268.6925881499897,BRL,Serviço especializado solicitado por QAS,1,CARTAO,ATRASADO,d4641add-3306-4ba7-b535-358854b3d242,2025-08-05,ERP_CORPORATIVO,TRANSACOES_FINANCEIRAS,34027,f186aaa2012113e1889e4b91bebd063a598942a96afd5c73d1bd64aac73b9a9c
TR-34113,2025-07-29,2025-07-01,JUR,ACC-00171,DESPESA,5899.494722119112,5899.494722119112,BRL,Serviço relacionado a recursos humanos (JUR),6,TRANSFERENCIA,PAGO,d4641add-3306-4ba7-b535-358854b3d242,2025-08-05,ERP_CORPORATIVO,TRANSACOES_FINANCEIRAS,34113,d9429ea911e50801301b1241aa4cda2d5c13034985bfeebd20d1edb3d9ce9d7f
TR-34114,2025-07-07,2025-07-01,OP,ACC-00171,RECEITA,7771.578676973929,7771.578676973929,BRL,Propaganda e divulgação para área OP,13,BOLETO,PAGO,d4641add-3306-4ba7-b535-358854b3d242,2025-08-05,ERP_CORPORATIVO,TRANSACOES_FINANCEIRAS,34114,88c32d37e3cc5944dc1f5f54fde190c4e0703b7df0d35d607252041d81879c1f
TR-34115,2025-07-18,2025-07-01,PRD,ACC-00171,DESPESA,10917.646809350706,10847.256597481564,BRL,Compra de insumos para setor PRD,2,TED,ATRASADO,d4641add-3306-4ba7-b535-358854b3d242,2025-08-05,ERP_CORPORATIVO,TRANSACOES_FINANCEIRAS,34115,02c8c2c2e76569bc8e97dc2174046b682c76484759fe5adc60bac1ecc5ac12fa
TR-34116,2025-07-17,2025-07-01,COMP,ACC-00171,DESPESA,4961.814570122203,4775.033402072832,BRL,Investimento em marketing corporativo (COMP),4,BOLETO,PAGO,d4641add-3306-4ba7-b535-358854b3d242,2025-08-05,ERP_CORPORATIVO,TRANSACOES_FINANCEIRAS,34116,59acc794ab0e96e6468dc73ed5ce0a1b700337dc6c0e31ba6fc66931f3f24e0f
TR-34117,2025-07-08,2025-07-01,JUR,ACC-00171,DESPESA,4591.204801658155,4591.204801658155,USD,Promoção e atividade externa - JUR,14,PIX,PAGO,d4641add-3306-4ba7-b535-358854b3d242,2025-08-05,ERP_CORPORATIVO,TRANSACOES_FINANCEIRAS,34117,9a0d608959bb3a6f2b0d33e4cba0594daefcb4f69a168d99b212d609bf04bb1b
TR-34118,2025-07-22,2025-07-01,OP,ACC-00171,RECEITA,4468.410804271286,4413.135696445558,BRL,Serviço técnico especializado para OP,11,BOLETO,PAGO,d4641add-3306-4ba7-b535-358854b3d242,2025-08-05,ERP_CORPORATIVO,TRANSACOES_FINANCEIRAS,34118,a5b6ca1f5d46445ef9bb04e524c9f01d552348131113af38bd139325d95e294d
TR-34245,2025-07-22,2025-07-01,PJT,FORN-00172,RECEITA,772.6118445139149,695.8901577252835,BRL,Contrato de serviço - setor PJT,1,BOLETO,PAGO,d4641add-3306-4ba7-b535-358854b3d242,2025-08-05,ERP_CORPORATIVO,TRANSACOES_FINANCEIRAS,34245,ea845727987e20dcbdd103a02a8d941ec172da5775b690f8345720a7b8a9144a
TR-34246,2025-07-15,2025-07-01,ESG,FORN-00172,RECEITA,2767.193853797315,2767.193853797315,BRL,Recebimento de subvenção - ESG,36,PIX,CANCELADO,d4641add-3306-4ba7-b535-358854b3d242,2025-08-05,ERP_CORPORATIVO,TRANSACOES_FINANCEIRAS,34246,07d0f7119304ce82d91aa954c4f9840f96698144dc4074ddaf2e46c0196e3ad5
TR-34247,2025-07-07,2025-07-01,VND,FORN-00172,RECEITA,2898.915065655333,2898.915065655333,BRL,Serviços contábeis externos - VND,25,PIX,PAGO,d4641add-3306-4ba7-b535-358854b3d242,2025-08-05,ERP_CORPORATIVO,TRANSACOES_FINANCEIRAS,34247,693fbfecef7f736dd7550c5a5dd1ca8401758d16cd0bf44cbdf606efd7701113
TR-34248,2025-07-08,2025-07-01,PES,FORN-00172,DESPESA,2997.53261145095,2884.672281379817,BRL,Devolução de venda processada por PES,39,PIX,PAGO,d4641add-3306-4ba7-b535-358854b3d242,2025-08-05,ERP_CORPORATIVO,TRANSACOES_FINANCEIRAS,34248,3a42817d07e3a2b9687da179b70b69cfd74e3002f0046b40bd1ebcf376a5b025
TR-34249,2025-07-14,2025-07-01,JUR,FORN-00172,RECEITA,8220.247196682807,8076.641995104381,BRL,Comissão recebida por JUR,33,BOLETO,PAGO,d4641add-3306-4ba7-b535-358854b3d242,2025-08-05,ERP_CORPORATIVO,TRANSACOES_FINANCEIRAS,34249,c0dd4df3d56efc2b67862d4c32b5d8a16a9316050dc98ebd3541e53a5de1a06d
TR-34250,2025-07-07,2025-07-01,ATD,FORN-00172,DESPESA,3113.2796217773725,3113.2796217773725,BRL,Manutenção estrutural vinculada à área ATD,3,BOLETO,PAGO,d4641add-3306-4ba7-b535-358854b3d242,2025-08-05,ERP_CORPORATIVO,TRANSACOES_FINANCEIRAS,34250,16322f5832c93a8c0c139c8e522ca7c2a836fc49e2a9e4e47d16db69460020bf
TR-34251,2025-07-23,2025-07-01,OP,FORN-00172,DESPESA,2855.892949332143,2855.892949332143,BRL,Contrato de serviço - setor OP,1,TED,PAGO,d4641add-3306-4ba7-b535-358854b3d242,2025-08-05,ERP_CORPORATIVO,TRANSACOES_FINANCEIRAS,34251,34b603307d085ddc81fb48cdf6b736a74524aa20d72d7262fddeb9dcf3099b75
TR-34252,2025-07-10,2025-07-01,FIN,FORN-00172,RECEITA,2542.239187230332,2542.239187230332,BRL,Despesa operacional - FIN,8,TED,CANCELADO,d4641add-3306-4ba7-b535-358854b3d242,2025-08-05,ERP_CORPORATIVO,TRANSACOES_FINANCEIRAS,34252,d0d27367be3177b150603b8fb3e25f70e327fd79c7640d97e93b6185bcb9686a
TR-34253,2025-07-29,2025-07-01,COMP,FORN-00172,DESPESA,2465.255042862976,2465.255042862976,BRL,Manutenção preventiva de veículos - COMP,17,TRANSFERENCIA,PAGO,d4641add-3306-4ba7-b535-358854b3d242,2025-08-05,ERP_CORPORATIVO,TRANSACOES_FINANCEIRAS,34253,2281d1adb4e75e4c1d8c4372b486e424486904712a92a140a61d0bb97189bb8e
TR-34254,2025-07-11,2025-07-01,RH,FORN-00172,DESPESA,3045.411959741199,2915.832190924101,BRL,Manutenção estrutural vinculada à área RH,3,PIX,ATRASADO,d4641add-3306-4ba7-b535-358854b3d242,2025-08-05,ERP_CORPORATIVO,TRANSACOES_FINANCEIRAS,34254,8198b84d7fc8ad075755e2e7c93db1edc7c4b3c523264322a99c9e7e5d9f962c
TR-34255,2025-07-14,2025-07-01,CTB,FORN-00172,RECEITA,3121.7315594856987,3121.7315594856987,BRL,Aquisição de material operacional - CTB,2,PIX,PAGO,d4641add-3306-4ba7-b535-358854b3d242,2025-08-05,ERP_CORPORATIVO,TRANSACOES_FINANCEIRAS,34255,319e839c35eebb0859927e67d667d6fc9c945c3f0fee5444dfe706c3eb4e947e
TR-34256,2025-07-23,2025-07-01,RH,FORN-00172,DESPESA,3438.1634085943515,3438.1634085943515,BRL,Manutenção preventiva de veículos - RH,17,TED,PAGO,d4641add-3306-4ba7-b535-358854b3d242,2025-08-05,ERP_CORPORATIVO,TRANSACOES_FINANCEIRAS,34256,cf0a76d659b6c5dfa894e7bc2be298422847a9ce4c72ad578539a20174b32910
TR-34257,2025-07-17,2025-07-01,COMP,FORN-00172,RECEITA,3597.2042854064252,3597.2042854064252,BRL,Receita eventual registrada em COMP,37,TED,PAGO,d4641add-3306-4ba7-b535-358854b3d242,2025-08-05,ERP_CORPORATIVO,TRANSACOES_FINANCEIRAS,34257,04facfcffb8ceddc63a3b8eeecc2bde64ebfec0d8a76c7a8c91c26b6005fbf56
TR-34258,2025-07-23,2025-07-01,MKT,FORN-00172,DESPESA,3111.301342841304,3111.301342841304,BRL,Custo operacional associado a MKT,8,TRANSFERENCIA,PAGO,d4641add-3306-4ba7-b535-358854b3d242,2025-08-05,ERP_CORPORATIVO,TRANSACOES_FINANCEIRAS,34258,68db03888dba4aeb1f91e124df1f5ed0ae5b54ff4a9377c3c043bd7ec0295fcf
TR-34259,2025-07-17,2025-07-01,ATD,FORN-00172,DESPESA,2928.4145303290443,2829.670840676781,BRL,Despesa de RH - ATD,6,TED,PAGO,d4641add-3306-4ba7-b535-358854b3d242,2025-08-05,ERP_CORPORATIVO,TRANSACOES_FINANCEIRAS,34259,38f39080ead349c878a033ad4413475e743b1df495ab199732bf724aa1a81d1d
TR-34260,2025-07-11,2025-07-01,FIN,FORN-00172,DESPESA,2706.7697339399083,2655.6970185823216,USD,Abastecimento de veículos - FIN,16,TED,CANCELADO,d4641add-3306-4ba7-b535-358854b3d242,2025-08-05,ERP_CORPORATIVO,TRANSACOES_FINANCEIRAS,34260,bf178b05e8d56074455c4d16b63ecb8b75639e0df579c11c9b869ec3161b25f6
TR-34261,2025-07-14,2025-07-01,FIN,FORN-00172,RECEITA,2586.813423183796,2510.578540332632,BRL,Comissão recebida por FIN,33,CARTAO,PAGO,d4641add-3306-4ba7-b535-358854b3d242,2025-08-05,ERP_CORPORATIVO,TRANSACOES_FINANCEIRAS,34261,2cbf0a29453f7da06b2d36b88ffc42d960b7259b874c0a5e1007a0f4da4b0e46
TR-34262,2025-07-14,2025-07-01,QAS,FORN-00172,RECEITA,2841.937957829398,2841.937957829398,BRL,Atendimento de TI requisitado por QAS,29,CARTAO,PAGO,d4641add-3306-4ba7-b535-358854b3d242,2025-08-05,ERP_CORPORATIVO,TRANSACOES_FINANCEIRAS,34262,b61f451bbb6addbc66d4f8ad6c3482506d89e1a9e3cd154386a889717a767455
TR-34263,2025-07-09,2025-07-01,FIN,FORN-00172,DESPESA,2793.5396687979096,2793.5396687979096,BRL,Hospedagem em viagem a serviço de FIN,19,BOLETO,PAGO,d4641add-3306-4ba7-b535-358854b3d242,2025-08-05,ERP_CORPORATIVO,TRANSACOES_FINANCEIRAS,34263,f966061318a288bf3a203b516bc022451f4d54e22ad010398ff9b4091f4f66a4
TR-34608,2025-07-14,2025-07-01,COM,FORN-00173,RECEITA,2458.992879616,2375.423766525598,BRL,Custo operacional associado a COM,8,TED,CANCELADO,d4641add-3306-4ba7-b535-358854b3d242,2025-08-05,ERP_CORPORATIVO,TRANSACOES_FINANCEIRAS,34608,7b1d79076de8ed72452a634f9c6c250f6c0bc882c7525552dc5b19715a58329e
TR-34609,2025-07-09,2025-07-01,OP,FORN-00173,DESPESA,2195.4593396328714,2195.4593396328714,BRL,Manutenção estrutural vinculada à área OP,3,TRANSFERENCIA,PAGO,d4641add-3306-4ba7-b535-358854b3d242,2025-08-05,ERP_CORPORATIVO,TRANSACOES_FINANCEIRAS,34609,67494a4797895c022c89bbeab89a4bf52efb1d1e633f363069606d0bf60617b3
TR-34610,2025-07-16,2025-07-01,ATD,FORN-00173,RECEITA,2222.856212011183,2112.7569719449275,BRL,Royalties recebidos por ATD,32,PIX,PAGO,d4641add-3306-4ba7-b535-358854b3d242,2025-08-05,ERP_CORPORATIVO,TRANSACOES_FINANCEIRAS,34610,5b327cb5829dc68acf5b3aa716aa1e8a3ace28b0bc83debaed1e2d8f15fbc09b
TR-34611,2025-07-18,2025-07-01,COM,FORN-00173,DESPESA,2307.2812598379046,2307.2812598379046,BRL,Serviço de tecnologia contratado por COM,5,TRANSFERENCIA,PAGO,d4641add-3306-4ba7-b535-358854b3d242,2025-08-05,ERP_CORPORATIVO,TRANSACOES_FINANCEIRAS,34611,b3724e2480bb6962a0296a52be95edc3ca9301063e893b8b1693823318750dfe
TR-34612,2025-07-18,2025-07-01,ATD,FORN-00173,RECEITA,6201.832353269394,6201.832353269394,BRL,Contrato de SaaS vinculado a ATD,27,BOLETO,PAGO,d4641add-3306-4ba7-b535-358854b3d242,2025-08-05,ERP_CORPORATIVO,TRANSACOES_FINANCEIRAS,34612,c74322c7e340480560ffeb0636d65b4ef8e472182344b70e4c6ebc1a6e58fada
TR-34613,2025-07-28,2025-07-01,RH,FORN-00173,DESPESA,2442.953652398882,2442.953652398882,BRL,Apólice de seguro - RH,21,BOLETO,PAGO,d4641add-3306-4ba7-b535-358854b3d242,2025-08-05,ERP_CORPORATIVO,TRANSACOES_FINANCEIRAS,34613,30174e87185290dd3a1237bbccbf6ee40038ca66530b66f12f083d7f847ecfd1
TR-34614,2025-07-02,2025-07-01,RH,FORN-00173,DESPESA,2225.1885672864346,2225.1885672864346,BRL,Direitos de propriedade intelectual - RH,32,TRANSFERENCIA,CANCELADO,d4641add-3306-4ba7-b535-358854b3d242,2025-08-05,ERP_CORPORATIVO,TRANSACOES_FINANCEIRAS,34614,be0ffb6fc114aee8dcda350e6740d84372b748aa7cf722c4e0946687cd7f81a5
TR-34615,2025-07-23,2025-07-01,RH,FORN-00173,RECEITA,1865.8152944145947,1804.095892556594,BRL,Compra de insumos para setor RH,2,PIX,ATRASADO,d4641add-3306-4ba7-b535-358854b3d242,2025-08-05,ERP_CORPORATIVO,TRANSACOES_FINANCEIRAS,34615,8ce709433fffaa3976146e4e36dbde2a67ec3ceb63542df3bb2eb73a4b7f1a74
TR-34616,2025-07-14,2025-07-01,QAS,FORN-00173,DESPESA,2785.4840536327124,2785.4840536327124,BRL,Encargos de empréstimo vinculados a QAS,23,CARTAO,PAGO,d4641add-3306-4ba7-b535-358854b3d242,2025-08-05,ERP_CORPORATIVO,TRANSACOES_FINANCEIRAS,34616,0b9298f2f57e6729e675c64b0aa4d868258f35c636941da7945b513c1a6a811b
TR-34617,2025-07-22,2025-07-01,ESG,FORN-00173,RECEITA,2368.359313294645,2368.359313294645,BRL,Compra de insumos para setor ESG,2,CARTAO,PAGO,d4641add-3306-4ba7-b535-358854b3d242,2025-08-05,ERP_CORPORATIVO,TRANSACOES_FINANCEIRAS,34617,c5fc86959d6174f0de85038d4bd19be735acc1eb4d5fa08cfc2d56a683c57923
TR-34618,2025-07-25,2025-07-01,MKT,FORN-00173,RECEITA,2382.711159493966,2382.711159493966,BRL,Aquisição de material operacional - MKT,2,TED,PAGO,d4641add-3306-4ba7-b535-358854b3d242,2025-08-05,ERP_CORPORATIVO,TRANSACOES_FINANCEIRAS,34618,fa3f9d7769c39d1d649b1a73f48b09d382525f307c2f046685d95bcb7368656c
TR-34619,2025-07-15,2025-07-01,FIN,FORN-00173,RECEITA,2152.4009645271153,2152.4009645271153,BRL,Despesa operacional - FIN,8,TED,PAGO,d4641add-3306-4ba7-b535-358854b3d242,2025-08-05,ERP_CORPORATIVO,TRANSACOES_FINANCEIRAS,34619,e74d1685d84c797d14fe77dfa338b3a8615ce2061934767d2e29884429780b3a
TR-34620,2025-07-21,2025-07-01,QAS,FORN-00173,RECEITA,2384.33194612335,2384.33194612335,BRL,Honorários jurídicos - QAS,7,PIX,ATRASADO,d4641add-3306-4ba7-b535-358854b3d242,2025-08-05,ERP_CORPORATIVO,TRANSACOES_FINANCEIRAS,34620,0a358e8dfcb4430221a4a24b5a35380228eb2b452ba238f6ec4f5fbfd509ffd9
TR-34621,2025-07-21,2025-07-01,SEC,FORN-00173,RECEITA,2482.4846079155227,2482.4846079155227,BRL,Despesa operacional - SEC,8,PIX,PAGO,d4641add-3306-4ba7-b535-358854b3d242,2025-08-05,ERP_CORPORATIVO,TRANSACOES_FINANCEIRAS,34621,fb8ece7f548d5c026b72f848ddb6e6144e55eedc29f656bd5f7f01f49e982e37
TR-34622,2025-07-10,2025-07-01,VND,FORN-00173,DESPESA,1994.290419851741,1907.0542263831212,BRL,Assessoria legal vinculada à área VND,7,BOLETO,PAGO,d4641add-3306-4ba7-b535-358854b3d242,2025-08-05,ERP_CORPORATIVO,TRANSACOES_FINANCEIRAS,34622,46c90258fb233e0f54a23370ca476bd9fd82aee838170b0ed58dfbbe14b9f11d
TR-34953,2025-07-04,2025-07-01,RH,1000173,DESPESA,1507.277570367728,1507.277570367728,BRL,Alienação de bem patrimonial - RH,35,PIX,PAGO,d4641add-3306-4ba7-b535-358854b3d242,2025-08-05,ERP_CORPORATIVO,TRANSACOES_FINANCEIRAS,34953,621f627628f8c4618a56a011f38174203cd26ef8a6106819bf5b2654e226f2e4
TR-34954,2025-07-07,2025-07-01,COMP,1000173,RECEITA,1930.488634738694,1930.488634738694,BRL,Serviço relacionado a recursos humanos (COMP),6,CARTAO,PAGO,d4641add-3306-4ba7-b535-358854b3d242,2025-08-05,ERP_CORPORATIVO,TRANSACOES_FINANCEIRAS,34954,064bfdcb42c00196ae226e80e8154ae19a9260cb20689b818a5aa1adc15cdfcf
TR-34955,2025-07-03,2025-07-01,COMP,1000173,DESPESA,1608.6840661828269,1608.6840661828269,BRL,Juros sobre operação financeira - COMP,23,PIX,PAGO,d4641add-3306-4ba7-b535-358854b3d242,2025-08-05,ERP_CORPORATIVO,TRANSACOES_FINANCEIRAS,34955,36da91d1c41b2aa7d296616574ab7a98271c1c003a958d9d1f130bd8e1f49628
TR-34956,2025-07-21,2025-07-01,JUR,1000173,DESPESA,1701.8543182652138,1701.8543182652138,BRL,Custo operacional associado a JUR,8,PIX,PAGO,d4641add-3306-4ba7-b535-358854b3d242,2025-08-05,ERP_CORPORATIVO,TRANSACOES_FINANCEIRAS,34956,cf98faeba717b320fc60d7230d0143326422c9378a56afa5464c5827fcdf92ae
TR-34957,2025-07-28,2025-07-01,PJT,1000173,DESPESA,1657.0075659691977,1657.0075659691977,BRL,Licenciamento de software - PJT,5,CARTAO,PAGO,d4641add-3306-4ba7-b535-358854b3d242,2025-08-05,ERP_CORPORATIVO,TRANSACOES_FINANCEIRAS,34957,39838e220fa27c042627a27eac7f7b5d450fcbf4a408da3cfa6173360868736e
TR-34958,2025-07-08,2025-07-01,SEC,1000173,RECEITA,1329.4319888080918,1329.4319888080918,BRL,Contrato de serviço - setor SEC,1,PIX,PAGO,d4641add-3306-4ba7-b535-358854b3d242,2025-08-05,ERP_CORPORATIVO,TRANSACOES_FINANCEIRAS,34958,f53ca2f1b7ef29837e4e76887cb3d76e32bcff5bd0f1f07cf06694906daf6112
TR-34959,2025-07-07,2025-07-01,OP,1000173,DESPESA,1573.3939898242068,1541.0833425615688,BRL,Aquisição de material operacional - OP,2,CARTAO,ATRASADO,d4641add-3306-4ba7-b535-358854b3d242,2025-08-05,ERP_CORPORATIVO,TRANSACOES_FINANCEIRAS,34959,e74981b66a68d9c2ff0b247c199c2bb4cdb61b3d4d29dde4b35de73e732efc99
TR-34960,2025-07-17,2025-07-01,FIN,1000173,DESPESA,1558.9998889338592,1558.9998889338592,BRL,Aquisição de material operacional - FIN,2,TED,PAGO,d4641add-3306-4ba7-b535-358854b3d242,2025-08-05,ERP_CORPORATIVO,TRANSACOES_FINANCEIRAS,34960,d97627dc379cd4dea3d4764c456f320341501dc13ea468473018972d5ca96d2c
TR-34961,2025-07-14,2025-07-01,FIN,1000173,RECEITA,1719.2881925363852,1719.2881925363852,BRL,Viagem corporativa - FIN,18,PIX,ATRASADO,d4641add-3306-4ba7-b535-358854b3d242,2025-08-05,ERP_CORPORATIVO,TRANSACOES_FINANCEIRAS,34961,2bbdd8fb278fc1b898dfe11c7bdc404043d2de9da8b0ab947df1c24f573e0c9b
TR-34962,2025-07-17,2025-07-01,COM,1000173,DESPESA,831.8083393234207,831.8083393234207,BRL,Compra de insumos para setor COM,2,BOLETO,PAGO,d4641add-3306-4ba7-b535-358854b3d242,2025-08-05,ERP_CORPORATIVO,TRANSACOES_FINANCEIRAS,34962,dc18519a2ae9d48c8962de92dffa7ad0e7b50aba6051a0780056b360a87a53b8
TR-34963,2025-07-21,2025-07-01,OP,1000173,RECEITA,1737.2549153284738,1681.9727946876296,BRL,Imposto sobre venda apurado em OP,40,TED,PAGO,d4641add-3306-4ba7-b535-358854b3d242,2025-08-05,ERP_CORPORATIVO,TRANSACOES_FINANCEIRAS,34963,e35b9cec02fdf6712d8c5e76436e1cfa065fff70907249b3ed0aaf36f48f3bc8
TR-34964,2025-07-28,2025-07-01,LOG,1000173,RECEITA,3653.815379125744,3581.1561253838063,BRL,Campanha institucional - LOG,4,TRANSFERENCIA,CANCELADO,d4641add-3306-4ba7-b535-358854b3d242,2025-08-05,ERP_CORPORATIVO,TRANSACOES_FINANCEIRAS,34964,824c61a34e0731f3b00cfeee837936faa83857e06cd75ee1021fc08d0ede5b75
TR-34965,2025-07-23,2025-07-01,MKT,1000173,DESPESA,1322.6272599548008,1322.6272599548008,BRL,Promoção e atividade externa - MKT,14,BOLETO,PAGO,d4641add-3306-4ba7-b535-358854b3d242,2025-08-05,ERP_CORPORATIVO,TRANSACOES_FINANCEIRAS,34965,d30d3c81f5e50acb7a8021920d864de584fbb19760ed59cdbb864e27be05f951
TR-34966,2025-07-07,2025-07-01,FIN,1000173,DESPESA,1605.2841466379964,1605.2841466379964,BRL,Receita extraordinária - FIN,37,BOLETO,PAGO,d4641add-3306-4ba7-b535-358854b3d242,2025-08-05,ERP_CORPORATIVO,TRANSACOES_FINANCEIRAS,34966,087c1789f5bc0f7dbaf6c698c3d32d55d5d2677db6a5f21502f8e765cfacc833
TR-35163,2025-07-14,2025-07-01,CTB,1000174,DESPESA,13258.840307517901,13258.840307517901,BRL,Custo operacional associado a CTB,8,BOLETO,PAGO,d4641add-3306-4ba7-b535-358854b3d242,2025-08-05,ERP_CORPORATIVO,TRANSACOES_FINANCEIRAS,35163,f26609f78b7e806d74798da0ab5dd49e9ee15e610135b8d46a6ae9f3da54e289
TR-35164,2025-07-17,2025-07-01,COM,1000174,DESPESA,11389.686079830151,11389.686079830151,BRL,Produção de material gráfico - COM,15,TED,PAGO,d4641add-3306-4ba7-b535-358854b3d242,2025-08-05,ERP_CORPORATIVO,TRANSACOES_FINANCEIRAS,35164,2509eab0c90d5103fc5d4729056698aaadd2c3925af536ecb5cda1fd4440a7dc
TR-35165,2025-07-16,2025-07-01,QAS,1000174,DESPESA,15063.328607065703,15063.328607065703,BRL,Devolução de venda processada por QAS,39,BOLETO,PAGO,d4641add-3306-4ba7-b535-358854b3d242,2025-08-05,ERP_CORPORATIVO,TRANSACOES_FINANCEIRAS,35165,53427de70ffc0f6cdb0d6b97e97be92ff16d39442626f48bf85e53490643d867
TR-35166,2025-07-08,2025-07-01,COM,1000174,RECEITA,11343.277402030473,10884.552921074366,BRL,Investimento em marketing corporativo (COM),4,TED,PAGO,d4641add-3306-4ba7-b535-358854b3d242,2025-08-05,ERP_CORPORATIVO,TRANSACOES_FINANCEIRAS,35166,62adf4591c0f91f98296b0ca575bb2d5b672800b86f087c41c83deb0d714651a
TR-35167,2025-07-07,2025-07-01,RH,1000174,DESPESA,11937.46961679798,11599.665614992497,BRL,Contrato de serviço - setor RH,1,PIX,PAGO,d4641add-3306-4ba7-b535-358854b3d242,2025-08-05,ERP_CORPORATIVO,TRANSACOES_FINANCEIRAS,35167,b42b926e9cf73736b7bc2e8bbd9c81a5b12515e5d2abc86b2eb287a4812adeaf
TR-35168,2025-07-14,2025-07-01,FIN,1000174,DESPESA,13199.558847368828,13199.558847368828,BRL,Honorários jurídicos - FIN,7,TED,PAGO,d4641add-3306-4ba7-b535-358854b3d242,2025-08-05,ERP_CORPORATIVO,TRANSACOES_FINANCEIRAS,35168,6aa370bb630efa8bce7f1ae6348d6be73014431b52a54c6c78a7663c937f90e3
TR-35169,2025-07-14,2025-07-01,PES,1000174,DESPESA,11920.897277882483,11920.897277882483,BRL,Serviço relacionado a recursos humanos (PES),6,TRANSFERENCIA,PAGO,d4641add-3306-4ba7-b535-358854b3d242,2025-08-05,ERP_CORPORATIVO,TRANSACOES_FINANCEIRAS,35169,db3c6e90670649f83223787852699035b949d9d2ddfc62cf7806d584829a654e
TR-35170,2025-07-07,2025-07-01,COMP,1000174,DESPESA,11186.470664796598,10862.6821134851,BRL,Licenciamento de software - COMP,5,TED,ATRASADO,d4641add-3306-4ba7-b535-358854b3d242,2025-08-05,ERP_CORPORATIVO,TRANSACOES_FINANCEIRAS,35170,258bdf21ac3c8612245142f859a32582cf728e5a1d128f15316332978a6eb3ab
TR-35171,2025-07-10,2025-07-01,CTB,1000174,DESPESA,11932.976590409802,11932.976590409802,BRL,Imposto sobre venda apurado em CTB,40,PIX,PAGO,d4641add-3306-4ba7-b535-358854b3d242,2025-08-05,ERP_CORPORATIVO,TRANSACOES_FINANCEIRAS,35171,0c7d7929d4cf929f8ff4e2fea41318e1d5be09303fb096b9cc81829b5befe255
TR-35172,2025-07-14,2025-07-01,PJT,1000174,DESPESA,11480.04182719179,11480.04182719179,USD,Campanha institucional - PJT,4,TRANSFERENCIA,PAGO,d4641add-3306-4ba7-b535-358854b3d242,2025-08-05,ERP_CORPORATIVO,TRANSACOES_FINANCEIRAS,35172,6612a10c078c4bcf12dafd5f9c97f00a91d931b83f41b94c6edf77a247d633f9
TR-35419,2025-07-15,2025-07-01,FIN,FORN-00176,RECEITA,2752.646716486703,2752.646716486703,BRL,Reparo de frota vinculado à área FIN,17,BOLETO,PAGO,d4641add-3306-4ba7-b535-358854b3d242,2025-08-05,ERP_CORPORATIVO,TRANSACOES_FINANCEIRAS,35419,32c37b573a1a592e49c98f5ab8cdddcd83de01bcde12d489a7c766c396649be9
TR-35420,2025-07-25,2025-07-01,COM,FORN-00176,DESPESA,2183.5831848493754,2183.5831848493754,BRL,Apólice de seguro - COM,21,PIX,ATRASADO,d4641add-3306-4ba7-b535-358854b3d242,2025-08-05,ERP_CORPORATIVO,TRANSACOES_FINANCEIRAS,35420,37eb528f69ce619bbeeab99170240fb690ce9904fdc4b58a059e8b812f2e07c1
TR-35421,2025-07-10,2025-07-01,RH,FORN-00176,RECEITA,1796.7717966150028,1796.7717966150028,USD,Honorários profissionais contratados por RH,11,PIX,PAGO,d4641add-3306-4ba7-b535-358854b3d242,2025-08-05,ERP_CORPORATIVO,TRANSACOES_FINANCEIRAS,35421,9e66804d42af4b5fb7a86e8d3ba9a16b9abf7e5e7d2e14713d75b0ee5d7683b4
TR-35422,2025-07-28,2025-07-01,TI,FORN-00176,DESPESA,2464.9293076942017,2464.9293076942017,BRL,Receita de comissão comercial - TI,33,PIX,PAGO,d4641add-3306-4ba7-b535-358854b3d242,2025-08-05,ERP_CORPORATIVO,TRANSACOES_FINANCEIRAS,35422,44851ad85e3d74f08ee89a519135d77c9357a37c9c496526d40603e0db52bbf8
TR-35423,2025-07-14,2025-07-01,PRD,FORN-00176,DESPESA,2388.2681372522,2361.0402001390307,BRL,Serviço especializado solicitado por PRD,1,PIX,ATRASADO,d4641add-3306-4ba7-b535-358854b3d242,2025-08-05,ERP_CORPORATIVO,TRANSACOES_FINANCEIRAS,35423,09318ba64b452dd876262f6b013df09dfa931dc1ea29cc51f39719870096e131
TR-35424,2025-07-17,2025-07-01,PRD,FORN-00176,DESPESA,2313.5348667835688,2313.5348667835688,BRL,Venda de ativo imobilizado por PRD,35,TED,PAGO,d4641add-3306-4ba7-b535-358854b3d242,2025-08-05,ERP_CORPORATIVO,TRANSACOES_FINANCEIRAS,35424,2b8ad7c99c71c132d8f1e959c53cc514dfc5d76486c50d8ed2065101e6128529
TR-35425,2025-07-09,2025-07-01,COM,FORN-00176,RECEITA,2236.0097676888,2236.0097676888,BRL,Aquisição de material operacional - COM,2,PIX,PAGO,d4641add-3306-4ba7-b535-358854b3d242,2025-08-05,ERP_CORPORATIVO,TRANSACOES_FINANCEIRAS,35425,b9787b0df907a73127810cb798448faf227b17f00af5ee1f328fd5a732063e67
TR-35426,2025-07-28,2025-07-01,RH,FORN-00176,RECEITA,2619.4115165811418,2588.8362702727404,BRL,Receita de aluguel creditada em RH,31,PIX,ATRASADO,d4641add-3306-4ba7-b535-358854b3d242,2025-08-05,ERP_CORPORATIVO,TRANSACOES_FINANCEIRAS,35426,776c08aecb98c9c698f952ea97238b1e8ee8d990c4c7fdf54966e31a2b08c1d0
TR-35427,2025-07-14,2025-07-01,MKT,FORN-00176,RECEITA,1960.5828118306526,1960.5828118306526,BRL,Honorários jurídicos - MKT,7,TED,PAGO,d4641add-3306-4ba7-b535-358854b3d242,2025-08-05,ERP_CORPORATIVO,TRANSACOES_FINANCEIRAS,35427,7abfd62e5a995689807a9e4e7bdcbf96bdfa01ded208bf895e173b0909ce4f2d
TR-35428,2025-07-07,2025-07-01,MKT,FORN-00176,DESPESA,2667.341588642704,2667.341588642704,BRL,Diária de hotel para equipe MKT,19,TED,PAGO,d4641add-3306-4ba7-b535-358854b3d242,2025-08-05,ERP_CORPORATIVO,TRANSACOES_FINANCEIRAS,35428,37bbefeac1da4728aee11b7323667e61474e74ca95b38703fd988b47a2a9f63f
TR-35429,2025-07-23,2025-07-01,CTB,FORN-00176,DESPESA,2721.6950983873376,2687.1327588093977,USD,Atendimento de TI requisitado por CTB,29,BOLETO,PAGO,d4641add-3306-4ba7-b535-358854b3d242,2025-08-05,ERP_CORPORATIVO,TRANSACOES_FINANCEIRAS,35429,0e4afe97493516fe49be22ad5b66efa7e953ca6c17d84395fcf867922b2de8f0
TR-35430,2025-07-14,2025-07-01,COM,FORN-00176,DESPESA,2323.0952141144217,2295.373164381219,USD,Aquisição de material operacional - COM,2,TRANSFERENCIA,PAGO,d4641add-3306-4ba7-b535-358854b3d242,2025-08-05,ERP_CORPORATIVO,TRANSACOES_FINANCEIRAS,35430,3afa649721e603ab0cbd20216a72f53133b40b5f34f949c7ec3dd5d37f19cc58
TR-35739,2025-07-28,2025-07-01,QAS,1000176,RECEITA,506.3899209595242,506.3899209595242,BRL,Produção de material gráfico - QAS,15,PIX,PAGO,d4641add-3306-4ba7-b535-358854b3d242,2025-08-05,ERP_CORPORATIVO,TRANSACOES_FINANCEIRAS,35739,1ae683d478e08a5e98188eed54fe7d8e5f0ccd5807f4a16311b50e250cb0c990
TR-35740,2025-07-21,2025-07-01,OP,1000176,DESPESA,2067.191344128217,2007.6709950628297,BRL,Produção de material gráfico - OP,15,PIX,PAGO,d4641add-3306-4ba7-b535-358854b3d242,2025-08-05,ERP_CORPORATIVO,TRANSACOES_FINANCEIRAS,35740,0b05d62a854274d3437dd87d985027f2767e09b7a6ee117fe2fcfdd2082a07df
TR-35741,2025-07-08,2025-07-01,FIN,1000176,DESPESA,2242.713318562664,2242.713318562664,BRL,Encargos de empréstimo vinculados a FIN,23,PIX,PAGO,d4641add-3306-4ba7-b535-358854b3d242,2025-08-05,ERP_CORPORATIVO,TRANSACOES_FINANCEIRAS,35741,daf5cc003e82d38eeac2b0558c3dd7e9d0e4fae8b64dca2300d387f66234cf64
TR-35742,2025-07-21,2025-07-01,CTB,1000176,RECEITA,1943.5285631351474,1864.6250951807576,BRL,Combustível e lubrificantes para frota (CTB),16,PIX,ATRASADO,d4641add-3306-4ba7-b535-358854b3d242,2025-08-05,ERP_CORPORATIVO,TRANSACOES_FINANCEIRAS,35742,b1d7ce28c9b3f48ba1d5b95c5545623df93c530041c3f53371b15e68bdaa51e3
TR-35743,2025-07-04,2025-07-01,CTB,1000176,DESPESA,2056.9572329105426,2024.7582940063576,USD,Manutenção estrutural vinculada à área CTB,3,TED,PAGO,d4641add-3306-4ba7-b535-358854b3d242,2025-08-05,ERP_CORPORATIVO,TRANSACOES_FINANCEIRAS,35743,2b170922af9dfbd0e2b62874d9798dec655d7515f2c99597c36e0a40b88277f2
TR-35744,2025-07-16,2025-07-01,COMP,1000176,RECEITA,2103.74663233267,2103.74663233267,BRL,Custo operacional associado a COMP,8,BOLETO,PAGO,d4641add-3306-4ba7-b535-358854b3d242,2025-08-05,ERP_CORPORATIVO,TRANSACOES_FINANCEIRAS,35744,33accfc5a23e59bb38285a1039fc7d6586083836a1652a0f5db92983568c33c1
TR-35745,2025-07-23,2025-07-01,RH,1000176,DESPESA,1899.3892037575035,1899.3892037575035,BRL,Reparo e conservação de instalações - RH,10,BOLETO,PAGO,d4641add-3306-4ba7-b535-358854b3d242,2025-08-05,ERP_CORPORATIVO,TRANSACOES_FINANCEIRAS,35745,00e6ca51baa917021f80e915b459e9e47eac2a70034072906074f2ac88eb4c42
TR-35746,2025-07-11,2025-07-01,VND,1000176,RECEITA,1990.1728733838156,1942.6748238710989,BRL,Despesa operacional - VND,8,TED,PAGO,d4641add-3306-4ba7-b535-358854b3d242,2025-08-05,ERP_CORPORATIVO,TRANSACOES_FINANCEIRAS,35746,92402a2797eaca1c9850dcd262383a5f3405d80232b73909ada69825a215d46a
TR-35888,2025-07-24,2025-07-01,FIN,FORN-00178,DESPESA,385.19130478414235,385.19130478414235,BRL,Receita de aluguel creditada em FIN,31,PIX,PAGO,d4641add-3306-4ba7-b535-358854b3d242,2025-08-05,ERP_CORPORATIVO,TRANSACOES_FINANCEIRAS,35888,e4a352a15e39df3bf39fc00bf7dd89007b86ea242707baba1a724162e90f73da
TR-35889,2025-07-07,2025-07-01,RH,FORN-00178,RECEITA,283.99517748722104,275.30402416364564,BRL,Aquisição de material operacional - RH,2,TED,PAGO,d4641add-3306-4ba7-b535-358854b3d242,2025-08-05,ERP_CORPORATIVO,TRANSACOES_FINANCEIRAS,35889,6201199c3093245f995bc4c75781ccec52ffb714226d02aa0482a999d860f960
TR-35890,2025-07-21,2025-07-01,COM,FORN-00178,RECEITA,408.1576872576164,395.0567231185877,BRL,Honorários jurídicos - COM,7,TED,ATRASADO,d4641add-3306-4ba7-b535-358854b3d242,2025-08-05,ERP_CORPORATIVO,TRANSACOES_FINANCEIRAS,35890,b3864ed631fac3bb8359f65d55f9e1411bb309d6b6a9d9ba63ce1d8f877f66fe
TR-35891,2025-07-14,2025-07-01,PES,FORN-00178,RECEITA,308.5228356090106,295.1768452770952,BRL,Reparo de hardware solicitado por PES,28,BOLETO,CANCELADO,d4641add-3306-4ba7-b535-358854b3d242,2025-08-05,ERP_CORPORATIVO,TRANSACOES_FINANCEIRAS,35891,7c8c3fdacd01f1927cdb49de9a20d6f1c7b933e6aac0e66335d0293585261725
TR-35892,2025-07-22,2025-07-01,COM,FORN-00178,RECEITA,370.04315236946854,360.89850352567913,BRL,Alienação de bem patrimonial - COM,35,TED,ATRASADO,d4641add-3306-4ba7-b535-358854b3d242,2025-08-05,ERP_CORPORATIVO,TRANSACOES_FINANCEIRAS,35892,fc031851b6ebbdc10e99edfea9aba01b7ae45544b0a03384f6d32fb23f513a99
TR-35893,2025-07-10,2025-07-01,JUR,FORN-00178,DESPESA,337.31435366976547,322.74723607941496,EUR,Doação recebida em favor de JUR,36,TRANSFERENCIA,CANCELADO,d4641add-3306-4ba7-b535-358854b3d242,2025-08-05,ERP_CORPORATIVO,TRANSACOES_FINANCEIRAS,35893,b1c6c0501c1a446c04b1c5e75dbbf3dbcfb665264f352285be27f2e70e92ffcf
TR-35894,2025-07-07,2025-07-01,OP,FORN-00178,DESPESA,395.26977608400904,395.26977608400904,BRL,Aquisição de material operacional - OP,2,BOLETO,ATRASADO,d4641add-3306-4ba7-b535-358854b3d242,2025-08-05,ERP_CORPORATIVO,TRANSACOES_FINANCEIRAS,35894,d842b6cfc7c48609274e28b0b30faad248e3d6fdc2d65038c8683df28108af07
TR-35895,2025-07-21,2025-07-01,OP,FORN-00178,DESPESA,374.7210406616058,370.5818847287134,BRL,Despesa operacional - OP,8,CARTAO,PAGO,d4641add-3306-4ba7-b535-358854b3d242,2025-08-05,ERP_CORPORATIVO,TRANSACOES_FINANCEIRAS,35895,37a148883a5f1be4df7a3f9c1232677001cd57b1d23089f1f0d54972006d43ae
TR-35896,2025-07-11,2025-07-01,ADM,FORN-00178,RECEITA,369.81696291473656,369.81696291473656,BRL,Estorno de receita - ADM,39,PIX,PAGO,d4641add-3306-4ba7-b535-358854b3d242,2025-08-05,ERP_CORPORATIVO,TRANSACOES_FINANCEIRAS,35896,29f3b29cd426e4efb139cbf4637b3dc87edf5422b5d962fac9bab06f6a660f0a
TR-35897,2025-07-15,2025-07-01,COMP,FORN-00178,RECEITA,356.4786291984584,356.4786291984584,BRL,Reparo de frota vinculado à área COMP,17,CARTAO,PAGO,d4641add-3306-4ba7-b535-358854b3d242,2025-08-05,ERP_CORPORATIVO,TRANSACOES_FINANCEIRAS,35897,9382ea24bd4775fca0a652002616f6158ff279b9209dac02980d76717bd9d581
TR-35898,2025-07-10,2025-07-01,RH,FORN-00178,DESPESA,330.4130592083884,330.4130592083884,BRL,Despesa operacional - RH,8,TRANSFERENCIA,CANCELADO,d4641add-3306-4ba7-b535-358854b3d242,2025-08-05,ERP_CORPORATIVO,TRANSACOES_FINANCEIRAS,35898,6132fc462ad59cb33e62092f7e1d900456728b67d1c5849f56cc89e6300fd4e7
TR-35899,2025-07-18,2025-07-01,COMP,FORN-00178,DESPESA,315.7865650529385,300.4541381997857,BRL,Hospedagem em viagem a serviço de COMP,19,TED,PAGO,d4641add-3306-4ba7-b535-358854b3d242,2025-08-05,ERP_CORPORATIVO,TRANSACOES_FINANCEIRAS,35899,5dbe8792dad16f2228620e3770a72757afaeef8e7c60f38ca9d2e177a016a0e0
TR-35900,2025-07-16,2025-07-01,VND,FORN-00178,DESPESA,303.61813011835005,303.61813011835005,BRL,Serviço técnico especializado para VND,11,PIX,PAGO,d4641add-3306-4ba7-b535-358854b3d242,2025-08-05,ERP_CORPORATIVO,TRANSACOES_FINANCEIRAS,35900,62bfdcbb060112c0d64971feb98383c15492dd29c329bde35cd426c29be28e3e
TR-35901,2025-07-16,2025-07-01,MKT,FORN-00178,DESPESA,327.505969816864,327.505969816864,BRL,Manutenção estrutural vinculada à área MKT,3,CARTAO,PAGO,d4641add-3306-4ba7-b535-358854b3d242,2025-08-05,ERP_CORPORATIVO,TRANSACOES_FINANCEIRAS,35901,44860649edc8e22d8344d433f4565969cdc61f244a040b778766301ddcb3e492
TR-35902,2025-07-21,2025-07-01,COMP,FORN-00178,RECEITA,381.94954396157317,381.94954396157317,BRL,Doação recebida em favor de COMP,36,TED,PAGO,d4641add-3306-4ba7-b535-358854b3d242,2025-08-05,ERP_CORPORATIVO,TRANSACOES_FINANCEIRAS,35902,49e894a62fd1c17e03d1db7ad74f09bbc8276193326856b01e2c3d0bf1455f02
TR-35903,2025-07-04,2025-07-01,JUR,FORN-00178,RECEITA,315.41303777483176,308.3270279478588,BRL,Tributo incidente sobre receita de JUR,40,TRANSFERENCIA,PAGO,d4641add-3306-4ba7-b535-358854b3d242,2025-08-05,ERP_CORPORATIVO,TRANSACOES_FINANCEIRAS,35903,32354ec6a02efb7c4d5b383beb816d63b4428fb57f2fc9c0b39c362ca834676d
TR-35904,2025-07-04,2025-07-01,QAS,FORN-00178,DESPESA,393.45914312071415,393.45914312071415,BRL,Royalties recebidos por QAS,32,PIX,PAGO,d4641add-3306-4ba7-b535-358854b3d242,2025-08-05,ERP_CORPORATIVO,TRANSACOES_FINANCEIRAS,35904,e5528880b1309b32b74763710eda417459dfe76a8d2c765489031270bb9fd27e
TR-35905,2025-07-07,2025-07-01,TI,FORN-00178,DESPESA,314.6605858291646,314.6605858291646,BRL,Alienação de bem patrimonial - TI,35,CARTAO,PAGO,d4641add-3306-4ba7-b535-358854b3d242,2025-08-05,ERP_CORPORATIVO,TRANSACOES_FINANCEIRAS,35905,6a4dffe0e157eedfc521337e0846b19a204fdcfc80880961ea1669976e7ba818
TR-35906,2025-07-14,2025-07-01,ADM,FORN-00178,RECEITA,342.9677756974286,342.9677756974286,BRL,Compra de insumos para setor ADM,2,CARTAO,PAGO,d4641add-3306-4ba7-b535-358854b3d242,2025-08-05,ERP_CORPORATIVO,TRANSACOES_FINANCEIRAS,35906,885f3f8c7c798793c123d645275962d179f21375e69242ca9761b98445a4562e
TR-36215,2025-07-15,2025-07-01,MKT,1000179,DESPESA,6768.392320265107,6768.392320265107,BRL,Contrato de serviço - setor MKT,1,PIX,PAGO,d4641add-3306-4ba7-b535-358854b3d242,2025-08-05,ERP_CORPORATIVO,TRANSACOES_FINANCEIRAS,36215,fdb21d341858be9b18ec6f4895e8d39540a9ae8066f328c95b935987a02d5a34
TR-36216,2025-07-25,2025-07-01,PJT,1000179,RECEITA,8110.4538251950535,8110.4538251950535,BRL,Alienação de bem patrimonial - PJT,35,CARTAO,PAGO,d4641add-3306-4ba7-b535-358854b3d242,2025-08-05,ERP_CORPORATIVO,TRANSACOES_FINANCEIRAS,36216,b62a5b4e38f216664d771b7d00ac0563254364ab80c1a976496312bce24f1590
TR-36217,2025-07-10,2025-07-01,COM,1000179,DESPESA,6675.849360495022,6675.849360495022,BRL,Contrato de serviço - setor COM,1,TRANSFERENCIA,PAGO,d4641add-3306-4ba7-b535-358854b3d242,2025-08-05,ERP_CORPORATIVO,TRANSACOES_FINANCEIRAS,36217,e8928d0004cbba1381d5f875bb0431d5acb5fb3085c8b40bc5cfeee00cb869a3
TR-36562,2025-07-17,2025-07-01,LOG,ACC-00181,DESPESA,1897.960777513781,1897.960777513781,BRL,Assessoria legal vinculada à área LOG,7,TRANSFERENCIA,CANCELADO,d4641add-3306-4ba7-b535-358854b3d242,2025-08-05,ERP_CORPORATIVO,TRANSACOES_FINANCEIRAS,36562,475789516463bb11fcc3caf7cc9ff29414ce299c96780a485112475580210efa
TR-36563,2025-07-21,2025-07-01,CTB,ACC-00181,DESPESA,5591.081426501805,5591.081426501805,BRL,Compra de insumos para setor CTB,2,BOLETO,PAGO,d4641add-3306-4ba7-b535-358854b3d242,2025-08-05,ERP_CORPORATIVO,TRANSACOES_FINANCEIRAS,36563,853fd11741775daa28d96d7ac0adc25021b1749ae6393d80fb8c661741be05ff
TR-36564,2025-07-10,2025-07-01,TI,ACC-00181,RECEITA,1962.2276447302186,1936.3148132891645,BRL,Evento corporativo organizado por TI,14,TED,ATRASADO,d4641add-3306-4ba7-b535-358854b3d242,2025-08-05,ERP_CORPORATIVO,TRANSACOES_FINANCEIRAS,36564,88d238f8d13fb425af04300e52b3eb530356933fae15a6f5995f8235e0cad824
TR-36565,2025-07-14,2025-07-01,ESG,ACC-00181,DESPESA,1828.2368241516947,1828.2368241516947,BRL,Produção de material gráfico - ESG,15,TED,CANCELADO,d4641add-3306-4ba7-b535-358854b3d242,2025-08-05,ERP_CORPORATIVO,TRANSACOES_FINANCEIRAS,36565,d2aeb715d7591201db63a463d67552a85536007ae8d14c470a11e1b5dcd4a7ef
TR-36566,2025-07-17,2025-07-01,FIN,ACC-00181,DESPESA,1941.4763077482899,1941.4763077482899,BRL,Receita extraordinária - FIN,37,BOLETO,PAGO,d4641add-3306-4ba7-b535-358854b3d242,2025-08-05,ERP_CORPORATIVO,TRANSACOES_FINANCEIRAS,36566,d467edc1bfcb63bc51082f7ee200e1d62c01fe4351ea1ff1d5f19fa57d4c05e3
TR-36567,2025-07-21,2025-07-01,RH,ACC-00181,DESPESA,4462.991353144595,4462.991353144595,BRL,Serviço especializado solicitado por RH,1,TRANSFERENCIA,PAGO,d4641add-3306-4ba7-b535-358854b3d242,2025-08-05,ERP_CORPORATIVO,TRANSACOES_FINANCEIRAS,36567,e5e870d4768d27d9ae0e51d26b3b5adeb1ddb6ec6c007b02c1bb9f5756d7a779
TR-36568,2025-07-16,2025-07-01,FIN,ACC-00181,RECEITA,1846.2222633087026,1846.2222633087026,BRL,Custo operacional associado a FIN,8,TED,ATRASADO,d4641add-3306-4ba7-b535-358854b3d242,2025-08-05,ERP_CORPORATIVO,TRANSACOES_FINANCEIRAS,36568,bc7e17d5832d0be2d76cd9dc8a0907f34957caef0b43bec68bb03810c0eab852
TR-36569,2025-07-07,2025-07-01,PRD,ACC-00181,DESPESA,1893.3294766654237,1858.9634350467677,BRL,Compra de insumos para setor PRD,2,TED,PAGO,d4641add-3306-4ba7-b535-358854b3d242,2025-08-05,ERP_CORPORATIVO,TRANSACOES_FINANCEIRAS,36569,85713e4c98962d7eb72ddb71ef96956124029fa88e5fc7729c1ad64c24e61373
TR-36570,2025-07-07,2025-07-01,PJT,ACC-00181,DESPESA,2291.2534871087287,2291.2534871087287,BRL,Despesa de RH - PJT,6,TRANSFERENCIA,PAGO,d4641add-3306-4ba7-b535-358854b3d242,2025-08-05,ERP_CORPORATIVO,TRANSACOES_FINANCEIRAS,36570,6fe1203b1ccb871f46c8bd10dc63c9cb68f728e7b244ecd299817768e2f0746f
TR-36571,2025-07-21,2025-07-01,ATD,ACC-00181,RECEITA,2331.5162432731377,2331.5162432731377,BRL,Compra de insumos para setor ATD,2,TRANSFERENCIA,PAGO,d4641add-3306-4ba7-b535-358854b3d242,2025-08-05,ERP_CORPORATIVO,TRANSACOES_FINANCEIRAS,36571,62d36f028a1a6bbe7ff43ff4ea267dbdf07560c714fb4574cf52d6c1e0ce6087
TR-36572,2025-07-14,2025-07-01,RH,ACC-00181,RECEITA,2198.8554082501946,2198.8554082501946,BRL,Licença de software para área RH,27,PIX,PAGO,d4641add-3306-4ba7-b535-358854b3d242,2025-08-05,ERP_CORPORATIVO,TRANSACOES_FINANCEIRAS,36572,69cfffd827929404e38cd7586a64b5c090f8081f5837bb61a25866c6759c989f
TR-36573,2025-07-07,2025-07-01,OP,ACC-00181,DESPESA,2400.1530290824844,2400.1530290824844,BRL,Licença de software para área OP,27,BOLETO,PAGO,d4641add-3306-4ba7-b535-358854b3d242,2025-08-05,ERP_CORPORATIVO,TRANSACOES_FINANCEIRAS,36573,3b3689905d793c54305a37dc101788aba9807b2b21e82dead5f9dac5f872f2b7
TR-36574,2025-07-17,2025-07-01,MKT,ACC-00181,DESPESA,2319.1404596929065,2319.1404596929065,BRL,Contrato de serviço - setor MKT,1,PIX,PAGO,d4641add-3306-4ba7-b535-358854b3d242,2025-08-05,ERP_CORPORATIVO,TRANSACOES_FINANCEIRAS,36574,b120cf703aa75275478074c05817ee13d2228139cfcad41f83aa7af8f2a06bed
TR-36575,2025-07-18,2025-07-01,TI,ACC-00181,DESPESA,2005.4835424713312,2005.4835424713312,BRL,Certificado digital adquirido por TI,26,TED,PAGO,d4641add-3306-4ba7-b535-358854b3d242,2025-08-05,ERP_CORPORATIVO,TRANSACOES_FINANCEIRAS,36575,62a820d738d1d55c794f364a8af9327df226b3d8dd5329dba09c2c226a0855b2
TR-36576,2025-07-22,2025-07-01,PJT,ACC-00181,RECEITA,2468.5884694391734,2468.5884694391734,BRL,Serviço técnico especializado para PJT,11,TRANSFERENCIA,PAGO,d4641add-3306-4ba7-b535-358854b3d242,2025-08-05,ERP_CORPORATIVO,TRANSACOES_FINANCEIRAS,36576,db0960acaad48e488412acac5189a498ebf97e5c45d5afa27e436dc108378085
TR-36577,2025-07-14,2025-07-01,QAS,ACC-00181,DESPESA,2364.7767082977225,2280.1879297472506,BRL,Prestação de serviço para área QAS,1,PIX,PAGO,d4641add-3306-4ba7-b535-358854b3d242,2025-08-05,ERP_CORPORATIVO,TRANSACOES_FINANCEIRAS,36577,cb474ba94e4287a50f67a5167c5073f11d6c6b85d7e6933308b238d7a549f1dc
TR-36578,2025-07-22,2025-07-01,PES,ACC-00181,DESPESA,2008.695992054172,2008.695992054172,BRL,Compra de insumos para setor PES,2,TED,ATRASADO,d4641add-3306-4ba7-b535-358854b3d242,2025-08-05,ERP_CORPORATIVO,TRANSACOES_FINANCEIRAS,36578,40c14d8e735a92c416edf9e2506c1a49b6b22e85f92de3923e238f0da9c8482e
TR-36709,2025-07-04,2025-07-01,OP,1000181,RECEITA,484.1491960138577,484.1491960138577,BRL,Resultado de equivalência patrimonial - OP,34,TRANSFERENCIA,CANCELADO,d4641add-3306-4ba7-b535-358854b3d242,2025-08-05,ERP_CORPORATIVO,TRANSACOES_FINANCEIRAS,36709,8a8f4cfbaf28d87ae3d19248df578fe5d152d269cba636b98a664c8539fdeddd
TR-36710,2025-07-14,2025-07-01,FIN,1000181,DESPESA,1986.448180183483,1986.448180183483,BRL,Royalties recebidos por FIN,32,TED,PAGO,d4641add-3306-4ba7-b535-358854b3d242,2025-08-05,ERP_CORPORATIVO,TRANSACOES_FINANCEIRAS,36710,ebf9a90322ee6cb6ecbb0e0bf0cb1f1181989548bc48e609b5cc80efdedb917c
TR-36711,2025-07-14,2025-07-01,JUR,1000181,RECEITA,7301.404052747878,7301.404052747878,BRL,Serviço de tecnologia contratado por JUR,5,TRANSFERENCIA,PAGO,d4641add-3306-4ba7-b535-358854b3d242,2025-08-05,ERP_CORPORATIVO,TRANSACOES_FINANCEIRAS,36711,7db2c9b7921ddec26a03e39cc0a5ad13680446214949d7f2c79b6f95b3b8111d
TR-36712,2025-07-07,2025-07-01,COMP,1000181,RECEITA,2066.811393536204,2066.811393536204,USD,Receita de comissão comercial - COMP,33,PIX,PAGO,d4641add-3306-4ba7-b535-358854b3d242,2025-08-05,ERP_CORPORATIVO,TRANSACOES_FINANCEIRAS,36712,dafc09cefd4464c1ce32fd80ae34f182d8fbe3648967929094434f3c890f210f
TR-36713,2025-07-08,2025-07-01,COMP,1000181,DESPESA,1783.5318547493182,1783.5318547493182,BRL,Manutenção estrutural vinculada à área COMP,3,TRANSFERENCIA,PAGO,d4641add-3306-4ba7-b535-358854b3d242,2025-08-05,ERP_CORPORATIVO,TRANSACOES_FINANCEIRAS,36713,e94d676aceb94a507a9774e53434a71b827c664f2377d625b0a75eaf3b91f6db
TR-36714,2025-07-14,2025-07-01,COMP,1000181,DESPESA,2074.6376267317655,2074.6376267317655,BRL,Contrato de serviço - setor COMP,1,BOLETO,PAGO,d4641add-3306-4ba7-b535-358854b3d242,2025-08-05,ERP_CORPORATIVO,TRANSACOES_FINANCEIRAS,36714,cf03edd919d7d618327a32cd52feb07b9765823282b4c23c3131ba65e586b899
TR-36715,2025-07-28,2025-07-01,MKT,1000181,DESPESA,2012.304591231353,2012.304591231353,BRL,Prestação de serviço para área MKT,1,CARTAO,PAGO,d4641add-3306-4ba7-b535-358854b3d242,2025-08-05,ERP_CORPORATIVO,TRANSACOES_FINANCEIRAS,36715,112076f64aa600049c1855f2b3f72bd9fb5380c3308aafed1443d4d8fda9a3e4
TR-36716,2025-07-17,2025-07-01,RH,1000181,DESPESA,2242.201900633166,2242.201900633166,BRL,Compra de insumos para setor RH,2,TED,PAGO,d4641add-3306-4ba7-b535-358854b3d242,2025-08-05,ERP_CORPORATIVO,TRANSACOES_FINANCEIRAS,36716,f51ad93ccecb749ad104d96091ebfc06ba219d3193c323ed5231f53864e6edcf
TR-36717,2025-07-15,2025-07-01,TI,1000181,RECEITA,1976.798519509568,1952.340753221703,BRL,Despesa de infraestrutura - TI,3,CARTAO,PAGO,d4641add-3306-4ba7-b535-358854b3d242,2025-08-05,ERP_CORPORATIVO,TRANSACOES_FINANCEIRAS,36717,7f970222364cea4bb8cb68dff4290a51a147ed2e8244176ad257038744f0f70d
TR-36718,2025-07-11,2025-07-01,PJT,1000181,DESPESA,2154.8118661772787,2154.8118661772787,BRL,Certificado digital adquirido por PJT,26,TED,PAGO,d4641add-3306-4ba7-b535-358854b3d242,2025-08-05,ERP_CORPORATIVO,TRANSACOES_FINANCEIRAS,36718,451e5dae53f849f2aed38ee75a4ee5f114493ba933bcd39804b569c9e2454c15
TR-36719,2025-07-18,2025-07-01,FIN,1000181,RECEITA,1844.5656550034737,1795.1611958268331,USD,Serviço relacionado a recursos humanos (FIN),6,PIX,CANCELADO,d4641add-3306-4ba7-b535-358854b3d242,2025-08-05,ERP_CORPORATIVO,TRANSACOES_FINANCEIRAS,36719,935435477c4ed6ae481a2eceecced9075f3554cf5c093ba357902bbe1ccb161d
TR-36720,2025-07-28,2025-07-01,COM,1000181,DESPESA,7115.911011054928,7026.156428982795,BRL,Campanha institucional - COM,4,BOLETO,PAGO,d4641add-3306-4ba7-b535-358854b3d242,2025-08-05,ERP_CORPORATIVO,TRANSACOES_FINANCEIRAS,36720,829d07837fbd46d64a6fd4b9466dcf8c54958c246eaf02d9fd35198c6db4681c
TR-36812,2025-07-09,2025-07-01,PRD,1000182,DESPESA,6793.720432688071,6793.720432688071,BRL,Manutenção de equipamentos de PRD,28,TRANSFERENCIA,PAGO,d4641add-3306-4ba7-b535-358854b3d242,2025-08-05,ERP_CORPORATIVO,TRANSACOES_FINANCEIRAS,36812,972903a1828d74c02a269a0668e8cfe18f123037c3432cdb5fcd5ea8d141f299
TR-36813,2025-07-17,2025-07-01,ESG,1000182,RECEITA,6350.773751223184,6350.773751223184,BRL,Capacitação profissional vinculada a ESG,30,CARTAO,PAGO,d4641add-3306-4ba7-b535-358854b3d242,2025-08-05,ERP_CORPORATIVO,TRANSACOES_FINANCEIRAS,36813,399a234bc1d877a34dac6e97f83439e1dc6c5be0318c59017db3ddfcb5941382
TR-36814,2025-07-10,2025-07-01,SEC,1000182,DESPESA,6523.842502303368,6523.842502303368,USD,Contrato de serviço - setor SEC,1,TRANSFERENCIA,ATRASADO,d4641add-3306-4ba7-b535-358854b3d242,2025-08-05,ERP_CORPORATIVO,TRANSACOES_FINANCEIRAS,36814,dabcc1accca8e8baf214e124c43820c8853185973ece2a8c3c3174b70203aed5
TR-36815,2025-07-11,2025-07-01,COM,1000182,RECEITA,5783.17833836154,5659.686078095755,BRL,Renovação de certificados digitais - COM,26,PIX,PAGO,d4641add-3306-4ba7-b535-358854b3d242,2025-08-05,ERP_CORPORATIVO,TRANSACOES_FINANCEIRAS,36815,493cf44ffada448c78050ba2aabd0a60c268ef1d4de0f60823963ce031eba9b9
TR-36816,2025-07-08,2025-07-01,COMP,1000182,RECEITA,6570.061579493501,6395.238535853113,BRL,Contrato de serviço - setor COMP,1,BOLETO,PAGO,d4641add-3306-4ba7-b535-358854b3d242,2025-08-05,ERP_CORPORATIVO,TRANSACOES_FINANCEIRAS,36816,472104582d74577f1586a9f0ddd8b6c8a96d6bad243e894a72dcf75330c22df2
TR-36817,2025-07-24,2025-07-01,MKT,1000182,DESPESA,6225.108222144011,6159.253060426124,BRL,Viagem corporativa - MKT,18,BOLETO,CANCELADO,d4641add-3306-4ba7-b535-358854b3d242,2025-08-05,ERP_CORPORATIVO,TRANSACOES_FINANCEIRAS,36817,415b58f54170820652573f5ac40b7b23d0b01f7eda46e136ce4739ca9f8e48d7
TR-36818,2025-07-11,2025-07-01,COMP,1000182,RECEITA,6659.846663771599,6659.846663771599,BRL,Aquisição de material operacional - COMP,2,TRANSFERENCIA,PAGO,d4641add-3306-4ba7-b535-358854b3d242,2025-08-05,ERP_CORPORATIVO,TRANSACOES_FINANCEIRAS,36818,bc83d8659c33ff57abf7f05ed3549db8316a9a7bb9344b6453403753110c591d
TR-36819,2025-07-09,2025-07-01,COMP,1000182,RECEITA,5634.249951276853,5634.249951276853,BRL,Compra de insumos para setor COMP,2,TRANSFERENCIA,PAGO,d4641add-3306-4ba7-b535-358854b3d242,2025-08-05,ERP_CORPORATIVO,TRANSACOES_FINANCEIRAS,36819,a868511168b9a3dd352ef10a9caceb1efe408db323efe20ba94128a430c3c22a
TR-36820,2025-07-14,2025-07-01,TI,1000182,RECEITA,7293.764378023663,7293.764378023663,BRL,Compra de insumos para setor TI,2,PIX,ATRASADO,d4641add-3306-4ba7-b535-358854b3d242,2025-08-05,ERP_CORPORATIVO,TRANSACOES_FINANCEIRAS,36820,f60f111f280473f40d17458f75a2faac17ac17eea645a282858bbb40f1e52c9f
TR-36821,2025-07-08,2025-07-01,FIN,1000182,RECEITA,6500.880155709416,6500.880155709416,BRL,Reparo de hardware solicitado por FIN,28,TED,PAGO,d4641add-3306-4ba7-b535-358854b3d242,2025-08-05,ERP_CORPORATIVO,TRANSACOES_FINANCEIRAS,36821,93cbd557503031ea18030d3f642aca5ae2fdf51ec4b689cbcb79c277e70c98c7
TR-36822,2025-07-09,2025-07-01,COMP,1000182,DESPESA,6864.859138139198,6864.859138139198,BRL,Licenciamento de software - COMP,5,TRANSFERENCIA,PAGO,d4641add-3306-4ba7-b535-358854b3d242,2025-08-05,ERP_CORPORATIVO,TRANSACOES_FINANCEIRAS,36822,6576dbdf22ca0d1b0105ea420c71f011bff3feab491f7334d99b9044742cb3e6
TR-36823,2025-07-16,2025-07-01,OP,1000182,DESPESA,6344.434990507909,6344.434990507909,BRL,Receita extraordinária - OP,37,PIX,PAGO,d4641add-3306-4ba7-b535-358854b3d242,2025-08-05,ERP_CORPORATIVO,TRANSACOES_FINANCEIRAS,36823,725a32574ada8ec8ccce21632f606f9567f857c8aa3d7ab536a716da5b15da68
TR-36824,2025-07-11,2025-07-01,MKT,1000182,DESPESA,6735.732010690832,6735.732010690832,BRL,Contrato de consultoria externa - MKT,12,BOLETO,PAGO,d4641add-3306-4ba7-b535-358854b3d242,2025-08-05,ERP_CORPORATIVO,TRANSACOES_FINANCEIRAS,36824,8ed1e2fcca2d977014dc1b96baec3756dd52e4d5de22e1ccc49c75de0d9344fb
TR-37142,2025-07-21,2025-07-01,ESG,ACC-00185,DESPESA,1215.5797524587686,1180.9432405720913,BRL,Compra de insumos para setor ESG,2,TRANSFERENCIA,PAGO,d4641add-3306-4ba7-b535-358854b3d242,2025-08-05,ERP_CORPORATIVO,TRANSACOES_FINANCEIRAS,37142,0ab57a2868cf19177d53aecb260b5a4d09e468950e7bde5939747f9a3570a653
TR-37143,2025-07-16,2025-07-01,TI,ACC-00185,DESPESA,1074.32725750455,1074.32725750455,BRL,Custo operacional associado a TI,8,TED,CANCELADO,d4641add-3306-4ba7-b535-358854b3d242,2025-08-05,ERP_CORPORATIVO,TRANSACOES_FINANCEIRAS,37143,23fdbfd6dde0ee617b6aea8b1c090b02165f59374a91dcd2c2b3cbd7558a6d5e
TR-37144,2025-07-25,2025-07-01,VND,ACC-00185,RECEITA,1076.4142940778493,1076.4142940778493,BRL,Devolução de venda processada por VND,39,PIX,PAGO,d4641add-3306-4ba7-b535-358854b3d242,2025-08-05,ERP_CORPORATIVO,TRANSACOES_FINANCEIRAS,37144,7e184013d62ef558126effaf614b016dd313ba1ea9fa8e1111aef7dbb81a83e2
TR-37145,2025-07-16,2025-07-01,QAS,ACC-00185,DESPESA,1378.787158034071,1378.787158034071,BRL,Compra de insumos para setor QAS,2,TED,PAGO,d4641add-3306-4ba7-b535-358854b3d242,2025-08-05,ERP_CORPORATIVO,TRANSACOES_FINANCEIRAS,37145,2b99859540eb7d93f8ee86ac1db2ab13cdc5f067ec6413b2ba417d40466c2abc
TR-37146,2025-07-07,2025-07-01,FIN,ACC-00185,DESPESA,1263.9160987766286,1224.0571020207724,BRL,Campanha institucional - FIN,4,CARTAO,ATRASADO,d4641add-3306-4ba7-b535-358854b3d242,2025-08-05,ERP_CORPORATIVO,TRANSACOES_FINANCEIRAS,37146,82cd37b826644505878a707075ff4718beee793225220f6aef2716178d248082
TR-37147,2025-07-28,2025-07-01,OP,ACC-00185,RECEITA,1147.3439182881446,1147.3439182881446,BRL,Campanha institucional - OP,4,TED,PAGO,d4641add-3306-4ba7-b535-358854b3d242,2025-08-05,ERP_CORPORATIVO,TRANSACOES_FINANCEIRAS,37147,d30b581e5bb1d1c21480edc3911a2d19649e057611b9ed85fb4964e1bd38c828
TR-37148,2025-07-21,2025-07-01,VND,ACC-00185,DESPESA,1263.258993999486,1263.258993999486,BRL,Atendimento de TI requisitado por VND,29,BOLETO,PAGO,d4641add-3306-4ba7-b535-358854b3d242,2025-08-05,ERP_CORPORATIVO,TRANSACOES_FINANCEIRAS,37148,d05d8a93bd488f5163840830a3aee20f3a14148cb6b501f1f132756b9e7c61c9
TR-37149,2025-07-21,2025-07-01,JUR,ACC-00185,RECEITA,1075.1442656041154,1075.1442656041154,BRL,Serviço especializado solicitado por JUR,1,TED,PAGO,d4641add-3306-4ba7-b535-358854b3d242,2025-08-05,ERP_CORPORATIVO,TRANSACOES_FINANCEIRAS,37149,afccf731e99fade2a5d409c9d6f4899790e4c619081bbe8627e2979db3e968ec
TR-37150,2025-07-16,2025-07-01,OP,ACC-00185,DESPESA,1150.7323013591893,1150.7323013591893,USD,Serviço especializado solicitado por OP,1,PIX,PAGO,d4641add-3306-4ba7-b535-358854b3d242,2025-08-05,ERP_CORPORATIVO,TRANSACOES_FINANCEIRAS,37150,f467768c9c41ad5d968e059f6d1e8e52550d6260c105a229604a7a7e0b06ff2c
TR-37151,2025-07-14,2025-07-01,FIN,ACC-00185,RECEITA,1162.376607943565,1162.376607943565,BRL,Locação de espaço comercial - FIN,31,TED,PAGO,d4641add-3306-4ba7-b535-358854b3d242,2025-08-05,ERP_CORPORATIVO,TRANSACOES_FINANCEIRAS,37151,1c5dc512a8e00ec09f457a04b06452aad2e82c5e0c1756303a87ae6a10ffbfcf
TR-37152,2025-07-28,2025-07-01,ADM,ACC-00185,DESPESA,1066.5169738987036,1066.5169738987036,BRL,Serviço de tecnologia contratado por ADM,5,BOLETO,PAGO,d4641add-3306-4ba7-b535-358854b3d242,2025-08-05,ERP_CORPORATIVO,TRANSACOES_FINANCEIRAS,37152,8972c814c379e671f9491e89ec4aadcb558a71f7a77c7ebf2ab89c4974931c4b
TR-37153,2025-07-21,2025-07-01,FIN,ACC-00185,DESPESA,1052.6372246270246,1036.298038695978,USD,Reparo de frota vinculado à área FIN,17,TRANSFERENCIA,PAGO,d4641add-3306-4ba7-b535-358854b3d242,2025-08-05,ERP_CORPORATIVO,TRANSACOES_FINANCEIRAS,37153,d2f5820b9ebd526ebb67abaf597d9e78fc9e1b9991f06880269932e9245e0942
TR-37154,2025-07-08,2025-07-01,ESG,ACC-00185,RECEITA,952.5481917683351,952.5481917683351,BRL,Custo operacional associado a ESG,8,PIX,ATRASADO,d4641add-3306-4ba7-b535-358854b3d242,2025-08-05,ERP_CORPORATIVO,TRANSACOES_FINANCEIRAS,37154,a1a53f195df338f99271dc2c4383f96bea8d2a27c017be4c99867faf0e4da89d
TR-37155,2025-07-14,2025-07-01,FIN,ACC-00185,DESPESA,1044.4480828372023,1044.4480828372023,BRL,Custo operacional associado a FIN,8,TRANSFERENCIA,ATRASADO,d4641add-3306-4ba7-b535-358854b3d242,2025-08-05,ERP_CORPORATIVO,TRANSACOES_FINANCEIRAS,37155,fa43060a5c1f9b485cbebc7fd6ac9f3aa28ae22d5e9b7993f573923523eee28b
TR-37156,2025-07-24,2025-07-01,FIN,ACC-00185,DESPESA,1381.3098045957847,1381.3098045957847,BRL,Aquisição de material operacional - FIN,2,CARTAO,ATRASADO,d4641add-3306-4ba7-b535-358854b3d242,2025-08-05,ERP_CORPORATIVO,TRANSACOES_FINANCEIRAS,37156,12b9adeaab1ad668beeba4d6108c442b5360bdda71d2e80d98cf208ade6653ac
TR-37157,2025-07-17,2025-07-01,OP,ACC-00185,DESPESA,963.2343110008559,963.2343110008559,BRL,Aquisição de material operacional - OP,2,TED,ATRASADO,d4641add-3306-4ba7-b535-358854b3d242,2025-08-05,ERP_CORPORATIVO,TRANSACOES_FINANCEIRAS,37157,b8725ca4b3579521c39cc90ead2ace1d2a08cd5ce28724bb03dc5bb9ade5abc2
TR-37158,2025-07-07,2025-07-01,LOG,ACC-00185,RECEITA,1146.578668128758,1146.578668128758,BRL,Despesa de infraestrutura - LOG,3,BOLETO,PAGO,d4641add-3306-4ba7-b535-358854b3d242,2025-08-05,ERP_CORPORATIVO,TRANSACOES_FINANCEIRAS,37158,676a681cc3b586a6bd88977c4fa433298e02696108f1a7f4ce5f351d6d897d53
TR-37397,2025-07-21,2025-07-01,VND,ACC-00187,RECEITA,4026.206656714139,4026.206656714139,BRL,Serviço de tecnologia contratado por VND,5,PIX,PAGO,d4641add-3306-4ba7-b535-358854b3d242,2025-08-05,ERP_CORPORATIVO,TRANSACOES_FINANCEIRAS,37397,2d7565897fbe896e5870f45d1318b0ed4be691385e9096f0201be8e004bd4735
TR-37398,2025-07-01,2025-07-01,FIN,ACC-00187,DESPESA,5634.982700362083,5531.153165114024,BRL,Despesa de infraestrutura - FIN,3,PIX,CANCELADO,d4641add-3306-4ba7-b535-358854b3d242,2025-08-05,ERP_CORPORATIVO,TRANSACOES_FINANCEIRAS,37398,80486b32e77d544a0feea2f2e3cda5c51ae41195732a0dbc645f0c9d3fa94b0c
TR-37399,2025-07-14,2025-07-01,JUR,ACC-00187,RECEITA,5228.826108307368,5228.826108307368,BRL,Reparo e conservação de instalações - JUR,10,PIX,PAGO,d4641add-3306-4ba7-b535-358854b3d242,2025-08-05,ERP_CORPORATIVO,TRANSACOES_FINANCEIRAS,37399,107e19ec3c70a2b242f08ccbc7c700fee450a4db82f69ea6657ece6c773d273b
TR-37400,2025-07-11,2025-07-01,OP,ACC-00187,DESPESA,4445.257888281051,4244.504773701132,BRL,Receita de comissão comercial - OP,33,BOLETO,ATRASADO,d4641add-3306-4ba7-b535-358854b3d242,2025-08-05,ERP_CORPORATIVO,TRANSACOES_FINANCEIRAS,37400,df1867b0747ff984cf12c04704e3dfd21873db894f1cdb0f9c18bfab96a62354
TR-37401,2025-07-18,2025-07-01,FIN,ACC-00187,RECEITA,4090.8372947529538,3980.5453967213443,BRL,Contrato de serviço - setor FIN,1,BOLETO,ATRASADO,d4641add-3306-4ba7-b535-358854b3d242,2025-08-05,ERP_CORPORATIVO,TRANSACOES_FINANCEIRAS,37401,d5bef60b54cb0c7a5e77be5ecf6855da76c51b5dd58406fa080c1ecbd3419078
TR-37402,2025-07-07,2025-07-01,CPT,ACC-00187,DESPESA,4438.1658290887835,4438.1658290887835,BRL,Doação recebida em favor de CPT,36,BOLETO,PAGO,d4641add-3306-4ba7-b535-358854b3d242,2025-08-05,ERP_CORPORATIVO,TRANSACOES_FINANCEIRAS,37402,7880dfc48e7c1b8cd09e19428c0edf3802040b61a7e2dcdb44b0cbf995c11c1c
TR-37403,2025-07-18,2025-07-01,TI,ACC-00187,DESPESA,4803.05826865319,4803.05826865319,BRL,Produção de material gráfico - TI,15,BOLETO,PAGO,d4641add-3306-4ba7-b535-358854b3d242,2025-08-05,ERP_CORPORATIVO,TRANSACOES_FINANCEIRAS,37403,fe7bc35b8f59f2951d80e69c74935fc484350f84dfa9f940f4bd9d973dde774d
TR-37404,2025-07-09,2025-07-01,PRD,ACC-00187,RECEITA,5205.188384083215,5205.188384083215,BRL,Serviço de telefonia e internet - PRD,9,TED,PAGO,d4641add-3306-4ba7-b535-358854b3d242,2025-08-05,ERP_CORPORATIVO,TRANSACOES_FINANCEIRAS,37404,18b2b15c485c389367387b3aaf84472977161e4f5042b845edf752ed246ade50
TR-37405,2025-07-15,2025-07-01,ESG,ACC-00187,DESPESA,3781.1579586013877,3781.1579586013877,BRL,Royalties recebidos por ESG,32,PIX,CANCELADO,d4641add-3306-4ba7-b535-358854b3d242,2025-08-05,ERP_CORPORATIVO,TRANSACOES_FINANCEIRAS,37405,95c62e34a78e73fc8ecd959901c6a70fa192c4118e0eba89f3960fcd724e3051
TR-37406,2025-07-07,2025-07-01,MKT,ACC-00187,DESPESA,5267.753620854334,5267.753620854334,BRL,Manutenção preventiva de veículos - MKT,17,BOLETO,PAGO,d4641add-3306-4ba7-b535-358854b3d242,2025-08-05,ERP_CORPORATIVO,TRANSACOES_FINANCEIRAS,37406,ebdc6a9abf7f1c0c8d32e8ad4aa56ae42c0b9dca76c4205da326bf454caae929
TR-37407,2025-07-22,2025-07-01,OP,ACC-00187,RECEITA,4791.011772488431,4791.011772488431,BRL,Despesa de infraestrutura - OP,3,BOLETO,PAGO,d4641add-3306-4ba7-b535-358854b3d242,2025-08-05,ERP_CORPORATIVO,TRANSACOES_FINANCEIRAS,37407,a3d86af688b8c212cd85f3a13f5b5d1d54567016efb7bc24a848e0ad03c13012
TR-37527,2025-07-18,2025-07-01,SEC,FORN-00188,RECEITA,1223.3810591347087,1200.8299490344332,BRL,Produção de material gráfico - SEC,15,BOLETO,PAGO,d4641add-3306-4ba7-b535-358854b3d242,2025-08-05,ERP_CORPORATIVO,TRANSACOES_FINANCEIRAS,37527,957252da0b1b2bcce05d032b00f8364e8b70860386a27b0ddc6ee8b7635d4845
TR-37528,2025-07-28,2025-07-01,CPT,FORN-00188,DESPESA,1363.1880335601445,1363.1880335601445,BRL,Manutenção preventiva de veículos - CPT,17,CARTAO,CANCELADO,d4641add-3306-4ba7-b535-358854b3d242,2025-08-05,ERP_CORPORATIVO,TRANSACOES_FINANCEIRAS,37528,2339f10138742044fc151646789208baacdd5a5ce59b60e4444d91b0f529c532
TR-37529,2025-07-03,2025-07-01,FIN,FORN-00188,DESPESA,1169.1331244337193,1169.1331244337193,BRL,Venda de ativo imobilizado por FIN,35,BOLETO,PAGO,d4641add-3306-4ba7-b535-358854b3d242,2025-08-05,ERP_CORPORATIVO,TRANSACOES_FINANCEIRAS,37529,7e1efe0c36bca6f7ae76e1acb8a91a9fc18301c7fa921fb3070f769d426166af
TR-37530,2025-07-17,2025-07-01,JUR,FORN-00188,DESPESA,1403.2350825153367,1403.2350825153367,BRL,Imposto sobre venda apurado em JUR,40,TRANSFERENCIA,PAGO,d4641add-3306-4ba7-b535-358854b3d242,2025-08-05,ERP_CORPORATIVO,TRANSACOES_FINANCEIRAS,37530,95d9492b2f2f6dddf2b4ccb2228504f7b87c19437b695865d1bb9c51e8a30875
TR-37531,2025-07-15,2025-07-01,CTB,FORN-00188,DESPESA,1504.3789561772223,1504.3789561772223,BRL,Manutenção estrutural vinculada à área CTB,3,BOLETO,PAGO,d4641add-3306-4ba7-b535-358854b3d242,2025-08-05,ERP_CORPORATIVO,TRANSACOES_FINANCEIRAS,37531,d7b6cb3025ed83a6354deab83356a5f982ff9731ac792e6b97bfb8dd3e891e33
TR-37532,2025-07-28,2025-07-01,COM,FORN-00188,DESPESA,1274.7158309097533,1235.2457191368806,BRL,Serviço especializado solicitado por COM,1,PIX,PAGO,d4641add-3306-4ba7-b535-358854b3d242,2025-08-05,ERP_CORPORATIVO,TRANSACOES_FINANCEIRAS,37532,bdd2e1cab1403483173b947dffaa2ce4658ebc81c33814e84d9e6d194dce2830
TR-37533,2025-07-14,2025-07-01,QAS,FORN-00188,DESPESA,1483.2812870484138,1426.0727370571985,BRL,Contrato de serviço - setor QAS,1,TED,PAGO,d4641add-3306-4ba7-b535-358854b3d242,2025-08-05,ERP_CORPORATIVO,TRANSACOES_FINANCEIRAS,37533,fa4e8b0868994ca86565784be22cb217e6cdbf67f704ebb892853a644cddaf8c
TR-37534,2025-07-07,2025-07-01,PJT,FORN-00188,RECEITA,1397.5576240992723,1397.5576240992723,BRL,Serviço de tecnologia contratado por PJT,5,TED,PAGO,d4641add-3306-4ba7-b535-358854b3d242,2025-08-05,ERP_CORPORATIVO,TRANSACOES_FINANCEIRAS,37534,edf4b68ade775739e482f3d8209b5ee8a4b782410aa44346aec922e082188dbf
TR-37535,2025-07-14,2025-07-01,RH,FORN-00188,DESPESA,1340.481937673853,1340.481937673853,BRL,Contrato de consultoria externa - RH,12,PIX,PAGO,d4641add-3306-4ba7-b535-358854b3d242,2025-08-05,ERP_CORPORATIVO,TRANSACOES_FINANCEIRAS,37535,307c58c621339bfdd8ffff77d341668d10ce34a6f3dc9fe59a62a6d16b48297e
TR-37536,2025-07-08,2025-07-01,PJT,FORN-00188,RECEITA,1294.3799901938078,1294.3799901938078,BRL,Aquisição de material operacional - PJT,2,TED,PAGO,d4641add-3306-4ba7-b535-358854b3d242,2025-08-05,ERP_CORPORATIVO,TRANSACOES_FINANCEIRAS,37536,295fa46f93147c55164ef59fc0506bf9f9d41941e6dbc033fe8f3954ef8aa50c
TR-37537,2025-07-10,2025-07-01,MKT,FORN-00188,RECEITA,1227.4654216879785,1227.4654216879785,BRL,Prestação de serviço para área MKT,1,TRANSFERENCIA,PAGO,d4641add-3306-4ba7-b535-358854b3d242,2025-08-05,ERP_CORPORATIVO,TRANSACOES_FINANCEIRAS,37537,1121ec43ab9bd1d7fb93ef23ca7ae9c93ed8e041f2215545114d74fa86f7dc38
TR-37538,2025-07-23,2025-07-01,JUR,FORN-00188,DESPESA,1461.0478480886895,1461.0478480886895,BRL,Prestação de serviço para área JUR,1,PIX,ATRASADO,d4641add-3306-4ba7-b535-358854b3d242,2025-08-05,ERP_CORPORATIVO,TRANSACOES_FINANCEIRAS,37538,225ba417c8580960aac8c1b89d744df8caf1362390cab1c2c485c07c012d4cc9
TR-37539,2025-07-15,2025-07-01,ADM,FORN-00188,RECEITA,1431.8509751643433,1431.8509751643433,BRL,Investimento em marketing corporativo (ADM),4,CARTAO,PAGO,d4641add-3306-4ba7-b535-358854b3d242,2025-08-05,ERP_CORPORATIVO,TRANSACOES_FINANCEIRAS,37539,618eee565618561435ee432bd5b1c22260cd97bdf146ac35d017212e82f6aafe
TR-37540,2025-07-24,2025-07-01,PRD,FORN-00188,RECEITA,1167.4756511870876,1167.4756511870876,BRL,Campanha institucional - PRD,4,TED,PAGO,d4641add-3306-4ba7-b535-358854b3d242,2025-08-05,ERP_CORPORATIVO,TRANSACOES_FINANCEIRAS,37540,121d1229ac42fbf9fad255f13c561613deea8d006bd7ddc3c5baa78bf6720327
TR-37541,2025-07-14,2025-07-01,PES,FORN-00188,RECEITA,1311.1211312637706,1269.2207938610056,BRL,Treinamento corporativo para equipe PES,30,TED,PAGO,d4641add-3306-4ba7-b535-358854b3d242,2025-08-05,ERP_CORPORATIVO,TRANSACOES_FINANCEIRAS,37541,d7ed91190e0d8823e4d5b1fc77313182dd3ab1b1282a981ac9f303ff00f07453
TR-37769,2025-07-15,2025-07-01,ESG,FORN-00191,DESPESA,1328.7398800464287,1328.7398800464287,BRL,Aquisição de material operacional - ESG,2,PIX,PAGO,d4641add-3306-4ba7-b535-358854b3d242,2025-08-05,ERP_CORPORATIVO,TRANSACOES_FINANCEIRAS,37769,120de4b3b878bb13e8c822c198ad5638c345f13c083351f768b49adb35f2c13f
TR-37770,2025-07-07,2025-07-01,MKT,FORN-00191,RECEITA,1061.3789067410949,1061.3789067410949,BRL,Doação recebida em favor de MKT,36,CARTAO,CANCELADO,d4641add-3306-4ba7-b535-358854b3d242,2025-08-05,ERP_CORPORATIVO,TRANSACOES_FINANCEIRAS,37770,ce0e215b1fc338e6a349045dcdc194728360f28f28386becf3900978dce701e6
TR-37771,2025-07-11,2025-07-01,LOG,FORN-00191,DESPESA,1278.3472496489223,1278.3472496489223,BRL,Custo operacional associado a LOG,8,PIX,PAGO,d4641add-3306-4ba7-b535-358854b3d242,2025-08-05,ERP_CORPORATIVO,TRANSACOES_FINANCEIRAS,37771,d6123c4604479805a1d85afe446140765dc675534633d95cdbd502e19b589d77
TR-37772,2025-07-02,2025-07-01,FIN,FORN-00191,RECEITA,1275.808637350101,1275.808637350101,BRL,Contrato de serviço - setor FIN,1,TED,PAGO,d4641add-3306-4ba7-b535-358854b3d242,2025-08-05,ERP_CORPORATIVO,TRANSACOES_FINANCEIRAS,37772,1243e83dc97c42ae87f21ad355c3d63ed8551990758d57491bf90287c2fd713a
TR-37773,2025-07-09,2025-07-01,ESG,FORN-00191,DESPESA,1179.4213960559837,1121.6597404708257,BRL,Prestação de serviço para área ESG,1,TRANSFERENCIA,PAGO,d4641add-3306-4ba7-b535-358854b3d242,2025-08-05,ERP_CORPORATIVO,TRANSACOES_FINANCEIRAS,37773,31448d1c8700ac5a758c703eac5887fda98ed04fe2c8f066173c270f1ec12582
TR-37774,2025-07-02,2025-07-01,MKT,FORN-00191,DESPESA,3197.8441305521883,3197.8441305521883,BRL,Despesa de RH - MKT,6,CARTAO,PAGO,d4641add-3306-4ba7-b535-358854b3d242,2025-08-05,ERP_CORPORATIVO,TRANSACOES_FINANCEIRAS,37774,f521218314aee5ad01b6167cde16d6c4623758cc67ff132b89a55be1c25b9051
TR-37775,2025-07-17,2025-07-01,FIN,FORN-00191,RECEITA,1314.3662939174135,1260.7293707705885,BRL,Prestação de serviço para área FIN,1,BOLETO,PAGO,d4641add-3306-4ba7-b535-358854b3d242,2025-08-05,ERP_CORPORATIVO,TRANSACOES_FINANCEIRAS,37775,43504b42da9c84593610c86efbe15ac834f2fd68d4e571eca67b739ff9e860c3
TR-37776,2025-07-21,2025-07-01,MKT,FORN-00191,RECEITA,1326.0804244120093,1326.0804244120093,BRL,Atendimento de TI requisitado por MKT,29,TED,PAGO,d4641add-3306-4ba7-b535-358854b3d242,2025-08-05,ERP_CORPORATIVO,TRANSACOES_FINANCEIRAS,37776,da86406a05aaee31a93d132cd3c4e4d2ec8d2a59b740a8d39e25e11fad92dfa7
TR-37777,2025-07-23,2025-07-01,OP,FORN-00191,DESPESA,1162.1433025747697,1162.1433025747697,BRL,Contrato de consultoria externa - OP,12,TED,PAGO,d4641add-3306-4ba7-b535-358854b3d242,2025-08-05,ERP_CORPORATIVO,TRANSACOES_FINANCEIRAS,37777,14dd5b4fe569bc921d3925212bfd5109775e287bfc12e81712e80acbff812bfc
TR-37778,2025-07-11,2025-07-01,QAS,FORN-00191,DESPESA,1417.998525993939,1417.998525993939,BRL,Venda de ativo imobilizado por QAS,35,PIX,CANCELADO,d4641add-3306-4ba7-b535-358854b3d242,2025-08-05,ERP_CORPORATIVO,TRANSACOES_FINANCEIRAS,37778,2b32a04302385d6b3906890bf7155d3ca0fb488799ee67042141c6ce55e7dd96
TR-37779,2025-07-16,2025-07-01,FIN,FORN-00191,DESPESA,1571.3012228934122,1508.3964177192156,BRL,Doação recebida em favor de FIN,36,BOLETO,PAGO,d4641add-3306-4ba7-b535-358854b3d242,2025-08-05,ERP_CORPORATIVO,TRANSACOES_FINANCEIRAS,37779,2ca8776693a2d7a2d9cfb451989233ffb8338d9cf4a3592007ba6680acae469a
TR-37780,2025-07-21,2025-07-01,VND,FORN-00191,DESPESA,1372.132551069716,1372.132551069716,BRL,Receita de aluguel creditada em VND,31,TRANSFERENCIA,PAGO,d4641add-3306-4ba7-b535-358854b3d242,2025-08-05,ERP_CORPORATIVO,TRANSACOES_FINANCEIRAS,37780,5eff1243b8164c604f40d167447a80104c090b77ded7f4a5b28dd9a4dc4af5f1
TR-37781,2025-07-21,2025-07-01,QAS,FORN-00191,RECEITA,1490.2546436073173,1448.171465007631,BRL,Despesa operacional - QAS,8,PIX,PAGO,d4641add-3306-4ba7-b535-358854b3d242,2025-08-05,ERP_CORPORATIVO,TRANSACOES_FINANCEIRAS,37781,0435aa4e7f5de9e55386f0646a4f79590cc710c02a122c28c6308d5045590696
TR-37782,2025-07-04,2025-07-01,FIN,FORN-00191,RECEITA,1358.5819733243584,1358.5819733243584,BRL,Assessoria legal vinculada à área FIN,7,PIX,PAGO,d4641add-3306-4ba7-b535-358854b3d242,2025-08-05,ERP_CORPORATIVO,TRANSACOES_FINANCEIRAS,37782,8222e3c83ed63420fcebef4ea0d36b3b57f6faee7a97658731d99e440b7509bf
TR-37783,2025-07-10,2025-07-01,OP,FORN-00191,RECEITA,2242.438544571463,2242.438544571463,USD,Compra de insumos para setor OP,2,BOLETO,PAGO,d4641add-3306-4ba7-b535-358854b3d242,2025-08-05,ERP_CORPORATIVO,TRANSACOES_FINANCEIRAS,37783,23cfbbe85acfba4bdcd87c8686d94169b50f74ce1d9c859552431b7f21281059
TR-37798,2025-07-31,2025-07-01,FIN,FORN-00191,DESPESA,1128.5224034357318,1111.7311675365495,BRL,Recebimento de subvenção - FIN,36,CARTAO,PAGO,d4641add-3306-4ba7-b535-358854b3d242,2025-08-05,ERP_CORPORATIVO,TRANSACOES_FINANCEIRAS,37798,2872349edbdb033c902626768eb654513a385d555a23aeec3c259f04b665a75f
TR-38400,2025-07-14,2025-07-01,OP,1000193,DESPESA,4629.39573839499,4629.39573839499,BRL,Comissão recebida por OP,33,PIX,CANCELADO,d4641add-3306-4ba7-b535-358854b3d242,2025-08-05,ERP_CORPORATIVO,TRANSACOES_FINANCEIRAS,38400,0f1d238c009afb6daa2ba06d848366b65144e873bd669c4f08be292ca096e157
TR-38401,2025-07-23,2025-07-01,COMP,1000193,RECEITA,4513.712909673614,4513.712909673614,BRL,Imposto sobre venda apurado em COMP,40,BOLETO,PAGO,d4641add-3306-4ba7-b535-358854b3d242,2025-08-05,ERP_CORPORATIVO,TRANSACOES_FINANCEIRAS,38401,0fcb9b36dfdae8aa54e804e0940695521a3b8e251c6921c7cc5f4e859300143f
TR-38402,2025-07-14,2025-07-01,COM,1000193,DESPESA,11870.095092278743,11772.409007163214,BRL,Honorarium advocatício - COM,24,PIX,PAGO,d4641add-3306-4ba7-b535-358854b3d242,2025-08-05,ERP_CORPORATIVO,TRANSACOES_FINANCEIRAS,38402,6b889b3a7482a125d9276689b1ca30eee0f0c8c0c54f5a511498f4ef9df75808
TR-38403,2025-07-22,2025-07-01,TI,1000193,RECEITA,4396.089687914806,4396.089687914806,BRL,Honorários jurídicos - TI,7,TED,PAGO,d4641add-3306-4ba7-b535-358854b3d242,2025-08-05,ERP_CORPORATIVO,TRANSACOES_FINANCEIRAS,38403,b1f02941c2931cd07ac96bb61054c4d02213268e8fb470497cb26a24476d9e8c
TR-38404,2025-07-18,2025-07-01,CTB,1000193,DESPESA,4569.6955062028765,4569.6955062028765,BRL,Despesa operacional - CTB,8,TRANSFERENCIA,PAGO,d4641add-3306-4ba7-b535-358854b3d242,2025-08-05,ERP_CORPORATIVO,TRANSACOES_FINANCEIRAS,38404,14e041d57e27318bde111d2320522b925d268be7762d41c8b6d7dc229ad71644
TR-38405,2025-07-14,2025-07-01,PJT,1000193,DESPESA,3881.6048230147367,3838.0143089655026,BRL,Custo operacional associado a PJT,8,PIX,PAGO,d4641add-3306-4ba7-b535-358854b3d242,2025-08-05,ERP_CORPORATIVO,TRANSACOES_FINANCEIRAS,38405,0ec86697b00bfe55c6d8dbd3c5f013cf38965a53561f99fe9f1f61d7e1f0309c
TR-38406,2025-07-11,2025-07-01,CTB,1000193,DESPESA,4338.658244117257,4338.658244117257,USD,Renovação de certificados digitais - CTB,26,BOLETO,PAGO,d4641add-3306-4ba7-b535-358854b3d242,2025-08-05,ERP_CORPORATIVO,TRANSACOES_FINANCEIRAS,38406,1e3d58a6c556cd94a8662dfa76c9290272a32833fac4fc99046fbe82f746d00d
TR-38407,2025-07-14,2025-07-01,MKT,1000193,DESPESA,4659.64015159191,4659.64015159191,BRL,Compra de insumos para setor MKT,2,BOLETO,PAGO,d4641add-3306-4ba7-b535-358854b3d242,2025-08-05,ERP_CORPORATIVO,TRANSACOES_FINANCEIRAS,38407,de63fde685a80aab603a48b76e91d70cbdb8994cd5a6cc86aca1e98675e40379
TR-38408,2025-07-09,2025-07-01,CPT,1000193,DESPESA,4210.69056516915,4210.69056516915,BRL,Aquisição de material operacional - CPT,2,TRANSFERENCIA,PAGO,d4641add-3306-4ba7-b535-358854b3d242,2025-08-05,ERP_CORPORATIVO,TRANSACOES_FINANCEIRAS,38408,748777cce27071a76017422124790f6562a0b97ea1b8ce8161b0a66ae1904686
TR-38409,2025-07-14,2025-07-01,MKT,1000193,DESPESA,4697.557172000736,4697.557172000736,USD,Contrato de serviço - setor MKT,1,TED,PAGO,d4641add-3306-4ba7-b535-358854b3d242,2025-08-05,ERP_CORPORATIVO,TRANSACOES_FINANCEIRAS,38409,44c527f44eee78528c9941dc734e6b0c51d02b9e9dc7f62969d12c8282216bd7
TR-38410,2025-07-21,2025-07-01,FIN,1000193,DESPESA,5554.7923032271065,5554.7923032271065,BRL,Licenciamento de software - FIN,5,TED,PAGO,d4641add-3306-4ba7-b535-358854b3d242,2025-08-05,ERP_CORPORATIVO,TRANSACOES_FINANCEIRAS,38410,a7d21c1a5409ac5fa4337dccd4aa21da03e9a8b42c836b92c82715df44a65638
TR-38411,2025-07-14,2025-07-01,COM,1000193,RECEITA,4025.6175509087348,4025.6175509087348,BRL,Honorários jurídicos - COM,7,BOLETO,PAGO,d4641add-3306-4ba7-b535-358854b3d242,2025-08-05,ERP_CORPORATIVO,TRANSACOES_FINANCEIRAS,38411,c4a955f0777aea95fc4af2989fe33ae37d42c79383b663179cc843927a82b6f5
TR-38412,2025-07-09,2025-07-01,FIN,1000193,RECEITA,3761.6853790519017,3761.6853790519017,BRL,Despesa jurídica da área FIN,24,TED,PAGO,d4641add-3306-4ba7-b535-358854b3d242,2025-08-05,ERP_CORPORATIVO,TRANSACOES_FINANCEIRAS,38412,7e45fa9860a72c34b9975f4c72cd88a7e7cae1cf72b7fd5c495d4db9565580d7
TR-38413,2025-07-14,2025-07-01,FIN,1000193,RECEITA,5097.403622202913,5097.403622202913,BRL,Custo operacional associado a FIN,8,PIX,ATRASADO,d4641add-3306-4ba7-b535-358854b3d242,2025-08-05,ERP_CORPORATIVO,TRANSACOES_FINANCEIRAS,38413,45f78d6d8bfd430c84b5660e9286d496241edea7a9b531c3fd9eb8089f665e24
TR-38414,2025-07-14,2025-07-01,FIN,1000193,RECEITA,5570.284098261778,5570.284098261778,BRL,Custo operacional associado a FIN,8,PIX,PAGO,d4641add-3306-4ba7-b535-358854b3d242,2025-08-05,ERP_CORPORATIVO,TRANSACOES_FINANCEIRAS,38414,ef249ecac40a9afda058232ef26c94438bf8af25ba104500a8666991e698565b
TR-38829,2025-07-09,2025-07-01,RH,FORN-00195,DESPESA,2284.2705189076933,2284.2705189076933,BRL,Publicidade institucional - RH,13,TRANSFERENCIA,CANCELADO,d4641add-3306-4ba7-b535-358854b3d242,2025-08-05,ERP_CORPORATIVO,TRANSACOES_FINANCEIRAS,38829,35787377e545feffe822ec41f7c0e0c3c8d3d4a5209fd3dce24b7de4ebe789a4
TR-38830,2025-07-24,2025-07-01,MKT,FORN-00195,DESPESA,1890.4762613958703,1890.4762613958703,BRL,Abastecimento de veículos - MKT,16,PIX,PAGO,d4641add-3306-4ba7-b535-358854b3d242,2025-08-05,ERP_CORPORATIVO,TRANSACOES_FINANCEIRAS,38830,69179e58a207635acbd11d9645d1a39c1b6008117135f2c9a0c8fd7480139ff8
TR-38831,2025-07-14,2025-07-01,PRD,FORN-00195,RECEITA,1935.4924370041456,1872.4165314432094,BRL,Custo operacional associado a PRD,8,BOLETO,PAGO,d4641add-3306-4ba7-b535-358854b3d242,2025-08-05,ERP_CORPORATIVO,TRANSACOES_FINANCEIRAS,38831,52168b978dbeaddcf3210cefa0884ad84d76c51466b7199277b707fadd3ff92c
TR-38832,2025-07-25,2025-07-01,ESG,FORN-00195,DESPESA,1664.2481695779522,1604.7065226940028,BRL,Renovação de certificados digitais - ESG,26,TED,PAGO,d4641add-3306-4ba7-b535-358854b3d242,2025-08-05,ERP_CORPORATIVO,TRANSACOES_FINANCEIRAS,38832,e38a5da9c9d7f4a61aac0169ecd260890f04ba998056162456b2edd551ae95f5
TR-38833,2025-07-09,2025-07-01,OP,FORN-00195,RECEITA,2059.713715418023,2059.713715418023,BRL,Aquisição de material operacional - OP,2,PIX,ATRASADO,d4641add-3306-4ba7-b535-358854b3d242,2025-08-05,ERP_CORPORATIVO,TRANSACOES_FINANCEIRAS,38833,05cd831f6618502653365a41d74a5db0b396375d6e69687ddf74228c11e9f7b8
TR-38834,2025-07-11,2025-07-01,COMP,FORN-00195,RECEITA,2147.192108853039,2147.192108853039,BRL,Investimento em marketing corporativo (COMP),4,PIX,ATRASADO,d4641add-3306-4ba7-b535-358854b3d242,2025-08-05,ERP_CORPORATIVO,TRANSACOES_FINANCEIRAS,38834,fcdae8c5a67ca96bce03b7a758094c38e023e6af674da06c2a86aab7737ff1d8
TR-38835,2025-07-08,2025-07-01,OP,FORN-00195,DESPESA,2007.559850818215,2007.559850818215,BRL,Abastecimento de veículos - OP,16,BOLETO,PAGO,d4641add-3306-4ba7-b535-358854b3d242,2025-08-05,ERP_CORPORATIVO,TRANSACOES_FINANCEIRAS,38835,64a4b333cad3f77b30b2e3734448acf39a7127a2c694568e7a9c8487bf83d5b1
TR-38836,2025-07-28,2025-07-01,FIN,FORN-00195,RECEITA,1631.4432472468795,1631.4432472468795,BRL,Aquisição de material operacional - FIN,2,TED,PAGO,d4641add-3306-4ba7-b535-358854b3d242,2025-08-05,ERP_CORPORATIVO,TRANSACOES_FINANCEIRAS,38836,e715558e80b90e8982a34ff39425e15101507c1b6ec277c9b645bb7b7035d79b
TR-38837,2025-07-07,2025-07-01,VND,FORN-00195,DESPESA,1799.7232685717831,1799.7232685717831,BRL,Compra de insumos para setor VND,2,BOLETO,PAGO,d4641add-3306-4ba7-b535-358854b3d242,2025-08-05,ERP_CORPORATIVO,TRANSACOES_FINANCEIRAS,38837,1aff72b1b97c97d60777c389cd3beb1f119891ef9ee1bc930493d0c3bd36e1c2
TR-38838,2025-07-14,2025-07-01,CPT,FORN-00195,DESPESA,1883.634180397015,1883.634180397015,BRL,Certificado digital adquirido por CPT,26,PIX,PAGO,d4641add-3306-4ba7-b535-358854b3d242,2025-08-05,ERP_CORPORATIVO,TRANSACOES_FINANCEIRAS,38838,2c1b7f909dc86157769776b9b52786952b81fed9aea927a179a51e5236181b86
TR-38839,2025-07-14,2025-07-01,LOG,FORN-00195,DESPESA,1720.1401981553095,1661.1868452969593,BRL,Despesa de infraestrutura - LOG,3,PIX,ATRASADO,d4641add-3306-4ba7-b535-358854b3d242,2025-08-05,ERP_CORPORATIVO,TRANSACOES_FINANCEIRAS,38839,e32038beab0d32929ee6833eb2c07206f6ee4e5e63af5978aedb10ce5d11b2a2
TR-38840,2025-07-14,2025-07-01,ATD,FORN-00195,DESPESA,2322.334398445204,2322.334398445204,BRL,Serviço relacionado a recursos humanos (ATD),6,TED,PAGO,d4641add-3306-4ba7-b535-358854b3d242,2025-08-05,ERP_CORPORATIVO,TRANSACOES_FINANCEIRAS,38840,bbc525427beb09e2ad5492b08a4362b17fea8fb0242f2b929b1814fbc7dfc80c
TR-38841,2025-07-18,2025-07-01,JUR,FORN-00195,DESPESA,1952.363405645752,1952.363405645752,BRL,Alimentação em viagem corporativa - JUR,20,PIX,PAGO,d4641add-3306-4ba7-b535-358854b3d242,2025-08-05,ERP_CORPORATIVO,TRANSACOES_FINANCEIRAS,38841,fd869d0c3322645ebc6b81b47b88e96139d55affe24ed372e4f9e1fd3986983e
TR-38842,2025-07-21,2025-07-01,ESG,FORN-00195,RECEITA,2056.9862656635496,2020.6082854922881,USD,Compra de insumos para setor ESG,2,TED,PAGO,d4641add-3306-4ba7-b535-358854b3d242,2025-08-05,ERP_CORPORATIVO,TRANSACOES_FINANCEIRAS,38842,c63a9f198ccfabde5bdc736a2d963a3cb066b30533a3bca9b29e6aed076d197b
TR-38843,2025-07-07,2025-07-01,PES,FORN-00195,RECEITA,2060.2376877587517,2060.2376877587517,BRL,Serviço especializado solicitado por PES,1,TED,PAGO,d4641add-3306-4ba7-b535-358854b3d242,2025-08-05,ERP_CORPORATIVO,TRANSACOES_FINANCEIRAS,38843,95f46962666ca007425dbfc6cc77ac88c38c111b0d437448ea78878e0c65dda3
TR-38844,2025-07-08,2025-07-01,COMP,FORN-00195,RECEITA,1895.1141637922258,1843.2406186906449,BRL,Licenciamento de software - COMP,5,TRANSFERENCIA,PAGO,d4641add-3306-4ba7-b535-358854b3d242,2025-08-05,ERP_CORPORATIVO,TRANSACOES_FINANCEIRAS,38844,d46736d0cc18b1a389460a883f0189f2b23f5ee6a561563d845daf65c75c3035
TR-38845,2025-07-10,2025-07-01,LOG,FORN-00195,DESPESA,1661.9721864330795,1661.9721864330795,BRL,Material de marketing solicitado por LOG,15,PIX,CANCELADO,d4641add-3306-4ba7-b535-358854b3d242,2025-08-05,ERP_CORPORATIVO,TRANSACOES_FINANCEIRAS,38845,adb7910896baf9a9e6801c0076b6742603bf8bc88b11d370e53a0f8ffbf7853a
TR-38846,2025-07-28,2025-07-01,COMP,FORN-00195,DESPESA,2027.8168169684238,2027.8168169684238,BRL,Manutenção de equipamentos de COMP,28,BOLETO,PAGO,d4641add-3306-4ba7-b535-358854b3d242,2025-08-05,ERP_CORPORATIVO,TRANSACOES_FINANCEIRAS,38846,951625f038009c1ccf63b1bb5443449f29cf58b3dc3576cf950adb8a049b68c9
TR-38847,2025-07-22,2025-07-01,TI,FORN-00195,DESPESA,2291.532847048144,2291.532847048144,BRL,Despesa de RH - TI,6,TRANSFERENCIA,PAGO,d4641add-3306-4ba7-b535-358854b3d242,2025-08-05,ERP_CORPORATIVO,TRANSACOES_FINANCEIRAS,38847,e67c7b6bb1541f859bfde8a44b3177e788a57878e7ba173901372c15631382cc
TR-38848,2025-07-07,2025-07-01,CPT,FORN-00195,RECEITA,1804.4654768271548,1717.7961789481792,USD,Venda de ativo imobilizado por CPT,35,TRANSFERENCIA,PAGO,d4641add-3306-4ba7-b535-358854b3d242,2025-08-05,ERP_CORPORATIVO,TRANSACOES_FINANCEIRAS,38848,810797529a1f7655d06d1b89c8dffe3db49621933580c721a7e7165335393c61
TR-38849,2025-07-22,2025-07-01,PRD,FORN-00195,DESPESA,5825.200641967098,5825.200641967098,BRL,Custo operacional associado a PRD,8,TRANSFERENCIA,PAGO,d4641add-3306-4ba7-b535-358854b3d242,2025-08-05,ERP_CORPORATIVO,TRANSACOES_FINANCEIRAS,38849,3c0759e69409acd1539c65872205d2819ee334bcda61a317abdec344ba4d47e4
TR-38850,2025-07-28,2025-07-01,TI,FORN-00195,DESPESA,2037.9772208670422,1948.8206749092087,BRL,Assessoria contábil prestada a TI,25,TRANSFERENCIA,PAGO,d4641add-3306-4ba7-b535-358854b3d242,2025-08-05,ERP_CORPORATIVO,TRANSACOES_FINANCEIRAS,38850,4ffc6f25e9d6f9715a6a4f3f51ae5d7b8d51d0b0a9921d16e4a8bc0e103a2cb3
TR-38851,2025-07-17,2025-07-01,CTB,FORN-00195,DESPESA,2055.4107597952857,2055.4107597952857,BRL,Aquisição de material operacional - CTB,2,PIX,PAGO,d4641add-3306-4ba7-b535-358854b3d242,2025-08-05,ERP_CORPORATIVO,TRANSACOES_FINANCEIRAS,38851,68e33ab53efbb2b82d810f4475fd4b02685c6b063caee5008846702cc2627b29
TR-38852,2025-07-18,2025-07-01,COM,FORN-00195,RECEITA,2101.3173683603486,2012.296833465529,BRL,Despesa de RH - COM,6,TED,PAGO,d4641add-3306-4ba7-b535-358854b3d242,2025-08-05,ERP_CORPORATIVO,TRANSACOES_FINANCEIRAS,38852,d969939ce90a42eaf1e9daf8fe7308783275b91a7e5a89627b16b40a5c1477e4
TR-38853,2025-07-16,2025-07-01,COM,FORN-00195,DESPESA,1847.722434121652,1768.0349429961468,BRL,Tarifas de serviços financeiros - COM,22,BOLETO,ATRASADO,d4641add-3306-4ba7-b535-358854b3d242,2025-08-05,ERP_CORPORATIVO,TRANSACOES_FINANCEIRAS,38853,203f3af134476dfb295b308941aa7d4369b78a7f6b4079b974fcf21bb775620d
TR-38854,2025-07-11,2025-07-01,FIN,FORN-00195,DESPESA,1847.2895115691306,1847.2895115691306,BRL,Capacitação profissional vinculada a FIN,30,TRANSFERENCIA,PAGO,d4641add-3306-4ba7-b535-358854b3d242,2025-08-05,ERP_CORPORATIVO,TRANSACOES_FINANCEIRAS,38854,d02dc9ade655ed6ac92e4b030123bf3084769ce1cf6e79d2952e9eb28dfc3e9a
TR-38855,2025-07-04,2025-07-01,COM,FORN-00195,RECEITA,1440.895223926778,1440.895223926778,BRL,Aquisição de material operacional - COM,2,PIX,PAGO,d4641add-3306-4ba7-b535-358854b3d242,2025-08-05,ERP_CORPORATIVO,TRANSACOES_FINANCEIRAS,38855,4ac63ba3f4cf3ab412d5958074687a19a4c2d82269ca62d4a9c55f0088a11de4
TR-38856,2025-07-07,2025-07-01,COM,FORN-00195,DESPESA,1883.4562657106026,1800.601660697618,BRL,Serviço de telefonia e internet - COM,9,PIX,PAGO,d4641add-3306-4ba7-b535-358854b3d242,2025-08-05,ERP_CORPORATIVO,TRANSACOES_FINANCEIRAS,38856,993a09f61f754a5d96e00d1c76a390a6c1ac0e0d8f811872f91311fca7b2a184
TR-39030,2025-07-09,2025-07-01,COMP,FORN-00196,RECEITA,5443.091776094913,5443.091776094913,BRL,Contrato de serviço - setor COMP,1,TRANSFERENCIA,PAGO,d4641add-3306-4ba7-b535-358854b3d242,2025-08-05,ERP_CORPORATIVO,TRANSACOES_FINANCEIRAS,39030,5355b2c18629f26edbb9a110a6d74ce41aef80b8e3f47ac30b6f2cd69356b85c
TR-39031,2025-07-16,2025-07-01,JUR,FORN-00196,DESPESA,5074.045915080201,5074.045915080201,BRL,Campanha institucional - JUR,4,BOLETO,PAGO,d4641add-3306-4ba7-b535-358854b3d242,2025-08-05,ERP_CORPORATIVO,TRANSACOES_FINANCEIRAS,39031,b31667390ecbd1489d85966490e1cdf471b290c113f6beb0a41d3e2c9a2ef017
TR-39032,2025-07-29,2025-07-01,MKT,FORN-00196,DESPESA,5456.135588808559,5456.135588808559,BRL,Combustível e lubrificantes para frota (MKT),16,CARTAO,PAGO,d4641add-3306-4ba7-b535-358854b3d242,2025-08-05,ERP_CORPORATIVO,TRANSACOES_FINANCEIRAS,39032,00a03fd6dd9be969aecfb1c0dee6ad42a966fd94e9fc20737410892c89474724
TR-39033,2025-07-28,2025-07-01,ESG,FORN-00196,DESPESA,5499.356615577745,5499.356615577745,BRL,Aquisição de material operacional - ESG,2,TRANSFERENCIA,PAGO,d4641add-3306-4ba7-b535-358854b3d242,2025-08-05,ERP_CORPORATIVO,TRANSACOES_FINANCEIRAS,39033,caa6a7f5c2b9e7a910ff08025410b6779834fad3f28c3fcaee80222c2799cc8c
TR-39034,2025-07-21,2025-07-01,SEC,FORN-00196,RECEITA,5357.047579883668,5357.047579883668,BRL,Contrato de SaaS vinculado a SEC,27,BOLETO,PAGO,d4641add-3306-4ba7-b535-358854b3d242,2025-08-05,ERP_CORPORATIVO,TRANSACOES_FINANCEIRAS,39034,f29b3f28fbd05f851cc6709df4b3488fe91ad48352bba7bcbbdf776cd4ddfb2a
TR-39035,2025-07-11,2025-07-01,PES,FORN-00196,DESPESA,5411.250342444474,5411.250342444474,BRL,Compra de insumos para setor PES,2,CARTAO,PAGO,d4641add-3306-4ba7-b535-358854b3d242,2025-08-05,ERP_CORPORATIVO,TRANSACOES_FINANCEIRAS,39035,6ee8f4c138fcafa252db0f8fac8a3ed3f8a94bac4146886948ff4aa50271597f
TR-39036,2025-07-21,2025-07-01,TI,FORN-00196,RECEITA,5378.010802750795,5378.010802750795,USD,Despesa operacional - TI,8,TRANSFERENCIA,PAGO,d4641add-3306-4ba7-b535-358854b3d242,2025-08-05,ERP_CORPORATIVO,TRANSACOES_FINANCEIRAS,39036,ba55867bb46c48be747894eccb1e79c796ec4a2a08935255e4206201beb495ab
TR-39037,2025-07-28,2025-07-01,ESG,FORN-00196,DESPESA,4935.85072604469,4935.85072604469,BRL,Serviço técnico especializado para ESG,11,PIX,PAGO,d4641add-3306-4ba7-b535-358854b3d242,2025-08-05,ERP_CORPORATIVO,TRANSACOES_FINANCEIRAS,39037,c34e2638b452ce442bd163e4ed227b823ccfc8ec486ee37bbde670bc6456cbcc
TR-39038,2025-07-22,2025-07-01,PES,FORN-00196,RECEITA,4614.049282214957,4614.049282214957,BRL,Serviço especializado solicitado por PES,1,CARTAO,PAGO,d4641add-3306-4ba7-b535-358854b3d242,2025-08-05,ERP_CORPORATIVO,TRANSACOES_FINANCEIRAS,39038,6ba842636b014c3359ffc02ba9bd627c0244b9a1d6600031db4e8e41fa70259d
TR-39156,2025-07-14,2025-07-01,ESG,ACC-00197,RECEITA,3676.898492843084,3504.6176765382916,BRL,Publicidade institucional - ESG,13,PIX,ATRASADO,d4641add-3306-4ba7-b535-358854b3d242,2025-08-05,ERP_CORPORATIVO,TRANSACOES_FINANCEIRAS,39156,b01563ff503e4f93ccc075f489dfe1fcf5c677b9dbe78de430ee185a05802f36
TR-39157,2025-07-11,2025-07-01,VND,ACC-00197,RECEITA,3268.001707978928,3268.001707978928,BRL,Tarifas de serviços financeiros - VND,22,CARTAO,PAGO,d4641add-3306-4ba7-b535-358854b3d242,2025-08-05,ERP_CORPORATIVO,TRANSACOES_FINANCEIRAS,39157,4d27fd908bbb54b6df2146f0c08df268b717ca9b52542a34f54ae9514d97a9dd
TR-39158,2025-07-14,2025-07-01,OP,ACC-00197,RECEITA,3599.8651861513517,3599.8651861513517,BRL,Manutenção estrutural vinculada à área OP,3,TED,PAGO,d4641add-3306-4ba7-b535-358854b3d242,2025-08-05,ERP_CORPORATIVO,TRANSACOES_FINANCEIRAS,39158,bea086342fa5dbc4b1bc5ec546fbc225eec39bb4a694cd6d3372e67a1f631e97
TR-39159,2025-07-10,2025-07-01,CPT,ACC-00197,DESPESA,3197.3854637365216,3197.3854637365216,BRL,Encargos de empréstimo vinculados a CPT,23,PIX,PAGO,d4641add-3306-4ba7-b535-358854b3d242,2025-08-05,ERP_CORPORATIVO,TRANSACOES_FINANCEIRAS,39159,6649e6440abf60f5085d33923e667f413e0144985346ab1d9ba7dfb9de5b4c30
TR-39160,2025-07-16,2025-07-01,MKT,ACC-00197,DESPESA,3225.191242997477,3225.191242997477,BRL,Certificado digital adquirido por MKT,26,TED,PAGO,d4641add-3306-4ba7-b535-358854b3d242,2025-08-05,ERP_CORPORATIVO,TRANSACOES_FINANCEIRAS,39160,4e967f2aec72ab3531116c738a8b7df8cc1141a052022bbe5a3aa12802c0db9c
TR-39161,2025-07-07,2025-07-01,COM,ACC-00197,DESPESA,2609.485614282348,2609.485614282348,BRL,Juros sobre operação financeira - COM,23,BOLETO,PAGO,d4641add-3306-4ba7-b535-358854b3d242,2025-08-05,ERP_CORPORATIVO,TRANSACOES_FINANCEIRAS,39161,b6c7c442103ec2fb30d93d41b163c5c151f09ab68b44b605ed4560defb790b17
TR-39162,2025-07-07,2025-07-01,ATD,ACC-00197,RECEITA,3408.4864447759905,3408.4864447759905,BRL,Comissão recebida por ATD,33,TED,PAGO,d4641add-3306-4ba7-b535-358854b3d242,2025-08-05,ERP_CORPORATIVO,TRANSACOES_FINANCEIRAS,39162,93b3629292ce46317e7c4e7b10ddadc376a709dddabad5342d56207fcf2435a0
TR-39163,2025-07-09,2025-07-01,TI,ACC-00197,DESPESA,3247.4096631672833,3247.4096631672833,BRL,Prestação de serviço para área TI,1,PIX,PAGO,d4641add-3306-4ba7-b535-358854b3d242,2025-08-05,ERP_CORPORATIVO,TRANSACOES_FINANCEIRAS,39163,5fddd27545bfefa67ab1aeb38c875a34f92f113cea58daf393487fb3e954cf19
TR-39164,2025-07-07,2025-07-01,COMP,ACC-00197,DESPESA,3538.097740458747,3538.097740458747,USD,Despesa de infraestrutura - COMP,3,BOLETO,PAGO,d4641add-3306-4ba7-b535-358854b3d242,2025-08-05,ERP_CORPORATIVO,TRANSACOES_FINANCEIRAS,39164,02fd45907b34453b2ce1303ce96aa5978c957f2b96dfe4fdf958ad3ee4c82d07
TR-39165,2025-07-18,2025-07-01,COMP,ACC-00197,RECEITA,3479.86374993073,3385.865270979101,BRL,Campanha institucional - COMP,4,BOLETO,ATRASADO,d4641add-3306-4ba7-b535-358854b3d242,2025-08-05,ERP_CORPORATIVO,TRANSACOES_FINANCEIRAS,39165,fbf10ae9f6e35c4b2881b32c42dd61a0b152ce71471c1e1ff8060c9f61dfe69c
TR-39166,2025-07-04,2025-07-01,RH,ACC-00197,DESPESA,3006.2586084763575,3006.2586084763575,BRL,Serviço de tecnologia contratado por RH,5,BOLETO,PAGO,d4641add-3306-4ba7-b535-358854b3d242,2025-08-05,ERP_CORPORATIVO,TRANSACOES_FINANCEIRAS,39166,58963eb9b27c14f13d3e0ac34b6169b216e5942e66a6d25e98e330dd5cfbcc5c
TR-39167,2025-07-07,2025-07-01,JUR,ACC-00197,DESPESA,6203.00478416799,6203.00478416799,USD,Recebimento de subvenção - JUR,36,TRANSFERENCIA,PAGO,d4641add-3306-4ba7-b535-358854b3d242,2025-08-05,ERP_CORPORATIVO,TRANSACOES_FINANCEIRAS,39167,d11946bae50a68bade0eaae51fd3f39d64dc3cbb0c11a1c9dc1b9ac840781943
TR-39168,2025-07-18,2025-07-01,FIN,ACC-00197,DESPESA,3088.7514925740406,3088.7514925740406,BRL,Despesa operacional - FIN,8,TED,PAGO,d4641add-3306-4ba7-b535-358854b3d242,2025-08-05,ERP_CORPORATIVO,TRANSACOES_FINANCEIRAS,39168,12de319040a4664ee37f38bba741f21d56b2735f6fb609832c55e1b905b549ed
TR-39169,2025-07-23,2025-07-01,PJT,ACC-00197,DESPESA,3596.783659611396,3596.783659611396,BRL,Receita eventual registrada em PJT,37,PIX,PAGO,d4641add-3306-4ba7-b535-358854b3d242,2025-08-05,ERP_CORPORATIVO,TRANSACOES_FINANCEIRAS,39169,584eb6070e3b39bd9db4d42405b64ea141bdc54ec856a5051bda0dba39899cd6
TR-39297,2025-07-21,2025-07-01,TI,FORN-00198,RECEITA,2980.581340170894,2980.581340170894,USD,Licença de software para área TI,27,PIX,ATRASADO,d4641add-3306-4ba7-b535-358854b3d242,2025-08-05,ERP_CORPORATIVO,TRANSACOES_FINANCEIRAS,39297,455d0a0c085df160344c4d826a3e4da64ca4e7c190c31abba87206665b166de1
TR-39298,2025-07-08,2025-07-01,COMP,FORN-00198,RECEITA,2777.4204889303437,2647.4178811459005,BRL,Contrato de conectividade para área COMP,9,PIX,ATRASADO,d4641add-3306-4ba7-b535-358854b3d242,2025-08-05,ERP_CORPORATIVO,TRANSACOES_FINANCEIRAS,39298,cefc0ea32886982a8c902fd61429b2500a37f9d58460bf45fa174643132fa57c
TR-39299,2025-07-14,2025-07-01,ATD,FORN-00198,DESPESA,2815.1226728279094,2815.1226728279094,BRL,Serviço especializado solicitado por ATD,1,TRANSFERENCIA,ATRASADO,d4641add-3306-4ba7-b535-358854b3d242,2025-08-05,ERP_CORPORATIVO,TRANSACOES_FINANCEIRAS,39299,23edf8ca4055c52a549706ce5dc742b260d62ad5f278fabdb5e9f6024baefb04
TR-39300,2025-07-16,2025-07-01,CTB,FORN-00198,DESPESA,2584.7452969057144,2584.7452969057144,BRL,Licenciamento de software - CTB,5,PIX,PAGO,d4641add-3306-4ba7-b535-358854b3d242,2025-08-05,ERP_CORPORATIVO,TRANSACOES_FINANCEIRAS,39300,d83eafbf39fdd4b108a937b11f29ebd4106772293b8eae6547f245f762a99424
TR-39301,2025-07-22,2025-07-01,FIN,FORN-00198,DESPESA,3007.3733663110597,3007.3733663110597,BRL,Campanha institucional - FIN,4,BOLETO,PAGO,d4641add-3306-4ba7-b535-358854b3d242,2025-08-05,ERP_CORPORATIVO,TRANSACOES_FINANCEIRAS,39301,ac32bbbf29fd367fa0da1375e9242a8829b8a87afc8f55c56e360c6f824499fc
TR-39302,2025-07-04,2025-07-01,COM,FORN-00198,RECEITA,2836.252412476713,2836.252412476713,BRL,Serviço de tecnologia contratado por COM,5,BOLETO,PAGO,d4641add-3306-4ba7-b535-358854b3d242,2025-08-05,ERP_CORPORATIVO,TRANSACOES_FINANCEIRAS,39302,c11283701a22823c6a6b20a8af8a7a873923939224aa35900e1c02eab7d6c311
TR-39303,2025-07-28,2025-07-01,CTB,FORN-00198,DESPESA,2752.917740189761,2701.3173486929313,BRL,Aquisição de material operacional - CTB,2,TRANSFERENCIA,CANCELADO,d4641add-3306-4ba7-b535-358854b3d242,2025-08-05,ERP_CORPORATIVO,TRANSACOES_FINANCEIRAS,39303,25fc18cbfa08db76e348fd4925b459efb3c6017134edc0b1dabbeba147548bf3
TR-39304,2025-07-23,2025-07-01,PJT,FORN-00198,DESPESA,2984.5307841000413,2873.4004379912785,BRL,Recebimento de subvenção - PJT,36,CARTAO,ATRASADO,d4641add-3306-4ba7-b535-358854b3d242,2025-08-05,ERP_CORPORATIVO,TRANSACOES_FINANCEIRAS,39304,e1a30eec09af730cbfd6ef924f6b118bd96bb2b8bdae3b8cf85fdca3b8c9807b
TR-39522,2025-07-07,2025-07-01,ATD,1000198,RECEITA,12604.173703334613,12604.173703334613,BRL,Compra de insumos para setor ATD,2,PIX,CANCELADO,d4641add-3306-4ba7-b535-358854b3d242,2025-08-05,ERP_CORPORATIVO,TRANSACOES_FINANCEIRAS,39522,c86ee2fc10d3a3de6ffd65761d51d42fa914616b65fac4cc9e64b4de007cbbe6
TR-39523,2025-07-28,2025-07-01,SEC,1000198,RECEITA,10568.89849058944,10069.985909652403,BRL,Propaganda e divulgação para área SEC,13,PIX,PAGO,d4641add-3306-4ba7-b535-358854b3d242,2025-08-05,ERP_CORPORATIVO,TRANSACOES_FINANCEIRAS,39523,6a276dc1a7726b27feea35027d10751797b05a370f4feea9ac1d4de086a26fb8
TR-39524,2025-07-14,2025-07-01,PRD,1000198,RECEITA,10725.595738661706,10526.25853432254,BRL,Treinamento corporativo para equipe PRD,30,TRANSFERENCIA,ATRASADO,d4641add-3306-4ba7-b535-358854b3d242,2025-08-05,ERP_CORPORATIVO,TRANSACOES_FINANCEIRAS,39524,ea8bd5ecc0aa82553244c15c0ec6803107f66d4b58ad02e0cb32b66c1ab80ac8
TR-39525,2025-07-18,2025-07-01,TI,1000198,DESPESA,9523.883168147573,9523.883168147573,BRL,Serviço relacionado a recursos humanos (TI),6,TED,PAGO,d4641add-3306-4ba7-b535-358854b3d242,2025-08-05,ERP_CORPORATIVO,TRANSACOES_FINANCEIRAS,39525,6f9a5ac5f15f762ae71e6cbef05882b62549da8554f2c6c805acdbb5fc4d994a
TR-39526,2025-07-03,2025-07-01,LOG,1000198,DESPESA,11574.479849719291,11439.8643233528,BRL,Aquisição de material operacional - LOG,2,PIX,PAGO,d4641add-3306-4ba7-b535-358854b3d242,2025-08-05,ERP_CORPORATIVO,TRANSACOES_FINANCEIRAS,39526,f5f8f9848ae5ee4d00157de853c0f6c1819ad0b15874a037801da8a92fb5c0d4
TR-39527,2025-07-01,2025-07-01,COMP,1000198,DESPESA,13168.1840088911,13168.1840088911,BRL,Reparo e conservação de instalações - COMP,10,CARTAO,PAGO,d4641add-3306-4ba7-b535-358854b3d242,2025-08-05,ERP_CORPORATIVO,TRANSACOES_FINANCEIRAS,39527,b056b6d889fb5a71e44214cc4cacf04bf6d8b21c92211226008f32584fd735ab
TR-39528,2025-07-24,2025-07-01,RH,1000198,DESPESA,11034.207931444542,11034.207931444542,BRL,Publicidade institucional - RH,13,TED,PAGO,d4641add-3306-4ba7-b535-358854b3d242,2025-08-05,ERP_CORPORATIVO,TRANSACOES_FINANCEIRAS,39528,68dc2d69336ff024382f95ba904c5a8f266e1ee0ea45484d49dc4940dcca218b
TR-39529,2025-07-14,2025-07-01,COMP,1000198,RECEITA,13494.823118184082,13494.823118184082,BRL,Serviços contábeis externos - COMP,25,TED,PAGO,d4641add-3306-4ba7-b535-358854b3d242,2025-08-05,ERP_CORPORATIVO,TRANSACOES_FINANCEIRAS,39529,7701f63afea7b46982a31432ddc4ad2ad59b2addcf1e10c0d7092a7803d4cb78
TR-39530,2025-07-07,2025-07-01,TI,1000198,RECEITA,29936.943859211424,29936.943859211424,BRL,Contrato de serviço - setor TI,1,PIX,PAGO,d4641add-3306-4ba7-b535-358854b3d242,2025-08-05,ERP_CORPORATIVO,TRANSACOES_FINANCEIRAS,39530,cb3b067dcb50083280f8bdd7971e59e31c1f92856b2b1ea48ac3e220a0254bc6
TR-39784,2025-07-15,2025-07-01,PJT,1000199,RECEITA,2468.9513607111226,2468.9513607111226,BRL,Direitos de propriedade intelectual - PJT,32,TRANSFERENCIA,CANCELADO,d4641add-3306-4ba7-b535-358854b3d242,2025-08-05,ERP_CORPORATIVO,TRANSACOES_FINANCEIRAS,39784,392cd9548253f16a6aff4347ee246927350a2aa1da55ea6b2e7d6699c8b00b95
TR-39785,2025-07-28,2025-07-01,OP,1000199,DESPESA,2497.252515964116,2454.9073515796254,BRL,Despesa operacional - OP,8,PIX,PAGO,d4641add-3306-4ba7-b535-358854b3d242,2025-08-05,ERP_CORPORATIVO,TRANSACOES_FINANCEIRAS,39785,48e41e9dde436a1715cc98d54d8085140eb05251a6f3e4d22ef8ae6c39ea33b2
TR-39786,2025-07-15,2025-07-01,COMP,1000199,DESPESA,2496.3094623153197,2435.930450762292,BRL,Abatimento comercial registrado em COMP,38,TED,PAGO,d4641add-3306-4ba7-b535-358854b3d242,2025-08-05,ERP_CORPORATIVO,TRANSACOES_FINANCEIRAS,39786,a351aadb7d7cafd2a77f7bf09b032cd2d9d1349fbd7a026f0a01c83968d117b9
TR-39787,2025-07-18,2025-07-01,FIN,1000199,RECEITA,2714.271037328479,2714.271037328479,BRL,Despesa jurídica da área FIN,24,TRANSFERENCIA,ATRASADO,d4641add-3306-4ba7-b535-358854b3d242,2025-08-05,ERP_CORPORATIVO,TRANSACOES_FINANCEIRAS,39787,5c11c33cddf4fd8bf7383f1b8eb38ebe3f5d68f770787208b0f5535bc1d9f402
TR-39788,2025-07-22,2025-07-01,ESG,1000199,RECEITA,1976.352737268508,1976.352737268508,BRL,Imposto sobre venda apurado em ESG,40,PIX,PAGO,d4641add-3306-4ba7-b535-358854b3d242,2025-08-05,ERP_CORPORATIVO,TRANSACOES_FINANCEIRAS,39788,7df6bc768fc15610565adbd7c1c2591da3a3556851f33d8e6356d2f3c01b5b4a
TR-39789,2025-07-21,2025-07-01,ATD,1000199,DESPESA,2192.1200025092526,2192.1200025092526,BRL,Serviço de tecnologia contratado por ATD,5,PIX,PAGO,d4641add-3306-4ba7-b535-358854b3d242,2025-08-05,ERP_CORPORATIVO,TRANSACOES_FINANCEIRAS,39789,ce17ac23acfe325b9411ad8cda58ef6b15785a5fd8c985c4a75dbc7f49e0efc6
TR-39790,2025-07-18,2025-07-01,PJT,1000199,DESPESA,3005.351230386884,3005.351230386884,BRL,Reparo de frota vinculado à área PJT,17,TRANSFERENCIA,PAGO,d4641add-3306-4ba7-b535-358854b3d242,2025-08-05,ERP_CORPORATIVO,TRANSACOES_FINANCEIRAS,39790,a1fbc33b7c8c83352cc0a736256235b0f2f2be59841ce2ef408520ddceb02884
TR-39791,2025-07-28,2025-07-01,TI,1000199,DESPESA,2185.5247699421634,2185.5247699421634,BRL,Despesa de infraestrutura - TI,3,TED,PAGO,d4641add-3306-4ba7-b535-358854b3d242,2025-08-05,ERP_CORPORATIVO,TRANSACOES_FINANCEIRAS,39791,e1a795862590099cbc536323307693a3697b28a88a2a16aba42fa3457d4f6988
TR-39792,2025-07-14,2025-07-01,OP,1000199,RECEITA,2289.2112865174154,2230.6726473317945,BRL,Seguro contratado pela área OP,21,PIX,PAGO,d4641add-3306-4ba7-b535-358854b3d242,2025-08-05,ERP_CORPORATIVO,TRANSACOES_FINANCEIRAS,39792,527c09a88bc1a0ba0a629de21bb3f0b3a1af5cf48ba52714dc8be30a3c026707
