id_transacao_raw,data_transacao,data_competencia,id_area_raw,id_fornecedor_raw,tipo_transacao,valor_bruto,valor_liquido,moeda,descricao,id_categoria_raw,forma_pagamento,status_pagamento,ingestion_id,ingestion_ts,source_system,source_entity,row_seq,raw_row_hash
TR-00029,2025-01-02,2025-01-01,TI,1000000,DESPESA,3520.5057986636784,3520.5057986636784,BRL,Prestação de serviço para área TI,1,BOLETO,PAGO,58be6bc5-0a1f-4bd4-a840-78cae5cdb36e,2025-02-05,ERP_CORPORATIVO,TRANSACOES_FINANCEIRAS,29,9e64fb6118b4c3fdf757aa7fae424f7d02488d28133e65a999e1d7b5fc226975
TR-00030,2025-01-15,2025-01-01,MKT,1000000,DESPESA,3961.103586784245,3808.1764897437693,BRL,Manutenção estrutural vinculada à área MKT,3,TED,PAGO,58be6bc5-0a1f-4bd4-a840-78cae5cdb36e,2025-02-05,ERP_CORPORATIVO,TRANSACOES_FINANCEIRAS,30,17e97ebb214bb6e38b93638be2cf07ee0afe37110641e5c19b96664de741a0a6
TR-00031,2025-01-07,2025-01-01,RH,1000000,RECEITA,5815.129078130297,5815.129078130297,BRL,Despesa de infraestrutura - RH,3,PIX,PAGO,58be6bc5-0a1f-4bd4-a840-78cae5cdb36e,2025-02-05,ERP_CORPORATIVO,TRANSACOES_FINANCEIRAS,31,9e8ece6d96cb2662161306af76e4de47b7548ebcb9b0f76f59b2081b96be2e6e
TR-00032,2025-01-21,2025-01-01,OP,1000000,DESPESA,4006.925458384445,4006.925458384445,BRL,Viagem corporativa - OP,18,CARTAO,PAGO,58be6bc5-0a1f-4bd4-a840-78cae5cdb36e,2025-02-05,ERP_CORPORATIVO,TRANSACOES_FINANCEIRAS,32,1532548bf7bcd8e1910393456d371b1e67f80104ed12a31934f260fba62cd2bb
TR-00033,2025-01-06,2025-01-01,MKT,1000000,DESPESA,4005.0087458952466,4005.0087458952466,BRL,Doação recebida em favor de MKT,36,TED,PAGO,58be6bc5-0a1f-4bd4-a840-78cae5cdb36e,2025-02-05,ERP_CORPORATIVO,TRANSACOES_FINANCEIRAS,33,39378de936bda027ece898bf97623dc547a28c06c0d4eea97f4974070ba1cc7e
TR-00034,2025-01-27,2025-01-01,SEC,1000000,DESPESA,3874.5648689026216,3708.8597268336644,BRL,Contrato de SaaS vinculado a SEC,27,BOLETO,CANCELADO,58be6bc5-0a1f-4bd4-a840-78cae5cdb36e,2025-02-05,ERP_CORPORATIVO,TRANSACOES_FINANCEIRAS,34,182f51c37d850a9822d1a35e513e7a4c269b29321735b793ffe9729a4d359aa6
TR-00035,2025-01-13,2025-01-01,VND,1000000,DESPESA,4078.0764435435094,4036.7516322069923,BRL,Compra de insumos para setor VND,2,BOLETO,PAGO,58be6bc5-0a1f-4bd4-a840-78cae5cdb36e,2025-02-05,ERP_CORPORATIVO,TRANSACOES_FINANCEIRAS,35,d04b3a20813e1c1696a9eb5c213b86bb371a1d92c62efaaf302939763a556e10
TR-00036,2025-01-23,2025-01-01,OP,1000000,DESPESA,3893.493569186293,3779.4311619392793,USD,Publicidade institucional - OP,13,TED,PAGO,58be6bc5-0a1f-4bd4-a840-78cae5cdb36e,2025-02-05,ERP_CORPORATIVO,TRANSACOES_FINANCEIRAS,36,0cbfe203833192a2d74606a26749993545a6ba47c8d943a60f2c984c455c0f2d
TR-00037,2025-01-13,2025-01-01,JUR,1000000,DESPESA,4011.636340310592,4011.636340310592,BRL,Locação de espaço comercial - JUR,31,CARTAO,PAGO,58be6bc5-0a1f-4bd4-a840-78cae5cdb36e,2025-02-05,ERP_CORPORATIVO,TRANSACOES_FINANCEIRAS,37,9a5ed84df8a2cce1e13e6cf70bc25b892fcdeabec6f7fa75bf929c5c36bd1a5f
TR-00424,2025-01-09,2025-01-01,OP,FORN-00004,DESPESA,4025.643165018929,4025.643165018929,BRL,Despesa operacional - OP,8,PIX,PAGO,58be6bc5-0a1f-4bd4-a840-78cae5cdb36e,2025-02-05,ERP_CORPORATIVO,TRANSACOES_FINANCEIRAS,424,142f8fec10c70856d8e2101a47ad4d824b0a5dffff9c502c56fa389cde42cf95
TR-00425,2025-01-21,2025-01-01,COMP,FORN-00004,RECEITA,3933.0489775508904,3933.0489775508904,BRL,Honorários jurídicos - COMP,7,CARTAO,PAGO,58be6bc5-0a1f-4bd4-a840-78cae5cdb36e,2025-02-05,ERP_CORPORATIVO,TRANSACOES_FINANCEIRAS,425,b376941d10e6c7bddc56c8a1f4420c99bcab02cb01698b96a4577f350acc159d
TR-00426,2025-01-22,2025-01-01,COM,FORN-00004,RECEITA,4439.772548854817,4262.078246609755,USD,Custo operacional associado a COM,8,TRANSFERENCIA,ATRASADO,58be6bc5-0a1f-4bd4-a840-78cae5cdb36e,2025-02-05,ERP_CORPORATIVO,TRANSACOES_FINANCEIRAS,426,186b992ba70a3ee2495427e1e0672a0c1f6eb21b9fe66a16b5fb0a42cae22e3d
TR-00427,2025-01-06,2025-01-01,COMP,FORN-00004,RECEITA,4362.600234464651,4362.600234464651,USD,Compra de insumos para setor COMP,2,PIX,PAGO,58be6bc5-0a1f-4bd4-a840-78cae5cdb36e,2025-02-05,ERP_CORPORATIVO,TRANSACOES_FINANCEIRAS,427,8bb13fbc3795927599159e968fb70814d1b9dd58f12509da1ba09df32efb54a2
TR-00428,2025-01-13,2025-01-01,TI,FORN-00004,DESPESA,4094.0649284459882,4094.0649284459882,BRL,Compra de insumos para setor TI,2,TED,PAGO,58be6bc5-0a1f-4bd4-a840-78cae5cdb36e,2025-02-05,ERP_CORPORATIVO,TRANSACOES_FINANCEIRAS,428,f11340c65cbef93517b2c552a00500010a7bf8358c7aa6bcdf69bf66adab9bfc
TR-00602,2025-01-23,2025-01-01,OP,1000004,RECEITA,3234.12367594344,3234.12367594344,BRL,Abatimento comercial registrado em OP,38,BOLETO,ATRASADO,58be6bc5-0a1f-4bd4-a840-78cae5cdb36e,2025-02-05,ERP_CORPORATIVO,TRANSACOES_FINANCEIRAS,602,c9c33e504445c6f414b5168ee3f3f6800a8ad71efb80070879366c8ef964d598
TR-00603,2025-01-16,2025-01-01,JUR,1000004,DESPESA,3809.5735049753903,3809.5735049753903,BRL,Serviço de tecnologia contratado por JUR,5,PIX,PAGO,58be6bc5-0a1f-4bd4-a840-78cae5cdb36e,2025-02-05,ERP_CORPORATIVO,TRANSACOES_FINANCEIRAS,603,b15b152c7e8a43f8161c80ea32097b83f752a489d0239f46398eef608458faaf
TR-00604,2025-01-10,2025-01-01,ADM,1000004,DESPESA,3738.8859953917877,3738.8859953917877,BRL,Investimento em marketing corporativo (ADM),4,CARTAO,PAGO,58be6bc5-0a1f-4bd4-a840-78cae5cdb36e,2025-02-05,ERP_CORPORATIVO,TRANSACOES_FINANCEIRAS,604,aa8525ea2ddbbf92351c4d6718f6a1ceccc75656604b922ce115329e75b55da7
TR-00605,2025-01-14,2025-01-01,OP,1000004,DESPESA,3212.766994100046,3212.766994100046,BRL,Prestação de serviço para área OP,1,TED,PAGO,58be6bc5-0a1f-4bd4-a840-78cae5cdb36e,2025-02-05,ERP_CORPORATIVO,TRANSACOES_FINANCEIRAS,605,a8afe88e23387a61d4b2ba7d33f010cd17da3b76c3773b8842a5058929404940
TR-00606,2025-01-13,2025-01-01,FIN,1000004,DESPESA,3153.8686498267143,3153.8686498267143,BRL,Encargos de empréstimo vinculados a FIN,23,TED,ATRASADO,58be6bc5-0a1f-4bd4-a840-78cae5cdb36e,2025-02-05,ERP_CORPORATIVO,TRANSACOES_FINANCEIRAS,606,3fd776f1d8ce623b47be88c07eac270621e94740ad7f2b1e822edf795ce94c98
TR-00607,2025-01-27,2025-01-01,JUR,1000004,DESPESA,3159.678281554193,3095.248066148819,BRL,Suporte técnico para sistemas de JUR,29,CARTAO,CANCELADO,58be6bc5-0a1f-4bd4-a840-78cae5cdb36e,2025-02-05,ERP_CORPORATIVO,TRANSACOES_FINANCEIRAS,607,276fb6ab4ab803d64e73ed11776fea4bd539a965dfe3cb4039af049c054f75e6
TR-00608,2025-01-06,2025-01-01,OP,1000004,DESPESA,3316.431333794055,3169.734572633099,BRL,Evento corporativo organizado por OP,14,TRANSFERENCIA,PAGO,58be6bc5-0a1f-4bd4-a840-78cae5cdb36e,2025-02-05,ERP_CORPORATIVO,TRANSACOES_FINANCEIRAS,608,35294e99a7c7c86d2215f5379ab298ca06cb1910ec20afa8e9c6e999f7ef64c0
TR-00609,2025-01-14,2025-01-01,VND,1000004,RECEITA,2909.710134804527,2815.2454794036325,BRL,Serviço especializado solicitado por VND,1,CARTAO,PAGO,58be6bc5-0a1f-4bd4-a840-78cae5cdb36e,2025-02-05,ERP_CORPORATIVO,TRANSACOES_FINANCEIRAS,609,628bf76ce6183ce5770c3d5d77923af2a9a101892c52e11f734fe2e6df5c7e84
TR-00610,2025-01-28,2025-01-01,ESG,1000004,RECEITA,2856.413183166346,2807.6075925564232,BRL,Manutenção estrutural vinculada à área ESG,3,PIX,PAGO,58be6bc5-0a1f-4bd4-a840-78cae5cdb36e,2025-02-05,ERP_CORPORATIVO,TRANSACOES_FINANCEIRAS,610,12b5cb7a7fdacebe8977d5e5d04ebcf9a0565c2c307389a1331643d04b338388
TR-00611,2025-01-15,2025-01-01,MKT,1000004,DESPESA,2607.1413057836717,2607.1413057836717,BRL,Aquisição de material operacional - MKT,2,TED,PAGO,58be6bc5-0a1f-4bd4-a840-78cae5cdb36e,2025-02-05,ERP_CORPORATIVO,TRANSACOES_FINANCEIRAS,611,c8a9b0d71198143495d2609eadf8d63d177fe9d95982547106d0f247cd71f57d
TR-00612,2025-01-14,2025-01-01,LOG,1000004,DESPESA,3265.093877928397,3265.093877928397,BRL,Hospedagem em viagem a serviço de LOG,19,TRANSFERENCIA,PAGO,58be6bc5-0a1f-4bd4-a840-78cae5cdb36e,2025-02-05,ERP_CORPORATIVO,TRANSACOES_FINANCEIRAS,612,444559d8888ba4ed87aca6e62ce8a509f09fbfaa08d463ea04e5b73eece5e586
TR-00613,2025-01-20,2025-01-01,PES,1000004,DESPESA,4012.0097726953695,4012.0097726953695,BRL,Manutenção estrutural vinculada à área PES,3,TED,CANCELADO,58be6bc5-0a1f-4bd4-a840-78cae5cdb36e,2025-02-05,ERP_CORPORATIVO,TRANSACOES_FINANCEIRAS,613,74d6c8d40cc9ef9336c32f0a40456226574340bc9b4c9b045670e43bfaabc3a7
TR-00614,2025-01-10,2025-01-01,FIN,1000004,RECEITA,2681.434781651212,2681.434781651212,BRL,Assessoria contábil prestada a FIN,25,BOLETO,PAGO,58be6bc5-0a1f-4bd4-a840-78cae5cdb36e,2025-02-05,ERP_CORPORATIVO,TRANSACOES_FINANCEIRAS,614,338b93850c4349ddf088e1b622c16962afa006ef3080240f9ce08d61eaa27425
TR-00615,2025-01-22,2025-01-01,SEC,1000004,RECEITA,1392.5918971570472,1392.5918971570472,EUR,Licenciamento de software - SEC,5,PIX,PAGO,58be6bc5-0a1f-4bd4-a840-78cae5cdb36e,2025-02-05,ERP_CORPORATIVO,TRANSACOES_FINANCEIRAS,615,bfacefa5649169c43605c6d407c59fa9a01baccd55168bd0af286087cbfefa62
TR-00616,2025-01-15,2025-01-01,FIN,1000004,RECEITA,3202.6643487549186,3202.6643487549186,BRL,Estorno de receita - FIN,39,BOLETO,PAGO,58be6bc5-0a1f-4bd4-a840-78cae5cdb36e,2025-02-05,ERP_CORPORATIVO,TRANSACOES_FINANCEIRAS,616,753473d270c1cbad14d89ece6a13ceccddef0545a8df222936919b7154e61dbc
TR-00850,2025-01-06,2025-01-01,COMP,FORN-00006,DESPESA,1806.8550609873232,1806.8550609873232,USD,Hospedagem em viagem a serviço de COMP,19,TED,PAGO,58be6bc5-0a1f-4bd4-a840-78cae5cdb36e,2025-02-05,ERP_CORPORATIVO,TRANSACOES_FINANCEIRAS,850,d02dec637a01577e022a8bace33e7fb08c15df41fc97c74d03f5808cc2ebf644
TR-00851,2025-01-16,2025-01-01,ESG,FORN-00006,DESPESA,1907.16450333575,1907.16450333575,BRL,Abastecimento de veículos - ESG,16,TED,ATRASADO,58be6bc5-0a1f-4bd4-a840-78cae5cdb36e,2025-02-05,ERP_CORPORATIVO,TRANSACOES_FINANCEIRAS,851,0fbddee990b71d4c6ee24f93862fe4b8920be5193873d630651c1dccf4b4030d
TR-00852,2025-01-23,2025-01-01,FIN,FORN-00006,DESPESA,1869.1277745966406,1869.1277745966406,BRL,Apólice de seguro - FIN,21,TRANSFERENCIA,PAGO,58be6bc5-0a1f-4bd4-a840-78cae5cdb36e,2025-02-05,ERP_CORPORATIVO,TRANSACOES_FINANCEIRAS,852,9f65358d9b1e691042c1985f005fab8f130da086a053d959e6a8d33bf6b79790
TR-00853,2025-01-14,2025-01-01,TI,FORN-00006,DESPESA,1717.1334510223485,1717.1334510223485,BRL,Capacitação profissional vinculada a TI,30,BOLETO,CANCELADO,58be6bc5-0a1f-4bd4-a840-78cae5cdb36e,2025-02-05,ERP_CORPORATIVO,TRANSACOES_FINANCEIRAS,853,155e7108f8b20b3729f1fea5a1fc3f5a0e90652a9e4c0b0b719a5b7445a46ae8
TR-00854,2025-01-23,2025-01-01,RH,FORN-00006,RECEITA,1989.514728111157,1989.514728111157,BRL,Atendimento de TI requisitado por RH,29,TED,PAGO,58be6bc5-0a1f-4bd4-a840-78cae5cdb36e,2025-02-05,ERP_CORPORATIVO,TRANSACOES_FINANCEIRAS,854,68361ca660a528ef0eab3a034656898c1219c0d16cf6027202679961ecbb3f76
TR-00855,2025-01-13,2025-01-01,PRD,FORN-00006,DESPESA,1930.412578921211,1930.412578921211,BRL,Manutenção estrutural vinculada à área PRD,3,TRANSFERENCIA,PAGO,58be6bc5-0a1f-4bd4-a840-78cae5cdb36e,2025-02-05,ERP_CORPORATIVO,TRANSACOES_FINANCEIRAS,855,86fe457cc23d16b7906d6bcf8baf1b14c01ad9072aa8d51aed3c601fdf56c2eb
TR-00856,2025-01-14,2025-01-01,JUR,FORN-00006,DESPESA,2186.8100232414604,2186.8100232414604,BRL,Aquisição de material operacional - JUR,2,PIX,CANCELADO,58be6bc5-0a1f-4bd4-a840-78cae5cdb36e,2025-02-05,ERP_CORPORATIVO,TRANSACOES_FINANCEIRAS,856,3a33d3c4c53d38b47621fe2fdf5f5a9bf57dabfc7800c0d00fd333cc01f352a5
TR-00857,2025-01-17,2025-01-01,OP,FORN-00006,DESPESA,1513.4064354159134,1513.4064354159134,BRL,Recebimento de subvenção - OP,36,TRANSFERENCIA,PAGO,58be6bc5-0a1f-4bd4-a840-78cae5cdb36e,2025-02-05,ERP_CORPORATIVO,TRANSACOES_FINANCEIRAS,857,4cd4c38809134dddf1ba2c05001dc21128662edc4ef96e896032d5aefd036d9c
TR-00858,2025-01-20,2025-01-01,OP,FORN-00006,RECEITA,1899.362936938274,1899.362936938274,BRL,Despesa operacional - OP,8,CARTAO,PAGO,58be6bc5-0a1f-4bd4-a840-78cae5cdb36e,2025-02-05,ERP_CORPORATIVO,TRANSACOES_FINANCEIRAS,858,9ba78e4f3100acc40c81da339dbbac57b7feef3cb1379e721d15aa742103ec44
TR-00859,2025-01-13,2025-01-01,COM,FORN-00006,RECEITA,1986.8071931073146,1986.8071931073146,BRL,Campanha institucional - COM,4,TRANSFERENCIA,ATRASADO,58be6bc5-0a1f-4bd4-a840-78cae5cdb36e,2025-02-05,ERP_CORPORATIVO,TRANSACOES_FINANCEIRAS,859,bb59b15def552c6fb56f4b258f099cecf5890b47f647bce61f3518eecd810500
TR-00860,2025-01-14,2025-01-01,COMP,FORN-00006,DESPESA,1957.8299290825262,1873.4393910440933,BRL,Alienação de bem patrimonial - COMP,35,PIX,PAGO,58be6bc5-0a1f-4bd4-a840-78cae5cdb36e,2025-02-05,ERP_CORPORATIVO,TRANSACOES_FINANCEIRAS,860,b4a9300a27de9b878b15369a70c2ffc11bc45ef216cf1e2d339ace5b0d7d99a5
TR-00861,2025-01-17,2025-01-01,MKT,FORN-00006,DESPESA,1726.417865670772,1726.417865670772,BRL,Encargos de empréstimo vinculados a MKT,23,BOLETO,PAGO,58be6bc5-0a1f-4bd4-a840-78cae5cdb36e,2025-02-05,ERP_CORPORATIVO,TRANSACOES_FINANCEIRAS,861,0c3e756812569d1952d2a60216f867d6358499adadb7a23b39e31e130a9a871c
TR-00862,2025-01-22,2025-01-01,MKT,FORN-00006,RECEITA,1544.9697175812353,1544.9697175812353,BRL,Reparo de frota vinculado à área MKT,17,TRANSFERENCIA,PAGO,58be6bc5-0a1f-4bd4-a840-78cae5cdb36e,2025-02-05,ERP_CORPORATIVO,TRANSACOES_FINANCEIRAS,862,2267b144b15877a4aec606595ab00c2d8c63fa77cf4880c63af212dde2044927
TR-00863,2025-01-13,2025-01-01,LOG,FORN-00006,DESPESA,2065.320521831618,2065.320521831618,BRL,Apólice de seguro - LOG,21,TED,ATRASADO,58be6bc5-0a1f-4bd4-a840-78cae5cdb36e,2025-02-05,ERP_CORPORATIVO,TRANSACOES_FINANCEIRAS,863,64c3edf07d591febc4013608d3868e92502c6b2160f281c21f12852d79b76619
TR-01097,2025-01-16,2025-01-01,ESG,ACC-00007,DESPESA,2311.9392835637996,2216.896552877226,BRL,Prestação de serviço para área ESG,1,TED,ATRASADO,58be6bc5-0a1f-4bd4-a840-78cae5cdb36e,2025-02-05,ERP_CORPORATIVO,TRANSACOES_FINANCEIRAS,1097,2c73cbbea64452c8173ed1cfabe2af3eef7203b35246440982fdf6a12da13da5
TR-01098,2025-01-20,2025-01-01,MKT,ACC-00007,DESPESA,2179.914166702559,2179.914166702559,BRL,Receita de comissão comercial - MKT,33,PIX,PAGO,58be6bc5-0a1f-4bd4-a840-78cae5cdb36e,2025-02-05,ERP_CORPORATIVO,TRANSACOES_FINANCEIRAS,1098,bc0e5aa53a665750d4429b0ee969ec45d1ee4fb6b1f669ea70322c27cbba1ca3
TR-01099,2025-01-15,2025-01-01,QAS,ACC-00007,DESPESA,2602.4215935499874,2602.4215935499874,BRL,Serviço relacionado a recursos humanos (QAS),6,CARTAO,PAGO,58be6bc5-0a1f-4bd4-a840-78cae5cdb36e,2025-02-05,ERP_CORPORATIVO,TRANSACOES_FINANCEIRAS,1099,42850a8cc0cd2870e7af08fc24006c78432f0938f86407c812873e17eb3d56f9
TR-01100,2025-01-09,2025-01-01,ESG,ACC-00007,DESPESA,1985.852159304034,1985.852159304034,EUR,Investimento em marketing corporativo (ESG),4,CARTAO,CANCELADO,58be6bc5-0a1f-4bd4-a840-78cae5cdb36e,2025-02-05,ERP_CORPORATIVO,TRANSACOES_FINANCEIRAS,1100,7684f7c54479a642a4941681ec8e3a14efcbc9c49ca6928210655632838e3079
TR-01101,2025-01-21,2025-01-01,TI,ACC-00007,RECEITA,2017.267269658597,2017.267269658597,BRL,Abatimento comercial registrado em TI,38,BOLETO,PAGO,58be6bc5-0a1f-4bd4-a840-78cae5cdb36e,2025-02-05,ERP_CORPORATIVO,TRANSACOES_FINANCEIRAS,1101,e09120f2c66b055cbf32722211aae926a5cf0692aa1495922864652ce747a187
TR-01102,2025-01-17,2025-01-01,COM,ACC-00007,DESPESA,2164.0433996032734,2164.0433996032734,BRL,Campanha institucional - COM,4,BOLETO,PAGO,58be6bc5-0a1f-4bd4-a840-78cae5cdb36e,2025-02-05,ERP_CORPORATIVO,TRANSACOES_FINANCEIRAS,1102,a6140c91c36944bcdfbe7e6cc810129eb7f45363c0a34fb442645b1a399ecc51
TR-01103,2025-01-13,2025-01-01,VND,ACC-00007,DESPESA,2070.1432210890002,2070.1432210890002,BRL,Compra de insumos para setor VND,2,PIX,PAGO,58be6bc5-0a1f-4bd4-a840-78cae5cdb36e,2025-02-05,ERP_CORPORATIVO,TRANSACOES_FINANCEIRAS,1103,d42e145912a1a089f5e90328783a42d7d8a068a1f153cbab66901e4cf4bb0944
TR-01104,2025-01-27,2025-01-01,LOG,ACC-00007,DESPESA,2077.2428693384054,2077.2428693384054,BRL,Receita extraordinária - LOG,37,PIX,PAGO,58be6bc5-0a1f-4bd4-a840-78cae5cdb36e,2025-02-05,ERP_CORPORATIVO,TRANSACOES_FINANCEIRAS,1104,7a86061035f1c675227073b7e7a6dbe3198439a7264bfdfb4d32ad2898f3e77c
TR-01105,2025-01-21,2025-01-01,COMP,ACC-00007,DESPESA,4742.019000691364,4742.019000691364,BRL,Prestação de serviço para área COMP,1,TED,PAGO,58be6bc5-0a1f-4bd4-a840-78cae5cdb36e,2025-02-05,ERP_CORPORATIVO,TRANSACOES_FINANCEIRAS,1105,562e8ceff7e265cabd6055ddd4aa773b8765fda1a8c29afbc32f09ce41c7dbad
TR-01106,2025-01-13,2025-01-01,FIN,ACC-00007,DESPESA,2202.67714133721,2167.586793864475,BRL,Campanha institucional - FIN,4,PIX,PAGO,58be6bc5-0a1f-4bd4-a840-78cae5cdb36e,2025-02-05,ERP_CORPORATIVO,TRANSACOES_FINANCEIRAS,1106,a8999d5bb058b5bdb29e8056b3b4eb3474142f715224c0539f85e0d064c2f0cf
TR-01107,2025-01-02,2025-01-01,VND,ACC-00007,RECEITA,2010.7357290638954,2010.7357290638954,BRL,Despesa de infraestrutura - VND,3,CARTAO,PAGO,58be6bc5-0a1f-4bd4-a840-78cae5cdb36e,2025-02-05,ERP_CORPORATIVO,TRANSACOES_FINANCEIRAS,1107,48764a956a5f52098c2c0a154088968373c5f8464bb44812595ef69e1f989fff
TR-01108,2025-01-27,2025-01-01,RH,ACC-00007,DESPESA,2091.6799726105705,1996.5107653458917,BRL,Aquisição de material operacional - RH,2,PIX,PAGO,58be6bc5-0a1f-4bd4-a840-78cae5cdb36e,2025-02-05,ERP_CORPORATIVO,TRANSACOES_FINANCEIRAS,1108,45d0aab235ce099879de77c2fe26d100bdcf028a412c1ce13457e9dcd875896b
TR-01329,2025-01-14,2025-01-01,CTB,ACC-00008,DESPESA,5355.305426732085,5152.646122316336,BRL,Passagem aérea para colaborador de CTB,18,BOLETO,ATRASADO,58be6bc5-0a1f-4bd4-a840-78cae5cdb36e,2025-02-05,ERP_CORPORATIVO,TRANSACOES_FINANCEIRAS,1329,a8b5b9c28d4dda2c103d1374e3b3fa14c2893e17f42fcf3440c7ce667f080a06
TR-01330,2025-01-15,2025-01-01,OP,ACC-00008,RECEITA,6157.497493312383,6157.497493312383,BRL,Honorarium advocatício - OP,24,PIX,PAGO,58be6bc5-0a1f-4bd4-a840-78cae5cdb36e,2025-02-05,ERP_CORPORATIVO,TRANSACOES_FINANCEIRAS,1330,f604dcd81530b890eaa6937cda8c5ff5af930e27c6ba9b6578ca85dfb68e2295
TR-01331,2025-01-16,2025-01-01,FIN,ACC-00008,DESPESA,5185.817944903045,5088.536210681145,BRL,Royalties recebidos por FIN,32,BOLETO,PAGO,58be6bc5-0a1f-4bd4-a840-78cae5cdb36e,2025-02-05,ERP_CORPORATIVO,TRANSACOES_FINANCEIRAS,1331,fc0177e762cf75553be074fba2a28709dc0e864f25efd39d3fd211001a685318
TR-01332,2025-01-09,2025-01-01,COM,ACC-00008,RECEITA,4998.6752656782965,4998.6752656782965,BRL,Despesa operacional - COM,8,BOLETO,PAGO,58be6bc5-0a1f-4bd4-a840-78cae5cdb36e,2025-02-05,ERP_CORPORATIVO,TRANSACOES_FINANCEIRAS,1332,fa1a6cdacba212c7fb1d273416275b888939a3f5417c8be74896078bce732de3
TR-01333,2025-01-13,2025-01-01,COM,ACC-00008,DESPESA,5619.813488088271,5619.813488088271,BRL,Encargos de empréstimo vinculados a COM,23,BOLETO,PAGO,58be6bc5-0a1f-4bd4-a840-78cae5cdb36e,2025-02-05,ERP_CORPORATIVO,TRANSACOES_FINANCEIRAS,1333,dbae63f40027c10e676c83ec85cdbbdb31614df52bb21004fd18bda68b31d3bd
TR-01334,2025-01-20,2025-01-01,FIN,ACC-00008,DESPESA,5791.762419250904,5530.341254811192,EUR,Despesa de RH - FIN,6,PIX,PAGO,58be6bc5-0a1f-4bd4-a840-78cae5cdb36e,2025-02-05,ERP_CORPORATIVO,TRANSACOES_FINANCEIRAS,1334,196d323958fdbcbd512b9b73aea6ee1b53b6d0e9f04fda9f55990e394c5f7233
TR-01335,2025-01-14,2025-01-01,JUR,ACC-00008,DESPESA,5186.469976874716,5186.469976874716,BRL,Estorno de receita - JUR,39,PIX,PAGO,58be6bc5-0a1f-4bd4-a840-78cae5cdb36e,2025-02-05,ERP_CORPORATIVO,TRANSACOES_FINANCEIRAS,1335,bb3a1f2e06a9f5b2bd58a870405bd4f3260a5bd2c44ddc1b69f3266fc71ddbf9
TR-01336,2025-01-13,2025-01-01,COMP,ACC-00008,RECEITA,5107.283910830539,5107.283910830539,BRL,Serviço de tecnologia contratado por COMP,5,CARTAO,PAGO,58be6bc5-0a1f-4bd4-a840-78cae5cdb36e,2025-02-05,ERP_CORPORATIVO,TRANSACOES_FINANCEIRAS,1336,6a067c1c43fe8dc6f6b6e4299cd5826dec8929335033d0e54e547664384dd41a
TR-01337,2025-01-06,2025-01-01,LOG,ACC-00008,DESPESA,5678.461360834285,5533.041199400093,BRL,Serviços contábeis externos - LOG,25,PIX,CANCELADO,58be6bc5-0a1f-4bd4-a840-78cae5cdb36e,2025-02-05,ERP_CORPORATIVO,TRANSACOES_FINANCEIRAS,1337,2ec70ff079e815c64aee89ff59c86e48ea026ba8da7b6e66781cbc5d32505df4
TR-01338,2025-01-09,2025-01-01,TI,ACC-00008,DESPESA,4845.919761135252,4845.919761135252,BRL,Despesa de infraestrutura - TI,3,TED,CANCELADO,58be6bc5-0a1f-4bd4-a840-78cae5cdb36e,2025-02-05,ERP_CORPORATIVO,TRANSACOES_FINANCEIRAS,1338,812ed03991f544931b9341dfe2fb9c67472b799194970c516eeee90d26a53552
TR-01339,2025-01-16,2025-01-01,COMP,ACC-00008,RECEITA,5138.706534661149,5138.706534661149,BRL,Receita de aluguel creditada em COMP,31,PIX,PAGO,58be6bc5-0a1f-4bd4-a840-78cae5cdb36e,2025-02-05,ERP_CORPORATIVO,TRANSACOES_FINANCEIRAS,1339,bec7136afc43b5f92ce4e2f05eac8680723d952ab6a2ec96e100c14ede5f275b
TR-01340,2025-01-15,2025-01-01,FIN,ACC-00008,RECEITA,5357.972680784978,5357.972680784978,BRL,Reparo de frota vinculado à área FIN,17,BOLETO,PAGO,58be6bc5-0a1f-4bd4-a840-78cae5cdb36e,2025-02-05,ERP_CORPORATIVO,TRANSACOES_FINANCEIRAS,1340,04e119a24903259ebce4d3ca72606b7545db44834855b101f0d64f2d9210c428
TR-01341,2025-01-27,2025-01-01,PJT,ACC-00008,RECEITA,5838.797116593949,5838.797116593949,BRL,Juros sobre operação financeira - PJT,23,BOLETO,PAGO,58be6bc5-0a1f-4bd4-a840-78cae5cdb36e,2025-02-05,ERP_CORPORATIVO,TRANSACOES_FINANCEIRAS,1341,c6e3eac9ccbdbb5bf11360c207432bab5a448a54f1083f273d0b8af60cf87e69
TR-01507,2025-01-08,2025-01-01,COM,FORN-00009,RECEITA,3681.181774537176,3681.181774537176,BRL,Compra de insumos para setor COM,2,BOLETO,PAGO,58be6bc5-0a1f-4bd4-a840-78cae5cdb36e,2025-02-05,ERP_CORPORATIVO,TRANSACOES_FINANCEIRAS,1507,0a682cfebf8402b273b5b07245c51383e60477df427eedec845881d274ddb0e0
TR-01508,2025-01-17,2025-01-01,ESG,FORN-00009,DESPESA,4414.76176728111,4414.76176728111,BRL,Viagem corporativa - ESG,18,BOLETO,PAGO,58be6bc5-0a1f-4bd4-a840-78cae5cdb36e,2025-02-05,ERP_CORPORATIVO,TRANSACOES_FINANCEIRAS,1508,d9f1ef971238b8d6e8785a432053175f3cf3f39a849096b25f651825847a64f5
TR-01509,2025-01-22,2025-01-01,PES,FORN-00009,DESPESA,4165.314744609673,4165.314744609673,BRL,Manutenção de equipamentos de PES,28,CARTAO,PAGO,58be6bc5-0a1f-4bd4-a840-78cae5cdb36e,2025-02-05,ERP_CORPORATIVO,TRANSACOES_FINANCEIRAS,1509,a490e53e2f51eb2116d468e0f379d693cb3c9e61922400ff0223f08a95ab33fc
TR-01510,2025-01-20,2025-01-01,CPT,FORN-00009,DESPESA,6537.575767894093,6537.575767894093,BRL,Receita extraordinária - CPT,37,PIX,PAGO,58be6bc5-0a1f-4bd4-a840-78cae5cdb36e,2025-02-05,ERP_CORPORATIVO,TRANSACOES_FINANCEIRAS,1510,59228ad90099e7f56df879e7bd71e735de62852c0d6d652027075aaaf5868c2b
TR-01511,2025-01-06,2025-01-01,JUR,FORN-00009,DESPESA,4055.851731367543,4055.851731367543,BRL,Comissão recebida por JUR,33,BOLETO,PAGO,58be6bc5-0a1f-4bd4-a840-78cae5cdb36e,2025-02-05,ERP_CORPORATIVO,TRANSACOES_FINANCEIRAS,1511,f9e653348d59097b83d0cf34653f86873aa74a0aa1347046574bcfbbd7d15ef8
TR-01512,2025-01-14,2025-01-01,SEC,FORN-00009,DESPESA,4005.3609548633135,4005.3609548633135,USD,Encargos de empréstimo vinculados a SEC,23,CARTAO,PAGO,58be6bc5-0a1f-4bd4-a840-78cae5cdb36e,2025-02-05,ERP_CORPORATIVO,TRANSACOES_FINANCEIRAS,1512,accfda5f03fcbc06547caac19c34546362e7d82b2ecf9b81d2f2716e20ecc92e
TR-01513,2025-01-20,2025-01-01,FIN,FORN-00009,RECEITA,4815.75634879142,4815.75634879142,BRL,Prestação de serviço para área FIN,1,BOLETO,PAGO,58be6bc5-0a1f-4bd4-a840-78cae5cdb36e,2025-02-05,ERP_CORPORATIVO,TRANSACOES_FINANCEIRAS,1513,18a92c2f45d44761d1b675e1711899d390086948eb7075429c233e920c834bab
TR-01514,2025-01-06,2025-01-01,QAS,FORN-00009,RECEITA,3915.604152039053,3915.604152039053,BRL,Alienação de bem patrimonial - QAS,35,BOLETO,PAGO,58be6bc5-0a1f-4bd4-a840-78cae5cdb36e,2025-02-05,ERP_CORPORATIVO,TRANSACOES_FINANCEIRAS,1514,a34b1f0c77a885feef6c2689712f34f3986a659cc58396b0329d80e06a3e3271
TR-01515,2025-01-13,2025-01-01,RH,FORN-00009,DESPESA,4442.0289705825235,4442.0289705825235,BRL,Licença de software para área RH,27,TED,PAGO,58be6bc5-0a1f-4bd4-a840-78cae5cdb36e,2025-02-05,ERP_CORPORATIVO,TRANSACOES_FINANCEIRAS,1515,87dd4501e06b0a1f4eb5e06b1c30021b247047c08d4c005d07a6cc36dcb7eea7
TR-01516,2025-01-20,2025-01-01,ADM,FORN-00009,RECEITA,3845.340216102077,3741.317561355877,BRL,Custo operacional associado a ADM,8,PIX,PAGO,58be6bc5-0a1f-4bd4-a840-78cae5cdb36e,2025-02-05,ERP_CORPORATIVO,TRANSACOES_FINANCEIRAS,1516,f2688c7edcd87c27657afbc304d65a05eb829408858b4bb17f26316eea908558
TR-01517,2025-01-22,2025-01-01,FIN,FORN-00009,DESPESA,4996.393598761363,4861.96086229818,BRL,Investimento em marketing corporativo (FIN),4,TED,PAGO,58be6bc5-0a1f-4bd4-a840-78cae5cdb36e,2025-02-05,ERP_CORPORATIVO,TRANSACOES_FINANCEIRAS,1517,58f7bd4d3e559f4559c31b62960afc417b68798c98a803a704b8b1b076c29696
TR-01518,2025-01-17,2025-01-01,PRD,FORN-00009,DESPESA,4413.990591049282,4413.990591049282,BRL,Treinamento corporativo para equipe PRD,30,BOLETO,PAGO,58be6bc5-0a1f-4bd4-a840-78cae5cdb36e,2025-02-05,ERP_CORPORATIVO,TRANSACOES_FINANCEIRAS,1518,f3a0031646246d537e0348cf31de4c04223e6f1ab0da0d87f853612839dc7e71
TR-01771,2025-01-14,2025-01-01,CPT,FORN-00010,DESPESA,2112.350879857185,2087.4212236432745,BRL,Serviço especializado solicitado por CPT,1,TED,ATRASADO,58be6bc5-0a1f-4bd4-a840-78cae5cdb36e,2025-02-05,ERP_CORPORATIVO,TRANSACOES_FINANCEIRAS,1771,85309a634e10a9ba424693d474cc0873be9176234a4dc26f9ed44d9391904192
TR-01772,2025-01-10,2025-01-01,COM,FORN-00010,RECEITA,1929.2528645334926,1894.6915961510867,BRL,Abatimento comercial registrado em COM,38,CARTAO,PAGO,58be6bc5-0a1f-4bd4-a840-78cae5cdb36e,2025-02-05,ERP_CORPORATIVO,TRANSACOES_FINANCEIRAS,1772,a2567f864719e25b64bdea87ce8d998601bd9f746cbf9797987b42a53f8e21e0
TR-01773,2025-01-15,2025-01-01,OP,FORN-00010,RECEITA,2168.68364070535,2168.68364070535,BRL,Aquisição de material operacional - OP,2,BOLETO,PAGO,58be6bc5-0a1f-4bd4-a840-78cae5cdb36e,2025-02-05,ERP_CORPORATIVO,TRANSACOES_FINANCEIRAS,1773,04742d592ef094f9ca24a3f650ac8441df4e24ff535b693cc08ee50aaf8e5ecf
TR-01774,2025-01-08,2025-01-01,COMP,FORN-00010,RECEITA,2209.417987618365,2209.417987618365,BRL,Tarifas de serviços financeiros - COMP,22,BOLETO,PAGO,58be6bc5-0a1f-4bd4-a840-78cae5cdb36e,2025-02-05,ERP_CORPORATIVO,TRANSACOES_FINANCEIRAS,1774,57e18e5aa0cb460c10a01ccb89033c32bed2b90e0e83c158ccc60fa98b12263e
TR-01775,2025-01-23,2025-01-01,SEC,FORN-00010,RECEITA,1990.6893504146103,1990.6893504146103,BRL,Despesa operacional - SEC,8,PIX,PAGO,58be6bc5-0a1f-4bd4-a840-78cae5cdb36e,2025-02-05,ERP_CORPORATIVO,TRANSACOES_FINANCEIRAS,1775,9f3c7e9549277a9178e05b0150f6f16a7ad80d444edb48135ebecf22249451e6
TR-01776,2025-01-22,2025-01-01,ADM,FORN-00010,DESPESA,2136.0405607472335,2063.2755834060727,BRL,Atendimento de TI requisitado por ADM,29,TED,ATRASADO,58be6bc5-0a1f-4bd4-a840-78cae5cdb36e,2025-02-05,ERP_CORPORATIVO,TRANSACOES_FINANCEIRAS,1776,4cbdb3d4567c0e15ae6c9d6bd1bd32ab71e73f1c2873056ab7cd285b9a4fa18e
TR-01777,2025-01-20,2025-01-01,RH,FORN-00010,RECEITA,2223.188454869262,2223.188454869262,BRL,Despesa de RH - RH,6,PIX,CANCELADO,58be6bc5-0a1f-4bd4-a840-78cae5cdb36e,2025-02-05,ERP_CORPORATIVO,TRANSACOES_FINANCEIRAS,1777,d486681c916f2240613b47ba3684eccaf27e9396732b78faeb2ca43498fa02f6
TR-01778,2025-01-07,2025-01-01,LOG,FORN-00010,DESPESA,2061.1287912550547,2003.6762357495425,BRL,Recebimento de subvenção - LOG,36,TRANSFERENCIA,ATRASADO,58be6bc5-0a1f-4bd4-a840-78cae5cdb36e,2025-02-05,ERP_CORPORATIVO,TRANSACOES_FINANCEIRAS,1778,899f7255f341c81777731882afbf74014ac45c7f8fb1bb94b4de9bcb35a14158
TR-01779,2025-01-15,2025-01-01,PES,FORN-00010,DESPESA,2607.458019800334,2513.3169436641083,BRL,Recebimento de subvenção - PES,36,CARTAO,PAGO,58be6bc5-0a1f-4bd4-a840-78cae5cdb36e,2025-02-05,ERP_CORPORATIVO,TRANSACOES_FINANCEIRAS,1779,d48606f1be04c75a719742e6b62b25511c28605b7366b724e192dff7be5f0a14
TR-01780,2025-01-14,2025-01-01,COM,FORN-00010,RECEITA,1995.2271703502506,1995.2271703502506,BRL,Assessoria legal vinculada à área COM,7,BOLETO,ATRASADO,58be6bc5-0a1f-4bd4-a840-78cae5cdb36e,2025-02-05,ERP_CORPORATIVO,TRANSACOES_FINANCEIRAS,1780,8796d17940cac143d8d30284408aa30a1e907daa10e12324fe24e83469222f99
TR-01781,2025-01-10,2025-01-01,OP,FORN-00010,DESPESA,2387.0478755601794,2387.0478755601794,BRL,Locação de espaço comercial - OP,31,BOLETO,PAGO,58be6bc5-0a1f-4bd4-a840-78cae5cdb36e,2025-02-05,ERP_CORPORATIVO,TRANSACOES_FINANCEIRAS,1781,41ba3e550c496ca83eb9367684f69375a4d72a6f15938b76dd86ba6b26494493
TR-01782,2025-01-20,2025-01-01,SEC,FORN-00010,RECEITA,2268.2552027329625,2268.2552027329625,BRL,Publicidade institucional - SEC,13,BOLETO,PAGO,58be6bc5-0a1f-4bd4-a840-78cae5cdb36e,2025-02-05,ERP_CORPORATIVO,TRANSACOES_FINANCEIRAS,1782,ffcae0ef7f4976ab6157b5756fb266913547b41d09029d5eca3945a92c7db665
TR-01783,2025-01-24,2025-01-01,FIN,FORN-00010,RECEITA,1679.4766577124067,1679.4766577124067,BRL,Publicidade institucional - FIN,13,BOLETO,PAGO,58be6bc5-0a1f-4bd4-a840-78cae5cdb36e,2025-02-05,ERP_CORPORATIVO,TRANSACOES_FINANCEIRAS,1783,63c58620086250c906afaacfa61d9d7822cde0ec4699967e271d5bde7f651328
TR-01784,2025-01-16,2025-01-01,COM,FORN-00010,RECEITA,2348.4818941388903,2348.4818941388903,BRL,Despesa operacional - COM,8,PIX,PAGO,58be6bc5-0a1f-4bd4-a840-78cae5cdb36e,2025-02-05,ERP_CORPORATIVO,TRANSACOES_FINANCEIRAS,1784,8d66a15bcb6f79b8b877139461f1f5e97781c4f45ada4fedb9f70a4b0fbe6cc6
TR-02098,2025-01-22,2025-01-01,LOG,ACC-00011,DESPESA,3383.315102868506,3383.315102868506,BRL,Custo operacional associado a LOG,8,PIX,PAGO,58be6bc5-0a1f-4bd4-a840-78cae5cdb36e,2025-02-05,ERP_CORPORATIVO,TRANSACOES_FINANCEIRAS,2098,4936c4841c6d19eea2a520edac4b488e452feb29faa2b445d4b4f741e0345496
TR-02099,2025-01-13,2025-01-01,FIN,ACC-00011,DESPESA,2774.811764802138,2774.811764802138,BRL,Aquisição de material operacional - FIN,2,TRANSFERENCIA,ATRASADO,58be6bc5-0a1f-4bd4-a840-78cae5cdb36e,2025-02-05,ERP_CORPORATIVO,TRANSACOES_FINANCEIRAS,2099,e7482244c1bdfe0a8e1c6cdc1d1631bce50b1bea968365841ab12997a9341022
TR-02100,2025-01-15,2025-01-01,FIN,ACC-00011,RECEITA,3695.970986069471,3695.970986069471,BRL,Locação de espaço comercial - FIN,31,BOLETO,PAGO,58be6bc5-0a1f-4bd4-a840-78cae5cdb36e,2025-02-05,ERP_CORPORATIVO,TRANSACOES_FINANCEIRAS,2100,cff19be4026854fa7eadfdf793dec1acc0c1c8e3d7df5b433e03504dac3cb633
TR-02101,2025-01-28,2025-01-01,FIN,ACC-00011,DESPESA,3024.337250824532,3024.337250824532,BRL,Alimentação em viagem corporativa - FIN,20,PIX,PAGO,58be6bc5-0a1f-4bd4-a840-78cae5cdb36e,2025-02-05,ERP_CORPORATIVO,TRANSACOES_FINANCEIRAS,2101,e025077c23a065ee0398de38049d4ccf6fee18e76f9b312c6b1d91ad2f97185e
TR-02102,2025-01-14,2025-01-01,TI,ACC-00011,RECEITA,3285.331401287082,3285.331401287082,BRL,Prestação de serviço para área TI,1,BOLETO,PAGO,58be6bc5-0a1f-4bd4-a840-78cae5cdb36e,2025-02-05,ERP_CORPORATIVO,TRANSACOES_FINANCEIRAS,2102,fe2025390009329f01b016d38c829ecc081e28b14fe974fce90f5fe48bc86624
TR-02103,2025-01-08,2025-01-01,COMP,ACC-00011,DESPESA,3154.219015155397,3154.219015155397,BRL,Despesa operacional - COMP,8,PIX,PAGO,58be6bc5-0a1f-4bd4-a840-78cae5cdb36e,2025-02-05,ERP_CORPORATIVO,TRANSACOES_FINANCEIRAS,2103,8b7e06ee40ce6393680142b503542ae4135fdfeec29a337bde6ac4c514e77977
TR-02104,2025-01-20,2025-01-01,ESG,ACC-00011,DESPESA,3130.77581762675,3130.77581762675,BRL,Despesa de RH - ESG,6,CARTAO,ATRASADO,58be6bc5-0a1f-4bd4-a840-78cae5cdb36e,2025-02-05,ERP_CORPORATIVO,TRANSACOES_FINANCEIRAS,2104,fd6a5288d582bc3fe272912fcd01641b50d4deef6a53e2598c24440bc1f8c4ef
TR-02105,2025-01-16,2025-01-01,COM,ACC-00011,DESPESA,3275.2461805563025,3275.2461805563025,BRL,Material de marketing solicitado por COM,15,BOLETO,PAGO,58be6bc5-0a1f-4bd4-a840-78cae5cdb36e,2025-02-05,ERP_CORPORATIVO,TRANSACOES_FINANCEIRAS,2105,f66df61154bd2549564c11cf5fe0d16a2beb7538a714b79ece23cafa18f7fd12
TR-02106,2025-01-09,2025-01-01,RH,ACC-00011,DESPESA,7094.769656237166,7094.769656237166,BRL,Assessoria contábil prestada a RH,25,TED,PAGO,58be6bc5-0a1f-4bd4-a840-78cae5cdb36e,2025-02-05,ERP_CORPORATIVO,TRANSACOES_FINANCEIRAS,2106,30f0fcf484375bbf865d70ecf2ac77ad83e8614c109e6bed27789209d1fee1fc
TR-02352,2025-01-13,2025-01-01,TI,ACC-00012,DESPESA,3638.461376994318,3638.461376994318,BRL,Licenciamento de software - TI,5,TED,PAGO,58be6bc5-0a1f-4bd4-a840-78cae5cdb36e,2025-02-05,ERP_CORPORATIVO,TRANSACOES_FINANCEIRAS,2352,42827a2ef15384b68e17ca633cfc1b4810b69f46b7817b0ffb7ee7ef17ca7a6f
TR-02353,2025-01-20,2025-01-01,LOG,ACC-00012,RECEITA,3921.008845046058,3921.008845046058,BRL,Serviço relacionado a recursos humanos (LOG),6,PIX,PAGO,58be6bc5-0a1f-4bd4-a840-78cae5cdb36e,2025-02-05,ERP_CORPORATIVO,TRANSACOES_FINANCEIRAS,2353,b73fbee5cad8c704638e0d8fe98cb4325433ebf439ef2def2166cfe71f24c863
TR-02354,2025-01-27,2025-01-01,FIN,ACC-00012,DESPESA,3276.534318619666,3143.773297035451,BRL,Participação nos resultados vinculada a FIN,34,CARTAO,PAGO,58be6bc5-0a1f-4bd4-a840-78cae5cdb36e,2025-02-05,ERP_CORPORATIVO,TRANSACOES_FINANCEIRAS,2354,bb1fa0a6d09d801c5ffde547b1db96918c706cc2197c538d29b4311e5b7ee3c2
TR-02355,2025-01-13,2025-01-01,COM,ACC-00012,RECEITA,3625.5021289068522,3625.5021289068522,BRL,Manutenção estrutural vinculada à área COM,3,PIX,PAGO,58be6bc5-0a1f-4bd4-a840-78cae5cdb36e,2025-02-05,ERP_CORPORATIVO,TRANSACOES_FINANCEIRAS,2355,bd155abbae445ed25b701a8d5a3f7cad147ebb825d2ec5c2bd36ac9aa0d22256
TR-02356,2025-01-27,2025-01-01,SEC,ACC-00012,RECEITA,3850.3653042526025,3672.186685094853,BRL,Honorários jurídicos - SEC,7,TED,ATRASADO,58be6bc5-0a1f-4bd4-a840-78cae5cdb36e,2025-02-05,ERP_CORPORATIVO,TRANSACOES_FINANCEIRAS,2356,9c721d77c2dcd74a7875857e2c4e8cc6b8aed1862f63159e90375b67bc6d8ef3
TR-02357,2025-01-13,2025-01-01,COM,ACC-00012,DESPESA,3953.8272151447377,3884.6289732505556,BRL,Receita eventual registrada em COM,37,CARTAO,PAGO,58be6bc5-0a1f-4bd4-a840-78cae5cdb36e,2025-02-05,ERP_CORPORATIVO,TRANSACOES_FINANCEIRAS,2357,e6d1c7ddea01b8dd09d3a59cb60267b1ceb16bb614284dac9a494e2f26cf71c0
TR-02358,2025-01-20,2025-01-01,LOG,ACC-00012,DESPESA,9877.227782067173,9877.227782067173,BRL,Certificado digital adquirido por LOG,26,PIX,PAGO,58be6bc5-0a1f-4bd4-a840-78cae5cdb36e,2025-02-05,ERP_CORPORATIVO,TRANSACOES_FINANCEIRAS,2358,d5126ebe436ffd9f93187ac2c597d50e8ce917032d2662e0617ffc44b0f6e179
TR-02359,2025-01-16,2025-01-01,SEC,ACC-00012,DESPESA,3303.0878800873566,3197.409903588621,BRL,Licenciamento de software - SEC,5,TRANSFERENCIA,PAGO,58be6bc5-0a1f-4bd4-a840-78cae5cdb36e,2025-02-05,ERP_CORPORATIVO,TRANSACOES_FINANCEIRAS,2359,02b6fca528522b0a36f92b6d6a4b58facccf7a0627539c2d510e38e1b8252838
TR-02560,2025-01-17,2025-01-01,COM,FORN-00013,RECEITA,3261.8813671342787,3261.8813671342787,BRL,Serviço especializado solicitado por COM,1,TED,PAGO,58be6bc5-0a1f-4bd4-a840-78cae5cdb36e,2025-02-05,ERP_CORPORATIVO,TRANSACOES_FINANCEIRAS,2560,cb23b21b06ff72e7abcdebf2ecfcc08f6dc78b0c881ddf5251ab90be5ee9b6e6
TR-02561,2025-01-27,2025-01-01,FIN,FORN-00013,DESPESA,3434.9481445750225,3434.9481445750225,BRL,Honorários jurídicos - FIN,7,PIX,PAGO,58be6bc5-0a1f-4bd4-a840-78cae5cdb36e,2025-02-05,ERP_CORPORATIVO,TRANSACOES_FINANCEIRAS,2561,54b80fde88691b295c9482e4a690cd479ad90d92379a9ac023d5a46f7b6208dd
TR-02562,2025-01-10,2025-01-01,MKT,FORN-00013,DESPESA,3344.1499948488026,3344.1499948488026,BRL,Honorários jurídicos - MKT,7,TRANSFERENCIA,PAGO,58be6bc5-0a1f-4bd4-a840-78cae5cdb36e,2025-02-05,ERP_CORPORATIVO,TRANSACOES_FINANCEIRAS,2562,cd8d54df6a66543550f636d2858245e387d77619d93666fd3db9965c748939af
TR-02563,2025-01-13,2025-01-01,COMP,FORN-00013,DESPESA,3271.351392419715,3271.351392419715,BRL,Alimentação em viagem corporativa - COMP,20,PIX,CANCELADO,58be6bc5-0a1f-4bd4-a840-78cae5cdb36e,2025-02-05,ERP_CORPORATIVO,TRANSACOES_FINANCEIRAS,2563,b85fddd4e8d2ce6b9d0178b0e1e852aec9c83ae19e457fccd98ff8a7b5be08f8
TR-02564,2025-01-20,2025-01-01,QAS,FORN-00013,RECEITA,3976.9430181410694,3976.9430181410694,BRL,Campanha institucional - QAS,4,PIX,PAGO,58be6bc5-0a1f-4bd4-a840-78cae5cdb36e,2025-02-05,ERP_CORPORATIVO,TRANSACOES_FINANCEIRAS,2564,f21fa2072402c44da066a93ac7ecd2527b2fad7f94f4e79f717e5ac3ecdea237
TR-02565,2025-01-29,2025-01-01,OP,FORN-00013,DESPESA,3354.819811935998,3354.819811935998,BRL,Contrato de SaaS vinculado a OP,27,TRANSFERENCIA,PAGO,58be6bc5-0a1f-4bd4-a840-78cae5cdb36e,2025-02-05,ERP_CORPORATIVO,TRANSACOES_FINANCEIRAS,2565,5dc4232425c86feb7327ce79cd311fba8597e51d45f4f4d66aff00bc14432d53
TR-02566,2025-01-20,2025-01-01,OP,FORN-00013,RECEITA,3100.619311653972,3100.619311653972,BRL,Reparo e conservação de instalações - OP,10,BOLETO,PAGO,58be6bc5-0a1f-4bd4-a840-78cae5cdb36e,2025-02-05,ERP_CORPORATIVO,TRANSACOES_FINANCEIRAS,2566,27e8bbf1b99d97325da3e3fb0f152bc510c1d81b9b00d03dd99a2029f07e82ad
TR-02567,2025-01-20,2025-01-01,FIN,FORN-00013,RECEITA,3740.5766172398116,3702.17199068608,BRL,Serviço especializado solicitado por FIN,1,BOLETO,ATRASADO,58be6bc5-0a1f-4bd4-a840-78cae5cdb36e,2025-02-05,ERP_CORPORATIVO,TRANSACOES_FINANCEIRAS,2567,832d4fcdc0a42c052f3fe2d415c31349b892929dbb5b93f2be9e1d034fbc02e1
TR-02568,2025-01-09,2025-01-01,PRD,FORN-00013,RECEITA,3155.9537032683265,3155.9537032683265,BRL,Hospedagem em viagem a serviço de PRD,19,TRANSFERENCIA,PAGO,58be6bc5-0a1f-4bd4-a840-78cae5cdb36e,2025-02-05,ERP_CORPORATIVO,TRANSACOES_FINANCEIRAS,2568,7440c68903820b1314b6c0af10e668345b276202342921539e7e964f74f2ef84
TR-02569,2025-01-21,2025-01-01,MKT,FORN-00013,RECEITA,3355.6241947505523,3355.6241947505523,BRL,Propaganda e divulgação para área MKT,13,BOLETO,PAGO,58be6bc5-0a1f-4bd4-a840-78cae5cdb36e,2025-02-05,ERP_CORPORATIVO,TRANSACOES_FINANCEIRAS,2569,ecabf147c0bc6a068b439226f8ac11bad7af0de94debdc529c4b389ce5b763e1
TR-02570,2025-01-20,2025-01-01,OP,FORN-00013,DESPESA,5636.192918832581,5636.192918832581,BRL,Promoção e atividade externa - OP,14,TED,PAGO,58be6bc5-0a1f-4bd4-a840-78cae5cdb36e,2025-02-05,ERP_CORPORATIVO,TRANSACOES_FINANCEIRAS,2570,f21d9502dfe7391c78d43c9b209a03eeef7eee1597e7e6129e62331a55bf0ec2
TR-02571,2025-01-14,2025-01-01,PJT,FORN-00013,DESPESA,3464.9141103513366,3464.9141103513366,BRL,Contrato de conectividade para área PJT,9,BOLETO,PAGO,58be6bc5-0a1f-4bd4-a840-78cae5cdb36e,2025-02-05,ERP_CORPORATIVO,TRANSACOES_FINANCEIRAS,2571,9b1e51a36c865250503cca49283adbb8e25411d9fe0e24037b18925316cc72ed
TR-02803,2025-01-06,2025-01-01,TI,ACC-00014,DESPESA,2442.2595979926873,2383.33944568054,BRL,Evento corporativo organizado por TI,14,BOLETO,PAGO,58be6bc5-0a1f-4bd4-a840-78cae5cdb36e,2025-02-05,ERP_CORPORATIVO,TRANSACOES_FINANCEIRAS,2803,1a7a63a498fec25ac479efc6d8b57ea7e78eea850f491273a42018bb793c289c
TR-02804,2025-01-15,2025-01-01,CPT,ACC-00014,DESPESA,2137.374050205571,2082.4782434167064,BRL,Despesa operacional - CPT,8,PIX,PAGO,58be6bc5-0a1f-4bd4-a840-78cae5cdb36e,2025-02-05,ERP_CORPORATIVO,TRANSACOES_FINANCEIRAS,2804,5b932e071356b26c9d31e0db943d03911e31399b3ec8d083f1baf8fdd90bf656
TR-02805,2025-01-14,2025-01-01,OP,ACC-00014,DESPESA,7984.7233943836045,7870.504017913389,BRL,Manutenção estrutural vinculada à área OP,3,BOLETO,PAGO,58be6bc5-0a1f-4bd4-a840-78cae5cdb36e,2025-02-05,ERP_CORPORATIVO,TRANSACOES_FINANCEIRAS,2805,c3a82d5cc95174bff2678c0f61772c99d0a7a0a8b47c32e9dca79cb019107e91
TR-02806,2025-01-13,2025-01-01,COM,ACC-00014,DESPESA,2334.60214634163,2334.60214634163,BRL,Renovação de certificados digitais - COM,26,PIX,ATRASADO,58be6bc5-0a1f-4bd4-a840-78cae5cdb36e,2025-02-05,ERP_CORPORATIVO,TRANSACOES_FINANCEIRAS,2806,3a333077eb55f5fb3dfd625bdf719d19594d2a369f92a8989dbddb6fd59a5d0d
TR-02807,2025-01-13,2025-01-01,PJT,ACC-00014,DESPESA,2584.8336960204815,2584.8336960204815,BRL,Compra de insumos para setor PJT,2,PIX,PAGO,58be6bc5-0a1f-4bd4-a840-78cae5cdb36e,2025-02-05,ERP_CORPORATIVO,TRANSACOES_FINANCEIRAS,2807,227fd685fd30c81d0bc0ddac4a5442305e2186c886ee06f22696ba6e46416db9
TR-02808,2025-01-10,2025-01-01,ESG,ACC-00014,DESPESA,3237.655380547566,3237.655380547566,BRL,Recebimento de subvenção - ESG,36,TED,PAGO,58be6bc5-0a1f-4bd4-a840-78cae5cdb36e,2025-02-05,ERP_CORPORATIVO,TRANSACOES_FINANCEIRAS,2808,176e8683ce744216c2cc2ca683bb4faaf14ab6dbd0f92bda52e8d901546381ba
TR-02809,2025-01-17,2025-01-01,PRD,ACC-00014,RECEITA,2571.053818865411,2571.053818865411,BRL,Contrato de conectividade para área PRD,9,PIX,CANCELADO,58be6bc5-0a1f-4bd4-a840-78cae5cdb36e,2025-02-05,ERP_CORPORATIVO,TRANSACOES_FINANCEIRAS,2809,15025beb62a2dcd10fe2567ecde0ea17cc25c8dfb89496a1577190e198046032
TR-02810,2025-01-15,2025-01-01,COMP,ACC-00014,RECEITA,2630.803349790907,2630.803349790907,EUR,Despesa de infraestrutura - COMP,3,BOLETO,CANCELADO,58be6bc5-0a1f-4bd4-a840-78cae5cdb36e,2025-02-05,ERP_CORPORATIVO,TRANSACOES_FINANCEIRAS,2810,15c59fd3f25a0a5e97b6f28aab9adf57d5f20a01a446da0825ff7d7ed578afcc
TR-02811,2025-01-20,2025-01-01,PRD,ACC-00014,RECEITA,2412.521584682386,2412.521584682386,BRL,Despesa de refeição em deslocamento (PRD),20,PIX,PAGO,58be6bc5-0a1f-4bd4-a840-78cae5cdb36e,2025-02-05,ERP_CORPORATIVO,TRANSACOES_FINANCEIRAS,2811,071f8069ded30decc343b97566993d8a399070d5c0c8623a42d9dd7f91da725a
TR-02812,2025-01-20,2025-01-01,QAS,ACC-00014,DESPESA,2212.47807522099,2212.47807522099,BRL,Despesa operacional - QAS,8,BOLETO,PAGO,58be6bc5-0a1f-4bd4-a840-78cae5cdb36e,2025-02-05,ERP_CORPORATIVO,TRANSACOES_FINANCEIRAS,2812,564e67d16ac232cdc39a6efe92a0fcbe6e108cde068b8197463085964805f9ca
TR-02813,2025-01-16,2025-01-01,COMP,ACC-00014,RECEITA,2741.3882319783597,2741.3882319783597,BRL,Receita extraordinária - COMP,37,CARTAO,PAGO,58be6bc5-0a1f-4bd4-a840-78cae5cdb36e,2025-02-05,ERP_CORPORATIVO,TRANSACOES_FINANCEIRAS,2813,f24866b8ad1878021d567cb4351cc01425f2f7f04aa45e64346348b6dc4f18a3
TR-02814,2025-01-27,2025-01-01,COM,ACC-00014,RECEITA,2329.1142044186067,2329.1142044186067,BRL,Direitos de propriedade intelectual - COM,32,BOLETO,PAGO,58be6bc5-0a1f-4bd4-a840-78cae5cdb36e,2025-02-05,ERP_CORPORATIVO,TRANSACOES_FINANCEIRAS,2814,c800ffffac1539ed0c5ef40e3f9a707962fdc264f276006b994446a5b37c77bb
TR-02815,2025-01-13,2025-01-01,PES,ACC-00014,DESPESA,2418.5151658312147,2418.5151658312147,BRL,Despesa de infraestrutura - PES,3,BOLETO,PAGO,58be6bc5-0a1f-4bd4-a840-78cae5cdb36e,2025-02-05,ERP_CORPORATIVO,TRANSACOES_FINANCEIRAS,2815,70b943b7ef20ecb0c3d419c602a73d626af38ac8af2d4c1fa28a15604cd844e0
TR-02816,2025-01-23,2025-01-01,COMP,ACC-00014,DESPESA,2960.681586916496,2919.476750738181,BRL,Despesa operacional - COMP,8,BOLETO,ATRASADO,58be6bc5-0a1f-4bd4-a840-78cae5cdb36e,2025-02-05,ERP_CORPORATIVO,TRANSACOES_FINANCEIRAS,2816,63751d351456f09ff8c8dbea5b2e9b9c0249857c661a4de8f2cdde17b9d71085
TR-02817,2025-01-15,2025-01-01,CTB,ACC-00014,DESPESA,2392.409885553348,2392.409885553348,BRL,Manutenção estrutural vinculada à área CTB,3,TRANSFERENCIA,PAGO,58be6bc5-0a1f-4bd4-a840-78cae5cdb36e,2025-02-05,ERP_CORPORATIVO,TRANSACOES_FINANCEIRAS,2817,bdb4b6a3bbed3393dee2af30ea2f530dae030a16d2c53e8897901c451aced9d9
TR-02818,2025-01-10,2025-01-01,ATD,ACC-00014,RECEITA,2794.3646588466368,2794.3646588466368,BRL,Royalties recebidos por ATD,32,TED,ATRASADO,58be6bc5-0a1f-4bd4-a840-78cae5cdb36e,2025-02-05,ERP_CORPORATIVO,TRANSACOES_FINANCEIRAS,2818,075ef0e885e2e1e3ae5d002f1a428858f144a36baee0c5d4791f26a619df2e72
TR-03145,2025-01-16,2025-01-01,MKT,1000014,DESPESA,5136.217765172474,5136.217765172474,BRL,Prestação de serviço para área MKT,1,TRANSFERENCIA,PAGO,58be6bc5-0a1f-4bd4-a840-78cae5cdb36e,2025-02-05,ERP_CORPORATIVO,TRANSACOES_FINANCEIRAS,3145,71d2fe6c84633d554c8c4656d3c5481bf1fecfbb1f8371492688692204a290ec
TR-03146,2025-01-13,2025-01-01,COM,1000014,RECEITA,5111.046744673173,5111.046744673173,BRL,Honorários jurídicos - COM,7,PIX,PAGO,58be6bc5-0a1f-4bd4-a840-78cae5cdb36e,2025-02-05,ERP_CORPORATIVO,TRANSACOES_FINANCEIRAS,3146,8ff81b897a1c027a699e39325e2c1d91a9e6e0a172295a39838dd8ce0764837e
TR-03147,2025-01-22,2025-01-01,COMP,1000014,DESPESA,5773.483490585922,5773.483490585922,BRL,Manutenção preventiva de veículos - COMP,17,BOLETO,ATRASADO,58be6bc5-0a1f-4bd4-a840-78cae5cdb36e,2025-02-05,ERP_CORPORATIVO,TRANSACOES_FINANCEIRAS,3147,917ff2251cfc0903f7d5439efe03614586ac4c940ffba3d1a04c2acc78b79615
TR-03148,2025-01-13,2025-01-01,MKT,1000014,RECEITA,4823.793383042636,4823.793383042636,BRL,Prestação de serviço para área MKT,1,TED,ATRASADO,58be6bc5-0a1f-4bd4-a840-78cae5cdb36e,2025-02-05,ERP_CORPORATIVO,TRANSACOES_FINANCEIRAS,3148,2b2b37a0e07cd0177504ada0d3d7d9b789abfbbf3e727347895cc9179d4a056a
TR-03149,2025-01-06,2025-01-01,JUR,1000014,RECEITA,1755.5412513161925,1755.5412513161925,BRL,Recebimento de subvenção - JUR,36,TED,PAGO,58be6bc5-0a1f-4bd4-a840-78cae5cdb36e,2025-02-05,ERP_CORPORATIVO,TRANSACOES_FINANCEIRAS,3149,511d1ba0049a047f53602059ee870d433d8df8f312b7209d3b85dd93093f904c
TR-03150,2025-01-09,2025-01-01,COMP,1000014,RECEITA,5068.605405493276,5068.605405493276,EUR,Honorários profissionais contratados por COMP,11,PIX,PAGO,58be6bc5-0a1f-4bd4-a840-78cae5cdb36e,2025-02-05,ERP_CORPORATIVO,TRANSACOES_FINANCEIRAS,3150,6f20c78aba99fd5f391b2ea7521108e1fd56fad788d7326eed48108ad8615262
TR-03744,2025-01-20,2025-01-01,COMP,ACC-00019,DESPESA,3648.575703071492,3648.575703071492,BRL,Serviço especializado solicitado por COMP,1,BOLETO,PAGO,58be6bc5-0a1f-4bd4-a840-78cae5cdb36e,2025-02-05,ERP_CORPORATIVO,TRANSACOES_FINANCEIRAS,3744,c5ee680627456f42bc72a31956a3af93fa6a8929bb227efdf4d94d39a05287a5
TR-03745,2025-01-16,2025-01-01,QAS,ACC-00019,DESPESA,3213.8546945754388,3213.8546945754388,BRL,Receita de comissão comercial - QAS,33,CARTAO,CANCELADO,58be6bc5-0a1f-4bd4-a840-78cae5cdb36e,2025-02-05,ERP_CORPORATIVO,TRANSACOES_FINANCEIRAS,3745,4aaa8577885d69d304c8bd59eb21cee3c2dbfe50ec77bb6e87f8b216eeb461ac
TR-03746,2025-01-21,2025-01-01,PJT,ACC-00019,DESPESA,3770.467075512917,3770.467075512917,USD,Serviço relacionado a recursos humanos (PJT),6,TED,ATRASADO,58be6bc5-0a1f-4bd4-a840-78cae5cdb36e,2025-02-05,ERP_CORPORATIVO,TRANSACOES_FINANCEIRAS,3746,97363e5021f8299d84c4824fd65dcfc9af38f914163957e050148e9013a8f3a7
TR-03747,2025-01-15,2025-01-01,PJT,ACC-00019,DESPESA,4076.1773653289847,4076.1773653289847,BRL,Custo operacional associado a PJT,8,PIX,PAGO,58be6bc5-0a1f-4bd4-a840-78cae5cdb36e,2025-02-05,ERP_CORPORATIVO,TRANSACOES_FINANCEIRAS,3747,824e35d1cb5424e9298e281cbb36baa4280112545084398c4914a4279c1cda13
TR-03748,2025-01-13,2025-01-01,MKT,ACC-00019,RECEITA,3927.9348992919386,3795.793960788963,BRL,Tributo incidente sobre receita de MKT,40,PIX,PAGO,58be6bc5-0a1f-4bd4-a840-78cae5cdb36e,2025-02-05,ERP_CORPORATIVO,TRANSACOES_FINANCEIRAS,3748,8f274d7f53dbbd76fc8334fdd18a109ab0d668ec6a195dd8e42844d7b32ed840
TR-03749,2025-01-09,2025-01-01,FIN,ACC-00019,DESPESA,3939.437271977804,3939.437271977804,BRL,Manutenção estrutural vinculada à área FIN,3,PIX,PAGO,58be6bc5-0a1f-4bd4-a840-78cae5cdb36e,2025-02-05,ERP_CORPORATIVO,TRANSACOES_FINANCEIRAS,3749,231e0523e448487b8720f729b6d57df2e8f19f9f1cb8436180a3f3bd0b34a2ce
TR-03750,2025-01-20,2025-01-01,MKT,ACC-00019,DESPESA,3743.616927109826,3743.616927109826,BRL,Evento corporativo organizado por MKT,14,BOLETO,PAGO,58be6bc5-0a1f-4bd4-a840-78cae5cdb36e,2025-02-05,ERP_CORPORATIVO,TRANSACOES_FINANCEIRAS,3750,a3de64f4f992f5fb0b912260a2fa05563fba669b907f5f6bebd6b3eb37303700
TR-03751,2025-01-14,2025-01-01,COM,ACC-00019,RECEITA,3849.340177422389,3849.340177422389,BRL,Consultoria estratégica para área COM,12,BOLETO,PAGO,58be6bc5-0a1f-4bd4-a840-78cae5cdb36e,2025-02-05,ERP_CORPORATIVO,TRANSACOES_FINANCEIRAS,3751,55bd959e8d7a88299072a0d9e157e68540fe82091c00842369432839dfe44916
TR-03752,2025-01-20,2025-01-01,OP,ACC-00019,RECEITA,3466.72543763674,3301.241328431144,BRL,Manutenção preventiva de veículos - OP,17,CARTAO,PAGO,58be6bc5-0a1f-4bd4-a840-78cae5cdb36e,2025-02-05,ERP_CORPORATIVO,TRANSACOES_FINANCEIRAS,3752,d7e2659c33482b5ec7ef381345341ac7dad888dcb357cd9e81ed47dd58de762d
TR-03753,2025-01-21,2025-01-01,COMP,ACC-00019,DESPESA,3870.872753986382,3870.872753986382,BRL,Despesa operacional - COMP,8,BOLETO,PAGO,58be6bc5-0a1f-4bd4-a840-78cae5cdb36e,2025-02-05,ERP_CORPORATIVO,TRANSACOES_FINANCEIRAS,3753,31056f10c5a7bbcb7cced93b52e31750148115099cc942c2da1f3494488e6d46
TR-03754,2025-01-13,2025-01-01,OP,ACC-00019,DESPESA,3687.1228978397635,3642.6492936112363,BRL,Custo operacional associado a OP,8,TED,ATRASADO,58be6bc5-0a1f-4bd4-a840-78cae5cdb36e,2025-02-05,ERP_CORPORATIVO,TRANSACOES_FINANCEIRAS,3754,d070d9d2f7ea68711c7c0c071a25fe435b013f36cdac483fca4e2e2e71d85194
TR-03755,2025-01-17,2025-01-01,ADM,ACC-00019,RECEITA,3460.7200805214597,3292.6735781498396,BRL,Manutenção estrutural vinculada à área ADM,3,BOLETO,ATRASADO,58be6bc5-0a1f-4bd4-a840-78cae5cdb36e,2025-02-05,ERP_CORPORATIVO,TRANSACOES_FINANCEIRAS,3755,e7c1c224878fb175eb5c1b51929a4b24283c321767ce05fd78629a406efe0f33
TR-03756,2025-01-27,2025-01-01,PES,ACC-00019,RECEITA,4176.3118613756205,4176.3118613756205,BRL,Encargos de empréstimo vinculados a PES,23,PIX,ATRASADO,58be6bc5-0a1f-4bd4-a840-78cae5cdb36e,2025-02-05,ERP_CORPORATIVO,TRANSACOES_FINANCEIRAS,3756,149879b8b05760dd77669ff333affaa6d079458021ce41c3284ec8994c14b2e6
TR-03757,2025-01-10,2025-01-01,LOG,ACC-00019,RECEITA,3308.3732184674504,3308.3732184674504,BRL,Prestação de serviço para área LOG,1,PIX,PAGO,58be6bc5-0a1f-4bd4-a840-78cae5cdb36e,2025-02-05,ERP_CORPORATIVO,TRANSACOES_FINANCEIRAS,3757,ee7b987197ee1a87ced4e0963358f796feb61708ca51cd17675e5fe4c90c2663
TR-03758,2025-01-22,2025-01-01,COM,ACC-00019,DESPESA,4081.175922530326,3950.3485100380462,BRL,Consultoria estratégica para área COM,12,TRANSFERENCIA,ATRASADO,58be6bc5-0a1f-4bd4-a840-78cae5cdb36e,2025-02-05,ERP_CORPORATIVO,TRANSACOES_FINANCEIRAS,3758,533ce47a72da5285ec8a4ad7ebfff44c07ba2e00d0734cf79fee884a5bc4027c
TR-03759,2025-01-09,2025-01-01,COMP,ACC-00019,DESPESA,4106.91203964246,4106.91203964246,BRL,Assessoria contábil prestada a COMP,25,TED,PAGO,58be6bc5-0a1f-4bd4-a840-78cae5cdb36e,2025-02-05,ERP_CORPORATIVO,TRANSACOES_FINANCEIRAS,3759,c92dd9670c9b9a5f86c6ae378c5ee50a02d682ed52df5e4c0d66ee99efa744f9
TR-03760,2025-01-13,2025-01-01,COMP,ACC-00019,RECEITA,3673.82267319631,3673.82267319631,BRL,Material de marketing solicitado por COMP,15,TED,PAGO,58be6bc5-0a1f-4bd4-a840-78cae5cdb36e,2025-02-05,ERP_CORPORATIVO,TRANSACOES_FINANCEIRAS,3760,d65988b2d490d0f3cf41d16c79aefcfecaf1d45661782a9cbfeb2259cb01ab0a
TR-03761,2025-01-14,2025-01-01,VND,ACC-00019,RECEITA,4293.050273426362,4238.644708586739,USD,Despesa de infraestrutura - VND,3,TRANSFERENCIA,ATRASADO,58be6bc5-0a1f-4bd4-a840-78cae5cdb36e,2025-02-05,ERP_CORPORATIVO,TRANSACOES_FINANCEIRAS,3761,9f0432553f20038fd81966abd28bed2ab51f9910b8465745000f84e42af6c3db
TR-03762,2025-01-17,2025-01-01,ADM,ACC-00019,RECEITA,3666.0786097281766,3666.0786097281766,BRL,Compra de insumos para setor ADM,2,BOLETO,PAGO,58be6bc5-0a1f-4bd4-a840-78cae5cdb36e,2025-02-05,ERP_CORPORATIVO,TRANSACOES_FINANCEIRAS,3762,dd8b8bcc23c331401ea13d62aa6448b130a90c13b38f9d31953435478ed2527f
TR-03763,2025-01-09,2025-01-01,OP,ACC-00019,RECEITA,3643.1219810989705,3643.1219810989705,BRL,Promoção e atividade externa - OP,14,PIX,PAGO,58be6bc5-0a1f-4bd4-a840-78cae5cdb36e,2025-02-05,ERP_CORPORATIVO,TRANSACOES_FINANCEIRAS,3763,070b8587a825638619577b74ae668839af3c818e9a13de469e84e814aca89b26
TR-03764,2025-01-15,2025-01-01,OP,ACC-00019,RECEITA,3434.6707836844325,3434.6707836844325,USD,Contrato de serviço - setor OP,1,BOLETO,PAGO,58be6bc5-0a1f-4bd4-a840-78cae5cdb36e,2025-02-05,ERP_CORPORATIVO,TRANSACOES_FINANCEIRAS,3764,27e872f8f022be0283292274757103329adb90846f1c2514fe21acc452130aee
TR-03765,2025-01-27,2025-01-01,CPT,ACC-00019,DESPESA,3869.44953713085,3689.1584796383936,BRL,Despesa operacional - CPT,8,PIX,PAGO,58be6bc5-0a1f-4bd4-a840-78cae5cdb36e,2025-02-05,ERP_CORPORATIVO,TRANSACOES_FINANCEIRAS,3765,9e4e541dc1bdc24cc9c0496abd62f765da77fbc875e90da655cb4d07f7ced223
TR-03766,2025-01-13,2025-01-01,ESG,ACC-00019,DESPESA,3518.6972756698315,3342.9262264875924,BRL,Compra de insumos para setor ESG,2,TRANSFERENCIA,PAGO,58be6bc5-0a1f-4bd4-a840-78cae5cdb36e,2025-02-05,ERP_CORPORATIVO,TRANSACOES_FINANCEIRAS,3766,65f01e8e62e841d4a5bdcdc449017ad49deec926174be79fcb88f1d0b036f742
TR-04050,2025-01-13,2025-01-01,OP,1000019,DESPESA,6652.859442757331,6440.212735637578,BRL,Contrato de serviço - setor OP,1,CARTAO,PAGO,58be6bc5-0a1f-4bd4-a840-78cae5cdb36e,2025-02-05,ERP_CORPORATIVO,TRANSACOES_FINANCEIRAS,4050,97b401abb2c80ebe85b2c86fa6104cb414ccf9074a6d694a793ee61a35e64683
TR-04051,2025-01-14,2025-01-01,COM,1000019,DESPESA,6971.957654744612,6971.957654744612,BRL,Licenciamento de software - COM,5,TED,PAGO,58be6bc5-0a1f-4bd4-a840-78cae5cdb36e,2025-02-05,ERP_CORPORATIVO,TRANSACOES_FINANCEIRAS,4051,a41f07e5b9217a9327475d75c6a3edd3eb6dd3ee73d4c03621e6cc7a32897305
TR-04052,2025-01-13,2025-01-01,COM,1000019,DESPESA,8746.766328453294,8746.766328453294,BRL,Serviço de tecnologia contratado por COM,5,PIX,PAGO,58be6bc5-0a1f-4bd4-a840-78cae5cdb36e,2025-02-05,ERP_CORPORATIVO,TRANSACOES_FINANCEIRAS,4052,bfd165b9c92d2033a91dcf2f2c989c7accdb291554fe13c9120412433310f161
TR-04053,2025-01-15,2025-01-01,COMP,1000019,RECEITA,7144.803213761329,7144.803213761329,BRL,Manutenção preventiva de veículos - COMP,17,PIX,PAGO,58be6bc5-0a1f-4bd4-a840-78cae5cdb36e,2025-02-05,ERP_CORPORATIVO,TRANSACOES_FINANCEIRAS,4053,3346993de39add429340d89df4f4e33ddbc0d133cddb351fe7539aeb940733bc
TR-04054,2025-01-08,2025-01-01,ATD,1000019,RECEITA,3464.9907851691532,3371.0590296662763,BRL,Taxas bancárias incidentes em ATD,22,BOLETO,PAGO,58be6bc5-0a1f-4bd4-a840-78cae5cdb36e,2025-02-05,ERP_CORPORATIVO,TRANSACOES_FINANCEIRAS,4054,6664d580ae68e2466b4f5e29a178f950e64070c6ebc6476c9d5048396711867a
TR-04055,2025-01-21,2025-01-01,CPT,1000019,DESPESA,7783.536189754342,7459.681917383638,BRL,Abatimento comercial registrado em CPT,38,TED,PAGO,58be6bc5-0a1f-4bd4-a840-78cae5cdb36e,2025-02-05,ERP_CORPORATIVO,TRANSACOES_FINANCEIRAS,4055,71c6d1c5f1d318ba6de647088192759725e51ca5b3a87caf82388f043d7bd2a6
TR-04056,2025-01-13,2025-01-01,OP,1000019,RECEITA,8309.609824917074,8309.609824917074,BRL,Publicidade institucional - OP,13,PIX,ATRASADO,58be6bc5-0a1f-4bd4-a840-78cae5cdb36e,2025-02-05,ERP_CORPORATIVO,TRANSACOES_FINANCEIRAS,4056,fb4d2fda5306711abba7b50f8b35f204e2b5f90ac4a25efaf4ce93e23413c007
TR-04184,2025-01-06,2025-01-01,COM,FORN-00021,RECEITA,1187.4622876358942,1187.4622876358942,BRL,Passagem aérea para colaborador de COM,18,TRANSFERENCIA,PAGO,58be6bc5-0a1f-4bd4-a840-78cae5cdb36e,2025-02-05,ERP_CORPORATIVO,TRANSACOES_FINANCEIRAS,4184,2feb0ce9a06f5ae5761340a4a9f8115ff45a6dc657911732fed533609338e666
TR-04185,2025-01-14,2025-01-01,RH,FORN-00021,DESPESA,699.9541682987286,699.9541682987286,BRL,Propaganda e divulgação para área RH,13,TED,PAGO,58be6bc5-0a1f-4bd4-a840-78cae5cdb36e,2025-02-05,ERP_CORPORATIVO,TRANSACOES_FINANCEIRAS,4185,ac5de0f42c62390a8da990f5b09a8fe8f4c1ba7c086670a39996314938d0192a
TR-04186,2025-01-14,2025-01-01,OP,FORN-00021,RECEITA,1326.1929167159053,1326.1929167159053,BRL,Serviços contábeis externos - OP,25,TRANSFERENCIA,PAGO,58be6bc5-0a1f-4bd4-a840-78cae5cdb36e,2025-02-05,ERP_CORPORATIVO,TRANSACOES_FINANCEIRAS,4186,185938b5611b0cc6b3b8551b4aa47d09c9aabe535fd1d0e9328ab37e5197c027
TR-04187,2025-01-09,2025-01-01,FIN,FORN-00021,DESPESA,1181.501586650883,1181.501586650883,BRL,Despesa operacional - FIN,8,TED,PAGO,58be6bc5-0a1f-4bd4-a840-78cae5cdb36e,2025-02-05,ERP_CORPORATIVO,TRANSACOES_FINANCEIRAS,4187,4a5955b998bbeb0f80177dc4cd52b8d12fd9ce1de11287ac5401aa0d70fcb9c1
TR-04188,2025-01-16,2025-01-01,COM,FORN-00021,RECEITA,1113.5579983056996,1064.8180832707785,BRL,Renovação de certificados digitais - COM,26,PIX,PAGO,58be6bc5-0a1f-4bd4-a840-78cae5cdb36e,2025-02-05,ERP_CORPORATIVO,TRANSACOES_FINANCEIRAS,4188,ce94c6e4c648cfe6d86e000578e7dfc425025db1847c378ee3b7a15cd7f53172
TR-04189,2025-01-15,2025-01-01,ADM,FORN-00021,DESPESA,1152.7981185993056,1113.975184060302,BRL,Contrato de serviço - setor ADM,1,BOLETO,ATRASADO,58be6bc5-0a1f-4bd4-a840-78cae5cdb36e,2025-02-05,ERP_CORPORATIVO,TRANSACOES_FINANCEIRAS,4189,fc3db69551fae4deedc223a0f16234fa27bcf73ef7ad7ef266bb55a30f59da04
TR-04190,2025-01-15,2025-01-01,TI,FORN-00021,DESPESA,1241.5032761905893,1226.6804512370945,BRL,Reparo de hardware solicitado por TI,28,PIX,PAGO,58be6bc5-0a1f-4bd4-a840-78cae5cdb36e,2025-02-05,ERP_CORPORATIVO,TRANSACOES_FINANCEIRAS,4190,82000ecc63caeeafa8eb8b58bc8e435ba76177a2bab24d09c5521943cad35dc6
TR-04191,2025-01-13,2025-01-01,OP,FORN-00021,RECEITA,1327.002796102397,1292.051580043965,BRL,Compra de insumos para setor OP,2,TED,PAGO,58be6bc5-0a1f-4bd4-a840-78cae5cdb36e,2025-02-05,ERP_CORPORATIVO,TRANSACOES_FINANCEIRAS,4191,d2d4ce160baf1f41cb001dca5ac74100a5e907c99c80c17eb426e2654e75c170
TR-04192,2025-01-24,2025-01-01,FIN,FORN-00021,DESPESA,1224.095594795055,1177.5853002251297,BRL,Despesa de RH - FIN,6,TRANSFERENCIA,PAGO,58be6bc5-0a1f-4bd4-a840-78cae5cdb36e,2025-02-05,ERP_CORPORATIVO,TRANSACOES_FINANCEIRAS,4192,8ce714740f2ed621c7c7372520fd7018e11fb2f30a73a2652f31b207c8f1f80c
TR-04193,2025-01-20,2025-01-01,OP,FORN-00021,DESPESA,1074.6629586151064,1026.03009964849,BRL,Licença de software para área OP,27,PIX,PAGO,58be6bc5-0a1f-4bd4-a840-78cae5cdb36e,2025-02-05,ERP_CORPORATIVO,TRANSACOES_FINANCEIRAS,4193,95c6b0860e2de2c76dba6703a4de9991eb9d4a71dff4fd66c88178113212dfb5
TR-04194,2025-01-22,2025-01-01,TI,FORN-00021,DESPESA,1327.136188592991,1327.136188592991,BRL,Investimento em marketing corporativo (TI),4,TED,PAGO,58be6bc5-0a1f-4bd4-a840-78cae5cdb36e,2025-02-05,ERP_CORPORATIVO,TRANSACOES_FINANCEIRAS,4194,4078c9309e3525def1d85f4d9efac6465e1fb2066d8fd4892263a97132a9437f
TR-04195,2025-01-13,2025-01-01,OP,FORN-00021,DESPESA,1438.1085482004355,1375.5944611931695,BRL,Honorarium advocatício - OP,24,PIX,ATRASADO,58be6bc5-0a1f-4bd4-a840-78cae5cdb36e,2025-02-05,ERP_CORPORATIVO,TRANSACOES_FINANCEIRAS,4195,b541c7d6ad775d8402cbcb28496a187dc00594c7a10f4b21dcac7a7efd33a6a0
TR-04196,2025-01-27,2025-01-01,COMP,FORN-00021,DESPESA,1185.3011163627848,1185.3011163627848,BRL,Serviço de tecnologia contratado por COMP,5,TED,PAGO,58be6bc5-0a1f-4bd4-a840-78cae5cdb36e,2025-02-05,ERP_CORPORATIVO,TRANSACOES_FINANCEIRAS,4196,f3f2e95fa0e3839005597e22fe389a9e05da1da9b47b1f64b5ee4010de11f3cd
TR-04197,2025-01-13,2025-01-01,RH,FORN-00021,RECEITA,1495.2155654364062,1495.2155654364062,BRL,Contrato de SaaS vinculado a RH,27,TRANSFERENCIA,PAGO,58be6bc5-0a1f-4bd4-a840-78cae5cdb36e,2025-02-05,ERP_CORPORATIVO,TRANSACOES_FINANCEIRAS,4197,a78cdb430772fa57219d57a1d4224539b78e05bcb8726c8e93c3e9fbd89ac13e
TR-04198,2025-01-07,2025-01-01,RH,FORN-00021,RECEITA,1381.0977337176648,1381.0977337176648,BRL,Aquisição de material operacional - RH,2,TED,PAGO,58be6bc5-0a1f-4bd4-a840-78cae5cdb36e,2025-02-05,ERP_CORPORATIVO,TRANSACOES_FINANCEIRAS,4198,0a2f1dbb9b7896ef4c36b639389c8ca78f251b9254f2bcec38cf4aa06373785d
TR-04457,2025-01-13,2025-01-01,TI,FORN-00022,RECEITA,6443.099916861876,6225.620180217131,BRL,Assessoria contábil prestada a TI,25,TRANSFERENCIA,PAGO,58be6bc5-0a1f-4bd4-a840-78cae5cdb36e,2025-02-05,ERP_CORPORATIVO,TRANSACOES_FINANCEIRAS,4457,e903f31dca10dd418206df4bd453017601eb0c8653f6e1de805ce05991af5503
TR-04458,2025-01-20,2025-01-01,ADM,FORN-00022,DESPESA,5530.761233348646,5530.761233348646,BRL,Apólice de seguro - ADM,21,CARTAO,ATRASADO,58be6bc5-0a1f-4bd4-a840-78cae5cdb36e,2025-02-05,ERP_CORPORATIVO,TRANSACOES_FINANCEIRAS,4458,05356ada27fb51ad1f173c2faaf88dcd4e3824232c5fdc797c3b5a8bf2196abb
TR-04459,2025-01-24,2025-01-01,MKT,FORN-00022,DESPESA,5474.361957770908,5474.361957770908,BRL,Tributo incidente sobre receita de MKT,40,TRANSFERENCIA,PAGO,58be6bc5-0a1f-4bd4-a840-78cae5cdb36e,2025-02-05,ERP_CORPORATIVO,TRANSACOES_FINANCEIRAS,4459,1f8f024eff3fba86046493321ee22835720a655f5daaaf70c99273f4f708d7ad
TR-04460,2025-01-15,2025-01-01,OP,FORN-00022,RECEITA,5674.8996368042735,5398.068367339302,BRL,Treinamento corporativo para equipe OP,30,TRANSFERENCIA,PAGO,58be6bc5-0a1f-4bd4-a840-78cae5cdb36e,2025-02-05,ERP_CORPORATIVO,TRANSACOES_FINANCEIRAS,4460,88777ac77d0b04fd7636d0753c30ce181ed8c8347a7d131536b6e7392dd84a1f
TR-04461,2025-01-24,2025-01-01,ESG,FORN-00022,DESPESA,6294.18919171103,6294.18919171103,BRL,Campanha institucional - ESG,4,TRANSFERENCIA,PAGO,58be6bc5-0a1f-4bd4-a840-78cae5cdb36e,2025-02-05,ERP_CORPORATIVO,TRANSACOES_FINANCEIRAS,4461,c550cdd99023763756f90358bed6d9575272be650dc5ef744252d946c169e3cd
TR-04462,2025-01-13,2025-01-01,MKT,FORN-00022,RECEITA,5916.11631251704,5695.037417137893,BRL,Despesa de infraestrutura - MKT,3,CARTAO,PAGO,58be6bc5-0a1f-4bd4-a840-78cae5cdb36e,2025-02-05,ERP_CORPORATIVO,TRANSACOES_FINANCEIRAS,4462,ec83a87f685c30828d58fd26287900a248c3b81e1abbab3e894141b3e14aa81b
TR-04463,2025-01-20,2025-01-01,PRD,FORN-00022,DESPESA,6168.071904953123,5910.992202151323,BRL,Manutenção preventiva de veículos - PRD,17,TRANSFERENCIA,PAGO,58be6bc5-0a1f-4bd4-a840-78cae5cdb36e,2025-02-05,ERP_CORPORATIVO,TRANSACOES_FINANCEIRAS,4463,0c83cb487b6d82b4d19d1581aa0a83b5191aed18d08d756481e8861912e33924
TR-04464,2025-01-08,2025-01-01,PES,FORN-00022,DESPESA,4537.004280723984,4537.004280723984,BRL,Royalties recebidos por PES,32,PIX,PAGO,58be6bc5-0a1f-4bd4-a840-78cae5cdb36e,2025-02-05,ERP_CORPORATIVO,TRANSACOES_FINANCEIRAS,4464,f8182276a6c93eb7275181f9aa5214cecaa24aacb5162337060b58c2807d859b
TR-04465,2025-01-13,2025-01-01,PES,FORN-00022,DESPESA,4876.332321289801,4876.332321289801,BRL,Despesa de RH - PES,6,CARTAO,CANCELADO,58be6bc5-0a1f-4bd4-a840-78cae5cdb36e,2025-02-05,ERP_CORPORATIVO,TRANSACOES_FINANCEIRAS,4465,81539fdadff1d92981a931064ba15109dc7609bfb4a9d8d276a142c171dbc847
TR-04466,2025-01-21,2025-01-01,FIN,FORN-00022,DESPESA,4745.620881857295,4745.620881857295,BRL,Custo operacional associado a FIN,8,TRANSFERENCIA,PAGO,58be6bc5-0a1f-4bd4-a840-78cae5cdb36e,2025-02-05,ERP_CORPORATIVO,TRANSACOES_FINANCEIRAS,4466,7a9c9b276beef33f92bb0df6c04b4813cbaf0648df71b1977a88e4b715144259
TR-04604,2025-01-07,2025-01-01,COM,1000022,RECEITA,1925.9733618098796,1842.269594118897,BRL,Despesa de infraestrutura - COM,3,BOLETO,PAGO,58be6bc5-0a1f-4bd4-a840-78cae5cdb36e,2025-02-05,ERP_CORPORATIVO,TRANSACOES_FINANCEIRAS,4604,86cd09691d66ff5576ba9cbb43f6389ad3effe9a33ac45b089afca297b0ac2df
TR-04605,2025-01-15,2025-01-01,COMP,1000022,DESPESA,1955.1548188333593,1955.1548188333593,BRL,Serviço técnico especializado para COMP,11,TRANSFERENCIA,ATRASADO,58be6bc5-0a1f-4bd4-a840-78cae5cdb36e,2025-02-05,ERP_CORPORATIVO,TRANSACOES_FINANCEIRAS,4605,f8193ece22520349262ceddd782c9366821989e84b17792271c95b36f37b91b8
TR-04606,2025-01-15,2025-01-01,PES,1000022,DESPESA,1729.6899633007083,1658.0656458037947,BRL,Assessoria legal vinculada à área PES,7,TED,ATRASADO,58be6bc5-0a1f-4bd4-a840-78cae5cdb36e,2025-02-05,ERP_CORPORATIVO,TRANSACOES_FINANCEIRAS,4606,8362f2ac95d357b23f4ab484f52e35a9a7b00b2ef786a08960f8c633b45dfd53
TR-04607,2025-01-27,2025-01-01,FIN,1000022,RECEITA,1833.5115064565891,1833.5115064565891,BRL,Participação nos resultados vinculada a FIN,34,PIX,PAGO,58be6bc5-0a1f-4bd4-a840-78cae5cdb36e,2025-02-05,ERP_CORPORATIVO,TRANSACOES_FINANCEIRAS,4607,f4582834ed90af1ec37e2070ca902408135eb500553253bbc35b11e8fffabcc4
TR-04608,2025-01-06,2025-01-01,MKT,1000022,RECEITA,1781.4026191359994,1781.4026191359994,BRL,Despesa de RH - MKT,6,BOLETO,PAGO,58be6bc5-0a1f-4bd4-a840-78cae5cdb36e,2025-02-05,ERP_CORPORATIVO,TRANSACOES_FINANCEIRAS,4608,af5e7d702da07aefe54a3ba4cc1d5df133006dba20650688ec19d5aa0d061f59
TR-04609,2025-01-10,2025-01-01,CTB,1000022,RECEITA,1889.3870705803968,1819.3113819280402,BRL,Aquisição de material operacional - CTB,2,BOLETO,CANCELADO,58be6bc5-0a1f-4bd4-a840-78cae5cdb36e,2025-02-05,ERP_CORPORATIVO,TRANSACOES_FINANCEIRAS,4609,8cbd9a17385a35ff30e784c54fe55b544ba84f64d2bb241a481b06fa0b579255
TR-04610,2025-01-21,2025-01-01,COM,1000022,RECEITA,2017.1468970451358,2017.1468970451358,BRL,Contrato de serviço - setor COM,1,PIX,PAGO,58be6bc5-0a1f-4bd4-a840-78cae5cdb36e,2025-02-05,ERP_CORPORATIVO,TRANSACOES_FINANCEIRAS,4610,4f5d8690287a6090a03ba089a0c3f154a8a5816ca627f7e92f6f43a34b73aa9b
TR-04611,2025-01-13,2025-01-01,FIN,1000022,DESPESA,1813.9508504632818,1813.9508504632818,BRL,Reparo de frota vinculado à área FIN,17,PIX,PAGO,58be6bc5-0a1f-4bd4-a840-78cae5cdb36e,2025-02-05,ERP_CORPORATIVO,TRANSACOES_FINANCEIRAS,4611,2802821dfa38d89f8b00850851d75f871b0fcc279bc766aaeeeaefa5f9e0f25a
TR-04612,2025-01-27,2025-01-01,FIN,1000022,DESPESA,1972.6339561165012,1972.6339561165012,USD,Reparo e conservação de instalações - FIN,10,TRANSFERENCIA,PAGO,58be6bc5-0a1f-4bd4-a840-78cae5cdb36e,2025-02-05,ERP_CORPORATIVO,TRANSACOES_FINANCEIRAS,4612,6204b6bd58c1765cf82be9e15b46cb6ba7747038239ab6b88ea9bcfa8c194887
TR-04970,2025-01-13,2025-01-01,COMP,1000024,RECEITA,2455.249874090346,2395.75340556523,BRL,Despesa operacional - COMP,8,BOLETO,CANCELADO,58be6bc5-0a1f-4bd4-a840-78cae5cdb36e,2025-02-05,ERP_CORPORATIVO,TRANSACOES_FINANCEIRAS,4970,da67a0deaddf2e6c4675ac6cf985aba761421601786f89214a1529043da3bc94
TR-04971,2025-01-20,2025-01-01,TI,1000024,DESPESA,2055.1025635460705,2055.1025635460705,BRL,Aquisição de material operacional - TI,2,TED,PAGO,58be6bc5-0a1f-4bd4-a840-78cae5cdb36e,2025-02-05,ERP_CORPORATIVO,TRANSACOES_FINANCEIRAS,4971,cdb99a7557be0f6447b412fed85afebf4b57fbc86490c6ac2fa040d778c1d6b3
TR-04972,2025-01-08,2025-01-01,ESG,1000024,RECEITA,2387.3721589904258,2357.206090074743,BRL,Juros sobre operação financeira - ESG,23,TED,PAGO,58be6bc5-0a1f-4bd4-a840-78cae5cdb36e,2025-02-05,ERP_CORPORATIVO,TRANSACOES_FINANCEIRAS,4972,704cbbae7451ce471aa110e49d3cb494c70a80c89317f046b9cab1c7568d5908
TR-04973,2025-01-20,2025-01-01,RH,1000024,RECEITA,2419.322933428132,2346.8136309698557,BRL,Campanha institucional - RH,4,TED,PAGO,58be6bc5-0a1f-4bd4-a840-78cae5cdb36e,2025-02-05,ERP_CORPORATIVO,TRANSACOES_FINANCEIRAS,4973,0096de62c18648d8f7853902154bd6ba9d316ac7e45eb27e8ac7f938708c09ef
TR-04974,2025-01-06,2025-01-01,OP,1000024,DESPESA,2238.2333470469584,2195.5306881550327,BRL,Diária de hotel para equipe OP,19,TRANSFERENCIA,ATRASADO,58be6bc5-0a1f-4bd4-a840-78cae5cdb36e,2025-02-05,ERP_CORPORATIVO,TRANSACOES_FINANCEIRAS,4974,92a76564c73262704036f42132fb926cc112340e9146c66f6ad087c5452adbe8
TR-04975,2025-01-08,2025-01-01,QAS,1000024,RECEITA,2309.942369373191,2309.942369373191,BRL,Resultado de equivalência patrimonial - QAS,34,TED,ATRASADO,58be6bc5-0a1f-4bd4-a840-78cae5cdb36e,2025-02-05,ERP_CORPORATIVO,TRANSACOES_FINANCEIRAS,4975,48ee63358f2f12a8df4d1c31317249e27ff10e41a5a71474c5299064ca22db8a
TR-04976,2025-01-15,2025-01-01,RH,1000024,DESPESA,2266.01215419664,2266.01215419664,BRL,Custo operacional associado a RH,8,PIX,PAGO,58be6bc5-0a1f-4bd4-a840-78cae5cdb36e,2025-02-05,ERP_CORPORATIVO,TRANSACOES_FINANCEIRAS,4976,5c2d56eb9e95fc35212f9a375221d9dde8c411014fb04c2955f5beb63f65df03
TR-04977,2025-01-16,2025-01-01,ESG,1000024,RECEITA,6459.653353024677,6459.653353024677,BRL,Aquisição de material operacional - ESG,2,TED,PAGO,58be6bc5-0a1f-4bd4-a840-78cae5cdb36e,2025-02-05,ERP_CORPORATIVO,TRANSACOES_FINANCEIRAS,4977,930cc1df700682e871dcc898fda3cb01f3ad22cd2a49ed003a01fcbe98c2866b
TR-04978,2025-01-27,2025-01-01,ATD,1000024,RECEITA,2438.4401784305037,2333.7405479800877,BRL,Aquisição de material operacional - ATD,2,BOLETO,CANCELADO,58be6bc5-0a1f-4bd4-a840-78cae5cdb36e,2025-02-05,ERP_CORPORATIVO,TRANSACOES_FINANCEIRAS,4978,36f95446c58d963abb186cf9985bfd698e29f5b433041f97cb66959e440c8b00
TR-04979,2025-01-17,2025-01-01,PRD,1000024,RECEITA,6033.6062570349895,6033.6062570349895,BRL,Diária de hotel para equipe PRD,19,PIX,PAGO,58be6bc5-0a1f-4bd4-a840-78cae5cdb36e,2025-02-05,ERP_CORPORATIVO,TRANSACOES_FINANCEIRAS,4979,f26cad048ab7904e8dd97dbeb4349d763dcf3b18236af091410e801bbeb326c2
TR-05215,2025-01-14,2025-01-01,JUR,1000025,DESPESA,1720.5942371716555,1720.5942371716555,BRL,Abastecimento de veículos - JUR,16,CARTAO,PAGO,58be6bc5-0a1f-4bd4-a840-78cae5cdb36e,2025-02-05,ERP_CORPORATIVO,TRANSACOES_FINANCEIRAS,5215,329e74cab4b8e4c6f215071e70ad152016863f52713e852f0151b50b94dc5f90
TR-05216,2025-01-06,2025-01-01,RH,1000025,DESPESA,1772.0487869349085,1772.0487869349085,BRL,Custo operacional associado a RH,8,TED,PAGO,58be6bc5-0a1f-4bd4-a840-78cae5cdb36e,2025-02-05,ERP_CORPORATIVO,TRANSACOES_FINANCEIRAS,5216,4a8a7e6e48830737ecbc30deff30109f2e3cff366d0be54a84d644189f9ddd4a
TR-05217,2025-01-20,2025-01-01,RH,1000025,DESPESA,1609.3518704580288,1540.7164215838905,BRL,Despesa operacional - RH,8,TRANSFERENCIA,PAGO,58be6bc5-0a1f-4bd4-a840-78cae5cdb36e,2025-02-05,ERP_CORPORATIVO,TRANSACOES_FINANCEIRAS,5217,2b526aab6fc386ce947de24e6fea03056ea23fceb2e1ce0d9e4e28ec7d9b578b
TR-05218,2025-01-21,2025-01-01,FIN,1000025,DESPESA,1754.4466095532218,1754.4466095532218,BRL,Investimento em marketing corporativo (FIN),4,CARTAO,PAGO,58be6bc5-0a1f-4bd4-a840-78cae5cdb36e,2025-02-05,ERP_CORPORATIVO,TRANSACOES_FINANCEIRAS,5218,e00967263aff6b77af7edff076b3d2da93a866e7cd99f0236a11845e4b38bb23
TR-05219,2025-01-09,2025-01-01,FIN,1000025,DESPESA,2028.0892942160062,2028.0892942160062,BRL,Suporte técnico para sistemas de FIN,29,PIX,PAGO,58be6bc5-0a1f-4bd4-a840-78cae5cdb36e,2025-02-05,ERP_CORPORATIVO,TRANSACOES_FINANCEIRAS,5219,65c80c4e165d0b4e5d090682182b2b44bceaeefad86d44597c22d3bdded2174a
TR-05220,2025-01-27,2025-01-01,FIN,1000025,RECEITA,3791.141783610011,3767.11281607165,BRL,Recebimento de subvenção - FIN,36,TED,PAGO,58be6bc5-0a1f-4bd4-a840-78cae5cdb36e,2025-02-05,ERP_CORPORATIVO,TRANSACOES_FINANCEIRAS,5220,5e4cd9121c2048622223043115436f251bc31dc99d98cb0e9b9b3a51a3e1556a
TR-05221,2025-01-28,2025-01-01,MKT,1000025,DESPESA,1512.5569727412192,1512.5569727412192,BRL,Custo operacional associado a MKT,8,BOLETO,PAGO,58be6bc5-0a1f-4bd4-a840-78cae5cdb36e,2025-02-05,ERP_CORPORATIVO,TRANSACOES_FINANCEIRAS,5221,4ae05b6b83a6f3e9e1964e34dd3b93ff5154663d9aa472ec7ad98597aff76a27
TR-05222,2025-01-16,2025-01-01,MKT,1000025,DESPESA,3830.5510688818827,3783.1413641539007,BRL,Receita de comissão comercial - MKT,33,TED,ATRASADO,58be6bc5-0a1f-4bd4-a840-78cae5cdb36e,2025-02-05,ERP_CORPORATIVO,TRANSACOES_FINANCEIRAS,5222,bba75b760d0a6142d0053ad4cebbc122132bf9b9178770365ceb96fb671bc809
TR-05223,2025-01-06,2025-01-01,PES,1000025,RECEITA,1666.913122470898,1666.913122470898,BRL,Royalties recebidos por PES,32,PIX,ATRASADO,58be6bc5-0a1f-4bd4-a840-78cae5cdb36e,2025-02-05,ERP_CORPORATIVO,TRANSACOES_FINANCEIRAS,5223,ed1c1aa711d5fd80f89d37588a49da971ff4d7da92114f77adf4765a31986f47
TR-05224,2025-01-21,2025-01-01,COMP,1000025,DESPESA,1480.4945303496506,1480.4945303496506,BRL,Viagem corporativa - COMP,18,PIX,PAGO,58be6bc5-0a1f-4bd4-a840-78cae5cdb36e,2025-02-05,ERP_CORPORATIVO,TRANSACOES_FINANCEIRAS,5224,c30e99e6c4bbae8bf0eba23272fa0d1f50ffa9063c7723e8890419ebd6a04249
TR-05225,2025-01-14,2025-01-01,OP,1000025,RECEITA,1558.8492488042837,1558.8492488042837,BRL,Despesa de infraestrutura - OP,3,BOLETO,PAGO,58be6bc5-0a1f-4bd4-a840-78cae5cdb36e,2025-02-05,ERP_CORPORATIVO,TRANSACOES_FINANCEIRAS,5225,7d8264789599814291831fe0cc64f1e8f85cbc55f1f303544ac3a0d27be9b896
TR-05226,2025-01-22,2025-01-01,SEC,1000025,RECEITA,1831.998657355276,1782.63203363201,BRL,Comissão recebida por SEC,33,PIX,PAGO,58be6bc5-0a1f-4bd4-a840-78cae5cdb36e,2025-02-05,ERP_CORPORATIVO,TRANSACOES_FINANCEIRAS,5226,01e7b7e4ce15f1d043851c487602b5dbcdad574ab8f7266a9065ae1b6d481a08
TR-05227,2025-01-21,2025-01-01,PJT,1000025,DESPESA,1762.0860080905725,1719.238082055698,BRL,Promoção e atividade externa - PJT,14,PIX,PAGO,58be6bc5-0a1f-4bd4-a840-78cae5cdb36e,2025-02-05,ERP_CORPORATIVO,TRANSACOES_FINANCEIRAS,5227,210f0aa815390486b56ce32a4a0ea604fbd742d5c3968c6bdcdeb2aa98ade841
TR-05228,2025-01-16,2025-01-01,RH,1000025,DESPESA,1489.1311093875834,1489.1311093875834,BRL,Receita eventual registrada em RH,37,CARTAO,PAGO,58be6bc5-0a1f-4bd4-a840-78cae5cdb36e,2025-02-05,ERP_CORPORATIVO,TRANSACOES_FINANCEIRAS,5228,e20c6e12c9553532edea7914057554ebd3df0f530624608c144a574c670765bf
TR-05229,2025-01-06,2025-01-01,JUR,1000025,RECEITA,1988.3197566815547,1988.3197566815547,BRL,Despesa de RH - JUR,6,TED,ATRASADO,58be6bc5-0a1f-4bd4-a840-78cae5cdb36e,2025-02-05,ERP_CORPORATIVO,TRANSACOES_FINANCEIRAS,5229,1b3dbaecea790ecb98c7921ef3570bcb5da8dd6dfb520eb957825a4981ba6221
TR-05230,2025-01-17,2025-01-01,FIN,1000025,DESPESA,1695.691365640305,1695.691365640305,BRL,Capacitação profissional vinculada a FIN,30,BOLETO,PAGO,58be6bc5-0a1f-4bd4-a840-78cae5cdb36e,2025-02-05,ERP_CORPORATIVO,TRANSACOES_FINANCEIRAS,5230,34393cc916ab824ce9a455a176c98740c69c6ad902ba48747a8778ea66ac25cb
TR-05231,2025-01-20,2025-01-01,JUR,1000025,DESPESA,1679.4374092154578,1653.2938231742698,BRL,Combustível e lubrificantes para frota (JUR),16,BOLETO,PAGO,58be6bc5-0a1f-4bd4-a840-78cae5cdb36e,2025-02-05,ERP_CORPORATIVO,TRANSACOES_FINANCEIRAS,5231,8b262972751977ca1d942a13c1722e2ed46f3d2642bc3cc4cd50b2c5a1db50ff
TR-05232,2025-01-20,2025-01-01,RH,1000025,DESPESA,1958.0365746295893,1880.4941599765957,EUR,Receita de comissão comercial - RH,33,BOLETO,PAGO,58be6bc5-0a1f-4bd4-a840-78cae5cdb36e,2025-02-05,ERP_CORPORATIVO,TRANSACOES_FINANCEIRAS,5232,bfafd962297fbfe662744cb8bc298e9299e65b5935982cb7129bb021aa34fd69
TR-05383,2025-01-06,2025-01-01,COM,1000026,DESPESA,650.9006154801473,650.9006154801473,BRL,Taxas bancárias incidentes em COM,22,BOLETO,PAGO,58be6bc5-0a1f-4bd4-a840-78cae5cdb36e,2025-02-05,ERP_CORPORATIVO,TRANSACOES_FINANCEIRAS,5383,047a4f1d2592a17adc9cd094891ddbeb28e03cf466ba1602121d5c721949c44c
TR-05384,2025-01-10,2025-01-01,CTB,1000026,DESPESA,543.0466421294851,543.0466421294851,BRL,Alienação de bem patrimonial - CTB,35,PIX,ATRASADO,58be6bc5-0a1f-4bd4-a840-78cae5cdb36e,2025-02-05,ERP_CORPORATIVO,TRANSACOES_FINANCEIRAS,5384,b20c00bb73592b8dbb0828e44987ba1b0c135d88787d357d73b3753fb6aeccd7
TR-05385,2025-01-14,2025-01-01,QAS,1000026,DESPESA,699.4174066700186,676.4036782142581,BRL,Despesa operacional - QAS,8,PIX,ATRASADO,58be6bc5-0a1f-4bd4-a840-78cae5cdb36e,2025-02-05,ERP_CORPORATIVO,TRANSACOES_FINANCEIRAS,5385,f7783adfba6c5f6193ef76b6e82b91f54605dc1357d630172cd818b657f273a8
TR-05386,2025-01-01,2025-01-01,TI,1000026,RECEITA,624.1785306022488,624.1785306022488,BRL,Contrato de serviço - setor TI,1,BOLETO,PAGO,58be6bc5-0a1f-4bd4-a840-78cae5cdb36e,2025-02-05,ERP_CORPORATIVO,TRANSACOES_FINANCEIRAS,5386,03428d859a5cb854f5968e773e26a1532f16c71f93c2092c8b0650eb2bcb3874
TR-05387,2025-01-16,2025-01-01,MKT,1000026,DESPESA,691.9113553052412,691.9113553052412,BRL,Despesa de infraestrutura - MKT,3,BOLETO,PAGO,58be6bc5-0a1f-4bd4-a840-78cae5cdb36e,2025-02-05,ERP_CORPORATIVO,TRANSACOES_FINANCEIRAS,5387,3c426c1d6031875e0d152978b8e55af4ef0870047eb9a8a4ce1db420fcedfbb8
TR-05388,2025-01-07,2025-01-01,FIN,1000026,DESPESA,606.1187080636678,588.2191044903104,BRL,Contrato de consultoria externa - FIN,12,BOLETO,PAGO,58be6bc5-0a1f-4bd4-a840-78cae5cdb36e,2025-02-05,ERP_CORPORATIVO,TRANSACOES_FINANCEIRAS,5388,47d502f3df2a9e7c453062a3072571d86f5264099696758c6ee3724a5b83fe1f
TR-05389,2025-01-16,2025-01-01,QAS,1000026,DESPESA,618.106282457577,618.106282457577,BRL,Manutenção preventiva de veículos - QAS,17,BOLETO,PAGO,58be6bc5-0a1f-4bd4-a840-78cae5cdb36e,2025-02-05,ERP_CORPORATIVO,TRANSACOES_FINANCEIRAS,5389,ee89c8c537b757e2678212457f810986314c7e0026e69b6ccf036ef28144b34f
TR-05390,2025-01-13,2025-01-01,FIN,1000026,DESPESA,627.5260306568833,627.5260306568833,BRL,Investimento em marketing corporativo (FIN),4,TED,PAGO,58be6bc5-0a1f-4bd4-a840-78cae5cdb36e,2025-02-05,ERP_CORPORATIVO,TRANSACOES_FINANCEIRAS,5390,0a0a595c7919cf06254c3752d7937190482705112f4fcadf954994db8380b0fb
TR-05391,2025-01-20,2025-01-01,RH,1000026,DESPESA,636.8801167664058,636.8801167664058,BRL,Assessoria legal vinculada à área RH,7,PIX,PAGO,58be6bc5-0a1f-4bd4-a840-78cae5cdb36e,2025-02-05,ERP_CORPORATIVO,TRANSACOES_FINANCEIRAS,5391,40ce1e663e03b9c8fcf19a81e623d44ff6772fd91a4b8e664c7bddd43076fcc5
TR-05392,2025-01-14,2025-01-01,CTB,1000026,DESPESA,702.5498989443473,702.5498989443473,USD,Aquisição de material operacional - CTB,2,TRANSFERENCIA,PAGO,58be6bc5-0a1f-4bd4-a840-78cae5cdb36e,2025-02-05,ERP_CORPORATIVO,TRANSACOES_FINANCEIRAS,5392,7122f4191026419318dcc9e93dded77ea6e996aa3e598a3f053b5b41c8a914f3
TR-05393,2025-01-27,2025-01-01,RH,1000026,DESPESA,631.779616691861,631.779616691861,BRL,Compra de insumos para setor RH,2,BOLETO,PAGO,58be6bc5-0a1f-4bd4-a840-78cae5cdb36e,2025-02-05,ERP_CORPORATIVO,TRANSACOES_FINANCEIRAS,5393,bb206fc4693f6d3c323a54e7ca1f89eea8c81217f1d2f62a6d33e6170bb2fa6a
TR-05394,2025-01-13,2025-01-01,CPT,1000026,DESPESA,601.30215984926,601.30215984926,BRL,Serviço de telefonia e internet - CPT,9,BOLETO,PAGO,58be6bc5-0a1f-4bd4-a840-78cae5cdb36e,2025-02-05,ERP_CORPORATIVO,TRANSACOES_FINANCEIRAS,5394,c5b474811cf132e956f915c165611ce4bb6c3cc6720f97a44fa6af32e4f0707b
TR-05395,2025-01-16,2025-01-01,VND,1000026,DESPESA,667.0398533336553,667.0398533336553,BRL,Doação recebida em favor de VND,36,BOLETO,PAGO,58be6bc5-0a1f-4bd4-a840-78cae5cdb36e,2025-02-05,ERP_CORPORATIVO,TRANSACOES_FINANCEIRAS,5395,bc7f2fa03ce3925b18f7724f562ff1182fd6d74ffc1967726b116bd4544638f7
TR-05396,2025-01-20,2025-01-01,PJT,1000026,RECEITA,629.5078891989396,629.5078891989396,BRL,Despesa de infraestrutura - PJT,3,TED,PAGO,58be6bc5-0a1f-4bd4-a840-78cae5cdb36e,2025-02-05,ERP_CORPORATIVO,TRANSACOES_FINANCEIRAS,5396,85897602b5c55475b1046ece59b3580ff1815cfd4447449c2b7cbf21b2de855c
TR-05397,2025-01-10,2025-01-01,OP,1000026,DESPESA,810.3366654494553,810.3366654494553,BRL,Venda de ativo imobilizado por OP,35,TRANSFERENCIA,PAGO,58be6bc5-0a1f-4bd4-a840-78cae5cdb36e,2025-02-05,ERP_CORPORATIVO,TRANSACOES_FINANCEIRAS,5397,c6c226279d7624f91b7d237a5d73710f7da696d9429ffad308646e04d1a069d2
TR-05398,2025-01-02,2025-01-01,QAS,1000026,DESPESA,620.8181964105936,620.8181964105936,BRL,Licenciamento de software - QAS,5,BOLETO,PAGO,58be6bc5-0a1f-4bd4-a840-78cae5cdb36e,2025-02-05,ERP_CORPORATIVO,TRANSACOES_FINANCEIRAS,5398,227bae2d73a5f92172e6b108b7268e3db538d3c08344dc3e3fc38236b5b75429
TR-05399,2025-01-20,2025-01-01,CPT,1000026,DESPESA,682.4320335307666,665.654729329118,BRL,Reparo de frota vinculado à área CPT,17,BOLETO,PAGO,58be6bc5-0a1f-4bd4-a840-78cae5cdb36e,2025-02-05,ERP_CORPORATIVO,TRANSACOES_FINANCEIRAS,5399,8b88ad3096e247d8230c84829e7ffbe1f10f7d29ed52c927b3c2ab01cd2fab66
TR-05400,2025-01-13,2025-01-01,CPT,1000026,RECEITA,658.5923151012049,658.5923151012049,BRL,Contrato de serviço - setor CPT,1,BOLETO,PAGO,58be6bc5-0a1f-4bd4-a840-78cae5cdb36e,2025-02-05,ERP_CORPORATIVO,TRANSACOES_FINANCEIRAS,5400,34e7dd1f3e60350ab466cf8fbdfb8aeece0c1c25cf3d960f1fd4b2d3c16dd751
TR-05733,2025-01-13,2025-01-01,VND,FORN-00028,DESPESA,3796.1011779593246,3629.7248505699345,BRL,Atendimento de TI requisitado por VND,29,TRANSFERENCIA,PAGO,58be6bc5-0a1f-4bd4-a840-78cae5cdb36e,2025-02-05,ERP_CORPORATIVO,TRANSACOES_FINANCEIRAS,5733,cde62a5ce298c1bca818e5bf9bda331567c45e8ec3a0fb3af71717f1877d6e2e
TR-05734,2025-01-13,2025-01-01,FIN,FORN-00028,RECEITA,3350.896969497553,3231.48169124378,BRL,Despesa operacional - FIN,8,BOLETO,PAGO,58be6bc5-0a1f-4bd4-a840-78cae5cdb36e,2025-02-05,ERP_CORPORATIVO,TRANSACOES_FINANCEIRAS,5734,1b3d693df87d52859171bb11d2efe794a76acc05d0eddef1b135ad463ce46ef2
TR-05735,2025-01-07,2025-01-01,TI,FORN-00028,DESPESA,2731.609066360143,2731.609066360143,BRL,Publicidade institucional - TI,13,PIX,PAGO,58be6bc5-0a1f-4bd4-a840-78cae5cdb36e,2025-02-05,ERP_CORPORATIVO,TRANSACOES_FINANCEIRAS,5735,7ff049656bd3df6fa21d3e809e8b07041c3cc78842821e74c8599c7bc6af992a
TR-05736,2025-01-15,2025-01-01,OP,FORN-00028,RECEITA,3282.2304789006807,3282.2304789006807,BRL,Serviço relacionado a recursos humanos (OP),6,BOLETO,PAGO,58be6bc5-0a1f-4bd4-a840-78cae5cdb36e,2025-02-05,ERP_CORPORATIVO,TRANSACOES_FINANCEIRAS,5736,7f29c80f7780e06bba84ccefe682eb484d378535709b46a8929fc3146caafabe
TR-05737,2025-01-15,2025-01-01,PRD,FORN-00028,DESPESA,3009.4102970504728,3009.4102970504728,BRL,Prestação de serviço para área PRD,1,TRANSFERENCIA,ATRASADO,58be6bc5-0a1f-4bd4-a840-78cae5cdb36e,2025-02-05,ERP_CORPORATIVO,TRANSACOES_FINANCEIRAS,5737,d5835f655ad470eefae908d92a98658be43433a30a640e09fbcc6dbbdb8a30d7
TR-05738,2025-01-13,2025-01-01,COMP,FORN-00028,RECEITA,3152.3176449545576,3152.3176449545576,BRL,Honorarium advocatício - COMP,24,PIX,PAGO,58be6bc5-0a1f-4bd4-a840-78cae5cdb36e,2025-02-05,ERP_CORPORATIVO,TRANSACOES_FINANCEIRAS,5738,4eba4b74d4b5e6d0f3a1a377689a425bc283d63ae07ea93398357fb16b441ba6
TR-05739,2025-01-16,2025-01-01,MKT,FORN-00028,DESPESA,3120.124481688174,3120.124481688174,BRL,Alienação de bem patrimonial - MKT,35,TED,PAGO,58be6bc5-0a1f-4bd4-a840-78cae5cdb36e,2025-02-05,ERP_CORPORATIVO,TRANSACOES_FINANCEIRAS,5739,1cd009e34ed60fca4e2648ffebeb49eb83f2f8b373f2ea05ff4e75275d595b7a
TR-05740,2025-01-16,2025-01-01,SEC,FORN-00028,DESPESA,3357.7975396666166,3357.7975396666166,BRL,Taxas bancárias incidentes em SEC,22,TRANSFERENCIA,PAGO,58be6bc5-0a1f-4bd4-a840-78cae5cdb36e,2025-02-05,ERP_CORPORATIVO,TRANSACOES_FINANCEIRAS,5740,bb7d06904bec3191388e49dd52aac673c1e89e7c260cb1fad78b60d18df6adf3
TR-05741,2025-01-07,2025-01-01,TI,FORN-00028,RECEITA,3460.3925723023426,3460.3925723023426,USD,Assessoria legal vinculada à área TI,7,TRANSFERENCIA,PAGO,58be6bc5-0a1f-4bd4-a840-78cae5cdb36e,2025-02-05,ERP_CORPORATIVO,TRANSACOES_FINANCEIRAS,5741,c4c2cbb04bc335ec1d6980c4df7017d3a3e7e158a7573355540e81c3e5790d3c
TR-05742,2025-01-13,2025-01-01,TI,FORN-00028,DESPESA,3193.916788531492,3193.916788531492,USD,Assessoria legal vinculada à área TI,7,TRANSFERENCIA,PAGO,58be6bc5-0a1f-4bd4-a840-78cae5cdb36e,2025-02-05,ERP_CORPORATIVO,TRANSACOES_FINANCEIRAS,5742,ba346a14ba61f04ee0b0b89b5185f14023cc0d84348a0a78dc03776e3b4a667f
TR-05743,2025-01-22,2025-01-01,OP,FORN-00028,DESPESA,3024.166299887827,3024.166299887827,BRL,Renovação de certificados digitais - OP,26,PIX,PAGO,58be6bc5-0a1f-4bd4-a840-78cae5cdb36e,2025-02-05,ERP_CORPORATIVO,TRANSACOES_FINANCEIRAS,5743,40cc54554af011b294b0f6494b47fd53b8df77d5aba1f448de81db7b5a28d27b
TR-05744,2025-01-15,2025-01-01,COMP,FORN-00028,RECEITA,3375.3970250288125,3375.3970250288125,BRL,Prestação de serviço para área COMP,1,CARTAO,PAGO,58be6bc5-0a1f-4bd4-a840-78cae5cdb36e,2025-02-05,ERP_CORPORATIVO,TRANSACOES_FINANCEIRAS,5744,b8cbd2a63c6e5d5f53e9edd0858e558687f5124df3a081e8d95d132e0e5f448a
TR-05745,2025-01-13,2025-01-01,VND,FORN-00028,RECEITA,3269.3075480179787,3269.3075480179787,BRL,Abastecimento de veículos - VND,16,TRANSFERENCIA,ATRASADO,58be6bc5-0a1f-4bd4-a840-78cae5cdb36e,2025-02-05,ERP_CORPORATIVO,TRANSACOES_FINANCEIRAS,5745,d949da864cc7cf374c951494694ce9d265c78142a8d99ffb9a0eff4036345d0c
TR-06096,2025-01-15,2025-01-01,TI,FORN-00029,DESPESA,3037.698908145389,3037.698908145389,BRL,Doação recebida em favor de TI,36,BOLETO,PAGO,58be6bc5-0a1f-4bd4-a840-78cae5cdb36e,2025-02-05,ERP_CORPORATIVO,TRANSACOES_FINANCEIRAS,6096,836046811365255079cd94ec29ec79a5a937fd1f40a100434a320108b0a341db
TR-06097,2025-01-06,2025-01-01,PRD,FORN-00029,DESPESA,2613.470304802601,2613.470304802601,BRL,Serviço de tecnologia contratado por PRD,5,BOLETO,PAGO,58be6bc5-0a1f-4bd4-a840-78cae5cdb36e,2025-02-05,ERP_CORPORATIVO,TRANSACOES_FINANCEIRAS,6097,d2da38893f97070cb913e559455b792c1e4dd9088fd1443ea6e509c503cffcc3
TR-06098,2025-01-17,2025-01-01,JUR,FORN-00029,DESPESA,2886.94407979229,2886.94407979229,BRL,Receita de aluguel creditada em JUR,31,PIX,CANCELADO,58be6bc5-0a1f-4bd4-a840-78cae5cdb36e,2025-02-05,ERP_CORPORATIVO,TRANSACOES_FINANCEIRAS,6098,9b84cba8582246f3ba6d5fb9f03316449f01a1b581a0b873213fe3c45ca45cdf
TR-06099,2025-01-17,2025-01-01,FIN,FORN-00029,DESPESA,3298.151449447603,3298.151449447603,BRL,Licenciamento de software - FIN,5,TED,ATRASADO,58be6bc5-0a1f-4bd4-a840-78cae5cdb36e,2025-02-05,ERP_CORPORATIVO,TRANSACOES_FINANCEIRAS,6099,c4b47d88adaebe28a92b5f1429b7b18b916af0825d6d6c277d894cae84a8e2a7
TR-06100,2025-01-22,2025-01-01,OP,FORN-00029,DESPESA,2916.320425238851,2916.320425238851,BRL,Licenciamento de software - OP,5,TRANSFERENCIA,PAGO,58be6bc5-0a1f-4bd4-a840-78cae5cdb36e,2025-02-05,ERP_CORPORATIVO,TRANSACOES_FINANCEIRAS,6100,ed0284a2b452d7d05fde32d0bfb44a6b0fe97b15a1e618582fa6fa96121afc2e
TR-06101,2025-01-23,2025-01-01,PJT,FORN-00029,RECEITA,3669.8537155240365,3669.8537155240365,BRL,Contrato de consultoria externa - PJT,12,PIX,ATRASADO,58be6bc5-0a1f-4bd4-a840-78cae5cdb36e,2025-02-05,ERP_CORPORATIVO,TRANSACOES_FINANCEIRAS,6101,beb7f6821b297c7064e6e8b96a647861cd0af24a2fd035a94c29c68b2ee241bb
TR-06102,2025-01-10,2025-01-01,COMP,FORN-00029,DESPESA,3519.647046467502,3519.647046467502,BRL,Serviço especializado solicitado por COMP,1,TRANSFERENCIA,PAGO,58be6bc5-0a1f-4bd4-a840-78cae5cdb36e,2025-02-05,ERP_CORPORATIVO,TRANSACOES_FINANCEIRAS,6102,e24a40d82ece9d6c3478043dc85dbebf00c0c2667a48e6dc2e8fdf9a7b52075a
TR-06103,2025-01-22,2025-01-01,QAS,FORN-00029,DESPESA,2981.5005653775584,2981.5005653775584,BRL,Receita extraordinária - QAS,37,TED,CANCELADO,58be6bc5-0a1f-4bd4-a840-78cae5cdb36e,2025-02-05,ERP_CORPORATIVO,TRANSACOES_FINANCEIRAS,6103,dc8ac32691691285fa5bc0364d2d22a1d7e616370e9aa925592c46e9b2f381bc
TR-06104,2025-01-27,2025-01-01,FIN,FORN-00029,RECEITA,3038.207061807298,3038.207061807298,BRL,Despesa operacional - FIN,8,PIX,PAGO,58be6bc5-0a1f-4bd4-a840-78cae5cdb36e,2025-02-05,ERP_CORPORATIVO,TRANSACOES_FINANCEIRAS,6104,91c896a841856614886fd0b7304ee36ffc6d6d57a72c2d591f80d7595a47b37b
TR-06105,2025-01-23,2025-01-01,MKT,FORN-00029,DESPESA,3896.6284746529855,3896.6284746529855,BRL,Custo operacional associado a MKT,8,TRANSFERENCIA,PAGO,58be6bc5-0a1f-4bd4-a840-78cae5cdb36e,2025-02-05,ERP_CORPORATIVO,TRANSACOES_FINANCEIRAS,6105,d926c1f0c26112268ca3db2a8a48811d1394e59dcde1fdfea7fc3421238fe98c
TR-06106,2025-01-22,2025-01-01,COMP,FORN-00029,DESPESA,3395.746614944038,3355.8943376804173,BRL,Investimento em marketing corporativo (COMP),4,BOLETO,PAGO,58be6bc5-0a1f-4bd4-a840-78cae5cdb36e,2025-02-05,ERP_CORPORATIVO,TRANSACOES_FINANCEIRAS,6106,ef1648a63686d2eae41250094db930a20918b6a78ac92fd0f0b048b41b0e1aab
TR-06107,2025-01-16,2025-01-01,FIN,FORN-00029,DESPESA,3141.9124715715975,3141.9124715715975,BRL,Investimento em marketing corporativo (FIN),4,PIX,PAGO,58be6bc5-0a1f-4bd4-a840-78cae5cdb36e,2025-02-05,ERP_CORPORATIVO,TRANSACOES_FINANCEIRAS,6107,60e86f3e61e4658d4f36ce9201cc8f373f7d8c4f773ee9c9221a1021ce6a1bae
TR-06108,2025-01-20,2025-01-01,COM,FORN-00029,DESPESA,3178.388854107616,3118.4545706115996,BRL,Certificado digital adquirido por COM,26,CARTAO,PAGO,58be6bc5-0a1f-4bd4-a840-78cae5cdb36e,2025-02-05,ERP_CORPORATIVO,TRANSACOES_FINANCEIRAS,6108,5f52232fa8cb669ef955595b2c602087791fec0d49ae2881b40e3af4d397f8e1
TR-06109,2025-01-20,2025-01-01,RH,FORN-00029,RECEITA,3166.710627312486,3166.710627312486,BRL,Material de marketing solicitado por RH,15,PIX,PAGO,58be6bc5-0a1f-4bd4-a840-78cae5cdb36e,2025-02-05,ERP_CORPORATIVO,TRANSACOES_FINANCEIRAS,6109,817a5a15c7e3feb466eb8500c701abef3538df88bef8d87e7df6989d65857e79
TR-06110,2025-01-09,2025-01-01,LOG,FORN-00029,DESPESA,3114.618901881807,3033.9476056525336,BRL,Serviço técnico especializado para LOG,11,BOLETO,PAGO,58be6bc5-0a1f-4bd4-a840-78cae5cdb36e,2025-02-05,ERP_CORPORATIVO,TRANSACOES_FINANCEIRAS,6110,d1691f9b49ad15c435b9f32301324bd5f911e6fffd948db352921f675cc776f8
TR-06111,2025-01-27,2025-01-01,MKT,FORN-00029,DESPESA,2803.0452248978854,2803.0452248978854,BRL,Atendimento de TI requisitado por MKT,29,BOLETO,PAGO,58be6bc5-0a1f-4bd4-a840-78cae5cdb36e,2025-02-05,ERP_CORPORATIVO,TRANSACOES_FINANCEIRAS,6111,46131af365e67cdb9179353d6b854149a97eb2421268a44fe171e7aab5854981
TR-06112,2025-01-13,2025-01-01,LOG,FORN-00029,DESPESA,2996.882351689889,2870.3156317336657,BRL,Campanha institucional - LOG,4,TED,PAGO,58be6bc5-0a1f-4bd4-a840-78cae5cdb36e,2025-02-05,ERP_CORPORATIVO,TRANSACOES_FINANCEIRAS,6112,13ecbac7bfa097d1ed2d96a9111ddb52a0c1e412d6081863056aa33350ba2a52
TR-06113,2025-01-15,2025-01-01,JUR,FORN-00029,RECEITA,2702.561992919346,2702.561992919346,BRL,Honorários jurídicos - JUR,7,PIX,PAGO,58be6bc5-0a1f-4bd4-a840-78cae5cdb36e,2025-02-05,ERP_CORPORATIVO,TRANSACOES_FINANCEIRAS,6113,fc1d5dc3f54ae9c18ed0e78e39226ef7afcec61af9fb6384ac09ee86485f4ac8
TR-06114,2025-01-16,2025-01-01,COM,FORN-00029,DESPESA,3354.441273496095,3354.441273496095,USD,Despesa de infraestrutura - COM,3,CARTAO,PAGO,58be6bc5-0a1f-4bd4-a840-78cae5cdb36e,2025-02-05,ERP_CORPORATIVO,TRANSACOES_FINANCEIRAS,6114,eedce1e872d3bdc25b221a3f6178d3bd61e0d20798b376ee310d90d6231c1e37
TR-06115,2025-01-22,2025-01-01,FIN,FORN-00029,DESPESA,3078.847635162029,3078.847635162029,BRL,Juros sobre operação financeira - FIN,23,BOLETO,PAGO,58be6bc5-0a1f-4bd4-a840-78cae5cdb36e,2025-02-05,ERP_CORPORATIVO,TRANSACOES_FINANCEIRAS,6115,15c98c2c8a7b9fb30d0ce7c3f6aed0bfb15e06596887d8b5dd9c689ce0252ce0
TR-06116,2025-01-14,2025-01-01,PES,FORN-00029,DESPESA,3371.4827673485574,3371.4827673485574,BRL,Custo operacional associado a PES,8,BOLETO,PAGO,58be6bc5-0a1f-4bd4-a840-78cae5cdb36e,2025-02-05,ERP_CORPORATIVO,TRANSACOES_FINANCEIRAS,6116,25033de31e5d6dbbc10b4e7b4164c80e46a714f2b84c100d9d08e2e43a74ffcc
TR-06117,2025-01-14,2025-01-01,COM,FORN-00029,DESPESA,2746.593332358059,2746.593332358059,BRL,Serviço de telefonia e internet - COM,9,PIX,ATRASADO,58be6bc5-0a1f-4bd4-a840-78cae5cdb36e,2025-02-05,ERP_CORPORATIVO,TRANSACOES_FINANCEIRAS,6117,58ed2db1998ae478e3dd8a0076cb8d7d9f405363b1dbe69531b0b809d0e84d22
TR-06118,2025-01-13,2025-01-01,JUR,FORN-00029,DESPESA,3596.6832006342884,3596.6832006342884,BRL,Honorários jurídicos - JUR,7,TED,PAGO,58be6bc5-0a1f-4bd4-a840-78cae5cdb36e,2025-02-05,ERP_CORPORATIVO,TRANSACOES_FINANCEIRAS,6118,ecadf5f07523e07f37ae036cc3d7bba562a1264d0fed50365b59433635bde079
TR-07077,2025-01-09,2025-01-01,PES,1000036,RECEITA,2905.589144204497,2845.8214462915353,BRL,Prestação de serviço para área PES,1,PIX,PAGO,58be6bc5-0a1f-4bd4-a840-78cae5cdb36e,2025-02-05,ERP_CORPORATIVO,TRANSACOES_FINANCEIRAS,7077,3b2a03335db9d3d96de44e082ff6454b54a6ce744bfe9389b17f943769773eec
TR-07078,2025-01-06,2025-01-01,FIN,1000036,DESPESA,3016.4044590909243,2979.893371818981,BRL,Despesa de refeição em deslocamento (FIN),20,TRANSFERENCIA,PAGO,58be6bc5-0a1f-4bd4-a840-78cae5cdb36e,2025-02-05,ERP_CORPORATIVO,TRANSACOES_FINANCEIRAS,7078,a248f282a912473658c7383a2d2acae083aaefdfcd5a148546fb25bc98510f5d
TR-07079,2025-01-21,2025-01-01,COM,1000036,DESPESA,2238.671198585323,2213.608912127697,BRL,Tarifas de serviços financeiros - COM,22,BOLETO,PAGO,58be6bc5-0a1f-4bd4-a840-78cae5cdb36e,2025-02-05,ERP_CORPORATIVO,TRANSACOES_FINANCEIRAS,7079,a416ee7cb5fd4d6d0c9b2fad9dac5e5d920ae64c54030e684d2aa2aa90479439
TR-07080,2025-01-20,2025-01-01,OP,1000036,DESPESA,2754.4040203110603,2617.1635788898902,BRL,Produção de material gráfico - OP,15,PIX,CANCELADO,58be6bc5-0a1f-4bd4-a840-78cae5cdb36e,2025-02-05,ERP_CORPORATIVO,TRANSACOES_FINANCEIRAS,7080,e20c64c1c1932c36539267efdabc71aa442d7e1b243b8e5b16b5eb475f9863f4
TR-07081,2025-01-24,2025-01-01,OP,1000036,RECEITA,2743.948442485603,2632.554189418603,BRL,Manutenção estrutural vinculada à área OP,3,TRANSFERENCIA,PAGO,58be6bc5-0a1f-4bd4-a840-78cae5cdb36e,2025-02-05,ERP_CORPORATIVO,TRANSACOES_FINANCEIRAS,7081,06d17c868762c25a0bc4cd08ad60582b3e51ce3e9aec1ccececea4bb94c48861
TR-07082,2025-01-13,2025-01-01,PRD,1000036,DESPESA,8458.580547657657,8374.364573035187,BRL,Despesa operacional - PRD,8,TED,PAGO,58be6bc5-0a1f-4bd4-a840-78cae5cdb36e,2025-02-05,ERP_CORPORATIVO,TRANSACOES_FINANCEIRAS,7082,bd8d073c212b0ed94652125afc1dd9ff7ff9704f278a545b5cc85f0c8336952a
TR-07083,2025-01-14,2025-01-01,FIN,1000036,DESPESA,3102.0494001525262,2986.5203560644804,BRL,Despesa de infraestrutura - FIN,3,TRANSFERENCIA,PAGO,58be6bc5-0a1f-4bd4-a840-78cae5cdb36e,2025-02-05,ERP_CORPORATIVO,TRANSACOES_FINANCEIRAS,7083,5d21860e61e5dc84503401bab4e3c2b85d72952096c76377d7af22ce38237886
TR-07084,2025-01-24,2025-01-01,MKT,1000036,DESPESA,3307.0674627662606,3307.0674627662606,BRL,Alimentação em viagem corporativa - MKT,20,BOLETO,PAGO,58be6bc5-0a1f-4bd4-a840-78cae5cdb36e,2025-02-05,ERP_CORPORATIVO,TRANSACOES_FINANCEIRAS,7084,88a140a9ce240704c0249d6854a786ba178d32fd75e3c2611c6b830e2c6250a8
TR-07085,2025-01-13,2025-01-01,TI,1000036,DESPESA,1748.5312392336855,1607.9274451626986,BRL,Contrato de serviço - setor TI,1,TED,PAGO,58be6bc5-0a1f-4bd4-a840-78cae5cdb36e,2025-02-05,ERP_CORPORATIVO,TRANSACOES_FINANCEIRAS,7085,dd94c7de56012a17c47653d892c00b3d8fb454a35ba0e8e2fab5e5dd58adb038
TR-07086,2025-01-13,2025-01-01,COMP,1000036,DESPESA,2869.9414879576107,2869.9414879576107,BRL,Comissão recebida por COMP,33,CARTAO,PAGO,58be6bc5-0a1f-4bd4-a840-78cae5cdb36e,2025-02-05,ERP_CORPORATIVO,TRANSACOES_FINANCEIRAS,7086,f0485292d9e427d84cbcf6dc9d516bce0c00d7ac4f442199d4d83860f6778011
TR-07087,2025-01-16,2025-01-01,QAS,1000036,DESPESA,2951.9666410991895,2951.9666410991895,BRL,Combustível e lubrificantes para frota (QAS),16,TED,ATRASADO,58be6bc5-0a1f-4bd4-a840-78cae5cdb36e,2025-02-05,ERP_CORPORATIVO,TRANSACOES_FINANCEIRAS,7087,cc58401147ad584401d3a36095087e95492db3edd3d390360068456f9aae0fb3
TR-07088,2025-01-15,2025-01-01,TI,1000036,DESPESA,3184.6847712699655,3184.6847712699655,BRL,Serviço de tecnologia contratado por TI,5,BOLETO,PAGO,58be6bc5-0a1f-4bd4-a840-78cae5cdb36e,2025-02-05,ERP_CORPORATIVO,TRANSACOES_FINANCEIRAS,7088,988f51192a1f09c7e9d301d3657e69f3d082297c4cd3e82298bbf41f76590fdc
TR-07089,2025-01-09,2025-01-01,ATD,1000036,DESPESA,3390.806168781512,3390.806168781512,BRL,Honorários jurídicos - ATD,7,BOLETO,PAGO,58be6bc5-0a1f-4bd4-a840-78cae5cdb36e,2025-02-05,ERP_CORPORATIVO,TRANSACOES_FINANCEIRAS,7089,5e517097f8ab3610f188044b066d037c54c53b89137200b2e1eb10a7018f3702
TR-07090,2025-01-23,2025-01-01,FIN,1000036,DESPESA,2933.6899209365156,2933.6899209365156,BRL,Serviço especializado solicitado por FIN,1,CARTAO,PAGO,58be6bc5-0a1f-4bd4-a840-78cae5cdb36e,2025-02-05,ERP_CORPORATIVO,TRANSACOES_FINANCEIRAS,7090,f04cd756a18fcb1f45b5f87a5edb5ea981d4e106555350a9135e55937b851111
TR-07091,2025-01-17,2025-01-01,QAS,1000036,DESPESA,2674.500761842737,2674.500761842737,BRL,Aquisição de material operacional - QAS,2,BOLETO,CANCELADO,58be6bc5-0a1f-4bd4-a840-78cae5cdb36e,2025-02-05,ERP_CORPORATIVO,TRANSACOES_FINANCEIRAS,7091,7b41388373b5c4281e9c49ee01e9a7c4bd85afc7d8ec6c54fc707d57aa771a11
TR-07092,2025-01-13,2025-01-01,COM,1000036,DESPESA,3122.123267671811,3000.2565450753705,BRL,Serviço técnico especializado para COM,11,TRANSFERENCIA,PAGO,58be6bc5-0a1f-4bd4-a840-78cae5cdb36e,2025-02-05,ERP_CORPORATIVO,TRANSACOES_FINANCEIRAS,7092,497a6e1737a013f323fc48937a6009f7619f3dbdb053557b8bbc798077e2357b
TR-07093,2025-01-17,2025-01-01,COM,1000036,RECEITA,2613.6258776835803,2613.6258776835803,BRL,Despesa operacional - COM,8,PIX,PAGO,58be6bc5-0a1f-4bd4-a840-78cae5cdb36e,2025-02-05,ERP_CORPORATIVO,TRANSACOES_FINANCEIRAS,7093,f91b34384738facc890efa0ac4791fdd86ab3eb4a2d4d7807e50feb5cfa66c5c
TR-07094,2025-01-27,2025-01-01,RH,1000036,DESPESA,2959.7229687297327,2959.7229687297327,BRL,Contrato de serviço - setor RH,1,PIX,PAGO,58be6bc5-0a1f-4bd4-a840-78cae5cdb36e,2025-02-05,ERP_CORPORATIVO,TRANSACOES_FINANCEIRAS,7094,176af241c4d0009cf19af4f383d61645222cb40769f033f51ecda77dcf21db41
TR-07446,2025-01-07,2025-01-01,FIN,FORN-00039,RECEITA,2293.0078578223965,2259.520286733126,BRL,Custo operacional associado a FIN,8,PIX,CANCELADO,58be6bc5-0a1f-4bd4-a840-78cae5cdb36e,2025-02-05,ERP_CORPORATIVO,TRANSACOES_FINANCEIRAS,7446,b791d4cea9107eaef40a1a7cde6e41a57510f36641ebf8a4f432783f91a1ef93
TR-07447,2025-01-24,2025-01-01,COMP,FORN-00039,RECEITA,1770.0853475572658,1770.0853475572658,BRL,Manutenção estrutural vinculada à área COMP,3,TED,PAGO,58be6bc5-0a1f-4bd4-a840-78cae5cdb36e,2025-02-05,ERP_CORPORATIVO,TRANSACOES_FINANCEIRAS,7447,b5662c934af7f1630a2c2680ff339562a3294de2311b02285fb0cb527d958742
TR-07448,2025-01-07,2025-01-01,TI,FORN-00039,RECEITA,1974.019815457135,1878.306865925059,BRL,Despesa operacional - TI,8,TRANSFERENCIA,PAGO,58be6bc5-0a1f-4bd4-a840-78cae5cdb36e,2025-02-05,ERP_CORPORATIVO,TRANSACOES_FINANCEIRAS,7448,37ed39d8d28631c2e5bbb31d6a6b3709d12bb1bc99753d2c1678c0038bb60ec6
TR-07449,2025-01-14,2025-01-01,CPT,FORN-00039,DESPESA,2436.508064176624,2436.508064176624,EUR,Reparo de hardware solicitado por CPT,28,BOLETO,PAGO,58be6bc5-0a1f-4bd4-a840-78cae5cdb36e,2025-02-05,ERP_CORPORATIVO,TRANSACOES_FINANCEIRAS,7449,6f98c32609a546650b5ec9cf95e64b2e936cae8ff9e47160c675561ca18bbfdc
TR-07450,2025-01-20,2025-01-01,MKT,FORN-00039,DESPESA,1905.5784559753915,1905.5784559753915,BRL,Taxas bancárias incidentes em MKT,22,BOLETO,PAGO,58be6bc5-0a1f-4bd4-a840-78cae5cdb36e,2025-02-05,ERP_CORPORATIVO,TRANSACOES_FINANCEIRAS,7450,f6a54115557a1da45e190efa1f3e114cacbbcee1e5c6a230715f53632e726114
TR-07451,2025-01-20,2025-01-01,SEC,FORN-00039,DESPESA,1645.7910829268505,1645.7910829268505,BRL,Investimento em marketing corporativo (SEC),4,TRANSFERENCIA,PAGO,58be6bc5-0a1f-4bd4-a840-78cae5cdb36e,2025-02-05,ERP_CORPORATIVO,TRANSACOES_FINANCEIRAS,7451,ce2fdbec3372bb3dabcf3485050e75477ac18978b599a9838cc8521ae48b60fb
TR-07452,2025-01-06,2025-01-01,COM,FORN-00039,DESPESA,2598.3301117963265,2598.3301117963265,BRL,Licenciamento de software - COM,5,BOLETO,PAGO,58be6bc5-0a1f-4bd4-a840-78cae5cdb36e,2025-02-05,ERP_CORPORATIVO,TRANSACOES_FINANCEIRAS,7452,b2ada8e084071886af77fd6660338978c508192e7829237a363a6764911753c6
TR-07453,2025-01-13,2025-01-01,COMP,FORN-00039,DESPESA,2228.6259372874547,2228.6259372874547,BRL,Reparo de frota vinculado à área COMP,17,PIX,PAGO,58be6bc5-0a1f-4bd4-a840-78cae5cdb36e,2025-02-05,ERP_CORPORATIVO,TRANSACOES_FINANCEIRAS,7453,83d1dafa9deb25c9b0993903556dc24c66b3b25350169364be41cca08b465fa3
TR-07454,2025-01-13,2025-01-01,PES,FORN-00039,RECEITA,2020.6480783978682,1995.0373279845323,BRL,Honorários profissionais contratados por PES,11,CARTAO,PAGO,58be6bc5-0a1f-4bd4-a840-78cae5cdb36e,2025-02-05,ERP_CORPORATIVO,TRANSACOES_FINANCEIRAS,7454,b888134ca8c519fc76e13008f180a726be732b0a39e74f8a9f3386d3b2087706
TR-07455,2025-01-24,2025-01-01,SEC,FORN-00039,DESPESA,1987.5129042565693,1987.5129042565693,BRL,Diária de hotel para equipe SEC,19,TRANSFERENCIA,PAGO,58be6bc5-0a1f-4bd4-a840-78cae5cdb36e,2025-02-05,ERP_CORPORATIVO,TRANSACOES_FINANCEIRAS,7455,846642217d13088606f0bb254c31f20629e2005f0f2bfbdbed4683a9aaa4f45e
TR-07456,2025-01-14,2025-01-01,VND,FORN-00039,RECEITA,2304.04111269168,2304.04111269168,BRL,Propaganda e divulgação para área VND,13,CARTAO,PAGO,58be6bc5-0a1f-4bd4-a840-78cae5cdb36e,2025-02-05,ERP_CORPORATIVO,TRANSACOES_FINANCEIRAS,7456,a402d782bf47e9f36671d8ed1643bc238c88a13bde0d5b2be6c9886bc7fa1aa2
TR-07457,2025-01-24,2025-01-01,OP,FORN-00039,DESPESA,2269.4187897169522,2269.4187897169522,BRL,Serviço de tecnologia contratado por OP,5,PIX,PAGO,58be6bc5-0a1f-4bd4-a840-78cae5cdb36e,2025-02-05,ERP_CORPORATIVO,TRANSACOES_FINANCEIRAS,7457,97d214e4a00c8f27cfe83de62cc7a59da57dba63a6a029a791e4199437e59112
TR-07458,2025-01-22,2025-01-01,JUR,FORN-00039,DESPESA,7503.995289295823,7503.995289295823,BRL,Despesa de refeição em deslocamento (JUR),20,PIX,PAGO,58be6bc5-0a1f-4bd4-a840-78cae5cdb36e,2025-02-05,ERP_CORPORATIVO,TRANSACOES_FINANCEIRAS,7458,516aac0f00c6b9814ce57ea4669b1222399ab667aecbb9978e125ce63eaf4653
TR-07459,2025-01-06,2025-01-01,CPT,FORN-00039,DESPESA,2123.0399871564537,2087.8541170169183,BRL,Propaganda e divulgação para área CPT,13,TRANSFERENCIA,PAGO,58be6bc5-0a1f-4bd4-a840-78cae5cdb36e,2025-02-05,ERP_CORPORATIVO,TRANSACOES_FINANCEIRAS,7459,f77303550cf101964c3e3af898d1073a29a5b59a9885c91be30ea67d6aaf7753
TR-07460,2025-01-20,2025-01-01,FIN,FORN-00039,DESPESA,1903.44549750701,1903.44549750701,BRL,Manutenção estrutural vinculada à área FIN,3,TED,ATRASADO,58be6bc5-0a1f-4bd4-a840-78cae5cdb36e,2025-02-05,ERP_CORPORATIVO,TRANSACOES_FINANCEIRAS,7460,2192ae7d54731fbda7b7d9b13a51f6d13dc667ad3f84d80d32b6ebae2d632b41
TR-07461,2025-01-23,2025-01-01,QAS,FORN-00039,RECEITA,2155.725854189182,2155.725854189182,BRL,Alienação de bem patrimonial - QAS,35,BOLETO,PAGO,58be6bc5-0a1f-4bd4-a840-78cae5cdb36e,2025-02-05,ERP_CORPORATIVO,TRANSACOES_FINANCEIRAS,7461,59b6c0810e58e0f28dd4f5cddae503db3c0c490a495414cc88a5d22882400588
TR-07462,2025-01-13,2025-01-01,SEC,FORN-00039,RECEITA,2406.6565819015445,2366.4498697356034,USD,Investimento em marketing corporativo (SEC),4,TRANSFERENCIA,PAGO,58be6bc5-0a1f-4bd4-a840-78cae5cdb36e,2025-02-05,ERP_CORPORATIVO,TRANSACOES_FINANCEIRAS,7462,9244a5641e5b42205af174d43a8b409d40c0cbbf9bff0a0700748896c7b0aaca
TR-07463,2025-01-15,2025-01-01,COM,FORN-00039,RECEITA,2049.3627100379326,2026.1567370141768,BRL,Prestação de serviço para área COM,1,BOLETO,ATRASADO,58be6bc5-0a1f-4bd4-a840-78cae5cdb36e,2025-02-05,ERP_CORPORATIVO,TRANSACOES_FINANCEIRAS,7463,2ec6d2ffde4f13241e59edbdbc1f930de04fed280f4992e4988b191972d9b40c
TR-07464,2025-01-10,2025-01-01,PES,FORN-00039,DESPESA,2297.521306927693,2297.521306927693,BRL,Despesa de RH - PES,6,PIX,ATRASADO,58be6bc5-0a1f-4bd4-a840-78cae5cdb36e,2025-02-05,ERP_CORPORATIVO,TRANSACOES_FINANCEIRAS,7464,c00b10e405dcd7246c74e96855542fe65c28e165735de605b387882d36dbd85e
TR-07465,2025-01-15,2025-01-01,SEC,FORN-00039,DESPESA,2077.6986127447603,2077.6986127447603,BRL,Serviço relacionado a recursos humanos (SEC),6,PIX,PAGO,58be6bc5-0a1f-4bd4-a840-78cae5cdb36e,2025-02-05,ERP_CORPORATIVO,TRANSACOES_FINANCEIRAS,7465,554262abb46b96fb82d9261535bfd324fcf091a9ad57a01accfb800f72f389cf
TR-07466,2025-01-13,2025-01-01,COMP,FORN-00039,DESPESA,2343.9754191249212,2343.9754191249212,BRL,Investimento em marketing corporativo (COMP),4,BOLETO,PAGO,58be6bc5-0a1f-4bd4-a840-78cae5cdb36e,2025-02-05,ERP_CORPORATIVO,TRANSACOES_FINANCEIRAS,7466,b96fc4d5c29c9723ffcabd5938729b59c32ce201ca4223fb758e54ad45c36091
TR-07467,2025-01-20,2025-01-01,FIN,FORN-00039,RECEITA,1961.5389450667235,1961.5389450667235,BRL,Tarifas de serviços financeiros - FIN,22,PIX,PAGO,58be6bc5-0a1f-4bd4-a840-78cae5cdb36e,2025-02-05,ERP_CORPORATIVO,TRANSACOES_FINANCEIRAS,7467,9308c57b76b3fda1adce4c21b606a6d344cf4940338d0766172ef486c0135e3b
TR-07468,2025-01-10,2025-01-01,FIN,FORN-00039,RECEITA,2166.456173957904,2166.456173957904,BRL,Serviço especializado solicitado por FIN,1,BOLETO,ATRASADO,58be6bc5-0a1f-4bd4-a840-78cae5cdb36e,2025-02-05,ERP_CORPORATIVO,TRANSACOES_FINANCEIRAS,7468,e63f2570c98816c3f46c1aa1da7824f9fadbbb97289eb6558063eaf8161870a0
TR-07744,2025-01-20,2025-01-01,QAS,ACC-00040,DESPESA,2279.0943714567916,2279.0943714567916,BRL,Manutenção de equipamentos de QAS,28,BOLETO,PAGO,58be6bc5-0a1f-4bd4-a840-78cae5cdb36e,2025-02-05,ERP_CORPORATIVO,TRANSACOES_FINANCEIRAS,7744,cb2bb45fd65a3d0d2f6d3302c13dedbc2e3362a256e6e752caaa2b244ea8b4f8
TR-07745,2025-01-10,2025-01-01,COMP,ACC-00040,RECEITA,2226.189140804816,2131.15797298403,BRL,Taxas bancárias incidentes em COMP,22,PIX,PAGO,58be6bc5-0a1f-4bd4-a840-78cae5cdb36e,2025-02-05,ERP_CORPORATIVO,TRANSACOES_FINANCEIRAS,7745,a1d232f65c574de3e1df620e2d340e96e20ede9e6f9ff3ebb717af5d8964e360
TR-07746,2025-01-13,2025-01-01,ESG,ACC-00040,DESPESA,2522.753042436866,2487.1858633940583,BRL,Locação de espaço comercial - ESG,31,TRANSFERENCIA,ATRASADO,58be6bc5-0a1f-4bd4-a840-78cae5cdb36e,2025-02-05,ERP_CORPORATIVO,TRANSACOES_FINANCEIRAS,7746,3a506250193c97995d273c48deddf83b3b6825c76cd78bbb0047beea88182ed0
TR-07747,2025-01-16,2025-01-01,QAS,ACC-00040,RECEITA,2189.318463257438,2087.9579572383946,BRL,Despesa de RH - QAS,6,PIX,PAGO,58be6bc5-0a1f-4bd4-a840-78cae5cdb36e,2025-02-05,ERP_CORPORATIVO,TRANSACOES_FINANCEIRAS,7747,e0aef25a02346644edb58544671743b8b53cce8f8fb7abd07d1349574f8a19b9
TR-07748,2025-01-20,2025-01-01,ATD,ACC-00040,RECEITA,2154.069521929849,2083.7352647663492,BRL,Assessoria legal vinculada à área ATD,7,TED,PAGO,58be6bc5-0a1f-4bd4-a840-78cae5cdb36e,2025-02-05,ERP_CORPORATIVO,TRANSACOES_FINANCEIRAS,7748,f6c82f117811f8ed3b86f05d8c07fba0cfc2cdfe2e1b769c637fd98dfd587c6a
TR-07749,2025-01-14,2025-01-01,COM,ACC-00040,RECEITA,2384.4029377561346,2384.4029377561346,BRL,Treinamento corporativo para equipe COM,30,PIX,PAGO,58be6bc5-0a1f-4bd4-a840-78cae5cdb36e,2025-02-05,ERP_CORPORATIVO,TRANSACOES_FINANCEIRAS,7749,1c2d6e27f056a0978c04747540f12b9ec8aaa4b25409c30b0e316483de1e8506
TR-07750,2025-01-20,2025-01-01,VND,ACC-00040,DESPESA,2527.050445920481,2527.050445920481,BRL,Despesa de RH - VND,6,TRANSFERENCIA,ATRASADO,58be6bc5-0a1f-4bd4-a840-78cae5cdb36e,2025-02-05,ERP_CORPORATIVO,TRANSACOES_FINANCEIRAS,7750,4064370942eaf89e186b3a52175bc9e8ce74488c469b7f0c16fa648978acbfb8
TR-07751,2025-01-17,2025-01-01,COMP,ACC-00040,DESPESA,2322.059183825724,2298.6467669932795,BRL,Honorarium advocatício - COMP,24,PIX,PAGO,58be6bc5-0a1f-4bd4-a840-78cae5cdb36e,2025-02-05,ERP_CORPORATIVO,TRANSACOES_FINANCEIRAS,7751,aec886ac7ad56a4f582d30d2ac8acd84413ba3f845a36af6bbf3f5e3d8b44c3d
TR-07752,2025-01-13,2025-01-01,COM,ACC-00040,DESPESA,2398.6931109882385,2398.6931109882385,BRL,Serviço relacionado a recursos humanos (COM),6,BOLETO,CANCELADO,58be6bc5-0a1f-4bd4-a840-78cae5cdb36e,2025-02-05,ERP_CORPORATIVO,TRANSACOES_FINANCEIRAS,7752,8f6149349967b6d9336a5aef317098b293642b0bbcab27ef193c4f3c5c90de6e
TR-07753,2025-01-13,2025-01-01,RH,ACC-00040,DESPESA,2121.3003082411333,2084.4852936183174,BRL,Assessoria legal vinculada à área RH,7,PIX,PAGO,58be6bc5-0a1f-4bd4-a840-78cae5cdb36e,2025-02-05,ERP_CORPORATIVO,TRANSACOES_FINANCEIRAS,7753,52a0fdb6190ba132591df2103466bfab5804fe329b5e48d3bc78e0ebd0fd49d5
TR-07754,2025-01-20,2025-01-01,TI,ACC-00040,RECEITA,7647.361070577604,7647.361070577604,BRL,Receita eventual registrada em TI,37,BOLETO,PAGO,58be6bc5-0a1f-4bd4-a840-78cae5cdb36e,2025-02-05,ERP_CORPORATIVO,TRANSACOES_FINANCEIRAS,7754,eda9a9eabc37b8e7f8b42bc4f3c9d34cf615d2b991516c7138e608a37cdc6729
TR-07755,2025-01-13,2025-01-01,JUR,ACC-00040,DESPESA,2515.176258992532,2455.03095634941,BRL,Receita eventual registrada em JUR,37,CARTAO,PAGO,58be6bc5-0a1f-4bd4-a840-78cae5cdb36e,2025-02-05,ERP_CORPORATIVO,TRANSACOES_FINANCEIRAS,7755,d51ea410ad8842e65f2ca644209480b230c6fc561cd07d1fd0826533638c6e01
TR-07756,2025-01-10,2025-01-01,ATD,ACC-00040,DESPESA,2285.1709209969804,2186.0078160357853,BRL,Manutenção predial solicitada por ATD,10,PIX,PAGO,58be6bc5-0a1f-4bd4-a840-78cae5cdb36e,2025-02-05,ERP_CORPORATIVO,TRANSACOES_FINANCEIRAS,7756,f07b61e66d64cd40fc7b5b1e792ed33810c38aed09d54d50a603b46494aa6d54
TR-07757,2025-01-20,2025-01-01,ATD,ACC-00040,RECEITA,2116.0828964783823,2091.3563631353813,BRL,Material de marketing solicitado por ATD,15,TED,ATRASADO,58be6bc5-0a1f-4bd4-a840-78cae5cdb36e,2025-02-05,ERP_CORPORATIVO,TRANSACOES_FINANCEIRAS,7757,2921c5a66bcaa8dafd3345ebafc8f7de1cb4542e6489b77e5bc09858ed98c3c3
TR-07758,2025-01-06,2025-01-01,COMP,ACC-00040,RECEITA,2174.991447422102,2174.991447422102,BRL,Publicidade institucional - COMP,13,PIX,PAGO,58be6bc5-0a1f-4bd4-a840-78cae5cdb36e,2025-02-05,ERP_CORPORATIVO,TRANSACOES_FINANCEIRAS,7758,7004579bbfc76e300a1b9a2948f0445c0db5b0c9f7380b8af533e2f579d90ef4
TR-07759,2025-01-10,2025-01-01,COMP,ACC-00040,DESPESA,2404.8434451445173,2404.8434451445173,BRL,Contrato de consultoria externa - COMP,12,TED,PAGO,58be6bc5-0a1f-4bd4-a840-78cae5cdb36e,2025-02-05,ERP_CORPORATIVO,TRANSACOES_FINANCEIRAS,7759,0eb374e295c8497eaa4c52765f4445254a96b22ae8edbd285664f5f73dbc87b1
TR-07760,2025-01-22,2025-01-01,CPT,ACC-00040,DESPESA,2426.3604511539725,2355.910333869114,BRL,Assessoria contábil prestada a CPT,25,TRANSFERENCIA,PAGO,58be6bc5-0a1f-4bd4-a840-78cae5cdb36e,2025-02-05,ERP_CORPORATIVO,TRANSACOES_FINANCEIRAS,7760,c9ba24b6d59ea5fc22d2e8be8826f69a3d60807621a0e12f037a8deb2b3b4099
TR-07761,2025-01-16,2025-01-01,RH,ACC-00040,DESPESA,1992.831641344996,1992.831641344996,BRL,Serviço especializado solicitado por RH,1,TED,PAGO,58be6bc5-0a1f-4bd4-a840-78cae5cdb36e,2025-02-05,ERP_CORPORATIVO,TRANSACOES_FINANCEIRAS,7761,af9af44ab1aa82a2a0fc0f2ec8958a0dec66c11872c4619252a984d1606c3487
TR-08003,2025-01-06,2025-01-01,CTB,1000040,RECEITA,4587.130998883593,4587.130998883593,BRL,Licenciamento de software - CTB,5,TED,CANCELADO,58be6bc5-0a1f-4bd4-a840-78cae5cdb36e,2025-02-05,ERP_CORPORATIVO,TRANSACOES_FINANCEIRAS,8003,4aed9938a22a3b9d42afdba6cecbd13e2c1b8aad1db389ab4e9e36c9eec1ebb9
TR-08004,2025-01-06,2025-01-01,COMP,1000040,DESPESA,4421.766795897166,4421.766795897166,BRL,Contrato de serviço - setor COMP,1,PIX,PAGO,58be6bc5-0a1f-4bd4-a840-78cae5cdb36e,2025-02-05,ERP_CORPORATIVO,TRANSACOES_FINANCEIRAS,8004,8fdbdf98789b618e385a1f14cb0f00ccef1e6c5aeec1fd059a4270e94af3981a
TR-08005,2025-01-29,2025-01-01,CPT,1000040,DESPESA,4135.819405546819,4135.819405546819,BRL,Manutenção predial solicitada por CPT,10,BOLETO,PAGO,58be6bc5-0a1f-4bd4-a840-78cae5cdb36e,2025-02-05,ERP_CORPORATIVO,TRANSACOES_FINANCEIRAS,8005,c69f55d2b4bd0a536722431c0b2a8e5214cfd412646550af3b9e963538c71948
TR-08006,2025-01-16,2025-01-01,QAS,1000040,RECEITA,5220.9724134264925,5220.9724134264925,BRL,Contrato de serviço - setor QAS,1,TRANSFERENCIA,PAGO,58be6bc5-0a1f-4bd4-a840-78cae5cdb36e,2025-02-05,ERP_CORPORATIVO,TRANSACOES_FINANCEIRAS,8006,6aa615726fc66a6b517a6a44156374e8225948505fbde170a6acc6a25bd929f5
TR-08007,2025-01-13,2025-01-01,COMP,1000040,RECEITA,2799.6480960729705,2799.6480960729705,BRL,Seguro contratado pela área COMP,21,PIX,PAGO,58be6bc5-0a1f-4bd4-a840-78cae5cdb36e,2025-02-05,ERP_CORPORATIVO,TRANSACOES_FINANCEIRAS,8007,573f80c38e28c36fadb6c3a3b7140b3948189fa5706cc48fc373f0c837cfa64f
TR-08252,2025-01-06,2025-01-01,FIN,1000042,DESPESA,4495.017016272978,4385.156853449971,BRL,Custo operacional associado a FIN,8,CARTAO,PAGO,58be6bc5-0a1f-4bd4-a840-78cae5cdb36e,2025-02-05,ERP_CORPORATIVO,TRANSACOES_FINANCEIRAS,8252,4acaf5d290516299a937cb2519d123dd37dcd6c517af2bb081873060b4f8f3b1
TR-08253,2025-01-07,2025-01-01,OP,1000042,DESPESA,4105.078224723847,4105.078224723847,BRL,Evento corporativo organizado por OP,14,TED,PAGO,58be6bc5-0a1f-4bd4-a840-78cae5cdb36e,2025-02-05,ERP_CORPORATIVO,TRANSACOES_FINANCEIRAS,8253,6e8729aed564b9cf0425cfe1e7c4141b1bfbe6b4deec5307752a397919fbc38e
TR-08254,2025-01-13,2025-01-01,TI,1000042,DESPESA,6468.653503075824,6468.653503075824,BRL,Compra de insumos para setor TI,2,PIX,ATRASADO,58be6bc5-0a1f-4bd4-a840-78cae5cdb36e,2025-02-05,ERP_CORPORATIVO,TRANSACOES_FINANCEIRAS,8254,90683f2ecf84996a82476313b6fc598edd3391e36dab14e825ff9ea25eea3f9c
TR-08255,2025-01-06,2025-01-01,OP,1000042,DESPESA,4135.756285889955,4135.756285889955,BRL,Evento corporativo organizado por OP,14,CARTAO,PAGO,58be6bc5-0a1f-4bd4-a840-78cae5cdb36e,2025-02-05,ERP_CORPORATIVO,TRANSACOES_FINANCEIRAS,8255,48c3c8a5a65ed6d26a3eff79be068f9ae1b9da4754383777211976202f06b8d2
TR-08256,2025-01-20,2025-01-01,OP,1000042,RECEITA,4453.690819565787,4305.437716532494,BRL,Diária de hotel para equipe OP,19,TRANSFERENCIA,PAGO,58be6bc5-0a1f-4bd4-a840-78cae5cdb36e,2025-02-05,ERP_CORPORATIVO,TRANSACOES_FINANCEIRAS,8256,2341801da676a8c4341358ab3efc41b98b91344055d713180c36627a58bee516
TR-08257,2025-01-24,2025-01-01,CPT,1000042,RECEITA,4234.423463816999,4234.423463816999,BRL,Evento corporativo organizado por CPT,14,PIX,PAGO,58be6bc5-0a1f-4bd4-a840-78cae5cdb36e,2025-02-05,ERP_CORPORATIVO,TRANSACOES_FINANCEIRAS,8257,f80e569d7cca18e2b942a413fa6ad05c3c2639e661bc02d4708d7994cf2fa94b
TR-08258,2025-01-20,2025-01-01,COMP,1000042,DESPESA,4578.35013852485,4405.961777748204,BRL,Honorários jurídicos - COMP,7,CARTAO,CANCELADO,58be6bc5-0a1f-4bd4-a840-78cae5cdb36e,2025-02-05,ERP_CORPORATIVO,TRANSACOES_FINANCEIRAS,8258,c69cc0e4a1ce890b7b4c1318ac87bd0403de2377a79263d0f080f1d30b973624
TR-08259,2025-01-17,2025-01-01,PRD,1000042,DESPESA,4871.90911443235,4871.90911443235,BRL,Contrato de serviço - setor PRD,1,TED,PAGO,58be6bc5-0a1f-4bd4-a840-78cae5cdb36e,2025-02-05,ERP_CORPORATIVO,TRANSACOES_FINANCEIRAS,8259,6dd2b38774331ac0e84e017d04ef605842142e1acf471e4be1ff2df68330faf3
TR-08260,2025-01-27,2025-01-01,OP,1000042,RECEITA,4647.886641791704,4647.886641791704,BRL,Compra de insumos para setor OP,2,CARTAO,PAGO,58be6bc5-0a1f-4bd4-a840-78cae5cdb36e,2025-02-05,ERP_CORPORATIVO,TRANSACOES_FINANCEIRAS,8260,7db0de5276eaee276edcaa645d2c21b210047b1b51489af05ff93d30b21234d7
TR-08261,2025-01-13,2025-01-01,LOG,1000042,RECEITA,5273.923780976815,5120.087893965911,BRL,Evento corporativo organizado por LOG,14,BOLETO,PAGO,58be6bc5-0a1f-4bd4-a840-78cae5cdb36e,2025-02-05,ERP_CORPORATIVO,TRANSACOES_FINANCEIRAS,8261,8cd6d1aa51fca640fa350545137821e0d1cbb73262e897b67b2d4dcd7711d58d
TR-08262,2025-01-02,2025-01-01,FIN,1000042,DESPESA,5405.2931441820865,5212.027466398633,BRL,Despesa de RH - FIN,6,BOLETO,PAGO,58be6bc5-0a1f-4bd4-a840-78cae5cdb36e,2025-02-05,ERP_CORPORATIVO,TRANSACOES_FINANCEIRAS,8262,fa4adaaaf364c570f81889ee17fbd2921636eb7796187d151fa9bceaffe6af81
TR-08532,2025-01-01,2025-01-01,FIN,FORN-00044,RECEITA,2806.3622370762873,2681.5821019045416,BRL,Aquisição de material operacional - FIN,2,PIX,PAGO,58be6bc5-0a1f-4bd4-a840-78cae5cdb36e,2025-02-05,ERP_CORPORATIVO,TRANSACOES_FINANCEIRAS,8532,0b15a6bbb602843b31d99f489bbdfe4eb4844b58cdade5952be1f5f101dde654
TR-08533,2025-01-27,2025-01-01,JUR,FORN-00044,RECEITA,2630.8603607467135,2630.8603607467135,BRL,Contrato de serviço - setor JUR,1,PIX,PAGO,58be6bc5-0a1f-4bd4-a840-78cae5cdb36e,2025-02-05,ERP_CORPORATIVO,TRANSACOES_FINANCEIRAS,8533,30ce8cf66eff0170c258d5f7f5d731299129582b8b1d98fb87923800e2de7400
TR-08534,2025-01-27,2025-01-01,PRD,FORN-00044,RECEITA,2976.6623274987846,2976.6623274987846,BRL,Estorno de receita - PRD,39,CARTAO,PAGO,58be6bc5-0a1f-4bd4-a840-78cae5cdb36e,2025-02-05,ERP_CORPORATIVO,TRANSACOES_FINANCEIRAS,8534,aa252bbdddadc8270a32273f147802ee91c568a75d300dd3b78bcd765e33a3a6
TR-08535,2025-01-08,2025-01-01,COM,FORN-00044,DESPESA,2712.0177429271534,2712.0177429271534,BRL,Receita de aluguel creditada em COM,31,PIX,PAGO,58be6bc5-0a1f-4bd4-a840-78cae5cdb36e,2025-02-05,ERP_CORPORATIVO,TRANSACOES_FINANCEIRAS,8535,d12b89eee05e6708c73b207eb151e0d653a20e60b1e44ec482effdc367694cf8
TR-08536,2025-01-27,2025-01-01,FIN,FORN-00044,DESPESA,2883.69663439753,2883.69663439753,BRL,Resultado de equivalência patrimonial - FIN,34,PIX,PAGO,58be6bc5-0a1f-4bd4-a840-78cae5cdb36e,2025-02-05,ERP_CORPORATIVO,TRANSACOES_FINANCEIRAS,8536,80ce7a222f82ed32dcae7f362f1314f84b4b132d0c3a99c5aeb79f146167918d
TR-08537,2025-01-16,2025-01-01,MKT,FORN-00044,RECEITA,2827.860307432905,2734.983206210837,BRL,Apólice de seguro - MKT,21,TRANSFERENCIA,PAGO,58be6bc5-0a1f-4bd4-a840-78cae5cdb36e,2025-02-05,ERP_CORPORATIVO,TRANSACOES_FINANCEIRAS,8537,3fa6bdb3d53f8c746daf4eb9bf25b4c5b0b5ca0373b336d5f444c80bd16ed666
TR-08538,2025-01-16,2025-01-01,RH,FORN-00044,RECEITA,2499.1906904439975,2499.1906904439975,BRL,Compra de insumos para setor RH,2,PIX,PAGO,58be6bc5-0a1f-4bd4-a840-78cae5cdb36e,2025-02-05,ERP_CORPORATIVO,TRANSACOES_FINANCEIRAS,8538,0cb0ab3adfdbab6714f0425037336f818ef7f3770f1c776d11e4efb0b9bb7a14
TR-08539,2025-01-20,2025-01-01,RH,FORN-00044,DESPESA,2436.565127718159,2436.565127718159,USD,Assessoria contábil prestada a RH,25,BOLETO,PAGO,58be6bc5-0a1f-4bd4-a840-78cae5cdb36e,2025-02-05,ERP_CORPORATIVO,TRANSACOES_FINANCEIRAS,8539,d23bb5dfbbad01bd7e2f1a580590ccdc1d9781ede55b76ccb53fd2710b25c793
TR-08540,2025-01-20,2025-01-01,JUR,FORN-00044,DESPESA,2501.8187651493563,2501.8187651493563,BRL,Compra de insumos para setor JUR,2,BOLETO,PAGO,58be6bc5-0a1f-4bd4-a840-78cae5cdb36e,2025-02-05,ERP_CORPORATIVO,TRANSACOES_FINANCEIRAS,8540,68c0e3b6afd08a33d3734ad31d662361f73bdd8ddae2577fffcc9f0ea3fad204
TR-08541,2025-01-10,2025-01-01,OP,FORN-00044,RECEITA,2665.5982425037146,2665.5982425037146,BRL,Assessoria contábil prestada a OP,25,BOLETO,PAGO,58be6bc5-0a1f-4bd4-a840-78cae5cdb36e,2025-02-05,ERP_CORPORATIVO,TRANSACOES_FINANCEIRAS,8541,51a3a5788818241eca084f9ed031e9df20811defeb131e56fac4b3b1039a1f17
TR-08542,2025-01-21,2025-01-01,PES,FORN-00044,DESPESA,5939.070596355798,5939.070596355798,BRL,Campanha institucional - PES,4,PIX,PAGO,58be6bc5-0a1f-4bd4-a840-78cae5cdb36e,2025-02-05,ERP_CORPORATIVO,TRANSACOES_FINANCEIRAS,8542,e0b68fc31bd59dcecbb0a9fb96c424781bdccc8097162fe8d1ba90bb27506245
TR-08543,2025-01-21,2025-01-01,CPT,FORN-00044,DESPESA,2674.6088542386897,2674.6088542386897,BRL,Combustível e lubrificantes para frota (CPT),16,PIX,PAGO,58be6bc5-0a1f-4bd4-a840-78cae5cdb36e,2025-02-05,ERP_CORPORATIVO,TRANSACOES_FINANCEIRAS,8543,0a2558d77133d33d8551b69688826f6608167170f21fa05c7ebcafee290ec741
TR-08544,2025-01-09,2025-01-01,COM,FORN-00044,DESPESA,2789.6601773949374,2789.6601773949374,BRL,Compra de insumos para setor COM,2,TED,ATRASADO,58be6bc5-0a1f-4bd4-a840-78cae5cdb36e,2025-02-05,ERP_CORPORATIVO,TRANSACOES_FINANCEIRAS,8544,231203eb64db53d9ce9e29b3b2850af465c2c7c7031bab84350e9aa1221533ee
TR-08545,2025-01-17,2025-01-01,COM,FORN-00044,DESPESA,2932.47243105748,2932.47243105748,BRL,Consultoria estratégica para área COM,12,CARTAO,ATRASADO,58be6bc5-0a1f-4bd4-a840-78cae5cdb36e,2025-02-05,ERP_CORPORATIVO,TRANSACOES_FINANCEIRAS,8545,45fb92351ac73b641c72116b095d5493e4a0cd14f0d075b1bf5ab1ce22a77e3a
TR-08546,2025-01-20,2025-01-01,PRD,FORN-00044,DESPESA,2592.594252127058,2476.861471393532,BRL,Passagem aérea para colaborador de PRD,18,TRANSFERENCIA,PAGO,58be6bc5-0a1f-4bd4-a840-78cae5cdb36e,2025-02-05,ERP_CORPORATIVO,TRANSACOES_FINANCEIRAS,8546,201a3d1a9c231e1a002c9e688e21c5f184aa2c77dc0d35944d49e1b9e32210cc
TR-08547,2025-01-16,2025-01-01,JUR,FORN-00044,RECEITA,2578.162922109603,2578.162922109603,BRL,Manutenção estrutural vinculada à área JUR,3,TRANSFERENCIA,PAGO,58be6bc5-0a1f-4bd4-a840-78cae5cdb36e,2025-02-05,ERP_CORPORATIVO,TRANSACOES_FINANCEIRAS,8547,b1c24f554f6228a71370c8d240e32dc4c639e9c973c94de879f39afa1a7a3d81
TR-08548,2025-01-13,2025-01-01,RH,FORN-00044,RECEITA,2985.305942099972,2920.4663665286457,BRL,Assessoria legal vinculada à área RH,7,CARTAO,PAGO,58be6bc5-0a1f-4bd4-a840-78cae5cdb36e,2025-02-05,ERP_CORPORATIVO,TRANSACOES_FINANCEIRAS,8548,6312920ca6f90960d559dcc84029dcf235fe37fe2c3867a5578213a242ec6151
TR-08549,2025-01-13,2025-01-01,COMP,FORN-00044,RECEITA,2844.426169894369,2844.426169894369,BRL,Reparo de frota vinculado à área COMP,17,CARTAO,ATRASADO,58be6bc5-0a1f-4bd4-a840-78cae5cdb36e,2025-02-05,ERP_CORPORATIVO,TRANSACOES_FINANCEIRAS,8549,8bf9bb632dc26ff32a3c150262736ea23d42d66bcc552d76abb69da14235ee9b
TR-08550,2025-01-27,2025-01-01,PRD,FORN-00044,DESPESA,2539.9526462804233,2539.9526462804233,BRL,Compra de insumos para setor PRD,2,TED,PAGO,58be6bc5-0a1f-4bd4-a840-78cae5cdb36e,2025-02-05,ERP_CORPORATIVO,TRANSACOES_FINANCEIRAS,8550,88418167e37c0dd30880778a6488f2f149cd236ac02bb121af85635bc7a1f6af
TR-08551,2025-01-22,2025-01-01,COM,FORN-00044,DESPESA,2578.762834291681,2578.762834291681,BRL,Campanha institucional - COM,4,PIX,PAGO,58be6bc5-0a1f-4bd4-a840-78cae5cdb36e,2025-02-05,ERP_CORPORATIVO,TRANSACOES_FINANCEIRAS,8551,72546b4f4426a28bd92fd6d6dbd49aa6d0d9fe43327e6262fe4fd315a006d3e3
TR-08552,2025-01-13,2025-01-01,MKT,FORN-00044,DESPESA,2710.3451633303353,2710.3451633303353,BRL,Comissão recebida por MKT,33,TRANSFERENCIA,PAGO,58be6bc5-0a1f-4bd4-a840-78cae5cdb36e,2025-02-05,ERP_CORPORATIVO,TRANSACOES_FINANCEIRAS,8552,21f2613900b32db8a7354901c7f8ec7c432c280f031e97466210c6c1b897c23e
TR-08553,2025-01-21,2025-01-01,MKT,FORN-00044,RECEITA,2777.3754758996765,2777.3754758996765,BRL,Evento corporativo organizado por MKT,14,BOLETO,PAGO,58be6bc5-0a1f-4bd4-a840-78cae5cdb36e,2025-02-05,ERP_CORPORATIVO,TRANSACOES_FINANCEIRAS,8553,868ac17c2a3a5eab83e71e113ded40185b4ba85242ff898fe636b054e247c858
TR-08847,2025-01-22,2025-01-01,COMP,FORN-00045,RECEITA,1613.883054760033,1613.883054760033,BRL,Compra de insumos para setor COMP,2,TED,PAGO,58be6bc5-0a1f-4bd4-a840-78cae5cdb36e,2025-02-05,ERP_CORPORATIVO,TRANSACOES_FINANCEIRAS,8847,23912f723fd13639ee5b4ea2ee90b657487174a3805ab2999618677cc5ec92de
TR-08848,2025-01-16,2025-01-01,OP,FORN-00045,DESPESA,1553.7229256271082,1553.7229256271082,BRL,Honorarium advocatício - OP,24,PIX,PAGO,58be6bc5-0a1f-4bd4-a840-78cae5cdb36e,2025-02-05,ERP_CORPORATIVO,TRANSACOES_FINANCEIRAS,8848,a187ac1addcc846e8fc8d390bee08ba15d61063a2cd43be40c387418b1bf7499
TR-08849,2025-01-14,2025-01-01,FIN,FORN-00045,RECEITA,421.7335478089653,421.7335478089653,BRL,Produção de material gráfico - FIN,15,PIX,PAGO,58be6bc5-0a1f-4bd4-a840-78cae5cdb36e,2025-02-05,ERP_CORPORATIVO,TRANSACOES_FINANCEIRAS,8849,91691171f40f05fe1240cb113c19eea91deb74cad3149046aa4ba42800ac3fce
TR-08850,2025-01-13,2025-01-01,ADM,FORN-00045,DESPESA,1782.937399815412,1782.937399815412,BRL,Seguro contratado pela área ADM,21,BOLETO,ATRASADO,58be6bc5-0a1f-4bd4-a840-78cae5cdb36e,2025-02-05,ERP_CORPORATIVO,TRANSACOES_FINANCEIRAS,8850,27817e294b9a8c336192913628e61948c61e827c16d811dd0eda5026764713bc
TR-08851,2025-01-16,2025-01-01,CPT,FORN-00045,RECEITA,1556.0800708028676,1556.0800708028676,BRL,Prestação de serviço para área CPT,1,PIX,CANCELADO,58be6bc5-0a1f-4bd4-a840-78cae5cdb36e,2025-02-05,ERP_CORPORATIVO,TRANSACOES_FINANCEIRAS,8851,7d64c70d29e89381cc09e031ad72ab7d6316c1053cd84ef0783a2f3b0878a55b
TR-08852,2025-01-27,2025-01-01,FIN,FORN-00045,RECEITA,1587.585388259654,1526.0958352790271,BRL,Renovação de certificados digitais - FIN,26,TRANSFERENCIA,PAGO,58be6bc5-0a1f-4bd4-a840-78cae5cdb36e,2025-02-05,ERP_CORPORATIVO,TRANSACOES_FINANCEIRAS,8852,eb54b5a142fbe1a963e3257fad58b8e64110ac5fbdbf8386c3ad3f826ea34cc8
TR-08853,2025-01-06,2025-01-01,RH,FORN-00045,RECEITA,1479.3174082026792,1479.3174082026792,BRL,Aquisição de material operacional - RH,2,PIX,PAGO,58be6bc5-0a1f-4bd4-a840-78cae5cdb36e,2025-02-05,ERP_CORPORATIVO,TRANSACOES_FINANCEIRAS,8853,dd4592a58d91e3148620ba9581d6dbb4e55fd2015b099b6af977fdc08d291485
TR-08854,2025-01-16,2025-01-01,JUR,FORN-00045,DESPESA,1582.7778572964971,1557.9123725822615,BRL,Custo operacional associado a JUR,8,TRANSFERENCIA,PAGO,58be6bc5-0a1f-4bd4-a840-78cae5cdb36e,2025-02-05,ERP_CORPORATIVO,TRANSACOES_FINANCEIRAS,8854,51283f28557810f493b4361aa4976e1ecace0d4decbe37e44d4d042d75e59f5f
TR-08855,2025-01-27,2025-01-01,COMP,FORN-00045,RECEITA,771.6890922618529,771.6890922618529,BRL,Desconto concedido em operação de COMP,38,PIX,PAGO,58be6bc5-0a1f-4bd4-a840-78cae5cdb36e,2025-02-05,ERP_CORPORATIVO,TRANSACOES_FINANCEIRAS,8855,b2d36e840fe01e7debd1e65f41553fac1fe89efc313baf43ecbe277049248af5
TR-09072,2025-01-09,2025-01-01,CPT,FORN-00046,RECEITA,5589.988472242511,5524.874493366589,BRL,Serviço técnico especializado para CPT,11,TED,PAGO,58be6bc5-0a1f-4bd4-a840-78cae5cdb36e,2025-02-05,ERP_CORPORATIVO,TRANSACOES_FINANCEIRAS,9072,4b239d7cd0182b39001962eec9acc20af7f2ee0f2de0ff9d60561a4f3009dc01
TR-09073,2025-01-08,2025-01-01,OP,FORN-00046,RECEITA,4706.199644629993,4706.199644629993,USD,Propaganda e divulgação para área OP,13,CARTAO,PAGO,58be6bc5-0a1f-4bd4-a840-78cae5cdb36e,2025-02-05,ERP_CORPORATIVO,TRANSACOES_FINANCEIRAS,9073,5e554c49c70f630113e66a525be80da5c38c72fc11ef7c2210cfea65cc30d1ba
TR-09074,2025-01-20,2025-01-01,SEC,FORN-00046,DESPESA,5249.493698202664,5033.889557034867,BRL,Compra de insumos para setor SEC,2,BOLETO,ATRASADO,58be6bc5-0a1f-4bd4-a840-78cae5cdb36e,2025-02-05,ERP_CORPORATIVO,TRANSACOES_FINANCEIRAS,9074,c104f7892f8bc9791a111e861c8cc5736fd3d32edbebed7f2b2917d545f5a126
TR-09075,2025-01-14,2025-01-01,ATD,FORN-00046,DESPESA,4979.404788873597,4979.404788873597,BRL,Aquisição de material operacional - ATD,2,TRANSFERENCIA,PAGO,58be6bc5-0a1f-4bd4-a840-78cae5cdb36e,2025-02-05,ERP_CORPORATIVO,TRANSACOES_FINANCEIRAS,9075,1710df2cd90f32eaa6d4feee30053291111acfb0294191361859041a5c7f0184
TR-09076,2025-01-23,2025-01-01,CPT,FORN-00046,DESPESA,12259.595035360531,12116.085671074281,BRL,Evento corporativo organizado por CPT,14,TED,ATRASADO,58be6bc5-0a1f-4bd4-a840-78cae5cdb36e,2025-02-05,ERP_CORPORATIVO,TRANSACOES_FINANCEIRAS,9076,5c9cbc12364ee83704afd8397e4efa1fd7448c500219c8646121177452911e0a
TR-09077,2025-01-15,2025-01-01,ADM,FORN-00046,DESPESA,5619.5049934785575,5619.5049934785575,BRL,Propaganda e divulgação para área ADM,13,PIX,CANCELADO,58be6bc5-0a1f-4bd4-a840-78cae5cdb36e,2025-02-05,ERP_CORPORATIVO,TRANSACOES_FINANCEIRAS,9077,f7b95557a1d266ee98174de35d1fcdfc26b766d711f4728ae58b00975fba81ac
TR-09280,2025-01-20,2025-01-01,JUR,1000047,RECEITA,1820.3165991915353,1820.3165991915353,BRL,Assessoria contábil prestada a JUR,25,PIX,PAGO,58be6bc5-0a1f-4bd4-a840-78cae5cdb36e,2025-02-05,ERP_CORPORATIVO,TRANSACOES_FINANCEIRAS,9280,7560a5d11b976f1dc9a142631a31165cbec6c6a79bbfa21c09e4bdace6ec79cf
TR-09281,2025-01-14,2025-01-01,RH,1000047,RECEITA,5352.194274562647,5322.284025675695,BRL,Comissão recebida por RH,33,BOLETO,PAGO,58be6bc5-0a1f-4bd4-a840-78cae5cdb36e,2025-02-05,ERP_CORPORATIVO,TRANSACOES_FINANCEIRAS,9281,bcc075b07297f7adfc098aa32f571fceabdaf6fae82e692414f152a8d44c49a1
TR-09282,2025-01-27,2025-01-01,COMP,1000047,DESPESA,1834.556080470041,1811.650956072878,BRL,Manutenção de equipamentos de COMP,28,TED,PAGO,58be6bc5-0a1f-4bd4-a840-78cae5cdb36e,2025-02-05,ERP_CORPORATIVO,TRANSACOES_FINANCEIRAS,9282,77f6e90c2a5f20609d6c62031b0ca9add7e7c60b2c41e00a868e13b2fbaaf11e
TR-09283,2025-01-06,2025-01-01,VND,1000047,DESPESA,1760.4338464880548,1689.0927332732401,BRL,Compra de insumos para setor VND,2,PIX,ATRASADO,58be6bc5-0a1f-4bd4-a840-78cae5cdb36e,2025-02-05,ERP_CORPORATIVO,TRANSACOES_FINANCEIRAS,9283,50556e33b1416fa7258c00a948f4d0a6bab4d6a1f88acafdae639dff1974b038
TR-09284,2025-01-06,2025-01-01,OP,1000047,DESPESA,1804.6604535970766,1804.6604535970766,BRL,Aquisição de material operacional - OP,2,CARTAO,PAGO,58be6bc5-0a1f-4bd4-a840-78cae5cdb36e,2025-02-05,ERP_CORPORATIVO,TRANSACOES_FINANCEIRAS,9284,53d3c223fb9b5653a462407a7258dd71b7442367d47d405a8b7092e94e736243
TR-09285,2025-01-03,2025-01-01,VND,1000047,RECEITA,1800.1536507448463,1800.1536507448463,BRL,Despesa de refeição em deslocamento (VND),20,CARTAO,PAGO,58be6bc5-0a1f-4bd4-a840-78cae5cdb36e,2025-02-05,ERP_CORPORATIVO,TRANSACOES_FINANCEIRAS,9285,6ae06ab9723a5406939ece7cd85a88373d8fcd87049b1e17528497f84b9dc360
TR-09286,2025-01-17,2025-01-01,ADM,1000047,DESPESA,2001.4384713008567,2001.4384713008567,BRL,Alienação de bem patrimonial - ADM,35,BOLETO,ATRASADO,58be6bc5-0a1f-4bd4-a840-78cae5cdb36e,2025-02-05,ERP_CORPORATIVO,TRANSACOES_FINANCEIRAS,9286,35a0cbfb1f2c39f2bfd5a2472221f442464c6d0f5861570f85a2aca810826a4c
TR-09287,2025-01-07,2025-01-01,RH,1000047,DESPESA,1537.637289822859,1468.896726611715,BRL,Alimentação em viagem corporativa - RH,20,PIX,PAGO,58be6bc5-0a1f-4bd4-a840-78cae5cdb36e,2025-02-05,ERP_CORPORATIVO,TRANSACOES_FINANCEIRAS,9287,1cf54aad292d99f878a0b01c625af9925bb34be62ea8e4c088ab20aa021a1b70
TR-09288,2025-01-22,2025-01-01,FIN,1000047,DESPESA,2952.648329986739,2952.648329986739,BRL,Contrato de SaaS vinculado a FIN,27,PIX,PAGO,58be6bc5-0a1f-4bd4-a840-78cae5cdb36e,2025-02-05,ERP_CORPORATIVO,TRANSACOES_FINANCEIRAS,9288,bc90d190a5bbd9774ca192f9b250ab4ad8e03be70d7d4ff376e5ccd16420ed8c
TR-09289,2025-01-16,2025-01-01,FIN,1000047,DESPESA,1759.7469868926728,1759.7469868926728,BRL,Serviço de tecnologia contratado por FIN,5,TRANSFERENCIA,PAGO,58be6bc5-0a1f-4bd4-a840-78cae5cdb36e,2025-02-05,ERP_CORPORATIVO,TRANSACOES_FINANCEIRAS,9289,f8892bc05231b6e9c32830357d4ef3d0a1a684a993a00ebbc2c7d58831c687b9
TR-09290,2025-01-09,2025-01-01,MKT,1000047,RECEITA,1618.7564087866197,1601.0308002395368,BRL,Abastecimento de veículos - MKT,16,PIX,PAGO,58be6bc5-0a1f-4bd4-a840-78cae5cdb36e,2025-02-05,ERP_CORPORATIVO,TRANSACOES_FINANCEIRAS,9290,4f987f90a8c939117ab5aacad0974cbe24e3f30514937f404c17a0d72e2e3ecf
TR-09291,2025-01-20,2025-01-01,QAS,1000047,DESPESA,1783.7971234310392,1783.7971234310392,BRL,Contrato de serviço - setor QAS,1,TED,PAGO,58be6bc5-0a1f-4bd4-a840-78cae5cdb36e,2025-02-05,ERP_CORPORATIVO,TRANSACOES_FINANCEIRAS,9291,8dd27fe3d0f0054da4b209f9522b4d1fa55abbc6535ff849f9b735ac69edcebe
TR-09292,2025-01-20,2025-01-01,RH,1000047,RECEITA,1562.5850856874945,1562.5850856874945,BRL,Desconto concedido em operação de RH,38,TED,PAGO,58be6bc5-0a1f-4bd4-a840-78cae5cdb36e,2025-02-05,ERP_CORPORATIVO,TRANSACOES_FINANCEIRAS,9292,12761ed2c78947b4019b445b30bfc91573a55cc28e0e120757b67d314bd47777
TR-09293,2025-01-27,2025-01-01,JUR,1000047,DESPESA,1587.434224577509,1546.7634039543589,BRL,Despesa de RH - JUR,6,TRANSFERENCIA,ATRASADO,58be6bc5-0a1f-4bd4-a840-78cae5cdb36e,2025-02-05,ERP_CORPORATIVO,TRANSACOES_FINANCEIRAS,9293,ef31301471a02b72b8540b0375e8e53ba7da6934cbc426dd2b6159ec170ffe4b
TR-09294,2025-01-08,2025-01-01,COM,1000047,DESPESA,2146.216748789115,2146.216748789115,BRL,Contrato de serviço - setor COM,1,BOLETO,PAGO,58be6bc5-0a1f-4bd4-a840-78cae5cdb36e,2025-02-05,ERP_CORPORATIVO,TRANSACOES_FINANCEIRAS,9294,33e8a444ac31e81bd8f769ffe90823a162546e7ae64582af67d0e43791b4978b
TR-09295,2025-01-13,2025-01-01,LOG,1000047,RECEITA,1706.9766750935767,1706.9766750935767,BRL,Diária de hotel para equipe LOG,19,PIX,PAGO,58be6bc5-0a1f-4bd4-a840-78cae5cdb36e,2025-02-05,ERP_CORPORATIVO,TRANSACOES_FINANCEIRAS,9295,16eec2a5449ae2751828af42f8a4289f7a557ca8098988d9fdfda32e253b82df
TR-09510,2025-01-16,2025-01-01,COMP,ACC-00049,RECEITA,7929.858082286297,7929.858082286297,BRL,Serviço especializado solicitado por COMP,1,TRANSFERENCIA,PAGO,58be6bc5-0a1f-4bd4-a840-78cae5cdb36e,2025-02-05,ERP_CORPORATIVO,TRANSACOES_FINANCEIRAS,9510,c698c9504683432604f5f7568c5b54185620d02258dee6b80dc3c7047ca181f7
TR-09511,2025-01-09,2025-01-01,LOG,ACC-00049,DESPESA,5882.227561643455,5819.910333650343,BRL,Assessoria contábil prestada a LOG,25,BOLETO,PAGO,58be6bc5-0a1f-4bd4-a840-78cae5cdb36e,2025-02-05,ERP_CORPORATIVO,TRANSACOES_FINANCEIRAS,9511,3edae943b2ef3844f6f9e3ea64c3d56e20dff48b8b83cde37557c0d2b94dde1f
TR-09512,2025-01-15,2025-01-01,ADM,ACC-00049,DESPESA,5714.857388835183,5595.569338672108,BRL,Tributo incidente sobre receita de ADM,40,PIX,PAGO,58be6bc5-0a1f-4bd4-a840-78cae5cdb36e,2025-02-05,ERP_CORPORATIVO,TRANSACOES_FINANCEIRAS,9512,1e36b32a4ed8b6a3156b9f6e21112716fea7559a77619c980dbc3e625abbac4d
TR-09513,2025-01-20,2025-01-01,PES,ACC-00049,DESPESA,19007.35385626963,19007.35385626963,BRL,Serviço técnico especializado para PES,11,CARTAO,PAGO,58be6bc5-0a1f-4bd4-a840-78cae5cdb36e,2025-02-05,ERP_CORPORATIVO,TRANSACOES_FINANCEIRAS,9513,87fe44553338fcf6df62182de72fe7c603589ae0f92f6e7b4878d367786b42df
TR-09514,2025-01-03,2025-01-01,TI,ACC-00049,DESPESA,26294.735883005727,26294.735883005727,BRL,Compra de insumos para setor TI,2,BOLETO,ATRASADO,58be6bc5-0a1f-4bd4-a840-78cae5cdb36e,2025-02-05,ERP_CORPORATIVO,TRANSACOES_FINANCEIRAS,9514,3ca4888a6300210234074ebdd66be52315ee14cf9ecb658a0d9f8ef3a4c47a02
TR-09515,2025-01-20,2025-01-01,ADM,ACC-00049,DESPESA,8082.145690487502,8082.145690487502,BRL,Capacitação profissional vinculada a ADM,30,PIX,ATRASADO,58be6bc5-0a1f-4bd4-a840-78cae5cdb36e,2025-02-05,ERP_CORPORATIVO,TRANSACOES_FINANCEIRAS,9515,f76da6d90ca796e8f743cb475d6bebe4ab6ac3354494ab9b510103c69662e6bc
TR-09521,2025-01-31,2025-01-01,TI,ACC-00049,DESPESA,6215.602363978082,6078.023609843543,BRL,Aquisição de material operacional - TI,2,TRANSFERENCIA,ATRASADO,58be6bc5-0a1f-4bd4-a840-78cae5cdb36e,2025-02-05,ERP_CORPORATIVO,TRANSACOES_FINANCEIRAS,9521,f4daf7d355e21b9e50b8fa7e99e34eeee9d3534bd20e7aee22287d5c921d1b77
TR-09702,2025-01-22,2025-01-01,OP,ACC-00050,RECEITA,6264.649267778268,6264.649267778268,BRL,Custo operacional associado a OP,8,BOLETO,PAGO,58be6bc5-0a1f-4bd4-a840-78cae5cdb36e,2025-02-05,ERP_CORPORATIVO,TRANSACOES_FINANCEIRAS,9702,7b5095ee746d3ab8bb00c53a89ce7f42365ab7493ace306979bac20d7df54fef
TR-09703,2025-01-13,2025-01-01,PES,ACC-00050,RECEITA,6494.398741346069,6494.398741346069,BRL,Venda de ativo imobilizado por PES,35,CARTAO,PAGO,58be6bc5-0a1f-4bd4-a840-78cae5cdb36e,2025-02-05,ERP_CORPORATIVO,TRANSACOES_FINANCEIRAS,9703,5ace4025e9a4a1f944a7396efe8eaf17a102e7f3ca94f74843eb54710d677aba
TR-09704,2025-01-24,2025-01-01,OP,ACC-00050,DESPESA,5459.212395738586,5459.212395738586,BRL,Manutenção predial solicitada por OP,10,CARTAO,PAGO,58be6bc5-0a1f-4bd4-a840-78cae5cdb36e,2025-02-05,ERP_CORPORATIVO,TRANSACOES_FINANCEIRAS,9704,46e7b227a696dfd9eec9dda91ce1ac4379c8d763f974d77a1b0529123036fa2a
TR-09705,2025-01-20,2025-01-01,SEC,ACC-00050,RECEITA,5204.68710648833,5204.68710648833,BRL,Investimento em marketing corporativo (SEC),4,PIX,PAGO,58be6bc5-0a1f-4bd4-a840-78cae5cdb36e,2025-02-05,ERP_CORPORATIVO,TRANSACOES_FINANCEIRAS,9705,3e8b7d0a74f9e43d5e87167b666250ca8c0293d7d2804ae2618fbcb29ace9cf4
TR-09706,2025-01-27,2025-01-01,CTB,ACC-00050,RECEITA,6552.251318341861,6298.470149067266,BRL,Combustível e lubrificantes para frota (CTB),16,TED,PAGO,58be6bc5-0a1f-4bd4-a840-78cae5cdb36e,2025-02-05,ERP_CORPORATIVO,TRANSACOES_FINANCEIRAS,9706,01d7ee244a717a5747759de3f033653202b44ccff8cd1b64584e609191c3459b
TR-09707,2025-01-21,2025-01-01,COMP,ACC-00050,DESPESA,6477.886901005881,6477.886901005881,BRL,Recebimento de subvenção - COMP,36,PIX,PAGO,58be6bc5-0a1f-4bd4-a840-78cae5cdb36e,2025-02-05,ERP_CORPORATIVO,TRANSACOES_FINANCEIRAS,9707,27f51dea5d9e59ca10ce09e393c3d3822a109ec7112274d9f7e24655e4807dd6
TR-09778,2025-01-27,2025-01-01,ADM,1000050,DESPESA,2878.894219569066,2878.894219569066,BRL,Reparo e conservação de instalações - ADM,10,TRANSFERENCIA,PAGO,58be6bc5-0a1f-4bd4-a840-78cae5cdb36e,2025-02-05,ERP_CORPORATIVO,TRANSACOES_FINANCEIRAS,9778,25c1f0ede0c9bfb57de5edc6144079f7d72b8384995d24628ad14a9c9f5d6cb0
TR-09779,2025-01-22,2025-01-01,FIN,1000050,DESPESA,2752.2337099875176,2752.2337099875176,USD,Licenciamento de software - FIN,5,PIX,PAGO,58be6bc5-0a1f-4bd4-a840-78cae5cdb36e,2025-02-05,ERP_CORPORATIVO,TRANSACOES_FINANCEIRAS,9779,44ea57b753035aff3481865bf30da9320a8f83ccc757e97b5cbd86f66c56f47d
TR-09780,2025-01-20,2025-01-01,LOG,1000050,DESPESA,2979.3103181269867,2979.3103181269867,BRL,Hospedagem em viagem a serviço de LOG,19,PIX,PAGO,58be6bc5-0a1f-4bd4-a840-78cae5cdb36e,2025-02-05,ERP_CORPORATIVO,TRANSACOES_FINANCEIRAS,9780,0609a52403ac3e18ccc50414b5457c99a83ad4b331ea45c60149176985e45adb
TR-09781,2025-01-06,2025-01-01,QAS,1000050,RECEITA,3094.0727354604833,3094.0727354604833,BRL,Despesa de infraestrutura - QAS,3,PIX,ATRASADO,58be6bc5-0a1f-4bd4-a840-78cae5cdb36e,2025-02-05,ERP_CORPORATIVO,TRANSACOES_FINANCEIRAS,9781,38c569aab0a0f08c2d096afe6b0578058a9f70adb12d85991d42e182af2e0708
TR-09782,2025-01-15,2025-01-01,LOG,1000050,DESPESA,3435.6275091859566,3340.5038424435033,BRL,Despesa de RH - LOG,6,TED,PAGO,58be6bc5-0a1f-4bd4-a840-78cae5cdb36e,2025-02-05,ERP_CORPORATIVO,TRANSACOES_FINANCEIRAS,9782,5dc1b3016fedad67f7f6db1c0f4e54779645d8513c05b4ad523bb534e5483a3f
TR-09783,2025-01-17,2025-01-01,FIN,1000050,DESPESA,2523.3371048350696,2523.3371048350696,BRL,Participação nos resultados vinculada a FIN,34,TED,PAGO,58be6bc5-0a1f-4bd4-a840-78cae5cdb36e,2025-02-05,ERP_CORPORATIVO,TRANSACOES_FINANCEIRAS,9783,3ec70aa44c49ce52dcfff7311c4a767027fef0dd376aa15dfdc1f21d26adc994
TR-09784,2025-01-06,2025-01-01,LOG,1000050,DESPESA,3325.475692773561,3325.475692773561,BRL,Honorários jurídicos - LOG,7,TRANSFERENCIA,PAGO,58be6bc5-0a1f-4bd4-a840-78cae5cdb36e,2025-02-05,ERP_CORPORATIVO,TRANSACOES_FINANCEIRAS,9784,3458f9b700dd1686c6a18e674e14b110ae8b0993470c6d5bb0539e88a2061458
TR-09785,2025-01-24,2025-01-01,COMP,1000050,DESPESA,2383.4450754400286,2383.4450754400286,BRL,Evento corporativo organizado por COMP,14,PIX,PAGO,58be6bc5-0a1f-4bd4-a840-78cae5cdb36e,2025-02-05,ERP_CORPORATIVO,TRANSACOES_FINANCEIRAS,9785,e768bc21cb7fc16e32b78d1b6d77390b8ef151f7fc1ea45e3c387f97e7323958
TR-09786,2025-01-10,2025-01-01,MKT,1000050,RECEITA,3208.841836356949,3208.841836356949,BRL,Serviço de tecnologia contratado por MKT,5,CARTAO,PAGO,58be6bc5-0a1f-4bd4-a840-78cae5cdb36e,2025-02-05,ERP_CORPORATIVO,TRANSACOES_FINANCEIRAS,9786,9382fc1fdb00ee38e67b6ad6ee12f43f332999f52ef0a96d265dbec4d4e6bc02
TR-09787,2025-01-01,2025-01-01,COM,1000050,DESPESA,3292.3764984143486,3292.3764984143486,BRL,Honorários jurídicos - COM,7,PIX,PAGO,58be6bc5-0a1f-4bd4-a840-78cae5cdb36e,2025-02-05,ERP_CORPORATIVO,TRANSACOES_FINANCEIRAS,9787,6c869094a57a54b91c03499314fe38cc7ba547f6fe130b8849b27ad12e1fc31a
TR-09788,2025-01-14,2025-01-01,ATD,1000050,RECEITA,3309.4711899627205,3194.6810680775375,BRL,Custo operacional associado a ATD,8,TED,ATRASADO,58be6bc5-0a1f-4bd4-a840-78cae5cdb36e,2025-02-05,ERP_CORPORATIVO,TRANSACOES_FINANCEIRAS,9788,add2176748ba19b93dd611099fb841a7e863cba526fbeb30f8d4981c962cdc92
TR-09789,2025-01-07,2025-01-01,LOG,1000050,RECEITA,3102.366640067742,3102.366640067742,BRL,Prestação de serviço para área LOG,1,TED,ATRASADO,58be6bc5-0a1f-4bd4-a840-78cae5cdb36e,2025-02-05,ERP_CORPORATIVO,TRANSACOES_FINANCEIRAS,9789,d89180f5d4fcab922e46acedc98b30e04092c5523df231b038fcc29e555d275e
TR-09790,2025-01-20,2025-01-01,COM,1000050,DESPESA,2634.704859613584,2634.704859613584,BRL,Doação recebida em favor de COM,36,PIX,CANCELADO,58be6bc5-0a1f-4bd4-a840-78cae5cdb36e,2025-02-05,ERP_CORPORATIVO,TRANSACOES_FINANCEIRAS,9790,3b9ce5226f1244ed0e14bc675cc4e088fbd426b7d95128fef06fd5c475d7fcd0
TR-09791,2025-01-22,2025-01-01,PJT,1000050,RECEITA,3158.1594283605236,3090.9402238544753,BRL,Devolução de venda processada por PJT,39,PIX,CANCELADO,58be6bc5-0a1f-4bd4-a840-78cae5cdb36e,2025-02-05,ERP_CORPORATIVO,TRANSACOES_FINANCEIRAS,9791,7f909473dff467b784693b9e4005c5c61544ae0a9a05bf01deb2f618890925c5
TR-09792,2025-01-14,2025-01-01,OP,1000050,DESPESA,2634.0717456234665,2634.0717456234665,BRL,Aquisição de material operacional - OP,2,TRANSFERENCIA,ATRASADO,58be6bc5-0a1f-4bd4-a840-78cae5cdb36e,2025-02-05,ERP_CORPORATIVO,TRANSACOES_FINANCEIRAS,9792,f21b18ba686c53df2040312d2e4e32a0b23ba850f6476050f4328b97891c50dc
TR-09793,2025-01-27,2025-01-01,VND,1000050,RECEITA,2668.220238708223,2668.220238708223,BRL,Passagem aérea para colaborador de VND,18,BOLETO,PAGO,58be6bc5-0a1f-4bd4-a840-78cae5cdb36e,2025-02-05,ERP_CORPORATIVO,TRANSACOES_FINANCEIRAS,9793,2888694194b26080469dada3199ac461a2f735e10d799b011829868b20292429
TR-10121,2025-01-13,2025-01-01,FIN,1000052,DESPESA,2582.200113953899,2498.2119809421315,BRL,Serviço técnico especializado para FIN,11,TRANSFERENCIA,PAGO,58be6bc5-0a1f-4bd4-a840-78cae5cdb36e,2025-02-05,ERP_CORPORATIVO,TRANSACOES_FINANCEIRAS,10121,062f7e420c694a51774aca899d5c04e97adc5ebf504b375f6251e71bafd0fe28
TR-10122,2025-01-06,2025-01-01,MKT,1000052,RECEITA,2060.9324698028995,2001.172762254898,BRL,Manutenção de equipamentos de MKT,28,PIX,PAGO,58be6bc5-0a1f-4bd4-a840-78cae5cdb36e,2025-02-05,ERP_CORPORATIVO,TRANSACOES_FINANCEIRAS,10122,4dde2a7935e87ae2cac9eeeb2dc03999978dba0e1cd18cb642cd8c63184116aa
TR-10123,2025-01-20,2025-01-01,CPT,1000052,RECEITA,2545.6757039755034,2421.362291374254,BRL,Compra de insumos para setor CPT,2,BOLETO,CANCELADO,58be6bc5-0a1f-4bd4-a840-78cae5cdb36e,2025-02-05,ERP_CORPORATIVO,TRANSACOES_FINANCEIRAS,10123,435841aecd3fe098d7beec5b637a47b02939233c565830bbf3fa0abfdebd3529
TR-10124,2025-01-15,2025-01-01,COM,1000052,DESPESA,2398.493736811968,2398.493736811968,BRL,Assessoria contábil prestada a COM,25,BOLETO,PAGO,58be6bc5-0a1f-4bd4-a840-78cae5cdb36e,2025-02-05,ERP_CORPORATIVO,TRANSACOES_FINANCEIRAS,10124,6356d44664d0253ee8b202aa9128746f41a55b4d821cfbdc93ffcf70607e174e
TR-10125,2025-01-06,2025-01-01,COMP,1000052,DESPESA,2548.848549245864,2548.848549245864,BRL,Licença de software para área COMP,27,TRANSFERENCIA,PAGO,58be6bc5-0a1f-4bd4-a840-78cae5cdb36e,2025-02-05,ERP_CORPORATIVO,TRANSACOES_FINANCEIRAS,10125,de17ece462c2e2be29117083a77bd0ae2d762b9556b6e6ba899ed455a9075248
TR-10126,2025-01-01,2025-01-01,FIN,1000052,DESPESA,2910.4767797564587,2910.4767797564587,BRL,Imposto sobre venda apurado em FIN,40,PIX,PAGO,58be6bc5-0a1f-4bd4-a840-78cae5cdb36e,2025-02-05,ERP_CORPORATIVO,TRANSACOES_FINANCEIRAS,10126,1f44f61bdd8bdca07b0c738e34c8a3081b4337176c623e01e127afe4aab8fa76
TR-10127,2025-01-03,2025-01-01,CTB,1000052,DESPESA,2656.848248873662,2656.848248873662,BRL,Serviço de tecnologia contratado por CTB,5,BOLETO,PAGO,58be6bc5-0a1f-4bd4-a840-78cae5cdb36e,2025-02-05,ERP_CORPORATIVO,TRANSACOES_FINANCEIRAS,10127,7218bc9a7081a9ee21fc71c982257101632871194d7198be038f939fc6866e5f
TR-10128,2025-01-13,2025-01-01,RH,1000052,RECEITA,2420.7338878102605,2420.7338878102605,BRL,Propaganda e divulgação para área RH,13,PIX,ATRASADO,58be6bc5-0a1f-4bd4-a840-78cae5cdb36e,2025-02-05,ERP_CORPORATIVO,TRANSACOES_FINANCEIRAS,10128,100f3100e8f90d3e016bf85116e74fd8288fe51a253282361cd9c61b9ee545c3
TR-10129,2025-01-24,2025-01-01,JUR,1000052,DESPESA,2153.20135744284,2153.20135744284,BRL,Alimentação em viagem corporativa - JUR,20,PIX,PAGO,58be6bc5-0a1f-4bd4-a840-78cae5cdb36e,2025-02-05,ERP_CORPORATIVO,TRANSACOES_FINANCEIRAS,10129,f2df095218d2a43042fd271f186035e5802db34d4f02b9d8fe8dfa4e7d78b3e5
TR-10130,2025-01-13,2025-01-01,TI,1000052,RECEITA,2701.8078664829286,2701.8078664829286,BRL,Reparo de hardware solicitado por TI,28,TED,ATRASADO,58be6bc5-0a1f-4bd4-a840-78cae5cdb36e,2025-02-05,ERP_CORPORATIVO,TRANSACOES_FINANCEIRAS,10130,6c718f1168db0d18d6723393b91e2a0b67f856adb523b1e6aa4701ec74198e62
TR-10131,2025-01-07,2025-01-01,COMP,1000052,DESPESA,2605.479336056625,2526.3555984308687,USD,Serviço especializado solicitado por COMP,1,TRANSFERENCIA,PAGO,58be6bc5-0a1f-4bd4-a840-78cae5cdb36e,2025-02-05,ERP_CORPORATIVO,TRANSACOES_FINANCEIRAS,10131,d465c7797448bb660e32c18b05a6a1bc1e2c5303789418ff10db88ff09729641
TR-10461,2025-01-13,2025-01-01,OP,FORN-00054,DESPESA,2102.4715447501235,2102.4715447501235,BRL,Serviço especializado solicitado por OP,1,TRANSFERENCIA,PAGO,58be6bc5-0a1f-4bd4-a840-78cae5cdb36e,2025-02-05,ERP_CORPORATIVO,TRANSACOES_FINANCEIRAS,10461,34d1b7a5ff8e9d68883ff94683690d10123f1f96abca2fd3ad4b8286ce83c306
TR-10462,2025-01-13,2025-01-01,PRD,FORN-00054,RECEITA,2235.287921833104,2130.5249934147814,BRL,Despesa operacional - PRD,8,BOLETO,CANCELADO,58be6bc5-0a1f-4bd4-a840-78cae5cdb36e,2025-02-05,ERP_CORPORATIVO,TRANSACOES_FINANCEIRAS,10462,4f06ff5562c56dee441174544095ffae76779ad9b551e626989ef87962cd018a
TR-10463,2025-01-14,2025-01-01,ATD,FORN-00054,RECEITA,2072.4264079760324,2072.4264079760324,BRL,Honorários jurídicos - ATD,7,TRANSFERENCIA,PAGO,58be6bc5-0a1f-4bd4-a840-78cae5cdb36e,2025-02-05,ERP_CORPORATIVO,TRANSACOES_FINANCEIRAS,10463,ec916ea6e5c484bdf654e308c5d3e390b7d66df09308bf858fa44a5311b897e1
TR-10464,2025-01-21,2025-01-01,QAS,FORN-00054,DESPESA,2111.18099663432,2111.18099663432,BRL,Imposto sobre venda apurado em QAS,40,BOLETO,PAGO,58be6bc5-0a1f-4bd4-a840-78cae5cdb36e,2025-02-05,ERP_CORPORATIVO,TRANSACOES_FINANCEIRAS,10464,f68d15e1195e00f7e4960db6308a12e47ff223474e01f2d2bf9b9ab6741b162c
TR-10465,2025-01-20,2025-01-01,ADM,FORN-00054,RECEITA,2189.9398110457746,2097.3388405447295,BRL,Contrato de serviço - setor ADM,1,TED,PAGO,58be6bc5-0a1f-4bd4-a840-78cae5cdb36e,2025-02-05,ERP_CORPORATIVO,TRANSACOES_FINANCEIRAS,10465,95b9b07d5857cebec2562e5391aeb894fbcfc829d7a718bb23c0e436be6775d0
TR-10466,2025-01-14,2025-01-01,QAS,FORN-00054,DESPESA,2377.217479951583,2377.217479951583,BRL,Licenciamento de software - QAS,5,TRANSFERENCIA,PAGO,58be6bc5-0a1f-4bd4-a840-78cae5cdb36e,2025-02-05,ERP_CORPORATIVO,TRANSACOES_FINANCEIRAS,10466,b9854383b993bd5a64fa6063a1d9f58f36553c508b0c22808250a5f456dad05c
TR-10467,2025-01-20,2025-01-01,RH,FORN-00054,RECEITA,2250.996063811261,2250.996063811261,BRL,Compra de insumos para setor RH,2,CARTAO,PAGO,58be6bc5-0a1f-4bd4-a840-78cae5cdb36e,2025-02-05,ERP_CORPORATIVO,TRANSACOES_FINANCEIRAS,10467,b9cd5a4774fbe95d260c9381aab14ff3354e095328c253502ab0171b1595119e
TR-10468,2025-01-20,2025-01-01,OP,FORN-00054,RECEITA,2911.2463725917105,2911.2463725917105,BRL,Despesa operacional - OP,8,TED,PAGO,58be6bc5-0a1f-4bd4-a840-78cae5cdb36e,2025-02-05,ERP_CORPORATIVO,TRANSACOES_FINANCEIRAS,10468,6e25cdc0611eb40f23b274d5d02926c506f265bfd1330cbb67b79acb28e28dac
TR-10469,2025-01-01,2025-01-01,FIN,FORN-00054,DESPESA,1965.2169017771466,1965.2169017771466,USD,Receita de comissão comercial - FIN,33,TED,PAGO,58be6bc5-0a1f-4bd4-a840-78cae5cdb36e,2025-02-05,ERP_CORPORATIVO,TRANSACOES_FINANCEIRAS,10469,1f9c1bdf743e32c3e66698186a185dc34885ea7af50ee983cd64e9592dbe58ae
TR-10470,2025-01-15,2025-01-01,TI,FORN-00054,DESPESA,2443.0820113482687,2443.0820113482687,BRL,Treinamento corporativo para equipe TI,30,TED,PAGO,58be6bc5-0a1f-4bd4-a840-78cae5cdb36e,2025-02-05,ERP_CORPORATIVO,TRANSACOES_FINANCEIRAS,10470,7e8c140b860b8d717970d061cee2215ab2e108b74c5b0fe924a6e4d3d9e7f479
TR-10471,2025-01-06,2025-01-01,COM,FORN-00054,RECEITA,2212.8555616788544,2212.8555616788544,BRL,Serviço relacionado a recursos humanos (COM),6,PIX,ATRASADO,58be6bc5-0a1f-4bd4-a840-78cae5cdb36e,2025-02-05,ERP_CORPORATIVO,TRANSACOES_FINANCEIRAS,10471,9306c22be5967961102e829495a892b44f2d8cbbd26cf906085d356ef4f3c359
TR-10472,2025-01-10,2025-01-01,CTB,FORN-00054,RECEITA,1939.9640573604752,1939.9640573604752,BRL,Custo operacional associado a CTB,8,TRANSFERENCIA,CANCELADO,58be6bc5-0a1f-4bd4-a840-78cae5cdb36e,2025-02-05,ERP_CORPORATIVO,TRANSACOES_FINANCEIRAS,10472,ca1e8a3951ca594a658bdddebd738a0733df4eed0b0248f2cf90b12d473be247
TR-10473,2025-01-22,2025-01-01,PES,FORN-00054,DESPESA,2147.3879177445347,2147.3879177445347,BRL,Despesa de refeição em deslocamento (PES),20,BOLETO,PAGO,58be6bc5-0a1f-4bd4-a840-78cae5cdb36e,2025-02-05,ERP_CORPORATIVO,TRANSACOES_FINANCEIRAS,10473,37857d637f6765953caa87fc1c94c8b375ea51452e799863da9cdaf84783524f
TR-10474,2025-01-20,2025-01-01,TI,FORN-00054,RECEITA,1916.9673225685017,1838.8817955010218,BRL,Contrato de SaaS vinculado a TI,27,TRANSFERENCIA,ATRASADO,58be6bc5-0a1f-4bd4-a840-78cae5cdb36e,2025-02-05,ERP_CORPORATIVO,TRANSACOES_FINANCEIRAS,10474,3c9ba436f4efd2853adcaa8931f055cd417e4e101be19ffd49edab90c0766931
TR-10475,2025-01-15,2025-01-01,PJT,FORN-00054,RECEITA,2248.7093403667373,2248.7093403667373,BRL,Apólice de seguro - PJT,21,PIX,PAGO,58be6bc5-0a1f-4bd4-a840-78cae5cdb36e,2025-02-05,ERP_CORPORATIVO,TRANSACOES_FINANCEIRAS,10475,da452cd252c76aa65193dbb2f92fa4ce5f604f748d5a47f4418ba53147381071
TR-10476,2025-01-14,2025-01-01,COMP,FORN-00054,DESPESA,2163.2092679173998,2163.2092679173998,BRL,Despesa operacional - COMP,8,PIX,PAGO,58be6bc5-0a1f-4bd4-a840-78cae5cdb36e,2025-02-05,ERP_CORPORATIVO,TRANSACOES_FINANCEIRAS,10476,d1d49745596115e3249283bb4537914a160559d3aee2b4cfd1ff2c370bccffe6
TR-10477,2025-01-13,2025-01-01,LOG,FORN-00054,DESPESA,2082.5151778829904,2082.5151778829904,EUR,Manutenção de equipamentos de LOG,28,CARTAO,PAGO,58be6bc5-0a1f-4bd4-a840-78cae5cdb36e,2025-02-05,ERP_CORPORATIVO,TRANSACOES_FINANCEIRAS,10477,2693cbad129cbbf245199af0c1fe7bcd25f3380b0d8422c3871d46e8393f983d
TR-10478,2025-01-14,2025-01-01,OP,FORN-00054,DESPESA,2005.8728099134812,2005.8728099134812,BRL,Licenciamento de software - OP,5,PIX,PAGO,58be6bc5-0a1f-4bd4-a840-78cae5cdb36e,2025-02-05,ERP_CORPORATIVO,TRANSACOES_FINANCEIRAS,10478,83ffd2e88ca461e6fbe86dc110e6da1c2c7b6fef12be41ba245b966bfc94fad4
TR-10479,2025-01-08,2025-01-01,CTB,FORN-00054,RECEITA,2468.8736703413065,2468.8736703413065,BRL,Serviço de telefonia e internet - CTB,9,TED,ATRASADO,58be6bc5-0a1f-4bd4-a840-78cae5cdb36e,2025-02-05,ERP_CORPORATIVO,TRANSACOES_FINANCEIRAS,10479,2c287ba78f8e066170bb80cd65d19bf379f8d379fb0d4e11a42ca4c334d088f2
TR-10480,2025-01-16,2025-01-01,RH,FORN-00054,RECEITA,2194.867207852295,2145.7998357578367,USD,Abastecimento de veículos - RH,16,TED,PAGO,58be6bc5-0a1f-4bd4-a840-78cae5cdb36e,2025-02-05,ERP_CORPORATIVO,TRANSACOES_FINANCEIRAS,10480,771374affe539a4fa0a8e0eefee130ffb0df96aacbc560ecc6b856d773f473a1
TR-10673,2025-01-28,2025-01-01,PRD,ACC-00055,DESPESA,1552.7722367936951,1552.7722367936951,BRL,Compra de insumos para setor PRD,2,PIX,PAGO,58be6bc5-0a1f-4bd4-a840-78cae5cdb36e,2025-02-05,ERP_CORPORATIVO,TRANSACOES_FINANCEIRAS,10673,2be48e7dc7e7ebacb2187b43c97724a2f27cfaea8d5907fb58e93192d0a9f2f2
TR-10674,2025-01-16,2025-01-01,COM,ACC-00055,DESPESA,3825.833474294984,3825.833474294984,BRL,Investimento em marketing corporativo (COM),4,PIX,PAGO,58be6bc5-0a1f-4bd4-a840-78cae5cdb36e,2025-02-05,ERP_CORPORATIVO,TRANSACOES_FINANCEIRAS,10674,76ade8005d9eb29012985a6b36c7b3f869801878afe03c5f8e06b97c5137d8db
TR-10675,2025-01-20,2025-01-01,MKT,ACC-00055,RECEITA,1360.7747789629382,1360.7747789629382,BRL,Custo operacional associado a MKT,8,BOLETO,PAGO,58be6bc5-0a1f-4bd4-a840-78cae5cdb36e,2025-02-05,ERP_CORPORATIVO,TRANSACOES_FINANCEIRAS,10675,845053267de20572d09451645a438393826674ec6214f693b5a2a7eea5cdd13c
TR-10676,2025-01-23,2025-01-01,COM,ACC-00055,DESPESA,1327.922075138661,1327.922075138661,BRL,Custo operacional associado a COM,8,PIX,CANCELADO,58be6bc5-0a1f-4bd4-a840-78cae5cdb36e,2025-02-05,ERP_CORPORATIVO,TRANSACOES_FINANCEIRAS,10676,b8d1abe69ee25563d7df08da11fdc91b9f1d980d5bb28fb7612b6deeb0412744
TR-10677,2025-01-13,2025-01-01,MKT,ACC-00055,DESPESA,1769.0100335129337,1733.328742191831,BRL,Contrato de serviço - setor MKT,1,TED,PAGO,58be6bc5-0a1f-4bd4-a840-78cae5cdb36e,2025-02-05,ERP_CORPORATIVO,TRANSACOES_FINANCEIRAS,10677,764260be493f8a054727833a9522a6fb9a09ffd7e342ae26d70d550ba2338352
TR-10678,2025-01-06,2025-01-01,VND,ACC-00055,RECEITA,1168.6085887093182,1168.6085887093182,USD,Serviço relacionado a recursos humanos (VND),6,PIX,PAGO,58be6bc5-0a1f-4bd4-a840-78cae5cdb36e,2025-02-05,ERP_CORPORATIVO,TRANSACOES_FINANCEIRAS,10678,4e7d93f67083b72050aff5e57bb2423ceae399ac8318bee597ea5151139b0289
TR-10679,2025-01-28,2025-01-01,ESG,ACC-00055,RECEITA,1476.5790554310304,1476.5790554310304,BRL,Receita eventual registrada em ESG,37,CARTAO,PAGO,58be6bc5-0a1f-4bd4-a840-78cae5cdb36e,2025-02-05,ERP_CORPORATIVO,TRANSACOES_FINANCEIRAS,10679,721f69d949e3b6a687b30f937d91e784d334623694fa97d00d4f4cabd5dda6d4
TR-10680,2025-01-13,2025-01-01,FIN,ACC-00055,DESPESA,1692.406101554462,1692.406101554462,BRL,Venda de ativo imobilizado por FIN,35,BOLETO,PAGO,58be6bc5-0a1f-4bd4-a840-78cae5cdb36e,2025-02-05,ERP_CORPORATIVO,TRANSACOES_FINANCEIRAS,10680,1e9ceb3985a27c6543861caadd49356d98ee0ad1fccb58cf2d5030622b6c3b7a
TR-10681,2025-01-20,2025-01-01,COMP,ACC-00055,DESPESA,1616.9193428444767,1556.222469950901,BRL,Receita eventual registrada em COMP,37,TED,CANCELADO,58be6bc5-0a1f-4bd4-a840-78cae5cdb36e,2025-02-05,ERP_CORPORATIVO,TRANSACOES_FINANCEIRAS,10681,f68a5bf9a115385e0076fc93216e44c836279043b465062398a36784aad7b238
TR-10682,2025-01-07,2025-01-01,ADM,ACC-00055,RECEITA,1191.0528313604686,1191.0528313604686,BRL,Contrato de serviço - setor ADM,1,PIX,PAGO,58be6bc5-0a1f-4bd4-a840-78cae5cdb36e,2025-02-05,ERP_CORPORATIVO,TRANSACOES_FINANCEIRAS,10682,2a50194fa9d2cde55006e8dbc3fb43b78db61272718afa14538c34e07c258692
TR-10683,2025-01-13,2025-01-01,OP,ACC-00055,RECEITA,1667.0012690106619,1667.0012690106619,BRL,Despesa operacional - OP,8,TRANSFERENCIA,PAGO,58be6bc5-0a1f-4bd4-a840-78cae5cdb36e,2025-02-05,ERP_CORPORATIVO,TRANSACOES_FINANCEIRAS,10683,da2ed92c800a811a55173587e091f1f66da7fab4fe61f43cddeddc3c9c90cbbd
TR-11011,2025-01-13,2025-01-01,COM,ACC-00056,RECEITA,6347.996589099778,6347.996589099778,BRL,Contrato de serviço - setor COM,1,PIX,PAGO,58be6bc5-0a1f-4bd4-a840-78cae5cdb36e,2025-02-05,ERP_CORPORATIVO,TRANSACOES_FINANCEIRAS,11011,e464853a0b7e12429a906f3cbd06bdad2bd5b5445b38da3f36af68f83cd34b31
TR-11012,2025-01-23,2025-01-01,JUR,ACC-00056,DESPESA,7791.965562639024,7412.295968279954,BRL,Custo operacional associado a JUR,8,TRANSFERENCIA,PAGO,58be6bc5-0a1f-4bd4-a840-78cae5cdb36e,2025-02-05,ERP_CORPORATIVO,TRANSACOES_FINANCEIRAS,11012,93b5fdcd8b3aa1efc3425605c19d4eb057c99db6264288a835cd215e0ace19d8
TR-11013,2025-01-13,2025-01-01,RH,ACC-00056,DESPESA,7792.220329153615,7672.458914252474,BRL,Passagem aérea para colaborador de RH,18,TRANSFERENCIA,PAGO,58be6bc5-0a1f-4bd4-a840-78cae5cdb36e,2025-02-05,ERP_CORPORATIVO,TRANSACOES_FINANCEIRAS,11013,40686077f5711b51298fe978a7f5712bd824cb674900dd4a43ef2037816c44ec
TR-11014,2025-01-23,2025-01-01,VND,ACC-00056,RECEITA,7131.962669711498,6992.386197096636,BRL,Serviço relacionado a recursos humanos (VND),6,BOLETO,ATRASADO,58be6bc5-0a1f-4bd4-a840-78cae5cdb36e,2025-02-05,ERP_CORPORATIVO,TRANSACOES_FINANCEIRAS,11014,0218a4fb66437110ec248a19965ac0059ecf73c13df73f0462a68ad005120cab
TR-11015,2025-01-10,2025-01-01,COMP,ACC-00056,DESPESA,6805.292034155483,6805.292034155483,BRL,Serviço especializado solicitado por COMP,1,BOLETO,PAGO,58be6bc5-0a1f-4bd4-a840-78cae5cdb36e,2025-02-05,ERP_CORPORATIVO,TRANSACOES_FINANCEIRAS,11015,77dcbc71f90b1e60a39401ad4632b81c27446a8ad5452aa794956768bcb77a7c
TR-11016,2025-01-15,2025-01-01,SEC,ACC-00056,DESPESA,8323.114156976619,8168.211556204729,BRL,Despesa operacional - SEC,8,TRANSFERENCIA,CANCELADO,58be6bc5-0a1f-4bd4-a840-78cae5cdb36e,2025-02-05,ERP_CORPORATIVO,TRANSACOES_FINANCEIRAS,11016,44b56c8d8016a354cd3ffec2a3c0c66812130758dcd571c506280e55babd7d9f
TR-11017,2025-01-16,2025-01-01,OP,ACC-00056,DESPESA,7770.548009550565,7770.548009550565,BRL,Licenciamento de software - OP,5,TED,PAGO,58be6bc5-0a1f-4bd4-a840-78cae5cdb36e,2025-02-05,ERP_CORPORATIVO,TRANSACOES_FINANCEIRAS,11017,3bbe2e80418b372a3e852fac73724713084e28afb8652dc2b47322eac8de35b0
TR-11018,2025-01-15,2025-01-01,COMP,ACC-00056,RECEITA,6442.960596533957,6442.960596533957,BRL,Honorários jurídicos - COMP,7,BOLETO,PAGO,58be6bc5-0a1f-4bd4-a840-78cae5cdb36e,2025-02-05,ERP_CORPORATIVO,TRANSACOES_FINANCEIRAS,11018,3d35a93b3aaa94362d95245d7d6c20e01fd5515994b4ae1b3c503dcb01d0adf9
TR-11019,2025-01-14,2025-01-01,COMP,ACC-00056,DESPESA,7507.576698747358,7507.576698747358,BRL,Atendimento de TI requisitado por COMP,29,TRANSFERENCIA,PAGO,58be6bc5-0a1f-4bd4-a840-78cae5cdb36e,2025-02-05,ERP_CORPORATIVO,TRANSACOES_FINANCEIRAS,11019,ebb9d6e38bcb20ba238a047440bd58681ca0844c9f5d1490df9464ee4c6d3957
TR-11020,2025-01-08,2025-01-01,JUR,ACC-00056,DESPESA,7468.9570104824215,7328.780011913954,BRL,Compra de insumos para setor JUR,2,TED,PAGO,58be6bc5-0a1f-4bd4-a840-78cae5cdb36e,2025-02-05,ERP_CORPORATIVO,TRANSACOES_FINANCEIRAS,11020,7be7a5638dafc93b7ff55252dcb38513fe3e7a9034fee0c3078769838db09227
TR-11021,2025-01-23,2025-01-01,TI,ACC-00056,RECEITA,7788.916868348398,7463.0843156390665,BRL,Contrato de conectividade para área TI,9,CARTAO,ATRASADO,58be6bc5-0a1f-4bd4-a840-78cae5cdb36e,2025-02-05,ERP_CORPORATIVO,TRANSACOES_FINANCEIRAS,11021,8713bec9c2f2cece875731064fbcab894d455f53eebe89ceffaf44f63b68c282
TR-11223,2025-01-16,2025-01-01,FIN,ACC-00057,DESPESA,1155.043612064091,1155.043612064091,USD,Hospedagem em viagem a serviço de FIN,19,PIX,PAGO,58be6bc5-0a1f-4bd4-a840-78cae5cdb36e,2025-02-05,ERP_CORPORATIVO,TRANSACOES_FINANCEIRAS,11223,d98cb696aa275b249a6193ec00c63e98df2d7c827b1ae24416414cb87e32fb2b
TR-11224,2025-01-20,2025-01-01,COMP,ACC-00057,DESPESA,1063.7624653378134,1063.7624653378134,BRL,Contrato de serviço - setor COMP,1,TRANSFERENCIA,ATRASADO,58be6bc5-0a1f-4bd4-a840-78cae5cdb36e,2025-02-05,ERP_CORPORATIVO,TRANSACOES_FINANCEIRAS,11224,2873541e725941bf852b9fcfac4e22c30c1e059ac78e648539333fda4cc845db
TR-11225,2025-01-15,2025-01-01,MKT,ACC-00057,RECEITA,1311.047623504489,1311.047623504489,BRL,Custo operacional associado a MKT,8,PIX,PAGO,58be6bc5-0a1f-4bd4-a840-78cae5cdb36e,2025-02-05,ERP_CORPORATIVO,TRANSACOES_FINANCEIRAS,11225,87156f699e1afc9d8dfcb52d5c7d98f90ff99d796ded0dc07e715673cf6e59aa
TR-11226,2025-01-14,2025-01-01,RH,ACC-00057,RECEITA,1172.1882424012686,1172.1882424012686,BRL,Devolução de venda processada por RH,39,PIX,ATRASADO,58be6bc5-0a1f-4bd4-a840-78cae5cdb36e,2025-02-05,ERP_CORPORATIVO,TRANSACOES_FINANCEIRAS,11226,ccd4e787b5969f2b603015d182b621c18bd331e45f36c54bec692dcb172a523a
TR-11227,2025-01-10,2025-01-01,QAS,ACC-00057,RECEITA,1171.1423548531006,1171.1423548531006,BRL,Promoção e atividade externa - QAS,14,BOLETO,PAGO,58be6bc5-0a1f-4bd4-a840-78cae5cdb36e,2025-02-05,ERP_CORPORATIVO,TRANSACOES_FINANCEIRAS,11227,562b3b2ccbd79a1cb212641dacca79c639c0e447e5bcd200ede2d7adfa0494c1
TR-11228,2025-01-15,2025-01-01,MKT,ACC-00057,DESPESA,1241.0220626360913,1241.0220626360913,BRL,Hospedagem em viagem a serviço de MKT,19,TRANSFERENCIA,PAGO,58be6bc5-0a1f-4bd4-a840-78cae5cdb36e,2025-02-05,ERP_CORPORATIVO,TRANSACOES_FINANCEIRAS,11228,588803f79ec8ff3904b08b5086414e0ea1a280540a8c1b281ebc1aef542df4d9
TR-11229,2025-01-24,2025-01-01,PJT,ACC-00057,RECEITA,1396.4199506753555,1396.4199506753555,BRL,Aquisição de material operacional - PJT,2,TED,PAGO,58be6bc5-0a1f-4bd4-a840-78cae5cdb36e,2025-02-05,ERP_CORPORATIVO,TRANSACOES_FINANCEIRAS,11229,c394092225031f21a341923ab6d66042934a95a22a9c0c3220b36f47a13f4726
TR-11230,2025-01-14,2025-01-01,COM,ACC-00057,DESPESA,1178.799858063437,1178.799858063437,BRL,Alimentação em viagem corporativa - COM,20,CARTAO,ATRASADO,58be6bc5-0a1f-4bd4-a840-78cae5cdb36e,2025-02-05,ERP_CORPORATIVO,TRANSACOES_FINANCEIRAS,11230,4a94970bc185340ed1124736a6c0c0192aed1a3e94824aaf4fb42b0dd50a15f3
TR-11231,2025-01-20,2025-01-01,PES,ACC-00057,DESPESA,1007.3249080362557,1007.3249080362557,BRL,Serviços contábeis externos - PES,25,BOLETO,PAGO,58be6bc5-0a1f-4bd4-a840-78cae5cdb36e,2025-02-05,ERP_CORPORATIVO,TRANSACOES_FINANCEIRAS,11231,483f29437adf2d9db72bd77cc712b9ec20f2f75de1ceca7f7210d74af2c109f2
TR-11232,2025-01-20,2025-01-01,OP,ACC-00057,DESPESA,1315.97891207968,1315.97891207968,BRL,Diária de hotel para equipe OP,19,TRANSFERENCIA,PAGO,58be6bc5-0a1f-4bd4-a840-78cae5cdb36e,2025-02-05,ERP_CORPORATIVO,TRANSACOES_FINANCEIRAS,11232,6c939f47e1437a7ae19dacf3796eee8b1adce9daecb2ad076079bde6aadb95be
TR-11233,2025-01-16,2025-01-01,COM,ACC-00057,RECEITA,1020.8706863472556,1020.8706863472556,BRL,Atendimento de TI requisitado por COM,29,BOLETO,PAGO,58be6bc5-0a1f-4bd4-a840-78cae5cdb36e,2025-02-05,ERP_CORPORATIVO,TRANSACOES_FINANCEIRAS,11233,94527e1070dc59d91c9521595dd07db6fb956f0ab899f85a16a1ec5745a3fed5
TR-11234,2025-01-13,2025-01-01,JUR,ACC-00057,DESPESA,1112.6486312107613,1112.6486312107613,USD,Direitos de propriedade intelectual - JUR,32,PIX,ATRASADO,58be6bc5-0a1f-4bd4-a840-78cae5cdb36e,2025-02-05,ERP_CORPORATIVO,TRANSACOES_FINANCEIRAS,11234,1194d2cf7e5ebd7fd8b7219e489eabf98b9faf095f4ec13cf594e8558a6b6dfc
TR-11235,2025-01-17,2025-01-01,MKT,ACC-00057,DESPESA,1317.3725354811568,1317.3725354811568,BRL,Compra de insumos para setor MKT,2,PIX,PAGO,58be6bc5-0a1f-4bd4-a840-78cae5cdb36e,2025-02-05,ERP_CORPORATIVO,TRANSACOES_FINANCEIRAS,11235,a482100c8d08346f3c9013f432314dc35dc68ce6000424d6a1c538882777ddc6
TR-11236,2025-01-15,2025-01-01,LOG,ACC-00057,DESPESA,1130.7317654505998,1130.7317654505998,BRL,Despesa de RH - LOG,6,TRANSFERENCIA,PAGO,58be6bc5-0a1f-4bd4-a840-78cae5cdb36e,2025-02-05,ERP_CORPORATIVO,TRANSACOES_FINANCEIRAS,11236,b4186128d539298908a494a2a86049fa828a5055c47d587d9dee10504a65d0e4
TR-11237,2025-01-22,2025-01-01,CPT,ACC-00057,RECEITA,1104.243256340459,1104.243256340459,BRL,Reparo de frota vinculado à área CPT,17,CARTAO,PAGO,58be6bc5-0a1f-4bd4-a840-78cae5cdb36e,2025-02-05,ERP_CORPORATIVO,TRANSACOES_FINANCEIRAS,11237,ce702940eb5ace97dbb70449d12ad0710c1d0c469b35f62ec5bcd5171ddbe7b7
TR-11238,2025-01-13,2025-01-01,OP,ACC-00057,DESPESA,1202.637961831675,1180.4674333205446,BRL,Serviço de telefonia e internet - OP,9,CARTAO,PAGO,58be6bc5-0a1f-4bd4-a840-78cae5cdb36e,2025-02-05,ERP_CORPORATIVO,TRANSACOES_FINANCEIRAS,11238,93a5d211c0ab71394e1d860915abc2a630b4f82108ecf96a73647030a2dc81cf
TR-11239,2025-01-09,2025-01-01,COMP,ACC-00057,RECEITA,1170.4120715518056,1115.331891988063,BRL,Contrato de serviço - setor COMP,1,PIX,PAGO,58be6bc5-0a1f-4bd4-a840-78cae5cdb36e,2025-02-05,ERP_CORPORATIVO,TRANSACOES_FINANCEIRAS,11239,0fec6648d4de1778dea267780d9d341b72c9e6633b6065d2bd8826c9ea2d5250
TR-11240,2025-01-10,2025-01-01,FIN,ACC-00057,RECEITA,1090.9501649245733,1090.9501649245733,BRL,Contrato de consultoria externa - FIN,12,PIX,PAGO,58be6bc5-0a1f-4bd4-a840-78cae5cdb36e,2025-02-05,ERP_CORPORATIVO,TRANSACOES_FINANCEIRAS,11240,359b9c7a5741983fdb6116e9d3a2012ac93c06006972be19eb289d6687d55ab8
TR-11241,2025-01-13,2025-01-01,MKT,ACC-00057,DESPESA,1276.5319523832513,1276.5319523832513,BRL,Alienação de bem patrimonial - MKT,35,CARTAO,PAGO,58be6bc5-0a1f-4bd4-a840-78cae5cdb36e,2025-02-05,ERP_CORPORATIVO,TRANSACOES_FINANCEIRAS,11241,0384e7c735bcdb61fc7b8a92f48ed148e29e706a96312d5311794e0d8a21b6ef
TR-11242,2025-01-17,2025-01-01,ESG,ACC-00057,DESPESA,1322.051706454751,1322.051706454751,BRL,Custo operacional associado a ESG,8,PIX,PAGO,58be6bc5-0a1f-4bd4-a840-78cae5cdb36e,2025-02-05,ERP_CORPORATIVO,TRANSACOES_FINANCEIRAS,11242,5a55e067338bd5aedaf06c9931c028e552658e0f69851f71114d05ab7de682b4
TR-11676,2025-01-08,2025-01-01,CTB,ACC-00059,DESPESA,1252.3208391793692,1252.3208391793692,BRL,Contrato de conectividade para área CTB,9,PIX,PAGO,58be6bc5-0a1f-4bd4-a840-78cae5cdb36e,2025-02-05,ERP_CORPORATIVO,TRANSACOES_FINANCEIRAS,11676,c64037e110d5ddf284d1dcba26db8ec601b35aa59940b800e2885850d670a9b0
TR-11677,2025-01-10,2025-01-01,PES,ACC-00059,DESPESA,1165.317115535276,1165.317115535276,BRL,Assessoria legal vinculada à área PES,7,TED,ATRASADO,58be6bc5-0a1f-4bd4-a840-78cae5cdb36e,2025-02-05,ERP_CORPORATIVO,TRANSACOES_FINANCEIRAS,11677,a4ee25d9245812139d5492eeef52c0e27d9ff86270a02b9760df9dcdb5843213
TR-11678,2025-01-13,2025-01-01,SEC,ACC-00059,RECEITA,1144.52585017356,1114.172906220706,BRL,Serviço de tecnologia contratado por SEC,5,TRANSFERENCIA,PAGO,58be6bc5-0a1f-4bd4-a840-78cae5cdb36e,2025-02-05,ERP_CORPORATIVO,TRANSACOES_FINANCEIRAS,11678,3ede23db30a69512a44c8d2bdb8a28f15cd74f42f6cc92e7ce4367bd901d53ef
TR-11679,2025-01-08,2025-01-01,COM,ACC-00059,RECEITA,1218.3105587682885,1218.3105587682885,BRL,Serviço especializado solicitado por COM,1,PIX,CANCELADO,58be6bc5-0a1f-4bd4-a840-78cae5cdb36e,2025-02-05,ERP_CORPORATIVO,TRANSACOES_FINANCEIRAS,11679,ad034b550818ca13341659f6d7b6fa94e592655e2c297a56ccdae9646b3480fd
TR-11680,2025-01-08,2025-01-01,QAS,ACC-00059,DESPESA,1242.9534655724758,1242.9534655724758,BRL,Investimento em marketing corporativo (QAS),4,PIX,PAGO,58be6bc5-0a1f-4bd4-a840-78cae5cdb36e,2025-02-05,ERP_CORPORATIVO,TRANSACOES_FINANCEIRAS,11680,65fe398fc08cf12428bc662cfaf15336ba51ecdef115b8115521c25655f93bf9
TR-11681,2025-01-07,2025-01-01,FIN,ACC-00059,RECEITA,1235.7611972261448,1235.7611972261448,BRL,Taxas bancárias incidentes em FIN,22,BOLETO,PAGO,58be6bc5-0a1f-4bd4-a840-78cae5cdb36e,2025-02-05,ERP_CORPORATIVO,TRANSACOES_FINANCEIRAS,11681,5241bedfb9c6ce439badc8ce8148ec75ee8ae0c46cd1dd8b778986bbe1e27b72
TR-11682,2025-01-09,2025-01-01,FIN,ACC-00059,RECEITA,1048.7223306735218,1048.7223306735218,BRL,Serviço especializado solicitado por FIN,1,TED,PAGO,58be6bc5-0a1f-4bd4-a840-78cae5cdb36e,2025-02-05,ERP_CORPORATIVO,TRANSACOES_FINANCEIRAS,11682,7c68f8721e5eb4aed08857bd9c283558f5cc1898e485ee3ef30c97cbf155887d
TR-11683,2025-01-13,2025-01-01,OP,ACC-00059,RECEITA,2489.364211394959,2454.9866448027938,BRL,Reparo de hardware solicitado por OP,28,TED,PAGO,58be6bc5-0a1f-4bd4-a840-78cae5cdb36e,2025-02-05,ERP_CORPORATIVO,TRANSACOES_FINANCEIRAS,11683,d0f850af2c246c1807f82e1e8f6c535032b1876c1819e834e0614faf552683ea
TR-11684,2025-01-20,2025-01-01,QAS,ACC-00059,DESPESA,1115.0507711419416,1085.7888020470014,BRL,Compra de insumos para setor QAS,2,CARTAO,PAGO,58be6bc5-0a1f-4bd4-a840-78cae5cdb36e,2025-02-05,ERP_CORPORATIVO,TRANSACOES_FINANCEIRAS,11684,30b1311ddb6d8ffdfb974204d3f0915846ee1f834f0211600027e54f6a78730e
TR-11685,2025-01-15,2025-01-01,OP,ACC-00059,DESPESA,1235.7067052769912,1235.7067052769912,BRL,Serviço especializado solicitado por OP,1,BOLETO,CANCELADO,58be6bc5-0a1f-4bd4-a840-78cae5cdb36e,2025-02-05,ERP_CORPORATIVO,TRANSACOES_FINANCEIRAS,11685,efc1c106cd9c6fdb13bd96df865a31c2304e9bc513c2deeda944993357342735
TR-11686,2025-01-16,2025-01-01,QAS,ACC-00059,DESPESA,1236.260428219504,1236.260428219504,BRL,Custo operacional associado a QAS,8,PIX,PAGO,58be6bc5-0a1f-4bd4-a840-78cae5cdb36e,2025-02-05,ERP_CORPORATIVO,TRANSACOES_FINANCEIRAS,11686,4a91629efc51601a142407ebd5fb773e2a40eeabc7ebd6d04149ea2b1e608551
TR-11687,2025-01-16,2025-01-01,ESG,ACC-00059,DESPESA,1285.5998729968562,1285.5998729968562,BRL,Promoção e atividade externa - ESG,14,CARTAO,ATRASADO,58be6bc5-0a1f-4bd4-a840-78cae5cdb36e,2025-02-05,ERP_CORPORATIVO,TRANSACOES_FINANCEIRAS,11687,e9ca93b19d29d9156058669bca561ad8e65739318b163cbbb0f2d69796ccd82c
TR-11688,2025-01-27,2025-01-01,RH,ACC-00059,DESPESA,1273.8864174150658,1234.8100332331392,BRL,Aquisição de material operacional - RH,2,BOLETO,PAGO,58be6bc5-0a1f-4bd4-a840-78cae5cdb36e,2025-02-05,ERP_CORPORATIVO,TRANSACOES_FINANCEIRAS,11688,93ef3b1d5820347efecb70a00b3ede6e87c3864fe59590748143cd8a604cb707
TR-11689,2025-01-15,2025-01-01,CPT,ACC-00059,DESPESA,3312.663472292261,3299.2518466218094,BRL,Assessoria contábil prestada a CPT,25,PIX,PAGO,58be6bc5-0a1f-4bd4-a840-78cae5cdb36e,2025-02-05,ERP_CORPORATIVO,TRANSACOES_FINANCEIRAS,11689,af56e9439c748c0bf7a4af0072fc230d6ed406a3551ad24a10c9eac1fd3ac12f
TR-11690,2025-01-16,2025-01-01,OP,ACC-00059,DESPESA,1109.272310030731,1090.4081325392842,BRL,Material de marketing solicitado por OP,15,TED,PAGO,58be6bc5-0a1f-4bd4-a840-78cae5cdb36e,2025-02-05,ERP_CORPORATIVO,TRANSACOES_FINANCEIRAS,11690,7a1e542dbf5dc8378761ec913e875fc6334fda6cd05404871348d9c3bfa116cf
TR-11691,2025-01-20,2025-01-01,PES,ACC-00059,DESPESA,1294.1813695639526,1294.1813695639526,BRL,Compra de insumos para setor PES,2,CARTAO,PAGO,58be6bc5-0a1f-4bd4-a840-78cae5cdb36e,2025-02-05,ERP_CORPORATIVO,TRANSACOES_FINANCEIRAS,11691,835789b7bf0c6e4a0c1f96c106dd62cfe06caee1ed71c88f02c7bba8f88347e6
TR-12168,2025-01-07,2025-01-01,PJT,FORN-00063,DESPESA,14273.346532015406,14273.346532015406,BRL,Receita de comissão comercial - PJT,33,BOLETO,PAGO,58be6bc5-0a1f-4bd4-a840-78cae5cdb36e,2025-02-05,ERP_CORPORATIVO,TRANSACOES_FINANCEIRAS,12168,18d31fe77f05e84b6115de6755324b0fa82efbda3c8a5ba3cef65858fc3efeee
TR-12169,2025-01-15,2025-01-01,PES,FORN-00063,DESPESA,7701.144951550047,7701.144951550047,BRL,Assessoria legal vinculada à área PES,7,TRANSFERENCIA,PAGO,58be6bc5-0a1f-4bd4-a840-78cae5cdb36e,2025-02-05,ERP_CORPORATIVO,TRANSACOES_FINANCEIRAS,12169,9a33907e713964e1e89150660157572c382248ac67171c07a86fa16903a558cf
TR-12170,2025-01-16,2025-01-01,FIN,FORN-00063,DESPESA,7626.41304032664,7626.41304032664,BRL,Renovação de certificados digitais - FIN,26,BOLETO,PAGO,58be6bc5-0a1f-4bd4-a840-78cae5cdb36e,2025-02-05,ERP_CORPORATIVO,TRANSACOES_FINANCEIRAS,12170,02723bb01dcac0fd518371268a2a58a694f293c6029de242ada26ad2013eeb54
TR-12171,2025-01-13,2025-01-01,TI,FORN-00063,DESPESA,7656.162668506898,7656.162668506898,BRL,Despesa de infraestrutura - TI,3,BOLETO,PAGO,58be6bc5-0a1f-4bd4-a840-78cae5cdb36e,2025-02-05,ERP_CORPORATIVO,TRANSACOES_FINANCEIRAS,12171,a81b66d27ac1468bebb72ac96e1afbbd587d48c9b2502cc1f2c86f6c256fc792
TR-12172,2025-01-22,2025-01-01,VND,FORN-00063,DESPESA,7147.969177516053,7005.636095772243,BRL,Despesa de RH - VND,6,TED,PAGO,58be6bc5-0a1f-4bd4-a840-78cae5cdb36e,2025-02-05,ERP_CORPORATIVO,TRANSACOES_FINANCEIRAS,12172,4d3a9809d751f5debe0c037c1b7a3b7859fc66a56965a8c90ca14294608126a3
TR-12173,2025-01-22,2025-01-01,OP,FORN-00063,RECEITA,8104.57726024159,8104.57726024159,BRL,Campanha institucional - OP,4,TRANSFERENCIA,PAGO,58be6bc5-0a1f-4bd4-a840-78cae5cdb36e,2025-02-05,ERP_CORPORATIVO,TRANSACOES_FINANCEIRAS,12173,7718202e7765c26789b52015a4e4e02cfaab56b7c7bfceb895c5c8b46b33d094
TR-12174,2025-01-27,2025-01-01,COM,FORN-00063,DESPESA,7298.329807509496,7151.31869521576,USD,Despesa operacional - COM,8,PIX,CANCELADO,58be6bc5-0a1f-4bd4-a840-78cae5cdb36e,2025-02-05,ERP_CORPORATIVO,TRANSACOES_FINANCEIRAS,12174,b1150ee28c0ce37f424360a11a9e6201cb6f379109e06974db56857999e643ca
TR-12175,2025-01-16,2025-01-01,RH,FORN-00063,DESPESA,9021.820202183277,9021.820202183277,BRL,Atendimento de TI requisitado por RH,29,TED,CANCELADO,58be6bc5-0a1f-4bd4-a840-78cae5cdb36e,2025-02-05,ERP_CORPORATIVO,TRANSACOES_FINANCEIRAS,12175,f9064d8054c578cf478e08d687cad6dfbaae3adfde4352a4dc1bc52ad8be452d
TR-12462,2025-01-17,2025-01-01,MKT,1000064,DESPESA,1861.2358438906017,1861.2358438906017,BRL,Taxas bancárias incidentes em MKT,22,TRANSFERENCIA,PAGO,58be6bc5-0a1f-4bd4-a840-78cae5cdb36e,2025-02-05,ERP_CORPORATIVO,TRANSACOES_FINANCEIRAS,12462,9a8ba7a67fac62c78a06850598fd93fea2dabba2db0ab2f3dfb2eb6304d8ab7f
TR-12463,2025-01-06,2025-01-01,SEC,1000064,DESPESA,1698.845757360114,1681.4231931494069,BRL,Investimento em marketing corporativo (SEC),4,PIX,ATRASADO,58be6bc5-0a1f-4bd4-a840-78cae5cdb36e,2025-02-05,ERP_CORPORATIVO,TRANSACOES_FINANCEIRAS,12463,655479223478cdf137977f30cce22de2d28b2db4636d2f68976244c3465b355d
TR-12464,2025-01-21,2025-01-01,OP,1000064,DESPESA,1678.256201440197,1678.256201440197,BRL,Compra de insumos para setor OP,2,BOLETO,PAGO,58be6bc5-0a1f-4bd4-a840-78cae5cdb36e,2025-02-05,ERP_CORPORATIVO,TRANSACOES_FINANCEIRAS,12464,ac1a4153ac84f6feee9ffaa56e309ed91f8b9572f45ab60f676137ed13ecac9a
TR-12465,2025-01-21,2025-01-01,COMP,1000064,DESPESA,1776.8266986261451,1728.8743024553773,BRL,Aquisição de material operacional - COMP,2,TRANSFERENCIA,PAGO,58be6bc5-0a1f-4bd4-a840-78cae5cdb36e,2025-02-05,ERP_CORPORATIVO,TRANSACOES_FINANCEIRAS,12465,02e218bf2cdcbebb1875c5e6baa86609550be6a239089006d6494a896a6b579e
TR-12466,2025-01-29,2025-01-01,PES,1000064,RECEITA,1490.0510741516607,1490.0510741516607,BRL,Promoção e atividade externa - PES,14,PIX,PAGO,58be6bc5-0a1f-4bd4-a840-78cae5cdb36e,2025-02-05,ERP_CORPORATIVO,TRANSACOES_FINANCEIRAS,12466,a0992bc8756bc253bb4d59aac8e372f851862331394c0c8b53827d768ac75949
TR-12467,2025-01-15,2025-01-01,COM,1000064,DESPESA,2082.6674696758746,2082.6674696758746,BRL,Consultoria estratégica para área COM,12,BOLETO,PAGO,58be6bc5-0a1f-4bd4-a840-78cae5cdb36e,2025-02-05,ERP_CORPORATIVO,TRANSACOES_FINANCEIRAS,12467,d83303c28bf6fa291e7448bb38d6a29503871c2b3320631d2101d4a19c0d1c4d
TR-12468,2025-01-13,2025-01-01,ESG,1000064,RECEITA,1454.3100848648378,1424.3777626516408,BRL,Comissão recebida por ESG,33,TRANSFERENCIA,PAGO,58be6bc5-0a1f-4bd4-a840-78cae5cdb36e,2025-02-05,ERP_CORPORATIVO,TRANSACOES_FINANCEIRAS,12468,73f6555d4d7a922e8eacd1b058f972f1c0297bb8e97a9c37ea3af61ae80bec71
TR-12469,2025-01-27,2025-01-01,PRD,1000064,DESPESA,2083.8713285589156,2083.8713285589156,BRL,Viagem corporativa - PRD,18,TRANSFERENCIA,PAGO,58be6bc5-0a1f-4bd4-a840-78cae5cdb36e,2025-02-05,ERP_CORPORATIVO,TRANSACOES_FINANCEIRAS,12469,c844815f6100f2f78f05674a0a54da6839645adef896f41df150ea39b5844f0c
TR-12470,2025-01-21,2025-01-01,COMP,1000064,DESPESA,1742.1147136550483,1742.1147136550483,BRL,Devolução de venda processada por COMP,39,CARTAO,PAGO,58be6bc5-0a1f-4bd4-a840-78cae5cdb36e,2025-02-05,ERP_CORPORATIVO,TRANSACOES_FINANCEIRAS,12470,68959a7c92a9d8f542e500522fd4104c48bb088776de7e7ee51d863f77d27308
TR-12471,2025-01-10,2025-01-01,OP,1000064,DESPESA,1678.6038910688226,1652.765500854087,BRL,Material de marketing solicitado por OP,15,PIX,CANCELADO,58be6bc5-0a1f-4bd4-a840-78cae5cdb36e,2025-02-05,ERP_CORPORATIVO,TRANSACOES_FINANCEIRAS,12471,ed0fd955c4351b37ab83d612928253960ab80098406ccdbd4d59f0f10a424014
TR-12472,2025-01-21,2025-01-01,MKT,1000064,DESPESA,1865.8317721876247,1806.3696244427003,BRL,Despesa de infraestrutura - MKT,3,TRANSFERENCIA,PAGO,58be6bc5-0a1f-4bd4-a840-78cae5cdb36e,2025-02-05,ERP_CORPORATIVO,TRANSACOES_FINANCEIRAS,12472,88808015ce2bc2f26972f89872562b2227c3d6bb3ce6089a239bf787dcb5797f
TR-12473,2025-01-22,2025-01-01,CPT,1000064,DESPESA,1685.3178281938765,1652.5079722144967,BRL,Honorários profissionais contratados por CPT,11,TED,PAGO,58be6bc5-0a1f-4bd4-a840-78cae5cdb36e,2025-02-05,ERP_CORPORATIVO,TRANSACOES_FINANCEIRAS,12473,92479fa7e4ffe1ba423d83658453b68d7ffe19b2ecef392a5b2965ff29785dc4
TR-12474,2025-01-22,2025-01-01,COMP,1000064,DESPESA,1915.1052444052148,1915.1052444052148,BRL,Prestação de serviço para área COMP,1,PIX,PAGO,58be6bc5-0a1f-4bd4-a840-78cae5cdb36e,2025-02-05,ERP_CORPORATIVO,TRANSACOES_FINANCEIRAS,12474,59697a1c0ac4459ae098235f72f2d25c5e6c641bad639cf2a6cfb3c4b7d11b88
TR-12475,2025-01-22,2025-01-01,OP,1000064,DESPESA,1799.2739995097077,1715.8936167329261,BRL,Custo operacional associado a OP,8,PIX,PAGO,58be6bc5-0a1f-4bd4-a840-78cae5cdb36e,2025-02-05,ERP_CORPORATIVO,TRANSACOES_FINANCEIRAS,12475,39521abb5ac210197f8f2c3dc8213dd76e097847f8ab5786f764904cf2609f2a
TR-12476,2025-01-13,2025-01-01,OP,1000064,DESPESA,1873.6120375041949,1873.6120375041949,BRL,Serviço de tecnologia contratado por OP,5,TED,PAGO,58be6bc5-0a1f-4bd4-a840-78cae5cdb36e,2025-02-05,ERP_CORPORATIVO,TRANSACOES_FINANCEIRAS,12476,a0f16b4565d04acf92f297384385763930e2cc957a89142d7068464e0be83ccd
TR-12477,2025-01-13,2025-01-01,VND,1000064,RECEITA,1935.9593837788714,1935.9593837788714,BRL,Contrato de serviço - setor VND,1,TRANSFERENCIA,PAGO,58be6bc5-0a1f-4bd4-a840-78cae5cdb36e,2025-02-05,ERP_CORPORATIVO,TRANSACOES_FINANCEIRAS,12477,385f9eff057c2f1c0699d6ceb7a48c9abedf6dd6e2a715e6d3793c935c480b7c
TR-12478,2025-01-23,2025-01-01,ESG,1000064,DESPESA,1714.5694060456296,1714.5694060456296,BRL,Publicidade institucional - ESG,13,BOLETO,PAGO,58be6bc5-0a1f-4bd4-a840-78cae5cdb36e,2025-02-05,ERP_CORPORATIVO,TRANSACOES_FINANCEIRAS,12478,e52071c58b2e2cfc0bc740ef59518a03ccd69653143af5f4434dddf933994d3f
TR-12664,2025-01-06,2025-01-01,OP,1000065,RECEITA,2473.046841298143,2473.046841298143,BRL,Serviço de telefonia e internet - OP,9,CARTAO,PAGO,58be6bc5-0a1f-4bd4-a840-78cae5cdb36e,2025-02-05,ERP_CORPORATIVO,TRANSACOES_FINANCEIRAS,12664,258873c06c750bf9f37246634713a46d0b6dd315d93cef6de70ffd76b2c12274
TR-12665,2025-01-17,2025-01-01,ADM,1000065,DESPESA,2348.434021385524,2348.434021385524,BRL,Serviço de tecnologia contratado por ADM,5,BOLETO,PAGO,58be6bc5-0a1f-4bd4-a840-78cae5cdb36e,2025-02-05,ERP_CORPORATIVO,TRANSACOES_FINANCEIRAS,12665,31fcdfea7585726c7bf4a64baaaef6fd8c2aa806a37e393918e881d29bb3be26
TR-12666,2025-01-03,2025-01-01,ADM,1000065,DESPESA,3511.589531062766,3409.7052582528445,BRL,Assessoria legal vinculada à área ADM,7,TED,ATRASADO,58be6bc5-0a1f-4bd4-a840-78cae5cdb36e,2025-02-05,ERP_CORPORATIVO,TRANSACOES_FINANCEIRAS,12666,697f596e830f277129c4e0429dfca9be69b69d4cc12feaa9b7f2dbf568d95b80
TR-12667,2025-01-01,2025-01-01,COMP,1000065,DESPESA,3247.6189091790134,3247.6189091790134,BRL,Taxas bancárias incidentes em COMP,22,TED,PAGO,58be6bc5-0a1f-4bd4-a840-78cae5cdb36e,2025-02-05,ERP_CORPORATIVO,TRANSACOES_FINANCEIRAS,12667,98843399b663f6ce69970481317d05e05662cb5864645c3cb493ea670d4eb3b6
TR-12668,2025-01-13,2025-01-01,FIN,1000065,DESPESA,2923.8273102647704,2833.980214557271,BRL,Publicidade institucional - FIN,13,BOLETO,ATRASADO,58be6bc5-0a1f-4bd4-a840-78cae5cdb36e,2025-02-05,ERP_CORPORATIVO,TRANSACOES_FINANCEIRAS,12668,194f48b2d83ec537027d7337a10af6db6796bee2c40e0ec3e71c0e71d25a68a2
TR-12669,2025-01-09,2025-01-01,ATD,1000065,RECEITA,2389.3183830426797,2389.3183830426797,BRL,Compra de insumos para setor ATD,2,PIX,CANCELADO,58be6bc5-0a1f-4bd4-a840-78cae5cdb36e,2025-02-05,ERP_CORPORATIVO,TRANSACOES_FINANCEIRAS,12669,501e388e98de4f8ef298b20bbf2f1b3c9161daa67786ee60c366b1578f763dbe
TR-12670,2025-01-06,2025-01-01,COM,1000065,DESPESA,2793.9610319484073,2793.9610319484073,BRL,Compra de insumos para setor COM,2,TRANSFERENCIA,PAGO,58be6bc5-0a1f-4bd4-a840-78cae5cdb36e,2025-02-05,ERP_CORPORATIVO,TRANSACOES_FINANCEIRAS,12670,0e0d8aeda0be6115a04a105f6cb21277b136debcac913efaf00e5f9d5066283b
TR-12671,2025-01-20,2025-01-01,MKT,1000065,DESPESA,3059.164600652775,3059.164600652775,BRL,Honorarium advocatício - MKT,24,TED,PAGO,58be6bc5-0a1f-4bd4-a840-78cae5cdb36e,2025-02-05,ERP_CORPORATIVO,TRANSACOES_FINANCEIRAS,12671,20f5c1fa1168a0a3f357aaaac61f41694f887c33dd4cd2c010ce5a2df6605b0b
TR-12672,2025-01-20,2025-01-01,JUR,1000065,DESPESA,2793.357546538114,2793.357546538114,BRL,Custo operacional associado a JUR,8,PIX,PAGO,58be6bc5-0a1f-4bd4-a840-78cae5cdb36e,2025-02-05,ERP_CORPORATIVO,TRANSACOES_FINANCEIRAS,12672,b02a371fdba27481b7cc47710261006449f6fca2bfaebd71ca5621ba09e1f202
TR-12673,2025-01-23,2025-01-01,RH,1000065,RECEITA,3419.1489977372366,3419.1489977372366,BRL,Manutenção predial solicitada por RH,10,BOLETO,PAGO,58be6bc5-0a1f-4bd4-a840-78cae5cdb36e,2025-02-05,ERP_CORPORATIVO,TRANSACOES_FINANCEIRAS,12673,64e6b937dbe0f7a43920067e5c0a8414add2d829a7f5cf4f10714a69e9ab6dae
TR-12674,2025-01-10,2025-01-01,CTB,1000065,DESPESA,3114.8771427758215,3114.8771427758215,BRL,Compra de insumos para setor CTB,2,BOLETO,PAGO,58be6bc5-0a1f-4bd4-a840-78cae5cdb36e,2025-02-05,ERP_CORPORATIVO,TRANSACOES_FINANCEIRAS,12674,c5c6d2155f5f4c008bc2ea61df4b2f0bb8771090b127f50ca46daf3237c7024b
TR-12675,2025-01-15,2025-01-01,SEC,1000065,RECEITA,2666.9905436919425,2666.9905436919425,BRL,Manutenção estrutural vinculada à área SEC,3,BOLETO,PAGO,58be6bc5-0a1f-4bd4-a840-78cae5cdb36e,2025-02-05,ERP_CORPORATIVO,TRANSACOES_FINANCEIRAS,12675,a9bcde99f6d33e076c3e6cc04285f310b5ea1f59df43f866edb3878b772dccee
TR-12676,2025-01-28,2025-01-01,OP,1000065,DESPESA,2493.4916650889704,2390.70658972615,BRL,Suporte técnico para sistemas de OP,29,TED,PAGO,58be6bc5-0a1f-4bd4-a840-78cae5cdb36e,2025-02-05,ERP_CORPORATIVO,TRANSACOES_FINANCEIRAS,12676,6ff371eb61d788d6c2c01b716ca58482382f7e815d0a18192a68ebf10e60cc99
TR-12677,2025-01-15,2025-01-01,OP,1000065,DESPESA,3192.263424383974,3077.920283274438,BRL,Suporte técnico para sistemas de OP,29,CARTAO,PAGO,58be6bc5-0a1f-4bd4-a840-78cae5cdb36e,2025-02-05,ERP_CORPORATIVO,TRANSACOES_FINANCEIRAS,12677,f3aee1133d588c694e58a8d02d772370385813f5a2f08294bc2b0cac44aac64e
TR-12678,2025-01-15,2025-01-01,VND,1000065,RECEITA,3181.5533168009356,3066.585187268706,BRL,Tributo incidente sobre receita de VND,40,BOLETO,PAGO,58be6bc5-0a1f-4bd4-a840-78cae5cdb36e,2025-02-05,ERP_CORPORATIVO,TRANSACOES_FINANCEIRAS,12678,7cd168077ad8d92d5a623899f929c615b18dba241bc9eeb73e7621fcfd34d2df
TR-12679,2025-01-06,2025-01-01,COMP,1000065,DESPESA,3154.6358063953744,3154.6358063953744,BRL,Serviço de telefonia e internet - COMP,9,TRANSFERENCIA,PAGO,58be6bc5-0a1f-4bd4-a840-78cae5cdb36e,2025-02-05,ERP_CORPORATIVO,TRANSACOES_FINANCEIRAS,12679,6a5b3387a17b673e312fadd9a63fab2b962c98360acf535bc23e212bec4d7a1f
TR-12680,2025-01-21,2025-01-01,FIN,1000065,DESPESA,3461.8439973463383,3461.8439973463383,BRL,Prestação de serviço para área FIN,1,PIX,PAGO,58be6bc5-0a1f-4bd4-a840-78cae5cdb36e,2025-02-05,ERP_CORPORATIVO,TRANSACOES_FINANCEIRAS,12680,87414bec4d3872f7568de7b403137e223dbba89b82d0915659eb4a3187109a74
TR-12681,2025-01-14,2025-01-01,RH,1000065,DESPESA,3061.89390511501,3061.89390511501,BRL,Diária de hotel para equipe RH,19,TED,ATRASADO,58be6bc5-0a1f-4bd4-a840-78cae5cdb36e,2025-02-05,ERP_CORPORATIVO,TRANSACOES_FINANCEIRAS,12681,b61f753f67de9e42cdda71735196bd44b66c8611081347b05a2c913f1afb1a24
TR-12693,2025-01-31,2025-01-01,PES,1000065,DESPESA,2701.061212780951,2701.061212780951,BRL,Serviço especializado solicitado por PES,1,TED,PAGO,58be6bc5-0a1f-4bd4-a840-78cae5cdb36e,2025-02-05,ERP_CORPORATIVO,TRANSACOES_FINANCEIRAS,12693,1decb99d432b1e4dc1e20508ab1f905f78ec55b4ad2dbaa90f8707ff3377387e
TR-13075,2025-01-27,2025-01-01,FIN,ACC-00067,DESPESA,3659.5702299998725,3659.5702299998725,BRL,Custo operacional associado a FIN,8,TED,PAGO,58be6bc5-0a1f-4bd4-a840-78cae5cdb36e,2025-02-05,ERP_CORPORATIVO,TRANSACOES_FINANCEIRAS,13075,c6069c76ae61c5e5accdaee063b7268c869e3d92fc05cb28af119ff865ad7b15
TR-13076,2025-01-24,2025-01-01,JUR,ACC-00067,RECEITA,3546.4333932795216,3546.4333932795216,BRL,Campanha institucional - JUR,4,PIX,PAGO,58be6bc5-0a1f-4bd4-a840-78cae5cdb36e,2025-02-05,ERP_CORPORATIVO,TRANSACOES_FINANCEIRAS,13076,d3d4dedda5efc627cf4fc1be5e1a8dc88983557c53bec85e20b77b3ce6fdcddb
TR-13077,2025-01-13,2025-01-01,OP,ACC-00067,RECEITA,4730.930890576232,4730.930890576232,BRL,Assessoria contábil prestada a OP,25,BOLETO,PAGO,58be6bc5-0a1f-4bd4-a840-78cae5cdb36e,2025-02-05,ERP_CORPORATIVO,TRANSACOES_FINANCEIRAS,13077,00ee7938bb6a2a562f874377aeff66556623c1ecb045bc6a1695b6401b33d4aa
TR-13078,2025-01-22,2025-01-01,PES,ACC-00067,RECEITA,3134.9875613915883,3134.9875613915883,BRL,Prestação de serviço para área PES,1,CARTAO,PAGO,58be6bc5-0a1f-4bd4-a840-78cae5cdb36e,2025-02-05,ERP_CORPORATIVO,TRANSACOES_FINANCEIRAS,13078,fae8fc6c7e135340448b2c58b94218a12feca4b0dc55104729040834c656fdee
TR-13079,2025-01-09,2025-01-01,OP,ACC-00067,RECEITA,3919.960994212509,3919.960994212509,BRL,Campanha institucional - OP,4,TRANSFERENCIA,CANCELADO,58be6bc5-0a1f-4bd4-a840-78cae5cdb36e,2025-02-05,ERP_CORPORATIVO,TRANSACOES_FINANCEIRAS,13079,4e3f3a1ec71bc6166a986bfebf41a6ffee4437b85136ac42e2169b0eaa25aa93
TR-13080,2025-01-24,2025-01-01,JUR,ACC-00067,RECEITA,3150.4952351663455,3150.4952351663455,BRL,Despesa de RH - JUR,6,CARTAO,PAGO,58be6bc5-0a1f-4bd4-a840-78cae5cdb36e,2025-02-05,ERP_CORPORATIVO,TRANSACOES_FINANCEIRAS,13080,3cb790bd3fc2f00e1fd19336e74de18207c5700a0007897f59016c77bf0c264a
TR-13081,2025-01-14,2025-01-01,FIN,ACC-00067,RECEITA,3616.6058155953647,3549.402142433879,BRL,Investimento em marketing corporativo (FIN),4,BOLETO,PAGO,58be6bc5-0a1f-4bd4-a840-78cae5cdb36e,2025-02-05,ERP_CORPORATIVO,TRANSACOES_FINANCEIRAS,13081,d30ceb662d909d49f728effc519124df1e1bf6b9a969f78f33a70f9a020d8fe7
TR-13082,2025-01-13,2025-01-01,JUR,ACC-00067,DESPESA,2645.4691365587623,2645.4691365587623,BRL,Serviço relacionado a recursos humanos (JUR),6,TED,PAGO,58be6bc5-0a1f-4bd4-a840-78cae5cdb36e,2025-02-05,ERP_CORPORATIVO,TRANSACOES_FINANCEIRAS,13082,3bff69c1bdb831d8115d387f52e608091a40786ae7ee76de8a5a307acf48dd23
TR-13083,2025-01-22,2025-01-01,COMP,ACC-00067,DESPESA,3259.4415861877046,3259.4415861877046,BRL,Investimento em marketing corporativo (COMP),4,TRANSFERENCIA,PAGO,58be6bc5-0a1f-4bd4-a840-78cae5cdb36e,2025-02-05,ERP_CORPORATIVO,TRANSACOES_FINANCEIRAS,13083,e3cd06847999545e1265041881b374cab6dc77f18a50e8ea04ebb5b649a2cd05
TR-13084,2025-01-10,2025-01-01,MKT,ACC-00067,RECEITA,6580.80279005942,6468.824888999,BRL,Serviço especializado solicitado por MKT,1,TRANSFERENCIA,ATRASADO,58be6bc5-0a1f-4bd4-a840-78cae5cdb36e,2025-02-05,ERP_CORPORATIVO,TRANSACOES_FINANCEIRAS,13084,dbd3c80b96a94d6fc62667e48915016641c4adcd317a6012f64c7dc4076c971e
TR-13085,2025-01-13,2025-01-01,PJT,ACC-00067,RECEITA,3514.09618039772,3514.09618039772,BRL,Prestação de serviço para área PJT,1,TED,ATRASADO,58be6bc5-0a1f-4bd4-a840-78cae5cdb36e,2025-02-05,ERP_CORPORATIVO,TRANSACOES_FINANCEIRAS,13085,28d9708a39252c7cc5c9896ccc0be185512ea4e127d22c3d1dc69db551451387
TR-13086,2025-01-16,2025-01-01,PES,ACC-00067,DESPESA,2807.4534766050137,2807.4534766050137,BRL,Despesa de refeição em deslocamento (PES),20,TED,PAGO,58be6bc5-0a1f-4bd4-a840-78cae5cdb36e,2025-02-05,ERP_CORPORATIVO,TRANSACOES_FINANCEIRAS,13086,88783791f2caf6bdf86c3b12ab704519f97283e1581ac1455dbe6b7c10fc3195
TR-13087,2025-01-15,2025-01-01,PRD,ACC-00067,RECEITA,3292.3525305134895,3292.3525305134895,BRL,Licenciamento de software - PRD,5,PIX,PAGO,58be6bc5-0a1f-4bd4-a840-78cae5cdb36e,2025-02-05,ERP_CORPORATIVO,TRANSACOES_FINANCEIRAS,13087,28e889623f873f29f3421fa10f4803e963f679262dfb1c4d7bd762193166d487
TR-13088,2025-01-13,2025-01-01,OP,ACC-00067,DESPESA,3976.7425148078855,3976.7425148078855,BRL,Honorarium advocatício - OP,24,TED,PAGO,58be6bc5-0a1f-4bd4-a840-78cae5cdb36e,2025-02-05,ERP_CORPORATIVO,TRANSACOES_FINANCEIRAS,13088,906354ba947f7d959b7064d6336548758f06aa5520858e443eb1afdaeb85f2f0
TR-13089,2025-01-17,2025-01-01,OP,ACC-00067,DESPESA,3802.6025099669027,3639.2100055091587,BRL,Serviço relacionado a recursos humanos (OP),6,PIX,PAGO,58be6bc5-0a1f-4bd4-a840-78cae5cdb36e,2025-02-05,ERP_CORPORATIVO,TRANSACOES_FINANCEIRAS,13089,0f0c9c5c725f0a98350880f6dca04a676f5ac4b3e9326364fdc2f94ba610b695
TR-13231,2025-01-15,2025-01-01,COMP,FORN-00068,DESPESA,1117.7478244672968,1095.788816782106,USD,Despesa operacional - COMP,8,TED,PAGO,58be6bc5-0a1f-4bd4-a840-78cae5cdb36e,2025-02-05,ERP_CORPORATIVO,TRANSACOES_FINANCEIRAS,13231,8c3b1138661b32075e31ac315600e235f1430d515c0d039484bd829e85146830
TR-13232,2025-01-08,2025-01-01,PRD,FORN-00068,RECEITA,1221.662816155106,1176.6396057481415,BRL,Passagem aérea para colaborador de PRD,18,CARTAO,PAGO,58be6bc5-0a1f-4bd4-a840-78cae5cdb36e,2025-02-05,ERP_CORPORATIVO,TRANSACOES_FINANCEIRAS,13232,4130d0779975c13ca9c49b9fec2600c9b58a6958b1da5336a85b5d0d2ba93838
TR-13233,2025-01-21,2025-01-01,ESG,FORN-00068,DESPESA,1114.7134030014718,1114.7134030014718,BRL,Serviço especializado solicitado por ESG,1,BOLETO,PAGO,58be6bc5-0a1f-4bd4-a840-78cae5cdb36e,2025-02-05,ERP_CORPORATIVO,TRANSACOES_FINANCEIRAS,13233,7218570317d1da51ccfc9a3513f45fbbd07c6d1c1a72841757f58d4015a286a9
TR-13234,2025-01-17,2025-01-01,MKT,FORN-00068,RECEITA,1078.9906988683479,1053.0995982213285,BRL,Licença de software para área MKT,27,CARTAO,PAGO,58be6bc5-0a1f-4bd4-a840-78cae5cdb36e,2025-02-05,ERP_CORPORATIVO,TRANSACOES_FINANCEIRAS,13234,66f21b15c873634ff7062a04d303c9a51ff217a9c4d34b672a30dee3010af1ec
TR-13235,2025-01-27,2025-01-01,LOG,FORN-00068,RECEITA,1050.000452009508,1050.000452009508,BRL,Manutenção de equipamentos de LOG,28,PIX,PAGO,58be6bc5-0a1f-4bd4-a840-78cae5cdb36e,2025-02-05,ERP_CORPORATIVO,TRANSACOES_FINANCEIRAS,13235,fcacc7d69c08d0ee7ce77ebe32a6a75b9675c50938fb193dbf55361792f2e811
TR-13236,2025-01-15,2025-01-01,TI,FORN-00068,DESPESA,1177.5244584447603,1177.5244584447603,BRL,Abastecimento de veículos - TI,16,BOLETO,PAGO,58be6bc5-0a1f-4bd4-a840-78cae5cdb36e,2025-02-05,ERP_CORPORATIVO,TRANSACOES_FINANCEIRAS,13236,f9a6cbe0c58c61d8da2a97dbdc00218bf798194bca6ef17bbbb5d53a7290e181
TR-13237,2025-01-17,2025-01-01,PJT,FORN-00068,DESPESA,1083.9565940287655,1068.7936209726222,BRL,Investimento em marketing corporativo (PJT),4,PIX,PAGO,58be6bc5-0a1f-4bd4-a840-78cae5cdb36e,2025-02-05,ERP_CORPORATIVO,TRANSACOES_FINANCEIRAS,13237,b5608b4464c733fcfb56486dbe4da586f05466602285b4156b904551ccc61c5d
TR-13238,2025-01-13,2025-01-01,LOG,FORN-00068,DESPESA,1339.9491132631272,1339.9491132631272,BRL,Diária de hotel para equipe LOG,19,TED,PAGO,58be6bc5-0a1f-4bd4-a840-78cae5cdb36e,2025-02-05,ERP_CORPORATIVO,TRANSACOES_FINANCEIRAS,13238,d69f54262569d32ab6f1d629c18e429343ea5be2fa26606b393dfb7efd2a3a92
TR-13239,2025-01-15,2025-01-01,ATD,FORN-00068,DESPESA,1373.5732333797982,1338.5760644390314,BRL,Consultoria estratégica para área ATD,12,TRANSFERENCIA,ATRASADO,58be6bc5-0a1f-4bd4-a840-78cae5cdb36e,2025-02-05,ERP_CORPORATIVO,TRANSACOES_FINANCEIRAS,13239,42c717a8dc287e0f6cab4a0d2547a84002df344f5f6a9ba2d11e9ae5d790da41
TR-13240,2025-01-13,2025-01-01,CTB,FORN-00068,RECEITA,1224.226781863917,1164.9402595136878,BRL,Serviço relacionado a recursos humanos (CTB),6,TED,ATRASADO,58be6bc5-0a1f-4bd4-a840-78cae5cdb36e,2025-02-05,ERP_CORPORATIVO,TRANSACOES_FINANCEIRAS,13240,7f4a8ce876d161a501a352391993997603194764c38b27892024a48e536fd56e
TR-13241,2025-01-06,2025-01-01,CTB,FORN-00068,RECEITA,1196.2219397811068,1196.2219397811068,BRL,Manutenção estrutural vinculada à área CTB,3,TRANSFERENCIA,PAGO,58be6bc5-0a1f-4bd4-a840-78cae5cdb36e,2025-02-05,ERP_CORPORATIVO,TRANSACOES_FINANCEIRAS,13241,0f6920b728a214db53e4a570b615be75698208150fd357121d3514f95c05dcee
TR-13242,2025-01-06,2025-01-01,RH,FORN-00068,DESPESA,1169.6150530249477,1169.6150530249477,BRL,Serviço técnico especializado para RH,11,CARTAO,PAGO,58be6bc5-0a1f-4bd4-a840-78cae5cdb36e,2025-02-05,ERP_CORPORATIVO,TRANSACOES_FINANCEIRAS,13242,2286fc0e05088ffd1ba701f197a370d23b3dd7118973a31b3657c9f9c498a571
TR-13243,2025-01-13,2025-01-01,ADM,FORN-00068,DESPESA,1480.219132641754,1480.219132641754,BRL,Honorários profissionais contratados por ADM,11,BOLETO,PAGO,58be6bc5-0a1f-4bd4-a840-78cae5cdb36e,2025-02-05,ERP_CORPORATIVO,TRANSACOES_FINANCEIRAS,13243,07dd59a53c17a187dca4a9501446a44b583ddb8e7a61f5e6fec9a6472cdd64ad
TR-13244,2025-01-06,2025-01-01,ADM,FORN-00068,RECEITA,1420.572583153347,1420.572583153347,BRL,Publicidade institucional - ADM,13,TRANSFERENCIA,ATRASADO,58be6bc5-0a1f-4bd4-a840-78cae5cdb36e,2025-02-05,ERP_CORPORATIVO,TRANSACOES_FINANCEIRAS,13244,6f8d0cdc401c69578c364b62403cbbe964c1b9c135623cd2069c7be9c2baf72d
TR-13245,2025-01-09,2025-01-01,OP,FORN-00068,DESPESA,1143.802966750532,1143.802966750532,BRL,Contrato de serviço - setor OP,1,TRANSFERENCIA,PAGO,58be6bc5-0a1f-4bd4-a840-78cae5cdb36e,2025-02-05,ERP_CORPORATIVO,TRANSACOES_FINANCEIRAS,13245,31d88638a1572967a583493534d9d3e2b0c4d4be13f14e529158469344628d53
TR-13246,2025-01-08,2025-01-01,PRD,FORN-00068,RECEITA,1144.4538225558936,1128.1396589704327,BRL,Investimento em marketing corporativo (PRD),4,PIX,PAGO,58be6bc5-0a1f-4bd4-a840-78cae5cdb36e,2025-02-05,ERP_CORPORATIVO,TRANSACOES_FINANCEIRAS,13246,5cb47c429133dfd4248a508b01e0ce57467caa93c7bb3e7b4ea6888fa611ea27
TR-13513,2025-01-14,2025-01-01,COMP,ACC-00069,DESPESA,7259.004619894954,7259.004619894954,BRL,Campanha institucional - COMP,4,TRANSFERENCIA,PAGO,58be6bc5-0a1f-4bd4-a840-78cae5cdb36e,2025-02-05,ERP_CORPORATIVO,TRANSACOES_FINANCEIRAS,13513,466cc02a66748cbf5b78cc64688c18e252f9dbb186452e9a331d8dcfc4b6c1ac
TR-13514,2025-01-23,2025-01-01,SEC,ACC-00069,DESPESA,6235.73175900003,6113.0594349381245,BRL,Custo operacional associado a SEC,8,PIX,PAGO,58be6bc5-0a1f-4bd4-a840-78cae5cdb36e,2025-02-05,ERP_CORPORATIVO,TRANSACOES_FINANCEIRAS,13514,fcf176d66b9fd0cb06c36466d886198aeaa93301d4321049d5d80b7d0c90e6a3
TR-13515,2025-01-15,2025-01-01,OP,ACC-00069,DESPESA,6803.125991684725,6803.125991684725,BRL,Reparo de hardware solicitado por OP,28,PIX,PAGO,58be6bc5-0a1f-4bd4-a840-78cae5cdb36e,2025-02-05,ERP_CORPORATIVO,TRANSACOES_FINANCEIRAS,13515,b7432fce6642dd7d3f104fbd31cdb84eae13016c0fac6a3ed9f95913575818b0
TR-13516,2025-01-30,2025-01-01,TI,ACC-00069,RECEITA,6860.084547694228,6860.084547694228,BRL,Royalties recebidos por TI,32,BOLETO,PAGO,58be6bc5-0a1f-4bd4-a840-78cae5cdb36e,2025-02-05,ERP_CORPORATIVO,TRANSACOES_FINANCEIRAS,13516,f1fae16a120b930a0ebbd3b0c42e481176b238c142c93a730e3c6bfe00398e5b
TR-13517,2025-01-13,2025-01-01,SEC,ACC-00069,RECEITA,7177.768166614407,7177.768166614407,BRL,Contrato de serviço - setor SEC,1,PIX,PAGO,58be6bc5-0a1f-4bd4-a840-78cae5cdb36e,2025-02-05,ERP_CORPORATIVO,TRANSACOES_FINANCEIRAS,13517,8615c799ddea3a90c54109389011f2f1b0f553782568a11dca078f44f8850821
TR-13518,2025-01-09,2025-01-01,ATD,ACC-00069,DESPESA,6760.850363059033,6760.850363059033,BRL,Aquisição de material operacional - ATD,2,TED,PAGO,58be6bc5-0a1f-4bd4-a840-78cae5cdb36e,2025-02-05,ERP_CORPORATIVO,TRANSACOES_FINANCEIRAS,13518,512615caac3942f305ada4b72a0070985430d32304377d3b10ab2f8805b35747
TR-13746,2025-01-09,2025-01-01,TI,1000069,DESPESA,2115.521878124858,2093.5914498381403,BRL,Custo operacional associado a TI,8,TED,PAGO,58be6bc5-0a1f-4bd4-a840-78cae5cdb36e,2025-02-05,ERP_CORPORATIVO,TRANSACOES_FINANCEIRAS,13746,8ffd2e799acb837d0647daf3b279e7c7a1b06e37e74b15b7a318afc8d7def447
TR-13747,2025-01-27,2025-01-01,OP,1000069,RECEITA,2054.0472927210703,2054.0472927210703,BRL,Prestação de serviço para área OP,1,CARTAO,PAGO,58be6bc5-0a1f-4bd4-a840-78cae5cdb36e,2025-02-05,ERP_CORPORATIVO,TRANSACOES_FINANCEIRAS,13747,a9856084fc02912c942438df594a38874837a0dea1a906c53ef937968ffec0c5
TR-13748,2025-01-15,2025-01-01,SEC,1000069,DESPESA,2113.489048962008,2113.489048962008,BRL,Honorários jurídicos - SEC,7,TED,ATRASADO,58be6bc5-0a1f-4bd4-a840-78cae5cdb36e,2025-02-05,ERP_CORPORATIVO,TRANSACOES_FINANCEIRAS,13748,20a11ea1de1ee6ecb21dfce495bbd62e20c1cf28cb401fdd0a903a42488fa359
TR-13749,2025-01-20,2025-01-01,MKT,1000069,RECEITA,2080.314097742026,2080.314097742026,USD,Abastecimento de veículos - MKT,16,BOLETO,PAGO,58be6bc5-0a1f-4bd4-a840-78cae5cdb36e,2025-02-05,ERP_CORPORATIVO,TRANSACOES_FINANCEIRAS,13749,f973807d68ed82490367175afe0cec899f8c8382c5479001c49ac278f81aa6f1
TR-13750,2025-01-21,2025-01-01,ATD,1000069,RECEITA,1980.444649823073,1980.444649823073,BRL,Manutenção preventiva de veículos - ATD,17,PIX,PAGO,58be6bc5-0a1f-4bd4-a840-78cae5cdb36e,2025-02-05,ERP_CORPORATIVO,TRANSACOES_FINANCEIRAS,13750,e46c0f5fe15f6040527e3027a4dadfc35154e45aeec151ddf5f933b514255e18
TR-13751,2025-01-15,2025-01-01,JUR,1000069,DESPESA,1991.9298798953557,1932.117055193233,BRL,Despesa de refeição em deslocamento (JUR),20,BOLETO,PAGO,58be6bc5-0a1f-4bd4-a840-78cae5cdb36e,2025-02-05,ERP_CORPORATIVO,TRANSACOES_FINANCEIRAS,13751,8b80a202936f9139494638ca407d752d4ab8ea65771f0761e21b26aedeb71688
TR-13752,2025-01-20,2025-01-01,OP,1000069,RECEITA,2081.0430761227162,2043.5883526633922,BRL,Custo operacional associado a OP,8,TED,ATRASADO,58be6bc5-0a1f-4bd4-a840-78cae5cdb36e,2025-02-05,ERP_CORPORATIVO,TRANSACOES_FINANCEIRAS,13752,66f1fd4a543bb91c2ac1b3aa047580cdc120b4ff50cb25d053bc239ecff22c15
TR-13753,2025-01-13,2025-01-01,TI,1000069,DESPESA,1678.15000794297,1652.2962029618197,BRL,Serviço de tecnologia contratado por TI,5,TED,ATRASADO,58be6bc5-0a1f-4bd4-a840-78cae5cdb36e,2025-02-05,ERP_CORPORATIVO,TRANSACOES_FINANCEIRAS,13753,583fe4940657529e0900ca9dfd870d850b801513e2fe74d2dee211e261d4db60
TR-13754,2025-01-27,2025-01-01,COM,1000069,RECEITA,2215.7983881152745,2215.7983881152745,BRL,Consultoria estratégica para área COM,12,BOLETO,PAGO,58be6bc5-0a1f-4bd4-a840-78cae5cdb36e,2025-02-05,ERP_CORPORATIVO,TRANSACOES_FINANCEIRAS,13754,b70f1ea1c73c4b8528483badba7a21672bb363e3b260c63f3e4d5a192ad6304f
TR-13755,2025-01-08,2025-01-01,ATD,1000069,DESPESA,2029.2020258710918,2029.2020258710918,BRL,Manutenção estrutural vinculada à área ATD,3,PIX,PAGO,58be6bc5-0a1f-4bd4-a840-78cae5cdb36e,2025-02-05,ERP_CORPORATIVO,TRANSACOES_FINANCEIRAS,13755,68076d0c3566c711e199105e82b8addf08613e8c79b508acb40cbfaf97a5c090
TR-13756,2025-01-06,2025-01-01,LOG,1000069,DESPESA,1782.5255406901422,1782.5255406901422,BRL,Apólice de seguro - LOG,21,PIX,PAGO,58be6bc5-0a1f-4bd4-a840-78cae5cdb36e,2025-02-05,ERP_CORPORATIVO,TRANSACOES_FINANCEIRAS,13756,0de59fbcfd648dd532059fa82a2cce39e113370f3b355a2baae79c79b24cb1d3
TR-14150,2025-01-21,2025-01-01,PES,ACC-00075,RECEITA,3612.892017626087,3460.4477906326965,BRL,Imposto sobre venda apurado em PES,40,TRANSFERENCIA,PAGO,58be6bc5-0a1f-4bd4-a840-78cae5cdb36e,2025-02-05,ERP_CORPORATIVO,TRANSACOES_FINANCEIRAS,14150,7333cacb32b68d391f17a2e9dd9123907b77fa8c9ed2e4158205a352e7b31df9
TR-14151,2025-01-15,2025-01-01,JUR,ACC-00075,RECEITA,4271.721517187172,4271.721517187172,BRL,Campanha institucional - JUR,4,PIX,PAGO,58be6bc5-0a1f-4bd4-a840-78cae5cdb36e,2025-02-05,ERP_CORPORATIVO,TRANSACOES_FINANCEIRAS,14151,99ba72dee4883e112d124ae03dbf49ae8d125f4388f4dd36d17c9faa49d54929
TR-14152,2025-01-24,2025-01-01,COMP,ACC-00075,RECEITA,4350.95091573366,4155.421975990868,USD,Consultoria estratégica para área COMP,12,TED,ATRASADO,58be6bc5-0a1f-4bd4-a840-78cae5cdb36e,2025-02-05,ERP_CORPORATIVO,TRANSACOES_FINANCEIRAS,14152,e24db09f7d90c496cac4afc6137739a2f98c8bbf9ab527799a7af0e6c40a6ade
TR-14153,2025-01-27,2025-01-01,ADM,ACC-00075,DESPESA,4746.412938721024,4746.412938721024,BRL,Reparo e conservação de instalações - ADM,10,TRANSFERENCIA,PAGO,58be6bc5-0a1f-4bd4-a840-78cae5cdb36e,2025-02-05,ERP_CORPORATIVO,TRANSACOES_FINANCEIRAS,14153,9dc5c3e086a1145b881da054b3474910f8215ef41e1b2fa32ac48313d7e87701
TR-14154,2025-01-14,2025-01-01,COM,ACC-00075,DESPESA,3947.7880339544686,3947.7880339544686,BRL,Renovação de certificados digitais - COM,26,CARTAO,PAGO,58be6bc5-0a1f-4bd4-a840-78cae5cdb36e,2025-02-05,ERP_CORPORATIVO,TRANSACOES_FINANCEIRAS,14154,31e43bc776116bf63c7531bc375b1fd7093efdf5f08a865619af813272552044
TR-14155,2025-01-10,2025-01-01,SEC,ACC-00075,RECEITA,4504.723099547343,4453.694094128622,BRL,Serviço especializado solicitado por SEC,1,TRANSFERENCIA,PAGO,58be6bc5-0a1f-4bd4-a840-78cae5cdb36e,2025-02-05,ERP_CORPORATIVO,TRANSACOES_FINANCEIRAS,14155,3446cbb176f18dc9c004ec47668208ddefaeece187ff35e80de1874dc7ce412a
TR-14156,2025-01-21,2025-01-01,COM,ACC-00075,DESPESA,3647.528469867681,3647.528469867681,BRL,Investimento em marketing corporativo (COM),4,BOLETO,PAGO,58be6bc5-0a1f-4bd4-a840-78cae5cdb36e,2025-02-05,ERP_CORPORATIVO,TRANSACOES_FINANCEIRAS,14156,c478e31c29f2982713cafc2773b29573c220af79ba58ddb33697aebf66abe29d
TR-14157,2025-01-23,2025-01-01,PES,ACC-00075,RECEITA,3814.6777889368764,3814.6777889368764,BRL,Participação nos resultados vinculada a PES,34,TRANSFERENCIA,PAGO,58be6bc5-0a1f-4bd4-a840-78cae5cdb36e,2025-02-05,ERP_CORPORATIVO,TRANSACOES_FINANCEIRAS,14157,2dfdd086dfd0c465dbd28728d0622c50ec80e505505d73ebe241204f46f3d006
TR-14158,2025-01-08,2025-01-01,CPT,ACC-00075,DESPESA,13428.414609730302,13428.414609730302,BRL,Serviço de tecnologia contratado por CPT,5,TED,PAGO,58be6bc5-0a1f-4bd4-a840-78cae5cdb36e,2025-02-05,ERP_CORPORATIVO,TRANSACOES_FINANCEIRAS,14158,d3904be24aa3bd23a1269930f67344ea3cd86d40986c4b674d80ec69ef34ad15
TR-14159,2025-01-16,2025-01-01,FIN,ACC-00075,DESPESA,3707.5518561640465,3564.5694547583175,BRL,Aquisição de material operacional - FIN,2,BOLETO,ATRASADO,58be6bc5-0a1f-4bd4-a840-78cae5cdb36e,2025-02-05,ERP_CORPORATIVO,TRANSACOES_FINANCEIRAS,14159,439f221d5f9ed4e20214b9fc0b1f75ee671e00c15587a50d9b2fef2254b10b28
TR-14160,2025-01-02,2025-01-01,QAS,ACC-00075,DESPESA,3895.249034313904,3895.249034313904,BRL,Licenciamento de software - QAS,5,TED,PAGO,58be6bc5-0a1f-4bd4-a840-78cae5cdb36e,2025-02-05,ERP_CORPORATIVO,TRANSACOES_FINANCEIRAS,14160,53dbcbc7e84f593ee55fa7459b0012918486ee53e1ba99dd0e1db20beda93070
TR-14369,2025-01-13,2025-01-01,QAS,1000075,RECEITA,3645.0319388056123,3645.0319388056123,BRL,Aquisição de material operacional - QAS,2,TRANSFERENCIA,PAGO,58be6bc5-0a1f-4bd4-a840-78cae5cdb36e,2025-02-05,ERP_CORPORATIVO,TRANSACOES_FINANCEIRAS,14369,a8bdfef4a0f3ab52b60cc7cd1b9d82813ad792f29dba042b557a66696f291095
TR-14370,2025-01-17,2025-01-01,SEC,1000075,DESPESA,4559.514602163556,4491.512501468628,BRL,Material de marketing solicitado por SEC,15,TRANSFERENCIA,PAGO,58be6bc5-0a1f-4bd4-a840-78cae5cdb36e,2025-02-05,ERP_CORPORATIVO,TRANSACOES_FINANCEIRAS,14370,ffae7d9577de39f04c93dd56bfbf0fad45c3387f66943a9bace7f1ef8992a469
TR-14371,2025-01-16,2025-01-01,FIN,1000075,RECEITA,3761.717810502353,3687.090821087365,BRL,Serviço de telefonia e internet - FIN,9,PIX,PAGO,58be6bc5-0a1f-4bd4-a840-78cae5cdb36e,2025-02-05,ERP_CORPORATIVO,TRANSACOES_FINANCEIRAS,14371,0b7674b3bbb8f4a1afd01aa8f500bbc3259ff0f075bd337f1c23dbc72c32d9c2
TR-14372,2025-01-27,2025-01-01,ESG,1000075,DESPESA,3958.694513768758,3958.694513768758,BRL,Serviço de tecnologia contratado por ESG,5,TRANSFERENCIA,CANCELADO,58be6bc5-0a1f-4bd4-a840-78cae5cdb36e,2025-02-05,ERP_CORPORATIVO,TRANSACOES_FINANCEIRAS,14372,882fba7d0f7ebf6720cc608ce8127b09dcd09f11de16b41c38a9ac47c7a43ba3
TR-14373,2025-01-13,2025-01-01,CPT,1000075,RECEITA,3300.1998340302166,3300.1998340302166,BRL,Receita eventual registrada em CPT,37,TRANSFERENCIA,ATRASADO,58be6bc5-0a1f-4bd4-a840-78cae5cdb36e,2025-02-05,ERP_CORPORATIVO,TRANSACOES_FINANCEIRAS,14373,d2598532a17d7b42b65a92f4c74f9fc3dda1761b70b6b4bc7568030e6d6a5ffc
TR-14374,2025-01-14,2025-01-01,CTB,1000075,DESPESA,4326.705573503964,4326.705573503964,BRL,Contrato de consultoria externa - CTB,12,CARTAO,PAGO,58be6bc5-0a1f-4bd4-a840-78cae5cdb36e,2025-02-05,ERP_CORPORATIVO,TRANSACOES_FINANCEIRAS,14374,52fa1936836e4c035a4d65bc9b15f892b5856df05d854be192e5ca099a1ef454
TR-14375,2025-01-01,2025-01-01,COM,1000075,DESPESA,3915.523030944117,3854.557760951226,BRL,Participação nos resultados vinculada a COM,34,TED,ATRASADO,58be6bc5-0a1f-4bd4-a840-78cae5cdb36e,2025-02-05,ERP_CORPORATIVO,TRANSACOES_FINANCEIRAS,14375,2a243bbebc7b13c8809b6dfd15c1bf7b8fa6ee80e5a5ab52fde486faffa9738c
TR-14376,2025-01-13,2025-01-01,SEC,1000075,DESPESA,3997.5688256105946,3997.5688256105946,BRL,Evento corporativo organizado por SEC,14,BOLETO,PAGO,58be6bc5-0a1f-4bd4-a840-78cae5cdb36e,2025-02-05,ERP_CORPORATIVO,TRANSACOES_FINANCEIRAS,14376,05ed375bc8887fc58f876d6a822ae320c78e96a536035fd26b556f58a56c50b8
TR-14377,2025-01-20,2025-01-01,TI,1000075,DESPESA,4107.603189359327,3969.3105138927017,BRL,Alienação de bem patrimonial - TI,35,TED,PAGO,58be6bc5-0a1f-4bd4-a840-78cae5cdb36e,2025-02-05,ERP_CORPORATIVO,TRANSACOES_FINANCEIRAS,14377,fdb1b74756e6f9fcc14d9e81943ef59a965c7e9cbfa743a8455b54c76de28b19
TR-14378,2025-01-20,2025-01-01,JUR,1000075,RECEITA,3516.762909888308,3374.9435524110027,BRL,Contrato de serviço - setor JUR,1,PIX,PAGO,58be6bc5-0a1f-4bd4-a840-78cae5cdb36e,2025-02-05,ERP_CORPORATIVO,TRANSACOES_FINANCEIRAS,14378,8e992842f672f6f9195fb7d20309bee2a956772a84d6989a0ab97fa01ef96811
TR-14379,2025-01-09,2025-01-01,OP,1000075,RECEITA,4443.545297830009,4253.250615512777,BRL,Despesa operacional - OP,8,TRANSFERENCIA,PAGO,58be6bc5-0a1f-4bd4-a840-78cae5cdb36e,2025-02-05,ERP_CORPORATIVO,TRANSACOES_FINANCEIRAS,14379,0c2a81877f8e1ad0adc97c1fa9b8f899f8046657a869679fb47ed028a470aca5
TR-14380,2025-01-28,2025-01-01,COM,1000075,DESPESA,3919.610592586187,3919.610592586187,BRL,Custo operacional associado a COM,8,TED,PAGO,58be6bc5-0a1f-4bd4-a840-78cae5cdb36e,2025-02-05,ERP_CORPORATIVO,TRANSACOES_FINANCEIRAS,14380,15aa4e88a0f5900b84abb8cfa583ef2c6692dc4839a15bbdd0ee892d5a1c0d16
TR-14381,2025-01-14,2025-01-01,COMP,1000075,DESPESA,5216.6843197684,5216.6843197684,BRL,Licença de software para área COMP,27,TRANSFERENCIA,PAGO,58be6bc5-0a1f-4bd4-a840-78cae5cdb36e,2025-02-05,ERP_CORPORATIVO,TRANSACOES_FINANCEIRAS,14381,c202b3b9056ca45ed262f1c30b05e6a7d5416105e296d85545f2660a160b6535
TR-14382,2025-01-13,2025-01-01,COMP,1000075,DESPESA,3952.6356669828206,3952.6356669828206,BRL,Contrato de serviço - setor COMP,1,TED,PAGO,58be6bc5-0a1f-4bd4-a840-78cae5cdb36e,2025-02-05,ERP_CORPORATIVO,TRANSACOES_FINANCEIRAS,14382,0a0b7d8f04e6f82c72f5f9596918c5d96545a1e3634a7c0216d9bf2a06339a26
TR-14383,2025-01-20,2025-01-01,OP,1000075,DESPESA,3988.3797504714457,3988.3797504714457,BRL,Contrato de serviço - setor OP,1,PIX,PAGO,58be6bc5-0a1f-4bd4-a840-78cae5cdb36e,2025-02-05,ERP_CORPORATIVO,TRANSACOES_FINANCEIRAS,14383,05c4e7992b72ccf9d74a2498dda22fbf74633fb5a6fa5028e3674876cd098ac8
TR-14626,2025-01-15,2025-01-01,COM,ACC-00077,DESPESA,1482.6235646833004,1482.6235646833004,BRL,Honorários profissionais contratados por COM,11,CARTAO,ATRASADO,58be6bc5-0a1f-4bd4-a840-78cae5cdb36e,2025-02-05,ERP_CORPORATIVO,TRANSACOES_FINANCEIRAS,14626,b4e7fad143ec23a8801df2377fd8f0cf174769735722187541150aad103094e3
TR-14627,2025-01-02,2025-01-01,PRD,ACC-00077,RECEITA,1642.0481453725263,1642.0481453725263,BRL,Honorários jurídicos - PRD,7,TED,PAGO,58be6bc5-0a1f-4bd4-a840-78cae5cdb36e,2025-02-05,ERP_CORPORATIVO,TRANSACOES_FINANCEIRAS,14627,735238e2e3bbb4f8976d912b9ac604e1f727b5c9bb919f9862437d2907e447cb
TR-14628,2025-01-08,2025-01-01,COMP,ACC-00077,DESPESA,2471.838953260255,2471.838953260255,BRL,Recebimento de subvenção - COMP,36,BOLETO,PAGO,58be6bc5-0a1f-4bd4-a840-78cae5cdb36e,2025-02-05,ERP_CORPORATIVO,TRANSACOES_FINANCEIRAS,14628,0817a96f6b1c06399197e27e07a0e7496b2aadc1a2650d86786baa2259a24b87
TR-15007,2025-01-14,2025-01-01,COM,ACC-00079,RECEITA,4284.29875476994,4167.733785382496,BRL,Promoção e atividade externa - COM,14,TED,PAGO,58be6bc5-0a1f-4bd4-a840-78cae5cdb36e,2025-02-05,ERP_CORPORATIVO,TRANSACOES_FINANCEIRAS,15007,d60cfcba54a1251b65062e1f0f0d8ada89af8811a4fb1d742ee5ea873dbdcc8c
TR-15008,2025-01-22,2025-01-01,ESG,ACC-00079,DESPESA,4360.929129182291,4266.671505006093,BRL,Serviço especializado solicitado por ESG,1,BOLETO,PAGO,58be6bc5-0a1f-4bd4-a840-78cae5cdb36e,2025-02-05,ERP_CORPORATIVO,TRANSACOES_FINANCEIRAS,15008,5608d5b43d24b9b91c5a6639e3ac71d14bdce408933859a76a475867c2987861
TR-15009,2025-01-20,2025-01-01,COM,ACC-00079,DESPESA,3846.2677894197623,3846.2677894197623,BRL,Diária de hotel para equipe COM,19,TRANSFERENCIA,ATRASADO,58be6bc5-0a1f-4bd4-a840-78cae5cdb36e,2025-02-05,ERP_CORPORATIVO,TRANSACOES_FINANCEIRAS,15009,090733bbc29cc20837b40a3872d58aa7776c1aad14df797f1e83ec491d774daf
TR-15010,2025-01-07,2025-01-01,RH,ACC-00079,DESPESA,3967.0300487779605,3795.290722363115,BRL,Receita de aluguel creditada em RH,31,TRANSFERENCIA,ATRASADO,58be6bc5-0a1f-4bd4-a840-78cae5cdb36e,2025-02-05,ERP_CORPORATIVO,TRANSACOES_FINANCEIRAS,15010,f2d6dcfdc6d90ae0f21c4621955742f12ecd61cfb07ce39a7a5dd61086d4f135
TR-15011,2025-01-27,2025-01-01,OP,ACC-00079,DESPESA,3642.889388500406,3642.889388500406,BRL,Combustível e lubrificantes para frota (OP),16,BOLETO,PAGO,58be6bc5-0a1f-4bd4-a840-78cae5cdb36e,2025-02-05,ERP_CORPORATIVO,TRANSACOES_FINANCEIRAS,15011,be045cd2e0017a6f1fbaf86b2435da43679f0b04875ff5ca5cb251d35a5914c0
TR-15012,2025-01-22,2025-01-01,COMP,ACC-00079,RECEITA,4449.059252634702,4449.059252634702,BRL,Reparo de frota vinculado à área COMP,17,TED,PAGO,58be6bc5-0a1f-4bd4-a840-78cae5cdb36e,2025-02-05,ERP_CORPORATIVO,TRANSACOES_FINANCEIRAS,15012,66954774e7f069aa1e930f9d844d607ba4728769b6c1d25b8ad22866c0daafda
TR-15013,2025-01-13,2025-01-01,PES,ACC-00079,DESPESA,4714.007735423726,4714.007735423726,BRL,Material de marketing solicitado por PES,15,PIX,PAGO,58be6bc5-0a1f-4bd4-a840-78cae5cdb36e,2025-02-05,ERP_CORPORATIVO,TRANSACOES_FINANCEIRAS,15013,200a67773664022d4334d017221e3e09a16a2c1c54e422e94978b1a3d82e4f49
TR-15014,2025-01-27,2025-01-01,TI,ACC-00079,DESPESA,4239.794214911561,4239.794214911561,EUR,Serviço de tecnologia contratado por TI,5,TED,PAGO,58be6bc5-0a1f-4bd4-a840-78cae5cdb36e,2025-02-05,ERP_CORPORATIVO,TRANSACOES_FINANCEIRAS,15014,cb6c0afc3b535b09af5b0b44d008085fdfa0ef6661f396bac25b38f600600398
TR-15015,2025-01-21,2025-01-01,CPT,ACC-00079,RECEITA,6053.838130864083,6053.838130864083,BRL,Participação nos resultados vinculada a CPT,34,TED,PAGO,58be6bc5-0a1f-4bd4-a840-78cae5cdb36e,2025-02-05,ERP_CORPORATIVO,TRANSACOES_FINANCEIRAS,15015,0ae6dd44eaacd3c52886d4e07d9cae41ffda70195579df7a16a590a5feca0acc
TR-15016,2025-01-08,2025-01-01,PJT,ACC-00079,DESPESA,4720.688069282216,4581.817210796854,BRL,Receita eventual registrada em PJT,37,CARTAO,PAGO,58be6bc5-0a1f-4bd4-a840-78cae5cdb36e,2025-02-05,ERP_CORPORATIVO,TRANSACOES_FINANCEIRAS,15016,0597ef00947ad791f2960fa2d51ce9ca79154da1347e331172dae4f7d6a777fd
TR-15017,2025-01-13,2025-01-01,MKT,ACC-00079,DESPESA,4171.170589347664,4171.170589347664,BRL,Diária de hotel para equipe MKT,19,TED,PAGO,58be6bc5-0a1f-4bd4-a840-78cae5cdb36e,2025-02-05,ERP_CORPORATIVO,TRANSACOES_FINANCEIRAS,15017,56b6decb0fefd5bb20251ff785acac04b1433809e61b50ccd53da21fd5e81090
TR-15018,2025-01-13,2025-01-01,COMP,ACC-00079,RECEITA,3160.859317781515,3160.859317781515,BRL,Consultoria estratégica para área COMP,12,CARTAO,PAGO,58be6bc5-0a1f-4bd4-a840-78cae5cdb36e,2025-02-05,ERP_CORPORATIVO,TRANSACOES_FINANCEIRAS,15018,4620803d385eb19d4fca5dae60c21ca40a86d7b79b666edda66c33bc1d70f125
TR-15019,2025-01-27,2025-01-01,COM,ACC-00079,DESPESA,3476.2563416942926,3337.252075416366,BRL,Despesa operacional - COM,8,CARTAO,PAGO,58be6bc5-0a1f-4bd4-a840-78cae5cdb36e,2025-02-05,ERP_CORPORATIVO,TRANSACOES_FINANCEIRAS,15019,4fcf6b9fb453137e400660194f3abc9ab88aa59a8473311ed882bddf332aa6ad
TR-15020,2025-01-14,2025-01-01,LOG,ACC-00079,RECEITA,3709.5726257577658,3709.5726257577658,BRL,Receita de comissão comercial - LOG,33,PIX,ATRASADO,58be6bc5-0a1f-4bd4-a840-78cae5cdb36e,2025-02-05,ERP_CORPORATIVO,TRANSACOES_FINANCEIRAS,15020,69e172ddabe8962f00f80b2c150b8b8d30827161b9b6f2f6413be8627481a410
TR-15021,2025-01-15,2025-01-01,COMP,ACC-00079,DESPESA,4121.604018457287,4121.604018457287,BRL,Contrato de serviço - setor COMP,1,BOLETO,PAGO,58be6bc5-0a1f-4bd4-a840-78cae5cdb36e,2025-02-05,ERP_CORPORATIVO,TRANSACOES_FINANCEIRAS,15021,12f06b73861dd8ba2a8c051043b14091adc2fb9ff4c5287e7cca5f88abc4668f
TR-15022,2025-01-08,2025-01-01,ESG,ACC-00079,RECEITA,3721.5244411613576,3616.3750484013917,BRL,Despesa operacional - ESG,8,BOLETO,PAGO,58be6bc5-0a1f-4bd4-a840-78cae5cdb36e,2025-02-05,ERP_CORPORATIVO,TRANSACOES_FINANCEIRAS,15022,1731e72c57b370d93cb297b1b8e62773ec6cd159ebb14347a680736901f09055
TR-15023,2025-01-13,2025-01-01,FIN,ACC-00079,RECEITA,3770.8047454767493,3770.8047454767493,BRL,Honorarium advocatício - FIN,24,CARTAO,PAGO,58be6bc5-0a1f-4bd4-a840-78cae5cdb36e,2025-02-05,ERP_CORPORATIVO,TRANSACOES_FINANCEIRAS,15023,b346d9efc803b81fcad43f5cb9a6d28ab0d5694b767c6196bae35996c50ba3a8
TR-15024,2025-01-13,2025-01-01,COM,ACC-00079,RECEITA,4516.2238783249395,4516.2238783249395,BRL,Prestação de serviço para área COM,1,PIX,PAGO,58be6bc5-0a1f-4bd4-a840-78cae5cdb36e,2025-02-05,ERP_CORPORATIVO,TRANSACOES_FINANCEIRAS,15024,67411dd5d373b3d6324b1c93bea29ec04aec394cc9a523079ab0b41e1aa124c1
TR-15361,2025-01-21,2025-01-01,RH,1000080,DESPESA,3041.627758220907,3041.627758220907,BRL,Custo operacional associado a RH,8,TED,ATRASADO,58be6bc5-0a1f-4bd4-a840-78cae5cdb36e,2025-02-05,ERP_CORPORATIVO,TRANSACOES_FINANCEIRAS,15361,1b871fe955933521f5b896fba7c06a43c6bb01167743e203ea2b9fbe72244ed5
TR-15362,2025-01-10,2025-01-01,ATD,1000080,DESPESA,2116.8647491171223,2116.8647491171223,BRL,Custo operacional associado a ATD,8,PIX,ATRASADO,58be6bc5-0a1f-4bd4-a840-78cae5cdb36e,2025-02-05,ERP_CORPORATIVO,TRANSACOES_FINANCEIRAS,15362,0cf0a6a70dda6106c411d722b8a78d431b113c741be790cd2127932c29dd8c91
TR-15363,2025-01-13,2025-01-01,OP,1000080,DESPESA,5076.5349465366035,5031.84779321937,BRL,Treinamento corporativo para equipe OP,30,TRANSFERENCIA,PAGO,58be6bc5-0a1f-4bd4-a840-78cae5cdb36e,2025-02-05,ERP_CORPORATIVO,TRANSACOES_FINANCEIRAS,15363,22c98e02d23043b610f91883e63db26013bb2c362059b688e4d0dc93acb4d123
TR-15364,2025-01-27,2025-01-01,COMP,1000080,DESPESA,2303.511053905182,2218.4570780817016,USD,Contrato de serviço - setor COMP,1,PIX,PAGO,58be6bc5-0a1f-4bd4-a840-78cae5cdb36e,2025-02-05,ERP_CORPORATIVO,TRANSACOES_FINANCEIRAS,15364,7306fd1fce2b433d7cbed81c14e2f4d97081876191be7a8da117b62f21791bb2
TR-15365,2025-01-13,2025-01-01,OP,1000080,DESPESA,2468.625838967724,2468.625838967724,BRL,Apólice de seguro - OP,21,TED,PAGO,58be6bc5-0a1f-4bd4-a840-78cae5cdb36e,2025-02-05,ERP_CORPORATIVO,TRANSACOES_FINANCEIRAS,15365,6614cdceb5a22de66db9ef247e881a67082567a8e03a123a67283c392faafde7
TR-15366,2025-01-09,2025-01-01,ESG,1000080,DESPESA,2408.7449990803734,2408.7449990803734,BRL,Produção de material gráfico - ESG,15,PIX,PAGO,58be6bc5-0a1f-4bd4-a840-78cae5cdb36e,2025-02-05,ERP_CORPORATIVO,TRANSACOES_FINANCEIRAS,15366,32ca457e8b5ccd5e5bd98442a99490ab45f855b4479c10c1d3dd2d3fd07c20b4
TR-15367,2025-01-14,2025-01-01,COM,1000080,DESPESA,2202.8747903110307,2162.7285796320275,BRL,Imposto sobre venda apurado em COM,40,TRANSFERENCIA,PAGO,58be6bc5-0a1f-4bd4-a840-78cae5cdb36e,2025-02-05,ERP_CORPORATIVO,TRANSACOES_FINANCEIRAS,15367,12cfdd21653a30d7f10fbeb7d8de1ae34370dcf3349b0224a812df5e4bc3058a
TR-15368,2025-01-24,2025-01-01,RH,1000080,DESPESA,2411.6319164235183,2411.6319164235183,BRL,Despesa operacional - RH,8,TRANSFERENCIA,PAGO,58be6bc5-0a1f-4bd4-a840-78cae5cdb36e,2025-02-05,ERP_CORPORATIVO,TRANSACOES_FINANCEIRAS,15368,154994af6c8956110b834a5c70575b79e84e8b03da8cb09dcd98c3cc0808d543
TR-15369,2025-01-17,2025-01-01,CPT,1000080,RECEITA,2339.343650379058,2285.213894207778,BRL,Venda de ativo imobilizado por CPT,35,BOLETO,PAGO,58be6bc5-0a1f-4bd4-a840-78cae5cdb36e,2025-02-05,ERP_CORPORATIVO,TRANSACOES_FINANCEIRAS,15369,b9cd0b1fdaa9e7ad87e361bebbeabec5a279634f72ddd12f3ad74f8a91ef2b60
TR-15370,2025-01-20,2025-01-01,TI,1000080,DESPESA,7911.342267976172,7911.342267976172,BRL,Alimentação em viagem corporativa - TI,20,TRANSFERENCIA,PAGO,58be6bc5-0a1f-4bd4-a840-78cae5cdb36e,2025-02-05,ERP_CORPORATIVO,TRANSACOES_FINANCEIRAS,15370,b7e7649a72c60add335cfd95354f871ea96be35e1d73207d2a7c8457386cfb45
TR-15371,2025-01-13,2025-01-01,TI,1000080,DESPESA,2598.4149949611624,2559.833625092207,BRL,Abastecimento de veículos - TI,16,TRANSFERENCIA,CANCELADO,58be6bc5-0a1f-4bd4-a840-78cae5cdb36e,2025-02-05,ERP_CORPORATIVO,TRANSACOES_FINANCEIRAS,15371,c1d85f41178c5b7f4098d5c14144cd8c93a49a836a9dd1dbd6471d43f82fce49
TR-15372,2025-01-08,2025-01-01,RH,1000080,DESPESA,2973.0598360916824,2900.0332955817726,BRL,Licenciamento de software - RH,5,TED,PAGO,58be6bc5-0a1f-4bd4-a840-78cae5cdb36e,2025-02-05,ERP_CORPORATIVO,TRANSACOES_FINANCEIRAS,15372,5168c65a1a0049cd34254cd250aa94647a37aba1fb9e834c8a494ff810152be3
TR-15373,2025-01-28,2025-01-01,OP,1000080,RECEITA,1915.8176137154815,1850.0818126071108,BRL,Apólice de seguro - OP,21,PIX,ATRASADO,58be6bc5-0a1f-4bd4-a840-78cae5cdb36e,2025-02-05,ERP_CORPORATIVO,TRANSACOES_FINANCEIRAS,15373,f29b873112a9073b17230737a6625c3b09d8d8f685e63afa718662578c1d5abf
TR-15374,2025-01-13,2025-01-01,CTB,1000080,DESPESA,2639.020012682458,2639.020012682458,BRL,Investimento em marketing corporativo (CTB),4,BOLETO,PAGO,58be6bc5-0a1f-4bd4-a840-78cae5cdb36e,2025-02-05,ERP_CORPORATIVO,TRANSACOES_FINANCEIRAS,15374,bab88e24b9934a94abd2720463d009b391228c4ffc33d2dcead3a19b39944e54
TR-15375,2025-01-20,2025-01-01,TI,1000080,DESPESA,2473.8382700466977,2441.8611586847587,BRL,Licença de software para área TI,27,CARTAO,CANCELADO,58be6bc5-0a1f-4bd4-a840-78cae5cdb36e,2025-02-05,ERP_CORPORATIVO,TRANSACOES_FINANCEIRAS,15375,9f7ddc6fdcf200bf9f9892b92d2601314fa21f34a5335fa2f8d3a389e424c305
TR-15376,2025-01-20,2025-01-01,JUR,1000080,DESPESA,2154.0635616235118,2154.0635616235118,BRL,Devolução de venda processada por JUR,39,BOLETO,ATRASADO,58be6bc5-0a1f-4bd4-a840-78cae5cdb36e,2025-02-05,ERP_CORPORATIVO,TRANSACOES_FINANCEIRAS,15376,f4c4f61f54a6e5bf982d34df43709ed66921cbfdcf2fd579097f33502a6e7895
TR-15377,2025-01-07,2025-01-01,QAS,1000080,DESPESA,4611.921715546623,4611.921715546623,BRL,Abastecimento de veículos - QAS,16,BOLETO,PAGO,58be6bc5-0a1f-4bd4-a840-78cae5cdb36e,2025-02-05,ERP_CORPORATIVO,TRANSACOES_FINANCEIRAS,15377,067d8ed12d542a5e14415437353281e9802c8637d90ee8589ca9734cb8960ad9
TR-15378,2025-01-16,2025-01-01,COMP,1000080,DESPESA,2533.8244066927523,2502.825073718487,USD,Serviço relacionado a recursos humanos (COMP),6,BOLETO,PAGO,58be6bc5-0a1f-4bd4-a840-78cae5cdb36e,2025-02-05,ERP_CORPORATIVO,TRANSACOES_FINANCEIRAS,15378,f25e34b3798b3250ae30a615ac3e6cc2973cddb7968598df7c772f1a0619fefd
TR-15379,2025-01-07,2025-01-01,RH,1000080,RECEITA,2331.6520925775208,2331.6520925775208,BRL,Licenciamento de software - RH,5,BOLETO,PAGO,58be6bc5-0a1f-4bd4-a840-78cae5cdb36e,2025-02-05,ERP_CORPORATIVO,TRANSACOES_FINANCEIRAS,15379,c0eb87431397f56de63c9dd7b229a92be8887a1d720019b009c77d6f3d87ca50
TR-15618,2025-01-15,2025-01-01,CTB,1000081,RECEITA,1746.325047662134,1746.325047662134,BRL,Contrato de serviço - setor CTB,1,TED,PAGO,58be6bc5-0a1f-4bd4-a840-78cae5cdb36e,2025-02-05,ERP_CORPORATIVO,TRANSACOES_FINANCEIRAS,15618,974193bb4ea62c0bfd9960064f311743468dbfe7aa34b6fd38bca5c680d3434c
TR-15619,2025-01-21,2025-01-01,FIN,1000081,DESPESA,2104.6539064706976,2104.6539064706976,BRL,Honorários profissionais contratados por FIN,11,TED,PAGO,58be6bc5-0a1f-4bd4-a840-78cae5cdb36e,2025-02-05,ERP_CORPORATIVO,TRANSACOES_FINANCEIRAS,15619,80f850458f97662bb29081526fe34a0d63cdc552fd7534c4c732e06efd31721d
TR-15620,2025-01-15,2025-01-01,ESG,1000081,RECEITA,1845.085669257818,1845.085669257818,BRL,Contrato de consultoria externa - ESG,12,PIX,PAGO,58be6bc5-0a1f-4bd4-a840-78cae5cdb36e,2025-02-05,ERP_CORPORATIVO,TRANSACOES_FINANCEIRAS,15620,9c8b3993a682b9b58a02d0bc74ae3ab1815534875fc04bd48c6cbff449a0e832
TR-15621,2025-01-06,2025-01-01,FIN,1000081,RECEITA,1863.8802516108756,1863.8802516108756,BRL,Licenciamento de software - FIN,5,TED,PAGO,58be6bc5-0a1f-4bd4-a840-78cae5cdb36e,2025-02-05,ERP_CORPORATIVO,TRANSACOES_FINANCEIRAS,15621,ac079a0adc957feadea20662f75ec92395cd50b946fd9a2aa011a4e395def8c2
TR-15622,2025-01-20,2025-01-01,PRD,1000081,RECEITA,7225.0992955845095,7225.0992955845095,BRL,Recebimento de subvenção - PRD,36,CARTAO,PAGO,58be6bc5-0a1f-4bd4-a840-78cae5cdb36e,2025-02-05,ERP_CORPORATIVO,TRANSACOES_FINANCEIRAS,15622,cde7480a1c96da16186265eab58ba9f78feff4196b75a9ba8fef33d07b9fe658
TR-15623,2025-01-20,2025-01-01,OP,1000081,DESPESA,2324.5915132933733,2259.509308177568,BRL,Locação de espaço comercial - OP,31,BOLETO,ATRASADO,58be6bc5-0a1f-4bd4-a840-78cae5cdb36e,2025-02-05,ERP_CORPORATIVO,TRANSACOES_FINANCEIRAS,15623,a3ea9411f5923e1801bd0edb144db31deec9928fa8b3f1c7f0dc97fd42d87420
TR-15624,2025-01-13,2025-01-01,FIN,1000081,RECEITA,2002.8942384161182,2002.8942384161182,BRL,Investimento em marketing corporativo (FIN),4,TRANSFERENCIA,PAGO,58be6bc5-0a1f-4bd4-a840-78cae5cdb36e,2025-02-05,ERP_CORPORATIVO,TRANSACOES_FINANCEIRAS,15624,f3b39d518a3fb78bc4bd8ae0f0963ac60f61a8eeb3d89697bd6b4bae5ab4aff6
TR-15625,2025-01-06,2025-01-01,PJT,1000081,RECEITA,2218.0608348479063,2218.0608348479063,BRL,Contrato de conectividade para área PJT,9,TRANSFERENCIA,PAGO,58be6bc5-0a1f-4bd4-a840-78cae5cdb36e,2025-02-05,ERP_CORPORATIVO,TRANSACOES_FINANCEIRAS,15625,de13c780181bb55cf7f27c66b6d51d0e01cc239188a677f43dcf7ea59ae1bf86
TR-15626,2025-01-08,2025-01-01,OP,1000081,DESPESA,1851.6863408671227,1851.6863408671227,BRL,Despesa operacional - OP,8,TED,ATRASADO,58be6bc5-0a1f-4bd4-a840-78cae5cdb36e,2025-02-05,ERP_CORPORATIVO,TRANSACOES_FINANCEIRAS,15626,d31ee7b0327d15c47cef2f25bc7949b09292c1e70ccf7d638b44dce2c2a11903
TR-15627,2025-01-24,2025-01-01,COM,1000081,DESPESA,6141.6305828966315,6141.6305828966315,BRL,Produção de material gráfico - COM,15,PIX,ATRASADO,58be6bc5-0a1f-4bd4-a840-78cae5cdb36e,2025-02-05,ERP_CORPORATIVO,TRANSACOES_FINANCEIRAS,15627,5f6f8fdf2d9882b7f88df68cc7fdb441113d3368e7ecbb957020e43eaf26149b
TR-15628,2025-01-17,2025-01-01,PJT,1000081,RECEITA,1984.0398335976774,1984.0398335976774,BRL,Despesa de refeição em deslocamento (PJT),20,TED,PAGO,58be6bc5-0a1f-4bd4-a840-78cae5cdb36e,2025-02-05,ERP_CORPORATIVO,TRANSACOES_FINANCEIRAS,15628,511c21e747ed300dffbc4cda345432fc68a1745c4dcdf300cab67543444e12f4
TR-15629,2025-01-21,2025-01-01,JUR,1000081,RECEITA,1805.7309977426844,1778.6470815033863,BRL,Serviço especializado solicitado por JUR,1,BOLETO,PAGO,58be6bc5-0a1f-4bd4-a840-78cae5cdb36e,2025-02-05,ERP_CORPORATIVO,TRANSACOES_FINANCEIRAS,15629,d863fbc461b1015be31b6f8aa546525eb3a8542ce0eb6042910ffbf375b15c33
TR-15630,2025-01-09,2025-01-01,VND,1000081,DESPESA,1882.8913228292263,1882.8913228292263,BRL,Manutenção estrutural vinculada à área VND,3,TRANSFERENCIA,PAGO,58be6bc5-0a1f-4bd4-a840-78cae5cdb36e,2025-02-05,ERP_CORPORATIVO,TRANSACOES_FINANCEIRAS,15630,4c4b6165e130771e9fab4888c3740887c84d38ab30fa7d7c12991a6ee7bd3570
TR-15913,2025-01-15,2025-01-01,PRD,ACC-00083,DESPESA,3241.0583672353005,3146.86602707285,BRL,Manutenção estrutural vinculada à área PRD,3,PIX,PAGO,58be6bc5-0a1f-4bd4-a840-78cae5cdb36e,2025-02-05,ERP_CORPORATIVO,TRANSACOES_FINANCEIRAS,15913,ec390647eacbc9c70d115df85ad911ce60ee8a2311dc59d6c1b06976b2c53373
TR-15914,2025-01-15,2025-01-01,QAS,ACC-00083,DESPESA,2537.4839661986452,2537.4839661986452,BRL,Contrato de serviço - setor QAS,1,PIX,PAGO,58be6bc5-0a1f-4bd4-a840-78cae5cdb36e,2025-02-05,ERP_CORPORATIVO,TRANSACOES_FINANCEIRAS,15914,845f87cde16f5fbf40b62cf85c0f68df1c72ff94b23f0726415012517b90cc83
TR-15915,2025-01-10,2025-01-01,MKT,ACC-00083,DESPESA,2729.1861664158605,2635.334053991279,BRL,Serviço especializado solicitado por MKT,1,TRANSFERENCIA,CANCELADO,58be6bc5-0a1f-4bd4-a840-78cae5cdb36e,2025-02-05,ERP_CORPORATIVO,TRANSACOES_FINANCEIRAS,15915,753d4c677b9ab21450b69e2359309da3f624b3e8fd7e6cf524dffa76e519561d
TR-15916,2025-01-14,2025-01-01,MKT,ACC-00083,DESPESA,2975.221215516371,2850.688665176631,BRL,Despesa de RH - MKT,6,PIX,CANCELADO,58be6bc5-0a1f-4bd4-a840-78cae5cdb36e,2025-02-05,ERP_CORPORATIVO,TRANSACOES_FINANCEIRAS,15916,e632eb4f843482499b5f8f144c6e586edc9f743b9e3ba81cf64a97c925be2d1d
TR-15917,2025-01-14,2025-01-01,JUR,ACC-00083,DESPESA,3047.2465641012705,2933.511160178877,BRL,Receita de aluguel creditada em JUR,31,BOLETO,ATRASADO,58be6bc5-0a1f-4bd4-a840-78cae5cdb36e,2025-02-05,ERP_CORPORATIVO,TRANSACOES_FINANCEIRAS,15917,6d135e37fc3385cd3b60645aa7c3474a820668b3fc24b0488e30f96319731467
TR-15918,2025-01-06,2025-01-01,COM,ACC-00083,DESPESA,2690.407853986043,2645.887713228027,BRL,Aquisição de material operacional - COM,2,TED,PAGO,58be6bc5-0a1f-4bd4-a840-78cae5cdb36e,2025-02-05,ERP_CORPORATIVO,TRANSACOES_FINANCEIRAS,15918,49a2185f4cf864d621b4fb195f1c94099ad808b4c7d31ae991ebdad2beb9e22b
TR-15919,2025-01-22,2025-01-01,COM,ACC-00083,RECEITA,2715.9362254908838,2715.9362254908838,BRL,Assessoria legal vinculada à área COM,7,PIX,ATRASADO,58be6bc5-0a1f-4bd4-a840-78cae5cdb36e,2025-02-05,ERP_CORPORATIVO,TRANSACOES_FINANCEIRAS,15919,6786e4abf070f7383e95a7384fdbeaaa555b3df940360e9771b0c6362bee85f9
TR-15920,2025-01-17,2025-01-01,MKT,ACC-00083,RECEITA,2658.464681010249,2658.464681010249,BRL,Serviço relacionado a recursos humanos (MKT),6,TRANSFERENCIA,PAGO,58be6bc5-0a1f-4bd4-a840-78cae5cdb36e,2025-02-05,ERP_CORPORATIVO,TRANSACOES_FINANCEIRAS,15920,cc7cb9fb72c1dd1b402cc3d608e4e0c2c9c39593b8d54e9d949fdc54394e1dfb
TR-15921,2025-01-06,2025-01-01,VND,ACC-00083,RECEITA,2637.8000667296524,2637.8000667296524,BRL,Despesa de infraestrutura - VND,3,TRANSFERENCIA,PAGO,58be6bc5-0a1f-4bd4-a840-78cae5cdb36e,2025-02-05,ERP_CORPORATIVO,TRANSACOES_FINANCEIRAS,15921,46858bf59cc320b0e1716979df735a3abcc6b9c93138212143b6e8f5385348e8
TR-15922,2025-01-24,2025-01-01,OP,ACC-00083,DESPESA,2993.092972120384,2993.092972120384,BRL,Reparo de hardware solicitado por OP,28,CARTAO,PAGO,58be6bc5-0a1f-4bd4-a840-78cae5cdb36e,2025-02-05,ERP_CORPORATIVO,TRANSACOES_FINANCEIRAS,15922,b618b194f8e35f46aa2a4fe440f15446e674b56a5d27879ea5da413cc3574e89
TR-15923,2025-01-16,2025-01-01,OP,ACC-00083,RECEITA,2831.073810894224,2831.073810894224,BRL,Campanha institucional - OP,4,TED,CANCELADO,58be6bc5-0a1f-4bd4-a840-78cae5cdb36e,2025-02-05,ERP_CORPORATIVO,TRANSACOES_FINANCEIRAS,15923,e4fc94e3531e8e2a89abbdd290752aaa1a25be41f59906929f2bd39193677b84
TR-15924,2025-01-13,2025-01-01,TI,ACC-00083,DESPESA,3235.335931466332,3135.5296013848542,BRL,Serviço relacionado a recursos humanos (TI),6,PIX,ATRASADO,58be6bc5-0a1f-4bd4-a840-78cae5cdb36e,2025-02-05,ERP_CORPORATIVO,TRANSACOES_FINANCEIRAS,15924,417c78708b6307cd3e81a6de8b2de22b6c897e850a77f9dfa9bdc1b6a72a474d
TR-16175,2025-01-09,2025-01-01,VND,FORN-00084,RECEITA,4899.214444024486,4899.214444024486,BRL,Receita eventual registrada em VND,37,PIX,ATRASADO,58be6bc5-0a1f-4bd4-a840-78cae5cdb36e,2025-02-05,ERP_CORPORATIVO,TRANSACOES_FINANCEIRAS,16175,9c80e68660f63bb2d955575651e7e1a9e4a01e0d2959b7c43a4a5a1e346e4f97
TR-16176,2025-01-24,2025-01-01,TI,FORN-00084,RECEITA,4834.5059522544125,4834.5059522544125,BRL,Campanha institucional - TI,4,CARTAO,PAGO,58be6bc5-0a1f-4bd4-a840-78cae5cdb36e,2025-02-05,ERP_CORPORATIVO,TRANSACOES_FINANCEIRAS,16176,6cad7d354a605d7e838b1b305516205d4fe622faafdf350fa0807aab422b31ae
TR-16177,2025-01-03,2025-01-01,FIN,FORN-00084,RECEITA,4379.561293578412,4379.561293578412,BRL,Alienação de bem patrimonial - FIN,35,BOLETO,PAGO,58be6bc5-0a1f-4bd4-a840-78cae5cdb36e,2025-02-05,ERP_CORPORATIVO,TRANSACOES_FINANCEIRAS,16177,effee26a05755b6bd8d8b23479228df673355f0943ba43470828aadabcef852b
TR-16313,2025-01-20,2025-01-01,COMP,1000084,DESPESA,3530.7882121205316,3530.7882121205316,BRL,Assessoria legal vinculada à área COMP,7,PIX,PAGO,58be6bc5-0a1f-4bd4-a840-78cae5cdb36e,2025-02-05,ERP_CORPORATIVO,TRANSACOES_FINANCEIRAS,16313,5a33187b2bc750c5f352c4da2b8de2076f27b48d800a3b56a8d1202c4c2226c9
TR-16314,2025-01-15,2025-01-01,FIN,1000084,DESPESA,3194.581314834739,3194.581314834739,BRL,Assessoria legal vinculada à área FIN,7,BOLETO,PAGO,58be6bc5-0a1f-4bd4-a840-78cae5cdb36e,2025-02-05,ERP_CORPORATIVO,TRANSACOES_FINANCEIRAS,16314,5a340d6b054b5e60f4acfbc29d4ba7886475d5e1f35488105f41a09cc588a242
TR-16315,2025-01-20,2025-01-01,MKT,1000084,RECEITA,3956.608197509575,3956.608197509575,BRL,Investimento em marketing corporativo (MKT),4,TRANSFERENCIA,ATRASADO,58be6bc5-0a1f-4bd4-a840-78cae5cdb36e,2025-02-05,ERP_CORPORATIVO,TRANSACOES_FINANCEIRAS,16315,e8d950f721e3790144c9e1534e21409b0258a2d43500443895bbb3d512d39d36
TR-16316,2025-01-06,2025-01-01,PJT,1000084,RECEITA,3904.3786327102193,3805.380462803785,BRL,Receita de aluguel creditada em PJT,31,TED,PAGO,58be6bc5-0a1f-4bd4-a840-78cae5cdb36e,2025-02-05,ERP_CORPORATIVO,TRANSACOES_FINANCEIRAS,16316,80a4f6058f49ddbafbaeea2e3faa698b886f77abdfe67af50c323d8b8bd7d822
TR-16317,2025-01-27,2025-01-01,VND,1000084,DESPESA,3599.550592031411,3599.550592031411,BRL,Despesa de infraestrutura - VND,3,PIX,PAGO,58be6bc5-0a1f-4bd4-a840-78cae5cdb36e,2025-02-05,ERP_CORPORATIVO,TRANSACOES_FINANCEIRAS,16317,0d8c6258926e6b35d33ad16850843667115929ca2a62aac7952988ea17bc154e
TR-16639,2025-01-15,2025-01-01,FIN,1000085,RECEITA,2706.2126428859397,2656.0383171207022,BRL,Seguro contratado pela área FIN,21,BOLETO,ATRASADO,58be6bc5-0a1f-4bd4-a840-78cae5cdb36e,2025-02-05,ERP_CORPORATIVO,TRANSACOES_FINANCEIRAS,16639,9eae100351242a12af469a58ef005a19e91358d60e76be6f03951d2d824d6f9b
TR-16640,2025-01-14,2025-01-01,ESG,1000085,DESPESA,2636.5063770149077,2636.5063770149077,BRL,Contrato de consultoria externa - ESG,12,TED,PAGO,58be6bc5-0a1f-4bd4-a840-78cae5cdb36e,2025-02-05,ERP_CORPORATIVO,TRANSACOES_FINANCEIRAS,16640,75ada7e2af1055409442ee524f364760398776bc69c184a4d4a35f71d82678a9
TR-16641,2025-01-15,2025-01-01,RH,1000085,RECEITA,2286.68697339746,2286.68697339746,BRL,Custo operacional associado a RH,8,TED,PAGO,58be6bc5-0a1f-4bd4-a840-78cae5cdb36e,2025-02-05,ERP_CORPORATIVO,TRANSACOES_FINANCEIRAS,16641,dbad24014ccddb6c553cdf02b877f4c3f6a55a1cf467835a0468923ba58f76e1
TR-16642,2025-01-13,2025-01-01,ADM,1000085,DESPESA,2795.8176059307057,2795.8176059307057,BRL,Promoção e atividade externa - ADM,14,BOLETO,PAGO,58be6bc5-0a1f-4bd4-a840-78cae5cdb36e,2025-02-05,ERP_CORPORATIVO,TRANSACOES_FINANCEIRAS,16642,738e7bee4d2bd37ea11d153352fec89950c2e0f02373624962544478cda52fc2
TR-16643,2025-01-15,2025-01-01,FIN,1000085,DESPESA,3150.481774703279,3150.481774703279,BRL,Receita eventual registrada em FIN,37,TRANSFERENCIA,PAGO,58be6bc5-0a1f-4bd4-a840-78cae5cdb36e,2025-02-05,ERP_CORPORATIVO,TRANSACOES_FINANCEIRAS,16643,7ad6a04abd76431cc51329f838fb02fbf2404a3e7fc16715cc9f3c076a4ed6ff
TR-16644,2025-01-13,2025-01-01,COMP,1000085,DESPESA,3291.4228020313017,3216.501682665384,BRL,Certificado digital adquirido por COMP,26,TRANSFERENCIA,ATRASADO,58be6bc5-0a1f-4bd4-a840-78cae5cdb36e,2025-02-05,ERP_CORPORATIVO,TRANSACOES_FINANCEIRAS,16644,a06efefee7c48e09e351eae3d72a96a4be570f0a1b4025943fbaf3a21e76a244
TR-16645,2025-01-28,2025-01-01,COM,1000085,DESPESA,3045.3812802898724,2994.5013163341146,BRL,Aquisição de material operacional - COM,2,BOLETO,PAGO,58be6bc5-0a1f-4bd4-a840-78cae5cdb36e,2025-02-05,ERP_CORPORATIVO,TRANSACOES_FINANCEIRAS,16645,aa5c4e75de2d112082d366706148eff051f2271c4ec53fddeae63f70ea9ea449
TR-16646,2025-01-09,2025-01-01,CTB,1000085,RECEITA,2558.5918771906486,2442.5834219657545,BRL,Compra de insumos para setor CTB,2,TED,PAGO,58be6bc5-0a1f-4bd4-a840-78cae5cdb36e,2025-02-05,ERP_CORPORATIVO,TRANSACOES_FINANCEIRAS,16646,242ee954d6e87f55a50a68dd4863fc89b0a121ea856fe2c072173949a93fdf68
TR-16647,2025-01-07,2025-01-01,ESG,1000085,DESPESA,2867.7760348754928,2867.7760348754928,BRL,Compra de insumos para setor ESG,2,CARTAO,PAGO,58be6bc5-0a1f-4bd4-a840-78cae5cdb36e,2025-02-05,ERP_CORPORATIVO,TRANSACOES_FINANCEIRAS,16647,7f605360e27904be3e545b5281ea3995379ff42296f92b5e645675ad93604485
TR-16648,2025-01-21,2025-01-01,OP,1000085,DESPESA,2594.826284976447,2489.46797071312,BRL,Treinamento corporativo para equipe OP,30,TED,PAGO,58be6bc5-0a1f-4bd4-a840-78cae5cdb36e,2025-02-05,ERP_CORPORATIVO,TRANSACOES_FINANCEIRAS,16648,2c32bddbcaa8d73f4a87bedf203f54bb56cfc781199912fdeb8f75ea62416d16
TR-16649,2025-01-20,2025-01-01,FIN,1000085,RECEITA,3525.242973443547,3525.242973443547,USD,Comissão recebida por FIN,33,BOLETO,PAGO,58be6bc5-0a1f-4bd4-a840-78cae5cdb36e,2025-02-05,ERP_CORPORATIVO,TRANSACOES_FINANCEIRAS,16649,f95973c02500d0f856dc2f1b11e79ecc5d4c24f2d1d4a6a9a4bab8f3d0ac701d
TR-16650,2025-01-21,2025-01-01,COMP,1000085,RECEITA,2801.8563213589764,2801.8563213589764,BRL,Manutenção estrutural vinculada à área COMP,3,TED,PAGO,58be6bc5-0a1f-4bd4-a840-78cae5cdb36e,2025-02-05,ERP_CORPORATIVO,TRANSACOES_FINANCEIRAS,16650,84671b204204a3f0a4ea15496b243dcb3175bfe3eb581eedc6fec6447c6cd12a
TR-16651,2025-01-15,2025-01-01,ADM,1000085,DESPESA,2772.02921425702,2772.02921425702,BRL,Assessoria legal vinculada à área ADM,7,CARTAO,PAGO,58be6bc5-0a1f-4bd4-a840-78cae5cdb36e,2025-02-05,ERP_CORPORATIVO,TRANSACOES_FINANCEIRAS,16651,f0812b6ea2d7c31d45ec8bc7a0f0f3404e73f9f3dc40ae93eb78801eaf48266c
TR-16652,2025-01-10,2025-01-01,COMP,1000085,DESPESA,3194.058646017686,3058.592438431677,BRL,Despesa operacional - COMP,8,BOLETO,PAGO,58be6bc5-0a1f-4bd4-a840-78cae5cdb36e,2025-02-05,ERP_CORPORATIVO,TRANSACOES_FINANCEIRAS,16652,e29a868829f908d22ccb547d7098e7647778bc7ce107d1e352d958c5290cc8fc
TR-16653,2025-01-24,2025-01-01,QAS,1000085,RECEITA,2901.1251220911463,2766.977251120261,BRL,Manutenção de equipamentos de QAS,28,TRANSFERENCIA,PAGO,58be6bc5-0a1f-4bd4-a840-78cae5cdb36e,2025-02-05,ERP_CORPORATIVO,TRANSACOES_FINANCEIRAS,16653,9bc3cc2995f5ec58424200ded10fff54632ce0433cda8e9b1b11414ea7a48a04
TR-16654,2025-01-21,2025-01-01,COMP,1000085,DESPESA,3241.941061921842,3241.941061921842,BRL,Promoção e atividade externa - COMP,14,TRANSFERENCIA,PAGO,58be6bc5-0a1f-4bd4-a840-78cae5cdb36e,2025-02-05,ERP_CORPORATIVO,TRANSACOES_FINANCEIRAS,16654,165bd98d60d09c7e332097eb7badc2816a538cfc525f115ebcb220a0db8af917
TR-16655,2025-01-20,2025-01-01,COMP,1000085,DESPESA,2603.0800579781326,2547.5075530678237,BRL,Investimento em marketing corporativo (COMP),4,BOLETO,PAGO,58be6bc5-0a1f-4bd4-a840-78cae5cdb36e,2025-02-05,ERP_CORPORATIVO,TRANSACOES_FINANCEIRAS,16655,8c9eab949be5fa254957da23dc52aa72a6e5d59aece109ead444383067f6eac4
TR-16656,2025-01-06,2025-01-01,COMP,1000085,DESPESA,2938.532165559247,2832.911844920679,BRL,Serviço de tecnologia contratado por COMP,5,CARTAO,PAGO,58be6bc5-0a1f-4bd4-a840-78cae5cdb36e,2025-02-05,ERP_CORPORATIVO,TRANSACOES_FINANCEIRAS,16656,37ef90edd34b8c026bc64e50e3657f5d338793a37c7b0ff9a3a749ec12752dba
TR-16657,2025-01-15,2025-01-01,COMP,1000085,DESPESA,3064.0447341010963,2949.788582838073,BRL,Reparo de hardware solicitado por COMP,28,TRANSFERENCIA,PAGO,58be6bc5-0a1f-4bd4-a840-78cae5cdb36e,2025-02-05,ERP_CORPORATIVO,TRANSACOES_FINANCEIRAS,16657,0265f5bacaa91e4779d5d97804062645de83a6bb527399940741856695c15a33
TR-16658,2025-01-13,2025-01-01,RH,1000085,DESPESA,2241.6645090481525,2241.6645090481525,BRL,Prestação de serviço para área RH,1,CARTAO,PAGO,58be6bc5-0a1f-4bd4-a840-78cae5cdb36e,2025-02-05,ERP_CORPORATIVO,TRANSACOES_FINANCEIRAS,16658,1a03fb1dd34b2ddaae0afd9affdb9adb68a7329120a731a79d3fb983031ca11c
TR-16659,2025-01-13,2025-01-01,PES,1000085,DESPESA,2720.3015062403197,2720.3015062403197,BRL,Aquisição de material operacional - PES,2,TRANSFERENCIA,PAGO,58be6bc5-0a1f-4bd4-a840-78cae5cdb36e,2025-02-05,ERP_CORPORATIVO,TRANSACOES_FINANCEIRAS,16659,17686b5f792493b5d2d24db39594334b31d42b830ece1e168c004298a469b5dc
TR-16660,2025-01-07,2025-01-01,COM,1000085,DESPESA,2739.088763991146,2655.203492569348,BRL,Manutenção preventiva de veículos - COM,17,TRANSFERENCIA,PAGO,58be6bc5-0a1f-4bd4-a840-78cae5cdb36e,2025-02-05,ERP_CORPORATIVO,TRANSACOES_FINANCEIRAS,16660,32a8eae2512e9da5a60f4bdb28af1a2e9bd3f3483971e262d58ee36092b3e0c5
TR-16661,2025-01-23,2025-01-01,ADM,1000085,DESPESA,2928.620878336876,2928.620878336876,BRL,Campanha institucional - ADM,4,TRANSFERENCIA,PAGO,58be6bc5-0a1f-4bd4-a840-78cae5cdb36e,2025-02-05,ERP_CORPORATIVO,TRANSACOES_FINANCEIRAS,16661,2769cbe89a62ed976f51151ffe6748722fec3607335df373a138d54cc2dcc685
TR-16662,2025-01-10,2025-01-01,COMP,1000085,DESPESA,2823.547994130197,2727.531832108424,BRL,Assessoria legal vinculada à área COMP,7,TED,PAGO,58be6bc5-0a1f-4bd4-a840-78cae5cdb36e,2025-02-05,ERP_CORPORATIVO,TRANSACOES_FINANCEIRAS,16662,4724d7256b7cfa8db1c610b65aab03e148605ff212825e346d948bb50e3c2310
TR-17036,2025-01-14,2025-01-01,FIN,FORN-00087,RECEITA,2478.5484725736533,2478.5484725736533,BRL,Atendimento de TI requisitado por FIN,29,BOLETO,PAGO,58be6bc5-0a1f-4bd4-a840-78cae5cdb36e,2025-02-05,ERP_CORPORATIVO,TRANSACOES_FINANCEIRAS,17036,115a3f18674375aa6a3d3e17bf8820077102b5546d05cf2655f347d0dd861ba9
TR-17037,2025-01-13,2025-01-01,ADM,FORN-00087,RECEITA,2525.7631131699727,2525.7631131699727,BRL,Serviço de tecnologia contratado por ADM,5,PIX,PAGO,58be6bc5-0a1f-4bd4-a840-78cae5cdb36e,2025-02-05,ERP_CORPORATIVO,TRANSACOES_FINANCEIRAS,17037,910a70f872b67263e6721a25efd9b380314b43bcc7f4b1ecd05366ff9fc6d78c
TR-17038,2025-01-20,2025-01-01,FIN,FORN-00087,RECEITA,2708.7422914613285,2708.7422914613285,BRL,Licença de software para área FIN,27,BOLETO,ATRASADO,58be6bc5-0a1f-4bd4-a840-78cae5cdb36e,2025-02-05,ERP_CORPORATIVO,TRANSACOES_FINANCEIRAS,17038,291afc222fcb9d5436a5bcc5713982d56982eb0f1bfe7ff8b57953a604226ac9
TR-17039,2025-01-21,2025-01-01,PJT,FORN-00087,DESPESA,1203.4791023761532,1203.4791023761532,BRL,Contrato de serviço - setor PJT,1,TRANSFERENCIA,PAGO,58be6bc5-0a1f-4bd4-a840-78cae5cdb36e,2025-02-05,ERP_CORPORATIVO,TRANSACOES_FINANCEIRAS,17039,7019a4d0671c147423491a627cf7b152cea0317eb2426b5020edfbace6abf480
TR-17040,2025-01-10,2025-01-01,SEC,FORN-00087,RECEITA,2490.012882846367,2490.012882846367,EUR,Contrato de serviço - setor SEC,1,TED,PAGO,58be6bc5-0a1f-4bd4-a840-78cae5cdb36e,2025-02-05,ERP_CORPORATIVO,TRANSACOES_FINANCEIRAS,17040,3a1b29c67686a4aee5e7e6618e2678b3f032f5272cc38ebae81ff3221640ea3d
TR-17041,2025-01-09,2025-01-01,FIN,FORN-00087,DESPESA,2141.1457244572593,2141.1457244572593,BRL,Reparo de hardware solicitado por FIN,28,PIX,PAGO,58be6bc5-0a1f-4bd4-a840-78cae5cdb36e,2025-02-05,ERP_CORPORATIVO,TRANSACOES_FINANCEIRAS,17041,1908e7cd3fd51a35159201b7d9aaa5035349671d98f5334b39c63e54408c07dc
TR-17042,2025-01-24,2025-01-01,MKT,FORN-00087,DESPESA,2320.771492881002,2320.771492881002,BRL,Despesa operacional - MKT,8,BOLETO,CANCELADO,58be6bc5-0a1f-4bd4-a840-78cae5cdb36e,2025-02-05,ERP_CORPORATIVO,TRANSACOES_FINANCEIRAS,17042,b8a8e269d2422b60138b40e03f79024f8e4610ef7da5d1237d743a5463ea1249
TR-17043,2025-01-01,2025-01-01,COMP,FORN-00087,DESPESA,2696.117540799179,2696.117540799179,BRL,Despesa de infraestrutura - COMP,3,TED,ATRASADO,58be6bc5-0a1f-4bd4-a840-78cae5cdb36e,2025-02-05,ERP_CORPORATIVO,TRANSACOES_FINANCEIRAS,17043,acfb0d0af4b885b75ff5305872357ebdd1c6e61c77f3855d2ce4dd6af00b38e0
TR-17044,2025-01-16,2025-01-01,FIN,FORN-00087,RECEITA,2953.02731102975,2953.02731102975,BRL,Contrato de SaaS vinculado a FIN,27,TED,CANCELADO,58be6bc5-0a1f-4bd4-a840-78cae5cdb36e,2025-02-05,ERP_CORPORATIVO,TRANSACOES_FINANCEIRAS,17044,862c89f0b97c2092f747e57d19f33bb430992562568936aa8d3eb6d355591f8b
TR-17320,2025-01-09,2025-01-01,RH,1000088,RECEITA,4238.407113397866,4122.324967741823,BRL,Consultoria estratégica para área RH,12,BOLETO,PAGO,58be6bc5-0a1f-4bd4-a840-78cae5cdb36e,2025-02-05,ERP_CORPORATIVO,TRANSACOES_FINANCEIRAS,17320,17ee1ba31eaf3f04fe2aab44354a326672e3896a992b9c61da19867329edf7a9
TR-17321,2025-01-27,2025-01-01,OP,1000088,DESPESA,14323.236208060454,14323.236208060454,BRL,Despesa de infraestrutura - OP,3,TED,PAGO,58be6bc5-0a1f-4bd4-a840-78cae5cdb36e,2025-02-05,ERP_CORPORATIVO,TRANSACOES_FINANCEIRAS,17321,5eb57ade328930f57d12544d466f777ed80794481c86c7d1abcb221ff42693ac
TR-17322,2025-01-06,2025-01-01,QAS,1000088,DESPESA,4471.5772538296305,4471.5772538296305,BRL,Investimento em marketing corporativo (QAS),4,PIX,ATRASADO,58be6bc5-0a1f-4bd4-a840-78cae5cdb36e,2025-02-05,ERP_CORPORATIVO,TRANSACOES_FINANCEIRAS,17322,db0fa6deae124bcadbafb873103df12b1119af8331c142a05d4c0f5a454f59b0
TR-17323,2025-01-06,2025-01-01,OP,1000088,DESPESA,4696.007940582992,4696.007940582992,BRL,Evento corporativo organizado por OP,14,BOLETO,CANCELADO,58be6bc5-0a1f-4bd4-a840-78cae5cdb36e,2025-02-05,ERP_CORPORATIVO,TRANSACOES_FINANCEIRAS,17323,e69d73cefc9b7bc65e09113608ff53650dd1a80b08fff1eac419e65e92ca7b52
TR-17324,2025-01-20,2025-01-01,PJT,1000088,RECEITA,4400.754311474824,4400.754311474824,BRL,Investimento em marketing corporativo (PJT),4,BOLETO,PAGO,58be6bc5-0a1f-4bd4-a840-78cae5cdb36e,2025-02-05,ERP_CORPORATIVO,TRANSACOES_FINANCEIRAS,17324,8caf4ab2506887299dabc62c8f7e19215b08432ac057397ab6180071ead73895
TR-17325,2025-01-14,2025-01-01,ESG,1000088,DESPESA,4168.8047169304755,3984.0928474267457,BRL,Aquisição de material operacional - ESG,2,CARTAO,PAGO,58be6bc5-0a1f-4bd4-a840-78cae5cdb36e,2025-02-05,ERP_CORPORATIVO,TRANSACOES_FINANCEIRAS,17325,b7a3939ce164545f40ebfdf3970cca94844922eec544a72e71a875cf97c35e81
TR-17326,2025-01-15,2025-01-01,OP,1000088,DESPESA,3856.1164941098364,3757.1050681008446,BRL,Publicidade institucional - OP,13,BOLETO,ATRASADO,58be6bc5-0a1f-4bd4-a840-78cae5cdb36e,2025-02-05,ERP_CORPORATIVO,TRANSACOES_FINANCEIRAS,17326,71565db028a4bff66f50c59e57c848b4573da741237aea2296d74fc088a3de9b
TR-17443,2025-01-13,2025-01-01,JUR,1000089,RECEITA,4354.228870947164,4253.457174524428,BRL,Despesa de infraestrutura - JUR,3,BOLETO,CANCELADO,58be6bc5-0a1f-4bd4-a840-78cae5cdb36e,2025-02-05,ERP_CORPORATIVO,TRANSACOES_FINANCEIRAS,17443,32afea1748cb9c81adb3998b3f533467669bb9060cdffca37770908a5d7eb140
TR-17444,2025-01-24,2025-01-01,PRD,1000089,DESPESA,3278.335963658176,3235.9115428078258,BRL,Recebimento de subvenção - PRD,36,BOLETO,CANCELADO,58be6bc5-0a1f-4bd4-a840-78cae5cdb36e,2025-02-05,ERP_CORPORATIVO,TRANSACOES_FINANCEIRAS,17444,055300461b5205b0cd20821271c0716eddb0c30ea2ec1f4a4a1472347285ba56
TR-17445,2025-01-08,2025-01-01,COM,1000089,RECEITA,4204.913139346597,4204.913139346597,BRL,Compra de insumos para setor COM,2,BOLETO,PAGO,58be6bc5-0a1f-4bd4-a840-78cae5cdb36e,2025-02-05,ERP_CORPORATIVO,TRANSACOES_FINANCEIRAS,17445,d36affb8dcacca14130b331816d9225de949d73e753f96a1bf37f8fa24b64e86
TR-17446,2025-01-20,2025-01-01,OP,1000089,DESPESA,4108.005269369781,4108.005269369781,BRL,Contrato de consultoria externa - OP,12,TED,PAGO,58be6bc5-0a1f-4bd4-a840-78cae5cdb36e,2025-02-05,ERP_CORPORATIVO,TRANSACOES_FINANCEIRAS,17446,37d6d7be0f8e035cb608edf96b2ac248ea4586f3fba8445439e6259b744916be
TR-17447,2025-01-14,2025-01-01,COM,1000089,DESPESA,4102.275031895205,4010.5781503264398,BRL,Assessoria legal vinculada à área COM,7,BOLETO,ATRASADO,58be6bc5-0a1f-4bd4-a840-78cae5cdb36e,2025-02-05,ERP_CORPORATIVO,TRANSACOES_FINANCEIRAS,17447,be247dfedae43d1dcf71a2651cac0269f3e2de9d000fa4ccd82d572be1fef30e
TR-17448,2025-01-13,2025-01-01,RH,1000089,RECEITA,3555.8857537431186,3555.8857537431186,BRL,Contrato de serviço - setor RH,1,PIX,PAGO,58be6bc5-0a1f-4bd4-a840-78cae5cdb36e,2025-02-05,ERP_CORPORATIVO,TRANSACOES_FINANCEIRAS,17448,326275964942e5baba3b745027fe383071fdd4360d1402f332a564d4a696426f
TR-17449,2025-01-14,2025-01-01,COMP,1000089,DESPESA,3368.5315652056306,3368.5315652056306,BRL,Abastecimento de veículos - COMP,16,TED,PAGO,58be6bc5-0a1f-4bd4-a840-78cae5cdb36e,2025-02-05,ERP_CORPORATIVO,TRANSACOES_FINANCEIRAS,17449,c11780469efade5b2937df110dab29be09503538be1f0d08026aacfada57b765
TR-17450,2025-01-16,2025-01-01,TI,1000089,RECEITA,4999.41850187159,4999.41850187159,BRL,Viagem corporativa - TI,18,BOLETO,PAGO,58be6bc5-0a1f-4bd4-a840-78cae5cdb36e,2025-02-05,ERP_CORPORATIVO,TRANSACOES_FINANCEIRAS,17450,326b81351826205950110eadfc4e3bfce458551424418c8d57500a792470a19e
TR-17451,2025-01-10,2025-01-01,QAS,1000089,RECEITA,4047.8110356554585,4047.8110356554585,BRL,Imposto sobre venda apurado em QAS,40,TRANSFERENCIA,ATRASADO,58be6bc5-0a1f-4bd4-a840-78cae5cdb36e,2025-02-05,ERP_CORPORATIVO,TRANSACOES_FINANCEIRAS,17451,0a955bea635710cc7758ef9a410dffc92da96f347479ff3c4983cda263efe77f
TR-17452,2025-01-24,2025-01-01,CPT,1000089,DESPESA,4847.574654054454,4761.979402632023,BRL,Diária de hotel para equipe CPT,19,PIX,PAGO,58be6bc5-0a1f-4bd4-a840-78cae5cdb36e,2025-02-05,ERP_CORPORATIVO,TRANSACOES_FINANCEIRAS,17452,82c43cd792abf5a9de6bdfc4d55b5f7fc2db272f38922125a6deb5b3299f92cf
TR-17453,2025-01-07,2025-01-01,ADM,1000089,DESPESA,4371.985879106473,4371.985879106473,BRL,Prestação de serviço para área ADM,1,PIX,ATRASADO,58be6bc5-0a1f-4bd4-a840-78cae5cdb36e,2025-02-05,ERP_CORPORATIVO,TRANSACOES_FINANCEIRAS,17453,2f24287479487e6bf56ca95132ccb48209cc0f13e2d15a2f842387b896021375
TR-17454,2025-01-16,2025-01-01,COM,1000089,RECEITA,4039.5137649368976,4039.5137649368976,BRL,Assessoria legal vinculada à área COM,7,TRANSFERENCIA,PAGO,58be6bc5-0a1f-4bd4-a840-78cae5cdb36e,2025-02-05,ERP_CORPORATIVO,TRANSACOES_FINANCEIRAS,17454,5911c042a85fb74694b2d47a5f3a33c3fcfd51816e587ac89caba296087073e2
TR-17677,2025-01-13,2025-01-01,ESG,1000090,RECEITA,1471.1828315961036,1406.285398032715,BRL,Despesa operacional - ESG,8,PIX,PAGO,58be6bc5-0a1f-4bd4-a840-78cae5cdb36e,2025-02-05,ERP_CORPORATIVO,TRANSACOES_FINANCEIRAS,17677,f4a75208a9635791605f60bbceff55531f161b60e3e5f4db6dee07efa35d2611
TR-17678,2025-01-20,2025-01-01,MKT,1000090,RECEITA,1201.0936716558542,1201.0936716558542,USD,Despesa de infraestrutura - MKT,3,PIX,CANCELADO,58be6bc5-0a1f-4bd4-a840-78cae5cdb36e,2025-02-05,ERP_CORPORATIVO,TRANSACOES_FINANCEIRAS,17678,f8fda365e28687afb4317f6333f8e3bbe15f802ade656a1d8bc248b5a16b9cae
TR-17679,2025-01-13,2025-01-01,OP,1000090,DESPESA,1234.8676717527262,1234.8676717527262,USD,Serviço especializado solicitado por OP,1,TRANSFERENCIA,PAGO,58be6bc5-0a1f-4bd4-a840-78cae5cdb36e,2025-02-05,ERP_CORPORATIVO,TRANSACOES_FINANCEIRAS,17679,ab6e685fa36acc76726def29e96fc6f60bf7263b3f3bfcff113b4db4b7b67eff
TR-17680,2025-01-08,2025-01-01,COM,1000090,DESPESA,1242.0249496360477,1182.5037518914933,BRL,Contrato de consultoria externa - COM,12,TED,PAGO,58be6bc5-0a1f-4bd4-a840-78cae5cdb36e,2025-02-05,ERP_CORPORATIVO,TRANSACOES_FINANCEIRAS,17680,93438fc7ba5c3061d06d69c8568b2bae500afeb9726d281a6dcb9ca8da0eb695
TR-17681,2025-01-20,2025-01-01,VND,1000090,DESPESA,1119.7717768254417,1119.7717768254417,BRL,Consultoria estratégica para área VND,12,PIX,ATRASADO,58be6bc5-0a1f-4bd4-a840-78cae5cdb36e,2025-02-05,ERP_CORPORATIVO,TRANSACOES_FINANCEIRAS,17681,2f919fb92310560fc79921e6dac99b7c4cadb560b8cb3a366efbf943089af44b
TR-17682,2025-01-13,2025-01-01,OP,1000090,DESPESA,1124.3492954676008,1124.3492954676008,BRL,Honorarium advocatício - OP,24,BOLETO,PAGO,58be6bc5-0a1f-4bd4-a840-78cae5cdb36e,2025-02-05,ERP_CORPORATIVO,TRANSACOES_FINANCEIRAS,17682,092ffe769de81cb84132050e13406cbde19492d5b433631ce929e46c9cbcd1e8
TR-17683,2025-01-27,2025-01-01,COMP,1000090,DESPESA,1124.2337993120682,1124.2337993120682,BRL,Taxas bancárias incidentes em COMP,22,TRANSFERENCIA,PAGO,58be6bc5-0a1f-4bd4-a840-78cae5cdb36e,2025-02-05,ERP_CORPORATIVO,TRANSACOES_FINANCEIRAS,17683,e9ad68b2feb3d8c98aac775b0c6890357ed3aa1f4bb1e04d887126b0b51c5ad7
TR-17684,2025-01-13,2025-01-01,TI,1000090,DESPESA,256.73687397702196,256.73687397702196,BRL,Participação nos resultados vinculada a TI,34,TED,PAGO,58be6bc5-0a1f-4bd4-a840-78cae5cdb36e,2025-02-05,ERP_CORPORATIVO,TRANSACOES_FINANCEIRAS,17684,2637ac00ac851f4eb6338f7174033f0520e8a2771ed893fd8ae391165a755a2f
TR-17685,2025-01-06,2025-01-01,COM,1000090,RECEITA,1274.2047060114303,1215.9054436009026,BRL,Serviço de tecnologia contratado por COM,5,PIX,PAGO,58be6bc5-0a1f-4bd4-a840-78cae5cdb36e,2025-02-05,ERP_CORPORATIVO,TRANSACOES_FINANCEIRAS,17685,3734998dc1c979b2f1253cd9b08772cd75b6d95ad195e956ba4318c6ba26fadf
TR-17686,2025-01-16,2025-01-01,COM,1000090,RECEITA,1239.9804287519974,1239.9804287519974,BRL,Reparo de hardware solicitado por COM,28,TED,PAGO,58be6bc5-0a1f-4bd4-a840-78cae5cdb36e,2025-02-05,ERP_CORPORATIVO,TRANSACOES_FINANCEIRAS,17686,24f1005ebebb105229b39303410ddcf5f06f84196945d6ab927f0815990f7cd0
TR-17687,2025-01-06,2025-01-01,FIN,1000090,DESPESA,1282.536650645612,1220.2732346436705,BRL,Contrato de serviço - setor FIN,1,BOLETO,PAGO,58be6bc5-0a1f-4bd4-a840-78cae5cdb36e,2025-02-05,ERP_CORPORATIVO,TRANSACOES_FINANCEIRAS,17687,dcf228caec6156e43af3e520578864e7198a941479224615314d029a12bc8cf7
TR-17688,2025-01-21,2025-01-01,LOG,1000090,RECEITA,1513.073591678417,1448.3709983204649,BRL,Propaganda e divulgação para área LOG,13,TED,PAGO,58be6bc5-0a1f-4bd4-a840-78cae5cdb36e,2025-02-05,ERP_CORPORATIVO,TRANSACOES_FINANCEIRAS,17688,70630ef0d23aab7c7e3bcb8a28c244dd2ae471cca350b78e5d2c74ad6d357234
TR-17689,2025-01-13,2025-01-01,TI,1000090,RECEITA,1580.257515384626,1580.257515384626,BRL,Aquisição de material operacional - TI,2,PIX,PAGO,58be6bc5-0a1f-4bd4-a840-78cae5cdb36e,2025-02-05,ERP_CORPORATIVO,TRANSACOES_FINANCEIRAS,17689,ddfba205f88a26c1dfa221bbbe25ab3b83b3f03e5b21868cae99018f15cc4c7a
TR-17690,2025-01-27,2025-01-01,RH,1000090,RECEITA,1230.5803852009337,1230.5803852009337,BRL,Manutenção preventiva de veículos - RH,17,BOLETO,PAGO,58be6bc5-0a1f-4bd4-a840-78cae5cdb36e,2025-02-05,ERP_CORPORATIVO,TRANSACOES_FINANCEIRAS,17690,5b7f684b78af9a30a10dac6fdc0194ecb37e2d5363261324825423787c45ba1f
TR-17691,2025-01-24,2025-01-01,COMP,1000090,RECEITA,1336.9901004352769,1301.3814051941001,BRL,Contrato de serviço - setor COMP,1,PIX,ATRASADO,58be6bc5-0a1f-4bd4-a840-78cae5cdb36e,2025-02-05,ERP_CORPORATIVO,TRANSACOES_FINANCEIRAS,17691,b58e2b85a8921f18d3788eacd101585ed6654e9f8a2bd29bb9f2f73c25952dd1
TR-17692,2025-01-15,2025-01-01,QAS,1000090,DESPESA,1302.1444601317576,1302.1444601317576,BRL,Prestação de serviço para área QAS,1,PIX,PAGO,58be6bc5-0a1f-4bd4-a840-78cae5cdb36e,2025-02-05,ERP_CORPORATIVO,TRANSACOES_FINANCEIRAS,17692,da0eb0d8b9e78b52cf81ede1e397ee352f80e6ca550281be4b39c703b73fb52e
TR-18049,2025-01-06,2025-01-01,PES,1000091,DESPESA,3557.656507177342,3557.656507177342,BRL,Despesa de infraestrutura - PES,3,TRANSFERENCIA,PAGO,58be6bc5-0a1f-4bd4-a840-78cae5cdb36e,2025-02-05,ERP_CORPORATIVO,TRANSACOES_FINANCEIRAS,18049,19694432141e6fab3f3141e40c4269bd623f86ba5926360452d84b05399444f7
TR-18050,2025-01-08,2025-01-01,TI,1000091,RECEITA,2908.508062317109,2908.508062317109,BRL,Despesa de refeição em deslocamento (TI),20,CARTAO,PAGO,58be6bc5-0a1f-4bd4-a840-78cae5cdb36e,2025-02-05,ERP_CORPORATIVO,TRANSACOES_FINANCEIRAS,18050,69447a152fda6fd0a570da5afed8562c1f94f75b3cea8109c6eb71ce85e6102d
TR-18051,2025-01-10,2025-01-01,OP,1000091,DESPESA,2919.4839970966123,2919.4839970966123,BRL,Receita de comissão comercial - OP,33,PIX,PAGO,58be6bc5-0a1f-4bd4-a840-78cae5cdb36e,2025-02-05,ERP_CORPORATIVO,TRANSACOES_FINANCEIRAS,18051,6cda899dd4a94b3e40ec67f7cd2f6318fabac264987e640ebf2d7033710b06de
TR-18052,2025-01-10,2025-01-01,MKT,1000091,RECEITA,3801.5328489936896,3801.5328489936896,EUR,Promoção e atividade externa - MKT,14,BOLETO,PAGO,58be6bc5-0a1f-4bd4-a840-78cae5cdb36e,2025-02-05,ERP_CORPORATIVO,TRANSACOES_FINANCEIRAS,18052,2bb5fe4016e522232b644375e310341c03f3313fb2a804ee86a60f076c031c88
TR-18053,2025-01-15,2025-01-01,FIN,1000091,DESPESA,3300.824538177685,3300.824538177685,BRL,Despesa operacional - FIN,8,BOLETO,PAGO,58be6bc5-0a1f-4bd4-a840-78cae5cdb36e,2025-02-05,ERP_CORPORATIVO,TRANSACOES_FINANCEIRAS,18053,429a48f4af605cef590252e300de8aa25d9dc2194a0d445317a3e02f1599c9ee
TR-18054,2025-01-13,2025-01-01,ESG,1000091,DESPESA,2672.8539870241066,2672.8539870241066,BRL,Serviços contábeis externos - ESG,25,CARTAO,PAGO,58be6bc5-0a1f-4bd4-a840-78cae5cdb36e,2025-02-05,ERP_CORPORATIVO,TRANSACOES_FINANCEIRAS,18054,2ad84c0ec0179caea28a131409cd5e5eb2024b47f8d0958d1429b91894e845a1
TR-18055,2025-01-13,2025-01-01,COMP,1000091,DESPESA,2810.2486743887703,2810.2486743887703,BRL,Despesa de infraestrutura - COMP,3,TED,ATRASADO,58be6bc5-0a1f-4bd4-a840-78cae5cdb36e,2025-02-05,ERP_CORPORATIVO,TRANSACOES_FINANCEIRAS,18055,6c9d8e4d786d1cfd3934b6fecfcd0e2924456fe77c4116a67f11fed2e053114a
TR-18056,2025-01-15,2025-01-01,TI,1000091,RECEITA,1922.1991372108434,1922.1991372108434,BRL,Assessoria legal vinculada à área TI,7,CARTAO,PAGO,58be6bc5-0a1f-4bd4-a840-78cae5cdb36e,2025-02-05,ERP_CORPORATIVO,TRANSACOES_FINANCEIRAS,18056,9afccc9f0d423c6aae4bd464a1c061c80dc57c4ec172d16f8adf8529be2ed2a7
TR-18057,2025-01-16,2025-01-01,PJT,1000091,DESPESA,2824.327319783325,2824.327319783325,BRL,Contrato de serviço - setor PJT,1,TRANSFERENCIA,PAGO,58be6bc5-0a1f-4bd4-a840-78cae5cdb36e,2025-02-05,ERP_CORPORATIVO,TRANSACOES_FINANCEIRAS,18057,b0fd2cd21c83c108033b47ea03d85526e03bdfbb6c425e05281607c9a9e38def
TR-18058,2025-01-14,2025-01-01,TI,1000091,DESPESA,1561.3316880977093,1561.3316880977093,BRL,Licenciamento de software - TI,5,PIX,PAGO,58be6bc5-0a1f-4bd4-a840-78cae5cdb36e,2025-02-05,ERP_CORPORATIVO,TRANSACOES_FINANCEIRAS,18058,800b13c501e8c929b7bc91e5b6778156b5bc2c433d230a63d29453b8997b2dea
TR-18059,2025-01-16,2025-01-01,JUR,1000091,RECEITA,3227.2716110362417,3227.2716110362417,BRL,Juros sobre operação financeira - JUR,23,CARTAO,PAGO,58be6bc5-0a1f-4bd4-a840-78cae5cdb36e,2025-02-05,ERP_CORPORATIVO,TRANSACOES_FINANCEIRAS,18059,4f8c7f1f1fa7f5ce96d9cf62333d66326b4aacb7bdc24bc387cf87c20f5284ad
TR-18060,2025-01-13,2025-01-01,VND,1000091,DESPESA,2939.4467904977523,2835.8952411964447,BRL,Abatimento comercial registrado em VND,38,TED,ATRASADO,58be6bc5-0a1f-4bd4-a840-78cae5cdb36e,2025-02-05,ERP_CORPORATIVO,TRANSACOES_FINANCEIRAS,18060,4f042280a9321b10b3e5af34dfb0d71037a92eedb03fb378115e38f23d36f9a6
TR-18061,2025-01-17,2025-01-01,RH,1000091,DESPESA,3154.7712038010213,3154.7712038010213,BRL,Passagem aérea para colaborador de RH,18,BOLETO,PAGO,58be6bc5-0a1f-4bd4-a840-78cae5cdb36e,2025-02-05,ERP_CORPORATIVO,TRANSACOES_FINANCEIRAS,18061,72a855df4c923ad142b2d790ed536043e8e8490311ac2ed2143db916b4c05c34
TR-18212,2025-01-16,2025-01-01,COMP,ACC-00093,DESPESA,2914.6407365887135,2914.6407365887135,BRL,Investimento em marketing corporativo (COMP),4,CARTAO,PAGO,58be6bc5-0a1f-4bd4-a840-78cae5cdb36e,2025-02-05,ERP_CORPORATIVO,TRANSACOES_FINANCEIRAS,18212,200d435d3c0553fae86b4a701f0d7e35187fceb157044eae7c47b9c1e182500d
TR-18213,2025-01-15,2025-01-01,COM,ACC-00093,DESPESA,2660.8475703708336,2660.8475703708336,BRL,Desconto concedido em operação de COM,38,PIX,CANCELADO,58be6bc5-0a1f-4bd4-a840-78cae5cdb36e,2025-02-05,ERP_CORPORATIVO,TRANSACOES_FINANCEIRAS,18213,bdd924a7073b6fcf06f7b719717e87af6feb0847d59a4d97ba6a718a6b831db0
TR-18214,2025-01-07,2025-01-01,FIN,ACC-00093,DESPESA,2642.3351365986564,2549.925857782445,BRL,Contrato de serviço - setor FIN,1,TRANSFERENCIA,ATRASADO,58be6bc5-0a1f-4bd4-a840-78cae5cdb36e,2025-02-05,ERP_CORPORATIVO,TRANSACOES_FINANCEIRAS,18214,c91a45189cda721d5636b7bdb42889d5ec557e426b1c69212c75cfd316f00a89
TR-18215,2025-01-13,2025-01-01,OP,ACC-00093,DESPESA,2585.5937756226303,2530.8054862532194,BRL,Doação recebida em favor de OP,36,TED,ATRASADO,58be6bc5-0a1f-4bd4-a840-78cae5cdb36e,2025-02-05,ERP_CORPORATIVO,TRANSACOES_FINANCEIRAS,18215,8d60121c35fc73b006379fdbcbe93def63f1926ca97911ae632d3f2b7a2f8226
TR-18216,2025-01-13,2025-01-01,VND,ACC-00093,RECEITA,2609.23885023838,2485.7622617903335,USD,Honorários jurídicos - VND,7,CARTAO,PAGO,58be6bc5-0a1f-4bd4-a840-78cae5cdb36e,2025-02-05,ERP_CORPORATIVO,TRANSACOES_FINANCEIRAS,18216,629537498698ba72f97318d10d0304b81e4b1065da3934194625148142dccb02
TR-18217,2025-01-10,2025-01-01,TI,ACC-00093,RECEITA,2755.4080190068375,2724.432926093268,BRL,Contrato de serviço - setor TI,1,TED,CANCELADO,58be6bc5-0a1f-4bd4-a840-78cae5cdb36e,2025-02-05,ERP_CORPORATIVO,TRANSACOES_FINANCEIRAS,18217,c31d4cfab584c3de018519b1fc28d721e9571f6e7079d21950d3cf07f486fe51
TR-18218,2025-01-27,2025-01-01,COMP,ACC-00093,RECEITA,2266.549256151156,2266.549256151156,BRL,Estorno de receita - COMP,39,CARTAO,PAGO,58be6bc5-0a1f-4bd4-a840-78cae5cdb36e,2025-02-05,ERP_CORPORATIVO,TRANSACOES_FINANCEIRAS,18218,46a3b98410fcf85e12111fc4f0abb2fc94eea20bf97308089504174a26388947
TR-18219,2025-01-17,2025-01-01,FIN,ACC-00093,DESPESA,2622.2032200797203,2622.2032200797203,BRL,Serviço especializado solicitado por FIN,1,BOLETO,PAGO,58be6bc5-0a1f-4bd4-a840-78cae5cdb36e,2025-02-05,ERP_CORPORATIVO,TRANSACOES_FINANCEIRAS,18219,9840a050732fccf06768a43a73a74d794e506df9c29a532d04c598c39f7f545f
TR-18220,2025-01-27,2025-01-01,COMP,ACC-00093,DESPESA,2653.3317184966922,2653.3317184966922,BRL,Participação nos resultados vinculada a COMP,34,BOLETO,PAGO,58be6bc5-0a1f-4bd4-a840-78cae5cdb36e,2025-02-05,ERP_CORPORATIVO,TRANSACOES_FINANCEIRAS,18220,8b441d99f6883001039c1ba3679bee188f674ed821ed5c09dcfd8c06a888f347
TR-18221,2025-01-16,2025-01-01,CTB,ACC-00093,DESPESA,2686.111164215603,2686.111164215603,BRL,Manutenção predial solicitada por CTB,10,TRANSFERENCIA,PAGO,58be6bc5-0a1f-4bd4-a840-78cae5cdb36e,2025-02-05,ERP_CORPORATIVO,TRANSACOES_FINANCEIRAS,18221,34695626ee97f3f349c13ecb79022908601d50d2cd99040c6e5c00575344cb2f
TR-18222,2025-01-15,2025-01-01,COMP,ACC-00093,DESPESA,2735.6986297601634,2735.6986297601634,BRL,Manutenção estrutural vinculada à área COMP,3,CARTAO,PAGO,58be6bc5-0a1f-4bd4-a840-78cae5cdb36e,2025-02-05,ERP_CORPORATIVO,TRANSACOES_FINANCEIRAS,18222,72074a5cec76d275003a97662d8b8f00a6cf2ee844c46c6ae12b8ba143fd30fe
TR-18223,2025-01-13,2025-01-01,COMP,ACC-00093,DESPESA,2696.9290328512147,2639.3022684760595,BRL,Tributo incidente sobre receita de COMP,40,PIX,ATRASADO,58be6bc5-0a1f-4bd4-a840-78cae5cdb36e,2025-02-05,ERP_CORPORATIVO,TRANSACOES_FINANCEIRAS,18223,59b11a6da616093faea899d6bf207eedcbf967c1885bafa77c2c79d1580f4150
TR-18224,2025-01-09,2025-01-01,TI,ACC-00093,DESPESA,2799.4852969485814,2799.4852969485814,BRL,Consultoria estratégica para área TI,12,TRANSFERENCIA,PAGO,58be6bc5-0a1f-4bd4-a840-78cae5cdb36e,2025-02-05,ERP_CORPORATIVO,TRANSACOES_FINANCEIRAS,18224,d3ff202cea59c17804270a36bde323a85c4142a459cb73b97fb956aa6e13bf27
TR-18225,2025-01-09,2025-01-01,COM,ACC-00093,DESPESA,2652.3044461954382,2652.3044461954382,BRL,Contrato de serviço - setor COM,1,TRANSFERENCIA,PAGO,58be6bc5-0a1f-4bd4-a840-78cae5cdb36e,2025-02-05,ERP_CORPORATIVO,TRANSACOES_FINANCEIRAS,18225,13f86cf702f24e9a63e3aef30cba5c6f5c2af41b06e1a6c8fd7b7a916ddc35ef
TR-18226,2025-01-20,2025-01-01,FIN,ACC-00093,RECEITA,2967.5181392242503,2917.284928645461,BRL,Licenciamento de software - FIN,5,TRANSFERENCIA,ATRASADO,58be6bc5-0a1f-4bd4-a840-78cae5cdb36e,2025-02-05,ERP_CORPORATIVO,TRANSACOES_FINANCEIRAS,18226,b372f9454c4a460305502fdd3488edff6de149ecb987c7861016671ed134c22e
TR-18465,2025-01-14,2025-01-01,COMP,ACC-00094,DESPESA,8111.606158954982,8111.606158954982,BRL,Alimentação em viagem corporativa - COMP,20,PIX,PAGO,58be6bc5-0a1f-4bd4-a840-78cae5cdb36e,2025-02-05,ERP_CORPORATIVO,TRANSACOES_FINANCEIRAS,18465,980de1b19fb32ab3b317b466610c15b8de8f98a2cc4a08139734dcd317231802
TR-18466,2025-01-14,2025-01-01,PES,ACC-00094,DESPESA,7269.823655439392,7086.977232510509,BRL,Despesa operacional - PES,8,TED,PAGO,58be6bc5-0a1f-4bd4-a840-78cae5cdb36e,2025-02-05,ERP_CORPORATIVO,TRANSACOES_FINANCEIRAS,18466,0bd1869b0a5a047feadee85b570f4f9d2c2b48f7d6919c842450f3b705a49967
TR-18467,2025-01-16,2025-01-01,FIN,ACC-00094,RECEITA,10086.130234469576,10086.130234469576,BRL,Material de marketing solicitado por FIN,15,TED,PAGO,58be6bc5-0a1f-4bd4-a840-78cae5cdb36e,2025-02-05,ERP_CORPORATIVO,TRANSACOES_FINANCEIRAS,18467,aed2ac359b432e744c160d84fc207ab6a03fc80ed245cd992f0fa7cf7b9b4eec
TR-18468,2025-01-10,2025-01-01,CTB,ACC-00094,RECEITA,8568.887213036684,8362.934483758687,BRL,Renovação de certificados digitais - CTB,26,BOLETO,PAGO,58be6bc5-0a1f-4bd4-a840-78cae5cdb36e,2025-02-05,ERP_CORPORATIVO,TRANSACOES_FINANCEIRAS,18468,6d12c8a10f8f164bb591d30383ccdc0859264e25651e897745452d7e30e37eea
TR-18469,2025-01-07,2025-01-01,TI,ACC-00094,DESPESA,7824.179792561139,7585.195112419007,USD,Aquisição de material operacional - TI,2,TRANSFERENCIA,PAGO,58be6bc5-0a1f-4bd4-a840-78cae5cdb36e,2025-02-05,ERP_CORPORATIVO,TRANSACOES_FINANCEIRAS,18469,c012c21a46e4c4e22284ceef59bf9c37a97874558942a5746d15ad9e4a7a19ba
TR-18671,2025-01-06,2025-01-01,OP,1000095,DESPESA,1891.7533861815496,1891.7533861815496,BRL,Estorno de receita - OP,39,BOLETO,PAGO,58be6bc5-0a1f-4bd4-a840-78cae5cdb36e,2025-02-05,ERP_CORPORATIVO,TRANSACOES_FINANCEIRAS,18671,85ee2e0de55aab72d1e34bcf77bddfc715d5dbc70cf9b81a4e91f3e4cab3153e
TR-18672,2025-01-06,2025-01-01,COM,1000095,DESPESA,1736.9080166207004,1736.9080166207004,BRL,Serviço de tecnologia contratado por COM,5,BOLETO,PAGO,58be6bc5-0a1f-4bd4-a840-78cae5cdb36e,2025-02-05,ERP_CORPORATIVO,TRANSACOES_FINANCEIRAS,18672,61ba8ec557bcb22b02192f6922474ab9941ded1f741dbf0ee5c73fa6665c2d58
TR-18673,2025-01-15,2025-01-01,COMP,1000095,RECEITA,2041.1689845533367,2041.1689845533367,BRL,Licença de software para área COMP,27,PIX,PAGO,58be6bc5-0a1f-4bd4-a840-78cae5cdb36e,2025-02-05,ERP_CORPORATIVO,TRANSACOES_FINANCEIRAS,18673,7fa652772716115257c8f81afb3335703a0976b84483541e988a5f89341914ec
TR-18674,2025-01-13,2025-01-01,PJT,1000095,RECEITA,1820.8574087160314,1820.8574087160314,BRL,Despesa operacional - PJT,8,TED,ATRASADO,58be6bc5-0a1f-4bd4-a840-78cae5cdb36e,2025-02-05,ERP_CORPORATIVO,TRANSACOES_FINANCEIRAS,18674,e5e2f0ae04504db61a2d269185e5dda64b2204477a0f157d9aff491bd10d92e9
TR-18675,2025-01-03,2025-01-01,ESG,1000095,RECEITA,1917.1581694571605,1857.5394761840903,BRL,Custo operacional associado a ESG,8,PIX,PAGO,58be6bc5-0a1f-4bd4-a840-78cae5cdb36e,2025-02-05,ERP_CORPORATIVO,TRANSACOES_FINANCEIRAS,18675,9e900cf1a08fd9812252ae3777f2d9fa6e493d4bd31bbf65030de7d99c04ed14
TR-18676,2025-01-16,2025-01-01,RH,1000095,RECEITA,1949.3825269995145,1949.3825269995145,BRL,Evento corporativo organizado por RH,14,BOLETO,ATRASADO,58be6bc5-0a1f-4bd4-a840-78cae5cdb36e,2025-02-05,ERP_CORPORATIVO,TRANSACOES_FINANCEIRAS,18676,a7e0dbc07deb32704f83b70d0e60d25e55ec0860d5a3381f7db020d8b9329fa4
TR-18677,2025-01-13,2025-01-01,RH,1000095,DESPESA,1888.9805198623783,1851.1552523475902,BRL,Manutenção estrutural vinculada à área RH,3,TED,PAGO,58be6bc5-0a1f-4bd4-a840-78cae5cdb36e,2025-02-05,ERP_CORPORATIVO,TRANSACOES_FINANCEIRAS,18677,6b18be553cee0115504f602c81bd51ffe0991492339c2e25f96e6c42a94421ba
TR-18678,2025-01-16,2025-01-01,ATD,1000095,DESPESA,1881.9079147031682,1881.9079147031682,BRL,Compra de insumos para setor ATD,2,TED,PAGO,58be6bc5-0a1f-4bd4-a840-78cae5cdb36e,2025-02-05,ERP_CORPORATIVO,TRANSACOES_FINANCEIRAS,18678,b1c94a0d9f4347e473542e0b4128ee8220dc9048281e76dd4a78e5124bc285c0
TR-18679,2025-01-16,2025-01-01,OP,1000095,DESPESA,3660.2139565806074,3660.2139565806074,BRL,Investimento em marketing corporativo (OP),4,TED,PAGO,58be6bc5-0a1f-4bd4-a840-78cae5cdb36e,2025-02-05,ERP_CORPORATIVO,TRANSACOES_FINANCEIRAS,18679,bff0d3dccf0bc4ca1e013bef6a3352248e62ed038df1957a89def2b4e6edbbce
TR-18680,2025-01-09,2025-01-01,CTB,1000095,DESPESA,2138.7127466803126,2043.4753578526268,BRL,Participação nos resultados vinculada a CTB,34,CARTAO,PAGO,58be6bc5-0a1f-4bd4-a840-78cae5cdb36e,2025-02-05,ERP_CORPORATIVO,TRANSACOES_FINANCEIRAS,18680,9f2d4a74684c717adbaaa27af3a28d0e14c58de296a96a54db18124e2774b48c
TR-18681,2025-01-21,2025-01-01,VND,1000095,RECEITA,2004.1965439118737,2004.1965439118737,BRL,Compra de insumos para setor VND,2,TED,PAGO,58be6bc5-0a1f-4bd4-a840-78cae5cdb36e,2025-02-05,ERP_CORPORATIVO,TRANSACOES_FINANCEIRAS,18681,72437ee396f64485cc0431ad6ae7ab6028801805295ab8d7c8d99121f1b7fb81
TR-18682,2025-01-15,2025-01-01,SEC,1000095,DESPESA,1719.0501878988384,1719.0501878988384,BRL,Juros sobre operação financeira - SEC,23,TRANSFERENCIA,PAGO,58be6bc5-0a1f-4bd4-a840-78cae5cdb36e,2025-02-05,ERP_CORPORATIVO,TRANSACOES_FINANCEIRAS,18682,6f77db362c09572d3af7715e9ce01d405d71eb1ab3cc3c609fb9099fc062f6b8
TR-18683,2025-01-20,2025-01-01,TI,1000095,RECEITA,1648.232526893156,1617.6132945157867,BRL,Consultoria estratégica para área TI,12,TRANSFERENCIA,PAGO,58be6bc5-0a1f-4bd4-a840-78cae5cdb36e,2025-02-05,ERP_CORPORATIVO,TRANSACOES_FINANCEIRAS,18683,af8ab2758daa2ba80144ed1fe5b9a27ed4b2c6d9f2de51da62ed75adffa61e2b
TR-18684,2025-01-17,2025-01-01,CTB,1000095,DESPESA,1701.4018395531539,1701.4018395531539,USD,Serviço de tecnologia contratado por CTB,5,BOLETO,PAGO,58be6bc5-0a1f-4bd4-a840-78cae5cdb36e,2025-02-05,ERP_CORPORATIVO,TRANSACOES_FINANCEIRAS,18684,6d9d2e51633bf2ef5e650812c892edae6ff38381ca00da119519670a6e0712b6
TR-18685,2025-01-16,2025-01-01,PJT,1000095,DESPESA,1922.5169808685034,1922.5169808685034,BRL,Serviço especializado solicitado por PJT,1,CARTAO,CANCELADO,58be6bc5-0a1f-4bd4-a840-78cae5cdb36e,2025-02-05,ERP_CORPORATIVO,TRANSACOES_FINANCEIRAS,18685,8efbe606b10bceb842f904a0a4581754458a4d8796dde1b43b26f29d28f24f02
TR-18686,2025-01-21,2025-01-01,COMP,1000095,RECEITA,1649.405772895781,1649.405772895781,BRL,Alienação de bem patrimonial - COMP,35,BOLETO,PAGO,58be6bc5-0a1f-4bd4-a840-78cae5cdb36e,2025-02-05,ERP_CORPORATIVO,TRANSACOES_FINANCEIRAS,18686,204a602e57f2ad95191bb1b6d7dd6c62505b771023a46bd0436829ecc8bec730
TR-18687,2025-01-13,2025-01-01,ESG,1000095,DESPESA,4534.873165558169,4534.873165558169,BRL,Assessoria legal vinculada à área ESG,7,TED,PAGO,58be6bc5-0a1f-4bd4-a840-78cae5cdb36e,2025-02-05,ERP_CORPORATIVO,TRANSACOES_FINANCEIRAS,18687,8467d44da82413853d9730f6c9b1175be1c6c72659dcbe4e570be89638635dab
TR-19030,2025-01-15,2025-01-01,MKT,ACC-00097,RECEITA,863.3486538865266,838.1629193381771,BRL,Receita de aluguel creditada em MKT,31,BOLETO,PAGO,58be6bc5-0a1f-4bd4-a840-78cae5cdb36e,2025-02-05,ERP_CORPORATIVO,TRANSACOES_FINANCEIRAS,19030,364fc377c4c95e0c6e3d77d1bc13031c3eabdd4546e3721619ff816b13b764ec
TR-19031,2025-01-24,2025-01-01,VND,ACC-00097,DESPESA,973.0431492796125,937.3585068015594,BRL,Tributo incidente sobre receita de VND,40,BOLETO,PAGO,58be6bc5-0a1f-4bd4-a840-78cae5cdb36e,2025-02-05,ERP_CORPORATIVO,TRANSACOES_FINANCEIRAS,19031,3d958bee40a41cd049ff7ba1d97a4a47e9b8bfb2a51ef0067240d0bfec6118de
TR-19032,2025-01-22,2025-01-01,COM,ACC-00097,RECEITA,1050.0159680259114,1050.0159680259114,BRL,Serviço especializado solicitado por COM,1,TED,PAGO,58be6bc5-0a1f-4bd4-a840-78cae5cdb36e,2025-02-05,ERP_CORPORATIVO,TRANSACOES_FINANCEIRAS,19032,dd482d7f471471d59bee39490644a8b990b823a65f6f0518e69d6cacc026d261
TR-19033,2025-01-08,2025-01-01,OP,ACC-00097,DESPESA,976.590083172586,976.590083172586,BRL,Compra de insumos para setor OP,2,TRANSFERENCIA,PAGO,58be6bc5-0a1f-4bd4-a840-78cae5cdb36e,2025-02-05,ERP_CORPORATIVO,TRANSACOES_FINANCEIRAS,19033,52cb89028cfa926902109e9411fd78f83e7b86a482c19e971e8f72119a66a4be
TR-19034,2025-01-17,2025-01-01,ATD,ACC-00097,DESPESA,946.0382611553098,946.0382611553098,BRL,Aquisição de material operacional - ATD,2,PIX,PAGO,58be6bc5-0a1f-4bd4-a840-78cae5cdb36e,2025-02-05,ERP_CORPORATIVO,TRANSACOES_FINANCEIRAS,19034,b66c311265b76d1a50ad3f59ab3b61c8f4ab267314b211312a493eaf21838213
TR-19035,2025-01-22,2025-01-01,TI,ACC-00097,DESPESA,1056.659984701148,1056.659984701148,BRL,Serviço de tecnologia contratado por TI,5,BOLETO,PAGO,58be6bc5-0a1f-4bd4-a840-78cae5cdb36e,2025-02-05,ERP_CORPORATIVO,TRANSACOES_FINANCEIRAS,19035,1bba05d4cf0e55dce9636774af0aafce748cf49f0965848cd571ba180e8cfba1
TR-19036,2025-01-29,2025-01-01,COM,ACC-00097,DESPESA,1001.5601467612553,1001.5601467612553,BRL,Despesa operacional - COM,8,TED,PAGO,58be6bc5-0a1f-4bd4-a840-78cae5cdb36e,2025-02-05,ERP_CORPORATIVO,TRANSACOES_FINANCEIRAS,19036,0db044ebdd64ace853ee1d7441d0e7cb0b798c725f96db0f0d30a2eefbef0c63
TR-19037,2025-01-29,2025-01-01,OP,ACC-00097,DESPESA,1076.6582585176322,1062.8519693346364,BRL,Prestação de serviço para área OP,1,TRANSFERENCIA,PAGO,58be6bc5-0a1f-4bd4-a840-78cae5cdb36e,2025-02-05,ERP_CORPORATIVO,TRANSACOES_FINANCEIRAS,19037,b5a9d09b4202fb9d38cb65f6c2a0eda2100c0e9995698e8aa51aea8c11d93b6a
TR-19038,2025-01-13,2025-01-01,FIN,ACC-00097,DESPESA,1032.0814493270398,1032.0814493270398,BRL,Custo operacional associado a FIN,8,PIX,PAGO,58be6bc5-0a1f-4bd4-a840-78cae5cdb36e,2025-02-05,ERP_CORPORATIVO,TRANSACOES_FINANCEIRAS,19038,1bcf31d9c3b70986670572f41abc84ac0ff1356be009123893d77ec6d4a32f34
TR-19039,2025-01-20,2025-01-01,RH,ACC-00097,RECEITA,2089.1662406488213,2089.1662406488213,BRL,Serviço relacionado a recursos humanos (RH),6,BOLETO,PAGO,58be6bc5-0a1f-4bd4-a840-78cae5cdb36e,2025-02-05,ERP_CORPORATIVO,TRANSACOES_FINANCEIRAS,19039,f92c6bc4a75c8b4fbf58a2533418008e66f229e2d698904c98b8901bb25de638
TR-19040,2025-01-28,2025-01-01,RH,ACC-00097,RECEITA,1042.086946466875,1042.086946466875,BRL,Serviço especializado solicitado por RH,1,TRANSFERENCIA,PAGO,58be6bc5-0a1f-4bd4-a840-78cae5cdb36e,2025-02-05,ERP_CORPORATIVO,TRANSACOES_FINANCEIRAS,19040,37baf0e524e17dd520d03b7bd2e7ed66b1c502ab3d96400c2003208f5f759332
TR-19041,2025-01-20,2025-01-01,COM,ACC-00097,DESPESA,1072.7540717616328,1072.7540717616328,BRL,Honorários jurídicos - COM,7,BOLETO,PAGO,58be6bc5-0a1f-4bd4-a840-78cae5cdb36e,2025-02-05,ERP_CORPORATIVO,TRANSACOES_FINANCEIRAS,19041,f8fbba2297b1298c676794a99f26f8dd245f61812832316d65004fc32b2ad85b
TR-19042,2025-01-13,2025-01-01,CPT,ACC-00097,RECEITA,1120.9225756984458,1120.9225756984458,BRL,Despesa operacional - CPT,8,BOLETO,PAGO,58be6bc5-0a1f-4bd4-a840-78cae5cdb36e,2025-02-05,ERP_CORPORATIVO,TRANSACOES_FINANCEIRAS,19042,0030c1703523a43501d9f9bfd89d9538da65ef69e414468d795949b1edaa28cb
TR-19043,2025-01-16,2025-01-01,QAS,ACC-00097,DESPESA,924.4288060293545,924.4288060293545,BRL,Encargos de empréstimo vinculados a QAS,23,CARTAO,CANCELADO,58be6bc5-0a1f-4bd4-a840-78cae5cdb36e,2025-02-05,ERP_CORPORATIVO,TRANSACOES_FINANCEIRAS,19043,faea90f4e5ebe31946fab5ec6c891fe7a8b47468e073074d5d5e965b22066e10
TR-19044,2025-01-22,2025-01-01,CPT,ACC-00097,DESPESA,939.7155696026808,939.7155696026808,BRL,Serviço de tecnologia contratado por CPT,5,BOLETO,CANCELADO,58be6bc5-0a1f-4bd4-a840-78cae5cdb36e,2025-02-05,ERP_CORPORATIVO,TRANSACOES_FINANCEIRAS,19044,e4d6a4358370c67edb6595bc93999ea775377d057cd5f1120314265f0a95675a
TR-19045,2025-01-22,2025-01-01,PJT,ACC-00097,RECEITA,2986.279788680872,2986.279788680872,BRL,Custo operacional associado a PJT,8,TED,CANCELADO,58be6bc5-0a1f-4bd4-a840-78cae5cdb36e,2025-02-05,ERP_CORPORATIVO,TRANSACOES_FINANCEIRAS,19045,beb15094a9650ada2b2bb456f99428f5f8c4e786a6a2fe13c8aef408c03e83da
TR-19046,2025-01-20,2025-01-01,ADM,ACC-00097,RECEITA,1060.0223843422073,1023.9136526829129,BRL,Seguro contratado pela área ADM,21,TRANSFERENCIA,PAGO,58be6bc5-0a1f-4bd4-a840-78cae5cdb36e,2025-02-05,ERP_CORPORATIVO,TRANSACOES_FINANCEIRAS,19046,e8a81e0ba97a2949d39d34a3af3c16cdd39a7f405be09f5ea573f1c6bda06f4a
TR-19047,2025-01-13,2025-01-01,CPT,ACC-00097,DESPESA,925.984890350559,925.984890350559,BRL,Desconto concedido em operação de CPT,38,TRANSFERENCIA,PAGO,58be6bc5-0a1f-4bd4-a840-78cae5cdb36e,2025-02-05,ERP_CORPORATIVO,TRANSACOES_FINANCEIRAS,19047,9b2da04cc46d77e8f7fa71b42812cbcd1b6dfd4c848fb1cb28dc00a18b5d663e
TR-19048,2025-01-22,2025-01-01,QAS,ACC-00097,DESPESA,911.0948607522841,879.6330667632678,USD,Prestação de serviço para área QAS,1,BOLETO,PAGO,58be6bc5-0a1f-4bd4-a840-78cae5cdb36e,2025-02-05,ERP_CORPORATIVO,TRANSACOES_FINANCEIRAS,19048,f13139b03fc28e3498e2a140827cb4aa23617e7cb4612580e199a12181cbf3cf
TR-19327,2025-01-15,2025-01-01,TI,1000098,DESPESA,1884.259386447845,1884.259386447845,BRL,Devolução de venda processada por TI,39,CARTAO,PAGO,58be6bc5-0a1f-4bd4-a840-78cae5cdb36e,2025-02-05,ERP_CORPORATIVO,TRANSACOES_FINANCEIRAS,19327,aeee696a5083ab4d09759cd5e60fe2941d475d668aa579315264215b91c85385
TR-19328,2025-01-14,2025-01-01,COM,1000098,DESPESA,2344.2613358163976,2344.2613358163976,BRL,Aquisição de material operacional - COM,2,BOLETO,ATRASADO,58be6bc5-0a1f-4bd4-a840-78cae5cdb36e,2025-02-05,ERP_CORPORATIVO,TRANSACOES_FINANCEIRAS,19328,8f582bab6ba9ef4047f8f7317dbb6e96b73ee7e01533d3ca079e58b81f65fbb7
TR-19329,2025-01-08,2025-01-01,RH,1000098,DESPESA,2183.7178092018517,2114.3610677070187,BRL,Despesa de infraestrutura - RH,3,TRANSFERENCIA,PAGO,58be6bc5-0a1f-4bd4-a840-78cae5cdb36e,2025-02-05,ERP_CORPORATIVO,TRANSACOES_FINANCEIRAS,19329,a7a36c56107594f415b06593b42127fc16e4c4b203420da7446380199b8b669f
TR-19330,2025-01-20,2025-01-01,RH,1000098,DESPESA,2634.592401236028,2532.782866422656,BRL,Despesa operacional - RH,8,CARTAO,PAGO,58be6bc5-0a1f-4bd4-a840-78cae5cdb36e,2025-02-05,ERP_CORPORATIVO,TRANSACOES_FINANCEIRAS,19330,5c7ed82178d42c611d173d101212c296b95278e7c397fd792ac62ab892e8b9ca
TR-19331,2025-01-14,2025-01-01,FIN,1000098,DESPESA,1868.441593187143,1868.441593187143,EUR,Produção de material gráfico - FIN,15,PIX,PAGO,58be6bc5-0a1f-4bd4-a840-78cae5cdb36e,2025-02-05,ERP_CORPORATIVO,TRANSACOES_FINANCEIRAS,19331,a79316b561a2b83115601c02d01bee52e5332c0157723d98205b57440619ee7e
TR-19332,2025-01-15,2025-01-01,COMP,1000098,DESPESA,1926.7165312100303,1926.7165312100303,BRL,Material de marketing solicitado por COMP,15,PIX,PAGO,58be6bc5-0a1f-4bd4-a840-78cae5cdb36e,2025-02-05,ERP_CORPORATIVO,TRANSACOES_FINANCEIRAS,19332,2801730c10498a99bfcac73a45d1a3123290fdae38451e1b646be9c87b97d61b
TR-19333,2025-01-03,2025-01-01,RH,1000098,DESPESA,2320.01036134576,2320.01036134576,BRL,Serviço especializado solicitado por RH,1,PIX,PAGO,58be6bc5-0a1f-4bd4-a840-78cae5cdb36e,2025-02-05,ERP_CORPORATIVO,TRANSACOES_FINANCEIRAS,19333,15f024aceadd30882cb9ad9e34f3bec13f06584305db97ac3737a668144889d1
TR-19334,2025-01-21,2025-01-01,COM,1000098,RECEITA,2509.7744623204676,2509.7744623204676,BRL,Passagem aérea para colaborador de COM,18,PIX,PAGO,58be6bc5-0a1f-4bd4-a840-78cae5cdb36e,2025-02-05,ERP_CORPORATIVO,TRANSACOES_FINANCEIRAS,19334,28d1095d1dcc7055152d4818db52ae7a2c6a13a7ea25344e1c675e859b7c0c1b
TR-19605,2025-01-16,2025-01-01,FIN,ACC-00100,RECEITA,2195.498182693639,2195.498182693639,BRL,Reparo de frota vinculado à área FIN,17,TED,PAGO,58be6bc5-0a1f-4bd4-a840-78cae5cdb36e,2025-02-05,ERP_CORPORATIVO,TRANSACOES_FINANCEIRAS,19605,c7ed509df1b69253c65b9f8c1019babf848dcefdfbb1d6a1da1ebaf5f0cbd755
TR-19606,2025-01-14,2025-01-01,RH,ACC-00100,RECEITA,2125.620137228503,2125.620137228503,BRL,Renovação de certificados digitais - RH,26,TRANSFERENCIA,PAGO,58be6bc5-0a1f-4bd4-a840-78cae5cdb36e,2025-02-05,ERP_CORPORATIVO,TRANSACOES_FINANCEIRAS,19606,b79c648d5a36eb33fac657aff9692ac40b22be394b5891a65c80ea5e5529cae5
TR-19607,2025-01-17,2025-01-01,OP,ACC-00100,DESPESA,2261.368337570252,2261.368337570252,BRL,Custo operacional associado a OP,8,TED,PAGO,58be6bc5-0a1f-4bd4-a840-78cae5cdb36e,2025-02-05,ERP_CORPORATIVO,TRANSACOES_FINANCEIRAS,19607,5853f40ee20e941f21285459f6281803c59242a7f28d698c65840b5bc6d48f57
TR-19608,2025-01-21,2025-01-01,JUR,ACC-00100,DESPESA,2106.2667553294127,2106.2667553294127,BRL,Honorarium advocatício - JUR,24,BOLETO,PAGO,58be6bc5-0a1f-4bd4-a840-78cae5cdb36e,2025-02-05,ERP_CORPORATIVO,TRANSACOES_FINANCEIRAS,19608,881c1bdb1cf142adef0594324832e320d9f39fd3d5611844c79950e03711c90e
TR-19609,2025-01-06,2025-01-01,TI,ACC-00100,RECEITA,2176.5114992289678,2176.5114992289678,BRL,Direitos de propriedade intelectual - TI,32,TRANSFERENCIA,PAGO,58be6bc5-0a1f-4bd4-a840-78cae5cdb36e,2025-02-05,ERP_CORPORATIVO,TRANSACOES_FINANCEIRAS,19609,779ecffcd75cecbfef304d9ec6214eac1f2fae1af661a5bf4626e33059871388
TR-19610,2025-01-13,2025-01-01,FIN,ACC-00100,DESPESA,2214.323900907997,2150.5581607677286,BRL,Serviço de tecnologia contratado por FIN,5,TED,PAGO,58be6bc5-0a1f-4bd4-a840-78cae5cdb36e,2025-02-05,ERP_CORPORATIVO,TRANSACOES_FINANCEIRAS,19610,213c958dfec35d0c67452a04381b9d807d0a48794639cae02e6c802a4567a8e5
TR-19611,2025-01-20,2025-01-01,PRD,ACC-00100,DESPESA,2205.718208365065,2179.9282689892766,BRL,Certificado digital adquirido por PRD,26,BOLETO,ATRASADO,58be6bc5-0a1f-4bd4-a840-78cae5cdb36e,2025-02-05,ERP_CORPORATIVO,TRANSACOES_FINANCEIRAS,19611,16655300639cb08f1bb10c164d079a0260f3a90eab0565d255d1c3e6e6415c4b
TR-19612,2025-01-20,2025-01-01,CTB,ACC-00100,DESPESA,2289.2989479710645,2289.2989479710645,BRL,Despesa de infraestrutura - CTB,3,BOLETO,PAGO,58be6bc5-0a1f-4bd4-a840-78cae5cdb36e,2025-02-05,ERP_CORPORATIVO,TRANSACOES_FINANCEIRAS,19612,3f73cbc6504d3f85d1abc887f8c00bb22b21193576565caa15007120d9c0545f
TR-19613,2025-01-17,2025-01-01,PRD,ACC-00100,DESPESA,2466.982678569329,2466.982678569329,BRL,Receita extraordinária - PRD,37,CARTAO,PAGO,58be6bc5-0a1f-4bd4-a840-78cae5cdb36e,2025-02-05,ERP_CORPORATIVO,TRANSACOES_FINANCEIRAS,19613,5465bcaffaa6ac67e1846d1316aa9ce343baff0842129485b030cca9a7783216
TR-19614,2025-01-13,2025-01-01,PES,ACC-00100,DESPESA,2091.811153063093,2091.811153063093,BRL,Aquisição de material operacional - PES,2,PIX,PAGO,58be6bc5-0a1f-4bd4-a840-78cae5cdb36e,2025-02-05,ERP_CORPORATIVO,TRANSACOES_FINANCEIRAS,19614,21a60d6a87e79bde22aafe33e17c1e5be16ded884cfe7e843c8aab8af70575f7
TR-19615,2025-01-13,2025-01-01,PJT,ACC-00100,RECEITA,4436.170514458613,4386.925470337972,BRL,Compra de insumos para setor PJT,2,PIX,PAGO,58be6bc5-0a1f-4bd4-a840-78cae5cdb36e,2025-02-05,ERP_CORPORATIVO,TRANSACOES_FINANCEIRAS,19615,1860d360db357760514250f2cf23040a57fbb3f463b5ae3f597bf5300eccd79a
TR-19616,2025-01-15,2025-01-01,COM,ACC-00100,DESPESA,2266.6552490067465,2266.6552490067465,BRL,Licenciamento de software - COM,5,BOLETO,PAGO,58be6bc5-0a1f-4bd4-a840-78cae5cdb36e,2025-02-05,ERP_CORPORATIVO,TRANSACOES_FINANCEIRAS,19616,533b1338ea6c023bebd0a3cc88c15523dcba3f487416e889736c4bd615c158ee
TR-19617,2025-01-13,2025-01-01,QAS,ACC-00100,RECEITA,2558.680373239467,2558.680373239467,BRL,Despesa de refeição em deslocamento (QAS),20,BOLETO,PAGO,58be6bc5-0a1f-4bd4-a840-78cae5cdb36e,2025-02-05,ERP_CORPORATIVO,TRANSACOES_FINANCEIRAS,19617,f4830840d44f23574274c8e9da68cb69ca5f49644ef6b9ed13eec3f4042e25c6
TR-19618,2025-01-20,2025-01-01,MKT,ACC-00100,RECEITA,2179.589638792173,2179.589638792173,BRL,Prestação de serviço para área MKT,1,BOLETO,PAGO,58be6bc5-0a1f-4bd4-a840-78cae5cdb36e,2025-02-05,ERP_CORPORATIVO,TRANSACOES_FINANCEIRAS,19618,47baebf4143c5722ae8c667fa234cf614b5d864d9a986e1b3ecdacff08519c1a
TR-19619,2025-01-20,2025-01-01,OP,ACC-00100,DESPESA,2068.375433517228,2068.375433517228,USD,Prestação de serviço para área OP,1,BOLETO,PAGO,58be6bc5-0a1f-4bd4-a840-78cae5cdb36e,2025-02-05,ERP_CORPORATIVO,TRANSACOES_FINANCEIRAS,19619,caef3f0a4aea90c14a2124e9d094d9d00a07c6569f8b22d10f7227c41403939a
TR-19620,2025-01-15,2025-01-01,MKT,ACC-00100,RECEITA,2273.704645411938,2242.401975210927,USD,Reparo de frota vinculado à área MKT,17,BOLETO,ATRASADO,58be6bc5-0a1f-4bd4-a840-78cae5cdb36e,2025-02-05,ERP_CORPORATIVO,TRANSACOES_FINANCEIRAS,19620,973e0c1f14536695dd759edca238b331fe5d5ac32401915d95b418665c99355e
TR-19621,2025-01-21,2025-01-01,COMP,ACC-00100,RECEITA,2914.731182537971,2914.731182537971,BRL,Resultado de equivalência patrimonial - COMP,34,BOLETO,PAGO,58be6bc5-0a1f-4bd4-a840-78cae5cdb36e,2025-02-05,ERP_CORPORATIVO,TRANSACOES_FINANCEIRAS,19621,e1d2d4fca9688338382b4425cf307b846960f4143234addf52b50fc809aac82b
TR-20008,2025-01-17,2025-01-01,ATD,1000100,RECEITA,2746.9073896402706,2746.9073896402706,BRL,Passagem aérea para colaborador de ATD,18,PIX,PAGO,58be6bc5-0a1f-4bd4-a840-78cae5cdb36e,2025-02-05,ERP_CORPORATIVO,TRANSACOES_FINANCEIRAS,20008,c1e86611a034baad386ccc2c2d8a87969d2b7b1cc400f7d683dbffb482da842c
TR-20009,2025-01-07,2025-01-01,COMP,1000100,DESPESA,2910.370879695838,2910.370879695838,BRL,Capacitação profissional vinculada a COMP,30,PIX,PAGO,58be6bc5-0a1f-4bd4-a840-78cae5cdb36e,2025-02-05,ERP_CORPORATIVO,TRANSACOES_FINANCEIRAS,20009,e5c4c762b84dcf885789ee06384662b83073449fd2716ed85e1f2abcf5c35e9f
TR-20010,2025-01-15,2025-01-01,COMP,1000100,RECEITA,2439.23165784134,2439.23165784134,BRL,Manutenção estrutural vinculada à área COMP,3,PIX,PAGO,58be6bc5-0a1f-4bd4-a840-78cae5cdb36e,2025-02-05,ERP_CORPORATIVO,TRANSACOES_FINANCEIRAS,20010,46f58e557831076c0fe1def125e4a1cb7819990e78b81e719adda4b99cbf1e55
TR-20011,2025-01-20,2025-01-01,MKT,1000100,DESPESA,2814.787968587636,2814.787968587636,BRL,Serviço de tecnologia contratado por MKT,5,PIX,PAGO,58be6bc5-0a1f-4bd4-a840-78cae5cdb36e,2025-02-05,ERP_CORPORATIVO,TRANSACOES_FINANCEIRAS,20011,19728f703f8867b65d11fcc9c15f26221707fb3be8bb8e2458358b597207772e
TR-20012,2025-01-15,2025-01-01,QAS,1000100,DESPESA,2846.0429549706905,2846.0429549706905,BRL,Contrato de serviço - setor QAS,1,CARTAO,PAGO,58be6bc5-0a1f-4bd4-a840-78cae5cdb36e,2025-02-05,ERP_CORPORATIVO,TRANSACOES_FINANCEIRAS,20012,b1a7cf6111511e28d5cab4f4b35c77e769d40b13e1299f2f6817b69665a7a990
TR-20013,2025-01-15,2025-01-01,QAS,1000100,DESPESA,3248.00372391975,3248.00372391975,USD,Aquisição de material operacional - QAS,2,CARTAO,CANCELADO,58be6bc5-0a1f-4bd4-a840-78cae5cdb36e,2025-02-05,ERP_CORPORATIVO,TRANSACOES_FINANCEIRAS,20013,1f5964366906dff305a1e3eae2e4f30be5a0e888ce65e3c361ec277cb115ea57
TR-20020,2025-01-31,2025-01-01,VND,1000100,DESPESA,2476.123253415385,2361.324644072267,BRL,Despesa jurídica da área VND,24,TED,PAGO,58be6bc5-0a1f-4bd4-a840-78cae5cdb36e,2025-02-05,ERP_CORPORATIVO,TRANSACOES_FINANCEIRAS,20020,d7a8c66802f98cb4560d72fac3184369a0ba05aed306c92ac911d88b3608f360
TR-20364,2025-01-16,2025-01-01,COM,ACC-00102,RECEITA,3252.008361414834,3252.008361414834,BRL,Propaganda e divulgação para área COM,13,PIX,PAGO,58be6bc5-0a1f-4bd4-a840-78cae5cdb36e,2025-02-05,ERP_CORPORATIVO,TRANSACOES_FINANCEIRAS,20364,75e58479ebf2b984110033f11d37d3b3ec7e0908b8efac57fb3275333cc09f18
TR-20365,2025-01-27,2025-01-01,CPT,ACC-00102,RECEITA,1256.6115223491954,1256.6115223491954,BRL,Aquisição de material operacional - CPT,2,TRANSFERENCIA,PAGO,58be6bc5-0a1f-4bd4-a840-78cae5cdb36e,2025-02-05,ERP_CORPORATIVO,TRANSACOES_FINANCEIRAS,20365,e89be41cfcbb975b79589a8026ab3001ed056b2bc7024b7f4701a41a10546b84
TR-20366,2025-01-15,2025-01-01,CPT,ACC-00102,RECEITA,1222.0761240321476,1222.0761240321476,BRL,Combustível e lubrificantes para frota (CPT),16,BOLETO,PAGO,58be6bc5-0a1f-4bd4-a840-78cae5cdb36e,2025-02-05,ERP_CORPORATIVO,TRANSACOES_FINANCEIRAS,20366,a84404b95897b15650c67bd6ce402ff37df7f194146b1960b27e18c4eaa79f23
TR-20367,2025-01-23,2025-01-01,PES,ACC-00102,DESPESA,1320.2886943900926,1272.0697809895369,BRL,Royalties recebidos por PES,32,PIX,ATRASADO,58be6bc5-0a1f-4bd4-a840-78cae5cdb36e,2025-02-05,ERP_CORPORATIVO,TRANSACOES_FINANCEIRAS,20367,b6b63ba3f7bb311dd8b90b4763c8ec22e970b25c7ad05dbcfdf7f107916390bf
TR-20368,2025-01-09,2025-01-01,PRD,ACC-00102,DESPESA,2542.7833952910305,2542.7833952910305,BRL,Contrato de serviço - setor PRD,1,BOLETO,PAGO,58be6bc5-0a1f-4bd4-a840-78cae5cdb36e,2025-02-05,ERP_CORPORATIVO,TRANSACOES_FINANCEIRAS,20368,8d2277c4288629ad2de7a94b345aca19523aef01274717532803636c12cd9cd6
TR-20369,2025-01-06,2025-01-01,OP,ACC-00102,DESPESA,1765.5776558565,1690.1267893618722,BRL,Desconto concedido em operação de OP,38,BOLETO,PAGO,58be6bc5-0a1f-4bd4-a840-78cae5cdb36e,2025-02-05,ERP_CORPORATIVO,TRANSACOES_FINANCEIRAS,20369,1b3ceb9463a25eeaabba81afc721382f33110b44dd00f9037234c3546e0a13e4
TR-20370,2025-01-22,2025-01-01,OP,ACC-00102,DESPESA,1476.6541609880978,1476.6541609880978,BRL,Prestação de serviço para área OP,1,CARTAO,PAGO,58be6bc5-0a1f-4bd4-a840-78cae5cdb36e,2025-02-05,ERP_CORPORATIVO,TRANSACOES_FINANCEIRAS,20370,f49965bab86fe81b230c29aeee86a097997de2b8efa856239aed5729ac06071a
TR-20371,2025-01-15,2025-01-01,OP,ACC-00102,DESPESA,1447.5162395772804,1447.5162395772804,BRL,Despesa operacional - OP,8,BOLETO,ATRASADO,58be6bc5-0a1f-4bd4-a840-78cae5cdb36e,2025-02-05,ERP_CORPORATIVO,TRANSACOES_FINANCEIRAS,20371,fe1e839a440d9441e319acb26510e9b4b2dcad382a0cb14de0abe81442f32b3e
TR-20372,2025-01-13,2025-01-01,COMP,ACC-00102,DESPESA,1553.8781704305843,1553.8781704305843,BRL,Despesa operacional - COMP,8,TED,PAGO,58be6bc5-0a1f-4bd4-a840-78cae5cdb36e,2025-02-05,ERP_CORPORATIVO,TRANSACOES_FINANCEIRAS,20372,7a1d43d5dac6b6d6a874ea8ae3e9b53685be22c409fb5495d01a1c0ceb652410
TR-20373,2025-01-16,2025-01-01,VND,ACC-00102,RECEITA,1624.770240856556,1607.8634457796097,BRL,Honorários jurídicos - VND,7,TRANSFERENCIA,PAGO,58be6bc5-0a1f-4bd4-a840-78cae5cdb36e,2025-02-05,ERP_CORPORATIVO,TRANSACOES_FINANCEIRAS,20373,44270304b33e218e72444b09bef604881b03e4b9427338faf7ae9a4a677cbce0
TR-20374,2025-01-20,2025-01-01,JUR,ACC-00102,RECEITA,1273.5839568361253,1243.319509617188,BRL,Aquisição de material operacional - JUR,2,TRANSFERENCIA,ATRASADO,58be6bc5-0a1f-4bd4-a840-78cae5cdb36e,2025-02-05,ERP_CORPORATIVO,TRANSACOES_FINANCEIRAS,20374,a118de57c9a5828b527f1e6c7d8994e2a225d2e1cc121dac14d5223118c0966a
TR-20375,2025-01-15,2025-01-01,COM,ACC-00102,RECEITA,1867.0508985898866,1867.0508985898866,BRL,Contrato de serviço - setor COM,1,BOLETO,ATRASADO,58be6bc5-0a1f-4bd4-a840-78cae5cdb36e,2025-02-05,ERP_CORPORATIVO,TRANSACOES_FINANCEIRAS,20375,2a3a8ded831318ac684c07fdac191e01747fe0b20ebf7543e77bb41935e5332e
TR-20376,2025-01-13,2025-01-01,OP,ACC-00102,RECEITA,1636.9719532830563,1636.9719532830563,BRL,Receita eventual registrada em OP,37,BOLETO,PAGO,58be6bc5-0a1f-4bd4-a840-78cae5cdb36e,2025-02-05,ERP_CORPORATIVO,TRANSACOES_FINANCEIRAS,20376,d6751af7ec0de0039a0e68c02b3ea3eddc9abc5f59e104235c37a6ae98943b48
TR-20377,2025-01-24,2025-01-01,RH,ACC-00102,DESPESA,1218.2414147226439,1199.5309141635673,BRL,Participação nos resultados vinculada a RH,34,TRANSFERENCIA,PAGO,58be6bc5-0a1f-4bd4-a840-78cae5cdb36e,2025-02-05,ERP_CORPORATIVO,TRANSACOES_FINANCEIRAS,20377,9e4f0920e454798d77b87e01dcf2fd68770917df74bdfdfb5e3812a9ad5060be
TR-20378,2025-01-17,2025-01-01,OP,ACC-00102,DESPESA,1263.9079028226201,1263.9079028226201,EUR,Royalties recebidos por OP,32,PIX,PAGO,58be6bc5-0a1f-4bd4-a840-78cae5cdb36e,2025-02-05,ERP_CORPORATIVO,TRANSACOES_FINANCEIRAS,20378,e9789ebf1e9446f24f0fcc66e1a30c6487a39a7fdba02d3536cd13e316e8d8f7
TR-20897,2025-01-21,2025-01-01,RH,ACC-00106,RECEITA,7869.047256679671,7869.047256679671,BRL,Serviço especializado solicitado por RH,1,PIX,PAGO,58be6bc5-0a1f-4bd4-a840-78cae5cdb36e,2025-02-05,ERP_CORPORATIVO,TRANSACOES_FINANCEIRAS,20897,db7e5638e34957a8993782941b51dfeed2eecd42b397da93bdc45758e2739c9a
TR-20898,2025-01-06,2025-01-01,RH,ACC-00106,DESPESA,7265.309065136093,7265.309065136093,BRL,Serviço especializado solicitado por RH,1,CARTAO,PAGO,58be6bc5-0a1f-4bd4-a840-78cae5cdb36e,2025-02-05,ERP_CORPORATIVO,TRANSACOES_FINANCEIRAS,20898,d3d56299cb9ff99e794f11831396ba1a768124e69bdcc1e095949fec3fd5fcdf
TR-20899,2025-01-17,2025-01-01,COMP,ACC-00106,RECEITA,5998.311258942653,5998.311258942653,BRL,Serviço técnico especializado para COMP,11,TRANSFERENCIA,PAGO,58be6bc5-0a1f-4bd4-a840-78cae5cdb36e,2025-02-05,ERP_CORPORATIVO,TRANSACOES_FINANCEIRAS,20899,fbd0e2d930d8efd1c9cc32ebc7ad7728d14371a81eb7074406fc0079c417d51e
TR-20900,2025-01-23,2025-01-01,COMP,ACC-00106,RECEITA,8447.412219835745,8447.412219835745,BRL,Custo operacional associado a COMP,8,TED,PAGO,58be6bc5-0a1f-4bd4-a840-78cae5cdb36e,2025-02-05,ERP_CORPORATIVO,TRANSACOES_FINANCEIRAS,20900,cecde5e1c1abde3cd8b5e553988b0ebdb023c7d5463299a6f9b77cf91f5f46d1
TR-20901,2025-01-20,2025-01-01,OP,ACC-00106,DESPESA,6250.413560864823,6250.413560864823,BRL,Seguro contratado pela área OP,21,TRANSFERENCIA,PAGO,58be6bc5-0a1f-4bd4-a840-78cae5cdb36e,2025-02-05,ERP_CORPORATIVO,TRANSACOES_FINANCEIRAS,20901,acc61971aa74e3970f92ee7607d2f3a9729ead7773c74e2427b7084971c337b9
TR-20902,2025-01-20,2025-01-01,COM,ACC-00106,RECEITA,7238.218845595242,6960.030809794056,BRL,Promoção e atividade externa - COM,14,PIX,PAGO,58be6bc5-0a1f-4bd4-a840-78cae5cdb36e,2025-02-05,ERP_CORPORATIVO,TRANSACOES_FINANCEIRAS,20902,61611be38bf9310c4e6d629f92eb921710ec10a1efc41020f8022acef363635d
TR-20903,2025-01-15,2025-01-01,COMP,ACC-00106,DESPESA,6701.0874247913425,6701.0874247913425,BRL,Suporte técnico para sistemas de COMP,29,BOLETO,PAGO,58be6bc5-0a1f-4bd4-a840-78cae5cdb36e,2025-02-05,ERP_CORPORATIVO,TRANSACOES_FINANCEIRAS,20903,8f1c3d3e6a6ec0d472f82aaa58d5cd4e60fbf9c22e7a4aad02007b6986c6e7d4
TR-20904,2025-01-27,2025-01-01,VND,ACC-00106,DESPESA,6486.725500489717,6486.725500489717,BRL,Manutenção estrutural vinculada à área VND,3,TRANSFERENCIA,PAGO,58be6bc5-0a1f-4bd4-a840-78cae5cdb36e,2025-02-05,ERP_CORPORATIVO,TRANSACOES_FINANCEIRAS,20904,79c43cd10d8b923c4962a488f8ba80260e8a522abd4b64fc488a02d58d1674ac
TR-21048,2025-01-13,2025-01-01,COMP,FORN-00107,RECEITA,2703.8715455323227,2703.8715455323227,BRL,Honorários jurídicos - COMP,7,TRANSFERENCIA,PAGO,58be6bc5-0a1f-4bd4-a840-78cae5cdb36e,2025-02-05,ERP_CORPORATIVO,TRANSACOES_FINANCEIRAS,21048,7927fb8e3b7832ec542625c28837c89a9e801464dba2da4e971aa1fd7f5269f5
TR-21049,2025-01-16,2025-01-01,TI,FORN-00107,RECEITA,3040.9500858768793,3040.9500858768793,USD,Consultoria estratégica para área TI,12,TRANSFERENCIA,ATRASADO,58be6bc5-0a1f-4bd4-a840-78cae5cdb36e,2025-02-05,ERP_CORPORATIVO,TRANSACOES_FINANCEIRAS,21049,da890d67f0fb3281174e8424e9aea2a5e2dba52a2541f7dc41f64d639cd7d46c
TR-21050,2025-01-16,2025-01-01,PJT,FORN-00107,RECEITA,2781.0248420471485,2781.0248420471485,BRL,Desconto concedido em operação de PJT,38,TRANSFERENCIA,ATRASADO,58be6bc5-0a1f-4bd4-a840-78cae5cdb36e,2025-02-05,ERP_CORPORATIVO,TRANSACOES_FINANCEIRAS,21050,69024a3373bb5293e968f64736ed413c6d3a9db97c9ec2e5537b03e1c782d54c
TR-21051,2025-01-28,2025-01-01,VND,FORN-00107,RECEITA,2367.829094301258,2268.7752577594233,BRL,Assessoria contábil prestada a VND,25,CARTAO,PAGO,58be6bc5-0a1f-4bd4-a840-78cae5cdb36e,2025-02-05,ERP_CORPORATIVO,TRANSACOES_FINANCEIRAS,21051,cff4f2fbaf15227b79be7a9b8a2d4025179970829047f83adbabdf368f97087f
TR-21052,2025-01-10,2025-01-01,JUR,FORN-00107,DESPESA,2460.1884079602664,2361.002591554877,BRL,Abatimento comercial registrado em JUR,38,TRANSFERENCIA,PAGO,58be6bc5-0a1f-4bd4-a840-78cae5cdb36e,2025-02-05,ERP_CORPORATIVO,TRANSACOES_FINANCEIRAS,21052,8a4167cbf9c90705578f095e70c1056420bc3f2502fa84f4c160e3751a987c16
TR-21053,2025-01-21,2025-01-01,QAS,FORN-00107,DESPESA,2673.9985273406073,2673.9985273406073,BRL,Encargos de empréstimo vinculados a QAS,23,BOLETO,ATRASADO,58be6bc5-0a1f-4bd4-a840-78cae5cdb36e,2025-02-05,ERP_CORPORATIVO,TRANSACOES_FINANCEIRAS,21053,4b66c863af1f6c93254bd343eaebbd55d4c25842a521574a1132584501dffef1
TR-21054,2025-01-22,2025-01-01,COMP,FORN-00107,DESPESA,2868.9825818270915,2802.064850250203,BRL,Royalties recebidos por COMP,32,TRANSFERENCIA,PAGO,58be6bc5-0a1f-4bd4-a840-78cae5cdb36e,2025-02-05,ERP_CORPORATIVO,TRANSACOES_FINANCEIRAS,21054,fbd559d6e0891b57088be1a1bc374224638ce43125c20d40f4eda5a0a085132f
TR-21055,2025-01-06,2025-01-01,CPT,FORN-00107,DESPESA,2725.580195046936,2670.6961417937964,BRL,Despesa operacional - CPT,8,TRANSFERENCIA,ATRASADO,58be6bc5-0a1f-4bd4-a840-78cae5cdb36e,2025-02-05,ERP_CORPORATIVO,TRANSACOES_FINANCEIRAS,21055,7a420a0dc711143a2f21a6b2fd5a0e0eae9efdfb47f16f6e26670429b513113c
TR-21056,2025-01-02,2025-01-01,FIN,FORN-00107,DESPESA,2758.684626988756,2758.684626988756,BRL,Licenciamento de software - FIN,5,BOLETO,PAGO,58be6bc5-0a1f-4bd4-a840-78cae5cdb36e,2025-02-05,ERP_CORPORATIVO,TRANSACOES_FINANCEIRAS,21056,5528cd63df25ba283bf29ba541b90294e63b2f35dc159368229b79c6f94c9f53
TR-21252,2025-01-20,2025-01-01,LOG,FORN-00108,DESPESA,2957.296276800784,2957.296276800784,BRL,Assessoria legal vinculada à área LOG,7,CARTAO,PAGO,58be6bc5-0a1f-4bd4-a840-78cae5cdb36e,2025-02-05,ERP_CORPORATIVO,TRANSACOES_FINANCEIRAS,21252,dbdea08489552193a2553d96e4a62197773197b183a589d1fc214442930a03d1
TR-21253,2025-01-14,2025-01-01,OP,FORN-00108,DESPESA,3006.592373087095,2865.5600191824647,BRL,Licenciamento de software - OP,5,BOLETO,PAGO,58be6bc5-0a1f-4bd4-a840-78cae5cdb36e,2025-02-05,ERP_CORPORATIVO,TRANSACOES_FINANCEIRAS,21253,8b9ac7d5fc2d14bcd227f5276f720de39c7c6458c50a8adbf1661b3dc67c002d
TR-21254,2025-01-20,2025-01-01,PJT,FORN-00108,DESPESA,2360.998947401486,2360.998947401486,BRL,Serviço técnico especializado para PJT,11,BOLETO,PAGO,58be6bc5-0a1f-4bd4-a840-78cae5cdb36e,2025-02-05,ERP_CORPORATIVO,TRANSACOES_FINANCEIRAS,21254,1833dfa6988fcff76d8f05502138746784d72b274fcb7885e8e5ab6d95971733
TR-21255,2025-01-20,2025-01-01,JUR,FORN-00108,RECEITA,3397.865557653417,3397.865557653417,BRL,Compra de insumos para setor JUR,2,TED,PAGO,58be6bc5-0a1f-4bd4-a840-78cae5cdb36e,2025-02-05,ERP_CORPORATIVO,TRANSACOES_FINANCEIRAS,21255,66346c2e0d3aa7cd15b881e8ab7f455490606176edaf68410abeda433114d37c
TR-21256,2025-01-21,2025-01-01,SEC,FORN-00108,RECEITA,2985.6916154192954,2985.6916154192954,BRL,Seguro contratado pela área SEC,21,BOLETO,PAGO,58be6bc5-0a1f-4bd4-a840-78cae5cdb36e,2025-02-05,ERP_CORPORATIVO,TRANSACOES_FINANCEIRAS,21256,d832449e79005049d8e9ab765d091582b6373672ffb8d1c5148314938bd7f04c
TR-21443,2025-01-16,2025-01-01,COM,FORN-00109,DESPESA,2020.6355850496834,1933.4175932809178,BRL,Investimento em marketing corporativo (COM),4,CARTAO,PAGO,58be6bc5-0a1f-4bd4-a840-78cae5cdb36e,2025-02-05,ERP_CORPORATIVO,TRANSACOES_FINANCEIRAS,21443,7a1ee04e69548292f3244c1847b3d64563fee270724c6a2625175180fecb9277
TR-21444,2025-01-15,2025-01-01,ESG,FORN-00109,RECEITA,2127.392508985708,2127.392508985708,BRL,Custo operacional associado a ESG,8,BOLETO,PAGO,58be6bc5-0a1f-4bd4-a840-78cae5cdb36e,2025-02-05,ERP_CORPORATIVO,TRANSACOES_FINANCEIRAS,21444,c126659375a9d46c839b0abf500d2f39e624d4c6c013f01ad061e5b6f1c8c191
TR-21445,2025-01-27,2025-01-01,RH,FORN-00109,DESPESA,2368.4325790927146,2368.4325790927146,BRL,Despesa de infraestrutura - RH,3,PIX,PAGO,58be6bc5-0a1f-4bd4-a840-78cae5cdb36e,2025-02-05,ERP_CORPORATIVO,TRANSACOES_FINANCEIRAS,21445,65f117a3fc9cc6323c6813116495487c0cf5b973b7abcd97b99196b11883bd49
TR-21446,2025-01-03,2025-01-01,COMP,FORN-00109,DESPESA,2092.1548509315967,2092.1548509315967,BRL,Serviço de tecnologia contratado por COMP,5,BOLETO,PAGO,58be6bc5-0a1f-4bd4-a840-78cae5cdb36e,2025-02-05,ERP_CORPORATIVO,TRANSACOES_FINANCEIRAS,21446,535c3a9e7df4a358eef981d526963f406d35610013be5abc93f85db21cd9c906
TR-21447,2025-01-07,2025-01-01,VND,FORN-00109,RECEITA,2056.498234371954,2056.498234371954,BRL,Promoção e atividade externa - VND,14,TED,PAGO,58be6bc5-0a1f-4bd4-a840-78cae5cdb36e,2025-02-05,ERP_CORPORATIVO,TRANSACOES_FINANCEIRAS,21447,771df3891b9f78b3c73e3558156f37a62e4ca392ed382d8e34570801debe6836
TR-21448,2025-01-14,2025-01-01,PRD,FORN-00109,DESPESA,1959.2137901353021,1959.2137901353021,BRL,Abatimento comercial registrado em PRD,38,PIX,PAGO,58be6bc5-0a1f-4bd4-a840-78cae5cdb36e,2025-02-05,ERP_CORPORATIVO,TRANSACOES_FINANCEIRAS,21448,24acbc40abe83d6352aea9b86df01afa82e3bc49cb486dfbce2b185803279f24
TR-21449,2025-01-22,2025-01-01,QAS,FORN-00109,DESPESA,2388.648385730966,2388.648385730966,BRL,Abastecimento de veículos - QAS,16,CARTAO,ATRASADO,58be6bc5-0a1f-4bd4-a840-78cae5cdb36e,2025-02-05,ERP_CORPORATIVO,TRANSACOES_FINANCEIRAS,21449,286e3580f6402cc5e31b8338af6acfa9367492a278c466a15cd6824f36130cf5
TR-21450,2025-01-27,2025-01-01,PES,FORN-00109,RECEITA,2383.629724422231,2353.820104826714,BRL,Imposto sobre venda apurado em PES,40,BOLETO,PAGO,58be6bc5-0a1f-4bd4-a840-78cae5cdb36e,2025-02-05,ERP_CORPORATIVO,TRANSACOES_FINANCEIRAS,21450,cb6935e766c22c9b3a1a50ae1b8c7b1c26a4a89a3f4829909925568d0d530c24
TR-21451,2025-01-27,2025-01-01,ADM,FORN-00109,DESPESA,2541.1573617509985,2541.1573617509985,BRL,Licenciamento de software - ADM,5,TRANSFERENCIA,CANCELADO,58be6bc5-0a1f-4bd4-a840-78cae5cdb36e,2025-02-05,ERP_CORPORATIVO,TRANSACOES_FINANCEIRAS,21451,ec03712b90d21c9cc2c8a197b95460620bc8178f5fbe562aace98a733ef9c937
TR-21452,2025-01-10,2025-01-01,VND,FORN-00109,RECEITA,1827.2189741487678,1827.2189741487678,BRL,Propaganda e divulgação para área VND,13,PIX,PAGO,58be6bc5-0a1f-4bd4-a840-78cae5cdb36e,2025-02-05,ERP_CORPORATIVO,TRANSACOES_FINANCEIRAS,21452,6bfe4a958ccf8cf63d73f0099c9b9226e3d3b087937d3a0875c1ec3347cc44f8
TR-21453,2025-01-14,2025-01-01,OP,FORN-00109,RECEITA,2545.660972409907,2545.660972409907,BRL,Manutenção preventiva de veículos - OP,17,TRANSFERENCIA,PAGO,58be6bc5-0a1f-4bd4-a840-78cae5cdb36e,2025-02-05,ERP_CORPORATIVO,TRANSACOES_FINANCEIRAS,21453,f8f1961accadfae579a73d2a94c6783c6d84d2f70a00184d5f2b7ec0f451b40e
TR-21454,2025-01-20,2025-01-01,CTB,FORN-00109,DESPESA,2530.84143138833,2499.566143341054,BRL,Prestação de serviço para área CTB,1,CARTAO,PAGO,58be6bc5-0a1f-4bd4-a840-78cae5cdb36e,2025-02-05,ERP_CORPORATIVO,TRANSACOES_FINANCEIRAS,21454,12602727f7681daf839ae401fb35be990262812c012d418ea897056171baebc1
TR-21455,2025-01-22,2025-01-01,FIN,FORN-00109,RECEITA,2555.0436201861153,2555.0436201861153,BRL,Prestação de serviço para área FIN,1,BOLETO,PAGO,58be6bc5-0a1f-4bd4-a840-78cae5cdb36e,2025-02-05,ERP_CORPORATIVO,TRANSACOES_FINANCEIRAS,21455,99d7291213a0367cc7fee5a2b91e76b56164ec6249209d0be72db1610fc028bc
TR-21456,2025-01-20,2025-01-01,COMP,FORN-00109,DESPESA,2291.4066344436214,2291.4066344436214,BRL,Honorários jurídicos - COMP,7,TED,PAGO,58be6bc5-0a1f-4bd4-a840-78cae5cdb36e,2025-02-05,ERP_CORPORATIVO,TRANSACOES_FINANCEIRAS,21456,1872d3cee328b9f65fb5415784b5b68159e8b5b1b64685ef75a5f0e2d4c9f57e
TR-21457,2025-01-24,2025-01-01,FIN,FORN-00109,RECEITA,2314.9388875318446,2223.2838641886788,BRL,Serviço de tecnologia contratado por FIN,5,BOLETO,CANCELADO,58be6bc5-0a1f-4bd4-a840-78cae5cdb36e,2025-02-05,ERP_CORPORATIVO,TRANSACOES_FINANCEIRAS,21457,9ac16e28a270726730889020ed0f7a03d31bd75686851ebaa8f3b51d8d6ee458
TR-21458,2025-01-10,2025-01-01,RH,FORN-00109,RECEITA,2313.8555568435772,2313.8555568435772,BRL,Honorários profissionais contratados por RH,11,TRANSFERENCIA,PAGO,58be6bc5-0a1f-4bd4-a840-78cae5cdb36e,2025-02-05,ERP_CORPORATIVO,TRANSACOES_FINANCEIRAS,21458,ae15f5ade30a1da9f059cf4a79cd6e90ca02d115d69f24bdd5413d76f1571297
TR-21459,2025-01-16,2025-01-01,TI,FORN-00109,DESPESA,2066.5980843888133,2066.5980843888133,BRL,Campanha institucional - TI,4,TRANSFERENCIA,PAGO,58be6bc5-0a1f-4bd4-a840-78cae5cdb36e,2025-02-05,ERP_CORPORATIVO,TRANSACOES_FINANCEIRAS,21459,1eb0e0bc380126363fdd0dd19ea71ef79e94fbe6702dca2d830d3861171689df
TR-21460,2025-01-15,2025-01-01,SEC,FORN-00109,DESPESA,2075.3972350549466,2075.3972350549466,BRL,Venda de ativo imobilizado por SEC,35,PIX,PAGO,58be6bc5-0a1f-4bd4-a840-78cae5cdb36e,2025-02-05,ERP_CORPORATIVO,TRANSACOES_FINANCEIRAS,21460,3fd334c80d3bc74c4a70489158d1c2e9b39e37a4702fb2f0fb929dc932ef440c
TR-21461,2025-01-22,2025-01-01,QAS,FORN-00109,RECEITA,2315.854758107118,2315.854758107118,BRL,Manutenção estrutural vinculada à área QAS,3,PIX,PAGO,58be6bc5-0a1f-4bd4-a840-78cae5cdb36e,2025-02-05,ERP_CORPORATIVO,TRANSACOES_FINANCEIRAS,21461,2df64454a7e2fabd9df0cb2573e5e27d329e813494c6ad62f8ad891bc8acbbb6
TR-21462,2025-01-07,2025-01-01,PJT,FORN-00109,DESPESA,2208.455367841748,2100.4300029414408,BRL,Licença de software para área PJT,27,BOLETO,PAGO,58be6bc5-0a1f-4bd4-a840-78cae5cdb36e,2025-02-05,ERP_CORPORATIVO,TRANSACOES_FINANCEIRAS,21462,295d2afe162af5dce0fa67549c6ca2f165a1dfec1f129aa163fa70c9a01250dc
TR-21463,2025-01-17,2025-01-01,RH,FORN-00109,DESPESA,2432.245872196079,2432.245872196079,BRL,Desconto concedido em operação de RH,38,TED,PAGO,58be6bc5-0a1f-4bd4-a840-78cae5cdb36e,2025-02-05,ERP_CORPORATIVO,TRANSACOES_FINANCEIRAS,21463,a442a957a55b155daad1f216181d7cf2f455d7b39f307938963a925e190f5b75
TR-21464,2025-01-20,2025-01-01,TI,FORN-00109,RECEITA,2184.860308704024,2184.860308704024,BRL,Recebimento de subvenção - TI,36,CARTAO,PAGO,58be6bc5-0a1f-4bd4-a840-78cae5cdb36e,2025-02-05,ERP_CORPORATIVO,TRANSACOES_FINANCEIRAS,21464,017412b5284ab2ce3c219bd6c32278eafdc8c75343caf73667388143498ae698
TR-21858,2025-01-13,2025-01-01,OP,FORN-00111,DESPESA,1927.2743328892313,1927.2743328892313,USD,Serviços contábeis externos - OP,25,PIX,PAGO,58be6bc5-0a1f-4bd4-a840-78cae5cdb36e,2025-02-05,ERP_CORPORATIVO,TRANSACOES_FINANCEIRAS,21858,e3c4b21e84cf3aa737ab7d6840ac634ad86c8d633851a071e43341eb035e2864
TR-21859,2025-01-23,2025-01-01,FIN,FORN-00111,DESPESA,2000.4106399761022,2000.4106399761022,BRL,Hospedagem em viagem a serviço de FIN,19,BOLETO,PAGO,58be6bc5-0a1f-4bd4-a840-78cae5cdb36e,2025-02-05,ERP_CORPORATIVO,TRANSACOES_FINANCEIRAS,21859,876bfd4bd25fb09a8f11fe0a9f676bff96d55f13e4f327c03500af0dcd5c1deb
TR-21860,2025-01-23,2025-01-01,ADM,FORN-00111,DESPESA,2037.8071859645584,2037.8071859645584,BRL,Contrato de consultoria externa - ADM,12,BOLETO,PAGO,58be6bc5-0a1f-4bd4-a840-78cae5cdb36e,2025-02-05,ERP_CORPORATIVO,TRANSACOES_FINANCEIRAS,21860,c00c1482abba12aaf527b95083ba0865675184769e2352a9e84c064221a48eb1
TR-21861,2025-01-13,2025-01-01,QAS,FORN-00111,DESPESA,1852.3680123643207,1852.3680123643207,BRL,Serviço especializado solicitado por QAS,1,CARTAO,PAGO,58be6bc5-0a1f-4bd4-a840-78cae5cdb36e,2025-02-05,ERP_CORPORATIVO,TRANSACOES_FINANCEIRAS,21861,69c177e538df725999e12e1d42f201ba5d246101999e95a36b2e97b9c61ae152
TR-21862,2025-01-06,2025-01-01,JUR,FORN-00111,DESPESA,1800.6430307785456,1800.6430307785456,BRL,Licença de software para área JUR,27,BOLETO,PAGO,58be6bc5-0a1f-4bd4-a840-78cae5cdb36e,2025-02-05,ERP_CORPORATIVO,TRANSACOES_FINANCEIRAS,21862,637bc28d311bac67e09934f5b66cecc30ba62dd9225fa422489aad88bfd1bb4c
TR-21863,2025-01-10,2025-01-01,OP,FORN-00111,DESPESA,1833.681531190337,1833.681531190337,BRL,Honorários profissionais contratados por OP,11,BOLETO,ATRASADO,58be6bc5-0a1f-4bd4-a840-78cae5cdb36e,2025-02-05,ERP_CORPORATIVO,TRANSACOES_FINANCEIRAS,21863,fca1ac7b276c82133148b3db148369d98e4671b0af21ca089fe67ccdd9b16b2b
TR-21864,2025-01-10,2025-01-01,RH,FORN-00111,DESPESA,1794.3800736661815,1794.3800736661815,BRL,Contrato de serviço - setor RH,1,BOLETO,PAGO,58be6bc5-0a1f-4bd4-a840-78cae5cdb36e,2025-02-05,ERP_CORPORATIVO,TRANSACOES_FINANCEIRAS,21864,509ce0a0c7a95ba341d0994b440baf56a773d2fc0de2be995a6fad00e65e24c9
TR-21865,2025-01-15,2025-01-01,LOG,FORN-00111,DESPESA,1711.866030525247,1711.866030525247,BRL,Custo operacional associado a LOG,8,TED,ATRASADO,58be6bc5-0a1f-4bd4-a840-78cae5cdb36e,2025-02-05,ERP_CORPORATIVO,TRANSACOES_FINANCEIRAS,21865,e8c6301ab281d1988c039a7af37f4c94f9f9efd79b58a861c8cdf6c8551647b1
TR-21866,2025-01-15,2025-01-01,OP,FORN-00111,DESPESA,2003.3601347832537,2003.3601347832537,BRL,Prestação de serviço para área OP,1,BOLETO,PAGO,58be6bc5-0a1f-4bd4-a840-78cae5cdb36e,2025-02-05,ERP_CORPORATIVO,TRANSACOES_FINANCEIRAS,21866,b249f73beb8991c98cc5671c806cd088b59702142c03ef6f044fa255a5300129
TR-21867,2025-01-14,2025-01-01,COMP,FORN-00111,RECEITA,1770.427561987368,1727.9949231994353,BRL,Passagem aérea para colaborador de COMP,18,CARTAO,PAGO,58be6bc5-0a1f-4bd4-a840-78cae5cdb36e,2025-02-05,ERP_CORPORATIVO,TRANSACOES_FINANCEIRAS,21867,cae1d93ec117482017be7a1f9de2b9c8471eaa5a596c13803b15159aa409decf
TR-21868,2025-01-06,2025-01-01,FIN,FORN-00111,DESPESA,1630.802954018921,1586.1714599564114,BRL,Material de marketing solicitado por FIN,15,BOLETO,PAGO,58be6bc5-0a1f-4bd4-a840-78cae5cdb36e,2025-02-05,ERP_CORPORATIVO,TRANSACOES_FINANCEIRAS,21868,00ebbb225d3d5430c124b92ace509bccafbcde7e7f1da99917dd822ec37b0ac5
TR-21869,2025-01-20,2025-01-01,COMP,FORN-00111,RECEITA,1808.6199922039348,1750.5809848458694,BRL,Compra de insumos para setor COMP,2,CARTAO,ATRASADO,58be6bc5-0a1f-4bd4-a840-78cae5cdb36e,2025-02-05,ERP_CORPORATIVO,TRANSACOES_FINANCEIRAS,21869,c1655ad53ac4c7f1f19d976c93170fb197b545f1ada19e46d2193fca767521e3
TR-21870,2025-01-07,2025-01-01,LOG,FORN-00111,DESPESA,1939.0015650321898,1939.0015650321898,BRL,Atendimento de TI requisitado por LOG,29,PIX,PAGO,58be6bc5-0a1f-4bd4-a840-78cae5cdb36e,2025-02-05,ERP_CORPORATIVO,TRANSACOES_FINANCEIRAS,21870,c7a1bfcf9205f2f38a9af36af8316ec16edb8ce73b2b22a0476f290d2ba72906
TR-21871,2025-01-20,2025-01-01,JUR,FORN-00111,DESPESA,1560.3542620575497,1560.3542620575497,BRL,Licenciamento de software - JUR,5,TED,PAGO,58be6bc5-0a1f-4bd4-a840-78cae5cdb36e,2025-02-05,ERP_CORPORATIVO,TRANSACOES_FINANCEIRAS,21871,c96968f31e97c8e51effe14a0cdc449e6a2eb72575aea392d205d9002e4cee01
TR-22114,2025-01-21,2025-01-01,JUR,ACC-00112,DESPESA,2314.1379622271725,2269.539441195982,BRL,Publicidade institucional - JUR,13,TRANSFERENCIA,PAGO,58be6bc5-0a1f-4bd4-a840-78cae5cdb36e,2025-02-05,ERP_CORPORATIVO,TRANSACOES_FINANCEIRAS,22114,4225264501ea783ee66c9cdbf561928cca42b6e2563b2aee37bfd8fa467e0608
TR-22115,2025-01-15,2025-01-01,FIN,ACC-00112,RECEITA,2275.8065946597735,2171.3465009943634,BRL,Atendimento de TI requisitado por FIN,29,BOLETO,ATRASADO,58be6bc5-0a1f-4bd4-a840-78cae5cdb36e,2025-02-05,ERP_CORPORATIVO,TRANSACOES_FINANCEIRAS,22115,0a7f98a0237e9c196fbdd4ea920de5dc09d7f0935fe54ac6625e29dae65bac18
TR-22435,2025-01-20,2025-01-01,PES,1000113,RECEITA,7495.463888369502,7167.6380495917865,BRL,Doação recebida em favor de PES,36,TRANSFERENCIA,CANCELADO,58be6bc5-0a1f-4bd4-a840-78cae5cdb36e,2025-02-05,ERP_CORPORATIVO,TRANSACOES_FINANCEIRAS,22435,8bd37e0ca55ca93aabe80dc2f0a23a48681abb47808694a9cd5be66cd2ca6e59
TR-22436,2025-01-20,2025-01-01,COM,1000113,RECEITA,7196.2773527797535,7196.2773527797535,BRL,Treinamento corporativo para equipe COM,30,BOLETO,PAGO,58be6bc5-0a1f-4bd4-a840-78cae5cdb36e,2025-02-05,ERP_CORPORATIVO,TRANSACOES_FINANCEIRAS,22436,65d60fa437ae3931c0689fb9b3675c415d353a20dc61b7be69e35126271dc8ba
TR-22437,2025-01-21,2025-01-01,MKT,1000113,DESPESA,6137.851505359097,6137.851505359097,BRL,Serviço de tecnologia contratado por MKT,5,BOLETO,PAGO,58be6bc5-0a1f-4bd4-a840-78cae5cdb36e,2025-02-05,ERP_CORPORATIVO,TRANSACOES_FINANCEIRAS,22437,b53e0bbed0554da7ea4231dfb597180a1948d1f8683d7521739e2ef25c320329
TR-22438,2025-01-17,2025-01-01,PES,1000113,DESPESA,6472.7239045345295,6472.7239045345295,BRL,Manutenção estrutural vinculada à área PES,3,TED,PAGO,58be6bc5-0a1f-4bd4-a840-78cae5cdb36e,2025-02-05,ERP_CORPORATIVO,TRANSACOES_FINANCEIRAS,22438,d635643532d17991bc3a0cf976d3d6eb981d31f3b94b9d3e17234715139cfd1e
TR-22439,2025-01-16,2025-01-01,ADM,1000113,DESPESA,7068.819713479504,7068.819713479504,BRL,Viagem corporativa - ADM,18,PIX,PAGO,58be6bc5-0a1f-4bd4-a840-78cae5cdb36e,2025-02-05,ERP_CORPORATIVO,TRANSACOES_FINANCEIRAS,22439,5d2fbf611b85ee1aa84c6cc899ede41d95d015558c0cebbbf03b0f6cea54b04b
TR-22440,2025-01-27,2025-01-01,PES,1000113,DESPESA,6593.261694623965,6593.261694623965,BRL,Serviço especializado solicitado por PES,1,PIX,PAGO,58be6bc5-0a1f-4bd4-a840-78cae5cdb36e,2025-02-05,ERP_CORPORATIVO,TRANSACOES_FINANCEIRAS,22440,89eb0ccc39715c96fc64f6019f05f41fcf07f227762aefebcedb0e86cac4f9fd
TR-22441,2025-01-14,2025-01-01,OP,1000113,RECEITA,6486.825454540215,6486.825454540215,BRL,Serviço de tecnologia contratado por OP,5,PIX,PAGO,58be6bc5-0a1f-4bd4-a840-78cae5cdb36e,2025-02-05,ERP_CORPORATIVO,TRANSACOES_FINANCEIRAS,22441,7c3f1e178ddbe49a25caa61df364e77d89e710cc5fbd1b32fe5da73241d12561
TR-22442,2025-01-20,2025-01-01,COMP,1000113,RECEITA,6364.32120403257,6364.32120403257,BRL,Investimento em marketing corporativo (COMP),4,PIX,ATRASADO,58be6bc5-0a1f-4bd4-a840-78cae5cdb36e,2025-02-05,ERP_CORPORATIVO,TRANSACOES_FINANCEIRAS,22442,99f1281417ec8024e26cca1af85f6db1d6d0f7c4185238c656fa27eb17f5c9e1
TR-22443,2025-01-09,2025-01-01,MKT,1000113,RECEITA,6915.946525471297,6915.946525471297,BRL,Reparo de hardware solicitado por MKT,28,PIX,PAGO,58be6bc5-0a1f-4bd4-a840-78cae5cdb36e,2025-02-05,ERP_CORPORATIVO,TRANSACOES_FINANCEIRAS,22443,9c5bfe004d283352d12d38dc764dc20b3e27bea67db7ed5906e00016bf59e170
TR-22444,2025-01-21,2025-01-01,ESG,1000113,DESPESA,6866.2358042338,6645.321368639704,BRL,Licenciamento de software - ESG,5,TRANSFERENCIA,PAGO,58be6bc5-0a1f-4bd4-a840-78cae5cdb36e,2025-02-05,ERP_CORPORATIVO,TRANSACOES_FINANCEIRAS,22444,c440f32fb9961ab219b26df96e1bdee4c1225ca0178958542777b8abd642df6a
TR-22445,2025-01-20,2025-01-01,MKT,1000113,DESPESA,6453.978987056101,6326.362935196081,BRL,Evento corporativo organizado por MKT,14,PIX,PAGO,58be6bc5-0a1f-4bd4-a840-78cae5cdb36e,2025-02-05,ERP_CORPORATIVO,TRANSACOES_FINANCEIRAS,22445,869494e48ffc7aebad129ee84fccb5f77e07fd317811ba2d964be87e6c872911
TR-22446,2025-01-13,2025-01-01,OP,1000113,DESPESA,7017.356889015986,6701.36171079806,BRL,Serviço relacionado a recursos humanos (OP),6,TRANSFERENCIA,PAGO,58be6bc5-0a1f-4bd4-a840-78cae5cdb36e,2025-02-05,ERP_CORPORATIVO,TRANSACOES_FINANCEIRAS,22446,67c9c5ecda31063c73eea4c503b6d10b8189f72b8fd81d17df4208a71fbfb6d1
TR-22447,2025-01-27,2025-01-01,COMP,1000113,DESPESA,7187.224240051275,6888.735023973447,USD,Receita de aluguel creditada em COMP,31,TED,PAGO,58be6bc5-0a1f-4bd4-a840-78cae5cdb36e,2025-02-05,ERP_CORPORATIVO,TRANSACOES_FINANCEIRAS,22447,a713feec1634c1641469dedfb67d8585958374af56ad9a088df160b55473f021
TR-22726,2025-01-03,2025-01-01,CTB,1000115,RECEITA,6639.383159334903,6639.383159334903,BRL,Despesa jurídica da área CTB,24,TRANSFERENCIA,PAGO,58be6bc5-0a1f-4bd4-a840-78cae5cdb36e,2025-02-05,ERP_CORPORATIVO,TRANSACOES_FINANCEIRAS,22726,b9e57a1cbda4eba5dd05bc990fca0b2385bd88ba81fae91e5a7346cb84fff6ae
TR-22727,2025-01-13,2025-01-01,OP,1000115,RECEITA,7441.7212128511555,7441.7212128511555,BRL,Manutenção predial solicitada por OP,10,CARTAO,PAGO,58be6bc5-0a1f-4bd4-a840-78cae5cdb36e,2025-02-05,ERP_CORPORATIVO,TRANSACOES_FINANCEIRAS,22727,c614876bc89264f42be343f85b029b8a20a0694c50f8da433c97a8d45d15228d
TR-22774,2025-01-13,2025-01-01,RH,1000116,DESPESA,6117.408178709846,5961.871811117171,BRL,Promoção e atividade externa - RH,14,BOLETO,ATRASADO,58be6bc5-0a1f-4bd4-a840-78cae5cdb36e,2025-02-05,ERP_CORPORATIVO,TRANSACOES_FINANCEIRAS,22774,ced38d29ed07b9ef594040dbe5c0c553de529556b6e7a66f2f7dd848130dcdd4
TR-22775,2025-01-13,2025-01-01,COMP,1000116,DESPESA,4918.606254343965,4918.606254343965,BRL,Despesa jurídica da área COMP,24,BOLETO,PAGO,58be6bc5-0a1f-4bd4-a840-78cae5cdb36e,2025-02-05,ERP_CORPORATIVO,TRANSACOES_FINANCEIRAS,22775,c68262349ff9c5f812bf4c9f223614b422694aea62e07861c76ae40f808f9631
TR-22776,2025-01-24,2025-01-01,QAS,1000116,DESPESA,4719.935278951818,4516.295110409702,BRL,Compra de insumos para setor QAS,2,BOLETO,PAGO,58be6bc5-0a1f-4bd4-a840-78cae5cdb36e,2025-02-05,ERP_CORPORATIVO,TRANSACOES_FINANCEIRAS,22776,733a26913c45b0b08fd347ed2df67ce339654a279fd40ce0c0e4669ae1a76d87
TR-22777,2025-01-20,2025-01-01,FIN,1000116,DESPESA,5627.666951368633,5627.666951368633,BRL,Resultado de equivalência patrimonial - FIN,34,PIX,PAGO,58be6bc5-0a1f-4bd4-a840-78cae5cdb36e,2025-02-05,ERP_CORPORATIVO,TRANSACOES_FINANCEIRAS,22777,173a668e901815040a60921c315811b435984178b9b38236b4e35e38322a0461
TR-22778,2025-01-20,2025-01-01,CPT,1000116,DESPESA,5235.350818199302,5235.350818199302,BRL,Desconto concedido em operação de CPT,38,PIX,PAGO,58be6bc5-0a1f-4bd4-a840-78cae5cdb36e,2025-02-05,ERP_CORPORATIVO,TRANSACOES_FINANCEIRAS,22778,acd5bed7da2bc8a16cd17445e6b7e856203f0899c0415115d67e80a7c9f75c28
TR-22779,2025-01-20,2025-01-01,CTB,1000116,RECEITA,5061.437631608576,5061.437631608576,BRL,Serviço de tecnologia contratado por CTB,5,BOLETO,PAGO,58be6bc5-0a1f-4bd4-a840-78cae5cdb36e,2025-02-05,ERP_CORPORATIVO,TRANSACOES_FINANCEIRAS,22779,6ab567e662a5571ed636c2e531025e13476f5839de55bc6d69a8f8373207ad68
TR-22780,2025-01-17,2025-01-01,LOG,1000116,DESPESA,5929.874138782022,5721.043823908198,BRL,Renovação de certificados digitais - LOG,26,CARTAO,CANCELADO,58be6bc5-0a1f-4bd4-a840-78cae5cdb36e,2025-02-05,ERP_CORPORATIVO,TRANSACOES_FINANCEIRAS,22780,ef1cf5743140808474df45a88c541a342e6baf33c8280b605d6e64b09d844cfb
TR-22781,2025-01-27,2025-01-01,MKT,1000116,DESPESA,5207.573300848575,5207.573300848575,BRL,Aquisição de material operacional - MKT,2,PIX,CANCELADO,58be6bc5-0a1f-4bd4-a840-78cae5cdb36e,2025-02-05,ERP_CORPORATIVO,TRANSACOES_FINANCEIRAS,22781,12461434a15e3a2ba3abe7a9ac352aea3ed299aeda3a428e1266669db3b3fd73
TR-22782,2025-01-10,2025-01-01,TI,1000116,DESPESA,21223.99414210783,21223.99414210783,BRL,Aquisição de material operacional - TI,2,CARTAO,PAGO,58be6bc5-0a1f-4bd4-a840-78cae5cdb36e,2025-02-05,ERP_CORPORATIVO,TRANSACOES_FINANCEIRAS,22782,e2918df0f1a653ab77e7f401846cc801229e2f77d3127700936270f019ab2ab6
TR-22783,2025-01-14,2025-01-01,ADM,1000116,RECEITA,5370.6070590793815,5370.6070590793815,BRL,Reparo e conservação de instalações - ADM,10,TED,PAGO,58be6bc5-0a1f-4bd4-a840-78cae5cdb36e,2025-02-05,ERP_CORPORATIVO,TRANSACOES_FINANCEIRAS,22783,63cf9932546d9d070beca3dd689a2996a7b0f1616a58ed692e5ef5733ea710ae
TR-22784,2025-01-20,2025-01-01,PRD,1000116,DESPESA,5433.508603774692,5433.508603774692,BRL,Serviço de tecnologia contratado por PRD,5,BOLETO,PAGO,58be6bc5-0a1f-4bd4-a840-78cae5cdb36e,2025-02-05,ERP_CORPORATIVO,TRANSACOES_FINANCEIRAS,22784,5b5c5cf1871f35e1c32128d7dbc491b3c72848a3ef63f5810aca9511437ac4b7
TR-22785,2025-01-08,2025-01-01,TI,1000116,DESPESA,6686.8891150122845,6379.87126220324,USD,Serviço relacionado a recursos humanos (TI),6,TRANSFERENCIA,PAGO,58be6bc5-0a1f-4bd4-a840-78cae5cdb36e,2025-02-05,ERP_CORPORATIVO,TRANSACOES_FINANCEIRAS,22785,ef72fd7d05b9657859b132cc8c08ed1279b9c4c8538a29fc03e1a309f6bf0a0d
TR-22786,2025-01-10,2025-01-01,ADM,1000116,DESPESA,5513.155097134673,5513.155097134673,BRL,Contrato de serviço - setor ADM,1,TED,PAGO,58be6bc5-0a1f-4bd4-a840-78cae5cdb36e,2025-02-05,ERP_CORPORATIVO,TRANSACOES_FINANCEIRAS,22786,018cab133646228429f070d3b5a102c8bd570a1570d2886e7402684922ddc2d2
TR-22787,2025-01-13,2025-01-01,CPT,1000116,RECEITA,4980.586209159264,4737.114367215183,BRL,Serviço relacionado a recursos humanos (CPT),6,TRANSFERENCIA,ATRASADO,58be6bc5-0a1f-4bd4-a840-78cae5cdb36e,2025-02-05,ERP_CORPORATIVO,TRANSACOES_FINANCEIRAS,22787,ddc8c7b1f75034fec83db0f90e0ef52fcbc088e0e49ca0b73e4339f5d4b818a5
TR-23005,2025-01-06,2025-01-01,OP,FORN-00119,DESPESA,5607.252829437045,5607.252829437045,BRL,Reparo de hardware solicitado por OP,28,TRANSFERENCIA,ATRASADO,58be6bc5-0a1f-4bd4-a840-78cae5cdb36e,2025-02-05,ERP_CORPORATIVO,TRANSACOES_FINANCEIRAS,23005,1402d945b366455f6c08189149bdf2c683f961b446d461bc5e82bfffcf04eb62
TR-23006,2025-01-20,2025-01-01,OP,FORN-00119,DESPESA,4351.195877966041,4146.2828037963845,EUR,Contrato de consultoria externa - OP,12,TED,PAGO,58be6bc5-0a1f-4bd4-a840-78cae5cdb36e,2025-02-05,ERP_CORPORATIVO,TRANSACOES_FINANCEIRAS,23006,14a47e383072186538cac50f55743eebc221715916862a999d9071c1cb23ce88
TR-23160,2025-01-16,2025-01-01,RH,FORN-00120,DESPESA,1189.0504147001784,1189.0504147001784,BRL,Despesa de infraestrutura - RH,3,TED,PAGO,58be6bc5-0a1f-4bd4-a840-78cae5cdb36e,2025-02-05,ERP_CORPORATIVO,TRANSACOES_FINANCEIRAS,23160,e0f43986b5370967af05033e308d931c38d6a6478e56d52c501af885fd5fff4e
TR-23161,2025-01-13,2025-01-01,FIN,FORN-00120,RECEITA,1595.2406094773228,1595.2406094773228,BRL,Reparo e conservação de instalações - FIN,10,TED,PAGO,58be6bc5-0a1f-4bd4-a840-78cae5cdb36e,2025-02-05,ERP_CORPORATIVO,TRANSACOES_FINANCEIRAS,23161,7d44843f6c7df162b969aaf1dbff20171709ae9043cb5ae6025d13fc0b727201
TR-23162,2025-01-13,2025-01-01,COMP,FORN-00120,DESPESA,1257.7693510909376,1257.7693510909376,BRL,Honorários profissionais contratados por COMP,11,CARTAO,PAGO,58be6bc5-0a1f-4bd4-a840-78cae5cdb36e,2025-02-05,ERP_CORPORATIVO,TRANSACOES_FINANCEIRAS,23162,6a77f4f1bc67d7774a1177f4de0a0e9043a2ad9aeab496e27649e3dcc7b8a3d1
TR-23163,2025-01-28,2025-01-01,QAS,FORN-00120,DESPESA,1310.6952901406687,1310.6952901406687,BRL,Licença de software para área QAS,27,PIX,CANCELADO,58be6bc5-0a1f-4bd4-a840-78cae5cdb36e,2025-02-05,ERP_CORPORATIVO,TRANSACOES_FINANCEIRAS,23163,e29ae7b2e421fd637f87b07966ea83b1c4f680b33a5096fe4253d6ca39b3480b
TR-23164,2025-01-16,2025-01-01,ADM,FORN-00120,DESPESA,1377.9953635849142,1360.891315801847,BRL,Suporte técnico para sistemas de ADM,29,CARTAO,PAGO,58be6bc5-0a1f-4bd4-a840-78cae5cdb36e,2025-02-05,ERP_CORPORATIVO,TRANSACOES_FINANCEIRAS,23164,cf166e9b3ad8db93e5d2140fd66c5517571ec10c59f0cfdd4c591b5bfeb45a72
TR-23165,2025-01-23,2025-01-01,COMP,FORN-00120,DESPESA,1353.793072113871,1329.913351246556,BRL,Abastecimento de veículos - COMP,16,BOLETO,PAGO,58be6bc5-0a1f-4bd4-a840-78cae5cdb36e,2025-02-05,ERP_CORPORATIVO,TRANSACOES_FINANCEIRAS,23165,60ccbdd88a2de7b236b640252c5be27eade00e46376699970f15ea48d6870857
TR-23166,2025-01-09,2025-01-01,FIN,FORN-00120,RECEITA,1403.473370998567,1342.8472809480786,BRL,Serviço técnico especializado para FIN,11,TRANSFERENCIA,CANCELADO,58be6bc5-0a1f-4bd4-a840-78cae5cdb36e,2025-02-05,ERP_CORPORATIVO,TRANSACOES_FINANCEIRAS,23166,cc1148ac399f0031d702e63a2e0abb755090c7bd4c48e6751bce3e87dd27b4ed
TR-23167,2025-01-16,2025-01-01,OP,FORN-00120,DESPESA,1221.2921549492214,1195.5985329352936,BRL,Compra de insumos para setor OP,2,BOLETO,PAGO,58be6bc5-0a1f-4bd4-a840-78cae5cdb36e,2025-02-05,ERP_CORPORATIVO,TRANSACOES_FINANCEIRAS,23167,4617fce2bb0e8cbdc7f047b80828d9507255e74eac953979a47c5a5e2f7f37cd
TR-23168,2025-01-15,2025-01-01,JUR,FORN-00120,RECEITA,1143.4699433447506,1143.4699433447506,BRL,Desconto concedido em operação de JUR,38,TED,PAGO,58be6bc5-0a1f-4bd4-a840-78cae5cdb36e,2025-02-05,ERP_CORPORATIVO,TRANSACOES_FINANCEIRAS,23168,9d4886fd4e71aefaa364897e80845545f3b2f3584675ef646d0c1b10e98ba8c9
TR-23169,2025-01-13,2025-01-01,VND,FORN-00120,RECEITA,1171.1616739625415,1171.1616739625415,BRL,Combustível e lubrificantes para frota (VND),16,TRANSFERENCIA,PAGO,58be6bc5-0a1f-4bd4-a840-78cae5cdb36e,2025-02-05,ERP_CORPORATIVO,TRANSACOES_FINANCEIRAS,23169,84607e2e4a3d883b96be5b4687033e763356ee88d42f328a36252feb5dc3985b
TR-23170,2025-01-15,2025-01-01,JUR,FORN-00120,RECEITA,1104.3586844538568,1104.3586844538568,BRL,Manutenção predial solicitada por JUR,10,TRANSFERENCIA,PAGO,58be6bc5-0a1f-4bd4-a840-78cae5cdb36e,2025-02-05,ERP_CORPORATIVO,TRANSACOES_FINANCEIRAS,23170,5593eabc271c5de89833afaff634b8b18bfcc2649d9a4cda98d8030d47489dd0
TR-23171,2025-01-10,2025-01-01,ATD,FORN-00120,DESPESA,1221.9328117128227,1183.7044468364136,BRL,Propaganda e divulgação para área ATD,13,BOLETO,ATRASADO,58be6bc5-0a1f-4bd4-a840-78cae5cdb36e,2025-02-05,ERP_CORPORATIVO,TRANSACOES_FINANCEIRAS,23171,c22d3cfb93a23d8d46624256ce9deb4a9c7286350fbdc54bf96a698ac218aae2
TR-23172,2025-01-21,2025-01-01,COM,FORN-00120,DESPESA,886.7759302990387,886.7759302990387,BRL,Devolução de venda processada por COM,39,BOLETO,PAGO,58be6bc5-0a1f-4bd4-a840-78cae5cdb36e,2025-02-05,ERP_CORPORATIVO,TRANSACOES_FINANCEIRAS,23172,e6a7e3b48726f66ac0829a569d8f65f9fe951e1047d3da7fb39f728280f2adc7
TR-23579,2025-01-20,2025-01-01,ATD,FORN-00122,DESPESA,2669.384210783982,2669.384210783982,BRL,Reparo de frota vinculado à área ATD,17,TRANSFERENCIA,PAGO,58be6bc5-0a1f-4bd4-a840-78cae5cdb36e,2025-02-05,ERP_CORPORATIVO,TRANSACOES_FINANCEIRAS,23579,ac995394473eed3fa53f2f706fa4c9aa8880c581a1bfeb0c232955dd86b2273d
TR-23580,2025-01-07,2025-01-01,SEC,FORN-00122,DESPESA,2526.2345221794885,2441.172820448441,BRL,Despesa operacional - SEC,8,TED,PAGO,58be6bc5-0a1f-4bd4-a840-78cae5cdb36e,2025-02-05,ERP_CORPORATIVO,TRANSACOES_FINANCEIRAS,23580,4394e3fa8a95df076369d9de2694e235da13b663d703923c6966fde260c72a43
TR-23581,2025-01-20,2025-01-01,RH,FORN-00122,DESPESA,2545.7568583680795,2545.7568583680795,BRL,Despesa operacional - RH,8,PIX,PAGO,58be6bc5-0a1f-4bd4-a840-78cae5cdb36e,2025-02-05,ERP_CORPORATIVO,TRANSACOES_FINANCEIRAS,23581,fec36413555fbed28c031aa88ef56851f1ad7921c814c8e04e4bd36b14173747
TR-23582,2025-01-20,2025-01-01,SEC,FORN-00122,DESPESA,2783.5285839426597,2783.5285839426597,BRL,Assessoria legal vinculada à área SEC,7,TRANSFERENCIA,PAGO,58be6bc5-0a1f-4bd4-a840-78cae5cdb36e,2025-02-05,ERP_CORPORATIVO,TRANSACOES_FINANCEIRAS,23582,0e616ea6164adbe5241663a5ef52c03c595b091cb6929c655087733702dfbbec
TR-23583,2025-01-09,2025-01-01,OP,FORN-00122,DESPESA,2886.493056273125,2886.493056273125,BRL,Estorno de receita - OP,39,CARTAO,CANCELADO,58be6bc5-0a1f-4bd4-a840-78cae5cdb36e,2025-02-05,ERP_CORPORATIVO,TRANSACOES_FINANCEIRAS,23583,18311997cd9050e1a836fd5d3aad48a8bfe545e572bfe90abbf2b46a4caba68c
TR-23584,2025-01-20,2025-01-01,COM,FORN-00122,DESPESA,2708.8048259215175,2655.7908691497887,BRL,Licenciamento de software - COM,5,TED,ATRASADO,58be6bc5-0a1f-4bd4-a840-78cae5cdb36e,2025-02-05,ERP_CORPORATIVO,TRANSACOES_FINANCEIRAS,23584,84ae9e8ca1ce294c1b391e2f55540983f2b3622a74cd5545dbe5939b4907976c
TR-23585,2025-01-06,2025-01-01,FIN,FORN-00122,RECEITA,2586.7204743968114,2586.7204743968114,BRL,Licenciamento de software - FIN,5,PIX,PAGO,58be6bc5-0a1f-4bd4-a840-78cae5cdb36e,2025-02-05,ERP_CORPORATIVO,TRANSACOES_FINANCEIRAS,23585,e8595fc63390c9da4f6098e222684a7d97ce716016a85aeb801025067c88646d
TR-23586,2025-01-09,2025-01-01,RH,FORN-00122,RECEITA,2465.611498095236,2465.611498095236,USD,Assessoria legal vinculada à área RH,7,BOLETO,PAGO,58be6bc5-0a1f-4bd4-a840-78cae5cdb36e,2025-02-05,ERP_CORPORATIVO,TRANSACOES_FINANCEIRAS,23586,cc8d3e8116702f23c9b18981a8fd3638eff3cf9ebbb85c6e7bf34d89fcc9a303
TR-23587,2025-01-15,2025-01-01,ESG,FORN-00122,RECEITA,2553.829681900897,2553.829681900897,BRL,Manutenção estrutural vinculada à área ESG,3,BOLETO,CANCELADO,58be6bc5-0a1f-4bd4-a840-78cae5cdb36e,2025-02-05,ERP_CORPORATIVO,TRANSACOES_FINANCEIRAS,23587,3286ac22ea63028d9e1f220610334f2dc445f35c840b28fe782dcb1977df78bd
TR-23829,2025-01-14,2025-01-01,CPT,ACC-00123,RECEITA,7472.323997583196,7472.323997583196,BRL,Despesa jurídica da área CPT,24,PIX,PAGO,58be6bc5-0a1f-4bd4-a840-78cae5cdb36e,2025-02-05,ERP_CORPORATIVO,TRANSACOES_FINANCEIRAS,23829,fe903e46f2b1c4f2e2d2c1d00fe9e437252bb63a603c1fa6c0fe60a1dc805837
TR-23830,2025-01-13,2025-01-01,FIN,ACC-00123,RECEITA,8646.580374962065,8646.580374962065,USD,Atendimento de TI requisitado por FIN,29,TRANSFERENCIA,ATRASADO,58be6bc5-0a1f-4bd4-a840-78cae5cdb36e,2025-02-05,ERP_CORPORATIVO,TRANSACOES_FINANCEIRAS,23830,82a90f9d643961393b147ef32d1fa5f2fa93c70a7202fd4911816876007ca122
TR-23831,2025-01-27,2025-01-01,COM,ACC-00123,DESPESA,8005.762585560896,7622.766049228721,BRL,Renovação de certificados digitais - COM,26,CARTAO,PAGO,58be6bc5-0a1f-4bd4-a840-78cae5cdb36e,2025-02-05,ERP_CORPORATIVO,TRANSACOES_FINANCEIRAS,23831,67d06f5f14cc4e906627fca4823ce163bf28d1c0d7d33e3d718ed28dc682a445
TR-23832,2025-01-20,2025-01-01,QAS,ACC-00123,RECEITA,8712.846804322216,8412.349427003248,BRL,Serviço especializado solicitado por QAS,1,BOLETO,PAGO,58be6bc5-0a1f-4bd4-a840-78cae5cdb36e,2025-02-05,ERP_CORPORATIVO,TRANSACOES_FINANCEIRAS,23832,065cb004284fa882067bc6589386d0cb3ba713fb3e661036a643917c60cdba11
TR-23833,2025-01-09,2025-01-01,JUR,ACC-00123,RECEITA,8899.670466058467,8899.670466058467,BRL,Locação de espaço comercial - JUR,31,TED,PAGO,58be6bc5-0a1f-4bd4-a840-78cae5cdb36e,2025-02-05,ERP_CORPORATIVO,TRANSACOES_FINANCEIRAS,23833,3bfd888fe69ca9491d04169582f00c73fd0c951914947afb97649e5c3943b1de
TR-23834,2025-01-13,2025-01-01,COMP,ACC-00123,DESPESA,8080.5883053254365,8080.5883053254365,BRL,Despesa operacional - COMP,8,BOLETO,PAGO,58be6bc5-0a1f-4bd4-a840-78cae5cdb36e,2025-02-05,ERP_CORPORATIVO,TRANSACOES_FINANCEIRAS,23834,417c4609baa4be8574979438ec233a3d7008b6627df386bbbcb6e5075e8eb38d
TR-23835,2025-01-23,2025-01-01,COM,ACC-00123,DESPESA,7845.125048946015,7507.691457946655,BRL,Investimento em marketing corporativo (COM),4,BOLETO,PAGO,58be6bc5-0a1f-4bd4-a840-78cae5cdb36e,2025-02-05,ERP_CORPORATIVO,TRANSACOES_FINANCEIRAS,23835,36cad8a409de51bb82619f1d6554ed66f41eb949969faa064caedad5fcec1cd1
TR-23836,2025-01-10,2025-01-01,FIN,ACC-00123,RECEITA,9421.086944563689,9421.086944563689,BRL,Contrato de serviço - setor FIN,1,PIX,ATRASADO,58be6bc5-0a1f-4bd4-a840-78cae5cdb36e,2025-02-05,ERP_CORPORATIVO,TRANSACOES_FINANCEIRAS,23836,c09177dbe5ed6ae7046763cdd29c1e86bae8ece059f18122f833473da8be6162
TR-23837,2025-01-10,2025-01-01,JUR,ACC-00123,DESPESA,8861.390993828163,8861.390993828163,BRL,Contrato de serviço - setor JUR,1,CARTAO,PAGO,58be6bc5-0a1f-4bd4-a840-78cae5cdb36e,2025-02-05,ERP_CORPORATIVO,TRANSACOES_FINANCEIRAS,23837,5114b968a72bcdb069bb18995af326ec4535f5f7a4fdfcb45dd86a5adad64b03
TR-23838,2025-01-06,2025-01-01,TI,ACC-00123,RECEITA,6581.468622524204,6507.082398394689,BRL,Combustível e lubrificantes para frota (TI),16,CARTAO,PAGO,58be6bc5-0a1f-4bd4-a840-78cae5cdb36e,2025-02-05,ERP_CORPORATIVO,TRANSACOES_FINANCEIRAS,23838,e5c3700bacda89f63287dcccb6a73b318b504dea8eee6dcaefbc391713b12c08
TR-23839,2025-01-14,2025-01-01,FIN,ACC-00123,DESPESA,7375.34221214535,7375.34221214535,BRL,Aquisição de material operacional - FIN,2,CARTAO,ATRASADO,58be6bc5-0a1f-4bd4-a840-78cae5cdb36e,2025-02-05,ERP_CORPORATIVO,TRANSACOES_FINANCEIRAS,23839,8f8a4b8806e53ff35b49ba496eb9ae377363ae5936cacfc906158cb0fc7fef72
TR-23962,2025-01-14,2025-01-01,ADM,1000123,RECEITA,11977.855456488282,11977.855456488282,BRL,Suporte técnico para sistemas de ADM,29,PIX,PAGO,58be6bc5-0a1f-4bd4-a840-78cae5cdb36e,2025-02-05,ERP_CORPORATIVO,TRANSACOES_FINANCEIRAS,23962,bf61eabfcec052f4508efa8695a18f0dd729e7be32a3a902c54e8c3694faa5a2
TR-23963,2025-01-02,2025-01-01,COMP,1000123,RECEITA,11439.758113253742,10918.576138438399,BRL,Apólice de seguro - COMP,21,PIX,PAGO,58be6bc5-0a1f-4bd4-a840-78cae5cdb36e,2025-02-05,ERP_CORPORATIVO,TRANSACOES_FINANCEIRAS,23963,e973b2b50ef2de2907e9604aca1d3dd0237a7c81168b15027be74d416324608c
TR-23964,2025-01-06,2025-01-01,MKT,1000123,DESPESA,13817.573010154085,13233.777110792835,BRL,Receita de comissão comercial - MKT,33,PIX,PAGO,58be6bc5-0a1f-4bd4-a840-78cae5cdb36e,2025-02-05,ERP_CORPORATIVO,TRANSACOES_FINANCEIRAS,23964,438e0ba2559f4b74588c682a2be3f48f95c37d46745207dc4c9c7686bfea957d
TR-23965,2025-01-13,2025-01-01,COMP,1000123,RECEITA,11365.148295611129,11365.148295611129,BRL,Campanha institucional - COMP,4,PIX,PAGO,58be6bc5-0a1f-4bd4-a840-78cae5cdb36e,2025-02-05,ERP_CORPORATIVO,TRANSACOES_FINANCEIRAS,23965,66c5ce75cbd1a30ae115c66504f7f14956504d4ee38a878acee13228ff119140
TR-23966,2025-01-22,2025-01-01,MKT,1000123,DESPESA,12582.776684317048,12582.776684317048,BRL,Compra de insumos para setor MKT,2,BOLETO,PAGO,58be6bc5-0a1f-4bd4-a840-78cae5cdb36e,2025-02-05,ERP_CORPORATIVO,TRANSACOES_FINANCEIRAS,23966,e977ddd3a6ad69940fef0426fa966054beb33cf6554b2fec6dc0671cbd16bb21
TR-24150,2025-01-21,2025-01-01,COM,1000124,DESPESA,9321.474820224594,9054.553945526375,BRL,Licenciamento de software - COM,5,BOLETO,PAGO,58be6bc5-0a1f-4bd4-a840-78cae5cdb36e,2025-02-05,ERP_CORPORATIVO,TRANSACOES_FINANCEIRAS,24150,62d4373221ec7c2f77d5f7c7a8cf6bc1e6a31426e65cbd5224106ebb844e2518
TR-24151,2025-01-23,2025-01-01,COM,1000124,DESPESA,10024.310516701022,10024.310516701022,BRL,Despesa de RH - COM,6,TED,PAGO,58be6bc5-0a1f-4bd4-a840-78cae5cdb36e,2025-02-05,ERP_CORPORATIVO,TRANSACOES_FINANCEIRAS,24151,244d1c585360b69f3fd81fc462db2051c3f49b8f8a17f743266adef77e869ac3
TR-24152,2025-01-24,2025-01-01,COMP,1000124,DESPESA,9608.262615877498,9608.262615877498,BRL,Despesa operacional - COMP,8,BOLETO,PAGO,58be6bc5-0a1f-4bd4-a840-78cae5cdb36e,2025-02-05,ERP_CORPORATIVO,TRANSACOES_FINANCEIRAS,24152,e752b04f1d3bac9f6f3afdeffdc7e7c238ccd40f07bfba5628a649e76ca5d070
TR-24153,2025-01-20,2025-01-01,VND,1000124,RECEITA,9632.241984682829,9632.241984682829,BRL,Serviço especializado solicitado por VND,1,BOLETO,PAGO,58be6bc5-0a1f-4bd4-a840-78cae5cdb36e,2025-02-05,ERP_CORPORATIVO,TRANSACOES_FINANCEIRAS,24153,88b6727f250eb1be8fb009a4f6643ffa56659cd1db515438db73567ef044d10d
TR-24154,2025-01-20,2025-01-01,LOG,1000124,RECEITA,11244.566676615148,11244.566676615148,USD,Despesa operacional - LOG,8,CARTAO,PAGO,58be6bc5-0a1f-4bd4-a840-78cae5cdb36e,2025-02-05,ERP_CORPORATIVO,TRANSACOES_FINANCEIRAS,24154,297677634e60562a743a7d015da23eba8a7374bc3b52f4fb6fddbcaf7df06eb7
TR-24155,2025-01-09,2025-01-01,PES,1000124,DESPESA,10806.722263885518,10806.722263885518,BRL,Assessoria legal vinculada à área PES,7,PIX,PAGO,58be6bc5-0a1f-4bd4-a840-78cae5cdb36e,2025-02-05,ERP_CORPORATIVO,TRANSACOES_FINANCEIRAS,24155,13365818a96d1e806f2bb373255b0ace7c4957a8b3bcc86746da5f109814eb25
TR-24156,2025-01-14,2025-01-01,COMP,1000124,DESPESA,8914.478424287392,8914.478424287392,BRL,Tarifas de serviços financeiros - COMP,22,TRANSFERENCIA,ATRASADO,58be6bc5-0a1f-4bd4-a840-78cae5cdb36e,2025-02-05,ERP_CORPORATIVO,TRANSACOES_FINANCEIRAS,24156,121d76e0852a12e4ef2d18d8702e96c739a6e91db1a5f2c6062eaa86a01fa005
TR-24157,2025-01-27,2025-01-01,CTB,1000124,RECEITA,9929.338267343745,9929.338267343745,BRL,Despesa de RH - CTB,6,BOLETO,PAGO,58be6bc5-0a1f-4bd4-a840-78cae5cdb36e,2025-02-05,ERP_CORPORATIVO,TRANSACOES_FINANCEIRAS,24157,7091fd19b99d4b0f61aa5251225e8fd0a51fdd9a7ed2e5cb3fff5224e82e43dd
TR-24158,2025-01-13,2025-01-01,ESG,1000124,DESPESA,8919.351111231366,8526.647795897483,EUR,Comissão recebida por ESG,33,BOLETO,PAGO,58be6bc5-0a1f-4bd4-a840-78cae5cdb36e,2025-02-05,ERP_CORPORATIVO,TRANSACOES_FINANCEIRAS,24158,133b942f2811546f144f57448ca68a57f88b74d46396bb34db22671f3ec1585f
TR-24159,2025-01-13,2025-01-01,ADM,1000124,DESPESA,10237.5939817463,10100.12431885646,BRL,Prestação de serviço para área ADM,1,BOLETO,PAGO,58be6bc5-0a1f-4bd4-a840-78cae5cdb36e,2025-02-05,ERP_CORPORATIVO,TRANSACOES_FINANCEIRAS,24159,c4ce3796c202f41cac7b038d52c4d112c7f8dfcb5400a1d47c4ad5e13bb5b2fe
TR-24160,2025-01-08,2025-01-01,COM,1000124,DESPESA,24485.902053586102,24485.902053586102,BRL,Reparo de hardware solicitado por COM,28,PIX,ATRASADO,58be6bc5-0a1f-4bd4-a840-78cae5cdb36e,2025-02-05,ERP_CORPORATIVO,TRANSACOES_FINANCEIRAS,24160,f1c0313f949695dc8492e907ef77f6a0d3def609248e9bef238d60bd7d5c6210
TR-24161,2025-01-16,2025-01-01,PJT,1000124,RECEITA,14225.865270536118,13841.322264351289,BRL,Serviço técnico especializado para PJT,11,TED,PAGO,58be6bc5-0a1f-4bd4-a840-78cae5cdb36e,2025-02-05,ERP_CORPORATIVO,TRANSACOES_FINANCEIRAS,24161,69f2b08808ae147bf8ac33a46b2164513c826d4fb881ab10656674e7f628b57c
TR-24162,2025-01-09,2025-01-01,COMP,1000124,DESPESA,10431.769533690882,10431.769533690882,BRL,Custo operacional associado a COMP,8,CARTAO,CANCELADO,58be6bc5-0a1f-4bd4-a840-78cae5cdb36e,2025-02-05,ERP_CORPORATIVO,TRANSACOES_FINANCEIRAS,24162,c3221455f4c73191a376096dc2c0285add6ad09827f2eefc97c52b6b8edee658
TR-24163,2025-01-20,2025-01-01,PES,1000124,DESPESA,11326.578382993044,11326.578382993044,BRL,Prestação de serviço para área PES,1,BOLETO,PAGO,58be6bc5-0a1f-4bd4-a840-78cae5cdb36e,2025-02-05,ERP_CORPORATIVO,TRANSACOES_FINANCEIRAS,24163,402d4abfd1491311dd39af6d3524ded6cf9a1a48fcba9819d79539da536547ee
TR-24164,2025-01-23,2025-01-01,SEC,1000124,RECEITA,9508.374279003807,9035.121359395474,BRL,Custo operacional associado a SEC,8,TED,PAGO,58be6bc5-0a1f-4bd4-a840-78cae5cdb36e,2025-02-05,ERP_CORPORATIVO,TRANSACOES_FINANCEIRAS,24164,98a9aecec747a2c62e8101567f81599110edff385a00e331bfdd93ca85c4e7bf
TR-24537,2025-01-21,2025-01-01,OP,ACC-00127,DESPESA,3294.302446204706,3294.302446204706,BRL,Aquisição de material operacional - OP,2,TRANSFERENCIA,PAGO,58be6bc5-0a1f-4bd4-a840-78cae5cdb36e,2025-02-05,ERP_CORPORATIVO,TRANSACOES_FINANCEIRAS,24537,6340d2daf5f224cb1ea56367b31d6168eb9bcae4eb6f1ae79fb4f78919950c8e
TR-24538,2025-01-17,2025-01-01,QAS,ACC-00127,DESPESA,3666.583676911389,3666.583676911389,USD,Reparo e conservação de instalações - QAS,10,BOLETO,PAGO,58be6bc5-0a1f-4bd4-a840-78cae5cdb36e,2025-02-05,ERP_CORPORATIVO,TRANSACOES_FINANCEIRAS,24538,31ae61945ef49bf8f4d3d00b145ad75ad40ff68a0ac73e2fa2060d1e4eb8f6bb
TR-24539,2025-01-28,2025-01-01,COM,ACC-00127,DESPESA,3304.9535132877672,3203.6083079568252,BRL,Produção de material gráfico - COM,15,TED,PAGO,58be6bc5-0a1f-4bd4-a840-78cae5cdb36e,2025-02-05,ERP_CORPORATIVO,TRANSACOES_FINANCEIRAS,24539,6e86a6d4c35e895b2ff09bc6b369df64443457ce376172453795d2ab1f452044
TR-24540,2025-01-17,2025-01-01,PES,ACC-00127,RECEITA,3286.9775205192277,3235.02871015096,BRL,Aquisição de material operacional - PES,2,PIX,ATRASADO,58be6bc5-0a1f-4bd4-a840-78cae5cdb36e,2025-02-05,ERP_CORPORATIVO,TRANSACOES_FINANCEIRAS,24540,ffd30f27cfa42c82ec904e7d54112170aceda6d8bf0834960120ed84d3feb14d
TR-24541,2025-01-13,2025-01-01,COMP,ACC-00127,DESPESA,3391.2736297308347,3391.2736297308347,BRL,Aquisição de material operacional - COMP,2,CARTAO,PAGO,58be6bc5-0a1f-4bd4-a840-78cae5cdb36e,2025-02-05,ERP_CORPORATIVO,TRANSACOES_FINANCEIRAS,24541,baf00e85b5e6f57984f799c244fc3da787b213f1af52221efb63fad786c9aa2b
TR-24542,2025-01-28,2025-01-01,OP,ACC-00127,DESPESA,3051.977620978768,3051.977620978768,BRL,Custo operacional associado a OP,8,PIX,PAGO,58be6bc5-0a1f-4bd4-a840-78cae5cdb36e,2025-02-05,ERP_CORPORATIVO,TRANSACOES_FINANCEIRAS,24542,49df677071ddd5c9e228e10b6fa2aec1750083fb7406dd4badc9521c9d5eae71
TR-24543,2025-01-13,2025-01-01,COMP,ACC-00127,RECEITA,2758.6311938596928,2636.3270922874704,BRL,Serviço relacionado a recursos humanos (COMP),6,TED,PAGO,58be6bc5-0a1f-4bd4-a840-78cae5cdb36e,2025-02-05,ERP_CORPORATIVO,TRANSACOES_FINANCEIRAS,24543,1d2b68dd61abc035362cd76f98c82301ef1ef7cfea56a1f304de151a75fbf72f
TR-24544,2025-01-20,2025-01-01,PES,ACC-00127,RECEITA,3129.5339956340836,3129.5339956340836,BRL,Contrato de serviço - setor PES,1,BOLETO,PAGO,58be6bc5-0a1f-4bd4-a840-78cae5cdb36e,2025-02-05,ERP_CORPORATIVO,TRANSACOES_FINANCEIRAS,24544,b4ba3eae82909c86f0e1180208541dc7d7e73733b384b3564dcbb5a49e4a9ad4
TR-24545,2025-01-10,2025-01-01,PRD,ACC-00127,DESPESA,3354.718891454561,3188.8201485194018,BRL,Prestação de serviço para área PRD,1,CARTAO,PAGO,58be6bc5-0a1f-4bd4-a840-78cae5cdb36e,2025-02-05,ERP_CORPORATIVO,TRANSACOES_FINANCEIRAS,24545,7221c6fbda8b27b71850ed0d80848e3a142a03f5532a6be6c0c9944ee1403787
TR-24546,2025-01-28,2025-01-01,RH,ACC-00127,DESPESA,2866.338857803357,2866.338857803357,BRL,Taxas bancárias incidentes em RH,22,BOLETO,CANCELADO,58be6bc5-0a1f-4bd4-a840-78cae5cdb36e,2025-02-05,ERP_CORPORATIVO,TRANSACOES_FINANCEIRAS,24546,ab6498c60c683cdc97868db8cf0ca10987e2f73d5192494abd7cc54ed560738b
TR-24547,2025-01-17,2025-01-01,COMP,ACC-00127,DESPESA,2713.872646453618,2626.6772223637563,BRL,Despesa operacional - COMP,8,PIX,ATRASADO,58be6bc5-0a1f-4bd4-a840-78cae5cdb36e,2025-02-05,ERP_CORPORATIVO,TRANSACOES_FINANCEIRAS,24547,ca10a6893c483828398a64dee4ec8c3f1449ce735bcc3500adb70822c2e35235
TR-24548,2025-01-24,2025-01-01,VND,ACC-00127,RECEITA,2904.856426861605,2814.289582238323,BRL,Participação nos resultados vinculada a VND,34,CARTAO,PAGO,58be6bc5-0a1f-4bd4-a840-78cae5cdb36e,2025-02-05,ERP_CORPORATIVO,TRANSACOES_FINANCEIRAS,24548,e0d3069ac872b7aa6b42a535ac98b9e5475026498a5a25ec820c302758342151
TR-24549,2025-01-08,2025-01-01,OP,ACC-00127,RECEITA,3569.830525441883,3569.830525441883,BRL,Manutenção estrutural vinculada à área OP,3,PIX,PAGO,58be6bc5-0a1f-4bd4-a840-78cae5cdb36e,2025-02-05,ERP_CORPORATIVO,TRANSACOES_FINANCEIRAS,24549,ee4c21885adc328f7e36576eea5189e13f062be06627fdf9413297d4c4ae842b
TR-24550,2025-01-17,2025-01-01,ESG,ACC-00127,DESPESA,3282.312247472513,3282.312247472513,EUR,Compra de insumos para setor ESG,2,TED,PAGO,58be6bc5-0a1f-4bd4-a840-78cae5cdb36e,2025-02-05,ERP_CORPORATIVO,TRANSACOES_FINANCEIRAS,24550,4de7ca321c96e9947728a9f81f5971b6398d613ccb72a04db38f09c91b975873
TR-24551,2025-01-17,2025-01-01,TI,ACC-00127,DESPESA,3084.4855328513663,3046.993656867528,BRL,Serviço de tecnologia contratado por TI,5,TED,PAGO,58be6bc5-0a1f-4bd4-a840-78cae5cdb36e,2025-02-05,ERP_CORPORATIVO,TRANSACOES_FINANCEIRAS,24551,0921fac364689ee03a898edd7fcd28e2d614ab644c2affb0f131bb9d578e8704
TR-24552,2025-01-21,2025-01-01,PJT,ACC-00127,DESPESA,2835.486597446769,2835.486597446769,BRL,Publicidade institucional - PJT,13,PIX,PAGO,58be6bc5-0a1f-4bd4-a840-78cae5cdb36e,2025-02-05,ERP_CORPORATIVO,TRANSACOES_FINANCEIRAS,24552,c38c12fde6d55e4ec27d5ee289c37c9d228cd3abcca59ee2d3478ec1fa1e8c8e
TR-24553,2025-01-06,2025-01-01,COM,ACC-00127,DESPESA,3210.777628811716,3210.777628811716,BRL,Hospedagem em viagem a serviço de COM,19,TRANSFERENCIA,PAGO,58be6bc5-0a1f-4bd4-a840-78cae5cdb36e,2025-02-05,ERP_CORPORATIVO,TRANSACOES_FINANCEIRAS,24553,f71d9d84bee0a150e084443ad25e0f51f98aef890429effebc4cf1a76176c946
TR-24997,2025-01-06,2025-01-01,TI,FORN-00129,DESPESA,3680.4896734820536,3617.54405419287,BRL,Participação nos resultados vinculada a TI,34,TED,PAGO,58be6bc5-0a1f-4bd4-a840-78cae5cdb36e,2025-02-05,ERP_CORPORATIVO,TRANSACOES_FINANCEIRAS,24997,42007d55ec88ad0c398b89a1bf2d90caf9c6b66b5eb4bb025898c30278d5d812
TR-24998,2025-01-09,2025-01-01,OP,FORN-00129,DESPESA,3474.4199667745183,3474.4199667745183,BRL,Investimento em marketing corporativo (OP),4,PIX,PAGO,58be6bc5-0a1f-4bd4-a840-78cae5cdb36e,2025-02-05,ERP_CORPORATIVO,TRANSACOES_FINANCEIRAS,24998,f7e92355d332d9d5bed4f75f2030f2132f841282de69c08142d0e3287608bf8e
TR-24999,2025-01-20,2025-01-01,MKT,FORN-00129,DESPESA,4288.806714733039,4288.806714733039,BRL,Prestação de serviço para área MKT,1,CARTAO,PAGO,58be6bc5-0a1f-4bd4-a840-78cae5cdb36e,2025-02-05,ERP_CORPORATIVO,TRANSACOES_FINANCEIRAS,24999,b6014bdece2744dc898841d985b681994941447c24f46356e7eda48aab5fc6f1
TR-25000,2025-01-20,2025-01-01,ADM,FORN-00129,RECEITA,4426.620048441564,4426.620048441564,BRL,Prestação de serviço para área ADM,1,CARTAO,PAGO,58be6bc5-0a1f-4bd4-a840-78cae5cdb36e,2025-02-05,ERP_CORPORATIVO,TRANSACOES_FINANCEIRAS,25000,05fefe51079030c7a073d4ec92bbb0b37b8749fafbb3c8b5f953550cb9713f1c
TR-25001,2025-01-24,2025-01-01,COMP,FORN-00129,DESPESA,3737.931625830596,3737.931625830596,BRL,Investimento em marketing corporativo (COMP),4,PIX,PAGO,58be6bc5-0a1f-4bd4-a840-78cae5cdb36e,2025-02-05,ERP_CORPORATIVO,TRANSACOES_FINANCEIRAS,25001,6eeb1634200239c8d8d35d873aac7015a393e35c099a06609b947a1fb31e0f65
TR-25002,2025-01-06,2025-01-01,FIN,FORN-00129,RECEITA,3933.3988068837393,3783.02112683999,BRL,Investimento em marketing corporativo (FIN),4,TRANSFERENCIA,PAGO,58be6bc5-0a1f-4bd4-a840-78cae5cdb36e,2025-02-05,ERP_CORPORATIVO,TRANSACOES_FINANCEIRAS,25002,2ec07d446f5db862c6410cf948c51a651a27a1c704913e27421a8f8279b553f7
TR-25003,2025-01-28,2025-01-01,PES,FORN-00129,RECEITA,4651.69171409895,4651.69171409895,BRL,Serviço de telefonia e internet - PES,9,PIX,PAGO,58be6bc5-0a1f-4bd4-a840-78cae5cdb36e,2025-02-05,ERP_CORPORATIVO,TRANSACOES_FINANCEIRAS,25003,c0803c974536512e04e289c9b7dfdc07d6b501448b0f2186fd3b0f945a5f6b36
TR-25004,2025-01-13,2025-01-01,COM,FORN-00129,DESPESA,4434.611620888089,4434.611620888089,BRL,Capacitação profissional vinculada a COM,30,PIX,PAGO,58be6bc5-0a1f-4bd4-a840-78cae5cdb36e,2025-02-05,ERP_CORPORATIVO,TRANSACOES_FINANCEIRAS,25004,0722e2e1feb0ad64e8a819402b7ef7124a9748b93ddc35703db64b165eddae15
TR-25005,2025-01-07,2025-01-01,TI,FORN-00129,RECEITA,4333.424221513241,4333.424221513241,BRL,Desconto concedido em operação de TI,38,TED,PAGO,58be6bc5-0a1f-4bd4-a840-78cae5cdb36e,2025-02-05,ERP_CORPORATIVO,TRANSACOES_FINANCEIRAS,25005,16d7918397ca2e8136c8a553114af2b878de826289a2d8429904e7c47303c4e3
TR-25006,2025-01-16,2025-01-01,TI,FORN-00129,DESPESA,4072.207625272508,4072.207625272508,BRL,Receita eventual registrada em TI,37,BOLETO,PAGO,58be6bc5-0a1f-4bd4-a840-78cae5cdb36e,2025-02-05,ERP_CORPORATIVO,TRANSACOES_FINANCEIRAS,25006,ba8171349a03cb2ffe535762ee223ee71055a476f97d05680f48bc0b867751fa
TR-25007,2025-01-28,2025-01-01,MKT,FORN-00129,RECEITA,3722.7669636282135,3576.111318135067,BRL,Serviço de tecnologia contratado por MKT,5,TRANSFERENCIA,PAGO,58be6bc5-0a1f-4bd4-a840-78cae5cdb36e,2025-02-05,ERP_CORPORATIVO,TRANSACOES_FINANCEIRAS,25007,de159840514a978e423683007c4969c2e20643cf7d40cab13ae205378d0c127a
TR-25008,2025-01-14,2025-01-01,COM,FORN-00129,DESPESA,3764.8778685876578,3724.8614549491604,BRL,Comissão recebida por COM,33,PIX,PAGO,58be6bc5-0a1f-4bd4-a840-78cae5cdb36e,2025-02-05,ERP_CORPORATIVO,TRANSACOES_FINANCEIRAS,25008,1a4e9638881d0cd30c1c49fa7aadd4016432cb9ed68c012f8af5226b49b71dde
TR-25009,2025-01-22,2025-01-01,OP,FORN-00129,DESPESA,4058.338635158856,4058.338635158856,BRL,Serviço especializado solicitado por OP,1,PIX,PAGO,58be6bc5-0a1f-4bd4-a840-78cae5cdb36e,2025-02-05,ERP_CORPORATIVO,TRANSACOES_FINANCEIRAS,25009,50205d83689a6ea6aa6d017e419c1767c3da173dc0074e6b9112be39dd49c8d4
TR-25010,2025-01-13,2025-01-01,FIN,FORN-00129,DESPESA,4141.694375490685,3983.3111963803212,BRL,Despesa de refeição em deslocamento (FIN),20,PIX,PAGO,58be6bc5-0a1f-4bd4-a840-78cae5cdb36e,2025-02-05,ERP_CORPORATIVO,TRANSACOES_FINANCEIRAS,25010,aec54e39fca64c521841bc2d63d539415503ba7ca1a33cadb3f7ea47d60a3217
TR-25011,2025-01-09,2025-01-01,TI,FORN-00129,DESPESA,3597.9473756614602,3476.0501820948566,BRL,Aquisição de material operacional - TI,2,TED,PAGO,58be6bc5-0a1f-4bd4-a840-78cae5cdb36e,2025-02-05,ERP_CORPORATIVO,TRANSACOES_FINANCEIRAS,25011,1b159efcff4ab7479d6076d2dfd38dca8b5985071545bc667bd2081f9ecae2d6
TR-25012,2025-01-06,2025-01-01,FIN,FORN-00129,RECEITA,4490.054937413742,4490.054937413742,BRL,Apólice de seguro - FIN,21,PIX,ATRASADO,58be6bc5-0a1f-4bd4-a840-78cae5cdb36e,2025-02-05,ERP_CORPORATIVO,TRANSACOES_FINANCEIRAS,25012,add761526352bd094d5fe37f3e1ddd73b5f86d431adbc1e9193d123ad3da16ec
TR-25013,2025-01-13,2025-01-01,COMP,FORN-00129,RECEITA,4563.108553438791,4511.659003221086,BRL,Campanha institucional - COMP,4,TED,CANCELADO,58be6bc5-0a1f-4bd4-a840-78cae5cdb36e,2025-02-05,ERP_CORPORATIVO,TRANSACOES_FINANCEIRAS,25013,72737b0452c3ddf0011d4a26c97bac2da3be085e4c5f8a6f13ecc7c468912b13
TR-25014,2025-01-13,2025-01-01,OP,FORN-00129,RECEITA,4291.531444617814,4291.531444617814,BRL,Participação nos resultados vinculada a OP,34,CARTAO,PAGO,58be6bc5-0a1f-4bd4-a840-78cae5cdb36e,2025-02-05,ERP_CORPORATIVO,TRANSACOES_FINANCEIRAS,25014,03e5f33225014465969b6691df24a811319468017b2abf2243079f61e7e42215
TR-25015,2025-01-13,2025-01-01,FIN,FORN-00129,DESPESA,4607.133815889216,4607.133815889216,BRL,Desconto concedido em operação de FIN,38,BOLETO,PAGO,58be6bc5-0a1f-4bd4-a840-78cae5cdb36e,2025-02-05,ERP_CORPORATIVO,TRANSACOES_FINANCEIRAS,25015,e04fd672f413b6fb402d8fcd480ee8c610a79447284865a9276eb255791c8e5f
TR-25016,2025-01-09,2025-01-01,CPT,FORN-00129,DESPESA,4225.244751751038,4225.244751751038,BRL,Custo operacional associado a CPT,8,BOLETO,PAGO,58be6bc5-0a1f-4bd4-a840-78cae5cdb36e,2025-02-05,ERP_CORPORATIVO,TRANSACOES_FINANCEIRAS,25016,ad3931551f787587779e4347270122b167eb5a6fa77c5bbe322cedb073f2d895
TR-25354,2025-01-21,2025-01-01,TI,1000129,DESPESA,1577.2438251206463,1577.2438251206463,BRL,Assessoria legal vinculada à área TI,7,BOLETO,PAGO,58be6bc5-0a1f-4bd4-a840-78cae5cdb36e,2025-02-05,ERP_CORPORATIVO,TRANSACOES_FINANCEIRAS,25354,e8c96206af879938232c361b30614ba6be50c55ce68ab80de6283e3800b55e1f
TR-25355,2025-01-10,2025-01-01,MKT,1000129,RECEITA,1572.1624897050044,1572.1624897050044,BRL,Serviços contábeis externos - MKT,25,BOLETO,PAGO,58be6bc5-0a1f-4bd4-a840-78cae5cdb36e,2025-02-05,ERP_CORPORATIVO,TRANSACOES_FINANCEIRAS,25355,cdc2defd27e957893a306ceac22c8c4023934bb8423cdc716fb3dfeedf97f4f7
TR-25356,2025-01-01,2025-01-01,RH,1000129,DESPESA,1725.6667760865892,1725.6667760865892,BRL,Diária de hotel para equipe RH,19,BOLETO,PAGO,58be6bc5-0a1f-4bd4-a840-78cae5cdb36e,2025-02-05,ERP_CORPORATIVO,TRANSACOES_FINANCEIRAS,25356,3350347c0afb73caa808cc39898301920a0d08d20a0b6cb20d697a3751dcba61
TR-25357,2025-01-08,2025-01-01,VND,1000129,DESPESA,1737.710157313975,1737.710157313975,BRL,Desconto concedido em operação de VND,38,CARTAO,PAGO,58be6bc5-0a1f-4bd4-a840-78cae5cdb36e,2025-02-05,ERP_CORPORATIVO,TRANSACOES_FINANCEIRAS,25357,ccc9250bd108f8c18a95bba853d9aabb697da1bbb7502240f5725e62652cb3b7
TR-25358,2025-01-27,2025-01-01,MKT,1000129,RECEITA,1635.814480903639,1635.814480903639,BRL,Viagem corporativa - MKT,18,TRANSFERENCIA,PAGO,58be6bc5-0a1f-4bd4-a840-78cae5cdb36e,2025-02-05,ERP_CORPORATIVO,TRANSACOES_FINANCEIRAS,25358,08fa6705ecfcf2848a58b82336da5764afd972ccd4cf976cb294970e51aaf8d0
TR-25359,2025-01-13,2025-01-01,VND,1000129,RECEITA,1716.0594837445894,1716.0594837445894,EUR,Manutenção de equipamentos de VND,28,PIX,PAGO,58be6bc5-0a1f-4bd4-a840-78cae5cdb36e,2025-02-05,ERP_CORPORATIVO,TRANSACOES_FINANCEIRAS,25359,b260410c097486b9d3925478ef5f212b9155395cb2b6be65fb0bacb95144e6a7
TR-25360,2025-01-09,2025-01-01,QAS,1000129,RECEITA,2013.2170259403274,2013.2170259403274,BRL,Compra de insumos para setor QAS,2,CARTAO,PAGO,58be6bc5-0a1f-4bd4-a840-78cae5cdb36e,2025-02-05,ERP_CORPORATIVO,TRANSACOES_FINANCEIRAS,25360,a6e9b9e758538c700227bfa4685d41a4a89832dea7df8253189136946ba2eb14
TR-25361,2025-01-14,2025-01-01,CPT,1000129,RECEITA,1755.5723631479048,1755.5723631479048,BRL,Despesa de RH - CPT,6,PIX,PAGO,58be6bc5-0a1f-4bd4-a840-78cae5cdb36e,2025-02-05,ERP_CORPORATIVO,TRANSACOES_FINANCEIRAS,25361,43fb02ae94841d6297f767eb4a2b1c8125b57f129f8fca258532be7745b930bf
TR-25627,2025-01-24,2025-01-01,ATD,1000130,DESPESA,2925.8924469914846,2925.8924469914846,BRL,Despesa de infraestrutura - ATD,3,TED,PAGO,58be6bc5-0a1f-4bd4-a840-78cae5cdb36e,2025-02-05,ERP_CORPORATIVO,TRANSACOES_FINANCEIRAS,25627,b6fb21839de0eb50f1c82e88c6253c23a89572d92b9562ac01b10c887f0f12a8
TR-25628,2025-01-27,2025-01-01,COMP,1000130,RECEITA,3023.8303749920333,2934.473216950542,BRL,Passagem aérea para colaborador de COMP,18,BOLETO,PAGO,58be6bc5-0a1f-4bd4-a840-78cae5cdb36e,2025-02-05,ERP_CORPORATIVO,TRANSACOES_FINANCEIRAS,25628,21390717ca435571442f81187f92abf184422c7a71607b6ae743f4bd1a7b4caf
TR-25629,2025-01-24,2025-01-01,FIN,1000130,DESPESA,2959.3998941878244,2853.6103502575784,BRL,Manutenção de equipamentos de FIN,28,BOLETO,PAGO,58be6bc5-0a1f-4bd4-a840-78cae5cdb36e,2025-02-05,ERP_CORPORATIVO,TRANSACOES_FINANCEIRAS,25629,2762401c2fc666b1a6bdfd4c7b55a079fe6bb1617b29973add4042e8314e802b
TR-25630,2025-01-06,2025-01-01,SEC,1000130,DESPESA,2980.588649780838,2980.588649780838,BRL,Tributo incidente sobre receita de SEC,40,BOLETO,ATRASADO,58be6bc5-0a1f-4bd4-a840-78cae5cdb36e,2025-02-05,ERP_CORPORATIVO,TRANSACOES_FINANCEIRAS,25630,cbb36f9498e387a1f8795eee8a195c4c1ccddd585529e6d4746ac8888e850a9b
TR-25631,2025-01-17,2025-01-01,PRD,1000130,DESPESA,3207.3086992033295,3207.3086992033295,BRL,Despesa operacional - PRD,8,TRANSFERENCIA,PAGO,58be6bc5-0a1f-4bd4-a840-78cae5cdb36e,2025-02-05,ERP_CORPORATIVO,TRANSACOES_FINANCEIRAS,25631,ec912869e3405eb0b0734df16e15f4a1191ef8d54a6980775265161238599082
TR-25632,2025-01-10,2025-01-01,RH,1000130,RECEITA,3741.628535556352,3580.969540888795,BRL,Assessoria legal vinculada à área RH,7,TRANSFERENCIA,PAGO,58be6bc5-0a1f-4bd4-a840-78cae5cdb36e,2025-02-05,ERP_CORPORATIVO,TRANSACOES_FINANCEIRAS,25632,e22531af044a6953982faabdd562f4581a6e0bd757244876285deb7d793c9d3d
TR-25633,2025-01-16,2025-01-01,PJT,1000130,DESPESA,1366.7908530238471,1366.7908530238471,BRL,Material de marketing solicitado por PJT,15,PIX,PAGO,58be6bc5-0a1f-4bd4-a840-78cae5cdb36e,2025-02-05,ERP_CORPORATIVO,TRANSACOES_FINANCEIRAS,25633,9008d9362cc5d050dc99ab7f1097a8ba265c7120ebd08a0f54be0950d679957a
TR-25634,2025-01-06,2025-01-01,CPT,1000130,DESPESA,3764.5769613451794,3600.2165344025098,BRL,Hospedagem em viagem a serviço de CPT,19,PIX,PAGO,58be6bc5-0a1f-4bd4-a840-78cae5cdb36e,2025-02-05,ERP_CORPORATIVO,TRANSACOES_FINANCEIRAS,25634,dab8a4847644f1d078ac1a504dbf1c28720173615a4a2e7b9b32a68baa2c7632
TR-25635,2025-01-23,2025-01-01,COMP,1000130,RECEITA,6903.572466096253,6750.757985086169,BRL,Despesa operacional - COMP,8,TRANSFERENCIA,PAGO,58be6bc5-0a1f-4bd4-a840-78cae5cdb36e,2025-02-05,ERP_CORPORATIVO,TRANSACOES_FINANCEIRAS,25635,e06f9830f7a7f8a8485627337811d9fb31709d632f5ce2fba6a30e94dc1edc8c
TR-25636,2025-01-20,2025-01-01,FIN,1000130,DESPESA,2751.696462320016,2687.764501382172,BRL,Desconto concedido em operação de FIN,38,PIX,PAGO,58be6bc5-0a1f-4bd4-a840-78cae5cdb36e,2025-02-05,ERP_CORPORATIVO,TRANSACOES_FINANCEIRAS,25636,6803da7bf93c15756c384cb7735adec25945d169a2c128e9ee1fc1858b065dc0
TR-25637,2025-01-13,2025-01-01,LOG,1000130,DESPESA,3169.531745070284,3048.262094520909,USD,Despesa operacional - LOG,8,PIX,PAGO,58be6bc5-0a1f-4bd4-a840-78cae5cdb36e,2025-02-05,ERP_CORPORATIVO,TRANSACOES_FINANCEIRAS,25637,d3bcd4d06aae97937df28d14d87ea8ee6573739b4bd78f3e4b2a0d0f47b625c8
TR-25638,2025-01-16,2025-01-01,ADM,1000130,RECEITA,3766.267296070874,3766.267296070874,BRL,Serviço especializado solicitado por ADM,1,TED,PAGO,58be6bc5-0a1f-4bd4-a840-78cae5cdb36e,2025-02-05,ERP_CORPORATIVO,TRANSACOES_FINANCEIRAS,25638,e4a69fc4b509eab914ac8b1bdead25533fd5092d8cfc1b6061154bdb9113ea15
TR-25639,2025-01-27,2025-01-01,FIN,1000130,RECEITA,3234.7877384646185,3234.7877384646185,BRL,Receita de aluguel creditada em FIN,31,BOLETO,PAGO,58be6bc5-0a1f-4bd4-a840-78cae5cdb36e,2025-02-05,ERP_CORPORATIVO,TRANSACOES_FINANCEIRAS,25639,11aa712ce3e6480727ba342861e9f1bf5854b0fdb1234911387a8e01eec55a18
TR-25640,2025-01-27,2025-01-01,OP,1000130,RECEITA,3357.3001800084467,3252.7144317560283,BRL,Custo operacional associado a OP,8,TED,PAGO,58be6bc5-0a1f-4bd4-a840-78cae5cdb36e,2025-02-05,ERP_CORPORATIVO,TRANSACOES_FINANCEIRAS,25640,e59c445f42d5dee4196bc567f48c8076aafb9176a4a0b882a6a1f5af1b07e00d
TR-25641,2025-01-20,2025-01-01,OP,1000130,DESPESA,3293.1804137110817,3293.1804137110817,BRL,Alienação de bem patrimonial - OP,35,BOLETO,PAGO,58be6bc5-0a1f-4bd4-a840-78cae5cdb36e,2025-02-05,ERP_CORPORATIVO,TRANSACOES_FINANCEIRAS,25641,1f40f9bd56cfd8021bc9c6d4cc4505dc37e1125ff6a280b9972baf55516b1c4b
TR-25990,2025-01-09,2025-01-01,PRD,1000132,RECEITA,632.218570567549,608.3454165449836,BRL,Assessoria legal vinculada à área PRD,7,TED,PAGO,58be6bc5-0a1f-4bd4-a840-78cae5cdb36e,2025-02-05,ERP_CORPORATIVO,TRANSACOES_FINANCEIRAS,25990,e5d9067c0fdc84b49ed48b3dd0de85b7264fbd0399057cf9aae7af36f50652b2
TR-25991,2025-01-03,2025-01-01,JUR,1000132,DESPESA,744.9977184874813,720.1021821668434,BRL,Licença de software para área JUR,27,TED,PAGO,58be6bc5-0a1f-4bd4-a840-78cae5cdb36e,2025-02-05,ERP_CORPORATIVO,TRANSACOES_FINANCEIRAS,25991,357acecff3da323098ff66086dce6df916ceddc516f3303929dfe4d2633a13c1
TR-25992,2025-01-15,2025-01-01,QAS,1000132,RECEITA,726.0549401330171,726.0549401330171,BRL,Contrato de serviço - setor QAS,1,TRANSFERENCIA,PAGO,58be6bc5-0a1f-4bd4-a840-78cae5cdb36e,2025-02-05,ERP_CORPORATIVO,TRANSACOES_FINANCEIRAS,25992,d08797de0c4e27e11f9bd136a2cd0dbf923ce00f0d505a528f2c741666fa8214
TR-25993,2025-01-16,2025-01-01,PES,1000132,DESPESA,670.5421164347267,657.3931853876652,BRL,Serviço de tecnologia contratado por PES,5,CARTAO,PAGO,58be6bc5-0a1f-4bd4-a840-78cae5cdb36e,2025-02-05,ERP_CORPORATIVO,TRANSACOES_FINANCEIRAS,25993,af165c711809b4bed589859522a7f42a5582d082286e05db2067108bcaee38ba
TR-25994,2025-01-10,2025-01-01,CTB,1000132,DESPESA,778.8178176339907,778.8178176339907,BRL,Combustível e lubrificantes para frota (CTB),16,BOLETO,PAGO,58be6bc5-0a1f-4bd4-a840-78cae5cdb36e,2025-02-05,ERP_CORPORATIVO,TRANSACOES_FINANCEIRAS,25994,16161eb95fe251dd1991f73ca0f8051e696a54932e589f28617746199efb4582
TR-25995,2025-01-07,2025-01-01,OP,1000132,DESPESA,2129.870832913132,2129.870832913132,BRL,Desconto concedido em operação de OP,38,BOLETO,PAGO,58be6bc5-0a1f-4bd4-a840-78cae5cdb36e,2025-02-05,ERP_CORPORATIVO,TRANSACOES_FINANCEIRAS,25995,a8a12bd8921e6902bfe066504364c79a5524b2ce9ca3fbbae8559390908f37aa
TR-25996,2025-01-23,2025-01-01,FIN,1000132,DESPESA,793.8977549113129,793.8977549113129,BRL,Licenciamento de software - FIN,5,TED,PAGO,58be6bc5-0a1f-4bd4-a840-78cae5cdb36e,2025-02-05,ERP_CORPORATIVO,TRANSACOES_FINANCEIRAS,25996,ec4ab00a183f1337aa5f67c94958b94d97eca165af1bf5f35c0cfbb4f5272d1f
TR-25997,2025-01-13,2025-01-01,COM,1000132,RECEITA,761.7068355263681,749.5766029788371,BRL,Aquisição de material operacional - COM,2,BOLETO,ATRASADO,58be6bc5-0a1f-4bd4-a840-78cae5cdb36e,2025-02-05,ERP_CORPORATIVO,TRANSACOES_FINANCEIRAS,25997,bd67b23a3562536f515684be9df0ab8f22d9dcff525f7f01539ababa56f93946
TR-25998,2025-01-15,2025-01-01,PES,1000132,RECEITA,722.3662498059828,722.3662498059828,BRL,Honorários jurídicos - PES,7,PIX,PAGO,58be6bc5-0a1f-4bd4-a840-78cae5cdb36e,2025-02-05,ERP_CORPORATIVO,TRANSACOES_FINANCEIRAS,25998,b77e9ac7a7cd99574e091d8de413c89d7f99a96394d8d5e580b7b7b3b1b1abb8
TR-25999,2025-01-15,2025-01-01,MKT,1000132,DESPESA,681.4858939944274,681.4858939944274,BRL,Doação recebida em favor de MKT,36,TRANSFERENCIA,PAGO,58be6bc5-0a1f-4bd4-a840-78cae5cdb36e,2025-02-05,ERP_CORPORATIVO,TRANSACOES_FINANCEIRAS,25999,5aac546953f6815fc35ec9f68cffc1a09c20dc71895af67148a6f0afea6a0af0
TR-26005,2025-01-31,2025-01-01,VND,1000132,RECEITA,739.9153399591709,739.9153399591709,BRL,Receita eventual registrada em VND,37,PIX,ATRASADO,58be6bc5-0a1f-4bd4-a840-78cae5cdb36e,2025-02-05,ERP_CORPORATIVO,TRANSACOES_FINANCEIRAS,26005,526864d71c72c841d74c80cf559fa4bb8ed673dc62fa23c260f940dcb59af2ba
TR-26325,2025-01-16,2025-01-01,OP,1000133,DESPESA,2341.5580181714145,2341.5580181714145,BRL,Consultoria estratégica para área OP,12,TED,PAGO,58be6bc5-0a1f-4bd4-a840-78cae5cdb36e,2025-02-05,ERP_CORPORATIVO,TRANSACOES_FINANCEIRAS,26325,2ec2b0f34545b5357eb974ae1244ed026d23d1d0787725a670f387165ad334ce
TR-26326,2025-01-07,2025-01-01,COM,1000133,DESPESA,2372.3713825341033,2372.3713825341033,BRL,Material de marketing solicitado por COM,15,BOLETO,PAGO,58be6bc5-0a1f-4bd4-a840-78cae5cdb36e,2025-02-05,ERP_CORPORATIVO,TRANSACOES_FINANCEIRAS,26326,e52fb214aa3ef7df7c8c4083a6e9d6b1f3e6278d343da20256aba97d7c57ed74
TR-26327,2025-01-15,2025-01-01,OP,1000133,RECEITA,2452.2927798927517,2334.37373986854,BRL,Aquisição de material operacional - OP,2,CARTAO,ATRASADO,58be6bc5-0a1f-4bd4-a840-78cae5cdb36e,2025-02-05,ERP_CORPORATIVO,TRANSACOES_FINANCEIRAS,26327,5c633f59bbc85685688f2a5617ad0c22936cbb68f61cd894c2958eaa813fb019
TR-26328,2025-01-09,2025-01-01,OP,1000133,DESPESA,6532.338178357028,6437.735626987848,BRL,Capacitação profissional vinculada a OP,30,CARTAO,ATRASADO,58be6bc5-0a1f-4bd4-a840-78cae5cdb36e,2025-02-05,ERP_CORPORATIVO,TRANSACOES_FINANCEIRAS,26328,bc69f92eb6ce09b04f74e473722255a854c8109074730c1b5a866d82f098794e
TR-26329,2025-01-24,2025-01-01,FIN,1000133,DESPESA,2338.390286412945,2338.390286412945,BRL,Prestação de serviço para área FIN,1,TED,PAGO,58be6bc5-0a1f-4bd4-a840-78cae5cdb36e,2025-02-05,ERP_CORPORATIVO,TRANSACOES_FINANCEIRAS,26329,b0cabb40043879930811617a3da356b1d0c253cfc3ff518a6e8e75b65127fe7e
TR-26330,2025-01-15,2025-01-01,COMP,1000133,DESPESA,2319.1061264015184,2319.1061264015184,BRL,Locação de espaço comercial - COMP,31,PIX,PAGO,58be6bc5-0a1f-4bd4-a840-78cae5cdb36e,2025-02-05,ERP_CORPORATIVO,TRANSACOES_FINANCEIRAS,26330,4031821e9c2e1c6584a9998ff8e9615c73ec20e759646f9f0554016b0bbd3c35
TR-26331,2025-01-20,2025-01-01,OP,1000133,RECEITA,2260.820717237757,2260.820717237757,BRL,Estorno de receita - OP,39,TRANSFERENCIA,PAGO,58be6bc5-0a1f-4bd4-a840-78cae5cdb36e,2025-02-05,ERP_CORPORATIVO,TRANSACOES_FINANCEIRAS,26331,6c786594560c842a0b19ed23ed816b36010ce0e4d4e79d1a080f788db68b86e2
TR-26332,2025-01-06,2025-01-01,OP,1000133,DESPESA,2402.9820994893307,2402.9820994893307,BRL,Diária de hotel para equipe OP,19,TED,PAGO,58be6bc5-0a1f-4bd4-a840-78cae5cdb36e,2025-02-05,ERP_CORPORATIVO,TRANSACOES_FINANCEIRAS,26332,377439eb8ae7258d5528d787654aa84c7ca7c6807d473902d911cd6dd8de3af9
TR-26554,2025-01-20,2025-01-01,OP,1000134,DESPESA,1227.3816478697286,1227.3816478697286,BRL,Encargos de empréstimo vinculados a OP,23,PIX,PAGO,58be6bc5-0a1f-4bd4-a840-78cae5cdb36e,2025-02-05,ERP_CORPORATIVO,TRANSACOES_FINANCEIRAS,26554,0e2f10568494b46e2a09b9862b5ced7d0afaeba1a8b2847203a0847e9191c0af
TR-26555,2025-01-06,2025-01-01,MKT,1000134,DESPESA,1156.8828906855035,1156.8828906855035,USD,Aquisição de material operacional - MKT,2,BOLETO,CANCELADO,58be6bc5-0a1f-4bd4-a840-78cae5cdb36e,2025-02-05,ERP_CORPORATIVO,TRANSACOES_FINANCEIRAS,26555,019a76da43126da45bdb21b06ec3ecbcd91cc945894ef0b2feea4d9793b40af5
TR-26556,2025-01-22,2025-01-01,CTB,1000134,DESPESA,1066.1920349017175,1021.2051742413379,BRL,Manutenção preventiva de veículos - CTB,17,PIX,PAGO,58be6bc5-0a1f-4bd4-a840-78cae5cdb36e,2025-02-05,ERP_CORPORATIVO,TRANSACOES_FINANCEIRAS,26556,01055ff65c384c3c0357ba7d446eccb34f8ba41c2ee6f7595f5424e8c5ca23c6
TR-26557,2025-01-03,2025-01-01,PJT,1000134,RECEITA,1303.5963447084664,1260.8528175116462,BRL,Assessoria legal vinculada à área PJT,7,BOLETO,PAGO,58be6bc5-0a1f-4bd4-a840-78cae5cdb36e,2025-02-05,ERP_CORPORATIVO,TRANSACOES_FINANCEIRAS,26557,deb5f030d407e29abdfee4018b2e7ea41cd4a34f9acc1f97e3650f04a9d90b8c
TR-26558,2025-01-24,2025-01-01,ESG,1000134,DESPESA,1185.6209414770815,1185.6209414770815,BRL,Campanha institucional - ESG,4,CARTAO,PAGO,58be6bc5-0a1f-4bd4-a840-78cae5cdb36e,2025-02-05,ERP_CORPORATIVO,TRANSACOES_FINANCEIRAS,26558,23688126739674246613f14246222d989e4070eef878ca219fcba423a2fd8bc0
TR-26559,2025-01-20,2025-01-01,PES,1000134,RECEITA,1108.1098954972463,1108.1098954972463,BRL,Honorários profissionais contratados por PES,11,TRANSFERENCIA,PAGO,58be6bc5-0a1f-4bd4-a840-78cae5cdb36e,2025-02-05,ERP_CORPORATIVO,TRANSACOES_FINANCEIRAS,26559,09915e0b543c92d0f69fb3ed2f5f8993cb3ee10a6024b592ab86395f60b6ee56
TR-26560,2025-01-17,2025-01-01,TI,1000134,RECEITA,1129.8308392203128,1129.8308392203128,BRL,Aquisição de material operacional - TI,2,TED,PAGO,58be6bc5-0a1f-4bd4-a840-78cae5cdb36e,2025-02-05,ERP_CORPORATIVO,TRANSACOES_FINANCEIRAS,26560,7ca098884ebcafada8eaf18be2fd10cf90bc9c354e2c547f49477d5ed062be41
TR-26561,2025-01-08,2025-01-01,FIN,1000134,RECEITA,1178.0246903492025,1178.0246903492025,EUR,Serviços contábeis externos - FIN,25,PIX,CANCELADO,58be6bc5-0a1f-4bd4-a840-78cae5cdb36e,2025-02-05,ERP_CORPORATIVO,TRANSACOES_FINANCEIRAS,26561,78fcab4497b6cfc1c4b2991a60085b92df2d6bc314681a3136a73386f5261a43
TR-26562,2025-01-13,2025-01-01,FIN,1000134,DESPESA,1177.587954391025,1160.5621653480162,USD,Abastecimento de veículos - FIN,16,TRANSFERENCIA,ATRASADO,58be6bc5-0a1f-4bd4-a840-78cae5cdb36e,2025-02-05,ERP_CORPORATIVO,TRANSACOES_FINANCEIRAS,26562,30734b947da5f396f33912773906ef28ea78b701da2bfb56c209d82dbb22638a
TR-26563,2025-01-15,2025-01-01,CTB,1000134,RECEITA,1226.77326731083,1201.2208822883454,BRL,Compra de insumos para setor CTB,2,TED,ATRASADO,58be6bc5-0a1f-4bd4-a840-78cae5cdb36e,2025-02-05,ERP_CORPORATIVO,TRANSACOES_FINANCEIRAS,26563,aa77865c26d096bc339742859b11aed22bb3e8407d079842991e885865085e4a
TR-26564,2025-01-20,2025-01-01,PES,1000134,DESPESA,1308.6300890071777,1308.6300890071777,BRL,Serviço de tecnologia contratado por PES,5,CARTAO,PAGO,58be6bc5-0a1f-4bd4-a840-78cae5cdb36e,2025-02-05,ERP_CORPORATIVO,TRANSACOES_FINANCEIRAS,26564,dac74cded9f3b4f7e98e81963ca2564263ca8cb05163c8105ac8fa9541993f2c
TR-26565,2025-01-09,2025-01-01,COMP,1000134,DESPESA,1320.6800100023174,1320.6800100023174,BRL,Despesa operacional - COMP,8,PIX,PAGO,58be6bc5-0a1f-4bd4-a840-78cae5cdb36e,2025-02-05,ERP_CORPORATIVO,TRANSACOES_FINANCEIRAS,26565,8a29be4aa44c9bce648bebbec523fb96f3f574e4de7f3e3b0a7c926238cc43d1
TR-26566,2025-01-22,2025-01-01,PES,1000134,DESPESA,1162.7118025395798,1145.822537386436,BRL,Receita de aluguel creditada em PES,31,TRANSFERENCIA,PAGO,58be6bc5-0a1f-4bd4-a840-78cae5cdb36e,2025-02-05,ERP_CORPORATIVO,TRANSACOES_FINANCEIRAS,26566,219d38ec5451f077b4113c46497ddebb29e6a1ee4bda2d8304cba702e1b9b6c1
TR-26567,2025-01-21,2025-01-01,CPT,1000134,DESPESA,1240.9789660756496,1240.9789660756496,BRL,Serviço especializado solicitado por CPT,1,PIX,PAGO,58be6bc5-0a1f-4bd4-a840-78cae5cdb36e,2025-02-05,ERP_CORPORATIVO,TRANSACOES_FINANCEIRAS,26567,05dcbf9bca9bcafeea7e61e5cdd04de558505f49b04328e16a61e5b448be7f12
TR-26568,2025-01-17,2025-01-01,COMP,1000134,RECEITA,1165.7136877026896,1165.7136877026896,BRL,Apólice de seguro - COMP,21,PIX,PAGO,58be6bc5-0a1f-4bd4-a840-78cae5cdb36e,2025-02-05,ERP_CORPORATIVO,TRANSACOES_FINANCEIRAS,26568,72f60d31230deb70edf939d5fee40d7064933f54017f3199d9e7882d1b10675c
TR-26569,2025-01-20,2025-01-01,SEC,1000134,DESPESA,1342.7840485781153,1283.8868164465048,BRL,Atendimento de TI requisitado por SEC,29,TRANSFERENCIA,PAGO,58be6bc5-0a1f-4bd4-a840-78cae5cdb36e,2025-02-05,ERP_CORPORATIVO,TRANSACOES_FINANCEIRAS,26569,c7a1f4ae41c5fb6664416f846d212e05a8d8caec4c78deba324c3ab629b48727
TR-26570,2025-01-10,2025-01-01,OP,1000134,DESPESA,1173.6949456874186,1173.6949456874186,BRL,Serviço de tecnologia contratado por OP,5,BOLETO,PAGO,58be6bc5-0a1f-4bd4-a840-78cae5cdb36e,2025-02-05,ERP_CORPORATIVO,TRANSACOES_FINANCEIRAS,26570,9a67c4398532e0da44ed8f59d9a1e6280ecd0cf57880afb45f7b4eaed7d718d3
TR-26849,2025-01-10,2025-01-01,QAS,FORN-00136,DESPESA,1256.5001548486637,1256.5001548486637,BRL,Serviço relacionado a recursos humanos (QAS),6,PIX,PAGO,58be6bc5-0a1f-4bd4-a840-78cae5cdb36e,2025-02-05,ERP_CORPORATIVO,TRANSACOES_FINANCEIRAS,26849,70d4a1eda5a8eb6ba5db74672f168ecb6ce60adeda2dabe671f7775992235997
TR-26850,2025-01-20,2025-01-01,ESG,FORN-00136,RECEITA,1564.5499801299204,1542.8329768340438,BRL,Honorarium advocatício - ESG,24,TED,ATRASADO,58be6bc5-0a1f-4bd4-a840-78cae5cdb36e,2025-02-05,ERP_CORPORATIVO,TRANSACOES_FINANCEIRAS,26850,f366972f364f02f799024eed513e5799200b8bb627596afda399b670bc777570
TR-26851,2025-01-13,2025-01-01,FIN,FORN-00136,DESPESA,1544.5215061636732,1472.6492600068611,BRL,Licença de software para área FIN,27,TED,PAGO,58be6bc5-0a1f-4bd4-a840-78cae5cdb36e,2025-02-05,ERP_CORPORATIVO,TRANSACOES_FINANCEIRAS,26851,00f9b946c82b3093af4d40f1262e160fdc9c499cc7b6d9f9a70db40bedbd449e
TR-26852,2025-01-21,2025-01-01,VND,FORN-00136,DESPESA,1529.6146048210762,1505.3295157207342,BRL,Prestação de serviço para área VND,1,TED,PAGO,58be6bc5-0a1f-4bd4-a840-78cae5cdb36e,2025-02-05,ERP_CORPORATIVO,TRANSACOES_FINANCEIRAS,26852,bd51399f304c08f38f74c08c746bda0f57a60d445e0d3ee334ffc12d0ece6cec
TR-26853,2025-01-13,2025-01-01,ADM,FORN-00136,RECEITA,1374.930622643021,1374.930622643021,USD,Contrato de SaaS vinculado a ADM,27,BOLETO,PAGO,58be6bc5-0a1f-4bd4-a840-78cae5cdb36e,2025-02-05,ERP_CORPORATIVO,TRANSACOES_FINANCEIRAS,26853,fdff6d6df6918818074d0c4ca02f7463035a064396c7599372b175b60763eb4f
TR-26854,2025-01-10,2025-01-01,OP,FORN-00136,DESPESA,1596.7933969806381,1596.7933969806381,BRL,Serviço técnico especializado para OP,11,BOLETO,PAGO,58be6bc5-0a1f-4bd4-a840-78cae5cdb36e,2025-02-05,ERP_CORPORATIVO,TRANSACOES_FINANCEIRAS,26854,d80d0139d12c331300509bada70769d156330777c2a3c774e74a022f5867015f
TR-26855,2025-01-27,2025-01-01,ADM,FORN-00136,DESPESA,1344.3951513661386,1344.3951513661386,USD,Manutenção estrutural vinculada à área ADM,3,BOLETO,PAGO,58be6bc5-0a1f-4bd4-a840-78cae5cdb36e,2025-02-05,ERP_CORPORATIVO,TRANSACOES_FINANCEIRAS,26855,eda93d025c3e3200aaf7337d866bec9c61f586a37b5483291ddafa7d53318211
TR-26856,2025-01-13,2025-01-01,CPT,FORN-00136,RECEITA,1624.3200684053002,1624.3200684053002,BRL,Participação nos resultados vinculada a CPT,34,CARTAO,PAGO,58be6bc5-0a1f-4bd4-a840-78cae5cdb36e,2025-02-05,ERP_CORPORATIVO,TRANSACOES_FINANCEIRAS,26856,78627ce2862357480c88c6e19cb01a2addf8d4c299fb04eec68f709f60bfbfad
TR-26857,2025-01-20,2025-01-01,PRD,FORN-00136,RECEITA,1639.1622000867976,1586.3761130371238,BRL,Capacitação profissional vinculada a PRD,30,TED,PAGO,58be6bc5-0a1f-4bd4-a840-78cae5cdb36e,2025-02-05,ERP_CORPORATIVO,TRANSACOES_FINANCEIRAS,26857,6879bc16ee68beb6243fde6e1005876314f9663a5313ef693a814da4a0047c16
TR-26858,2025-01-06,2025-01-01,COMP,FORN-00136,RECEITA,1490.781381278406,1490.781381278406,BRL,Receita de comissão comercial - COMP,33,TRANSFERENCIA,ATRASADO,58be6bc5-0a1f-4bd4-a840-78cae5cdb36e,2025-02-05,ERP_CORPORATIVO,TRANSACOES_FINANCEIRAS,26858,5bf0d946d415b78dffaf29b7fb13eb212163579a66749ec7a3ebee4fb12871b9
TR-26859,2025-01-15,2025-01-01,OP,FORN-00136,RECEITA,1296.0131566583914,1296.0131566583914,BRL,Assessoria legal vinculada à área OP,7,TRANSFERENCIA,PAGO,58be6bc5-0a1f-4bd4-a840-78cae5cdb36e,2025-02-05,ERP_CORPORATIVO,TRANSACOES_FINANCEIRAS,26859,00babb9b179964632f6c117a5ef6836dfd1480ac10c0d42a89f7be14c8d28763
TR-26860,2025-01-15,2025-01-01,OP,FORN-00136,DESPESA,1625.7579799552911,1625.7579799552911,BRL,Encargos de empréstimo vinculados a OP,23,TED,CANCELADO,58be6bc5-0a1f-4bd4-a840-78cae5cdb36e,2025-02-05,ERP_CORPORATIVO,TRANSACOES_FINANCEIRAS,26860,d689f464e0fe8fe1bab305380c21b24326fa7597d6ae4be5c5bc48a81ac016fd
TR-26861,2025-01-20,2025-01-01,OP,FORN-00136,RECEITA,3875.9887227988247,3826.210954259101,BRL,Serviço técnico especializado para OP,11,CARTAO,PAGO,58be6bc5-0a1f-4bd4-a840-78cae5cdb36e,2025-02-05,ERP_CORPORATIVO,TRANSACOES_FINANCEIRAS,26861,437934910b1d93b2b48ecfcff842ab215cde2e9284f6061abb1d885d49ef2f36
TR-26862,2025-01-20,2025-01-01,FIN,FORN-00136,DESPESA,1542.1237476723136,1542.1237476723136,BRL,Despesa de infraestrutura - FIN,3,PIX,PAGO,58be6bc5-0a1f-4bd4-a840-78cae5cdb36e,2025-02-05,ERP_CORPORATIVO,TRANSACOES_FINANCEIRAS,26862,0fac4d5edc7cf9df4bbd01cad08afa89703eeb1155960e3a9040acaf5a4e1fac
TR-26863,2025-01-17,2025-01-01,ESG,FORN-00136,DESPESA,1607.695506450056,1607.695506450056,BRL,Serviço de tecnologia contratado por ESG,5,TED,PAGO,58be6bc5-0a1f-4bd4-a840-78cae5cdb36e,2025-02-05,ERP_CORPORATIVO,TRANSACOES_FINANCEIRAS,26863,3695a04577c0c952e5bf23c03ef83872f9a53015c68814940575c82a5f1599d1
TR-26864,2025-01-13,2025-01-01,ADM,FORN-00136,RECEITA,1383.6968086589668,1383.6968086589668,BRL,Serviço de tecnologia contratado por ADM,5,TRANSFERENCIA,PAGO,58be6bc5-0a1f-4bd4-a840-78cae5cdb36e,2025-02-05,ERP_CORPORATIVO,TRANSACOES_FINANCEIRAS,26864,39bfbcbff80fb42fd3a31777c7005cc53f71426ec50f2e2f912c7b1cc1c8d1be
TR-26865,2025-01-14,2025-01-01,FIN,FORN-00136,DESPESA,1859.4755587937195,1859.4755587937195,BRL,Treinamento corporativo para equipe FIN,30,BOLETO,PAGO,58be6bc5-0a1f-4bd4-a840-78cae5cdb36e,2025-02-05,ERP_CORPORATIVO,TRANSACOES_FINANCEIRAS,26865,d6b7e352aa7ae425e206f27339b3d75321ca261b1bdb87f7ad54913ddfc50e77
TR-26866,2025-01-17,2025-01-01,COM,FORN-00136,DESPESA,1493.8203730893692,1493.8203730893692,BRL,Licenciamento de software - COM,5,TED,PAGO,58be6bc5-0a1f-4bd4-a840-78cae5cdb36e,2025-02-05,ERP_CORPORATIVO,TRANSACOES_FINANCEIRAS,26866,1e2eeecb1f7107f146d3fbbda9c3f3603a78082329effe9d7689f8d1a35265b1
TR-27047,2025-01-14,2025-01-01,COM,1000136,DESPESA,2048.491980821299,2048.491980821299,BRL,Participação nos resultados vinculada a COM,34,BOLETO,PAGO,58be6bc5-0a1f-4bd4-a840-78cae5cdb36e,2025-02-05,ERP_CORPORATIVO,TRANSACOES_FINANCEIRAS,27047,1110317f3f1d5a276467bca27d7f6151d9df66d41b765efbee4ba2d6e74a899c
TR-27048,2025-01-13,2025-01-01,FIN,1000136,DESPESA,2199.6170516595757,2199.6170516595757,BRL,Compra de insumos para setor FIN,2,PIX,PAGO,58be6bc5-0a1f-4bd4-a840-78cae5cdb36e,2025-02-05,ERP_CORPORATIVO,TRANSACOES_FINANCEIRAS,27048,0ad74f55cecc47f4647134ad8bc4e4036d3a2640d3e7c59cc062f354022b12a1
TR-27049,2025-01-13,2025-01-01,TI,1000136,DESPESA,2001.1687048013139,2001.1687048013139,BRL,Honorarium advocatício - TI,24,PIX,PAGO,58be6bc5-0a1f-4bd4-a840-78cae5cdb36e,2025-02-05,ERP_CORPORATIVO,TRANSACOES_FINANCEIRAS,27049,2d74f980a82a62dbfa8b486d0b1ba94c21bdf86ce4bf7a9d7944b4594f2d9c43
TR-27050,2025-01-13,2025-01-01,JUR,1000136,DESPESA,2075.57190455889,2075.57190455889,BRL,Compra de insumos para setor JUR,2,PIX,PAGO,58be6bc5-0a1f-4bd4-a840-78cae5cdb36e,2025-02-05,ERP_CORPORATIVO,TRANSACOES_FINANCEIRAS,27050,05f89bad8692d10b455aeb5b85c4e876a32d44c8682e07c97a5bd30ceb8c04cf
TR-27051,2025-01-27,2025-01-01,COMP,1000136,RECEITA,2263.786377282858,2263.786377282858,BRL,Manutenção preventiva de veículos - COMP,17,CARTAO,PAGO,58be6bc5-0a1f-4bd4-a840-78cae5cdb36e,2025-02-05,ERP_CORPORATIVO,TRANSACOES_FINANCEIRAS,27051,dd235b6e2f96d0b3d46c2b00f27c6eb667e8fe1350a547ffcb0ffd0243cb7f61
TR-27052,2025-01-14,2025-01-01,COM,1000136,RECEITA,1639.488942903286,1639.488942903286,BRL,Custo operacional associado a COM,8,CARTAO,PAGO,58be6bc5-0a1f-4bd4-a840-78cae5cdb36e,2025-02-05,ERP_CORPORATIVO,TRANSACOES_FINANCEIRAS,27052,689a2d0b8e0d88c9c8b3b465231f8b6a58bfc30de0ed7877d3c18c6d9774abaf
TR-27053,2025-01-06,2025-01-01,FIN,1000136,DESPESA,1878.2540584338367,1817.0168198756392,BRL,Serviço especializado solicitado por FIN,1,BOLETO,PAGO,58be6bc5-0a1f-4bd4-a840-78cae5cdb36e,2025-02-05,ERP_CORPORATIVO,TRANSACOES_FINANCEIRAS,27053,89181a2b01e12e24eb17e8a0fdd4058a53fbd2594757918e39dd0a9085a03524
TR-27054,2025-01-14,2025-01-01,FIN,1000136,RECEITA,1953.509118211774,1953.509118211774,USD,Manutenção predial solicitada por FIN,10,BOLETO,PAGO,58be6bc5-0a1f-4bd4-a840-78cae5cdb36e,2025-02-05,ERP_CORPORATIVO,TRANSACOES_FINANCEIRAS,27054,1ee44405722158bb715c061ec7c9bdf4f235ddf63305749ddf571128f4a5e808
TR-27055,2025-01-20,2025-01-01,CPT,1000136,RECEITA,2026.1084374385346,2026.1084374385346,BRL,Assessoria legal vinculada à área CPT,7,TED,ATRASADO,58be6bc5-0a1f-4bd4-a840-78cae5cdb36e,2025-02-05,ERP_CORPORATIVO,TRANSACOES_FINANCEIRAS,27055,870db0cb22cbb93a53609d832bfc77b00142e8ec594a561a6301fb97571ce5af
TR-27056,2025-01-16,2025-01-01,MKT,1000136,RECEITA,1786.495976397488,1786.495976397488,BRL,Serviço técnico especializado para MKT,11,PIX,ATRASADO,58be6bc5-0a1f-4bd4-a840-78cae5cdb36e,2025-02-05,ERP_CORPORATIVO,TRANSACOES_FINANCEIRAS,27056,69d46063f0afb7931fdb05d6f361efffa7e9a0ea8f4bfbe31a35071f7aac0e84
TR-27057,2025-01-22,2025-01-01,MKT,1000136,RECEITA,1879.717839964712,1879.717839964712,BRL,Alimentação em viagem corporativa - MKT,20,PIX,ATRASADO,58be6bc5-0a1f-4bd4-a840-78cae5cdb36e,2025-02-05,ERP_CORPORATIVO,TRANSACOES_FINANCEIRAS,27057,562e4e7d08a475cd0cd87a12d98a23ca7a2ebbaee619b53c34f9419545cc2048
TR-27058,2025-01-13,2025-01-01,COMP,1000136,DESPESA,2207.5977151248744,2180.0792640665286,BRL,Desconto concedido em operação de COMP,38,TED,ATRASADO,58be6bc5-0a1f-4bd4-a840-78cae5cdb36e,2025-02-05,ERP_CORPORATIVO,TRANSACOES_FINANCEIRAS,27058,e49c5649a079e5aef2f05e055e474bf1c3bedae9c00fcb79be347657849ddc11
TR-27059,2025-01-23,2025-01-01,VND,1000136,DESPESA,2156.4756569619176,2156.4756569619176,BRL,Contrato de serviço - setor VND,1,TED,PAGO,58be6bc5-0a1f-4bd4-a840-78cae5cdb36e,2025-02-05,ERP_CORPORATIVO,TRANSACOES_FINANCEIRAS,27059,9c7594bce23d574b09d3359c22825ca8cde0281330c2f6b0fa22029b046fa814
TR-27517,2025-01-20,2025-01-01,TI,1000138,DESPESA,9176.941954535876,9176.941954535876,BRL,Capacitação profissional vinculada a TI,30,PIX,PAGO,58be6bc5-0a1f-4bd4-a840-78cae5cdb36e,2025-02-05,ERP_CORPORATIVO,TRANSACOES_FINANCEIRAS,27517,aed78e3a7c5e5c671ce4b60b8a57f6f63252cf80901014e878b295b2d98d10b6
TR-27518,2025-01-21,2025-01-01,OP,1000138,RECEITA,3349.204609044067,3260.39279347674,BRL,Compra de insumos para setor OP,2,BOLETO,ATRASADO,58be6bc5-0a1f-4bd4-a840-78cae5cdb36e,2025-02-05,ERP_CORPORATIVO,TRANSACOES_FINANCEIRAS,27518,54194de21d1ca17feb1b780303612ffe3449ae3aa51a7fbb263e62c9ae77a9b8
TR-27519,2025-01-16,2025-01-01,TI,1000138,DESPESA,3277.309118102435,3277.309118102435,BRL,Licenciamento de software - TI,5,BOLETO,PAGO,58be6bc5-0a1f-4bd4-a840-78cae5cdb36e,2025-02-05,ERP_CORPORATIVO,TRANSACOES_FINANCEIRAS,27519,70724b3078a8425ab08473759a3dcaffede95585928dbd8e9749f3e131c4dec6
TR-27520,2025-01-16,2025-01-01,FIN,1000138,DESPESA,3725.6437628002836,3725.6437628002836,BRL,Resultado de equivalência patrimonial - FIN,34,CARTAO,PAGO,58be6bc5-0a1f-4bd4-a840-78cae5cdb36e,2025-02-05,ERP_CORPORATIVO,TRANSACOES_FINANCEIRAS,27520,a3333a88bd29a104ac669fa51d1119f00a42bad002dbe3f929772836a1a16818
TR-27521,2025-01-23,2025-01-01,FIN,1000138,RECEITA,3863.3686398823893,3751.5433308398715,BRL,Investimento em marketing corporativo (FIN),4,TED,ATRASADO,58be6bc5-0a1f-4bd4-a840-78cae5cdb36e,2025-02-05,ERP_CORPORATIVO,TRANSACOES_FINANCEIRAS,27521,fe9b9b9ba755b55fa0da8ca02314dc684e1713b9fa9b26ccfb381607f52c725b
TR-27522,2025-01-24,2025-01-01,ADM,1000138,DESPESA,4057.392981661817,4057.392981661817,BRL,Assessoria contábil prestada a ADM,25,TRANSFERENCIA,PAGO,58be6bc5-0a1f-4bd4-a840-78cae5cdb36e,2025-02-05,ERP_CORPORATIVO,TRANSACOES_FINANCEIRAS,27522,7b066fee08492296979b40010049eaf4bb207c9df8d72586b62a031930daa6d1
TR-27523,2025-01-07,2025-01-01,VND,1000138,DESPESA,3657.665027767184,3657.665027767184,BRL,Serviço técnico especializado para VND,11,BOLETO,CANCELADO,58be6bc5-0a1f-4bd4-a840-78cae5cdb36e,2025-02-05,ERP_CORPORATIVO,TRANSACOES_FINANCEIRAS,27523,fac76dcb5ca322e5be44131393448bf51365038d77dc89f05705fc86d798f0f7
TR-27524,2025-01-14,2025-01-01,OP,1000138,DESPESA,3644.2665634707305,3593.020960285255,BRL,Hospedagem em viagem a serviço de OP,19,TED,ATRASADO,58be6bc5-0a1f-4bd4-a840-78cae5cdb36e,2025-02-05,ERP_CORPORATIVO,TRANSACOES_FINANCEIRAS,27524,6b1ac524c797a0917100e75b8e378460fe6e3a5598d54b683bfae8d3bf221c22
TR-27525,2025-01-06,2025-01-01,LOG,1000138,DESPESA,3856.7501917778477,3856.7501917778477,BRL,Juros sobre operação financeira - LOG,23,PIX,PAGO,58be6bc5-0a1f-4bd4-a840-78cae5cdb36e,2025-02-05,ERP_CORPORATIVO,TRANSACOES_FINANCEIRAS,27525,c513e354daa46afbf6547db80bf4ce3ddfac3a6e3da62d1e0703d5910e7e8429
TR-27526,2025-01-08,2025-01-01,PRD,1000138,DESPESA,2201.430369529718,2201.430369529718,BRL,Assessoria contábil prestada a PRD,25,TED,PAGO,58be6bc5-0a1f-4bd4-a840-78cae5cdb36e,2025-02-05,ERP_CORPORATIVO,TRANSACOES_FINANCEIRAS,27526,fec2f0a56d0c649d2b39623ae5cc136e0e6d530fb43ec2331f8e35f6e9ebfc83
TR-27527,2025-01-13,2025-01-01,RH,1000138,RECEITA,3221.717476305319,3221.717476305319,BRL,Manutenção de equipamentos de RH,28,BOLETO,PAGO,58be6bc5-0a1f-4bd4-a840-78cae5cdb36e,2025-02-05,ERP_CORPORATIVO,TRANSACOES_FINANCEIRAS,27527,652b418edfa328e3387811f96e6804ae77d7c6747a5b3ff98f86d46ad37cf124
TR-27528,2025-01-13,2025-01-01,FIN,1000138,DESPESA,3106.4264612621255,3106.4264612621255,BRL,Despesa operacional - FIN,8,BOLETO,ATRASADO,58be6bc5-0a1f-4bd4-a840-78cae5cdb36e,2025-02-05,ERP_CORPORATIVO,TRANSACOES_FINANCEIRAS,27528,0e169a63005006c1ea2bda4dc587e2c38cc81bdabf6ee6d8be92791bc26578b0
TR-27529,2025-01-17,2025-01-01,PES,1000138,DESPESA,3552.9629108036743,3552.9629108036743,BRL,Serviço relacionado a recursos humanos (PES),6,TRANSFERENCIA,PAGO,58be6bc5-0a1f-4bd4-a840-78cae5cdb36e,2025-02-05,ERP_CORPORATIVO,TRANSACOES_FINANCEIRAS,27529,b94a8969f77c7cbad8cd00d45bb08052749d81969b1b6a24d53c92e31be1adb9
TR-27530,2025-01-15,2025-01-01,MKT,1000138,RECEITA,3488.6904117697864,3317.8129236268574,BRL,Apólice de seguro - MKT,21,BOLETO,PAGO,58be6bc5-0a1f-4bd4-a840-78cae5cdb36e,2025-02-05,ERP_CORPORATIVO,TRANSACOES_FINANCEIRAS,27530,1ea401fbe797c510586bf9d31c2a19a8e170d047e79b6dddfd2fa1936b595ef1
TR-27531,2025-01-06,2025-01-01,PES,1000138,DESPESA,3482.0084777771463,3482.0084777771463,BRL,Custo operacional associado a PES,8,TED,PAGO,58be6bc5-0a1f-4bd4-a840-78cae5cdb36e,2025-02-05,ERP_CORPORATIVO,TRANSACOES_FINANCEIRAS,27531,8f33a36d765a07ed010e7f2b2b3166d45785533dc3ba54e01709dbd3c25baad5
TR-27532,2025-01-01,2025-01-01,ATD,1000138,DESPESA,9260.8487164691,9260.8487164691,BRL,Publicidade institucional - ATD,13,TRANSFERENCIA,PAGO,58be6bc5-0a1f-4bd4-a840-78cae5cdb36e,2025-02-05,ERP_CORPORATIVO,TRANSACOES_FINANCEIRAS,27532,70cf1fe5031550eac9e38bf344cbd4740d4a7211af28397be1f99626ba4e2c7e
TR-27533,2025-01-21,2025-01-01,FIN,1000138,RECEITA,3334.6518634319673,3297.3184985078583,USD,Serviço especializado solicitado por FIN,1,PIX,PAGO,58be6bc5-0a1f-4bd4-a840-78cae5cdb36e,2025-02-05,ERP_CORPORATIVO,TRANSACOES_FINANCEIRAS,27533,8482067b18f1a27eaf24505f27d3b34e173322f6c55e4be04f240ecd20a7e6ec
TR-27798,2025-01-17,2025-01-01,ATD,ACC-00140,DESPESA,2904.7037983255505,2866.1834927135665,BRL,Custo operacional associado a ATD,8,BOLETO,PAGO,58be6bc5-0a1f-4bd4-a840-78cae5cdb36e,2025-02-05,ERP_CORPORATIVO,TRANSACOES_FINANCEIRAS,27798,1bc66fb94a67c0f7a7ce07162458633faed185ea1f41b26178014e9ad8909b98
TR-27799,2025-01-22,2025-01-01,FIN,ACC-00140,RECEITA,3083.3278624255263,2932.295567678757,BRL,Desconto concedido em operação de FIN,38,PIX,PAGO,58be6bc5-0a1f-4bd4-a840-78cae5cdb36e,2025-02-05,ERP_CORPORATIVO,TRANSACOES_FINANCEIRAS,27799,e21db79856b3433c40f2f44d02fc241ed039c788fd5b1514d0a5e6e5e37227a4
TR-27800,2025-01-10,2025-01-01,COMP,ACC-00140,DESPESA,2792.311919498925,2792.311919498925,USD,Serviço de tecnologia contratado por COMP,5,CARTAO,PAGO,58be6bc5-0a1f-4bd4-a840-78cae5cdb36e,2025-02-05,ERP_CORPORATIVO,TRANSACOES_FINANCEIRAS,27800,a9dc86f726aa8cd6e493213c22c29889f0f25e8589412ca104c1ad9adc764e50
TR-27801,2025-01-14,2025-01-01,FIN,ACC-00140,DESPESA,2708.3517225001265,2708.3517225001265,BRL,Aquisição de material operacional - FIN,2,PIX,PAGO,58be6bc5-0a1f-4bd4-a840-78cae5cdb36e,2025-02-05,ERP_CORPORATIVO,TRANSACOES_FINANCEIRAS,27801,eaacf61bba0c0daddf8bc21f3a9c949ebc14426e1c111df437e3e4c2321be501
TR-27802,2025-01-15,2025-01-01,MKT,ACC-00140,DESPESA,2889.1655526855,2889.1655526855,BRL,Alienação de bem patrimonial - MKT,35,BOLETO,PAGO,58be6bc5-0a1f-4bd4-a840-78cae5cdb36e,2025-02-05,ERP_CORPORATIVO,TRANSACOES_FINANCEIRAS,27802,ca4f5682a7fff4f11587b3d247ff0f4f0e313c71bfd9410facbc6869db06f5fa
TR-27803,2025-01-13,2025-01-01,PRD,ACC-00140,RECEITA,2766.845305079687,2766.845305079687,BRL,Participação nos resultados vinculada a PRD,34,PIX,ATRASADO,58be6bc5-0a1f-4bd4-a840-78cae5cdb36e,2025-02-05,ERP_CORPORATIVO,TRANSACOES_FINANCEIRAS,27803,23bf5ff813f5484a087e41a9d0a4a171e831aba135f879229dd002c593e00679
TR-27804,2025-01-22,2025-01-01,PJT,ACC-00140,DESPESA,2862.3302556761446,2862.3302556761446,BRL,Serviço especializado solicitado por PJT,1,PIX,PAGO,58be6bc5-0a1f-4bd4-a840-78cae5cdb36e,2025-02-05,ERP_CORPORATIVO,TRANSACOES_FINANCEIRAS,27804,fafffddcaa0532306f1882134286e6118918454736ba3e6984437c6e29af967a
TR-27805,2025-01-06,2025-01-01,SEC,ACC-00140,DESPESA,2798.2377970131897,2726.1129327536187,BRL,Produção de material gráfico - SEC,15,PIX,PAGO,58be6bc5-0a1f-4bd4-a840-78cae5cdb36e,2025-02-05,ERP_CORPORATIVO,TRANSACOES_FINANCEIRAS,27805,5ddcedd0083fc9390b0fa12d95ca43e57442b65d27d80570b0b8ad16aa2d5d1a
TR-27806,2025-01-27,2025-01-01,COMP,ACC-00140,RECEITA,3429.329906737234,3269.965037723241,BRL,Material de marketing solicitado por COMP,15,TED,PAGO,58be6bc5-0a1f-4bd4-a840-78cae5cdb36e,2025-02-05,ERP_CORPORATIVO,TRANSACOES_FINANCEIRAS,27806,a954d232f2f8ca45813c0a0251ff511cb5d013fe88546bc9e6917211559eeffd
TR-27807,2025-01-24,2025-01-01,OP,ACC-00140,RECEITA,2617.5754846710097,2617.5754846710097,BRL,Serviço relacionado a recursos humanos (OP),6,TRANSFERENCIA,PAGO,58be6bc5-0a1f-4bd4-a840-78cae5cdb36e,2025-02-05,ERP_CORPORATIVO,TRANSACOES_FINANCEIRAS,27807,b5db1252feb0a4a4a03ccdfe4d57bb6888fe13ae829c07a62483be3e25628536
TR-27808,2025-01-13,2025-01-01,SEC,ACC-00140,DESPESA,1500.7299795601673,1500.7299795601673,BRL,Serviço especializado solicitado por SEC,1,BOLETO,PAGO,58be6bc5-0a1f-4bd4-a840-78cae5cdb36e,2025-02-05,ERP_CORPORATIVO,TRANSACOES_FINANCEIRAS,27808,d9bbd094913054f9e6619660a3fc8f55faad73a5971520a015c4afa81f02196f
TR-27809,2025-01-22,2025-01-01,FIN,ACC-00140,DESPESA,2766.2106627611956,2766.2106627611956,BRL,Despesa de RH - FIN,6,PIX,PAGO,58be6bc5-0a1f-4bd4-a840-78cae5cdb36e,2025-02-05,ERP_CORPORATIVO,TRANSACOES_FINANCEIRAS,27809,cab73ec2e5932c120d6c568cca6005b722d296d43562e2f401a674e8b7cd6ddb
TR-27810,2025-01-06,2025-01-01,SEC,ACC-00140,RECEITA,3030.667249484747,3030.667249484747,BRL,Honorários jurídicos - SEC,7,PIX,CANCELADO,58be6bc5-0a1f-4bd4-a840-78cae5cdb36e,2025-02-05,ERP_CORPORATIVO,TRANSACOES_FINANCEIRAS,27810,b3db9a824778481c9f800cc2f0ffdf027bcf15d9a1cfdcd1487252630fb324f7
TR-27811,2025-01-24,2025-01-01,JUR,ACC-00140,RECEITA,3129.5959297292948,3047.171290100167,BRL,Capacitação profissional vinculada a JUR,30,TRANSFERENCIA,PAGO,58be6bc5-0a1f-4bd4-a840-78cae5cdb36e,2025-02-05,ERP_CORPORATIVO,TRANSACOES_FINANCEIRAS,27811,ca1375a596f4d8c0ebe3d12335348fd905bed88e92a675587047be22912aacbd
TR-27812,2025-01-20,2025-01-01,TI,ACC-00140,DESPESA,3418.634656138151,3418.634656138151,BRL,Serviço de tecnologia contratado por TI,5,TRANSFERENCIA,PAGO,58be6bc5-0a1f-4bd4-a840-78cae5cdb36e,2025-02-05,ERP_CORPORATIVO,TRANSACOES_FINANCEIRAS,27812,441e52148319af8a07446f723d2da2cb932cbf2e3a14c53d99893d3e15599e18
TR-27813,2025-01-17,2025-01-01,COMP,ACC-00140,DESPESA,3051.072697929805,3051.072697929805,BRL,Licença de software para área COMP,27,CARTAO,PAGO,58be6bc5-0a1f-4bd4-a840-78cae5cdb36e,2025-02-05,ERP_CORPORATIVO,TRANSACOES_FINANCEIRAS,27813,397fb8103df7b41ae753705e8943a4b9bcfb77aff67a7762b93e8313ac85167f
TR-27815,2025-01-31,2025-01-01,CPT,ACC-00140,DESPESA,2967.6375654570033,2967.6375654570033,BRL,Serviço de tecnologia contratado por CPT,5,TED,ATRASADO,58be6bc5-0a1f-4bd4-a840-78cae5cdb36e,2025-02-05,ERP_CORPORATIVO,TRANSACOES_FINANCEIRAS,27815,df92f439c2e2d686a20e9bf7fd26f0e2fa1686b201f052cd27d3530e43a296be
TR-28211,2025-01-13,2025-01-01,ATD,FORN-00142,RECEITA,3304.785229547943,3183.4386551263847,BRL,Contrato de serviço - setor ATD,1,TED,PAGO,58be6bc5-0a1f-4bd4-a840-78cae5cdb36e,2025-02-05,ERP_CORPORATIVO,TRANSACOES_FINANCEIRAS,28211,450ae3836fe046c3ea86929007c05dedd4a2329056e9fade0a804f73e3abc601
TR-28212,2025-01-24,2025-01-01,ADM,FORN-00142,DESPESA,4093.3522587267703,3925.538215747769,BRL,Seguro contratado pela área ADM,21,CARTAO,PAGO,58be6bc5-0a1f-4bd4-a840-78cae5cdb36e,2025-02-05,ERP_CORPORATIVO,TRANSACOES_FINANCEIRAS,28212,561ea2b3568d59733191c689f13bba20009cee590a41ed30921b517078369adc
TR-28213,2025-01-27,2025-01-01,JUR,FORN-00142,RECEITA,3517.250808198945,3354.174776858479,BRL,Manutenção estrutural vinculada à área JUR,3,PIX,PAGO,58be6bc5-0a1f-4bd4-a840-78cae5cdb36e,2025-02-05,ERP_CORPORATIVO,TRANSACOES_FINANCEIRAS,28213,a0548156c11591dfe9cedc6432fbe0ec4a95566fcd67dcc70ffedd06c782ea25
TR-28214,2025-01-27,2025-01-01,RH,FORN-00142,DESPESA,3760.383041442868,3760.383041442868,BRL,Reparo de hardware solicitado por RH,28,PIX,PAGO,58be6bc5-0a1f-4bd4-a840-78cae5cdb36e,2025-02-05,ERP_CORPORATIVO,TRANSACOES_FINANCEIRAS,28214,f7e3d22a496807d4f0b4976a458cb7f1b5c1953b5ec9d8e7984185d40fe1dce8
TR-28215,2025-01-27,2025-01-01,JUR,FORN-00142,DESPESA,4243.317978543691,4243.317978543691,BRL,Produção de material gráfico - JUR,15,PIX,PAGO,58be6bc5-0a1f-4bd4-a840-78cae5cdb36e,2025-02-05,ERP_CORPORATIVO,TRANSACOES_FINANCEIRAS,28215,893c18bd5d9fd9d52c5d16033dcaca6701f49cdb164b3807a1471eff14453e84
TR-28216,2025-01-10,2025-01-01,FIN,FORN-00142,RECEITA,4012.0420820958034,4012.0420820958034,BRL,Campanha institucional - FIN,4,BOLETO,PAGO,58be6bc5-0a1f-4bd4-a840-78cae5cdb36e,2025-02-05,ERP_CORPORATIVO,TRANSACOES_FINANCEIRAS,28216,5bc15aad4bbec4fb0019622063683286da08fa8e40628148041baa24e3580e5f
TR-28217,2025-01-20,2025-01-01,JUR,FORN-00142,RECEITA,4787.761742448618,4787.761742448618,BRL,Prestação de serviço para área JUR,1,TED,PAGO,58be6bc5-0a1f-4bd4-a840-78cae5cdb36e,2025-02-05,ERP_CORPORATIVO,TRANSACOES_FINANCEIRAS,28217,fd97372c3e5e4322b99da1f28e8bd2a0f80ceab2c9f5887749ac94c2c3f9153f
TR-28218,2025-01-14,2025-01-01,COMP,FORN-00142,RECEITA,3794.4212063132686,3794.4212063132686,BRL,Seguro contratado pela área COMP,21,BOLETO,PAGO,58be6bc5-0a1f-4bd4-a840-78cae5cdb36e,2025-02-05,ERP_CORPORATIVO,TRANSACOES_FINANCEIRAS,28218,158af8177001f83787789aadcd31b2e388677a6c36a7bbb862c0f8fcf9f14d74
TR-28219,2025-01-21,2025-01-01,COMP,FORN-00142,DESPESA,3943.787334604853,3943.787334604853,BRL,Desconto concedido em operação de COMP,38,BOLETO,PAGO,58be6bc5-0a1f-4bd4-a840-78cae5cdb36e,2025-02-05,ERP_CORPORATIVO,TRANSACOES_FINANCEIRAS,28219,650c46e19e5a48f2c6920f6147b66bd8a345cd82416c47875c276c687ab6807a
TR-28220,2025-01-27,2025-01-01,FIN,FORN-00142,DESPESA,4176.551365345299,4176.551365345299,BRL,Treinamento corporativo para equipe FIN,30,TED,ATRASADO,58be6bc5-0a1f-4bd4-a840-78cae5cdb36e,2025-02-05,ERP_CORPORATIVO,TRANSACOES_FINANCEIRAS,28220,9ea2058c10bf32fffdf057d5dabec0a61624beacc6f48c0ef99aa62f2bb25f5e
TR-28504,2025-01-16,2025-01-01,CPT,FORN-00144,DESPESA,1058.9552263740336,1017.9272460500819,BRL,Passagem aérea para colaborador de CPT,18,PIX,PAGO,58be6bc5-0a1f-4bd4-a840-78cae5cdb36e,2025-02-05,ERP_CORPORATIVO,TRANSACOES_FINANCEIRAS,28504,95ed9a5e8f6cfb22432786d38a62a6c03dce90a95db8f898b8e548981221ea32
TR-28505,2025-01-20,2025-01-01,COM,FORN-00144,DESPESA,1399.6320104002787,1399.6320104002787,BRL,Reparo de hardware solicitado por COM,28,TRANSFERENCIA,ATRASADO,58be6bc5-0a1f-4bd4-a840-78cae5cdb36e,2025-02-05,ERP_CORPORATIVO,TRANSACOES_FINANCEIRAS,28505,18f9a7b886e80b50c5b8d82c181fbcc8c3d69be2873e42d5692dd495abf6be3c
TR-28506,2025-01-10,2025-01-01,OP,FORN-00144,DESPESA,1109.2506278689355,1109.2506278689355,USD,Despesa de infraestrutura - OP,3,PIX,PAGO,58be6bc5-0a1f-4bd4-a840-78cae5cdb36e,2025-02-05,ERP_CORPORATIVO,TRANSACOES_FINANCEIRAS,28506,a7a1623d21139196212e63ce639747b108451768a488d508e004ece35f209697
TR-28507,2025-01-13,2025-01-01,COMP,FORN-00144,RECEITA,997.7092041848305,974.9920768371683,BRL,Despesa de infraestrutura - COMP,3,TRANSFERENCIA,CANCELADO,58be6bc5-0a1f-4bd4-a840-78cae5cdb36e,2025-02-05,ERP_CORPORATIVO,TRANSACOES_FINANCEIRAS,28507,06a05bf4569b50adb8ab194beaafe990686abf472833a39b46d5cfa6a6e0c95d
TR-28508,2025-01-06,2025-01-01,COMP,FORN-00144,RECEITA,1106.7057470733046,1056.4292695727586,USD,Receita eventual registrada em COMP,37,TED,PAGO,58be6bc5-0a1f-4bd4-a840-78cae5cdb36e,2025-02-05,ERP_CORPORATIVO,TRANSACOES_FINANCEIRAS,28508,5902cfcecb81fb6e6b5cb08e2070a37f461c0daf8ce4cb98a71772445977fda3
TR-28509,2025-01-23,2025-01-01,MKT,FORN-00144,DESPESA,1125.8808491813045,1125.8808491813045,BRL,Despesa de infraestrutura - MKT,3,TRANSFERENCIA,PAGO,58be6bc5-0a1f-4bd4-a840-78cae5cdb36e,2025-02-05,ERP_CORPORATIVO,TRANSACOES_FINANCEIRAS,28509,bd32da133cb2d1f7ad70620093d678d589095e767af80d70965587222b6d381e
TR-28510,2025-01-17,2025-01-01,OP,FORN-00144,DESPESA,1266.761515877054,1266.761515877054,BRL,Prestação de serviço para área OP,1,PIX,CANCELADO,58be6bc5-0a1f-4bd4-a840-78cae5cdb36e,2025-02-05,ERP_CORPORATIVO,TRANSACOES_FINANCEIRAS,28510,62fbee9f8150fdfceeb61a6144ab857a8be0bc03b4c874e1f9280ad39a30d7a8
TR-28511,2025-01-13,2025-01-01,LOG,FORN-00144,DESPESA,1115.4883485048474,1099.736299455482,BRL,Serviços contábeis externos - LOG,25,PIX,PAGO,58be6bc5-0a1f-4bd4-a840-78cae5cdb36e,2025-02-05,ERP_CORPORATIVO,TRANSACOES_FINANCEIRAS,28511,cebc0a53c4a15014be38e1ae84267b7d0651f6306c67fea431e147694d11ae9c
TR-28512,2025-01-27,2025-01-01,FIN,FORN-00144,RECEITA,2659.4328249527657,2659.4328249527657,BRL,Despesa jurídica da área FIN,24,BOLETO,PAGO,58be6bc5-0a1f-4bd4-a840-78cae5cdb36e,2025-02-05,ERP_CORPORATIVO,TRANSACOES_FINANCEIRAS,28512,7dc965f865255d39af8635ddc0417ed0ae0e3bd1311125f8bef65ad7754c7851
TR-28513,2025-01-09,2025-01-01,JUR,FORN-00144,DESPESA,1285.9153479478518,1285.9153479478518,BRL,Seguro contratado pela área JUR,21,PIX,PAGO,58be6bc5-0a1f-4bd4-a840-78cae5cdb36e,2025-02-05,ERP_CORPORATIVO,TRANSACOES_FINANCEIRAS,28513,f33a6e2d7147b57693e4ff6331833606f4e0802256c35e1954af23838c5b0097
TR-28514,2025-01-13,2025-01-01,COMP,FORN-00144,DESPESA,1090.7296203978974,1090.7296203978974,BRL,Manutenção preventiva de veículos - COMP,17,TRANSFERENCIA,PAGO,58be6bc5-0a1f-4bd4-a840-78cae5cdb36e,2025-02-05,ERP_CORPORATIVO,TRANSACOES_FINANCEIRAS,28514,de5ccceb7bbd92475b676aa50b8b6fa3e310dcf492177caedd0992f167cd2f0b
TR-28829,2025-01-06,2025-01-01,ESG,FORN-00145,RECEITA,1264.9821910845592,1264.9821910845592,BRL,Despesa de RH - ESG,6,TRANSFERENCIA,PAGO,58be6bc5-0a1f-4bd4-a840-78cae5cdb36e,2025-02-05,ERP_CORPORATIVO,TRANSACOES_FINANCEIRAS,28829,26d6ea5dfc57207566609e315a4a0e6751ba202e582c230f256ea2975b6de0c5
TR-28830,2025-01-20,2025-01-01,PJT,FORN-00145,DESPESA,1189.6202856606571,1189.6202856606571,BRL,Compra de insumos para setor PJT,2,PIX,PAGO,58be6bc5-0a1f-4bd4-a840-78cae5cdb36e,2025-02-05,ERP_CORPORATIVO,TRANSACOES_FINANCEIRAS,28830,2b9873e82ed984545dca09c19e5489fe853f394d72c1dc81bcacb404a169e232
TR-28831,2025-01-16,2025-01-01,FIN,FORN-00145,DESPESA,1545.5825154733361,1475.8454216130897,BRL,Contrato de serviço - setor FIN,1,BOLETO,CANCELADO,58be6bc5-0a1f-4bd4-a840-78cae5cdb36e,2025-02-05,ERP_CORPORATIVO,TRANSACOES_FINANCEIRAS,28831,092fbd1f491ec21b8b5ec9220bb79c29fb2e1fb034833269e1e6aadc0c2679cd
TR-28832,2025-01-24,2025-01-01,RH,FORN-00145,DESPESA,1273.6661336259895,1243.8536716657018,BRL,Prestação de serviço para área RH,1,TRANSFERENCIA,PAGO,58be6bc5-0a1f-4bd4-a840-78cae5cdb36e,2025-02-05,ERP_CORPORATIVO,TRANSACOES_FINANCEIRAS,28832,8b6d55b16aa45dc207cbe756a07d8db1bd30924165f1e46b039cb936828974a5
TR-28833,2025-01-15,2025-01-01,COM,FORN-00145,RECEITA,1213.8344130941223,1213.8344130941223,BRL,Serviços contábeis externos - COM,25,TRANSFERENCIA,PAGO,58be6bc5-0a1f-4bd4-a840-78cae5cdb36e,2025-02-05,ERP_CORPORATIVO,TRANSACOES_FINANCEIRAS,28833,f0f34834cd266e446ee37458e0a2001b1e37dfbe6bfe1d0e7c88b648899616de
TR-28834,2025-01-15,2025-01-01,COMP,FORN-00145,DESPESA,1287.000903657374,1258.8229657962722,USD,Aquisição de material operacional - COMP,2,TRANSFERENCIA,PAGO,58be6bc5-0a1f-4bd4-a840-78cae5cdb36e,2025-02-05,ERP_CORPORATIVO,TRANSACOES_FINANCEIRAS,28834,3cfd9061e476190227653eb937eab7b1fbc23a502eb11c61e36b4e9565b48350
TR-28835,2025-01-23,2025-01-01,ADM,FORN-00145,DESPESA,1257.5451725160283,1257.5451725160283,BRL,Doação recebida em favor de ADM,36,BOLETO,PAGO,58be6bc5-0a1f-4bd4-a840-78cae5cdb36e,2025-02-05,ERP_CORPORATIVO,TRANSACOES_FINANCEIRAS,28835,6c7a42863f6e6184e5bcfe98655c8d7890508d206056edabe75aab80f91ea39c
TR-28836,2025-01-14,2025-01-01,ESG,FORN-00145,RECEITA,1504.1719625073831,1504.1719625073831,BRL,Assessoria legal vinculada à área ESG,7,TED,CANCELADO,58be6bc5-0a1f-4bd4-a840-78cae5cdb36e,2025-02-05,ERP_CORPORATIVO,TRANSACOES_FINANCEIRAS,28836,6183e4a8a29b535572268da6b546fdc1fe2772a4042a440c16ceffa8eba60a44
TR-28837,2025-01-15,2025-01-01,QAS,FORN-00145,DESPESA,1221.1674216046865,1221.1674216046865,BRL,Serviço de telefonia e internet - QAS,9,BOLETO,PAGO,58be6bc5-0a1f-4bd4-a840-78cae5cdb36e,2025-02-05,ERP_CORPORATIVO,TRANSACOES_FINANCEIRAS,28837,46ad1a9632a75a8687a14ce840808e44c02e8f84b0bd1821a8635eb89d8df14b
TR-28838,2025-01-20,2025-01-01,RH,FORN-00145,DESPESA,1321.23490105925,1321.23490105925,BRL,Imposto sobre venda apurado em RH,40,BOLETO,PAGO,58be6bc5-0a1f-4bd4-a840-78cae5cdb36e,2025-02-05,ERP_CORPORATIVO,TRANSACOES_FINANCEIRAS,28838,531df036c71554303beaf50f4ee1cb0cd597150f7de6ba7dbb5b7ab8890d95b9
TR-28839,2025-01-13,2025-01-01,OP,FORN-00145,RECEITA,1209.3110153053083,1209.3110153053083,BRL,Certificado digital adquirido por OP,26,BOLETO,PAGO,58be6bc5-0a1f-4bd4-a840-78cae5cdb36e,2025-02-05,ERP_CORPORATIVO,TRANSACOES_FINANCEIRAS,28839,5d01943867bc79d4af465473e3a256b7e450932c90cc9d7511f5e9dff9aa4f5a
TR-28840,2025-01-21,2025-01-01,SEC,FORN-00145,DESPESA,1033.8082598611968,1005.3430563694644,BRL,Investimento em marketing corporativo (SEC),4,BOLETO,ATRASADO,58be6bc5-0a1f-4bd4-a840-78cae5cdb36e,2025-02-05,ERP_CORPORATIVO,TRANSACOES_FINANCEIRAS,28840,06909c26b611a7cf7556a9e0cba5e7813e6b1104c5e0dd5c06c5653e64739bed
TR-29334,2025-01-27,2025-01-01,MKT,1000147,DESPESA,11359.923691423011,11359.923691423011,BRL,Despesa operacional - MKT,8,TED,PAGO,58be6bc5-0a1f-4bd4-a840-78cae5cdb36e,2025-02-05,ERP_CORPORATIVO,TRANSACOES_FINANCEIRAS,29334,499465271afe3e0a06ab140a7cb924d449bb2c35bec363f0555d9ee70c85e27b
TR-29335,2025-01-24,2025-01-01,ESG,1000147,DESPESA,3501.970084626339,3501.970084626339,BRL,Juros sobre operação financeira - ESG,23,PIX,PAGO,58be6bc5-0a1f-4bd4-a840-78cae5cdb36e,2025-02-05,ERP_CORPORATIVO,TRANSACOES_FINANCEIRAS,29335,07df147e5d6397c6f5fe492691e2b60d7c57a4d0f150d3c6509a86c4262c1aba
TR-29336,2025-01-20,2025-01-01,PES,1000147,DESPESA,4473.109693316142,4473.109693316142,BRL,Seguro contratado pela área PES,21,BOLETO,PAGO,58be6bc5-0a1f-4bd4-a840-78cae5cdb36e,2025-02-05,ERP_CORPORATIVO,TRANSACOES_FINANCEIRAS,29336,04b1db11af2b0ccecf52c01fdd2f09661440ff92e49ea33284293025ec18064f
TR-29337,2025-01-21,2025-01-01,LOG,1000147,RECEITA,4042.0278136100737,4042.0278136100737,BRL,Custo operacional associado a LOG,8,CARTAO,ATRASADO,58be6bc5-0a1f-4bd4-a840-78cae5cdb36e,2025-02-05,ERP_CORPORATIVO,TRANSACOES_FINANCEIRAS,29337,ffe24a315e1821d6131e43a9767f621393f38ba3d63dff026e59aafb97428d79
TR-29338,2025-01-13,2025-01-01,JUR,1000147,DESPESA,4382.6489524307835,4382.6489524307835,BRL,Tarifas de serviços financeiros - JUR,22,BOLETO,PAGO,58be6bc5-0a1f-4bd4-a840-78cae5cdb36e,2025-02-05,ERP_CORPORATIVO,TRANSACOES_FINANCEIRAS,29338,3fbacf591fbccc43d322c5d81916cb92244ec506d163c7b148b5483ec650345a
TR-29339,2025-01-27,2025-01-01,OP,1000147,RECEITA,3720.3469136340977,3546.4742594240997,BRL,Compra de insumos para setor OP,2,BOLETO,PAGO,58be6bc5-0a1f-4bd4-a840-78cae5cdb36e,2025-02-05,ERP_CORPORATIVO,TRANSACOES_FINANCEIRAS,29339,cea765198cb669081fa89fff4444168482cd1e54cc446c5f18bf23e6ae6087af
TR-29340,2025-01-20,2025-01-01,COM,1000147,RECEITA,3486.5843308550643,3486.5843308550643,BRL,Aquisição de material operacional - COM,2,PIX,PAGO,58be6bc5-0a1f-4bd4-a840-78cae5cdb36e,2025-02-05,ERP_CORPORATIVO,TRANSACOES_FINANCEIRAS,29340,5ccb6a67bd5233a38ffb7183f33426232cbcad7f5347e212234cddb3ad473be4
TR-29341,2025-01-27,2025-01-01,OP,1000147,DESPESA,3580.4489906418544,3580.4489906418544,BRL,Honorários jurídicos - OP,7,BOLETO,ATRASADO,58be6bc5-0a1f-4bd4-a840-78cae5cdb36e,2025-02-05,ERP_CORPORATIVO,TRANSACOES_FINANCEIRAS,29341,dec96776e4483586a3dfb902ed4654c43c82e607fc2f32e903c2974e7d097a65
TR-29342,2025-01-15,2025-01-01,COMP,1000147,RECEITA,1833.7708352959048,1833.7708352959048,BRL,Consultoria estratégica para área COMP,12,PIX,PAGO,58be6bc5-0a1f-4bd4-a840-78cae5cdb36e,2025-02-05,ERP_CORPORATIVO,TRANSACOES_FINANCEIRAS,29342,79b950ce0e739ddc94757c4775d24324df1cdc35b19fa8bb8aaddcdc38b4a5b0
TR-29343,2025-01-02,2025-01-01,OP,1000147,DESPESA,3769.2013560859873,3769.2013560859873,BRL,Contrato de SaaS vinculado a OP,27,PIX,PAGO,58be6bc5-0a1f-4bd4-a840-78cae5cdb36e,2025-02-05,ERP_CORPORATIVO,TRANSACOES_FINANCEIRAS,29343,787ae51ce3ff7f0094b48276679f6305bdd1fe374bd44a7d695daa83d8e80d11
TR-29344,2025-01-09,2025-01-01,OP,1000147,RECEITA,3349.9954550411135,3349.9954550411135,BRL,Contrato de consultoria externa - OP,12,PIX,CANCELADO,58be6bc5-0a1f-4bd4-a840-78cae5cdb36e,2025-02-05,ERP_CORPORATIVO,TRANSACOES_FINANCEIRAS,29344,0de5da329aa0ddca6ef99e8698d013938a5293e2d3cc1369167cdc7a242c8d47
TR-29345,2025-01-20,2025-01-01,FIN,1000147,RECEITA,4010.8044025396525,3919.144739291448,BRL,Honorários profissionais contratados por FIN,11,BOLETO,PAGO,58be6bc5-0a1f-4bd4-a840-78cae5cdb36e,2025-02-05,ERP_CORPORATIVO,TRANSACOES_FINANCEIRAS,29345,1ac2784a2bd76a5dedd69e5b50550c29322c50385b3088cb3e399fd56be4cef3
TR-29346,2025-01-15,2025-01-01,FIN,1000147,DESPESA,12325.473850665112,12325.473850665112,BRL,Serviço especializado solicitado por FIN,1,PIX,PAGO,58be6bc5-0a1f-4bd4-a840-78cae5cdb36e,2025-02-05,ERP_CORPORATIVO,TRANSACOES_FINANCEIRAS,29346,688b9740a082f2f152d2be5a062520cea0e6629c6b96c88edee6f8c0ef9d039c
TR-29347,2025-01-21,2025-01-01,FIN,1000147,DESPESA,3824.429808892872,3779.9103704038484,BRL,Assessoria legal vinculada à área FIN,7,BOLETO,PAGO,58be6bc5-0a1f-4bd4-a840-78cae5cdb36e,2025-02-05,ERP_CORPORATIVO,TRANSACOES_FINANCEIRAS,29347,363391f337042b230a5aff577e3d16f899d4b634212b0a37b07a4cccf0a27977
TR-29348,2025-01-13,2025-01-01,COMP,1000147,DESPESA,3319.853278358163,3255.85251488633,BRL,Promoção e atividade externa - COMP,14,BOLETO,ATRASADO,58be6bc5-0a1f-4bd4-a840-78cae5cdb36e,2025-02-05,ERP_CORPORATIVO,TRANSACOES_FINANCEIRAS,29348,34da9e5c729a011500371d0341f1032e3eae85b723645ecc697390fe7833efc0
TR-29349,2025-01-27,2025-01-01,JUR,1000147,DESPESA,3387.334502381407,3387.334502381407,BRL,Honorários jurídicos - JUR,7,TRANSFERENCIA,PAGO,58be6bc5-0a1f-4bd4-a840-78cae5cdb36e,2025-02-05,ERP_CORPORATIVO,TRANSACOES_FINANCEIRAS,29349,eec12cf688e7caa38c2c503311eb6c333f08d882cd7e66fd062fc5ef87c7df35
TR-29350,2025-01-06,2025-01-01,OP,1000147,DESPESA,3729.0091820957687,3729.0091820957687,BRL,Reparo de frota vinculado à área OP,17,PIX,CANCELADO,58be6bc5-0a1f-4bd4-a840-78cae5cdb36e,2025-02-05,ERP_CORPORATIVO,TRANSACOES_FINANCEIRAS,29350,f672321a6817d2f82a5fb0110987d8f7117c230a9b051aedbea1d3da8d825623
TR-29351,2025-01-23,2025-01-01,TI,1000147,DESPESA,3590.132026136128,3426.765273829387,BRL,Investimento em marketing corporativo (TI),4,BOLETO,PAGO,58be6bc5-0a1f-4bd4-a840-78cae5cdb36e,2025-02-05,ERP_CORPORATIVO,TRANSACOES_FINANCEIRAS,29351,34af064bf77bc2538954a650e2bc84759022c38ecfef0f56e245806da6291320
TR-29352,2025-01-17,2025-01-01,ATD,1000147,RECEITA,3721.0552783150524,3721.0552783150524,BRL,Despesa operacional - ATD,8,BOLETO,ATRASADO,58be6bc5-0a1f-4bd4-a840-78cae5cdb36e,2025-02-05,ERP_CORPORATIVO,TRANSACOES_FINANCEIRAS,29352,214177a191c5bcd16ee4ea1e8f4083ee8f9cdd1b26333becffdb3ef46ea8a277
TR-29353,2025-01-22,2025-01-01,LOG,1000147,RECEITA,4281.030473716216,4281.030473716216,BRL,Campanha institucional - LOG,4,TRANSFERENCIA,PAGO,58be6bc5-0a1f-4bd4-a840-78cae5cdb36e,2025-02-05,ERP_CORPORATIVO,TRANSACOES_FINANCEIRAS,29353,91d96f5c6a5b3ce60206ab89e81586a55f419d45e62cffb312779d062a198c6c
TR-29638,2025-01-20,2025-01-01,FIN,ACC-00149,DESPESA,4077.9047060713483,4077.9047060713483,BRL,Abastecimento de veículos - FIN,16,PIX,PAGO,58be6bc5-0a1f-4bd4-a840-78cae5cdb36e,2025-02-05,ERP_CORPORATIVO,TRANSACOES_FINANCEIRAS,29638,2b36c1608af8d2da2d864701f20e3e6ff2cae984a2662d2d2accb7a2d5e18ca1
TR-29639,2025-01-20,2025-01-01,FIN,ACC-00149,RECEITA,3694.6147261682995,3625.5349485041875,BRL,Serviço especializado solicitado por FIN,1,PIX,PAGO,58be6bc5-0a1f-4bd4-a840-78cae5cdb36e,2025-02-05,ERP_CORPORATIVO,TRANSACOES_FINANCEIRAS,29639,c9ff571f9fe111a066248a8c96243fbffbe581a60cd36b402845f257391a027b
TR-29640,2025-01-15,2025-01-01,COM,ACC-00149,RECEITA,4829.6622147515745,4829.6622147515745,BRL,Compra de insumos para setor COM,2,TRANSFERENCIA,PAGO,58be6bc5-0a1f-4bd4-a840-78cae5cdb36e,2025-02-05,ERP_CORPORATIVO,TRANSACOES_FINANCEIRAS,29640,c7e8e8e11f5aae8c97c00296fea8b9fa1315d520ae2ff9a0fcdfc6d20ca61599
TR-29641,2025-01-13,2025-01-01,JUR,ACC-00149,DESPESA,4282.932855388654,4282.932855388654,BRL,Honorários jurídicos - JUR,7,BOLETO,PAGO,58be6bc5-0a1f-4bd4-a840-78cae5cdb36e,2025-02-05,ERP_CORPORATIVO,TRANSACOES_FINANCEIRAS,29641,33a1b2b00daa5c00e780f87fa25b0d2d01f28df1c37fd6553c12fefa0045fdb7
TR-29642,2025-01-20,2025-01-01,COM,ACC-00149,RECEITA,3826.8221954369797,3826.8221954369797,BRL,Viagem corporativa - COM,18,BOLETO,PAGO,58be6bc5-0a1f-4bd4-a840-78cae5cdb36e,2025-02-05,ERP_CORPORATIVO,TRANSACOES_FINANCEIRAS,29642,49daa5e1242ef184d6718d2ef95c348e55b8172d6ef2b3f8d7b8baec9a525fb3
TR-29643,2025-01-13,2025-01-01,OP,ACC-00149,RECEITA,9808.245871409548,9808.245871409548,BRL,Contrato de conectividade para área OP,9,TED,PAGO,58be6bc5-0a1f-4bd4-a840-78cae5cdb36e,2025-02-05,ERP_CORPORATIVO,TRANSACOES_FINANCEIRAS,29643,3b916b08f19244f47076a2c924f0aa3b0011d52618eb85656079e82f673e6767
TR-29644,2025-01-09,2025-01-01,CTB,ACC-00149,DESPESA,4136.522551366847,4136.522551366847,BRL,Despesa de RH - CTB,6,TRANSFERENCIA,CANCELADO,58be6bc5-0a1f-4bd4-a840-78cae5cdb36e,2025-02-05,ERP_CORPORATIVO,TRANSACOES_FINANCEIRAS,29644,b19881ac65e8848b7f42fe75c5e0253e12464b61e34547baeb1dd0618705823e
TR-29904,2025-01-21,2025-01-01,COMP,FORN-00150,DESPESA,3426.869998430288,3426.869998430288,BRL,Material de marketing solicitado por COMP,15,TED,PAGO,58be6bc5-0a1f-4bd4-a840-78cae5cdb36e,2025-02-05,ERP_CORPORATIVO,TRANSACOES_FINANCEIRAS,29904,bbe4baa1506a1461970846bf8e8850ecc62ed8795cd2047f8eb8ab52ae82d816
TR-29905,2025-01-10,2025-01-01,COM,FORN-00150,DESPESA,3093.5191141658015,3093.5191141658015,BRL,Promoção e atividade externa - COM,14,TRANSFERENCIA,PAGO,58be6bc5-0a1f-4bd4-a840-78cae5cdb36e,2025-02-05,ERP_CORPORATIVO,TRANSACOES_FINANCEIRAS,29905,dc2a0b6bda7aa3847d6d49f10d7b5c304501401dde8e0e2efe5cdb8241ba39db
TR-29906,2025-01-20,2025-01-01,COMP,FORN-00150,RECEITA,2821.13301825278,2821.13301825278,BRL,Serviço especializado solicitado por COMP,1,BOLETO,PAGO,58be6bc5-0a1f-4bd4-a840-78cae5cdb36e,2025-02-05,ERP_CORPORATIVO,TRANSACOES_FINANCEIRAS,29906,5429a65628cdb62db39a0866c88f41c3f6477eb15429faebd9d69f0ac16c1798
TR-29907,2025-01-27,2025-01-01,PRD,FORN-00150,DESPESA,2762.0345379456935,2698.0362964185197,BRL,Serviço de telefonia e internet - PRD,9,TRANSFERENCIA,PAGO,58be6bc5-0a1f-4bd4-a840-78cae5cdb36e,2025-02-05,ERP_CORPORATIVO,TRANSACOES_FINANCEIRAS,29907,fd5cfb251aebcda08c6be29e679bedb2c24969b58d30ab44a3d1667823f4810b
TR-29908,2025-01-13,2025-01-01,COMP,FORN-00150,DESPESA,2629.6783488769734,2519.7071846182016,BRL,Resultado de equivalência patrimonial - COMP,34,BOLETO,PAGO,58be6bc5-0a1f-4bd4-a840-78cae5cdb36e,2025-02-05,ERP_CORPORATIVO,TRANSACOES_FINANCEIRAS,29908,fceb46235dc7558fb2cb89c73bc4189d7965910c6fdb76dd1b62dea4d711dcf8
TR-29909,2025-01-24,2025-01-01,FIN,FORN-00150,RECEITA,2173.4947506938097,2147.0904945265697,BRL,Prestação de serviço para área FIN,1,PIX,PAGO,58be6bc5-0a1f-4bd4-a840-78cae5cdb36e,2025-02-05,ERP_CORPORATIVO,TRANSACOES_FINANCEIRAS,29909,579d6664302403f5d37710efb64d7b1e5ec9713b3000f4a75bf1b7d329c24c37
TR-29910,2025-01-06,2025-01-01,TI,FORN-00150,RECEITA,2754.620026613305,2719.286771238826,BRL,Serviço de telefonia e internet - TI,9,BOLETO,PAGO,58be6bc5-0a1f-4bd4-a840-78cae5cdb36e,2025-02-05,ERP_CORPORATIVO,TRANSACOES_FINANCEIRAS,29910,01a6989b4bbafeec0140b986eabb79db9016da9dc47744f6ae92664a744ba899
TR-29911,2025-01-14,2025-01-01,OP,FORN-00150,DESPESA,2604.53796684823,2569.2713307501836,BRL,Prestação de serviço para área OP,1,PIX,ATRASADO,58be6bc5-0a1f-4bd4-a840-78cae5cdb36e,2025-02-05,ERP_CORPORATIVO,TRANSACOES_FINANCEIRAS,29911,ed0405fb4803d86fbc262e16f43b69874d9b8547b8a3a5504b82b8272ac43342
TR-29912,2025-01-13,2025-01-01,VND,FORN-00150,DESPESA,2831.548993102137,2831.548993102137,BRL,Despesa operacional - VND,8,PIX,PAGO,58be6bc5-0a1f-4bd4-a840-78cae5cdb36e,2025-02-05,ERP_CORPORATIVO,TRANSACOES_FINANCEIRAS,29912,34196da813a16bf6f606ec4b82711f7ae08ab5c46527ed75792b83ca62dc42c8
TR-29913,2025-01-13,2025-01-01,OP,FORN-00150,RECEITA,2603.8928764324787,2603.8928764324787,BRL,Serviço especializado solicitado por OP,1,PIX,PAGO,58be6bc5-0a1f-4bd4-a840-78cae5cdb36e,2025-02-05,ERP_CORPORATIVO,TRANSACOES_FINANCEIRAS,29913,127e44a383d3120dbb80c9540031240883f6b85fd87be83cb3bd40c17b487102
TR-29914,2025-01-13,2025-01-01,TI,FORN-00150,DESPESA,2803.1367785226494,2803.1367785226494,BRL,Serviço de tecnologia contratado por TI,5,TRANSFERENCIA,ATRASADO,58be6bc5-0a1f-4bd4-a840-78cae5cdb36e,2025-02-05,ERP_CORPORATIVO,TRANSACOES_FINANCEIRAS,29914,e2ddb2ff0fea8a418799d9a821742c32941cb3461194d6a25bd3fe679a78e195
TR-29915,2025-01-15,2025-01-01,ATD,FORN-00150,DESPESA,3105.7030006202203,3105.7030006202203,USD,Passagem aérea para colaborador de ATD,18,TRANSFERENCIA,PAGO,58be6bc5-0a1f-4bd4-a840-78cae5cdb36e,2025-02-05,ERP_CORPORATIVO,TRANSACOES_FINANCEIRAS,29915,fd2fd6fff318676f9e6eb0966ec097ee6c9f6945d0a72b1bfb6d3ef058af3813
TR-29916,2025-01-13,2025-01-01,CPT,FORN-00150,RECEITA,2785.1566237364405,2719.3138722609656,BRL,Custo operacional associado a CPT,8,PIX,PAGO,58be6bc5-0a1f-4bd4-a840-78cae5cdb36e,2025-02-05,ERP_CORPORATIVO,TRANSACOES_FINANCEIRAS,29916,f283d9bea92c8d6b315ff98bd669450fb47d233d7dcaa4c3e2c813529edcdde2
TR-29917,2025-01-13,2025-01-01,ADM,FORN-00150,RECEITA,2459.6452074347944,2459.6452074347944,BRL,Serviço especializado solicitado por ADM,1,TRANSFERENCIA,PAGO,58be6bc5-0a1f-4bd4-a840-78cae5cdb36e,2025-02-05,ERP_CORPORATIVO,TRANSACOES_FINANCEIRAS,29917,57a215f7b22fa71a036fb9c4b905e5a51ff794b8843027ac1d01175ed904b73d
TR-29918,2025-01-14,2025-01-01,COM,FORN-00150,DESPESA,2523.269070826343,2523.269070826343,BRL,Contrato de SaaS vinculado a COM,27,TED,PAGO,58be6bc5-0a1f-4bd4-a840-78cae5cdb36e,2025-02-05,ERP_CORPORATIVO,TRANSACOES_FINANCEIRAS,29918,5dce51cbd02adbf5fbd1e17a813322a17095765f15530e6c7ebe10c9b32b3a0d
TR-29919,2025-01-10,2025-01-01,RH,FORN-00150,DESPESA,2937.9279317595738,2937.9279317595738,BRL,Manutenção estrutural vinculada à área RH,3,PIX,PAGO,58be6bc5-0a1f-4bd4-a840-78cae5cdb36e,2025-02-05,ERP_CORPORATIVO,TRANSACOES_FINANCEIRAS,29919,0dd0434845acd6c06f6020b61441985a38557103bf4ed8c4abf088861f8ef203
TR-30251,2025-01-13,2025-01-01,OP,FORN-00152,DESPESA,4807.4904427443935,4807.4904427443935,BRL,Contrato de serviço - setor OP,1,CARTAO,ATRASADO,58be6bc5-0a1f-4bd4-a840-78cae5cdb36e,2025-02-05,ERP_CORPORATIVO,TRANSACOES_FINANCEIRAS,30251,b60c47cd1636e6dc5272456bf5efcd0b635c0dd849c2af55980b5a420e48b99c
TR-30252,2025-01-14,2025-01-01,ADM,FORN-00152,DESPESA,5711.726837456497,5634.459813534692,BRL,Licenciamento de software - ADM,5,BOLETO,PAGO,58be6bc5-0a1f-4bd4-a840-78cae5cdb36e,2025-02-05,ERP_CORPORATIVO,TRANSACOES_FINANCEIRAS,30252,0ba1199ea0da4cda4d8f2e8364cf2604cd80187009b7c7664ca3fea71e475e84
TR-30253,2025-01-08,2025-01-01,RH,FORN-00152,DESPESA,6261.958895423481,6261.958895423481,BRL,Serviço de telefonia e internet - RH,9,TED,PAGO,58be6bc5-0a1f-4bd4-a840-78cae5cdb36e,2025-02-05,ERP_CORPORATIVO,TRANSACOES_FINANCEIRAS,30253,5159955f4d96e57900d296411b9d5b725b4addc9253608bc92d63bda11ad62c3
TR-30254,2025-01-09,2025-01-01,FIN,FORN-00152,DESPESA,15913.68081978166,15851.404983254193,BRL,Receita de aluguel creditada em FIN,31,PIX,ATRASADO,58be6bc5-0a1f-4bd4-a840-78cae5cdb36e,2025-02-05,ERP_CORPORATIVO,TRANSACOES_FINANCEIRAS,30254,71e9b2705d5141f828288ef49d2d42f8f394e4dd8ed3fbe9676efe49f1d8742a
TR-30255,2025-01-07,2025-01-01,COMP,FORN-00152,DESPESA,5468.462854328858,5385.923953853813,BRL,Despesa operacional - COMP,8,CARTAO,ATRASADO,58be6bc5-0a1f-4bd4-a840-78cae5cdb36e,2025-02-05,ERP_CORPORATIVO,TRANSACOES_FINANCEIRAS,30255,c56f2a79bb676c42945936325c114284319254b94808a035562fd65643ce55b8
TR-30457,2025-01-02,2025-01-01,OP,FORN-00153,DESPESA,4800.950515889796,4800.950515889796,BRL,Treinamento corporativo para equipe OP,30,TED,PAGO,58be6bc5-0a1f-4bd4-a840-78cae5cdb36e,2025-02-05,ERP_CORPORATIVO,TRANSACOES_FINANCEIRAS,30457,71a363e08342d01d1dd281dc16cb18c05240f4f46bccd018d9180ffd6afff1f1
TR-30458,2025-01-16,2025-01-01,FIN,FORN-00153,DESPESA,4496.145108537065,4496.145108537065,BRL,Prestação de serviço para área FIN,1,TED,PAGO,58be6bc5-0a1f-4bd4-a840-78cae5cdb36e,2025-02-05,ERP_CORPORATIVO,TRANSACOES_FINANCEIRAS,30458,4ff2bdacb4719219dc8781fac5debcc38090ef9bcd9fb07f894573a4cab4fb79
TR-30459,2025-01-15,2025-01-01,MKT,FORN-00153,RECEITA,4985.610903146976,4985.610903146976,BRL,Serviço de tecnologia contratado por MKT,5,BOLETO,PAGO,58be6bc5-0a1f-4bd4-a840-78cae5cdb36e,2025-02-05,ERP_CORPORATIVO,TRANSACOES_FINANCEIRAS,30459,8a784190933f02eb0581e448375d9c9d5eed59d4bf7925851b6db7522c44cf52
TR-30460,2025-01-28,2025-01-01,ADM,FORN-00153,RECEITA,4408.284071140749,4408.284071140749,BRL,Serviço de tecnologia contratado por ADM,5,TRANSFERENCIA,PAGO,58be6bc5-0a1f-4bd4-a840-78cae5cdb36e,2025-02-05,ERP_CORPORATIVO,TRANSACOES_FINANCEIRAS,30460,0be53169a0f81ee0cac0cf40d08129e64d00519d08fca1da10b18f4c57a36523
TR-30461,2025-01-20,2025-01-01,LOG,FORN-00153,DESPESA,3946.8949834274886,3946.8949834274886,BRL,Manutenção de equipamentos de LOG,28,BOLETO,PAGO,58be6bc5-0a1f-4bd4-a840-78cae5cdb36e,2025-02-05,ERP_CORPORATIVO,TRANSACOES_FINANCEIRAS,30461,75b9160b9f8f8266a5c5ab84e412094d849f84cab9c0af0747ad15e3b50a16e3
TR-30462,2025-01-13,2025-01-01,PRD,FORN-00153,DESPESA,4484.148535197169,4484.148535197169,BRL,Contrato de serviço - setor PRD,1,BOLETO,PAGO,58be6bc5-0a1f-4bd4-a840-78cae5cdb36e,2025-02-05,ERP_CORPORATIVO,TRANSACOES_FINANCEIRAS,30462,20086350ada8c6f54db9564e8a63246a6b21db7dfcd3e7aa1309a6731c5d4e8f
TR-30463,2025-01-14,2025-01-01,ESG,FORN-00153,RECEITA,15914.243784108472,15914.243784108472,BRL,Contrato de consultoria externa - ESG,12,BOLETO,PAGO,58be6bc5-0a1f-4bd4-a840-78cae5cdb36e,2025-02-05,ERP_CORPORATIVO,TRANSACOES_FINANCEIRAS,30463,7204fcec33edc5e0fc9a55b7c0daa50f5af2ad6a2a036d6f005e4e81e145c4c8
TR-30464,2025-01-06,2025-01-01,CPT,FORN-00153,DESPESA,5120.054178589604,5065.649603878086,BRL,Propaganda e divulgação para área CPT,13,CARTAO,PAGO,58be6bc5-0a1f-4bd4-a840-78cae5cdb36e,2025-02-05,ERP_CORPORATIVO,TRANSACOES_FINANCEIRAS,30464,62046bc5fa0dbe25102de68337bf78690d4a00cf6d0c6dd9c79d0d1cc5d10670
TR-30465,2025-01-08,2025-01-01,OP,FORN-00153,DESPESA,4711.330244818256,4711.330244818256,BRL,Contrato de SaaS vinculado a OP,27,BOLETO,PAGO,58be6bc5-0a1f-4bd4-a840-78cae5cdb36e,2025-02-05,ERP_CORPORATIVO,TRANSACOES_FINANCEIRAS,30465,c80fae293ea9632705fc4e0c0ccd5c22db1575efb92e4b4c24538881b5b28a27
TR-30466,2025-01-20,2025-01-01,ATD,FORN-00153,DESPESA,13107.7424794723,13107.7424794723,BRL,Serviço de tecnologia contratado por ATD,5,TRANSFERENCIA,PAGO,58be6bc5-0a1f-4bd4-a840-78cae5cdb36e,2025-02-05,ERP_CORPORATIVO,TRANSACOES_FINANCEIRAS,30466,36b46aca261794aa6e9b423792f3abdc21f0ecef90833f9a530dfe8a399dcab9
TR-30467,2025-01-20,2025-01-01,RH,FORN-00153,RECEITA,4507.4887420622645,4507.4887420622645,BRL,Manutenção estrutural vinculada à área RH,3,TRANSFERENCIA,PAGO,58be6bc5-0a1f-4bd4-a840-78cae5cdb36e,2025-02-05,ERP_CORPORATIVO,TRANSACOES_FINANCEIRAS,30467,7f75736eb060bf6095495ea9c91c113bcd67cda8e8b115642488c91a43edcbb6
TR-30468,2025-01-13,2025-01-01,MKT,FORN-00153,RECEITA,4825.50161782773,4704.008989432132,BRL,Despesa de infraestrutura - MKT,3,BOLETO,ATRASADO,58be6bc5-0a1f-4bd4-a840-78cae5cdb36e,2025-02-05,ERP_CORPORATIVO,TRANSACOES_FINANCEIRAS,30468,41b0806f11a2b790c9ec7e0eb12c55efee910c6f327d6865551a0a0109b837c1
TR-30469,2025-01-17,2025-01-01,ADM,FORN-00153,DESPESA,5136.697766248311,5136.697766248311,BRL,Serviço especializado solicitado por ADM,1,TRANSFERENCIA,ATRASADO,58be6bc5-0a1f-4bd4-a840-78cae5cdb36e,2025-02-05,ERP_CORPORATIVO,TRANSACOES_FINANCEIRAS,30469,33ab2ca3df24d4c3ae4b8706db76a2dbdd8d474cbb7fab45cd8d0f7d4be81462
TR-30470,2025-01-16,2025-01-01,OP,FORN-00153,DESPESA,5223.507811175881,5223.507811175881,BRL,Alimentação em viagem corporativa - OP,20,PIX,PAGO,58be6bc5-0a1f-4bd4-a840-78cae5cdb36e,2025-02-05,ERP_CORPORATIVO,TRANSACOES_FINANCEIRAS,30470,94462dd23400d7f66ea5fb5d11c9cfa040eefbc5d5742d912d94a48194adcc0a
TR-30471,2025-01-10,2025-01-01,FIN,FORN-00153,DESPESA,12539.013399944864,12424.097121272574,BRL,Viagem corporativa - FIN,18,CARTAO,PAGO,58be6bc5-0a1f-4bd4-a840-78cae5cdb36e,2025-02-05,ERP_CORPORATIVO,TRANSACOES_FINANCEIRAS,30471,ac574219dc8d3cb79b3790a7ebb6e13fd5a1a2af38b35b04b4ccf88fd188617c
TR-30669,2025-01-06,2025-01-01,COM,ACC-00154,DESPESA,14670.94236632417,14670.94236632417,BRL,Despesa de infraestrutura - COM,3,CARTAO,PAGO,58be6bc5-0a1f-4bd4-a840-78cae5cdb36e,2025-02-05,ERP_CORPORATIVO,TRANSACOES_FINANCEIRAS,30669,8ea16473011858d8fef1e7262ea6467d7804635c04183d208b59a41fdbf58b6b
TR-30670,2025-01-21,2025-01-01,CPT,ACC-00154,DESPESA,14043.984642197653,14043.984642197653,BRL,Serviço de tecnologia contratado por CPT,5,CARTAO,PAGO,58be6bc5-0a1f-4bd4-a840-78cae5cdb36e,2025-02-05,ERP_CORPORATIVO,TRANSACOES_FINANCEIRAS,30670,845b43e73cd69acce2e6394e5668830e6c8b6bd571cb6749dc31e977b7b2a96c
TR-30671,2025-01-07,2025-01-01,QAS,ACC-00154,RECEITA,13928.205517006776,13928.205517006776,BRL,Licença de software para área QAS,27,PIX,PAGO,58be6bc5-0a1f-4bd4-a840-78cae5cdb36e,2025-02-05,ERP_CORPORATIVO,TRANSACOES_FINANCEIRAS,30671,a78af509a4417cb989c93f2adad93668089ecac25f76a070e862e45cd3a18bd9
TR-30673,2025-01-14,2025-01-01,COMP,ACC-00154,DESPESA,10922.151435348249,10922.151435348249,BRL,Serviço especializado solicitado por COMP,1,TED,PAGO,58be6bc5-0a1f-4bd4-a840-78cae5cdb36e,2025-02-05,ERP_CORPORATIVO,TRANSACOES_FINANCEIRAS,30673,572a5ca23b02793d7eaa78ef011a8cc5ca024c5aa91e37dc19a2bcbcb67385b0
TR-30896,2025-01-15,2025-01-01,RH,1000155,DESPESA,2086.4705189107053,2035.6660296176499,BRL,Aquisição de material operacional - RH,2,BOLETO,PAGO,58be6bc5-0a1f-4bd4-a840-78cae5cdb36e,2025-02-05,ERP_CORPORATIVO,TRANSACOES_FINANCEIRAS,30896,37f151d9a160c63b480001545ab14eaa321dc77f087aef28c75cae2b672ca97a
TR-30897,2025-01-10,2025-01-01,QAS,1000155,RECEITA,1716.2014547431565,1716.2014547431565,BRL,Despesa operacional - QAS,8,PIX,PAGO,58be6bc5-0a1f-4bd4-a840-78cae5cdb36e,2025-02-05,ERP_CORPORATIVO,TRANSACOES_FINANCEIRAS,30897,8bf421dc053ccdc99fefdf48cce25bc2dcd44e792e63a35588f709b19cfc0689
TR-30898,2025-01-20,2025-01-01,COMP,1000155,RECEITA,1922.3725371211067,1922.3725371211067,BRL,Aquisição de material operacional - COMP,2,CARTAO,ATRASADO,58be6bc5-0a1f-4bd4-a840-78cae5cdb36e,2025-02-05,ERP_CORPORATIVO,TRANSACOES_FINANCEIRAS,30898,3c334122c5abee84d0dfe7f38b3cb4bab3c601ae332531e259b9dcdb9df4b216
TR-30899,2025-01-20,2025-01-01,RH,1000155,DESPESA,1968.2499339678566,1968.2499339678566,BRL,Serviço relacionado a recursos humanos (RH),6,TRANSFERENCIA,PAGO,58be6bc5-0a1f-4bd4-a840-78cae5cdb36e,2025-02-05,ERP_CORPORATIVO,TRANSACOES_FINANCEIRAS,30899,6d2cf4fc9af24c30836dbfb83bc3805ece5535e592ad3ef77cce18663fcde3c1
TR-30900,2025-01-14,2025-01-01,PRD,1000155,DESPESA,1532.8704420415706,1532.8704420415706,BRL,Contrato de serviço - setor PRD,1,BOLETO,CANCELADO,58be6bc5-0a1f-4bd4-a840-78cae5cdb36e,2025-02-05,ERP_CORPORATIVO,TRANSACOES_FINANCEIRAS,30900,d26ee46be08b133f25574dfa2bbe178dd8682e01176acc443edf8f26b7c3fbe7
TR-30901,2025-01-20,2025-01-01,RH,1000155,DESPESA,1880.9633762209228,1880.9633762209228,BRL,Doação recebida em favor de RH,36,TED,PAGO,58be6bc5-0a1f-4bd4-a840-78cae5cdb36e,2025-02-05,ERP_CORPORATIVO,TRANSACOES_FINANCEIRAS,30901,ef3437445dfed334116d487821241661ffd5d45de25188684217cc8a5d6934b9
TR-30902,2025-01-27,2025-01-01,MKT,1000155,RECEITA,2061.9569096196615,2061.9569096196615,BRL,Compra de insumos para setor MKT,2,TRANSFERENCIA,PAGO,58be6bc5-0a1f-4bd4-a840-78cae5cdb36e,2025-02-05,ERP_CORPORATIVO,TRANSACOES_FINANCEIRAS,30902,5e66c4e6c6746237a2e5d1ba24edfb81f80987703c794a8219c50f07d5bc7b1a
TR-30903,2025-01-06,2025-01-01,FIN,1000155,DESPESA,1816.4433096017788,1816.4433096017788,BRL,Serviço de tecnologia contratado por FIN,5,CARTAO,PAGO,58be6bc5-0a1f-4bd4-a840-78cae5cdb36e,2025-02-05,ERP_CORPORATIVO,TRANSACOES_FINANCEIRAS,30903,9c0e1669e8724b05d9175e8a9e1e78491bd48dc9c3a4653f6477661caef44155
TR-30904,2025-01-23,2025-01-01,COMP,1000155,RECEITA,1990.117701322687,1990.117701322687,BRL,Manutenção estrutural vinculada à área COMP,3,TED,PAGO,58be6bc5-0a1f-4bd4-a840-78cae5cdb36e,2025-02-05,ERP_CORPORATIVO,TRANSACOES_FINANCEIRAS,30904,70a841694d2b1bcb3d2742605af861c6345282f6dc47862b0a74366a5c114d45
TR-30905,2025-01-14,2025-01-01,TI,1000155,DESPESA,1699.7648398085792,1699.7648398085792,BRL,Honorários profissionais contratados por TI,11,BOLETO,PAGO,58be6bc5-0a1f-4bd4-a840-78cae5cdb36e,2025-02-05,ERP_CORPORATIVO,TRANSACOES_FINANCEIRAS,30905,6e87215ca4183d01dc041c79741b7d48c075c1f2745c6222edcbd0e88c9c36a9
TR-31348,2025-01-09,2025-01-01,PJT,FORN-00158,RECEITA,4904.1544023794,4843.350100144021,BRL,Royalties recebidos por PJT,32,BOLETO,ATRASADO,58be6bc5-0a1f-4bd4-a840-78cae5cdb36e,2025-02-05,ERP_CORPORATIVO,TRANSACOES_FINANCEIRAS,31348,d3b593719d467db5d38c9877405bfe6134e504b241dd4140ea94d48a64ee6e3e
TR-31349,2025-01-13,2025-01-01,ADM,FORN-00158,RECEITA,1807.5902758202399,1807.5902758202399,BRL,Venda de ativo imobilizado por ADM,35,BOLETO,PAGO,58be6bc5-0a1f-4bd4-a840-78cae5cdb36e,2025-02-05,ERP_CORPORATIVO,TRANSACOES_FINANCEIRAS,31349,0d1550dc7f35cecf93ee5db15bfd0626d37809fa304383e337fa23c07e18db09
TR-31350,2025-01-15,2025-01-01,OP,FORN-00158,DESPESA,1673.331568595467,1673.331568595467,BRL,Alimentação em viagem corporativa - OP,20,TRANSFERENCIA,CANCELADO,58be6bc5-0a1f-4bd4-a840-78cae5cdb36e,2025-02-05,ERP_CORPORATIVO,TRANSACOES_FINANCEIRAS,31350,554ce3613605e75198106f0f0c86a371d65bd9ade6c45d0f0a63acd6a9f958b7
TR-31351,2025-01-21,2025-01-01,RH,FORN-00158,DESPESA,1614.1564542073572,1614.1564542073572,USD,Compra de insumos para setor RH,2,TRANSFERENCIA,PAGO,58be6bc5-0a1f-4bd4-a840-78cae5cdb36e,2025-02-05,ERP_CORPORATIVO,TRANSACOES_FINANCEIRAS,31351,dd6b7580fdcc8d219564caf327f19542ec760f865d15e39cb3f181d74a700f7b
TR-31352,2025-01-20,2025-01-01,ADM,FORN-00158,DESPESA,1985.0087128680616,1931.185605124111,BRL,Aquisição de material operacional - ADM,2,TED,PAGO,58be6bc5-0a1f-4bd4-a840-78cae5cdb36e,2025-02-05,ERP_CORPORATIVO,TRANSACOES_FINANCEIRAS,31352,c1291e82c9313f0fb4c5738ae1a5ee04c1303b5483e6fde3cb40a0422d8572a4
TR-31353,2025-01-20,2025-01-01,LOG,FORN-00158,DESPESA,1733.9127013612965,1733.9127013612965,BRL,Publicidade institucional - LOG,13,PIX,CANCELADO,58be6bc5-0a1f-4bd4-a840-78cae5cdb36e,2025-02-05,ERP_CORPORATIVO,TRANSACOES_FINANCEIRAS,31353,b8f54d27e09a4b64102ba0fec29aad5e153bde8ca1e1b24e5e68720decb8ab32
TR-31354,2025-01-03,2025-01-01,ESG,FORN-00158,DESPESA,1563.6271527133995,1563.6271527133995,BRL,Manutenção estrutural vinculada à área ESG,3,PIX,PAGO,58be6bc5-0a1f-4bd4-a840-78cae5cdb36e,2025-02-05,ERP_CORPORATIVO,TRANSACOES_FINANCEIRAS,31354,a4d4a20302df21594ca454a07c4dc662ee34250f1a1180d6e4106bfa63a03c8e
TR-31355,2025-01-22,2025-01-01,FIN,FORN-00158,DESPESA,1548.6972374323868,1529.4746542905314,BRL,Serviço relacionado a recursos humanos (FIN),6,PIX,PAGO,58be6bc5-0a1f-4bd4-a840-78cae5cdb36e,2025-02-05,ERP_CORPORATIVO,TRANSACOES_FINANCEIRAS,31355,28ed726daaf4dacf0330540803ab47defe3d6c930e6ac4bc3e0e0d33bf214f99
TR-31356,2025-01-10,2025-01-01,OP,FORN-00158,RECEITA,1764.7575901110772,1764.7575901110772,BRL,Custo operacional associado a OP,8,BOLETO,PAGO,58be6bc5-0a1f-4bd4-a840-78cae5cdb36e,2025-02-05,ERP_CORPORATIVO,TRANSACOES_FINANCEIRAS,31356,8be71021f5b376621d58fed28170cc52667826d251ca49fcd44e1b1ec5caa696
TR-31357,2025-01-13,2025-01-01,RH,FORN-00158,DESPESA,1652.1753518581509,1652.1753518581509,BRL,Custo operacional associado a RH,8,BOLETO,PAGO,58be6bc5-0a1f-4bd4-a840-78cae5cdb36e,2025-02-05,ERP_CORPORATIVO,TRANSACOES_FINANCEIRAS,31357,cd1dd3eed96a5d20e768abda51673ecb2ab581228871bca73ab3997c7ebcab7f
TR-31609,2025-01-27,2025-01-01,JUR,1000159,DESPESA,2690.480037243981,2690.480037243981,BRL,Prestação de serviço para área JUR,1,BOLETO,ATRASADO,58be6bc5-0a1f-4bd4-a840-78cae5cdb36e,2025-02-05,ERP_CORPORATIVO,TRANSACOES_FINANCEIRAS,31609,91fd1582f9b55e22ee6bd054dbd912587ae1abe8dc598551008d5cab7da34585
TR-31610,2025-01-10,2025-01-01,COM,1000159,RECEITA,6553.883777475501,6519.923124776544,BRL,Assessoria contábil prestada a COM,25,PIX,PAGO,58be6bc5-0a1f-4bd4-a840-78cae5cdb36e,2025-02-05,ERP_CORPORATIVO,TRANSACOES_FINANCEIRAS,31610,01fa3b02859bbec7b0e3d0e55500ec3d858ad0f4ac553fc194bf71147f9068e5
TR-31611,2025-01-16,2025-01-01,JUR,1000159,DESPESA,2208.217748876304,2208.217748876304,BRL,Custo operacional associado a JUR,8,BOLETO,PAGO,58be6bc5-0a1f-4bd4-a840-78cae5cdb36e,2025-02-05,ERP_CORPORATIVO,TRANSACOES_FINANCEIRAS,31611,bd90aad9eaa36f6620d239a7355248084d96f0c45581c884d836744351eadeee
TR-31612,2025-01-10,2025-01-01,COM,1000159,DESPESA,2122.282968561038,2095.534113401085,BRL,Contrato de SaaS vinculado a COM,27,TRANSFERENCIA,PAGO,58be6bc5-0a1f-4bd4-a840-78cae5cdb36e,2025-02-05,ERP_CORPORATIVO,TRANSACOES_FINANCEIRAS,31612,0bf28cbee1dd323b1f72398cbaea2002bf5acf6fe45870568f61c35d4857e8d3
TR-31613,2025-01-16,2025-01-01,OP,1000159,RECEITA,2397.140266723046,2397.140266723046,BRL,Recebimento de subvenção - OP,36,CARTAO,PAGO,58be6bc5-0a1f-4bd4-a840-78cae5cdb36e,2025-02-05,ERP_CORPORATIVO,TRANSACOES_FINANCEIRAS,31613,5cdbf69383bddca1cf8fc0ae06ca9699c7ee95fa4c94fdedaef4c4920871d77b
TR-31614,2025-01-13,2025-01-01,VND,1000159,RECEITA,1884.5938161206138,1831.714073631365,BRL,Capacitação profissional vinculada a VND,30,TED,PAGO,58be6bc5-0a1f-4bd4-a840-78cae5cdb36e,2025-02-05,ERP_CORPORATIVO,TRANSACOES_FINANCEIRAS,31614,49ed009068e0c8a4f9b59d75ecad8cd3235825dd27e0ce157f95da02368617eb
TR-31615,2025-01-22,2025-01-01,OP,1000159,RECEITA,839.1146103136907,763.1773046477873,BRL,Publicidade institucional - OP,13,TRANSFERENCIA,ATRASADO,58be6bc5-0a1f-4bd4-a840-78cae5cdb36e,2025-02-05,ERP_CORPORATIVO,TRANSACOES_FINANCEIRAS,31615,b323dad138412d5d80e63866d97b2820e8a3f92614d003f1019b6c469defd7ef
TR-31616,2025-01-21,2025-01-01,COM,1000159,RECEITA,2338.74049893446,2338.74049893446,BRL,Investimento em marketing corporativo (COM),4,BOLETO,ATRASADO,58be6bc5-0a1f-4bd4-a840-78cae5cdb36e,2025-02-05,ERP_CORPORATIVO,TRANSACOES_FINANCEIRAS,31616,52097619da84e664aa4064d94fae2588cf40eff894483b97e79c9a41383f2495
TR-31617,2025-01-20,2025-01-01,JUR,1000159,RECEITA,2134.3293388751554,2112.393718542873,BRL,Serviço especializado solicitado por JUR,1,PIX,PAGO,58be6bc5-0a1f-4bd4-a840-78cae5cdb36e,2025-02-05,ERP_CORPORATIVO,TRANSACOES_FINANCEIRAS,31617,b86efb31c74def4f2f8344e18dd2fb6c55153d5bda2f0b053f010e3f38d3aa40
TR-31618,2025-01-16,2025-01-01,COM,1000159,DESPESA,2176.1687898856785,2176.1687898856785,BRL,Alimentação em viagem corporativa - COM,20,BOLETO,PAGO,58be6bc5-0a1f-4bd4-a840-78cae5cdb36e,2025-02-05,ERP_CORPORATIVO,TRANSACOES_FINANCEIRAS,31618,a0e3fbd8a2ca804034b8bbf6eefc7625113f129609f7c2b9a40a5e6a0ef8da00
TR-31619,2025-01-20,2025-01-01,PES,1000159,DESPESA,2508.290398968024,2508.290398968024,BRL,Devolução de venda processada por PES,39,BOLETO,PAGO,58be6bc5-0a1f-4bd4-a840-78cae5cdb36e,2025-02-05,ERP_CORPORATIVO,TRANSACOES_FINANCEIRAS,31619,000b2c32873da7eabf9c5d8a4eceac588b4db008fe3b7979453e6c13f52e5ee0
TR-31620,2025-01-24,2025-01-01,FIN,1000159,RECEITA,2258.692311133601,2258.692311133601,BRL,Viagem corporativa - FIN,18,TED,PAGO,58be6bc5-0a1f-4bd4-a840-78cae5cdb36e,2025-02-05,ERP_CORPORATIVO,TRANSACOES_FINANCEIRAS,31620,3e3ed00e037fed3771a26914308eb508b0aa78f929f0aa10af4fa13ea67892c9
TR-31621,2025-01-06,2025-01-01,COMP,1000159,DESPESA,2559.8080319218025,2559.8080319218025,BRL,Serviço especializado solicitado por COMP,1,PIX,ATRASADO,58be6bc5-0a1f-4bd4-a840-78cae5cdb36e,2025-02-05,ERP_CORPORATIVO,TRANSACOES_FINANCEIRAS,31621,5e686e098e6a05c349e242805806f49b3d1109f0c0c507b3630a0de53d4c2608
TR-31622,2025-01-06,2025-01-01,PRD,1000159,RECEITA,2675.665868305051,2675.665868305051,BRL,Serviço especializado solicitado por PRD,1,TRANSFERENCIA,ATRASADO,58be6bc5-0a1f-4bd4-a840-78cae5cdb36e,2025-02-05,ERP_CORPORATIVO,TRANSACOES_FINANCEIRAS,31622,0db1f446cd537dc78908fcd88b5411139138c6e64d11629ac2d196b93975d60e
TR-31623,2025-01-07,2025-01-01,JUR,1000159,DESPESA,2395.3549456287965,2313.686532986358,BRL,Serviço relacionado a recursos humanos (JUR),6,PIX,PAGO,58be6bc5-0a1f-4bd4-a840-78cae5cdb36e,2025-02-05,ERP_CORPORATIVO,TRANSACOES_FINANCEIRAS,31623,67a526384673787f4a2c6a297b6269b9c46de6e1a73460c7bf7d6019136def16
TR-31634,2025-01-31,2025-01-01,PES,1000159,DESPESA,2550.4598252316023,2550.4598252316023,BRL,Renovação de certificados digitais - PES,26,PIX,PAGO,58be6bc5-0a1f-4bd4-a840-78cae5cdb36e,2025-02-05,ERP_CORPORATIVO,TRANSACOES_FINANCEIRAS,31634,b03d212e3af7773212cd3e340263166c8fe5f22bf75a218b19e438920814b6ee
TR-31930,2025-01-21,2025-01-01,COM,ACC-00161,DESPESA,1317.1395021633768,1317.1395021633768,BRL,Contrato de serviço - setor COM,1,TED,PAGO,58be6bc5-0a1f-4bd4-a840-78cae5cdb36e,2025-02-05,ERP_CORPORATIVO,TRANSACOES_FINANCEIRAS,31930,a38b8bdccba0216f01a7092df94f76f13dd90714921916f604370e39ac3994fd
TR-31931,2025-01-13,2025-01-01,TI,ACC-00161,DESPESA,1452.1496708854029,1404.3675393006802,BRL,Despesa de RH - TI,6,BOLETO,PAGO,58be6bc5-0a1f-4bd4-a840-78cae5cdb36e,2025-02-05,ERP_CORPORATIVO,TRANSACOES_FINANCEIRAS,31931,e98549cae7d38a46a503a71bfd16a2366e30595944bacf54f570b37ae31f54d8
TR-31932,2025-01-21,2025-01-01,OP,ACC-00161,RECEITA,1334.4715450048584,1334.4715450048584,USD,Juros sobre operação financeira - OP,23,TED,PAGO,58be6bc5-0a1f-4bd4-a840-78cae5cdb36e,2025-02-05,ERP_CORPORATIVO,TRANSACOES_FINANCEIRAS,31932,b7b82fcb0b19546aa8e7e593aafba5a092e2d3efbeacc41005ef764f87c6b491
TR-31933,2025-01-10,2025-01-01,PJT,ACC-00161,RECEITA,1297.979042877418,1234.975862272904,BRL,Propaganda e divulgação para área PJT,13,BOLETO,PAGO,58be6bc5-0a1f-4bd4-a840-78cae5cdb36e,2025-02-05,ERP_CORPORATIVO,TRANSACOES_FINANCEIRAS,31933,a743b1398596aa6174661b563a1257217ae3b22b3420b37b948d7d332155fe46
TR-31934,2025-01-13,2025-01-01,MKT,ACC-00161,DESPESA,1369.3054387475456,1302.938689074537,BRL,Certificado digital adquirido por MKT,26,TRANSFERENCIA,PAGO,58be6bc5-0a1f-4bd4-a840-78cae5cdb36e,2025-02-05,ERP_CORPORATIVO,TRANSACOES_FINANCEIRAS,31934,9dc35a2090347a206d6e6000797c5ba6a0136f93a54b9d8fe76e4b66e82af430
TR-31935,2025-01-06,2025-01-01,COMP,ACC-00161,RECEITA,1419.5142422641734,1419.5142422641734,BRL,Licenciamento de software - COMP,5,PIX,ATRASADO,58be6bc5-0a1f-4bd4-a840-78cae5cdb36e,2025-02-05,ERP_CORPORATIVO,TRANSACOES_FINANCEIRAS,31935,1fab34c29a8ce0b19b9aebe4b55f740e9a1a34035e13a116577679459cf4a2db
TR-31936,2025-01-15,2025-01-01,FIN,ACC-00161,DESPESA,1576.900593983603,1576.900593983603,BRL,Compra de insumos para setor FIN,2,PIX,PAGO,58be6bc5-0a1f-4bd4-a840-78cae5cdb36e,2025-02-05,ERP_CORPORATIVO,TRANSACOES_FINANCEIRAS,31936,e9639a0c4388fdd4962a823296c050e89e1d79e434a15baada1d767cbd5845e0
TR-31937,2025-01-20,2025-01-01,CPT,ACC-00161,DESPESA,1317.5467056053121,1317.5467056053121,BRL,Reparo e conservação de instalações - CPT,10,TED,PAGO,58be6bc5-0a1f-4bd4-a840-78cae5cdb36e,2025-02-05,ERP_CORPORATIVO,TRANSACOES_FINANCEIRAS,31937,3947db551a7872b12dc7f48dde3c6846698babf982774dddea114184d98550ff
TR-31938,2025-01-16,2025-01-01,ESG,ACC-00161,RECEITA,1143.129790629317,1143.129790629317,BRL,Serviço de tecnologia contratado por ESG,5,TRANSFERENCIA,PAGO,58be6bc5-0a1f-4bd4-a840-78cae5cdb36e,2025-02-05,ERP_CORPORATIVO,TRANSACOES_FINANCEIRAS,31938,ad6fb383dbc7dd4582cc0e0bad52c655fc00b9d774d1976a277168d255781ec0
TR-31939,2025-01-20,2025-01-01,RH,ACC-00161,RECEITA,3376.2748917669874,3376.2748917669874,BRL,Custo operacional associado a RH,8,TED,PAGO,58be6bc5-0a1f-4bd4-a840-78cae5cdb36e,2025-02-05,ERP_CORPORATIVO,TRANSACOES_FINANCEIRAS,31939,c14491122a16c46b4df506b37ec816973e21e3594c29f1fe5f48bf0ac638b0a3
TR-32228,2025-01-09,2025-01-01,COM,ACC-00162,DESPESA,2070.305063641358,2070.305063641358,BRL,Despesa de infraestrutura - COM,3,PIX,PAGO,58be6bc5-0a1f-4bd4-a840-78cae5cdb36e,2025-02-05,ERP_CORPORATIVO,TRANSACOES_FINANCEIRAS,32228,9bec72b5b1900ebad3fe5e6c848ae5787ce027a58249560ec83a34aa3fdcc1a1
TR-32229,2025-01-21,2025-01-01,FIN,ACC-00162,RECEITA,2060.9280009042186,2015.2721160682552,BRL,Contrato de serviço - setor FIN,1,BOLETO,CANCELADO,58be6bc5-0a1f-4bd4-a840-78cae5cdb36e,2025-02-05,ERP_CORPORATIVO,TRANSACOES_FINANCEIRAS,32229,59a493a7443525eedcf13aa48aec13dc1cee69e876155f27f219256e4b1269a1
TR-32230,2025-01-23,2025-01-01,PJT,ACC-00162,DESPESA,1922.2510292905222,1859.4104843175542,BRL,Custo operacional associado a PJT,8,CARTAO,PAGO,58be6bc5-0a1f-4bd4-a840-78cae5cdb36e,2025-02-05,ERP_CORPORATIVO,TRANSACOES_FINANCEIRAS,32230,08eb7a43288f20606e8e6c8155b3b3943473ae9be8b56b5e4eac99b59d9eacde
TR-32231,2025-01-17,2025-01-01,COM,ACC-00162,RECEITA,1961.411934324308,1961.411934324308,BRL,Custo operacional associado a COM,8,PIX,PAGO,58be6bc5-0a1f-4bd4-a840-78cae5cdb36e,2025-02-05,ERP_CORPORATIVO,TRANSACOES_FINANCEIRAS,32231,0dc6d6db760773247938ccc5a290c22a2512f55eaf1a997f2e89b00e2f440fbd
TR-32232,2025-01-10,2025-01-01,FIN,ACC-00162,DESPESA,1955.710743472252,1890.4119626653219,BRL,Prestação de serviço para área FIN,1,PIX,ATRASADO,58be6bc5-0a1f-4bd4-a840-78cae5cdb36e,2025-02-05,ERP_CORPORATIVO,TRANSACOES_FINANCEIRAS,32232,bee20ec6925ae573a91836d65fcbd87fbdb87642a449899066fdf7fa49655051
TR-32233,2025-01-15,2025-01-01,CPT,ACC-00162,DESPESA,2111.529688156691,2111.529688156691,BRL,Direitos de propriedade intelectual - CPT,32,TED,PAGO,58be6bc5-0a1f-4bd4-a840-78cae5cdb36e,2025-02-05,ERP_CORPORATIVO,TRANSACOES_FINANCEIRAS,32233,96e0a941fcddb4ed2e3260ebb98bf15ebaeed1a30e27b7280da85ed18b7b5ef3
TR-32234,2025-01-10,2025-01-01,VND,ACC-00162,RECEITA,1839.6882221088654,1839.6882221088654,BRL,Atendimento de TI requisitado por VND,29,BOLETO,PAGO,58be6bc5-0a1f-4bd4-a840-78cae5cdb36e,2025-02-05,ERP_CORPORATIVO,TRANSACOES_FINANCEIRAS,32234,effeac5c945e41f59ff22fdae26f05d09f369f8d72721bd43b583b0f36000acc
TR-32235,2025-01-13,2025-01-01,FIN,ACC-00162,DESPESA,1546.0635224750667,1546.0635224750667,USD,Aquisição de material operacional - FIN,2,CARTAO,PAGO,58be6bc5-0a1f-4bd4-a840-78cae5cdb36e,2025-02-05,ERP_CORPORATIVO,TRANSACOES_FINANCEIRAS,32235,82a3703f98fa5ee60986b09e8c3cea27a428a448d3091926179c8017ca3dc7f5
TR-32236,2025-01-17,2025-01-01,OP,ACC-00162,DESPESA,1905.5580193065184,1905.5580193065184,BRL,Investimento em marketing corporativo (OP),4,PIX,PAGO,58be6bc5-0a1f-4bd4-a840-78cae5cdb36e,2025-02-05,ERP_CORPORATIVO,TRANSACOES_FINANCEIRAS,32236,3d11b2e2f8d112cc658111713f711b576cdfb2e5c09c2885f9ff8a9f5e4bf6c8
TR-32237,2025-01-13,2025-01-01,PES,ACC-00162,DESPESA,2334.6710132875114,2334.6710132875114,BRL,Aquisição de material operacional - PES,2,TED,PAGO,58be6bc5-0a1f-4bd4-a840-78cae5cdb36e,2025-02-05,ERP_CORPORATIVO,TRANSACOES_FINANCEIRAS,32237,61c55967cb326502f030c941ab108216f911442d921966781d217c7a67a98fc2
TR-32238,2025-01-27,2025-01-01,COM,ACC-00162,DESPESA,2136.596993042218,2136.596993042218,BRL,Viagem corporativa - COM,18,CARTAO,PAGO,58be6bc5-0a1f-4bd4-a840-78cae5cdb36e,2025-02-05,ERP_CORPORATIVO,TRANSACOES_FINANCEIRAS,32238,fdfcdd48c7273312db3dad7085329529bc48cd3b85cd119a57aaebc44b2c3583
TR-32239,2025-01-27,2025-01-01,COMP,ACC-00162,DESPESA,1685.7712649077102,1685.7712649077102,BRL,Compra de insumos para setor COMP,2,TED,PAGO,58be6bc5-0a1f-4bd4-a840-78cae5cdb36e,2025-02-05,ERP_CORPORATIVO,TRANSACOES_FINANCEIRAS,32239,fbb1e153dc5787a87dc82bd4cfed0cea36ed6d585a1d182c68c3b0f6594757b7
TR-32240,2025-01-09,2025-01-01,FIN,ACC-00162,RECEITA,2109.8063974029856,2109.8063974029856,BRL,Custo operacional associado a FIN,8,TRANSFERENCIA,CANCELADO,58be6bc5-0a1f-4bd4-a840-78cae5cdb36e,2025-02-05,ERP_CORPORATIVO,TRANSACOES_FINANCEIRAS,32240,2cd32d63192e81d1e4e06696a20f00710e3d3f41abe192307616b0b466b4515b
TR-32241,2025-01-14,2025-01-01,JUR,ACC-00162,DESPESA,2013.6106842091751,2013.6106842091751,BRL,Custo operacional associado a JUR,8,TRANSFERENCIA,PAGO,58be6bc5-0a1f-4bd4-a840-78cae5cdb36e,2025-02-05,ERP_CORPORATIVO,TRANSACOES_FINANCEIRAS,32241,de6d27529e7c459f1e48d4a4608eed8572c704c8e1bd6b6ae4f19a46f6030ad9
TR-32242,2025-01-17,2025-01-01,FIN,ACC-00162,DESPESA,1899.5041817721483,1899.5041817721483,USD,Treinamento corporativo para equipe FIN,30,TRANSFERENCIA,ATRASADO,58be6bc5-0a1f-4bd4-a840-78cae5cdb36e,2025-02-05,ERP_CORPORATIVO,TRANSACOES_FINANCEIRAS,32242,c19d77309d0c931b1e8e166b786046ec05b73add7959425a519e7336205d652a
TR-32243,2025-01-20,2025-01-01,FIN,ACC-00162,DESPESA,1770.5216463531308,1770.5216463531308,BRL,Capacitação profissional vinculada a FIN,30,PIX,PAGO,58be6bc5-0a1f-4bd4-a840-78cae5cdb36e,2025-02-05,ERP_CORPORATIVO,TRANSACOES_FINANCEIRAS,32243,59875a396447ff216301b48798c16c2bf5149a75f652a242947d7b29dc7abf05
TR-32244,2025-01-16,2025-01-01,TI,ACC-00162,DESPESA,1817.982204694896,1817.982204694896,BRL,Despesa operacional - TI,8,CARTAO,PAGO,58be6bc5-0a1f-4bd4-a840-78cae5cdb36e,2025-02-05,ERP_CORPORATIVO,TRANSACOES_FINANCEIRAS,32244,c594b9edea69d6548c2818fd2e05207959108ef330f416ad40ebef32c1df67ea
TR-32545,2025-01-13,2025-01-01,RH,1000162,DESPESA,4625.905072108874,4625.905072108874,BRL,Serviço de tecnologia contratado por RH,5,PIX,PAGO,58be6bc5-0a1f-4bd4-a840-78cae5cdb36e,2025-02-05,ERP_CORPORATIVO,TRANSACOES_FINANCEIRAS,32545,d228e9e4874ff524f9207d11af75cd63c693384f8d0d158d89c206ff7159372a
TR-32546,2025-01-15,2025-01-01,COMP,1000162,RECEITA,4421.885201492034,4421.885201492034,BRL,Renovação de certificados digitais - COMP,26,PIX,CANCELADO,58be6bc5-0a1f-4bd4-a840-78cae5cdb36e,2025-02-05,ERP_CORPORATIVO,TRANSACOES_FINANCEIRAS,32546,aca3162ad120a97826a117cf4528cd4c5a3319fd48c83c0250ab8d87332d14a3
TR-32547,2025-01-14,2025-01-01,CPT,1000162,RECEITA,5661.334310331706,5410.981863026622,BRL,Receita eventual registrada em CPT,37,BOLETO,PAGO,58be6bc5-0a1f-4bd4-a840-78cae5cdb36e,2025-02-05,ERP_CORPORATIVO,TRANSACOES_FINANCEIRAS,32547,8f1fa898fd5c8eab10aace4430b1653687f7191db3479e3b0e4d708250e783da
TR-32548,2025-01-13,2025-01-01,ESG,1000162,DESPESA,4787.172082385726,4693.348910671982,BRL,Despesa de RH - ESG,6,TED,PAGO,58be6bc5-0a1f-4bd4-a840-78cae5cdb36e,2025-02-05,ERP_CORPORATIVO,TRANSACOES_FINANCEIRAS,32548,63b63365bdc4cf98f12f0263a07d5634a97670cdc54f5f073cbd807b373f3208
TR-32549,2025-01-14,2025-01-01,COMP,1000162,DESPESA,4778.298448075716,4778.298448075716,BRL,Reparo e conservação de instalações - COMP,10,CARTAO,PAGO,58be6bc5-0a1f-4bd4-a840-78cae5cdb36e,2025-02-05,ERP_CORPORATIVO,TRANSACOES_FINANCEIRAS,32549,5d3fadc24c569e5503cc694f14384acc58a1d0369ad6dd8b6a74788bef4df93c
TR-32690,2025-01-08,2025-01-01,CPT,FORN-00164,DESPESA,7347.550828951097,7229.131035793605,BRL,Despesa jurídica da área CPT,24,BOLETO,PAGO,58be6bc5-0a1f-4bd4-a840-78cae5cdb36e,2025-02-05,ERP_CORPORATIVO,TRANSACOES_FINANCEIRAS,32690,1bba83961db9277d3d4dd0ab2765c72b76041ffc9ebedf20a7b58f756a146c14
TR-32691,2025-01-14,2025-01-01,PJT,FORN-00164,DESPESA,7733.250757885026,7499.24373726156,BRL,Estorno de receita - PJT,39,PIX,PAGO,58be6bc5-0a1f-4bd4-a840-78cae5cdb36e,2025-02-05,ERP_CORPORATIVO,TRANSACOES_FINANCEIRAS,32691,afcad6d97f29b88f02c4dcc8ab6a9926c8301e4f9b03ddd5aea4fdac80432285
TR-32692,2025-01-14,2025-01-01,COM,FORN-00164,RECEITA,28161.563675070654,27907.65981379409,BRL,Despesa operacional - COM,8,TED,PAGO,58be6bc5-0a1f-4bd4-a840-78cae5cdb36e,2025-02-05,ERP_CORPORATIVO,TRANSACOES_FINANCEIRAS,32692,eb3f7ae98fc8d7d2c65e45a83d94909ff3509f9af09a3dbe6956274cf692b24e
TR-32693,2025-01-20,2025-01-01,RH,FORN-00164,DESPESA,8060.534457711943,8060.534457711943,BRL,Tributo incidente sobre receita de RH,40,CARTAO,PAGO,58be6bc5-0a1f-4bd4-a840-78cae5cdb36e,2025-02-05,ERP_CORPORATIVO,TRANSACOES_FINANCEIRAS,32693,8aa57a3796a330c9b480fc814df2d745428bcdead0c6d3189cfc348a82e702b9
TR-32694,2025-01-15,2025-01-01,COMP,FORN-00164,RECEITA,8611.655039827412,8611.655039827412,BRL,Receita de comissão comercial - COMP,33,BOLETO,ATRASADO,58be6bc5-0a1f-4bd4-a840-78cae5cdb36e,2025-02-05,ERP_CORPORATIVO,TRANSACOES_FINANCEIRAS,32694,6c15f1185279e8dfc309860aba2ebdf5937b7db132a42505df2788d9800d2f23
TR-32695,2025-01-14,2025-01-01,OP,FORN-00164,DESPESA,6571.389601860534,6571.389601860534,BRL,Licenciamento de software - OP,5,TED,PAGO,58be6bc5-0a1f-4bd4-a840-78cae5cdb36e,2025-02-05,ERP_CORPORATIVO,TRANSACOES_FINANCEIRAS,32695,b94d2dd10f520569117222f96aa6969da85bf379eeb3909e6b242ba3a7839eca
TR-32696,2025-01-15,2025-01-01,TI,FORN-00164,RECEITA,8420.89990112293,8420.89990112293,BRL,Contrato de consultoria externa - TI,12,CARTAO,PAGO,58be6bc5-0a1f-4bd4-a840-78cae5cdb36e,2025-02-05,ERP_CORPORATIVO,TRANSACOES_FINANCEIRAS,32696,71af75ec9d7fb94e585c9282dcfdb78d884f8adc5b08e583423b356bc5ecbb9d
TR-32697,2025-01-14,2025-01-01,JUR,FORN-00164,DESPESA,7814.234951948623,7685.306774304048,BRL,Material de marketing solicitado por JUR,15,CARTAO,PAGO,58be6bc5-0a1f-4bd4-a840-78cae5cdb36e,2025-02-05,ERP_CORPORATIVO,TRANSACOES_FINANCEIRAS,32697,b8ba6ca4b46f7b1236fa7badbff56a1240a5996611d608ec7ea17790e17fb80a
TR-32698,2025-01-06,2025-01-01,PJT,FORN-00164,RECEITA,7187.680622329077,7187.680622329077,BRL,Estorno de receita - PJT,39,BOLETO,PAGO,58be6bc5-0a1f-4bd4-a840-78cae5cdb36e,2025-02-05,ERP_CORPORATIVO,TRANSACOES_FINANCEIRAS,32698,f8f10831080407b39c38a9bffed7aa80c1ceb48b8190a05e20167e44940aaaf8
TR-32699,2025-01-15,2025-01-01,CTB,FORN-00164,DESPESA,20203.01130897354,20203.01130897354,BRL,Serviço especializado solicitado por CTB,1,TED,PAGO,58be6bc5-0a1f-4bd4-a840-78cae5cdb36e,2025-02-05,ERP_CORPORATIVO,TRANSACOES_FINANCEIRAS,32699,9f705b6b9315f34a22a45fb1a6405b4f17e64fe13315cca1c1d90795646cebf8
TR-32860,2025-01-08,2025-01-01,COM,FORN-00165,RECEITA,2349.4252444400513,2349.4252444400513,BRL,Alimentação em viagem corporativa - COM,20,TRANSFERENCIA,PAGO,58be6bc5-0a1f-4bd4-a840-78cae5cdb36e,2025-02-05,ERP_CORPORATIVO,TRANSACOES_FINANCEIRAS,32860,f21ec38dfe0a09877c52ae1373377cf015289f4b0fa11724dd8551bea8c3354a
TR-32861,2025-01-01,2025-01-01,PRD,FORN-00165,RECEITA,2046.890377100824,2046.890377100824,BRL,Serviço de tecnologia contratado por PRD,5,TRANSFERENCIA,PAGO,58be6bc5-0a1f-4bd4-a840-78cae5cdb36e,2025-02-05,ERP_CORPORATIVO,TRANSACOES_FINANCEIRAS,32861,e8f24cdbd079cf75a457c4792aa7d40261de7a4067372493d4a5d9590d67e8bf
TR-32862,2025-01-08,2025-01-01,OP,FORN-00165,DESPESA,2255.662289882985,2195.989879840071,BRL,Prestação de serviço para área OP,1,PIX,PAGO,58be6bc5-0a1f-4bd4-a840-78cae5cdb36e,2025-02-05,ERP_CORPORATIVO,TRANSACOES_FINANCEIRAS,32862,aa836f77d085f6e95bbab545a27ca9c16ddd4c11b8a4c7dc3642ae5a96c66880
TR-32863,2025-01-20,2025-01-01,CTB,FORN-00165,RECEITA,2078.7480656659836,2047.3026747007552,BRL,Honorários jurídicos - CTB,7,TED,PAGO,58be6bc5-0a1f-4bd4-a840-78cae5cdb36e,2025-02-05,ERP_CORPORATIVO,TRANSACOES_FINANCEIRAS,32863,962fa4d3f7955748c0f3d272de4261497c88b2c76e40b51f1210cbf833c24b7d
TR-32864,2025-01-23,2025-01-01,PJT,FORN-00165,RECEITA,2260.0971405714727,2189.8581911422307,BRL,Suporte técnico para sistemas de PJT,29,BOLETO,PAGO,58be6bc5-0a1f-4bd4-a840-78cae5cdb36e,2025-02-05,ERP_CORPORATIVO,TRANSACOES_FINANCEIRAS,32864,e842a7e56b3683748a98856a53f1dfb199a267fc53c3ed15cc31f6784e880d3b
TR-32865,2025-01-13,2025-01-01,FIN,FORN-00165,DESPESA,2321.666300391743,2321.666300391743,BRL,Honorarium advocatício - FIN,24,CARTAO,PAGO,58be6bc5-0a1f-4bd4-a840-78cae5cdb36e,2025-02-05,ERP_CORPORATIVO,TRANSACOES_FINANCEIRAS,32865,ef9d080819c737e4e4d0d6dd6f3ece71da59372fd3abf02c7c4097f9bde958e6
TR-32866,2025-01-14,2025-01-01,ADM,FORN-00165,DESPESA,2239.1841765940517,2239.1841765940517,BRL,Serviço especializado solicitado por ADM,1,BOLETO,CANCELADO,58be6bc5-0a1f-4bd4-a840-78cae5cdb36e,2025-02-05,ERP_CORPORATIVO,TRANSACOES_FINANCEIRAS,32866,6e31dfe7b4fdc63ccae6a603c1a3565808deb5291e80f354417b1845791be563
TR-32867,2025-01-06,2025-01-01,OP,FORN-00165,RECEITA,2197.2570082927623,2102.7181133585364,BRL,Participação nos resultados vinculada a OP,34,BOLETO,PAGO,58be6bc5-0a1f-4bd4-a840-78cae5cdb36e,2025-02-05,ERP_CORPORATIVO,TRANSACOES_FINANCEIRAS,32867,a7868dfb791111bda3be4b486bc12402601c71d37388a221769f8c019b5b551c
TR-32868,2025-01-16,2025-01-01,ADM,FORN-00165,DESPESA,2354.7687817935157,2254.1729025061127,BRL,Compra de insumos para setor ADM,2,TRANSFERENCIA,PAGO,58be6bc5-0a1f-4bd4-a840-78cae5cdb36e,2025-02-05,ERP_CORPORATIVO,TRANSACOES_FINANCEIRAS,32868,492bc30b7ec32d9e7240462ff44c56fff764c0420bf89eea61b7b261add0a597
TR-33113,2025-01-08,2025-01-01,COMP,ACC-00166,RECEITA,2091.4193154202444,2011.5502522326833,BRL,Receita eventual registrada em COMP,37,CARTAO,ATRASADO,58be6bc5-0a1f-4bd4-a840-78cae5cdb36e,2025-02-05,ERP_CORPORATIVO,TRANSACOES_FINANCEIRAS,33113,9139e02903577a196c9142acc87c43e299419fa952fd7f0b0023fbcae473ad7b
TR-33114,2025-01-27,2025-01-01,FIN,ACC-00166,RECEITA,6860.587246535486,6786.495391315872,BRL,Assessoria contábil prestada a FIN,25,BOLETO,PAGO,58be6bc5-0a1f-4bd4-a840-78cae5cdb36e,2025-02-05,ERP_CORPORATIVO,TRANSACOES_FINANCEIRAS,33114,c8557b49132758f0b2b876be1b293158bc60e8c862e765859af9442041cf9d4b
TR-33115,2025-01-16,2025-01-01,OP,ACC-00166,RECEITA,2030.7018525097592,2030.7018525097592,BRL,Evento corporativo organizado por OP,14,CARTAO,PAGO,58be6bc5-0a1f-4bd4-a840-78cae5cdb36e,2025-02-05,ERP_CORPORATIVO,TRANSACOES_FINANCEIRAS,33115,8d6bf5edecc4cceaa025f5565ae1556c2f98fe68dacc27bdbed6cb703b75f926
TR-33116,2025-01-13,2025-01-01,ADM,ACC-00166,DESPESA,1960.6312711236603,1913.3111593934445,BRL,Prestação de serviço para área ADM,1,BOLETO,PAGO,58be6bc5-0a1f-4bd4-a840-78cae5cdb36e,2025-02-05,ERP_CORPORATIVO,TRANSACOES_FINANCEIRAS,33116,e3b4f17360faf5a5d445950008ec7525de2af3c3f7ecf181c50f9ff1cf2de564
TR-33117,2025-01-14,2025-01-01,TI,ACC-00166,DESPESA,2495.0224335385624,2399.8769858119763,BRL,Estorno de receita - TI,39,BOLETO,ATRASADO,58be6bc5-0a1f-4bd4-a840-78cae5cdb36e,2025-02-05,ERP_CORPORATIVO,TRANSACOES_FINANCEIRAS,33117,3a2e21e4866a93721b6ea8f194901b54e857019e2a9d570c022273e65235d826
TR-33118,2025-01-10,2025-01-01,COMP,ACC-00166,RECEITA,2054.595474548665,2054.595474548665,BRL,Serviço especializado solicitado por COMP,1,PIX,ATRASADO,58be6bc5-0a1f-4bd4-a840-78cae5cdb36e,2025-02-05,ERP_CORPORATIVO,TRANSACOES_FINANCEIRAS,33118,8afd632a9bc973ad94c437ea29eed7730882eebb8367abf558809beff1e516d4
TR-33119,2025-01-08,2025-01-01,PRD,ACC-00166,RECEITA,2278.270346147642,2278.270346147642,BRL,Despesa de infraestrutura - PRD,3,TRANSFERENCIA,PAGO,58be6bc5-0a1f-4bd4-a840-78cae5cdb36e,2025-02-05,ERP_CORPORATIVO,TRANSACOES_FINANCEIRAS,33119,5310a6ecbee58c721c70d075e94f228bfeb0082a3745d78f91c999c89301e322
TR-33120,2025-01-17,2025-01-01,CTB,ACC-00166,RECEITA,2633.2819045061547,2633.2819045061547,BRL,Despesa de refeição em deslocamento (CTB),20,PIX,PAGO,58be6bc5-0a1f-4bd4-a840-78cae5cdb36e,2025-02-05,ERP_CORPORATIVO,TRANSACOES_FINANCEIRAS,33120,710e2f7a1c255d3a06a1b08b3ee179058f6a0704b81597b2d08cb2a3dabd3156
TR-33121,2025-01-09,2025-01-01,COMP,ACC-00166,DESPESA,1866.3284327698814,1866.3284327698814,BRL,Despesa operacional - COMP,8,PIX,PAGO,58be6bc5-0a1f-4bd4-a840-78cae5cdb36e,2025-02-05,ERP_CORPORATIVO,TRANSACOES_FINANCEIRAS,33121,2a5f1da8478e726b7bfe3fe3ed150662d4792dd8af93a90426c2cfc95c9bc459
TR-33122,2025-01-10,2025-01-01,TI,ACC-00166,RECEITA,2387.374373252651,2387.374373252651,BRL,Participação nos resultados vinculada a TI,34,TED,PAGO,58be6bc5-0a1f-4bd4-a840-78cae5cdb36e,2025-02-05,ERP_CORPORATIVO,TRANSACOES_FINANCEIRAS,33122,f904411efd7db3af6b16ef8da9513ba42fc39f0099cda3e847527e9c0af19f65
TR-33123,2025-01-13,2025-01-01,FIN,ACC-00166,DESPESA,2231.9778911156236,2191.785536296948,BRL,Despesa operacional - FIN,8,TED,ATRASADO,58be6bc5-0a1f-4bd4-a840-78cae5cdb36e,2025-02-05,ERP_CORPORATIVO,TRANSACOES_FINANCEIRAS,33123,3d317bc2f3e312d4e976ae988eda12f8b75db1adcd11b2041a41286248a045c9
TR-33124,2025-01-23,2025-01-01,TI,ACC-00166,RECEITA,2221.1826948486655,2221.1826948486655,BRL,Diária de hotel para equipe TI,19,TED,PAGO,58be6bc5-0a1f-4bd4-a840-78cae5cdb36e,2025-02-05,ERP_CORPORATIVO,TRANSACOES_FINANCEIRAS,33124,ffcfa561f3dad279732f02c8f3fe0497a3b8c2441aba8d47cacab190a73dd178
TR-33125,2025-01-23,2025-01-01,PJT,ACC-00166,RECEITA,2250.2359022175247,2250.2359022175247,BRL,Receita eventual registrada em PJT,37,TED,PAGO,58be6bc5-0a1f-4bd4-a840-78cae5cdb36e,2025-02-05,ERP_CORPORATIVO,TRANSACOES_FINANCEIRAS,33125,e7fd2f5e03708d5caab3f2b13215d41489f6d01317a1aeeba87eb63c3298cd6c
TR-33126,2025-01-13,2025-01-01,COMP,ACC-00166,RECEITA,2240.785963713607,2167.619058562769,BRL,Contrato de serviço - setor COMP,1,BOLETO,PAGO,58be6bc5-0a1f-4bd4-a840-78cae5cdb36e,2025-02-05,ERP_CORPORATIVO,TRANSACOES_FINANCEIRAS,33126,68ea43998271ae56ee2f41afbc9a013ca6aa98bf6fd536db9f7b52f448fc48f9
TR-33295,2025-01-20,2025-01-01,RH,ACC-00167,RECEITA,2194.006971125147,2100.000280749717,BRL,Alimentação em viagem corporativa - RH,20,BOLETO,PAGO,58be6bc5-0a1f-4bd4-a840-78cae5cdb36e,2025-02-05,ERP_CORPORATIVO,TRANSACOES_FINANCEIRAS,33295,75b3e3f253163f1416b3c5e34af673f2d0b890431f5ecb4c0ebb3f4866ec728b
TR-33296,2025-01-17,2025-01-01,ESG,ACC-00167,RECEITA,2533.9069895726734,2533.9069895726734,BRL,Alimentação em viagem corporativa - ESG,20,TRANSFERENCIA,CANCELADO,58be6bc5-0a1f-4bd4-a840-78cae5cdb36e,2025-02-05,ERP_CORPORATIVO,TRANSACOES_FINANCEIRAS,33296,dd21f6a407d7d7e456595baac0c715c8290e56498aeb6ccc22bb414f756d0092
TR-33297,2025-01-13,2025-01-01,OP,ACC-00167,RECEITA,1644.3751001784926,1644.3751001784926,BRL,Prestação de serviço para área OP,1,BOLETO,PAGO,58be6bc5-0a1f-4bd4-a840-78cae5cdb36e,2025-02-05,ERP_CORPORATIVO,TRANSACOES_FINANCEIRAS,33297,b586ee427486f18014b27bdba38fb1e62c0a4fcb392fdb740918c2c7a0c6e25c
TR-33298,2025-01-13,2025-01-01,COMP,ACC-00167,RECEITA,2718.9850345341506,2718.9850345341506,BRL,Custo operacional associado a COMP,8,PIX,PAGO,58be6bc5-0a1f-4bd4-a840-78cae5cdb36e,2025-02-05,ERP_CORPORATIVO,TRANSACOES_FINANCEIRAS,33298,89c303b37f12c0af64d23a0969718b717569439fa385fce6098eadb25584508d
TR-33299,2025-01-06,2025-01-01,FIN,ACC-00167,DESPESA,2568.7878164612375,2535.191400577238,BRL,Seguro contratado pela área FIN,21,CARTAO,ATRASADO,58be6bc5-0a1f-4bd4-a840-78cae5cdb36e,2025-02-05,ERP_CORPORATIVO,TRANSACOES_FINANCEIRAS,33299,8addda77cdcd2f6390710560c7c2a792f4577a97061edef300019a2aeac11bee
TR-33300,2025-01-16,2025-01-01,CPT,ACC-00167,RECEITA,2830.372212773612,2830.372212773612,BRL,Investimento em marketing corporativo (CPT),4,PIX,PAGO,58be6bc5-0a1f-4bd4-a840-78cae5cdb36e,2025-02-05,ERP_CORPORATIVO,TRANSACOES_FINANCEIRAS,33300,a29e8c5d30833a4c1011e9123fb9e6848bfa57a198d6304986c01284d5714a39
TR-33301,2025-01-13,2025-01-01,OP,ACC-00167,DESPESA,2566.1160323671297,2533.174734512868,BRL,Licenciamento de software - OP,5,CARTAO,PAGO,58be6bc5-0a1f-4bd4-a840-78cae5cdb36e,2025-02-05,ERP_CORPORATIVO,TRANSACOES_FINANCEIRAS,33301,8a83f7c1e5d7e462a67e5a4f0fe3c874847074d64819c593276cac5a68665a5c
TR-33302,2025-01-20,2025-01-01,PRD,ACC-00167,RECEITA,3111.4491836988254,3111.4491836988254,BRL,Despesa operacional - PRD,8,BOLETO,PAGO,58be6bc5-0a1f-4bd4-a840-78cae5cdb36e,2025-02-05,ERP_CORPORATIVO,TRANSACOES_FINANCEIRAS,33302,e81a086df99f23456f03e2be35d2094bffc5e249c5a4f44d0ab1761cfe67909d
TR-33588,2025-01-02,2025-01-01,CTB,ACC-00168,DESPESA,2392.3759313668666,2274.308359023693,BRL,Serviço de tecnologia contratado por CTB,5,BOLETO,CANCELADO,58be6bc5-0a1f-4bd4-a840-78cae5cdb36e,2025-02-05,ERP_CORPORATIVO,TRANSACOES_FINANCEIRAS,33588,e9f92c6bae140ca93e78e7e4dd6f69d728104e33ceb4a295ada94dfb46b50dcc
TR-33589,2025-01-07,2025-01-01,RH,ACC-00168,RECEITA,2040.2544973811075,2040.2544973811075,BRL,Diária de hotel para equipe RH,19,BOLETO,ATRASADO,58be6bc5-0a1f-4bd4-a840-78cae5cdb36e,2025-02-05,ERP_CORPORATIVO,TRANSACOES_FINANCEIRAS,33589,fdbdf89e65335b4c3cb39ca3fedd0896519beaf343819d46daaa800fa51dd3ab
TR-33590,2025-01-16,2025-01-01,PJT,ACC-00168,RECEITA,2313.660613741072,2313.660613741072,BRL,Despesa de infraestrutura - PJT,3,TED,PAGO,58be6bc5-0a1f-4bd4-a840-78cae5cdb36e,2025-02-05,ERP_CORPORATIVO,TRANSACOES_FINANCEIRAS,33590,7c53dd87ecb8694600ac3b8a22d27cfe2f98851bae0a63f0feb2602df5637d10
TR-33591,2025-01-07,2025-01-01,FIN,ACC-00168,RECEITA,2381.0805228815525,2277.4597833092025,BRL,Serviço relacionado a recursos humanos (FIN),6,PIX,PAGO,58be6bc5-0a1f-4bd4-a840-78cae5cdb36e,2025-02-05,ERP_CORPORATIVO,TRANSACOES_FINANCEIRAS,33591,bfe5e7c001ea220fb2f66db8a0ae8cbd53d7769ce8b777a9f188457c8c296950
TR-33592,2025-01-15,2025-01-01,RH,ACC-00168,DESPESA,2819.497573584011,2707.8857638171207,BRL,Serviço técnico especializado para RH,11,BOLETO,ATRASADO,58be6bc5-0a1f-4bd4-a840-78cae5cdb36e,2025-02-05,ERP_CORPORATIVO,TRANSACOES_FINANCEIRAS,33592,e62e0bd88e8601d3b689fe589d70fac30865bc33d586c63eb2bec8376ebbb3d5
TR-33593,2025-01-06,2025-01-01,CPT,ACC-00168,DESPESA,2346.818563743317,2271.822185683991,BRL,Prestação de serviço para área CPT,1,BOLETO,PAGO,58be6bc5-0a1f-4bd4-a840-78cae5cdb36e,2025-02-05,ERP_CORPORATIVO,TRANSACOES_FINANCEIRAS,33593,63e7e93f63fd9dfe11830d25134c56721056b6c902e87830724eeb38adf0def8
TR-33594,2025-01-13,2025-01-01,MKT,ACC-00168,DESPESA,2482.533847349933,2372.3709477756083,BRL,Contrato de conectividade para área MKT,9,TRANSFERENCIA,PAGO,58be6bc5-0a1f-4bd4-a840-78cae5cdb36e,2025-02-05,ERP_CORPORATIVO,TRANSACOES_FINANCEIRAS,33594,0c1fc74ddb335120a0298d1dbd93d821e12851d30c8ce096f28ac8da8ecbd842
TR-33595,2025-01-20,2025-01-01,JUR,ACC-00168,RECEITA,2769.1109015629168,2632.8165078071115,BRL,Tributo incidente sobre receita de JUR,40,BOLETO,PAGO,58be6bc5-0a1f-4bd4-a840-78cae5cdb36e,2025-02-05,ERP_CORPORATIVO,TRANSACOES_FINANCEIRAS,33595,71f9a1592063bf925099a620149fa59ec33aa12d6d8c04bd2e65e3c372305e39
TR-33596,2025-01-10,2025-01-01,JUR,ACC-00168,DESPESA,2132.351776796458,2132.351776796458,BRL,Prestação de serviço para área JUR,1,TRANSFERENCIA,PAGO,58be6bc5-0a1f-4bd4-a840-78cae5cdb36e,2025-02-05,ERP_CORPORATIVO,TRANSACOES_FINANCEIRAS,33596,dc9d83581b13de9c8edff5381efd58ef4330e4380e2ac1371bf600d75480eff7
TR-33597,2025-01-16,2025-01-01,RH,ACC-00168,RECEITA,2322.6135264129393,2322.6135264129393,BRL,Custo operacional associado a RH,8,CARTAO,PAGO,58be6bc5-0a1f-4bd4-a840-78cae5cdb36e,2025-02-05,ERP_CORPORATIVO,TRANSACOES_FINANCEIRAS,33597,2f49bc6c9afc1f3d4325500f616d1ffb35aaa6a42e9c77a2b85b3644b11be514
TR-33598,2025-01-20,2025-01-01,CTB,ACC-00168,DESPESA,2635.1930472427744,2521.0742709745164,BRL,Contrato de serviço - setor CTB,1,BOLETO,PAGO,58be6bc5-0a1f-4bd4-a840-78cae5cdb36e,2025-02-05,ERP_CORPORATIVO,TRANSACOES_FINANCEIRAS,33598,835f8b54116fc1fd9cdc0f56784ae3a110024d75c9916b82541b892d862f49aa
TR-33599,2025-01-13,2025-01-01,FIN,ACC-00168,RECEITA,3089.2323051778453,3089.2323051778453,BRL,Serviço de tecnologia contratado por FIN,5,BOLETO,PAGO,58be6bc5-0a1f-4bd4-a840-78cae5cdb36e,2025-02-05,ERP_CORPORATIVO,TRANSACOES_FINANCEIRAS,33599,6776bc311832afb3fa62bdcc50a2b0fce87414543c9af0ef7d314f6e2c85257e
TR-33600,2025-01-13,2025-01-01,JUR,ACC-00168,DESPESA,1978.7920988139986,1978.7920988139986,BRL,Desconto concedido em operação de JUR,38,CARTAO,CANCELADO,58be6bc5-0a1f-4bd4-a840-78cae5cdb36e,2025-02-05,ERP_CORPORATIVO,TRANSACOES_FINANCEIRAS,33600,119bfd5a055973f9a23981630cb25ab8632fe36bdc08c2b8107347408fe04267
TR-33601,2025-01-16,2025-01-01,COM,ACC-00168,RECEITA,2385.151307947173,2385.151307947173,BRL,Serviço relacionado a recursos humanos (COM),6,TED,PAGO,58be6bc5-0a1f-4bd4-a840-78cae5cdb36e,2025-02-05,ERP_CORPORATIVO,TRANSACOES_FINANCEIRAS,33601,2e04eff4e26669205a4e07485977468d484986ba9bba35b3b60a2ce3b0611680
TR-33698,2025-01-06,2025-01-01,RH,1000168,DESPESA,3955.944190418689,3955.944190418689,BRL,Despesa operacional - RH,8,CARTAO,PAGO,58be6bc5-0a1f-4bd4-a840-78cae5cdb36e,2025-02-05,ERP_CORPORATIVO,TRANSACOES_FINANCEIRAS,33698,4d7b3bcdcea4572e591bebe50022efd2efa13e1a88d56934a519ec2497bd2bbe
TR-33699,2025-01-13,2025-01-01,FIN,1000168,RECEITA,5565.937352320333,5465.235529812117,BRL,Juros sobre operação financeira - FIN,23,CARTAO,PAGO,58be6bc5-0a1f-4bd4-a840-78cae5cdb36e,2025-02-05,ERP_CORPORATIVO,TRANSACOES_FINANCEIRAS,33699,285726c7b67a7bef0653b08a7274d8a6d895a2c4c261a4ee9b5869fccf2a0cf1
TR-33700,2025-01-14,2025-01-01,OP,1000168,DESPESA,12703.30749562437,12703.30749562437,BRL,Despesa operacional - OP,8,TRANSFERENCIA,CANCELADO,58be6bc5-0a1f-4bd4-a840-78cae5cdb36e,2025-02-05,ERP_CORPORATIVO,TRANSACOES_FINANCEIRAS,33700,de653753cad3a0efc161a2e387cb92576dfd99f9cd79bf3f73506ec13549b707
TR-33701,2025-01-03,2025-01-01,ADM,1000168,RECEITA,5743.93076077018,5743.93076077018,BRL,Despesa de infraestrutura - ADM,3,BOLETO,ATRASADO,58be6bc5-0a1f-4bd4-a840-78cae5cdb36e,2025-02-05,ERP_CORPORATIVO,TRANSACOES_FINANCEIRAS,33701,1bda393fc6cea0be30d09a41c6ae7ed48f06126202b925d861e116a298bfca4b
TR-33702,2025-01-20,2025-01-01,FIN,1000168,DESPESA,7737.5658403702455,7404.653692430286,USD,Despesa de RH - FIN,6,PIX,ATRASADO,58be6bc5-0a1f-4bd4-a840-78cae5cdb36e,2025-02-05,ERP_CORPORATIVO,TRANSACOES_FINANCEIRAS,33702,0f0a86975d88766ac67e5c585329e1b3b182966d772db252c5551df4619485ca
TR-33936,2025-01-13,2025-01-01,PRD,1000169,RECEITA,2039.4207539823342,2039.4207539823342,BRL,Contrato de conectividade para área PRD,9,PIX,PAGO,58be6bc5-0a1f-4bd4-a840-78cae5cdb36e,2025-02-05,ERP_CORPORATIVO,TRANSACOES_FINANCEIRAS,33936,64894ed8ccc87122b187744ed222ac28d2a9d38445cf879eadbf21276ffb6e3e
TR-33937,2025-01-13,2025-01-01,MKT,1000169,RECEITA,1848.7450838263678,1784.7142788103972,BRL,Publicidade institucional - MKT,13,TED,PAGO,58be6bc5-0a1f-4bd4-a840-78cae5cdb36e,2025-02-05,ERP_CORPORATIVO,TRANSACOES_FINANCEIRAS,33937,d5df77bfcce3561346ed590e6c0721caa4f5cbe348cb3320519d581b57078ca1
TR-33938,2025-01-13,2025-01-01,FIN,1000169,DESPESA,1879.8361610572558,1810.4105159577325,BRL,Participação nos resultados vinculada a FIN,34,CARTAO,CANCELADO,58be6bc5-0a1f-4bd4-a840-78cae5cdb36e,2025-02-05,ERP_CORPORATIVO,TRANSACOES_FINANCEIRAS,33938,79326827b12557a3fc19c1b92db4a165d0bd038f1c9bc1bfbf18a7bf156bf742
TR-33939,2025-01-20,2025-01-01,FIN,1000169,RECEITA,1744.0916490441998,1744.0916490441998,BRL,Contrato de serviço - setor FIN,1,BOLETO,ATRASADO,58be6bc5-0a1f-4bd4-a840-78cae5cdb36e,2025-02-05,ERP_CORPORATIVO,TRANSACOES_FINANCEIRAS,33939,d428daea79f7f4f4b37abe237c30e5a66d6de40d45fd70365490292eae11d930
TR-33940,2025-01-14,2025-01-01,JUR,1000169,RECEITA,1786.7298226056023,1786.7298226056023,BRL,Serviço relacionado a recursos humanos (JUR),6,PIX,PAGO,58be6bc5-0a1f-4bd4-a840-78cae5cdb36e,2025-02-05,ERP_CORPORATIVO,TRANSACOES_FINANCEIRAS,33940,7e31fbd27a4d56e91c3ef7b92fd16d5f12b058347d17dd48999ba9f6ebeea95a
TR-33941,2025-01-17,2025-01-01,ESG,1000169,DESPESA,1703.2935988630586,1703.2935988630586,BRL,Manutenção predial solicitada por ESG,10,TRANSFERENCIA,ATRASADO,58be6bc5-0a1f-4bd4-a840-78cae5cdb36e,2025-02-05,ERP_CORPORATIVO,TRANSACOES_FINANCEIRAS,33941,f1a92ad621159c08b74dc467095d9c76ff1439bf60956ffea60d984d1a829b5b
TR-33942,2025-01-22,2025-01-01,CTB,1000169,DESPESA,1636.7188789725442,1562.8965424238884,BRL,Licenciamento de software - CTB,5,PIX,PAGO,58be6bc5-0a1f-4bd4-a840-78cae5cdb36e,2025-02-05,ERP_CORPORATIVO,TRANSACOES_FINANCEIRAS,33942,408fe918a2eba99b7b02487c5c66fd856d64e546af9c7f2333c0c525245e1fd1
TR-33943,2025-01-20,2025-01-01,FIN,1000169,RECEITA,1609.0828256996422,1583.8698070927708,BRL,Compra de insumos para setor FIN,2,TRANSFERENCIA,ATRASADO,58be6bc5-0a1f-4bd4-a840-78cae5cdb36e,2025-02-05,ERP_CORPORATIVO,TRANSACOES_FINANCEIRAS,33943,63391af8d313face16d9278b59acd9bbb0d3067a55f38126da54c65e60404b35
TR-33944,2025-01-06,2025-01-01,COM,1000169,RECEITA,5043.95597949557,5043.95597949557,BRL,Serviço especializado solicitado por COM,1,TRANSFERENCIA,PAGO,58be6bc5-0a1f-4bd4-a840-78cae5cdb36e,2025-02-05,ERP_CORPORATIVO,TRANSACOES_FINANCEIRAS,33944,2343235d3c938bbc3b26a9ab0a361a2ab82f861b82b63c0c504da115875efbc6
TR-33945,2025-01-20,2025-01-01,JUR,1000169,DESPESA,1653.7784075329594,1653.7784075329594,BRL,Receita de comissão comercial - JUR,33,TED,PAGO,58be6bc5-0a1f-4bd4-a840-78cae5cdb36e,2025-02-05,ERP_CORPORATIVO,TRANSACOES_FINANCEIRAS,33945,3919a41ed64857fadc1fde2c86dc2e6365e5cbb39ec51fcf0b55a604b0d712d4
TR-33946,2025-01-27,2025-01-01,CTB,1000169,DESPESA,3244.1839031574473,3193.3727687095034,BRL,Aquisição de material operacional - CTB,2,BOLETO,PAGO,58be6bc5-0a1f-4bd4-a840-78cae5cdb36e,2025-02-05,ERP_CORPORATIVO,TRANSACOES_FINANCEIRAS,33946,3669ec271d8f221bac1a1777de96f6e1138c7a99b2a9fbd0060a216ce18172c2
TR-33947,2025-01-20,2025-01-01,OP,1000169,RECEITA,1898.2919035720342,1898.2919035720342,BRL,Receita extraordinária - OP,37,TED,PAGO,58be6bc5-0a1f-4bd4-a840-78cae5cdb36e,2025-02-05,ERP_CORPORATIVO,TRANSACOES_FINANCEIRAS,33947,78c3b0a1f7d7a5560da16cbf4fb547dc76c21772e72822ece0bfbf79d986435e
TR-33948,2025-01-20,2025-01-01,COM,1000169,RECEITA,1740.3717955893503,1673.020719813155,USD,Serviço de tecnologia contratado por COM,5,PIX,PAGO,58be6bc5-0a1f-4bd4-a840-78cae5cdb36e,2025-02-05,ERP_CORPORATIVO,TRANSACOES_FINANCEIRAS,33948,306aa26fccdd65f43d0779aafa37ad78514987fbfbbbd9470b7b7f6c3ccc541e
TR-33949,2025-01-13,2025-01-01,FIN,1000169,DESPESA,1669.0400079075307,1669.0400079075307,BRL,Renovação de certificados digitais - FIN,26,BOLETO,PAGO,58be6bc5-0a1f-4bd4-a840-78cae5cdb36e,2025-02-05,ERP_CORPORATIVO,TRANSACOES_FINANCEIRAS,33949,6e0d207c7ef7be607e0ad20902559f663402246e1900cde1c3fbeb950a9c00d0
TR-33950,2025-01-14,2025-01-01,FIN,1000169,RECEITA,2250.917714949017,2166.700360218375,BRL,Honorários profissionais contratados por FIN,11,PIX,ATRASADO,58be6bc5-0a1f-4bd4-a840-78cae5cdb36e,2025-02-05,ERP_CORPORATIVO,TRANSACOES_FINANCEIRAS,33950,f222300751702deb52cb3d35248e9f02cbc14431c58c5519dde6f6a348b2b8c7
TR-33951,2025-01-16,2025-01-01,FIN,1000169,DESPESA,1736.8180353869952,1736.8180353869952,BRL,Manutenção estrutural vinculada à área FIN,3,PIX,PAGO,58be6bc5-0a1f-4bd4-a840-78cae5cdb36e,2025-02-05,ERP_CORPORATIVO,TRANSACOES_FINANCEIRAS,33951,d70eb6239e065d06870e3538c9431777a54106f03eb990f1d3f0a57d2823aa7a
TR-33952,2025-01-17,2025-01-01,MKT,1000169,DESPESA,1710.5787349883194,1710.5787349883194,BRL,Assessoria contábil prestada a MKT,25,CARTAO,PAGO,58be6bc5-0a1f-4bd4-a840-78cae5cdb36e,2025-02-05,ERP_CORPORATIVO,TRANSACOES_FINANCEIRAS,33952,10de894fbe09668087244c1908c55107f4238c09a50eacb2242ac2519c2ccb16
TR-33953,2025-01-06,2025-01-01,JUR,1000169,RECEITA,1550.9343220709586,1550.9343220709586,BRL,Evento corporativo organizado por JUR,14,TRANSFERENCIA,ATRASADO,58be6bc5-0a1f-4bd4-a840-78cae5cdb36e,2025-02-05,ERP_CORPORATIVO,TRANSACOES_FINANCEIRAS,33953,6b28d41820e57acdc53fbeab78db2f01270cad4163a446718d83952c5de8ab2b
TR-33954,2025-01-07,2025-01-01,COMP,1000169,DESPESA,1911.4445449781683,1881.588270761866,BRL,Receita extraordinária - COMP,37,BOLETO,PAGO,58be6bc5-0a1f-4bd4-a840-78cae5cdb36e,2025-02-05,ERP_CORPORATIVO,TRANSACOES_FINANCEIRAS,33954,4ea4456bc4b5e7d5bf0abc12f7784faa37a137386ab40e168f02545ed361a030
TR-33955,2025-01-06,2025-01-01,FIN,1000169,DESPESA,2177.2708453146442,2177.2708453146442,BRL,Apólice de seguro - FIN,21,TRANSFERENCIA,PAGO,58be6bc5-0a1f-4bd4-a840-78cae5cdb36e,2025-02-05,ERP_CORPORATIVO,TRANSACOES_FINANCEIRAS,33955,dc1872db56dd16a87d1eb4a57b2383a695eb5ea798c7e50723a496d2456320fe
TR-33956,2025-01-15,2025-01-01,RH,1000169,RECEITA,4747.890319391316,4747.890319391316,USD,Serviço especializado solicitado por RH,1,TED,PAGO,58be6bc5-0a1f-4bd4-a840-78cae5cdb36e,2025-02-05,ERP_CORPORATIVO,TRANSACOES_FINANCEIRAS,33956,43d019f5a1d71cd8e5a5863d89f82e2fe9a8b4d94482c04ae4732c931eee3a1d
TR-33957,2025-01-09,2025-01-01,TI,1000169,DESPESA,1753.2351776130565,1753.2351776130565,BRL,Venda de ativo imobilizado por TI,35,BOLETO,PAGO,58be6bc5-0a1f-4bd4-a840-78cae5cdb36e,2025-02-05,ERP_CORPORATIVO,TRANSACOES_FINANCEIRAS,33957,1ad2409107d2473ee6a787fe7d145b45270a8177984bde85fdfe2438ce4a347f
TR-33958,2025-01-10,2025-01-01,CTB,1000169,DESPESA,1866.055416133084,1866.055416133084,BRL,Serviço especializado solicitado por CTB,1,BOLETO,ATRASADO,58be6bc5-0a1f-4bd4-a840-78cae5cdb36e,2025-02-05,ERP_CORPORATIVO,TRANSACOES_FINANCEIRAS,33958,1cf4484ef30ae2304494da735c97e1aea9251ba923a6f71f0efe19b93118f766
TR-34168,2025-01-14,2025-01-01,PJT,FORN-00172,DESPESA,2661.5673787804285,2577.182184362398,BRL,Honorarium advocatício - PJT,24,TED,PAGO,58be6bc5-0a1f-4bd4-a840-78cae5cdb36e,2025-02-05,ERP_CORPORATIVO,TRANSACOES_FINANCEIRAS,34168,1b44be11eed343982facd67b95a1d36319012a31e0204ca0b686b89889710d20
TR-34169,2025-01-16,2025-01-01,CTB,FORN-00172,DESPESA,2398.215852782517,2345.309396889307,BRL,Contrato de serviço - setor CTB,1,CARTAO,PAGO,58be6bc5-0a1f-4bd4-a840-78cae5cdb36e,2025-02-05,ERP_CORPORATIVO,TRANSACOES_FINANCEIRAS,34169,ff3ad59bd0c2932796dbcc972f5105113e8521e4a6bd48f6518fce8258db20b9
TR-34170,2025-01-15,2025-01-01,ATD,FORN-00172,RECEITA,2285.9612842710894,2285.9612842710894,BRL,Viagem corporativa - ATD,18,TED,PAGO,58be6bc5-0a1f-4bd4-a840-78cae5cdb36e,2025-02-05,ERP_CORPORATIVO,TRANSACOES_FINANCEIRAS,34170,4dd53afc9606711251f4138aa7473654b678f3802b6db3174e921f50145b8626
TR-34171,2025-01-17,2025-01-01,COMP,FORN-00172,RECEITA,2471.474514672075,2369.3539128440852,BRL,Aquisição de material operacional - COMP,2,TED,PAGO,58be6bc5-0a1f-4bd4-a840-78cae5cdb36e,2025-02-05,ERP_CORPORATIVO,TRANSACOES_FINANCEIRAS,34171,ce6d00691d7e8eb314e22fb36882cfcdc6c4b697cf8ff9d8482090cfe8a7583c
TR-34172,2025-01-15,2025-01-01,SEC,FORN-00172,RECEITA,2846.6346631311285,2846.6346631311285,BRL,Apólice de seguro - SEC,21,PIX,PAGO,58be6bc5-0a1f-4bd4-a840-78cae5cdb36e,2025-02-05,ERP_CORPORATIVO,TRANSACOES_FINANCEIRAS,34172,437586d412086894554b6e199c08a29decc2b9e68d7560b1283d9bb9ae4b52f5
TR-34173,2025-01-16,2025-01-01,JUR,FORN-00172,DESPESA,2767.8436241430813,2674.5627272758747,BRL,Receita eventual registrada em JUR,37,TED,PAGO,58be6bc5-0a1f-4bd4-a840-78cae5cdb36e,2025-02-05,ERP_CORPORATIVO,TRANSACOES_FINANCEIRAS,34173,00d1784f7c5b09d556faa6c298fcb6d8a2de746a70146c5dce0ce64879bdbf3c
TR-34174,2025-01-20,2025-01-01,MKT,FORN-00172,DESPESA,2620.575549512067,2540.2911143161914,BRL,Estorno de receita - MKT,39,TRANSFERENCIA,PAGO,58be6bc5-0a1f-4bd4-a840-78cae5cdb36e,2025-02-05,ERP_CORPORATIVO,TRANSACOES_FINANCEIRAS,34174,134aef6f9fea894ffde435762f03c12941b0ecaaf689e7f8e851ebf4450c9fae
TR-34175,2025-01-17,2025-01-01,ADM,FORN-00172,DESPESA,2494.923401909529,2405.5904890233332,BRL,Seguro contratado pela área ADM,21,PIX,PAGO,58be6bc5-0a1f-4bd4-a840-78cae5cdb36e,2025-02-05,ERP_CORPORATIVO,TRANSACOES_FINANCEIRAS,34175,a00f08090644b56192c666384a1f449b4d30cc4af2f596694d4c4656d249face
TR-34176,2025-01-13,2025-01-01,OP,FORN-00172,RECEITA,2842.707529276621,2842.707529276621,BRL,Reparo e conservação de instalações - OP,10,BOLETO,ATRASADO,58be6bc5-0a1f-4bd4-a840-78cae5cdb36e,2025-02-05,ERP_CORPORATIVO,TRANSACOES_FINANCEIRAS,34176,73fb7024e13037500b7ddea5eddbb520117374c37e7a96bf2decbd5040e8e8a9
TR-34177,2025-01-15,2025-01-01,LOG,FORN-00172,DESPESA,2827.856528560051,2827.856528560051,BRL,Licenciamento de software - LOG,5,TED,PAGO,58be6bc5-0a1f-4bd4-a840-78cae5cdb36e,2025-02-05,ERP_CORPORATIVO,TRANSACOES_FINANCEIRAS,34177,c23901fe6536069934c867c84c7dd51de0dfc65136f92c070c9fee4857ce91cf
TR-34178,2025-01-07,2025-01-01,SEC,FORN-00172,DESPESA,3102.3675280757134,2992.4886526586515,BRL,Contrato de serviço - setor SEC,1,CARTAO,PAGO,58be6bc5-0a1f-4bd4-a840-78cae5cdb36e,2025-02-05,ERP_CORPORATIVO,TRANSACOES_FINANCEIRAS,34178,8bb0f6fc0df167831e0c615755e613bcd9f46a20b6050ac418d77cc0f5783e14
TR-34509,2025-01-20,2025-01-01,MKT,FORN-00173,RECEITA,2270.2284726948046,2270.2284726948046,BRL,Contrato de conectividade para área MKT,9,PIX,PAGO,58be6bc5-0a1f-4bd4-a840-78cae5cdb36e,2025-02-05,ERP_CORPORATIVO,TRANSACOES_FINANCEIRAS,34509,374d5245a73881f3072a4e3483574be8b40ea5e748381d7fea278ab0d121ad07
TR-34510,2025-01-17,2025-01-01,COM,FORN-00173,DESPESA,2971.6838256099827,2971.6838256099827,BRL,Reparo de frota vinculado à área COM,17,PIX,PAGO,58be6bc5-0a1f-4bd4-a840-78cae5cdb36e,2025-02-05,ERP_CORPORATIVO,TRANSACOES_FINANCEIRAS,34510,07034887cdfbb305869ce533d1f87ef7c54faac8d0f49a5b1dc387ab975885e2
TR-34511,2025-01-22,2025-01-01,SEC,FORN-00173,RECEITA,2299.7011548323926,2299.7011548323926,BRL,Prestação de serviço para área SEC,1,TED,PAGO,58be6bc5-0a1f-4bd4-a840-78cae5cdb36e,2025-02-05,ERP_CORPORATIVO,TRANSACOES_FINANCEIRAS,34511,1e1828b47c61b099af6ef2a9efafa1828ec321447b6ab1998d838273a8b59e85
TR-34512,2025-01-13,2025-01-01,VND,FORN-00173,RECEITA,2652.2226976537395,2652.2226976537395,BRL,Evento corporativo organizado por VND,14,TRANSFERENCIA,ATRASADO,58be6bc5-0a1f-4bd4-a840-78cae5cdb36e,2025-02-05,ERP_CORPORATIVO,TRANSACOES_FINANCEIRAS,34512,c069e9cc2dc3b4cf04ef92797c997ae67133baed3105784a572f6fa33e7d2e02
TR-34513,2025-01-20,2025-01-01,COMP,FORN-00173,DESPESA,2305.297284676591,2305.297284676591,BRL,Atendimento de TI requisitado por COMP,29,TRANSFERENCIA,PAGO,58be6bc5-0a1f-4bd4-a840-78cae5cdb36e,2025-02-05,ERP_CORPORATIVO,TRANSACOES_FINANCEIRAS,34513,7398ae121636786809e195c59027d9ab801ed8348864203ad2ff8b7edc4fc9b5
TR-34514,2025-01-23,2025-01-01,COMP,FORN-00173,DESPESA,2488.1587633665217,2421.4060488249293,BRL,Manutenção de equipamentos de COMP,28,TED,PAGO,58be6bc5-0a1f-4bd4-a840-78cae5cdb36e,2025-02-05,ERP_CORPORATIVO,TRANSACOES_FINANCEIRAS,34514,5f451b72e486886881868499b88742286bcaa388e3844010b1606c24290ee5f9
TR-34515,2025-01-10,2025-01-01,OP,FORN-00173,RECEITA,2496.6795285724797,2496.6795285724797,BRL,Promoção e atividade externa - OP,14,BOLETO,PAGO,58be6bc5-0a1f-4bd4-a840-78cae5cdb36e,2025-02-05,ERP_CORPORATIVO,TRANSACOES_FINANCEIRAS,34515,6f318e1d42750ca313285655f03a71f49d470b7c9cd683d4fddc56d22d733fd7
TR-34516,2025-01-03,2025-01-01,ADM,FORN-00173,DESPESA,2395.9853866925646,2395.9853866925646,BRL,Investimento em marketing corporativo (ADM),4,CARTAO,PAGO,58be6bc5-0a1f-4bd4-a840-78cae5cdb36e,2025-02-05,ERP_CORPORATIVO,TRANSACOES_FINANCEIRAS,34516,e9a6bf2bbeacf8548fb256d958ebb6c4a8d9d341aea7f425c58962e991836ece
TR-34517,2025-01-14,2025-01-01,COM,FORN-00173,RECEITA,2062.46296387779,2062.46296387779,BRL,Aquisição de material operacional - COM,2,PIX,PAGO,58be6bc5-0a1f-4bd4-a840-78cae5cdb36e,2025-02-05,ERP_CORPORATIVO,TRANSACOES_FINANCEIRAS,34517,25d3d026a5b820371db91c646c9b85985bc2d36ed98d65dc3a5fa58656d17510
TR-34518,2025-01-16,2025-01-01,ATD,FORN-00173,DESPESA,2443.5870448570577,2329.6134089496254,BRL,Capacitação profissional vinculada a ATD,30,TED,PAGO,58be6bc5-0a1f-4bd4-a840-78cae5cdb36e,2025-02-05,ERP_CORPORATIVO,TRANSACOES_FINANCEIRAS,34518,facc792f72f9da0497fb3fbf9e7516c7c37d0d4b380cc2d3dda88ac4b83ff253
TR-34519,2025-01-13,2025-01-01,MKT,FORN-00173,RECEITA,2242.988516366442,2242.988516366442,BRL,Serviço especializado solicitado por MKT,1,PIX,PAGO,58be6bc5-0a1f-4bd4-a840-78cae5cdb36e,2025-02-05,ERP_CORPORATIVO,TRANSACOES_FINANCEIRAS,34519,d60ac8e409ec5da705e2bc6432e89b2807046f0041ec434a089e5ffc5a56462d
TR-34520,2025-01-08,2025-01-01,ADM,FORN-00173,DESPESA,2270.4424504041544,2270.4424504041544,BRL,Compra de insumos para setor ADM,2,PIX,PAGO,58be6bc5-0a1f-4bd4-a840-78cae5cdb36e,2025-02-05,ERP_CORPORATIVO,TRANSACOES_FINANCEIRAS,34520,d80725705ae691232459da5b7ec1700f014cf3234a6a41bc60ea857f7cec2296
TR-34521,2025-01-09,2025-01-01,ATD,FORN-00173,RECEITA,2522.118623144884,2522.118623144884,BRL,Serviço relacionado a recursos humanos (ATD),6,BOLETO,PAGO,58be6bc5-0a1f-4bd4-a840-78cae5cdb36e,2025-02-05,ERP_CORPORATIVO,TRANSACOES_FINANCEIRAS,34521,cf41e33bb5d58a46fe02dcd594e8b7b5d78e8a8c57baeab705f54eb9c5b87c99
TR-34522,2025-01-20,2025-01-01,VND,FORN-00173,DESPESA,2504.8070743876574,2504.8070743876574,BRL,Serviço especializado solicitado por VND,1,BOLETO,ATRASADO,58be6bc5-0a1f-4bd4-a840-78cae5cdb36e,2025-02-05,ERP_CORPORATIVO,TRANSACOES_FINANCEIRAS,34522,2ed0645d25ebd4647c60c1787cc483c81c6252241f928c63292f85ee0e2813aa
TR-34523,2025-01-09,2025-01-01,VND,FORN-00173,DESPESA,2203.789481548687,2203.789481548687,BRL,Custo operacional associado a VND,8,PIX,ATRASADO,58be6bc5-0a1f-4bd4-a840-78cae5cdb36e,2025-02-05,ERP_CORPORATIVO,TRANSACOES_FINANCEIRAS,34523,be43fca63695d20a02e28d44110b8ea124011dcd1ec7cbd7e46315e52707b3fc
TR-34524,2025-01-20,2025-01-01,COM,FORN-00173,DESPESA,2429.0791505378306,2429.0791505378306,BRL,Aquisição de material operacional - COM,2,PIX,PAGO,58be6bc5-0a1f-4bd4-a840-78cae5cdb36e,2025-02-05,ERP_CORPORATIVO,TRANSACOES_FINANCEIRAS,34524,7be03b971aadbad60b5c8173da48e6535926b7afeacc4bcb8cf07f7fb1e6660a
TR-34525,2025-01-14,2025-01-01,SEC,FORN-00173,DESPESA,2381.6548421156085,2381.6548421156085,BRL,Abastecimento de veículos - SEC,16,TED,PAGO,58be6bc5-0a1f-4bd4-a840-78cae5cdb36e,2025-02-05,ERP_CORPORATIVO,TRANSACOES_FINANCEIRAS,34525,9ceb27bf9a10a7e8198b291780b3468bd1c7766fda9fa08ac54ba7a649c6ec8f
TR-34526,2025-01-27,2025-01-01,RH,FORN-00173,DESPESA,2180.556706458085,2180.556706458085,EUR,Despesa de infraestrutura - RH,3,TED,PAGO,58be6bc5-0a1f-4bd4-a840-78cae5cdb36e,2025-02-05,ERP_CORPORATIVO,TRANSACOES_FINANCEIRAS,34526,2ecbb13c8fe8f23a552c9081d7bdc8b2242101d829c0139cf7cb6b8a371776c3
TR-34527,2025-01-14,2025-01-01,JUR,FORN-00173,DESPESA,2194.0327408080434,2194.0327408080434,BRL,Doação recebida em favor de JUR,36,TRANSFERENCIA,PAGO,58be6bc5-0a1f-4bd4-a840-78cae5cdb36e,2025-02-05,ERP_CORPORATIVO,TRANSACOES_FINANCEIRAS,34527,0f14c1289d60e628db9fd67b62b7e1178f52ca6af42795315d7b4e852b5f9eab
TR-34528,2025-01-17,2025-01-01,LOG,FORN-00173,DESPESA,2197.5347044080586,2132.9295537022126,BRL,Despesa operacional - LOG,8,TED,PAGO,58be6bc5-0a1f-4bd4-a840-78cae5cdb36e,2025-02-05,ERP_CORPORATIVO,TRANSACOES_FINANCEIRAS,34528,8e03ca5c5f6b79831f8b0dfdae8a081abde6bc06bb84ffa3546b68715b9af100
TR-34860,2025-01-03,2025-01-01,ADM,1000173,DESPESA,1785.6864285586778,1785.6864285586778,BRL,Serviço de tecnologia contratado por ADM,5,PIX,ATRASADO,58be6bc5-0a1f-4bd4-a840-78cae5cdb36e,2025-02-05,ERP_CORPORATIVO,TRANSACOES_FINANCEIRAS,34860,05a4a84526269e453286ab5460b8ca73de1d3606e0598532c8574721e39864f0
TR-34861,2025-01-07,2025-01-01,PES,1000173,RECEITA,1581.0794720693561,1514.628076081299,BRL,Despesa operacional - PES,8,TRANSFERENCIA,ATRASADO,58be6bc5-0a1f-4bd4-a840-78cae5cdb36e,2025-02-05,ERP_CORPORATIVO,TRANSACOES_FINANCEIRAS,34861,e03b0c96eca44513969354c38f653e067f8eb5658dfac7146bb9167426cbf993
TR-34862,2025-01-23,2025-01-01,COM,1000173,DESPESA,1634.6862386164507,1634.6862386164507,BRL,Royalties recebidos por COM,32,PIX,PAGO,58be6bc5-0a1f-4bd4-a840-78cae5cdb36e,2025-02-05,ERP_CORPORATIVO,TRANSACOES_FINANCEIRAS,34862,94a6661fa78e883e1c47c320f13f966b08d18183ec3eb9d7b260dd979ff4e4fa
TR-34863,2025-01-13,2025-01-01,LOG,1000173,RECEITA,1536.708660359535,1479.0264784921167,BRL,Publicidade institucional - LOG,13,BOLETO,PAGO,58be6bc5-0a1f-4bd4-a840-78cae5cdb36e,2025-02-05,ERP_CORPORATIVO,TRANSACOES_FINANCEIRAS,34863,65218635ee2fd195516088fb9f2f8830f8d5c4026276a7659f40d5904a01d959
TR-34864,2025-01-27,2025-01-01,PJT,1000173,RECEITA,1717.9963258356943,1717.9963258356943,USD,Despesa jurídica da área PJT,24,CARTAO,PAGO,58be6bc5-0a1f-4bd4-a840-78cae5cdb36e,2025-02-05,ERP_CORPORATIVO,TRANSACOES_FINANCEIRAS,34864,732361afdebbcde5c7c47e1430d522f0b0188676271888ea2be01420d89b1208
TR-34865,2025-01-09,2025-01-01,QAS,1000173,DESPESA,1611.1642487903757,1611.1642487903757,BRL,Consultoria estratégica para área QAS,12,TRANSFERENCIA,PAGO,58be6bc5-0a1f-4bd4-a840-78cae5cdb36e,2025-02-05,ERP_CORPORATIVO,TRANSACOES_FINANCEIRAS,34865,5fa5b1c5ba9e28ebc11187dceed78ee2fc21c2dc5f75cd8f67ef45b95a245ac5
TR-34866,2025-01-16,2025-01-01,FIN,1000173,RECEITA,1739.8609449454902,1739.8609449454902,BRL,Custo operacional associado a FIN,8,BOLETO,PAGO,58be6bc5-0a1f-4bd4-a840-78cae5cdb36e,2025-02-05,ERP_CORPORATIVO,TRANSACOES_FINANCEIRAS,34866,2cb94a5b89db1b6e9e73082916055169ed36fa7dc661b836ceb72dcd2c3197d4
TR-34867,2025-01-20,2025-01-01,ESG,1000173,RECEITA,1661.8438785408787,1625.3744437420514,BRL,Contrato de serviço - setor ESG,1,PIX,PAGO,58be6bc5-0a1f-4bd4-a840-78cae5cdb36e,2025-02-05,ERP_CORPORATIVO,TRANSACOES_FINANCEIRAS,34867,a48594216d2eb297ecf6bc49c4f25df844d00d8910092a8d5d09828559eeb1f2
TR-34868,2025-01-21,2025-01-01,QAS,1000173,RECEITA,1707.6425742653278,1689.3672642218949,BRL,Serviço especializado solicitado por QAS,1,PIX,PAGO,58be6bc5-0a1f-4bd4-a840-78cae5cdb36e,2025-02-05,ERP_CORPORATIVO,TRANSACOES_FINANCEIRAS,34868,1881c08fc606abad666ca9bc4c1a943711d0dafc5fa925b02ee7105a2a2befa7
TR-34869,2025-01-06,2025-01-01,RH,1000173,DESPESA,1421.6974577590124,1388.4163878816403,BRL,Alimentação em viagem corporativa - RH,20,CARTAO,PAGO,58be6bc5-0a1f-4bd4-a840-78cae5cdb36e,2025-02-05,ERP_CORPORATIVO,TRANSACOES_FINANCEIRAS,34869,f469d5e2c5f334b3d4d83c3071784b3fe7bd67ef26b9bf4a1e2274bcfe8254c6
TR-34870,2025-01-17,2025-01-01,FIN,1000173,DESPESA,1470.0001988611664,1470.0001988611664,BRL,Reparo de frota vinculado à área FIN,17,TRANSFERENCIA,PAGO,58be6bc5-0a1f-4bd4-a840-78cae5cdb36e,2025-02-05,ERP_CORPORATIVO,TRANSACOES_FINANCEIRAS,34870,5770ed9867c796097fb4cceca3fc5d64be7905f64714e34c420b4f1781cf13e6
TR-34871,2025-01-13,2025-01-01,FIN,1000173,DESPESA,1529.4949112023764,1529.4949112023764,EUR,Serviço especializado solicitado por FIN,1,TRANSFERENCIA,PAGO,58be6bc5-0a1f-4bd4-a840-78cae5cdb36e,2025-02-05,ERP_CORPORATIVO,TRANSACOES_FINANCEIRAS,34871,bbfb26576628a7910bb4ccec9e5ad522efb019798ce8999e7f69bb840a319536
TR-35127,2025-01-27,2025-01-01,COMP,1000174,DESPESA,11624.876774312914,11624.876774312914,BRL,Licenciamento de software - COMP,5,PIX,PAGO,58be6bc5-0a1f-4bd4-a840-78cae5cdb36e,2025-02-05,ERP_CORPORATIVO,TRANSACOES_FINANCEIRAS,35127,497583b5508dc06b91ac7d9be493bb8f2e72fcb08a02faccb73560536a86dfe5
TR-35128,2025-01-06,2025-01-01,PRD,1000174,DESPESA,13684.470519912336,13684.470519912336,BRL,Serviço especializado solicitado por PRD,1,PIX,PAGO,58be6bc5-0a1f-4bd4-a840-78cae5cdb36e,2025-02-05,ERP_CORPORATIVO,TRANSACOES_FINANCEIRAS,35128,df302f7b6351492fea956c91a746d56eaf51b30453828dae5d2d96f117470a20
TR-35129,2025-01-13,2025-01-01,OP,1000174,RECEITA,11514.729330055887,11377.027187263539,BRL,Comissão recebida por OP,33,TRANSFERENCIA,PAGO,58be6bc5-0a1f-4bd4-a840-78cae5cdb36e,2025-02-05,ERP_CORPORATIVO,TRANSACOES_FINANCEIRAS,35129,1238fbf5a6de38a1481a8c2f456471d688daebca50b444229a2d933faa1efd53
TR-35130,2025-01-13,2025-01-01,CPT,1000174,DESPESA,9663.890635295236,9663.890635295236,BRL,Despesa de infraestrutura - CPT,3,TED,PAGO,58be6bc5-0a1f-4bd4-a840-78cae5cdb36e,2025-02-05,ERP_CORPORATIVO,TRANSACOES_FINANCEIRAS,35130,a66e7b738d5f83f234f0985bf153dcd5940ab6e9667ce19e26e64c55e9062d38
TR-35131,2025-01-14,2025-01-01,COMP,1000174,DESPESA,10120.387071409774,9814.729260674456,BRL,Compra de insumos para setor COMP,2,BOLETO,ATRASADO,58be6bc5-0a1f-4bd4-a840-78cae5cdb36e,2025-02-05,ERP_CORPORATIVO,TRANSACOES_FINANCEIRAS,35131,35e4fdf52a5d2993a461788aa54768b228d010e40e161af995d41cbaae06378c
TR-35132,2025-01-20,2025-01-01,FIN,1000174,DESPESA,10655.911168688714,10125.127526163807,BRL,Despesa de infraestrutura - FIN,3,PIX,PAGO,58be6bc5-0a1f-4bd4-a840-78cae5cdb36e,2025-02-05,ERP_CORPORATIVO,TRANSACOES_FINANCEIRAS,35132,6d57124058544304a733d48825637d067ee1f72e09f413698ab0dcddb159050d
TR-35133,2025-01-24,2025-01-01,OP,1000174,DESPESA,13670.872539558583,12989.13335819466,BRL,Custo operacional associado a OP,8,PIX,PAGO,58be6bc5-0a1f-4bd4-a840-78cae5cdb36e,2025-02-05,ERP_CORPORATIVO,TRANSACOES_FINANCEIRAS,35133,093a197a7ea55b652b2776ffb96b0f6737e8915650c6ea3670c1ac6b30bbb1a8
TR-35338,2025-01-22,2025-01-01,MKT,FORN-00176,DESPESA,1949.030493344742,1949.030493344742,BRL,Serviço relacionado a recursos humanos (MKT),6,PIX,PAGO,58be6bc5-0a1f-4bd4-a840-78cae5cdb36e,2025-02-05,ERP_CORPORATIVO,TRANSACOES_FINANCEIRAS,35338,30bfdb0f4950d4dc4e1673117218bb84830309eecca7119d5c2f5d055685a727
TR-35339,2025-01-16,2025-01-01,PJT,FORN-00176,DESPESA,2446.7251476693823,2446.7251476693823,BRL,Reparo e conservação de instalações - PJT,10,TRANSFERENCIA,PAGO,58be6bc5-0a1f-4bd4-a840-78cae5cdb36e,2025-02-05,ERP_CORPORATIVO,TRANSACOES_FINANCEIRAS,35339,db3df7b38cb89f38fd681b702193626f56c3b1c716829a7448d856b32aef0d28
TR-35340,2025-01-17,2025-01-01,COMP,FORN-00176,RECEITA,1785.1517822675494,1705.356302311031,BRL,Publicidade institucional - COMP,13,TED,PAGO,58be6bc5-0a1f-4bd4-a840-78cae5cdb36e,2025-02-05,ERP_CORPORATIVO,TRANSACOES_FINANCEIRAS,35340,dbe714499ac753fc4d6e0a314ae66d4d85bd4142d54a2be5af446e8595e70a76
TR-35341,2025-01-22,2025-01-01,OP,FORN-00176,RECEITA,2254.350680578149,2254.350680578149,BRL,Royalties recebidos por OP,32,BOLETO,ATRASADO,58be6bc5-0a1f-4bd4-a840-78cae5cdb36e,2025-02-05,ERP_CORPORATIVO,TRANSACOES_FINANCEIRAS,35341,f6432684495240b4af8e38bc12c0e70864a67c1890052f6f87042b3a7374c080
TR-35342,2025-01-08,2025-01-01,COMP,FORN-00176,DESPESA,2150.9587550572555,2123.9751865495055,BRL,Custo operacional associado a COMP,8,PIX,PAGO,58be6bc5-0a1f-4bd4-a840-78cae5cdb36e,2025-02-05,ERP_CORPORATIVO,TRANSACOES_FINANCEIRAS,35342,132d4338699a532e50f8a74510b2e74744e82a7f2468aca8a939f36d71cfb1b0
TR-35343,2025-01-17,2025-01-01,FIN,FORN-00176,RECEITA,2626.492891989341,2626.492891989341,BRL,Prestação de serviço para área FIN,1,BOLETO,PAGO,58be6bc5-0a1f-4bd4-a840-78cae5cdb36e,2025-02-05,ERP_CORPORATIVO,TRANSACOES_FINANCEIRAS,35343,016825e8e29ccb2e4b75f6988b7d05e26d1543446415ea9651f91199abdce46a
TR-35344,2025-01-20,2025-01-01,SEC,FORN-00176,RECEITA,2271.691861476263,2271.691861476263,BRL,Evento corporativo organizado por SEC,14,TED,PAGO,58be6bc5-0a1f-4bd4-a840-78cae5cdb36e,2025-02-05,ERP_CORPORATIVO,TRANSACOES_FINANCEIRAS,35344,4f9964c8e2e53c1360fb48689e7f6c4edd9181885116f2ab09f3f0db2d5a3bcb
TR-35656,2025-01-15,2025-01-01,COMP,1000176,DESPESA,2356.899502352023,2356.899502352023,BRL,Despesa de RH - COMP,6,BOLETO,PAGO,58be6bc5-0a1f-4bd4-a840-78cae5cdb36e,2025-02-05,ERP_CORPORATIVO,TRANSACOES_FINANCEIRAS,35656,f578417119310a3611e83a1d17903a8f02ad4de422a55c20b9881276fd04e58a
TR-35657,2025-01-10,2025-01-01,JUR,1000176,DESPESA,1689.679221073163,1689.679221073163,BRL,Despesa de RH - JUR,6,TED,PAGO,58be6bc5-0a1f-4bd4-a840-78cae5cdb36e,2025-02-05,ERP_CORPORATIVO,TRANSACOES_FINANCEIRAS,35657,69195f0ef06b5965162f4b8e27ebabba85f7b4496db2dae18b82e34789ddddf1
TR-35658,2025-01-14,2025-01-01,VND,1000176,DESPESA,2347.7687025480527,2274.494749584551,BRL,Licença de software para área VND,27,BOLETO,PAGO,58be6bc5-0a1f-4bd4-a840-78cae5cdb36e,2025-02-05,ERP_CORPORATIVO,TRANSACOES_FINANCEIRAS,35658,300e4817bd6f5ea74f44dd78c1107f60bc697e8d2e9204df7f0aa5c4efca419c
TR-35659,2025-01-15,2025-01-01,RH,1000176,DESPESA,2169.3787802970064,2169.3787802970064,BRL,Manutenção estrutural vinculada à área RH,3,PIX,PAGO,58be6bc5-0a1f-4bd4-a840-78cae5cdb36e,2025-02-05,ERP_CORPORATIVO,TRANSACOES_FINANCEIRAS,35659,169e86aafb14fa2a10201a67bbb408e9f3579c04763bd178236962a12212a7a5
TR-35660,2025-01-20,2025-01-01,VND,1000176,DESPESA,1919.3856497395143,1919.3856497395143,BRL,Capacitação profissional vinculada a VND,30,PIX,PAGO,58be6bc5-0a1f-4bd4-a840-78cae5cdb36e,2025-02-05,ERP_CORPORATIVO,TRANSACOES_FINANCEIRAS,35660,5b2bf386abe6d1d06a354bcd275627f5e92c4ad0e6475560ab5f75be4d69eb82
TR-35661,2025-01-14,2025-01-01,ESG,1000176,RECEITA,1777.142104700921,1777.142104700921,BRL,Despesa de infraestrutura - ESG,3,PIX,PAGO,58be6bc5-0a1f-4bd4-a840-78cae5cdb36e,2025-02-05,ERP_CORPORATIVO,TRANSACOES_FINANCEIRAS,35661,abb1109c29671ef1e9e11cb344834abdca44d71dd5b1a363fd7cb01079244396
TR-35662,2025-01-15,2025-01-01,JUR,1000176,DESPESA,1128.913532755465,1042.8399374789544,BRL,Despesa operacional - JUR,8,PIX,PAGO,58be6bc5-0a1f-4bd4-a840-78cae5cdb36e,2025-02-05,ERP_CORPORATIVO,TRANSACOES_FINANCEIRAS,35662,15a4d9c27fc7ffa6d2c87fd571a3f38701c553acef8e34c17e58019f6094d863
TR-35663,2025-01-22,2025-01-01,CPT,1000176,RECEITA,2077.4152445701884,2077.4152445701884,BRL,Prestação de serviço para área CPT,1,TED,PAGO,58be6bc5-0a1f-4bd4-a840-78cae5cdb36e,2025-02-05,ERP_CORPORATIVO,TRANSACOES_FINANCEIRAS,35663,70073ab371c04c40190194140a48c60c7e8ce01dc161eba5dbbe9516cef59aac
TR-35664,2025-01-24,2025-01-01,COMP,1000176,RECEITA,2358.8815102675253,2358.8815102675253,BRL,Receita extraordinária - COMP,37,TRANSFERENCIA,ATRASADO,58be6bc5-0a1f-4bd4-a840-78cae5cdb36e,2025-02-05,ERP_CORPORATIVO,TRANSACOES_FINANCEIRAS,35664,de2fe6e3acdc3ab83e7d4fb4da33da6f91456001d66cee19188d41933709a4e7
TR-35665,2025-01-20,2025-01-01,FIN,1000176,RECEITA,2128.5857040767874,2086.377819427512,BRL,Participação nos resultados vinculada a FIN,34,CARTAO,PAGO,58be6bc5-0a1f-4bd4-a840-78cae5cdb36e,2025-02-05,ERP_CORPORATIVO,TRANSACOES_FINANCEIRAS,35665,102683abf79f13b226b6411fdf782cb537630525f36277e1bfd0936794cac2f2
TR-35666,2025-01-08,2025-01-01,CPT,1000176,RECEITA,1896.8872825233116,1831.738416286189,BRL,Propaganda e divulgação para área CPT,13,PIX,ATRASADO,58be6bc5-0a1f-4bd4-a840-78cae5cdb36e,2025-02-05,ERP_CORPORATIVO,TRANSACOES_FINANCEIRAS,35666,f2ea518f861f58bf25ac422d637a29186d3e89cbcefad16f1000e4cedd42d544
TR-35667,2025-01-09,2025-01-01,OP,1000176,DESPESA,1810.5127622933446,1810.5127622933446,BRL,Compra de insumos para setor OP,2,TRANSFERENCIA,PAGO,58be6bc5-0a1f-4bd4-a840-78cae5cdb36e,2025-02-05,ERP_CORPORATIVO,TRANSACOES_FINANCEIRAS,35667,d5955761b71c1d0a8767920362fa4f8e7706cceeb1a9a6ccc9cc3ac0db8d57b7
TR-35668,2025-01-20,2025-01-01,LOG,1000176,DESPESA,2146.0469279797926,2146.0469279797926,BRL,Contrato de consultoria externa - LOG,12,PIX,PAGO,58be6bc5-0a1f-4bd4-a840-78cae5cdb36e,2025-02-05,ERP_CORPORATIVO,TRANSACOES_FINANCEIRAS,35668,51ffddec0b10edf2ff24a886202c824ffa6faf18bfd38052eae955a8a97586b9
TR-35669,2025-01-16,2025-01-01,QAS,1000176,DESPESA,2115.7462330312596,2115.7462330312596,BRL,Despesa operacional - QAS,8,BOLETO,ATRASADO,58be6bc5-0a1f-4bd4-a840-78cae5cdb36e,2025-02-05,ERP_CORPORATIVO,TRANSACOES_FINANCEIRAS,35669,491498a3f7973853f43e1e97e9aca2044868ce10a5ac12ab7cd4ca29948e9e44
TR-35670,2025-01-22,2025-01-01,COMP,1000176,RECEITA,2413.372447841907,2352.905581249702,BRL,Serviço especializado solicitado por COMP,1,TED,PAGO,58be6bc5-0a1f-4bd4-a840-78cae5cdb36e,2025-02-05,ERP_CORPORATIVO,TRANSACOES_FINANCEIRAS,35670,bcd11a3b4ebb8c9c5d2fd7d935750b4afddd32a0c4f88fd8cb6307b39cc1cc46
TR-35671,2025-01-21,2025-01-01,PJT,1000176,DESPESA,2013.3475086527637,2013.3475086527637,BRL,Desconto concedido em operação de PJT,38,BOLETO,PAGO,58be6bc5-0a1f-4bd4-a840-78cae5cdb36e,2025-02-05,ERP_CORPORATIVO,TRANSACOES_FINANCEIRAS,35671,cf11793aecdb1bcd64b5a62cd74e24f5803fb58577d0f74e25448fbfdd695d1b
TR-35809,2025-01-20,2025-01-01,OP,FORN-00178,DESPESA,392.73689683428313,384.427569182092,BRL,Despesa de RH - OP,6,PIX,PAGO,58be6bc5-0a1f-4bd4-a840-78cae5cdb36e,2025-02-05,ERP_CORPORATIVO,TRANSACOES_FINANCEIRAS,35809,938a8559b7d438e4b9c8553a2557bdbf4a6fe8d4b96c09f0f9cf1b1c2a03eca2
TR-35810,2025-01-13,2025-01-01,LOG,FORN-00178,RECEITA,348.84528214221484,348.84528214221484,BRL,Alimentação em viagem corporativa - LOG,20,PIX,PAGO,58be6bc5-0a1f-4bd4-a840-78cae5cdb36e,2025-02-05,ERP_CORPORATIVO,TRANSACOES_FINANCEIRAS,35810,ad6022dd4a96248f3dc5ce20e76b9501c1ae4336ff3771ad15ea26065de4c964
TR-35811,2025-01-20,2025-01-01,FIN,FORN-00178,DESPESA,310.8609964793074,310.8609964793074,BRL,Receita extraordinária - FIN,37,PIX,ATRASADO,58be6bc5-0a1f-4bd4-a840-78cae5cdb36e,2025-02-05,ERP_CORPORATIVO,TRANSACOES_FINANCEIRAS,35811,df278afbfc37f464cb6c4e30cfdce5aa4ba30a25b22708c48137ba2b38ca05cf
TR-35812,2025-01-20,2025-01-01,VND,FORN-00178,DESPESA,374.78521779848495,374.78521779848495,BRL,Prestação de serviço para área VND,1,TRANSFERENCIA,PAGO,58be6bc5-0a1f-4bd4-a840-78cae5cdb36e,2025-02-05,ERP_CORPORATIVO,TRANSACOES_FINANCEIRAS,35812,53ff981228f0328374bd915456333edc59b0fe9ccf32af0e07d04a3a639183a6
TR-35813,2025-01-13,2025-01-01,FIN,FORN-00178,DESPESA,336.69587749711764,336.69587749711764,BRL,Assessoria legal vinculada à área FIN,7,PIX,PAGO,58be6bc5-0a1f-4bd4-a840-78cae5cdb36e,2025-02-05,ERP_CORPORATIVO,TRANSACOES_FINANCEIRAS,35813,358a3c75b9f45cc2fcb0cdbc1d76b2cb7243fc970c8c993e65e5c3895227fcd5
TR-35814,2025-01-17,2025-01-01,JUR,FORN-00178,DESPESA,384.02013371359755,384.02013371359755,BRL,Tributo incidente sobre receita de JUR,40,TRANSFERENCIA,PAGO,58be6bc5-0a1f-4bd4-a840-78cae5cdb36e,2025-02-05,ERP_CORPORATIVO,TRANSACOES_FINANCEIRAS,35814,418fc6211600fcf1dbc1e295b5ca1638bc9c4e7d2a06915624c05ef572831168
TR-35815,2025-01-06,2025-01-01,VND,FORN-00178,DESPESA,349.54158369262205,345.7502642066916,BRL,Despesa de infraestrutura - VND,3,BOLETO,PAGO,58be6bc5-0a1f-4bd4-a840-78cae5cdb36e,2025-02-05,ERP_CORPORATIVO,TRANSACOES_FINANCEIRAS,35815,0c16955d489ac1f614cdc894aff8cafc70d58627c1d7e47c542ad001f54fa8c4
TR-35816,2025-01-14,2025-01-01,PES,FORN-00178,DESPESA,380.03259292834724,380.03259292834724,BRL,Prestação de serviço para área PES,1,TED,PAGO,58be6bc5-0a1f-4bd4-a840-78cae5cdb36e,2025-02-05,ERP_CORPORATIVO,TRANSACOES_FINANCEIRAS,35816,2409e3b2b05bf17a0ca67afebb96ef6f73391cee27223474c69936cb0e24377c
TR-35817,2025-01-10,2025-01-01,TI,FORN-00178,RECEITA,366.7855935106768,366.7855935106768,BRL,Licenciamento de software - TI,5,TRANSFERENCIA,CANCELADO,58be6bc5-0a1f-4bd4-a840-78cae5cdb36e,2025-02-05,ERP_CORPORATIVO,TRANSACOES_FINANCEIRAS,35817,12b81566f19b1564d81e6847e92b50a3857467534b32ff42d1e75b246b5d8114
TR-35818,2025-01-20,2025-01-01,LOG,FORN-00178,DESPESA,396.97655965204706,396.97655965204706,BRL,Manutenção estrutural vinculada à área LOG,3,TRANSFERENCIA,PAGO,58be6bc5-0a1f-4bd4-a840-78cae5cdb36e,2025-02-05,ERP_CORPORATIVO,TRANSACOES_FINANCEIRAS,35818,9c0a493f35289d33646411d1b2f889fd98da66da3340d6b69d5a6c92ce7f4112
TR-35819,2025-01-15,2025-01-01,FIN,FORN-00178,DESPESA,383.86191323443705,365.3041185914084,BRL,Assessoria contábil prestada a FIN,25,TRANSFERENCIA,ATRASADO,58be6bc5-0a1f-4bd4-a840-78cae5cdb36e,2025-02-05,ERP_CORPORATIVO,TRANSACOES_FINANCEIRAS,35819,4cdfd374c499b771669e11e94d5b4e1ab706b8cb3d6bb0aeae80475217a506b6
TR-35820,2025-01-20,2025-01-01,COMP,FORN-00178,DESPESA,306.0028836021801,306.0028836021801,BRL,Taxas bancárias incidentes em COMP,22,TED,PAGO,58be6bc5-0a1f-4bd4-a840-78cae5cdb36e,2025-02-05,ERP_CORPORATIVO,TRANSACOES_FINANCEIRAS,35820,bdd66fc501682a6d74b8ae46fcb78e8ebdb332e2c7377256658d11887cd1347a
TR-35821,2025-01-13,2025-01-01,PRD,FORN-00178,DESPESA,289.0825146985493,276.44888625690356,USD,Participação nos resultados vinculada a PRD,34,BOLETO,PAGO,58be6bc5-0a1f-4bd4-a840-78cae5cdb36e,2025-02-05,ERP_CORPORATIVO,TRANSACOES_FINANCEIRAS,35821,eaad321620fd02b34fac381f18e31d0d3dd5cb65edfc93ef9777485a909dfbac
TR-35822,2025-01-17,2025-01-01,ATD,FORN-00178,RECEITA,345.9796523985509,345.9796523985509,BRL,Despesa de RH - ATD,6,TED,ATRASADO,58be6bc5-0a1f-4bd4-a840-78cae5cdb36e,2025-02-05,ERP_CORPORATIVO,TRANSACOES_FINANCEIRAS,35822,65d07b80694ce2ee1eaec81141ca7f01e754df5db8a10cd5334f6c9fa8caacc3
TR-36151,2025-01-13,2025-01-01,COMP,1000179,RECEITA,7171.477564243128,7171.477564243128,BRL,Serviço de tecnologia contratado por COMP,5,BOLETO,PAGO,58be6bc5-0a1f-4bd4-a840-78cae5cdb36e,2025-02-05,ERP_CORPORATIVO,TRANSACOES_FINANCEIRAS,36151,79f7074b5bc1d89803fccfa43a5a86a2bcf9d77ac59adca54242aaf8c5ea9bc5
TR-36152,2025-01-21,2025-01-01,CTB,1000179,DESPESA,8311.655600635062,8311.655600635062,BRL,Locação de espaço comercial - CTB,31,BOLETO,PAGO,58be6bc5-0a1f-4bd4-a840-78cae5cdb36e,2025-02-05,ERP_CORPORATIVO,TRANSACOES_FINANCEIRAS,36152,3fbe39d02d04ef683c5cb63f23f38307315c1ac7845c706d90743cfb15a771f3
TR-36153,2025-01-15,2025-01-01,OP,1000179,RECEITA,7105.765794226059,7002.863315810972,BRL,Despesa de refeição em deslocamento (OP),20,BOLETO,PAGO,58be6bc5-0a1f-4bd4-a840-78cae5cdb36e,2025-02-05,ERP_CORPORATIVO,TRANSACOES_FINANCEIRAS,36153,afdc22ded3557e93a69651f54af4d7c81cc9042eb5450cf34c33667465aa08a8
TR-36154,2025-01-21,2025-01-01,COMP,1000179,DESPESA,7628.035512985351,7628.035512985351,BRL,Propaganda e divulgação para área COMP,13,TED,PAGO,58be6bc5-0a1f-4bd4-a840-78cae5cdb36e,2025-02-05,ERP_CORPORATIVO,TRANSACOES_FINANCEIRAS,36154,895ea3654217e08dcda313daf803db66243326aad559c400f40d1f872398d525
TR-36155,2025-01-17,2025-01-01,CTB,1000179,RECEITA,7218.412210401071,7218.412210401071,BRL,Aquisição de material operacional - CTB,2,TED,PAGO,58be6bc5-0a1f-4bd4-a840-78cae5cdb36e,2025-02-05,ERP_CORPORATIVO,TRANSACOES_FINANCEIRAS,36155,e6112a7e4a691527c3a58027e117c269c5cd036e69575ab76c2373f270f6a6b5
TR-36156,2025-01-22,2025-01-01,COM,1000179,DESPESA,8227.836279886369,7864.281404398011,BRL,Manutenção de equipamentos de COM,28,TRANSFERENCIA,PAGO,58be6bc5-0a1f-4bd4-a840-78cae5cdb36e,2025-02-05,ERP_CORPORATIVO,TRANSACOES_FINANCEIRAS,36156,75b76a59fdc3d486a629df898dc943e9aaf6e2fa2f3cb95affb10c4f5b116934
TR-36157,2025-01-08,2025-01-01,VND,1000179,RECEITA,7555.76538206426,7351.681689758069,BRL,Imposto sobre venda apurado em VND,40,PIX,PAGO,58be6bc5-0a1f-4bd4-a840-78cae5cdb36e,2025-02-05,ERP_CORPORATIVO,TRANSACOES_FINANCEIRAS,36157,4ed75eb3410d1ea53fb5705c0830cfd668b72866f22cd80af37edda3002737cf
TR-36158,2025-01-20,2025-01-01,PRD,1000179,DESPESA,8556.62036492546,8336.939729065454,BRL,Venda de ativo imobilizado por PRD,35,CARTAO,PAGO,58be6bc5-0a1f-4bd4-a840-78cae5cdb36e,2025-02-05,ERP_CORPORATIVO,TRANSACOES_FINANCEIRAS,36158,732a9a9b609015160723d5b15e82732d6df96eface60569b560a74fbfb263bc8
TR-36159,2025-01-13,2025-01-01,OP,1000179,DESPESA,8487.782841184975,8487.782841184975,BRL,Prestação de serviço para área OP,1,TRANSFERENCIA,ATRASADO,58be6bc5-0a1f-4bd4-a840-78cae5cdb36e,2025-02-05,ERP_CORPORATIVO,TRANSACOES_FINANCEIRAS,36159,e171e5a1ad17504178e522fe08d01fc47f53133e82553060819385ec51ea7a3e
TR-36160,2025-01-13,2025-01-01,QAS,1000179,DESPESA,7121.073893520747,7121.073893520747,BRL,Capacitação profissional vinculada a QAS,30,CARTAO,PAGO,58be6bc5-0a1f-4bd4-a840-78cae5cdb36e,2025-02-05,ERP_CORPORATIVO,TRANSACOES_FINANCEIRAS,36160,52357981c231bb7ad407dbbe318a3a078534d2661c454bc58336a1d2c92e5081
TR-36161,2025-01-13,2025-01-01,OP,1000179,DESPESA,8895.80409218824,8670.259089821871,BRL,Manutenção predial solicitada por OP,10,BOLETO,PAGO,58be6bc5-0a1f-4bd4-a840-78cae5cdb36e,2025-02-05,ERP_CORPORATIVO,TRANSACOES_FINANCEIRAS,36161,f116faac6d61e2342a951227e05018abce2f75af254de767afa64c143f0104a6
TR-36162,2025-01-06,2025-01-01,COM,1000179,RECEITA,7975.207116652435,7748.071712515399,BRL,Diária de hotel para equipe COM,19,TED,PAGO,58be6bc5-0a1f-4bd4-a840-78cae5cdb36e,2025-02-05,ERP_CORPORATIVO,TRANSACOES_FINANCEIRAS,36162,6b58fc5c88add343ec366a6761fd80e09f8d2034014ebb702cdba0e14c69430b
TR-36163,2025-01-20,2025-01-01,ATD,1000179,DESPESA,7178.168839564085,6968.459908113972,BRL,Comissão recebida por ATD,33,BOLETO,PAGO,58be6bc5-0a1f-4bd4-a840-78cae5cdb36e,2025-02-05,ERP_CORPORATIVO,TRANSACOES_FINANCEIRAS,36163,1d41abafbaa897bec2c8eb0b09505cf3d0b26072162c3f8d6602673c729cc31f
TR-36441,2025-01-14,2025-01-01,ADM,ACC-00181,RECEITA,1587.867837361339,1509.828842366356,BRL,Contrato de serviço - setor ADM,1,PIX,PAGO,58be6bc5-0a1f-4bd4-a840-78cae5cdb36e,2025-02-05,ERP_CORPORATIVO,TRANSACOES_FINANCEIRAS,36441,accae997d12c103fe2120ff330e93d23c5c46f476c42af83cbb1f8c94539cc0e
TR-36442,2025-01-20,2025-01-01,PRD,ACC-00181,RECEITA,2108.481380352177,2108.481380352177,USD,Renovação de certificados digitais - PRD,26,TED,PAGO,58be6bc5-0a1f-4bd4-a840-78cae5cdb36e,2025-02-05,ERP_CORPORATIVO,TRANSACOES_FINANCEIRAS,36442,d94bafd6c6b4910109649c88a1fcd04a9b57f8a221193ccab78bea84aafc3645
TR-36443,2025-01-16,2025-01-01,OP,ACC-00181,RECEITA,1729.9109353437407,1700.244963724196,BRL,Receita extraordinária - OP,37,PIX,ATRASADO,58be6bc5-0a1f-4bd4-a840-78cae5cdb36e,2025-02-05,ERP_CORPORATIVO,TRANSACOES_FINANCEIRAS,36443,4822532f3f45c7e498db45b3a45817f6d9d248ac3d16e611067c434ed8523943
TR-36444,2025-01-13,2025-01-01,FIN,ACC-00181,DESPESA,1990.2701388390788,1954.1485617569706,BRL,Contrato de consultoria externa - FIN,12,CARTAO,ATRASADO,58be6bc5-0a1f-4bd4-a840-78cae5cdb36e,2025-02-05,ERP_CORPORATIVO,TRANSACOES_FINANCEIRAS,36444,377261ab894d356799960bcc489370bf74ace20c42bb341f6dff40646ec1382f
TR-36445,2025-01-15,2025-01-01,FIN,ACC-00181,RECEITA,1824.1482348774264,1824.1482348774264,BRL,Compra de insumos para setor FIN,2,BOLETO,CANCELADO,58be6bc5-0a1f-4bd4-a840-78cae5cdb36e,2025-02-05,ERP_CORPORATIVO,TRANSACOES_FINANCEIRAS,36445,85fae3904bd7084aafa72bbfc5baaab9a047174f196c43964f31eda07de1fa2f
TR-36446,2025-01-10,2025-01-01,PJT,ACC-00181,DESPESA,2141.692607047941,2141.692607047941,BRL,Doação recebida em favor de PJT,36,TRANSFERENCIA,PAGO,58be6bc5-0a1f-4bd4-a840-78cae5cdb36e,2025-02-05,ERP_CORPORATIVO,TRANSACOES_FINANCEIRAS,36446,8f31465c5a966f0651cc4613320a1cbb3ab039096d5da11a8080370645b69a39
TR-36447,2025-01-20,2025-01-01,COM,ACC-00181,DESPESA,2132.778722465201,2132.778722465201,BRL,Seguro contratado pela área COM,21,TED,PAGO,58be6bc5-0a1f-4bd4-a840-78cae5cdb36e,2025-02-05,ERP_CORPORATIVO,TRANSACOES_FINANCEIRAS,36447,14cec841aa1c4509573ce2a04b2ffe0f43e7bcef2534b96a103921f494fec54e
TR-36448,2025-01-15,2025-01-01,PRD,ACC-00181,DESPESA,2010.9350865090275,2010.9350865090275,BRL,Serviço relacionado a recursos humanos (PRD),6,TRANSFERENCIA,PAGO,58be6bc5-0a1f-4bd4-a840-78cae5cdb36e,2025-02-05,ERP_CORPORATIVO,TRANSACOES_FINANCEIRAS,36448,b32a41a51dc66986b6ec8ef45e44147a3a45cd6e854fb0939a1a27ec0d522e47
TR-36449,2025-01-20,2025-01-01,TI,ACC-00181,DESPESA,3845.8161385868752,3749.0681289153,BRL,Despesa operacional - TI,8,TRANSFERENCIA,PAGO,58be6bc5-0a1f-4bd4-a840-78cae5cdb36e,2025-02-05,ERP_CORPORATIVO,TRANSACOES_FINANCEIRAS,36449,08aac8eadd9c531dbce05f9d7ef11d83aba97cc34e79cbb96d783ebd2f1d6c08
TR-36450,2025-01-17,2025-01-01,RH,ACC-00181,DESPESA,1878.9793309542883,1878.9793309542883,BRL,Licenciamento de software - RH,5,CARTAO,PAGO,58be6bc5-0a1f-4bd4-a840-78cae5cdb36e,2025-02-05,ERP_CORPORATIVO,TRANSACOES_FINANCEIRAS,36450,d628dadbca191265defdd088f06d968f393c6dcb5133301526eda0248ffd4d96
TR-36451,2025-01-15,2025-01-01,OP,ACC-00181,DESPESA,5133.8987187331195,5092.535480578177,BRL,Manutenção estrutural vinculada à área OP,3,PIX,PAGO,58be6bc5-0a1f-4bd4-a840-78cae5cdb36e,2025-02-05,ERP_CORPORATIVO,TRANSACOES_FINANCEIRAS,36451,d163629c946789c8a077b41c2ac51861a1a9699ef9ef03084a497af22c16a8e6
TR-36452,2025-01-20,2025-01-01,JUR,ACC-00181,RECEITA,1851.4889170562105,1851.4889170562105,BRL,Juros sobre operação financeira - JUR,23,TED,PAGO,58be6bc5-0a1f-4bd4-a840-78cae5cdb36e,2025-02-05,ERP_CORPORATIVO,TRANSACOES_FINANCEIRAS,36452,c12710258a5175c42fc91938ee53dc0b3e5463b81c8ab1829a4c34c5bf825b02
TR-36453,2025-01-20,2025-01-01,ESG,ACC-00181,DESPESA,2059.8741824455465,2059.8741824455465,BRL,Estorno de receita - ESG,39,BOLETO,CANCELADO,58be6bc5-0a1f-4bd4-a840-78cae5cdb36e,2025-02-05,ERP_CORPORATIVO,TRANSACOES_FINANCEIRAS,36453,98afcb450eb664f48d9cc197b16fa230ef339f1d85df82385fa29371b9e0f9a1
TR-36454,2025-01-13,2025-01-01,PES,ACC-00181,DESPESA,2387.545939521874,2387.545939521874,BRL,Honorarium advocatício - PES,24,TRANSFERENCIA,PAGO,58be6bc5-0a1f-4bd4-a840-78cae5cdb36e,2025-02-05,ERP_CORPORATIVO,TRANSACOES_FINANCEIRAS,36454,6c0e4fed4b5ff33435e7ceec38669536209a4c05213d2acb459102cad239a132
TR-36455,2025-01-16,2025-01-01,FIN,ACC-00181,RECEITA,2079.0232193420106,2056.6196953185063,BRL,Capacitação profissional vinculada a FIN,30,CARTAO,PAGO,58be6bc5-0a1f-4bd4-a840-78cae5cdb36e,2025-02-05,ERP_CORPORATIVO,TRANSACOES_FINANCEIRAS,36455,90e153d2199617de1437a29615ef0fae4a046b0267d9571187019551ac21b21f
TR-36456,2025-01-20,2025-01-01,PJT,ACC-00181,DESPESA,2109.196248016348,2087.508224068599,BRL,Aquisição de material operacional - PJT,2,TED,PAGO,58be6bc5-0a1f-4bd4-a840-78cae5cdb36e,2025-02-05,ERP_CORPORATIVO,TRANSACOES_FINANCEIRAS,36456,2150ca10a0b1a20541f47125b537dec1f69bc83ef4a4d8a8557cede3521bf4c4
TR-36457,2025-01-22,2025-01-01,CPT,ACC-00181,RECEITA,1942.594118548119,1942.594118548119,BRL,Manutenção estrutural vinculada à área CPT,3,CARTAO,ATRASADO,58be6bc5-0a1f-4bd4-a840-78cae5cdb36e,2025-02-05,ERP_CORPORATIVO,TRANSACOES_FINANCEIRAS,36457,c56a1a490f9d30cc4df1d005081b880da3a9d094b6530fb8c891c46f334c5c9b
TR-36458,2025-01-15,2025-01-01,OP,ACC-00181,DESPESA,2069.7598587387024,2069.7598587387024,BRL,Custo operacional associado a OP,8,TED,PAGO,58be6bc5-0a1f-4bd4-a840-78cae5cdb36e,2025-02-05,ERP_CORPORATIVO,TRANSACOES_FINANCEIRAS,36458,326e95ea49894641f23f204bcd0205ffc83cfe52d0e11499afd09777237cb5c8
TR-36459,2025-01-21,2025-01-01,JUR,ACC-00181,DESPESA,1584.1066496980848,1584.1066496980848,BRL,Serviço especializado solicitado por JUR,1,TRANSFERENCIA,ATRASADO,58be6bc5-0a1f-4bd4-a840-78cae5cdb36e,2025-02-05,ERP_CORPORATIVO,TRANSACOES_FINANCEIRAS,36459,8068be93cd2cf0a93535bc51381b08004adf68208996e60fbd2f35141c3ba21d
TR-36460,2025-01-10,2025-01-01,FIN,ACC-00181,RECEITA,1826.8937039723762,1788.4351353817374,BRL,Compra de insumos para setor FIN,2,PIX,PAGO,58be6bc5-0a1f-4bd4-a840-78cae5cdb36e,2025-02-05,ERP_CORPORATIVO,TRANSACOES_FINANCEIRAS,36460,25a709e2700a0e8b6f91cdd6699f3d11199c889de15098ad4b789f19336875f4
TR-36461,2025-01-01,2025-01-01,FIN,ACC-00181,DESPESA,2106.805220723454,2106.805220723454,BRL,Serviço de tecnologia contratado por FIN,5,TED,ATRASADO,58be6bc5-0a1f-4bd4-a840-78cae5cdb36e,2025-02-05,ERP_CORPORATIVO,TRANSACOES_FINANCEIRAS,36461,c404d197480cc521e34bbabda907ae6d11d43456b4c6b742b46a8fd12863c738
TR-36462,2025-01-06,2025-01-01,TI,ACC-00181,DESPESA,2110.586334592723,2013.94090395763,BRL,Resultado de equivalência patrimonial - TI,34,TED,PAGO,58be6bc5-0a1f-4bd4-a840-78cae5cdb36e,2025-02-05,ERP_CORPORATIVO,TRANSACOES_FINANCEIRAS,36462,5b9d62e4d3f3ad8a164d013f0275e57f8fe5a00b7e4f5878c360a8a6b359b8e7
TR-36463,2025-01-23,2025-01-01,COM,ACC-00181,RECEITA,1859.8038725203223,1859.8038725203223,BRL,Manutenção de equipamentos de COM,28,BOLETO,PAGO,58be6bc5-0a1f-4bd4-a840-78cae5cdb36e,2025-02-05,ERP_CORPORATIVO,TRANSACOES_FINANCEIRAS,36463,6c18f1c61e9b6d95f81add7870cf02bfe14e3026bd282886386eb14138226c32
TR-36464,2025-01-10,2025-01-01,OP,ACC-00181,RECEITA,1722.8309034139277,1693.6650227485397,BRL,Doação recebida em favor de OP,36,BOLETO,PAGO,58be6bc5-0a1f-4bd4-a840-78cae5cdb36e,2025-02-05,ERP_CORPORATIVO,TRANSACOES_FINANCEIRAS,36464,2a83e2087a0e4ee7a42a1eda0e6c27768b79383130a678a3e73df28765b948ad
TR-36465,2025-01-14,2025-01-01,PJT,ACC-00181,DESPESA,3686.0085877980814,3686.0085877980814,BRL,Propaganda e divulgação para área PJT,13,BOLETO,PAGO,58be6bc5-0a1f-4bd4-a840-78cae5cdb36e,2025-02-05,ERP_CORPORATIVO,TRANSACOES_FINANCEIRAS,36465,e4d658e95d519a4bfc6766f275c151601d731a12d58068e4d2d3a65f627fcc7f
TR-36466,2025-01-15,2025-01-01,ADM,ACC-00181,DESPESA,1880.1671466011865,1880.1671466011865,BRL,Manutenção de equipamentos de ADM,28,TED,PAGO,58be6bc5-0a1f-4bd4-a840-78cae5cdb36e,2025-02-05,ERP_CORPORATIVO,TRANSACOES_FINANCEIRAS,36466,50b260c464dba921b56a4b84e7ae46b3dcc09c2b2a8cf8d5f5c9978c354047f3
TR-36467,2025-01-01,2025-01-01,OP,ACC-00181,RECEITA,2157.3213461023965,2157.3213461023965,BRL,Serviço especializado solicitado por OP,1,TRANSFERENCIA,PAGO,58be6bc5-0a1f-4bd4-a840-78cae5cdb36e,2025-02-05,ERP_CORPORATIVO,TRANSACOES_FINANCEIRAS,36467,b5a033ee0a641d6c2ac33d9093769dff2d9cdcd41dccef73cdd5127b61a02362
TR-37005,2025-01-14,2025-01-01,QAS,ACC-00184,DESPESA,4051.0637874799386,4051.0637874799386,BRL,Devolução de venda processada por QAS,39,CARTAO,PAGO,58be6bc5-0a1f-4bd4-a840-78cae5cdb36e,2025-02-05,ERP_CORPORATIVO,TRANSACOES_FINANCEIRAS,37005,4af3891849b9166194bcd852ecaee018aaad91eea28b8454a1266ab3406a1ae8
TR-37006,2025-01-13,2025-01-01,JUR,ACC-00184,DESPESA,4459.378996364046,4359.418245979205,BRL,Compra de insumos para setor JUR,2,BOLETO,PAGO,58be6bc5-0a1f-4bd4-a840-78cae5cdb36e,2025-02-05,ERP_CORPORATIVO,TRANSACOES_FINANCEIRAS,37006,bf374257ca0d2ef96c9265b933f3fd5226f7fa17948ddd93ab022b61ea78835f
TR-37007,2025-01-17,2025-01-01,FIN,ACC-00184,DESPESA,3615.798248772663,3544.5129473020174,BRL,Atendimento de TI requisitado por FIN,29,PIX,PAGO,58be6bc5-0a1f-4bd4-a840-78cae5cdb36e,2025-02-05,ERP_CORPORATIVO,TRANSACOES_FINANCEIRAS,37007,c4d58ad2476610299a4a212c4c96e632da671fe997077d4bc9077932a7bc28d4
TR-37008,2025-01-27,2025-01-01,FIN,ACC-00184,DESPESA,3510.170165655552,3510.170165655552,BRL,Honorários profissionais contratados por FIN,11,CARTAO,PAGO,58be6bc5-0a1f-4bd4-a840-78cae5cdb36e,2025-02-05,ERP_CORPORATIVO,TRANSACOES_FINANCEIRAS,37008,b44e6dc6b757bb15539c62abdeca3da6ced7e485d6f0a00273f92b0715d8c104
TR-37009,2025-01-09,2025-01-01,COMP,ACC-00184,DESPESA,3558.1611290974697,3558.1611290974697,BRL,Despesa de refeição em deslocamento (COMP),20,PIX,PAGO,58be6bc5-0a1f-4bd4-a840-78cae5cdb36e,2025-02-05,ERP_CORPORATIVO,TRANSACOES_FINANCEIRAS,37009,bd7b443a7a90702befec643fed9024e1ed561864c97372d80fa031761afccdc2
TR-37010,2025-01-21,2025-01-01,OP,ACC-00184,RECEITA,3405.5557450476776,3405.5557450476776,BRL,Alimentação em viagem corporativa - OP,20,PIX,PAGO,58be6bc5-0a1f-4bd4-a840-78cae5cdb36e,2025-02-05,ERP_CORPORATIVO,TRANSACOES_FINANCEIRAS,37010,aab3f0bc936b6bcc5bcac006a77bb0511403845ecb3d97ad647af75f0c2877f3
TR-37011,2025-01-15,2025-01-01,SEC,ACC-00184,DESPESA,3625.296946608374,3625.296946608374,BRL,Compra de insumos para setor SEC,2,BOLETO,PAGO,58be6bc5-0a1f-4bd4-a840-78cae5cdb36e,2025-02-05,ERP_CORPORATIVO,TRANSACOES_FINANCEIRAS,37011,2411359b7b59659a27530df60bf79dbbcb5edbdfe31717992cef14a694c91b72
TR-37012,2025-01-13,2025-01-01,FIN,ACC-00184,DESPESA,4497.111285197033,4497.111285197033,BRL,Reparo de hardware solicitado por FIN,28,TRANSFERENCIA,PAGO,58be6bc5-0a1f-4bd4-a840-78cae5cdb36e,2025-02-05,ERP_CORPORATIVO,TRANSACOES_FINANCEIRAS,37012,155aa2a1dfebb8b7d1a02f8969f3cdbd60cee72963eb66c87e7013f1d8a7bc91
TR-37013,2025-01-21,2025-01-01,RH,ACC-00184,DESPESA,3385.0443282912715,3385.0443282912715,BRL,Tributo incidente sobre receita de RH,40,CARTAO,CANCELADO,58be6bc5-0a1f-4bd4-a840-78cae5cdb36e,2025-02-05,ERP_CORPORATIVO,TRANSACOES_FINANCEIRAS,37013,7bec86d1e1f20b52dcbb8dc21e39ec0660eaa934ad71af804488931e95c2b20d
TR-37014,2025-01-22,2025-01-01,FIN,ACC-00184,DESPESA,3912.5770454423414,3912.5770454423414,BRL,Contrato de consultoria externa - FIN,12,TED,PAGO,58be6bc5-0a1f-4bd4-a840-78cae5cdb36e,2025-02-05,ERP_CORPORATIVO,TRANSACOES_FINANCEIRAS,37014,f106b80688ab466ccef528cda7e10f6a6ccfb039a9fc6a8e720f78989f14cc30
TR-37015,2025-01-20,2025-01-01,FIN,ACC-00184,DESPESA,8842.177672965317,8842.177672965317,BRL,Aquisição de material operacional - FIN,2,PIX,PAGO,58be6bc5-0a1f-4bd4-a840-78cae5cdb36e,2025-02-05,ERP_CORPORATIVO,TRANSACOES_FINANCEIRAS,37015,ee52d45a71425cac6249f40aa74375faefe88ceeee3b22b7f0a47f3e2e435202
TR-37081,2025-01-20,2025-01-01,FIN,ACC-00185,DESPESA,1156.7646401808845,1156.7646401808845,BRL,Compra de insumos para setor FIN,2,TRANSFERENCIA,PAGO,58be6bc5-0a1f-4bd4-a840-78cae5cdb36e,2025-02-05,ERP_CORPORATIVO,TRANSACOES_FINANCEIRAS,37081,488093b81c48f592dc683cff49e72705ea392cc5d28f8d7b1263a5e4511b3008
TR-37082,2025-01-13,2025-01-01,COM,ACC-00185,DESPESA,1117.9094438350332,1117.9094438350332,BRL,Aquisição de material operacional - COM,2,PIX,CANCELADO,58be6bc5-0a1f-4bd4-a840-78cae5cdb36e,2025-02-05,ERP_CORPORATIVO,TRANSACOES_FINANCEIRAS,37082,344d88fb657d6d5d7a050969baa8323a5f64659c048fee747730000f5605a2d0
TR-37083,2025-01-17,2025-01-01,PES,ACC-00185,DESPESA,1307.7322110825621,1307.7322110825621,BRL,Locação de espaço comercial - PES,31,BOLETO,ATRASADO,58be6bc5-0a1f-4bd4-a840-78cae5cdb36e,2025-02-05,ERP_CORPORATIVO,TRANSACOES_FINANCEIRAS,37083,3e0d94d87d75a7e0eb2b5fa422b29bdecda6e4c25fb88ef2fe9667bffa5d8202
TR-37084,2025-01-16,2025-01-01,COM,ACC-00185,DESPESA,1291.170263099686,1291.170263099686,BRL,Reparo de hardware solicitado por COM,28,PIX,PAGO,58be6bc5-0a1f-4bd4-a840-78cae5cdb36e,2025-02-05,ERP_CORPORATIVO,TRANSACOES_FINANCEIRAS,37084,b37832cfdb64208260b84117f933b85f3b16d12a1882771851c8a276afff0d49
TR-37085,2025-01-27,2025-01-01,OP,ACC-00185,RECEITA,1097.6319462987815,1082.894751029526,BRL,Atendimento de TI requisitado por OP,29,CARTAO,ATRASADO,58be6bc5-0a1f-4bd4-a840-78cae5cdb36e,2025-02-05,ERP_CORPORATIVO,TRANSACOES_FINANCEIRAS,37085,cc56914332f3ade5beb47c5c01195a92e29a20820bf1c6df5d1cb52872786a16
TR-37086,2025-01-13,2025-01-01,CTB,ACC-00185,RECEITA,1150.4600372572834,1150.4600372572834,BRL,Serviço especializado solicitado por CTB,1,TRANSFERENCIA,PAGO,58be6bc5-0a1f-4bd4-a840-78cae5cdb36e,2025-02-05,ERP_CORPORATIVO,TRANSACOES_FINANCEIRAS,37086,60f4cece460fe4f887d9baac13c133feac6b22a2a549fded4ac6a520bd17aa8f
TR-37087,2025-01-02,2025-01-01,COM,ACC-00185,RECEITA,1286.3336232159952,1286.3336232159952,BRL,Material de marketing solicitado por COM,15,BOLETO,ATRASADO,58be6bc5-0a1f-4bd4-a840-78cae5cdb36e,2025-02-05,ERP_CORPORATIVO,TRANSACOES_FINANCEIRAS,37087,1471ac3adad8e7233d7aa4dbe905b3e56fe743ccbc34cac8195a8730460a9956
TR-37088,2025-01-15,2025-01-01,OP,ACC-00185,RECEITA,992.747413857538,992.747413857538,BRL,Custo operacional associado a OP,8,TED,PAGO,58be6bc5-0a1f-4bd4-a840-78cae5cdb36e,2025-02-05,ERP_CORPORATIVO,TRANSACOES_FINANCEIRAS,37088,d68f12b402f4bd217e6ee6d992a1d45cad80943d553b39421a9fdd1800e48a5b
TR-37276,2025-01-15,2025-01-01,MKT,1000185,DESPESA,7441.808548317723,7441.808548317723,BRL,Custo operacional associado a MKT,8,CARTAO,PAGO,58be6bc5-0a1f-4bd4-a840-78cae5cdb36e,2025-02-05,ERP_CORPORATIVO,TRANSACOES_FINANCEIRAS,37276,dd85db75c7e014d54a2e092857bdbc29d4120e2077e4e708ae7738148af3b758
TR-37277,2025-01-03,2025-01-01,COMP,1000185,RECEITA,7821.418119580111,7821.418119580111,BRL,Licença de software para área COMP,27,TED,PAGO,58be6bc5-0a1f-4bd4-a840-78cae5cdb36e,2025-02-05,ERP_CORPORATIVO,TRANSACOES_FINANCEIRAS,37277,0412b041b463b3e7c0b4eb82fa6fd4cf10f9064a9aa4ef0c4afdcb9e0b13489f
TR-37278,2025-01-21,2025-01-01,LOG,1000185,DESPESA,6996.2453537646,6996.2453537646,BRL,Despesa de infraestrutura - LOG,3,PIX,PAGO,58be6bc5-0a1f-4bd4-a840-78cae5cdb36e,2025-02-05,ERP_CORPORATIVO,TRANSACOES_FINANCEIRAS,37278,aed7002d0a14c042312f1afa46730dc97e382ddee2d160e3fdcab247ec3b2697
TR-37279,2025-01-14,2025-01-01,SEC,1000185,DESPESA,7265.190650537643,7265.190650537643,BRL,Serviço técnico especializado para SEC,11,TRANSFERENCIA,PAGO,58be6bc5-0a1f-4bd4-a840-78cae5cdb36e,2025-02-05,ERP_CORPORATIVO,TRANSACOES_FINANCEIRAS,37279,5cad12ddcad2d0c80695bbae52c22a675cc0929dca349e0880ca387f5d600e8f
TR-37280,2025-01-13,2025-01-01,RH,1000185,RECEITA,8056.417518265013,8056.417518265013,BRL,Custo operacional associado a RH,8,BOLETO,PAGO,58be6bc5-0a1f-4bd4-a840-78cae5cdb36e,2025-02-05,ERP_CORPORATIVO,TRANSACOES_FINANCEIRAS,37280,ef9b33598d5d45924d9682e0f971b3114220ace4dd2396df0444142420952be5
TR-37281,2025-01-06,2025-01-01,COM,1000185,DESPESA,7515.057887349334,7197.967534124022,BRL,Custo operacional associado a COM,8,TED,ATRASADO,58be6bc5-0a1f-4bd4-a840-78cae5cdb36e,2025-02-05,ERP_CORPORATIVO,TRANSACOES_FINANCEIRAS,37281,b352d24a9c26c5ca745c79ba565168dbdfc1e8751cfa0cf2b557a8b4516c6fb3
TR-37282,2025-01-17,2025-01-01,COMP,1000185,DESPESA,8611.07389196192,8611.07389196192,BRL,Campanha institucional - COMP,4,TRANSFERENCIA,PAGO,58be6bc5-0a1f-4bd4-a840-78cae5cdb36e,2025-02-05,ERP_CORPORATIVO,TRANSACOES_FINANCEIRAS,37282,b99db3e65b3f2129b9d63cc48466c21dfc88b773778e48e143ae914e26d4b5dd
TR-37283,2025-01-15,2025-01-01,ADM,1000185,RECEITA,2029.3216998323426,2029.3216998323426,BRL,Juros sobre operação financeira - ADM,23,BOLETO,PAGO,58be6bc5-0a1f-4bd4-a840-78cae5cdb36e,2025-02-05,ERP_CORPORATIVO,TRANSACOES_FINANCEIRAS,37283,f6e75d291e42d9e17f5e659d577ad2f25fea763d35774ec81ae43b3199d85db1
TR-37335,2025-01-17,2025-01-01,FIN,ACC-00187,RECEITA,4920.374852327072,4920.374852327072,BRL,Serviço especializado solicitado por FIN,1,PIX,CANCELADO,58be6bc5-0a1f-4bd4-a840-78cae5cdb36e,2025-02-05,ERP_CORPORATIVO,TRANSACOES_FINANCEIRAS,37335,ab5c6fecb6e57dd213bf540f4405fff918aef0adbc1cf7b4acf0a84ef4ce29f3
TR-37336,2025-01-20,2025-01-01,MKT,ACC-00187,DESPESA,5447.881197921442,5447.881197921442,BRL,Seguro contratado pela área MKT,21,BOLETO,PAGO,58be6bc5-0a1f-4bd4-a840-78cae5cdb36e,2025-02-05,ERP_CORPORATIVO,TRANSACOES_FINANCEIRAS,37336,375d9d666fab099433963de6a958b170d0405aea0a4b1674211e0ca9d05b9770
TR-37337,2025-01-21,2025-01-01,FIN,ACC-00187,DESPESA,5358.383227873936,5228.813198345401,EUR,Contrato de SaaS vinculado a FIN,27,PIX,PAGO,58be6bc5-0a1f-4bd4-a840-78cae5cdb36e,2025-02-05,ERP_CORPORATIVO,TRANSACOES_FINANCEIRAS,37337,c0843c18ba133077e6080d041fdf05ecb3b13bb366dfdac2d0ebb98dfec78fbf
TR-37338,2025-01-29,2025-01-01,CPT,ACC-00187,DESPESA,4221.557965976955,4221.557965976955,BRL,Combustível e lubrificantes para frota (CPT),16,CARTAO,PAGO,58be6bc5-0a1f-4bd4-a840-78cae5cdb36e,2025-02-05,ERP_CORPORATIVO,TRANSACOES_FINANCEIRAS,37338,97c4b4066fe5de93769fb0cfb823213013c44efb7802ae4779fad6402c0b458c
TR-37339,2025-01-20,2025-01-01,QAS,ACC-00187,RECEITA,15140.48482834134,15070.949124285067,BRL,Devolução de venda processada por QAS,39,CARTAO,PAGO,58be6bc5-0a1f-4bd4-a840-78cae5cdb36e,2025-02-05,ERP_CORPORATIVO,TRANSACOES_FINANCEIRAS,37339,bcb212e29b7952e1c76e7f5e9eedd290e3d1e9357c689b3cbaa87b355727720a
TR-37340,2025-01-06,2025-01-01,RH,ACC-00187,DESPESA,4718.725829840697,4579.211420419008,BRL,Licenciamento de software - RH,5,BOLETO,PAGO,58be6bc5-0a1f-4bd4-a840-78cae5cdb36e,2025-02-05,ERP_CORPORATIVO,TRANSACOES_FINANCEIRAS,37340,7ac4cc430dd03167032d0bd051bd808fd5ff3cad4646ee914af667917680c835
TR-37341,2025-01-21,2025-01-01,COMP,ACC-00187,RECEITA,7414.597283000587,7317.244724162424,BRL,Atendimento de TI requisitado por COMP,29,TED,ATRASADO,58be6bc5-0a1f-4bd4-a840-78cae5cdb36e,2025-02-05,ERP_CORPORATIVO,TRANSACOES_FINANCEIRAS,37341,f69c01a6de47ce7454d7709405ed967d6514253e4d50e03027a412da6167daf6
TR-37961,2025-01-27,2025-01-01,ESG,FORN-00192,RECEITA,4621.5625618807135,4494.134483101451,BRL,Despesa operacional - ESG,8,PIX,PAGO,58be6bc5-0a1f-4bd4-a840-78cae5cdb36e,2025-02-05,ERP_CORPORATIVO,TRANSACOES_FINANCEIRAS,37961,56dc0105991bd6464111ca415d5003a31d7b6eb914b14c32149dc93ed0080109
TR-37962,2025-01-09,2025-01-01,CTB,FORN-00192,RECEITA,5307.721269934311,5174.684518096931,BRL,Licenciamento de software - CTB,5,PIX,ATRASADO,58be6bc5-0a1f-4bd4-a840-78cae5cdb36e,2025-02-05,ERP_CORPORATIVO,TRANSACOES_FINANCEIRAS,37962,214d283831616140124c019dc5855d1fdcdb67db7b400d5b5c6311b81dc79dc5
TR-37963,2025-01-15,2025-01-01,FIN,FORN-00192,RECEITA,5205.700193533605,5096.438017705737,USD,Reparo de frota vinculado à área FIN,17,PIX,CANCELADO,58be6bc5-0a1f-4bd4-a840-78cae5cdb36e,2025-02-05,ERP_CORPORATIVO,TRANSACOES_FINANCEIRAS,37963,f8562c4ce3a1b17f32630b206d4d48b1f73003584fe46da354ea981f6550f851
TR-37964,2025-01-17,2025-01-01,OP,FORN-00192,RECEITA,4140.0961860373645,4140.0961860373645,BRL,Compra de insumos para setor OP,2,BOLETO,PAGO,58be6bc5-0a1f-4bd4-a840-78cae5cdb36e,2025-02-05,ERP_CORPORATIVO,TRANSACOES_FINANCEIRAS,37964,5992a07112f1a078d374d5a9875ab5e228d6945e763011861b087990d720d0b6
TR-37965,2025-01-06,2025-01-01,RH,FORN-00192,RECEITA,4835.624984273256,4835.624984273256,BRL,Serviço especializado solicitado por RH,1,PIX,ATRASADO,58be6bc5-0a1f-4bd4-a840-78cae5cdb36e,2025-02-05,ERP_CORPORATIVO,TRANSACOES_FINANCEIRAS,37965,4683ec72c3884c09e7cec39f6dab2d2c99ae38971c15b810e73d1a8251291e38
TR-37966,2025-01-13,2025-01-01,TI,FORN-00192,RECEITA,4276.900397315422,4276.900397315422,BRL,Recebimento de subvenção - TI,36,BOLETO,PAGO,58be6bc5-0a1f-4bd4-a840-78cae5cdb36e,2025-02-05,ERP_CORPORATIVO,TRANSACOES_FINANCEIRAS,37966,00c861e148939e1b6aeb63cbae00337d7ec2711f09e2ef4e5309d90540aae898
TR-37967,2025-01-27,2025-01-01,ADM,FORN-00192,DESPESA,4702.034568932156,4702.034568932156,BRL,Licenciamento de software - ADM,5,BOLETO,PAGO,58be6bc5-0a1f-4bd4-a840-78cae5cdb36e,2025-02-05,ERP_CORPORATIVO,TRANSACOES_FINANCEIRAS,37967,56a509e839a09cd104b754855b5f8e4e5c0e3bdd754755abfea52c167f716ac1
TR-37968,2025-01-20,2025-01-01,RH,FORN-00192,RECEITA,5281.985295168389,5281.985295168389,BRL,Propaganda e divulgação para área RH,13,TED,PAGO,58be6bc5-0a1f-4bd4-a840-78cae5cdb36e,2025-02-05,ERP_CORPORATIVO,TRANSACOES_FINANCEIRAS,37968,0b94f06c257d70b59dd433da8c3e4c144a475d4382cecab33b7d128937b7c0ba
TR-37969,2025-01-13,2025-01-01,FIN,FORN-00192,RECEITA,4413.074766798634,4258.400153666468,BRL,Certificado digital adquirido por FIN,26,BOLETO,PAGO,58be6bc5-0a1f-4bd4-a840-78cae5cdb36e,2025-02-05,ERP_CORPORATIVO,TRANSACOES_FINANCEIRAS,37969,d3daa3461d1f20b3773dd0bf43b18f680ac6d247efcebe415ee9d25f7c8251ce
TR-37970,2025-01-10,2025-01-01,COM,FORN-00192,DESPESA,4197.410255126753,4197.410255126753,BRL,Serviço relacionado a recursos humanos (COM),6,TED,ATRASADO,58be6bc5-0a1f-4bd4-a840-78cae5cdb36e,2025-02-05,ERP_CORPORATIVO,TRANSACOES_FINANCEIRAS,37970,02f82ec105a85937f8af9de6e52798e43d446b0eeccc7e759023aa73686d0154
TR-37971,2025-01-09,2025-01-01,SEC,FORN-00192,DESPESA,4656.910114470802,4540.4440441456545,BRL,Serviço especializado solicitado por SEC,1,BOLETO,CANCELADO,58be6bc5-0a1f-4bd4-a840-78cae5cdb36e,2025-02-05,ERP_CORPORATIVO,TRANSACOES_FINANCEIRAS,37971,8d2c1c3d2b5f3845fffa2ba287ed803ea028b0077cceec1767313ffcd9103681
TR-37972,2025-01-06,2025-01-01,PES,FORN-00192,RECEITA,5286.872228698253,5286.872228698253,BRL,Consultoria estratégica para área PES,12,BOLETO,PAGO,58be6bc5-0a1f-4bd4-a840-78cae5cdb36e,2025-02-05,ERP_CORPORATIVO,TRANSACOES_FINANCEIRAS,37972,2fec67e074273678eb5f813b29bf1673c3d4bf84ac3a8cb164e222de959cee5d
TR-38088,2025-01-27,2025-01-01,JUR,FORN-00193,DESPESA,1162.4114732884714,1162.4114732884714,BRL,Despesa de infraestrutura - JUR,3,CARTAO,PAGO,58be6bc5-0a1f-4bd4-a840-78cae5cdb36e,2025-02-05,ERP_CORPORATIVO,TRANSACOES_FINANCEIRAS,38088,0bf3fda477b6789df537bfc8249c3f50f7f1a8e9bad827291bfe67a1f75950a7
TR-38089,2025-01-09,2025-01-01,COMP,FORN-00193,DESPESA,1191.7131531918021,1153.277307165911,BRL,Campanha institucional - COMP,4,TRANSFERENCIA,PAGO,58be6bc5-0a1f-4bd4-a840-78cae5cdb36e,2025-02-05,ERP_CORPORATIVO,TRANSACOES_FINANCEIRAS,38089,099a3e87ea8b80b439002fd9be20a2d9a918a64d712ad178a6f6760749567268
TR-38090,2025-01-28,2025-01-01,FIN,FORN-00193,DESPESA,1125.8223526340983,1125.8223526340983,BRL,Abatimento comercial registrado em FIN,38,PIX,PAGO,58be6bc5-0a1f-4bd4-a840-78cae5cdb36e,2025-02-05,ERP_CORPORATIVO,TRANSACOES_FINANCEIRAS,38090,dc3e829c0396bd87082c300557ded7f9ea7a0ce24b61cc6867ce35b920fcda25
TR-38091,2025-01-20,2025-01-01,LOG,FORN-00193,DESPESA,1208.3153123742723,1208.3153123742723,BRL,Despesa de infraestrutura - LOG,3,BOLETO,PAGO,58be6bc5-0a1f-4bd4-a840-78cae5cdb36e,2025-02-05,ERP_CORPORATIVO,TRANSACOES_FINANCEIRAS,38091,a715744037520b83f0f9b2b0500da6fbb778397c0d9ed1699f41c202d9d9eb5c
TR-38092,2025-01-07,2025-01-01,LOG,FORN-00193,DESPESA,1005.4375521490044,955.5405863771881,BRL,Prestação de serviço para área LOG,1,BOLETO,PAGO,58be6bc5-0a1f-4bd4-a840-78cae5cdb36e,2025-02-05,ERP_CORPORATIVO,TRANSACOES_FINANCEIRAS,38092,3ad1e1cac71f40ef77568a5e2eb57501b29005788fa84e4ad541a3b3a9a3fdce
TR-38093,2025-01-16,2025-01-01,COMP,FORN-00193,DESPESA,1453.7085945335518,1453.7085945335518,BRL,Comissão recebida por COMP,33,PIX,PAGO,58be6bc5-0a1f-4bd4-a840-78cae5cdb36e,2025-02-05,ERP_CORPORATIVO,TRANSACOES_FINANCEIRAS,38093,895e58dbab90e2454581a601f03e9f4c3d5e4181b5c1ce9bd585953e01692ad5
TR-38094,2025-01-20,2025-01-01,MKT,FORN-00193,DESPESA,1228.897374999213,1228.897374999213,BRL,Manutenção de equipamentos de MKT,28,BOLETO,PAGO,58be6bc5-0a1f-4bd4-a840-78cae5cdb36e,2025-02-05,ERP_CORPORATIVO,TRANSACOES_FINANCEIRAS,38094,113d197c1a93c044bf4dc1129073f43484462d67afb024c4af83a4bc6b7e547a
TR-38095,2025-01-16,2025-01-01,CTB,FORN-00193,DESPESA,1233.7770557469912,1233.7770557469912,BRL,Tarifas de serviços financeiros - CTB,22,TRANSFERENCIA,CANCELADO,58be6bc5-0a1f-4bd4-a840-78cae5cdb36e,2025-02-05,ERP_CORPORATIVO,TRANSACOES_FINANCEIRAS,38095,40efcb3737f980999c65fbd31915337facb7a530e6573a23c085d3b3fbc004be
TR-38301,2025-01-06,2025-01-01,OP,1000193,DESPESA,4184.664040006967,4016.2123710936294,BRL,Aquisição de material operacional - OP,2,BOLETO,PAGO,58be6bc5-0a1f-4bd4-a840-78cae5cdb36e,2025-02-05,ERP_CORPORATIVO,TRANSACOES_FINANCEIRAS,38301,ac0aff2a5fa90c42b0d1b19b04340b74fd28878285d22abc19b6ac4740df51a2
TR-38302,2025-01-08,2025-01-01,COMP,1000193,DESPESA,4596.869384766068,4596.869384766068,BRL,Compra de insumos para setor COMP,2,BOLETO,PAGO,58be6bc5-0a1f-4bd4-a840-78cae5cdb36e,2025-02-05,ERP_CORPORATIVO,TRANSACOES_FINANCEIRAS,38302,a510bca41c943b72f02c8aa68b8f7952941d23143410dcb840072a8992ebb5f5
TR-38303,2025-01-09,2025-01-01,ATD,1000193,DESPESA,4891.0235320472575,4659.211326848579,BRL,Campanha institucional - ATD,4,PIX,PAGO,58be6bc5-0a1f-4bd4-a840-78cae5cdb36e,2025-02-05,ERP_CORPORATIVO,TRANSACOES_FINANCEIRAS,38303,675f1a983b50ef2eca54efb3beed18f6d30e5ff99f97900dd2ebee41b96c521e
TR-38304,2025-01-08,2025-01-01,COMP,1000193,DESPESA,3977.3624983964273,3977.3624983964273,BRL,Custo operacional associado a COMP,8,CARTAO,ATRASADO,58be6bc5-0a1f-4bd4-a840-78cae5cdb36e,2025-02-05,ERP_CORPORATIVO,TRANSACOES_FINANCEIRAS,38304,a5338bc40370ac661bf4c7ae878fb0119240e49564a82e707794aec9d6205362
TR-38305,2025-01-17,2025-01-01,TI,1000193,RECEITA,4077.2227029779287,4077.2227029779287,BRL,Serviço especializado solicitado por TI,1,BOLETO,PAGO,58be6bc5-0a1f-4bd4-a840-78cae5cdb36e,2025-02-05,ERP_CORPORATIVO,TRANSACOES_FINANCEIRAS,38305,69ed3812276f7f934a0565356e2eeb028d791e51d339c9d53106f6807f5cf698
TR-38306,2025-01-13,2025-01-01,LOG,1000193,DESPESA,4687.150992495512,4453.004772169432,BRL,Despesa de infraestrutura - LOG,3,PIX,ATRASADO,58be6bc5-0a1f-4bd4-a840-78cae5cdb36e,2025-02-05,ERP_CORPORATIVO,TRANSACOES_FINANCEIRAS,38306,63aa6f1fea7993d73eb377d472770aa1c54adb0259ce16852e5e47d92c788d16
TR-38307,2025-01-13,2025-01-01,OP,1000193,DESPESA,8438.114300631534,8268.457632515267,BRL,Serviço especializado solicitado por OP,1,TED,PAGO,58be6bc5-0a1f-4bd4-a840-78cae5cdb36e,2025-02-05,ERP_CORPORATIVO,TRANSACOES_FINANCEIRAS,38307,9c0fd7e4e3af3da281950d4546874e35036cc4e86157c9210f8ad27555829531
TR-38308,2025-01-15,2025-01-01,LOG,1000193,DESPESA,4157.740387028246,4109.24709534803,BRL,Despesa operacional - LOG,8,PIX,ATRASADO,58be6bc5-0a1f-4bd4-a840-78cae5cdb36e,2025-02-05,ERP_CORPORATIVO,TRANSACOES_FINANCEIRAS,38308,02b2df7a216093b6a71a52eec365073599c822feae58f31c789eeac43964057d
TR-38309,2025-01-14,2025-01-01,PRD,1000193,DESPESA,5446.874086193413,5446.874086193413,BRL,Serviços contábeis externos - PRD,25,TRANSFERENCIA,PAGO,58be6bc5-0a1f-4bd4-a840-78cae5cdb36e,2025-02-05,ERP_CORPORATIVO,TRANSACOES_FINANCEIRAS,38309,32f1cabaecf62828d932699a0dfdd4e8dfcacd38b4de48c90b83831d1d6f34b8
TR-38310,2025-01-14,2025-01-01,FIN,1000193,RECEITA,4468.834519530234,4468.834519530234,BRL,Estorno de receita - FIN,39,TRANSFERENCIA,PAGO,58be6bc5-0a1f-4bd4-a840-78cae5cdb36e,2025-02-05,ERP_CORPORATIVO,TRANSACOES_FINANCEIRAS,38310,fca446f80b620f566e9acdbd1ad85691880d9bd8111dd0f2016052f243d11242
TR-38311,2025-01-27,2025-01-01,COM,1000193,DESPESA,4262.374736122342,4262.374736122342,EUR,Imposto sobre venda apurado em COM,40,PIX,PAGO,58be6bc5-0a1f-4bd4-a840-78cae5cdb36e,2025-02-05,ERP_CORPORATIVO,TRANSACOES_FINANCEIRAS,38311,71a74d981f29266fa0b7ded615a379256a13ea0454c181e1fffe25866dfc0ab5
TR-38312,2025-01-15,2025-01-01,VND,1000193,DESPESA,3690.567033635027,3690.567033635027,BRL,Certificado digital adquirido por VND,26,BOLETO,PAGO,58be6bc5-0a1f-4bd4-a840-78cae5cdb36e,2025-02-05,ERP_CORPORATIVO,TRANSACOES_FINANCEIRAS,38312,05a0af8957e681d7ac160a33279b6f323a4e880d1686973febf53338b87f49da
TR-38313,2025-01-20,2025-01-01,RH,1000193,RECEITA,1086.6505206561765,1040.1026870513297,BRL,Contrato de conectividade para área RH,9,TRANSFERENCIA,PAGO,58be6bc5-0a1f-4bd4-a840-78cae5cdb36e,2025-02-05,ERP_CORPORATIVO,TRANSACOES_FINANCEIRAS,38313,a33b78a8760b42f169c7d380d1bac2b7c05afe41050dd53534705c495f81b4a4
TR-38702,2025-01-13,2025-01-01,MKT,FORN-00195,DESPESA,1788.926177365327,1788.926177365327,BRL,Manutenção estrutural vinculada à área MKT,3,BOLETO,PAGO,58be6bc5-0a1f-4bd4-a840-78cae5cdb36e,2025-02-05,ERP_CORPORATIVO,TRANSACOES_FINANCEIRAS,38702,25b9ee4f995c81947b68339f750224663cbe5d20bf65921363a81333144b5e1a
TR-38703,2025-01-23,2025-01-01,COMP,FORN-00195,DESPESA,1523.8962795681757,1523.8962795681757,BRL,Publicidade institucional - COMP,13,BOLETO,PAGO,58be6bc5-0a1f-4bd4-a840-78cae5cdb36e,2025-02-05,ERP_CORPORATIVO,TRANSACOES_FINANCEIRAS,38703,7a5961e1091eb954b9159a0aa6936d0aa88f98fa7456498d419b0ada3c755959
TR-38704,2025-01-20,2025-01-01,PRD,FORN-00195,DESPESA,1802.3535767457365,1802.3535767457365,BRL,Abastecimento de veículos - PRD,16,TRANSFERENCIA,PAGO,58be6bc5-0a1f-4bd4-a840-78cae5cdb36e,2025-02-05,ERP_CORPORATIVO,TRANSACOES_FINANCEIRAS,38704,6015fdf99511f92753c34e1b058e0c3f54666307ab6f85be75d7dcd6f9de6d9d
TR-38705,2025-01-16,2025-01-01,CPT,FORN-00195,DESPESA,1825.7819457596333,1825.7819457596333,BRL,Despesa operacional - CPT,8,TRANSFERENCIA,PAGO,58be6bc5-0a1f-4bd4-a840-78cae5cdb36e,2025-02-05,ERP_CORPORATIVO,TRANSACOES_FINANCEIRAS,38705,65696364e954ebd778088866fb16af61956887e2ce9157df9559fd29f39a2de5
TR-38706,2025-01-20,2025-01-01,RH,FORN-00195,RECEITA,1628.1263673371914,1628.1263673371914,BRL,Receita de comissão comercial - RH,33,PIX,PAGO,58be6bc5-0a1f-4bd4-a840-78cae5cdb36e,2025-02-05,ERP_CORPORATIVO,TRANSACOES_FINANCEIRAS,38706,0de435d5bad9ca401a28d9ff99700af253b868b25acf1e03e0aabaf2d0d7a1c1
TR-38707,2025-01-13,2025-01-01,COMP,FORN-00195,RECEITA,1725.2404925166445,1725.2404925166445,BRL,Licenciamento de software - COMP,5,TED,PAGO,58be6bc5-0a1f-4bd4-a840-78cae5cdb36e,2025-02-05,ERP_CORPORATIVO,TRANSACOES_FINANCEIRAS,38707,ca0693f03fc0cb544750dd095dbe7e1a5a36bd454a71702d6b0ae5e818b58da4
TR-38708,2025-01-24,2025-01-01,PES,FORN-00195,RECEITA,1620.6731300583608,1620.6731300583608,BRL,Contrato de serviço - setor PES,1,TED,PAGO,58be6bc5-0a1f-4bd4-a840-78cae5cdb36e,2025-02-05,ERP_CORPORATIVO,TRANSACOES_FINANCEIRAS,38708,58e83a9ae226c91a82f58df6c5a2c4c7e28b727f320b8e1be299de3780ca02ca
TR-38709,2025-01-15,2025-01-01,JUR,FORN-00195,DESPESA,1553.815949624001,1553.815949624001,BRL,Manutenção estrutural vinculada à área JUR,3,TED,PAGO,58be6bc5-0a1f-4bd4-a840-78cae5cdb36e,2025-02-05,ERP_CORPORATIVO,TRANSACOES_FINANCEIRAS,38709,9183d7948f50ddf532777c38df59fc9a9fad25d82ea4902f55d81949d73c5a46
TR-38710,2025-01-15,2025-01-01,JUR,FORN-00195,DESPESA,2109.252955583896,2109.252955583896,USD,Manutenção de equipamentos de JUR,28,TED,PAGO,58be6bc5-0a1f-4bd4-a840-78cae5cdb36e,2025-02-05,ERP_CORPORATIVO,TRANSACOES_FINANCEIRAS,38710,29c5cb943b423030e2f3a4625bc3bb8137452fcb6f6a498b24596de4c2a2804e
TR-38711,2025-01-13,2025-01-01,FIN,FORN-00195,RECEITA,1554.199444489643,1478.354192026112,BRL,Serviço especializado solicitado por FIN,1,TED,ATRASADO,58be6bc5-0a1f-4bd4-a840-78cae5cdb36e,2025-02-05,ERP_CORPORATIVO,TRANSACOES_FINANCEIRAS,38711,52c29807e4d836ca5c59f8b6a59a30c9550ed5cecaff673bc447657edc688470
TR-38712,2025-01-16,2025-01-01,COMP,FORN-00195,RECEITA,1839.63351465133,1762.3029988347341,BRL,Custo operacional associado a COMP,8,TED,ATRASADO,58be6bc5-0a1f-4bd4-a840-78cae5cdb36e,2025-02-05,ERP_CORPORATIVO,TRANSACOES_FINANCEIRAS,38712,937a5d7efa76326189cd13a5e1b8ef320b1778a6de2e33a8045d34831ce337b6
TR-38713,2025-01-27,2025-01-01,FIN,FORN-00195,DESPESA,2005.2151154992168,1948.1810074309258,BRL,Despesa operacional - FIN,8,PIX,PAGO,58be6bc5-0a1f-4bd4-a840-78cae5cdb36e,2025-02-05,ERP_CORPORATIVO,TRANSACOES_FINANCEIRAS,38713,3fcde78b441e8df31d0a836864eb1a70dc8b574405a674509b84dfbcbfa02e2b
TR-38714,2025-01-07,2025-01-01,PJT,FORN-00195,RECEITA,2096.6248596305713,2014.55083128429,BRL,Despesa operacional - PJT,8,PIX,PAGO,58be6bc5-0a1f-4bd4-a840-78cae5cdb36e,2025-02-05,ERP_CORPORATIVO,TRANSACOES_FINANCEIRAS,38714,7442ab4cc7d545842b0fb33ab5b9d7f662dabda384c857309ff723d2aacdabd4
TR-38715,2025-01-14,2025-01-01,OP,FORN-00195,RECEITA,1635.6376203058273,1635.6376203058273,BRL,Manutenção predial solicitada por OP,10,BOLETO,PAGO,58be6bc5-0a1f-4bd4-a840-78cae5cdb36e,2025-02-05,ERP_CORPORATIVO,TRANSACOES_FINANCEIRAS,38715,877d55eccc9d88af6f6ebd8ce171d69c92afdcaed297d8a2b7934edf5541968e
TR-38716,2025-01-17,2025-01-01,FIN,FORN-00195,RECEITA,2066.7012439244236,2045.946551281713,BRL,Contrato de serviço - setor FIN,1,BOLETO,ATRASADO,58be6bc5-0a1f-4bd4-a840-78cae5cdb36e,2025-02-05,ERP_CORPORATIVO,TRANSACOES_FINANCEIRAS,38716,f0627ddc95fba2001677c6851924987ae06b0db3941142cbcc88f4fb10f812ba
TR-38717,2025-01-13,2025-01-01,COMP,FORN-00195,DESPESA,1848.3490775892233,1848.3490775892233,BRL,Despesa operacional - COMP,8,TRANSFERENCIA,PAGO,58be6bc5-0a1f-4bd4-a840-78cae5cdb36e,2025-02-05,ERP_CORPORATIVO,TRANSACOES_FINANCEIRAS,38717,efc17c73d46f729063918a7fb6acdc9fc2209204566380903ca80b9d01d37fb1
TR-38718,2025-01-20,2025-01-01,COM,FORN-00195,DESPESA,1926.0232505137676,1926.0232505137676,BRL,Investimento em marketing corporativo (COM),4,PIX,PAGO,58be6bc5-0a1f-4bd4-a840-78cae5cdb36e,2025-02-05,ERP_CORPORATIVO,TRANSACOES_FINANCEIRAS,38718,983640c337375636e795689b82ed0ef7ad0754442b1c6fb22a0d646d20f8b538
TR-38719,2025-01-07,2025-01-01,MKT,FORN-00195,DESPESA,2168.6648569976646,2168.6648569976646,USD,Abastecimento de veículos - MKT,16,PIX,ATRASADO,58be6bc5-0a1f-4bd4-a840-78cae5cdb36e,2025-02-05,ERP_CORPORATIVO,TRANSACOES_FINANCEIRAS,38719,8f0736ceebf50caf553cb262468b8b071e33c5d2323ee0dc7cda5ca0bd8cad15
TR-38720,2025-01-20,2025-01-01,TI,FORN-00195,RECEITA,1933.3572315904764,1933.3572315904764,BRL,Serviço especializado solicitado por TI,1,BOLETO,PAGO,58be6bc5-0a1f-4bd4-a840-78cae5cdb36e,2025-02-05,ERP_CORPORATIVO,TRANSACOES_FINANCEIRAS,38720,4e1e299823861712cefde940279d1f9db030e15815fd88899741c893266dbc59
TR-38984,2025-01-20,2025-01-01,OP,FORN-00196,DESPESA,5633.474385465456,5633.474385465456,BRL,Serviço especializado solicitado por OP,1,TED,PAGO,58be6bc5-0a1f-4bd4-a840-78cae5cdb36e,2025-02-05,ERP_CORPORATIVO,TRANSACOES_FINANCEIRAS,38984,3e2784a1b2f4679831c0dd9e459d593651f3c381bd83cb01e8c9d07c26c32be0
TR-38985,2025-01-15,2025-01-01,OP,FORN-00196,RECEITA,5039.678990253372,5039.678990253372,BRL,Despesa operacional - OP,8,TRANSFERENCIA,PAGO,58be6bc5-0a1f-4bd4-a840-78cae5cdb36e,2025-02-05,ERP_CORPORATIVO,TRANSACOES_FINANCEIRAS,38985,009b57cb7be7ff422e66e6010bbdb47b1812a2c81e63a1fc29789ded10223e82
TR-38986,2025-01-14,2025-01-01,MKT,FORN-00196,DESPESA,4804.97375727502,4804.97375727502,BRL,Prestação de serviço para área MKT,1,CARTAO,ATRASADO,58be6bc5-0a1f-4bd4-a840-78cae5cdb36e,2025-02-05,ERP_CORPORATIVO,TRANSACOES_FINANCEIRAS,38986,afe98f3295ed163a8f6685fd337d90bbf2e80ecfd66afaf7ad9eb320931a703c
TR-38987,2025-01-23,2025-01-01,PRD,FORN-00196,RECEITA,4552.515951861258,4434.062627360467,BRL,Reparo e conservação de instalações - PRD,10,TED,PAGO,58be6bc5-0a1f-4bd4-a840-78cae5cdb36e,2025-02-05,ERP_CORPORATIVO,TRANSACOES_FINANCEIRAS,38987,8811afff93e4dc1df93ba2ac86324c132559007c727759bc0fb7192d644ef0f0
TR-38988,2025-01-13,2025-01-01,FIN,FORN-00196,RECEITA,4663.126796099141,4663.126796099141,BRL,Treinamento corporativo para equipe FIN,30,PIX,PAGO,58be6bc5-0a1f-4bd4-a840-78cae5cdb36e,2025-02-05,ERP_CORPORATIVO,TRANSACOES_FINANCEIRAS,38988,6ad941809a64bb3cc22b9a0a3eba4332d42653abb84599bdc5378abb7d14d50a
TR-38989,2025-01-07,2025-01-01,VND,FORN-00196,RECEITA,4852.305801608423,4739.572872865498,BRL,Devolução de venda processada por VND,39,TED,PAGO,58be6bc5-0a1f-4bd4-a840-78cae5cdb36e,2025-02-05,ERP_CORPORATIVO,TRANSACOES_FINANCEIRAS,38989,efad456d65207c2ab9e01b43bbac23f764f4a843cf6dfb8dd2397f363fb9a2c6
TR-38990,2025-01-09,2025-01-01,OP,FORN-00196,DESPESA,5696.74274846709,5696.74274846709,BRL,Manutenção predial solicitada por OP,10,TRANSFERENCIA,PAGO,58be6bc5-0a1f-4bd4-a840-78cae5cdb36e,2025-02-05,ERP_CORPORATIVO,TRANSACOES_FINANCEIRAS,38990,bf49485f308260b9bdfb4d194cb5600c325db74964d985d4ff85380081f373a7
TR-38991,2025-01-13,2025-01-01,FIN,FORN-00196,DESPESA,4807.01367110701,4603.221321231642,BRL,Prestação de serviço para área FIN,1,TED,PAGO,58be6bc5-0a1f-4bd4-a840-78cae5cdb36e,2025-02-05,ERP_CORPORATIVO,TRANSACOES_FINANCEIRAS,38991,a93fd04551b7ac3a648a20f08e2a72d321eb7e3a432b9387c36622a66149a08d
TR-38992,2025-01-14,2025-01-01,MKT,FORN-00196,DESPESA,5064.683691920208,4918.98610110056,BRL,Campanha institucional - MKT,4,TRANSFERENCIA,PAGO,58be6bc5-0a1f-4bd4-a840-78cae5cdb36e,2025-02-05,ERP_CORPORATIVO,TRANSACOES_FINANCEIRAS,38992,f51741faae5f5044fa5cf83bb75ea0c3decc64c94f1b6d73093d11a646ed0e55
TR-39250,2025-01-22,2025-01-01,QAS,FORN-00198,DESPESA,1951.0337707583503,1887.9794110332598,BRL,Participação nos resultados vinculada a QAS,34,TRANSFERENCIA,ATRASADO,58be6bc5-0a1f-4bd4-a840-78cae5cdb36e,2025-02-05,ERP_CORPORATIVO,TRANSACOES_FINANCEIRAS,39250,43cbfc47125b73aa071094b03d7e460167192349ee3d1f76cfde857616c02f20
TR-39251,2025-01-14,2025-01-01,VND,FORN-00198,RECEITA,3049.0194241873664,3049.0194241873664,BRL,Despesa de infraestrutura - VND,3,TED,PAGO,58be6bc5-0a1f-4bd4-a840-78cae5cdb36e,2025-02-05,ERP_CORPORATIVO,TRANSACOES_FINANCEIRAS,39251,2f768921786562fb9adb9be2799b4802dc4310ee42df87e410fa3ba44828220c
TR-39252,2025-01-14,2025-01-01,JUR,FORN-00198,RECEITA,3274.98153172132,3116.295337303549,BRL,Assessoria contábil prestada a JUR,25,BOLETO,ATRASADO,58be6bc5-0a1f-4bd4-a840-78cae5cdb36e,2025-02-05,ERP_CORPORATIVO,TRANSACOES_FINANCEIRAS,39252,d7fcc5191439b2bbbb190fc1bf11f57563f49bcdf62f05011baf1ae3482c2c84
TR-39253,2025-01-13,2025-01-01,COMP,FORN-00198,RECEITA,2398.27718646029,2398.27718646029,BRL,Material de marketing solicitado por COMP,15,CARTAO,PAGO,58be6bc5-0a1f-4bd4-a840-78cae5cdb36e,2025-02-05,ERP_CORPORATIVO,TRANSACOES_FINANCEIRAS,39253,40a39739189d48699e34003891094b5ff87d496abc57f8484a4ce1e2ff70a370
TR-39254,2025-01-16,2025-01-01,MKT,FORN-00198,RECEITA,2496.194876680183,2496.194876680183,BRL,Manutenção predial solicitada por MKT,10,PIX,PAGO,58be6bc5-0a1f-4bd4-a840-78cae5cdb36e,2025-02-05,ERP_CORPORATIVO,TRANSACOES_FINANCEIRAS,39254,9d7470c943c5acabfb5f3c1de765ba427ab6463193626e32392f5a0481bffbd7
TR-39463,2025-01-20,2025-01-01,QAS,1000198,DESPESA,10856.735202385227,10344.179064364387,BRL,Aquisição de material operacional - QAS,2,TED,PAGO,58be6bc5-0a1f-4bd4-a840-78cae5cdb36e,2025-02-05,ERP_CORPORATIVO,TRANSACOES_FINANCEIRAS,39463,e0dbabf9924101083c86e2d74241680d76b0c152395e4c60e5b338ddc816fc75
TR-39464,2025-01-21,2025-01-01,COM,1000198,DESPESA,10592.738206571721,10592.738206571721,BRL,Publicidade institucional - COM,13,BOLETO,PAGO,58be6bc5-0a1f-4bd4-a840-78cae5cdb36e,2025-02-05,ERP_CORPORATIVO,TRANSACOES_FINANCEIRAS,39464,9ee7d326b5c044eace53f7cbb737105ba21bf7aab86b27df460221fad0b03d17
TR-39465,2025-01-13,2025-01-01,QAS,1000198,DESPESA,12997.811011807076,12467.632961462496,BRL,Compra de insumos para setor QAS,2,BOLETO,PAGO,58be6bc5-0a1f-4bd4-a840-78cae5cdb36e,2025-02-05,ERP_CORPORATIVO,TRANSACOES_FINANCEIRAS,39465,e8cff72c4d4f55fed4077de252bb477d90bd9eed8ef9ce539945cf5945fb7ac9
TR-39466,2025-01-27,2025-01-01,ATD,1000198,RECEITA,11080.176414037378,11080.176414037378,BRL,Despesa operacional - ATD,8,TRANSFERENCIA,PAGO,58be6bc5-0a1f-4bd4-a840-78cae5cdb36e,2025-02-05,ERP_CORPORATIVO,TRANSACOES_FINANCEIRAS,39466,b7b4cd72774d06f85330e997bdc06398018e4fd8dfa0de613f7452f543795a9f
TR-39467,2025-01-08,2025-01-01,OP,1000198,RECEITA,12051.067891809233,12051.067891809233,BRL,Reparo de frota vinculado à área OP,17,BOLETO,PAGO,58be6bc5-0a1f-4bd4-a840-78cae5cdb36e,2025-02-05,ERP_CORPORATIVO,TRANSACOES_FINANCEIRAS,39467,f794761791b99849f1e962e87fa1a69360ed762632e1fcf7f96c5417522d7bee
TR-39468,2025-01-13,2025-01-01,JUR,1000198,DESPESA,13954.29599505576,13954.29599505576,BRL,Receita extraordinária - JUR,37,CARTAO,PAGO,58be6bc5-0a1f-4bd4-a840-78cae5cdb36e,2025-02-05,ERP_CORPORATIVO,TRANSACOES_FINANCEIRAS,39468,4e59b9ad33f42559ef5d4f8528e07aaa80ca286bd20a75431542e52bb9d9dedd
TR-39469,2025-01-13,2025-01-01,FIN,1000198,RECEITA,10750.772568205277,10750.772568205277,BRL,Serviço de tecnologia contratado por FIN,5,CARTAO,PAGO,58be6bc5-0a1f-4bd4-a840-78cae5cdb36e,2025-02-05,ERP_CORPORATIVO,TRANSACOES_FINANCEIRAS,39469,00aee5416de3aa13c88f662dbaddb3692a92691f10a0831ad8b7f4fa673aa50e
TR-39470,2025-01-13,2025-01-01,COMP,1000198,DESPESA,11510.23136224792,11510.23136224792,BRL,Assessoria legal vinculada à área COMP,7,TED,PAGO,58be6bc5-0a1f-4bd4-a840-78cae5cdb36e,2025-02-05,ERP_CORPORATIVO,TRANSACOES_FINANCEIRAS,39470,f696db0d4e010c86f9e892c63eefca4a64c5805a8d802a0c8aa70f09b3845dae
TR-39471,2025-01-24,2025-01-01,CTB,1000198,RECEITA,11779.2208668394,11779.2208668394,BRL,Despesa operacional - CTB,8,TRANSFERENCIA,PAGO,58be6bc5-0a1f-4bd4-a840-78cae5cdb36e,2025-02-05,ERP_CORPORATIVO,TRANSACOES_FINANCEIRAS,39471,e174fc425e88733480766000c4ccf1623ebfc24f4a7129ac5275dc543fc44fd4
TR-39473,2025-01-07,2025-01-01,COMP,1000198,RECEITA,11531.578040315333,11531.578040315333,BRL,Custo operacional associado a COMP,8,TED,CANCELADO,58be6bc5-0a1f-4bd4-a840-78cae5cdb36e,2025-02-05,ERP_CORPORATIVO,TRANSACOES_FINANCEIRAS,39473,7a75cc2fe494334c30421935d354ab2247ea292290bd1304160fa60f9c2c5192
TR-39474,2025-01-13,2025-01-01,COMP,1000198,DESPESA,12288.726944478944,12288.726944478944,BRL,Despesa de infraestrutura - COMP,3,PIX,PAGO,58be6bc5-0a1f-4bd4-a840-78cae5cdb36e,2025-02-05,ERP_CORPORATIVO,TRANSACOES_FINANCEIRAS,39474,0ad377b028f699679187ec1020191998b971bcc7f1a0bfec3f37ab2012d0b67c
TR-39715,2025-01-27,2025-01-01,ATD,1000199,RECEITA,2234.380316458318,2210.6091240269047,BRL,Aquisição de material operacional - ATD,2,PIX,PAGO,58be6bc5-0a1f-4bd4-a840-78cae5cdb36e,2025-02-05,ERP_CORPORATIVO,TRANSACOES_FINANCEIRAS,39715,6c5e700a926e5bdedce8e0357e2145ae350acc5fa4a9f387ffd87ca9c20205e1
TR-39716,2025-01-13,2025-01-01,SEC,1000199,DESPESA,2281.48343346734,2281.48343346734,USD,Despesa jurídica da área SEC,24,TED,PAGO,58be6bc5-0a1f-4bd4-a840-78cae5cdb36e,2025-02-05,ERP_CORPORATIVO,TRANSACOES_FINANCEIRAS,39716,2f190b74a15808b4edcd02af01a237d143b4d384226e913824007b180b256fc7
TR-39717,2025-01-22,2025-01-01,LOG,1000199,DESPESA,2641.6921548713144,2532.1398407828624,BRL,Contrato de serviço - setor LOG,1,BOLETO,ATRASADO,58be6bc5-0a1f-4bd4-a840-78cae5cdb36e,2025-02-05,ERP_CORPORATIVO,TRANSACOES_FINANCEIRAS,39717,46e9e54d3ac856394089ed5b055724f5d10918e7591e0410a701b7bbfe60d72e
TR-39718,2025-01-13,2025-01-01,TI,1000199,DESPESA,2506.560165067396,2506.560165067396,BRL,Investimento em marketing corporativo (TI),4,TRANSFERENCIA,CANCELADO,58be6bc5-0a1f-4bd4-a840-78cae5cdb36e,2025-02-05,ERP_CORPORATIVO,TRANSACOES_FINANCEIRAS,39718,f903eafeecc11f3373caf6bc38b1c4d599327696c01c67ca901ad7dafdd45388
TR-39719,2025-01-20,2025-01-01,FIN,1000199,DESPESA,2310.785614897494,2310.785614897494,BRL,Despesa operacional - FIN,8,PIX,PAGO,58be6bc5-0a1f-4bd4-a840-78cae5cdb36e,2025-02-05,ERP_CORPORATIVO,TRANSACOES_FINANCEIRAS,39719,6027c8e2fbb30df17eeebc9686de6622c6c9781540de5994669d91a8fa65924d
TR-39720,2025-01-17,2025-01-01,LOG,1000199,DESPESA,2616.783249979088,2616.783249979088,BRL,Compra de insumos para setor LOG,2,CARTAO,PAGO,58be6bc5-0a1f-4bd4-a840-78cae5cdb36e,2025-02-05,ERP_CORPORATIVO,TRANSACOES_FINANCEIRAS,39720,c6432c286e5ef9e5cfc18b0f151a8707db9d9ba1479c60a05716aa1fdff1f331
TR-39721,2025-01-13,2025-01-01,JUR,1000199,RECEITA,2740.14113633048,2740.14113633048,BRL,Capacitação profissional vinculada a JUR,30,CARTAO,PAGO,58be6bc5-0a1f-4bd4-a840-78cae5cdb36e,2025-02-05,ERP_CORPORATIVO,TRANSACOES_FINANCEIRAS,39721,b7a33b44ea281c27214598f0192f2d6a04bfaefc0318573eb4005f9b55a17587
TR-39722,2025-01-28,2025-01-01,RH,1000199,RECEITA,2638.2829490129616,2638.2829490129616,BRL,Seguro contratado pela área RH,21,BOLETO,PAGO,58be6bc5-0a1f-4bd4-a840-78cae5cdb36e,2025-02-05,ERP_CORPORATIVO,TRANSACOES_FINANCEIRAS,39722,a1cabd3e76a7ef9fb7e27eb1fcbf7f051555644c4c20270dadbcd190b59289ea
TR-39723,2025-01-22,2025-01-01,MKT,1000199,RECEITA,2522.3394709705476,2430.294324497655,BRL,Custo operacional associado a MKT,8,TED,PAGO,58be6bc5-0a1f-4bd4-a840-78cae5cdb36e,2025-02-05,ERP_CORPORATIVO,TRANSACOES_FINANCEIRAS,39723,c05b7fe1cf706e948074013cbaebd02461ec9f30396e3ca7f9652fa9c75254a1
TR-39724,2025-01-09,2025-01-01,PJT,1000199,DESPESA,2921.920081346015,2824.853356363693,BRL,Contrato de consultoria externa - PJT,12,TED,PAGO,58be6bc5-0a1f-4bd4-a840-78cae5cdb36e,2025-02-05,ERP_CORPORATIVO,TRANSACOES_FINANCEIRAS,39724,89c6199ee35ab77e1ab34a424ab26f77b018103fb02f1c72784711dafdf146c8
TR-39725,2025-01-15,2025-01-01,VND,1000199,DESPESA,2820.585677641005,2712.350226197744,BRL,Licenciamento de software - VND,5,BOLETO,PAGO,58be6bc5-0a1f-4bd4-a840-78cae5cdb36e,2025-02-05,ERP_CORPORATIVO,TRANSACOES_FINANCEIRAS,39725,d8ae2bd0e7d627e34f106371748648f0934e3c09e8fc17ea03f80cbb935b5e14
TR-39726,2025-01-24,2025-01-01,FIN,1000199,RECEITA,2486.2317292036773,2486.2317292036773,BRL,Manutenção predial solicitada por FIN,10,PIX,PAGO,58be6bc5-0a1f-4bd4-a840-78cae5cdb36e,2025-02-05,ERP_CORPORATIVO,TRANSACOES_FINANCEIRAS,39726,d96335a8e56496834821a8965c42a8320fd390b3437b0922d71264a5788267b1
TR-39727,2025-01-24,2025-01-01,QAS,1000199,DESPESA,2733.105959824475,2701.913165126236,BRL,Manutenção preventiva de veículos - QAS,17,TED,PAGO,58be6bc5-0a1f-4bd4-a840-78cae5cdb36e,2025-02-05,ERP_CORPORATIVO,TRANSACOES_FINANCEIRAS,39727,b091af59d90480c70ee0472fc988d10ce2509a593c077668c0aee55be423736b
TR-39728,2025-01-14,2025-01-01,COM,1000199,RECEITA,2636.981854970931,2636.981854970931,BRL,Contrato de conectividade para área COM,9,TED,CANCELADO,58be6bc5-0a1f-4bd4-a840-78cae5cdb36e,2025-02-05,ERP_CORPORATIVO,TRANSACOES_FINANCEIRAS,39728,fa2474ee884dbcaf25bd7f4f1e278e0384b82f18960b48d67ba2882db1a13458
