id_transacao_raw,data_transacao,data_competencia,id_area_raw,id_fornecedor_raw,tipo_transacao,valor_bruto,valor_liquido,moeda,descricao,id_categoria_raw,forma_pagamento,status_pagamento,ingestion_id,ingestion_ts,source_system,source_entity,row_seq,raw_row_hash
TR-00050,2025-03-20,2025-03-01,JUR,1000000,RECEITA,3693.8920661860157,3649.94417369108,BRL,Locação de espaço comercial - JUR,31,TRANSFERENCIA,PAGO,e6288577-83de-45f9-9cb7-fa62004b89b9,2025-04-05,ERP_CORPORATIVO,TRANSACOES_FINANCEIRAS,50,598fc7b315af441aadc6679f89c68f9a601f4bcc124a48a27d09a98f931e6545
TR-00051,2025-03-17,2025-03-01,OP,1000000,DESPESA,4588.56621072975,4430.729762418578,BRL,Campanha institucional - OP,4,PIX,PAGO,e6288577-83de-45f9-9cb7-fa62004b89b9,2025-04-05,ERP_CORPORATIVO,TRANSACOES_FINANCEIRAS,51,eccc3898b6c50242a0f568112dc3437b2ca9ae9dfc9ad11ba6bf04091bd22569
TR-00052,2025-03-18,2025-03-01,PRD,1000000,DESPESA,3564.461911678589,3564.461911678589,BRL,Serviço relacionado a recursos humanos (PRD),6,TRANSFERENCIA,PAGO,e6288577-83de-45f9-9cb7-fa62004b89b9,2025-04-05,ERP_CORPORATIVO,TRANSACOES_FINANCEIRAS,52,4beba0ff6ac2ef56575372a1f2dbfcc4d7ae03f5f35ce1991b1a537c28ad2076
TR-00053,2025-03-05,2025-03-01,ADM,1000000,DESPESA,4127.533899246129,3985.7453244702697,BRL,Despesa de infraestrutura - ADM,3,TED,PAGO,e6288577-83de-45f9-9cb7-fa62004b89b9,2025-04-05,ERP_CORPORATIVO,TRANSACOES_FINANCEIRAS,53,c99d5fcfc22672a268a3a2673411f1f93fdd7bbd46dd3eb38368e10644a0041c
TR-00054,2025-03-07,2025-03-01,COMP,1000000,DESPESA,4855.047941187721,4641.7607870253705,BRL,Recebimento de subvenção - COMP,36,TRANSFERENCIA,PAGO,e6288577-83de-45f9-9cb7-fa62004b89b9,2025-04-05,ERP_CORPORATIVO,TRANSACOES_FINANCEIRAS,54,b7b46672931521464f4757d588577fc093fe4ad059f7abd6ba73fddca672cb54
TR-00295,2025-03-24,2025-03-01,FIN,FORN-00003,DESPESA,2626.6138615856858,2626.6138615856858,BRL,Devolução de venda processada por FIN,39,BOLETO,PAGO,e6288577-83de-45f9-9cb7-fa62004b89b9,2025-04-05,ERP_CORPORATIVO,TRANSACOES_FINANCEIRAS,295,7e7d45c34e820c7895d7f168ca9ddbbfb676db17e2726edf88a70077d086c4ca
TR-00296,2025-03-26,2025-03-01,COM,FORN-00003,DESPESA,2583.089108742455,2486.433899517259,BRL,Campanha institucional - COM,4,TED,PAGO,e6288577-83de-45f9-9cb7-fa62004b89b9,2025-04-05,ERP_CORPORATIVO,TRANSACOES_FINANCEIRAS,296,afdcf2044f0304fd83f097d465292d039212d908dc79cec0895228be7b20d972
TR-00297,2025-03-13,2025-03-01,COM,FORN-00003,RECEITA,2915.554618916764,2915.554618916764,BRL,Despesa operacional - COM,8,BOLETO,PAGO,e6288577-83de-45f9-9cb7-fa62004b89b9,2025-04-05,ERP_CORPORATIVO,TRANSACOES_FINANCEIRAS,297,ae6c22000cedd63e4337058437fcec13d9abddc578da899033e8e700165ff334
TR-00298,2025-03-21,2025-03-01,OP,FORN-00003,DESPESA,2017.517084007014,1979.8902318767073,BRL,Compra de insumos para setor OP,2,CARTAO,CANCELADO,e6288577-83de-45f9-9cb7-fa62004b89b9,2025-04-05,ERP_CORPORATIVO,TRANSACOES_FINANCEIRAS,298,8b5a6f15c250bf29f05603906de9a2222e3c59187cf9ae12e826283449ed4d78
TR-00299,2025-03-17,2025-03-01,COM,FORN-00003,DESPESA,2066.7895303820983,2013.4706386175042,USD,Compra de insumos para setor COM,2,TED,PAGO,e6288577-83de-45f9-9cb7-fa62004b89b9,2025-04-05,ERP_CORPORATIVO,TRANSACOES_FINANCEIRAS,299,c13aad0fb98e400b535e81d9b2c942bb253ca68ed46f82b5fca54e3f1c1b0d2e
TR-00300,2025-03-20,2025-03-01,ATD,FORN-00003,RECEITA,2130.453549863441,2055.172727203217,BRL,Hospedagem em viagem a serviço de ATD,19,BOLETO,PAGO,e6288577-83de-45f9-9cb7-fa62004b89b9,2025-04-05,ERP_CORPORATIVO,TRANSACOES_FINANCEIRAS,300,76371f561bd4a086df21b6539549cb01a18dfa360da167ceea68877bea88adaa
TR-00301,2025-03-07,2025-03-01,QAS,FORN-00003,RECEITA,2124.3728695894188,2124.3728695894188,BRL,Manutenção estrutural vinculada à área QAS,3,BOLETO,PAGO,e6288577-83de-45f9-9cb7-fa62004b89b9,2025-04-05,ERP_CORPORATIVO,TRANSACOES_FINANCEIRAS,301,8e9696fef2747ca811615e95832d196383998ad6eaf09f4ae9d760cc94f718ca
TR-00302,2025-03-24,2025-03-01,ADM,FORN-00003,DESPESA,2265.637955824682,2265.637955824682,BRL,Serviço especializado solicitado por ADM,1,TRANSFERENCIA,PAGO,e6288577-83de-45f9-9cb7-fa62004b89b9,2025-04-05,ERP_CORPORATIVO,TRANSACOES_FINANCEIRAS,302,5da158188a1f71852c6b340ad34dbf46d9ef826a8c3d33f5fe56df40e0153a58
TR-00303,2025-03-19,2025-03-01,VND,FORN-00003,DESPESA,2130.9574566907295,2130.9574566907295,BRL,Royalties recebidos por VND,32,BOLETO,PAGO,e6288577-83de-45f9-9cb7-fa62004b89b9,2025-04-05,ERP_CORPORATIVO,TRANSACOES_FINANCEIRAS,303,85529512e43ac87627db41a5e11a458d015e4c18ab92801cfc04a7abff5555ac
TR-00436,2025-03-17,2025-03-01,PES,FORN-00004,DESPESA,4224.614565390097,4112.363991786615,BRL,Serviços contábeis externos - PES,25,BOLETO,PAGO,e6288577-83de-45f9-9cb7-fa62004b89b9,2025-04-05,ERP_CORPORATIVO,TRANSACOES_FINANCEIRAS,436,9f884fe7f056ecc28b3c0b169020978d4c9c3d309f1bfc77311a5791bc12170d
TR-00437,2025-03-18,2025-03-01,COM,FORN-00004,RECEITA,4464.6217524919975,4464.6217524919975,BRL,Licença de software para área COM,27,PIX,ATRASADO,e6288577-83de-45f9-9cb7-fa62004b89b9,2025-04-05,ERP_CORPORATIVO,TRANSACOES_FINANCEIRAS,437,c74b662193be430818839e6ce7969b2ff9289f54a7a1385f1fbf5ef436eaaaec
TR-00438,2025-03-14,2025-03-01,ATD,FORN-00004,DESPESA,3716.13842677524,3716.13842677524,BRL,Custo operacional associado a ATD,8,PIX,PAGO,e6288577-83de-45f9-9cb7-fa62004b89b9,2025-04-05,ERP_CORPORATIVO,TRANSACOES_FINANCEIRAS,438,0a6c910de7f8b2a850f35c53c807c490e4e85746bd4d67ccee1ea27564dc9076
TR-00439,2025-03-06,2025-03-01,JUR,FORN-00004,RECEITA,4572.628448460704,4465.304343722321,BRL,Serviço de tecnologia contratado por JUR,5,BOLETO,PAGO,e6288577-83de-45f9-9cb7-fa62004b89b9,2025-04-05,ERP_CORPORATIVO,TRANSACOES_FINANCEIRAS,439,9a2a4b3003f6151b03206accf678876d3edc65a6f09f8b92c0d9e1705b8c2041
TR-00440,2025-03-31,2025-03-01,JUR,FORN-00004,DESPESA,3483.840691633044,3483.840691633044,BRL,Apólice de seguro - JUR,21,TED,PAGO,e6288577-83de-45f9-9cb7-fa62004b89b9,2025-04-05,ERP_CORPORATIVO,TRANSACOES_FINANCEIRAS,440,ca6de78cce1678139c6138b5216f230a52e2157d57b060f0d43dad972c6fb1e2
TR-00441,2025-03-20,2025-03-01,COMP,FORN-00004,RECEITA,3884.141916184121,3884.141916184121,BRL,Tarifas de serviços financeiros - COMP,22,BOLETO,PAGO,e6288577-83de-45f9-9cb7-fa62004b89b9,2025-04-05,ERP_CORPORATIVO,TRANSACOES_FINANCEIRAS,441,ce248514aca3121d1bf7d16468aac4a999002e1dadeffa877c78bbe224545079
TR-00442,2025-03-27,2025-03-01,FIN,FORN-00004,DESPESA,4871.405494017874,4871.405494017874,BRL,Despesa jurídica da área FIN,24,BOLETO,ATRASADO,e6288577-83de-45f9-9cb7-fa62004b89b9,2025-04-05,ERP_CORPORATIVO,TRANSACOES_FINANCEIRAS,442,da754d3015633371ce3f44fc31ed5a73c05702581589c8278bb0e8b52484deed
TR-00443,2025-03-21,2025-03-01,CTB,FORN-00004,DESPESA,4256.190725211846,4256.190725211846,BRL,Aquisição de material operacional - CTB,2,PIX,PAGO,e6288577-83de-45f9-9cb7-fa62004b89b9,2025-04-05,ERP_CORPORATIVO,TRANSACOES_FINANCEIRAS,443,1a5caf2f488b83ba58b4ee840aad6a0ddf83724cbcba52445de324224afd4375
TR-00444,2025-03-14,2025-03-01,ADM,FORN-00004,DESPESA,3984.9834591849644,3984.9834591849644,BRL,Despesa operacional - ADM,8,TED,PAGO,e6288577-83de-45f9-9cb7-fa62004b89b9,2025-04-05,ERP_CORPORATIVO,TRANSACOES_FINANCEIRAS,444,5b23e01f8eb7dbf0f48264f16677ddaa8f5baf89521c6332009e958b4023e334
TR-00636,2025-03-13,2025-03-01,MKT,1000004,RECEITA,2898.386498229781,2846.2769632900167,USD,Receita eventual registrada em MKT,37,TED,ATRASADO,e6288577-83de-45f9-9cb7-fa62004b89b9,2025-04-05,ERP_CORPORATIVO,TRANSACOES_FINANCEIRAS,636,6c5f90efe773c6e732c48315b5a988846d3cff6f3d0c9fc74884200c0951673f
TR-00637,2025-03-10,2025-03-01,QAS,1000004,RECEITA,1888.5094308527923,1888.5094308527923,BRL,Compra de insumos para setor QAS,2,TRANSFERENCIA,PAGO,e6288577-83de-45f9-9cb7-fa62004b89b9,2025-04-05,ERP_CORPORATIVO,TRANSACOES_FINANCEIRAS,637,677759a8b8b8a24c5717e13c1df4fb89ff3f633afe5dab2eade2a334376a83d8
TR-00638,2025-03-17,2025-03-01,COM,1000004,DESPESA,2942.287022461697,2942.287022461697,USD,Viagem corporativa - COM,18,TRANSFERENCIA,PAGO,e6288577-83de-45f9-9cb7-fa62004b89b9,2025-04-05,ERP_CORPORATIVO,TRANSACOES_FINANCEIRAS,638,c0779a02b8154f5bc76c8e7701dba199e5345974c5437c9de8fd516d9fec23a5
TR-00639,2025-03-24,2025-03-01,COM,1000004,DESPESA,3507.2169796873836,3351.874565273528,BRL,Assessoria legal vinculada à área COM,7,PIX,ATRASADO,e6288577-83de-45f9-9cb7-fa62004b89b9,2025-04-05,ERP_CORPORATIVO,TRANSACOES_FINANCEIRAS,639,6ba8ec0a06efe2c0e57de0c0aec9695cfbc40557f8ed45e53b731513a3bcafd5
TR-00640,2025-03-11,2025-03-01,COMP,1000004,DESPESA,3197.677466859844,3197.677466859844,BRL,Contrato de serviço - setor COMP,1,TRANSFERENCIA,PAGO,e6288577-83de-45f9-9cb7-fa62004b89b9,2025-04-05,ERP_CORPORATIVO,TRANSACOES_FINANCEIRAS,640,62f4b547927a072af33af8c9afc21f95860df894c4363b283a0fbe85304b79c3
TR-00641,2025-03-27,2025-03-01,ADM,1000004,DESPESA,3456.442674061886,3456.442674061886,BRL,Prestação de serviço para área ADM,1,TED,PAGO,e6288577-83de-45f9-9cb7-fa62004b89b9,2025-04-05,ERP_CORPORATIVO,TRANSACOES_FINANCEIRAS,641,f492bb88cf3dc0ab6c89411d48195f8634d42374949ae5328967b125b56996cc
TR-00642,2025-03-17,2025-03-01,TI,1000004,DESPESA,2935.276084640569,2873.3857146016626,BRL,Honorarium advocatício - TI,24,TED,PAGO,e6288577-83de-45f9-9cb7-fa62004b89b9,2025-04-05,ERP_CORPORATIVO,TRANSACOES_FINANCEIRAS,642,a4c30cb22e1aa0aba1001b06ba4634afb3234d970840049083c576b2e9170281
TR-00643,2025-03-10,2025-03-01,ATD,1000004,DESPESA,2890.006975244782,2847.915023620774,BRL,Serviço especializado solicitado por ATD,1,TRANSFERENCIA,PAGO,e6288577-83de-45f9-9cb7-fa62004b89b9,2025-04-05,ERP_CORPORATIVO,TRANSACOES_FINANCEIRAS,643,ee94f4a695c8f8c5b0a59bac7e5f5a76d8484f5162ab211328d28c3587948e2a
TR-00644,2025-03-18,2025-03-01,COM,1000004,RECEITA,3831.5370493364994,3831.5370493364994,BRL,Honorários jurídicos - COM,7,PIX,PAGO,e6288577-83de-45f9-9cb7-fa62004b89b9,2025-04-05,ERP_CORPORATIVO,TRANSACOES_FINANCEIRAS,644,5071ff9fec0fd5eb8d957b377211351a2958b898f8b0fc593fd835c015b17fcc
TR-00645,2025-03-24,2025-03-01,COM,1000004,DESPESA,3191.311176167814,3191.311176167814,BRL,Compra de insumos para setor COM,2,BOLETO,CANCELADO,e6288577-83de-45f9-9cb7-fa62004b89b9,2025-04-05,ERP_CORPORATIVO,TRANSACOES_FINANCEIRAS,645,518f075e276a9f4a6bc4cba5e7362586f83ba1274bd61fe7370bcc11e829aa51
TR-00646,2025-03-17,2025-03-01,PJT,1000004,DESPESA,3549.1223752049063,3549.1223752049063,BRL,Imposto sobre venda apurado em PJT,40,TED,PAGO,e6288577-83de-45f9-9cb7-fa62004b89b9,2025-04-05,ERP_CORPORATIVO,TRANSACOES_FINANCEIRAS,646,cee64a55a906c2f32e3da2a9506b169baefd40b123cccc3d87c9758d48a2eeb1
TR-00647,2025-03-24,2025-03-01,PRD,1000004,RECEITA,2812.8176065916496,2812.8176065916496,BRL,Prestação de serviço para área PRD,1,BOLETO,ATRASADO,e6288577-83de-45f9-9cb7-fa62004b89b9,2025-04-05,ERP_CORPORATIVO,TRANSACOES_FINANCEIRAS,647,1432d6149f88fc1d28ab64a3f2c01996b870690bfb8f0400ccc4eff4bab8c816
TR-00648,2025-03-20,2025-03-01,MKT,1000004,RECEITA,3148.9715307705105,3148.9715307705105,BRL,Aquisição de material operacional - MKT,2,BOLETO,PAGO,e6288577-83de-45f9-9cb7-fa62004b89b9,2025-04-05,ERP_CORPORATIVO,TRANSACOES_FINANCEIRAS,648,04b3006561c8ab199a0ec4bec1fb7638f61f859c2572e31eea75fab588e6ba18
TR-00649,2025-03-07,2025-03-01,FIN,1000004,DESPESA,9059.244197708713,9059.244197708713,EUR,Alienação de bem patrimonial - FIN,35,TED,PAGO,e6288577-83de-45f9-9cb7-fa62004b89b9,2025-04-05,ERP_CORPORATIVO,TRANSACOES_FINANCEIRAS,649,d505e7129f3750d281e1ef60c584f6d33989a761651ca169702ad16f2e448b84
TR-00650,2025-03-24,2025-03-01,COM,1000004,DESPESA,2770.1914800228055,2770.1914800228055,BRL,Investimento em marketing corporativo (COM),4,BOLETO,PAGO,e6288577-83de-45f9-9cb7-fa62004b89b9,2025-04-05,ERP_CORPORATIVO,TRANSACOES_FINANCEIRAS,650,8cb16f64bbd930e61bbdee05b282263b6d5772057ffeb9659a789e6c1c4edf37
TR-00651,2025-03-07,2025-03-01,COM,1000004,DESPESA,4067.018894587189,4067.018894587189,BRL,Investimento em marketing corporativo (COM),4,CARTAO,PAGO,e6288577-83de-45f9-9cb7-fa62004b89b9,2025-04-05,ERP_CORPORATIVO,TRANSACOES_FINANCEIRAS,651,16678162fd9087cffaa9a543988445d0add17eaffc6a415f9c36201f40544ce3
TR-00652,2025-03-13,2025-03-01,VND,1000004,RECEITA,3305.6482860362075,3305.6482860362075,BRL,Alienação de bem patrimonial - VND,35,BOLETO,PAGO,e6288577-83de-45f9-9cb7-fa62004b89b9,2025-04-05,ERP_CORPORATIVO,TRANSACOES_FINANCEIRAS,652,5e7f249ebf0546f8c053950eec3fb761d5aaa1bb5036b9ad5ee86f9f72ffc029
TR-00653,2025-03-25,2025-03-01,RH,1000004,RECEITA,2984.6582277483926,2984.6582277483926,BRL,Aquisição de material operacional - RH,2,TED,ATRASADO,e6288577-83de-45f9-9cb7-fa62004b89b9,2025-04-05,ERP_CORPORATIVO,TRANSACOES_FINANCEIRAS,653,60a4f15754f6e3a7a1d6130b6b496374e73a316c75c9666062b39ab71dd0ea09
TR-00875,2025-03-24,2025-03-01,OP,FORN-00006,DESPESA,1633.3549092382736,1608.232159114742,BRL,Despesa operacional - OP,8,TED,PAGO,e6288577-83de-45f9-9cb7-fa62004b89b9,2025-04-05,ERP_CORPORATIVO,TRANSACOES_FINANCEIRAS,875,e2cf6958c80cdf5d5933e75f4ebb25759a0048f19ed70110c01a4e0caa75485e
TR-00876,2025-03-24,2025-03-01,PRD,FORN-00006,RECEITA,1563.5239124379373,1563.5239124379373,BRL,Serviço de tecnologia contratado por PRD,5,BOLETO,PAGO,e6288577-83de-45f9-9cb7-fa62004b89b9,2025-04-05,ERP_CORPORATIVO,TRANSACOES_FINANCEIRAS,876,bff448b0b34822dcd6de7d6b6de45ffa3a40866a2bf748917389a252d665c6d5
TR-00877,2025-03-14,2025-03-01,COMP,FORN-00006,RECEITA,1693.8948059653012,1637.0860735337155,BRL,Licença de software para área COMP,27,BOLETO,PAGO,e6288577-83de-45f9-9cb7-fa62004b89b9,2025-04-05,ERP_CORPORATIVO,TRANSACOES_FINANCEIRAS,877,04f77aac59da462c7cf6d3ecb0208af2a017a16978594273ecfb64fded4270d3
TR-00878,2025-03-12,2025-03-01,COM,FORN-00006,DESPESA,1814.9224723137763,1814.9224723137763,USD,Despesa de infraestrutura - COM,3,TED,PAGO,e6288577-83de-45f9-9cb7-fa62004b89b9,2025-04-05,ERP_CORPORATIVO,TRANSACOES_FINANCEIRAS,878,aa33ba6c46eab25a5cdbec0ee264565e6f2c1f8abcfe2ea9f861f28605a37829
TR-00879,2025-03-24,2025-03-01,JUR,FORN-00006,RECEITA,1717.2618450785114,1717.2618450785114,BRL,Compra de insumos para setor JUR,2,TRANSFERENCIA,CANCELADO,e6288577-83de-45f9-9cb7-fa62004b89b9,2025-04-05,ERP_CORPORATIVO,TRANSACOES_FINANCEIRAS,879,f1ff6a2266c17b0f096a10d65021c34fc5005895f8527665c9ece850f1a10165
TR-00880,2025-03-17,2025-03-01,ATD,FORN-00006,DESPESA,1219.1342852796795,1219.1342852796795,BRL,Campanha institucional - ATD,4,CARTAO,PAGO,e6288577-83de-45f9-9cb7-fa62004b89b9,2025-04-05,ERP_CORPORATIVO,TRANSACOES_FINANCEIRAS,880,0573e7c6d07f35d1343f2fc63f866075d417a591b343879677e113e9f4361425
TR-00881,2025-03-10,2025-03-01,RH,FORN-00006,RECEITA,1460.2050974686192,1460.2050974686192,BRL,Reparo de frota vinculado à área RH,17,PIX,CANCELADO,e6288577-83de-45f9-9cb7-fa62004b89b9,2025-04-05,ERP_CORPORATIVO,TRANSACOES_FINANCEIRAS,881,ceccfbcf6d47b3e4787d14856dc97a215e85a80347e5e9048b6a69de2a8061f3
TR-00882,2025-03-21,2025-03-01,RH,FORN-00006,DESPESA,1711.2901770921228,1711.2901770921228,BRL,Licenciamento de software - RH,5,PIX,PAGO,e6288577-83de-45f9-9cb7-fa62004b89b9,2025-04-05,ERP_CORPORATIVO,TRANSACOES_FINANCEIRAS,882,257b0548d4c0bf1bc08c47608e521d0e6cdfea56ec8b0fcb8ead3af34b8c8311
TR-00883,2025-03-12,2025-03-01,CPT,FORN-00006,DESPESA,1909.4494822288798,1817.4435986612573,BRL,Juros sobre operação financeira - CPT,23,PIX,PAGO,e6288577-83de-45f9-9cb7-fa62004b89b9,2025-04-05,ERP_CORPORATIVO,TRANSACOES_FINANCEIRAS,883,5870411363fdd468b41904156b605728ec2f139939563c7d11ce8c59f676a4a4
TR-00884,2025-03-24,2025-03-01,COMP,FORN-00006,DESPESA,1601.3230843194824,1601.3230843194824,BRL,Contrato de serviço - setor COMP,1,CARTAO,PAGO,e6288577-83de-45f9-9cb7-fa62004b89b9,2025-04-05,ERP_CORPORATIVO,TRANSACOES_FINANCEIRAS,884,5ecbbfa55428e75cb255d67e9a6b85bef2f20760563b28a666e195924ce53d15
TR-00885,2025-03-17,2025-03-01,COMP,FORN-00006,DESPESA,1886.2712570587423,1886.2712570587423,BRL,Despesa de infraestrutura - COMP,3,PIX,PAGO,e6288577-83de-45f9-9cb7-fa62004b89b9,2025-04-05,ERP_CORPORATIVO,TRANSACOES_FINANCEIRAS,885,5a4f4d23734b56db513bc7dc4ac851409e1201eeb3211df73d2b2c14b1f63178
TR-00886,2025-03-18,2025-03-01,LOG,FORN-00006,RECEITA,1509.3581885460776,1466.7990776628674,BRL,Abatimento comercial registrado em LOG,38,TRANSFERENCIA,ATRASADO,e6288577-83de-45f9-9cb7-fa62004b89b9,2025-04-05,ERP_CORPORATIVO,TRANSACOES_FINANCEIRAS,886,ffbaee08b7dc7d89574f5f66bf762045784c703cd2253fd383c1343eefdcab68
TR-01128,2025-03-17,2025-03-01,COM,ACC-00007,DESPESA,2297.240810415512,2195.555294702023,BRL,Diária de hotel para equipe COM,19,CARTAO,PAGO,e6288577-83de-45f9-9cb7-fa62004b89b9,2025-04-05,ERP_CORPORATIVO,TRANSACOES_FINANCEIRAS,1128,3464af32a52bea7aa7cc4d1a475cea30e4a7423c23557c05093ffeff3d045249
TR-01129,2025-03-13,2025-03-01,QAS,ACC-00007,DESPESA,2055.31609820916,2055.31609820916,BRL,Aquisição de material operacional - QAS,2,TED,PAGO,e6288577-83de-45f9-9cb7-fa62004b89b9,2025-04-05,ERP_CORPORATIVO,TRANSACOES_FINANCEIRAS,1129,5b2e320b7bb6d0c04d80d6dc786a9ea95a5495d152617a10886cb3b81701fd3d
TR-01130,2025-03-19,2025-03-01,ATD,ACC-00007,DESPESA,2110.1661894575814,2110.1661894575814,BRL,Treinamento corporativo para equipe ATD,30,BOLETO,PAGO,e6288577-83de-45f9-9cb7-fa62004b89b9,2025-04-05,ERP_CORPORATIVO,TRANSACOES_FINANCEIRAS,1130,d1f9c119f7205ee6ef9ad574c245897c3e59115fdc5237671fa970c3e6380490
TR-01131,2025-03-04,2025-03-01,COMP,ACC-00007,RECEITA,2234.9274932619237,2177.9848573217455,BRL,Contrato de serviço - setor COMP,1,PIX,PAGO,e6288577-83de-45f9-9cb7-fa62004b89b9,2025-04-05,ERP_CORPORATIVO,TRANSACOES_FINANCEIRAS,1131,71e697101d3b9f2ec3c0c25d9ece46ecc5d8e6ccd7075fdbe122be4620b62f2d
TR-01132,2025-03-13,2025-03-01,FIN,ACC-00007,RECEITA,1991.6267512988225,1958.298548070063,BRL,Treinamento corporativo para equipe FIN,30,TRANSFERENCIA,ATRASADO,e6288577-83de-45f9-9cb7-fa62004b89b9,2025-04-05,ERP_CORPORATIVO,TRANSACOES_FINANCEIRAS,1132,6b7ea848c8d2e2886c359083bac7c1f5e3c758beac7b4760f96a285ecbb599ba
TR-01133,2025-03-17,2025-03-01,COM,ACC-00007,RECEITA,2258.5103258573813,2258.5103258573813,BRL,Contrato de serviço - setor COM,1,BOLETO,ATRASADO,e6288577-83de-45f9-9cb7-fa62004b89b9,2025-04-05,ERP_CORPORATIVO,TRANSACOES_FINANCEIRAS,1133,68558a2faf37e4ffe3974d0372383f1a83b41abd26c09fffaa0b5f84ffaa7c8a
TR-01134,2025-03-17,2025-03-01,ATD,ACC-00007,DESPESA,2335.4399750169378,2335.4399750169378,BRL,Receita eventual registrada em ATD,37,TRANSFERENCIA,ATRASADO,e6288577-83de-45f9-9cb7-fa62004b89b9,2025-04-05,ERP_CORPORATIVO,TRANSACOES_FINANCEIRAS,1134,7fc5ae0c694344de851719ffac87b73d6b10ac99977979cdeaf32d571137d296
TR-01135,2025-03-19,2025-03-01,OP,ACC-00007,RECEITA,2205.1223473815494,2205.1223473815494,BRL,Juros sobre operação financeira - OP,23,BOLETO,PAGO,e6288577-83de-45f9-9cb7-fa62004b89b9,2025-04-05,ERP_CORPORATIVO,TRANSACOES_FINANCEIRAS,1135,8d701cddeb40246dff430c31904af56809052b97146ad5c09703abfe11e5ebea
TR-01136,2025-03-13,2025-03-01,ESG,ACC-00007,DESPESA,2533.198408336868,2533.198408336868,BRL,Despesa operacional - ESG,8,TRANSFERENCIA,PAGO,e6288577-83de-45f9-9cb7-fa62004b89b9,2025-04-05,ERP_CORPORATIVO,TRANSACOES_FINANCEIRAS,1136,886c4ba5d4c2bd9b0821287002d10bf4afee77f6f62fe547530e6807fcddfd60
TR-01137,2025-03-10,2025-03-01,OP,ACC-00007,DESPESA,2361.9476805313225,2273.129467516399,BRL,Participação nos resultados vinculada a OP,34,PIX,ATRASADO,e6288577-83de-45f9-9cb7-fa62004b89b9,2025-04-05,ERP_CORPORATIVO,TRANSACOES_FINANCEIRAS,1137,84a495650996e7996bb34f7596265bb66f903928f89cc5373a02564ebdfc92d2
TR-01138,2025-03-14,2025-03-01,COM,ACC-00007,DESPESA,2187.703016769342,2187.703016769342,BRL,Desconto concedido em operação de COM,38,TRANSFERENCIA,CANCELADO,e6288577-83de-45f9-9cb7-fa62004b89b9,2025-04-05,ERP_CORPORATIVO,TRANSACOES_FINANCEIRAS,1138,6c278fdb30453080762a82376feae372e3ab82551e41754bfff9b95ea0abf907
TR-01139,2025-03-11,2025-03-01,TI,ACC-00007,DESPESA,2127.189952511344,2127.189952511344,BRL,Aquisição de material operacional - TI,2,TRANSFERENCIA,PAGO,e6288577-83de-45f9-9cb7-fa62004b89b9,2025-04-05,ERP_CORPORATIVO,TRANSACOES_FINANCEIRAS,1139,65ca51b21a67028772213444aab843643eed7e25919ce4478af8f43bd9004dd0
TR-01140,2025-03-19,2025-03-01,FIN,ACC-00007,DESPESA,2618.0145883262785,2524.145297257756,BRL,Imposto sobre venda apurado em FIN,40,PIX,ATRASADO,e6288577-83de-45f9-9cb7-fa62004b89b9,2025-04-05,ERP_CORPORATIVO,TRANSACOES_FINANCEIRAS,1140,09021dca7f25feef4ea05fa61828b37c2fad3847f692ab3a36f0ade20461c50e
TR-01141,2025-03-04,2025-03-01,JUR,ACC-00007,DESPESA,2056.0745475117706,2056.0745475117706,BRL,Contrato de conectividade para área JUR,9,PIX,PAGO,e6288577-83de-45f9-9cb7-fa62004b89b9,2025-04-05,ERP_CORPORATIVO,TRANSACOES_FINANCEIRAS,1141,f224297dd76fd366129010db519ae303ff82362b3ff100f92bd72be48fffc1c1
TR-01142,2025-03-25,2025-03-01,COM,ACC-00007,DESPESA,2137.6926795744616,2082.6048535693435,BRL,Diária de hotel para equipe COM,19,CARTAO,PAGO,e6288577-83de-45f9-9cb7-fa62004b89b9,2025-04-05,ERP_CORPORATIVO,TRANSACOES_FINANCEIRAS,1142,116d0964b1265f6f27299eba056c436d9a7add932a871226d991502ddf61e351
TR-01143,2025-03-24,2025-03-01,MKT,ACC-00007,RECEITA,2108.470169335753,2069.7415749457064,BRL,Comissão recebida por MKT,33,CARTAO,PAGO,e6288577-83de-45f9-9cb7-fa62004b89b9,2025-04-05,ERP_CORPORATIVO,TRANSACOES_FINANCEIRAS,1143,7207622b7ca3c58043b86bda39ee220e4355fb48ffae565361f13bb9cdba488b
TR-01355,2025-03-12,2025-03-01,COMP,ACC-00008,DESPESA,5539.148818617941,5327.746497978543,BRL,Custo operacional associado a COMP,8,TED,PAGO,e6288577-83de-45f9-9cb7-fa62004b89b9,2025-04-05,ERP_CORPORATIVO,TRANSACOES_FINANCEIRAS,1355,dd20a5bc4ef4b5dcdaa56a4ebad12bbb14594c4a7ed34e826a3d6c47c6eb066a
TR-01356,2025-03-24,2025-03-01,CTB,ACC-00008,RECEITA,5551.350420398269,5551.350420398269,BRL,Licenciamento de software - CTB,5,CARTAO,PAGO,e6288577-83de-45f9-9cb7-fa62004b89b9,2025-04-05,ERP_CORPORATIVO,TRANSACOES_FINANCEIRAS,1356,5c28131ec5761b08cddd6dabb134a9bd13d21d9ade659f2a48daf27386985764
TR-01357,2025-03-24,2025-03-01,ADM,ACC-00008,DESPESA,4997.30917889989,4751.753785546585,BRL,Evento corporativo organizado por ADM,14,PIX,PAGO,e6288577-83de-45f9-9cb7-fa62004b89b9,2025-04-05,ERP_CORPORATIVO,TRANSACOES_FINANCEIRAS,1357,7c29a2a1845048dc10d25402c50c729148bf080fefa9de84ea08643411fdce22
TR-01358,2025-03-06,2025-03-01,MKT,ACC-00008,RECEITA,16313.205817268454,16313.205817268454,BRL,Treinamento corporativo para equipe MKT,30,BOLETO,CANCELADO,e6288577-83de-45f9-9cb7-fa62004b89b9,2025-04-05,ERP_CORPORATIVO,TRANSACOES_FINANCEIRAS,1358,ea755324205fd236e6465d5aabc832405d1907365f009dcd2b00f53c2fee4510
TR-01359,2025-03-17,2025-03-01,RH,ACC-00008,DESPESA,4500.9468716529855,4500.9468716529855,BRL,Serviço especializado solicitado por RH,1,BOLETO,PAGO,e6288577-83de-45f9-9cb7-fa62004b89b9,2025-04-05,ERP_CORPORATIVO,TRANSACOES_FINANCEIRAS,1359,a6576cdc4f4a4b7ad2f69aa973988a59cb5a1be73178e5afe85d20d1187927ef
TR-01360,2025-03-24,2025-03-01,PES,ACC-00008,DESPESA,5076.711315198379,5076.711315198379,BRL,Prestação de serviço para área PES,1,BOLETO,PAGO,e6288577-83de-45f9-9cb7-fa62004b89b9,2025-04-05,ERP_CORPORATIVO,TRANSACOES_FINANCEIRAS,1360,1da64617e8a13d57b5d629fc8e0e74de9466b57eeb296f1abd3eb7578e0727a9
TR-01527,2025-03-10,2025-03-01,TI,FORN-00009,RECEITA,3938.6661579449105,3842.5494230611907,BRL,Taxas bancárias incidentes em TI,22,BOLETO,PAGO,e6288577-83de-45f9-9cb7-fa62004b89b9,2025-04-05,ERP_CORPORATIVO,TRANSACOES_FINANCEIRAS,1527,22198ba8b45c152ce4b31d4373ab4fd522e7b8d6357e0ec446feb5b452a4d5a6
TR-01528,2025-03-11,2025-03-01,RH,FORN-00009,DESPESA,4896.655006245328,4896.655006245328,BRL,Encargos de empréstimo vinculados a RH,23,CARTAO,PAGO,e6288577-83de-45f9-9cb7-fa62004b89b9,2025-04-05,ERP_CORPORATIVO,TRANSACOES_FINANCEIRAS,1528,74c77f666f1953737b67b58afbfe528690ac97a679b559ce75a16bdb302083b1
TR-01529,2025-03-11,2025-03-01,COM,FORN-00009,RECEITA,1385.723016053428,1385.723016053428,BRL,Combustível e lubrificantes para frota (COM),16,PIX,PAGO,e6288577-83de-45f9-9cb7-fa62004b89b9,2025-04-05,ERP_CORPORATIVO,TRANSACOES_FINANCEIRAS,1529,2ca88d37a8685837df87210c0120faa7477866dfd5bc234c0117f33df2102d32
TR-01530,2025-03-17,2025-03-01,COMP,FORN-00009,DESPESA,4828.3074516961115,4828.3074516961115,BRL,Despesa de RH - COMP,6,CARTAO,PAGO,e6288577-83de-45f9-9cb7-fa62004b89b9,2025-04-05,ERP_CORPORATIVO,TRANSACOES_FINANCEIRAS,1530,93567eac2b63cf5c27fb3a5cf44a50dd192df608ccbff4d14220b9af330efb8a
TR-01531,2025-03-18,2025-03-01,COM,FORN-00009,DESPESA,4459.069143286014,4459.069143286014,BRL,Custo operacional associado a COM,8,BOLETO,PAGO,e6288577-83de-45f9-9cb7-fa62004b89b9,2025-04-05,ERP_CORPORATIVO,TRANSACOES_FINANCEIRAS,1531,73cbb5921c8edc809e837e87377ef164d8728322df925fd22ebb421dbc115c76
TR-01532,2025-03-11,2025-03-01,COMP,FORN-00009,DESPESA,4448.729180376893,4312.14576161284,BRL,Contrato de serviço - setor COMP,1,PIX,PAGO,e6288577-83de-45f9-9cb7-fa62004b89b9,2025-04-05,ERP_CORPORATIVO,TRANSACOES_FINANCEIRAS,1532,0d1d89807a584203f1cc5e9760a4fa0b4c086724c0e6f0f7a73e09a0293a97ca
TR-01533,2025-03-10,2025-03-01,SEC,FORN-00009,DESPESA,4518.343159893714,4518.343159893714,BRL,Despesa operacional - SEC,8,BOLETO,PAGO,e6288577-83de-45f9-9cb7-fa62004b89b9,2025-04-05,ERP_CORPORATIVO,TRANSACOES_FINANCEIRAS,1533,260b2e7339056b73b116275a36cbf1f6e3317c73022319996f128e170b85bc9b
TR-01534,2025-03-14,2025-03-01,COMP,FORN-00009,DESPESA,5153.897900874244,5153.897900874244,BRL,Resultado de equivalência patrimonial - COMP,34,TED,PAGO,e6288577-83de-45f9-9cb7-fa62004b89b9,2025-04-05,ERP_CORPORATIVO,TRANSACOES_FINANCEIRAS,1534,5222461dc4386817069212b3f54f2835ed1144e3dfe012ab2ffedaf10ce973ad
TR-01535,2025-03-11,2025-03-01,FIN,FORN-00009,RECEITA,4528.558292934679,4528.558292934679,BRL,Prestação de serviço para área FIN,1,BOLETO,PAGO,e6288577-83de-45f9-9cb7-fa62004b89b9,2025-04-05,ERP_CORPORATIVO,TRANSACOES_FINANCEIRAS,1535,4ab40b4a44a356f48134d9836c7ee410edceaecfadb965eab1a540ce0ae42e7d
TR-01536,2025-03-24,2025-03-01,OP,FORN-00009,DESPESA,4966.2640574798515,4966.2640574798515,BRL,Aquisição de material operacional - OP,2,CARTAO,PAGO,e6288577-83de-45f9-9cb7-fa62004b89b9,2025-04-05,ERP_CORPORATIVO,TRANSACOES_FINANCEIRAS,1536,9dedd5664877892c6557b19786c4335b9b9b0e96ae25ce05f22dd427a2aba18c
TR-01537,2025-03-21,2025-03-01,RH,FORN-00009,DESPESA,12815.132176690848,12643.530920824618,BRL,Compra de insumos para setor RH,2,PIX,PAGO,e6288577-83de-45f9-9cb7-fa62004b89b9,2025-04-05,ERP_CORPORATIVO,TRANSACOES_FINANCEIRAS,1537,75506067ba50c5ef4c26af4349e74013119c626d9722a329f1f3542d6ff1d2a4
TR-01538,2025-03-24,2025-03-01,TI,FORN-00009,RECEITA,4372.879495751344,4372.879495751344,BRL,Prestação de serviço para área TI,1,BOLETO,PAGO,e6288577-83de-45f9-9cb7-fa62004b89b9,2025-04-05,ERP_CORPORATIVO,TRANSACOES_FINANCEIRAS,1538,a003e10a22255a24631213c8911a4d96559f40701e94573732ff6a49809f4a48
TR-01795,2025-03-17,2025-03-01,COM,FORN-00010,RECEITA,2317.1766381743396,2317.1766381743396,BRL,Custo operacional associado a COM,8,TED,PAGO,e6288577-83de-45f9-9cb7-fa62004b89b9,2025-04-05,ERP_CORPORATIVO,TRANSACOES_FINANCEIRAS,1795,031c76e8f47ef40f15c74238de901e672dd55163ff067987e0119bf2fd726aa0
TR-01796,2025-03-12,2025-03-01,ADM,FORN-00010,DESPESA,2006.6938580150425,2006.6938580150425,BRL,Contrato de consultoria externa - ADM,12,TED,PAGO,e6288577-83de-45f9-9cb7-fa62004b89b9,2025-04-05,ERP_CORPORATIVO,TRANSACOES_FINANCEIRAS,1796,87c3f2154246490eb52c1eeb022ac50776951cf8e6c11c4e0a8b5ce3cf1881fc
TR-01797,2025-03-07,2025-03-01,PES,FORN-00010,RECEITA,405.2328400336521,405.2328400336521,BRL,Contrato de serviço - setor PES,1,TED,PAGO,e6288577-83de-45f9-9cb7-fa62004b89b9,2025-04-05,ERP_CORPORATIVO,TRANSACOES_FINANCEIRAS,1797,884cd22e203e7a97ada2f165d5480f75efee590224859016d8c0f7c3fea8a8d1
TR-01798,2025-03-18,2025-03-01,COM,FORN-00010,RECEITA,1760.0686750255843,1760.0686750255843,BRL,Capacitação profissional vinculada a COM,30,TED,ATRASADO,e6288577-83de-45f9-9cb7-fa62004b89b9,2025-04-05,ERP_CORPORATIVO,TRANSACOES_FINANCEIRAS,1798,f1bd5a4ce8c2a2405f242ec77a936fb71f83dce76c58661ab15971513d8c8657
TR-01799,2025-03-24,2025-03-01,COMP,FORN-00010,RECEITA,2134.1645165902332,2073.599112500256,BRL,Serviço de tecnologia contratado por COMP,5,BOLETO,ATRASADO,e6288577-83de-45f9-9cb7-fa62004b89b9,2025-04-05,ERP_CORPORATIVO,TRANSACOES_FINANCEIRAS,1799,a26ade1b5b5e58e3dadf782c3dd938ebc5c32a4e2627278617545f96cccdda36
TR-01800,2025-03-17,2025-03-01,ATD,FORN-00010,RECEITA,2041.003020877444,2041.003020877444,BRL,Treinamento corporativo para equipe ATD,30,TED,PAGO,e6288577-83de-45f9-9cb7-fa62004b89b9,2025-04-05,ERP_CORPORATIVO,TRANSACOES_FINANCEIRAS,1800,62da692a9fb0fc94238b8962a1e00a787cbb4d08fe124d8b30e79ca371c289b7
TR-01801,2025-03-07,2025-03-01,COM,FORN-00010,DESPESA,2323.035891676474,2231.0542842588657,BRL,Serviço especializado solicitado por COM,1,TED,PAGO,e6288577-83de-45f9-9cb7-fa62004b89b9,2025-04-05,ERP_CORPORATIVO,TRANSACOES_FINANCEIRAS,1801,3fc07b75d39a13d8628e5cc73a60c411b968ef1b7db15ad0df09c3449b6f832f
TR-01802,2025-03-10,2025-03-01,PJT,FORN-00010,DESPESA,2058.0095931061687,1982.398120420529,BRL,Despesa de infraestrutura - PJT,3,BOLETO,PAGO,e6288577-83de-45f9-9cb7-fa62004b89b9,2025-04-05,ERP_CORPORATIVO,TRANSACOES_FINANCEIRAS,1802,2168887bb14fbc5c100e5577ce126e88f95486be68fa43662ed13faa1f5bc5bd
TR-02120,2025-03-13,2025-03-01,OP,ACC-00011,DESPESA,3979.0997576362934,3979.0997576362934,BRL,Consultoria estratégica para área OP,12,TED,PAGO,e6288577-83de-45f9-9cb7-fa62004b89b9,2025-04-05,ERP_CORPORATIVO,TRANSACOES_FINANCEIRAS,2120,51333e9d8e4a2007b4f8f3e8650aacb69fe9515c3f5f995874f191198b3888b3
TR-02121,2025-03-20,2025-03-01,ADM,ACC-00011,DESPESA,3069.9726636638165,3069.9726636638165,BRL,Licenciamento de software - ADM,5,CARTAO,CANCELADO,e6288577-83de-45f9-9cb7-fa62004b89b9,2025-04-05,ERP_CORPORATIVO,TRANSACOES_FINANCEIRAS,2121,591d6ae7e522f28c344354861becf87a7c47447d6a074c932b4c3ce035a5a288
TR-02122,2025-03-17,2025-03-01,COM,ACC-00011,DESPESA,3480.589227783892,3480.589227783892,BRL,Receita de aluguel creditada em COM,31,BOLETO,ATRASADO,e6288577-83de-45f9-9cb7-fa62004b89b9,2025-04-05,ERP_CORPORATIVO,TRANSACOES_FINANCEIRAS,2122,c4060cfecd9b57389c36d44176eaa194de49b556c84026e431b12bb84345e227
TR-02123,2025-03-12,2025-03-01,PES,ACC-00011,DESPESA,3401.31172900073,3401.31172900073,BRL,Despesa operacional - PES,8,TED,PAGO,e6288577-83de-45f9-9cb7-fa62004b89b9,2025-04-05,ERP_CORPORATIVO,TRANSACOES_FINANCEIRAS,2123,9341a752b5ae74bddce786184dc7742e69bd82e077fe8345d6430fe76c478b13
TR-02124,2025-03-13,2025-03-01,COM,ACC-00011,DESPESA,3041.315004343533,3041.315004343533,BRL,Material de marketing solicitado por COM,15,CARTAO,PAGO,e6288577-83de-45f9-9cb7-fa62004b89b9,2025-04-05,ERP_CORPORATIVO,TRANSACOES_FINANCEIRAS,2124,280bc3e59e73653660e132e8906a879c354ae8f00ce3228f526aa71e355240df
TR-02125,2025-03-20,2025-03-01,COMP,ACC-00011,DESPESA,3084.0247504607746,2987.5070390852356,BRL,Locação de espaço comercial - COMP,31,CARTAO,CANCELADO,e6288577-83de-45f9-9cb7-fa62004b89b9,2025-04-05,ERP_CORPORATIVO,TRANSACOES_FINANCEIRAS,2125,09e6d757cac9c0e442aa0f0df3f7455fae50c5cca556ace887ee580403980897
TR-02126,2025-03-11,2025-03-01,OP,ACC-00011,DESPESA,3231.5526329017243,3171.960398806833,BRL,Doação recebida em favor de OP,36,PIX,ATRASADO,e6288577-83de-45f9-9cb7-fa62004b89b9,2025-04-05,ERP_CORPORATIVO,TRANSACOES_FINANCEIRAS,2126,22fab7a26ed4478c7d8671aff7134a083fe6585c3c2046fdee0c49393824f978
TR-02127,2025-03-17,2025-03-01,FIN,ACC-00011,RECEITA,3478.039323577479,3478.039323577479,BRL,Capacitação profissional vinculada a FIN,30,BOLETO,ATRASADO,e6288577-83de-45f9-9cb7-fa62004b89b9,2025-04-05,ERP_CORPORATIVO,TRANSACOES_FINANCEIRAS,2127,33ef7d152aef2143f2b1f07068d3b57f5177c17a0be3c113d5866c555e3a05ac
TR-02128,2025-03-24,2025-03-01,COMP,ACC-00011,DESPESA,3014.650325450713,3014.650325450713,BRL,Diária de hotel para equipe COMP,19,BOLETO,PAGO,e6288577-83de-45f9-9cb7-fa62004b89b9,2025-04-05,ERP_CORPORATIVO,TRANSACOES_FINANCEIRAS,2128,c7c5be5bc5b5a4fa14cb8461cfd6000e87a900adcbbfb728342dd78157cf6988
TR-02129,2025-03-24,2025-03-01,ATD,ACC-00011,DESPESA,2914.8733457865733,2833.7789259880537,BRL,Investimento em marketing corporativo (ATD),4,TED,PAGO,e6288577-83de-45f9-9cb7-fa62004b89b9,2025-04-05,ERP_CORPORATIVO,TRANSACOES_FINANCEIRAS,2129,2a6120718612d5ffc07e03358941d237ee1cc42a5ebceccf9b7ac4753b819f49
TR-02130,2025-03-24,2025-03-01,OP,ACC-00011,RECEITA,3366.6320020218664,3366.6320020218664,BRL,Custo operacional associado a OP,8,BOLETO,PAGO,e6288577-83de-45f9-9cb7-fa62004b89b9,2025-04-05,ERP_CORPORATIVO,TRANSACOES_FINANCEIRAS,2130,aa514e3368c8ff3b3e772e99379eec322330bb107101176c741013b161b66b84
TR-02131,2025-03-20,2025-03-01,RH,ACC-00011,DESPESA,2734.6338016917266,2734.6338016917266,BRL,Apólice de seguro - RH,21,BOLETO,ATRASADO,e6288577-83de-45f9-9cb7-fa62004b89b9,2025-04-05,ERP_CORPORATIVO,TRANSACOES_FINANCEIRAS,2131,e137af15d61633f3002fe3d7a01ec3282dd98f16f17e3acb66708fcf29020698
TR-02132,2025-03-17,2025-03-01,PJT,ACC-00011,DESPESA,3145.4545546959075,3145.4545546959075,BRL,Serviço de tecnologia contratado por PJT,5,PIX,PAGO,e6288577-83de-45f9-9cb7-fa62004b89b9,2025-04-05,ERP_CORPORATIVO,TRANSACOES_FINANCEIRAS,2132,f64b29fffa65e9041f126a25402387570789f5965208983a354826630dcd529a
TR-02133,2025-03-17,2025-03-01,ATD,ACC-00011,RECEITA,3409.96385672684,3409.96385672684,BRL,Compra de insumos para setor ATD,2,TRANSFERENCIA,PAGO,e6288577-83de-45f9-9cb7-fa62004b89b9,2025-04-05,ERP_CORPORATIVO,TRANSACOES_FINANCEIRAS,2133,08eb02cae74f8402ffa21d053c387ed92d647070bbd7c549fca950bb4fb38054
TR-02134,2025-03-26,2025-03-01,CTB,ACC-00011,RECEITA,3201.7871932597595,3201.7871932597595,BRL,Despesa operacional - CTB,8,TED,PAGO,e6288577-83de-45f9-9cb7-fa62004b89b9,2025-04-05,ERP_CORPORATIVO,TRANSACOES_FINANCEIRAS,2134,37fb204d342984c79e56d72727f5c28aeb3c3806c41ad553e15791863e428dfe
TR-02135,2025-03-20,2025-03-01,TI,ACC-00011,RECEITA,2897.901504263235,2897.901504263235,BRL,Campanha institucional - TI,4,BOLETO,PAGO,e6288577-83de-45f9-9cb7-fa62004b89b9,2025-04-05,ERP_CORPORATIVO,TRANSACOES_FINANCEIRAS,2135,5b2144122c779595448286a64d73a9f2754371252af1b8d9a6ef6f0c893e3549
TR-02377,2025-03-19,2025-03-01,RH,ACC-00012,DESPESA,3006.4205709487683,3006.4205709487683,BRL,Aquisição de material operacional - RH,2,CARTAO,CANCELADO,e6288577-83de-45f9-9cb7-fa62004b89b9,2025-04-05,ERP_CORPORATIVO,TRANSACOES_FINANCEIRAS,2377,0f7829f85117de789ac71a53dbd0a88f12bef6fa1910c2e22767c47aaaff44e4
TR-02378,2025-03-06,2025-03-01,FIN,ACC-00012,DESPESA,3381.9042955355685,3381.9042955355685,BRL,Receita extraordinária - FIN,37,BOLETO,PAGO,e6288577-83de-45f9-9cb7-fa62004b89b9,2025-04-05,ERP_CORPORATIVO,TRANSACOES_FINANCEIRAS,2378,5406b570a4a75f9f8916c24392617dd31393a92a66a334708ee398261bb5b06d
TR-02379,2025-03-17,2025-03-01,ADM,ACC-00012,DESPESA,3609.53496563997,3609.53496563997,BRL,Abastecimento de veículos - ADM,16,TRANSFERENCIA,PAGO,e6288577-83de-45f9-9cb7-fa62004b89b9,2025-04-05,ERP_CORPORATIVO,TRANSACOES_FINANCEIRAS,2379,45ff5eb20f6abd39209668e4b72cc047a89a41a6b3ed2454581111179b600882
TR-02380,2025-03-31,2025-03-01,ADM,ACC-00012,DESPESA,3121.4086707354368,3121.4086707354368,BRL,Atendimento de TI requisitado por ADM,29,TRANSFERENCIA,PAGO,e6288577-83de-45f9-9cb7-fa62004b89b9,2025-04-05,ERP_CORPORATIVO,TRANSACOES_FINANCEIRAS,2380,86af645952fae4d37f0a1a3fd35cacd37095ca26ac9c65aabd0dc9fec0df836a
TR-02381,2025-03-06,2025-03-01,VND,ACC-00012,RECEITA,3614.2475584515932,3486.9128210570675,BRL,Manutenção estrutural vinculada à área VND,3,TED,PAGO,e6288577-83de-45f9-9cb7-fa62004b89b9,2025-04-05,ERP_CORPORATIVO,TRANSACOES_FINANCEIRAS,2381,bf1bf61cd682274959dec193f970954d674659eb56c5bc0c5008cb5f89baa024
TR-02382,2025-03-03,2025-03-01,PES,ACC-00012,RECEITA,3776.116039830021,3724.1410395646735,BRL,Manutenção estrutural vinculada à área PES,3,TRANSFERENCIA,PAGO,e6288577-83de-45f9-9cb7-fa62004b89b9,2025-04-05,ERP_CORPORATIVO,TRANSACOES_FINANCEIRAS,2382,0e47795ad86c9fe1b8d0630a89d7c30042aa71537ef98dd9d07112f938a7de9f
TR-02383,2025-03-13,2025-03-01,QAS,ACC-00012,DESPESA,4148.09792888492,4006.0404847156587,BRL,Aquisição de material operacional - QAS,2,TRANSFERENCIA,PAGO,e6288577-83de-45f9-9cb7-fa62004b89b9,2025-04-05,ERP_CORPORATIVO,TRANSACOES_FINANCEIRAS,2383,cb26493027e2678f94270210a36c04bf91df1600dc0da351137c97455942b4af
TR-02384,2025-03-17,2025-03-01,PJT,ACC-00012,DESPESA,4321.63905632716,4321.63905632716,BRL,Serviço relacionado a recursos humanos (PJT),6,PIX,ATRASADO,e6288577-83de-45f9-9cb7-fa62004b89b9,2025-04-05,ERP_CORPORATIVO,TRANSACOES_FINANCEIRAS,2384,80c3862ec0d80d99b83b6645a8c6315536602985b3a0de710a636f4496e1405a
TR-02385,2025-03-17,2025-03-01,JUR,ACC-00012,DESPESA,3198.2750735339664,3198.2750735339664,BRL,Licença de software para área JUR,27,CARTAO,ATRASADO,e6288577-83de-45f9-9cb7-fa62004b89b9,2025-04-05,ERP_CORPORATIVO,TRANSACOES_FINANCEIRAS,2385,5f1e76493828921f946cb799b9ac304893094b94d75e0c4b8c4d18b779cd997e
TR-02386,2025-03-14,2025-03-01,COM,ACC-00012,RECEITA,3561.2272737254984,3561.2272737254984,BRL,Contrato de serviço - setor COM,1,PIX,PAGO,e6288577-83de-45f9-9cb7-fa62004b89b9,2025-04-05,ERP_CORPORATIVO,TRANSACOES_FINANCEIRAS,2386,9f151a27560a3fc206995c2f9b175fa4b11ef2a1826a94a0daf631fc0381036f
TR-02387,2025-03-17,2025-03-01,ESG,ACC-00012,DESPESA,3565.724958846173,3518.135107061556,BRL,Contrato de serviço - setor ESG,1,PIX,CANCELADO,e6288577-83de-45f9-9cb7-fa62004b89b9,2025-04-05,ERP_CORPORATIVO,TRANSACOES_FINANCEIRAS,2387,47022d1a0e352192982641f5e6db247ed97e823906458e1dc1a2d8b18489ec81
TR-02388,2025-03-20,2025-03-01,TI,ACC-00012,DESPESA,3355.038170715325,3355.038170715325,BRL,Imposto sobre venda apurado em TI,40,PIX,PAGO,e6288577-83de-45f9-9cb7-fa62004b89b9,2025-04-05,ERP_CORPORATIVO,TRANSACOES_FINANCEIRAS,2388,ac710baed8baeb74a76bba8a55b403fc2e8628e7812fab277fe99f89b2cecf02
TR-02389,2025-03-05,2025-03-01,JUR,ACC-00012,RECEITA,3638.7087725141605,3638.7087725141605,BRL,Encargos de empréstimo vinculados a JUR,23,PIX,PAGO,e6288577-83de-45f9-9cb7-fa62004b89b9,2025-04-05,ERP_CORPORATIVO,TRANSACOES_FINANCEIRAS,2389,c6edc1ce14fa522d6ea08241e4b08d0af37dfca77bf2a3816ff71080c9d39927
TR-02390,2025-03-14,2025-03-01,MKT,ACC-00012,RECEITA,3574.2561064522615,3574.2561064522615,BRL,Compra de insumos para setor MKT,2,PIX,ATRASADO,e6288577-83de-45f9-9cb7-fa62004b89b9,2025-04-05,ERP_CORPORATIVO,TRANSACOES_FINANCEIRAS,2390,08fc9b7e7ad2ca15c918733440c18b5eb9e4fb20baba38871fabe800b7682018
TR-02391,2025-03-10,2025-03-01,CPT,ACC-00012,RECEITA,3831.070731952382,3831.070731952382,BRL,Assessoria contábil prestada a CPT,25,BOLETO,PAGO,e6288577-83de-45f9-9cb7-fa62004b89b9,2025-04-05,ERP_CORPORATIVO,TRANSACOES_FINANCEIRAS,2391,016348117a4e65b8c862e08266e680f33d29315ec6372ca6ff72fe0b609ec1b6
TR-02582,2025-03-04,2025-03-01,OP,FORN-00013,RECEITA,3652.703825230164,3652.703825230164,BRL,Contrato de serviço - setor OP,1,TRANSFERENCIA,PAGO,e6288577-83de-45f9-9cb7-fa62004b89b9,2025-04-05,ERP_CORPORATIVO,TRANSACOES_FINANCEIRAS,2582,8696d5a22d4c193b29ecc528596e1ce0e67b8a0cac1d6d97e2fa9d8013f619af
TR-02583,2025-03-20,2025-03-01,PES,FORN-00013,RECEITA,2850.1208036181747,2850.1208036181747,USD,Receita eventual registrada em PES,37,BOLETO,PAGO,e6288577-83de-45f9-9cb7-fa62004b89b9,2025-04-05,ERP_CORPORATIVO,TRANSACOES_FINANCEIRAS,2583,04118d96dd821ebcd0fb503e83f23926911c2cb688cadd31c8f35eb2a91524f8
TR-02584,2025-03-10,2025-03-01,CPT,FORN-00013,DESPESA,3224.8470968603147,3224.8470968603147,BRL,Campanha institucional - CPT,4,PIX,PAGO,e6288577-83de-45f9-9cb7-fa62004b89b9,2025-04-05,ERP_CORPORATIVO,TRANSACOES_FINANCEIRAS,2584,0867cca941406d69a68818ebc63fe5f070500cd9a664d439dbcb40fc97742d17
TR-02585,2025-03-10,2025-03-01,ESG,FORN-00013,RECEITA,5498.423698649412,5316.91098088808,BRL,Serviço de tecnologia contratado por ESG,5,TRANSFERENCIA,CANCELADO,e6288577-83de-45f9-9cb7-fa62004b89b9,2025-04-05,ERP_CORPORATIVO,TRANSACOES_FINANCEIRAS,2585,73089f134d29d2bb2416beb039dbccea1b5879f3526b02bbc5589278e01b4536
TR-02586,2025-03-31,2025-03-01,ESG,FORN-00013,DESPESA,3309.582416471831,3309.582416471831,BRL,Serviço especializado solicitado por ESG,1,BOLETO,PAGO,e6288577-83de-45f9-9cb7-fa62004b89b9,2025-04-05,ERP_CORPORATIVO,TRANSACOES_FINANCEIRAS,2586,85ea1e3b643451dfb69c72127a82eee04b12b05d19bea14a16da6638403ad17a
TR-02587,2025-03-13,2025-03-01,PRD,FORN-00013,RECEITA,3225.5448655164596,3225.5448655164596,BRL,Serviço especializado solicitado por PRD,1,BOLETO,PAGO,e6288577-83de-45f9-9cb7-fa62004b89b9,2025-04-05,ERP_CORPORATIVO,TRANSACOES_FINANCEIRAS,2587,b0a1e35cbfbe21f9c32459fc7806792b3d755e0b9145fa66bbf1dbf44f932fa2
TR-02588,2025-03-19,2025-03-01,MKT,FORN-00013,DESPESA,3649.648598092638,3649.648598092638,BRL,Treinamento corporativo para equipe MKT,30,PIX,PAGO,e6288577-83de-45f9-9cb7-fa62004b89b9,2025-04-05,ERP_CORPORATIVO,TRANSACOES_FINANCEIRAS,2588,067bd5f2ee51511c9078fab4b3071ccffe099c7a24f732694fe6639a1c11d777
TR-02838,2025-03-10,2025-03-01,COMP,ACC-00014,RECEITA,2433.878501673746,2387.1065601069404,BRL,Assessoria legal vinculada à área COMP,7,PIX,ATRASADO,e6288577-83de-45f9-9cb7-fa62004b89b9,2025-04-05,ERP_CORPORATIVO,TRANSACOES_FINANCEIRAS,2838,438f43b9836e72ee24302e391f79caac7c40a1ef02f4b361292ab51a56424668
TR-02839,2025-03-24,2025-03-01,JUR,ACC-00014,RECEITA,2372.5284383991225,2372.5284383991225,BRL,Despesa de RH - JUR,6,PIX,PAGO,e6288577-83de-45f9-9cb7-fa62004b89b9,2025-04-05,ERP_CORPORATIVO,TRANSACOES_FINANCEIRAS,2839,aad5867c0b59d4665fd0870a5316554c4534bba237c33fff6776a58181ea03c0
TR-02840,2025-03-10,2025-03-01,ADM,ACC-00014,DESPESA,2601.26188635606,2601.26188635606,BRL,Seguro contratado pela área ADM,21,BOLETO,PAGO,e6288577-83de-45f9-9cb7-fa62004b89b9,2025-04-05,ERP_CORPORATIVO,TRANSACOES_FINANCEIRAS,2840,84fd442a53119db62e442245cee264a9388641ca623124d4a0aeed5661f9ae22
TR-02841,2025-03-07,2025-03-01,COM,ACC-00014,DESPESA,2385.8125706194305,2385.8125706194305,BRL,Hospedagem em viagem a serviço de COM,19,CARTAO,ATRASADO,e6288577-83de-45f9-9cb7-fa62004b89b9,2025-04-05,ERP_CORPORATIVO,TRANSACOES_FINANCEIRAS,2841,fbff0552e876d12e35192bcd17798b21d6e702d512a3e3aad35bd159f7fe3b1a
TR-02842,2025-03-27,2025-03-01,OP,ACC-00014,RECEITA,2491.485414058003,2389.698468740792,BRL,Compra de insumos para setor OP,2,BOLETO,PAGO,e6288577-83de-45f9-9cb7-fa62004b89b9,2025-04-05,ERP_CORPORATIVO,TRANSACOES_FINANCEIRAS,2842,31125f02f6bb9fc447658d28b9ed24bd050928e654e2538fc273cc9acdb78f1f
TR-02843,2025-03-17,2025-03-01,LOG,ACC-00014,DESPESA,2976.2737791161,2976.2737791161,BRL,Aquisição de material operacional - LOG,2,PIX,PAGO,e6288577-83de-45f9-9cb7-fa62004b89b9,2025-04-05,ERP_CORPORATIVO,TRANSACOES_FINANCEIRAS,2843,8e7e6f13c04c6bc8d76ef003b77ad10e563f6f92c5178b4f12bfdd786a844b12
TR-02844,2025-03-24,2025-03-01,ATD,ACC-00014,RECEITA,2350.3836298214937,2350.3836298214937,BRL,Participação nos resultados vinculada a ATD,34,TRANSFERENCIA,PAGO,e6288577-83de-45f9-9cb7-fa62004b89b9,2025-04-05,ERP_CORPORATIVO,TRANSACOES_FINANCEIRAS,2844,64aaf5596746a73dab968277ca68c26e4772500c59002f6851d86057a55b95a2
TR-02845,2025-03-10,2025-03-01,COM,ACC-00014,DESPESA,697.5460385171654,660.7717745026564,BRL,Produção de material gráfico - COM,15,TED,ATRASADO,e6288577-83de-45f9-9cb7-fa62004b89b9,2025-04-05,ERP_CORPORATIVO,TRANSACOES_FINANCEIRAS,2845,0678a08651b00a55568a368ca42107361fcc08ce8728f9e983e95d24640c340e
TR-02846,2025-03-25,2025-03-01,PRD,ACC-00014,DESPESA,2357.724881825825,2357.724881825825,BRL,Receita de comissão comercial - PRD,33,TRANSFERENCIA,PAGO,e6288577-83de-45f9-9cb7-fa62004b89b9,2025-04-05,ERP_CORPORATIVO,TRANSACOES_FINANCEIRAS,2846,beee6e5bb394a9865b2a5d8c0da1d2b89ea227d2bee8bacab2bfa9fd50531f93
TR-02847,2025-03-24,2025-03-01,FIN,ACC-00014,RECEITA,2267.6133402677706,2267.6133402677706,BRL,Custo operacional associado a FIN,8,PIX,PAGO,e6288577-83de-45f9-9cb7-fa62004b89b9,2025-04-05,ERP_CORPORATIVO,TRANSACOES_FINANCEIRAS,2847,35442a6de675ca01084d089eb394e89b1be5a0cea9fbec0e2b6675692202a4ba
TR-02848,2025-03-17,2025-03-01,RH,ACC-00014,DESPESA,2479.0914095097305,2479.0914095097305,BRL,Investimento em marketing corporativo (RH),4,TED,PAGO,e6288577-83de-45f9-9cb7-fa62004b89b9,2025-04-05,ERP_CORPORATIVO,TRANSACOES_FINANCEIRAS,2848,323e9d0f0644e79b11e687356a23929d41f070100aaf960bba34c4f7f8d0ad79
TR-02849,2025-03-24,2025-03-01,PJT,ACC-00014,RECEITA,3269.018266061043,3269.018266061043,BRL,Despesa de refeição em deslocamento (PJT),20,BOLETO,PAGO,e6288577-83de-45f9-9cb7-fa62004b89b9,2025-04-05,ERP_CORPORATIVO,TRANSACOES_FINANCEIRAS,2849,531913dfaecb91613d0190bcf0bf9571e0305b02bd7e842e93ce3f428aa43e54
TR-02850,2025-03-13,2025-03-01,CTB,ACC-00014,DESPESA,2702.587398435775,2702.587398435775,BRL,Serviço especializado solicitado por CTB,1,TRANSFERENCIA,PAGO,e6288577-83de-45f9-9cb7-fa62004b89b9,2025-04-05,ERP_CORPORATIVO,TRANSACOES_FINANCEIRAS,2850,44007a7ad0f1eb30b4dbc933aa878300da291fd3733bf6c3f77bf18246b8908f
TR-02851,2025-03-17,2025-03-01,TI,ACC-00014,DESPESA,2617.585428386674,2617.585428386674,BRL,Apólice de seguro - TI,21,CARTAO,PAGO,e6288577-83de-45f9-9cb7-fa62004b89b9,2025-04-05,ERP_CORPORATIVO,TRANSACOES_FINANCEIRAS,2851,8e8ebe5e6157955105f76514a13c69c1c79eb0883c291b6913ccc2be0fa62fc7
TR-02852,2025-03-18,2025-03-01,CTB,ACC-00014,DESPESA,2371.664040367039,2371.664040367039,BRL,Manutenção estrutural vinculada à área CTB,3,TRANSFERENCIA,PAGO,e6288577-83de-45f9-9cb7-fa62004b89b9,2025-04-05,ERP_CORPORATIVO,TRANSACOES_FINANCEIRAS,2852,fcf3f0517d2de3be94de79fa55b8b3dbe08e8987636a2bfea6deda4a9f7a6a1b
TR-02853,2025-03-24,2025-03-01,JUR,ACC-00014,DESPESA,2405.0934084912897,2405.0934084912897,BRL,Devolução de venda processada por JUR,39,TRANSFERENCIA,PAGO,e6288577-83de-45f9-9cb7-fa62004b89b9,2025-04-05,ERP_CORPORATIVO,TRANSACOES_FINANCEIRAS,2853,697d2f67e049fc2dca31560265db86a607f226fb6e3b30757a4d5b5082ff0b12
TR-02854,2025-03-18,2025-03-01,JUR,ACC-00014,DESPESA,2154.8030224578947,2154.8030224578947,BRL,Receita extraordinária - JUR,37,PIX,PAGO,e6288577-83de-45f9-9cb7-fa62004b89b9,2025-04-05,ERP_CORPORATIVO,TRANSACOES_FINANCEIRAS,2854,eb34d21e36465cf8852396b4eb929e71a164329febe43e42728ee2d40441e897
TR-03159,2025-03-19,2025-03-01,CTB,1000014,DESPESA,5471.7358858608195,5471.7358858608195,BRL,Despesa jurídica da área CTB,24,BOLETO,PAGO,e6288577-83de-45f9-9cb7-fa62004b89b9,2025-04-05,ERP_CORPORATIVO,TRANSACOES_FINANCEIRAS,3159,4c9b6fbaf63775d2cf30e2d5abfb5add700d0ddeacba4a68291b163cadbe0ed5
TR-03160,2025-03-13,2025-03-01,ATD,1000014,RECEITA,5349.083349701972,5349.083349701972,BRL,Aquisição de material operacional - ATD,2,PIX,PAGO,e6288577-83de-45f9-9cb7-fa62004b89b9,2025-04-05,ERP_CORPORATIVO,TRANSACOES_FINANCEIRAS,3160,d5d7506e32ff45f24d295bce1deb60fad72ca09db071cd3df4722d437af6bfd3
TR-03161,2025-03-24,2025-03-01,ESG,1000014,RECEITA,5448.268183293196,5448.268183293196,BRL,Resultado de equivalência patrimonial - ESG,34,CARTAO,PAGO,e6288577-83de-45f9-9cb7-fa62004b89b9,2025-04-05,ERP_CORPORATIVO,TRANSACOES_FINANCEIRAS,3161,3446985d15b2f415e4012ff8509a4919fe36d945481ea2a250197a0342ea0a2a
TR-03162,2025-03-19,2025-03-01,ESG,1000014,RECEITA,4274.865059045817,4274.865059045817,BRL,Compra de insumos para setor ESG,2,PIX,PAGO,e6288577-83de-45f9-9cb7-fa62004b89b9,2025-04-05,ERP_CORPORATIVO,TRANSACOES_FINANCEIRAS,3162,6cc572b1806a788dec26ea4533d0c26a87edd9ac595e8f6efbc84cfadd8122e6
TR-03163,2025-03-05,2025-03-01,TI,1000014,RECEITA,5338.144848114287,5338.144848114287,BRL,Serviço especializado solicitado por TI,1,TRANSFERENCIA,PAGO,e6288577-83de-45f9-9cb7-fa62004b89b9,2025-04-05,ERP_CORPORATIVO,TRANSACOES_FINANCEIRAS,3163,5600c51e13d33d063cbebaa66c4dba294e45369f9db46539e0da9636a078dd0c
TR-03164,2025-03-21,2025-03-01,OP,1000014,RECEITA,4910.349499909801,4910.349499909801,BRL,Consultoria estratégica para área OP,12,TRANSFERENCIA,PAGO,e6288577-83de-45f9-9cb7-fa62004b89b9,2025-04-05,ERP_CORPORATIVO,TRANSACOES_FINANCEIRAS,3164,0d505ae486b38885a691126dbab64b33fdae2238441bf4c29f902e024c943789
TR-03165,2025-03-10,2025-03-01,OP,1000014,RECEITA,6084.924072293037,6084.924072293037,BRL,Serviço de tecnologia contratado por OP,5,PIX,PAGO,e6288577-83de-45f9-9cb7-fa62004b89b9,2025-04-05,ERP_CORPORATIVO,TRANSACOES_FINANCEIRAS,3165,98d814e07de8cf43f51c1af4ff085c83e4c7c51d5e3e035febaf75dd88477f03
TR-03166,2025-03-13,2025-03-01,COM,1000014,DESPESA,5375.046840373062,5304.012737085118,BRL,Serviço especializado solicitado por COM,1,PIX,ATRASADO,e6288577-83de-45f9-9cb7-fa62004b89b9,2025-04-05,ERP_CORPORATIVO,TRANSACOES_FINANCEIRAS,3166,40efed515bcd6ac0be72082a9ee105e46dea733fa2d7a59c3ad4550e8fc1b9bc
TR-03167,2025-03-28,2025-03-01,MKT,1000014,RECEITA,4608.591792970279,4608.591792970279,BRL,Honorarium advocatício - MKT,24,TRANSFERENCIA,PAGO,e6288577-83de-45f9-9cb7-fa62004b89b9,2025-04-05,ERP_CORPORATIVO,TRANSACOES_FINANCEIRAS,3167,8a4cfa0bdf0bf7f41ca19416f7ed3e52a784a298406b0aabfc3a67ce830c5096
TR-03168,2025-03-11,2025-03-01,COM,1000014,DESPESA,4377.792275950789,4377.792275950789,BRL,Aquisição de material operacional - COM,2,TED,PAGO,e6288577-83de-45f9-9cb7-fa62004b89b9,2025-04-05,ERP_CORPORATIVO,TRANSACOES_FINANCEIRAS,3168,5add87e47f0a68024009d8071582f6e1893ba411f8c1ebee84a0fb04d4343b2d
TR-03169,2025-03-25,2025-03-01,VND,1000014,DESPESA,4874.990224998481,4874.990224998481,USD,Compra de insumos para setor VND,2,PIX,PAGO,e6288577-83de-45f9-9cb7-fa62004b89b9,2025-04-05,ERP_CORPORATIVO,TRANSACOES_FINANCEIRAS,3169,da8211df41de4de97389b55aa484a90f72a2e255ed3730970f22afd0a1f1049c
TR-03205,2025-03-10,2025-03-01,ATD,1000015,RECEITA,5078.925668695352,4989.503123459037,BRL,Compra de insumos para setor ATD,2,BOLETO,ATRASADO,e6288577-83de-45f9-9cb7-fa62004b89b9,2025-04-05,ERP_CORPORATIVO,TRANSACOES_FINANCEIRAS,3205,0f5d374e648fb0f8215b0146d652c51be56b5cc5da38fed00688c331872ef163
TR-03206,2025-03-13,2025-03-01,QAS,1000015,DESPESA,4981.49375670417,4981.49375670417,BRL,Prestação de serviço para área QAS,1,TRANSFERENCIA,ATRASADO,e6288577-83de-45f9-9cb7-fa62004b89b9,2025-04-05,ERP_CORPORATIVO,TRANSACOES_FINANCEIRAS,3206,ec1984703684b38662a418008a125e7348ba7a4ec0f9526de69bab0eb3ec1f2e
TR-03207,2025-03-10,2025-03-01,RH,1000015,DESPESA,13432.920529325223,13432.920529325223,BRL,Juros sobre operação financeira - RH,23,TED,PAGO,e6288577-83de-45f9-9cb7-fa62004b89b9,2025-04-05,ERP_CORPORATIVO,TRANSACOES_FINANCEIRAS,3207,7537e215f0f8b684a849b1997cb480ba5e5a5976b8dfc9ef8abeb15dbee34c0c
TR-03208,2025-03-03,2025-03-01,ATD,1000015,RECEITA,3987.2436956938404,3987.2436956938404,BRL,Campanha institucional - ATD,4,TRANSFERENCIA,PAGO,e6288577-83de-45f9-9cb7-fa62004b89b9,2025-04-05,ERP_CORPORATIVO,TRANSACOES_FINANCEIRAS,3208,adf060b0fa2f5e907a9b9e492b2a64ed8721c0095d7127c13519e012a2039af0
TR-03209,2025-03-17,2025-03-01,CPT,1000015,DESPESA,4528.765987909739,4528.765987909739,BRL,Compra de insumos para setor CPT,2,TRANSFERENCIA,PAGO,e6288577-83de-45f9-9cb7-fa62004b89b9,2025-04-05,ERP_CORPORATIVO,TRANSACOES_FINANCEIRAS,3209,f86689a54f01ad24a5e16f6db519b32ace5075d042ccad344cfd5d9d74f704fe
TR-03210,2025-03-14,2025-03-01,COM,1000015,DESPESA,3934.864477903847,3934.864477903847,BRL,Locação de espaço comercial - COM,31,TRANSFERENCIA,PAGO,e6288577-83de-45f9-9cb7-fa62004b89b9,2025-04-05,ERP_CORPORATIVO,TRANSACOES_FINANCEIRAS,3210,32872197fb44682a26f4b4b95806358c761efb81de36bc8f072f40d746943b5f
TR-03211,2025-03-10,2025-03-01,ADM,1000015,RECEITA,3331.544780138597,3272.41460492331,BRL,Prestação de serviço para área ADM,1,CARTAO,PAGO,e6288577-83de-45f9-9cb7-fa62004b89b9,2025-04-05,ERP_CORPORATIVO,TRANSACOES_FINANCEIRAS,3211,790fd8ea4d3b13162327fa93c293ae9f8613eb8201ebeb28e3404f5e46b9ff48
TR-03212,2025-03-10,2025-03-01,CPT,1000015,DESPESA,4241.703861107672,4241.703861107672,BRL,Aquisição de material operacional - CPT,2,BOLETO,PAGO,e6288577-83de-45f9-9cb7-fa62004b89b9,2025-04-05,ERP_CORPORATIVO,TRANSACOES_FINANCEIRAS,3212,07c12b2d576a48391b42d6055184b7d2a2470b3e725219bc735d682daae29b9a
TR-03213,2025-03-17,2025-03-01,JUR,1000015,DESPESA,5536.328191197926,5536.328191197926,BRL,Serviço de telefonia e internet - JUR,9,TRANSFERENCIA,PAGO,e6288577-83de-45f9-9cb7-fa62004b89b9,2025-04-05,ERP_CORPORATIVO,TRANSACOES_FINANCEIRAS,3213,58d161195e1e3f79652dcc8a1aeeb8ede350bc6a66079eea5a7d798a337316f8
TR-03328,2025-03-14,2025-03-01,OP,1000016,DESPESA,8110.802194956381,7994.140853244623,BRL,Serviços contábeis externos - OP,25,TRANSFERENCIA,PAGO,e6288577-83de-45f9-9cb7-fa62004b89b9,2025-04-05,ERP_CORPORATIVO,TRANSACOES_FINANCEIRAS,3328,df7cbe91ca31368df95c90ca1282e4d6256c9320dcba0bb4f3158ea570f54619
TR-03329,2025-03-25,2025-03-01,JUR,1000016,DESPESA,2543.3777557999083,2543.3777557999083,BRL,Publicidade institucional - JUR,13,TRANSFERENCIA,PAGO,e6288577-83de-45f9-9cb7-fa62004b89b9,2025-04-05,ERP_CORPORATIVO,TRANSACOES_FINANCEIRAS,3329,7e3fb73d3dce075926e2ce406edbfcb5ed68927ab3651b242b03d63b79958f8e
TR-03330,2025-03-21,2025-03-01,PRD,1000016,RECEITA,2793.546020810575,2694.7955835209937,USD,Prestação de serviço para área PRD,1,PIX,ATRASADO,e6288577-83de-45f9-9cb7-fa62004b89b9,2025-04-05,ERP_CORPORATIVO,TRANSACOES_FINANCEIRAS,3330,9cf2e0e68ab106c476c2e0cac8b6098c11dd6c2e85463d0c442218aaa31f097a
TR-03331,2025-03-04,2025-03-01,COMP,1000016,RECEITA,2689.6038671943243,2689.6038671943243,USD,Honorários profissionais contratados por COMP,11,PIX,PAGO,e6288577-83de-45f9-9cb7-fa62004b89b9,2025-04-05,ERP_CORPORATIVO,TRANSACOES_FINANCEIRAS,3331,d8c66ad8c8fd4c23573a3d71eabc38a8b5c39d512971c4cb24f723def3755458
TR-03332,2025-03-14,2025-03-01,COMP,1000016,DESPESA,2338.1398810463584,2338.1398810463584,BRL,Investimento em marketing corporativo (COMP),4,TRANSFERENCIA,CANCELADO,e6288577-83de-45f9-9cb7-fa62004b89b9,2025-04-05,ERP_CORPORATIVO,TRANSACOES_FINANCEIRAS,3332,2f08f890dbbc4dcaabc5f9a7892d596fe229da7eae4dff68d67c012da18755a3
TR-03333,2025-03-24,2025-03-01,RH,1000016,DESPESA,2219.319396656749,2219.319396656749,BRL,Serviço de tecnologia contratado por RH,5,PIX,PAGO,e6288577-83de-45f9-9cb7-fa62004b89b9,2025-04-05,ERP_CORPORATIVO,TRANSACOES_FINANCEIRAS,3333,aeb7d1c72237452fd786416cac20821a5745f502f883a71ca50ce4444040e32f
TR-03334,2025-03-10,2025-03-01,ADM,1000016,DESPESA,2779.772157911154,2699.1283411009713,BRL,Compra de insumos para setor ADM,2,TRANSFERENCIA,PAGO,e6288577-83de-45f9-9cb7-fa62004b89b9,2025-04-05,ERP_CORPORATIVO,TRANSACOES_FINANCEIRAS,3334,758615fe85056d05dcd0dbecbd23a2f740c3305b37977e7fb6b6c3e872500bd2
TR-03335,2025-03-24,2025-03-01,VND,1000016,RECEITA,2614.511701632413,2614.511701632413,BRL,Estorno de receita - VND,39,BOLETO,PAGO,e6288577-83de-45f9-9cb7-fa62004b89b9,2025-04-05,ERP_CORPORATIVO,TRANSACOES_FINANCEIRAS,3335,1dd06f18117e04fbfa3eb70dadd3a39da18d76740f2acc2dc854a7d28855bf2d
TR-03336,2025-03-17,2025-03-01,COMP,1000016,RECEITA,3132.2341647417165,3018.1381835609623,BRL,Custo operacional associado a COMP,8,BOLETO,ATRASADO,e6288577-83de-45f9-9cb7-fa62004b89b9,2025-04-05,ERP_CORPORATIVO,TRANSACOES_FINANCEIRAS,3336,dd95d5ab157400b4770e1d8392baf4a136c56132e4bbe9f3b2402b711e391dc9
TR-03337,2025-03-03,2025-03-01,LOG,1000016,DESPESA,2573.7101158285236,2573.7101158285236,BRL,Serviços contábeis externos - LOG,25,PIX,PAGO,e6288577-83de-45f9-9cb7-fa62004b89b9,2025-04-05,ERP_CORPORATIVO,TRANSACOES_FINANCEIRAS,3337,405c5d39e973e6fdfac7e3d88bf120358cf8918c21bb32089e65be5da27aac95
TR-03338,2025-03-24,2025-03-01,COMP,1000016,DESPESA,2988.965004103453,2988.965004103453,BRL,Serviço relacionado a recursos humanos (COMP),6,TED,ATRASADO,e6288577-83de-45f9-9cb7-fa62004b89b9,2025-04-05,ERP_CORPORATIVO,TRANSACOES_FINANCEIRAS,3338,4aba7374567b419b8b808e1e16eb84da9fed73a90263ede10b173524b69d52ad
TR-03339,2025-03-24,2025-03-01,CPT,1000016,DESPESA,2815.072156229638,2694.957212921165,BRL,Manutenção estrutural vinculada à área CPT,3,PIX,ATRASADO,e6288577-83de-45f9-9cb7-fa62004b89b9,2025-04-05,ERP_CORPORATIVO,TRANSACOES_FINANCEIRAS,3339,e61a9b8430bb0c7177ae47fb3beec8ef26dfb4e65f143bd901b776caafaea191
TR-03340,2025-03-21,2025-03-01,PES,1000016,RECEITA,2894.362252142923,2894.362252142923,BRL,Publicidade institucional - PES,13,TRANSFERENCIA,ATRASADO,e6288577-83de-45f9-9cb7-fa62004b89b9,2025-04-05,ERP_CORPORATIVO,TRANSACOES_FINANCEIRAS,3340,8f6424fe2e635ca212a3aa4fe9e59181e4a73fd34ac10e3df1dde2c80349937d
TR-03341,2025-03-17,2025-03-01,RH,1000016,DESPESA,8519.689255643018,8466.583015486678,BRL,Alimentação em viagem corporativa - RH,20,TED,ATRASADO,e6288577-83de-45f9-9cb7-fa62004b89b9,2025-04-05,ERP_CORPORATIVO,TRANSACOES_FINANCEIRAS,3341,c942417677f5451ff7f90484c354ac673b7b365b266edc28653915c3346c3a88
TR-03342,2025-03-19,2025-03-01,LOG,1000016,DESPESA,2789.9879516168335,2789.9879516168335,BRL,Investimento em marketing corporativo (LOG),4,TRANSFERENCIA,PAGO,e6288577-83de-45f9-9cb7-fa62004b89b9,2025-04-05,ERP_CORPORATIVO,TRANSACOES_FINANCEIRAS,3342,5abb25d53bc2eacfb80d33a17772de263fc742ef5e63d4c17fa31dde14cfac9a
TR-03343,2025-03-07,2025-03-01,CTB,1000016,DESPESA,2120.004795717339,2037.3196293394471,USD,Taxas bancárias incidentes em CTB,22,TED,PAGO,e6288577-83de-45f9-9cb7-fa62004b89b9,2025-04-05,ERP_CORPORATIVO,TRANSACOES_FINANCEIRAS,3343,ba08bb1434796c14c6f587a211df598b822c8927ac38d0fba8ab69ef68c4b072
TR-03344,2025-03-24,2025-03-01,COMP,1000016,DESPESA,2603.6461426424507,2510.69833710055,BRL,Serviço especializado solicitado por COMP,1,BOLETO,PAGO,e6288577-83de-45f9-9cb7-fa62004b89b9,2025-04-05,ERP_CORPORATIVO,TRANSACOES_FINANCEIRAS,3344,72599c840a2a69ade9c32242e1f8b9c6f77aa7c8ade5b6c964f3c51d95635ffe
TR-03345,2025-03-26,2025-03-01,ADM,1000016,DESPESA,2494.88405552347,2454.704270749134,BRL,Serviço de tecnologia contratado por ADM,5,TRANSFERENCIA,PAGO,e6288577-83de-45f9-9cb7-fa62004b89b9,2025-04-05,ERP_CORPORATIVO,TRANSACOES_FINANCEIRAS,3345,2d922462c730f1a646503031e3ad6606c78e821ac2f4714661bed25b2dfb7ffe
TR-03346,2025-03-12,2025-03-01,SEC,1000016,RECEITA,3027.29496206973,2924.2662687056004,BRL,Serviço especializado solicitado por SEC,1,BOLETO,PAGO,e6288577-83de-45f9-9cb7-fa62004b89b9,2025-04-05,ERP_CORPORATIVO,TRANSACOES_FINANCEIRAS,3346,e01e6c6f6a200eb1cff3ab08410d7edb2e50388522e8dcb3d4f639a7cc7b4a4a
TR-03347,2025-03-11,2025-03-01,ESG,1000016,DESPESA,2411.9525908012743,2411.9525908012743,BRL,Propaganda e divulgação para área ESG,13,BOLETO,PAGO,e6288577-83de-45f9-9cb7-fa62004b89b9,2025-04-05,ERP_CORPORATIVO,TRANSACOES_FINANCEIRAS,3347,0e8761226cda1508b85c7f675c2c40b3a8de3a6a5faecf3096ad2a35ae0dbf70
TR-03348,2025-03-10,2025-03-01,PES,1000016,DESPESA,2592.3791474287214,2592.3791474287214,BRL,Abatimento comercial registrado em PES,38,PIX,PAGO,e6288577-83de-45f9-9cb7-fa62004b89b9,2025-04-05,ERP_CORPORATIVO,TRANSACOES_FINANCEIRAS,3348,5420d43fe793385f3ca57bb0792a98a34ea171e5937d78ad3f0276ed6a007a50
TR-03789,2025-03-14,2025-03-01,OP,ACC-00019,RECEITA,4225.402015894687,4225.402015894687,BRL,Compra de insumos para setor OP,2,PIX,ATRASADO,e6288577-83de-45f9-9cb7-fa62004b89b9,2025-04-05,ERP_CORPORATIVO,TRANSACOES_FINANCEIRAS,3789,a51dfc377eb7c4c5286998a9a69343a59b5a49f6452e78ad318f0d3a957ae192
TR-03790,2025-03-13,2025-03-01,TI,ACC-00019,RECEITA,1802.6376631044127,1693.5595052452825,BRL,Custo operacional associado a TI,8,PIX,ATRASADO,e6288577-83de-45f9-9cb7-fa62004b89b9,2025-04-05,ERP_CORPORATIVO,TRANSACOES_FINANCEIRAS,3790,bc6b4a731953dbcea8c221c51b3b2c9b704d22e5c257a06eb1ff69dac46107ea
TR-03791,2025-03-13,2025-03-01,COM,ACC-00019,DESPESA,4624.484789548535,4405.933383947111,BRL,Aquisição de material operacional - COM,2,TED,ATRASADO,e6288577-83de-45f9-9cb7-fa62004b89b9,2025-04-05,ERP_CORPORATIVO,TRANSACOES_FINANCEIRAS,3791,eb7674c764640ca683bd86462ab17794f62d7a2b16514567aee56e7aef181461
TR-03792,2025-03-26,2025-03-01,PJT,ACC-00019,DESPESA,3761.7967715568716,3708.9663384388527,BRL,Custo operacional associado a PJT,8,BOLETO,PAGO,e6288577-83de-45f9-9cb7-fa62004b89b9,2025-04-05,ERP_CORPORATIVO,TRANSACOES_FINANCEIRAS,3792,88a8dbad4b5709e3bde3571a9afb3d4718323004567488a50bb287a64fbb8867
TR-03793,2025-03-10,2025-03-01,FIN,ACC-00019,DESPESA,4115.830685475467,3985.9581178050175,BRL,Licenciamento de software - FIN,5,BOLETO,PAGO,e6288577-83de-45f9-9cb7-fa62004b89b9,2025-04-05,ERP_CORPORATIVO,TRANSACOES_FINANCEIRAS,3793,b0e6e24cd0620f686cbf4bf08c5e86b0faaccb4ac0c9f349665f4ddc15baf550
TR-03794,2025-03-24,2025-03-01,VND,ACC-00019,RECEITA,3655.1101336568654,3655.1101336568654,BRL,Despesa de infraestrutura - VND,3,TED,PAGO,e6288577-83de-45f9-9cb7-fa62004b89b9,2025-04-05,ERP_CORPORATIVO,TRANSACOES_FINANCEIRAS,3794,b99fc57df24802499a440bd67b068c609eb464e31a98c745ab372cebad385ce6
TR-03795,2025-03-24,2025-03-01,TI,ACC-00019,DESPESA,4540.753971630137,4452.781498535326,BRL,Receita de comissão comercial - TI,33,PIX,PAGO,e6288577-83de-45f9-9cb7-fa62004b89b9,2025-04-05,ERP_CORPORATIVO,TRANSACOES_FINANCEIRAS,3795,073b80590378bcd7840055486f4ea84b0069fee54494297d0a94d81de3399cd0
TR-03796,2025-03-18,2025-03-01,PRD,ACC-00019,DESPESA,11936.960193599125,11772.308729634171,BRL,Atendimento de TI requisitado por PRD,29,BOLETO,ATRASADO,e6288577-83de-45f9-9cb7-fa62004b89b9,2025-04-05,ERP_CORPORATIVO,TRANSACOES_FINANCEIRAS,3796,1a73dbe4bdc6831a66424e9a3e65a0a1492fe8ef29a0ad8226f33c7afc555a7d
TR-03797,2025-03-11,2025-03-01,COMP,ACC-00019,DESPESA,4824.271198293542,4824.271198293542,BRL,Aquisição de material operacional - COMP,2,TED,PAGO,e6288577-83de-45f9-9cb7-fa62004b89b9,2025-04-05,ERP_CORPORATIVO,TRANSACOES_FINANCEIRAS,3797,6b1e9f22f7a989532c813189a7ad731b4737a183edbdf18e7acb3ab1a7e497ec
TR-03798,2025-03-17,2025-03-01,JUR,ACC-00019,DESPESA,1455.0962875885705,1455.0962875885705,BRL,Manutenção preventiva de veículos - JUR,17,BOLETO,CANCELADO,e6288577-83de-45f9-9cb7-fa62004b89b9,2025-04-05,ERP_CORPORATIVO,TRANSACOES_FINANCEIRAS,3798,defb409723c0c8ad5326201abe0946257a35d1f822dbb274d05858a12c973107
TR-03799,2025-03-05,2025-03-01,OP,ACC-00019,RECEITA,4253.044058890078,4253.044058890078,BRL,Despesa de infraestrutura - OP,3,CARTAO,CANCELADO,e6288577-83de-45f9-9cb7-fa62004b89b9,2025-04-05,ERP_CORPORATIVO,TRANSACOES_FINANCEIRAS,3799,d14a5082139e9b2a79e2ec7cc21433183a7ee49c3ffb68b0c2ba778a136ba488
TR-03800,2025-03-25,2025-03-01,FIN,ACC-00019,DESPESA,3555.230793845079,3555.230793845079,BRL,Despesa de RH - FIN,6,PIX,PAGO,e6288577-83de-45f9-9cb7-fa62004b89b9,2025-04-05,ERP_CORPORATIVO,TRANSACOES_FINANCEIRAS,3800,50b6becaf3bdf54c0ada10ed3705f0b4310c5068c71082e7342d1a8b2770c9a4
TR-03801,2025-03-18,2025-03-01,RH,ACC-00019,RECEITA,3944.4798601275065,3944.4798601275065,USD,Honorarium advocatício - RH,24,TRANSFERENCIA,ATRASADO,e6288577-83de-45f9-9cb7-fa62004b89b9,2025-04-05,ERP_CORPORATIVO,TRANSACOES_FINANCEIRAS,3801,a4e34f616a198199bc384005ffd721241ff9dbbced0018354a3ae53ecdcfe15c
TR-03802,2025-03-10,2025-03-01,TI,ACC-00019,RECEITA,3789.6131953405225,3662.633162367639,BRL,Renovação de certificados digitais - TI,26,PIX,PAGO,e6288577-83de-45f9-9cb7-fa62004b89b9,2025-04-05,ERP_CORPORATIVO,TRANSACOES_FINANCEIRAS,3802,92096890a24510a93ba8e085eb483e6fada1fc51f7ed2a386a425f797062f079
TR-03803,2025-03-20,2025-03-01,SEC,ACC-00019,DESPESA,3921.8144326204742,3921.8144326204742,BRL,Manutenção estrutural vinculada à área SEC,3,BOLETO,PAGO,e6288577-83de-45f9-9cb7-fa62004b89b9,2025-04-05,ERP_CORPORATIVO,TRANSACOES_FINANCEIRAS,3803,12b1952535ec7f80cfb3ab81b0728e03f020fc5a3f2fa3bd4d8e60a7b62d955e
TR-03804,2025-03-12,2025-03-01,PRD,ACC-00019,DESPESA,3969.7525553677833,3969.7525553677833,BRL,Investimento em marketing corporativo (PRD),4,BOLETO,PAGO,e6288577-83de-45f9-9cb7-fa62004b89b9,2025-04-05,ERP_CORPORATIVO,TRANSACOES_FINANCEIRAS,3804,48c12d5648ac89dc1f32b7b13e793e28c44ae0d4eb59c57e6b0c3dc1f87485d2
TR-03805,2025-03-04,2025-03-01,PES,ACC-00019,DESPESA,3574.6309474825275,3574.6309474825275,BRL,Participação nos resultados vinculada a PES,34,TRANSFERENCIA,PAGO,e6288577-83de-45f9-9cb7-fa62004b89b9,2025-04-05,ERP_CORPORATIVO,TRANSACOES_FINANCEIRAS,3805,84da5e73ef7bae62eb200aa9ca9e3f36934d897c09017932d96d6b6b0e496ca3
TR-03806,2025-03-10,2025-03-01,ADM,ACC-00019,DESPESA,3850.7789029801816,3850.7789029801816,BRL,Serviço de tecnologia contratado por ADM,5,TRANSFERENCIA,PAGO,e6288577-83de-45f9-9cb7-fa62004b89b9,2025-04-05,ERP_CORPORATIVO,TRANSACOES_FINANCEIRAS,3806,d823e9c3afb45677d3d235956a2841d8f3361a3800e416b1f34f6aacaa58dae6
TR-03807,2025-03-18,2025-03-01,FIN,ACC-00019,DESPESA,3874.020293030979,3874.020293030979,BRL,Despesa de infraestrutura - FIN,3,PIX,PAGO,e6288577-83de-45f9-9cb7-fa62004b89b9,2025-04-05,ERP_CORPORATIVO,TRANSACOES_FINANCEIRAS,3807,cbbd0a48e4fd6e90c6d7eb7b675cbe55a38993c82afb4698d2fa5221dba9828c
TR-03825,2025-03-31,2025-03-01,CPT,ACC-00019,DESPESA,3502.950026545333,3502.950026545333,BRL,Honorarium advocatício - CPT,24,PIX,PAGO,e6288577-83de-45f9-9cb7-fa62004b89b9,2025-04-05,ERP_CORPORATIVO,TRANSACOES_FINANCEIRAS,3825,a85d37236e686c928f17eae18fa15243394ff08df357f4295d02627ff069c30f
TR-04073,2025-03-17,2025-03-01,QAS,1000019,DESPESA,6527.56225709976,6385.178315670686,BRL,Campanha institucional - QAS,4,PIX,PAGO,e6288577-83de-45f9-9cb7-fa62004b89b9,2025-04-05,ERP_CORPORATIVO,TRANSACOES_FINANCEIRAS,4073,6c2a5a70adde295c13b9b5373d154fcb378b6713b4b7934699f3362a2f88a3ca
TR-04074,2025-03-14,2025-03-01,COMP,1000019,DESPESA,6905.065817466504,6905.065817466504,BRL,Suporte técnico para sistemas de COMP,29,PIX,PAGO,e6288577-83de-45f9-9cb7-fa62004b89b9,2025-04-05,ERP_CORPORATIVO,TRANSACOES_FINANCEIRAS,4074,4a59939f650b5e2da60197a83957e80ac0faeff254585015922186b04d65040a
TR-04075,2025-03-17,2025-03-01,ESG,1000019,DESPESA,8126.257853831794,8126.257853831794,BRL,Reparo de frota vinculado à área ESG,17,CARTAO,PAGO,e6288577-83de-45f9-9cb7-fa62004b89b9,2025-04-05,ERP_CORPORATIVO,TRANSACOES_FINANCEIRAS,4075,82b79aece9e0c8314fbcd5208fe46edfdaaae71b3b64f1d8450c68a597a139f7
TR-04076,2025-03-17,2025-03-01,PES,1000019,DESPESA,7514.555641739456,7514.555641739456,BRL,Contrato de conectividade para área PES,9,PIX,PAGO,e6288577-83de-45f9-9cb7-fa62004b89b9,2025-04-05,ERP_CORPORATIVO,TRANSACOES_FINANCEIRAS,4076,709881d3d9a3e89722d16190ff8b8d977581624a6f03f484a4ab454c3278b20d
TR-04077,2025-03-20,2025-03-01,PRD,1000019,RECEITA,7668.218466870008,7668.218466870008,BRL,Imposto sobre venda apurado em PRD,40,TED,PAGO,e6288577-83de-45f9-9cb7-fa62004b89b9,2025-04-05,ERP_CORPORATIVO,TRANSACOES_FINANCEIRAS,4077,00eec7cbdb5c89fdd4653a3e873a3b60ae3c583b3050e4726da4d2225c8f4c4d
TR-04078,2025-03-10,2025-03-01,COMP,1000019,RECEITA,7514.3044733946945,7514.3044733946945,BRL,Despesa de infraestrutura - COMP,3,PIX,ATRASADO,e6288577-83de-45f9-9cb7-fa62004b89b9,2025-04-05,ERP_CORPORATIVO,TRANSACOES_FINANCEIRAS,4078,df3805ec90749f85578b4481e04ffea653483c0115353889eb25a0ef82c3d928
TR-04079,2025-03-11,2025-03-01,COMP,1000019,DESPESA,7327.321011339169,7327.321011339169,BRL,Manutenção estrutural vinculada à área COMP,3,TRANSFERENCIA,PAGO,e6288577-83de-45f9-9cb7-fa62004b89b9,2025-04-05,ERP_CORPORATIVO,TRANSACOES_FINANCEIRAS,4079,34f768e09808dbdec14c2cb5553ed9d14af7cffbee2478196dadcfd0f245b153
TR-04080,2025-03-17,2025-03-01,RH,1000019,DESPESA,8179.370982610022,8179.370982610022,BRL,Prestação de serviço para área RH,1,CARTAO,PAGO,e6288577-83de-45f9-9cb7-fa62004b89b9,2025-04-05,ERP_CORPORATIVO,TRANSACOES_FINANCEIRAS,4080,7aa644eea4b39b4bcbb4456f171eb2ebae6059e18c76982fd8d0767b2139ebf0
TR-04081,2025-03-10,2025-03-01,FIN,1000019,RECEITA,7885.781512692374,7492.923989763379,BRL,Locação de espaço comercial - FIN,31,TED,ATRASADO,e6288577-83de-45f9-9cb7-fa62004b89b9,2025-04-05,ERP_CORPORATIVO,TRANSACOES_FINANCEIRAS,4081,a79f56ad39f28977f4ad56f19b22987b1374b33e76d14f7dfad695eb021f4b08
TR-04082,2025-03-25,2025-03-01,LOG,1000019,RECEITA,8657.282773233896,8657.282773233896,BRL,Manutenção estrutural vinculada à área LOG,3,TED,PAGO,e6288577-83de-45f9-9cb7-fa62004b89b9,2025-04-05,ERP_CORPORATIVO,TRANSACOES_FINANCEIRAS,4082,bedfea9a13a8ad05424f57f9aaa889e3afe688934b5c08daa152511873fe12eb
TR-04218,2025-03-18,2025-03-01,ATD,FORN-00021,DESPESA,1133.8080802019626,1104.0800694668026,BRL,Serviço especializado solicitado por ATD,1,PIX,ATRASADO,e6288577-83de-45f9-9cb7-fa62004b89b9,2025-04-05,ERP_CORPORATIVO,TRANSACOES_FINANCEIRAS,4218,481a088a46736dccce0d0155c9905849b5df352261c3b42fc7ab8e3802306d60
TR-04219,2025-03-24,2025-03-01,SEC,FORN-00021,DESPESA,1166.056963107949,1132.786019487085,BRL,Serviço de tecnologia contratado por SEC,5,TED,ATRASADO,e6288577-83de-45f9-9cb7-fa62004b89b9,2025-04-05,ERP_CORPORATIVO,TRANSACOES_FINANCEIRAS,4219,8f0b698607980601325e14eefc9acb3f12cab54c4a971f82fb16de4e427438bf
TR-04220,2025-03-17,2025-03-01,LOG,FORN-00021,DESPESA,1384.968713394078,1384.968713394078,BRL,Apólice de seguro - LOG,21,TRANSFERENCIA,PAGO,e6288577-83de-45f9-9cb7-fa62004b89b9,2025-04-05,ERP_CORPORATIVO,TRANSACOES_FINANCEIRAS,4220,855e62bfe639e63ba0861851d805905172cfa5fa12decf839bb23f631b400ab6
TR-04221,2025-03-24,2025-03-01,QAS,FORN-00021,RECEITA,2363.6205178470013,2363.6205178470013,BRL,Contrato de SaaS vinculado a QAS,27,CARTAO,PAGO,e6288577-83de-45f9-9cb7-fa62004b89b9,2025-04-05,ERP_CORPORATIVO,TRANSACOES_FINANCEIRAS,4221,3003a316affa130348bd7256714ab61cb6bf425ea4ab32c24182d32e3659dad6
TR-04222,2025-03-13,2025-03-01,OP,FORN-00021,DESPESA,1301.0375131842209,1301.0375131842209,BRL,Certificado digital adquirido por OP,26,TRANSFERENCIA,PAGO,e6288577-83de-45f9-9cb7-fa62004b89b9,2025-04-05,ERP_CORPORATIVO,TRANSACOES_FINANCEIRAS,4222,c7b26b750a9fd87dc4fe09285315c72bd0753e5ea55fb8ab52a6b07011f2c160
TR-04223,2025-03-18,2025-03-01,OP,FORN-00021,RECEITA,1293.656371531694,1293.656371531694,BRL,Compra de insumos para setor OP,2,CARTAO,PAGO,e6288577-83de-45f9-9cb7-fa62004b89b9,2025-04-05,ERP_CORPORATIVO,TRANSACOES_FINANCEIRAS,4223,fef2aead84efe9f161cc3f675c53799ff426dff6247a375b883cb3fc1d9d1180
TR-04224,2025-03-06,2025-03-01,ESG,FORN-00021,DESPESA,1184.1120088751636,1126.0898532937795,BRL,Investimento em marketing corporativo (ESG),4,PIX,PAGO,e6288577-83de-45f9-9cb7-fa62004b89b9,2025-04-05,ERP_CORPORATIVO,TRANSACOES_FINANCEIRAS,4224,df775aa6da084efb06d01dcda67a767421f7755b79b1290825d162f5164dea59
TR-04225,2025-03-26,2025-03-01,TI,FORN-00021,DESPESA,1028.2743561549473,991.0103469812667,BRL,Renovação de certificados digitais - TI,26,BOLETO,PAGO,e6288577-83de-45f9-9cb7-fa62004b89b9,2025-04-05,ERP_CORPORATIVO,TRANSACOES_FINANCEIRAS,4225,290e51a79c1dd4c4a94225ef305ef08b7d094abf114c25e03813500a1789f1a6
TR-04226,2025-03-19,2025-03-01,OP,FORN-00021,DESPESA,1284.5089320775426,1284.5089320775426,BRL,Assessoria legal vinculada à área OP,7,TED,PAGO,e6288577-83de-45f9-9cb7-fa62004b89b9,2025-04-05,ERP_CORPORATIVO,TRANSACOES_FINANCEIRAS,4226,739f07e7f473d90ca992412d19e3869baed89029539a297614222433bd4407cd
TR-04227,2025-03-17,2025-03-01,COMP,FORN-00021,DESPESA,1304.4284473194425,1304.4284473194425,BRL,Manutenção estrutural vinculada à área COMP,3,TED,PAGO,e6288577-83de-45f9-9cb7-fa62004b89b9,2025-04-05,ERP_CORPORATIVO,TRANSACOES_FINANCEIRAS,4227,e79187aaa3f1e81b2861d48a3e1b9a9048419b1573d78051c32f8651511a8c84
TR-04228,2025-03-24,2025-03-01,CPT,FORN-00021,RECEITA,1183.6747794313676,1183.6747794313676,BRL,Contrato de conectividade para área CPT,9,TRANSFERENCIA,ATRASADO,e6288577-83de-45f9-9cb7-fa62004b89b9,2025-04-05,ERP_CORPORATIVO,TRANSACOES_FINANCEIRAS,4228,c875322e5d4e1c13b351e0001994428065f55fae08c92e7539c8e63ee94976ca
TR-04229,2025-03-19,2025-03-01,RH,FORN-00021,DESPESA,495.9134553215132,495.9134553215132,BRL,Evento corporativo organizado por RH,14,PIX,PAGO,e6288577-83de-45f9-9cb7-fa62004b89b9,2025-04-05,ERP_CORPORATIVO,TRANSACOES_FINANCEIRAS,4229,403ee9c70b0a43568955188967a0d1578c9375c62b0b470acaca554bf3ff320e
TR-04230,2025-03-14,2025-03-01,COMP,FORN-00021,DESPESA,1114.7718551637283,1114.7718551637283,BRL,Manutenção estrutural vinculada à área COMP,3,PIX,PAGO,e6288577-83de-45f9-9cb7-fa62004b89b9,2025-04-05,ERP_CORPORATIVO,TRANSACOES_FINANCEIRAS,4230,f39a185b88a43de6c34b9cecb1cb7a638715b9ea96c26ac8c30d0f588902dbfd
TR-04478,2025-03-18,2025-03-01,SEC,FORN-00022,DESPESA,5697.442935647909,5697.442935647909,USD,Compra de insumos para setor SEC,2,TED,PAGO,e6288577-83de-45f9-9cb7-fa62004b89b9,2025-04-05,ERP_CORPORATIVO,TRANSACOES_FINANCEIRAS,4478,fb759c55a1bdea446a0aca292748d2b1f5d6e2d67830c5ac4b452d5e2262c83a
TR-04479,2025-03-24,2025-03-01,RH,FORN-00022,DESPESA,6134.275805711764,6134.275805711764,BRL,Seguro contratado pela área RH,21,TED,PAGO,e6288577-83de-45f9-9cb7-fa62004b89b9,2025-04-05,ERP_CORPORATIVO,TRANSACOES_FINANCEIRAS,4479,3e83ce83294e1532cdede44a38d1b4ec825c62c764ee9f703c2774d6c35bbfb2
TR-04480,2025-03-11,2025-03-01,CTB,FORN-00022,RECEITA,5811.092856854531,5811.092856854531,BRL,Imposto sobre venda apurado em CTB,40,TRANSFERENCIA,PAGO,e6288577-83de-45f9-9cb7-fa62004b89b9,2025-04-05,ERP_CORPORATIVO,TRANSACOES_FINANCEIRAS,4480,df295396d8adf6ff79f888dac237a86e04568127468183fad5d9ab404b298a3c
TR-04481,2025-03-21,2025-03-01,MKT,FORN-00022,DESPESA,4809.286183028677,4809.286183028677,BRL,Publicidade institucional - MKT,13,TED,PAGO,e6288577-83de-45f9-9cb7-fa62004b89b9,2025-04-05,ERP_CORPORATIVO,TRANSACOES_FINANCEIRAS,4481,ffa1655f453e1a5eb92d7271fe61288f0ee9ba9f3f932020009c0584d8833034
TR-04482,2025-03-24,2025-03-01,COM,FORN-00022,DESPESA,10827.142212808505,10827.142212808505,BRL,Passagem aérea para colaborador de COM,18,TRANSFERENCIA,PAGO,e6288577-83de-45f9-9cb7-fa62004b89b9,2025-04-05,ERP_CORPORATIVO,TRANSACOES_FINANCEIRAS,4482,b865089d16fdb7c9de2c839e063f3a3f07e12468ae9ef278927523a75b142c79
TR-04483,2025-03-10,2025-03-01,PRD,FORN-00022,DESPESA,2600.1472881868635,2600.1472881868635,BRL,Serviço especializado solicitado por PRD,1,CARTAO,PAGO,e6288577-83de-45f9-9cb7-fa62004b89b9,2025-04-05,ERP_CORPORATIVO,TRANSACOES_FINANCEIRAS,4483,49506a9e8aacc32ddab424c7fd6979e0c51db1792128ff453d462e3e7267fdbf
TR-04484,2025-03-14,2025-03-01,ADM,FORN-00022,DESPESA,5198.9171667124465,4990.469157225375,BRL,Serviço de tecnologia contratado por ADM,5,BOLETO,PAGO,e6288577-83de-45f9-9cb7-fa62004b89b9,2025-04-05,ERP_CORPORATIVO,TRANSACOES_FINANCEIRAS,4484,7713a7ce94eade0fa453ad1203185850d08fd8c8e12e696e2c574d68eeab2129
TR-04485,2025-03-06,2025-03-01,TI,FORN-00022,DESPESA,5926.759825420801,5926.759825420801,BRL,Serviço de tecnologia contratado por TI,5,PIX,PAGO,e6288577-83de-45f9-9cb7-fa62004b89b9,2025-04-05,ERP_CORPORATIVO,TRANSACOES_FINANCEIRAS,4485,1a3b50e24e816442eafc144351d3610fbf428ae6ad229a7962d8cc0009037f75
TR-04486,2025-03-03,2025-03-01,COM,FORN-00022,DESPESA,6692.520944284602,6692.520944284602,BRL,Contrato de serviço - setor COM,1,TED,PAGO,e6288577-83de-45f9-9cb7-fa62004b89b9,2025-04-05,ERP_CORPORATIVO,TRANSACOES_FINANCEIRAS,4486,d29bc18655d92af0875e57dd170a587bb5601591d39397388bcab57a7bfc4347
TR-04487,2025-03-20,2025-03-01,FIN,FORN-00022,RECEITA,6258.039300416105,6258.039300416105,BRL,Despesa operacional - FIN,8,TED,PAGO,e6288577-83de-45f9-9cb7-fa62004b89b9,2025-04-05,ERP_CORPORATIVO,TRANSACOES_FINANCEIRAS,4487,d3bad9a96dcd054a86285ae0e66bf787aa52a9c4cdc4b5a6521d292e0fa49f91
TR-04488,2025-03-06,2025-03-01,CPT,FORN-00022,DESPESA,5212.195739745464,5212.195739745464,BRL,Assessoria contábil prestada a CPT,25,PIX,PAGO,e6288577-83de-45f9-9cb7-fa62004b89b9,2025-04-05,ERP_CORPORATIVO,TRANSACOES_FINANCEIRAS,4488,a3f3ea4fba88f389c401c6e0c432df23021dc55dd4889bee76c41e51704cd8e9
TR-04489,2025-03-17,2025-03-01,FIN,FORN-00022,DESPESA,5126.924253119048,5126.924253119048,BRL,Abatimento comercial registrado em FIN,38,TED,PAGO,e6288577-83de-45f9-9cb7-fa62004b89b9,2025-04-05,ERP_CORPORATIVO,TRANSACOES_FINANCEIRAS,4489,269e9694913eead0b30cfab0c8c8052ea4bad2e888cd8fb4e1b60458d95b9649
TR-04623,2025-03-24,2025-03-01,OP,1000022,DESPESA,1975.965978407661,1975.965978407661,BRL,Contrato de serviço - setor OP,1,PIX,PAGO,e6288577-83de-45f9-9cb7-fa62004b89b9,2025-04-05,ERP_CORPORATIVO,TRANSACOES_FINANCEIRAS,4623,6e0a9dfe23e47fe593e72f9f4bd246e0f43983c349f3a0bb0ab58e06f6f5ca7a
TR-04624,2025-03-17,2025-03-01,CPT,1000022,RECEITA,1732.868900525012,1732.868900525012,BRL,Despesa operacional - CPT,8,TED,PAGO,e6288577-83de-45f9-9cb7-fa62004b89b9,2025-04-05,ERP_CORPORATIVO,TRANSACOES_FINANCEIRAS,4624,3f1efdd60d066a6a5c288e03fb2cc899fd60e887013b778a5f8e8eafc5b2a38e
TR-04625,2025-03-17,2025-03-01,COM,1000022,RECEITA,4382.051987177054,4382.051987177054,BRL,Serviço especializado solicitado por COM,1,TED,PAGO,e6288577-83de-45f9-9cb7-fa62004b89b9,2025-04-05,ERP_CORPORATIVO,TRANSACOES_FINANCEIRAS,4625,8463463cc7795f34b428dcc6ebd785850520c7590f9d5c9c625411bb0204c42f
TR-04626,2025-03-17,2025-03-01,SEC,1000022,DESPESA,1931.6366157288003,1885.257997339407,BRL,Serviço técnico especializado para SEC,11,TED,ATRASADO,e6288577-83de-45f9-9cb7-fa62004b89b9,2025-04-05,ERP_CORPORATIVO,TRANSACOES_FINANCEIRAS,4626,2dbeb4c3f21665ccc1a62fe2fd7ec105ba511aea4141b6fb4f27ff589497f448
TR-04627,2025-03-24,2025-03-01,OP,1000022,DESPESA,1865.9129948815043,1865.9129948815043,BRL,Passagem aérea para colaborador de OP,18,PIX,PAGO,e6288577-83de-45f9-9cb7-fa62004b89b9,2025-04-05,ERP_CORPORATIVO,TRANSACOES_FINANCEIRAS,4627,418759feb32bce2de7b091c9f887846d0feb1e39a3d5e2571927ddbee3cad0ff
TR-04628,2025-03-20,2025-03-01,COM,1000022,RECEITA,1909.2740585547272,1909.2740585547272,BRL,Aquisição de material operacional - COM,2,CARTAO,PAGO,e6288577-83de-45f9-9cb7-fa62004b89b9,2025-04-05,ERP_CORPORATIVO,TRANSACOES_FINANCEIRAS,4628,87db1289beff55835ec7d5feab4bad734efd8783a80eaa47caa6ca008ac4cdff
TR-04629,2025-03-06,2025-03-01,QAS,1000022,DESPESA,1448.6457577225683,1448.6457577225683,BRL,Investimento em marketing corporativo (QAS),4,TED,PAGO,e6288577-83de-45f9-9cb7-fa62004b89b9,2025-04-05,ERP_CORPORATIVO,TRANSACOES_FINANCEIRAS,4629,a0d56fdb9ba858fc4a72396306f9e8dddd23079629a4b5e52e63b5783dbf0308
TR-04630,2025-03-17,2025-03-01,FIN,1000022,DESPESA,1826.829664461081,1826.829664461081,BRL,Serviço técnico especializado para FIN,11,PIX,PAGO,e6288577-83de-45f9-9cb7-fa62004b89b9,2025-04-05,ERP_CORPORATIVO,TRANSACOES_FINANCEIRAS,4630,8a5a1805c9fec202e7be7bbf618f04e7e4a9af14f5f6c9c2d4d9eaa825b7b7ba
TR-04631,2025-03-13,2025-03-01,COM,1000022,RECEITA,2049.0990622000245,2049.0990622000245,BRL,Propaganda e divulgação para área COM,13,TED,PAGO,e6288577-83de-45f9-9cb7-fa62004b89b9,2025-04-05,ERP_CORPORATIVO,TRANSACOES_FINANCEIRAS,4631,be67fc34a98bdca13ea2b07c714b881a05d0dc967d12fdeb1bbe586172313bf2
TR-04632,2025-03-11,2025-03-01,CPT,1000022,DESPESA,1769.1262319007433,1769.1262319007433,BRL,Contrato de serviço - setor CPT,1,BOLETO,PAGO,e6288577-83de-45f9-9cb7-fa62004b89b9,2025-04-05,ERP_CORPORATIVO,TRANSACOES_FINANCEIRAS,4632,80273aac1287c986b6e82ccb5060562d7ec36c2f0eb63ce99fa742333691cee4
TR-04633,2025-03-13,2025-03-01,MKT,1000022,DESPESA,1975.3109425291118,1948.9591887756658,BRL,Receita de aluguel creditada em MKT,31,TRANSFERENCIA,PAGO,e6288577-83de-45f9-9cb7-fa62004b89b9,2025-04-05,ERP_CORPORATIVO,TRANSACOES_FINANCEIRAS,4633,66631a34312049598e459862eab9cbfffc85045d0bd90556a80d9c6e359824dd
TR-04634,2025-03-12,2025-03-01,PJT,1000022,DESPESA,1667.2887481275052,1622.1269382922858,BRL,Compra de insumos para setor PJT,2,BOLETO,PAGO,e6288577-83de-45f9-9cb7-fa62004b89b9,2025-04-05,ERP_CORPORATIVO,TRANSACOES_FINANCEIRAS,4634,6f65a5d60dada075e203a17440f40106629a9707e59a2feae7c19db9269b1566
TR-04749,2025-03-06,2025-03-01,COM,FORN-00024,RECEITA,2352.052691750172,2352.052691750172,BRL,Manutenção preventiva de veículos - COM,17,TED,PAGO,e6288577-83de-45f9-9cb7-fa62004b89b9,2025-04-05,ERP_CORPORATIVO,TRANSACOES_FINANCEIRAS,4749,11fff0cf0dc88dfe5af6ee131e3fbd50e9b5b55c88412a7206b81a0bb15dffd3
TR-04750,2025-03-10,2025-03-01,LOG,FORN-00024,DESPESA,2410.0444639443967,2410.0444639443967,BRL,Alienação de bem patrimonial - LOG,35,TRANSFERENCIA,PAGO,e6288577-83de-45f9-9cb7-fa62004b89b9,2025-04-05,ERP_CORPORATIVO,TRANSACOES_FINANCEIRAS,4750,16df85c9d84d4234f983a09899df74a3c3f0147d89966ef775c57ca11063c2db
TR-04751,2025-03-10,2025-03-01,TI,FORN-00024,DESPESA,2374.9382602024625,2331.993876320961,BRL,Prestação de serviço para área TI,1,BOLETO,ATRASADO,e6288577-83de-45f9-9cb7-fa62004b89b9,2025-04-05,ERP_CORPORATIVO,TRANSACOES_FINANCEIRAS,4751,a8c5bd8fd0c601fad8f0dff5790e8ad68514142774b8720625d03c7606bc673d
TR-04752,2025-03-07,2025-03-01,TI,FORN-00024,RECEITA,2434.8666704845295,2434.8666704845295,BRL,Publicidade institucional - TI,13,TED,PAGO,e6288577-83de-45f9-9cb7-fa62004b89b9,2025-04-05,ERP_CORPORATIVO,TRANSACOES_FINANCEIRAS,4752,ae75553d918964077c45790421a31c38bce624c6aab69f9939fac869b10fd228
TR-04753,2025-03-13,2025-03-01,TI,FORN-00024,DESPESA,2274.611079140834,2182.943751101636,BRL,Licenciamento de software - TI,5,TED,PAGO,e6288577-83de-45f9-9cb7-fa62004b89b9,2025-04-05,ERP_CORPORATIVO,TRANSACOES_FINANCEIRAS,4753,fc68b3d44e2780163e7368aa605853278deb1edaa3e122a08b0b3b80344880f6
TR-04754,2025-03-12,2025-03-01,OP,FORN-00024,RECEITA,2615.5425277158092,2615.5425277158092,BRL,Licença de software para área OP,27,PIX,ATRASADO,e6288577-83de-45f9-9cb7-fa62004b89b9,2025-04-05,ERP_CORPORATIVO,TRANSACOES_FINANCEIRAS,4754,81c92799d1c1a81b2e5f0f8a72aa1edede0290086382560bab84631236a25fae
TR-04755,2025-03-13,2025-03-01,COMP,FORN-00024,DESPESA,2249.1278149292757,2200.309766024778,BRL,Resultado de equivalência patrimonial - COMP,34,TED,PAGO,e6288577-83de-45f9-9cb7-fa62004b89b9,2025-04-05,ERP_CORPORATIVO,TRANSACOES_FINANCEIRAS,4755,b82966efe7d928cdd7f10ee08a242d2370c597574067c4a86d3b140938aa84b8
TR-04756,2025-03-13,2025-03-01,COMP,FORN-00024,RECEITA,2667.398964307878,2667.398964307878,BRL,Manutenção predial solicitada por COMP,10,TRANSFERENCIA,PAGO,e6288577-83de-45f9-9cb7-fa62004b89b9,2025-04-05,ERP_CORPORATIVO,TRANSACOES_FINANCEIRAS,4756,7d656b0b8ce5632f768d2f7c3a1c81d501bca2fe597fb17da25bf755b43ee423
TR-04757,2025-03-10,2025-03-01,COMP,FORN-00024,DESPESA,2051.4330294204738,2012.8707744523736,BRL,Serviço relacionado a recursos humanos (COMP),6,TED,PAGO,e6288577-83de-45f9-9cb7-fa62004b89b9,2025-04-05,ERP_CORPORATIVO,TRANSACOES_FINANCEIRAS,4757,db4246eaffaa210462e55b7c51124d1372efbe2abb05cbe947199faecd990b9b
TR-04758,2025-03-17,2025-03-01,FIN,FORN-00024,RECEITA,2046.1981340518887,2046.1981340518887,USD,Manutenção de equipamentos de FIN,28,CARTAO,PAGO,e6288577-83de-45f9-9cb7-fa62004b89b9,2025-04-05,ERP_CORPORATIVO,TRANSACOES_FINANCEIRAS,4758,105b436e74ae633d317ef9a5ae3accfe141bc8214e8246ce47312233fc9f2614
TR-04759,2025-03-10,2025-03-01,PRD,FORN-00024,RECEITA,2142.426767554976,2069.532803764022,BRL,Promoção e atividade externa - PRD,14,TRANSFERENCIA,PAGO,e6288577-83de-45f9-9cb7-fa62004b89b9,2025-04-05,ERP_CORPORATIVO,TRANSACOES_FINANCEIRAS,4759,f28a2ca7061ff1932638b0f43f251b444cfce1c350aee5fa209d5ebb000655b7
TR-04760,2025-03-25,2025-03-01,RH,FORN-00024,DESPESA,2175.871991371183,2097.084870348204,BRL,Aquisição de material operacional - RH,2,TRANSFERENCIA,PAGO,e6288577-83de-45f9-9cb7-fa62004b89b9,2025-04-05,ERP_CORPORATIVO,TRANSACOES_FINANCEIRAS,4760,97d51c6ce8e7fea92e651242d8ec702cb64d90c4d1673318c3ef35fb521962db
TR-04761,2025-03-12,2025-03-01,COMP,FORN-00024,DESPESA,2114.9962576353437,2114.9962576353437,BRL,Serviço relacionado a recursos humanos (COMP),6,CARTAO,PAGO,e6288577-83de-45f9-9cb7-fa62004b89b9,2025-04-05,ERP_CORPORATIVO,TRANSACOES_FINANCEIRAS,4761,f962b1b8d8d104202dee04c252aa1d70ce2dc1674aaefa2b545493ca34406211
TR-04762,2025-03-26,2025-03-01,SEC,FORN-00024,RECEITA,2305.146502382289,2203.933406378365,BRL,Abastecimento de veículos - SEC,16,TED,CANCELADO,e6288577-83de-45f9-9cb7-fa62004b89b9,2025-04-05,ERP_CORPORATIVO,TRANSACOES_FINANCEIRAS,4762,0e3db9e1e50113a65702c956ad1a6d3852b961d4ab0b4bc6b4145e666613d316
TR-04763,2025-03-10,2025-03-01,FIN,FORN-00024,DESPESA,2161.8090265751543,2073.8229407383424,BRL,Devolução de venda processada por FIN,39,BOLETO,PAGO,e6288577-83de-45f9-9cb7-fa62004b89b9,2025-04-05,ERP_CORPORATIVO,TRANSACOES_FINANCEIRAS,4763,bf5820bb806d42886add15ba06e43bb18c76e79a16cdc077a2b8d4d03ac62c35
TR-04764,2025-03-06,2025-03-01,ESG,FORN-00024,DESPESA,2055.37829806233,1994.6048407515523,BRL,Prestação de serviço para área ESG,1,TRANSFERENCIA,PAGO,e6288577-83de-45f9-9cb7-fa62004b89b9,2025-04-05,ERP_CORPORATIVO,TRANSACOES_FINANCEIRAS,4764,0145507e5d7ae9563024316fa2500a436fa4192e7577488ec757a2b158014f06
TR-04765,2025-03-12,2025-03-01,CTB,FORN-00024,DESPESA,2099.2384230074367,2099.2384230074367,BRL,Despesa de infraestrutura - CTB,3,TRANSFERENCIA,PAGO,e6288577-83de-45f9-9cb7-fa62004b89b9,2025-04-05,ERP_CORPORATIVO,TRANSACOES_FINANCEIRAS,4765,1e85f74502fa7766a59aacfa221f9aa37c8770420c6d7cc3e70e5f48be1b043a
TR-04987,2025-03-17,2025-03-01,OP,1000024,RECEITA,2664.4020417646734,2664.4020417646734,BRL,Compra de insumos para setor OP,2,TRANSFERENCIA,ATRASADO,e6288577-83de-45f9-9cb7-fa62004b89b9,2025-04-05,ERP_CORPORATIVO,TRANSACOES_FINANCEIRAS,4987,d003423eb79367bdae34b7441bed8a7d6cba8a1b53cc79791e30b5c4f259c7db
TR-04988,2025-03-13,2025-03-01,COMP,1000024,RECEITA,2892.570045455945,2892.570045455945,BRL,Licenciamento de software - COMP,5,TED,PAGO,e6288577-83de-45f9-9cb7-fa62004b89b9,2025-04-05,ERP_CORPORATIVO,TRANSACOES_FINANCEIRAS,4988,a7154eb8c46537d6642286824cf7aadb61fc0bd07d5fb6b7d02dc5ef041abee7
TR-04989,2025-03-19,2025-03-01,ESG,1000024,RECEITA,2431.496163739134,2362.7806331911706,BRL,Produção de material gráfico - ESG,15,TRANSFERENCIA,PAGO,e6288577-83de-45f9-9cb7-fa62004b89b9,2025-04-05,ERP_CORPORATIVO,TRANSACOES_FINANCEIRAS,4989,dc608da6c8db7fadb9c4d4326a90922d0170677333ccbbb98b7735f1a17bfab8
TR-04990,2025-03-17,2025-03-01,PJT,1000024,RECEITA,6441.453087247644,6441.453087247644,BRL,Serviço especializado solicitado por PJT,1,PIX,PAGO,e6288577-83de-45f9-9cb7-fa62004b89b9,2025-04-05,ERP_CORPORATIVO,TRANSACOES_FINANCEIRAS,4990,014801688151fe80a1a112f833c42ee866fbb7038ad22d2505da7137de3eccd7
TR-04991,2025-03-10,2025-03-01,OP,1000024,DESPESA,1972.2154617085082,1972.2154617085082,BRL,Treinamento corporativo para equipe OP,30,BOLETO,PAGO,e6288577-83de-45f9-9cb7-fa62004b89b9,2025-04-05,ERP_CORPORATIVO,TRANSACOES_FINANCEIRAS,4991,09e5bc7a942294496bf4cfdc3018411c6dd9ee925e3133adb5a4e3fe2d833ca5
TR-04992,2025-03-10,2025-03-01,FIN,1000024,DESPESA,2333.064446431707,2333.064446431707,BRL,Produção de material gráfico - FIN,15,BOLETO,CANCELADO,e6288577-83de-45f9-9cb7-fa62004b89b9,2025-04-05,ERP_CORPORATIVO,TRANSACOES_FINANCEIRAS,4992,e41d265a116cf6eb22b598cc67780d5edcb13412bb992caaca70b2650024c468
TR-04993,2025-03-10,2025-03-01,RH,1000024,RECEITA,2272.935031719194,2272.935031719194,BRL,Devolução de venda processada por RH,39,TED,PAGO,e6288577-83de-45f9-9cb7-fa62004b89b9,2025-04-05,ERP_CORPORATIVO,TRANSACOES_FINANCEIRAS,4993,59cf031580a3a9112eee1bd0f6f0abb3398e04f96606698925f8b0dd4f813044
TR-04994,2025-03-12,2025-03-01,ADM,1000024,RECEITA,2236.385937400179,2140.369859019573,BRL,Serviço de tecnologia contratado por ADM,5,TED,PAGO,e6288577-83de-45f9-9cb7-fa62004b89b9,2025-04-05,ERP_CORPORATIVO,TRANSACOES_FINANCEIRAS,4994,22cbbc5847a2d7d416fffaf266b679b86c76d6ec95cab8f18fb3818bbddc9244
TR-04995,2025-03-11,2025-03-01,MKT,1000024,RECEITA,635.7296118477121,635.7296118477121,BRL,Renovação de certificados digitais - MKT,26,TED,ATRASADO,e6288577-83de-45f9-9cb7-fa62004b89b9,2025-04-05,ERP_CORPORATIVO,TRANSACOES_FINANCEIRAS,4995,e67a191321738c341ecc261bc63ec6bb72f4d07058000a2f9a276961954d31c2
TR-04996,2025-03-11,2025-03-01,OP,1000024,DESPESA,2304.5838106627693,2200.789997842198,BRL,Seguro contratado pela área OP,21,TED,ATRASADO,e6288577-83de-45f9-9cb7-fa62004b89b9,2025-04-05,ERP_CORPORATIVO,TRANSACOES_FINANCEIRAS,4996,b3d7eb71aa18f205b5ce3b0acf5b0cd32c3a0292361210e2713eb6497fd3a588
TR-04997,2025-03-14,2025-03-01,ADM,1000024,RECEITA,2106.8170782431257,2106.8170782431257,BRL,Despesa de infraestrutura - ADM,3,TRANSFERENCIA,PAGO,e6288577-83de-45f9-9cb7-fa62004b89b9,2025-04-05,ERP_CORPORATIVO,TRANSACOES_FINANCEIRAS,4997,4327cc7afbc876d6517dacd23b106bf620fd7254c8de39640a203192d6966ec0
TR-05249,2025-03-17,2025-03-01,CPT,1000025,DESPESA,1555.308483982402,1555.308483982402,BRL,Despesa operacional - CPT,8,BOLETO,PAGO,e6288577-83de-45f9-9cb7-fa62004b89b9,2025-04-05,ERP_CORPORATIVO,TRANSACOES_FINANCEIRAS,5249,96d6e3bee9afb65807308cf926520d860d90032bdcc8703370c88e9852e2cc35
TR-05250,2025-03-17,2025-03-01,COM,1000025,DESPESA,1757.1750795066725,1757.1750795066725,BRL,Propaganda e divulgação para área COM,13,BOLETO,PAGO,e6288577-83de-45f9-9cb7-fa62004b89b9,2025-04-05,ERP_CORPORATIVO,TRANSACOES_FINANCEIRAS,5250,e7b5b31a6f6582cb02a0e6c202d88117b8d8bada7f583d747ea23553c1eb6af1
TR-05251,2025-03-10,2025-03-01,COM,1000025,DESPESA,1971.3548449769896,1971.3548449769896,BRL,Imposto sobre venda apurado em COM,40,BOLETO,PAGO,e6288577-83de-45f9-9cb7-fa62004b89b9,2025-04-05,ERP_CORPORATIVO,TRANSACOES_FINANCEIRAS,5251,cfdd3235769c9fdce6df3d3ce47a441e8ff76f219aa8304b4700f98ab0854bda
TR-05252,2025-03-10,2025-03-01,OP,1000025,DESPESA,1787.0451093418499,1787.0451093418499,BRL,Evento corporativo organizado por OP,14,TED,PAGO,e6288577-83de-45f9-9cb7-fa62004b89b9,2025-04-05,ERP_CORPORATIVO,TRANSACOES_FINANCEIRAS,5252,aa7571ba6c8bd0a650c912d10967596479c5fc6368373c890b9c3038fdfb2965
TR-05253,2025-03-17,2025-03-01,RH,1000025,RECEITA,1573.0606402100811,1573.0606402100811,BRL,Custo operacional associado a RH,8,PIX,ATRASADO,e6288577-83de-45f9-9cb7-fa62004b89b9,2025-04-05,ERP_CORPORATIVO,TRANSACOES_FINANCEIRAS,5253,f92017891de1d381b56180979e9fe19333fb0eb0586429018703d6bfa9b8baeb
TR-05254,2025-03-18,2025-03-01,RH,1000025,DESPESA,1698.888479631729,1617.3115153962729,BRL,Atendimento de TI requisitado por RH,29,TRANSFERENCIA,ATRASADO,e6288577-83de-45f9-9cb7-fa62004b89b9,2025-04-05,ERP_CORPORATIVO,TRANSACOES_FINANCEIRAS,5254,ece82759fbc4ba55bd6fc11bd6c44a8038f64e2ccabef94f626bc45449b0fe11
TR-05255,2025-03-26,2025-03-01,OP,1000025,DESPESA,1993.5523412086613,1993.5523412086613,BRL,Despesa de RH - OP,6,PIX,PAGO,e6288577-83de-45f9-9cb7-fa62004b89b9,2025-04-05,ERP_CORPORATIVO,TRANSACOES_FINANCEIRAS,5255,af91de30741ede103ca482d778bb57ee2db4552d6860d711ab42ae6e78848140
TR-05256,2025-03-17,2025-03-01,LOG,1000025,DESPESA,1817.876555146782,1817.876555146782,BRL,Abastecimento de veículos - LOG,16,PIX,PAGO,e6288577-83de-45f9-9cb7-fa62004b89b9,2025-04-05,ERP_CORPORATIVO,TRANSACOES_FINANCEIRAS,5256,4ca88e53aca6bfbc0d1c592a458e632071a598d97d957248f0d873312fc1d6dd
TR-05257,2025-03-17,2025-03-01,COM,1000025,DESPESA,3649.731879498584,3649.731879498584,BRL,Contrato de consultoria externa - COM,12,PIX,PAGO,e6288577-83de-45f9-9cb7-fa62004b89b9,2025-04-05,ERP_CORPORATIVO,TRANSACOES_FINANCEIRAS,5257,b1cc26032b3e2df5c32d661b359b495b04a7cd01f42eba6b2968223c14c52814
TR-05258,2025-03-14,2025-03-01,OP,1000025,RECEITA,1745.8566117046398,1745.8566117046398,BRL,Manutenção estrutural vinculada à área OP,3,CARTAO,PAGO,e6288577-83de-45f9-9cb7-fa62004b89b9,2025-04-05,ERP_CORPORATIVO,TRANSACOES_FINANCEIRAS,5258,e757d66bb62a38f1f08a423b3a33e30d73c2453b59647c184203be88d2af9b8c
TR-05259,2025-03-20,2025-03-01,TI,1000025,DESPESA,1970.4744689558804,1970.4744689558804,BRL,Compra de insumos para setor TI,2,PIX,PAGO,e6288577-83de-45f9-9cb7-fa62004b89b9,2025-04-05,ERP_CORPORATIVO,TRANSACOES_FINANCEIRAS,5259,b62cdbc26adfabfb9cea83705d6ca1995cb4688cf8bbd006713c78b3d3a30b15
TR-05260,2025-03-19,2025-03-01,COMP,1000025,DESPESA,1957.6669074647393,1957.6669074647393,BRL,Evento corporativo organizado por COMP,14,TRANSFERENCIA,PAGO,e6288577-83de-45f9-9cb7-fa62004b89b9,2025-04-05,ERP_CORPORATIVO,TRANSACOES_FINANCEIRAS,5260,7ef5a2371a8705c289d791864b5301d20389b995dbeccf299fb8e1fda2e3aa31
TR-05414,2025-03-21,2025-03-01,OP,1000026,RECEITA,521.9951024341234,503.3750530608035,BRL,Compra de insumos para setor OP,2,TRANSFERENCIA,ATRASADO,e6288577-83de-45f9-9cb7-fa62004b89b9,2025-04-05,ERP_CORPORATIVO,TRANSACOES_FINANCEIRAS,5414,e3adb88ff1269719c18cab89dc1ad2fcde9ad0204cf19d7a6c64b322482b91a2
TR-05415,2025-03-20,2025-03-01,ESG,1000026,DESPESA,567.9100687213491,567.9100687213491,BRL,Despesa de infraestrutura - ESG,3,CARTAO,PAGO,e6288577-83de-45f9-9cb7-fa62004b89b9,2025-04-05,ERP_CORPORATIVO,TRANSACOES_FINANCEIRAS,5415,240cdf5915da2c7d775154088f42440459de13d186f72528c3a80f0c65435ef4
TR-05416,2025-03-20,2025-03-01,PRD,1000026,RECEITA,562.6886780839054,562.6886780839054,BRL,Prestação de serviço para área PRD,1,TED,PAGO,e6288577-83de-45f9-9cb7-fa62004b89b9,2025-04-05,ERP_CORPORATIVO,TRANSACOES_FINANCEIRAS,5416,5374fc43a73b60bd577bc408a83c54a579f356f0b7853942141cc590d32daa8b
TR-05417,2025-03-17,2025-03-01,COM,1000026,RECEITA,2097.3677909206303,2097.3677909206303,BRL,Aquisição de material operacional - COM,2,PIX,PAGO,e6288577-83de-45f9-9cb7-fa62004b89b9,2025-04-05,ERP_CORPORATIVO,TRANSACOES_FINANCEIRAS,5417,fe10b3f3cb2760e6f37daf28b116304a0a36d9cc57234f020d63a7a48ae03103
TR-05418,2025-03-24,2025-03-01,COMP,1000026,DESPESA,635.5142044392659,627.9546297788945,BRL,Treinamento corporativo para equipe COMP,30,PIX,PAGO,e6288577-83de-45f9-9cb7-fa62004b89b9,2025-04-05,ERP_CORPORATIVO,TRANSACOES_FINANCEIRAS,5418,041d4772802eea636c20405c28e05aa3e7e4100feb4a7498772c0f7f75997588
TR-05419,2025-03-13,2025-03-01,JUR,1000026,DESPESA,599.7995186137842,599.7995186137842,BRL,Licenciamento de software - JUR,5,PIX,PAGO,e6288577-83de-45f9-9cb7-fa62004b89b9,2025-04-05,ERP_CORPORATIVO,TRANSACOES_FINANCEIRAS,5419,2ecae57900c477b0e1d35dbe573a4cde4ebbc6c3bf241308fd3709f664daf90a
TR-05420,2025-03-17,2025-03-01,JUR,1000026,DESPESA,586.4545148459492,586.4545148459492,BRL,Despesa jurídica da área JUR,24,BOLETO,PAGO,e6288577-83de-45f9-9cb7-fa62004b89b9,2025-04-05,ERP_CORPORATIVO,TRANSACOES_FINANCEIRAS,5420,53818c9ed990acf2a0ab0bf79da2746e3c504ec06b504802cc4d4f2f1ce37d39
TR-05421,2025-03-10,2025-03-01,COM,1000026,DESPESA,567.3075387906564,567.3075387906564,BRL,Comissão recebida por COM,33,TED,PAGO,e6288577-83de-45f9-9cb7-fa62004b89b9,2025-04-05,ERP_CORPORATIVO,TRANSACOES_FINANCEIRAS,5421,49f6203ae3e88e5226f6b6bdb116135b7a3d44423e97367063f94ffc595ec934
TR-05422,2025-03-18,2025-03-01,FIN,1000026,DESPESA,612.1818499446287,612.1818499446287,BRL,Serviço especializado solicitado por FIN,1,BOLETO,PAGO,e6288577-83de-45f9-9cb7-fa62004b89b9,2025-04-05,ERP_CORPORATIVO,TRANSACOES_FINANCEIRAS,5422,3abda83996dc6c4c72e9b4d55fab17c4c1c8715d124196fc8bd85f6e31ae5bd2
TR-05423,2025-03-20,2025-03-01,CTB,1000026,DESPESA,552.3947934357403,525.7538836513412,BRL,Estorno de receita - CTB,39,BOLETO,PAGO,e6288577-83de-45f9-9cb7-fa62004b89b9,2025-04-05,ERP_CORPORATIVO,TRANSACOES_FINANCEIRAS,5423,b8f3b397087987e51193c141c79f134a354900afda6c6019033124af72191870
TR-05424,2025-03-14,2025-03-01,CPT,1000026,RECEITA,710.9452133550752,710.9452133550752,BRL,Licenciamento de software - CPT,5,TED,ATRASADO,e6288577-83de-45f9-9cb7-fa62004b89b9,2025-04-05,ERP_CORPORATIVO,TRANSACOES_FINANCEIRAS,5424,0c044382e4371ee344b28e08f62e1d4628fd3644c50cd60e9206eb24db11730f
TR-05758,2025-03-24,2025-03-01,CTB,FORN-00028,DESPESA,3883.191164082899,3734.767547316621,BRL,Propaganda e divulgação para área CTB,13,TED,PAGO,e6288577-83de-45f9-9cb7-fa62004b89b9,2025-04-05,ERP_CORPORATIVO,TRANSACOES_FINANCEIRAS,5758,a182b60a4d83890516edda647af994ea31bdb147deae61f04d968f3967f7e268
TR-05759,2025-03-20,2025-03-01,MKT,FORN-00028,RECEITA,3097.3423977632883,3032.3195223939038,BRL,Manutenção preventiva de veículos - MKT,17,PIX,ATRASADO,e6288577-83de-45f9-9cb7-fa62004b89b9,2025-04-05,ERP_CORPORATIVO,TRANSACOES_FINANCEIRAS,5759,0284313dc2b01f10e73ebd34e4eb71d6d393238cadecd119e3da4bf505d3f7e1
TR-05760,2025-03-14,2025-03-01,ADM,FORN-00028,RECEITA,11039.556531904922,11039.556531904922,BRL,Campanha institucional - ADM,4,BOLETO,PAGO,e6288577-83de-45f9-9cb7-fa62004b89b9,2025-04-05,ERP_CORPORATIVO,TRANSACOES_FINANCEIRAS,5760,706164dcbc42a66a1b13d40b7e2191e615189f1b6f068d3cd5784f4f0b936e85
TR-05761,2025-03-12,2025-03-01,FIN,FORN-00028,DESPESA,3434.215278268563,3434.215278268563,BRL,Serviço relacionado a recursos humanos (FIN),6,TED,PAGO,e6288577-83de-45f9-9cb7-fa62004b89b9,2025-04-05,ERP_CORPORATIVO,TRANSACOES_FINANCEIRAS,5761,a3d08638ee6351bbb1c8acd4b935410ef79612dfeba3c7f95ad8ace44df43c41
TR-05762,2025-03-27,2025-03-01,COMP,FORN-00028,DESPESA,3645.158231436222,3645.158231436222,BRL,Aquisição de material operacional - COMP,2,TED,PAGO,e6288577-83de-45f9-9cb7-fa62004b89b9,2025-04-05,ERP_CORPORATIVO,TRANSACOES_FINANCEIRAS,5762,49a21ede3f000142dc9f972be6f40c25fe42726f84fdbad8b3f06674e200c307
TR-05763,2025-03-18,2025-03-01,LOG,FORN-00028,DESPESA,3639.400929798039,3481.2574213098555,BRL,Investimento em marketing corporativo (LOG),4,TRANSFERENCIA,ATRASADO,e6288577-83de-45f9-9cb7-fa62004b89b9,2025-04-05,ERP_CORPORATIVO,TRANSACOES_FINANCEIRAS,5763,f0de6def5a49d940936c711f7989017e033943760ad1a3fcb8504f750eb06cc4
TR-05764,2025-03-28,2025-03-01,TI,FORN-00028,RECEITA,3561.872882011058,3561.872882011058,BRL,Serviço de tecnologia contratado por TI,5,BOLETO,PAGO,e6288577-83de-45f9-9cb7-fa62004b89b9,2025-04-05,ERP_CORPORATIVO,TRANSACOES_FINANCEIRAS,5764,349c6a9008764b83fb5a2ba93140e37c7f8bccd709fd31988b35273b2ce4595b
TR-05765,2025-03-17,2025-03-01,SEC,FORN-00028,DESPESA,3051.2721041971818,3051.2721041971818,BRL,Abatimento comercial registrado em SEC,38,BOLETO,PAGO,e6288577-83de-45f9-9cb7-fa62004b89b9,2025-04-05,ERP_CORPORATIVO,TRANSACOES_FINANCEIRAS,5765,09c2c00ffcc0a8c0c1bba113cc86ec692af9139c5732f830224d6be3f86fd383
TR-05766,2025-03-10,2025-03-01,MKT,FORN-00028,DESPESA,3743.006104159233,3743.006104159233,BRL,Custo operacional associado a MKT,8,PIX,PAGO,e6288577-83de-45f9-9cb7-fa62004b89b9,2025-04-05,ERP_CORPORATIVO,TRANSACOES_FINANCEIRAS,5766,754782fcd47f39cb8916fcf73f7a1a7b2f9dbc661a5562574443e52f25b470d3
TR-05767,2025-03-18,2025-03-01,ATD,FORN-00028,DESPESA,3523.831347752989,3523.831347752989,BRL,Taxas bancárias incidentes em ATD,22,PIX,PAGO,e6288577-83de-45f9-9cb7-fa62004b89b9,2025-04-05,ERP_CORPORATIVO,TRANSACOES_FINANCEIRAS,5767,b962c4ae221dc465c0be35f632a09c8b52a229485fbb83db084bd2d21b6f6ac9
TR-05768,2025-03-24,2025-03-01,JUR,FORN-00028,RECEITA,2936.0714724165496,2936.0714724165496,BRL,Aquisição de material operacional - JUR,2,TED,PAGO,e6288577-83de-45f9-9cb7-fa62004b89b9,2025-04-05,ERP_CORPORATIVO,TRANSACOES_FINANCEIRAS,5768,7c83196a82e23511c2a90685f1cb2ab439bec50adfea5462f56d3258df904b54
TR-05769,2025-03-17,2025-03-01,TI,FORN-00028,DESPESA,3241.42464846815,3241.42464846815,BRL,Compra de insumos para setor TI,2,PIX,PAGO,e6288577-83de-45f9-9cb7-fa62004b89b9,2025-04-05,ERP_CORPORATIVO,TRANSACOES_FINANCEIRAS,5769,f606d0cdaa01a668396cd7c683484c3df567b4a9cb81890fe2dc4971aba23faf
TR-05770,2025-03-14,2025-03-01,COMP,FORN-00028,RECEITA,3013.411516921051,2905.1052192992697,BRL,Manutenção de equipamentos de COMP,28,TRANSFERENCIA,PAGO,e6288577-83de-45f9-9cb7-fa62004b89b9,2025-04-05,ERP_CORPORATIVO,TRANSACOES_FINANCEIRAS,5770,00562a5ad6f413959cdffe7ccbd173f622afdb9a472a566042e632e052262f2f
TR-05771,2025-03-10,2025-03-01,OP,FORN-00028,RECEITA,2949.8675445120984,2949.8675445120984,BRL,Receita eventual registrada em OP,37,CARTAO,PAGO,e6288577-83de-45f9-9cb7-fa62004b89b9,2025-04-05,ERP_CORPORATIVO,TRANSACOES_FINANCEIRAS,5771,8488a53d5dae1d9f31dbb00976119793bd1b87f0c5254566363ff3f9e27cfdcf
TR-05772,2025-03-19,2025-03-01,FIN,FORN-00028,RECEITA,3705.1117564177553,3705.1117564177553,BRL,Renovação de certificados digitais - FIN,26,PIX,PAGO,e6288577-83de-45f9-9cb7-fa62004b89b9,2025-04-05,ERP_CORPORATIVO,TRANSACOES_FINANCEIRAS,5772,7abf65ccf509528e4ae1983496c0c1e40a14f7b254dec05cc94b986e4bf42d6e
TR-05773,2025-03-12,2025-03-01,OP,FORN-00028,RECEITA,2934.2258262175424,2934.2258262175424,BRL,Serviço especializado solicitado por OP,1,BOLETO,PAGO,e6288577-83de-45f9-9cb7-fa62004b89b9,2025-04-05,ERP_CORPORATIVO,TRANSACOES_FINANCEIRAS,5773,e74f3fc66694d8d3b6aa0db0b7328d8a9a7651c4fe8412d374763c2b03f1b4c1
TR-05774,2025-03-14,2025-03-01,PRD,FORN-00028,DESPESA,2981.0308634219737,2899.3553829900193,BRL,Recebimento de subvenção - PRD,36,TED,PAGO,e6288577-83de-45f9-9cb7-fa62004b89b9,2025-04-05,ERP_CORPORATIVO,TRANSACOES_FINANCEIRAS,5774,2ece517ac4b892aea6dbfba4aafbcae88bddd3f7000d799340d1ff3122a7bfe5
TR-05775,2025-03-18,2025-03-01,RH,FORN-00028,RECEITA,4146.24578279916,4146.24578279916,BRL,Prestação de serviço para área RH,1,PIX,PAGO,e6288577-83de-45f9-9cb7-fa62004b89b9,2025-04-05,ERP_CORPORATIVO,TRANSACOES_FINANCEIRAS,5775,0da9a4ae6cc9b8a0ac9cc448b3866b63aa0a7f23c04f1a8293ffd39a52d20452
TR-06138,2025-03-07,2025-03-01,FIN,FORN-00029,DESPESA,2778.408399922978,2710.9673130010815,BRL,Compra de insumos para setor FIN,2,BOLETO,PAGO,e6288577-83de-45f9-9cb7-fa62004b89b9,2025-04-05,ERP_CORPORATIVO,TRANSACOES_FINANCEIRAS,6138,7f9587588704e5896109a6d9e51cc3e58d42e2e2d9f2700dd8c348aec6defa6a
TR-06139,2025-03-11,2025-03-01,FIN,FORN-00029,DESPESA,3275.0697686303433,3275.0697686303433,BRL,Honorários jurídicos - FIN,7,BOLETO,PAGO,e6288577-83de-45f9-9cb7-fa62004b89b9,2025-04-05,ERP_CORPORATIVO,TRANSACOES_FINANCEIRAS,6139,e895bec0d4f9e03d520962417e9ee91ef6510449bec37a987a13d296e10afa5c
TR-06141,2025-03-21,2025-03-01,JUR,FORN-00029,RECEITA,3035.891846280557,2967.0043345941344,BRL,Manutenção predial solicitada por JUR,10,TED,PAGO,e6288577-83de-45f9-9cb7-fa62004b89b9,2025-04-05,ERP_CORPORATIVO,TRANSACOES_FINANCEIRAS,6141,a8df0c297a7ef78f341b6e15d7597403a0a7ed641a6f3b536b66555c1984a94b
TR-06142,2025-03-18,2025-03-01,PRD,FORN-00029,RECEITA,2822.0481186271345,2771.8364680426303,BRL,Suporte técnico para sistemas de PRD,29,PIX,PAGO,e6288577-83de-45f9-9cb7-fa62004b89b9,2025-04-05,ERP_CORPORATIVO,TRANSACOES_FINANCEIRAS,6142,3e538b00aabd88eec693dd71d61bd8a025889fc7bc99863040e03cf3268c4ed6
TR-06143,2025-03-25,2025-03-01,TI,FORN-00029,DESPESA,3158.9986810294427,3016.41845203475,BRL,Despesa de refeição em deslocamento (TI),20,TED,CANCELADO,e6288577-83de-45f9-9cb7-fa62004b89b9,2025-04-05,ERP_CORPORATIVO,TRANSACOES_FINANCEIRAS,6143,14313462cfb8bdcdffe40fc65d844252d937f50586df6f68ef63057513d87d7d
TR-06144,2025-03-19,2025-03-01,LOG,FORN-00029,RECEITA,9579.191666510178,9468.118167812201,BRL,Compra de insumos para setor LOG,2,CARTAO,ATRASADO,e6288577-83de-45f9-9cb7-fa62004b89b9,2025-04-05,ERP_CORPORATIVO,TRANSACOES_FINANCEIRAS,6144,3db6db3e644f1e084bb81e532502b1b17925c2b79982f6f942836d511fa3d2ac
TR-06145,2025-03-05,2025-03-01,SEC,FORN-00029,DESPESA,3001.371529445003,3001.371529445003,BRL,Contrato de serviço - setor SEC,1,TRANSFERENCIA,PAGO,e6288577-83de-45f9-9cb7-fa62004b89b9,2025-04-05,ERP_CORPORATIVO,TRANSACOES_FINANCEIRAS,6145,5c6a4f447384acba84578887f47ba0cf4db682cd9b12ae792e6e6e938322b753
TR-06146,2025-03-10,2025-03-01,OP,FORN-00029,RECEITA,3234.804732552568,3234.804732552568,BRL,Receita eventual registrada em OP,37,BOLETO,PAGO,e6288577-83de-45f9-9cb7-fa62004b89b9,2025-04-05,ERP_CORPORATIVO,TRANSACOES_FINANCEIRAS,6146,3f10126a185b7091fc46830313440fd93d3a9083416a4a1c46aa3e58a2375b41
TR-06147,2025-03-06,2025-03-01,RH,FORN-00029,RECEITA,3267.014640210966,3267.014640210966,BRL,Abastecimento de veículos - RH,16,PIX,PAGO,e6288577-83de-45f9-9cb7-fa62004b89b9,2025-04-05,ERP_CORPORATIVO,TRANSACOES_FINANCEIRAS,6147,6a273119268520606b5082c61aed8a3409718a38c547e771a5d7b96a6d6359f8
TR-06148,2025-03-03,2025-03-01,ATD,FORN-00029,RECEITA,3533.6298844944145,3388.6884396873993,BRL,Receita de comissão comercial - ATD,33,PIX,ATRASADO,e6288577-83de-45f9-9cb7-fa62004b89b9,2025-04-05,ERP_CORPORATIVO,TRANSACOES_FINANCEIRAS,6148,548c11341acbfe677919316e062fa6a61442f12cf49433e1801b0a89ec10e058
TR-06149,2025-03-11,2025-03-01,TI,FORN-00029,DESPESA,3021.3716577959635,3021.3716577959635,BRL,Licenciamento de software - TI,5,PIX,PAGO,e6288577-83de-45f9-9cb7-fa62004b89b9,2025-04-05,ERP_CORPORATIVO,TRANSACOES_FINANCEIRAS,6149,0b11b0fe08d2086a4455c5263e73d61b567e8ab68247b3b6527bd500775939da
TR-06150,2025-03-17,2025-03-01,LOG,FORN-00029,DESPESA,2811.8809599516308,2811.8809599516308,BRL,Passagem aérea para colaborador de LOG,18,PIX,PAGO,e6288577-83de-45f9-9cb7-fa62004b89b9,2025-04-05,ERP_CORPORATIVO,TRANSACOES_FINANCEIRAS,6150,ea06ea7557481572e50503c876aca586fff6fd4c1652bb0cce22aed2e5db5039
TR-06151,2025-03-24,2025-03-01,FIN,FORN-00029,RECEITA,3130.0446737840757,3130.0446737840757,BRL,Serviço técnico especializado para FIN,11,PIX,PAGO,e6288577-83de-45f9-9cb7-fa62004b89b9,2025-04-05,ERP_CORPORATIVO,TRANSACOES_FINANCEIRAS,6151,efc78e7d708f7310283e00f6b5544b44b3da27fe65cd2cabfa9af2909044898f
TR-06152,2025-03-18,2025-03-01,COMP,FORN-00029,DESPESA,3730.452167887828,3730.452167887828,BRL,Royalties recebidos por COMP,32,PIX,PAGO,e6288577-83de-45f9-9cb7-fa62004b89b9,2025-04-05,ERP_CORPORATIVO,TRANSACOES_FINANCEIRAS,6152,d510c945132990294e1a1b26e5fb9f18f4492c887ee388db4cdca0246b8d451c
TR-06153,2025-03-10,2025-03-01,CTB,FORN-00029,RECEITA,2641.816731698616,2641.816731698616,BRL,Produção de material gráfico - CTB,15,TED,PAGO,e6288577-83de-45f9-9cb7-fa62004b89b9,2025-04-05,ERP_CORPORATIVO,TRANSACOES_FINANCEIRAS,6153,91db81ed34ddff6ca6254ae52e6433272a2db50cd264e3de436bf7ac71a08905
TR-06154,2025-03-17,2025-03-01,COMP,FORN-00029,DESPESA,5832.867776528713,5755.48402418553,BRL,Assessoria legal vinculada à área COMP,7,CARTAO,PAGO,e6288577-83de-45f9-9cb7-fa62004b89b9,2025-04-05,ERP_CORPORATIVO,TRANSACOES_FINANCEIRAS,6154,0a23fae89f5c073399c692342c122254ca59cf2f0ba700a1f9e73618de4888cf
TR-06155,2025-03-10,2025-03-01,COM,FORN-00029,DESPESA,3117.325388154447,3117.325388154447,BRL,Renovação de certificados digitais - COM,26,PIX,ATRASADO,e6288577-83de-45f9-9cb7-fa62004b89b9,2025-04-05,ERP_CORPORATIVO,TRANSACOES_FINANCEIRAS,6155,50b9c78d1318b59f41915c613621027fc5bc82b7ffe4aaf1b610fcb233a25d31
TR-06156,2025-03-17,2025-03-01,FIN,FORN-00029,DESPESA,3033.9084747566167,3033.9084747566167,BRL,Reparo de hardware solicitado por FIN,28,PIX,PAGO,e6288577-83de-45f9-9cb7-fa62004b89b9,2025-04-05,ERP_CORPORATIVO,TRANSACOES_FINANCEIRAS,6156,8bd1c7ff7a290562a23ae4eb7088f38ef71a0fb0a98d7a1676f011dab6f2db49
TR-06157,2025-03-17,2025-03-01,VND,FORN-00029,DESPESA,3086.206737455063,2936.386151750281,BRL,Licenciamento de software - VND,5,TED,PAGO,e6288577-83de-45f9-9cb7-fa62004b89b9,2025-04-05,ERP_CORPORATIVO,TRANSACOES_FINANCEIRAS,6157,c5a20facb4a26beed9e77427f473bc8c4fefe6da79d037777c1c85a8e0cdac5c
TR-06158,2025-03-13,2025-03-01,MKT,FORN-00029,DESPESA,10707.601951314151,10619.272318896581,BRL,Prestação de serviço para área MKT,1,TED,PAGO,e6288577-83de-45f9-9cb7-fa62004b89b9,2025-04-05,ERP_CORPORATIVO,TRANSACOES_FINANCEIRAS,6158,1ac4e0cf74d477531ff6a305f9cb49de9c98640bfffb8f55ec43bf90cb50efe8
TR-06763,2025-03-19,2025-03-01,OP,1000032,RECEITA,1909.5796719525108,1909.5796719525108,BRL,Recebimento de subvenção - OP,36,BOLETO,PAGO,e6288577-83de-45f9-9cb7-fa62004b89b9,2025-04-05,ERP_CORPORATIVO,TRANSACOES_FINANCEIRAS,6763,c7bb98d3067f31425a1a2d8cf6094b1a04a56bdcfe5d45e441e7b2faa1c6c667
TR-06764,2025-03-21,2025-03-01,JUR,1000032,RECEITA,1614.7438680280206,1614.7438680280206,BRL,Compra de insumos para setor JUR,2,TRANSFERENCIA,PAGO,e6288577-83de-45f9-9cb7-fa62004b89b9,2025-04-05,ERP_CORPORATIVO,TRANSACOES_FINANCEIRAS,6764,4dea9e6803b9df5ed33fbfad55ec8f7bb06ea9e9187b0a8c6208fe65a95ecd41
TR-06765,2025-03-19,2025-03-01,QAS,1000032,DESPESA,1748.8327568844218,1748.8327568844218,BRL,Contrato de conectividade para área QAS,9,TED,PAGO,e6288577-83de-45f9-9cb7-fa62004b89b9,2025-04-05,ERP_CORPORATIVO,TRANSACOES_FINANCEIRAS,6765,00ff42adbe1409cea4801a39271b59c67c1b266c3a44fe1d369b82b2a8ffbc5b
TR-06766,2025-03-24,2025-03-01,ATD,1000032,RECEITA,1796.024502249144,1796.024502249144,BRL,Despesa de RH - ATD,6,TRANSFERENCIA,PAGO,e6288577-83de-45f9-9cb7-fa62004b89b9,2025-04-05,ERP_CORPORATIVO,TRANSACOES_FINANCEIRAS,6766,dd47baae53a8cf82910bf387f446326df9d95890151bf820a6752f1274533796
TR-06767,2025-03-28,2025-03-01,COMP,1000032,RECEITA,1830.7816116941547,1830.7816116941547,BRL,Compra de insumos para setor COMP,2,TED,ATRASADO,e6288577-83de-45f9-9cb7-fa62004b89b9,2025-04-05,ERP_CORPORATIVO,TRANSACOES_FINANCEIRAS,6767,f3a551f23f67421231c48243b71b6c4ee112ae31b883586e8b82d0af71c9527d
TR-06768,2025-03-21,2025-03-01,JUR,1000032,DESPESA,1825.2465022411675,1778.418262752868,BRL,Encargos de empréstimo vinculados a JUR,23,TRANSFERENCIA,ATRASADO,e6288577-83de-45f9-9cb7-fa62004b89b9,2025-04-05,ERP_CORPORATIVO,TRANSACOES_FINANCEIRAS,6768,c5a4c68bea8916010515628fa5281bdf1ebf948723e017ad5bc97b557bf1009f
TR-06769,2025-03-17,2025-03-01,OP,1000032,DESPESA,1781.245771476242,1781.245771476242,BRL,Campanha institucional - OP,4,BOLETO,PAGO,e6288577-83de-45f9-9cb7-fa62004b89b9,2025-04-05,ERP_CORPORATIVO,TRANSACOES_FINANCEIRAS,6769,1126cb35755728aebcdfa1b1faf427190cfe0c184efe01a4a45da0bb49b689ef
TR-06770,2025-03-05,2025-03-01,QAS,1000032,DESPESA,476.5426527229136,476.5426527229136,BRL,Reparo e conservação de instalações - QAS,10,TRANSFERENCIA,PAGO,e6288577-83de-45f9-9cb7-fa62004b89b9,2025-04-05,ERP_CORPORATIVO,TRANSACOES_FINANCEIRAS,6770,eff9a214e1e5e3ee29251428ed7c50ecbffc3ec3c6928bde75678800b0db7199
TR-06771,2025-03-24,2025-03-01,RH,1000032,RECEITA,2141.6180761559926,2141.6180761559926,BRL,Material de marketing solicitado por RH,15,PIX,CANCELADO,e6288577-83de-45f9-9cb7-fa62004b89b9,2025-04-05,ERP_CORPORATIVO,TRANSACOES_FINANCEIRAS,6771,7e33e4cf6a550b515ca43af316677922654dd2b74e70a34129b84ca37e920d80
TR-06772,2025-03-11,2025-03-01,OP,1000032,DESPESA,1882.4032307324455,1844.462747116503,EUR,Compra de insumos para setor OP,2,TRANSFERENCIA,CANCELADO,e6288577-83de-45f9-9cb7-fa62004b89b9,2025-04-05,ERP_CORPORATIVO,TRANSACOES_FINANCEIRAS,6772,743de772205b0438571a0cfc98c61efa0f4695e959dfcb1c5120523d2abe9d14
TR-06773,2025-03-13,2025-03-01,FIN,1000032,DESPESA,1962.0889008335632,1962.0889008335632,BRL,Custo operacional associado a FIN,8,TED,PAGO,e6288577-83de-45f9-9cb7-fa62004b89b9,2025-04-05,ERP_CORPORATIVO,TRANSACOES_FINANCEIRAS,6773,9adc456fd24d4f56d0afbb0779905b8a43ea336036f2435bbc6f34ab29d3dc80
TR-06774,2025-03-17,2025-03-01,QAS,1000032,DESPESA,1479.5616685060993,1479.5616685060993,BRL,Serviço especializado solicitado por QAS,1,CARTAO,PAGO,e6288577-83de-45f9-9cb7-fa62004b89b9,2025-04-05,ERP_CORPORATIVO,TRANSACOES_FINANCEIRAS,6774,6bd7b766e2edcbc8fa92f1ded29d659c4951561c39918a546e7b0ab06d53c583
TR-07115,2025-03-06,2025-03-01,COMP,1000036,DESPESA,2874.809504003492,2775.3319474777522,BRL,Venda de ativo imobilizado por COMP,35,PIX,PAGO,e6288577-83de-45f9-9cb7-fa62004b89b9,2025-04-05,ERP_CORPORATIVO,TRANSACOES_FINANCEIRAS,7115,a7fa501326c68a792055c89e9d0b2f2a99ad517027f028b0bf3c26764ade82f6
TR-07116,2025-03-10,2025-03-01,QAS,1000036,DESPESA,2573.916412396447,2573.916412396447,BRL,Reparo de hardware solicitado por QAS,28,BOLETO,PAGO,e6288577-83de-45f9-9cb7-fa62004b89b9,2025-04-05,ERP_CORPORATIVO,TRANSACOES_FINANCEIRAS,7116,0c80a8e97703d871f5b79419a1c01a635e782b849791678fe35c49cfd77aebac
TR-07117,2025-03-13,2025-03-01,COMP,1000036,DESPESA,2508.4851426713976,2508.4851426713976,BRL,Apólice de seguro - COMP,21,CARTAO,PAGO,e6288577-83de-45f9-9cb7-fa62004b89b9,2025-04-05,ERP_CORPORATIVO,TRANSACOES_FINANCEIRAS,7117,dbfdbcbbc65fd4cff7603b1e1b6ddf4e6dff1e1c371e04e9580db62090134453
TR-07118,2025-03-14,2025-03-01,COM,1000036,DESPESA,3021.069721041984,2949.308758392216,BRL,Despesa de RH - COM,6,BOLETO,ATRASADO,e6288577-83de-45f9-9cb7-fa62004b89b9,2025-04-05,ERP_CORPORATIVO,TRANSACOES_FINANCEIRAS,7118,4bf18eea456d78dde0a71366a45a9c36f0e463bfeb9ab844743bb17236287cbe
TR-07119,2025-03-11,2025-03-01,COM,1000036,DESPESA,3441.5105450112783,3441.5105450112783,BRL,Contrato de consultoria externa - COM,12,TED,PAGO,e6288577-83de-45f9-9cb7-fa62004b89b9,2025-04-05,ERP_CORPORATIVO,TRANSACOES_FINANCEIRAS,7119,e8f4eabe97b4a14e571cbbcd7086778497a989a4f4150f5f72572b1f959cce01
TR-07120,2025-03-24,2025-03-01,MKT,1000036,DESPESA,2994.946277954595,2962.1542783345844,BRL,Contrato de conectividade para área MKT,9,TRANSFERENCIA,PAGO,e6288577-83de-45f9-9cb7-fa62004b89b9,2025-04-05,ERP_CORPORATIVO,TRANSACOES_FINANCEIRAS,7120,0e93459ace2eaf11d4163bcd6a0d1f3464945f99f0d92f925f2544e386a71453
TR-07121,2025-03-19,2025-03-01,PRD,1000036,RECEITA,2925.7767679255717,2840.385270749826,BRL,Licenciamento de software - PRD,5,BOLETO,PAGO,e6288577-83de-45f9-9cb7-fa62004b89b9,2025-04-05,ERP_CORPORATIVO,TRANSACOES_FINANCEIRAS,7121,14acbaba5be8e133e3a76b4a61c61f7f5fabd168121e7061884220d7c1aeeda5
TR-07122,2025-03-24,2025-03-01,MKT,1000036,DESPESA,2930.009399311097,2790.095598235883,BRL,Despesa de RH - MKT,6,TRANSFERENCIA,PAGO,e6288577-83de-45f9-9cb7-fa62004b89b9,2025-04-05,ERP_CORPORATIVO,TRANSACOES_FINANCEIRAS,7122,6887ade31251eb19d2f9a44ecff003217d266c32f0d6f18f083233d4f8188cc1
TR-07123,2025-03-12,2025-03-01,ADM,1000036,RECEITA,2904.7078528278985,2904.7078528278985,BRL,Contrato de consultoria externa - ADM,12,PIX,PAGO,e6288577-83de-45f9-9cb7-fa62004b89b9,2025-04-05,ERP_CORPORATIVO,TRANSACOES_FINANCEIRAS,7123,ec57a5effaf5802eabc03b223e95ccd0129167377d9e849c578be8c2ca67919c
TR-07124,2025-03-24,2025-03-01,COMP,1000036,RECEITA,2933.9943724735617,2933.9943724735617,BRL,Prestação de serviço para área COMP,1,BOLETO,PAGO,e6288577-83de-45f9-9cb7-fa62004b89b9,2025-04-05,ERP_CORPORATIVO,TRANSACOES_FINANCEIRAS,7124,0bfcbd8bc64436369832541a32ecfaf4fea807555b8c8d2ddf4e2517d6e5237a
TR-07125,2025-03-24,2025-03-01,CPT,1000036,DESPESA,2684.555184879009,2627.3846505544566,BRL,Assessoria legal vinculada à área CPT,7,BOLETO,CANCELADO,e6288577-83de-45f9-9cb7-fa62004b89b9,2025-04-05,ERP_CORPORATIVO,TRANSACOES_FINANCEIRAS,7125,360fa947e924b8f9fd6d3d0be8de6959c88c66c97f4a2f96f21aa6c6764cd227
TR-07126,2025-03-24,2025-03-01,COMP,1000036,DESPESA,2608.2362722210314,2608.2362722210314,EUR,Serviço relacionado a recursos humanos (COMP),6,TED,PAGO,e6288577-83de-45f9-9cb7-fa62004b89b9,2025-04-05,ERP_CORPORATIVO,TRANSACOES_FINANCEIRAS,7126,e3dd249cc92c5ddc053127e262adb8ed5967e8d380f452f7d1ae2528fe7a60a8
TR-07127,2025-03-03,2025-03-01,VND,1000036,DESPESA,2906.5135740142973,2906.5135740142973,BRL,Manutenção predial solicitada por VND,10,TED,PAGO,e6288577-83de-45f9-9cb7-fa62004b89b9,2025-04-05,ERP_CORPORATIVO,TRANSACOES_FINANCEIRAS,7127,69b98615344548e7cb39a46f34fb27551c92ee9e44cf633a002e82d12eb41497
TR-07128,2025-03-17,2025-03-01,ADM,1000036,RECEITA,5848.95104205688,5754.947255185257,BRL,Royalties recebidos por ADM,32,TRANSFERENCIA,PAGO,e6288577-83de-45f9-9cb7-fa62004b89b9,2025-04-05,ERP_CORPORATIVO,TRANSACOES_FINANCEIRAS,7128,16d0d943fbbe10b9a3402cace37b1d18585eab373de606ce1b86446acfa173af
TR-07129,2025-03-19,2025-03-01,OP,1000036,DESPESA,3107.2373460367885,3107.2373460367885,BRL,Material de marketing solicitado por OP,15,BOLETO,CANCELADO,e6288577-83de-45f9-9cb7-fa62004b89b9,2025-04-05,ERP_CORPORATIVO,TRANSACOES_FINANCEIRAS,7129,5b126ab2f64f60de2ff383d2dcfebf629d6b5512e360ce16d35d51bca6801102
TR-07130,2025-03-20,2025-03-01,OP,1000036,RECEITA,2541.3327686167117,2541.3327686167117,BRL,Despesa de infraestrutura - OP,3,TED,PAGO,e6288577-83de-45f9-9cb7-fa62004b89b9,2025-04-05,ERP_CORPORATIVO,TRANSACOES_FINANCEIRAS,7130,c97300b4bba8752b65963e6f6d4604445e29dbdeae15b4fa9202b80d547cc37c
TR-07131,2025-03-10,2025-03-01,MKT,1000036,DESPESA,2802.500428062063,2802.500428062063,BRL,Manutenção preventiva de veículos - MKT,17,TED,PAGO,e6288577-83de-45f9-9cb7-fa62004b89b9,2025-04-05,ERP_CORPORATIVO,TRANSACOES_FINANCEIRAS,7131,2b3b480dac6ee30de57f399b46c9185d5aa187c96353557e725ba732b49c0fdd
TR-07132,2025-03-17,2025-03-01,PRD,1000036,DESPESA,1594.9585015526795,1594.9585015526795,BRL,Compra de insumos para setor PRD,2,BOLETO,PAGO,e6288577-83de-45f9-9cb7-fa62004b89b9,2025-04-05,ERP_CORPORATIVO,TRANSACOES_FINANCEIRAS,7132,92cbd2e6397c0bc30eb5dfb0451d5b4e4ee532e1d858eff6f6c880cfa70a3559
TR-07133,2025-03-14,2025-03-01,VND,1000036,DESPESA,3345.840336869111,3345.840336869111,BRL,Custo operacional associado a VND,8,BOLETO,PAGO,e6288577-83de-45f9-9cb7-fa62004b89b9,2025-04-05,ERP_CORPORATIVO,TRANSACOES_FINANCEIRAS,7133,f576ee8ee5019c043675f445f1352d37161cd2bf77d654565a1128a7bd304330
TR-07490,2025-03-21,2025-03-01,FIN,FORN-00039,RECEITA,576.6218801015754,576.6218801015754,BRL,Contrato de serviço - setor FIN,1,TED,ATRASADO,e6288577-83de-45f9-9cb7-fa62004b89b9,2025-04-05,ERP_CORPORATIVO,TRANSACOES_FINANCEIRAS,7490,c4052339c2683d3fd3e4f42ad3488271673f357be103dc5ccf9efec1675f821d
TR-07491,2025-03-10,2025-03-01,PRD,FORN-00039,RECEITA,2404.4102821357924,2404.4102821357924,BRL,Custo operacional associado a PRD,8,CARTAO,PAGO,e6288577-83de-45f9-9cb7-fa62004b89b9,2025-04-05,ERP_CORPORATIVO,TRANSACOES_FINANCEIRAS,7491,36fea7a4aa8554e808a1dd3eacd46aec1eeb3013b176b951b86eb534b8e94083
TR-07492,2025-03-03,2025-03-01,OP,FORN-00039,DESPESA,2201.6587556821414,2201.6587556821414,BRL,Juros sobre operação financeira - OP,23,PIX,PAGO,e6288577-83de-45f9-9cb7-fa62004b89b9,2025-04-05,ERP_CORPORATIVO,TRANSACOES_FINANCEIRAS,7492,bf34d43a5bfe2d1ef428e0d6206e03344bb85eb7686d099ed8d8ffe3bd700a42
TR-07493,2025-03-07,2025-03-01,ATD,FORN-00039,RECEITA,1988.1797526231235,1988.1797526231235,BRL,Receita de comissão comercial - ATD,33,TED,PAGO,e6288577-83de-45f9-9cb7-fa62004b89b9,2025-04-05,ERP_CORPORATIVO,TRANSACOES_FINANCEIRAS,7493,7fd69f6189c5ec51e1ef9c94ef1996fae4eb66d7f842197e5b65d8bfd45cb9bb
TR-07494,2025-03-10,2025-03-01,JUR,FORN-00039,DESPESA,2095.636040255306,2044.7128370794653,BRL,Estorno de receita - JUR,39,BOLETO,PAGO,e6288577-83de-45f9-9cb7-fa62004b89b9,2025-04-05,ERP_CORPORATIVO,TRANSACOES_FINANCEIRAS,7494,a839c4696f178d54179225f513382f703d19a7491d3cea548aa6c2eb68821f99
TR-07495,2025-03-17,2025-03-01,ATD,FORN-00039,DESPESA,2156.670692808766,2156.670692808766,BRL,Contrato de serviço - setor ATD,1,BOLETO,PAGO,e6288577-83de-45f9-9cb7-fa62004b89b9,2025-04-05,ERP_CORPORATIVO,TRANSACOES_FINANCEIRAS,7495,e0be9f39ed7b7b7e5955b9ac8c3d937ed74ac535aacc35cee7b304b31f9394dc
TR-07496,2025-03-12,2025-03-01,CPT,FORN-00039,RECEITA,1903.3592010209488,1864.6250909275866,BRL,Custo operacional associado a CPT,8,PIX,PAGO,e6288577-83de-45f9-9cb7-fa62004b89b9,2025-04-05,ERP_CORPORATIVO,TRANSACOES_FINANCEIRAS,7496,adb29c80c74d1fd39c02ec53d1fe8854ee1cdef3cc53d0e46e76adfacab214b8
TR-07497,2025-03-07,2025-03-01,COM,FORN-00039,DESPESA,2336.810237738153,2336.810237738153,BRL,Investimento em marketing corporativo (COM),4,CARTAO,PAGO,e6288577-83de-45f9-9cb7-fa62004b89b9,2025-04-05,ERP_CORPORATIVO,TRANSACOES_FINANCEIRAS,7497,191a2d8921ca8ccb0ba2374e729bd6c801ddc50d25dc0b3e8f58c2f62e7b0f59
TR-07498,2025-03-13,2025-03-01,JUR,FORN-00039,DESPESA,2406.6750239824883,2406.6750239824883,BRL,Serviço técnico especializado para JUR,11,PIX,PAGO,e6288577-83de-45f9-9cb7-fa62004b89b9,2025-04-05,ERP_CORPORATIVO,TRANSACOES_FINANCEIRAS,7498,a104dcd1049d1d5561a22ad83635bfd19b5df3e4538c32b1ea66745bac0a39f3
TR-07499,2025-03-17,2025-03-01,COM,FORN-00039,DESPESA,2210.9901154926974,2210.9901154926974,BRL,Reparo de frota vinculado à área COM,17,BOLETO,PAGO,e6288577-83de-45f9-9cb7-fa62004b89b9,2025-04-05,ERP_CORPORATIVO,TRANSACOES_FINANCEIRAS,7499,52487dc9129f196c8819409b0de15add7a642fe0c3fa85b6a8007dc5b6312e4f
TR-07500,2025-03-12,2025-03-01,COM,FORN-00039,RECEITA,2400.68445245355,2400.68445245355,BRL,Serviço especializado solicitado por COM,1,BOLETO,PAGO,e6288577-83de-45f9-9cb7-fa62004b89b9,2025-04-05,ERP_CORPORATIVO,TRANSACOES_FINANCEIRAS,7500,3ec6e01e800976b41a67fea0b0247dc0f87d0541994b916a15a322b712b78cb6
TR-07501,2025-03-17,2025-03-01,JUR,FORN-00039,DESPESA,1132.8653235750003,1132.8653235750003,BRL,Atendimento de TI requisitado por JUR,29,CARTAO,PAGO,e6288577-83de-45f9-9cb7-fa62004b89b9,2025-04-05,ERP_CORPORATIVO,TRANSACOES_FINANCEIRAS,7501,c1415d0bb46018f80d109ffa1fde0ed4a31e20918c2b504b1b1792f694150145
TR-07502,2025-03-24,2025-03-01,COMP,FORN-00039,DESPESA,1810.9647610517006,1810.9647610517006,BRL,Comissão recebida por COMP,33,TED,PAGO,e6288577-83de-45f9-9cb7-fa62004b89b9,2025-04-05,ERP_CORPORATIVO,TRANSACOES_FINANCEIRAS,7502,2f9b342125bd448de64ae575e2189cab57b59593e9ce8101e7c96adbe2ac1fa6
TR-07503,2025-03-13,2025-03-01,ATD,FORN-00039,DESPESA,4146.041068147579,4102.90503302436,BRL,Despesa jurídica da área ATD,24,TED,PAGO,e6288577-83de-45f9-9cb7-fa62004b89b9,2025-04-05,ERP_CORPORATIVO,TRANSACOES_FINANCEIRAS,7503,300072b9588a806d764dd4d665f31dfc371e6e54edddf8798ee3109485aa7919
TR-07504,2025-03-25,2025-03-01,COMP,FORN-00039,DESPESA,1910.542603355851,1910.542603355851,BRL,Serviço especializado solicitado por COMP,1,CARTAO,PAGO,e6288577-83de-45f9-9cb7-fa62004b89b9,2025-04-05,ERP_CORPORATIVO,TRANSACOES_FINANCEIRAS,7504,613a5bffd8dfcbe4f0bd2c57180c3db90cd043efb4285218268dfe4ea2f9f835
TR-07505,2025-03-24,2025-03-01,COMP,FORN-00039,RECEITA,2554.280968133485,2520.876295698625,BRL,Prestação de serviço para área COMP,1,TED,CANCELADO,e6288577-83de-45f9-9cb7-fa62004b89b9,2025-04-05,ERP_CORPORATIVO,TRANSACOES_FINANCEIRAS,7505,4c62edad20ae8c2028204a711befc32c7d099296a6a665c61bd86592f4bf8a6c
TR-07506,2025-03-03,2025-03-01,RH,FORN-00039,RECEITA,2239.6732080066004,2239.6732080066004,BRL,Abatimento comercial registrado em RH,38,BOLETO,PAGO,e6288577-83de-45f9-9cb7-fa62004b89b9,2025-04-05,ERP_CORPORATIVO,TRANSACOES_FINANCEIRAS,7506,f96112ad530c473d43dacbbccf82012ac68d930861ef9cac627a6a115cc555cd
TR-07507,2025-03-18,2025-03-01,OP,FORN-00039,RECEITA,2037.8381712753946,2037.8381712753946,BRL,Contrato de serviço - setor OP,1,BOLETO,PAGO,e6288577-83de-45f9-9cb7-fa62004b89b9,2025-04-05,ERP_CORPORATIVO,TRANSACOES_FINANCEIRAS,7507,d10c17d8b58a73a0c971bd35f3d6576c9bd923494465175bea72cad56dc503eb
TR-07508,2025-03-12,2025-03-01,OP,FORN-00039,DESPESA,2129.0232585506023,2029.974994674591,BRL,Aquisição de material operacional - OP,2,PIX,PAGO,e6288577-83de-45f9-9cb7-fa62004b89b9,2025-04-05,ERP_CORPORATIVO,TRANSACOES_FINANCEIRAS,7508,4137b9f2df47b74f110e93dc71053a211068013d2d129449e5da1bc7e7a7b453
TR-07509,2025-03-11,2025-03-01,CTB,FORN-00039,RECEITA,2497.5969023217854,2497.5969023217854,BRL,Tarifas de serviços financeiros - CTB,22,TED,PAGO,e6288577-83de-45f9-9cb7-fa62004b89b9,2025-04-05,ERP_CORPORATIVO,TRANSACOES_FINANCEIRAS,7509,34c461027175d8f669e1a39dfb40c3dd5653d4ca452a18fa2e6f300a56e7c0a6
TR-07510,2025-03-19,2025-03-01,VND,FORN-00039,DESPESA,2286.2833831487105,2225.9993947843554,BRL,Participação nos resultados vinculada a VND,34,PIX,ATRASADO,e6288577-83de-45f9-9cb7-fa62004b89b9,2025-04-05,ERP_CORPORATIVO,TRANSACOES_FINANCEIRAS,7510,edc82bf309fc22a32ca382b350905e38bceafdde8359d62aed453a2f54e274f2
TR-07511,2025-03-19,2025-03-01,JUR,FORN-00039,DESPESA,2315.419918667228,2315.419918667228,BRL,Evento corporativo organizado por JUR,14,TRANSFERENCIA,ATRASADO,e6288577-83de-45f9-9cb7-fa62004b89b9,2025-04-05,ERP_CORPORATIVO,TRANSACOES_FINANCEIRAS,7511,78ee099c6b25f264fb046e7ba53667d4ae4893d630afcc160e2d65c8ac24a41c
TR-07512,2025-03-18,2025-03-01,SEC,FORN-00039,DESPESA,2535.7944832340177,2477.590294461297,BRL,Assessoria contábil prestada a SEC,25,BOLETO,PAGO,e6288577-83de-45f9-9cb7-fa62004b89b9,2025-04-05,ERP_CORPORATIVO,TRANSACOES_FINANCEIRAS,7512,d66b4f0f0eeedc0b04fb09ac071d277e2aa761938db1e81f4a127a8155580321
TR-07776,2025-03-10,2025-03-01,ADM,ACC-00040,DESPESA,1782.0625413232247,1782.0625413232247,BRL,Imposto sobre venda apurado em ADM,40,BOLETO,ATRASADO,e6288577-83de-45f9-9cb7-fa62004b89b9,2025-04-05,ERP_CORPORATIVO,TRANSACOES_FINANCEIRAS,7776,6b22088fc1d3d030f2a4d696133045b3ca2ec4104601b8614def398965a73778
TR-07777,2025-03-24,2025-03-01,ADM,ACC-00040,RECEITA,2021.0038674188454,2021.0038674188454,BRL,Manutenção estrutural vinculada à área ADM,3,CARTAO,PAGO,e6288577-83de-45f9-9cb7-fa62004b89b9,2025-04-05,ERP_CORPORATIVO,TRANSACOES_FINANCEIRAS,7777,c4fce92a44ff892d1cd1bf464b96d941974a5af089e4d282c9d7e22f3ec38432
TR-07778,2025-03-25,2025-03-01,FIN,ACC-00040,RECEITA,2146.324160376492,2146.324160376492,BRL,Serviço especializado solicitado por FIN,1,PIX,PAGO,e6288577-83de-45f9-9cb7-fa62004b89b9,2025-04-05,ERP_CORPORATIVO,TRANSACOES_FINANCEIRAS,7778,44b49604319962b4f939976e11d7e672b74b8ce5bd02c009610c5aca14ff62fa
TR-07779,2025-03-24,2025-03-01,CTB,ACC-00040,DESPESA,7947.818173074314,7947.818173074314,BRL,Manutenção de equipamentos de CTB,28,TRANSFERENCIA,PAGO,e6288577-83de-45f9-9cb7-fa62004b89b9,2025-04-05,ERP_CORPORATIVO,TRANSACOES_FINANCEIRAS,7779,be3cc62daa2b6faec15b11be4f5e47d9c7646532b59951455d677a43310ac23c
TR-07780,2025-03-24,2025-03-01,ESG,ACC-00040,RECEITA,2115.2583850882907,2115.2583850882907,BRL,Promoção e atividade externa - ESG,14,TED,CANCELADO,e6288577-83de-45f9-9cb7-fa62004b89b9,2025-04-05,ERP_CORPORATIVO,TRANSACOES_FINANCEIRAS,7780,b5bba12340609ed84ee980b810c8e566dd0b6664926a2c4b9b9fbb135225cb97
TR-07781,2025-03-17,2025-03-01,COMP,ACC-00040,DESPESA,5654.755114530772,5621.889889908108,USD,Devolução de venda processada por COMP,39,TED,PAGO,e6288577-83de-45f9-9cb7-fa62004b89b9,2025-04-05,ERP_CORPORATIVO,TRANSACOES_FINANCEIRAS,7781,4f93b79d7e8f60ef369e5b3619a0c2246a89ce363412eb77fac400a2d98c3e3a
TR-07782,2025-03-24,2025-03-01,ATD,ACC-00040,DESPESA,2148.940664299374,2148.940664299374,BRL,Campanha institucional - ATD,4,CARTAO,PAGO,e6288577-83de-45f9-9cb7-fa62004b89b9,2025-04-05,ERP_CORPORATIVO,TRANSACOES_FINANCEIRAS,7782,28cd0e7955b0aa02983774c9d2c3f795bb45cf37ad4d08e8bc51da83edd9b24d
TR-07783,2025-03-17,2025-03-01,OP,ACC-00040,DESPESA,1806.517414474993,1806.517414474993,BRL,Capacitação profissional vinculada a OP,30,CARTAO,PAGO,e6288577-83de-45f9-9cb7-fa62004b89b9,2025-04-05,ERP_CORPORATIVO,TRANSACOES_FINANCEIRAS,7783,b8ef321adaac924bba3b69c6d744e00fbdbc19163bb62f81415b4a61cb979afb
TR-07784,2025-03-13,2025-03-01,FIN,ACC-00040,RECEITA,2315.623512036897,2315.623512036897,BRL,Contrato de serviço - setor FIN,1,BOLETO,PAGO,e6288577-83de-45f9-9cb7-fa62004b89b9,2025-04-05,ERP_CORPORATIVO,TRANSACOES_FINANCEIRAS,7784,86fdbe119376bd48dbd009986c6ad02446ed8e53161a0bcaa91fb1a70443e531
TR-07785,2025-03-10,2025-03-01,COM,ACC-00040,RECEITA,2305.994032099843,2273.381179146237,BRL,Honorários profissionais contratados por COM,11,PIX,ATRASADO,e6288577-83de-45f9-9cb7-fa62004b89b9,2025-04-05,ERP_CORPORATIVO,TRANSACOES_FINANCEIRAS,7785,01e155bb2aded68da79e4ec5d44dfaf09d12b5188decefde974ef45e6eeeb680
TR-07786,2025-03-20,2025-03-01,FIN,ACC-00040,DESPESA,2351.8900765020803,2292.0652043620084,BRL,Prestação de serviço para área FIN,1,TRANSFERENCIA,PAGO,e6288577-83de-45f9-9cb7-fa62004b89b9,2025-04-05,ERP_CORPORATIVO,TRANSACOES_FINANCEIRAS,7786,bbda92313cf1ca846b86dbc9ea6e7a324995fa760cf4273347bf574bae1c3366
TR-07787,2025-03-17,2025-03-01,COMP,ACC-00040,DESPESA,2785.296921218053,2785.296921218053,BRL,Serviço de tecnologia contratado por COMP,5,TED,PAGO,e6288577-83de-45f9-9cb7-fa62004b89b9,2025-04-05,ERP_CORPORATIVO,TRANSACOES_FINANCEIRAS,7787,95e2bb991ace4df1af4bfe21190bfcf70a8abfca3b31e730854fe82f28e8d390
TR-07788,2025-03-13,2025-03-01,SEC,ACC-00040,DESPESA,1903.9249461164484,1903.9249461164484,BRL,Reparo de frota vinculado à área SEC,17,PIX,ATRASADO,e6288577-83de-45f9-9cb7-fa62004b89b9,2025-04-05,ERP_CORPORATIVO,TRANSACOES_FINANCEIRAS,7788,97904d0a7a1138beb9220a225d2d3167db41594821209ea1a47ee6b7190c0d82
TR-07789,2025-03-03,2025-03-01,SEC,ACC-00040,RECEITA,1868.1843257132107,1868.1843257132107,BRL,Passagem aérea para colaborador de SEC,18,TED,PAGO,e6288577-83de-45f9-9cb7-fa62004b89b9,2025-04-05,ERP_CORPORATIVO,TRANSACOES_FINANCEIRAS,7789,bc77b0d945624058377aee690ad9f87ad87eb365c74ffac13ad2eae5756e418a
TR-07790,2025-03-18,2025-03-01,OP,ACC-00040,DESPESA,2326.4800293906083,2326.4800293906083,BRL,Imposto sobre venda apurado em OP,40,TED,PAGO,e6288577-83de-45f9-9cb7-fa62004b89b9,2025-04-05,ERP_CORPORATIVO,TRANSACOES_FINANCEIRAS,7790,56455d2e830e355a6300e9d3a0a9d551a64859da251d7554288539c294f7ce04
TR-08019,2025-03-20,2025-03-01,OP,1000040,DESPESA,4763.383474914747,4763.383474914747,BRL,Serviço de tecnologia contratado por OP,5,PIX,PAGO,e6288577-83de-45f9-9cb7-fa62004b89b9,2025-04-05,ERP_CORPORATIVO,TRANSACOES_FINANCEIRAS,8019,3c0e425239756be0b590a37489913a6603c59f449c03cea53bbc7f2c6db6861f
TR-08020,2025-03-10,2025-03-01,COM,1000040,DESPESA,4639.813244697372,4436.111358056374,BRL,Aquisição de material operacional - COM,2,BOLETO,ATRASADO,e6288577-83de-45f9-9cb7-fa62004b89b9,2025-04-05,ERP_CORPORATIVO,TRANSACOES_FINANCEIRAS,8020,f93591cb30c3c09e2ca1cad0cf56366728eeeec70ed98b25aaef35b65b709555
TR-08021,2025-03-03,2025-03-01,RH,1000040,DESPESA,4872.0933158963635,4872.0933158963635,BRL,Despesa de infraestrutura - RH,3,TED,PAGO,e6288577-83de-45f9-9cb7-fa62004b89b9,2025-04-05,ERP_CORPORATIVO,TRANSACOES_FINANCEIRAS,8021,40455c3913f59ed8715a0d7b8604dc0b18424b18d4163838f9418972509fdb4f
TR-08022,2025-03-19,2025-03-01,SEC,1000040,RECEITA,5634.59125193537,5634.59125193537,BRL,Assessoria legal vinculada à área SEC,7,TRANSFERENCIA,PAGO,e6288577-83de-45f9-9cb7-fa62004b89b9,2025-04-05,ERP_CORPORATIVO,TRANSACOES_FINANCEIRAS,8022,3b8663382f2bff61141a7f6f00f6d14c585af8a04e9742dbf1315d8e132689ef
TR-08023,2025-03-17,2025-03-01,VND,1000040,RECEITA,4635.034206322584,4635.034206322584,BRL,Contrato de serviço - setor VND,1,TED,ATRASADO,e6288577-83de-45f9-9cb7-fa62004b89b9,2025-04-05,ERP_CORPORATIVO,TRANSACOES_FINANCEIRAS,8023,12b7e3294c50f2ae9d10efd4c0cf1476b83fc9aa7dd724fc94b143c7afb923f8
TR-08024,2025-03-19,2025-03-01,OP,1000040,DESPESA,4932.686620299377,4932.686620299377,BRL,Serviço de tecnologia contratado por OP,5,TRANSFERENCIA,PAGO,e6288577-83de-45f9-9cb7-fa62004b89b9,2025-04-05,ERP_CORPORATIVO,TRANSACOES_FINANCEIRAS,8024,665cb33ae0dda2f91f24eef443457c5800e39e5d2d3a42228af3a945f4c4d613
TR-08025,2025-03-17,2025-03-01,TI,1000040,RECEITA,4513.527206837917,4513.527206837917,BRL,Promoção e atividade externa - TI,14,TED,PAGO,e6288577-83de-45f9-9cb7-fa62004b89b9,2025-04-05,ERP_CORPORATIVO,TRANSACOES_FINANCEIRAS,8025,e7d528adef23869c0d599c648cfb8a4ba3988826fbd85f4b01fc1ea90aeaadab
TR-08026,2025-03-10,2025-03-01,MKT,1000040,DESPESA,5104.55212559821,4871.671619975774,BRL,Contrato de serviço - setor MKT,1,TED,PAGO,e6288577-83de-45f9-9cb7-fa62004b89b9,2025-04-05,ERP_CORPORATIVO,TRANSACOES_FINANCEIRAS,8026,9c813b67110712b5cea3814eae86989c58759fe2062449be031ce59ad59c7994
TR-08027,2025-03-18,2025-03-01,COM,1000040,DESPESA,1136.2302926420452,1136.2302926420452,BRL,Compra de insumos para setor COM,2,TED,PAGO,e6288577-83de-45f9-9cb7-fa62004b89b9,2025-04-05,ERP_CORPORATIVO,TRANSACOES_FINANCEIRAS,8027,d44ffc6d656c3517716a04008e714599eabc85ee332fed3e78ce8b48535915d3
TR-08271,2025-03-13,2025-03-01,PRD,1000042,DESPESA,4295.429215891526,4295.429215891526,BRL,Comissão recebida por PRD,33,TED,CANCELADO,e6288577-83de-45f9-9cb7-fa62004b89b9,2025-04-05,ERP_CORPORATIVO,TRANSACOES_FINANCEIRAS,8271,6280df35abecc288d8883b5b39db4c655a6660ead6352945011f526ba92809cf
TR-08272,2025-03-20,2025-03-01,OP,1000042,RECEITA,3938.422640960839,3938.422640960839,BRL,Passagem aérea para colaborador de OP,18,PIX,ATRASADO,e6288577-83de-45f9-9cb7-fa62004b89b9,2025-04-05,ERP_CORPORATIVO,TRANSACOES_FINANCEIRAS,8272,8f3445e13fc73a9f38b17bc2c1618a88a66bcbc94439a0c92ee3d29abe58a1cd
TR-08273,2025-03-18,2025-03-01,FIN,1000042,DESPESA,3841.8179271274275,3841.8179271274275,BRL,Custo operacional associado a FIN,8,TRANSFERENCIA,PAGO,e6288577-83de-45f9-9cb7-fa62004b89b9,2025-04-05,ERP_CORPORATIVO,TRANSACOES_FINANCEIRAS,8273,eef87a42fb1c37d45e622e62c78cf7fda436cb9dd7e38f2937a048f687da3c51
TR-08274,2025-03-25,2025-03-01,QAS,1000042,DESPESA,5095.266543226166,5095.266543226166,BRL,Manutenção predial solicitada por QAS,10,BOLETO,PAGO,e6288577-83de-45f9-9cb7-fa62004b89b9,2025-04-05,ERP_CORPORATIVO,TRANSACOES_FINANCEIRAS,8274,9cbebcb8532d2dbdb9175eb601c767cb216e8f1e6f5aef8d90204f9b79bebbee
TR-08275,2025-03-14,2025-03-01,FIN,1000042,DESPESA,4947.283384897252,4947.283384897252,USD,Manutenção estrutural vinculada à área FIN,3,PIX,PAGO,e6288577-83de-45f9-9cb7-fa62004b89b9,2025-04-05,ERP_CORPORATIVO,TRANSACOES_FINANCEIRAS,8275,7b5e9a4634775252e90e0160dbfae83013b7e1f23ada8c77cbe9414dab56cd05
TR-08276,2025-03-17,2025-03-01,ADM,1000042,RECEITA,4285.592048367233,4104.369780395799,BRL,Locação de espaço comercial - ADM,31,PIX,ATRASADO,e6288577-83de-45f9-9cb7-fa62004b89b9,2025-04-05,ERP_CORPORATIVO,TRANSACOES_FINANCEIRAS,8276,1dbacb12228b0408819d057311f7bbe9c4d756dc38b06d20027509a2772aa955
TR-08570,2025-03-24,2025-03-01,CPT,FORN-00044,RECEITA,2229.9168964751016,2229.9168964751016,BRL,Prestação de serviço para área CPT,1,CARTAO,PAGO,e6288577-83de-45f9-9cb7-fa62004b89b9,2025-04-05,ERP_CORPORATIVO,TRANSACOES_FINANCEIRAS,8570,11543dcc0a25e7d383d4094b729892c6b8d870bbce5b8331dae3c2e35fa465b8
TR-08571,2025-03-28,2025-03-01,COMP,FORN-00044,DESPESA,2934.3714920209886,2934.3714920209886,USD,Tributo incidente sobre receita de COMP,40,BOLETO,PAGO,e6288577-83de-45f9-9cb7-fa62004b89b9,2025-04-05,ERP_CORPORATIVO,TRANSACOES_FINANCEIRAS,8571,46c8455e6989174310aad985ecf0382583759785df34f29300287be73e6afb77
TR-08572,2025-03-17,2025-03-01,OP,FORN-00044,DESPESA,2528.8369569100537,2528.8369569100537,BRL,Alimentação em viagem corporativa - OP,20,TRANSFERENCIA,PAGO,e6288577-83de-45f9-9cb7-fa62004b89b9,2025-04-05,ERP_CORPORATIVO,TRANSACOES_FINANCEIRAS,8572,d83448bb8d735c75f30fd8040c15bcbc7cea68557ae8147c4f26014fd4f23b57
TR-08573,2025-03-05,2025-03-01,QAS,FORN-00044,RECEITA,2790.0354894749776,2652.623260085946,BRL,Serviço especializado solicitado por QAS,1,PIX,ATRASADO,e6288577-83de-45f9-9cb7-fa62004b89b9,2025-04-05,ERP_CORPORATIVO,TRANSACOES_FINANCEIRAS,8573,6ac9c3d525a431ad652811a9fc20095f2c84f72cb13b0e732cc048894781eb4e
TR-08574,2025-03-27,2025-03-01,TI,FORN-00044,DESPESA,2801.775477739734,2761.4940302886916,BRL,Abastecimento de veículos - TI,16,BOLETO,PAGO,e6288577-83de-45f9-9cb7-fa62004b89b9,2025-04-05,ERP_CORPORATIVO,TRANSACOES_FINANCEIRAS,8574,b43c2beeeae4399f7d5b1510a8c0f029336d479d9f5df4b7f5fa8eaf34591297
TR-08575,2025-03-14,2025-03-01,JUR,FORN-00044,RECEITA,2338.014821977913,2255.7885925494834,BRL,Despesa operacional - JUR,8,PIX,ATRASADO,e6288577-83de-45f9-9cb7-fa62004b89b9,2025-04-05,ERP_CORPORATIVO,TRANSACOES_FINANCEIRAS,8575,fa029939c6e7503c6e2a12c8a9d459d1a552f91a9d76830ba8533ee38d7ffd12
TR-08576,2025-03-14,2025-03-01,COMP,FORN-00044,RECEITA,2969.1800063194537,2969.1800063194537,BRL,Locação de espaço comercial - COMP,31,TED,PAGO,e6288577-83de-45f9-9cb7-fa62004b89b9,2025-04-05,ERP_CORPORATIVO,TRANSACOES_FINANCEIRAS,8576,ad841da1580ccfbb55ae9e0667c91b68c435f839f1d08f1e2a4b15b551f34e78
TR-08577,2025-03-14,2025-03-01,COM,FORN-00044,RECEITA,2795.230495345956,2766.4432562947113,BRL,Assessoria legal vinculada à área COM,7,PIX,ATRASADO,e6288577-83de-45f9-9cb7-fa62004b89b9,2025-04-05,ERP_CORPORATIVO,TRANSACOES_FINANCEIRAS,8577,81c030b92a5a76c44d9d39d4bdba631a57d13f72950d18f42f8187d0ab00b85d
TR-08578,2025-03-12,2025-03-01,RH,FORN-00044,DESPESA,2718.9300216467823,2718.9300216467823,BRL,Serviço especializado solicitado por RH,1,TED,PAGO,e6288577-83de-45f9-9cb7-fa62004b89b9,2025-04-05,ERP_CORPORATIVO,TRANSACOES_FINANCEIRAS,8578,977275be898ad44a787d46e37a0a3949c7651405916eb42e0eaff57bc683c243
TR-08579,2025-03-06,2025-03-01,LOG,FORN-00044,DESPESA,2792.848766770914,2792.848766770914,BRL,Serviço relacionado a recursos humanos (LOG),6,TED,ATRASADO,e6288577-83de-45f9-9cb7-fa62004b89b9,2025-04-05,ERP_CORPORATIVO,TRANSACOES_FINANCEIRAS,8579,22972beed6cc89ffc28d81bdb040156de444cb2f2b01fffc85f771db7a586199
TR-08580,2025-03-21,2025-03-01,SEC,FORN-00044,DESPESA,2721.1850791070988,2721.1850791070988,BRL,Suporte técnico para sistemas de SEC,29,BOLETO,PAGO,e6288577-83de-45f9-9cb7-fa62004b89b9,2025-04-05,ERP_CORPORATIVO,TRANSACOES_FINANCEIRAS,8580,7440cbcaaf32f2fc0bb03bb605dd5812363ea203d596882fc264e7c0e7a26d60
TR-08581,2025-03-11,2025-03-01,OP,FORN-00044,DESPESA,2921.2517831099262,2803.7897190917943,BRL,Juros sobre operação financeira - OP,23,TED,PAGO,e6288577-83de-45f9-9cb7-fa62004b89b9,2025-04-05,ERP_CORPORATIVO,TRANSACOES_FINANCEIRAS,8581,b3b63a783628236277af7945aa0592a3a1cd95ef908ac176a9c9829e5c5ecfc5
TR-08582,2025-03-14,2025-03-01,PES,FORN-00044,DESPESA,2563.5732962803663,2563.5732962803663,USD,Serviço especializado solicitado por PES,1,BOLETO,PAGO,e6288577-83de-45f9-9cb7-fa62004b89b9,2025-04-05,ERP_CORPORATIVO,TRANSACOES_FINANCEIRAS,8582,3ab39d8915e66018a9a0837f1e8d6b3daea85824e86fcc09291cb2a4c166dd9b
TR-08870,2025-03-05,2025-03-01,COMP,FORN-00045,RECEITA,1805.6463867259247,1805.6463867259247,EUR,Aquisição de material operacional - COMP,2,BOLETO,ATRASADO,e6288577-83de-45f9-9cb7-fa62004b89b9,2025-04-05,ERP_CORPORATIVO,TRANSACOES_FINANCEIRAS,8870,cda3d2271e89fb6f31cc4b3b55112b261709aeda1b9d676e326495ecdfbd423e
TR-08871,2025-03-31,2025-03-01,COM,FORN-00045,RECEITA,1630.071867776872,1585.363790666996,BRL,Prestação de serviço para área COM,1,PIX,PAGO,e6288577-83de-45f9-9cb7-fa62004b89b9,2025-04-05,ERP_CORPORATIVO,TRANSACOES_FINANCEIRAS,8871,ea3351abc3b423af74efbf7aa7d238372381b5aadd21bef2b5f8d74198f5528c
TR-08872,2025-03-18,2025-03-01,JUR,FORN-00045,RECEITA,1746.9573515872555,1746.9573515872555,BRL,Licenciamento de software - JUR,5,CARTAO,PAGO,e6288577-83de-45f9-9cb7-fa62004b89b9,2025-04-05,ERP_CORPORATIVO,TRANSACOES_FINANCEIRAS,8872,0c94bdaeced6d6aca431ac4fe03310da1a2445ca07886215a421c80e0026e52c
TR-08873,2025-03-05,2025-03-01,LOG,FORN-00045,DESPESA,1930.380351616255,1930.380351616255,BRL,Reparo e conservação de instalações - LOG,10,TED,ATRASADO,e6288577-83de-45f9-9cb7-fa62004b89b9,2025-04-05,ERP_CORPORATIVO,TRANSACOES_FINANCEIRAS,8873,801f1b16940651219dc33d831db5e0bd2d7d7f6037ebb9b8c1a71dbc57626fb6
TR-08874,2025-03-19,2025-03-01,LOG,FORN-00045,DESPESA,1427.7633318085577,1427.7633318085577,BRL,Despesa operacional - LOG,8,BOLETO,PAGO,e6288577-83de-45f9-9cb7-fa62004b89b9,2025-04-05,ERP_CORPORATIVO,TRANSACOES_FINANCEIRAS,8874,0c5c4e3f6d0ed4cda3e15061c34e4662188fbf911d2406db3516085f3c97de01
TR-08875,2025-03-17,2025-03-01,COMP,FORN-00045,RECEITA,1391.8056320706366,1391.8056320706366,BRL,Royalties recebidos por COMP,32,TRANSFERENCIA,PAGO,e6288577-83de-45f9-9cb7-fa62004b89b9,2025-04-05,ERP_CORPORATIVO,TRANSACOES_FINANCEIRAS,8875,12b4f94181813edf5a69446ef8d380b24248e9b8a1489d7bbad251d2684c4b5e
TR-08876,2025-03-18,2025-03-01,OP,FORN-00045,DESPESA,1748.9128241160524,1724.9464301784237,BRL,Abastecimento de veículos - OP,16,TRANSFERENCIA,PAGO,e6288577-83de-45f9-9cb7-fa62004b89b9,2025-04-05,ERP_CORPORATIVO,TRANSACOES_FINANCEIRAS,8876,b3618db259f7dab94910291c8b9850df3d98e241a75afafbc62bc21c538eba78
TR-08877,2025-03-21,2025-03-01,ADM,FORN-00045,DESPESA,1348.4963363385305,1348.4963363385305,BRL,Licenciamento de software - ADM,5,PIX,PAGO,e6288577-83de-45f9-9cb7-fa62004b89b9,2025-04-05,ERP_CORPORATIVO,TRANSACOES_FINANCEIRAS,8877,3ddfc9fba17114c8649d548a8052840ebc9ff4bf3bdfb87177c95c43c91985a4
TR-08878,2025-03-19,2025-03-01,COM,FORN-00045,DESPESA,1587.9598884141283,1587.9598884141283,BRL,Viagem corporativa - COM,18,TED,PAGO,e6288577-83de-45f9-9cb7-fa62004b89b9,2025-04-05,ERP_CORPORATIVO,TRANSACOES_FINANCEIRAS,8878,62da7d37126bfe366c6fe06c94981fedcf49fac96c9e752a9917021aa1fcc941
TR-08879,2025-03-10,2025-03-01,VND,FORN-00045,DESPESA,1560.9712269818876,1560.9712269818876,BRL,Contrato de serviço - setor VND,1,TED,PAGO,e6288577-83de-45f9-9cb7-fa62004b89b9,2025-04-05,ERP_CORPORATIVO,TRANSACOES_FINANCEIRAS,8879,85bd1e6a2320c578ef820b88f5321b54a3795ac6db97ea3c9e2cb72f31e0da4a
TR-08880,2025-03-11,2025-03-01,PRD,FORN-00045,DESPESA,1713.303063488293,1713.303063488293,BRL,Apólice de seguro - PRD,21,PIX,ATRASADO,e6288577-83de-45f9-9cb7-fa62004b89b9,2025-04-05,ERP_CORPORATIVO,TRANSACOES_FINANCEIRAS,8880,2f288f3087062f8f448aecf295a52987ce4d6b36c736ffc79cf58a1a25373607
TR-08881,2025-03-10,2025-03-01,CPT,FORN-00045,RECEITA,1546.2413619042125,1546.2413619042125,BRL,Contrato de serviço - setor CPT,1,BOLETO,PAGO,e6288577-83de-45f9-9cb7-fa62004b89b9,2025-04-05,ERP_CORPORATIVO,TRANSACOES_FINANCEIRAS,8881,68ae25a50acdbb06055a710e51b29c72e45499354f6af0eb9b6797c2e5f70383
TR-08882,2025-03-19,2025-03-01,FIN,FORN-00045,DESPESA,1736.0883534317345,1736.0883534317345,BRL,Manutenção predial solicitada por FIN,10,TED,PAGO,e6288577-83de-45f9-9cb7-fa62004b89b9,2025-04-05,ERP_CORPORATIVO,TRANSACOES_FINANCEIRAS,8882,16916e7add167b39bb62e7e061ab3056be1a59b3ef83ffdd2aa7c60dbefd10b8
TR-08883,2025-03-13,2025-03-01,ADM,FORN-00045,DESPESA,1485.4815159237335,1422.3645369483168,BRL,Consultoria estratégica para área ADM,12,TRANSFERENCIA,PAGO,e6288577-83de-45f9-9cb7-fa62004b89b9,2025-04-05,ERP_CORPORATIVO,TRANSACOES_FINANCEIRAS,8883,e0f3ff80abd19726318e7377cc97ba90c9d2bd5eca21822087a4b4953ed3ab27
TR-09082,2025-03-17,2025-03-01,ADM,FORN-00046,DESPESA,4777.048301524681,4777.048301524681,BRL,Licenciamento de software - ADM,5,TRANSFERENCIA,PAGO,e6288577-83de-45f9-9cb7-fa62004b89b9,2025-04-05,ERP_CORPORATIVO,TRANSACOES_FINANCEIRAS,9082,753a0e5f43ae787ccb8808c3d5e1cb651db837fb8c7c42606593dc9b8bf25bf1
TR-09083,2025-03-24,2025-03-01,OP,FORN-00046,RECEITA,4575.353253793309,4575.353253793309,BRL,Serviço relacionado a recursos humanos (OP),6,BOLETO,PAGO,e6288577-83de-45f9-9cb7-fa62004b89b9,2025-04-05,ERP_CORPORATIVO,TRANSACOES_FINANCEIRAS,9083,acf395b6b2fc3c3c6be0fe3c83ae8b402b226c4c002cace70beb78e7a38566bd
TR-09084,2025-03-12,2025-03-01,RH,FORN-00046,DESPESA,4925.152369961814,4925.152369961814,BRL,Licença de software para área RH,27,TRANSFERENCIA,PAGO,e6288577-83de-45f9-9cb7-fa62004b89b9,2025-04-05,ERP_CORPORATIVO,TRANSACOES_FINANCEIRAS,9084,7792e1235613cf6fb989ac2c8562d565ba0330572317a6e225b6dd19425caed4
TR-09085,2025-03-17,2025-03-01,CPT,FORN-00046,DESPESA,4797.541643529176,4797.541643529176,BRL,Serviço de tecnologia contratado por CPT,5,TED,PAGO,e6288577-83de-45f9-9cb7-fa62004b89b9,2025-04-05,ERP_CORPORATIVO,TRANSACOES_FINANCEIRAS,9085,8a663f3fc761e58fd608ab8d5db8d90ea637f8fbc9d53c29d720367aa90d7e54
TR-09086,2025-03-04,2025-03-01,ATD,FORN-00046,RECEITA,5096.719418987154,5096.719418987154,BRL,Prestação de serviço para área ATD,1,PIX,PAGO,e6288577-83de-45f9-9cb7-fa62004b89b9,2025-04-05,ERP_CORPORATIVO,TRANSACOES_FINANCEIRAS,9086,eabd45d6821679cc0cf551ded78a68021ef1c239c7bab01d8781d6d0320a528f
TR-09087,2025-03-31,2025-03-01,ESG,FORN-00046,RECEITA,4479.8986146289835,4479.8986146289835,BRL,Passagem aérea para colaborador de ESG,18,TRANSFERENCIA,ATRASADO,e6288577-83de-45f9-9cb7-fa62004b89b9,2025-04-05,ERP_CORPORATIVO,TRANSACOES_FINANCEIRAS,9087,0eb6db4cf85053dd3dabacc6f214f19d5b0e9ecb346a5ea3b7f8d6a861e2b834
TR-09088,2025-03-10,2025-03-01,ADM,FORN-00046,DESPESA,11802.965070492837,11802.965070492837,BRL,Honorários jurídicos - ADM,7,TRANSFERENCIA,PAGO,e6288577-83de-45f9-9cb7-fa62004b89b9,2025-04-05,ERP_CORPORATIVO,TRANSACOES_FINANCEIRAS,9088,333b82838e20107acb884fd33d5a103d3d8f967707f975204b628a695d643938
TR-09089,2025-03-10,2025-03-01,PES,FORN-00046,DESPESA,5259.004395207892,5259.004395207892,BRL,Assessoria legal vinculada à área PES,7,PIX,PAGO,e6288577-83de-45f9-9cb7-fa62004b89b9,2025-04-05,ERP_CORPORATIVO,TRANSACOES_FINANCEIRAS,9089,caee093b20984b0f22aa2fee0b5ab7d37f298eccac912491a1c053e9f87aac1a
TR-09090,2025-03-10,2025-03-01,FIN,FORN-00046,RECEITA,4720.987702046851,4720.987702046851,BRL,Receita extraordinária - FIN,37,TED,ATRASADO,e6288577-83de-45f9-9cb7-fa62004b89b9,2025-04-05,ERP_CORPORATIVO,TRANSACOES_FINANCEIRAS,9090,c64f6589a23620c83e49f61f415f0892e775fb191d89b983080f04e2f3bdd81c
TR-09091,2025-03-04,2025-03-01,OP,FORN-00046,DESPESA,9656.325464222053,9656.325464222053,BRL,Custo operacional associado a OP,8,TED,PAGO,e6288577-83de-45f9-9cb7-fa62004b89b9,2025-04-05,ERP_CORPORATIVO,TRANSACOES_FINANCEIRAS,9091,42bcefa22c073bd85841a38592c2ca91096dcdf3d75a45ea95271e217b3c3233
TR-09092,2025-03-20,2025-03-01,SEC,FORN-00046,DESPESA,5497.546764524433,5316.910691661719,BRL,Direitos de propriedade intelectual - SEC,32,BOLETO,PAGO,e6288577-83de-45f9-9cb7-fa62004b89b9,2025-04-05,ERP_CORPORATIVO,TRANSACOES_FINANCEIRAS,9092,64dd8efada31f5a02c184cf92f04137d4113d5f6cd163ad8d778f86baf11ec34
TR-09093,2025-03-14,2025-03-01,OP,FORN-00046,RECEITA,4475.555559178212,4475.555559178212,BRL,Compra de insumos para setor OP,2,BOLETO,PAGO,e6288577-83de-45f9-9cb7-fa62004b89b9,2025-04-05,ERP_CORPORATIVO,TRANSACOES_FINANCEIRAS,9093,1716565dcd091fd6efb101b6403612213f3659033c96964932c622eed5932c8b
TR-09094,2025-03-14,2025-03-01,ATD,FORN-00046,RECEITA,4680.967719496148,4680.967719496148,BRL,Custo operacional associado a ATD,8,CARTAO,PAGO,e6288577-83de-45f9-9cb7-fa62004b89b9,2025-04-05,ERP_CORPORATIVO,TRANSACOES_FINANCEIRAS,9094,c4f15de7267fb256f90405db2363df18dec5631bc89060846de4935c31b85f95
TR-09095,2025-03-27,2025-03-01,FIN,FORN-00046,DESPESA,4416.301595263365,4416.301595263365,BRL,Aquisição de material operacional - FIN,2,PIX,PAGO,e6288577-83de-45f9-9cb7-fa62004b89b9,2025-04-05,ERP_CORPORATIVO,TRANSACOES_FINANCEIRAS,9095,6e373a25ca7477d19981a1cb06f462468de8a2bfa5ab882b1264b64d9db6c834
TR-09309,2025-03-10,2025-03-01,RH,1000047,DESPESA,1948.5424427764624,1948.5424427764624,BRL,Serviço relacionado a recursos humanos (RH),6,CARTAO,ATRASADO,e6288577-83de-45f9-9cb7-fa62004b89b9,2025-04-05,ERP_CORPORATIVO,TRANSACOES_FINANCEIRAS,9309,dbcf12fe6283775fc09cbea09714af1a6b2429a4fe4961754791bfe00c824615
TR-09310,2025-03-20,2025-03-01,ADM,1000047,RECEITA,1617.7683440880419,1617.7683440880419,BRL,Hospedagem em viagem a serviço de ADM,19,TED,PAGO,e6288577-83de-45f9-9cb7-fa62004b89b9,2025-04-05,ERP_CORPORATIVO,TRANSACOES_FINANCEIRAS,9310,b23a9cebbf9ef8311c2a81007dd7bc9b4edbad55aa8ecfc34f426fd0ee1074c1
TR-09311,2025-03-17,2025-03-01,FIN,1000047,DESPESA,1926.7940709845304,1926.7940709845304,BRL,Licença de software para área FIN,27,PIX,PAGO,e6288577-83de-45f9-9cb7-fa62004b89b9,2025-04-05,ERP_CORPORATIVO,TRANSACOES_FINANCEIRAS,9311,dc56cccd8fd1b702d2830d876810d5c3d25f2b5a789682ddeafbf90d8c66a967
TR-09312,2025-03-14,2025-03-01,RH,1000047,RECEITA,1734.2960843531562,1734.2960843531562,USD,Receita de comissão comercial - RH,33,CARTAO,PAGO,e6288577-83de-45f9-9cb7-fa62004b89b9,2025-04-05,ERP_CORPORATIVO,TRANSACOES_FINANCEIRAS,9312,0ab6c1f98c32272fc8bfaf903654d524d8168663071a2ee52d4543978957658d
TR-09313,2025-03-10,2025-03-01,CTB,1000047,DESPESA,1697.7328560377014,1697.7328560377014,BRL,Resultado de equivalência patrimonial - CTB,34,TRANSFERENCIA,PAGO,e6288577-83de-45f9-9cb7-fa62004b89b9,2025-04-05,ERP_CORPORATIVO,TRANSACOES_FINANCEIRAS,9313,df33954d33ffd60e00333e3db343c1c91a4f50f10993d9e0f728a24e648e3552
TR-09314,2025-03-19,2025-03-01,TI,1000047,DESPESA,1463.8325108832112,1420.2072319882363,BRL,Resultado de equivalência patrimonial - TI,34,TRANSFERENCIA,PAGO,e6288577-83de-45f9-9cb7-fa62004b89b9,2025-04-05,ERP_CORPORATIVO,TRANSACOES_FINANCEIRAS,9314,3b628721d1bfd2116a3edeb542276c7c32571d2e1ddef78208e369d7fba45334
TR-09315,2025-03-14,2025-03-01,PJT,1000047,DESPESA,1943.7394307088855,1943.7394307088855,BRL,Evento corporativo organizado por PJT,14,BOLETO,PAGO,e6288577-83de-45f9-9cb7-fa62004b89b9,2025-04-05,ERP_CORPORATIVO,TRANSACOES_FINANCEIRAS,9315,6ba8e9f46f53a82fd4183ce63f9245ad35fc4f2ffea33f15e90fdd6d6ab4e2b9
TR-09316,2025-03-11,2025-03-01,COM,1000047,RECEITA,1749.4031868417246,1749.4031868417246,BRL,Alienação de bem patrimonial - COM,35,PIX,PAGO,e6288577-83de-45f9-9cb7-fa62004b89b9,2025-04-05,ERP_CORPORATIVO,TRANSACOES_FINANCEIRAS,9316,5126397a0523a7ba9aff60a9321c3785c610fc75ab189dcdd38f4bfccc198698
TR-09317,2025-03-10,2025-03-01,RH,1000047,RECEITA,1473.5031943059585,1432.661342016024,BRL,Despesa de infraestrutura - RH,3,BOLETO,PAGO,e6288577-83de-45f9-9cb7-fa62004b89b9,2025-04-05,ERP_CORPORATIVO,TRANSACOES_FINANCEIRAS,9317,be5446ac7aba69eac49d511266f8ae0e47d84611a68551e31427fd365f852e7b
TR-09318,2025-03-17,2025-03-01,JUR,1000047,DESPESA,1796.4588482396252,1796.4588482396252,BRL,Encargos de empréstimo vinculados a JUR,23,TED,ATRASADO,e6288577-83de-45f9-9cb7-fa62004b89b9,2025-04-05,ERP_CORPORATIVO,TRANSACOES_FINANCEIRAS,9318,c86a1b311802cdfe67e379bf14f74a9d69d0c94b60131e4a8ccf36ece315be8a
TR-09319,2025-03-17,2025-03-01,LOG,1000047,DESPESA,1630.437557074261,1593.908916831144,BRL,Encargos de empréstimo vinculados a LOG,23,BOLETO,PAGO,e6288577-83de-45f9-9cb7-fa62004b89b9,2025-04-05,ERP_CORPORATIVO,TRANSACOES_FINANCEIRAS,9319,78ff9bb6481dbbb6f7a431752092a50fb3fa26fc83e446113aee370f78dd02bf
TR-09525,2025-03-12,2025-03-01,QAS,ACC-00049,DESPESA,8384.386354918079,8384.386354918079,BRL,Recebimento de subvenção - QAS,36,TED,PAGO,e6288577-83de-45f9-9cb7-fa62004b89b9,2025-04-05,ERP_CORPORATIVO,TRANSACOES_FINANCEIRAS,9525,3ffb573a109fc60f67e1f5a1b7d794713035bfb45f3c3cb6fa9b71802ee628cf
TR-09526,2025-03-07,2025-03-01,JUR,ACC-00049,RECEITA,6952.68057714372,6952.68057714372,USD,Prestação de serviço para área JUR,1,BOLETO,PAGO,e6288577-83de-45f9-9cb7-fa62004b89b9,2025-04-05,ERP_CORPORATIVO,TRANSACOES_FINANCEIRAS,9526,2444dc9f0af1c51bad1be89e42f8c631585c7641532832287a9e468554a1bbd4
TR-09527,2025-03-06,2025-03-01,CPT,ACC-00049,RECEITA,6957.373469999127,6957.373469999127,BRL,Serviço especializado solicitado por CPT,1,BOLETO,PAGO,e6288577-83de-45f9-9cb7-fa62004b89b9,2025-04-05,ERP_CORPORATIVO,TRANSACOES_FINANCEIRAS,9527,c8ac5ec73141570087fd192c1b16cfa4622a20aa36b51f1a358dea2ec3cbabdd
TR-09528,2025-03-13,2025-03-01,MKT,ACC-00049,DESPESA,5568.087891699183,5568.087891699183,BRL,Serviço especializado solicitado por MKT,1,TED,PAGO,e6288577-83de-45f9-9cb7-fa62004b89b9,2025-04-05,ERP_CORPORATIVO,TRANSACOES_FINANCEIRAS,9528,9c9fb99e5d064a6c62e15125fea2354bb29041097aedc77db21014c21f6678a8
TR-09529,2025-03-13,2025-03-01,SEC,ACC-00049,DESPESA,6326.532132084966,6326.532132084966,BRL,Reparo de frota vinculado à área SEC,17,BOLETO,PAGO,e6288577-83de-45f9-9cb7-fa62004b89b9,2025-04-05,ERP_CORPORATIVO,TRANSACOES_FINANCEIRAS,9529,9a785772858ddc8f2e6bc8e35c0d3ad3d7f9399fa605208163504ce66a70942d
TR-09716,2025-03-12,2025-03-01,ATD,ACC-00050,DESPESA,5209.11194152254,4962.557436856209,BRL,Serviço especializado solicitado por ATD,1,PIX,PAGO,e6288577-83de-45f9-9cb7-fa62004b89b9,2025-04-05,ERP_CORPORATIVO,TRANSACOES_FINANCEIRAS,9716,d9cdf7eeb65fa24d84398df162d7e44394ccd36476f70994fdeed44ea2a8d25e
TR-09717,2025-03-17,2025-03-01,COMP,ACC-00050,RECEITA,4980.276448777457,4980.276448777457,BRL,Prestação de serviço para área COMP,1,TRANSFERENCIA,PAGO,e6288577-83de-45f9-9cb7-fa62004b89b9,2025-04-05,ERP_CORPORATIVO,TRANSACOES_FINANCEIRAS,9717,d2fa305d5ec522670240023b8900f70153ad5c92ed723d89beabecdc59306af1
TR-09718,2025-03-19,2025-03-01,MKT,ACC-00050,DESPESA,5413.374319976535,5413.374319976535,BRL,Abastecimento de veículos - MKT,16,BOLETO,PAGO,e6288577-83de-45f9-9cb7-fa62004b89b9,2025-04-05,ERP_CORPORATIVO,TRANSACOES_FINANCEIRAS,9718,d329658323e783382851548b3b85bdebfa5736a9e5976e836b8483ac1e349ed0
TR-09719,2025-03-17,2025-03-01,CTB,ACC-00050,DESPESA,5116.818297870153,5116.818297870153,BRL,Compra de insumos para setor CTB,2,PIX,PAGO,e6288577-83de-45f9-9cb7-fa62004b89b9,2025-04-05,ERP_CORPORATIVO,TRANSACOES_FINANCEIRAS,9719,5e92e632271999bca34ef1bd03eed98d3cdf43acd1f8ea7790401abb34291cdf
TR-09720,2025-03-12,2025-03-01,PJT,ACC-00050,DESPESA,5601.832891632244,5601.832891632244,BRL,Comissão recebida por PJT,33,PIX,ATRASADO,e6288577-83de-45f9-9cb7-fa62004b89b9,2025-04-05,ERP_CORPORATIVO,TRANSACOES_FINANCEIRAS,9720,0f1d66ec3ecff4043afe09640b660bbe6680c3472b8b054170f313e2ac0f8505
TR-09721,2025-03-11,2025-03-01,ESG,ACC-00050,RECEITA,21423.59669678578,21423.59669678578,USD,Despesa jurídica da área ESG,24,TED,PAGO,e6288577-83de-45f9-9cb7-fa62004b89b9,2025-04-05,ERP_CORPORATIVO,TRANSACOES_FINANCEIRAS,9721,adee9a10c8dafbd5735581f2c06f45f794989ae6e9041a0c3102afeb199a3f14
TR-09722,2025-03-12,2025-03-01,JUR,ACC-00050,DESPESA,13896.904022508388,13896.904022508388,BRL,Serviço de tecnologia contratado por JUR,5,TED,CANCELADO,e6288577-83de-45f9-9cb7-fa62004b89b9,2025-04-05,ERP_CORPORATIVO,TRANSACOES_FINANCEIRAS,9722,6905e09de541d5f0fa01a3c607c85a631385ebf5c58c32d7250801c513fa4c9a
TR-09723,2025-03-05,2025-03-01,PRD,ACC-00050,DESPESA,5353.115381625074,5353.115381625074,BRL,Serviço relacionado a recursos humanos (PRD),6,TRANSFERENCIA,PAGO,e6288577-83de-45f9-9cb7-fa62004b89b9,2025-04-05,ERP_CORPORATIVO,TRANSACOES_FINANCEIRAS,9723,2135bc97e5d7c253e068878bd48608af2db8e04491111f2bc2e4a52851822b0e
TR-09724,2025-03-17,2025-03-01,OP,ACC-00050,DESPESA,6219.29678129216,6140.012268566742,BRL,Produção de material gráfico - OP,15,BOLETO,PAGO,e6288577-83de-45f9-9cb7-fa62004b89b9,2025-04-05,ERP_CORPORATIVO,TRANSACOES_FINANCEIRAS,9724,04519d8d02c7788eb92c39fb627578ec89a64cf21c7e86519654a20b2beba3bd
TR-09725,2025-03-19,2025-03-01,OP,ACC-00050,RECEITA,6011.289923824425,6011.289923824425,BRL,Combustível e lubrificantes para frota (OP),16,BOLETO,ATRASADO,e6288577-83de-45f9-9cb7-fa62004b89b9,2025-04-05,ERP_CORPORATIVO,TRANSACOES_FINANCEIRAS,9725,aaa382134bd36152c2abccce67099ca4dc5e7074e45e98b825f40ea8f323b819
TR-09726,2025-03-04,2025-03-01,CPT,ACC-00050,DESPESA,6050.178338936825,5925.301074021523,BRL,Devolução de venda processada por CPT,39,TRANSFERENCIA,PAGO,e6288577-83de-45f9-9cb7-fa62004b89b9,2025-04-05,ERP_CORPORATIVO,TRANSACOES_FINANCEIRAS,9726,7121347cb69324aff26073c9339dc3373d9d404f898bca0019a6250443d5c659
TR-09727,2025-03-27,2025-03-01,COMP,ACC-00050,RECEITA,4341.484157170929,4341.484157170929,BRL,Despesa operacional - COMP,8,TRANSFERENCIA,ATRASADO,e6288577-83de-45f9-9cb7-fa62004b89b9,2025-04-05,ERP_CORPORATIVO,TRANSACOES_FINANCEIRAS,9727,eb9d7b7735fd86c1676ef8d2ea0d5e9c8e54d83840f621d5a1acd8cba653e6f4
TR-09728,2025-03-20,2025-03-01,OP,ACC-00050,RECEITA,5341.232833433052,5079.058704905876,BRL,Custo operacional associado a OP,8,PIX,PAGO,e6288577-83de-45f9-9cb7-fa62004b89b9,2025-04-05,ERP_CORPORATIVO,TRANSACOES_FINANCEIRAS,9728,9884ae4e595c439a81c69c441823b4cd4cf2aa8ab90d10af6254269e449e05bb
TR-09807,2025-03-13,2025-03-01,COM,1000050,RECEITA,3246.673017699186,3246.673017699186,BRL,Serviço técnico especializado para COM,11,BOLETO,PAGO,e6288577-83de-45f9-9cb7-fa62004b89b9,2025-04-05,ERP_CORPORATIVO,TRANSACOES_FINANCEIRAS,9807,dff4a6a73f039de2dff2d610eb07c4d15d54c768b7ddf2b47ea0c2792fa8b126
TR-09808,2025-03-10,2025-03-01,MKT,1000050,DESPESA,2860.2833625743197,2860.2833625743197,BRL,Serviço especializado solicitado por MKT,1,PIX,PAGO,e6288577-83de-45f9-9cb7-fa62004b89b9,2025-04-05,ERP_CORPORATIVO,TRANSACOES_FINANCEIRAS,9808,b505be47e2f30de0724b32706059a035f2e0da37bcaa7a4f9f9ae9834df130aa
TR-09809,2025-03-21,2025-03-01,JUR,1000050,DESPESA,8783.364204818989,8783.364204818989,BRL,Campanha institucional - JUR,4,TRANSFERENCIA,PAGO,e6288577-83de-45f9-9cb7-fa62004b89b9,2025-04-05,ERP_CORPORATIVO,TRANSACOES_FINANCEIRAS,9809,d44e205c57fec6f6f8d0f3e9641715ceb25ea9c95c2aa9b9c7b478bcbad1a014
TR-09810,2025-03-10,2025-03-01,TI,1000050,DESPESA,3173.787476290951,3173.787476290951,BRL,Taxas bancárias incidentes em TI,22,TED,PAGO,e6288577-83de-45f9-9cb7-fa62004b89b9,2025-04-05,ERP_CORPORATIVO,TRANSACOES_FINANCEIRAS,9810,f52908f03fb2efecd959fc15e9b53b576a260f97a5cc9d8c65fd7e93f7050ed8
TR-09811,2025-03-18,2025-03-01,COMP,1000050,DESPESA,2976.5755332445756,2976.5755332445756,BRL,Manutenção estrutural vinculada à área COMP,3,PIX,ATRASADO,e6288577-83de-45f9-9cb7-fa62004b89b9,2025-04-05,ERP_CORPORATIVO,TRANSACOES_FINANCEIRAS,9811,08dfc3db8a0bd47ee311132709b57e70f9ff7ab2c36bfeaba23325165001c065
TR-09812,2025-03-31,2025-03-01,ATD,1000050,DESPESA,2939.1233109042873,2939.1233109042873,BRL,Abatimento comercial registrado em ATD,38,TED,PAGO,e6288577-83de-45f9-9cb7-fa62004b89b9,2025-04-05,ERP_CORPORATIVO,TRANSACOES_FINANCEIRAS,9812,10532f1adb6910c9e87dcbc9e410dee4608a97192f95c7f7441205d6804d9dd4
TR-09813,2025-03-13,2025-03-01,MKT,1000050,DESPESA,2586.6596180155366,2586.6596180155366,BRL,Serviço relacionado a recursos humanos (MKT),6,BOLETO,PAGO,e6288577-83de-45f9-9cb7-fa62004b89b9,2025-04-05,ERP_CORPORATIVO,TRANSACOES_FINANCEIRAS,9813,0d0c4d5132b1c6e880266d88cd3df3ac9ca5769ba02d5770c766e835f1e2c735
TR-09814,2025-03-14,2025-03-01,COMP,1000050,DESPESA,2724.0642422529336,2644.7354500042657,BRL,Manutenção predial solicitada por COMP,10,BOLETO,ATRASADO,e6288577-83de-45f9-9cb7-fa62004b89b9,2025-04-05,ERP_CORPORATIVO,TRANSACOES_FINANCEIRAS,9814,8496d0946a00b49775b6ea1d89b26601d6d9ec99b347e0929a3451b9d186ccce
TR-09815,2025-03-14,2025-03-01,CTB,1000050,DESPESA,3024.9181885946145,3024.9181885946145,BRL,Campanha institucional - CTB,4,PIX,CANCELADO,e6288577-83de-45f9-9cb7-fa62004b89b9,2025-04-05,ERP_CORPORATIVO,TRANSACOES_FINANCEIRAS,9815,1e528be6e2db4a3d125f4fa3be40f1a02b25963591c0d45fe4794c560e6a097b
TR-09816,2025-03-17,2025-03-01,CTB,1000050,DESPESA,2803.1612303643265,2676.1742425609946,BRL,Custo operacional associado a CTB,8,BOLETO,PAGO,e6288577-83de-45f9-9cb7-fa62004b89b9,2025-04-05,ERP_CORPORATIVO,TRANSACOES_FINANCEIRAS,9816,87c5ff2640ee81219a7b1550fe1023216f2c5a600cf3a1e8ccfdd9e20fce974a
TR-09817,2025-03-14,2025-03-01,COMP,1000050,RECEITA,3040.6898369157498,3040.6898369157498,BRL,Locação de espaço comercial - COMP,31,BOLETO,PAGO,e6288577-83de-45f9-9cb7-fa62004b89b9,2025-04-05,ERP_CORPORATIVO,TRANSACOES_FINANCEIRAS,9817,42fd76b8f6e537bfaa0990eeda15554f25e36089f884eb099bfd31c9334cffa5
TR-09818,2025-03-19,2025-03-01,COM,1000050,DESPESA,3216.134602887795,3216.134602887795,BRL,Estorno de receita - COM,39,TED,PAGO,e6288577-83de-45f9-9cb7-fa62004b89b9,2025-04-05,ERP_CORPORATIVO,TRANSACOES_FINANCEIRAS,9818,94687536c0ed6a48e0be3d0eee95b9b91e524b05f6a30b2dadde81bab4479aae
TR-10142,2025-03-13,2025-03-01,COM,1000052,RECEITA,2674.799515490012,2587.9475899815675,BRL,Despesa de refeição em deslocamento (COM),20,TRANSFERENCIA,ATRASADO,e6288577-83de-45f9-9cb7-fa62004b89b9,2025-04-05,ERP_CORPORATIVO,TRANSACOES_FINANCEIRAS,10142,ce64b52a82ac9413cbfef527c9e7f7be7ad41bb668963a74cca7396cebbf82b4
TR-10143,2025-03-12,2025-03-01,COMP,1000052,DESPESA,2819.7119015047647,2819.7119015047647,BRL,Imposto sobre venda apurado em COMP,40,CARTAO,ATRASADO,e6288577-83de-45f9-9cb7-fa62004b89b9,2025-04-05,ERP_CORPORATIVO,TRANSACOES_FINANCEIRAS,10143,46a8efee5a545d2baa13bcadaebbb57053caf7c6ade18ab775437b885777c298
TR-10144,2025-03-04,2025-03-01,PRD,1000052,DESPESA,2213.584313078215,2213.584313078215,BRL,Manutenção estrutural vinculada à área PRD,3,BOLETO,PAGO,e6288577-83de-45f9-9cb7-fa62004b89b9,2025-04-05,ERP_CORPORATIVO,TRANSACOES_FINANCEIRAS,10144,75f2ff93418af6606f453e4c614f66279c102cd7fc764b48300d05d7c6f23c5b
TR-10145,2025-03-11,2025-03-01,OP,1000052,DESPESA,2621.002109840591,2621.002109840591,EUR,Custo operacional associado a OP,8,BOLETO,PAGO,e6288577-83de-45f9-9cb7-fa62004b89b9,2025-04-05,ERP_CORPORATIVO,TRANSACOES_FINANCEIRAS,10145,43d0f9ed0a568525e4db3d52efa43f2ed9fc1b5dbadd22740a5763ad949990f7
TR-10146,2025-03-17,2025-03-01,PRD,1000052,RECEITA,2802.2095076732626,2802.2095076732626,BRL,Despesa operacional - PRD,8,TRANSFERENCIA,PAGO,e6288577-83de-45f9-9cb7-fa62004b89b9,2025-04-05,ERP_CORPORATIVO,TRANSACOES_FINANCEIRAS,10146,cadd82263ef375c0dc5174999a43baaa79a7ab59bda0831c12e888af34ed153a
TR-10147,2025-03-19,2025-03-01,JUR,1000052,RECEITA,2366.7997651383857,2366.7997651383857,BRL,Campanha institucional - JUR,4,CARTAO,PAGO,e6288577-83de-45f9-9cb7-fa62004b89b9,2025-04-05,ERP_CORPORATIVO,TRANSACOES_FINANCEIRAS,10147,0d3b08d0587e606bf90e10e64f79a406e2c1c1585800fa3ce1804ba32f8acc00
TR-10148,2025-03-10,2025-03-01,RH,1000052,RECEITA,2818.233194783227,2818.233194783227,BRL,Despesa operacional - RH,8,TRANSFERENCIA,ATRASADO,e6288577-83de-45f9-9cb7-fa62004b89b9,2025-04-05,ERP_CORPORATIVO,TRANSACOES_FINANCEIRAS,10148,9fb8d66dfdcf610c39a6caa0be73c1d80fc3d78808cdb20286b7d510e90d6ffc
TR-10149,2025-03-21,2025-03-01,SEC,1000052,DESPESA,2279.662819143582,2279.662819143582,BRL,Reparo de hardware solicitado por SEC,28,PIX,PAGO,e6288577-83de-45f9-9cb7-fa62004b89b9,2025-04-05,ERP_CORPORATIVO,TRANSACOES_FINANCEIRAS,10149,a38565a9e86c03b32c4434820526215d62612377c6f8269ae11571eadfa4863d
TR-10150,2025-03-24,2025-03-01,PJT,1000052,DESPESA,2468.446789301472,2391.9106291570547,BRL,Venda de ativo imobilizado por PJT,35,CARTAO,PAGO,e6288577-83de-45f9-9cb7-fa62004b89b9,2025-04-05,ERP_CORPORATIVO,TRANSACOES_FINANCEIRAS,10150,0cd81938cae3160034cd21339532f501ff15cae57227752e034a76d473091178
TR-10151,2025-03-11,2025-03-01,FIN,1000052,DESPESA,2062.491998371748,1970.8599291731302,BRL,Investimento em marketing corporativo (FIN),4,CARTAO,PAGO,e6288577-83de-45f9-9cb7-fa62004b89b9,2025-04-05,ERP_CORPORATIVO,TRANSACOES_FINANCEIRAS,10151,1a6a3b54119439cd1c179871a824087cfbb6ec1e4a383b4c08b4ed64d6c2cc74
TR-10152,2025-03-13,2025-03-01,COMP,1000052,RECEITA,2033.7721766524592,2033.7721766524592,BRL,Prestação de serviço para área COMP,1,BOLETO,CANCELADO,e6288577-83de-45f9-9cb7-fa62004b89b9,2025-04-05,ERP_CORPORATIVO,TRANSACOES_FINANCEIRAS,10152,d2822835be9c4ecb28909d529886a025569a36f3798b4d6aa08553b532d4d6c0
TR-10153,2025-03-26,2025-03-01,ATD,1000052,RECEITA,2098.621610722423,2098.621610722423,BRL,Campanha institucional - ATD,4,TRANSFERENCIA,PAGO,e6288577-83de-45f9-9cb7-fa62004b89b9,2025-04-05,ERP_CORPORATIVO,TRANSACOES_FINANCEIRAS,10153,9e3e864a93725438eeb512b4cfe6cf2952cfbf9df3e545715c0b9685388b054d
TR-10154,2025-03-17,2025-03-01,FIN,1000052,DESPESA,2824.9526583371066,2746.85672167598,BRL,Prestação de serviço para área FIN,1,TED,PAGO,e6288577-83de-45f9-9cb7-fa62004b89b9,2025-04-05,ERP_CORPORATIVO,TRANSACOES_FINANCEIRAS,10154,809b9e5fb61a072264dcc30626a3d4177e1aa6ce577e603a131c95e30d6c5524
TR-10155,2025-03-14,2025-03-01,QAS,1000052,DESPESA,2268.365089794556,2216.375312518767,BRL,Serviço especializado solicitado por QAS,1,TRANSFERENCIA,PAGO,e6288577-83de-45f9-9cb7-fa62004b89b9,2025-04-05,ERP_CORPORATIVO,TRANSACOES_FINANCEIRAS,10155,4877db5552bf56cb190ffd194d06eb3f6107ffac68a585aedda6bf3ae99a872b
TR-10500,2025-03-17,2025-03-01,LOG,FORN-00054,RECEITA,2172.3897896372523,2117.346988519664,BRL,Viagem corporativa - LOG,18,TED,PAGO,e6288577-83de-45f9-9cb7-fa62004b89b9,2025-04-05,ERP_CORPORATIVO,TRANSACOES_FINANCEIRAS,10500,921969f8752035ecc2f0eccd611e4e0f873ed79c134532befd50286cd073a8cf
TR-10501,2025-03-17,2025-03-01,RH,FORN-00054,DESPESA,2126.6047194174375,2082.785731489751,BRL,Reparo de frota vinculado à área RH,17,BOLETO,CANCELADO,e6288577-83de-45f9-9cb7-fa62004b89b9,2025-04-05,ERP_CORPORATIVO,TRANSACOES_FINANCEIRAS,10501,6a603d63d0d248584d6bc9beca9d102c52035893eb655f0bdfafb6c156284374
TR-10502,2025-03-25,2025-03-01,FIN,FORN-00054,DESPESA,2206.8157774708334,2206.8157774708334,USD,Serviço relacionado a recursos humanos (FIN),6,PIX,PAGO,e6288577-83de-45f9-9cb7-fa62004b89b9,2025-04-05,ERP_CORPORATIVO,TRANSACOES_FINANCEIRAS,10502,6b55020ba241d510938a548c325af66face6fbd3766870674dec3c0cf509a4c0
TR-10503,2025-03-06,2025-03-01,SEC,FORN-00054,DESPESA,1986.568696026486,1913.9500506222619,BRL,Compra de insumos para setor SEC,2,PIX,PAGO,e6288577-83de-45f9-9cb7-fa62004b89b9,2025-04-05,ERP_CORPORATIVO,TRANSACOES_FINANCEIRAS,10503,ada1893c446da5d267e9f1d3f5e84a7623741248a6aa6ae8adcb263d7428a329
TR-10504,2025-03-18,2025-03-01,PES,FORN-00054,DESPESA,3194.2813631607146,3194.2813631607146,BRL,Alimentação em viagem corporativa - PES,20,TRANSFERENCIA,PAGO,e6288577-83de-45f9-9cb7-fa62004b89b9,2025-04-05,ERP_CORPORATIVO,TRANSACOES_FINANCEIRAS,10504,0c2a693ecf038d8564988b4732add93bde2043ad3121c1d9c3ab9588e9e93105
TR-10505,2025-03-14,2025-03-01,COM,FORN-00054,DESPESA,2135.637926966757,2135.637926966757,BRL,Assessoria contábil prestada a COM,25,BOLETO,PAGO,e6288577-83de-45f9-9cb7-fa62004b89b9,2025-04-05,ERP_CORPORATIVO,TRANSACOES_FINANCEIRAS,10505,528dee45df1bbc2f280c7c8040d24c423259de70c1393029ab75eaba80577ab0
TR-10506,2025-03-24,2025-03-01,COMP,FORN-00054,RECEITA,2026.0667217386622,2026.0667217386622,BRL,Licenciamento de software - COMP,5,PIX,ATRASADO,e6288577-83de-45f9-9cb7-fa62004b89b9,2025-04-05,ERP_CORPORATIVO,TRANSACOES_FINANCEIRAS,10506,97f7727bd0557d4f509aa0e902a046936110ab4c76b492e1e9bfd5d4a919d33b
TR-10507,2025-03-14,2025-03-01,COMP,FORN-00054,RECEITA,2662.2285501816546,2572.926803442023,BRL,Despesa jurídica da área COMP,24,BOLETO,PAGO,e6288577-83de-45f9-9cb7-fa62004b89b9,2025-04-05,ERP_CORPORATIVO,TRANSACOES_FINANCEIRAS,10507,2337ea503c12fbdada8b1b965a6847333a835cc2b61296185a4f066391779dcb
TR-10508,2025-03-14,2025-03-01,COMP,FORN-00054,RECEITA,2130.74330097231,2130.74330097231,BRL,Devolução de venda processada por COMP,39,BOLETO,PAGO,e6288577-83de-45f9-9cb7-fa62004b89b9,2025-04-05,ERP_CORPORATIVO,TRANSACOES_FINANCEIRAS,10508,ae63bc1586623527d0d312b4ed7705b6efb2d1a6bd4da70ff4a3d2b98d02f9f6
TR-10509,2025-03-25,2025-03-01,OP,FORN-00054,DESPESA,2334.1842157286487,2334.1842157286487,USD,Evento corporativo organizado por OP,14,TED,PAGO,e6288577-83de-45f9-9cb7-fa62004b89b9,2025-04-05,ERP_CORPORATIVO,TRANSACOES_FINANCEIRAS,10509,8fef8f1896dd94e282354417fcc3137fd9448c3ff28297c17c7cfa9e60076a66
TR-10510,2025-03-21,2025-03-01,COMP,FORN-00054,DESPESA,2094.4080455555945,2094.4080455555945,BRL,Capacitação profissional vinculada a COMP,30,CARTAO,PAGO,e6288577-83de-45f9-9cb7-fa62004b89b9,2025-04-05,ERP_CORPORATIVO,TRANSACOES_FINANCEIRAS,10510,ad6cfb3b1de5178dbb4f2cd564569c13a0efefb0a866849d0f4189473c7f5f92
TR-10511,2025-03-10,2025-03-01,RH,FORN-00054,RECEITA,2665.2964427023817,2665.2964427023817,BRL,Estorno de receita - RH,39,BOLETO,PAGO,e6288577-83de-45f9-9cb7-fa62004b89b9,2025-04-05,ERP_CORPORATIVO,TRANSACOES_FINANCEIRAS,10511,51a09ec923d58f6f17cc91105c8916b019face7230ce172f83bbd579f9892531
TR-10512,2025-03-17,2025-03-01,RH,FORN-00054,DESPESA,2187.372779926366,2098.8289623586315,BRL,Atendimento de TI requisitado por RH,29,PIX,PAGO,e6288577-83de-45f9-9cb7-fa62004b89b9,2025-04-05,ERP_CORPORATIVO,TRANSACOES_FINANCEIRAS,10512,c9934baa3e1b880bb303247d81aa08529b3a4aa6a8618868f858184e734d1f25
TR-10513,2025-03-19,2025-03-01,JUR,FORN-00054,DESPESA,1969.3942128731321,1872.6472044296868,BRL,Suporte técnico para sistemas de JUR,29,TED,ATRASADO,e6288577-83de-45f9-9cb7-fa62004b89b9,2025-04-05,ERP_CORPORATIVO,TRANSACOES_FINANCEIRAS,10513,831e40acd060dcee03c73403cc690bc87cbc46e8d748cabcf96d213d15b80e5c
TR-10514,2025-03-10,2025-03-01,OP,FORN-00054,DESPESA,2384.8045137227014,2384.8045137227014,BRL,Promoção e atividade externa - OP,14,PIX,PAGO,e6288577-83de-45f9-9cb7-fa62004b89b9,2025-04-05,ERP_CORPORATIVO,TRANSACOES_FINANCEIRAS,10514,e2758b2a1d0d519f6c8c4b7f3f100ec37e5e240de940a74839600dc62af34b0f
TR-10515,2025-03-19,2025-03-01,QAS,FORN-00054,DESPESA,2288.8191627671163,2288.8191627671163,USD,Receita extraordinária - QAS,37,TED,CANCELADO,e6288577-83de-45f9-9cb7-fa62004b89b9,2025-04-05,ERP_CORPORATIVO,TRANSACOES_FINANCEIRAS,10515,878a804235518853775f4b774029b036948168c39c8925bf991f60da9aaaa9cf
TR-10516,2025-03-21,2025-03-01,SEC,FORN-00054,RECEITA,1009.6999923558099,1009.6999923558099,BRL,Devolução de venda processada por SEC,39,BOLETO,PAGO,e6288577-83de-45f9-9cb7-fa62004b89b9,2025-04-05,ERP_CORPORATIVO,TRANSACOES_FINANCEIRAS,10516,a8f2655cf82722e7df18a626b857b878c13f0fc82d3d441e8124feb81f91a7b0
TR-10517,2025-03-20,2025-03-01,ATD,FORN-00054,RECEITA,2196.093553948253,2196.093553948253,BRL,Treinamento corporativo para equipe ATD,30,BOLETO,PAGO,e6288577-83de-45f9-9cb7-fa62004b89b9,2025-04-05,ERP_CORPORATIVO,TRANSACOES_FINANCEIRAS,10517,feecd27bf9c76e6de9d99d8f2c47c3b64c40a0b99269bec1d7113647cffe2db8
TR-10699,2025-03-11,2025-03-01,ESG,ACC-00055,RECEITA,1699.6791024584033,1675.9410133593676,BRL,Seguro contratado pela área ESG,21,PIX,PAGO,e6288577-83de-45f9-9cb7-fa62004b89b9,2025-04-05,ERP_CORPORATIVO,TRANSACOES_FINANCEIRAS,10699,0dc6d9a4b6ffb1dcadc9887fd2ddbfd791484fecbf15f48646a49b782b8b03eb
TR-10700,2025-03-24,2025-03-01,COM,ACC-00055,RECEITA,1949.5239938439292,1903.7451332894736,BRL,Manutenção de equipamentos de COM,28,TRANSFERENCIA,PAGO,e6288577-83de-45f9-9cb7-fa62004b89b9,2025-04-05,ERP_CORPORATIVO,TRANSACOES_FINANCEIRAS,10700,c4c8ce37626a98b64f4d6c080a0c546b4b76e8e769e1814039384587a624ab5b
TR-10701,2025-03-24,2025-03-01,QAS,ACC-00055,DESPESA,558.8866896874209,558.8866896874209,USD,Contrato de serviço - setor QAS,1,CARTAO,PAGO,e6288577-83de-45f9-9cb7-fa62004b89b9,2025-04-05,ERP_CORPORATIVO,TRANSACOES_FINANCEIRAS,10701,8ba48898091a432e0d8a12ee1731f480ef96894017b68c51db9184d1f9f5bc0f
TR-10702,2025-03-24,2025-03-01,COMP,ACC-00055,RECEITA,1778.7278679700528,1730.4981472246093,EUR,Investimento em marketing corporativo (COMP),4,CARTAO,PAGO,e6288577-83de-45f9-9cb7-fa62004b89b9,2025-04-05,ERP_CORPORATIVO,TRANSACOES_FINANCEIRAS,10702,eecb592eff2adc0c25af59318cd421bbfb07fdd18db8bbf8b14111129faf33c4
TR-10703,2025-03-18,2025-03-01,COMP,ACC-00055,RECEITA,1632.0357034019273,1632.0357034019273,BRL,Despesa operacional - COMP,8,PIX,PAGO,e6288577-83de-45f9-9cb7-fa62004b89b9,2025-04-05,ERP_CORPORATIVO,TRANSACOES_FINANCEIRAS,10703,7577367b055eb2f7b2f00dd2d65cda969d60b78f7fc1c0ba7bfb4367e9f30bfb
TR-10704,2025-03-05,2025-03-01,CTB,ACC-00055,DESPESA,1671.3603373137134,1671.3603373137134,BRL,Manutenção predial solicitada por CTB,10,BOLETO,PAGO,e6288577-83de-45f9-9cb7-fa62004b89b9,2025-04-05,ERP_CORPORATIVO,TRANSACOES_FINANCEIRAS,10704,654c03a2ace84d55d1af020111f6fc3c30b1e9737ff343f2cd8afb63b8485bf1
TR-10705,2025-03-10,2025-03-01,OP,ACC-00055,DESPESA,1387.6130262326692,1387.6130262326692,BRL,Assessoria legal vinculada à área OP,7,TED,PAGO,e6288577-83de-45f9-9cb7-fa62004b89b9,2025-04-05,ERP_CORPORATIVO,TRANSACOES_FINANCEIRAS,10705,69320c82b27a1437dbbed1e10050dfcbe040703add121c0857007c8fa4be6552
TR-10706,2025-03-25,2025-03-01,RH,ACC-00055,RECEITA,1548.7352170821353,1489.9326236285608,BRL,Custo operacional associado a RH,8,TED,ATRASADO,e6288577-83de-45f9-9cb7-fa62004b89b9,2025-04-05,ERP_CORPORATIVO,TRANSACOES_FINANCEIRAS,10706,26a5f5c0a8da88e3bfc0567b266f07a499336adeb27a326b672874ede74ecb3e
TR-11035,2025-03-27,2025-03-01,CPT,ACC-00056,DESPESA,7732.762345609807,7583.1282895034155,BRL,Abastecimento de veículos - CPT,16,PIX,PAGO,e6288577-83de-45f9-9cb7-fa62004b89b9,2025-04-05,ERP_CORPORATIVO,TRANSACOES_FINANCEIRAS,11035,a73d1481dd24d2cb5a4d0f501b9183ca30213820739a82458e941b78790023d1
TR-11036,2025-03-17,2025-03-01,QAS,ACC-00056,RECEITA,7610.260085878742,7250.247332047972,BRL,Taxas bancárias incidentes em QAS,22,TED,PAGO,e6288577-83de-45f9-9cb7-fa62004b89b9,2025-04-05,ERP_CORPORATIVO,TRANSACOES_FINANCEIRAS,11036,f8de0c14117f5320d172e18fd27b658000acdd7a7743cf3cbf76dfd9391cae8c
TR-11037,2025-03-07,2025-03-01,ADM,ACC-00056,RECEITA,6899.66969346224,6899.66969346224,BRL,Prestação de serviço para área ADM,1,PIX,PAGO,e6288577-83de-45f9-9cb7-fa62004b89b9,2025-04-05,ERP_CORPORATIVO,TRANSACOES_FINANCEIRAS,11037,5f9faae33d4d562354778b5fa0e2015b6f025171e7d1b2cbbe7507ea0b9de0a8
TR-11038,2025-03-21,2025-03-01,LOG,ACC-00056,DESPESA,8123.651299858327,8123.651299858327,BRL,Passagem aérea para colaborador de LOG,18,TRANSFERENCIA,PAGO,e6288577-83de-45f9-9cb7-fa62004b89b9,2025-04-05,ERP_CORPORATIVO,TRANSACOES_FINANCEIRAS,11038,2393e2b4ceae741412080dfa4e487bb41378d83d53905869744f47bb24ca2c83
TR-11039,2025-03-24,2025-03-01,LOG,ACC-00056,RECEITA,6910.913080972987,6910.913080972987,BRL,Honorários profissionais contratados por LOG,11,PIX,PAGO,e6288577-83de-45f9-9cb7-fa62004b89b9,2025-04-05,ERP_CORPORATIVO,TRANSACOES_FINANCEIRAS,11039,6d5a8d3a9d8a977c87686964de74452766ba25ac4072a70f9ab8d468f556a01d
TR-11040,2025-03-25,2025-03-01,ADM,ACC-00056,DESPESA,8065.586677182499,8065.586677182499,BRL,Despesa operacional - ADM,8,PIX,PAGO,e6288577-83de-45f9-9cb7-fa62004b89b9,2025-04-05,ERP_CORPORATIVO,TRANSACOES_FINANCEIRAS,11040,9fd555fe823eee8e6b165c801e8a552c2ed843ea1cdb70404fca0df7e3775e31
TR-11041,2025-03-03,2025-03-01,COMP,ACC-00056,DESPESA,7039.705478309532,7039.705478309532,BRL,Prestação de serviço para área COMP,1,TRANSFERENCIA,PAGO,e6288577-83de-45f9-9cb7-fa62004b89b9,2025-04-05,ERP_CORPORATIVO,TRANSACOES_FINANCEIRAS,11041,5a60f316776e3cb003d46d06b3d6e47bbb1d01132d9f0afacf9d1c9e5890a139
TR-11042,2025-03-20,2025-03-01,JUR,ACC-00056,DESPESA,7766.15141110151,7766.15141110151,BRL,Aquisição de material operacional - JUR,2,BOLETO,PAGO,e6288577-83de-45f9-9cb7-fa62004b89b9,2025-04-05,ERP_CORPORATIVO,TRANSACOES_FINANCEIRAS,11042,5e3234d65c8db2e0fae496f25382fa7872b5007af615770c8d4c5a3b07c5b0f6
TR-11043,2025-03-20,2025-03-01,CTB,ACC-00056,DESPESA,8733.734240288395,8311.720836053997,BRL,Honorários profissionais contratados por CTB,11,TED,PAGO,e6288577-83de-45f9-9cb7-fa62004b89b9,2025-04-05,ERP_CORPORATIVO,TRANSACOES_FINANCEIRAS,11043,6f505fb68ff42f7bf6e62969a592b9e8558961bac0d8b9c6cdf31403492daac8
TR-11044,2025-03-10,2025-03-01,COM,ACC-00056,RECEITA,7821.599716644401,7821.599716644401,BRL,Consultoria estratégica para área COM,12,BOLETO,ATRASADO,e6288577-83de-45f9-9cb7-fa62004b89b9,2025-04-05,ERP_CORPORATIVO,TRANSACOES_FINANCEIRAS,11044,6b034b1da0c32216b3b0989fd7b531a52fcf53fe67fb0ff564e12f6875d85698
TR-11045,2025-03-17,2025-03-01,PES,ACC-00056,DESPESA,8435.650152451983,8435.650152451983,BRL,Viagem corporativa - PES,18,TED,PAGO,e6288577-83de-45f9-9cb7-fa62004b89b9,2025-04-05,ERP_CORPORATIVO,TRANSACOES_FINANCEIRAS,11045,d01c36ef9a159c1d918098eac643f62151b160ec027c6daa6b66cdcf82b2eabe
TR-11046,2025-03-14,2025-03-01,COMP,ACC-00056,RECEITA,7054.660223106421,7054.660223106421,BRL,Tributo incidente sobre receita de COMP,40,TRANSFERENCIA,PAGO,e6288577-83de-45f9-9cb7-fa62004b89b9,2025-04-05,ERP_CORPORATIVO,TRANSACOES_FINANCEIRAS,11046,2462d2d52985fb4b62c61ec2a8a9cf6fe7bebcf755e84dab6885fb2ffa3801df
TR-11047,2025-03-07,2025-03-01,COMP,ACC-00056,DESPESA,7392.366292733897,7392.366292733897,BRL,Taxas bancárias incidentes em COMP,22,PIX,PAGO,e6288577-83de-45f9-9cb7-fa62004b89b9,2025-04-05,ERP_CORPORATIVO,TRANSACOES_FINANCEIRAS,11047,d3dc5e77073fd6ab83bd0adb59e5b87fdf94487e73c44689eacd651dc19eba7a
TR-11048,2025-03-28,2025-03-01,LOG,ACC-00056,RECEITA,7066.536038660343,7066.536038660343,BRL,Contrato de conectividade para área LOG,9,CARTAO,PAGO,e6288577-83de-45f9-9cb7-fa62004b89b9,2025-04-05,ERP_CORPORATIVO,TRANSACOES_FINANCEIRAS,11048,db961661352fb4015cb935c917d91488a1448a6dc139368083baf9adb38afba4
TR-11254,2025-03-24,2025-03-01,ATD,ACC-00057,RECEITA,1350.6390037247552,1350.6390037247552,BRL,Manutenção estrutural vinculada à área ATD,3,PIX,PAGO,e6288577-83de-45f9-9cb7-fa62004b89b9,2025-04-05,ERP_CORPORATIVO,TRANSACOES_FINANCEIRAS,11254,81f6b9b6128a92aefbfc505929d0addb29a2bc0ccbda9b5b0c6efded261e5c92
TR-11255,2025-03-14,2025-03-01,SEC,ACC-00057,DESPESA,1246.023144968021,1230.170141652972,BRL,Despesa operacional - SEC,8,TRANSFERENCIA,ATRASADO,e6288577-83de-45f9-9cb7-fa62004b89b9,2025-04-05,ERP_CORPORATIVO,TRANSACOES_FINANCEIRAS,11255,0f955d52665fd2493cd88b34a447463e74153b882616161d0d1b3c4a43121f2a
TR-11256,2025-03-12,2025-03-01,JUR,ACC-00057,DESPESA,1026.1285107169904,975.2241089115166,BRL,Custo operacional associado a JUR,8,PIX,PAGO,e6288577-83de-45f9-9cb7-fa62004b89b9,2025-04-05,ERP_CORPORATIVO,TRANSACOES_FINANCEIRAS,11256,d695a4d103e5923c6f481f53348a016a33426270f95024692e4bd93b7264809f
TR-11257,2025-03-19,2025-03-01,MKT,ACC-00057,DESPESA,1376.9821376482575,1376.9821376482575,BRL,Resultado de equivalência patrimonial - MKT,34,CARTAO,CANCELADO,e6288577-83de-45f9-9cb7-fa62004b89b9,2025-04-05,ERP_CORPORATIVO,TRANSACOES_FINANCEIRAS,11257,a73af84eea31d0c7401506b7b41ba01ff8da1a682045a9480e3b74b1e7759af9
TR-11258,2025-03-17,2025-03-01,MKT,ACC-00057,DESPESA,1087.8171031037746,1087.8171031037746,BRL,Licença de software para área MKT,27,TED,PAGO,e6288577-83de-45f9-9cb7-fa62004b89b9,2025-04-05,ERP_CORPORATIVO,TRANSACOES_FINANCEIRAS,11258,bc49947edfaa9e2fc58dbe7426ee8d4178b89f53993d6d7dab5e6c566ed3fc8f
TR-11259,2025-03-11,2025-03-01,FIN,ACC-00057,RECEITA,1210.8411282050158,1210.8411282050158,BRL,Serviço relacionado a recursos humanos (FIN),6,PIX,PAGO,e6288577-83de-45f9-9cb7-fa62004b89b9,2025-04-05,ERP_CORPORATIVO,TRANSACOES_FINANCEIRAS,11259,db01f5f15e0f99f78f137509ebc62037f51ac36ee3fb3794aa203bd2f12818bc
TR-11260,2025-03-17,2025-03-01,JUR,ACC-00057,DESPESA,1211.1244464265187,1211.1244464265187,BRL,Despesa de infraestrutura - JUR,3,TED,PAGO,e6288577-83de-45f9-9cb7-fa62004b89b9,2025-04-05,ERP_CORPORATIVO,TRANSACOES_FINANCEIRAS,11260,e89f9ef42680ea9d8beeb7c540e1c0f264e93d44c03b0474616c6122d767ac07
TR-11261,2025-03-05,2025-03-01,MKT,ACC-00057,RECEITA,1158.3499716433025,1142.9898093665365,BRL,Receita extraordinária - MKT,37,TRANSFERENCIA,PAGO,e6288577-83de-45f9-9cb7-fa62004b89b9,2025-04-05,ERP_CORPORATIVO,TRANSACOES_FINANCEIRAS,11261,236c2d3886961e4ebf125e8286d72a6a7589d901441efb120e1ae0041c6f3e59
TR-11262,2025-03-10,2025-03-01,FIN,ACC-00057,DESPESA,1134.3707585733596,1134.3707585733596,BRL,Custo operacional associado a FIN,8,PIX,ATRASADO,e6288577-83de-45f9-9cb7-fa62004b89b9,2025-04-05,ERP_CORPORATIVO,TRANSACOES_FINANCEIRAS,11262,15a99dfd0500392b391c2c93098421c6f7317fdcc468b9efe878f02087fd8923
TR-11263,2025-03-10,2025-03-01,COMP,ACC-00057,DESPESA,1173.2606465176707,1173.2606465176707,EUR,Abastecimento de veículos - COMP,16,BOLETO,PAGO,e6288577-83de-45f9-9cb7-fa62004b89b9,2025-04-05,ERP_CORPORATIVO,TRANSACOES_FINANCEIRAS,11263,d43690a8cd9f9b2e5dec60a58ac2fe32c29c52d5fec4cefa43761d8f4345565f
TR-11264,2025-03-10,2025-03-01,COMP,ACC-00057,DESPESA,1136.9956236008884,1136.9956236008884,BRL,Licenciamento de software - COMP,5,TED,PAGO,e6288577-83de-45f9-9cb7-fa62004b89b9,2025-04-05,ERP_CORPORATIVO,TRANSACOES_FINANCEIRAS,11264,e4ce6db634fb3039ad44a1ef7220089f67c871ebbd8c274c18abd0f4ef2cf89f
TR-11265,2025-03-05,2025-03-01,RH,ACC-00057,DESPESA,1198.7714467147473,1176.7956577614914,BRL,Estorno de receita - RH,39,TED,CANCELADO,e6288577-83de-45f9-9cb7-fa62004b89b9,2025-04-05,ERP_CORPORATIVO,TRANSACOES_FINANCEIRAS,11265,5bdb9b71506f0d345e688c1a7fd2e587224e4cb8b2e74279ded4a996e23503a2
TR-11266,2025-03-26,2025-03-01,CTB,ACC-00057,DESPESA,2263.799319135298,2263.799319135298,BRL,Hospedagem em viagem a serviço de CTB,19,TRANSFERENCIA,PAGO,e6288577-83de-45f9-9cb7-fa62004b89b9,2025-04-05,ERP_CORPORATIVO,TRANSACOES_FINANCEIRAS,11266,ccb64989c98b0f35059c99751e18b5cbdc1fdaeafc09993fbbddaafdf298db6a
TR-11267,2025-03-17,2025-03-01,RH,ACC-00057,RECEITA,1109.5613552911254,1109.5613552911254,BRL,Despesa de refeição em deslocamento (RH),20,PIX,CANCELADO,e6288577-83de-45f9-9cb7-fa62004b89b9,2025-04-05,ERP_CORPORATIVO,TRANSACOES_FINANCEIRAS,11267,2f6208849ffb87a971acd83af281c974502120568f95a111214ebddd17b77cb0
TR-11268,2025-03-31,2025-03-01,ESG,ACC-00057,DESPESA,1305.4030027113902,1291.8652836201293,EUR,Comissão recebida por ESG,33,TRANSFERENCIA,PAGO,e6288577-83de-45f9-9cb7-fa62004b89b9,2025-04-05,ERP_CORPORATIVO,TRANSACOES_FINANCEIRAS,11268,3a0abe4c192a9985b982c96b623a5bd77da5d4e1c1cde8f4d7622952f3000bc9
TR-11269,2025-03-12,2025-03-01,FIN,ACC-00057,RECEITA,1075.3902357046886,1030.9906020412207,BRL,Aquisição de material operacional - FIN,2,PIX,ATRASADO,e6288577-83de-45f9-9cb7-fa62004b89b9,2025-04-05,ERP_CORPORATIVO,TRANSACOES_FINANCEIRAS,11269,a08da63c603013d0c5abd9a414a74322f8422efdc018692b2d5128955e3a839b
TR-11710,2025-03-04,2025-03-01,CPT,ACC-00059,DESPESA,1207.7579445723595,1207.7579445723595,USD,Serviço especializado solicitado por CPT,1,BOLETO,PAGO,e6288577-83de-45f9-9cb7-fa62004b89b9,2025-04-05,ERP_CORPORATIVO,TRANSACOES_FINANCEIRAS,11710,c24ea423f88456b7e4453aac4703121586dd93ac788a7e401e78fb4e5b01403d
TR-11711,2025-03-18,2025-03-01,PJT,ACC-00059,DESPESA,1126.2796540855625,1126.2796540855625,BRL,Serviço de telefonia e internet - PJT,9,PIX,PAGO,e6288577-83de-45f9-9cb7-fa62004b89b9,2025-04-05,ERP_CORPORATIVO,TRANSACOES_FINANCEIRAS,11711,fbd74545628d4212b2d0de35072fb996af7c08f520f65b2e4b1ce779d996e2e6
TR-11712,2025-03-12,2025-03-01,PRD,ACC-00059,DESPESA,3692.4119575926347,3692.4119575926347,BRL,Serviço de tecnologia contratado por PRD,5,TRANSFERENCIA,ATRASADO,e6288577-83de-45f9-9cb7-fa62004b89b9,2025-04-05,ERP_CORPORATIVO,TRANSACOES_FINANCEIRAS,11712,39e60d6573005daba12ad3bc0ee56c3b0ced1c5f4bc58e514e5c7a0214b8df67
TR-11713,2025-03-18,2025-03-01,FIN,ACC-00059,RECEITA,1143.2375717728444,1143.2375717728444,BRL,Abastecimento de veículos - FIN,16,BOLETO,PAGO,e6288577-83de-45f9-9cb7-fa62004b89b9,2025-04-05,ERP_CORPORATIVO,TRANSACOES_FINANCEIRAS,11713,94d1176dd691ad99284f43ea9d45fdc519bead4b19f21fc1f38c09925bca3074
TR-11714,2025-03-14,2025-03-01,CTB,ACC-00059,DESPESA,1212.5508509808128,1174.0426379971912,BRL,Honorários profissionais contratados por CTB,11,PIX,PAGO,e6288577-83de-45f9-9cb7-fa62004b89b9,2025-04-05,ERP_CORPORATIVO,TRANSACOES_FINANCEIRAS,11714,259a95f5eff167ea7d261530b163b55ee000fc5c40cc89d24c84975afea7dfed
TR-11715,2025-03-27,2025-03-01,PRD,ACC-00059,RECEITA,1227.1913271281462,1227.1913271281462,BRL,Resultado de equivalência patrimonial - PRD,34,PIX,PAGO,e6288577-83de-45f9-9cb7-fa62004b89b9,2025-04-05,ERP_CORPORATIVO,TRANSACOES_FINANCEIRAS,11715,2530eaef6397cfc571b56a12fea15f7e2642b602f2d0a7f8d378cb804539837e
TR-11716,2025-03-10,2025-03-01,FIN,ACC-00059,DESPESA,1369.741556698379,1369.741556698379,BRL,Compra de insumos para setor FIN,2,BOLETO,ATRASADO,e6288577-83de-45f9-9cb7-fa62004b89b9,2025-04-05,ERP_CORPORATIVO,TRANSACOES_FINANCEIRAS,11716,3867f4936ecbf3003636646b686ee4478ab5aac925b78b3a57c71cf0a1e38504
TR-11717,2025-03-10,2025-03-01,QAS,ACC-00059,RECEITA,1191.1099736229578,1191.1099736229578,BRL,Prestação de serviço para área QAS,1,PIX,PAGO,e6288577-83de-45f9-9cb7-fa62004b89b9,2025-04-05,ERP_CORPORATIVO,TRANSACOES_FINANCEIRAS,11717,67df634f0bf1d726132079f732a44160b1707ef7d79a5efe3edd210efabd468b
TR-11718,2025-03-11,2025-03-01,COMP,ACC-00059,RECEITA,1168.9245027353338,1124.943055656949,BRL,Publicidade institucional - COMP,13,TED,PAGO,e6288577-83de-45f9-9cb7-fa62004b89b9,2025-04-05,ERP_CORPORATIVO,TRANSACOES_FINANCEIRAS,11718,ebc95c623d2e7e2c806d6e36b0d70a4c306ca62ed69801088ca31d0e4147a598
TR-11719,2025-03-10,2025-03-01,COMP,ACC-00059,RECEITA,1355.9070769557566,1315.9167831383072,BRL,Estorno de receita - COMP,39,TRANSFERENCIA,PAGO,e6288577-83de-45f9-9cb7-fa62004b89b9,2025-04-05,ERP_CORPORATIVO,TRANSACOES_FINANCEIRAS,11719,3369cdd93145074e6996ce979b67c6c754003d4ef14363c63c9746f81ea91594
TR-11720,2025-03-19,2025-03-01,OP,ACC-00059,DESPESA,1330.3163691154152,1290.8599913250089,BRL,Contrato de serviço - setor OP,1,TED,PAGO,e6288577-83de-45f9-9cb7-fa62004b89b9,2025-04-05,ERP_CORPORATIVO,TRANSACOES_FINANCEIRAS,11720,2db678d0ceec8113f361791a69e6f39974a70d081270fb5a73399fc886c73536
TR-11721,2025-03-17,2025-03-01,RH,ACC-00059,DESPESA,1210.9465113501428,1210.9465113501428,BRL,Contrato de serviço - setor RH,1,PIX,PAGO,e6288577-83de-45f9-9cb7-fa62004b89b9,2025-04-05,ERP_CORPORATIVO,TRANSACOES_FINANCEIRAS,11721,dc13f5aeb8c944117b015bb4012906e3cade663f9c704d5369a7e77e8df8cd98
TR-11722,2025-03-14,2025-03-01,COM,ACC-00059,RECEITA,1317.633643569594,1317.633643569594,BRL,Seguro contratado pela área COM,21,TRANSFERENCIA,PAGO,e6288577-83de-45f9-9cb7-fa62004b89b9,2025-04-05,ERP_CORPORATIVO,TRANSACOES_FINANCEIRAS,11722,e149fae09c78da9d253e59c9039498024b49fbffa9fa5d8cf4f830cdbd5b3ad8
TR-11723,2025-03-14,2025-03-01,COMP,ACC-00059,DESPESA,1208.6984756423271,1187.5051886661975,BRL,Atendimento de TI requisitado por COMP,29,TED,PAGO,e6288577-83de-45f9-9cb7-fa62004b89b9,2025-04-05,ERP_CORPORATIVO,TRANSACOES_FINANCEIRAS,11723,aa1df38127c67a84900e51e4b78cbeb7467d0598f34468b1cc0f11664fc564cb
TR-11724,2025-03-17,2025-03-01,FIN,ACC-00059,RECEITA,1214.616848829867,1214.616848829867,BRL,Investimento em marketing corporativo (FIN),4,BOLETO,ATRASADO,e6288577-83de-45f9-9cb7-fa62004b89b9,2025-04-05,ERP_CORPORATIVO,TRANSACOES_FINANCEIRAS,11724,5879472bf8153a8bc8921ae7c4e016eba20830eacdbf61c2de4552584dec64a7
TR-11725,2025-03-31,2025-03-01,TI,ACC-00059,DESPESA,1449.3773682715332,1449.3773682715332,BRL,Despesa de infraestrutura - TI,3,PIX,PAGO,e6288577-83de-45f9-9cb7-fa62004b89b9,2025-04-05,ERP_CORPORATIVO,TRANSACOES_FINANCEIRAS,11725,62891b9a07985411f311f81cb34161d5371f47fd0ae2c494dc2bb142a565cde9
TR-11726,2025-03-17,2025-03-01,TI,ACC-00059,RECEITA,1223.8042814116584,1223.8042814116584,BRL,Resultado de equivalência patrimonial - TI,34,PIX,PAGO,e6288577-83de-45f9-9cb7-fa62004b89b9,2025-04-05,ERP_CORPORATIVO,TRANSACOES_FINANCEIRAS,11726,70fcf7cabd9070e520ee236c0a5618d7d9ae49577d329b40acc3ab4fa1b7404d
TR-11727,2025-03-21,2025-03-01,PES,ACC-00059,DESPESA,1191.4403467549334,1137.3027273470932,BRL,Promoção e atividade externa - PES,14,PIX,PAGO,e6288577-83de-45f9-9cb7-fa62004b89b9,2025-04-05,ERP_CORPORATIVO,TRANSACOES_FINANCEIRAS,11727,f1c8740c17d66233c1e850c566a0323c6e1528d89a51f23907bbb00a9399b1bd
TR-11728,2025-03-17,2025-03-01,TI,ACC-00059,RECEITA,1243.0091814012276,1215.4171789892532,BRL,Honorarium advocatício - TI,24,PIX,ATRASADO,e6288577-83de-45f9-9cb7-fa62004b89b9,2025-04-05,ERP_CORPORATIVO,TRANSACOES_FINANCEIRAS,11728,281e2ff27e8928cd2514ea3ee013cbc7a43f422b1c2f7a26e9597b50b7280061
TR-11729,2025-03-21,2025-03-01,ADM,ACC-00059,DESPESA,1019.3975424764801,974.4325804017215,BRL,Prestação de serviço para área ADM,1,TED,PAGO,e6288577-83de-45f9-9cb7-fa62004b89b9,2025-04-05,ERP_CORPORATIVO,TRANSACOES_FINANCEIRAS,11729,831dd1e5e09f1a423e572c9e531a12bdd9574840afe98869e1a91e29a2a4aede
TR-11730,2025-03-17,2025-03-01,ADM,ACC-00059,RECEITA,1220.123453650822,1220.123453650822,BRL,Honorários jurídicos - ADM,7,PIX,PAGO,e6288577-83de-45f9-9cb7-fa62004b89b9,2025-04-05,ERP_CORPORATIVO,TRANSACOES_FINANCEIRAS,11730,6b9585d1cb93ffb5ee554bb5b017a01588a96cc983d4a2307ce9dbb2ad015f11
TR-11954,2025-03-10,2025-03-01,COMP,1000060,RECEITA,1661.0154613746984,1661.0154613746984,BRL,Imposto sobre venda apurado em COMP,40,CARTAO,PAGO,e6288577-83de-45f9-9cb7-fa62004b89b9,2025-04-05,ERP_CORPORATIVO,TRANSACOES_FINANCEIRAS,11954,341459e4fa2a56440357566ffdd79a9734dd81f85b707d5f49d29b9a80e329a5
TR-11955,2025-03-10,2025-03-01,COM,1000060,DESPESA,1688.2911486156265,1606.5130665835006,BRL,Alimentação em viagem corporativa - COM,20,TED,CANCELADO,e6288577-83de-45f9-9cb7-fa62004b89b9,2025-04-05,ERP_CORPORATIVO,TRANSACOES_FINANCEIRAS,11955,91c5c0526aa919c957ff170c9b45ccebcc8a264a6a8d4685a7dce62155d177e7
TR-11956,2025-03-17,2025-03-01,OP,1000060,DESPESA,1301.0134980839352,1301.0134980839352,BRL,Recebimento de subvenção - OP,36,BOLETO,PAGO,e6288577-83de-45f9-9cb7-fa62004b89b9,2025-04-05,ERP_CORPORATIVO,TRANSACOES_FINANCEIRAS,11956,cbe60e2c4952737304fb740c3f4bbe500161bcb28eb2c14fb1fc255823791b29
TR-11957,2025-03-19,2025-03-01,JUR,1000060,DESPESA,1660.6030614868585,1660.6030614868585,BRL,Reparo e conservação de instalações - JUR,10,PIX,ATRASADO,e6288577-83de-45f9-9cb7-fa62004b89b9,2025-04-05,ERP_CORPORATIVO,TRANSACOES_FINANCEIRAS,11957,5bbcc1925a6ff5be7ce2a53a97f39b13b6cb8c1ab66c65e8e7714d03adc91d92
TR-11958,2025-03-10,2025-03-01,COM,1000060,RECEITA,1591.379786783828,1591.379786783828,BRL,Tributo incidente sobre receita de COM,40,TED,PAGO,e6288577-83de-45f9-9cb7-fa62004b89b9,2025-04-05,ERP_CORPORATIVO,TRANSACOES_FINANCEIRAS,11958,c1964aa47775d10c363d3401ec1c0b1aaa4ab6ec7c6b123b68bbb8a3238005b6
TR-11959,2025-03-24,2025-03-01,ATD,1000060,DESPESA,2631.0042333026618,2558.1484362088413,USD,Abatimento comercial registrado em ATD,38,TED,PAGO,e6288577-83de-45f9-9cb7-fa62004b89b9,2025-04-05,ERP_CORPORATIVO,TRANSACOES_FINANCEIRAS,11959,19c4210f7c957a3cb24c2d1666d14045de7dfc813da129abec71327a0ef0a6ec
TR-11960,2025-03-11,2025-03-01,QAS,1000060,DESPESA,642.9255473388747,642.9255473388747,BRL,Despesa operacional - QAS,8,CARTAO,PAGO,e6288577-83de-45f9-9cb7-fa62004b89b9,2025-04-05,ERP_CORPORATIVO,TRANSACOES_FINANCEIRAS,11960,15eeed226eaf8d5d121e94d0aa5a1dbb57f95828bd8eefc26026c92ddcc14620
TR-11961,2025-03-24,2025-03-01,COMP,1000060,RECEITA,1510.5573721486237,1510.5573721486237,BRL,Hospedagem em viagem a serviço de COMP,19,BOLETO,PAGO,e6288577-83de-45f9-9cb7-fa62004b89b9,2025-04-05,ERP_CORPORATIVO,TRANSACOES_FINANCEIRAS,11961,6baee55300532c914f76c874f5bb12790583fdeed3ee64fca2d8711bd1fe8d2f
TR-11962,2025-03-18,2025-03-01,COMP,1000060,RECEITA,1805.7654696297525,1724.6167384244457,BRL,Serviço especializado solicitado por COMP,1,TRANSFERENCIA,PAGO,e6288577-83de-45f9-9cb7-fa62004b89b9,2025-04-05,ERP_CORPORATIVO,TRANSACOES_FINANCEIRAS,11962,0487b62e55e882c36981844a200aefc83eef3c022fff92960ecdae89442d8259
TR-11963,2025-03-18,2025-03-01,VND,1000060,RECEITA,1602.895535445493,1602.895535445493,BRL,Investimento em marketing corporativo (VND),4,TRANSFERENCIA,PAGO,e6288577-83de-45f9-9cb7-fa62004b89b9,2025-04-05,ERP_CORPORATIVO,TRANSACOES_FINANCEIRAS,11963,15a55aab9842559a510aaaa2d6c43a99ca07a321e016dfe9c370e1253338ea6d
TR-11964,2025-03-13,2025-03-01,JUR,1000060,DESPESA,1584.3106006442817,1584.3106006442817,BRL,Renovação de certificados digitais - JUR,26,PIX,PAGO,e6288577-83de-45f9-9cb7-fa62004b89b9,2025-04-05,ERP_CORPORATIVO,TRANSACOES_FINANCEIRAS,11964,c86e55a19aa2b5d1c5cd0f859b51aa6161b3a50fdef222cf36b75e33cdca75ce
TR-12186,2025-03-17,2025-03-01,ESG,FORN-00063,RECEITA,8243.646298781268,8243.646298781268,BRL,Prestação de serviço para área ESG,1,TRANSFERENCIA,PAGO,e6288577-83de-45f9-9cb7-fa62004b89b9,2025-04-05,ERP_CORPORATIVO,TRANSACOES_FINANCEIRAS,12186,cc447a95be437c797ff8bfde067e946657cb1ec2f9d5c61c8094ce32ad39458b
TR-12187,2025-03-03,2025-03-01,VND,FORN-00063,RECEITA,8936.21880360847,8936.21880360847,BRL,Material de marketing solicitado por VND,15,TED,PAGO,e6288577-83de-45f9-9cb7-fa62004b89b9,2025-04-05,ERP_CORPORATIVO,TRANSACOES_FINANCEIRAS,12187,daf939f37364f60f94dba7bd490b74e25dbe68206611f593cf85df8dbc3a3679
TR-12188,2025-03-27,2025-03-01,CPT,FORN-00063,RECEITA,8985.845469716634,8985.845469716634,BRL,Compra de insumos para setor CPT,2,TED,PAGO,e6288577-83de-45f9-9cb7-fa62004b89b9,2025-04-05,ERP_CORPORATIVO,TRANSACOES_FINANCEIRAS,12188,8bbca8318dfcd118917c68bdb5fabebe4ac650a50e6d67a8baaa551ed5eceb13
TR-12189,2025-03-12,2025-03-01,COMP,FORN-00063,RECEITA,8033.718483863122,8033.718483863122,BRL,Certificado digital adquirido por COMP,26,TRANSFERENCIA,PAGO,e6288577-83de-45f9-9cb7-fa62004b89b9,2025-04-05,ERP_CORPORATIVO,TRANSACOES_FINANCEIRAS,12189,f99accc28e87a2e5da21d15ea9b2b410d8745f2715dfd36f4b8911e58ddef1d6
TR-12190,2025-03-17,2025-03-01,RH,FORN-00063,DESPESA,7709.6565927790425,7438.540081331858,BRL,Aquisição de material operacional - RH,2,CARTAO,PAGO,e6288577-83de-45f9-9cb7-fa62004b89b9,2025-04-05,ERP_CORPORATIVO,TRANSACOES_FINANCEIRAS,12190,6a1d65583a949b6ceb2e595f6a1fa75c90b3071f4727fed1f91c5058921ecc32
TR-12191,2025-03-24,2025-03-01,FIN,FORN-00063,DESPESA,6979.83159797625,6979.83159797625,BRL,Doação recebida em favor de FIN,36,CARTAO,PAGO,e6288577-83de-45f9-9cb7-fa62004b89b9,2025-04-05,ERP_CORPORATIVO,TRANSACOES_FINANCEIRAS,12191,100b003f85ee8f5fdd559cb5c76ce68886e0d6f9fa43b018236f54facea1ae83
TR-12192,2025-03-10,2025-03-01,COM,FORN-00063,RECEITA,8731.015558251596,8586.520537320757,BRL,Custo operacional associado a COM,8,TRANSFERENCIA,PAGO,e6288577-83de-45f9-9cb7-fa62004b89b9,2025-04-05,ERP_CORPORATIVO,TRANSACOES_FINANCEIRAS,12192,6540deb928fd36e98ce31ad43b3d23e5a1a50adec268811c190701e41b69cfdb
TR-12193,2025-03-24,2025-03-01,ATD,FORN-00063,RECEITA,8101.711354519053,8101.711354519053,BRL,Compra de insumos para setor ATD,2,TRANSFERENCIA,PAGO,e6288577-83de-45f9-9cb7-fa62004b89b9,2025-04-05,ERP_CORPORATIVO,TRANSACOES_FINANCEIRAS,12193,b311ee36076b7c7f20e6fef9aa5bf831a39a0febdf6fb95e3929bad6c400aa14
TR-12194,2025-03-10,2025-03-01,FIN,FORN-00063,DESPESA,20323.37862374713,20049.4113089154,BRL,Custo operacional associado a FIN,8,PIX,PAGO,e6288577-83de-45f9-9cb7-fa62004b89b9,2025-04-05,ERP_CORPORATIVO,TRANSACOES_FINANCEIRAS,12194,b57f1f1b97db3df9a086d3bccc68c9d2696693bf2a7fe0c145000d14c189c783
TR-12195,2025-03-07,2025-03-01,CTB,FORN-00063,RECEITA,4435.899881082771,4435.899881082771,BRL,Encargos de empréstimo vinculados a CTB,23,BOLETO,PAGO,e6288577-83de-45f9-9cb7-fa62004b89b9,2025-04-05,ERP_CORPORATIVO,TRANSACOES_FINANCEIRAS,12195,a8cd2bb2d2c0087f8f6566d1e2695f383f7e6f58abc5fb87d3170801e4fa4261
TR-12196,2025-03-19,2025-03-01,OP,FORN-00063,RECEITA,7993.82057259918,7993.82057259918,BRL,Contrato de serviço - setor OP,1,TRANSFERENCIA,PAGO,e6288577-83de-45f9-9cb7-fa62004b89b9,2025-04-05,ERP_CORPORATIVO,TRANSACOES_FINANCEIRAS,12196,2c08f64c3342b92f702a4815739497ef1506161839a8960f8e491f85921b0f48
TR-12494,2025-03-13,2025-03-01,FIN,1000064,RECEITA,1896.641213160412,1896.641213160412,BRL,Seguro contratado pela área FIN,21,TED,PAGO,e6288577-83de-45f9-9cb7-fa62004b89b9,2025-04-05,ERP_CORPORATIVO,TRANSACOES_FINANCEIRAS,12494,d7d5e11c2313271a6823a43af5d179857cf2a0566889c2c842ebc10d605deb75
TR-12495,2025-03-17,2025-03-01,RH,1000064,DESPESA,1960.272368883571,1960.272368883571,BRL,Serviço relacionado a recursos humanos (RH),6,BOLETO,PAGO,e6288577-83de-45f9-9cb7-fa62004b89b9,2025-04-05,ERP_CORPORATIVO,TRANSACOES_FINANCEIRAS,12495,04363403e3f8ae504e1295e7a139deec891409ee3ff208cfcfd842c1e1482383
TR-12496,2025-03-11,2025-03-01,COMP,1000064,RECEITA,1478.8949847787194,1478.8949847787194,BRL,Passagem aérea para colaborador de COMP,18,PIX,PAGO,e6288577-83de-45f9-9cb7-fa62004b89b9,2025-04-05,ERP_CORPORATIVO,TRANSACOES_FINANCEIRAS,12496,83ecc0029395ace002d719e2f60a10869471653f5edb8e71e4af8c4aaec6dbdd
TR-12497,2025-03-20,2025-03-01,MKT,1000064,RECEITA,1852.3597742736486,1852.3597742736486,BRL,Atendimento de TI requisitado por MKT,29,PIX,PAGO,e6288577-83de-45f9-9cb7-fa62004b89b9,2025-04-05,ERP_CORPORATIVO,TRANSACOES_FINANCEIRAS,12497,4b79ca41a16ee925eaa94a6714b6d52dba22ba58dd78b1d78a0a9b11b15fe55b
TR-12498,2025-03-17,2025-03-01,COM,1000064,RECEITA,3863.348122527378,3863.348122527378,BRL,Taxas bancárias incidentes em COM,22,PIX,PAGO,e6288577-83de-45f9-9cb7-fa62004b89b9,2025-04-05,ERP_CORPORATIVO,TRANSACOES_FINANCEIRAS,12498,c6cfdd54eea8f15fa45ac5d84fc03f29d1420aff329ab634365e2dd579ae919c
TR-12499,2025-03-17,2025-03-01,CTB,1000064,DESPESA,1902.7629994198703,1830.3875716507218,BRL,Produção de material gráfico - CTB,15,PIX,PAGO,e6288577-83de-45f9-9cb7-fa62004b89b9,2025-04-05,ERP_CORPORATIVO,TRANSACOES_FINANCEIRAS,12499,38972adf25bb6e92206c64c2bbd838d23ba8ef3fd06d34f0272428da0142ac75
TR-12500,2025-03-19,2025-03-01,MKT,1000064,RECEITA,1879.9711013667065,1879.9711013667065,BRL,Reparo de frota vinculado à área MKT,17,CARTAO,PAGO,e6288577-83de-45f9-9cb7-fa62004b89b9,2025-04-05,ERP_CORPORATIVO,TRANSACOES_FINANCEIRAS,12500,ff3174f26aeff48db017a5d2de01581bfaef78eee4d53391939c0dc8c40cc6cf
TR-12501,2025-03-20,2025-03-01,FIN,1000064,DESPESA,1805.8312605398485,1805.8312605398485,BRL,Custo operacional associado a FIN,8,PIX,ATRASADO,e6288577-83de-45f9-9cb7-fa62004b89b9,2025-04-05,ERP_CORPORATIVO,TRANSACOES_FINANCEIRAS,12501,f08552194bcfb734d1a4e9d9c6687967b36b24a82f0580e5f93032855ab5ddd9
TR-12502,2025-03-17,2025-03-01,COMP,1000064,RECEITA,5161.655744641216,5161.655744641216,BRL,Doação recebida em favor de COMP,36,PIX,PAGO,e6288577-83de-45f9-9cb7-fa62004b89b9,2025-04-05,ERP_CORPORATIVO,TRANSACOES_FINANCEIRAS,12502,5c1afc85f8241229e204e9d79336b139c0d8f95c4c2d6ff3b55e7095fff85edf
TR-12503,2025-03-10,2025-03-01,RH,1000064,DESPESA,6679.905603705322,6679.905603705322,BRL,Licença de software para área RH,27,TED,PAGO,e6288577-83de-45f9-9cb7-fa62004b89b9,2025-04-05,ERP_CORPORATIVO,TRANSACOES_FINANCEIRAS,12503,97757e294fd98d6000e519875d48bf1f03100a0851e3fce55daf307ecd0cdc99
TR-12504,2025-03-11,2025-03-01,FIN,1000064,DESPESA,1622.9280320133653,1546.5983373702607,BRL,Prestação de serviço para área FIN,1,PIX,ATRASADO,e6288577-83de-45f9-9cb7-fa62004b89b9,2025-04-05,ERP_CORPORATIVO,TRANSACOES_FINANCEIRAS,12504,6e44d3ff4bc6460383c41864b0454562b58f8f64745ffaf273f7643206cdc7d0
TR-12505,2025-03-07,2025-03-01,COM,1000064,DESPESA,1791.8633363621618,1791.8633363621618,BRL,Despesa jurídica da área COM,24,TED,PAGO,e6288577-83de-45f9-9cb7-fa62004b89b9,2025-04-05,ERP_CORPORATIVO,TRANSACOES_FINANCEIRAS,12505,1c592521b4a66b76f0a65dd1720e525cbf46033e8946c570cece5d720a675a11
TR-12705,2025-03-12,2025-03-01,SEC,1000065,RECEITA,1131.1383422827294,1000.0919476364968,BRL,Despesa operacional - SEC,8,PIX,PAGO,e6288577-83de-45f9-9cb7-fa62004b89b9,2025-04-05,ERP_CORPORATIVO,TRANSACOES_FINANCEIRAS,12705,9bac3094fa3a1dc667c3f567679716ffc9c3ece865caea0633984a70bc0ae71a
TR-12706,2025-03-17,2025-03-01,LOG,1000065,DESPESA,2814.2215048231697,2814.2215048231697,BRL,Devolução de venda processada por LOG,39,PIX,PAGO,e6288577-83de-45f9-9cb7-fa62004b89b9,2025-04-05,ERP_CORPORATIVO,TRANSACOES_FINANCEIRAS,12706,3970a572212b52f606b68898bc034ccdc50414a6a27b9aa34f0264795030fda4
TR-12707,2025-03-17,2025-03-01,ATD,1000065,DESPESA,3571.7207290085707,3523.298502451276,BRL,Honorários jurídicos - ATD,7,TED,PAGO,e6288577-83de-45f9-9cb7-fa62004b89b9,2025-04-05,ERP_CORPORATIVO,TRANSACOES_FINANCEIRAS,12707,d70d044fd080a497c7d2b8b7cc2f52d2155010ae30461173bc4d8f2fd4271006
TR-12708,2025-03-07,2025-03-01,COMP,1000065,DESPESA,2509.854082963066,2407.325877914893,BRL,Prestação de serviço para área COMP,1,PIX,PAGO,e6288577-83de-45f9-9cb7-fa62004b89b9,2025-04-05,ERP_CORPORATIVO,TRANSACOES_FINANCEIRAS,12708,c1f6c22dcca56c6d864f5cda71e551a72370e821215cf332e60156a616f27e7c
TR-12709,2025-03-14,2025-03-01,VND,1000065,RECEITA,2815.221466406498,2815.221466406498,BRL,Serviço relacionado a recursos humanos (VND),6,PIX,PAGO,e6288577-83de-45f9-9cb7-fa62004b89b9,2025-04-05,ERP_CORPORATIVO,TRANSACOES_FINANCEIRAS,12709,117dfc02dde6c3dc26f515080798429695d2ffb33c3b1d03f53e32204f3bb367
TR-12710,2025-03-24,2025-03-01,COMP,1000065,DESPESA,2794.5598101100572,2672.442051308295,BRL,Despesa de infraestrutura - COMP,3,CARTAO,PAGO,e6288577-83de-45f9-9cb7-fa62004b89b9,2025-04-05,ERP_CORPORATIVO,TRANSACOES_FINANCEIRAS,12710,759b00c41453d953aae2be1852a7744cf1a844bfb33038c4e6b387fa4a3f5494
TR-12711,2025-03-26,2025-03-01,COMP,1000065,RECEITA,2952.976488589251,2834.7381507853324,BRL,Publicidade institucional - COMP,13,PIX,PAGO,e6288577-83de-45f9-9cb7-fa62004b89b9,2025-04-05,ERP_CORPORATIVO,TRANSACOES_FINANCEIRAS,12711,ad53dc8757d6034016e9070f48f8f2f74e7a562c02b25e8907b9174922f92c33
TR-12712,2025-03-05,2025-03-01,COM,1000065,DESPESA,3058.3069807507354,3058.3069807507354,BRL,Apólice de seguro - COM,21,CARTAO,CANCELADO,e6288577-83de-45f9-9cb7-fa62004b89b9,2025-04-05,ERP_CORPORATIVO,TRANSACOES_FINANCEIRAS,12712,e02c3b34b9d40fe35c495566dbbf2b50cd0e9f6577fb67500d9ae256db63cded
TR-12713,2025-03-10,2025-03-01,COMP,1000065,DESPESA,3085.7932557043,3085.7932557043,BRL,Comissão recebida por COMP,33,PIX,PAGO,e6288577-83de-45f9-9cb7-fa62004b89b9,2025-04-05,ERP_CORPORATIVO,TRANSACOES_FINANCEIRAS,12713,068a7af13aed0f57b789ea05b6c8077a9c4ac1ed02fff35283beac57e67c7742
TR-12714,2025-03-17,2025-03-01,VND,1000065,DESPESA,3080.0956385835475,3080.0956385835475,BRL,Assessoria contábil prestada a VND,25,TRANSFERENCIA,PAGO,e6288577-83de-45f9-9cb7-fa62004b89b9,2025-04-05,ERP_CORPORATIVO,TRANSACOES_FINANCEIRAS,12714,3b4d03e24e7a33f95b2c694885ddc5f860f999dbcaf85b218a76c7dc765ef107
TR-12715,2025-03-13,2025-03-01,RH,1000065,RECEITA,3146.3157858747027,3146.3157858747027,BRL,Renovação de certificados digitais - RH,26,PIX,PAGO,e6288577-83de-45f9-9cb7-fa62004b89b9,2025-04-05,ERP_CORPORATIVO,TRANSACOES_FINANCEIRAS,12715,6263064749d67cd4862c237b10fd2e81f1704adaee680022e6cd63223c67cece
TR-12716,2025-03-07,2025-03-01,OP,1000065,DESPESA,2936.506800274263,2936.506800274263,BRL,Serviço de tecnologia contratado por OP,5,CARTAO,PAGO,e6288577-83de-45f9-9cb7-fa62004b89b9,2025-04-05,ERP_CORPORATIVO,TRANSACOES_FINANCEIRAS,12716,1ab8c988262edf18095b8becc51176823dd7872f9ad48a98d4f47f97c2eed4bd
TR-12717,2025-03-05,2025-03-01,COMP,1000065,RECEITA,3360.871521804701,3360.871521804701,BRL,Compra de insumos para setor COMP,2,CARTAO,PAGO,e6288577-83de-45f9-9cb7-fa62004b89b9,2025-04-05,ERP_CORPORATIVO,TRANSACOES_FINANCEIRAS,12717,0a8121275598cdbf81783fd222856dfaafae92523417b44865ccfb91b4c1cf71
TR-12718,2025-03-24,2025-03-01,VND,1000065,DESPESA,2514.4334858781494,2514.4334858781494,BRL,Manutenção estrutural vinculada à área VND,3,BOLETO,PAGO,e6288577-83de-45f9-9cb7-fa62004b89b9,2025-04-05,ERP_CORPORATIVO,TRANSACOES_FINANCEIRAS,12718,d3f25f1d61f07e92b5df1cd4d3dfe4be0b3776b1585d5c49e49b4c2241b42f98
TR-12719,2025-03-17,2025-03-01,RH,1000065,RECEITA,2288.7622416066633,2288.7622416066633,BRL,Despesa de RH - RH,6,BOLETO,PAGO,e6288577-83de-45f9-9cb7-fa62004b89b9,2025-04-05,ERP_CORPORATIVO,TRANSACOES_FINANCEIRAS,12719,033a5bbd4608c52e7f6cabf2db17d745b08f9712ac3348df24ddb12bc41caa7b
TR-12720,2025-03-12,2025-03-01,JUR,1000065,RECEITA,3181.3829814923993,3181.3829814923993,BRL,Tarifas de serviços financeiros - JUR,22,TED,PAGO,e6288577-83de-45f9-9cb7-fa62004b89b9,2025-04-05,ERP_CORPORATIVO,TRANSACOES_FINANCEIRAS,12720,c72ee31dcc2e0955a7d1dfe2f59f8f6f0d5b4a263e0c1e6348975a449f63afd8
TR-12721,2025-03-19,2025-03-01,FIN,1000065,RECEITA,2857.9967509551634,2786.488340760213,BRL,Atendimento de TI requisitado por FIN,29,BOLETO,PAGO,e6288577-83de-45f9-9cb7-fa62004b89b9,2025-04-05,ERP_CORPORATIVO,TRANSACOES_FINANCEIRAS,12721,7755db4db072fcb29be03cd71e31901178ab7150575220788cd3f384eb1b9729
TR-13105,2025-03-12,2025-03-01,COM,ACC-00067,DESPESA,3300.2012652119306,3300.2012652119306,BRL,Custo operacional associado a COM,8,PIX,PAGO,e6288577-83de-45f9-9cb7-fa62004b89b9,2025-04-05,ERP_CORPORATIVO,TRANSACOES_FINANCEIRAS,13105,aed529104094dea7337fff72d4f548e825a6066a8bc9025d3815bb3080000a82
TR-13106,2025-03-12,2025-03-01,VND,ACC-00067,RECEITA,3229.647228732936,3229.647228732936,BRL,Aquisição de material operacional - VND,2,TED,PAGO,e6288577-83de-45f9-9cb7-fa62004b89b9,2025-04-05,ERP_CORPORATIVO,TRANSACOES_FINANCEIRAS,13106,2fe2a81c7a644577c0ab5df67711b00c7276a4155436e1f10a54e863b4fd4315
TR-13107,2025-03-11,2025-03-01,COMP,ACC-00067,DESPESA,2916.1128306637443,2774.4113775653695,BRL,Produção de material gráfico - COMP,15,TED,PAGO,e6288577-83de-45f9-9cb7-fa62004b89b9,2025-04-05,ERP_CORPORATIVO,TRANSACOES_FINANCEIRAS,13107,5459bc051e6fe51c484e2b5741179accad8765fe54b94848f1e43b7c142ace94
TR-13108,2025-03-17,2025-03-01,COMP,ACC-00067,RECEITA,3482.915669393187,3328.4266000377365,BRL,Despesa de infraestrutura - COMP,3,PIX,PAGO,e6288577-83de-45f9-9cb7-fa62004b89b9,2025-04-05,ERP_CORPORATIVO,TRANSACOES_FINANCEIRAS,13108,5c32507fc4cb67eb3c3d5418314a6f7b73cc3dc497d08481dcc745db33dfb432
TR-13110,2025-03-03,2025-03-01,TI,ACC-00067,RECEITA,3877.418586561181,3877.418586561181,BRL,Serviço especializado solicitado por TI,1,PIX,ATRASADO,e6288577-83de-45f9-9cb7-fa62004b89b9,2025-04-05,ERP_CORPORATIVO,TRANSACOES_FINANCEIRAS,13110,92bacdf8d731cc725c8e43db26ef737da4bfe132c3009664b92eeaaa287df7fc
TR-13111,2025-03-19,2025-03-01,CPT,ACC-00067,RECEITA,3454.1821328509363,3454.1821328509363,BRL,Serviço especializado solicitado por CPT,1,PIX,PAGO,e6288577-83de-45f9-9cb7-fa62004b89b9,2025-04-05,ERP_CORPORATIVO,TRANSACOES_FINANCEIRAS,13111,8177731de60b5fe55f0491707ea9d54932cf7714d2515e58f73b0a6db8418865
TR-13112,2025-03-05,2025-03-01,MKT,ACC-00067,DESPESA,3309.127299672364,3309.127299672364,BRL,Atendimento de TI requisitado por MKT,29,BOLETO,PAGO,e6288577-83de-45f9-9cb7-fa62004b89b9,2025-04-05,ERP_CORPORATIVO,TRANSACOES_FINANCEIRAS,13112,ec0b0c8e662ec3d170b3dc3ea02608ca19d900003f1eb4e079fe15c293911ae5
TR-13113,2025-03-20,2025-03-01,SEC,ACC-00067,RECEITA,3850.384850582819,3850.384850582819,USD,Despesa operacional - SEC,8,BOLETO,PAGO,e6288577-83de-45f9-9cb7-fa62004b89b9,2025-04-05,ERP_CORPORATIVO,TRANSACOES_FINANCEIRAS,13113,480cea05fe6cbcc310c4cde7678de1a1daffb3e6b6f0e727c55e062d42c3f461
TR-13114,2025-03-11,2025-03-01,QAS,ACC-00067,DESPESA,3486.1235685828105,3486.1235685828105,BRL,Serviço de tecnologia contratado por QAS,5,PIX,PAGO,e6288577-83de-45f9-9cb7-fa62004b89b9,2025-04-05,ERP_CORPORATIVO,TRANSACOES_FINANCEIRAS,13114,06c3a39412eba3b8eef444ef5bc84a5fd739b34cb48d58621bd0231dc33f1888
TR-13115,2025-03-21,2025-03-01,COM,ACC-00067,RECEITA,3516.3605017228365,3516.3605017228365,BRL,Assessoria legal vinculada à área COM,7,CARTAO,PAGO,e6288577-83de-45f9-9cb7-fa62004b89b9,2025-04-05,ERP_CORPORATIVO,TRANSACOES_FINANCEIRAS,13115,f1ccbf418857284f1f7eb880274fb961f3c984df05cf163bb943e139d2864e55
TR-13116,2025-03-17,2025-03-01,OP,ACC-00067,DESPESA,3374.559165293047,3374.559165293047,BRL,Despesa jurídica da área OP,24,PIX,PAGO,e6288577-83de-45f9-9cb7-fa62004b89b9,2025-04-05,ERP_CORPORATIVO,TRANSACOES_FINANCEIRAS,13116,16ec13a43a8c47f097ac267a419abb0ccc1fa954ac95d38154fc2df8d06a1f24
TR-13263,2025-03-24,2025-03-01,ADM,FORN-00068,RECEITA,1229.5863783920843,1214.7232430914614,BRL,Contrato de serviço - setor ADM,1,TRANSFERENCIA,PAGO,e6288577-83de-45f9-9cb7-fa62004b89b9,2025-04-05,ERP_CORPORATIVO,TRANSACOES_FINANCEIRAS,13263,9998d525350f8e92544b50b9ad541b0d5a1fe42c1b7b5e78e52d144647df2c38
TR-13264,2025-03-12,2025-03-01,OP,FORN-00068,DESPESA,1077.6923160306721,1025.9841176988743,BRL,Treinamento corporativo para equipe OP,30,PIX,ATRASADO,e6288577-83de-45f9-9cb7-fa62004b89b9,2025-04-05,ERP_CORPORATIVO,TRANSACOES_FINANCEIRAS,13264,fd75ede3eca54d3569ae6e63cd654e8a322bc33cca5812cd5270cf500c0d571e
TR-13265,2025-03-03,2025-03-01,ADM,FORN-00068,RECEITA,1274.952393445258,1274.952393445258,BRL,Venda de ativo imobilizado por ADM,35,BOLETO,PAGO,e6288577-83de-45f9-9cb7-fa62004b89b9,2025-04-05,ERP_CORPORATIVO,TRANSACOES_FINANCEIRAS,13265,546e1e8eb571d7a4d82444073bc791e00db54bce047d6abd257026f37fd8e42a
TR-13266,2025-03-17,2025-03-01,OP,FORN-00068,RECEITA,1016.6890202639383,1016.6890202639383,BRL,Contrato de SaaS vinculado a OP,27,PIX,PAGO,e6288577-83de-45f9-9cb7-fa62004b89b9,2025-04-05,ERP_CORPORATIVO,TRANSACOES_FINANCEIRAS,13266,9b776740f3b06afa0fbead723f7ce68d53fc7be9458f6b54678e0225cd26e1d1
TR-13267,2025-03-27,2025-03-01,OP,FORN-00068,RECEITA,1094.1478420353149,1094.1478420353149,BRL,Despesa de infraestrutura - OP,3,CARTAO,ATRASADO,e6288577-83de-45f9-9cb7-fa62004b89b9,2025-04-05,ERP_CORPORATIVO,TRANSACOES_FINANCEIRAS,13267,0ea17df863877efd9dce4e58217dc533c08ce8d4ad2b4c99a1b4c8f714e411f8
TR-13268,2025-03-03,2025-03-01,ADM,FORN-00068,RECEITA,1446.3108162266926,1423.864974952512,BRL,Licenciamento de software - ADM,5,BOLETO,PAGO,e6288577-83de-45f9-9cb7-fa62004b89b9,2025-04-05,ERP_CORPORATIVO,TRANSACOES_FINANCEIRAS,13268,ef01cc55eefb69526ee7a293c9af4caa733d0bb85ce92b14b8966173eb613d12
TR-13269,2025-03-19,2025-03-01,SEC,FORN-00068,RECEITA,1466.167644401779,1466.167644401779,BRL,Serviço especializado solicitado por SEC,1,TRANSFERENCIA,ATRASADO,e6288577-83de-45f9-9cb7-fa62004b89b9,2025-04-05,ERP_CORPORATIVO,TRANSACOES_FINANCEIRAS,13269,7a96cdbd14b8130eb533d4b2a25efa6d3d3817de0e48ad54b37b06d3249443d1
TR-13270,2025-03-17,2025-03-01,VND,FORN-00068,DESPESA,1029.1013061963129,1029.1013061963129,BRL,Tributo incidente sobre receita de VND,40,BOLETO,PAGO,e6288577-83de-45f9-9cb7-fa62004b89b9,2025-04-05,ERP_CORPORATIVO,TRANSACOES_FINANCEIRAS,13270,07683b31b7aa0e850323360f329fb992bf4c173b51444f03c1eae41a57fa6ee8
TR-13271,2025-03-03,2025-03-01,COMP,FORN-00068,RECEITA,1330.4768647694798,1330.4768647694798,USD,Custo operacional associado a COMP,8,CARTAO,PAGO,e6288577-83de-45f9-9cb7-fa62004b89b9,2025-04-05,ERP_CORPORATIVO,TRANSACOES_FINANCEIRAS,13271,4a298f0f0e7dede26f06fba94a7e24a3a81e11705073b8b2ef121e369eeed8dc
TR-13272,2025-03-17,2025-03-01,COM,FORN-00068,DESPESA,1385.6182391400157,1338.3629923333745,BRL,Despesa operacional - COM,8,BOLETO,PAGO,e6288577-83de-45f9-9cb7-fa62004b89b9,2025-04-05,ERP_CORPORATIVO,TRANSACOES_FINANCEIRAS,13272,237de9871633dc1eb314cb042a64f75287aeec6c3c095ac1a43f456217be00a7
TR-13273,2025-03-10,2025-03-01,LOG,FORN-00068,DESPESA,1311.4113277359709,1311.4113277359709,BRL,Serviço de tecnologia contratado por LOG,5,PIX,PAGO,e6288577-83de-45f9-9cb7-fa62004b89b9,2025-04-05,ERP_CORPORATIVO,TRANSACOES_FINANCEIRAS,13273,fc3ce2b33c5dd7e31d7ba189b948ec8798f0b5b26b2d525e77656bc3ec6e490d
TR-13274,2025-03-21,2025-03-01,COM,FORN-00068,DESPESA,1171.294891209231,1171.294891209231,BRL,Compra de insumos para setor COM,2,TRANSFERENCIA,PAGO,e6288577-83de-45f9-9cb7-fa62004b89b9,2025-04-05,ERP_CORPORATIVO,TRANSACOES_FINANCEIRAS,13274,6b59b29ab3e4c530772ba593c00f7ac54bc337f230b7105207475678f74234a8
TR-13275,2025-03-12,2025-03-01,PRD,FORN-00068,RECEITA,972.1925922035857,972.1925922035857,BRL,Comissão recebida por PRD,33,PIX,PAGO,e6288577-83de-45f9-9cb7-fa62004b89b9,2025-04-05,ERP_CORPORATIVO,TRANSACOES_FINANCEIRAS,13275,deec7f6800c0cf555de76b08e66714643ae269f29fd44f9571dd3788e6615220
TR-13276,2025-03-10,2025-03-01,COMP,FORN-00068,DESPESA,1189.178645018923,1134.6775919365164,BRL,Honorarium advocatício - COMP,24,BOLETO,PAGO,e6288577-83de-45f9-9cb7-fa62004b89b9,2025-04-05,ERP_CORPORATIVO,TRANSACOES_FINANCEIRAS,13276,0fa16a850972d4e855909124edb7e5a81bbe24cd8b596b7a5ea06826c581c617
TR-13277,2025-03-13,2025-03-01,ESG,FORN-00068,RECEITA,1228.6821534003404,1214.5806835240048,BRL,Renovação de certificados digitais - ESG,26,CARTAO,PAGO,e6288577-83de-45f9-9cb7-fa62004b89b9,2025-04-05,ERP_CORPORATIVO,TRANSACOES_FINANCEIRAS,13277,fb2c488811dde82a38beb14ffa2fe4e02b44ae253d69c9d94da7993a14934c53
TR-13278,2025-03-20,2025-03-01,SEC,FORN-00068,RECEITA,1207.598547386328,1207.598547386328,BRL,Passagem aérea para colaborador de SEC,18,BOLETO,PAGO,e6288577-83de-45f9-9cb7-fa62004b89b9,2025-04-05,ERP_CORPORATIVO,TRANSACOES_FINANCEIRAS,13278,3e877737d09797f492cc799949060f0ef7901d21ad6e0d4c6f4d068e829d12ed
TR-13279,2025-03-11,2025-03-01,FIN,FORN-00068,RECEITA,1236.7510071977206,1236.7510071977206,BRL,Licenciamento de software - FIN,5,TRANSFERENCIA,PAGO,e6288577-83de-45f9-9cb7-fa62004b89b9,2025-04-05,ERP_CORPORATIVO,TRANSACOES_FINANCEIRAS,13279,fca55d4ece59672d1029b47c84821222ecd70998ee89b63f4e5d19797c87ff19
TR-13280,2025-03-17,2025-03-01,OP,FORN-00068,RECEITA,1087.1745963955304,1062.000499520598,BRL,Compra de insumos para setor OP,2,TRANSFERENCIA,PAGO,e6288577-83de-45f9-9cb7-fa62004b89b9,2025-04-05,ERP_CORPORATIVO,TRANSACOES_FINANCEIRAS,13280,551a90843d49b9d918ef83821d108510e74395cade9f3c93dde17fc58cc8aed7
TR-13281,2025-03-18,2025-03-01,MKT,FORN-00068,DESPESA,1123.4566183900347,1123.4566183900347,BRL,Despesa operacional - MKT,8,BOLETO,PAGO,e6288577-83de-45f9-9cb7-fa62004b89b9,2025-04-05,ERP_CORPORATIVO,TRANSACOES_FINANCEIRAS,13281,e2dc5e986420135d8228f92651a736a39b2d3c3130fdc43faeac013f88b224fd
TR-13282,2025-03-11,2025-03-01,ATD,FORN-00068,RECEITA,928.097686130539,910.7774855591275,BRL,Contrato de serviço - setor ATD,1,CARTAO,PAGO,e6288577-83de-45f9-9cb7-fa62004b89b9,2025-04-05,ERP_CORPORATIVO,TRANSACOES_FINANCEIRAS,13282,edbbf4304eec41a54121ae9e8971861dd46bcdb35092cd8855614860592ebb8e
TR-13283,2025-03-17,2025-03-01,JUR,FORN-00068,DESPESA,1288.932439012043,1288.932439012043,BRL,Abatimento comercial registrado em JUR,38,PIX,PAGO,e6288577-83de-45f9-9cb7-fa62004b89b9,2025-04-05,ERP_CORPORATIVO,TRANSACOES_FINANCEIRAS,13283,96c28c12631a84c71c6679299c4ecbba486aaff1c5836d654b70f02a61cd5310
TR-13528,2025-03-17,2025-03-01,VND,ACC-00069,RECEITA,6255.831039087988,6255.831039087988,BRL,Aquisição de material operacional - VND,2,TRANSFERENCIA,PAGO,e6288577-83de-45f9-9cb7-fa62004b89b9,2025-04-05,ERP_CORPORATIVO,TRANSACOES_FINANCEIRAS,13528,9ae1790bf1f19dc9a3627cb572deeb31c001ed464f7e84a9e0ff869e4636c2cf
TR-13529,2025-03-26,2025-03-01,LOG,ACC-00069,DESPESA,18056.788232470597,17733.00892795958,BRL,Aquisição de material operacional - LOG,2,PIX,PAGO,e6288577-83de-45f9-9cb7-fa62004b89b9,2025-04-05,ERP_CORPORATIVO,TRANSACOES_FINANCEIRAS,13529,bb3a87e2b5df6b0288e56e5af198e9aac040fc5134fe952620e297bf193b1200
TR-13530,2025-03-13,2025-03-01,OP,ACC-00069,RECEITA,6140.133566994233,6140.133566994233,BRL,Assessoria legal vinculada à área OP,7,PIX,PAGO,e6288577-83de-45f9-9cb7-fa62004b89b9,2025-04-05,ERP_CORPORATIVO,TRANSACOES_FINANCEIRAS,13530,0bcd29a842119d2d80fdfda9d32aec9c8178add2c75dd28c7d0dcdc3658cad7f
TR-13531,2025-03-17,2025-03-01,COM,ACC-00069,DESPESA,6487.784125575661,6241.113474546641,BRL,Abatimento comercial registrado em COM,38,PIX,PAGO,e6288577-83de-45f9-9cb7-fa62004b89b9,2025-04-05,ERP_CORPORATIVO,TRANSACOES_FINANCEIRAS,13531,084599db3d99bae4db6751677a2b547fcab70f74d06a59f4450589867a87bf93
TR-13532,2025-03-11,2025-03-01,PES,ACC-00069,RECEITA,5985.558544436591,5985.558544436591,BRL,Compra de insumos para setor PES,2,TED,PAGO,e6288577-83de-45f9-9cb7-fa62004b89b9,2025-04-05,ERP_CORPORATIVO,TRANSACOES_FINANCEIRAS,13532,c928048dbef68360f5299f403865a4454e3974589fa5aaaa03b27e059bddd494
TR-13533,2025-03-17,2025-03-01,TI,ACC-00069,DESPESA,6510.121172711434,6510.121172711434,BRL,Manutenção de equipamentos de TI,28,TED,PAGO,e6288577-83de-45f9-9cb7-fa62004b89b9,2025-04-05,ERP_CORPORATIVO,TRANSACOES_FINANCEIRAS,13533,d0220f7159c238389fb2cda76c51ef2eaf22bad4f879d31c17c94a453567b219
TR-13534,2025-03-14,2025-03-01,CPT,ACC-00069,DESPESA,6175.651293738301,6175.651293738301,USD,Custo operacional associado a CPT,8,CARTAO,PAGO,e6288577-83de-45f9-9cb7-fa62004b89b9,2025-04-05,ERP_CORPORATIVO,TRANSACOES_FINANCEIRAS,13534,036f7ab3ca989c5a543c84bbcacb9aa2159f21d647a099de98c15020aa5a9210
TR-13535,2025-03-05,2025-03-01,FIN,ACC-00069,DESPESA,7040.505071170288,7040.505071170288,BRL,Combustível e lubrificantes para frota (FIN),16,TRANSFERENCIA,PAGO,e6288577-83de-45f9-9cb7-fa62004b89b9,2025-04-05,ERP_CORPORATIVO,TRANSACOES_FINANCEIRAS,13535,451f68dfc9b5dccc6ecd0a2ab7b101ec603613251da67871965642814ed93198
TR-14169,2025-03-17,2025-03-01,JUR,ACC-00075,DESPESA,4282.781421885447,4166.720274505989,BRL,Hospedagem em viagem a serviço de JUR,19,PIX,PAGO,e6288577-83de-45f9-9cb7-fa62004b89b9,2025-04-05,ERP_CORPORATIVO,TRANSACOES_FINANCEIRAS,14169,cb295e8544a05e3e5ed39626601c14608d79106372b282b364d4f3977135bb55
TR-14170,2025-03-13,2025-03-01,COM,ACC-00075,DESPESA,4222.889638778734,4150.246612135965,BRL,Prestação de serviço para área COM,1,CARTAO,PAGO,e6288577-83de-45f9-9cb7-fa62004b89b9,2025-04-05,ERP_CORPORATIVO,TRANSACOES_FINANCEIRAS,14170,8752a5cfa669db8ea1d84d2388ce46c54978bd6916e9d01089b349bac8c63e0c
TR-14171,2025-03-19,2025-03-01,ESG,ACC-00075,DESPESA,3558.7915566330867,3558.7915566330867,BRL,Combustível e lubrificantes para frota (ESG),16,CARTAO,PAGO,e6288577-83de-45f9-9cb7-fa62004b89b9,2025-04-05,ERP_CORPORATIVO,TRANSACOES_FINANCEIRAS,14171,00afca2694c14c3e69f2abe4d01a47c909ca7cf185735d55b6470c453913517e
TR-14172,2025-03-17,2025-03-01,COMP,ACC-00075,DESPESA,3534.758044801874,3397.351182764123,BRL,Honorarium advocatício - COMP,24,BOLETO,PAGO,e6288577-83de-45f9-9cb7-fa62004b89b9,2025-04-05,ERP_CORPORATIVO,TRANSACOES_FINANCEIRAS,14172,d7a3a66eb8d0f3f61c32394d0bb09863f20cad23c7c4ecc17f58b04c8033805b
TR-14173,2025-03-13,2025-03-01,FIN,ACC-00075,DESPESA,4531.642940518141,4531.642940518141,BRL,Apólice de seguro - FIN,21,PIX,PAGO,e6288577-83de-45f9-9cb7-fa62004b89b9,2025-04-05,ERP_CORPORATIVO,TRANSACOES_FINANCEIRAS,14173,8e19b2ed0c5d3f69653113bb979a1e86d785c5b4bcc74b25bf76e7fcfc4b71c3
TR-14174,2025-03-10,2025-03-01,QAS,ACC-00075,DESPESA,3864.821784238596,3864.821784238596,BRL,Aquisição de material operacional - QAS,2,CARTAO,PAGO,e6288577-83de-45f9-9cb7-fa62004b89b9,2025-04-05,ERP_CORPORATIVO,TRANSACOES_FINANCEIRAS,14174,b734bcb1e538d0ab5b0669ed3a27295541aa4bf43036b910aee4981775ac5117
TR-14175,2025-03-13,2025-03-01,COMP,ACC-00075,DESPESA,4268.800229634584,4268.800229634584,BRL,Prestação de serviço para área COMP,1,PIX,PAGO,e6288577-83de-45f9-9cb7-fa62004b89b9,2025-04-05,ERP_CORPORATIVO,TRANSACOES_FINANCEIRAS,14175,4482741f1e10e7cb1a473afcb413c1e268dd294e402954ccb904b7ae04b48aa4
TR-14176,2025-03-17,2025-03-01,ATD,ACC-00075,DESPESA,3693.5132914359874,3581.1142933707124,BRL,Consultoria estratégica para área ATD,12,BOLETO,PAGO,e6288577-83de-45f9-9cb7-fa62004b89b9,2025-04-05,ERP_CORPORATIVO,TRANSACOES_FINANCEIRAS,14176,f41708795170e4f9478841c9788f6c4de488695670fd9acae8a1979dd170fb97
TR-14177,2025-03-17,2025-03-01,COMP,ACC-00075,RECEITA,4227.043442600738,4227.043442600738,BRL,Serviço especializado solicitado por COMP,1,PIX,PAGO,e6288577-83de-45f9-9cb7-fa62004b89b9,2025-04-05,ERP_CORPORATIVO,TRANSACOES_FINANCEIRAS,14177,af1a25462540d4dba845b538da9fc6b566b2af93eedb6bbb16a07bc04e6c7572
TR-14178,2025-03-14,2025-03-01,ATD,ACC-00075,RECEITA,3609.935635720457,3553.689062277587,BRL,Despesa operacional - ATD,8,TED,CANCELADO,e6288577-83de-45f9-9cb7-fa62004b89b9,2025-04-05,ERP_CORPORATIVO,TRANSACOES_FINANCEIRAS,14178,b45864354dff978cd9bef20381e68efe464e582c07860ac62b0d7143528601ec
TR-14179,2025-03-17,2025-03-01,RH,ACC-00075,RECEITA,4129.695777981813,4129.695777981813,BRL,Aquisição de material operacional - RH,2,TRANSFERENCIA,PAGO,e6288577-83de-45f9-9cb7-fa62004b89b9,2025-04-05,ERP_CORPORATIVO,TRANSACOES_FINANCEIRAS,14179,8386047a6908e238448ddb738b131ef430bed6d85694250e6b3ed41b860dbfa4
TR-14180,2025-03-31,2025-03-01,ESG,ACC-00075,RECEITA,8510.38072617454,8510.38072617454,BRL,Campanha institucional - ESG,4,TRANSFERENCIA,PAGO,e6288577-83de-45f9-9cb7-fa62004b89b9,2025-04-05,ERP_CORPORATIVO,TRANSACOES_FINANCEIRAS,14180,85c5df083d57ebbe8235ae4ae312e3bb7ddd630800a1b2a825fbb5b8d86fdf5b
TR-14181,2025-03-19,2025-03-01,ADM,ACC-00075,DESPESA,889.0998747098407,737.6493994254114,BRL,Licença de software para área ADM,27,TRANSFERENCIA,PAGO,e6288577-83de-45f9-9cb7-fa62004b89b9,2025-04-05,ERP_CORPORATIVO,TRANSACOES_FINANCEIRAS,14181,10f1b7baacb76d8427564676c35362ea30b339ee8cdcf00d4100460e5b79b2c3
TR-14400,2025-03-26,2025-03-01,JUR,1000075,RECEITA,3948.5110504285653,3804.8315807872823,BRL,Aquisição de material operacional - JUR,2,PIX,ATRASADO,e6288577-83de-45f9-9cb7-fa62004b89b9,2025-04-05,ERP_CORPORATIVO,TRANSACOES_FINANCEIRAS,14400,48cffdc011ec461f096a5825c7165d383a03c25a84ae152f6e74ea9469881c3b
TR-14401,2025-03-10,2025-03-01,ADM,1000075,DESPESA,4580.6707819429075,4381.449418700716,BRL,Manutenção estrutural vinculada à área ADM,3,BOLETO,PAGO,e6288577-83de-45f9-9cb7-fa62004b89b9,2025-04-05,ERP_CORPORATIVO,TRANSACOES_FINANCEIRAS,14401,3fe35c3e17f0caea88dd9e1d4237d39f16f5f5db98e8959da2e91813536c8e85
TR-14402,2025-03-10,2025-03-01,ATD,1000075,RECEITA,4527.712487066663,4303.3600447839535,BRL,Serviço especializado solicitado por ATD,1,TRANSFERENCIA,PAGO,e6288577-83de-45f9-9cb7-fa62004b89b9,2025-04-05,ERP_CORPORATIVO,TRANSACOES_FINANCEIRAS,14402,07475352a588b07376282ed801a76d0df910b75a93a3af7c42426e091c832ed3
TR-14403,2025-03-17,2025-03-01,PRD,1000075,RECEITA,10975.085608346082,10975.085608346082,BRL,Licenciamento de software - PRD,5,TRANSFERENCIA,ATRASADO,e6288577-83de-45f9-9cb7-fa62004b89b9,2025-04-05,ERP_CORPORATIVO,TRANSACOES_FINANCEIRAS,14403,7eafd980068daeaa1e0aa999cc69af2c22ee7d8f322bb90a09be27d7faa9c52d
TR-14404,2025-03-17,2025-03-01,COM,1000075,RECEITA,4988.718057617374,4988.718057617374,BRL,Manutenção estrutural vinculada à área COM,3,PIX,PAGO,e6288577-83de-45f9-9cb7-fa62004b89b9,2025-04-05,ERP_CORPORATIVO,TRANSACOES_FINANCEIRAS,14404,5eb38ad7a344529cad3ff0c73698cf97c0cf4de2446fac78d45bf182aa6bb8ee
TR-14405,2025-03-17,2025-03-01,PES,1000075,RECEITA,9071.84831800053,8997.694885340656,BRL,Despesa de infraestrutura - PES,3,PIX,PAGO,e6288577-83de-45f9-9cb7-fa62004b89b9,2025-04-05,ERP_CORPORATIVO,TRANSACOES_FINANCEIRAS,14405,3475f568c961c3f0b395939ff86135e65d21a5dc949862c167b40e349b72fa80
TR-14406,2025-03-11,2025-03-01,CPT,1000075,RECEITA,4211.058835004375,4054.1585069841294,BRL,Aquisição de material operacional - CPT,2,BOLETO,PAGO,e6288577-83de-45f9-9cb7-fa62004b89b9,2025-04-05,ERP_CORPORATIVO,TRANSACOES_FINANCEIRAS,14406,900966d73b0bd462a39359ef93a7300b8e85ddf4174a6ada18334e5f2b680437
TR-14407,2025-03-19,2025-03-01,COMP,1000075,RECEITA,4144.1850477917105,4144.1850477917105,BRL,Material de marketing solicitado por COMP,15,CARTAO,PAGO,e6288577-83de-45f9-9cb7-fa62004b89b9,2025-04-05,ERP_CORPORATIVO,TRANSACOES_FINANCEIRAS,14407,606bf761fc91db84fb7b93f67180e7c07c81db102a898df9f810b98214ec6e9d
TR-14408,2025-03-10,2025-03-01,OP,1000075,DESPESA,3631.2603808054805,3631.2603808054805,BRL,Despesa de infraestrutura - OP,3,PIX,CANCELADO,e6288577-83de-45f9-9cb7-fa62004b89b9,2025-04-05,ERP_CORPORATIVO,TRANSACOES_FINANCEIRAS,14408,3bb581f94b9e8fef63dba52b74514613b4e6122ef7d81ec5acfe8fdd7f05a8ce
TR-14409,2025-03-06,2025-03-01,MKT,1000075,RECEITA,4882.404068671182,4731.537920661742,BRL,Campanha institucional - MKT,4,TRANSFERENCIA,PAGO,e6288577-83de-45f9-9cb7-fa62004b89b9,2025-04-05,ERP_CORPORATIVO,TRANSACOES_FINANCEIRAS,14409,2b9eb5dba532034f610bf59be672145db72adba385747657241486709dee501c
TR-14410,2025-03-10,2025-03-01,CTB,1000075,RECEITA,4157.916515111429,4157.916515111429,BRL,Custo operacional associado a CTB,8,TED,ATRASADO,e6288577-83de-45f9-9cb7-fa62004b89b9,2025-04-05,ERP_CORPORATIVO,TRANSACOES_FINANCEIRAS,14410,96f7b55a05d2e7a904a14a9e61e8c94f271d4383f375f0ce8e02a557473d3734
TR-14411,2025-03-24,2025-03-01,FIN,1000075,DESPESA,6511.826821253969,6511.826821253969,BRL,Prestação de serviço para área FIN,1,BOLETO,PAGO,e6288577-83de-45f9-9cb7-fa62004b89b9,2025-04-05,ERP_CORPORATIVO,TRANSACOES_FINANCEIRAS,14411,9cb8d2b6a6ce405177714de4af8b1db2ee538d27a8481ed4d589509727128dd6
TR-14635,2025-03-11,2025-03-01,FIN,ACC-00077,DESPESA,1251.7824940683727,1251.7824940683727,BRL,Serviço especializado solicitado por FIN,1,CARTAO,PAGO,e6288577-83de-45f9-9cb7-fa62004b89b9,2025-04-05,ERP_CORPORATIVO,TRANSACOES_FINANCEIRAS,14635,143ad4d7035d4584663890914fd15de4745b96e950232e55f6a61c63d36ef76a
TR-14636,2025-03-19,2025-03-01,ESG,ACC-00077,DESPESA,1735.2258455251672,1677.7189052038902,BRL,Aquisição de material operacional - ESG,2,TED,PAGO,e6288577-83de-45f9-9cb7-fa62004b89b9,2025-04-05,ERP_CORPORATIVO,TRANSACOES_FINANCEIRAS,14636,8c1c8011e24c73636486ed6854f24d6bdb4cdb8cd9d40f8aff7830a91295cf67
TR-14637,2025-03-21,2025-03-01,TI,ACC-00077,DESPESA,1346.9510655078598,1346.9510655078598,BRL,Compra de insumos para setor TI,2,PIX,PAGO,e6288577-83de-45f9-9cb7-fa62004b89b9,2025-04-05,ERP_CORPORATIVO,TRANSACOES_FINANCEIRAS,14637,8b0ccab382dde5807508d94267869689a7625fa33ea0d4544520b6ce45576ff4
TR-14638,2025-03-19,2025-03-01,PES,ACC-00077,RECEITA,1119.8202371974032,1119.8202371974032,BRL,Serviço relacionado a recursos humanos (PES),6,TED,PAGO,e6288577-83de-45f9-9cb7-fa62004b89b9,2025-04-05,ERP_CORPORATIVO,TRANSACOES_FINANCEIRAS,14638,65e4a1509755be75b50f8e17667e14a464ec68a54c31d260bb3e41e7e3704bd9
TR-14639,2025-03-26,2025-03-01,QAS,ACC-00077,DESPESA,1494.5201521574857,1494.5201521574857,BRL,Aquisição de material operacional - QAS,2,BOLETO,PAGO,e6288577-83de-45f9-9cb7-fa62004b89b9,2025-04-05,ERP_CORPORATIVO,TRANSACOES_FINANCEIRAS,14639,4885cfcea076b80aa387cd55db9e0b82f49e0e7832350af84826711cd60d1e0a
TR-14640,2025-03-11,2025-03-01,JUR,ACC-00077,DESPESA,1496.8372694218644,1467.1982047658094,BRL,Serviço de tecnologia contratado por JUR,5,TRANSFERENCIA,PAGO,e6288577-83de-45f9-9cb7-fa62004b89b9,2025-04-05,ERP_CORPORATIVO,TRANSACOES_FINANCEIRAS,14640,1efeaab96893a045cff09ed4e3dd3ca6a4f660b96d69e9d821083aaeeb685a02
TR-14641,2025-03-31,2025-03-01,TI,ACC-00077,DESPESA,1330.875990856159,1301.176653335157,BRL,Aquisição de material operacional - TI,2,CARTAO,PAGO,e6288577-83de-45f9-9cb7-fa62004b89b9,2025-04-05,ERP_CORPORATIVO,TRANSACOES_FINANCEIRAS,14641,ebbbd9fcf2d55bccec3ec0f4e8f8b375f26e488317c110970d2d94f4f3cade3b
TR-14642,2025-03-05,2025-03-01,COM,ACC-00077,DESPESA,1510.7754418621098,1510.7754418621098,BRL,Hospedagem em viagem a serviço de COM,19,PIX,PAGO,e6288577-83de-45f9-9cb7-fa62004b89b9,2025-04-05,ERP_CORPORATIVO,TRANSACOES_FINANCEIRAS,14642,e47766b5feff268a951f54a3a3fd84a6c4785946a083b03b62f368e8ef1370af
TR-14643,2025-03-11,2025-03-01,RH,ACC-00077,DESPESA,1269.676582072687,1269.676582072687,BRL,Contrato de SaaS vinculado a RH,27,PIX,PAGO,e6288577-83de-45f9-9cb7-fa62004b89b9,2025-04-05,ERP_CORPORATIVO,TRANSACOES_FINANCEIRAS,14643,7d87e7049f55ec58c3c5cf68bd9791208e5bd4410f04260efac6bff5f4acbcdc
TR-14644,2025-03-17,2025-03-01,RH,ACC-00077,DESPESA,1339.1996378596298,1339.1996378596298,BRL,Capacitação profissional vinculada a RH,30,BOLETO,ATRASADO,e6288577-83de-45f9-9cb7-fa62004b89b9,2025-04-05,ERP_CORPORATIVO,TRANSACOES_FINANCEIRAS,14644,cf9ec13a07c559699e665dabbd805c4b4e5cb6a6a4ed380ced4fd15c7c6ba829
TR-14645,2025-03-12,2025-03-01,FIN,ACC-00077,DESPESA,1452.312628815203,1452.312628815203,BRL,Treinamento corporativo para equipe FIN,30,TED,PAGO,e6288577-83de-45f9-9cb7-fa62004b89b9,2025-04-05,ERP_CORPORATIVO,TRANSACOES_FINANCEIRAS,14645,75473659b332ecda23e2c79ed4ae020e5d47b3bbae841d82f27fda01eb4441a7
TR-14646,2025-03-10,2025-03-01,COM,ACC-00077,DESPESA,1531.458104263844,1514.7301673817149,BRL,Aquisição de material operacional - COM,2,BOLETO,CANCELADO,e6288577-83de-45f9-9cb7-fa62004b89b9,2025-04-05,ERP_CORPORATIVO,TRANSACOES_FINANCEIRAS,14646,728781b0bff7581b6b36fcebe166b1e13079946e0e3e1968fa39c418cb49cd79
TR-15042,2025-03-04,2025-03-01,ADM,ACC-00079,DESPESA,4262.658082187647,4262.658082187647,BRL,Receita de aluguel creditada em ADM,31,PIX,ATRASADO,e6288577-83de-45f9-9cb7-fa62004b89b9,2025-04-05,ERP_CORPORATIVO,TRANSACOES_FINANCEIRAS,15042,458985c4cfa62071cc1e407580bde87de17b9f4a8a18e8aa05f865b50f683d72
TR-15043,2025-03-05,2025-03-01,MKT,ACC-00079,DESPESA,4284.589325713327,4284.589325713327,BRL,Renovação de certificados digitais - MKT,26,PIX,PAGO,e6288577-83de-45f9-9cb7-fa62004b89b9,2025-04-05,ERP_CORPORATIVO,TRANSACOES_FINANCEIRAS,15043,aefc07ed66b0ecdda826f689b94f7d7cfcd7e3d9286c6d3b30cfd18e764bd184
TR-15044,2025-03-06,2025-03-01,ADM,ACC-00079,RECEITA,4015.6868919799895,3967.2828716581466,BRL,Aquisição de material operacional - ADM,2,PIX,PAGO,e6288577-83de-45f9-9cb7-fa62004b89b9,2025-04-05,ERP_CORPORATIVO,TRANSACOES_FINANCEIRAS,15044,8967430d3c78cbbd8799b0a9bad740d19b29c79779bfd64f63eaf808731b8baa
TR-15045,2025-03-24,2025-03-01,TI,ACC-00079,RECEITA,4816.454592202436,4816.454592202436,BRL,Tributo incidente sobre receita de TI,40,TED,PAGO,e6288577-83de-45f9-9cb7-fa62004b89b9,2025-04-05,ERP_CORPORATIVO,TRANSACOES_FINANCEIRAS,15045,0cb87caf4c7314a37d3de33b3346e578ddde05e157a4ac66b2aa6b9d29a03c23
TR-15046,2025-03-10,2025-03-01,ESG,ACC-00079,DESPESA,3587.184869321045,3587.184869321045,BRL,Aquisição de material operacional - ESG,2,TRANSFERENCIA,PAGO,e6288577-83de-45f9-9cb7-fa62004b89b9,2025-04-05,ERP_CORPORATIVO,TRANSACOES_FINANCEIRAS,15046,fe9992d3cc91905929a66f6b21ec2bfd3e42729dddc3afcc9c46524f6418c487
TR-15047,2025-03-10,2025-03-01,SEC,ACC-00079,DESPESA,4501.77704415519,4501.77704415519,BRL,Contrato de serviço - setor SEC,1,TED,CANCELADO,e6288577-83de-45f9-9cb7-fa62004b89b9,2025-04-05,ERP_CORPORATIVO,TRANSACOES_FINANCEIRAS,15047,26ec7b31def26f6aa8543fb8ecdfefea2144bc7c1d8ae5fe4b90eea3a3ea13bf
TR-15048,2025-03-05,2025-03-01,FIN,ACC-00079,DESPESA,4592.621126814483,4592.621126814483,USD,Contrato de serviço - setor FIN,1,PIX,PAGO,e6288577-83de-45f9-9cb7-fa62004b89b9,2025-04-05,ERP_CORPORATIVO,TRANSACOES_FINANCEIRAS,15048,628f2aa1097e0d7f9667eab3a92ed34fb4ff69cda18d41079d3b884b0cd30653
TR-15049,2025-03-24,2025-03-01,COMP,ACC-00079,DESPESA,4033.0214730933376,4033.0214730933376,BRL,Manutenção estrutural vinculada à área COMP,3,TED,CANCELADO,e6288577-83de-45f9-9cb7-fa62004b89b9,2025-04-05,ERP_CORPORATIVO,TRANSACOES_FINANCEIRAS,15049,f63606b54d919cbcfad9b8eb5786b930c833b9743c401e4026ac377b8d7610e0
TR-15050,2025-03-06,2025-03-01,COMP,ACC-00079,RECEITA,3601.2210565375785,3601.2210565375785,BRL,Serviço de tecnologia contratado por COMP,5,PIX,PAGO,e6288577-83de-45f9-9cb7-fa62004b89b9,2025-04-05,ERP_CORPORATIVO,TRANSACOES_FINANCEIRAS,15050,f49ca0e2f04ebff0714d09012a69d3177e886f7c7af6ab7d45db4ce76236a685
TR-15051,2025-03-18,2025-03-01,ATD,ACC-00079,RECEITA,4325.422086547857,4168.64078493421,BRL,Serviço relacionado a recursos humanos (ATD),6,BOLETO,CANCELADO,e6288577-83de-45f9-9cb7-fa62004b89b9,2025-04-05,ERP_CORPORATIVO,TRANSACOES_FINANCEIRAS,15051,6448a120a2f2f51f02b402151cebd1ff314753a20f9437ff647ce3b27bffedec
TR-15052,2025-03-13,2025-03-01,OP,ACC-00079,DESPESA,4692.227373797775,4519.550506523315,BRL,Compra de insumos para setor OP,2,CARTAO,PAGO,e6288577-83de-45f9-9cb7-fa62004b89b9,2025-04-05,ERP_CORPORATIVO,TRANSACOES_FINANCEIRAS,15052,2fb8c987b753ea13a4ea744218fad3ddaf038ea175f8fc4ac7a0f05ae5b1086b
TR-15053,2025-03-11,2025-03-01,COMP,ACC-00079,RECEITA,4970.18037233675,4970.18037233675,BRL,Despesa jurídica da área COMP,24,CARTAO,PAGO,e6288577-83de-45f9-9cb7-fa62004b89b9,2025-04-05,ERP_CORPORATIVO,TRANSACOES_FINANCEIRAS,15053,355baa32f125d73de693082df696ff30d06b50f54b8f813865eb26cdfd0b0a9a
TR-15054,2025-03-21,2025-03-01,PES,ACC-00079,DESPESA,4445.842385795089,4298.125095565601,BRL,Royalties recebidos por PES,32,BOLETO,CANCELADO,e6288577-83de-45f9-9cb7-fa62004b89b9,2025-04-05,ERP_CORPORATIVO,TRANSACOES_FINANCEIRAS,15054,4f7b71f2b1dc51ded304a16bc899d4bb37d6b5953364d746d80d5ce0b650b07f
TR-15055,2025-03-13,2025-03-01,PES,ACC-00079,DESPESA,3915.2746735446185,3915.2746735446185,BRL,Manutenção estrutural vinculada à área PES,3,PIX,PAGO,e6288577-83de-45f9-9cb7-fa62004b89b9,2025-04-05,ERP_CORPORATIVO,TRANSACOES_FINANCEIRAS,15055,cf6a953eae1c8eef5154c2b6c97e216ea5d8c00e348dd1aaecd3a08e6e0326f0
TR-15056,2025-03-03,2025-03-01,COM,ACC-00079,RECEITA,4461.96381380265,4302.57538744956,BRL,Evento corporativo organizado por COM,14,PIX,ATRASADO,e6288577-83de-45f9-9cb7-fa62004b89b9,2025-04-05,ERP_CORPORATIVO,TRANSACOES_FINANCEIRAS,15056,30cb0b8a38e0bde9d0f70f0da70e8c06e720e63277102cae4c28b13dda31eb1d
TR-15057,2025-03-10,2025-03-01,OP,ACC-00079,RECEITA,4376.772024363483,4291.8028305459975,BRL,Hospedagem em viagem a serviço de OP,19,BOLETO,ATRASADO,e6288577-83de-45f9-9cb7-fa62004b89b9,2025-04-05,ERP_CORPORATIVO,TRANSACOES_FINANCEIRAS,15057,73b0d29f6cf81d477c557ff46a05caf84c41017043359dafa32b19ff7da5ea1f
TR-15058,2025-03-14,2025-03-01,COM,ACC-00079,DESPESA,4299.264796990292,4236.242378730334,BRL,Abastecimento de veículos - COM,16,TRANSFERENCIA,ATRASADO,e6288577-83de-45f9-9cb7-fa62004b89b9,2025-04-05,ERP_CORPORATIVO,TRANSACOES_FINANCEIRAS,15058,51f6136043f08a27f39377575edffa3a2bae400db2d69be1740e3a8e4dc27bee
TR-15059,2025-03-07,2025-03-01,RH,ACC-00079,RECEITA,3810.63114384511,3810.63114384511,BRL,Compra de insumos para setor RH,2,CARTAO,PAGO,e6288577-83de-45f9-9cb7-fa62004b89b9,2025-04-05,ERP_CORPORATIVO,TRANSACOES_FINANCEIRAS,15059,a9d14ecee74386d87bb2d6aeb160def45bf05cf4c94570e90a42308cfaf25434
TR-15060,2025-03-07,2025-03-01,RH,ACC-00079,DESPESA,4419.846904564838,4419.846904564838,BRL,Serviço de tecnologia contratado por RH,5,TED,PAGO,e6288577-83de-45f9-9cb7-fa62004b89b9,2025-04-05,ERP_CORPORATIVO,TRANSACOES_FINANCEIRAS,15060,601417fb4f999974ddb6620ac90277e78bffdc03570f65a03fed63c9f66d8162
TR-15061,2025-03-10,2025-03-01,CPT,ACC-00079,RECEITA,4363.38798276132,4363.38798276132,BRL,Contrato de conectividade para área CPT,9,PIX,PAGO,e6288577-83de-45f9-9cb7-fa62004b89b9,2025-04-05,ERP_CORPORATIVO,TRANSACOES_FINANCEIRAS,15061,9872a56e7ca366c0aefa9354c4f2434d9c4df3b0532d301c2504b0d63f5c77cb
TR-15398,2025-03-14,2025-03-01,OP,1000080,DESPESA,2083.1748751962064,2083.1748751962064,BRL,Custo operacional associado a OP,8,BOLETO,PAGO,e6288577-83de-45f9-9cb7-fa62004b89b9,2025-04-05,ERP_CORPORATIVO,TRANSACOES_FINANCEIRAS,15398,0a322dbbcb397b503237bd08b575339ca0cc170100462126f21328cb0dcd311f
TR-15399,2025-03-25,2025-03-01,MKT,1000080,RECEITA,2227.24058238505,2227.24058238505,BRL,Assessoria contábil prestada a MKT,25,TED,PAGO,e6288577-83de-45f9-9cb7-fa62004b89b9,2025-04-05,ERP_CORPORATIVO,TRANSACOES_FINANCEIRAS,15399,097237479af0c1881613530238937cd98e9299d0bc47754061a283ae170380fb
TR-15400,2025-03-12,2025-03-01,VND,1000080,RECEITA,2673.231082499091,2673.231082499091,BRL,Receita eventual registrada em VND,37,TRANSFERENCIA,PAGO,e6288577-83de-45f9-9cb7-fa62004b89b9,2025-04-05,ERP_CORPORATIVO,TRANSACOES_FINANCEIRAS,15400,bb2524b261c6c072b63622166e2b78824fb41dc108601e638ceed6ef3ca24351
TR-15401,2025-03-05,2025-03-01,SEC,1000080,DESPESA,2539.978177283221,2497.0379371589415,BRL,Reparo de hardware solicitado por SEC,28,TRANSFERENCIA,ATRASADO,e6288577-83de-45f9-9cb7-fa62004b89b9,2025-04-05,ERP_CORPORATIVO,TRANSACOES_FINANCEIRAS,15401,b3ec372730bcf8a789a423de728eba0d1218411b8118c4bb1ceedc85ee8504a3
TR-15402,2025-03-14,2025-03-01,COMP,1000080,DESPESA,1836.4686534153059,1836.4686534153059,BRL,Despesa de infraestrutura - COMP,3,CARTAO,PAGO,e6288577-83de-45f9-9cb7-fa62004b89b9,2025-04-05,ERP_CORPORATIVO,TRANSACOES_FINANCEIRAS,15402,e9efd6a521b49afa8a8ec943effcc86cda7f7160120d3da20968263b6f0efd40
TR-15403,2025-03-24,2025-03-01,FIN,1000080,DESPESA,2081.0901323538337,2081.0901323538337,BRL,Contrato de serviço - setor FIN,1,TRANSFERENCIA,PAGO,e6288577-83de-45f9-9cb7-fa62004b89b9,2025-04-05,ERP_CORPORATIVO,TRANSACOES_FINANCEIRAS,15403,a101d2bb88e911464d37dabfc3bdac8d23e05defa41684274adcdaaf3ce8ddf2
TR-15404,2025-03-10,2025-03-01,COM,1000080,RECEITA,5367.170072284581,5329.630143472999,BRL,Custo operacional associado a COM,8,CARTAO,ATRASADO,e6288577-83de-45f9-9cb7-fa62004b89b9,2025-04-05,ERP_CORPORATIVO,TRANSACOES_FINANCEIRAS,15404,d5e740a722a6a4947fa88c04d7d2027317ea3b326fe8d166bace3870899d2044
TR-15405,2025-03-19,2025-03-01,OP,1000080,DESPESA,2604.2152004596473,2604.2152004596473,BRL,Renovação de certificados digitais - OP,26,PIX,PAGO,e6288577-83de-45f9-9cb7-fa62004b89b9,2025-04-05,ERP_CORPORATIVO,TRANSACOES_FINANCEIRAS,15405,5c8729705d84a856169d2bb23042a8f1f24a4c637ad0414a15ab1c87dd710806
TR-15406,2025-03-14,2025-03-01,FIN,1000080,DESPESA,2353.532333071528,2353.532333071528,BRL,Resultado de equivalência patrimonial - FIN,34,CARTAO,PAGO,e6288577-83de-45f9-9cb7-fa62004b89b9,2025-04-05,ERP_CORPORATIVO,TRANSACOES_FINANCEIRAS,15406,0143d2b386c236361ae410e75bc8abb6565c54cb5fda0f0c5e8c6ecb11e575c8
TR-15407,2025-03-14,2025-03-01,CPT,1000080,DESPESA,1782.042713004234,1725.3733677828432,BRL,Seguro contratado pela área CPT,21,TRANSFERENCIA,ATRASADO,e6288577-83de-45f9-9cb7-fa62004b89b9,2025-04-05,ERP_CORPORATIVO,TRANSACOES_FINANCEIRAS,15407,304fdfd267b935457372545410d76306d1d278541dcad1827c10eae907a0853e
TR-15408,2025-03-20,2025-03-01,VND,1000080,DESPESA,2042.6193054626758,2042.6193054626758,BRL,Contrato de serviço - setor VND,1,TRANSFERENCIA,PAGO,e6288577-83de-45f9-9cb7-fa62004b89b9,2025-04-05,ERP_CORPORATIVO,TRANSACOES_FINANCEIRAS,15408,ffd06e90c93bfe7eeee039cfc76314bb087c602a67d965f86c654eace65ee0d6
TR-15409,2025-03-27,2025-03-01,RH,1000080,DESPESA,2468.2399100453913,2468.2399100453913,BRL,Serviço relacionado a recursos humanos (RH),6,TED,PAGO,e6288577-83de-45f9-9cb7-fa62004b89b9,2025-04-05,ERP_CORPORATIVO,TRANSACOES_FINANCEIRAS,15409,9c0227843ba3afda135a4818230299f56894a7b024e71a3eb149540eecbea7bf
TR-15410,2025-03-11,2025-03-01,CTB,1000080,RECEITA,2344.1155119438818,2344.1155119438818,BRL,Serviço relacionado a recursos humanos (CTB),6,BOLETO,PAGO,e6288577-83de-45f9-9cb7-fa62004b89b9,2025-04-05,ERP_CORPORATIVO,TRANSACOES_FINANCEIRAS,15410,be7aac04aab62f17910125681fc1aed6c8132107d212ca3b202736000493c21b
TR-15411,2025-03-13,2025-03-01,MKT,1000080,RECEITA,2327.955471390252,2327.955471390252,BRL,Direitos de propriedade intelectual - MKT,32,CARTAO,PAGO,e6288577-83de-45f9-9cb7-fa62004b89b9,2025-04-05,ERP_CORPORATIVO,TRANSACOES_FINANCEIRAS,15411,7bb6b6015f1668e2ee106eb8826b53444ea7ceec6525c6783d16faeecb0fff23
TR-15647,2025-03-19,2025-03-01,MKT,1000081,DESPESA,2229.5274850745654,2187.216836247093,BRL,Devolução de venda processada por MKT,39,PIX,PAGO,e6288577-83de-45f9-9cb7-fa62004b89b9,2025-04-05,ERP_CORPORATIVO,TRANSACOES_FINANCEIRAS,15647,3edaf8632d9ec8f2863a1d3db7448a99cc71827ea26a38177a9aa624be5ed1d1
TR-15648,2025-03-12,2025-03-01,ADM,1000081,DESPESA,2322.827563721141,2322.827563721141,BRL,Aquisição de material operacional - ADM,2,PIX,PAGO,e6288577-83de-45f9-9cb7-fa62004b89b9,2025-04-05,ERP_CORPORATIVO,TRANSACOES_FINANCEIRAS,15648,54895a25a1461fcad3e18f47a35180cd635a4f2050a45c395604a935cfd7a455
TR-15649,2025-03-27,2025-03-01,PJT,1000081,DESPESA,1880.2683588605435,1880.2683588605435,BRL,Recebimento de subvenção - PJT,36,BOLETO,PAGO,e6288577-83de-45f9-9cb7-fa62004b89b9,2025-04-05,ERP_CORPORATIVO,TRANSACOES_FINANCEIRAS,15649,e505c1a987e13938f610a3ffe703d21719309dbca8ff43a5b7a886d05bee0518
TR-15650,2025-03-14,2025-03-01,COMP,1000081,RECEITA,1902.776645048615,1902.776645048615,BRL,Resultado de equivalência patrimonial - COMP,34,PIX,PAGO,e6288577-83de-45f9-9cb7-fa62004b89b9,2025-04-05,ERP_CORPORATIVO,TRANSACOES_FINANCEIRAS,15650,850b058f9e337da4ff52a29269ef01f4b128e8591077751d6474d1566f5eed8d
TR-15651,2025-03-11,2025-03-01,RH,1000081,RECEITA,1962.7957474886898,1908.9321497034477,BRL,Despesa de RH - RH,6,PIX,PAGO,e6288577-83de-45f9-9cb7-fa62004b89b9,2025-04-05,ERP_CORPORATIVO,TRANSACOES_FINANCEIRAS,15651,62711893dfcc56ca508a7ed3eec36a1496b5c680bbcf8ed13bc53515ba174bfb
TR-15652,2025-03-12,2025-03-01,ESG,1000081,RECEITA,1920.565348973047,1920.565348973047,BRL,Custo operacional associado a ESG,8,BOLETO,CANCELADO,e6288577-83de-45f9-9cb7-fa62004b89b9,2025-04-05,ERP_CORPORATIVO,TRANSACOES_FINANCEIRAS,15652,4bb180540bdf5e6c5b927db70a2ee84c9be8956fae1cfa93b2c8bc49dc60e4fb
TR-15653,2025-03-21,2025-03-01,PES,1000081,DESPESA,2286.1726475201494,2223.8335660967996,BRL,Serviço especializado solicitado por PES,1,CARTAO,PAGO,e6288577-83de-45f9-9cb7-fa62004b89b9,2025-04-05,ERP_CORPORATIVO,TRANSACOES_FINANCEIRAS,15653,6a670938ec19232d28731eaab5f2b70f75f4b10fb55dc4cf3c86771468ca386b
TR-15654,2025-03-17,2025-03-01,RH,1000081,DESPESA,1756.8739247410654,1731.0781686002204,BRL,Receita de aluguel creditada em RH,31,BOLETO,PAGO,e6288577-83de-45f9-9cb7-fa62004b89b9,2025-04-05,ERP_CORPORATIVO,TRANSACOES_FINANCEIRAS,15654,905511e93d64386a4d98a73926578abe95f3e8145ede5a76768d3324cfa04c8f
TR-15655,2025-03-14,2025-03-01,FIN,1000081,DESPESA,2154.9509029493433,2154.9509029493433,BRL,Diária de hotel para equipe FIN,19,TED,PAGO,e6288577-83de-45f9-9cb7-fa62004b89b9,2025-04-05,ERP_CORPORATIVO,TRANSACOES_FINANCEIRAS,15655,1dfdefa4ba607a94400e6339b2a771852614f9d7864895dae5a0ec845ce9a263
TR-15656,2025-03-03,2025-03-01,COM,1000081,DESPESA,2344.7234076871896,2344.7234076871896,BRL,Custo operacional associado a COM,8,BOLETO,PAGO,e6288577-83de-45f9-9cb7-fa62004b89b9,2025-04-05,ERP_CORPORATIVO,TRANSACOES_FINANCEIRAS,15656,17dfbbc24c9655b6d078c7c169d64e9760b3f88797865cdb98f62a28768ced58
TR-15657,2025-03-24,2025-03-01,VND,1000081,RECEITA,1926.3434997264123,1926.3434997264123,BRL,Despesa operacional - VND,8,PIX,PAGO,e6288577-83de-45f9-9cb7-fa62004b89b9,2025-04-05,ERP_CORPORATIVO,TRANSACOES_FINANCEIRAS,15657,b324fe2d3f6d01a16f7c380e2b1b805544ef1067216bed7527bcbf14b0facd9c
TR-15658,2025-03-18,2025-03-01,COM,1000081,RECEITA,2364.824254717118,2364.824254717118,BRL,Serviço especializado solicitado por COM,1,PIX,CANCELADO,e6288577-83de-45f9-9cb7-fa62004b89b9,2025-04-05,ERP_CORPORATIVO,TRANSACOES_FINANCEIRAS,15658,0487ee5741e3db17f13158ebdb62e3514365ed06a629cf0a97b0a0a7352ecaa6
TR-15659,2025-03-25,2025-03-01,PES,1000081,DESPESA,2291.555500202186,2291.555500202186,EUR,Evento corporativo organizado por PES,14,PIX,PAGO,e6288577-83de-45f9-9cb7-fa62004b89b9,2025-04-05,ERP_CORPORATIVO,TRANSACOES_FINANCEIRAS,15659,cad439251acdb474e510a7983a5d1e5eaa04b33fd8b3e30adce0b77ff5d5e56d
TR-15660,2025-03-06,2025-03-01,ATD,1000081,DESPESA,4689.318831313471,4633.826303003514,USD,Manutenção preventiva de veículos - ATD,17,TED,PAGO,e6288577-83de-45f9-9cb7-fa62004b89b9,2025-04-05,ERP_CORPORATIVO,TRANSACOES_FINANCEIRAS,15660,0b27786b8fe06d9ea4921614dc8da4f314d8cd235e9dde1235d879d7815db54b
TR-15936,2025-03-18,2025-03-01,FIN,ACC-00083,DESPESA,2747.7197257646253,2747.7197257646253,BRL,Assessoria contábil prestada a FIN,25,TED,PAGO,e6288577-83de-45f9-9cb7-fa62004b89b9,2025-04-05,ERP_CORPORATIVO,TRANSACOES_FINANCEIRAS,15936,cacfd9253f0a8f092cb6e8fd8a33aeeb4214b1e63a2cbffac9c8fb28547f5e30
TR-15937,2025-03-04,2025-03-01,COM,ACC-00083,RECEITA,2955.8436279023344,2955.8436279023344,BRL,Certificado digital adquirido por COM,26,PIX,PAGO,e6288577-83de-45f9-9cb7-fa62004b89b9,2025-04-05,ERP_CORPORATIVO,TRANSACOES_FINANCEIRAS,15937,a964ed3d50f42ca6a72c72d4b8982f5f07fd52b66611473a6adea88ec3d3050f
TR-15938,2025-03-12,2025-03-01,OP,ACC-00083,DESPESA,2373.0098507406037,2373.0098507406037,BRL,Serviço de tecnologia contratado por OP,5,BOLETO,ATRASADO,e6288577-83de-45f9-9cb7-fa62004b89b9,2025-04-05,ERP_CORPORATIVO,TRANSACOES_FINANCEIRAS,15938,eb31026c189afc180cd0b1f996f60187b64f0290a73e87dbb3639445c40bf5f3
TR-15939,2025-03-24,2025-03-01,QAS,ACC-00083,RECEITA,2299.0044504485218,2299.0044504485218,BRL,Aquisição de material operacional - QAS,2,BOLETO,PAGO,e6288577-83de-45f9-9cb7-fa62004b89b9,2025-04-05,ERP_CORPORATIVO,TRANSACOES_FINANCEIRAS,15939,d05f19fd44dc549bd1ef6afed0fcaee6e5042242b2c3226fefe2b0616c80d5c1
TR-15940,2025-03-19,2025-03-01,COMP,ACC-00083,RECEITA,2629.204465867696,2629.204465867696,BRL,Assessoria legal vinculada à área COMP,7,TED,PAGO,e6288577-83de-45f9-9cb7-fa62004b89b9,2025-04-05,ERP_CORPORATIVO,TRANSACOES_FINANCEIRAS,15940,1fa56ddf11caabf5c7390152f97d92f86a4056ed00e913a86095be961537a052
TR-15941,2025-03-24,2025-03-01,CTB,ACC-00083,DESPESA,2470.5120709527755,2431.5382063006064,BRL,Campanha institucional - CTB,4,CARTAO,PAGO,e6288577-83de-45f9-9cb7-fa62004b89b9,2025-04-05,ERP_CORPORATIVO,TRANSACOES_FINANCEIRAS,15941,6ebd7e3d1843cdd888a88a390c45e9d8d622c6e1dfe23467e4f4167fc51164f0
TR-15942,2025-03-17,2025-03-01,OP,ACC-00083,DESPESA,2245.2580481246014,2245.2580481246014,BRL,Compra de insumos para setor OP,2,BOLETO,PAGO,e6288577-83de-45f9-9cb7-fa62004b89b9,2025-04-05,ERP_CORPORATIVO,TRANSACOES_FINANCEIRAS,15942,dad26abaa6890b12e637669313d06450c18ea08fc46df15cc6b23390b833f6ec
TR-15943,2025-03-18,2025-03-01,MKT,ACC-00083,RECEITA,3030.215900472135,3030.215900472135,BRL,Prestação de serviço para área MKT,1,PIX,ATRASADO,e6288577-83de-45f9-9cb7-fa62004b89b9,2025-04-05,ERP_CORPORATIVO,TRANSACOES_FINANCEIRAS,15943,68f1c5bb8b4af7baea216151c2c28ed975ec2413ef09b6c4e9708cbbad7ca395
TR-15944,2025-03-25,2025-03-01,COMP,ACC-00083,DESPESA,2599.3750085168267,2599.3750085168267,BRL,Prestação de serviço para área COMP,1,TRANSFERENCIA,CANCELADO,e6288577-83de-45f9-9cb7-fa62004b89b9,2025-04-05,ERP_CORPORATIVO,TRANSACOES_FINANCEIRAS,15944,4e6fa822137a5b0e9c9356f543a54e1ff5d10cfca3eee0f5598fb19aff5d07d1
TR-15945,2025-03-21,2025-03-01,CTB,ACC-00083,DESPESA,2718.318290603996,2663.2292447165205,EUR,Publicidade institucional - CTB,13,BOLETO,PAGO,e6288577-83de-45f9-9cb7-fa62004b89b9,2025-04-05,ERP_CORPORATIVO,TRANSACOES_FINANCEIRAS,15945,6704865bff8a38dd1d1c152d03467c6dc703f9fb6a8be289cf9648dd333553a0
TR-15946,2025-03-12,2025-03-01,PRD,ACC-00083,DESPESA,2852.7974670267718,2852.7974670267718,BRL,Despesa operacional - PRD,8,TED,PAGO,e6288577-83de-45f9-9cb7-fa62004b89b9,2025-04-05,ERP_CORPORATIVO,TRANSACOES_FINANCEIRAS,15946,a6e5deaf842e3c3d6865ca2c57f5c21e8ab5cdc443e8020e3aaadb116955f880
TR-15947,2025-03-17,2025-03-01,OP,ACC-00083,RECEITA,2958.9469153320033,2958.9469153320033,USD,Comissão recebida por OP,33,BOLETO,PAGO,e6288577-83de-45f9-9cb7-fa62004b89b9,2025-04-05,ERP_CORPORATIVO,TRANSACOES_FINANCEIRAS,15947,f979e777242adb2ada453abd9f58e7c557f6015e35573281be9675b96269ff82
TR-15948,2025-03-04,2025-03-01,FIN,ACC-00083,RECEITA,2894.091912609728,2894.091912609728,BRL,Combustível e lubrificantes para frota (FIN),16,BOLETO,PAGO,e6288577-83de-45f9-9cb7-fa62004b89b9,2025-04-05,ERP_CORPORATIVO,TRANSACOES_FINANCEIRAS,15948,dcb74638aa8d8cf5b9d5620d30803ee57a6e2ac7ae13aea11f04027dc7ed7e17
TR-15949,2025-03-24,2025-03-01,COMP,ACC-00083,DESPESA,2870.798137810294,2870.798137810294,BRL,Manutenção de equipamentos de COMP,28,BOLETO,PAGO,e6288577-83de-45f9-9cb7-fa62004b89b9,2025-04-05,ERP_CORPORATIVO,TRANSACOES_FINANCEIRAS,15949,10fd348cbbd26d0bd02fc8e29efc09e3883eb0ccd16ad8f54e38bee7ba6ffb09
TR-15950,2025-03-24,2025-03-01,FIN,ACC-00083,DESPESA,2948.59326130943,2948.59326130943,BRL,Aquisição de material operacional - FIN,2,CARTAO,PAGO,e6288577-83de-45f9-9cb7-fa62004b89b9,2025-04-05,ERP_CORPORATIVO,TRANSACOES_FINANCEIRAS,15950,fd150b53d24ff69b060c70358d15df42d04b42268bb6647aa9c477076b0c01db
TR-15951,2025-03-11,2025-03-01,COMP,ACC-00083,DESPESA,1353.0226025773932,1353.0226025773932,BRL,Receita extraordinária - COMP,37,BOLETO,PAGO,e6288577-83de-45f9-9cb7-fa62004b89b9,2025-04-05,ERP_CORPORATIVO,TRANSACOES_FINANCEIRAS,15951,e026c648a1a615f9ad2ee424a2591d2422f4067cc66b5fce101ceb57768f35b1
TR-15952,2025-03-10,2025-03-01,VND,ACC-00083,DESPESA,2619.8361929532757,2549.3742181403786,BRL,Reparo de hardware solicitado por VND,28,TRANSFERENCIA,PAGO,e6288577-83de-45f9-9cb7-fa62004b89b9,2025-04-05,ERP_CORPORATIVO,TRANSACOES_FINANCEIRAS,15952,0b8d4be13336ea0eccc5a6a614e7b29140b685e5751c783d2d18560fa23c41c0
TR-15954,2025-03-31,2025-03-01,COMP,ACC-00083,DESPESA,2983.8062366041213,2841.7604816314697,BRL,Serviço de tecnologia contratado por COMP,5,PIX,CANCELADO,e6288577-83de-45f9-9cb7-fa62004b89b9,2025-04-05,ERP_CORPORATIVO,TRANSACOES_FINANCEIRAS,15954,2fa86a024531235438e47f700883aa3fb340db4a0548effd127c2d608a63ee54
TR-16187,2025-03-17,2025-03-01,ADM,FORN-00084,DESPESA,4177.960450129215,4055.530521581907,BRL,Assessoria legal vinculada à área ADM,7,TED,PAGO,e6288577-83de-45f9-9cb7-fa62004b89b9,2025-04-05,ERP_CORPORATIVO,TRANSACOES_FINANCEIRAS,16187,cea553d7f35e8ff5c5adff0da96bf0419a8bd4e4cd0426a550d27990e577e2f9
TR-16188,2025-03-07,2025-03-01,COM,FORN-00084,DESPESA,4213.356674990373,4213.356674990373,BRL,Comissão recebida por COM,33,BOLETO,PAGO,e6288577-83de-45f9-9cb7-fa62004b89b9,2025-04-05,ERP_CORPORATIVO,TRANSACOES_FINANCEIRAS,16188,dde536349a9dbd6a8d6d31a5702579e9ee6fc1976e76543290945ebc89c2037a
TR-16189,2025-03-17,2025-03-01,ATD,FORN-00084,DESPESA,5151.908500036368,4961.045392991738,BRL,Serviço de tecnologia contratado por ATD,5,PIX,CANCELADO,e6288577-83de-45f9-9cb7-fa62004b89b9,2025-04-05,ERP_CORPORATIVO,TRANSACOES_FINANCEIRAS,16189,c6555122d8f1d153a859c56298f3f7ab6f5ad90c2dd2a23b8608b5120d37fd82
TR-16190,2025-03-17,2025-03-01,VND,FORN-00084,DESPESA,5204.945431050725,5152.691170001445,BRL,Serviço especializado solicitado por VND,1,TRANSFERENCIA,PAGO,e6288577-83de-45f9-9cb7-fa62004b89b9,2025-04-05,ERP_CORPORATIVO,TRANSACOES_FINANCEIRAS,16190,4e073fd5420ca33def1c733196fb434e1bbe2200cee4f6f6f2dfc514d31b6ca2
TR-16191,2025-03-18,2025-03-01,ADM,FORN-00084,DESPESA,3979.3758286002367,3979.3758286002367,BRL,Aquisição de material operacional - ADM,2,TED,CANCELADO,e6288577-83de-45f9-9cb7-fa62004b89b9,2025-04-05,ERP_CORPORATIVO,TRANSACOES_FINANCEIRAS,16191,2ddec4acc4e646092a59f2819086309336b31525b10b07dae23e4c4d7db7c752
TR-16192,2025-03-24,2025-03-01,TI,FORN-00084,RECEITA,5184.158724171772,5184.158724171772,BRL,Manutenção estrutural vinculada à área TI,3,PIX,PAGO,e6288577-83de-45f9-9cb7-fa62004b89b9,2025-04-05,ERP_CORPORATIVO,TRANSACOES_FINANCEIRAS,16192,e89e35a1f04287c677d63b6b30a9f3176debc35c6506d90405072810ee679781
TR-16193,2025-03-13,2025-03-01,PJT,FORN-00084,RECEITA,4569.5616925696295,4435.649853759808,USD,Despesa de RH - PJT,6,TED,PAGO,e6288577-83de-45f9-9cb7-fa62004b89b9,2025-04-05,ERP_CORPORATIVO,TRANSACOES_FINANCEIRAS,16193,42d839693ef3ceb5478df502693a8960261435b090a6423c0c6a0f9a3c7d915f
TR-16194,2025-03-17,2025-03-01,COMP,FORN-00084,RECEITA,4641.75385206845,4641.75385206845,BRL,Prestação de serviço para área COMP,1,PIX,PAGO,e6288577-83de-45f9-9cb7-fa62004b89b9,2025-04-05,ERP_CORPORATIVO,TRANSACOES_FINANCEIRAS,16194,e960c1a97f0fc1340b90d9b957180ba03b27aa2d43831d056a6953d125366b22
TR-16335,2025-03-17,2025-03-01,JUR,1000084,DESPESA,3425.221286520862,3298.7258621171277,BRL,Suporte técnico para sistemas de JUR,29,BOLETO,PAGO,e6288577-83de-45f9-9cb7-fa62004b89b9,2025-04-05,ERP_CORPORATIVO,TRANSACOES_FINANCEIRAS,16335,0b1f7ae4bb3969e3dece34dc471949e71d66baaebc6d8c73c642e93c6c0f390e
TR-16336,2025-03-14,2025-03-01,ADM,1000084,DESPESA,3648.953624497471,3554.381520708034,BRL,Locação de espaço comercial - ADM,31,TED,PAGO,e6288577-83de-45f9-9cb7-fa62004b89b9,2025-04-05,ERP_CORPORATIVO,TRANSACOES_FINANCEIRAS,16336,09e4760d139f695e551255803687230a1145347ae7be5f7f1e53de3760a86043
TR-16337,2025-03-21,2025-03-01,COMP,1000084,RECEITA,3712.9722908002336,3712.9722908002336,BRL,Despesa de infraestrutura - COMP,3,BOLETO,PAGO,e6288577-83de-45f9-9cb7-fa62004b89b9,2025-04-05,ERP_CORPORATIVO,TRANSACOES_FINANCEIRAS,16337,c89de5db684c7530fbfa434b8b88a5c38f7d9436cce3320a0694e453a8d8f3b2
TR-16338,2025-03-24,2025-03-01,SEC,1000084,DESPESA,3197.9311393494904,3197.9311393494904,BRL,Apólice de seguro - SEC,21,PIX,PAGO,e6288577-83de-45f9-9cb7-fa62004b89b9,2025-04-05,ERP_CORPORATIVO,TRANSACOES_FINANCEIRAS,16338,6d1d8114f9b7376a40ec0af84de758c4c4e4d9e2b52c1d555263110e2148baef
TR-16339,2025-03-13,2025-03-01,TI,1000084,DESPESA,3782.9077830782403,3703.9599357146285,BRL,Atendimento de TI requisitado por TI,29,PIX,CANCELADO,e6288577-83de-45f9-9cb7-fa62004b89b9,2025-04-05,ERP_CORPORATIVO,TRANSACOES_FINANCEIRAS,16339,9db00516261c8782b8244032798cad31546b83a527963338d088e503eed57834
TR-16340,2025-03-10,2025-03-01,COMP,1000084,DESPESA,4451.372914284973,4451.372914284973,BRL,Resultado de equivalência patrimonial - COMP,34,CARTAO,PAGO,e6288577-83de-45f9-9cb7-fa62004b89b9,2025-04-05,ERP_CORPORATIVO,TRANSACOES_FINANCEIRAS,16340,4f3657375659138adc284e23f764c94ecbfedf82b7637e524c7aebb611835cd4
TR-16341,2025-03-21,2025-03-01,COM,1000084,DESPESA,3962.0096135483436,3962.0096135483436,BRL,Receita de aluguel creditada em COM,31,PIX,PAGO,e6288577-83de-45f9-9cb7-fa62004b89b9,2025-04-05,ERP_CORPORATIVO,TRANSACOES_FINANCEIRAS,16341,5de284826034b248b1965bc5457ce1bb98f4e6a4c06ba3438ba13114e7437c4d
TR-16342,2025-03-20,2025-03-01,COM,1000084,DESPESA,3850.3021080617973,3850.3021080617973,BRL,Reparo de hardware solicitado por COM,28,PIX,CANCELADO,e6288577-83de-45f9-9cb7-fa62004b89b9,2025-04-05,ERP_CORPORATIVO,TRANSACOES_FINANCEIRAS,16342,080eaa7a1ad4c5e8d4d08cb0b4704035d88cda033e30080a4325b7ec1921bf48
TR-16343,2025-03-18,2025-03-01,MKT,1000084,RECEITA,3780.230390390344,3666.7125920558215,BRL,Combustível e lubrificantes para frota (MKT),16,PIX,PAGO,e6288577-83de-45f9-9cb7-fa62004b89b9,2025-04-05,ERP_CORPORATIVO,TRANSACOES_FINANCEIRAS,16343,648c6320fe0ea2d45a45ef371458a24262d2124fd4d45d6bf7ddf9c47f948efc
TR-16682,2025-03-13,2025-03-01,COM,1000085,DESPESA,2826.174724342059,2826.174724342059,BRL,Despesa operacional - COM,8,CARTAO,ATRASADO,e6288577-83de-45f9-9cb7-fa62004b89b9,2025-04-05,ERP_CORPORATIVO,TRANSACOES_FINANCEIRAS,16682,1c87b54fff81d300cdb6a180c83c13f007388691d00355b5f27dfdfc05d023c9
TR-16683,2025-03-11,2025-03-01,FIN,1000085,DESPESA,3177.333207571674,3177.333207571674,USD,Honorarium advocatício - FIN,24,TED,PAGO,e6288577-83de-45f9-9cb7-fa62004b89b9,2025-04-05,ERP_CORPORATIVO,TRANSACOES_FINANCEIRAS,16683,257d9d256864d9c1db0207ab62699b88d71aa8afcd78a0cb8ece9a2c64dbebf5
TR-16684,2025-03-07,2025-03-01,PES,1000085,RECEITA,2848.4390208450086,2848.4390208450086,BRL,Tarifas de serviços financeiros - PES,22,BOLETO,PAGO,e6288577-83de-45f9-9cb7-fa62004b89b9,2025-04-05,ERP_CORPORATIVO,TRANSACOES_FINANCEIRAS,16684,fa2c84cee1efd856b1b1055a36274924783c17e0771569abcd2bfb5d86ec704f
TR-16685,2025-03-11,2025-03-01,COMP,1000085,DESPESA,879.9358053605207,879.9358053605207,BRL,Licenciamento de software - COMP,5,TED,PAGO,e6288577-83de-45f9-9cb7-fa62004b89b9,2025-04-05,ERP_CORPORATIVO,TRANSACOES_FINANCEIRAS,16685,2a7b6cd657987178048994a507b9e0d48836d6713561f1651e3372515911c8fa
TR-16686,2025-03-11,2025-03-01,MKT,1000085,DESPESA,2788.186222283255,2788.186222283255,BRL,Devolução de venda processada por MKT,39,PIX,PAGO,e6288577-83de-45f9-9cb7-fa62004b89b9,2025-04-05,ERP_CORPORATIVO,TRANSACOES_FINANCEIRAS,16686,feba707e83fd32a2a70a538a2a7122b7ab028ed952360a427e943dcd2e184589
TR-16687,2025-03-12,2025-03-01,CTB,1000085,RECEITA,3420.5225748365087,3420.5225748365087,BRL,Despesa de RH - CTB,6,BOLETO,PAGO,e6288577-83de-45f9-9cb7-fa62004b89b9,2025-04-05,ERP_CORPORATIVO,TRANSACOES_FINANCEIRAS,16687,97aae5b82cc02d7127fe88ae190c02e5f828c7348d95f57314ec944f835fd300
TR-16688,2025-03-11,2025-03-01,RH,1000085,RECEITA,3627.669766220983,3511.2888863035846,BRL,Alienação de bem patrimonial - RH,35,TED,PAGO,e6288577-83de-45f9-9cb7-fa62004b89b9,2025-04-05,ERP_CORPORATIVO,TRANSACOES_FINANCEIRAS,16688,3f796ff1aeac12d3dd71bbaa4477d37a94a152397d401650965d94c69b7bc9be
TR-16689,2025-03-03,2025-03-01,RH,1000085,RECEITA,2530.1550078817163,2530.1550078817163,BRL,Devolução de venda processada por RH,39,CARTAO,PAGO,e6288577-83de-45f9-9cb7-fa62004b89b9,2025-04-05,ERP_CORPORATIVO,TRANSACOES_FINANCEIRAS,16689,c87181058e303ae7b40e91799420ba7b579bd07266c08bfcefdf0cf30f15e162
TR-16690,2025-03-11,2025-03-01,OP,1000085,RECEITA,3220.5594976736006,3220.5594976736006,BRL,Recebimento de subvenção - OP,36,PIX,PAGO,e6288577-83de-45f9-9cb7-fa62004b89b9,2025-04-05,ERP_CORPORATIVO,TRANSACOES_FINANCEIRAS,16690,24783c49bb26193fce66926c0c6fe8f56a43168bd186dba6fe459cb3bee81a50
TR-16691,2025-03-03,2025-03-01,TI,1000085,DESPESA,2633.0858086389753,2633.0858086389753,BRL,Venda de ativo imobilizado por TI,35,PIX,PAGO,e6288577-83de-45f9-9cb7-fa62004b89b9,2025-04-05,ERP_CORPORATIVO,TRANSACOES_FINANCEIRAS,16691,23b938735910fef9c02bec33dd13e48651a08f3b7955ab7fbd52d12bf7fbcf22
TR-16692,2025-03-19,2025-03-01,RH,1000085,DESPESA,2726.4348781438653,2726.4348781438653,BRL,Venda de ativo imobilizado por RH,35,BOLETO,PAGO,e6288577-83de-45f9-9cb7-fa62004b89b9,2025-04-05,ERP_CORPORATIVO,TRANSACOES_FINANCEIRAS,16692,b1eb3ce80217e1d646183b26d60e0744d1f119d58df1248bd2ec79c82628d748
TR-16693,2025-03-10,2025-03-01,SEC,1000085,DESPESA,3003.8093060159017,3003.8093060159017,BRL,Contrato de serviço - setor SEC,1,BOLETO,PAGO,e6288577-83de-45f9-9cb7-fa62004b89b9,2025-04-05,ERP_CORPORATIVO,TRANSACOES_FINANCEIRAS,16693,b0929b755aa2333578498b2dc27001b75a209ff5fde3d54df0c91a590cf12d75
TR-16694,2025-03-07,2025-03-01,JUR,1000085,RECEITA,3089.2153170051033,3089.2153170051033,BRL,Consultoria estratégica para área JUR,12,TED,PAGO,e6288577-83de-45f9-9cb7-fa62004b89b9,2025-04-05,ERP_CORPORATIVO,TRANSACOES_FINANCEIRAS,16694,3e9dd0d36222e01043277a1efa105b131b4d4c91cf0b3b468bfd3e20889eba69
TR-16695,2025-03-17,2025-03-01,VND,1000085,RECEITA,2735.0864287837526,2672.241286776687,BRL,Contrato de conectividade para área VND,9,TRANSFERENCIA,ATRASADO,e6288577-83de-45f9-9cb7-fa62004b89b9,2025-04-05,ERP_CORPORATIVO,TRANSACOES_FINANCEIRAS,16695,3cd48ccb6d1c4a4d2ffdd942f3c219fcdd2d6f1eda889758b8c932c21be71e76
TR-16696,2025-03-26,2025-03-01,COMP,1000085,RECEITA,3126.762345399218,3126.762345399218,BRL,Taxas bancárias incidentes em COMP,22,TED,PAGO,e6288577-83de-45f9-9cb7-fa62004b89b9,2025-04-05,ERP_CORPORATIVO,TRANSACOES_FINANCEIRAS,16696,55795b04dca4c869e9d91bb21a964430ef8f77a2d4aa18c133d36e45aa14a734
TR-16697,2025-03-24,2025-03-01,TI,1000085,DESPESA,3311.5141391114666,3311.5141391114666,BRL,Manutenção estrutural vinculada à área TI,3,BOLETO,PAGO,e6288577-83de-45f9-9cb7-fa62004b89b9,2025-04-05,ERP_CORPORATIVO,TRANSACOES_FINANCEIRAS,16697,42a888e2d812a59e2a317b953e3ed291b6846dc08ad95a6f085037499fe35f79
TR-16698,2025-03-17,2025-03-01,OP,1000085,RECEITA,3163.9804003591134,3163.9804003591134,BRL,Honorarium advocatício - OP,24,PIX,ATRASADO,e6288577-83de-45f9-9cb7-fa62004b89b9,2025-04-05,ERP_CORPORATIVO,TRANSACOES_FINANCEIRAS,16698,cb662279bb25bec66c1c8cf26a0a2479fbb977a21e32466c266ac0980e8e9106
TR-17061,2025-03-12,2025-03-01,OP,FORN-00087,DESPESA,7190.199577734124,7093.636652581425,BRL,Campanha institucional - OP,4,CARTAO,PAGO,e6288577-83de-45f9-9cb7-fa62004b89b9,2025-04-05,ERP_CORPORATIVO,TRANSACOES_FINANCEIRAS,17061,7f4b4fc4c43c5ac6fb5ad4c88158f37c639ae4073279551f44374ad38c4bd470
TR-17062,2025-03-21,2025-03-01,TI,FORN-00087,RECEITA,2390.084337692169,2390.084337692169,BRL,Seguro contratado pela área TI,21,PIX,ATRASADO,e6288577-83de-45f9-9cb7-fa62004b89b9,2025-04-05,ERP_CORPORATIVO,TRANSACOES_FINANCEIRAS,17062,36371088f0ab5fe9b166b293d6194a6a63f82ed272ec6130827b0c3fae9c3d0f
TR-17063,2025-03-03,2025-03-01,CPT,FORN-00087,RECEITA,2729.8883167805784,2729.8883167805784,USD,Compra de insumos para setor CPT,2,BOLETO,PAGO,e6288577-83de-45f9-9cb7-fa62004b89b9,2025-04-05,ERP_CORPORATIVO,TRANSACOES_FINANCEIRAS,17063,5af63e91d4e2062178b5451baeefd2421ac8939a79415d55ef4ae386568ff687
TR-17064,2025-03-13,2025-03-01,ADM,FORN-00087,DESPESA,3185.8871431939115,3185.8871431939115,BRL,Serviço de telefonia e internet - ADM,9,CARTAO,PAGO,e6288577-83de-45f9-9cb7-fa62004b89b9,2025-04-05,ERP_CORPORATIVO,TRANSACOES_FINANCEIRAS,17064,838346883a5183a65d9a6ec783c60a6987f2f6430d28ade01a32fc87ef73cc8f
TR-17065,2025-03-13,2025-03-01,TI,FORN-00087,DESPESA,1323.070354721145,1278.0068846055708,BRL,Manutenção estrutural vinculada à área TI,3,PIX,PAGO,e6288577-83de-45f9-9cb7-fa62004b89b9,2025-04-05,ERP_CORPORATIVO,TRANSACOES_FINANCEIRAS,17065,74c96ab76f68caf7758e6a5a32eb9e3c2cdc04511ed637acde43aa174037eb76
TR-17066,2025-03-12,2025-03-01,MKT,FORN-00087,RECEITA,2458.734031056614,2458.734031056614,BRL,Serviço especializado solicitado por MKT,1,CARTAO,PAGO,e6288577-83de-45f9-9cb7-fa62004b89b9,2025-04-05,ERP_CORPORATIVO,TRANSACOES_FINANCEIRAS,17066,c054aec059e4df2baaaf711933fc5cb1f4a374bb7626d0bfef8bfba9c1b440b8
TR-17067,2025-03-19,2025-03-01,FIN,FORN-00087,RECEITA,2380.179436254621,2380.179436254621,BRL,Promoção e atividade externa - FIN,14,TED,PAGO,e6288577-83de-45f9-9cb7-fa62004b89b9,2025-04-05,ERP_CORPORATIVO,TRANSACOES_FINANCEIRAS,17067,5ab882197b364184f2f83e8a7e3a6318838f1473aa886f1746b017f0284df134
TR-17068,2025-03-18,2025-03-01,FIN,FORN-00087,DESPESA,2486.5812128218286,2486.5812128218286,BRL,Prestação de serviço para área FIN,1,TED,PAGO,e6288577-83de-45f9-9cb7-fa62004b89b9,2025-04-05,ERP_CORPORATIVO,TRANSACOES_FINANCEIRAS,17068,7376ce459ba8371aee2dd830cdd4f3faf15c68a5a1d3ddcbb62bd71fbfe3894c
TR-17069,2025-03-31,2025-03-01,COM,FORN-00087,RECEITA,2313.5134386717264,2313.5134386717264,BRL,Honorarium advocatício - COM,24,CARTAO,PAGO,e6288577-83de-45f9-9cb7-fa62004b89b9,2025-04-05,ERP_CORPORATIVO,TRANSACOES_FINANCEIRAS,17069,c92f680df3e7037e68240c6ee00bc1f44181359d02cda39e9e42a009910563ef
TR-17070,2025-03-17,2025-03-01,FIN,FORN-00087,DESPESA,2286.6670150030463,2286.6670150030463,BRL,Tributo incidente sobre receita de FIN,40,PIX,PAGO,e6288577-83de-45f9-9cb7-fa62004b89b9,2025-04-05,ERP_CORPORATIVO,TRANSACOES_FINANCEIRAS,17070,9fa67f3218bb4d38af7b6a0ff7c7a2719d53ad808761153f2a22985d43e53e51
TR-17071,2025-03-24,2025-03-01,ATD,FORN-00087,DESPESA,2365.6363104630573,2365.6363104630573,BRL,Serviço de tecnologia contratado por ATD,5,PIX,PAGO,e6288577-83de-45f9-9cb7-fa62004b89b9,2025-04-05,ERP_CORPORATIVO,TRANSACOES_FINANCEIRAS,17071,18d93260255e9530c9485b411e9a2b36d94b341422869988f83e0f5d952ad51e
TR-17072,2025-03-10,2025-03-01,QAS,FORN-00087,DESPESA,2704.0874187501354,2704.0874187501354,BRL,Resultado de equivalência patrimonial - QAS,34,PIX,PAGO,e6288577-83de-45f9-9cb7-fa62004b89b9,2025-04-05,ERP_CORPORATIVO,TRANSACOES_FINANCEIRAS,17072,23dda7074fe6fabe1e77c8f1c97e30057525a5e581f7f73206061dd7f447b91f
TR-17073,2025-03-18,2025-03-01,PES,FORN-00087,DESPESA,2433.8094469253147,2339.4259264553166,BRL,Compra de insumos para setor PES,2,BOLETO,CANCELADO,e6288577-83de-45f9-9cb7-fa62004b89b9,2025-04-05,ERP_CORPORATIVO,TRANSACOES_FINANCEIRAS,17073,7a283d59f5d9551c8807ac6a332c010b180882b16b4e1f242ac81ef84e187552
TR-17074,2025-03-17,2025-03-01,TI,FORN-00087,DESPESA,2506.8202522346696,2506.8202522346696,BRL,Compra de insumos para setor TI,2,PIX,CANCELADO,e6288577-83de-45f9-9cb7-fa62004b89b9,2025-04-05,ERP_CORPORATIVO,TRANSACOES_FINANCEIRAS,17074,cc09668fb8cbf70eb83c2c496412c0cd0527ecdbb690251df723a03be62bff99
TR-17075,2025-03-24,2025-03-01,OP,FORN-00087,DESPESA,2687.09896017098,2687.09896017098,BRL,Serviço especializado solicitado por OP,1,PIX,PAGO,e6288577-83de-45f9-9cb7-fa62004b89b9,2025-04-05,ERP_CORPORATIVO,TRANSACOES_FINANCEIRAS,17075,8c68dd54ca293b3be9668c4dbf5835023918a660046b2c701fc270906e53babb
TR-17076,2025-03-24,2025-03-01,FIN,FORN-00087,DESPESA,2757.3422158026256,2757.3422158026256,BRL,Despesa operacional - FIN,8,TRANSFERENCIA,PAGO,e6288577-83de-45f9-9cb7-fa62004b89b9,2025-04-05,ERP_CORPORATIVO,TRANSACOES_FINANCEIRAS,17076,f561f686e33f4cae48871e401a6f9ec329e4b712f749a39bf046c618242f0a63
TR-17077,2025-03-11,2025-03-01,PJT,FORN-00087,RECEITA,2114.0646203019874,2114.0646203019874,BRL,Licenciamento de software - PJT,5,PIX,PAGO,e6288577-83de-45f9-9cb7-fa62004b89b9,2025-04-05,ERP_CORPORATIVO,TRANSACOES_FINANCEIRAS,17077,3288c87e9c2e00f0647a1a84f40180ddd5a49d24e396d8fb40b08fbbd67e54a6
TR-17078,2025-03-05,2025-03-01,COMP,FORN-00087,RECEITA,2158.0612175583146,2158.0612175583146,BRL,Licenciamento de software - COMP,5,PIX,PAGO,e6288577-83de-45f9-9cb7-fa62004b89b9,2025-04-05,ERP_CORPORATIVO,TRANSACOES_FINANCEIRAS,17078,f024a9e9cbe5f9f48d1226256e2d8b3d0d6df70a931c3e1af7c2ed8614c68320
TR-17079,2025-03-17,2025-03-01,PRD,FORN-00087,RECEITA,2466.8457512300824,2385.1548858391047,BRL,Serviço relacionado a recursos humanos (PRD),6,TRANSFERENCIA,PAGO,e6288577-83de-45f9-9cb7-fa62004b89b9,2025-04-05,ERP_CORPORATIVO,TRANSACOES_FINANCEIRAS,17079,52ef38628c3083ab9c3c223581397a9b03c8dd36bf6e10e2f8ada514891ec490
TR-17080,2025-03-12,2025-03-01,COMP,FORN-00087,DESPESA,2293.4608342305246,2293.4608342305246,BRL,Devolução de venda processada por COMP,39,PIX,PAGO,e6288577-83de-45f9-9cb7-fa62004b89b9,2025-04-05,ERP_CORPORATIVO,TRANSACOES_FINANCEIRAS,17080,51f4413eb5e7cd9da9ec206e55148e38cff026508627d19e9d5c99ad52a9e25c
TR-17081,2025-03-19,2025-03-01,OP,FORN-00087,DESPESA,2792.667102335856,2792.667102335856,BRL,Serviço de telefonia e internet - OP,9,BOLETO,PAGO,e6288577-83de-45f9-9cb7-fa62004b89b9,2025-04-05,ERP_CORPORATIVO,TRANSACOES_FINANCEIRAS,17081,c37f49eef3d9a7080da937752ffad00f8de95b4fc860d776ca6146056293d48a
TR-17082,2025-03-03,2025-03-01,TI,FORN-00087,DESPESA,2447.724029962572,2344.182063360846,BRL,Renovação de certificados digitais - TI,26,CARTAO,PAGO,e6288577-83de-45f9-9cb7-fa62004b89b9,2025-04-05,ERP_CORPORATIVO,TRANSACOES_FINANCEIRAS,17082,ce9bcf05ef437431363ef0b447ee352af1a81db7027a1db08dd16ba8bbecc17e
TR-17083,2025-03-18,2025-03-01,LOG,FORN-00087,RECEITA,3068.855636643566,3068.855636643566,BRL,Royalties recebidos por LOG,32,BOLETO,PAGO,e6288577-83de-45f9-9cb7-fa62004b89b9,2025-04-05,ERP_CORPORATIVO,TRANSACOES_FINANCEIRAS,17083,3bb44b31d5d1aef9bb2123640fa071e7de97be49e5045315878ee25be92b2b20
TR-17084,2025-03-17,2025-03-01,TI,FORN-00087,RECEITA,2441.8397937584764,2441.8397937584764,BRL,Honorários profissionais contratados por TI,11,TED,PAGO,e6288577-83de-45f9-9cb7-fa62004b89b9,2025-04-05,ERP_CORPORATIVO,TRANSACOES_FINANCEIRAS,17084,2984e2c4412ab46d09f5d76d541eb92c100b35913c08194d1ae86ef4a0eb635e
TR-17085,2025-03-12,2025-03-01,PJT,FORN-00087,DESPESA,2644.2984059579735,2644.2984059579735,USD,Custo operacional associado a PJT,8,BOLETO,PAGO,e6288577-83de-45f9-9cb7-fa62004b89b9,2025-04-05,ERP_CORPORATIVO,TRANSACOES_FINANCEIRAS,17085,d21835c0f54e4ee1501a11fc2a5747c2c479632e30d295e60cd87cd46ff6b5bf
TR-17086,2025-03-17,2025-03-01,FIN,FORN-00087,DESPESA,2398.4854742188177,2398.4854742188177,BRL,Serviço de tecnologia contratado por FIN,5,PIX,ATRASADO,e6288577-83de-45f9-9cb7-fa62004b89b9,2025-04-05,ERP_CORPORATIVO,TRANSACOES_FINANCEIRAS,17086,b6f6899865b6c76224484d27daed3f46923683bcc5c33977de2a83d01c9c6413
TR-17087,2025-03-25,2025-03-01,TI,FORN-00087,DESPESA,2692.050598112274,2692.050598112274,BRL,Investimento em marketing corporativo (TI),4,PIX,PAGO,e6288577-83de-45f9-9cb7-fa62004b89b9,2025-04-05,ERP_CORPORATIVO,TRANSACOES_FINANCEIRAS,17087,bd77f23fcc8bd04fe82875e14a3366c24d5958d52443be3f70afb90409c2887c
TR-17088,2025-03-24,2025-03-01,FIN,FORN-00087,DESPESA,2697.980630302423,2697.980630302423,BRL,Despesa operacional - FIN,8,CARTAO,PAGO,e6288577-83de-45f9-9cb7-fa62004b89b9,2025-04-05,ERP_CORPORATIVO,TRANSACOES_FINANCEIRAS,17088,8ce0857ac9c783b9d6bea40bd78764122d3e7d44f0f49f09520f9263c25938a8
TR-17148,2025-03-10,2025-03-01,QAS,FORN-00088,DESPESA,3763.6491191971913,3763.6491191971913,BRL,Prestação de serviço para área QAS,1,TRANSFERENCIA,CANCELADO,e6288577-83de-45f9-9cb7-fa62004b89b9,2025-04-05,ERP_CORPORATIVO,TRANSACOES_FINANCEIRAS,17148,af2230feb1b5d54f041599722605b901fb4372dcd82d2b19c8dfdc2af0092d3b
TR-17149,2025-03-17,2025-03-01,RH,FORN-00088,DESPESA,3440.1498708365807,3440.1498708365807,BRL,Certificado digital adquirido por RH,26,TRANSFERENCIA,PAGO,e6288577-83de-45f9-9cb7-fa62004b89b9,2025-04-05,ERP_CORPORATIVO,TRANSACOES_FINANCEIRAS,17149,6432d157d913cab707e0d385d1f6cb5246aaee6394168a85635c340b3397283d
TR-17150,2025-03-25,2025-03-01,CPT,FORN-00088,DESPESA,3713.5933724629,3641.907401020364,BRL,Despesa operacional - CPT,8,PIX,CANCELADO,e6288577-83de-45f9-9cb7-fa62004b89b9,2025-04-05,ERP_CORPORATIVO,TRANSACOES_FINANCEIRAS,17150,b9ea64f02f62ec2747096efe5eee29c79f2f1e8edcf7526d40cd102ac490ad58
TR-17151,2025-03-12,2025-03-01,COM,FORN-00088,DESPESA,3701.228135157419,3701.228135157419,BRL,Recebimento de subvenção - COM,36,TED,PAGO,e6288577-83de-45f9-9cb7-fa62004b89b9,2025-04-05,ERP_CORPORATIVO,TRANSACOES_FINANCEIRAS,17151,30d0cb3eaba1d37c4219a7a964ea834d3ff4660c1e4fd3758d344cc20dc7519e
TR-17152,2025-03-21,2025-03-01,COMP,FORN-00088,RECEITA,3609.242536901286,3551.005854939961,BRL,Licenciamento de software - COMP,5,TRANSFERENCIA,CANCELADO,e6288577-83de-45f9-9cb7-fa62004b89b9,2025-04-05,ERP_CORPORATIVO,TRANSACOES_FINANCEIRAS,17152,5c5ea7985043c8e79e0a735fa2d1598f06ffe48cb342bfeb166e0082b52e8d6e
TR-17153,2025-03-17,2025-03-01,QAS,FORN-00088,DESPESA,3877.1265024524714,3877.1265024524714,BRL,Manutenção preventiva de veículos - QAS,17,PIX,CANCELADO,e6288577-83de-45f9-9cb7-fa62004b89b9,2025-04-05,ERP_CORPORATIVO,TRANSACOES_FINANCEIRAS,17153,76d25d74f6190594ee71f822c696ead438b306d33c2f10bbbb96c57cccd6ff83
TR-17154,2025-03-21,2025-03-01,FIN,FORN-00088,RECEITA,3479.417366996792,3479.417366996792,BRL,Contrato de conectividade para área FIN,9,CARTAO,PAGO,e6288577-83de-45f9-9cb7-fa62004b89b9,2025-04-05,ERP_CORPORATIVO,TRANSACOES_FINANCEIRAS,17154,676c488f721869ccf07d7fc8e84742827845f154f6f1a47fbc432a2be32f3574
TR-17155,2025-03-24,2025-03-01,ADM,FORN-00088,DESPESA,2966.4278101363575,2966.4278101363575,BRL,Propaganda e divulgação para área ADM,13,BOLETO,PAGO,e6288577-83de-45f9-9cb7-fa62004b89b9,2025-04-05,ERP_CORPORATIVO,TRANSACOES_FINANCEIRAS,17155,04068b6b1074da3c3d0a6a2fea2f9e2bef29b77c27989342bad85ff40acbfef3
TR-17156,2025-03-14,2025-03-01,RH,FORN-00088,RECEITA,3014.1277997224292,2980.7460758638463,BRL,Produção de material gráfico - RH,15,TRANSFERENCIA,ATRASADO,e6288577-83de-45f9-9cb7-fa62004b89b9,2025-04-05,ERP_CORPORATIVO,TRANSACOES_FINANCEIRAS,17156,5b42327a067bc8c2c93da913cad7eeba22ed0e5ec0d6b14e89ea4ecd61463545
TR-17157,2025-03-13,2025-03-01,PRD,FORN-00088,DESPESA,3226.9973544742024,3226.9973544742024,BRL,Viagem corporativa - PRD,18,BOLETO,PAGO,e6288577-83de-45f9-9cb7-fa62004b89b9,2025-04-05,ERP_CORPORATIVO,TRANSACOES_FINANCEIRAS,17157,0ca4a2058af4b1909c9d1319c676fb8e7069d211c2d894455af789e40cefb6d1
TR-17158,2025-03-10,2025-03-01,MKT,FORN-00088,DESPESA,3709.981129542736,3623.6307126603233,USD,Serviço técnico especializado para MKT,11,TED,PAGO,e6288577-83de-45f9-9cb7-fa62004b89b9,2025-04-05,ERP_CORPORATIVO,TRANSACOES_FINANCEIRAS,17158,0636ae014a031aea4bab105cb908b60eeaa759b084591aacc148fbd958965914
TR-17159,2025-03-24,2025-03-01,COM,FORN-00088,RECEITA,3309.597147697645,3309.597147697645,BRL,Assessoria contábil prestada a COM,25,BOLETO,PAGO,e6288577-83de-45f9-9cb7-fa62004b89b9,2025-04-05,ERP_CORPORATIVO,TRANSACOES_FINANCEIRAS,17159,6fe3f6af38b406bb3e8f122a3ffbe5427055cdbfe98c666b9276355aa559b447
TR-17160,2025-03-19,2025-03-01,COMP,FORN-00088,RECEITA,3516.136534874585,3410.627570889797,BRL,Serviço relacionado a recursos humanos (COMP),6,TED,PAGO,e6288577-83de-45f9-9cb7-fa62004b89b9,2025-04-05,ERP_CORPORATIVO,TRANSACOES_FINANCEIRAS,17160,571354d34a49ec87d36969add7175d15d23ad03aea8f8185ac83a1bf2fbf2316
TR-17161,2025-03-14,2025-03-01,MKT,FORN-00088,RECEITA,3634.2389067862414,3634.2389067862414,BRL,Estorno de receita - MKT,39,CARTAO,PAGO,e6288577-83de-45f9-9cb7-fa62004b89b9,2025-04-05,ERP_CORPORATIVO,TRANSACOES_FINANCEIRAS,17161,6818c2e337bf6a346f35962d565738b1c96368e68d6f67c86cbe699b059e40e0
TR-17162,2025-03-13,2025-03-01,OP,FORN-00088,RECEITA,3501.7831152313297,3423.0877757188628,BRL,Certificado digital adquirido por OP,26,CARTAO,PAGO,e6288577-83de-45f9-9cb7-fa62004b89b9,2025-04-05,ERP_CORPORATIVO,TRANSACOES_FINANCEIRAS,17162,4ab5f4a184596ca053c3e2dc9082822ee279d415d606ae992756be21da61e423
TR-17333,2025-03-19,2025-03-01,MKT,1000088,RECEITA,4935.753472195108,4935.753472195108,BRL,Receita de aluguel creditada em MKT,31,TED,PAGO,e6288577-83de-45f9-9cb7-fa62004b89b9,2025-04-05,ERP_CORPORATIVO,TRANSACOES_FINANCEIRAS,17333,d4582aac5b8f76a8db3e3c14502b76b0af7f9d479531e427eb170e593b850a46
TR-17334,2025-03-06,2025-03-01,PES,1000088,RECEITA,4885.446031120236,4652.904129585395,BRL,Despesa operacional - PES,8,PIX,ATRASADO,e6288577-83de-45f9-9cb7-fa62004b89b9,2025-04-05,ERP_CORPORATIVO,TRANSACOES_FINANCEIRAS,17334,fa282150d8ee70431772cdc6268d3bb688ef815016a277f1a1967b9fbf1f5c57
TR-17335,2025-03-10,2025-03-01,MKT,1000088,RECEITA,3835.318938546091,3835.318938546091,USD,Investimento em marketing corporativo (MKT),4,TRANSFERENCIA,PAGO,e6288577-83de-45f9-9cb7-fa62004b89b9,2025-04-05,ERP_CORPORATIVO,TRANSACOES_FINANCEIRAS,17335,11fd0aff6ab45d544624f07ab17233b4a521951baf3bbde58ac9683cdc0078dd
TR-17336,2025-03-17,2025-03-01,OP,1000088,DESPESA,4704.53103705096,4496.747647139064,BRL,Participação nos resultados vinculada a OP,34,PIX,CANCELADO,e6288577-83de-45f9-9cb7-fa62004b89b9,2025-04-05,ERP_CORPORATIVO,TRANSACOES_FINANCEIRAS,17336,f189bcef1f3514c905fb4e7b569fafaae2cb463b0017dbce750fb34314b1ce15
TR-17709,2025-03-13,2025-03-01,OP,1000090,RECEITA,1196.749747685802,1144.6018017896038,BRL,Atendimento de TI requisitado por OP,29,PIX,CANCELADO,e6288577-83de-45f9-9cb7-fa62004b89b9,2025-04-05,ERP_CORPORATIVO,TRANSACOES_FINANCEIRAS,17709,7d627255e6203f9bd6ab052a62ee011c52ceaf221650ff60137f908b174abb43
TR-17710,2025-03-21,2025-03-01,VND,1000090,DESPESA,1267.6460217393212,1253.4169737420011,BRL,Contrato de consultoria externa - VND,12,TED,PAGO,e6288577-83de-45f9-9cb7-fa62004b89b9,2025-04-05,ERP_CORPORATIVO,TRANSACOES_FINANCEIRAS,17710,5bf82280d6408cdd086220e4dd198d11045af2131cf54d7c15bb983588d2c960
TR-17711,2025-03-10,2025-03-01,LOG,1000090,RECEITA,1104.9523188057083,1104.9523188057083,BRL,Serviços contábeis externos - LOG,25,PIX,PAGO,e6288577-83de-45f9-9cb7-fa62004b89b9,2025-04-05,ERP_CORPORATIVO,TRANSACOES_FINANCEIRAS,17711,e4dee1413cf43b152354847e2a0361823d3d7af17a50a64e691e69985300594a
TR-17712,2025-03-10,2025-03-01,ESG,1000090,DESPESA,1369.8750152588236,1369.8750152588236,BRL,Serviço de tecnologia contratado por ESG,5,TRANSFERENCIA,ATRASADO,e6288577-83de-45f9-9cb7-fa62004b89b9,2025-04-05,ERP_CORPORATIVO,TRANSACOES_FINANCEIRAS,17712,530954fbc033dcc8c27d5760a0e51ffddb324bafae797f1ce7f1c753457d4c9c
TR-17713,2025-03-17,2025-03-01,COMP,1000090,DESPESA,1248.4133714370448,1217.109068273436,BRL,Consultoria estratégica para área COMP,12,BOLETO,PAGO,e6288577-83de-45f9-9cb7-fa62004b89b9,2025-04-05,ERP_CORPORATIVO,TRANSACOES_FINANCEIRAS,17713,cd3cb7b222d79e918d17fa566f4b70b2c9d12f126899b847d4b6f38d778bdab2
TR-17714,2025-03-13,2025-03-01,ADM,1000090,RECEITA,1206.7196502344016,1206.7196502344016,BRL,Consultoria estratégica para área ADM,12,BOLETO,PAGO,e6288577-83de-45f9-9cb7-fa62004b89b9,2025-04-05,ERP_CORPORATIVO,TRANSACOES_FINANCEIRAS,17714,d20cdfb16cdb49eed1caa4dd16b49e2e43ca56122e8edce5072da93fcbc41481
TR-17715,2025-03-10,2025-03-01,CPT,1000090,DESPESA,1194.420400451227,1194.420400451227,BRL,Comissão recebida por CPT,33,PIX,PAGO,e6288577-83de-45f9-9cb7-fa62004b89b9,2025-04-05,ERP_CORPORATIVO,TRANSACOES_FINANCEIRAS,17715,e99bd1061ea6867a97f27643d771ebc1fb2a4c890088cbedc0a1e4b4d34d4524
TR-17716,2025-03-07,2025-03-01,QAS,1000090,DESPESA,1064.8048247322422,1064.8048247322422,BRL,Evento corporativo organizado por QAS,14,TED,PAGO,e6288577-83de-45f9-9cb7-fa62004b89b9,2025-04-05,ERP_CORPORATIVO,TRANSACOES_FINANCEIRAS,17716,0baec40f9853f2722ef7f3bc17792102a5e0819f184a72cf67dbe950d314de9f
TR-17717,2025-03-17,2025-03-01,JUR,1000090,RECEITA,1496.6099597114903,1496.6099597114903,BRL,Despesa de infraestrutura - JUR,3,PIX,PAGO,e6288577-83de-45f9-9cb7-fa62004b89b9,2025-04-05,ERP_CORPORATIVO,TRANSACOES_FINANCEIRAS,17717,8f25c91190f4b09f5a04ed9667c81a2b93c08807d947739d8808eefd40fb458b
TR-17718,2025-03-19,2025-03-01,COM,1000090,RECEITA,1271.9453439543215,1271.9453439543215,BRL,Honorários jurídicos - COM,7,BOLETO,PAGO,e6288577-83de-45f9-9cb7-fa62004b89b9,2025-04-05,ERP_CORPORATIVO,TRANSACOES_FINANCEIRAS,17718,3ada0d32c96ff8d3428374be7680b892567891420296c43cc524620856bc50c6
TR-17719,2025-03-05,2025-03-01,FIN,1000090,DESPESA,1494.4813318694107,1467.8140442205845,BRL,Tarifas de serviços financeiros - FIN,22,PIX,ATRASADO,e6288577-83de-45f9-9cb7-fa62004b89b9,2025-04-05,ERP_CORPORATIVO,TRANSACOES_FINANCEIRAS,17719,10e5ecb50969b3248296a4f8f980277d5669034b37131c10e26fc0e2a272f17d
TR-17720,2025-03-19,2025-03-01,TI,1000090,DESPESA,1216.0024795551485,1216.0024795551485,BRL,Reparo e conservação de instalações - TI,10,TED,PAGO,e6288577-83de-45f9-9cb7-fa62004b89b9,2025-04-05,ERP_CORPORATIVO,TRANSACOES_FINANCEIRAS,17720,1680f34c6395200a195476284778272702555b1c6f1005918b0a0bacc8672259
TR-17721,2025-03-17,2025-03-01,FIN,1000090,DESPESA,1306.0972873987375,1263.9236975700499,BRL,Renovação de certificados digitais - FIN,26,BOLETO,PAGO,e6288577-83de-45f9-9cb7-fa62004b89b9,2025-04-05,ERP_CORPORATIVO,TRANSACOES_FINANCEIRAS,17721,1b684520d6b75cd62a3542fb012de63ac1f97c368cd82f9a364f7f8c78b47a38
TR-17722,2025-03-12,2025-03-01,TI,1000090,RECEITA,1343.1127593878996,1343.1127593878996,BRL,Despesa operacional - TI,8,TED,PAGO,e6288577-83de-45f9-9cb7-fa62004b89b9,2025-04-05,ERP_CORPORATIVO,TRANSACOES_FINANCEIRAS,17722,40a11432c4d93cdd1c9ce834ad08a8f1c8c33a6f1bb9673520e297138334a758
TR-17723,2025-03-03,2025-03-01,OP,1000090,DESPESA,1310.5976350710853,1310.5976350710853,BRL,Tributo incidente sobre receita de OP,40,PIX,PAGO,e6288577-83de-45f9-9cb7-fa62004b89b9,2025-04-05,ERP_CORPORATIVO,TRANSACOES_FINANCEIRAS,17723,8c640c4c1b76b4eb778eacb1ae79e235a95e79d546fcc0d9374c8ed985f0ab8f
TR-17724,2025-03-27,2025-03-01,TI,1000090,DESPESA,1192.8472609573041,1192.8472609573041,USD,Contrato de SaaS vinculado a TI,27,TED,ATRASADO,e6288577-83de-45f9-9cb7-fa62004b89b9,2025-04-05,ERP_CORPORATIVO,TRANSACOES_FINANCEIRAS,17724,232634dc0743fb86138dda2a1a8d11e6a0043bc99ecf660ea1982646a6fce8c6
TR-17725,2025-03-13,2025-03-01,ATD,1000090,DESPESA,1045.3782186946562,1002.8514368383835,BRL,Serviço técnico especializado para ATD,11,CARTAO,PAGO,e6288577-83de-45f9-9cb7-fa62004b89b9,2025-04-05,ERP_CORPORATIVO,TRANSACOES_FINANCEIRAS,17725,eca9bcf2238c3103bf542fdeabb8d07ef857c44e9365bebfe9fb5e5a837096b4
TR-17726,2025-03-25,2025-03-01,CPT,1000090,RECEITA,2923.8803097726072,2861.9736403423058,BRL,Reparo e conservação de instalações - CPT,10,TED,ATRASADO,e6288577-83de-45f9-9cb7-fa62004b89b9,2025-04-05,ERP_CORPORATIVO,TRANSACOES_FINANCEIRAS,17726,1d761d5e7617fb9d996dbf7db59feffeebe6be64fea4b83259cc4c966782bb21
TR-17727,2025-03-17,2025-03-01,MKT,1000090,RECEITA,1159.9365703300919,1109.567272196992,BRL,Despesa de RH - MKT,6,BOLETO,ATRASADO,e6288577-83de-45f9-9cb7-fa62004b89b9,2025-04-05,ERP_CORPORATIVO,TRANSACOES_FINANCEIRAS,17727,f5b322019e336c83b54480d2c3d133ed2fbb2b1fa39561db56368f5ca8b95662
TR-17728,2025-03-17,2025-03-01,FIN,1000090,RECEITA,1608.2271495240582,1608.2271495240582,BRL,Serviço de tecnologia contratado por FIN,5,BOLETO,ATRASADO,e6288577-83de-45f9-9cb7-fa62004b89b9,2025-04-05,ERP_CORPORATIVO,TRANSACOES_FINANCEIRAS,17728,ee47bc85aac1ac07636a91669a94d4f865d8361ba6fa524267211b00b050d963
TR-17729,2025-03-12,2025-03-01,COMP,1000090,RECEITA,1174.7529670177541,1141.5161174320635,BRL,Abatimento comercial registrado em COMP,38,TRANSFERENCIA,ATRASADO,e6288577-83de-45f9-9cb7-fa62004b89b9,2025-04-05,ERP_CORPORATIVO,TRANSACOES_FINANCEIRAS,17729,d5bf35b5257034238d402562b114778ca178b3bac2ab540d5a4a09a7cbbe3023
TR-17730,2025-03-13,2025-03-01,LOG,1000090,DESPESA,1432.2838319009002,1432.2838319009002,BRL,Serviço de tecnologia contratado por LOG,5,PIX,PAGO,e6288577-83de-45f9-9cb7-fa62004b89b9,2025-04-05,ERP_CORPORATIVO,TRANSACOES_FINANCEIRAS,17730,926d976472835904fcfe16e0471d16be5c7f21ef8a92f93f7d31fbd125617655
TR-17731,2025-03-18,2025-03-01,JUR,1000090,DESPESA,1323.0076288861405,1279.3360753899228,BRL,Manutenção predial solicitada por JUR,10,CARTAO,PAGO,e6288577-83de-45f9-9cb7-fa62004b89b9,2025-04-05,ERP_CORPORATIVO,TRANSACOES_FINANCEIRAS,17731,24c4d66c280d8a7e7f121e8a9eb070821e1f36abc96fe4d2eef10bcdbb623c21
TR-18076,2025-03-07,2025-03-01,JUR,1000091,DESPESA,2995.646374577037,2995.646374577037,USD,Despesa de RH - JUR,6,CARTAO,PAGO,e6288577-83de-45f9-9cb7-fa62004b89b9,2025-04-05,ERP_CORPORATIVO,TRANSACOES_FINANCEIRAS,18076,06caa94519924f831c9701e4ede234eff894feb674b3642ae390d117ddea39a1
TR-18077,2025-03-17,2025-03-01,ESG,1000091,RECEITA,3113.365851727606,3000.997746397506,BRL,Serviço de tecnologia contratado por ESG,5,TRANSFERENCIA,ATRASADO,e6288577-83de-45f9-9cb7-fa62004b89b9,2025-04-05,ERP_CORPORATIVO,TRANSACOES_FINANCEIRAS,18077,ae19a04b571fe9621e4f71a71b96e8d81cdbaf3732b0d6381a89d452b0360a96
TR-18078,2025-03-13,2025-03-01,PJT,1000091,DESPESA,3155.5107772361343,3123.4432029888553,USD,Custo operacional associado a PJT,8,PIX,PAGO,e6288577-83de-45f9-9cb7-fa62004b89b9,2025-04-05,ERP_CORPORATIVO,TRANSACOES_FINANCEIRAS,18078,58b95acee0cd18b6e8d6bc9fa8ccf17aa105de7e4450b7129cbc8d10671afac0
TR-18079,2025-03-13,2025-03-01,COMP,1000091,DESPESA,2965.1951130937105,2965.1951130937105,BRL,Receita eventual registrada em COMP,37,PIX,CANCELADO,e6288577-83de-45f9-9cb7-fa62004b89b9,2025-04-05,ERP_CORPORATIVO,TRANSACOES_FINANCEIRAS,18079,ca09bddbd0180de679f156a6befd95300d2817ea04f6846588a4de68ef963162
TR-18080,2025-03-24,2025-03-01,TI,1000091,DESPESA,2755.4162333479485,2755.4162333479485,BRL,Manutenção predial solicitada por TI,10,PIX,PAGO,e6288577-83de-45f9-9cb7-fa62004b89b9,2025-04-05,ERP_CORPORATIVO,TRANSACOES_FINANCEIRAS,18080,cc307c144679c955ea985d61837951cd1350830a5b708c23244c25a0779991e6
TR-18081,2025-03-13,2025-03-01,ESG,1000091,DESPESA,3016.1207335356794,2883.958410355782,EUR,Resultado de equivalência patrimonial - ESG,34,BOLETO,PAGO,e6288577-83de-45f9-9cb7-fa62004b89b9,2025-04-05,ERP_CORPORATIVO,TRANSACOES_FINANCEIRAS,18081,7b7ca56df6d64689a658128b83625276635b71c24e6cd9ba8cc01a833f2a05cd
TR-18082,2025-03-19,2025-03-01,CTB,1000091,DESPESA,2443.4671763825013,2443.4671763825013,BRL,Receita de aluguel creditada em CTB,31,BOLETO,PAGO,e6288577-83de-45f9-9cb7-fa62004b89b9,2025-04-05,ERP_CORPORATIVO,TRANSACOES_FINANCEIRAS,18082,08384035c0efd020f41318833cedbaa538766952f8cf700d7450f3c93093be40
TR-18083,2025-03-24,2025-03-01,OP,1000091,RECEITA,2620.8018254466147,2620.8018254466147,BRL,Compra de insumos para setor OP,2,PIX,PAGO,e6288577-83de-45f9-9cb7-fa62004b89b9,2025-04-05,ERP_CORPORATIVO,TRANSACOES_FINANCEIRAS,18083,98366d8cdd36bc35c647fde0482ecab2a2a9efcb21d9e9d319573bc05523354d
TR-18084,2025-03-19,2025-03-01,FIN,1000091,DESPESA,2946.264376248276,2946.264376248276,BRL,Licenciamento de software - FIN,5,TRANSFERENCIA,PAGO,e6288577-83de-45f9-9cb7-fa62004b89b9,2025-04-05,ERP_CORPORATIVO,TRANSACOES_FINANCEIRAS,18084,5da12189029f8ceea87512737e17e17ebeeb77f3d412219faa103dbe69b7ed2b
TR-18085,2025-03-18,2025-03-01,SEC,1000091,DESPESA,1872.4011151482716,1731.8642483207861,BRL,Despesa operacional - SEC,8,BOLETO,PAGO,e6288577-83de-45f9-9cb7-fa62004b89b9,2025-04-05,ERP_CORPORATIVO,TRANSACOES_FINANCEIRAS,18085,8e528c3bb64ba19bccdfe52a2a11187b5aff653f7fb1e1c58df26b0a3cb9dc75
TR-18086,2025-03-11,2025-03-01,JUR,1000091,RECEITA,3477.299272504234,3477.299272504234,BRL,Manutenção estrutural vinculada à área JUR,3,BOLETO,ATRASADO,e6288577-83de-45f9-9cb7-fa62004b89b9,2025-04-05,ERP_CORPORATIVO,TRANSACOES_FINANCEIRAS,18086,e517ff3b9c7b9e74c08d72023f4326f52982e71d8059d9eb5a2c0f1c2e36d9a4
TR-18087,2025-03-19,2025-03-01,FIN,1000091,RECEITA,1669.785234407848,1669.785234407848,BRL,Custo operacional associado a FIN,8,TRANSFERENCIA,ATRASADO,e6288577-83de-45f9-9cb7-fa62004b89b9,2025-04-05,ERP_CORPORATIVO,TRANSACOES_FINANCEIRAS,18087,fc8d099823c304d2d5ac655e40133e5fc37f94ab4f2bfb54e62fa8b9cd23b3a9
TR-18088,2025-03-10,2025-03-01,VND,1000091,DESPESA,2561.626781013115,2561.626781013115,BRL,Viagem corporativa - VND,18,TRANSFERENCIA,PAGO,e6288577-83de-45f9-9cb7-fa62004b89b9,2025-04-05,ERP_CORPORATIVO,TRANSACOES_FINANCEIRAS,18088,4db252d7a42928cf7615abab6f6bfab21275ff4d917bd2bae9c09d6cc9b529e1
TR-18089,2025-03-05,2025-03-01,SEC,1000091,RECEITA,3079.0607760715857,3079.0607760715857,BRL,Comissão recebida por SEC,33,BOLETO,ATRASADO,e6288577-83de-45f9-9cb7-fa62004b89b9,2025-04-05,ERP_CORPORATIVO,TRANSACOES_FINANCEIRAS,18089,d7072fca9a3e565b6630d02ac519e3dd7053a87328d0a3b361807fda929cdb9a
TR-18090,2025-03-17,2025-03-01,ESG,1000091,RECEITA,2741.4522489623982,2741.4522489623982,BRL,Tributo incidente sobre receita de ESG,40,BOLETO,PAGO,e6288577-83de-45f9-9cb7-fa62004b89b9,2025-04-05,ERP_CORPORATIVO,TRANSACOES_FINANCEIRAS,18090,d24147c05fa845a784494be28072c991220e53710d89d2cabae55e018d080fa5
TR-18246,2025-03-10,2025-03-01,COM,ACC-00093,DESPESA,2329.20484590051,2329.20484590051,BRL,Honorários jurídicos - COM,7,TED,PAGO,e6288577-83de-45f9-9cb7-fa62004b89b9,2025-04-05,ERP_CORPORATIVO,TRANSACOES_FINANCEIRAS,18246,80bf8518df9c8c4b7ab502f350685f641e609589cc4b07e3d9902dc89dd5fc83
TR-18247,2025-03-10,2025-03-01,MKT,ACC-00093,DESPESA,2045.8400277449578,2045.8400277449578,BRL,Encargos de empréstimo vinculados a MKT,23,TRANSFERENCIA,PAGO,e6288577-83de-45f9-9cb7-fa62004b89b9,2025-04-05,ERP_CORPORATIVO,TRANSACOES_FINANCEIRAS,18247,7f166dafcf0283b3863bc6a84fcf63bf67c2c720685da0d9832740063e14926e
TR-18248,2025-03-24,2025-03-01,FIN,ACC-00093,RECEITA,3249.795971637222,3249.795971637222,BRL,Serviço de tecnologia contratado por FIN,5,BOLETO,PAGO,e6288577-83de-45f9-9cb7-fa62004b89b9,2025-04-05,ERP_CORPORATIVO,TRANSACOES_FINANCEIRAS,18248,3feb9226a9ea18ee4a61b6586f4154be90fec9cad3b79e2fc51a21c8d4ad0759
TR-18249,2025-03-24,2025-03-01,ADM,ACC-00093,DESPESA,2720.9308508775985,2637.682372279861,BRL,Custo operacional associado a ADM,8,TED,ATRASADO,e6288577-83de-45f9-9cb7-fa62004b89b9,2025-04-05,ERP_CORPORATIVO,TRANSACOES_FINANCEIRAS,18249,e765c0df8a3fa4805305c5ea6eda858d9db3b1e4f2553b702646aa6ca002a702
TR-18250,2025-03-14,2025-03-01,OP,ACC-00093,RECEITA,2514.0124506922125,2514.0124506922125,BRL,Compra de insumos para setor OP,2,TRANSFERENCIA,PAGO,e6288577-83de-45f9-9cb7-fa62004b89b9,2025-04-05,ERP_CORPORATIVO,TRANSACOES_FINANCEIRAS,18250,bc4da7219826811f2358186aaa7eafaba3477410cb9a40e02afed770bd31ea83
TR-18251,2025-03-17,2025-03-01,PES,ACC-00093,RECEITA,2362.948335797567,2313.0819992919296,BRL,Tarifas de serviços financeiros - PES,22,TRANSFERENCIA,PAGO,e6288577-83de-45f9-9cb7-fa62004b89b9,2025-04-05,ERP_CORPORATIVO,TRANSACOES_FINANCEIRAS,18251,948e04105e7d9cf52865d042ad6528b25a1966a55f89775d5b626c567434b548
TR-18252,2025-03-05,2025-03-01,OP,ACC-00093,DESPESA,3350.2903934943824,3350.2903934943824,BRL,Serviço técnico especializado para OP,11,CARTAO,CANCELADO,e6288577-83de-45f9-9cb7-fa62004b89b9,2025-04-05,ERP_CORPORATIVO,TRANSACOES_FINANCEIRAS,18252,1621347d4fec971e4d4bd5360ffe7d96cb77c481d69500a8b317541d2d0f9cc6
TR-18253,2025-03-10,2025-03-01,OP,ACC-00093,DESPESA,2870.3314606630497,2870.3314606630497,BRL,Tributo incidente sobre receita de OP,40,PIX,PAGO,e6288577-83de-45f9-9cb7-fa62004b89b9,2025-04-05,ERP_CORPORATIVO,TRANSACOES_FINANCEIRAS,18253,3b6c4831d080f1d2468cf5520648db28883211e58b3e6dba2280dae5cb84f325
TR-18254,2025-03-10,2025-03-01,MKT,ACC-00093,RECEITA,2654.050507695874,2654.050507695874,USD,Abatimento comercial registrado em MKT,38,TED,PAGO,e6288577-83de-45f9-9cb7-fa62004b89b9,2025-04-05,ERP_CORPORATIVO,TRANSACOES_FINANCEIRAS,18254,e74b3f93ffee539dcfdd09855049c9560c44ff6463b8d585980fb7defc1d8c0c
TR-18255,2025-03-24,2025-03-01,COMP,ACC-00093,DESPESA,3037.0223257151188,2925.328874483643,BRL,Licenciamento de software - COMP,5,BOLETO,ATRASADO,e6288577-83de-45f9-9cb7-fa62004b89b9,2025-04-05,ERP_CORPORATIVO,TRANSACOES_FINANCEIRAS,18255,fd861ae5adff4cdf0bdf9298dd6b063fd10c59eaaa3b0f129db54841a79b3f1e
TR-18256,2025-03-14,2025-03-01,LOG,ACC-00093,DESPESA,2794.914798389413,2794.914798389413,BRL,Receita eventual registrada em LOG,37,PIX,PAGO,e6288577-83de-45f9-9cb7-fa62004b89b9,2025-04-05,ERP_CORPORATIVO,TRANSACOES_FINANCEIRAS,18256,a70e74531090e277965dbf44893ba0ed416435bc317c60202f8d6dc9bd223f72
TR-18257,2025-03-04,2025-03-01,JUR,ACC-00093,RECEITA,2556.7263280323828,2525.0835375165934,BRL,Encargos de empréstimo vinculados a JUR,23,TRANSFERENCIA,PAGO,e6288577-83de-45f9-9cb7-fa62004b89b9,2025-04-05,ERP_CORPORATIVO,TRANSACOES_FINANCEIRAS,18257,0e79987d23f836496ffa0e6ba906a0fe2ae15174d70701690a36757bd354248b
TR-18258,2025-03-11,2025-03-01,OP,ACC-00093,DESPESA,2530.1646656766743,2530.1646656766743,BRL,Aquisição de material operacional - OP,2,BOLETO,ATRASADO,e6288577-83de-45f9-9cb7-fa62004b89b9,2025-04-05,ERP_CORPORATIVO,TRANSACOES_FINANCEIRAS,18258,71c3c02188891d870f9a2e4218573373b005e81136e8a634c541aff31e04ecb4
TR-18476,2025-03-17,2025-03-01,ESG,ACC-00094,DESPESA,8004.091195302586,7862.059644239439,BRL,Manutenção de equipamentos de ESG,28,CARTAO,PAGO,e6288577-83de-45f9-9cb7-fa62004b89b9,2025-04-05,ERP_CORPORATIVO,TRANSACOES_FINANCEIRAS,18476,a84f26fb104d0145c3700b09d80214c506d1d8423990c6c88f13ff98b2f20093
TR-18477,2025-03-07,2025-03-01,MKT,ACC-00094,DESPESA,7670.344503763289,7516.524987129444,BRL,Contrato de consultoria externa - MKT,12,PIX,PAGO,e6288577-83de-45f9-9cb7-fa62004b89b9,2025-04-05,ERP_CORPORATIVO,TRANSACOES_FINANCEIRAS,18477,4ecdc60ed08276d95b4bc2252f72c6a967a02dd1602f436c11a51465c758044e
TR-18478,2025-03-11,2025-03-01,PRD,ACC-00094,DESPESA,9228.702589276769,9118.210520600798,BRL,Serviço técnico especializado para PRD,11,BOLETO,PAGO,e6288577-83de-45f9-9cb7-fa62004b89b9,2025-04-05,ERP_CORPORATIVO,TRANSACOES_FINANCEIRAS,18478,e0a60f94cf8eda1616ee5b5696ab685b453eb9481b5ee115d5d58033fb66c80b
TR-18479,2025-03-24,2025-03-01,OP,ACC-00094,DESPESA,7578.802711529679,7578.802711529679,BRL,Manutenção estrutural vinculada à área OP,3,BOLETO,PAGO,e6288577-83de-45f9-9cb7-fa62004b89b9,2025-04-05,ERP_CORPORATIVO,TRANSACOES_FINANCEIRAS,18479,13850353b0be52b8a4206b9154e0b92f476c2459634dfa877487b25469f2e2da
TR-18480,2025-03-24,2025-03-01,COMP,ACC-00094,RECEITA,8254.675729406927,8046.3228514560715,BRL,Contrato de conectividade para área COMP,9,TRANSFERENCIA,PAGO,e6288577-83de-45f9-9cb7-fa62004b89b9,2025-04-05,ERP_CORPORATIVO,TRANSACOES_FINANCEIRAS,18480,b0ae2dffcec6f875985d9795da4e84359f05733d906689e5926033372c8aaf4c
TR-18481,2025-03-11,2025-03-01,TI,ACC-00094,DESPESA,8585.465060141869,8585.465060141869,BRL,Contrato de SaaS vinculado a TI,27,BOLETO,PAGO,e6288577-83de-45f9-9cb7-fa62004b89b9,2025-04-05,ERP_CORPORATIVO,TRANSACOES_FINANCEIRAS,18481,b47a8819f796a641293d935cf4f6b99ead1c975b4c52df34e9eebce2f6182eef
TR-18482,2025-03-11,2025-03-01,CTB,ACC-00094,RECEITA,7989.559834518111,7989.559834518111,BRL,Compra de insumos para setor CTB,2,TRANSFERENCIA,PAGO,e6288577-83de-45f9-9cb7-fa62004b89b9,2025-04-05,ERP_CORPORATIVO,TRANSACOES_FINANCEIRAS,18482,d997a327ffd11c709c9f02b40503cd49fa826770942324ac5ff009d82f8709cb
TR-18483,2025-03-26,2025-03-01,OP,ACC-00094,RECEITA,7528.607949782828,7528.607949782828,BRL,Diária de hotel para equipe OP,19,TED,PAGO,e6288577-83de-45f9-9cb7-fa62004b89b9,2025-04-05,ERP_CORPORATIVO,TRANSACOES_FINANCEIRAS,18483,a2c7e6518cc118a59f9fb2aaf8032dc67e37caac0d656f00629e388cbf49ed6f
TR-18704,2025-03-14,2025-03-01,FIN,1000095,DESPESA,1908.0427037475224,1908.0427037475224,BRL,Reparo e conservação de instalações - FIN,10,TED,PAGO,e6288577-83de-45f9-9cb7-fa62004b89b9,2025-04-05,ERP_CORPORATIVO,TRANSACOES_FINANCEIRAS,18704,939152d5a43887957dbb5f88153b6655f4a7baffd7f7090f8ea1bb884667e291
TR-18705,2025-03-26,2025-03-01,COMP,1000095,DESPESA,2070.089999815258,2070.089999815258,BRL,Reparo e conservação de instalações - COMP,10,CARTAO,PAGO,e6288577-83de-45f9-9cb7-fa62004b89b9,2025-04-05,ERP_CORPORATIVO,TRANSACOES_FINANCEIRAS,18705,380c6eb7d3b3055d22149e3657e4412faead71b0b372568efea014bdaca7434c
TR-18706,2025-03-19,2025-03-01,VND,1000095,RECEITA,1660.1317844405637,1660.1317844405637,BRL,Contrato de serviço - setor VND,1,PIX,PAGO,e6288577-83de-45f9-9cb7-fa62004b89b9,2025-04-05,ERP_CORPORATIVO,TRANSACOES_FINANCEIRAS,18706,620b5226719bb9d0c5f2c706353028bfee2a6d67501d6e30eef14e2ef500a039
TR-18707,2025-03-24,2025-03-01,OP,1000095,DESPESA,2021.1856290344786,2021.1856290344786,BRL,Custo operacional associado a OP,8,PIX,PAGO,e6288577-83de-45f9-9cb7-fa62004b89b9,2025-04-05,ERP_CORPORATIVO,TRANSACOES_FINANCEIRAS,18707,5860a15287fc5681e474d56235b26b09b1b67d728558eb898aba2a907c728cb5
TR-18708,2025-03-07,2025-03-01,PJT,1000095,DESPESA,1902.7763004477736,1902.7763004477736,BRL,Contrato de conectividade para área PJT,9,TRANSFERENCIA,PAGO,e6288577-83de-45f9-9cb7-fa62004b89b9,2025-04-05,ERP_CORPORATIVO,TRANSACOES_FINANCEIRAS,18708,58e7cbbd3ca775fbd3c3137a3779d26f17ffb4fa1ebab991a28aa9c82fcf3226
TR-18709,2025-03-24,2025-03-01,OP,1000095,RECEITA,1777.8338338129522,1777.8338338129522,BRL,Despesa operacional - OP,8,CARTAO,PAGO,e6288577-83de-45f9-9cb7-fa62004b89b9,2025-04-05,ERP_CORPORATIVO,TRANSACOES_FINANCEIRAS,18709,62eb998f9261a8fc78b1461b5cc6aaabf8236c1f184c6f1fb3bf46d50dee8d82
TR-18710,2025-03-17,2025-03-01,PES,1000095,DESPESA,1650.0101302120718,1650.0101302120718,BRL,Despesa operacional - PES,8,TED,ATRASADO,e6288577-83de-45f9-9cb7-fa62004b89b9,2025-04-05,ERP_CORPORATIVO,TRANSACOES_FINANCEIRAS,18710,7e8fc4619880c350693c6e995d09a03ff7da321cb9c079ff951dd8673c2789c0
TR-18711,2025-03-17,2025-03-01,FIN,1000095,RECEITA,1906.0050373016404,1840.2044870649202,BRL,Despesa de RH - FIN,6,TED,ATRASADO,e6288577-83de-45f9-9cb7-fa62004b89b9,2025-04-05,ERP_CORPORATIVO,TRANSACOES_FINANCEIRAS,18711,835f75141df635039a64c7b10d5d33500f7db1134cd2092943993d7bdf0a02ea
TR-18712,2025-03-17,2025-03-01,OP,1000095,RECEITA,1954.6534173146429,1954.6534173146429,BRL,Receita de comissão comercial - OP,33,PIX,PAGO,e6288577-83de-45f9-9cb7-fa62004b89b9,2025-04-05,ERP_CORPORATIVO,TRANSACOES_FINANCEIRAS,18712,e6b44c0006e755effce82673515088ff170920be2282399a0b6218de7e726219
TR-18713,2025-03-17,2025-03-01,CPT,1000095,DESPESA,1802.3395569429852,1802.3395569429852,BRL,Renovação de certificados digitais - CPT,26,PIX,PAGO,e6288577-83de-45f9-9cb7-fa62004b89b9,2025-04-05,ERP_CORPORATIVO,TRANSACOES_FINANCEIRAS,18713,db3952c75b730cbb23a66f81e7e5dfa0814dcbc393f96b12d118b10a0e46cb24
TR-18714,2025-03-18,2025-03-01,ESG,1000095,DESPESA,1686.623810880302,1686.623810880302,BRL,Renovação de certificados digitais - ESG,26,BOLETO,PAGO,e6288577-83de-45f9-9cb7-fa62004b89b9,2025-04-05,ERP_CORPORATIVO,TRANSACOES_FINANCEIRAS,18714,07915f09c4069f95bd191271a7de22efe9bf865535a7964e78585b4b71ac2dd4
TR-18715,2025-03-10,2025-03-01,COMP,1000095,DESPESA,2007.8716241425127,1973.7682482353562,BRL,Imposto sobre venda apurado em COMP,40,BOLETO,PAGO,e6288577-83de-45f9-9cb7-fa62004b89b9,2025-04-05,ERP_CORPORATIVO,TRANSACOES_FINANCEIRAS,18715,e71b898496b85f9edc094b486e5e50505d2504ea5a77f289e423b830223a967e
TR-18716,2025-03-17,2025-03-01,LOG,1000095,RECEITA,2094.4345079560508,2094.4345079560508,BRL,Aquisição de material operacional - LOG,2,TRANSFERENCIA,ATRASADO,e6288577-83de-45f9-9cb7-fa62004b89b9,2025-04-05,ERP_CORPORATIVO,TRANSACOES_FINANCEIRAS,18716,c479ee58c93d338af12452c7c7fefb1f932b2f07802a7f61eac79398af0f76c5
TR-18717,2025-03-10,2025-03-01,COM,1000095,DESPESA,2046.6284075842132,2046.6284075842132,BRL,Contrato de serviço - setor COM,1,BOLETO,PAGO,e6288577-83de-45f9-9cb7-fa62004b89b9,2025-04-05,ERP_CORPORATIVO,TRANSACOES_FINANCEIRAS,18717,6ceef6f357a89d96283b8c4f0f5a8b19f16b39cc61fc2dfe794605fe47e8a592
TR-18718,2025-03-07,2025-03-01,PRD,1000095,DESPESA,2180.895366000493,2081.3622092738906,BRL,Receita eventual registrada em PRD,37,TED,PAGO,e6288577-83de-45f9-9cb7-fa62004b89b9,2025-04-05,ERP_CORPORATIVO,TRANSACOES_FINANCEIRAS,18718,02bf61e444485284094956972496b362661c79e7df1d6eceb1827f7eb185d118
TR-18719,2025-03-19,2025-03-01,PJT,1000095,DESPESA,1743.1146979857785,1676.6692325042243,EUR,Despesa operacional - PJT,8,TRANSFERENCIA,CANCELADO,e6288577-83de-45f9-9cb7-fa62004b89b9,2025-04-05,ERP_CORPORATIVO,TRANSACOES_FINANCEIRAS,18719,23440e82080ca8d2a7da39a12d5bf2b0ccbb555c205b74000766904a4063b5f1
TR-18720,2025-03-17,2025-03-01,ESG,1000095,DESPESA,1614.9579617627023,1561.6956469740335,EUR,Taxas bancárias incidentes em ESG,22,CARTAO,CANCELADO,e6288577-83de-45f9-9cb7-fa62004b89b9,2025-04-05,ERP_CORPORATIVO,TRANSACOES_FINANCEIRAS,18720,215fcfcb7d5c29d133cd0384c9170cc3d42b3ebd9e9c62041a7b01c380903157
TR-18721,2025-03-05,2025-03-01,ADM,1000095,RECEITA,1938.4518301111236,1938.4518301111236,BRL,Aquisição de material operacional - ADM,2,PIX,CANCELADO,e6288577-83de-45f9-9cb7-fa62004b89b9,2025-04-05,ERP_CORPORATIVO,TRANSACOES_FINANCEIRAS,18721,e55bfb44d02f39f0d0e18fd2492819d0898c30f6e1735f4272e8fa82d4018866
TR-18722,2025-03-19,2025-03-01,OP,1000095,DESPESA,1786.9906582029696,1786.9906582029696,BRL,Custo operacional associado a OP,8,BOLETO,PAGO,e6288577-83de-45f9-9cb7-fa62004b89b9,2025-04-05,ERP_CORPORATIVO,TRANSACOES_FINANCEIRAS,18722,b8ae2630800c6b612cbbeda18500a823a120d0537ac29960cca4a288808799fc
TR-18723,2025-03-10,2025-03-01,CPT,1000095,RECEITA,2053.5985876609266,1977.6676356706625,BRL,Honorários profissionais contratados por CPT,11,TED,PAGO,e6288577-83de-45f9-9cb7-fa62004b89b9,2025-04-05,ERP_CORPORATIVO,TRANSACOES_FINANCEIRAS,18723,f87dda01ff9a67cd7f218a83a7d93c49187c9c97f8c9c3e4a09be9d9f386da4e
TR-18724,2025-03-17,2025-03-01,MKT,1000095,RECEITA,5371.43981151875,5371.43981151875,BRL,Contrato de serviço - setor MKT,1,TED,ATRASADO,e6288577-83de-45f9-9cb7-fa62004b89b9,2025-04-05,ERP_CORPORATIVO,TRANSACOES_FINANCEIRAS,18724,fa6deac88f8dc9cfcba6a5dc42ff60f61c5b4c59ea3329074e68579ddf2ffac2
TR-18725,2025-03-10,2025-03-01,ATD,1000095,RECEITA,1689.5203876372454,1664.2620450502109,BRL,Venda de ativo imobilizado por ATD,35,BOLETO,ATRASADO,e6288577-83de-45f9-9cb7-fa62004b89b9,2025-04-05,ERP_CORPORATIVO,TRANSACOES_FINANCEIRAS,18725,b0c4b4a4809939149f21ebba891a0ec96b783f6cbaf0564d8c9abb9cfc94ba77
TR-19070,2025-03-17,2025-03-01,LOG,ACC-00097,DESPESA,1044.1917370597553,1044.1917370597553,BRL,Manutenção estrutural vinculada à área LOG,3,TRANSFERENCIA,PAGO,e6288577-83de-45f9-9cb7-fa62004b89b9,2025-04-05,ERP_CORPORATIVO,TRANSACOES_FINANCEIRAS,19070,4cc3e5200d1cab911a4c5231707d3b1de17ed405034a231e408549b3da47f961
TR-19071,2025-03-19,2025-03-01,COMP,ACC-00097,DESPESA,989.926457104728,989.926457104728,BRL,Investimento em marketing corporativo (COMP),4,BOLETO,ATRASADO,e6288577-83de-45f9-9cb7-fa62004b89b9,2025-04-05,ERP_CORPORATIVO,TRANSACOES_FINANCEIRAS,19071,80258e51170442d6350a07e9b7c3cb33c01acb289288fb296643ca4426a8d67b
TR-19072,2025-03-12,2025-03-01,OP,ACC-00097,DESPESA,923.527072524432,893.7059715381853,BRL,Compra de insumos para setor OP,2,BOLETO,PAGO,e6288577-83de-45f9-9cb7-fa62004b89b9,2025-04-05,ERP_CORPORATIVO,TRANSACOES_FINANCEIRAS,19072,6429fd03518ac5c32bbe65a4d23dc74d3a6f90bc16c53acf7ff740e0a1161eca
TR-19073,2025-03-12,2025-03-01,TI,ACC-00097,DESPESA,1051.5353060996108,1051.5353060996108,BRL,Licenciamento de software - TI,5,TED,PAGO,e6288577-83de-45f9-9cb7-fa62004b89b9,2025-04-05,ERP_CORPORATIVO,TRANSACOES_FINANCEIRAS,19073,1151f1aeee9f9682423530abef0088ac9775cd869f482097c7bf34f85f970afe
TR-19074,2025-03-17,2025-03-01,VND,ACC-00097,DESPESA,1157.435369676484,1157.435369676484,BRL,Publicidade institucional - VND,13,BOLETO,PAGO,e6288577-83de-45f9-9cb7-fa62004b89b9,2025-04-05,ERP_CORPORATIVO,TRANSACOES_FINANCEIRAS,19074,74f126024aac1ce9f7a2cb1aaf10482ff2d0abd64cafa25f53a4ff03a2b150ef
TR-19075,2025-03-17,2025-03-01,RH,ACC-00097,DESPESA,1755.4450330606285,1702.549694990989,BRL,Alienação de bem patrimonial - RH,35,TED,PAGO,e6288577-83de-45f9-9cb7-fa62004b89b9,2025-04-05,ERP_CORPORATIVO,TRANSACOES_FINANCEIRAS,19075,ac0d1129c671b2bb97c50dbec5ae8f36468f9f558c13a009b39fec4767cf6178
TR-19076,2025-03-27,2025-03-01,COM,ACC-00097,DESPESA,1127.234963329829,1127.234963329829,BRL,Contrato de serviço - setor COM,1,PIX,PAGO,e6288577-83de-45f9-9cb7-fa62004b89b9,2025-04-05,ERP_CORPORATIVO,TRANSACOES_FINANCEIRAS,19076,06252e8f9db00c880dbab3ab52902f04b7b8c76b5733dad1ca6f0efff803f643
TR-19077,2025-03-06,2025-03-01,ESG,ACC-00097,DESPESA,970.6123870098071,970.6123870098071,BRL,Diária de hotel para equipe ESG,19,BOLETO,PAGO,e6288577-83de-45f9-9cb7-fa62004b89b9,2025-04-05,ERP_CORPORATIVO,TRANSACOES_FINANCEIRAS,19077,bc50fd38ee6f1a9fc774c4d3ddbcc6762c09c4d9046e117cfe1c04c62afbfe06
TR-19078,2025-03-24,2025-03-01,RH,ACC-00097,DESPESA,883.2439630520856,862.7515064878543,BRL,Despesa operacional - RH,8,TED,PAGO,e6288577-83de-45f9-9cb7-fa62004b89b9,2025-04-05,ERP_CORPORATIVO,TRANSACOES_FINANCEIRAS,19078,332c0d931330d0bd4976953f71cbbd5b7322bc94bb35f210dbe36d69e7c1f23d
TR-19079,2025-03-17,2025-03-01,SEC,ACC-00097,RECEITA,805.8015733804168,805.8015733804168,BRL,Assessoria legal vinculada à área SEC,7,BOLETO,PAGO,e6288577-83de-45f9-9cb7-fa62004b89b9,2025-04-05,ERP_CORPORATIVO,TRANSACOES_FINANCEIRAS,19079,d5fcda18ca1b5a51b66e66b0e9c626062a4e367fd819471aa1a0dd103908ce24
TR-19080,2025-03-03,2025-03-01,FIN,ACC-00097,DESPESA,800.0448928410792,800.0448928410792,BRL,Compra de insumos para setor FIN,2,CARTAO,PAGO,e6288577-83de-45f9-9cb7-fa62004b89b9,2025-04-05,ERP_CORPORATIVO,TRANSACOES_FINANCEIRAS,19080,10ad00427a690d0e6ee86898cf4a91f49051a45bb4942f1149d481fcd9851151
TR-19081,2025-03-17,2025-03-01,FIN,ACC-00097,RECEITA,964.4230495990334,934.9766750048686,BRL,Certificado digital adquirido por FIN,26,TED,PAGO,e6288577-83de-45f9-9cb7-fa62004b89b9,2025-04-05,ERP_CORPORATIVO,TRANSACOES_FINANCEIRAS,19081,4455b7e7e0911b43a8af64ec6f655169464618307b17cd390cc42412f11c7b06
TR-19082,2025-03-18,2025-03-01,PES,ACC-00097,DESPESA,1035.4046155261296,1035.4046155261296,BRL,Manutenção preventiva de veículos - PES,17,TED,PAGO,e6288577-83de-45f9-9cb7-fa62004b89b9,2025-04-05,ERP_CORPORATIVO,TRANSACOES_FINANCEIRAS,19082,a1e796f34de566d347dd4fabeab563a57fb072677e653777415fc88b5e407781
TR-19083,2025-03-12,2025-03-01,ATD,ACC-00097,DESPESA,1070.812674290792,1070.812674290792,BRL,Compra de insumos para setor ATD,2,TRANSFERENCIA,PAGO,e6288577-83de-45f9-9cb7-fa62004b89b9,2025-04-05,ERP_CORPORATIVO,TRANSACOES_FINANCEIRAS,19083,a149ddcd1c55932139d5c07f1001bb5512443924d80239d8353945a02fd56d30
TR-19342,2025-03-03,2025-03-01,PJT,1000098,DESPESA,1871.3890917723063,1852.4818702045811,BRL,Honorários profissionais contratados por PJT,11,BOLETO,PAGO,e6288577-83de-45f9-9cb7-fa62004b89b9,2025-04-05,ERP_CORPORATIVO,TRANSACOES_FINANCEIRAS,19342,788d2003ce1dffe81d24f6677179ec3245579a1cc339eb59f802fc8f87b29ab9
TR-19343,2025-03-10,2025-03-01,COMP,1000098,DESPESA,2536.690253813902,2536.690253813902,BRL,Investimento em marketing corporativo (COMP),4,CARTAO,PAGO,e6288577-83de-45f9-9cb7-fa62004b89b9,2025-04-05,ERP_CORPORATIVO,TRANSACOES_FINANCEIRAS,19343,d2c01ff1479e18c739f9718a67b335f4b8170e5f8d03026ff9372e2bb3a95184
TR-19344,2025-03-12,2025-03-01,COM,1000098,DESPESA,1728.0098305665138,1728.0098305665138,BRL,Serviço relacionado a recursos humanos (COM),6,PIX,PAGO,e6288577-83de-45f9-9cb7-fa62004b89b9,2025-04-05,ERP_CORPORATIVO,TRANSACOES_FINANCEIRAS,19344,d04a8df2b5a291787afacb5fc02a680c482d4f7d8c8c35860f5b785cab7de744
TR-19345,2025-03-10,2025-03-01,VND,1000098,RECEITA,1920.6838148521565,1920.6838148521565,BRL,Campanha institucional - VND,4,BOLETO,PAGO,e6288577-83de-45f9-9cb7-fa62004b89b9,2025-04-05,ERP_CORPORATIVO,TRANSACOES_FINANCEIRAS,19345,63ff1eb37274c8ea674057c0f5407699140acce49226fdee7dc8cea1b7407bd7
TR-19346,2025-03-24,2025-03-01,COM,1000098,DESPESA,2676.074651679353,2620.105256572985,BRL,Serviço especializado solicitado por COM,1,PIX,PAGO,e6288577-83de-45f9-9cb7-fa62004b89b9,2025-04-05,ERP_CORPORATIVO,TRANSACOES_FINANCEIRAS,19346,6a88c09501689036533a8c36117388e61a668e71016839725e0165f6d454d0a5
TR-19347,2025-03-12,2025-03-01,OP,1000098,DESPESA,2157.842491071657,2056.850596470981,BRL,Manutenção predial solicitada por OP,10,BOLETO,PAGO,e6288577-83de-45f9-9cb7-fa62004b89b9,2025-04-05,ERP_CORPORATIVO,TRANSACOES_FINANCEIRAS,19347,914c2f553a2f0253502b6a79796b09212bfeba4aebdeec67b63b4f7aa12fd6b4
TR-19645,2025-03-11,2025-03-01,QAS,ACC-00100,RECEITA,2781.0810098720076,2676.8949427128937,BRL,Material de marketing solicitado por QAS,15,PIX,PAGO,e6288577-83de-45f9-9cb7-fa62004b89b9,2025-04-05,ERP_CORPORATIVO,TRANSACOES_FINANCEIRAS,19645,d932f563dd978b74639ddbdda2da6de7a8ff9204e0c0d7a084761fdead89c8dc
TR-19646,2025-03-19,2025-03-01,PES,ACC-00100,DESPESA,8291.414893623392,8291.414893623392,BRL,Despesa operacional - PES,8,BOLETO,PAGO,e6288577-83de-45f9-9cb7-fa62004b89b9,2025-04-05,ERP_CORPORATIVO,TRANSACOES_FINANCEIRAS,19646,31143f71af6761643180f9dec4dc751e14ae56113ca80a75c2ac4f3dabad8b80
TR-19647,2025-03-24,2025-03-01,ADM,ACC-00100,RECEITA,2405.0995751952655,2296.1501652653687,BRL,Aquisição de material operacional - ADM,2,PIX,PAGO,e6288577-83de-45f9-9cb7-fa62004b89b9,2025-04-05,ERP_CORPORATIVO,TRANSACOES_FINANCEIRAS,19647,0c1e523bfabb7a64add5118c72b98f9a5a5c5376221e5657866f4b19883dbc1a
TR-19648,2025-03-21,2025-03-01,FIN,ACC-00100,RECEITA,2593.4922207986183,2593.4922207986183,BRL,Serviço especializado solicitado por FIN,1,BOLETO,PAGO,e6288577-83de-45f9-9cb7-fa62004b89b9,2025-04-05,ERP_CORPORATIVO,TRANSACOES_FINANCEIRAS,19648,6c278dde7a86ea4efe4f745d1a1e6c0d5eca29c28e97df16692b2b3c74bcd83c
TR-19649,2025-03-17,2025-03-01,LOG,ACC-00100,RECEITA,2177.1628142858935,2114.480507815213,BRL,Participação nos resultados vinculada a LOG,34,TED,ATRASADO,e6288577-83de-45f9-9cb7-fa62004b89b9,2025-04-05,ERP_CORPORATIVO,TRANSACOES_FINANCEIRAS,19649,0f57c70eff883539773190f7b72559801dec329cb2c2fec558cb40fbb227c46e
TR-19650,2025-03-25,2025-03-01,TI,ACC-00100,RECEITA,2155.737214635525,2155.737214635525,USD,Receita extraordinária - TI,37,CARTAO,PAGO,e6288577-83de-45f9-9cb7-fa62004b89b9,2025-04-05,ERP_CORPORATIVO,TRANSACOES_FINANCEIRAS,19650,dad759296781b8d08cfa81682bcd8944179e9c7d0a149fef561263d78bc5ab10
TR-19651,2025-03-17,2025-03-01,COMP,ACC-00100,DESPESA,2567.079275008534,2567.079275008534,BRL,Manutenção estrutural vinculada à área COMP,3,PIX,CANCELADO,e6288577-83de-45f9-9cb7-fa62004b89b9,2025-04-05,ERP_CORPORATIVO,TRANSACOES_FINANCEIRAS,19651,9361ca691cf31f02492ba83a8c3490417d369571ff8bb097b3b3950de05cdf42
TR-19652,2025-03-10,2025-03-01,COM,ACC-00100,DESPESA,2312.901460559007,2312.901460559007,BRL,Direitos de propriedade intelectual - COM,32,BOLETO,PAGO,e6288577-83de-45f9-9cb7-fa62004b89b9,2025-04-05,ERP_CORPORATIVO,TRANSACOES_FINANCEIRAS,19652,3317d29959caf8a2006f2149ccdf5540485a193f04366eae5d7a1e0acc1ac1f0
TR-19653,2025-03-14,2025-03-01,COM,ACC-00100,DESPESA,6649.121856158664,6649.121856158664,BRL,Contrato de serviço - setor COM,1,BOLETO,PAGO,e6288577-83de-45f9-9cb7-fa62004b89b9,2025-04-05,ERP_CORPORATIVO,TRANSACOES_FINANCEIRAS,19653,5572702a7a430b885bea1d4d859326446da604549833059ddfd946402b1fa96e
TR-19654,2025-03-24,2025-03-01,RH,ACC-00100,RECEITA,2295.8226251817,2295.8226251817,BRL,Despesa de RH - RH,6,PIX,PAGO,e6288577-83de-45f9-9cb7-fa62004b89b9,2025-04-05,ERP_CORPORATIVO,TRANSACOES_FINANCEIRAS,19654,8b428c82806c8423fe35057e894882d614e7eaffc9eb6a8aa15c2b558207d3e3
TR-19655,2025-03-24,2025-03-01,ADM,ACC-00100,RECEITA,2016.1207224507878,2016.1207224507878,BRL,Contrato de serviço - setor ADM,1,TED,PAGO,e6288577-83de-45f9-9cb7-fa62004b89b9,2025-04-05,ERP_CORPORATIVO,TRANSACOES_FINANCEIRAS,19655,c39ed7c721dc34f334db7a1de87a09c3547a2b19dacf1dc1a59c65f7107fb166
TR-19656,2025-03-24,2025-03-01,FIN,ACC-00100,DESPESA,5298.266144571727,5261.00713087577,BRL,Contrato de serviço - setor FIN,1,PIX,PAGO,e6288577-83de-45f9-9cb7-fa62004b89b9,2025-04-05,ERP_CORPORATIVO,TRANSACOES_FINANCEIRAS,19656,c199b301bc419eea3c04e5f015824e7929d636144fee2b56cbbb684dbb55b647
TR-19657,2025-03-04,2025-03-01,JUR,ACC-00100,RECEITA,2530.06512433885,2530.06512433885,BRL,Seguro contratado pela área JUR,21,TED,ATRASADO,e6288577-83de-45f9-9cb7-fa62004b89b9,2025-04-05,ERP_CORPORATIVO,TRANSACOES_FINANCEIRAS,19657,d0193b94991415a93c7507f629a6e2a534e37f8a4cf580e777618c6a9e07d44c
TR-19658,2025-03-17,2025-03-01,FIN,ACC-00100,RECEITA,2636.1087903958064,2553.284111630184,BRL,Alienação de bem patrimonial - FIN,35,BOLETO,PAGO,e6288577-83de-45f9-9cb7-fa62004b89b9,2025-04-05,ERP_CORPORATIVO,TRANSACOES_FINANCEIRAS,19658,882b5c1a48ab204ceecdd6560d276d58314722ff18df477b1c73e0f52348324f
TR-19659,2025-03-17,2025-03-01,COMP,ACC-00100,DESPESA,2341.964275486402,2341.964275486402,BRL,Manutenção estrutural vinculada à área COMP,3,BOLETO,PAGO,e6288577-83de-45f9-9cb7-fa62004b89b9,2025-04-05,ERP_CORPORATIVO,TRANSACOES_FINANCEIRAS,19659,4ac95c0246ef1da20d9debc6d21ea04985aafc5c83a1536fe54dbc138548aa20
TR-19660,2025-03-14,2025-03-01,RH,ACC-00100,DESPESA,2604.304627843421,2604.304627843421,BRL,Reparo de hardware solicitado por RH,28,TRANSFERENCIA,PAGO,e6288577-83de-45f9-9cb7-fa62004b89b9,2025-04-05,ERP_CORPORATIVO,TRANSACOES_FINANCEIRAS,19660,8a1615d8df68b92bccc950399de98edf105badf2fd3ebf8c313afd940137a0bc
TR-19661,2025-03-06,2025-03-01,ADM,ACC-00100,DESPESA,2175.7389676410917,2175.7389676410917,BRL,Serviço especializado solicitado por ADM,1,PIX,ATRASADO,e6288577-83de-45f9-9cb7-fa62004b89b9,2025-04-05,ERP_CORPORATIVO,TRANSACOES_FINANCEIRAS,19661,529baf8728e51fafef47e98490405737a339027301003eed11882ac5841592ab
TR-19662,2025-03-13,2025-03-01,COM,ACC-00100,RECEITA,2700.486019283527,2700.486019283527,BRL,Diária de hotel para equipe COM,19,BOLETO,PAGO,e6288577-83de-45f9-9cb7-fa62004b89b9,2025-04-05,ERP_CORPORATIVO,TRANSACOES_FINANCEIRAS,19662,8a4c9bd89d53b0dd6f18c11b090c44974e66753ca30b8dc2bc310360a354d0ee
TR-19663,2025-03-14,2025-03-01,OP,ACC-00100,DESPESA,2119.2615403368386,2119.2615403368386,BRL,Investimento em marketing corporativo (OP),4,TRANSFERENCIA,PAGO,e6288577-83de-45f9-9cb7-fa62004b89b9,2025-04-05,ERP_CORPORATIVO,TRANSACOES_FINANCEIRAS,19663,e6a335a3c99fb6b555075515268fc7abbf66775574fba8ffcc341d91474e40b8
TR-19664,2025-03-12,2025-03-01,COMP,ACC-00100,DESPESA,2101.0611978654865,2101.0611978654865,BRL,Doação recebida em favor de COMP,36,BOLETO,PAGO,e6288577-83de-45f9-9cb7-fa62004b89b9,2025-04-05,ERP_CORPORATIVO,TRANSACOES_FINANCEIRAS,19664,c58431ccf45cba949654693d58219c72b06cb88b30d15f261663901fbf93a622
TR-20024,2025-03-17,2025-03-01,SEC,1000100,RECEITA,3196.668115270453,3196.668115270453,BRL,Evento corporativo organizado por SEC,14,PIX,PAGO,e6288577-83de-45f9-9cb7-fa62004b89b9,2025-04-05,ERP_CORPORATIVO,TRANSACOES_FINANCEIRAS,20024,3e149ba78af67c56f6a9026133eb24036dc489791fe6240fd6ff57c46bcb4bc0
TR-20025,2025-03-17,2025-03-01,COM,1000100,DESPESA,2856.8450027326194,2856.8450027326194,BRL,Evento corporativo organizado por COM,14,TED,PAGO,e6288577-83de-45f9-9cb7-fa62004b89b9,2025-04-05,ERP_CORPORATIVO,TRANSACOES_FINANCEIRAS,20025,d036e01e9e4b5da00255a7b7f499ffcc6cbec9f47247e39293aeef1939a12b21
TR-20026,2025-03-17,2025-03-01,RH,1000100,DESPESA,3216.9535917423555,3216.9535917423555,BRL,Desconto concedido em operação de RH,38,BOLETO,PAGO,e6288577-83de-45f9-9cb7-fa62004b89b9,2025-04-05,ERP_CORPORATIVO,TRANSACOES_FINANCEIRAS,20026,d50b7025892aaaf8c48461c52c634b0f1433b02bbfdbe817b225459082545179
TR-20027,2025-03-10,2025-03-01,COM,1000100,DESPESA,2733.8077223547803,2733.8077223547803,BRL,Certificado digital adquirido por COM,26,TRANSFERENCIA,PAGO,e6288577-83de-45f9-9cb7-fa62004b89b9,2025-04-05,ERP_CORPORATIVO,TRANSACOES_FINANCEIRAS,20027,42e91875083224c7ab2719d7c76cdb692178737addaa5aa39547991b9a9cdd3f
TR-20028,2025-03-20,2025-03-01,RH,1000100,DESPESA,2507.601101881876,2399.4981245427175,BRL,Viagem corporativa - RH,18,BOLETO,PAGO,e6288577-83de-45f9-9cb7-fa62004b89b9,2025-04-05,ERP_CORPORATIVO,TRANSACOES_FINANCEIRAS,20028,248d8016bf40012d63fa94e01cb72eae204306e88779d2604e6522900fc38307
TR-20029,2025-03-10,2025-03-01,COM,1000100,DESPESA,2442.814686699759,2442.814686699759,BRL,Atendimento de TI requisitado por COM,29,TRANSFERENCIA,PAGO,e6288577-83de-45f9-9cb7-fa62004b89b9,2025-04-05,ERP_CORPORATIVO,TRANSACOES_FINANCEIRAS,20029,201f7c763a6dc5eb277990d77f0c4cca9ebd245fbf5478ea55a6c1aaf2f80252
TR-20030,2025-03-24,2025-03-01,COM,1000100,DESPESA,2665.2716933978086,2584.9902406165947,BRL,Despesa de infraestrutura - COM,3,PIX,PAGO,e6288577-83de-45f9-9cb7-fa62004b89b9,2025-04-05,ERP_CORPORATIVO,TRANSACOES_FINANCEIRAS,20030,74441dfb928749aaea95354c251674c82bb7a3b61ced072898d83dabc4a56435
TR-20031,2025-03-06,2025-03-01,RH,1000100,DESPESA,2909.365671762799,2909.365671762799,BRL,Serviço relacionado a recursos humanos (RH),6,TRANSFERENCIA,PAGO,e6288577-83de-45f9-9cb7-fa62004b89b9,2025-04-05,ERP_CORPORATIVO,TRANSACOES_FINANCEIRAS,20031,96be038029f982c1507cef9c9d24e5d3e4e1be958109f212f341807e04948817
TR-20032,2025-03-05,2025-03-01,OP,1000100,DESPESA,2619.268736715736,2541.3983789764898,BRL,Honorarium advocatício - OP,24,TED,PAGO,e6288577-83de-45f9-9cb7-fa62004b89b9,2025-04-05,ERP_CORPORATIVO,TRANSACOES_FINANCEIRAS,20032,93fcd1e2dd93545b8689e52dd50a5ac941d6ebf77f5850007d1dbf2a96aa1b69
TR-20033,2025-03-06,2025-03-01,PJT,1000100,DESPESA,2939.6741692998407,2828.3033062557897,BRL,Tarifas de serviços financeiros - PJT,22,BOLETO,PAGO,e6288577-83de-45f9-9cb7-fa62004b89b9,2025-04-05,ERP_CORPORATIVO,TRANSACOES_FINANCEIRAS,20033,81d0c0b89532fc124e76088172f64d9eae274a5f97935e4335aebf2dae545dd8
TR-20411,2025-03-28,2025-03-01,ATD,ACC-00102,DESPESA,1390.3535225061448,1390.3535225061448,USD,Serviço relacionado a recursos humanos (ATD),6,TED,PAGO,e6288577-83de-45f9-9cb7-fa62004b89b9,2025-04-05,ERP_CORPORATIVO,TRANSACOES_FINANCEIRAS,20411,1a5befb831c3e90266cc5bdac0c03acc7787ddf9f7a3aa99ecbc61bdadd63a28
TR-20412,2025-03-24,2025-03-01,JUR,ACC-00102,RECEITA,1297.7724713287325,1297.7724713287325,BRL,Abatimento comercial registrado em JUR,38,TED,PAGO,e6288577-83de-45f9-9cb7-fa62004b89b9,2025-04-05,ERP_CORPORATIVO,TRANSACOES_FINANCEIRAS,20412,da4587b24be68fac042d64dba03f04647f09cf5b53b9356914294c3d70ea68c7
TR-20413,2025-03-13,2025-03-01,LOG,ACC-00102,RECEITA,1492.6255425139602,1492.6255425139602,BRL,Produção de material gráfico - LOG,15,TED,ATRASADO,e6288577-83de-45f9-9cb7-fa62004b89b9,2025-04-05,ERP_CORPORATIVO,TRANSACOES_FINANCEIRAS,20413,dd02232774d9c177989c9c682ee506bee98c3e52448f75ec93b259dfcb9e46a5
TR-20414,2025-03-17,2025-03-01,QAS,ACC-00102,DESPESA,1279.3711792449708,1279.3711792449708,BRL,Reparo de frota vinculado à área QAS,17,TED,PAGO,e6288577-83de-45f9-9cb7-fa62004b89b9,2025-04-05,ERP_CORPORATIVO,TRANSACOES_FINANCEIRAS,20414,9c887c292925cf4ab00976dba645cc9c6b035da6fb5ad604667768976ae6d752
TR-20415,2025-03-07,2025-03-01,JUR,ACC-00102,DESPESA,1513.7220371850274,1491.1259362498497,USD,Compra de insumos para setor JUR,2,TED,PAGO,e6288577-83de-45f9-9cb7-fa62004b89b9,2025-04-05,ERP_CORPORATIVO,TRANSACOES_FINANCEIRAS,20415,54b20fad829b856d93b090266ee4cfe0fe3ddee90854232fb153c65fa2a8b045
TR-20416,2025-03-17,2025-03-01,PRD,ACC-00102,DESPESA,1466.457213124365,1421.6999444601593,BRL,Compra de insumos para setor PRD,2,TRANSFERENCIA,ATRASADO,e6288577-83de-45f9-9cb7-fa62004b89b9,2025-04-05,ERP_CORPORATIVO,TRANSACOES_FINANCEIRAS,20416,c2768ebc768d57620027669a5f0b63750654870dcba6cf86ee37532424f08beb
TR-20417,2025-03-17,2025-03-01,JUR,ACC-00102,RECEITA,1622.987704960718,1622.987704960718,BRL,Combustível e lubrificantes para frota (JUR),16,PIX,PAGO,e6288577-83de-45f9-9cb7-fa62004b89b9,2025-04-05,ERP_CORPORATIVO,TRANSACOES_FINANCEIRAS,20417,46294a9a6b3b09d7f32cafb64d18e2b92855d38a63c03b2c220c41ea07d926f9
TR-20418,2025-03-14,2025-03-01,COMP,ACC-00102,DESPESA,1346.6631495656416,1346.6631495656416,BRL,Serviço especializado solicitado por COMP,1,BOLETO,PAGO,e6288577-83de-45f9-9cb7-fa62004b89b9,2025-04-05,ERP_CORPORATIVO,TRANSACOES_FINANCEIRAS,20418,1987179e0e280998a0274c4dac084dff2bb765c8c271e32064e496e67ac01987
TR-20419,2025-03-14,2025-03-01,RH,ACC-00102,DESPESA,1612.4437446960903,1534.4264054597463,BRL,Honorários profissionais contratados por RH,11,BOLETO,PAGO,e6288577-83de-45f9-9cb7-fa62004b89b9,2025-04-05,ERP_CORPORATIVO,TRANSACOES_FINANCEIRAS,20419,fd2af1e81b314b005dd41e54866c15d7263d97ef4d0876379a85fc8638b5dfdc
TR-20420,2025-03-03,2025-03-01,FIN,ACC-00102,DESPESA,1440.8928721641746,1440.8928721641746,BRL,Despesa operacional - FIN,8,BOLETO,ATRASADO,e6288577-83de-45f9-9cb7-fa62004b89b9,2025-04-05,ERP_CORPORATIVO,TRANSACOES_FINANCEIRAS,20420,fd8f88221249ef6b4babc6843edd678181bc62c48fed152709344d2c037a39d1
TR-20421,2025-03-07,2025-03-01,QAS,ACC-00102,RECEITA,1400.0539395395037,1400.0539395395037,BRL,Custo operacional associado a QAS,8,PIX,PAGO,e6288577-83de-45f9-9cb7-fa62004b89b9,2025-04-05,ERP_CORPORATIVO,TRANSACOES_FINANCEIRAS,20421,63f4caefcb28587a9c098bbee222602c1b059f94e1770fc73925b9225beddf61
TR-20422,2025-03-10,2025-03-01,COMP,ACC-00102,DESPESA,1295.2694381899769,1295.2694381899769,BRL,Serviço especializado solicitado por COMP,1,BOLETO,ATRASADO,e6288577-83de-45f9-9cb7-fa62004b89b9,2025-04-05,ERP_CORPORATIVO,TRANSACOES_FINANCEIRAS,20422,a815202e75cec085c8145ed9af77ca41d58af7ac17c4c1b88c314385bd679615
TR-20423,2025-03-13,2025-03-01,SEC,ACC-00102,RECEITA,1467.544923993943,1467.544923993943,BRL,Despesa operacional - SEC,8,CARTAO,PAGO,e6288577-83de-45f9-9cb7-fa62004b89b9,2025-04-05,ERP_CORPORATIVO,TRANSACOES_FINANCEIRAS,20423,154e9ccf25a17fcd66f3afe2a2430867ecbb89fc41cc51c3bac07c6701c237e9
TR-20424,2025-03-17,2025-03-01,MKT,ACC-00102,DESPESA,1345.0389670884613,1345.0389670884613,BRL,Juros sobre operação financeira - MKT,23,BOLETO,PAGO,e6288577-83de-45f9-9cb7-fa62004b89b9,2025-04-05,ERP_CORPORATIVO,TRANSACOES_FINANCEIRAS,20424,ae6b0f88cddb51a1c6f48b8c9d0c57b2ac3c6f5b11d80e2a4be371901462f6aa
TR-20425,2025-03-07,2025-03-01,JUR,ACC-00102,DESPESA,1406.6967214805143,1406.6967214805143,BRL,Licenciamento de software - JUR,5,BOLETO,PAGO,e6288577-83de-45f9-9cb7-fa62004b89b9,2025-04-05,ERP_CORPORATIVO,TRANSACOES_FINANCEIRAS,20425,5d43bbc359927e885f34cb87933c098327410031dd7261b844437200cd9b1172
TR-20426,2025-03-20,2025-03-01,VND,ACC-00102,RECEITA,1524.663220505217,1524.663220505217,BRL,Despesa de refeição em deslocamento (VND),20,PIX,PAGO,e6288577-83de-45f9-9cb7-fa62004b89b9,2025-04-05,ERP_CORPORATIVO,TRANSACOES_FINANCEIRAS,20426,ea6bb5091af08bbe0210603d52a1c6b0f007e926b0efc2f0b4201ccd2dd2b410
TR-20427,2025-03-14,2025-03-01,JUR,ACC-00102,DESPESA,1406.2950925453276,1368.5117560204637,BRL,Manutenção preventiva de veículos - JUR,17,BOLETO,PAGO,e6288577-83de-45f9-9cb7-fa62004b89b9,2025-04-05,ERP_CORPORATIVO,TRANSACOES_FINANCEIRAS,20427,ef209b73cea8a5716ff09035a75b8a7b173289bbc1c5cbeb768be6451d8690e0
TR-20428,2025-03-07,2025-03-01,COMP,ACC-00102,DESPESA,1456.090466768419,1456.090466768419,BRL,Abastecimento de veículos - COMP,16,TED,PAGO,e6288577-83de-45f9-9cb7-fa62004b89b9,2025-04-05,ERP_CORPORATIVO,TRANSACOES_FINANCEIRAS,20428,0ceef96bf09791b17ba75c36b74858d1dcfea4a3e91bd5bda7de402e9e9e9d44
TR-20429,2025-03-19,2025-03-01,VND,ACC-00102,DESPESA,1641.1481757044096,1641.1481757044096,BRL,Reparo de hardware solicitado por VND,28,BOLETO,PAGO,e6288577-83de-45f9-9cb7-fa62004b89b9,2025-04-05,ERP_CORPORATIVO,TRANSACOES_FINANCEIRAS,20429,63c1de01c3ffde500b7d20581149ab9c4566defbb3b5ac7dfee8c4788366394a
TR-20912,2025-03-07,2025-03-01,CTB,ACC-00106,RECEITA,6362.406628983489,6052.59632557226,USD,Participação nos resultados vinculada a CTB,34,PIX,PAGO,e6288577-83de-45f9-9cb7-fa62004b89b9,2025-04-05,ERP_CORPORATIVO,TRANSACOES_FINANCEIRAS,20912,cba4154d32bbd860b7c9cbe1d090991b228d51a07c61d85d86bcd1842745ae50
TR-20913,2025-03-17,2025-03-01,MKT,ACC-00106,DESPESA,6242.670025988605,6242.670025988605,BRL,Tarifas de serviços financeiros - MKT,22,BOLETO,PAGO,e6288577-83de-45f9-9cb7-fa62004b89b9,2025-04-05,ERP_CORPORATIVO,TRANSACOES_FINANCEIRAS,20913,3f0e4a8ab03c67cc0059ec8b77e14fc9e7a1bf88d1553debb0f890a201a7e2c1
TR-20914,2025-03-12,2025-03-01,RH,ACC-00106,DESPESA,6620.256241127357,6460.035729443042,BRL,Contrato de conectividade para área RH,9,TED,PAGO,e6288577-83de-45f9-9cb7-fa62004b89b9,2025-04-05,ERP_CORPORATIVO,TRANSACOES_FINANCEIRAS,20914,e8553e86dd6ab2929b9cd5ff674d76764a02bb0be45e83692863bfe63208e075
TR-20915,2025-03-14,2025-03-01,PJT,ACC-00106,RECEITA,6221.954637334495,6221.954637334495,BRL,Contrato de serviço - setor PJT,1,TRANSFERENCIA,PAGO,e6288577-83de-45f9-9cb7-fa62004b89b9,2025-04-05,ERP_CORPORATIVO,TRANSACOES_FINANCEIRAS,20915,79b5560f4e8fea2c05e822dfa70cfab7d2890d70f0c29861ae31f87f2305d8cd
TR-20916,2025-03-13,2025-03-01,SEC,ACC-00106,DESPESA,6065.131656931469,5872.431571852839,BRL,Contrato de serviço - setor SEC,1,PIX,PAGO,e6288577-83de-45f9-9cb7-fa62004b89b9,2025-04-05,ERP_CORPORATIVO,TRANSACOES_FINANCEIRAS,20916,cb855db1ac5156b1969a7257c3f83421fde76b3ed13bd19f9a18c5a8b694e0c4
TR-20917,2025-03-25,2025-03-01,ATD,ACC-00106,DESPESA,6493.875612180269,6493.875612180269,BRL,Royalties recebidos por ATD,32,TRANSFERENCIA,PAGO,e6288577-83de-45f9-9cb7-fa62004b89b9,2025-04-05,ERP_CORPORATIVO,TRANSACOES_FINANCEIRAS,20917,3999b2cc9e670ccab7e72561ab4473eecf08245bf8e08772d43e54691799ae99
TR-20918,2025-03-24,2025-03-01,ESG,ACC-00106,DESPESA,6438.448283874766,6438.448283874766,BRL,Contrato de consultoria externa - ESG,12,PIX,PAGO,e6288577-83de-45f9-9cb7-fa62004b89b9,2025-04-05,ERP_CORPORATIVO,TRANSACOES_FINANCEIRAS,20918,9c9bc91197f73e6ddcbed457e2c726321f5373baae29f7e0e55869476d3e79c2
TR-20919,2025-03-17,2025-03-01,MKT,ACC-00106,DESPESA,5602.531296542095,5602.531296542095,BRL,Licença de software para área MKT,27,PIX,PAGO,e6288577-83de-45f9-9cb7-fa62004b89b9,2025-04-05,ERP_CORPORATIVO,TRANSACOES_FINANCEIRAS,20919,1d84c5d71c4a3f697638b20454ac7df5e1c8a121c130ee2a905916f62bd4ac5c
TR-21068,2025-03-14,2025-03-01,JUR,FORN-00107,DESPESA,2716.3967407195105,2716.3967407195105,BRL,Direitos de propriedade intelectual - JUR,32,CARTAO,ATRASADO,e6288577-83de-45f9-9cb7-fa62004b89b9,2025-04-05,ERP_CORPORATIVO,TRANSACOES_FINANCEIRAS,21068,4bf56a11ccba6b2d0ba702072ddaaa892903a1ea9860cf97e2c461683b62c97c
TR-21069,2025-03-17,2025-03-01,COMP,FORN-00107,DESPESA,2525.2219951690095,2525.2219951690095,BRL,Diária de hotel para equipe COMP,19,BOLETO,PAGO,e6288577-83de-45f9-9cb7-fa62004b89b9,2025-04-05,ERP_CORPORATIVO,TRANSACOES_FINANCEIRAS,21069,4631686f6c14ec72b75f82880b1fb963ee0408ec0789a26d2e2984cdda5b6003
TR-21070,2025-03-24,2025-03-01,COMP,FORN-00107,DESPESA,2902.6938507014565,2902.6938507014565,BRL,Produção de material gráfico - COMP,15,BOLETO,PAGO,e6288577-83de-45f9-9cb7-fa62004b89b9,2025-04-05,ERP_CORPORATIVO,TRANSACOES_FINANCEIRAS,21070,8f42a62ca7da49e0ac2d81dc1c5394fa2e9d874deb8ef42b1d8677b7bb866b4f
TR-21071,2025-03-24,2025-03-01,TI,FORN-00107,DESPESA,2441.2147411690935,2406.29744558082,BRL,Serviço relacionado a recursos humanos (TI),6,PIX,PAGO,e6288577-83de-45f9-9cb7-fa62004b89b9,2025-04-05,ERP_CORPORATIVO,TRANSACOES_FINANCEIRAS,21071,aa7afbda59f56b220fc3f437e55eb23dd293bb4a7351f9c1fee91cb8a39efd26
TR-21072,2025-03-10,2025-03-01,JUR,FORN-00107,RECEITA,2743.3839809413357,2743.3839809413357,BRL,Juros sobre operação financeira - JUR,23,CARTAO,PAGO,e6288577-83de-45f9-9cb7-fa62004b89b9,2025-04-05,ERP_CORPORATIVO,TRANSACOES_FINANCEIRAS,21072,223c0c9db23da821262da8b14bd17db03e6791c132cc29b3469e087c2897efbc
TR-21073,2025-03-17,2025-03-01,OP,FORN-00107,DESPESA,2929.6308999981143,2929.6308999981143,BRL,Despesa de RH - OP,6,TED,PAGO,e6288577-83de-45f9-9cb7-fa62004b89b9,2025-04-05,ERP_CORPORATIVO,TRANSACOES_FINANCEIRAS,21073,c282e192af13c8f2a8ca200224ad579e166ca4d2fcdbb01da5b11117e6146526
TR-21074,2025-03-26,2025-03-01,ADM,FORN-00107,RECEITA,771.7699844850059,654.5960918599583,BRL,Manutenção estrutural vinculada à área ADM,3,TED,ATRASADO,e6288577-83de-45f9-9cb7-fa62004b89b9,2025-04-05,ERP_CORPORATIVO,TRANSACOES_FINANCEIRAS,21074,afece93455c888d0a1a33f8377fe6f30171dc0e25ae32f76037835fdb3f7b50a
TR-21075,2025-03-25,2025-03-01,MKT,FORN-00107,RECEITA,2764.8285756422856,2764.8285756422856,BRL,Assessoria legal vinculada à área MKT,7,PIX,PAGO,e6288577-83de-45f9-9cb7-fa62004b89b9,2025-04-05,ERP_CORPORATIVO,TRANSACOES_FINANCEIRAS,21075,2740c1d80c7d1f2fb6a3bf42955805cbff6e4e11ede8387ed87e3beaa4be034a
TR-21076,2025-03-24,2025-03-01,PES,FORN-00107,RECEITA,2610.914097998343,2610.914097998343,BRL,Serviço técnico especializado para PES,11,TED,PAGO,e6288577-83de-45f9-9cb7-fa62004b89b9,2025-04-05,ERP_CORPORATIVO,TRANSACOES_FINANCEIRAS,21076,4a99553bacb2f67386e02f8754474676a4eb032f350e296779e17d2658ca2730
TR-21077,2025-03-24,2025-03-01,COM,FORN-00107,DESPESA,2229.075672079147,2229.075672079147,BRL,Promoção e atividade externa - COM,14,TED,PAGO,e6288577-83de-45f9-9cb7-fa62004b89b9,2025-04-05,ERP_CORPORATIVO,TRANSACOES_FINANCEIRAS,21077,b890876fec136c47c6cceb03d0313048606c74fef20c6d02231c87a508c4f590
TR-21266,2025-03-14,2025-03-01,FIN,FORN-00108,DESPESA,2387.1869102486567,2289.037233671309,BRL,Compra de insumos para setor FIN,2,TED,PAGO,e6288577-83de-45f9-9cb7-fa62004b89b9,2025-04-05,ERP_CORPORATIVO,TRANSACOES_FINANCEIRAS,21266,d5452eda5374982bdce0d4b2cb4822ce4043051520e04117de37ee183f094d7d
TR-21267,2025-03-04,2025-03-01,RH,FORN-00108,DESPESA,3118.283418705769,3118.283418705769,BRL,Compra de insumos para setor RH,2,CARTAO,PAGO,e6288577-83de-45f9-9cb7-fa62004b89b9,2025-04-05,ERP_CORPORATIVO,TRANSACOES_FINANCEIRAS,21267,92c8c7710fb3935b467b389c189732c0f2a050db75b0d55a077e9005c5355a1e
TR-21268,2025-03-12,2025-03-01,COMP,FORN-00108,DESPESA,2746.460257520203,2746.460257520203,BRL,Contrato de serviço - setor COMP,1,TED,PAGO,e6288577-83de-45f9-9cb7-fa62004b89b9,2025-04-05,ERP_CORPORATIVO,TRANSACOES_FINANCEIRAS,21268,fb1a8875911e1a51cfde1fb0f9ecf5e532d53b6e437b11ea368e9e243561e2c9
TR-21269,2025-03-07,2025-03-01,COM,FORN-00108,DESPESA,2676.798724856517,2676.798724856517,BRL,Compra de insumos para setor COM,2,TED,PAGO,e6288577-83de-45f9-9cb7-fa62004b89b9,2025-04-05,ERP_CORPORATIVO,TRANSACOES_FINANCEIRAS,21269,ea18dcd8d78bdf3e8e496688a61c594df252ecae44de52f4acbcb3b91bca9178
TR-21483,2025-03-13,2025-03-01,COM,FORN-00109,DESPESA,2152.299173091337,2079.3356840604415,BRL,Serviço especializado solicitado por COM,1,BOLETO,PAGO,e6288577-83de-45f9-9cb7-fa62004b89b9,2025-04-05,ERP_CORPORATIVO,TRANSACOES_FINANCEIRAS,21483,fc88d5b6f9f522976d4d62b1d9e12bd192c8f42a5036e7d718ff5b34c19e5f3e
TR-21484,2025-03-17,2025-03-01,RH,FORN-00109,DESPESA,2160.082033604219,2160.082033604219,BRL,Reparo de hardware solicitado por RH,28,TRANSFERENCIA,PAGO,e6288577-83de-45f9-9cb7-fa62004b89b9,2025-04-05,ERP_CORPORATIVO,TRANSACOES_FINANCEIRAS,21484,45599cabee1a7cd580b954dc3586f78af6532723f359fa7b85f851dfb9c84d32
TR-21485,2025-03-17,2025-03-01,CPT,FORN-00109,DESPESA,2137.9688619578696,2137.9688619578696,BRL,Serviço de tecnologia contratado por CPT,5,BOLETO,CANCELADO,e6288577-83de-45f9-9cb7-fa62004b89b9,2025-04-05,ERP_CORPORATIVO,TRANSACOES_FINANCEIRAS,21485,d0dc5d913e92995c4291c5e8e03fab261db7d8994ba0113f8fe239f594b74691
TR-21486,2025-03-17,2025-03-01,TI,FORN-00109,RECEITA,2196.5085938085886,2091.3679139923734,BRL,Aquisição de material operacional - TI,2,TED,PAGO,e6288577-83de-45f9-9cb7-fa62004b89b9,2025-04-05,ERP_CORPORATIVO,TRANSACOES_FINANCEIRAS,21486,fef58e6289f9ec13755bd06cf7adc467eb2d9108fac5e90ef264bbc5d085225e
TR-21487,2025-03-07,2025-03-01,CTB,FORN-00109,RECEITA,2430.942238489829,2406.1093631351237,USD,Prestação de serviço para área CTB,1,TED,PAGO,e6288577-83de-45f9-9cb7-fa62004b89b9,2025-04-05,ERP_CORPORATIVO,TRANSACOES_FINANCEIRAS,21487,da7bd18bd44fe7be0b8cf27db7d82608e91ca1a09cf5fcafe20313c5837f55ee
TR-21488,2025-03-12,2025-03-01,PRD,FORN-00109,DESPESA,6227.545359356234,6149.3790721815485,BRL,Serviço de tecnologia contratado por PRD,5,CARTAO,PAGO,e6288577-83de-45f9-9cb7-fa62004b89b9,2025-04-05,ERP_CORPORATIVO,TRANSACOES_FINANCEIRAS,21488,9323343227bca177882b909390e5d154df78063d6dbb51a9eeb6f9a2991f6cdf
TR-21489,2025-03-17,2025-03-01,COMP,FORN-00109,DESPESA,2330.1145248243024,2330.1145248243024,EUR,Comissão recebida por COMP,33,PIX,PAGO,e6288577-83de-45f9-9cb7-fa62004b89b9,2025-04-05,ERP_CORPORATIVO,TRANSACOES_FINANCEIRAS,21489,7e6738487b2916a446c79c22d9bb8a44e1cd174bae755ed81556f3751f6e22fa
TR-21490,2025-03-24,2025-03-01,COM,FORN-00109,DESPESA,2291.5463483512895,2291.5463483512895,BRL,Licenciamento de software - COM,5,CARTAO,CANCELADO,e6288577-83de-45f9-9cb7-fa62004b89b9,2025-04-05,ERP_CORPORATIVO,TRANSACOES_FINANCEIRAS,21490,78bbb1b7c8aa7a16fbeb96c43fbf8779c214a8399fa033e64e7182c5aa19e0fc
TR-21491,2025-03-13,2025-03-01,QAS,FORN-00109,RECEITA,2600.349114483805,2537.0746643367124,BRL,Compra de insumos para setor QAS,2,BOLETO,PAGO,e6288577-83de-45f9-9cb7-fa62004b89b9,2025-04-05,ERP_CORPORATIVO,TRANSACOES_FINANCEIRAS,21491,78657a6836563b0573e2f01b013abba4868f2ed9d08e8fbaad8c7c809b9cc458
TR-21492,2025-03-21,2025-03-01,FIN,FORN-00109,RECEITA,5904.723070141536,5904.723070141536,BRL,Prestação de serviço para área FIN,1,PIX,ATRASADO,e6288577-83de-45f9-9cb7-fa62004b89b9,2025-04-05,ERP_CORPORATIVO,TRANSACOES_FINANCEIRAS,21492,27af151b4099e085a2b92e782944bd3cc403357378e4ad0163e714a7907bf913
TR-21493,2025-03-03,2025-03-01,ESG,FORN-00109,RECEITA,2535.458175234509,2474.4608007874217,BRL,Produção de material gráfico - ESG,15,CARTAO,PAGO,e6288577-83de-45f9-9cb7-fa62004b89b9,2025-04-05,ERP_CORPORATIVO,TRANSACOES_FINANCEIRAS,21493,a32612560cdf84490afffd4e269efeefa4492955ee69fcb8f876aab21c8a31c8
TR-21494,2025-03-12,2025-03-01,PJT,FORN-00109,RECEITA,2077.6018567714236,2007.0878543251947,BRL,Investimento em marketing corporativo (PJT),4,TED,PAGO,e6288577-83de-45f9-9cb7-fa62004b89b9,2025-04-05,ERP_CORPORATIVO,TRANSACOES_FINANCEIRAS,21494,2e4317e5393cd4a48b5a77dc4e62665ee079cc6f11486abee06d12c50b781bfd
TR-21495,2025-03-10,2025-03-01,COMP,FORN-00109,RECEITA,2163.4508398582516,2163.4508398582516,BRL,Aquisição de material operacional - COMP,2,TRANSFERENCIA,PAGO,e6288577-83de-45f9-9cb7-fa62004b89b9,2025-04-05,ERP_CORPORATIVO,TRANSACOES_FINANCEIRAS,21495,5fd441174e094838443e4b981e0922fb2436dc6c7369a1ff5eeb8bdc42795a36
TR-21496,2025-03-24,2025-03-01,SEC,FORN-00109,DESPESA,2360.4914850409873,2284.7579976481875,BRL,Publicidade institucional - SEC,13,BOLETO,PAGO,e6288577-83de-45f9-9cb7-fa62004b89b9,2025-04-05,ERP_CORPORATIVO,TRANSACOES_FINANCEIRAS,21496,b6ef470a1d8dcaded1b88e9f237bfa642695f5de3f08d042a3beb3d4be7c0d43
TR-21497,2025-03-10,2025-03-01,FIN,FORN-00109,RECEITA,2406.037087191919,2406.037087191919,BRL,Desconto concedido em operação de FIN,38,PIX,PAGO,e6288577-83de-45f9-9cb7-fa62004b89b9,2025-04-05,ERP_CORPORATIVO,TRANSACOES_FINANCEIRAS,21497,2a316faf3ab03f2c90c7788e26e803b9e481d686b28ca424773eed4a039fd5bb
TR-21498,2025-03-24,2025-03-01,MKT,FORN-00109,DESPESA,2204.912214844272,2204.912214844272,BRL,Honorários jurídicos - MKT,7,BOLETO,ATRASADO,e6288577-83de-45f9-9cb7-fa62004b89b9,2025-04-05,ERP_CORPORATIVO,TRANSACOES_FINANCEIRAS,21498,667d9dba782d4392cf1482d91421d039d4d70cc8d9efbb51e87b5d98dbbc51cd
TR-21499,2025-03-17,2025-03-01,QAS,FORN-00109,DESPESA,2315.1822990524934,2218.2387838117806,BRL,Evento corporativo organizado por QAS,14,PIX,PAGO,e6288577-83de-45f9-9cb7-fa62004b89b9,2025-04-05,ERP_CORPORATIVO,TRANSACOES_FINANCEIRAS,21499,16bd2a0624c3e47927fe1b40de8fa108d199c35c570a41d23d0c11ab56700db6
TR-21500,2025-03-21,2025-03-01,LOG,FORN-00109,RECEITA,2227.253752470802,2227.253752470802,BRL,Prestação de serviço para área LOG,1,TRANSFERENCIA,PAGO,e6288577-83de-45f9-9cb7-fa62004b89b9,2025-04-05,ERP_CORPORATIVO,TRANSACOES_FINANCEIRAS,21500,39c064804be2f75982666ced88770e54be681304f0df4536f7bbccc03eb6a7d1
TR-21501,2025-03-12,2025-03-01,VND,FORN-00109,DESPESA,2450.6227169999784,2450.6227169999784,BRL,Custo operacional associado a VND,8,CARTAO,PAGO,e6288577-83de-45f9-9cb7-fa62004b89b9,2025-04-05,ERP_CORPORATIVO,TRANSACOES_FINANCEIRAS,21501,5f680d7ccd499a5fcf71cfabf0a68dbcfe823d55b537772843a9f48d648a09c3
TR-21502,2025-03-12,2025-03-01,MKT,FORN-00109,DESPESA,2231.2121244655036,2231.2121244655036,BRL,Encargos de empréstimo vinculados a MKT,23,BOLETO,PAGO,e6288577-83de-45f9-9cb7-fa62004b89b9,2025-04-05,ERP_CORPORATIVO,TRANSACOES_FINANCEIRAS,21502,76e7615d8d4f71c2670fb48c827b8915381587bdab4a125b92fe026e0a33e1ea
TR-21503,2025-03-07,2025-03-01,COMP,FORN-00109,RECEITA,2214.241391984862,2214.241391984862,BRL,Compra de insumos para setor COMP,2,TED,PAGO,e6288577-83de-45f9-9cb7-fa62004b89b9,2025-04-05,ERP_CORPORATIVO,TRANSACOES_FINANCEIRAS,21503,df9729e32d8de0dc59f71a8d12748c63d3b4f09f38c08cef5b0be4b3dbfcbca9
TR-21880,2025-03-12,2025-03-01,JUR,FORN-00111,RECEITA,1765.0968221236913,1765.0968221236913,BRL,Reparo de frota vinculado à área JUR,17,PIX,ATRASADO,e6288577-83de-45f9-9cb7-fa62004b89b9,2025-04-05,ERP_CORPORATIVO,TRANSACOES_FINANCEIRAS,21880,1ee7d7ba5c25a124fd761102b2b5a1857226aa4c859a1d470b31f22751a3ade3
TR-21881,2025-03-21,2025-03-01,CPT,FORN-00111,DESPESA,1791.618875846094,1791.618875846094,BRL,Investimento em marketing corporativo (CPT),4,CARTAO,PAGO,e6288577-83de-45f9-9cb7-fa62004b89b9,2025-04-05,ERP_CORPORATIVO,TRANSACOES_FINANCEIRAS,21881,a96a78ea579e28e860488c5ce43018260b633c72b2f9f5716a8325bce3a45ef1
TR-21882,2025-03-07,2025-03-01,OP,FORN-00111,DESPESA,1690.067107085965,1690.067107085965,BRL,Custo operacional associado a OP,8,TRANSFERENCIA,PAGO,e6288577-83de-45f9-9cb7-fa62004b89b9,2025-04-05,ERP_CORPORATIVO,TRANSACOES_FINANCEIRAS,21882,b9f7f0f15e1951cef2af161402123bbcb5bbd09173bda6b1884b2ecb74ea6618
TR-21883,2025-03-18,2025-03-01,COMP,FORN-00111,DESPESA,1802.9078493351178,1802.9078493351178,BRL,Produção de material gráfico - COMP,15,BOLETO,PAGO,e6288577-83de-45f9-9cb7-fa62004b89b9,2025-04-05,ERP_CORPORATIVO,TRANSACOES_FINANCEIRAS,21883,ed91e50d20ce70ec6febf501f8929f41ebc4653aad6438daf9b218cc31d2ca5c
TR-21884,2025-03-10,2025-03-01,LOG,FORN-00111,RECEITA,1534.3972245908699,1534.3972245908699,BRL,Serviço de tecnologia contratado por LOG,5,PIX,PAGO,e6288577-83de-45f9-9cb7-fa62004b89b9,2025-04-05,ERP_CORPORATIVO,TRANSACOES_FINANCEIRAS,21884,6a740404137864784ab361f7727daa5ff107a5c2343ba6a4171428b3c4d6c764
TR-21885,2025-03-12,2025-03-01,VND,FORN-00111,RECEITA,1836.4811822941485,1836.4811822941485,BRL,Royalties recebidos por VND,32,TRANSFERENCIA,PAGO,e6288577-83de-45f9-9cb7-fa62004b89b9,2025-04-05,ERP_CORPORATIVO,TRANSACOES_FINANCEIRAS,21885,282662b46e0c2b40953f5253e028d61875b4382f0fa07b4904e2e1a8c1b65d76
TR-21886,2025-03-12,2025-03-01,PJT,FORN-00111,DESPESA,1600.0319307812713,1600.0319307812713,BRL,Treinamento corporativo para equipe PJT,30,BOLETO,PAGO,e6288577-83de-45f9-9cb7-fa62004b89b9,2025-04-05,ERP_CORPORATIVO,TRANSACOES_FINANCEIRAS,21886,a783a3b6bb3f2ed8909a2103b2489252b84a05ccde63b472e0bb660376c05800
TR-21887,2025-03-19,2025-03-01,TI,FORN-00111,RECEITA,1822.0274976081664,1740.501955370507,BRL,Prestação de serviço para área TI,1,BOLETO,PAGO,e6288577-83de-45f9-9cb7-fa62004b89b9,2025-04-05,ERP_CORPORATIVO,TRANSACOES_FINANCEIRAS,21887,a7071588b68c57818759b4d7d4effd698f3d28f9f824accd3e6b588a3c6f88f8
TR-21888,2025-03-18,2025-03-01,VND,FORN-00111,DESPESA,1863.7724009209167,1863.7724009209167,BRL,Serviço especializado solicitado por VND,1,TED,CANCELADO,e6288577-83de-45f9-9cb7-fa62004b89b9,2025-04-05,ERP_CORPORATIVO,TRANSACOES_FINANCEIRAS,21888,14aaaa5b4c97f364409d2f4d9488877ea3836cd081cdb67a45dda7bdf12069d7
TR-21889,2025-03-10,2025-03-01,CTB,FORN-00111,RECEITA,2079.6793136891793,2079.6793136891793,BRL,Despesa operacional - CTB,8,TED,PAGO,e6288577-83de-45f9-9cb7-fa62004b89b9,2025-04-05,ERP_CORPORATIVO,TRANSACOES_FINANCEIRAS,21889,f54574be711328514aba7ae70f435b812e204ff23862974b16e6c32de6a683a5
TR-21890,2025-03-24,2025-03-01,CTB,FORN-00111,DESPESA,1862.9920609176233,1862.9920609176233,BRL,Assessoria contábil prestada a CTB,25,BOLETO,PAGO,e6288577-83de-45f9-9cb7-fa62004b89b9,2025-04-05,ERP_CORPORATIVO,TRANSACOES_FINANCEIRAS,21890,d131ea205868f3203ce70fdcba60d2a838f63e66be472e34ffa6d8e8d1d48317
TR-21891,2025-03-12,2025-03-01,COMP,FORN-00111,RECEITA,5139.124393662841,5139.124393662841,BRL,Devolução de venda processada por COMP,39,TRANSFERENCIA,ATRASADO,e6288577-83de-45f9-9cb7-fa62004b89b9,2025-04-05,ERP_CORPORATIVO,TRANSACOES_FINANCEIRAS,21891,e50bbb4004de1dbac9759a8d800941cca5f5857bcd0d38014d8465590059cf94
TR-21892,2025-03-12,2025-03-01,LOG,FORN-00111,RECEITA,1694.8938565573353,1694.8938565573353,BRL,Prestação de serviço para área LOG,1,TRANSFERENCIA,CANCELADO,e6288577-83de-45f9-9cb7-fa62004b89b9,2025-04-05,ERP_CORPORATIVO,TRANSACOES_FINANCEIRAS,21892,268d1585957fe6aebdb842a1b151d696e714e3846af4b51e282160fb970269fb
TR-21893,2025-03-10,2025-03-01,VND,FORN-00111,RECEITA,1938.9352443984033,1938.9352443984033,BRL,Reparo e conservação de instalações - VND,10,TRANSFERENCIA,PAGO,e6288577-83de-45f9-9cb7-fa62004b89b9,2025-04-05,ERP_CORPORATIVO,TRANSACOES_FINANCEIRAS,21893,cc51538682c2a26336cf1ab239d22d4705f845265c7d3d1abc6389d14a1c2739
TR-21894,2025-03-10,2025-03-01,COMP,FORN-00111,DESPESA,1787.100802378496,1787.100802378496,BRL,Manutenção predial solicitada por COMP,10,BOLETO,PAGO,e6288577-83de-45f9-9cb7-fa62004b89b9,2025-04-05,ERP_CORPORATIVO,TRANSACOES_FINANCEIRAS,21894,7bb5c7eb7de8c6c50a7ee254c2375e7fcba38ae0a3efc817a8e054dd1d9334ce
TR-22121,2025-03-24,2025-03-01,MKT,ACC-00112,DESPESA,2433.581255727029,2381.7867394427617,BRL,Licenciamento de software - MKT,5,TED,PAGO,e6288577-83de-45f9-9cb7-fa62004b89b9,2025-04-05,ERP_CORPORATIVO,TRANSACOES_FINANCEIRAS,22121,9ae84b883236ffe5ef9c8bc61f8de8adf6dcc90f5c81f010e5eef44b905a1ba3
TR-22122,2025-03-20,2025-03-01,FIN,ACC-00112,DESPESA,2210.3285115986973,2210.3285115986973,BRL,Prestação de serviço para área FIN,1,TRANSFERENCIA,PAGO,e6288577-83de-45f9-9cb7-fa62004b89b9,2025-04-05,ERP_CORPORATIVO,TRANSACOES_FINANCEIRAS,22122,f7033432f2751af3aed17a1e351281a5f8e4fbd0525e316499dd6241db511cac
TR-22123,2025-03-10,2025-03-01,ATD,ACC-00112,DESPESA,2104.705022445048,2104.705022445048,BRL,Hospedagem em viagem a serviço de ATD,19,CARTAO,PAGO,e6288577-83de-45f9-9cb7-fa62004b89b9,2025-04-05,ERP_CORPORATIVO,TRANSACOES_FINANCEIRAS,22123,ea98a6a0834964fdb710c7b034c38aa823f0c605c7b361d838f9fdd8054bf982
TR-22124,2025-03-20,2025-03-01,RH,ACC-00112,RECEITA,2052.418150880092,2052.418150880092,BRL,Serviço relacionado a recursos humanos (RH),6,PIX,PAGO,e6288577-83de-45f9-9cb7-fa62004b89b9,2025-04-05,ERP_CORPORATIVO,TRANSACOES_FINANCEIRAS,22124,81a27212046030d8de487f872bc73e69c7a4b77406d1818183d3696117d0a872
TR-22125,2025-03-10,2025-03-01,OP,ACC-00112,RECEITA,2203.8235466802576,2112.2363012319634,BRL,Tarifas de serviços financeiros - OP,22,BOLETO,PAGO,e6288577-83de-45f9-9cb7-fa62004b89b9,2025-04-05,ERP_CORPORATIVO,TRANSACOES_FINANCEIRAS,22125,19d03ec9819c8c1912e1e81ad1947568101e96e364b6c230502f4d31e5600d46
TR-22126,2025-03-05,2025-03-01,COMP,ACC-00112,DESPESA,2392.0531188838013,2392.0531188838013,BRL,Atendimento de TI requisitado por COMP,29,TED,PAGO,e6288577-83de-45f9-9cb7-fa62004b89b9,2025-04-05,ERP_CORPORATIVO,TRANSACOES_FINANCEIRAS,22126,c62ea903cd2ecba95486a4825a7dac0206038e5b5a1b15f9c0e34744b7347ccb
TR-22127,2025-03-12,2025-03-01,FIN,ACC-00112,DESPESA,1865.9706280584937,1865.9706280584937,BRL,Licenciamento de software - FIN,5,PIX,PAGO,e6288577-83de-45f9-9cb7-fa62004b89b9,2025-04-05,ERP_CORPORATIVO,TRANSACOES_FINANCEIRAS,22127,07f5a39f1f353efad05babe5c1e1bcb1e88c3aa3e83dfa6d15c7f08aa6f67010
TR-22128,2025-03-19,2025-03-01,MKT,ACC-00112,RECEITA,2273.3311617349536,2232.6539965026345,BRL,Manutenção estrutural vinculada à área MKT,3,BOLETO,PAGO,e6288577-83de-45f9-9cb7-fa62004b89b9,2025-04-05,ERP_CORPORATIVO,TRANSACOES_FINANCEIRAS,22128,f058011a63f9ae86048eb3a394555dde90dc884e715136ce07bdee7cbc47e9f9
TR-22129,2025-03-12,2025-03-01,PRD,ACC-00112,DESPESA,2496.610031725598,2496.610031725598,BRL,Serviços contábeis externos - PRD,25,TRANSFERENCIA,PAGO,e6288577-83de-45f9-9cb7-fa62004b89b9,2025-04-05,ERP_CORPORATIVO,TRANSACOES_FINANCEIRAS,22129,1291b5662b70a3f0aac3c70c451e7e3c06c796d77319c79a9e0edff7bd0d9912
TR-22130,2025-03-19,2025-03-01,OP,ACC-00112,DESPESA,2077.6130252771295,2077.6130252771295,BRL,Encargos de empréstimo vinculados a OP,23,BOLETO,PAGO,e6288577-83de-45f9-9cb7-fa62004b89b9,2025-04-05,ERP_CORPORATIVO,TRANSACOES_FINANCEIRAS,22130,dbaa5f148ec88bac2a721024119b4a91716bd8cce04bd359272fc46d6ab16b59
TR-22467,2025-03-24,2025-03-01,PJT,1000113,DESPESA,7723.62511780873,7723.62511780873,USD,Reparo de frota vinculado à área PJT,17,TRANSFERENCIA,PAGO,e6288577-83de-45f9-9cb7-fa62004b89b9,2025-04-05,ERP_CORPORATIVO,TRANSACOES_FINANCEIRAS,22467,d38f69bd1f405a24450cfb3ebe18089e98212804a7592f4a7704604949e6ff13
TR-22468,2025-03-17,2025-03-01,TI,1000113,RECEITA,6481.272247801127,6238.065315849551,BRL,Evento corporativo organizado por TI,14,PIX,PAGO,e6288577-83de-45f9-9cb7-fa62004b89b9,2025-04-05,ERP_CORPORATIVO,TRANSACOES_FINANCEIRAS,22468,dc6a4409791450a9448a96464a0ea4e74fb8e8a16ba7891527f97f8400341455
TR-22469,2025-03-10,2025-03-01,OP,1000113,RECEITA,6769.018366617466,6497.313630922727,BRL,Evento corporativo organizado por OP,14,TED,PAGO,e6288577-83de-45f9-9cb7-fa62004b89b9,2025-04-05,ERP_CORPORATIVO,TRANSACOES_FINANCEIRAS,22469,db48b4d299f9436c3dc99e104734a9ba7450a19a288d98fa39758e3c660a1591
TR-22470,2025-03-03,2025-03-01,FIN,1000113,DESPESA,20121.962966924955,19960.993945838112,BRL,Evento corporativo organizado por FIN,14,BOLETO,ATRASADO,e6288577-83de-45f9-9cb7-fa62004b89b9,2025-04-05,ERP_CORPORATIVO,TRANSACOES_FINANCEIRAS,22470,b15f827df749df63c8f06bd50de5116d5e54c33e1080f188370782f633e7fd90
TR-22471,2025-03-13,2025-03-01,COM,1000113,DESPESA,7848.867862679485,7700.2956367835595,BRL,Capacitação profissional vinculada a COM,30,TED,PAGO,e6288577-83de-45f9-9cb7-fa62004b89b9,2025-04-05,ERP_CORPORATIVO,TRANSACOES_FINANCEIRAS,22471,b78a6e9260d8444e9e698295a4fcd595a3c5fb336599e685b9cd8d8bbe97db74
TR-22472,2025-03-19,2025-03-01,OP,1000113,DESPESA,8943.214515460948,8575.274986291617,BRL,Compra de insumos para setor OP,2,TED,PAGO,e6288577-83de-45f9-9cb7-fa62004b89b9,2025-04-05,ERP_CORPORATIVO,TRANSACOES_FINANCEIRAS,22472,7e76ac2cac7326480ddba89bdd97cfe8de204e938df79bd1ed9a6af235f5142e
TR-22473,2025-03-10,2025-03-01,VND,1000113,RECEITA,7578.100405733915,7367.372091374594,BRL,Custo operacional associado a VND,8,PIX,PAGO,e6288577-83de-45f9-9cb7-fa62004b89b9,2025-04-05,ERP_CORPORATIVO,TRANSACOES_FINANCEIRAS,22473,c84056f09a87eb05883a8d0ca621f6541bfb3b4dd3622b8e1727804a5f439008
TR-22474,2025-03-17,2025-03-01,OP,1000113,DESPESA,8372.37332395892,8058.061210553719,BRL,Hospedagem em viagem a serviço de OP,19,TED,PAGO,e6288577-83de-45f9-9cb7-fa62004b89b9,2025-04-05,ERP_CORPORATIVO,TRANSACOES_FINANCEIRAS,22474,ad173c5951de43cd99169436918e08b9c9280ebe3b01d4659d67cb82a6895f78
TR-22475,2025-03-14,2025-03-01,JUR,1000113,RECEITA,7411.797052478766,7411.797052478766,BRL,Prestação de serviço para área JUR,1,TRANSFERENCIA,PAGO,e6288577-83de-45f9-9cb7-fa62004b89b9,2025-04-05,ERP_CORPORATIVO,TRANSACOES_FINANCEIRAS,22475,fe31641465031e0362a8203ebe6071c7a69e9f48bdb9917c80d99986e71f694b
TR-22476,2025-03-20,2025-03-01,CTB,1000113,DESPESA,7308.322832003761,7308.322832003761,BRL,Despesa jurídica da área CTB,24,CARTAO,PAGO,e6288577-83de-45f9-9cb7-fa62004b89b9,2025-04-05,ERP_CORPORATIVO,TRANSACOES_FINANCEIRAS,22476,ffa24ac5b6ee84cb2ec46b05bb2885937366d64a5cbb88fa6183d68fbf69d755
TR-22477,2025-03-24,2025-03-01,VND,1000113,DESPESA,6681.388880204991,6681.388880204991,BRL,Serviço de tecnologia contratado por VND,5,TRANSFERENCIA,PAGO,e6288577-83de-45f9-9cb7-fa62004b89b9,2025-04-05,ERP_CORPORATIVO,TRANSACOES_FINANCEIRAS,22477,8d42ec24f5ce01e9e10e053ca66dbd9f1aa09dbdae2db52beafed3a358343776
TR-22478,2025-03-17,2025-03-01,TI,1000113,DESPESA,7528.073478930904,7528.073478930904,BRL,Locação de espaço comercial - TI,31,TRANSFERENCIA,PAGO,e6288577-83de-45f9-9cb7-fa62004b89b9,2025-04-05,ERP_CORPORATIVO,TRANSACOES_FINANCEIRAS,22478,1a7593f2a2cae08387205619038a40238a814ce1033cc9fc295f2822ce6cf918
TR-22479,2025-03-17,2025-03-01,PES,1000113,RECEITA,7757.298555461111,7757.298555461111,BRL,Compra de insumos para setor PES,2,PIX,PAGO,e6288577-83de-45f9-9cb7-fa62004b89b9,2025-04-05,ERP_CORPORATIVO,TRANSACOES_FINANCEIRAS,22479,a1169dfce260a3572fd7e2dc8c4c65137455c30c76dd2dcc44e09a0585838eaa
TR-22480,2025-03-06,2025-03-01,COMP,1000113,DESPESA,7867.246214394676,7867.246214394676,BRL,Licenciamento de software - COMP,5,BOLETO,PAGO,e6288577-83de-45f9-9cb7-fa62004b89b9,2025-04-05,ERP_CORPORATIVO,TRANSACOES_FINANCEIRAS,22480,fd71cab4fb3b0df798ff24465d85484a6dd9ba3926fdab58f8e0faca936c30c4
TR-22481,2025-03-19,2025-03-01,TI,1000113,RECEITA,12171.4049388874,12014.400086769641,BRL,Licenciamento de software - TI,5,BOLETO,PAGO,e6288577-83de-45f9-9cb7-fa62004b89b9,2025-04-05,ERP_CORPORATIVO,TRANSACOES_FINANCEIRAS,22481,13615a082278ea577277674514a3e1bb3a7c00faba36daef7329e0d564cfa5c7
TR-22482,2025-03-04,2025-03-01,FIN,1000113,RECEITA,7221.9641640354985,7221.9641640354985,BRL,Doação recebida em favor de FIN,36,TED,PAGO,e6288577-83de-45f9-9cb7-fa62004b89b9,2025-04-05,ERP_CORPORATIVO,TRANSACOES_FINANCEIRAS,22482,677f0bef43075f4adbb56e72ea84bc6b557b2b185dd93846377db395c359783f
TR-22483,2025-03-17,2025-03-01,COMP,1000113,RECEITA,7037.383242769371,7037.383242769371,BRL,Contrato de serviço - setor COMP,1,PIX,PAGO,e6288577-83de-45f9-9cb7-fa62004b89b9,2025-04-05,ERP_CORPORATIVO,TRANSACOES_FINANCEIRAS,22483,be3df79a488c65fba2ae8ca01b128b4346cea77db6928cfd206a24253d005458
TR-22484,2025-03-10,2025-03-01,OP,1000113,RECEITA,6691.7502069384755,6691.7502069384755,BRL,Desconto concedido em operação de OP,38,CARTAO,PAGO,e6288577-83de-45f9-9cb7-fa62004b89b9,2025-04-05,ERP_CORPORATIVO,TRANSACOES_FINANCEIRAS,22484,34689e7af222af85edd2c41c20b70a5777243e3e8d99213aebb0c07253d0a45a
TR-22485,2025-03-12,2025-03-01,TI,1000113,RECEITA,7732.716298742738,7732.716298742738,BRL,Contrato de conectividade para área TI,9,PIX,PAGO,e6288577-83de-45f9-9cb7-fa62004b89b9,2025-04-05,ERP_CORPORATIVO,TRANSACOES_FINANCEIRAS,22485,e3b0aa574848b19ebe7d52c0f9bbf97e3328ce86cca9738b5ef02d8cc88f4142
TR-22488,2025-03-31,2025-03-01,COMP,1000113,RECEITA,6737.083446621806,6737.083446621806,BRL,Aquisição de material operacional - COMP,2,BOLETO,ATRASADO,e6288577-83de-45f9-9cb7-fa62004b89b9,2025-04-05,ERP_CORPORATIVO,TRANSACOES_FINANCEIRAS,22488,c17c39eb100793da45e6b7c120383f1f69ca12b17408854fe56db5a84f637a8f
TR-22733,2025-03-13,2025-03-01,TI,1000115,DESPESA,7525.742472981201,7525.742472981201,BRL,Honorários profissionais contratados por TI,11,TRANSFERENCIA,PAGO,e6288577-83de-45f9-9cb7-fa62004b89b9,2025-04-05,ERP_CORPORATIVO,TRANSACOES_FINANCEIRAS,22733,19073b5799124812fd92bddf5fe2d12b6048c543a998487b1df4ecf9c50a97a8
TR-22793,2025-03-06,2025-03-01,FIN,1000116,RECEITA,5346.746961386688,5346.746961386688,BRL,Abastecimento de veículos - FIN,16,PIX,PAGO,e6288577-83de-45f9-9cb7-fa62004b89b9,2025-04-05,ERP_CORPORATIVO,TRANSACOES_FINANCEIRAS,22793,6dfd09a31da5f7b69c808b506786a46230ad253ba4ae9fba2b364b419f03de20
TR-22794,2025-03-11,2025-03-01,COM,1000116,RECEITA,6074.180802216348,6074.180802216348,BRL,Serviço especializado solicitado por COM,1,BOLETO,PAGO,e6288577-83de-45f9-9cb7-fa62004b89b9,2025-04-05,ERP_CORPORATIVO,TRANSACOES_FINANCEIRAS,22794,9b5b054472a789791275ee0072a552263d1a2b541745cd9f2c3700f5395b23ce
TR-22795,2025-03-10,2025-03-01,OP,1000116,DESPESA,2624.1516823421734,2624.1516823421734,BRL,Aquisição de material operacional - OP,2,TED,PAGO,e6288577-83de-45f9-9cb7-fa62004b89b9,2025-04-05,ERP_CORPORATIVO,TRANSACOES_FINANCEIRAS,22795,b082c4c73bbb1b4869aaf1b22b78289c9a4bda22c78b64dcf2eb4020d50e8df3
TR-22796,2025-03-10,2025-03-01,LOG,1000116,DESPESA,6121.207365659403,6121.207365659403,BRL,Custo operacional associado a LOG,8,TED,PAGO,e6288577-83de-45f9-9cb7-fa62004b89b9,2025-04-05,ERP_CORPORATIVO,TRANSACOES_FINANCEIRAS,22796,e3d433f2fa0966fedbd3000ada9ceb192bbad552b7488cba7d99dc450f3409b5
TR-22797,2025-03-07,2025-03-01,RH,1000116,DESPESA,4596.873086539865,4390.316258509602,BRL,Campanha institucional - RH,4,TRANSFERENCIA,ATRASADO,e6288577-83de-45f9-9cb7-fa62004b89b9,2025-04-05,ERP_CORPORATIVO,TRANSACOES_FINANCEIRAS,22797,547a64fda9e2494f64b34fe2172a2bf0b1ce83eb6c2a037e6314540e5fc0ab8a
TR-22798,2025-03-19,2025-03-01,PES,1000116,DESPESA,5225.3137348886685,4977.332936422429,BRL,Treinamento corporativo para equipe PES,30,TED,PAGO,e6288577-83de-45f9-9cb7-fa62004b89b9,2025-04-05,ERP_CORPORATIVO,TRANSACOES_FINANCEIRAS,22798,d756c94784e088d6042088a262000fbf41e80f21358be5dd6c7e85e9c87c584f
TR-22799,2025-03-31,2025-03-01,PES,1000116,DESPESA,5409.8375550157825,5189.236545553346,BRL,Serviço técnico especializado para PES,11,TRANSFERENCIA,ATRASADO,e6288577-83de-45f9-9cb7-fa62004b89b9,2025-04-05,ERP_CORPORATIVO,TRANSACOES_FINANCEIRAS,22799,66da9bf53206f76516ca334053b16a775ee0c9898c02f827210f7232c42c3ce7
TR-22800,2025-03-04,2025-03-01,ATD,1000116,RECEITA,5649.060874522585,5649.060874522585,BRL,Despesa de infraestrutura - ATD,3,PIX,ATRASADO,e6288577-83de-45f9-9cb7-fa62004b89b9,2025-04-05,ERP_CORPORATIVO,TRANSACOES_FINANCEIRAS,22800,21f2d725115e1c9d5eacc97199070d85be756acab57a19a576a2f396fe9f906d
TR-22801,2025-03-17,2025-03-01,RH,1000116,RECEITA,4908.820035253006,4908.820035253006,BRL,Serviço de tecnologia contratado por RH,5,TED,PAGO,e6288577-83de-45f9-9cb7-fa62004b89b9,2025-04-05,ERP_CORPORATIVO,TRANSACOES_FINANCEIRAS,22801,c59a6a8904382943885ebb93d53df1d11078fcbbe2ee27e273ad6177c61abf45
TR-22802,2025-03-10,2025-03-01,RH,1000116,RECEITA,5572.080653022417,5572.080653022417,BRL,Investimento em marketing corporativo (RH),4,CARTAO,PAGO,e6288577-83de-45f9-9cb7-fa62004b89b9,2025-04-05,ERP_CORPORATIVO,TRANSACOES_FINANCEIRAS,22802,09a85b166602deaf4a5c6530aeb038ad98f17c0e7bec425bc736cd516e46c29b
TR-22803,2025-03-07,2025-03-01,TI,1000116,RECEITA,5615.698285016616,5615.698285016616,BRL,Passagem aérea para colaborador de TI,18,PIX,PAGO,e6288577-83de-45f9-9cb7-fa62004b89b9,2025-04-05,ERP_CORPORATIVO,TRANSACOES_FINANCEIRAS,22803,b0707530fbfffea6add26e69145b92b50f8df4efc4b8333591f660b3c2d8c29c
TR-22804,2025-03-10,2025-03-01,COM,1000116,DESPESA,5305.912848225993,5305.912848225993,BRL,Assessoria legal vinculada à área COM,7,BOLETO,ATRASADO,e6288577-83de-45f9-9cb7-fa62004b89b9,2025-04-05,ERP_CORPORATIVO,TRANSACOES_FINANCEIRAS,22804,2a820bdb2022fad66192d3952e96922314aa25bbdded0cc7ea15773fc2058b3a
TR-23012,2025-03-19,2025-03-01,OP,FORN-00119,DESPESA,5125.417710415422,5044.756473474075,BRL,Evento corporativo organizado por OP,14,TRANSFERENCIA,ATRASADO,e6288577-83de-45f9-9cb7-fa62004b89b9,2025-04-05,ERP_CORPORATIVO,TRANSACOES_FINANCEIRAS,23012,151c06745ee716e826abeffeb981108e211e22ec464fc75438079d1466c920c7
TR-23013,2025-03-06,2025-03-01,RH,FORN-00119,RECEITA,5295.82378447778,5295.82378447778,BRL,Campanha institucional - RH,4,TED,PAGO,e6288577-83de-45f9-9cb7-fa62004b89b9,2025-04-05,ERP_CORPORATIVO,TRANSACOES_FINANCEIRAS,23013,210f890bf7f80e4331c53e8ae2667f580dbb06bd112015c6fdd8c4539977cac8
TR-23014,2025-03-11,2025-03-01,PJT,FORN-00119,DESPESA,5863.557863164181,5863.557863164181,BRL,Recebimento de subvenção - PJT,36,BOLETO,PAGO,e6288577-83de-45f9-9cb7-fa62004b89b9,2025-04-05,ERP_CORPORATIVO,TRANSACOES_FINANCEIRAS,23014,1e5690f8657b1587aed4de740dd738745f28c76bb19d885ee6df79de2802e1ab
TR-23015,2025-03-17,2025-03-01,CPT,FORN-00119,RECEITA,4770.595003669436,4770.595003669436,BRL,Campanha institucional - CPT,4,PIX,PAGO,e6288577-83de-45f9-9cb7-fa62004b89b9,2025-04-05,ERP_CORPORATIVO,TRANSACOES_FINANCEIRAS,23015,51233a0c75af96a7731db31891a676517c6b81414f6d70d0866ed8232438b7c8
TR-23016,2025-03-10,2025-03-01,VND,FORN-00119,DESPESA,5416.773780511088,5416.773780511088,BRL,Promoção e atividade externa - VND,14,TED,PAGO,e6288577-83de-45f9-9cb7-fa62004b89b9,2025-04-05,ERP_CORPORATIVO,TRANSACOES_FINANCEIRAS,23016,17aae56933b5a45e537049827470529fa9b0bcb81e0a630e5d2a5846ff24fa9e
TR-23188,2025-03-14,2025-03-01,CPT,FORN-00120,DESPESA,1557.5557309112642,1557.5557309112642,BRL,Licença de software para área CPT,27,TRANSFERENCIA,PAGO,e6288577-83de-45f9-9cb7-fa62004b89b9,2025-04-05,ERP_CORPORATIVO,TRANSACOES_FINANCEIRAS,23188,452389d95c0517a99f3d2582598f49b6c63dd87d0fb96fc49a28940a4af53203
TR-23189,2025-03-17,2025-03-01,COMP,FORN-00120,RECEITA,1537.0977867839856,1537.0977867839856,BRL,Despesa de infraestrutura - COMP,3,TED,PAGO,e6288577-83de-45f9-9cb7-fa62004b89b9,2025-04-05,ERP_CORPORATIVO,TRANSACOES_FINANCEIRAS,23189,32dfc543b0397fe000e9a13769089f151d4d049c01f80d2718700194b631b824
TR-23190,2025-03-20,2025-03-01,COMP,FORN-00120,DESPESA,1162.7568856686019,1126.9003585867986,BRL,Produção de material gráfico - COMP,15,TED,ATRASADO,e6288577-83de-45f9-9cb7-fa62004b89b9,2025-04-05,ERP_CORPORATIVO,TRANSACOES_FINANCEIRAS,23190,71d3f1898aefd613ddf7d84382cd9efbd1dc4be3514170dfa6d8244c5296cdbf
TR-23191,2025-03-19,2025-03-01,COMP,FORN-00120,DESPESA,1287.132737598865,1265.7607172451349,BRL,Assessoria contábil prestada a COMP,25,PIX,PAGO,e6288577-83de-45f9-9cb7-fa62004b89b9,2025-04-05,ERP_CORPORATIVO,TRANSACOES_FINANCEIRAS,23191,e77b07680aaa25648069fd1a7710e9878d2d3fab91edf261ee180dd8fa27efd2
TR-23192,2025-03-17,2025-03-01,OP,FORN-00120,DESPESA,1217.4954137000595,1217.4954137000595,BRL,Compra de insumos para setor OP,2,CARTAO,PAGO,e6288577-83de-45f9-9cb7-fa62004b89b9,2025-04-05,ERP_CORPORATIVO,TRANSACOES_FINANCEIRAS,23192,3cb6ce2ee6102e6863f726e4f359abff2e932072694c35d0a36c3b6f99861a62
TR-23193,2025-03-17,2025-03-01,PRD,FORN-00120,DESPESA,1562.3745873656287,1562.3745873656287,BRL,Serviço relacionado a recursos humanos (PRD),6,TED,PAGO,e6288577-83de-45f9-9cb7-fa62004b89b9,2025-04-05,ERP_CORPORATIVO,TRANSACOES_FINANCEIRAS,23193,c223cfd4b658edf9d204105bea5459f8f9a95ca572d9761cc671b989b5b621ff
TR-23194,2025-03-17,2025-03-01,MKT,FORN-00120,DESPESA,1083.7293423963933,1083.7293423963933,BRL,Aquisição de material operacional - MKT,2,CARTAO,PAGO,e6288577-83de-45f9-9cb7-fa62004b89b9,2025-04-05,ERP_CORPORATIVO,TRANSACOES_FINANCEIRAS,23194,e4878460e1c8259d628b6d5dbeb583ad9fdb6ddac587cbc1213703a0818ed2c9
TR-23195,2025-03-20,2025-03-01,PRD,FORN-00120,DESPESA,1361.9782815661874,1314.7523592713321,BRL,Abastecimento de veículos - PRD,16,CARTAO,ATRASADO,e6288577-83de-45f9-9cb7-fa62004b89b9,2025-04-05,ERP_CORPORATIVO,TRANSACOES_FINANCEIRAS,23195,179785300d13bfc683de07c56cf4e6568d3a16738a6563686a952dcaf272fcbd
TR-23196,2025-03-24,2025-03-01,COMP,FORN-00120,DESPESA,1477.3122995460233,1477.3122995460233,BRL,Aquisição de material operacional - COMP,2,TED,PAGO,e6288577-83de-45f9-9cb7-fa62004b89b9,2025-04-05,ERP_CORPORATIVO,TRANSACOES_FINANCEIRAS,23196,cfba94d116daee448c442cc24d28c21f7deaae9e30254fc813c554ffdf3ef6ec
TR-23197,2025-03-17,2025-03-01,OP,FORN-00120,RECEITA,1947.4117520118168,1885.9304522341322,BRL,Seguro contratado pela área OP,21,TED,PAGO,e6288577-83de-45f9-9cb7-fa62004b89b9,2025-04-05,ERP_CORPORATIVO,TRANSACOES_FINANCEIRAS,23197,6f4b464720f084ff8474a59975f1b909b37ac747f48ea7f689d26d0c599bd172
TR-23198,2025-03-24,2025-03-01,COMP,FORN-00120,DESPESA,1303.1530076563636,1238.4260066514037,BRL,Manutenção estrutural vinculada à área COMP,3,PIX,PAGO,e6288577-83de-45f9-9cb7-fa62004b89b9,2025-04-05,ERP_CORPORATIVO,TRANSACOES_FINANCEIRAS,23198,23ea8b48ce813591dc3e989217bac92b7748681efa020dff8dfeb7cd3c5dc5ea
TR-23199,2025-03-25,2025-03-01,VND,FORN-00120,RECEITA,1444.4604712459616,1444.4604712459616,BRL,Manutenção preventiva de veículos - VND,17,TRANSFERENCIA,ATRASADO,e6288577-83de-45f9-9cb7-fa62004b89b9,2025-04-05,ERP_CORPORATIVO,TRANSACOES_FINANCEIRAS,23199,00692e07b22b203bda70a9eff3c2fe2de2a4849966e4da54ddb6d06dc02f8a45
TR-23200,2025-03-10,2025-03-01,COMP,FORN-00120,DESPESA,1163.8492840360104,1163.8492840360104,BRL,Despesa de refeição em deslocamento (COMP),20,TED,ATRASADO,e6288577-83de-45f9-9cb7-fa62004b89b9,2025-04-05,ERP_CORPORATIVO,TRANSACOES_FINANCEIRAS,23200,4efce8c14c827028ffb9a00216ce385b4c2183a9396cb34004b90bbc75a9ead0
TR-23201,2025-03-14,2025-03-01,COM,FORN-00120,RECEITA,1385.526982252563,1385.526982252563,BRL,Despesa de infraestrutura - COM,3,PIX,PAGO,e6288577-83de-45f9-9cb7-fa62004b89b9,2025-04-05,ERP_CORPORATIVO,TRANSACOES_FINANCEIRAS,23201,8c15a5cebe1be94169845b2609db341bcdd7eb7df84e67506263ccda543f8941
TR-23202,2025-03-12,2025-03-01,MKT,FORN-00120,DESPESA,1113.5851093313865,1062.4646399513456,BRL,Serviço de tecnologia contratado por MKT,5,TED,ATRASADO,e6288577-83de-45f9-9cb7-fa62004b89b9,2025-04-05,ERP_CORPORATIVO,TRANSACOES_FINANCEIRAS,23202,3f4b2d7eb608466d9b8d5895e5023a33d82fb09de683b1a9370487b42e139fcb
TR-23203,2025-03-10,2025-03-01,COM,FORN-00120,DESPESA,1108.3708407713661,1108.3708407713661,BRL,Devolução de venda processada por COM,39,PIX,PAGO,e6288577-83de-45f9-9cb7-fa62004b89b9,2025-04-05,ERP_CORPORATIVO,TRANSACOES_FINANCEIRAS,23203,3ca39ffe690fc74219701004d2fb16d3e3e5136deedf4a08c1b598bd6a446e51
TR-23204,2025-03-11,2025-03-01,COMP,FORN-00120,DESPESA,1415.505118504295,1415.505118504295,BRL,Prestação de serviço para área COMP,1,CARTAO,PAGO,e6288577-83de-45f9-9cb7-fa62004b89b9,2025-04-05,ERP_CORPORATIVO,TRANSACOES_FINANCEIRAS,23204,a35a0d4b397f082d8faff5ec3003d0c1011908999dad3e44c0823877f9fad26d
TR-23205,2025-03-14,2025-03-01,JUR,FORN-00120,DESPESA,1180.2549455552326,1180.2549455552326,BRL,Receita de comissão comercial - JUR,33,TED,PAGO,e6288577-83de-45f9-9cb7-fa62004b89b9,2025-04-05,ERP_CORPORATIVO,TRANSACOES_FINANCEIRAS,23205,fcba8d2ab3a6444cce45dda266dd0ba9338e4522a4b862881192a77536527f37
TR-23206,2025-03-17,2025-03-01,MKT,FORN-00120,DESPESA,1323.6062780055636,1323.6062780055636,BRL,Serviço relacionado a recursos humanos (MKT),6,CARTAO,PAGO,e6288577-83de-45f9-9cb7-fa62004b89b9,2025-04-05,ERP_CORPORATIVO,TRANSACOES_FINANCEIRAS,23206,c3c727e23117736078200ef39de91dc15bdce724116df4126fca55925bd0a8cc
TR-23207,2025-03-17,2025-03-01,RH,FORN-00120,DESPESA,1155.5929117411783,1126.412957256594,BRL,Contrato de conectividade para área RH,9,BOLETO,PAGO,e6288577-83de-45f9-9cb7-fa62004b89b9,2025-04-05,ERP_CORPORATIVO,TRANSACOES_FINANCEIRAS,23207,936df2156f17e3f263b96a0a6a6cd78af136bfdd8eabfae99f6924bee4ab927f
TR-23208,2025-03-12,2025-03-01,COMP,FORN-00120,RECEITA,1337.078392162977,1313.4197506865435,BRL,Honorários profissionais contratados por COMP,11,TED,ATRASADO,e6288577-83de-45f9-9cb7-fa62004b89b9,2025-04-05,ERP_CORPORATIVO,TRANSACOES_FINANCEIRAS,23208,a66c2b693223daf1134752ccc7af0bbb5fbc41e38893bb008a0ca7fc8c34be93
TR-23209,2025-03-26,2025-03-01,SEC,FORN-00120,RECEITA,1101.3252980999791,1101.3252980999791,USD,Aquisição de material operacional - SEC,2,PIX,PAGO,e6288577-83de-45f9-9cb7-fa62004b89b9,2025-04-05,ERP_CORPORATIVO,TRANSACOES_FINANCEIRAS,23209,8a01c35872f69fc3a9882c010a75d292866f798830b2a26b8d0ef950b7bd06d4
TR-23602,2025-03-03,2025-03-01,PRD,FORN-00122,RECEITA,2760.9902045761532,2636.9099747382784,BRL,Licenciamento de software - PRD,5,TRANSFERENCIA,PAGO,e6288577-83de-45f9-9cb7-fa62004b89b9,2025-04-05,ERP_CORPORATIVO,TRANSACOES_FINANCEIRAS,23602,19540ee8e099be3f0d4fe1b141c85c115afa6f941b7d39f14b32343f1ae0a5fe
TR-23603,2025-03-10,2025-03-01,RH,FORN-00122,DESPESA,2837.781240331389,2837.781240331389,BRL,Prestação de serviço para área RH,1,BOLETO,ATRASADO,e6288577-83de-45f9-9cb7-fa62004b89b9,2025-04-05,ERP_CORPORATIVO,TRANSACOES_FINANCEIRAS,23603,f5bd73949dfe4d9fdcc8db341c9694572e7c96dbcf391e9d5db86ca169ed41d7
TR-23604,2025-03-17,2025-03-01,CPT,FORN-00122,RECEITA,2777.389009858175,2705.8606304744626,BRL,Serviço especializado solicitado por CPT,1,CARTAO,CANCELADO,e6288577-83de-45f9-9cb7-fa62004b89b9,2025-04-05,ERP_CORPORATIVO,TRANSACOES_FINANCEIRAS,23604,74d0cd58ea3d2a49decde35fd13383f72045c0f403f138b93113aaaf7ca204cb
TR-23605,2025-03-10,2025-03-01,COMP,FORN-00122,RECEITA,2473.144240434258,2473.144240434258,BRL,Custo operacional associado a COMP,8,TRANSFERENCIA,PAGO,e6288577-83de-45f9-9cb7-fa62004b89b9,2025-04-05,ERP_CORPORATIVO,TRANSACOES_FINANCEIRAS,23605,4e861fbdcf05ff13cc01f49254b61ecf3125a65c05532eda7666e02b51c5edae
TR-23606,2025-03-14,2025-03-01,MKT,FORN-00122,DESPESA,8059.599889138236,8059.599889138236,BRL,Custo operacional associado a MKT,8,CARTAO,PAGO,e6288577-83de-45f9-9cb7-fa62004b89b9,2025-04-05,ERP_CORPORATIVO,TRANSACOES_FINANCEIRAS,23606,0e2f0c517ec12092d0965beb7f79fde059f5a487cf1115ddc700a870dc85569b
TR-23607,2025-03-04,2025-03-01,COMP,FORN-00122,DESPESA,2958.7772739285438,2844.283766572578,BRL,Campanha institucional - COMP,4,TED,ATRASADO,e6288577-83de-45f9-9cb7-fa62004b89b9,2025-04-05,ERP_CORPORATIVO,TRANSACOES_FINANCEIRAS,23607,e9c355e0aecc397f5d3d84e649c1f7d56911cbb6cfb811ffce12b6a7c821e299
TR-23608,2025-03-12,2025-03-01,COMP,FORN-00122,DESPESA,2739.4996069164617,2739.4996069164617,BRL,Reparo de hardware solicitado por COMP,28,BOLETO,PAGO,e6288577-83de-45f9-9cb7-fa62004b89b9,2025-04-05,ERP_CORPORATIVO,TRANSACOES_FINANCEIRAS,23608,639ad4320fb0434134aa99a3821c35157c653c2b67288b13bb3ddc95ff199147
TR-23609,2025-03-17,2025-03-01,CPT,FORN-00122,DESPESA,2691.7312353354373,2691.7312353354373,BRL,Serviço de tecnologia contratado por CPT,5,TRANSFERENCIA,PAGO,e6288577-83de-45f9-9cb7-fa62004b89b9,2025-04-05,ERP_CORPORATIVO,TRANSACOES_FINANCEIRAS,23609,c9d9c74cf2481af213ed2eb35c5f03408528ae00a501b68f88f0064038cd5b9c
TR-23610,2025-03-24,2025-03-01,QAS,FORN-00122,RECEITA,2920.7672784007636,2920.7672784007636,BRL,Custo operacional associado a QAS,8,TRANSFERENCIA,PAGO,e6288577-83de-45f9-9cb7-fa62004b89b9,2025-04-05,ERP_CORPORATIVO,TRANSACOES_FINANCEIRAS,23610,94e0139073f2a6b4c2d8b4ec0f4761f5022b54a9b5315ce291b8e30f2ad4f5dc
TR-23611,2025-03-10,2025-03-01,MKT,FORN-00122,RECEITA,2907.142074109696,2874.020737025062,BRL,Receita de aluguel creditada em MKT,31,PIX,ATRASADO,e6288577-83de-45f9-9cb7-fa62004b89b9,2025-04-05,ERP_CORPORATIVO,TRANSACOES_FINANCEIRAS,23611,46621227c07a31cd32126ba2aad8875966d67552377202999e707e17f6852659
TR-23612,2025-03-10,2025-03-01,OP,FORN-00122,RECEITA,2768.9787821965538,2768.9787821965538,BRL,Certificado digital adquirido por OP,26,BOLETO,PAGO,e6288577-83de-45f9-9cb7-fa62004b89b9,2025-04-05,ERP_CORPORATIVO,TRANSACOES_FINANCEIRAS,23612,297eb7c27fd0ab26a8463b484574d65c1ddee0a9737cc6a89b8fb5bfddb5c033
TR-23613,2025-03-17,2025-03-01,COM,FORN-00122,DESPESA,2846.851477696006,2846.851477696006,BRL,Manutenção estrutural vinculada à área COM,3,BOLETO,PAGO,e6288577-83de-45f9-9cb7-fa62004b89b9,2025-04-05,ERP_CORPORATIVO,TRANSACOES_FINANCEIRAS,23613,9de0792150dfc2891f1cb2364e169e087618420ba8edea102e85b425ed0285b0
TR-23849,2025-03-17,2025-03-01,VND,ACC-00123,DESPESA,8049.588046829849,8049.588046829849,BRL,Aquisição de material operacional - VND,2,TED,PAGO,e6288577-83de-45f9-9cb7-fa62004b89b9,2025-04-05,ERP_CORPORATIVO,TRANSACOES_FINANCEIRAS,23849,c08ac4a83131ad5e3e540b8c6c48c0141907c57b657535236c5888d87c1122d3
TR-23850,2025-03-04,2025-03-01,TI,ACC-00123,RECEITA,8390.461864503259,8390.461864503259,BRL,Honorários jurídicos - TI,7,TED,PAGO,e6288577-83de-45f9-9cb7-fa62004b89b9,2025-04-05,ERP_CORPORATIVO,TRANSACOES_FINANCEIRAS,23850,8adb878403053d86fd25e116cea27e7f8a806d228d6bd44c9d0fb81c337a6b1f
TR-23851,2025-03-12,2025-03-01,SEC,ACC-00123,DESPESA,8717.710991720067,8367.150076103171,BRL,Serviço especializado solicitado por SEC,1,TRANSFERENCIA,ATRASADO,e6288577-83de-45f9-9cb7-fa62004b89b9,2025-04-05,ERP_CORPORATIVO,TRANSACOES_FINANCEIRAS,23851,fc091e78305de98f31b3fd1e2ee44482289b8269aa78151eff0ed526b5340667
TR-23852,2025-03-17,2025-03-01,RH,ACC-00123,DESPESA,9053.728974039483,8709.541462262496,BRL,Aquisição de material operacional - RH,2,TED,PAGO,e6288577-83de-45f9-9cb7-fa62004b89b9,2025-04-05,ERP_CORPORATIVO,TRANSACOES_FINANCEIRAS,23852,484a00182ed4bbd554b8551a50c65eda1b0c6b5e0bbf93c16e491bf58b74e7c0
TR-23853,2025-03-24,2025-03-01,TI,ACC-00123,DESPESA,2240.45590776829,2240.45590776829,BRL,Prestação de serviço para área TI,1,TED,PAGO,e6288577-83de-45f9-9cb7-fa62004b89b9,2025-04-05,ERP_CORPORATIVO,TRANSACOES_FINANCEIRAS,23853,eca3715e512e1a7bb45af4c92a90480dcf5ed4133b14dba557a9f9e31b580bab
TR-23854,2025-03-10,2025-03-01,PJT,ACC-00123,DESPESA,7585.220917320557,7299.530262696668,BRL,Investimento em marketing corporativo (PJT),4,TED,CANCELADO,e6288577-83de-45f9-9cb7-fa62004b89b9,2025-04-05,ERP_CORPORATIVO,TRANSACOES_FINANCEIRAS,23854,70300a4632ccd3ed50df1ffcc25ba1571f3cafa732befad833a38ddc9222d130
TR-23855,2025-03-20,2025-03-01,CPT,ACC-00123,DESPESA,9035.736965708413,9035.736965708413,BRL,Prestação de serviço para área CPT,1,PIX,PAGO,e6288577-83de-45f9-9cb7-fa62004b89b9,2025-04-05,ERP_CORPORATIVO,TRANSACOES_FINANCEIRAS,23855,5ba141f8d4f05b469662737bd3822edae302c22df6fa379f3890ddd5d9856507
TR-23856,2025-03-14,2025-03-01,CTB,ACC-00123,DESPESA,9437.854870068953,9437.854870068953,BRL,Resultado de equivalência patrimonial - CTB,34,TRANSFERENCIA,PAGO,e6288577-83de-45f9-9cb7-fa62004b89b9,2025-04-05,ERP_CORPORATIVO,TRANSACOES_FINANCEIRAS,23856,b81c358a32242d4d4f349faf44b516083a3b8aeb96f2b39e51d72574d93d1217
TR-23973,2025-03-18,2025-03-01,TI,1000123,RECEITA,14284.433590672514,14284.433590672514,BRL,Honorários profissionais contratados por TI,11,CARTAO,PAGO,e6288577-83de-45f9-9cb7-fa62004b89b9,2025-04-05,ERP_CORPORATIVO,TRANSACOES_FINANCEIRAS,23973,586afcea4fa0c56858a1bb7c196c747cb4fbfdc80db1379701144c64940ef8f1
TR-23974,2025-03-17,2025-03-01,TI,1000123,DESPESA,13669.144180726107,13669.144180726107,BRL,Royalties recebidos por TI,32,TED,CANCELADO,e6288577-83de-45f9-9cb7-fa62004b89b9,2025-04-05,ERP_CORPORATIVO,TRANSACOES_FINANCEIRAS,23974,b208c7c56368117b2cd9262e8c1c8916792a938fb35acb014c86988c31071154
TR-23975,2025-03-06,2025-03-01,MKT,1000123,RECEITA,12545.881882900734,12545.881882900734,BRL,Serviços contábeis externos - MKT,25,TED,PAGO,e6288577-83de-45f9-9cb7-fa62004b89b9,2025-04-05,ERP_CORPORATIVO,TRANSACOES_FINANCEIRAS,23975,976174e0a9e65e61eb5d69efc1f363fd02c765d2bef34f101ed7d3d6091c2e54
TR-24178,2025-03-24,2025-03-01,RH,1000124,DESPESA,7610.328310904506,7275.194881642193,BRL,Despesa operacional - RH,8,TRANSFERENCIA,PAGO,e6288577-83de-45f9-9cb7-fa62004b89b9,2025-04-05,ERP_CORPORATIVO,TRANSACOES_FINANCEIRAS,24178,0208d7ccc754bfad839ee87e8d16dd445bff6c175b96132413302ee2aafd4825
TR-24179,2025-03-12,2025-03-01,FIN,1000124,RECEITA,11234.436845411661,11234.436845411661,BRL,Aquisição de material operacional - FIN,2,PIX,CANCELADO,e6288577-83de-45f9-9cb7-fa62004b89b9,2025-04-05,ERP_CORPORATIVO,TRANSACOES_FINANCEIRAS,24179,e5f15ffbe551443fc1bbf57ff96392493952e9d86122cd0aa13e44d83686ed32
TR-24180,2025-03-26,2025-03-01,ESG,1000124,RECEITA,10185.813575387087,9777.017788981597,BRL,Imposto sobre venda apurado em ESG,40,TED,PAGO,e6288577-83de-45f9-9cb7-fa62004b89b9,2025-04-05,ERP_CORPORATIVO,TRANSACOES_FINANCEIRAS,24180,c24d2eceb0097330587d394e8af6dff825ca70b063044cd936dc66f896c6dfba
TR-24181,2025-03-17,2025-03-01,JUR,1000124,DESPESA,21678.588321115105,21678.588321115105,BRL,Juros sobre operação financeira - JUR,23,CARTAO,PAGO,e6288577-83de-45f9-9cb7-fa62004b89b9,2025-04-05,ERP_CORPORATIVO,TRANSACOES_FINANCEIRAS,24181,88912250d71fc371b2ab9e224c2dfcd3188dd1d2c8933ae01baca72a8e3e3f9d
TR-24182,2025-03-13,2025-03-01,TI,1000124,DESPESA,9241.545196874366,9241.545196874366,BRL,Receita de aluguel creditada em TI,31,TRANSFERENCIA,PAGO,e6288577-83de-45f9-9cb7-fa62004b89b9,2025-04-05,ERP_CORPORATIVO,TRANSACOES_FINANCEIRAS,24182,eca3b60de4b7aacf90979cf7ec7a5bf48a970469053e980070e6697919146d50
TR-24183,2025-03-14,2025-03-01,COM,1000124,DESPESA,10337.967187729122,10337.967187729122,BRL,Receita eventual registrada em COM,37,PIX,PAGO,e6288577-83de-45f9-9cb7-fa62004b89b9,2025-04-05,ERP_CORPORATIVO,TRANSACOES_FINANCEIRAS,24183,ed8870c8e82e83b003d687802086bf775a2eb2a088ff37bebf3b693f103fc68b
TR-24184,2025-03-06,2025-03-01,ATD,1000124,RECEITA,24628.194323401563,24628.194323401563,USD,Capacitação profissional vinculada a ATD,30,TED,PAGO,e6288577-83de-45f9-9cb7-fa62004b89b9,2025-04-05,ERP_CORPORATIVO,TRANSACOES_FINANCEIRAS,24184,7942fefd834a41080f129e12ae31b05a91e9512e1ff6effc642ac761bbdbfed4
TR-24185,2025-03-12,2025-03-01,RH,1000124,DESPESA,9694.134680440246,9694.134680440246,BRL,Prestação de serviço para área RH,1,TRANSFERENCIA,PAGO,e6288577-83de-45f9-9cb7-fa62004b89b9,2025-04-05,ERP_CORPORATIVO,TRANSACOES_FINANCEIRAS,24185,757d25f3846d2bd055edb79999192b6f22537a0551bc4680c41705a21ac3cfbc
TR-24186,2025-03-11,2025-03-01,FIN,1000124,DESPESA,9785.161410084851,9653.801121527064,BRL,Serviço especializado solicitado por FIN,1,BOLETO,PAGO,e6288577-83de-45f9-9cb7-fa62004b89b9,2025-04-05,ERP_CORPORATIVO,TRANSACOES_FINANCEIRAS,24186,350945135d51d3b598d1ed2ac72d12a21eceef78eb8e0e8cc5e649af0779f036
TR-24187,2025-03-04,2025-03-01,COM,1000124,RECEITA,8880.794921581155,8880.794921581155,BRL,Abastecimento de veículos - COM,16,TED,PAGO,e6288577-83de-45f9-9cb7-fa62004b89b9,2025-04-05,ERP_CORPORATIVO,TRANSACOES_FINANCEIRAS,24187,b5b931ce619ae541b2a81b3502156da3d37c153f2360d3eb045c6dbe7e121f7a
TR-24188,2025-03-26,2025-03-01,PRD,1000124,DESPESA,9297.272453524372,9043.416607072308,BRL,Licenciamento de software - PRD,5,BOLETO,PAGO,e6288577-83de-45f9-9cb7-fa62004b89b9,2025-04-05,ERP_CORPORATIVO,TRANSACOES_FINANCEIRAS,24188,b9abc6b6612f81c43baa5c5f092170721aebd14cc81665a68efe9b32e7839344
TR-24189,2025-03-12,2025-03-01,ATD,1000124,RECEITA,28654.212200807226,28654.212200807226,BRL,Resultado de equivalência patrimonial - ATD,34,TED,ATRASADO,e6288577-83de-45f9-9cb7-fa62004b89b9,2025-04-05,ERP_CORPORATIVO,TRANSACOES_FINANCEIRAS,24189,5e57ccb2d91b8a6841930017f0d38d5d3533fe84516d145a4b37e33bab22888b
TR-24190,2025-03-10,2025-03-01,COM,1000124,DESPESA,8932.821498324629,8932.821498324629,USD,Investimento em marketing corporativo (COM),4,TRANSFERENCIA,PAGO,e6288577-83de-45f9-9cb7-fa62004b89b9,2025-04-05,ERP_CORPORATIVO,TRANSACOES_FINANCEIRAS,24190,6e9deee5ef577008bad765d5bea6fc276cdc5819ba872849d3d37bda81490577
TR-24191,2025-03-21,2025-03-01,MKT,1000124,RECEITA,9907.26766656482,9907.26766656482,BRL,Manutenção estrutural vinculada à área MKT,3,BOLETO,ATRASADO,e6288577-83de-45f9-9cb7-fa62004b89b9,2025-04-05,ERP_CORPORATIVO,TRANSACOES_FINANCEIRAS,24191,bb40e0506a0e6dad898e64ebd69ecbbfa90b88e5d069aaab5f7da06f7fe9b7c4
TR-24192,2025-03-07,2025-03-01,COMP,1000124,RECEITA,10117.121319131189,10117.121319131189,BRL,Despesa operacional - COMP,8,BOLETO,PAGO,e6288577-83de-45f9-9cb7-fa62004b89b9,2025-04-05,ERP_CORPORATIVO,TRANSACOES_FINANCEIRAS,24192,6a0dcfd3669d4d33986ecfe2b73e02c0550f32d53c6b5410a4117db11276e8f6
TR-24193,2025-03-20,2025-03-01,SEC,1000124,DESPESA,11409.491989390179,10910.462567699802,BRL,Passagem aérea para colaborador de SEC,18,PIX,PAGO,e6288577-83de-45f9-9cb7-fa62004b89b9,2025-04-05,ERP_CORPORATIVO,TRANSACOES_FINANCEIRAS,24193,60b6be27d1a42de112bc0b69df011027b96ccfe7a43d4700abd36f370387bac6
TR-24194,2025-03-24,2025-03-01,QAS,1000124,RECEITA,8932.52268938309,8932.52268938309,BRL,Compra de insumos para setor QAS,2,TRANSFERENCIA,PAGO,e6288577-83de-45f9-9cb7-fa62004b89b9,2025-04-05,ERP_CORPORATIVO,TRANSACOES_FINANCEIRAS,24194,35fda8fe2be5f3bb9b473200a33d04f8b1211dc94c5ea0df413fc5fd4ae0db44
TR-24195,2025-03-12,2025-03-01,VND,1000124,DESPESA,10536.462339003758,10536.462339003758,BRL,Serviço relacionado a recursos humanos (VND),6,PIX,PAGO,e6288577-83de-45f9-9cb7-fa62004b89b9,2025-04-05,ERP_CORPORATIVO,TRANSACOES_FINANCEIRAS,24195,d1d4854da8a11137c1e0e064c6736b29b6314f8f377f7a23f46f5af6446ea882
TR-24572,2025-03-24,2025-03-01,TI,ACC-00127,DESPESA,3048.243407965537,3048.243407965537,BRL,Renovação de certificados digitais - TI,26,PIX,PAGO,e6288577-83de-45f9-9cb7-fa62004b89b9,2025-04-05,ERP_CORPORATIVO,TRANSACOES_FINANCEIRAS,24572,06b8cbe3dd29cbf91ef89be9bca186d131fbaac95239ba1e7e712d7da237a314
TR-24573,2025-03-17,2025-03-01,FIN,ACC-00127,DESPESA,2736.7998373904875,2736.7998373904875,BRL,Custo operacional associado a FIN,8,TRANSFERENCIA,CANCELADO,e6288577-83de-45f9-9cb7-fa62004b89b9,2025-04-05,ERP_CORPORATIVO,TRANSACOES_FINANCEIRAS,24573,a7d3a92a2e6443a74fc32eccbdbe6bf8f35ec2e320c656c5bd64b16bd8e6b118
TR-24574,2025-03-11,2025-03-01,COMP,ACC-00127,DESPESA,2714.0004128060446,2599.265285789939,BRL,Custo operacional associado a COMP,8,PIX,CANCELADO,e6288577-83de-45f9-9cb7-fa62004b89b9,2025-04-05,ERP_CORPORATIVO,TRANSACOES_FINANCEIRAS,24574,71c5aa30e8b12fafd77a8e66fad01284feb7816e400226cba722435b97bd566b
TR-24575,2025-03-24,2025-03-01,CPT,ACC-00127,DESPESA,2996.255477602818,2948.7669292769206,BRL,Participação nos resultados vinculada a CPT,34,PIX,PAGO,e6288577-83de-45f9-9cb7-fa62004b89b9,2025-04-05,ERP_CORPORATIVO,TRANSACOES_FINANCEIRAS,24575,332a139a201a463696457857824bc040af21c3ca8dd4b0d0b0e7dfe0f213b028
TR-24576,2025-03-10,2025-03-01,OP,ACC-00127,RECEITA,6326.465882159445,6326.465882159445,BRL,Manutenção de equipamentos de OP,28,PIX,PAGO,e6288577-83de-45f9-9cb7-fa62004b89b9,2025-04-05,ERP_CORPORATIVO,TRANSACOES_FINANCEIRAS,24576,1e36e3077c476c2dc7abda5e226e85f531eadfb599336c2d5746ae71a94750c3
TR-24577,2025-03-04,2025-03-01,QAS,ACC-00127,RECEITA,2966.9568727270607,2966.9568727270607,BRL,Manutenção estrutural vinculada à área QAS,3,TED,PAGO,e6288577-83de-45f9-9cb7-fa62004b89b9,2025-04-05,ERP_CORPORATIVO,TRANSACOES_FINANCEIRAS,24577,3e2ed77bc4d628671edd2bfc1698df8e2b4ff0af92bc41d9d6ac0df331013ce7
TR-24578,2025-03-24,2025-03-01,FIN,ACC-00127,DESPESA,3172.7427535082306,3014.9304866876355,BRL,Despesa operacional - FIN,8,CARTAO,ATRASADO,e6288577-83de-45f9-9cb7-fa62004b89b9,2025-04-05,ERP_CORPORATIVO,TRANSACOES_FINANCEIRAS,24578,a962364f5f1c0128efe7495ac2c394f0452f9af980c4da6de517e8786c889321
TR-24579,2025-03-11,2025-03-01,PES,ACC-00127,RECEITA,2747.5533041106937,2675.128071971026,BRL,Despesa jurídica da área PES,24,PIX,ATRASADO,e6288577-83de-45f9-9cb7-fa62004b89b9,2025-04-05,ERP_CORPORATIVO,TRANSACOES_FINANCEIRAS,24579,2c5424b5d3b3f144af7c13ce2019a2976a2a807fcda99e97781f04ac38c67206
TR-24580,2025-03-10,2025-03-01,FIN,ACC-00127,DESPESA,3366.251791988714,3242.6062472063377,BRL,Licença de software para área FIN,27,CARTAO,PAGO,e6288577-83de-45f9-9cb7-fa62004b89b9,2025-04-05,ERP_CORPORATIVO,TRANSACOES_FINANCEIRAS,24580,81528e7ef146791e5c3b459b47df554d168118cdeb635f1b8e622dfc03ea8fbb
TR-24581,2025-03-14,2025-03-01,PRD,ACC-00127,RECEITA,3551.3122979248747,3551.3122979248747,BRL,Prestação de serviço para área PRD,1,PIX,PAGO,e6288577-83de-45f9-9cb7-fa62004b89b9,2025-04-05,ERP_CORPORATIVO,TRANSACOES_FINANCEIRAS,24581,5165565ed4e968e7ecb39352641822906151759f1db3e348bbfdec48cf34f7e9
TR-24582,2025-03-20,2025-03-01,VND,ACC-00127,DESPESA,3446.317571135516,3304.0757525089357,BRL,Honorarium advocatício - VND,24,CARTAO,PAGO,e6288577-83de-45f9-9cb7-fa62004b89b9,2025-04-05,ERP_CORPORATIVO,TRANSACOES_FINANCEIRAS,24582,2904c6da20a8dd3a108bd53379eec9f69d5d42b8f7656765a9534de393570fd5
TR-24583,2025-03-11,2025-03-01,PRD,ACC-00127,DESPESA,3306.331799977538,3181.333885484339,USD,Renovação de certificados digitais - PRD,26,BOLETO,PAGO,e6288577-83de-45f9-9cb7-fa62004b89b9,2025-04-05,ERP_CORPORATIVO,TRANSACOES_FINANCEIRAS,24583,8759fe5d8844089494346c24d18e57652ad13d436b8f65fe27fb005669b917e2
TR-25039,2025-03-17,2025-03-01,COM,FORN-00129,RECEITA,4839.779708680268,4839.779708680268,BRL,Aquisição de material operacional - COM,2,BOLETO,PAGO,e6288577-83de-45f9-9cb7-fa62004b89b9,2025-04-05,ERP_CORPORATIVO,TRANSACOES_FINANCEIRAS,25039,b8a9ac372909678a05ea4da88beccecec9f7dc4b4eabd41dedd3ed5b54a6f170
TR-25040,2025-03-24,2025-03-01,OP,FORN-00129,DESPESA,4126.329697702926,4126.329697702926,BRL,Reparo de frota vinculado à área OP,17,BOLETO,PAGO,e6288577-83de-45f9-9cb7-fa62004b89b9,2025-04-05,ERP_CORPORATIVO,TRANSACOES_FINANCEIRAS,25040,1281be89969764573253355352bd68c0fed9790323e3c0689c8af3995f58392f
TR-25041,2025-03-26,2025-03-01,QAS,FORN-00129,DESPESA,3916.1202269700984,3916.1202269700984,USD,Direitos de propriedade intelectual - QAS,32,PIX,PAGO,e6288577-83de-45f9-9cb7-fa62004b89b9,2025-04-05,ERP_CORPORATIVO,TRANSACOES_FINANCEIRAS,25041,4a61240087d388a5cf128501556219ad8bdd01220129b7c8d67e087716e65404
TR-25042,2025-03-11,2025-03-01,OP,FORN-00129,DESPESA,4280.384415849213,4280.384415849213,BRL,Custo operacional associado a OP,8,BOLETO,PAGO,e6288577-83de-45f9-9cb7-fa62004b89b9,2025-04-05,ERP_CORPORATIVO,TRANSACOES_FINANCEIRAS,25042,6e032fc834cf8181149b641b4436617d48708f2f858ec8140b1a17010b2b2707
TR-25043,2025-03-20,2025-03-01,FIN,FORN-00129,DESPESA,4033.842660733772,4033.842660733772,BRL,Assessoria contábil prestada a FIN,25,TED,PAGO,e6288577-83de-45f9-9cb7-fa62004b89b9,2025-04-05,ERP_CORPORATIVO,TRANSACOES_FINANCEIRAS,25043,045f1f18272e3aef4da92ae7c5fddc6e544cf1b6f85fef146657d6d57fe1bf1d
TR-25044,2025-03-10,2025-03-01,JUR,FORN-00129,RECEITA,4026.6582457591594,3844.4542847605608,BRL,Hospedagem em viagem a serviço de JUR,19,BOLETO,PAGO,e6288577-83de-45f9-9cb7-fa62004b89b9,2025-04-05,ERP_CORPORATIVO,TRANSACOES_FINANCEIRAS,25044,9f2e423cfca3704d03bc02b8d3aba939f3dc95a142fc71fcd994d0a7a7c1a050
TR-25045,2025-03-13,2025-03-01,FIN,FORN-00129,RECEITA,1505.4511507162426,1505.4511507162426,BRL,Compra de insumos para setor FIN,2,BOLETO,PAGO,e6288577-83de-45f9-9cb7-fa62004b89b9,2025-04-05,ERP_CORPORATIVO,TRANSACOES_FINANCEIRAS,25045,4372cb0238b980ef9467294256bc227968ab08d57594d2b93bee9ec2f1ed2865
TR-25046,2025-03-07,2025-03-01,SEC,FORN-00129,DESPESA,4091.79294186966,4091.79294186966,BRL,Abatimento comercial registrado em SEC,38,TRANSFERENCIA,ATRASADO,e6288577-83de-45f9-9cb7-fa62004b89b9,2025-04-05,ERP_CORPORATIVO,TRANSACOES_FINANCEIRAS,25046,07cc52be7216cae2fbc0d645e71c60bbb3d593ecfdef05e60178ae8a3fcc0bc6
TR-25047,2025-03-17,2025-03-01,COM,FORN-00129,DESPESA,3842.5914640855026,3842.5914640855026,BRL,Encargos de empréstimo vinculados a COM,23,TED,CANCELADO,e6288577-83de-45f9-9cb7-fa62004b89b9,2025-04-05,ERP_CORPORATIVO,TRANSACOES_FINANCEIRAS,25047,ac95b312b409322b7c205f37094dbb26edf0bf3cceea3e962ea06dc92f872f4b
TR-25048,2025-03-17,2025-03-01,MKT,FORN-00129,DESPESA,3402.1234864335174,3402.1234864335174,BRL,Custo operacional associado a MKT,8,TED,PAGO,e6288577-83de-45f9-9cb7-fa62004b89b9,2025-04-05,ERP_CORPORATIVO,TRANSACOES_FINANCEIRAS,25048,ceb14ff22eae08c97f1af9e934176340ce23a6c091e9309a72bc10b7a57599c0
TR-25049,2025-03-10,2025-03-01,ADM,FORN-00129,DESPESA,4816.761148009989,4816.761148009989,BRL,Aquisição de material operacional - ADM,2,CARTAO,ATRASADO,e6288577-83de-45f9-9cb7-fa62004b89b9,2025-04-05,ERP_CORPORATIVO,TRANSACOES_FINANCEIRAS,25049,10688e458fd14392a9bebd96f286a24b1bef6778acadc3be0fd38d30c6682d65
TR-25050,2025-03-17,2025-03-01,JUR,FORN-00129,RECEITA,4221.646330682882,4221.646330682882,BRL,Investimento em marketing corporativo (JUR),4,TED,PAGO,e6288577-83de-45f9-9cb7-fa62004b89b9,2025-04-05,ERP_CORPORATIVO,TRANSACOES_FINANCEIRAS,25050,feee09f6f403a503ae849153746325f2e8de54e70049f8b5cac3076376a9a9d4
TR-25051,2025-03-24,2025-03-01,ESG,FORN-00129,DESPESA,3732.47110706582,3732.47110706582,BRL,Investimento em marketing corporativo (ESG),4,TRANSFERENCIA,PAGO,e6288577-83de-45f9-9cb7-fa62004b89b9,2025-04-05,ERP_CORPORATIVO,TRANSACOES_FINANCEIRAS,25051,202149508aecbf46ed9857dc9da89a4720b46597ab25740078161c84e4991583
TR-25052,2025-03-13,2025-03-01,CTB,FORN-00129,DESPESA,4146.822500835578,4146.822500835578,BRL,Receita de comissão comercial - CTB,33,TED,PAGO,e6288577-83de-45f9-9cb7-fa62004b89b9,2025-04-05,ERP_CORPORATIVO,TRANSACOES_FINANCEIRAS,25052,b0218f70bb873b0b01c524db4dea3994fd2ea7506ee34267d5e967106b40aec8
TR-25053,2025-03-13,2025-03-01,QAS,FORN-00129,RECEITA,3575.944317334952,3575.944317334952,BRL,Recebimento de subvenção - QAS,36,PIX,ATRASADO,e6288577-83de-45f9-9cb7-fa62004b89b9,2025-04-05,ERP_CORPORATIVO,TRANSACOES_FINANCEIRAS,25053,93d12ae28c7e5afb8c4a02ebbba5b80d14ba8b662a0f01291319cd63265d6cc0
TR-25054,2025-03-25,2025-03-01,SEC,FORN-00129,RECEITA,4158.979240577605,4095.6596227395717,BRL,Licença de software para área SEC,27,CARTAO,CANCELADO,e6288577-83de-45f9-9cb7-fa62004b89b9,2025-04-05,ERP_CORPORATIVO,TRANSACOES_FINANCEIRAS,25054,0996468e8b06f3c21e009171ec2e8e50f7e1753ca3550397f52651aa11c8d96b
TR-25055,2025-03-17,2025-03-01,COMP,FORN-00129,RECEITA,4312.335256107647,4312.335256107647,BRL,Serviço de telefonia e internet - COMP,9,BOLETO,ATRASADO,e6288577-83de-45f9-9cb7-fa62004b89b9,2025-04-05,ERP_CORPORATIVO,TRANSACOES_FINANCEIRAS,25055,0bbceee001261711697e01c0c0027f2c0ddb6a39fb825c6483eb0054cfd848c2
TR-25369,2025-03-18,2025-03-01,TI,1000129,RECEITA,1613.3531354925042,1613.3531354925042,BRL,Licenciamento de software - TI,5,BOLETO,PAGO,e6288577-83de-45f9-9cb7-fa62004b89b9,2025-04-05,ERP_CORPORATIVO,TRANSACOES_FINANCEIRAS,25369,5c1f3ddb925e439c8980d0ae0b28eae59b4a42ba9c4be6e2b82ac30b902b53eb
TR-25370,2025-03-14,2025-03-01,COM,1000129,DESPESA,1986.407491914793,1896.933764295215,BRL,Assessoria legal vinculada à área COM,7,TED,PAGO,e6288577-83de-45f9-9cb7-fa62004b89b9,2025-04-05,ERP_CORPORATIVO,TRANSACOES_FINANCEIRAS,25370,7368a764d4086130aca82a2990620e1f74e5dc1554af0b6bd3e7933a5bd7ec88
TR-25371,2025-03-14,2025-03-01,OP,1000129,DESPESA,2142.87796466881,2142.87796466881,BRL,Despesa de RH - OP,6,BOLETO,PAGO,e6288577-83de-45f9-9cb7-fa62004b89b9,2025-04-05,ERP_CORPORATIVO,TRANSACOES_FINANCEIRAS,25371,1469c40d5470ddca67c33ff078c1fa30c12c279e6c6b572be32693e23c8d29fe
TR-25372,2025-03-10,2025-03-01,ATD,1000129,RECEITA,1618.6275546078523,1618.6275546078523,BRL,Aquisição de material operacional - ATD,2,BOLETO,PAGO,e6288577-83de-45f9-9cb7-fa62004b89b9,2025-04-05,ERP_CORPORATIVO,TRANSACOES_FINANCEIRAS,25372,46baec217e79b8ad2cbb94550a0eadb881ebe76876d3cbccdacca996bb791646
TR-25373,2025-03-21,2025-03-01,CPT,1000129,DESPESA,1872.9423353904774,1872.9423353904774,BRL,Contrato de serviço - setor CPT,1,TRANSFERENCIA,PAGO,e6288577-83de-45f9-9cb7-fa62004b89b9,2025-04-05,ERP_CORPORATIVO,TRANSACOES_FINANCEIRAS,25373,2f19ab955c9a4fd6858534d71ff9ee9026537d45757d99c365afb484d8992388
TR-25374,2025-03-18,2025-03-01,MKT,1000129,DESPESA,1580.317160014696,1580.317160014696,BRL,Publicidade institucional - MKT,13,BOLETO,PAGO,e6288577-83de-45f9-9cb7-fa62004b89b9,2025-04-05,ERP_CORPORATIVO,TRANSACOES_FINANCEIRAS,25374,624cdfcf22a244aee38dee22d78c91b385fd938dfba15ca29ba1f79676c7034e
TR-25375,2025-03-17,2025-03-01,FIN,1000129,DESPESA,1990.7779163007112,1990.7779163007112,USD,Prestação de serviço para área FIN,1,PIX,PAGO,e6288577-83de-45f9-9cb7-fa62004b89b9,2025-04-05,ERP_CORPORATIVO,TRANSACOES_FINANCEIRAS,25375,647b2e46f74ef183dc837923a013b29e30b38cc4956c0a113d239418abe1720a
TR-25376,2025-03-10,2025-03-01,COMP,1000129,DESPESA,1979.5513584490318,1979.5513584490318,BRL,Reparo e conservação de instalações - COMP,10,PIX,PAGO,e6288577-83de-45f9-9cb7-fa62004b89b9,2025-04-05,ERP_CORPORATIVO,TRANSACOES_FINANCEIRAS,25376,911031dc5c0737701c72c137469412d3e8e76a0e940222809e71858c94427335
TR-25377,2025-03-20,2025-03-01,ESG,1000129,RECEITA,1929.6298403534292,1929.6298403534292,BRL,Licenciamento de software - ESG,5,TRANSFERENCIA,PAGO,e6288577-83de-45f9-9cb7-fa62004b89b9,2025-04-05,ERP_CORPORATIVO,TRANSACOES_FINANCEIRAS,25377,1e12189cbbb3d60a81adc17a8fbdc4d391541faf1e2bf99ae8552edf69c3de33
TR-25378,2025-03-14,2025-03-01,COM,1000129,RECEITA,1478.0786223999642,1423.0271500200838,BRL,Direitos de propriedade intelectual - COM,32,TED,ATRASADO,e6288577-83de-45f9-9cb7-fa62004b89b9,2025-04-05,ERP_CORPORATIVO,TRANSACOES_FINANCEIRAS,25378,8e05ccefff26903df36ab549913c5e95862a6e7e44eeea9c24166b93220571b3
TR-25379,2025-03-20,2025-03-01,SEC,1000129,DESPESA,1652.2381335511943,1652.2381335511943,BRL,Custo operacional associado a SEC,8,BOLETO,PAGO,e6288577-83de-45f9-9cb7-fa62004b89b9,2025-04-05,ERP_CORPORATIVO,TRANSACOES_FINANCEIRAS,25379,08bfec0b1cc2bd8e51bb70978d7c5ef896c147af4d603720758f8146c26df8d5
TR-25380,2025-03-24,2025-03-01,QAS,1000129,RECEITA,1654.5613260556115,1654.5613260556115,BRL,Reparo de frota vinculado à área QAS,17,PIX,PAGO,e6288577-83de-45f9-9cb7-fa62004b89b9,2025-04-05,ERP_CORPORATIVO,TRANSACOES_FINANCEIRAS,25380,bb8b577c0fd232a5636ed63b9016f9469ba4e31f1ede37376c6e5f5c66b813ea
TR-25381,2025-03-17,2025-03-01,ADM,1000129,RECEITA,1643.451763390242,1643.451763390242,BRL,Despesa de infraestrutura - ADM,3,PIX,PAGO,e6288577-83de-45f9-9cb7-fa62004b89b9,2025-04-05,ERP_CORPORATIVO,TRANSACOES_FINANCEIRAS,25381,6047c4c957f155562739c4bc5c36d1dc4d70254f7e25bda4120eb8d14039e254
TR-25382,2025-03-20,2025-03-01,COMP,1000129,RECEITA,1992.2051353585553,1992.2051353585553,BRL,Serviço relacionado a recursos humanos (COMP),6,TRANSFERENCIA,PAGO,e6288577-83de-45f9-9cb7-fa62004b89b9,2025-04-05,ERP_CORPORATIVO,TRANSACOES_FINANCEIRAS,25382,b14f0f66dc6a09c6b0daa6441ce42c452450515dc26d3b9b8c236abef1b65117
TR-25654,2025-03-21,2025-03-01,RH,1000130,DESPESA,3275.427922675248,3275.427922675248,BRL,Despesa operacional - RH,8,BOLETO,PAGO,e6288577-83de-45f9-9cb7-fa62004b89b9,2025-04-05,ERP_CORPORATIVO,TRANSACOES_FINANCEIRAS,25654,474d9d505317ce3a5b7301886661169f8bfd1cdd33887276d0ca892f3ed9b082
TR-25655,2025-03-17,2025-03-01,CTB,1000130,DESPESA,3541.032555520592,3541.032555520592,BRL,Investimento em marketing corporativo (CTB),4,BOLETO,PAGO,e6288577-83de-45f9-9cb7-fa62004b89b9,2025-04-05,ERP_CORPORATIVO,TRANSACOES_FINANCEIRAS,25655,7f5248dd9cef55b359ab54ec62a370001235521c28a554f6b6445b4d3dc138a4
TR-25656,2025-03-24,2025-03-01,RH,1000130,DESPESA,3274.3932815667695,3274.3932815667695,BRL,Contrato de conectividade para área RH,9,PIX,CANCELADO,e6288577-83de-45f9-9cb7-fa62004b89b9,2025-04-05,ERP_CORPORATIVO,TRANSACOES_FINANCEIRAS,25656,a364fabda89b4b9688f7bfe2c3a5e28e3f7b7e06ad269580752f23a3d8a03a8a
TR-25657,2025-03-24,2025-03-01,VND,1000130,RECEITA,2992.4891311977226,2992.4891311977226,USD,Comissão recebida por VND,33,CARTAO,ATRASADO,e6288577-83de-45f9-9cb7-fa62004b89b9,2025-04-05,ERP_CORPORATIVO,TRANSACOES_FINANCEIRAS,25657,21127d8a8d52cc8f52ad76769464b8b4be8c565e54801636aea902b1243d31be
TR-25658,2025-03-06,2025-03-01,CPT,1000130,RECEITA,3934.4249485701016,3934.4249485701016,BRL,Produção de material gráfico - CPT,15,TED,CANCELADO,e6288577-83de-45f9-9cb7-fa62004b89b9,2025-04-05,ERP_CORPORATIVO,TRANSACOES_FINANCEIRAS,25658,f724db6b15b1866d5f334db0427678fd3e7f1ce91362036851f626eb94e2c79c
TR-25659,2025-03-24,2025-03-01,VND,1000130,RECEITA,3436.4198248546936,3436.4198248546936,USD,Investimento em marketing corporativo (VND),4,BOLETO,PAGO,e6288577-83de-45f9-9cb7-fa62004b89b9,2025-04-05,ERP_CORPORATIVO,TRANSACOES_FINANCEIRAS,25659,5af61186eb5061474a2e4c8b1b4e6fd206706f82775df6a7f67f50db98a04499
TR-25660,2025-03-03,2025-03-01,ATD,1000130,RECEITA,3816.7367860298123,3723.986004513167,BRL,Compra de insumos para setor ATD,2,BOLETO,PAGO,e6288577-83de-45f9-9cb7-fa62004b89b9,2025-04-05,ERP_CORPORATIVO,TRANSACOES_FINANCEIRAS,25660,e51c1eaaf33667bb9803f433775b62570105dc8002b1624525bebc566d8f29a7
TR-25661,2025-03-24,2025-03-01,CTB,1000130,RECEITA,2986.3258418930122,2986.3258418930122,BRL,Custo operacional associado a CTB,8,BOLETO,PAGO,e6288577-83de-45f9-9cb7-fa62004b89b9,2025-04-05,ERP_CORPORATIVO,TRANSACOES_FINANCEIRAS,25661,488431cc4bd693297b976020b138ccc21fc59a1579ff8eadfe8af2d4bcc02fa9
TR-25662,2025-03-17,2025-03-01,JUR,1000130,DESPESA,3247.6601915141573,3208.0006826782537,BRL,Comissão recebida por JUR,33,PIX,PAGO,e6288577-83de-45f9-9cb7-fa62004b89b9,2025-04-05,ERP_CORPORATIVO,TRANSACOES_FINANCEIRAS,25662,2faf0049dbe2df860cb795a2a2fc854c2bf32b3167e7efbce5999be4641d2506
TR-25663,2025-03-03,2025-03-01,CTB,1000130,RECEITA,3395.2644568651485,3395.2644568651485,BRL,Treinamento corporativo para equipe CTB,30,BOLETO,PAGO,e6288577-83de-45f9-9cb7-fa62004b89b9,2025-04-05,ERP_CORPORATIVO,TRANSACOES_FINANCEIRAS,25663,9690c153cc7ba71712b7170ee747c3528b82d9a6db0953baa804f993292f86df
TR-25664,2025-03-13,2025-03-01,PES,1000130,DESPESA,3557.604938038399,3491.9965662891314,BRL,Aquisição de material operacional - PES,2,PIX,PAGO,e6288577-83de-45f9-9cb7-fa62004b89b9,2025-04-05,ERP_CORPORATIVO,TRANSACOES_FINANCEIRAS,25664,f8374ffd92f69e456dee5b0abdcad602f60364550cf31bb8075949cdf9fdd998
TR-25665,2025-03-07,2025-03-01,QAS,1000130,DESPESA,2758.1214000522186,2758.1214000522186,BRL,Investimento em marketing corporativo (QAS),4,TRANSFERENCIA,PAGO,e6288577-83de-45f9-9cb7-fa62004b89b9,2025-04-05,ERP_CORPORATIVO,TRANSACOES_FINANCEIRAS,25665,a9a59ae24e33bfb2c185abb89d59de784bd7b9fb29316e6c9b11304d41799836
TR-25666,2025-03-17,2025-03-01,COM,1000130,RECEITA,2766.3300909831937,2718.7962456029486,BRL,Receita extraordinária - COM,37,TRANSFERENCIA,PAGO,e6288577-83de-45f9-9cb7-fa62004b89b9,2025-04-05,ERP_CORPORATIVO,TRANSACOES_FINANCEIRAS,25666,b56c459025e3654906ea0a1b939a59d4ad6d775e38babd4b724c23d15141c799
TR-26014,2025-03-12,2025-03-01,VND,1000132,DESPESA,780.7369683137771,780.7369683137771,BRL,Custo operacional associado a VND,8,PIX,PAGO,e6288577-83de-45f9-9cb7-fa62004b89b9,2025-04-05,ERP_CORPORATIVO,TRANSACOES_FINANCEIRAS,26014,01b5c9709663c35a3ff2d45eb73c305179b006f4a655444c789a40214684ca65
TR-26015,2025-03-26,2025-03-01,OP,1000132,DESPESA,835.951627813097,835.951627813097,BRL,Imposto sobre venda apurado em OP,40,BOLETO,PAGO,e6288577-83de-45f9-9cb7-fa62004b89b9,2025-04-05,ERP_CORPORATIVO,TRANSACOES_FINANCEIRAS,26015,b659534359403c63e0d93759f50753137b577c2f6a3dd81fc82ce06d76a89110
TR-26016,2025-03-17,2025-03-01,MKT,1000132,RECEITA,769.602856054237,769.602856054237,BRL,Custo operacional associado a MKT,8,BOLETO,PAGO,e6288577-83de-45f9-9cb7-fa62004b89b9,2025-04-05,ERP_CORPORATIVO,TRANSACOES_FINANCEIRAS,26016,d3504c2b57e836c1792e04f5b1e54d10ce8d458f4df72e5d634154c18998abf3
TR-26017,2025-03-18,2025-03-01,COM,1000132,DESPESA,762.8293591067685,762.8293591067685,BRL,Compra de insumos para setor COM,2,BOLETO,PAGO,e6288577-83de-45f9-9cb7-fa62004b89b9,2025-04-05,ERP_CORPORATIVO,TRANSACOES_FINANCEIRAS,26017,e227cc7cc06ed181686f01deba49710fe84141517f80e4caa497bc8e9949202e
TR-26018,2025-03-18,2025-03-01,RH,1000132,DESPESA,653.0025485845182,653.0025485845182,BRL,Prestação de serviço para área RH,1,BOLETO,PAGO,e6288577-83de-45f9-9cb7-fa62004b89b9,2025-04-05,ERP_CORPORATIVO,TRANSACOES_FINANCEIRAS,26018,3acb1b73f6b9ef293b9f0b0b0b0f821b954e84340ab84cee7972841a14fdd360
TR-26019,2025-03-17,2025-03-01,PRD,1000132,RECEITA,772.8408227707771,772.8408227707771,BRL,Serviço de telefonia e internet - PRD,9,TED,PAGO,e6288577-83de-45f9-9cb7-fa62004b89b9,2025-04-05,ERP_CORPORATIVO,TRANSACOES_FINANCEIRAS,26019,edaa58c85ed4ba721e5a9c25dcfc55b8d14c7919098305ab2f5697adf925516b
TR-26020,2025-03-17,2025-03-01,FIN,1000132,RECEITA,879.749646984656,879.749646984656,USD,Manutenção estrutural vinculada à área FIN,3,PIX,PAGO,e6288577-83de-45f9-9cb7-fa62004b89b9,2025-04-05,ERP_CORPORATIVO,TRANSACOES_FINANCEIRAS,26020,66ad4ef5d2648644143400fc4a82dab283570b757ff9101877ff3118a1c66475
TR-26021,2025-03-24,2025-03-01,CPT,1000132,RECEITA,642.4187382432591,627.2267419140957,BRL,Produção de material gráfico - CPT,15,PIX,ATRASADO,e6288577-83de-45f9-9cb7-fa62004b89b9,2025-04-05,ERP_CORPORATIVO,TRANSACOES_FINANCEIRAS,26021,65af02ef7dc270e3e7b7a877607179aefd993e712c0ba107dee4bc0958f915e3
TR-26022,2025-03-14,2025-03-01,PJT,1000132,DESPESA,663.5637584628945,663.5637584628945,BRL,Alienação de bem patrimonial - PJT,35,PIX,ATRASADO,e6288577-83de-45f9-9cb7-fa62004b89b9,2025-04-05,ERP_CORPORATIVO,TRANSACOES_FINANCEIRAS,26022,857d48a7d8551edb8e887a4e07f352a1632edc3f7b0634d78b73fecc6effd030
TR-26023,2025-03-18,2025-03-01,CPT,1000132,DESPESA,732.2586421897629,732.2586421897629,BRL,Honorários jurídicos - CPT,7,PIX,PAGO,e6288577-83de-45f9-9cb7-fa62004b89b9,2025-04-05,ERP_CORPORATIVO,TRANSACOES_FINANCEIRAS,26023,b374b743d0d900cdbcd16deea0e981ca2f36b70b23ce0cd843eb50123886871e
TR-26024,2025-03-10,2025-03-01,SEC,1000132,DESPESA,660.6801442569518,660.6801442569518,BRL,Serviço especializado solicitado por SEC,1,BOLETO,PAGO,e6288577-83de-45f9-9cb7-fa62004b89b9,2025-04-05,ERP_CORPORATIVO,TRANSACOES_FINANCEIRAS,26024,6c12f01d09ceda2349adb7b1092ebfaff191796cdb45de262e53c5551ce41e45
TR-26025,2025-03-19,2025-03-01,QAS,1000132,DESPESA,810.1910700891543,797.6419384774532,BRL,Licenciamento de software - QAS,5,BOLETO,PAGO,e6288577-83de-45f9-9cb7-fa62004b89b9,2025-04-05,ERP_CORPORATIVO,TRANSACOES_FINANCEIRAS,26025,3c6a220e0c4961e9a374f48b05b0a2d569fa904b169878c85af482fb44fb5a66
TR-26026,2025-03-28,2025-03-01,OP,1000132,DESPESA,636.5658359038197,636.5658359038197,BRL,Manutenção estrutural vinculada à área OP,3,BOLETO,CANCELADO,e6288577-83de-45f9-9cb7-fa62004b89b9,2025-04-05,ERP_CORPORATIVO,TRANSACOES_FINANCEIRAS,26026,1258634598261643a5aa93fd49451275aa7a7fd3134bc0498c42836301f2e186
TR-26342,2025-03-24,2025-03-01,PES,1000133,RECEITA,2034.9372153860152,2034.9372153860152,BRL,Custo operacional associado a PES,8,PIX,PAGO,e6288577-83de-45f9-9cb7-fa62004b89b9,2025-04-05,ERP_CORPORATIVO,TRANSACOES_FINANCEIRAS,26342,a9809ad43a7be2e4aa01798cab9a480a09a67c47926b7e981b14c23dd118aa11
TR-26343,2025-03-10,2025-03-01,OP,1000133,DESPESA,2401.9100550122216,2401.9100550122216,BRL,Prestação de serviço para área OP,1,CARTAO,PAGO,e6288577-83de-45f9-9cb7-fa62004b89b9,2025-04-05,ERP_CORPORATIVO,TRANSACOES_FINANCEIRAS,26343,a7c3fda1420c5d856c002098fd57e819d054c965fa0e69aafe90b93a52735292
TR-26344,2025-03-25,2025-03-01,CTB,1000133,DESPESA,2191.2666018296495,2156.6468680111366,BRL,Manutenção estrutural vinculada à área CTB,3,BOLETO,ATRASADO,e6288577-83de-45f9-9cb7-fa62004b89b9,2025-04-05,ERP_CORPORATIVO,TRANSACOES_FINANCEIRAS,26344,4926d88c6131a74e0f64773c6992a00e63a49e50f46ed3f08aa14ad86d3568e5
TR-26345,2025-03-17,2025-03-01,MKT,1000133,RECEITA,962.0918209568055,962.0918209568055,BRL,Compra de insumos para setor MKT,2,PIX,PAGO,e6288577-83de-45f9-9cb7-fa62004b89b9,2025-04-05,ERP_CORPORATIVO,TRANSACOES_FINANCEIRAS,26345,5473d8528c12ca402cb7ed7eb3e6b4a3f77ff7c820b0353186fde084602f386c
TR-26346,2025-03-10,2025-03-01,COM,1000133,RECEITA,2242.3795652900853,2144.988354516026,BRL,Material de marketing solicitado por COM,15,TED,ATRASADO,e6288577-83de-45f9-9cb7-fa62004b89b9,2025-04-05,ERP_CORPORATIVO,TRANSACOES_FINANCEIRAS,26346,f952b29660756fa9cad99a46fdce81b0fef8327d2373c739d107683ceb460a58
TR-26347,2025-03-17,2025-03-01,COMP,1000133,DESPESA,1991.8462680809857,1991.8462680809857,USD,Serviço relacionado a recursos humanos (COMP),6,BOLETO,PAGO,e6288577-83de-45f9-9cb7-fa62004b89b9,2025-04-05,ERP_CORPORATIVO,TRANSACOES_FINANCEIRAS,26347,c0af20d82f283a7e2e8de89a117fceb89d90062af1ff93a372b226ea1a451c87
TR-26348,2025-03-17,2025-03-01,OP,1000133,RECEITA,2616.3798934348474,2616.3798934348474,BRL,Despesa jurídica da área OP,24,TED,PAGO,e6288577-83de-45f9-9cb7-fa62004b89b9,2025-04-05,ERP_CORPORATIVO,TRANSACOES_FINANCEIRAS,26348,4795375b50a9c90c7c06900f5c5d71a80ef8c1c24ffd0b4e790eb9ac723be9d9
TR-26349,2025-03-17,2025-03-01,JUR,1000133,RECEITA,2046.4417128398975,2046.4417128398975,EUR,Capacitação profissional vinculada a JUR,30,TRANSFERENCIA,PAGO,e6288577-83de-45f9-9cb7-fa62004b89b9,2025-04-05,ERP_CORPORATIVO,TRANSACOES_FINANCEIRAS,26349,90bfce447222ae5328e8bf19996cd2475c7b9284e3f79f1884c1b8c23616f624
TR-26350,2025-03-19,2025-03-01,COM,1000133,DESPESA,2029.6904572611825,2029.6904572611825,BRL,Custo operacional associado a COM,8,TRANSFERENCIA,PAGO,e6288577-83de-45f9-9cb7-fa62004b89b9,2025-04-05,ERP_CORPORATIVO,TRANSACOES_FINANCEIRAS,26350,8e0f76e4dc7c735d58c68165a1a8da9bb03672e21084d71d8c65ef85df0b879f
TR-26580,2025-03-10,2025-03-01,TI,1000134,DESPESA,1315.4992366141148,1256.8354490773954,BRL,Combustível e lubrificantes para frota (TI),16,PIX,ATRASADO,e6288577-83de-45f9-9cb7-fa62004b89b9,2025-04-05,ERP_CORPORATIVO,TRANSACOES_FINANCEIRAS,26580,ac4938c19cb719f43164d11527821e9d0d7e0176b0a9d6b7bbd849dfce9bfcfb
TR-26581,2025-03-26,2025-03-01,COMP,1000134,RECEITA,1218.8757286643945,1218.8757286643945,BRL,Devolução de venda processada por COMP,39,PIX,PAGO,e6288577-83de-45f9-9cb7-fa62004b89b9,2025-04-05,ERP_CORPORATIVO,TRANSACOES_FINANCEIRAS,26581,0cd917a2b66c740786768ed119f02a3e14bb0d849a34d204f125fae866738cf7
TR-26582,2025-03-17,2025-03-01,FIN,1000134,RECEITA,1521.30246206183,1485.719792483541,BRL,Prestação de serviço para área FIN,1,PIX,PAGO,e6288577-83de-45f9-9cb7-fa62004b89b9,2025-04-05,ERP_CORPORATIVO,TRANSACOES_FINANCEIRAS,26582,b4b8592411a5f9fe835928d1026a38d99aafcafd695bf54c4245db871bfdebd5
TR-26583,2025-03-06,2025-03-01,FIN,1000134,RECEITA,1181.8039589968091,1181.8039589968091,BRL,Publicidade institucional - FIN,13,PIX,PAGO,e6288577-83de-45f9-9cb7-fa62004b89b9,2025-04-05,ERP_CORPORATIVO,TRANSACOES_FINANCEIRAS,26583,2b8307aba4798c429f5d1c12fcf275a4e2a4bad19e1207a23c0a334b27a81543
TR-26584,2025-03-14,2025-03-01,COMP,1000134,DESPESA,1384.7873810124931,1384.7873810124931,BRL,Treinamento corporativo para equipe COMP,30,BOLETO,PAGO,e6288577-83de-45f9-9cb7-fa62004b89b9,2025-04-05,ERP_CORPORATIVO,TRANSACOES_FINANCEIRAS,26584,9c2d7c26cc8b59ef1715167a8ead4c2f3cbfa2c4a9a665a382698c4a11844b35
TR-26585,2025-03-13,2025-03-01,SEC,1000134,RECEITA,1385.992060522379,1333.0377075448755,BRL,Despesa de RH - SEC,6,PIX,PAGO,e6288577-83de-45f9-9cb7-fa62004b89b9,2025-04-05,ERP_CORPORATIVO,TRANSACOES_FINANCEIRAS,26585,0767a1c03b475f5108a0f5c8769d4dfbac27b30069611f1c58f6d81fc7a8ab2b
TR-26586,2025-03-26,2025-03-01,LOG,1000134,DESPESA,2217.5582867387902,2217.5582867387902,BRL,Compra de insumos para setor LOG,2,PIX,CANCELADO,e6288577-83de-45f9-9cb7-fa62004b89b9,2025-04-05,ERP_CORPORATIVO,TRANSACOES_FINANCEIRAS,26586,2298e66791dc77b3e824ebcac143382082b98e8b4e5eac914d803b5905e536b7
TR-26587,2025-03-18,2025-03-01,ADM,1000134,DESPESA,571.6596824036749,571.6596824036749,BRL,Hospedagem em viagem a serviço de ADM,19,BOLETO,CANCELADO,e6288577-83de-45f9-9cb7-fa62004b89b9,2025-04-05,ERP_CORPORATIVO,TRANSACOES_FINANCEIRAS,26587,370d5a66a44fa9b8e38dd7de71a429e73becb00752b8eff33c7538b5a9cbff84
TR-26588,2025-03-20,2025-03-01,ATD,1000134,RECEITA,1179.3532118152198,1179.3532118152198,BRL,Reparo de hardware solicitado por ATD,28,PIX,PAGO,e6288577-83de-45f9-9cb7-fa62004b89b9,2025-04-05,ERP_CORPORATIVO,TRANSACOES_FINANCEIRAS,26588,2984221020d115176e03fa2bd2bb7fee3711f06f24d5995376fd258325a3fc3c
TR-26589,2025-03-18,2025-03-01,FIN,1000134,DESPESA,1170.2154737456542,1170.2154737456542,BRL,Honorários jurídicos - FIN,7,PIX,PAGO,e6288577-83de-45f9-9cb7-fa62004b89b9,2025-04-05,ERP_CORPORATIVO,TRANSACOES_FINANCEIRAS,26589,e0da2da7cbdb1520ed017483713c2445168165f177ef6d227084049716c2decc
TR-26590,2025-03-13,2025-03-01,CTB,1000134,DESPESA,1378.1679631556387,1378.1679631556387,BRL,Resultado de equivalência patrimonial - CTB,34,TRANSFERENCIA,PAGO,e6288577-83de-45f9-9cb7-fa62004b89b9,2025-04-05,ERP_CORPORATIVO,TRANSACOES_FINANCEIRAS,26590,73667306ab401ba4c8bfa164d98d7b86753a75085904aa21e23a7386538eb6fa
TR-26591,2025-03-10,2025-03-01,CPT,1000134,DESPESA,1136.9841333888303,1114.7904379284746,BRL,Abastecimento de veículos - CPT,16,BOLETO,PAGO,e6288577-83de-45f9-9cb7-fa62004b89b9,2025-04-05,ERP_CORPORATIVO,TRANSACOES_FINANCEIRAS,26591,801ae3ea5079c5290adfdc5bbf1eac874a6313f09065cd534b633253b88a83d7
TR-26879,2025-03-17,2025-03-01,PJT,FORN-00136,DESPESA,1548.705636741753,1548.705636741753,BRL,Diária de hotel para equipe PJT,19,PIX,PAGO,e6288577-83de-45f9-9cb7-fa62004b89b9,2025-04-05,ERP_CORPORATIVO,TRANSACOES_FINANCEIRAS,26879,820c7b3d4edc820044cf8a5a06b2ccff06182c9cdcd3dac9098e2c7d8b400271
TR-26880,2025-03-17,2025-03-01,SEC,FORN-00136,RECEITA,1376.4368047730138,1313.4651419651761,BRL,Prestação de serviço para área SEC,1,BOLETO,PAGO,e6288577-83de-45f9-9cb7-fa62004b89b9,2025-04-05,ERP_CORPORATIVO,TRANSACOES_FINANCEIRAS,26880,e98187c31918be9b30a79b257b29fbcf41b157ced8741abba736cf7e58510343
TR-26881,2025-03-17,2025-03-01,JUR,FORN-00136,RECEITA,1404.454351952663,1404.454351952663,BRL,Serviço de tecnologia contratado por JUR,5,PIX,CANCELADO,e6288577-83de-45f9-9cb7-fa62004b89b9,2025-04-05,ERP_CORPORATIVO,TRANSACOES_FINANCEIRAS,26881,81ad48139a88d57b6c3393cd8852fb9ae034d3a11ba9ef922c39557bff721e58
TR-26882,2025-03-12,2025-03-01,FIN,FORN-00136,DESPESA,2559.496175261867,2559.496175261867,BRL,Manutenção estrutural vinculada à área FIN,3,TRANSFERENCIA,PAGO,e6288577-83de-45f9-9cb7-fa62004b89b9,2025-04-05,ERP_CORPORATIVO,TRANSACOES_FINANCEIRAS,26882,54d0ed01feec8102be39696b800608dfc1f3c364556a681fb79b4e4159ed953d
TR-26883,2025-03-10,2025-03-01,COM,FORN-00136,DESPESA,1409.5221927560074,1344.2756387147372,BRL,Investimento em marketing corporativo (COM),4,PIX,PAGO,e6288577-83de-45f9-9cb7-fa62004b89b9,2025-04-05,ERP_CORPORATIVO,TRANSACOES_FINANCEIRAS,26883,7a65cec6565567796d55c7ae5358244f40cf4b0bcc8ebcca405035863390b60f
TR-26884,2025-03-27,2025-03-01,FIN,FORN-00136,DESPESA,1602.5083270208977,1602.5083270208977,BRL,Tarifas de serviços financeiros - FIN,22,PIX,PAGO,e6288577-83de-45f9-9cb7-fa62004b89b9,2025-04-05,ERP_CORPORATIVO,TRANSACOES_FINANCEIRAS,26884,fad019ed299d664082bfc09dfd1e56ae8adb5c015dbeb74058a8cd6c8e59fe1b
TR-26885,2025-03-06,2025-03-01,LOG,FORN-00136,DESPESA,1370.7458880679326,1370.7458880679326,BRL,Contrato de serviço - setor LOG,1,TED,PAGO,e6288577-83de-45f9-9cb7-fa62004b89b9,2025-04-05,ERP_CORPORATIVO,TRANSACOES_FINANCEIRAS,26885,a66ed90822bf5a4b2f4d6020af5e17b01a89ae6160f24a3130a8d25a2009b17f
TR-26886,2025-03-21,2025-03-01,ATD,FORN-00136,DESPESA,1513.1041945416684,1491.115632052932,BRL,Alimentação em viagem corporativa - ATD,20,BOLETO,ATRASADO,e6288577-83de-45f9-9cb7-fa62004b89b9,2025-04-05,ERP_CORPORATIVO,TRANSACOES_FINANCEIRAS,26886,bf0120e8a6fec9d6a54138e07fad24c9b04ecb1a71a229ab3d05e16ed57e5a4b
TR-26887,2025-03-10,2025-03-01,TI,FORN-00136,RECEITA,1548.226007448305,1548.226007448305,BRL,Locação de espaço comercial - TI,31,PIX,CANCELADO,e6288577-83de-45f9-9cb7-fa62004b89b9,2025-04-05,ERP_CORPORATIVO,TRANSACOES_FINANCEIRAS,26887,8ad4337a4ad388cbbd8cbfd31b4cb7537f5cdc93b30ac180bb20a92b8bfca764
TR-26888,2025-03-26,2025-03-01,COM,FORN-00136,RECEITA,1492.2284449626352,1492.2284449626352,BRL,Consultoria estratégica para área COM,12,BOLETO,PAGO,e6288577-83de-45f9-9cb7-fa62004b89b9,2025-04-05,ERP_CORPORATIVO,TRANSACOES_FINANCEIRAS,26888,c29bb6ba82fc57bedad71037364d40a79cf23341824595df82d8248f829caa1a
TR-26889,2025-03-17,2025-03-01,TI,FORN-00136,DESPESA,1276.5461282983704,1276.5461282983704,BRL,Manutenção estrutural vinculada à área TI,3,TRANSFERENCIA,PAGO,e6288577-83de-45f9-9cb7-fa62004b89b9,2025-04-05,ERP_CORPORATIVO,TRANSACOES_FINANCEIRAS,26889,eea91f84a69433ef31e84554ad8506323b9c6ca4b9150d26bd5f4ee5ffa83e17
TR-26890,2025-03-12,2025-03-01,COM,FORN-00136,RECEITA,4347.94444301432,4276.04221106392,BRL,Despesa de refeição em deslocamento (COM),20,TED,PAGO,e6288577-83de-45f9-9cb7-fa62004b89b9,2025-04-05,ERP_CORPORATIVO,TRANSACOES_FINANCEIRAS,26890,2143766440771862b187be30e80e896c1735e6a54e8f88c194cb89fd7fc9e109
TR-26891,2025-03-24,2025-03-01,RH,FORN-00136,RECEITA,1335.3358598920345,1335.3358598920345,BRL,Royalties recebidos por RH,32,BOLETO,PAGO,e6288577-83de-45f9-9cb7-fa62004b89b9,2025-04-05,ERP_CORPORATIVO,TRANSACOES_FINANCEIRAS,26891,de66df488e5e8347bfba4df5c2be1f92a8eec50ab82d67a02882b5955c8f546e
TR-26892,2025-03-12,2025-03-01,COM,FORN-00136,DESPESA,1416.5419520690941,1387.9506138688898,BRL,Compra de insumos para setor COM,2,CARTAO,PAGO,e6288577-83de-45f9-9cb7-fa62004b89b9,2025-04-05,ERP_CORPORATIVO,TRANSACOES_FINANCEIRAS,26892,96a0d71d3e0e5852707a2ee3cebe252f31b92e616bfcb6cf709dc0bdd93bdc0d
TR-26893,2025-03-17,2025-03-01,SEC,FORN-00136,RECEITA,1432.913950912095,1432.913950912095,BRL,Receita de comissão comercial - SEC,33,TED,PAGO,e6288577-83de-45f9-9cb7-fa62004b89b9,2025-04-05,ERP_CORPORATIVO,TRANSACOES_FINANCEIRAS,26893,22802eca866ef3a026b3b61f2f46dbefbf8fd68544a5ed13ed65e47fe922fefb
TR-26894,2025-03-21,2025-03-01,TI,FORN-00136,DESPESA,1495.6179954096108,1495.6179954096108,BRL,Aquisição de material operacional - TI,2,TED,CANCELADO,e6288577-83de-45f9-9cb7-fa62004b89b9,2025-04-05,ERP_CORPORATIVO,TRANSACOES_FINANCEIRAS,26894,7484b68db78f9baacb2e2140985860aca4d43fc678c00748bb1a6527225a7c32
TR-26895,2025-03-19,2025-03-01,JUR,FORN-00136,DESPESA,1514.8974025801217,1514.8974025801217,BRL,Receita de aluguel creditada em JUR,31,TRANSFERENCIA,PAGO,e6288577-83de-45f9-9cb7-fa62004b89b9,2025-04-05,ERP_CORPORATIVO,TRANSACOES_FINANCEIRAS,26895,9dbc5733dedba115f19946518feb0ceb7595331d14ed277af8a8171c4e5152c9
TR-26896,2025-03-24,2025-03-01,TI,FORN-00136,RECEITA,1606.905097737139,1606.905097737139,BRL,Licença de software para área TI,27,PIX,PAGO,e6288577-83de-45f9-9cb7-fa62004b89b9,2025-04-05,ERP_CORPORATIVO,TRANSACOES_FINANCEIRAS,26896,d6fb340abae32e43fc53cc3f6fc7e3b250e12ecc602ee14d85072d9df1dee195
TR-26897,2025-03-13,2025-03-01,COM,FORN-00136,RECEITA,1454.329575862378,1423.6979574121149,BRL,Alienação de bem patrimonial - COM,35,TED,ATRASADO,e6288577-83de-45f9-9cb7-fa62004b89b9,2025-04-05,ERP_CORPORATIVO,TRANSACOES_FINANCEIRAS,26897,deb5d61d2319d057e113d8301d9ac7b2731ee6c9966e9f4398d3497e9f6dc7ce
TR-26898,2025-03-10,2025-03-01,FIN,FORN-00136,RECEITA,1328.4949457695825,1328.4949457695825,BRL,Prestação de serviço para área FIN,1,BOLETO,PAGO,e6288577-83de-45f9-9cb7-fa62004b89b9,2025-04-05,ERP_CORPORATIVO,TRANSACOES_FINANCEIRAS,26898,8712f0b3de07679a10ec6c103ac2bad0fa995bf65064f69852f978f0a63cc4ab
TR-26899,2025-03-14,2025-03-01,CPT,FORN-00136,DESPESA,1672.6874748575772,1608.6620215500077,BRL,Alienação de bem patrimonial - CPT,35,TED,ATRASADO,e6288577-83de-45f9-9cb7-fa62004b89b9,2025-04-05,ERP_CORPORATIVO,TRANSACOES_FINANCEIRAS,26899,b26f023e2e4ce7d92f3b884568244ed36518d6ee0e1ebcc5bee5eb266a27002e
TR-26900,2025-03-18,2025-03-01,FIN,FORN-00136,RECEITA,1441.4098665053255,1374.3332772738106,BRL,Assessoria contábil prestada a FIN,25,PIX,ATRASADO,e6288577-83de-45f9-9cb7-fa62004b89b9,2025-04-05,ERP_CORPORATIVO,TRANSACOES_FINANCEIRAS,26900,f343ec159b0d33fef7489d345a39c55da06b7cd8ba8356067235f479e76961fd
TR-26901,2025-03-11,2025-03-01,FIN,FORN-00136,DESPESA,1472.8961553796532,1472.8961553796532,BRL,Manutenção estrutural vinculada à área FIN,3,PIX,PAGO,e6288577-83de-45f9-9cb7-fa62004b89b9,2025-04-05,ERP_CORPORATIVO,TRANSACOES_FINANCEIRAS,26901,51ed3cb6a1db768be2a4b5f84a42facb3da18c94015dfb248f511ed404b3e7e9
TR-27071,2025-03-24,2025-03-01,ESG,1000136,DESPESA,2051.5039489333244,2029.7709261648524,BRL,Receita de aluguel creditada em ESG,31,PIX,ATRASADO,e6288577-83de-45f9-9cb7-fa62004b89b9,2025-04-05,ERP_CORPORATIVO,TRANSACOES_FINANCEIRAS,27071,6558e8e3d7605d33bdcbf4b69807e163a69a63de76033654c308e19ba97ab8f5
TR-27072,2025-03-24,2025-03-01,CTB,1000136,DESPESA,1838.701398804949,1838.701398804949,BRL,Serviço especializado solicitado por CTB,1,TED,PAGO,e6288577-83de-45f9-9cb7-fa62004b89b9,2025-04-05,ERP_CORPORATIVO,TRANSACOES_FINANCEIRAS,27072,e9ec60f115e91cedf31e1478455a1b8443692d5ed2bf9b2cb4f63e4d9c94b769
TR-27073,2025-03-13,2025-03-01,JUR,1000136,RECEITA,2102.8610972186916,2102.8610972186916,BRL,Direitos de propriedade intelectual - JUR,32,CARTAO,PAGO,e6288577-83de-45f9-9cb7-fa62004b89b9,2025-04-05,ERP_CORPORATIVO,TRANSACOES_FINANCEIRAS,27073,f52b62836d7b3259163824dc2c9e9d694748918a3dac980b03bf9ce35aaa9a54
TR-27074,2025-03-17,2025-03-01,MKT,1000136,DESPESA,2033.8994117178565,2033.8994117178565,BRL,Manutenção estrutural vinculada à área MKT,3,BOLETO,PAGO,e6288577-83de-45f9-9cb7-fa62004b89b9,2025-04-05,ERP_CORPORATIVO,TRANSACOES_FINANCEIRAS,27074,572b6c7de75561a7631a852fb80b4b98e861e126a6e33220b8d5e1211fd63729
TR-27075,2025-03-04,2025-03-01,RH,1000136,DESPESA,422.7633303724469,422.7633303724469,BRL,Renovação de certificados digitais - RH,26,PIX,PAGO,e6288577-83de-45f9-9cb7-fa62004b89b9,2025-04-05,ERP_CORPORATIVO,TRANSACOES_FINANCEIRAS,27075,88a8d7a66b102491907a718bf5e1e1f3e86dfc28da122405f985ccf8d7e86970
TR-27076,2025-03-17,2025-03-01,RH,1000136,DESPESA,1912.0453408454093,1912.0453408454093,BRL,Serviço especializado solicitado por RH,1,TRANSFERENCIA,PAGO,e6288577-83de-45f9-9cb7-fa62004b89b9,2025-04-05,ERP_CORPORATIVO,TRANSACOES_FINANCEIRAS,27076,c3f3cfa54d5e35d99b75ada87531d86cc290052130a42fb188acc6e9630fc858
TR-27077,2025-03-17,2025-03-01,FIN,1000136,DESPESA,1997.8437297920768,1997.8437297920768,BRL,Serviço especializado solicitado por FIN,1,PIX,PAGO,e6288577-83de-45f9-9cb7-fa62004b89b9,2025-04-05,ERP_CORPORATIVO,TRANSACOES_FINANCEIRAS,27077,80eaf3dbd040a3f16262d20dab81ec6a8cf1505889caa3b396959dcdaa9d501f
TR-27078,2025-03-24,2025-03-01,PRD,1000136,DESPESA,2143.9593464827935,2143.9593464827935,BRL,Serviço de tecnologia contratado por PRD,5,TED,PAGO,e6288577-83de-45f9-9cb7-fa62004b89b9,2025-04-05,ERP_CORPORATIVO,TRANSACOES_FINANCEIRAS,27078,a82a2035e6e15ac73302ca3dd02ebe9e3a7476f14fcbec752d32b6f8ed64a5d4
TR-27079,2025-03-05,2025-03-01,OP,1000136,DESPESA,1897.6439187044973,1897.6439187044973,USD,Manutenção estrutural vinculada à área OP,3,BOLETO,PAGO,e6288577-83de-45f9-9cb7-fa62004b89b9,2025-04-05,ERP_CORPORATIVO,TRANSACOES_FINANCEIRAS,27079,ffb413c078cd210938b0692b4dbfbf5bb99643fa99d7a4feb0adb6f8685918f2
TR-27080,2025-03-17,2025-03-01,COMP,1000136,DESPESA,1953.908927944133,1953.908927944133,USD,Aquisição de material operacional - COMP,2,BOLETO,ATRASADO,e6288577-83de-45f9-9cb7-fa62004b89b9,2025-04-05,ERP_CORPORATIVO,TRANSACOES_FINANCEIRAS,27080,f7faec1e8ec9e5d50046f5253516c278fab322331939e065cd38f5c8c49458ae
TR-27081,2025-03-21,2025-03-01,FIN,1000136,DESPESA,1744.8951605662467,1744.8951605662467,BRL,Reparo de hardware solicitado por FIN,28,TED,PAGO,e6288577-83de-45f9-9cb7-fa62004b89b9,2025-04-05,ERP_CORPORATIVO,TRANSACOES_FINANCEIRAS,27081,83b9756f447aa2c59f8a37dff7e7ad63e8c6cdf8676cdf83f3d464a8a142727c
TR-27082,2025-03-14,2025-03-01,COMP,1000136,DESPESA,2137.9943734791673,2137.9943734791673,BRL,Encargos de empréstimo vinculados a COMP,23,TED,PAGO,e6288577-83de-45f9-9cb7-fa62004b89b9,2025-04-05,ERP_CORPORATIVO,TRANSACOES_FINANCEIRAS,27082,bf9a772f34fad4c60f5297a653a29229ca1de5082a432673472e6f02e62cf066
TR-27083,2025-03-17,2025-03-01,ESG,1000136,DESPESA,1830.0469715449428,1752.621910958913,BRL,Reparo de hardware solicitado por ESG,28,PIX,CANCELADO,e6288577-83de-45f9-9cb7-fa62004b89b9,2025-04-05,ERP_CORPORATIVO,TRANSACOES_FINANCEIRAS,27083,51d92687eb9ccc8f2767211a9dde59c85ece577e191112a74f2c0bdb86ea79ca
TR-27084,2025-03-18,2025-03-01,OP,1000136,RECEITA,6855.769821284536,6771.176660151801,BRL,Alimentação em viagem corporativa - OP,20,TED,CANCELADO,e6288577-83de-45f9-9cb7-fa62004b89b9,2025-04-05,ERP_CORPORATIVO,TRANSACOES_FINANCEIRAS,27084,8c23904ef9a93ffda67d6f3d975e24579103b9027b33f5607e52a4590b40dbe2
TR-27545,2025-03-17,2025-03-01,OP,1000138,DESPESA,3810.9288338814895,3669.981654568886,BRL,Compra de insumos para setor OP,2,CARTAO,PAGO,e6288577-83de-45f9-9cb7-fa62004b89b9,2025-04-05,ERP_CORPORATIVO,TRANSACOES_FINANCEIRAS,27545,84207093779c02196c44556346203be06f6936efdee51307acc2f0ef44ee1d98
TR-27546,2025-03-21,2025-03-01,RH,1000138,DESPESA,3818.4040945625616,3818.4040945625616,BRL,Campanha institucional - RH,4,BOLETO,PAGO,e6288577-83de-45f9-9cb7-fa62004b89b9,2025-04-05,ERP_CORPORATIVO,TRANSACOES_FINANCEIRAS,27546,df12a4935983bc59486ec8a2a642d70411af2c603077b6ca495222a19c9d5fb9
TR-27547,2025-03-27,2025-03-01,PJT,1000138,RECEITA,3836.36950985188,3680.5140525496768,BRL,Serviço especializado solicitado por PJT,1,PIX,PAGO,e6288577-83de-45f9-9cb7-fa62004b89b9,2025-04-05,ERP_CORPORATIVO,TRANSACOES_FINANCEIRAS,27547,c2a82e48a83f179d0545cf546538f8a0489f0faefa0ea31e8f838fb0de595c27
TR-27548,2025-03-25,2025-03-01,FIN,1000138,DESPESA,3287.360373252561,3287.360373252561,BRL,Serviços contábeis externos - FIN,25,PIX,PAGO,e6288577-83de-45f9-9cb7-fa62004b89b9,2025-04-05,ERP_CORPORATIVO,TRANSACOES_FINANCEIRAS,27548,7a9a2c6f7e3cf37b24bb32b9adda8447d9bea34e09da3e3ccd8ec7e750080b02
TR-27549,2025-03-10,2025-03-01,RH,1000138,RECEITA,3809.4050513809802,3809.4050513809802,BRL,Compra de insumos para setor RH,2,PIX,PAGO,e6288577-83de-45f9-9cb7-fa62004b89b9,2025-04-05,ERP_CORPORATIVO,TRANSACOES_FINANCEIRAS,27549,c0b43a4d8e775c22cd9a01ed1392e6e698964a04adb1050ff058ae55cf22851f
TR-27550,2025-03-17,2025-03-01,PJT,1000138,DESPESA,3788.52107211926,3734.6472404664323,USD,Custo operacional associado a PJT,8,TED,PAGO,e6288577-83de-45f9-9cb7-fa62004b89b9,2025-04-05,ERP_CORPORATIVO,TRANSACOES_FINANCEIRAS,27550,dcc4ef55ce786d91bc5910dc9407573b40a71a3e17cf70040c952767a12b960d
TR-27551,2025-03-12,2025-03-01,QAS,1000138,DESPESA,3959.7542928784783,3845.376300893384,BRL,Custo operacional associado a QAS,8,TRANSFERENCIA,PAGO,e6288577-83de-45f9-9cb7-fa62004b89b9,2025-04-05,ERP_CORPORATIVO,TRANSACOES_FINANCEIRAS,27551,9890a2f7101cd15c808f6eb5443301c211cfeade0a03972b291eb4d01bb6a9ee
TR-27552,2025-03-17,2025-03-01,VND,1000138,DESPESA,3686.7986093436257,3686.7986093436257,BRL,Taxas bancárias incidentes em VND,22,BOLETO,PAGO,e6288577-83de-45f9-9cb7-fa62004b89b9,2025-04-05,ERP_CORPORATIVO,TRANSACOES_FINANCEIRAS,27552,852e184429960471f19b1c971f6df2ba8bf08f0e8485c0db748c844d44917fc7
TR-27553,2025-03-05,2025-03-01,TI,1000138,RECEITA,3551.7166679800875,3551.7166679800875,BRL,Comissão recebida por TI,33,BOLETO,PAGO,e6288577-83de-45f9-9cb7-fa62004b89b9,2025-04-05,ERP_CORPORATIVO,TRANSACOES_FINANCEIRAS,27553,3161d15275e829cda68227676bf19c80113c0f0c1be61ca539a799cbd9fc5fff
TR-27554,2025-03-14,2025-03-01,ATD,1000138,DESPESA,4143.403299079869,3944.7332846943045,BRL,Despesa de RH - ATD,6,BOLETO,PAGO,e6288577-83de-45f9-9cb7-fa62004b89b9,2025-04-05,ERP_CORPORATIVO,TRANSACOES_FINANCEIRAS,27554,4ed752a4c10895d250e098ebd3d7f089b7d6f3b20a1c4cf466a38488aba74157
TR-27555,2025-03-17,2025-03-01,COMP,1000138,DESPESA,3318.7684803753395,3318.7684803753395,BRL,Despesa jurídica da área COMP,24,CARTAO,PAGO,e6288577-83de-45f9-9cb7-fa62004b89b9,2025-04-05,ERP_CORPORATIVO,TRANSACOES_FINANCEIRAS,27555,c8f01c6849fcb3e36c7a67e2db85d48e7b4f8b33f7d407ae13fe48e5739bf312
TR-27556,2025-03-18,2025-03-01,RH,1000138,RECEITA,3267.414382719335,3267.414382719335,BRL,Receita de comissão comercial - RH,33,PIX,PAGO,e6288577-83de-45f9-9cb7-fa62004b89b9,2025-04-05,ERP_CORPORATIVO,TRANSACOES_FINANCEIRAS,27556,40e0d1ea8628ada8e7456a72ec6ed57dffb0bc650467bd51cba709bcef04b934
TR-27557,2025-03-17,2025-03-01,RH,1000138,RECEITA,3311.291745797041,3311.291745797041,BRL,Honorários profissionais contratados por RH,11,BOLETO,PAGO,e6288577-83de-45f9-9cb7-fa62004b89b9,2025-04-05,ERP_CORPORATIVO,TRANSACOES_FINANCEIRAS,27557,4afc292e0fc3fc9ce8a1401cfaa764eefde3fbf9b65e96b4b563cf623748ad0a
TR-27558,2025-03-03,2025-03-01,OP,1000138,DESPESA,3880.7250956090925,3880.7250956090925,BRL,Despesa de infraestrutura - OP,3,BOLETO,PAGO,e6288577-83de-45f9-9cb7-fa62004b89b9,2025-04-05,ERP_CORPORATIVO,TRANSACOES_FINANCEIRAS,27558,0c0cfba2d371007eb957cb32bd48f8ee4e55bbbead6e8a86f770a2f9f7285518
TR-27559,2025-03-13,2025-03-01,TI,1000138,DESPESA,3487.252953768005,3487.252953768005,BRL,Suporte técnico para sistemas de TI,29,PIX,PAGO,e6288577-83de-45f9-9cb7-fa62004b89b9,2025-04-05,ERP_CORPORATIVO,TRANSACOES_FINANCEIRAS,27559,f2cf890476d68f11d0a902cb4ecf738f920279acfdde1fe096e2e63065dfe3e4
TR-27833,2025-03-17,2025-03-01,COMP,ACC-00140,DESPESA,2624.756269471642,2624.756269471642,BRL,Serviços contábeis externos - COMP,25,BOLETO,PAGO,e6288577-83de-45f9-9cb7-fa62004b89b9,2025-04-05,ERP_CORPORATIVO,TRANSACOES_FINANCEIRAS,27833,ffc0211ff436472a0234b7f4e9de280a5d143e99d2f7199ce65d08b26a835a1f
TR-27834,2025-03-20,2025-03-01,OP,ACC-00140,RECEITA,2974.7670542077967,2974.7670542077967,BRL,Despesa de infraestrutura - OP,3,PIX,ATRASADO,e6288577-83de-45f9-9cb7-fa62004b89b9,2025-04-05,ERP_CORPORATIVO,TRANSACOES_FINANCEIRAS,27834,cf04e256f223a82a2e5f08c7759ccb53c3b75b5f2207d67703eae849eeb8321d
TR-27835,2025-03-04,2025-03-01,MKT,ACC-00140,DESPESA,3019.8105125252446,3019.8105125252446,BRL,Contrato de serviço - setor MKT,1,PIX,PAGO,e6288577-83de-45f9-9cb7-fa62004b89b9,2025-04-05,ERP_CORPORATIVO,TRANSACOES_FINANCEIRAS,27835,5b00bed8c0b62e33a1a4ac6fca5153fadd3018824bb4bc6d657464ce30140879
TR-27836,2025-03-14,2025-03-01,TI,ACC-00140,DESPESA,2973.6772910346153,2973.6772910346153,BRL,Despesa de infraestrutura - TI,3,BOLETO,CANCELADO,e6288577-83de-45f9-9cb7-fa62004b89b9,2025-04-05,ERP_CORPORATIVO,TRANSACOES_FINANCEIRAS,27836,f5f2a2d3d91860e4eaf392246d467d39625e9623c6c08f179658dc5fc50e2c9e
TR-27837,2025-03-18,2025-03-01,COM,ACC-00140,DESPESA,2740.5127822376758,2740.5127822376758,BRL,Imposto sobre venda apurado em COM,40,PIX,ATRASADO,e6288577-83de-45f9-9cb7-fa62004b89b9,2025-04-05,ERP_CORPORATIVO,TRANSACOES_FINANCEIRAS,27837,2669bd3126bc1aa77ceaa3a95efd10502e100f88c54b265ef4d74c39f0e872cb
TR-27838,2025-03-10,2025-03-01,RH,ACC-00140,DESPESA,3316.69906356935,3316.69906356935,BRL,Consultoria estratégica para área RH,12,BOLETO,PAGO,e6288577-83de-45f9-9cb7-fa62004b89b9,2025-04-05,ERP_CORPORATIVO,TRANSACOES_FINANCEIRAS,27838,4282ba8444acb72f175a3ebc0ce8847aa012715776b461077427e62890e23cff
TR-27839,2025-03-17,2025-03-01,QAS,ACC-00140,RECEITA,3140.934514126349,3140.934514126349,BRL,Honorários jurídicos - QAS,7,PIX,PAGO,e6288577-83de-45f9-9cb7-fa62004b89b9,2025-04-05,ERP_CORPORATIVO,TRANSACOES_FINANCEIRAS,27839,32b09a1067048d5698e19907cfe5a34ef1ae86f799a885914793a92a5e951e23
TR-27840,2025-03-13,2025-03-01,LOG,ACC-00140,RECEITA,2922.0525137053096,2922.0525137053096,BRL,Serviço técnico especializado para LOG,11,BOLETO,PAGO,e6288577-83de-45f9-9cb7-fa62004b89b9,2025-04-05,ERP_CORPORATIVO,TRANSACOES_FINANCEIRAS,27840,64f3fa63beed753b76b48128c9ee1352a0199c267f334348efedca8b5f614107
TR-27841,2025-03-03,2025-03-01,JUR,ACC-00140,DESPESA,2919.3741483499552,2919.3741483499552,BRL,Custo operacional associado a JUR,8,PIX,PAGO,e6288577-83de-45f9-9cb7-fa62004b89b9,2025-04-05,ERP_CORPORATIVO,TRANSACOES_FINANCEIRAS,27841,46dec690db4d78cff974624d55b84110e111349b3a2caed314baeac44e8e70e8
TR-27842,2025-03-27,2025-03-01,COM,ACC-00140,DESPESA,2752.0932698428696,2752.0932698428696,USD,Comissão recebida por COM,33,BOLETO,PAGO,e6288577-83de-45f9-9cb7-fa62004b89b9,2025-04-05,ERP_CORPORATIVO,TRANSACOES_FINANCEIRAS,27842,79019bfa60265aa81dbeccec0d2d32f3c628e19e7f3c44a2361847524910e65b
TR-27843,2025-03-21,2025-03-01,PES,ACC-00140,RECEITA,2784.0148792855102,2784.0148792855102,BRL,Despesa operacional - PES,8,TED,ATRASADO,e6288577-83de-45f9-9cb7-fa62004b89b9,2025-04-05,ERP_CORPORATIVO,TRANSACOES_FINANCEIRAS,27843,cccd71040be2fb2ce3b10fd2ed34773df233d2f133be1827b135556f1b8b5930
TR-27844,2025-03-05,2025-03-01,TI,ACC-00140,DESPESA,3427.605174382638,3427.605174382638,BRL,Manutenção estrutural vinculada à área TI,3,PIX,PAGO,e6288577-83de-45f9-9cb7-fa62004b89b9,2025-04-05,ERP_CORPORATIVO,TRANSACOES_FINANCEIRAS,27844,3a57dc613b0c889475787492276f0802ccc8f249fe16ca21f01f366ce7b85512
TR-27845,2025-03-14,2025-03-01,FIN,ACC-00140,RECEITA,2858.634703111108,2772.465800318342,BRL,Manutenção estrutural vinculada à área FIN,3,PIX,ATRASADO,e6288577-83de-45f9-9cb7-fa62004b89b9,2025-04-05,ERP_CORPORATIVO,TRANSACOES_FINANCEIRAS,27845,90d29a229d177baa3f84e2c17ecd4a74c3337c84bb80a0e02d492ccbf3f49876
TR-27846,2025-03-21,2025-03-01,TI,ACC-00140,DESPESA,3906.2105113299617,3906.2105113299617,BRL,Combustível e lubrificantes para frota (TI),16,BOLETO,PAGO,e6288577-83de-45f9-9cb7-fa62004b89b9,2025-04-05,ERP_CORPORATIVO,TRANSACOES_FINANCEIRAS,27846,4b103936e4765fe47390124207c7a0534a268066dda18ffa1f3c762d58c08233
TR-27847,2025-03-26,2025-03-01,JUR,ACC-00140,RECEITA,2638.502880354447,2638.502880354447,USD,Despesa operacional - JUR,8,TRANSFERENCIA,PAGO,e6288577-83de-45f9-9cb7-fa62004b89b9,2025-04-05,ERP_CORPORATIVO,TRANSACOES_FINANCEIRAS,27847,09b034ed934e95393b010e5ffacaebea8b2821cdbb1f76e72f4934dbf6dc3d61
TR-27848,2025-03-14,2025-03-01,FIN,ACC-00140,RECEITA,3074.2280565077767,3074.2280565077767,BRL,Combustível e lubrificantes para frota (FIN),16,PIX,PAGO,e6288577-83de-45f9-9cb7-fa62004b89b9,2025-04-05,ERP_CORPORATIVO,TRANSACOES_FINANCEIRAS,27848,e4b5634a2dc03c9d0eae63e41b4b72348e04d9e42c05eef7b55f081f57636462
TR-27849,2025-03-24,2025-03-01,COMP,ACC-00140,RECEITA,3030.71030383475,3030.71030383475,BRL,Contrato de serviço - setor COMP,1,TRANSFERENCIA,ATRASADO,e6288577-83de-45f9-9cb7-fa62004b89b9,2025-04-05,ERP_CORPORATIVO,TRANSACOES_FINANCEIRAS,27849,6774154d978175ba9ebd2a76a579a90770f8739e36106a0665aa61ef6cd77582
TR-27850,2025-03-18,2025-03-01,OP,ACC-00140,RECEITA,2973.6841687906563,2930.7829670543233,BRL,Receita de comissão comercial - OP,33,TED,PAGO,e6288577-83de-45f9-9cb7-fa62004b89b9,2025-04-05,ERP_CORPORATIVO,TRANSACOES_FINANCEIRAS,27850,cf3172d1cc60262d276f2de1ba41c4245d9d93fafaede721630e8cc7c3803ba2
TR-27851,2025-03-07,2025-03-01,RH,ACC-00140,DESPESA,2526.837608217301,2526.837608217301,BRL,Serviços contábeis externos - RH,25,BOLETO,PAGO,e6288577-83de-45f9-9cb7-fa62004b89b9,2025-04-05,ERP_CORPORATIVO,TRANSACOES_FINANCEIRAS,27851,6b9efc19768aa93ee81c368ade3ef51792fdddbc2438cf7a4d331ce054fc6a8e
TR-27852,2025-03-21,2025-03-01,ATD,ACC-00140,DESPESA,2583.2637990406943,2583.2637990406943,BRL,Renovação de certificados digitais - ATD,26,BOLETO,PAGO,e6288577-83de-45f9-9cb7-fa62004b89b9,2025-04-05,ERP_CORPORATIVO,TRANSACOES_FINANCEIRAS,27852,40b806e71a6face28317ac2e34c681bd02ea1c6b34a04316f8db26573182b85d
TR-27853,2025-03-20,2025-03-01,TI,ACC-00140,RECEITA,3021.4401393360113,3021.4401393360113,BRL,Doação recebida em favor de TI,36,TRANSFERENCIA,PAGO,e6288577-83de-45f9-9cb7-fa62004b89b9,2025-04-05,ERP_CORPORATIVO,TRANSACOES_FINANCEIRAS,27853,786818e6140a9e7028793a88d0bd9667117c9a25abbbc72cc6bf73446ef13ef4
TR-27854,2025-03-12,2025-03-01,ADM,ACC-00140,DESPESA,2674.5202869980894,2674.5202869980894,BRL,Direitos de propriedade intelectual - ADM,32,PIX,PAGO,e6288577-83de-45f9-9cb7-fa62004b89b9,2025-04-05,ERP_CORPORATIVO,TRANSACOES_FINANCEIRAS,27854,9641cd3a601eb0d68f9f4a0a7e27ffff7c1e1ae83d7c47e24875de6cec4f7048
TR-28232,2025-03-05,2025-03-01,SEC,FORN-00142,DESPESA,3474.733472974441,3407.990876302956,BRL,Compra de insumos para setor SEC,2,BOLETO,PAGO,e6288577-83de-45f9-9cb7-fa62004b89b9,2025-04-05,ERP_CORPORATIVO,TRANSACOES_FINANCEIRAS,28232,4756ba43f4c3ef2548bed421086289a4307e63eecaf158277ed5e8ab3c690524
TR-28233,2025-03-12,2025-03-01,QAS,FORN-00142,RECEITA,4926.111291166227,4820.651764771594,BRL,Publicidade institucional - QAS,13,PIX,PAGO,e6288577-83de-45f9-9cb7-fa62004b89b9,2025-04-05,ERP_CORPORATIVO,TRANSACOES_FINANCEIRAS,28233,4347063b1aa76ea3e7ba060cdaf8d0411dc2deb80d9c5649b4b2ad273dbf1829
TR-28234,2025-03-19,2025-03-01,QAS,FORN-00142,DESPESA,4377.058509464592,4377.058509464592,BRL,Assessoria contábil prestada a QAS,25,TED,PAGO,e6288577-83de-45f9-9cb7-fa62004b89b9,2025-04-05,ERP_CORPORATIVO,TRANSACOES_FINANCEIRAS,28234,1fd13b5d27cbce33b2a01a9500f48668bedc3bd37f0a61770db3b2bfaa44e447
TR-28235,2025-03-20,2025-03-01,SEC,FORN-00142,RECEITA,1537.9999578666534,1537.9999578666534,BRL,Manutenção de equipamentos de SEC,28,TRANSFERENCIA,PAGO,e6288577-83de-45f9-9cb7-fa62004b89b9,2025-04-05,ERP_CORPORATIVO,TRANSACOES_FINANCEIRAS,28235,61ae6d29f31081a1266bd9298df271c03e54f6e6ecf2b125e66a7ef6e00cdfce
TR-28236,2025-03-17,2025-03-01,RH,FORN-00142,RECEITA,4048.721938796732,4048.721938796732,BRL,Comissão recebida por RH,33,CARTAO,PAGO,e6288577-83de-45f9-9cb7-fa62004b89b9,2025-04-05,ERP_CORPORATIVO,TRANSACOES_FINANCEIRAS,28236,cbd1d67c455000527aabf56e78324335f51dcd91c9f99123c34b7e783f9a465c
TR-28237,2025-03-10,2025-03-01,JUR,FORN-00142,RECEITA,3959.8263931350734,3886.3184041831746,BRL,Aquisição de material operacional - JUR,2,BOLETO,PAGO,e6288577-83de-45f9-9cb7-fa62004b89b9,2025-04-05,ERP_CORPORATIVO,TRANSACOES_FINANCEIRAS,28237,817bd86acb4e22dc5aa3de9a10972a44b412e0729083428e45b5691ecc74caed
TR-28302,2025-03-31,2025-03-01,COM,1000142,DESPESA,3883.766358509097,3883.766358509097,BRL,Custo operacional associado a COM,8,PIX,PAGO,e6288577-83de-45f9-9cb7-fa62004b89b9,2025-04-05,ERP_CORPORATIVO,TRANSACOES_FINANCEIRAS,28302,38cd82aeb2d8b78701d57fbda5591cf3f0e507a24c4de4a1b6d636356dfb6e73
TR-28528,2025-03-17,2025-03-01,FIN,FORN-00144,RECEITA,3528.716170418156,3528.716170418156,BRL,Contrato de serviço - setor FIN,1,BOLETO,PAGO,e6288577-83de-45f9-9cb7-fa62004b89b9,2025-04-05,ERP_CORPORATIVO,TRANSACOES_FINANCEIRAS,28528,fa36264c3917f05066028398afe8a58743f1f6382c0b533e62fc16fbf57985e5
TR-28529,2025-03-17,2025-03-01,COMP,FORN-00144,RECEITA,1027.1909376757385,1027.1909376757385,BRL,Serviço especializado solicitado por COMP,1,PIX,PAGO,e6288577-83de-45f9-9cb7-fa62004b89b9,2025-04-05,ERP_CORPORATIVO,TRANSACOES_FINANCEIRAS,28529,ee59b16a1d5cd2d7e40fa7e063f8459bcc40e4a803c7a67a933b04d1cbc6267b
TR-28530,2025-03-24,2025-03-01,ADM,FORN-00144,RECEITA,1019.5073525449453,1019.5073525449453,BRL,Campanha institucional - ADM,4,BOLETO,PAGO,e6288577-83de-45f9-9cb7-fa62004b89b9,2025-04-05,ERP_CORPORATIVO,TRANSACOES_FINANCEIRAS,28530,69660bfa588b205ff76d5089abfd57ed036d9e335b70b9da6490cd86143fa557
TR-28531,2025-03-24,2025-03-01,RH,FORN-00144,DESPESA,1329.649793664964,1267.6165877095027,BRL,Doação recebida em favor de RH,36,TRANSFERENCIA,PAGO,e6288577-83de-45f9-9cb7-fa62004b89b9,2025-04-05,ERP_CORPORATIVO,TRANSACOES_FINANCEIRAS,28531,f396f6f92b7b424a68de01ef306148f13a9dd7b5d316a58333f263337c639e56
TR-28532,2025-03-11,2025-03-01,CTB,FORN-00144,RECEITA,1322.761351746775,1298.1653877243286,BRL,Compra de insumos para setor CTB,2,PIX,CANCELADO,e6288577-83de-45f9-9cb7-fa62004b89b9,2025-04-05,ERP_CORPORATIVO,TRANSACOES_FINANCEIRAS,28532,e0e2dc5aa5481f388e0aab4c358f947ab7c1e1554a4bc5424340540895639d0d
TR-28533,2025-03-18,2025-03-01,SEC,FORN-00144,RECEITA,1186.667800179317,1186.667800179317,BRL,Compra de insumos para setor SEC,2,TRANSFERENCIA,PAGO,e6288577-83de-45f9-9cb7-fa62004b89b9,2025-04-05,ERP_CORPORATIVO,TRANSACOES_FINANCEIRAS,28533,84549117df6a9477d9fb719e68e9da03b117792e43fbce6b3e9c572b0ec383f0
TR-28534,2025-03-28,2025-03-01,MKT,FORN-00144,DESPESA,1104.220763780483,1104.220763780483,BRL,Honorários profissionais contratados por MKT,11,TED,PAGO,e6288577-83de-45f9-9cb7-fa62004b89b9,2025-04-05,ERP_CORPORATIVO,TRANSACOES_FINANCEIRAS,28534,8e8aa5f6cb40b53588bfb52b0b44b03594af3dd296664a6613021407cb6512fb
TR-28535,2025-03-10,2025-03-01,OP,FORN-00144,DESPESA,1105.4103342870449,1083.597470900479,BRL,Contrato de serviço - setor OP,1,PIX,ATRASADO,e6288577-83de-45f9-9cb7-fa62004b89b9,2025-04-05,ERP_CORPORATIVO,TRANSACOES_FINANCEIRAS,28535,42d60727c1505ec4a2a410fba7d01c7880af710938246208509d4ca0b465738c
TR-28536,2025-03-10,2025-03-01,FIN,FORN-00144,DESPESA,1432.4309080744665,1368.2701982707902,BRL,Tributo incidente sobre receita de FIN,40,BOLETO,PAGO,e6288577-83de-45f9-9cb7-fa62004b89b9,2025-04-05,ERP_CORPORATIVO,TRANSACOES_FINANCEIRAS,28536,3f5adf7824e6413168cea3d003844338203cb83116e92765afffd3b49da23a0c
TR-28537,2025-03-05,2025-03-01,PJT,FORN-00144,DESPESA,1157.296031201227,1109.5617535543215,BRL,Contrato de conectividade para área PJT,9,PIX,ATRASADO,e6288577-83de-45f9-9cb7-fa62004b89b9,2025-04-05,ERP_CORPORATIVO,TRANSACOES_FINANCEIRAS,28537,90946c53ff537e401437b3d7cab8576f20958e1c703d07fd861158bda4eb850a
TR-28538,2025-03-18,2025-03-01,FIN,FORN-00144,RECEITA,1208.6099400463556,1208.6099400463556,BRL,Serviço relacionado a recursos humanos (FIN),6,TED,PAGO,e6288577-83de-45f9-9cb7-fa62004b89b9,2025-04-05,ERP_CORPORATIVO,TRANSACOES_FINANCEIRAS,28538,d0e407243545e38daeaebfc2b11b8521764170b5ce929b471e9ae74c22504eed
TR-28539,2025-03-19,2025-03-01,PRD,FORN-00144,DESPESA,1117.583535255007,1117.583535255007,BRL,Devolução de venda processada por PRD,39,CARTAO,PAGO,e6288577-83de-45f9-9cb7-fa62004b89b9,2025-04-05,ERP_CORPORATIVO,TRANSACOES_FINANCEIRAS,28539,047e25e47251ed76d0a4704cd43fd6627dcacd19ccfe3565c0647a3d2015b564
TR-28854,2025-03-27,2025-03-01,TI,FORN-00145,DESPESA,1308.500620264225,1308.500620264225,BRL,Encargos de empréstimo vinculados a TI,23,BOLETO,ATRASADO,e6288577-83de-45f9-9cb7-fa62004b89b9,2025-04-05,ERP_CORPORATIVO,TRANSACOES_FINANCEIRAS,28854,fb9710b39047596f675d7877c30e0114070c498a273c5322904739aee140a898
TR-28855,2025-03-10,2025-03-01,MKT,FORN-00145,DESPESA,1172.4316033857804,1172.4316033857804,BRL,Recebimento de subvenção - MKT,36,BOLETO,PAGO,e6288577-83de-45f9-9cb7-fa62004b89b9,2025-04-05,ERP_CORPORATIVO,TRANSACOES_FINANCEIRAS,28855,8a57191af9df1bfb093f3d778228896b47fef39756270b9bcc2737c07928090e
TR-28856,2025-03-17,2025-03-01,COM,FORN-00145,DESPESA,1041.4286394598273,1010.6764716214587,USD,Compra de insumos para setor COM,2,TED,PAGO,e6288577-83de-45f9-9cb7-fa62004b89b9,2025-04-05,ERP_CORPORATIVO,TRANSACOES_FINANCEIRAS,28856,1a23c9833b9d15fc6923e8b59b2513b33c89368d861ab75c6ebe65340e88d484
TR-28857,2025-03-11,2025-03-01,COMP,FORN-00145,DESPESA,1409.6898277296157,1379.9568906121604,BRL,Despesa operacional - COMP,8,PIX,PAGO,e6288577-83de-45f9-9cb7-fa62004b89b9,2025-04-05,ERP_CORPORATIVO,TRANSACOES_FINANCEIRAS,28857,df2384c2703467e2daca7c713e9ef62bf495115bf63ba14cfdca704543247e40
TR-28858,2025-03-17,2025-03-01,JUR,FORN-00145,DESPESA,1133.0473521433,1082.0410615496578,BRL,Serviço de tecnologia contratado por JUR,5,PIX,PAGO,e6288577-83de-45f9-9cb7-fa62004b89b9,2025-04-05,ERP_CORPORATIVO,TRANSACOES_FINANCEIRAS,28858,b5852ccbf3fbe26f2e5315211e29e17dc6399594b5e1b6bfb774d552e14aab55
TR-28859,2025-03-10,2025-03-01,RH,FORN-00145,RECEITA,971.3836237404488,955.3819484688768,BRL,Doação recebida em favor de RH,36,CARTAO,PAGO,e6288577-83de-45f9-9cb7-fa62004b89b9,2025-04-05,ERP_CORPORATIVO,TRANSACOES_FINANCEIRAS,28859,761c7b649b4081794222d138f05d02c1c8dae89b3027f16789721c1c3d96822f
TR-28860,2025-03-17,2025-03-01,CTB,FORN-00145,DESPESA,1165.4064713340617,1165.4064713340617,BRL,Investimento em marketing corporativo (CTB),4,BOLETO,PAGO,e6288577-83de-45f9-9cb7-fa62004b89b9,2025-04-05,ERP_CORPORATIVO,TRANSACOES_FINANCEIRAS,28860,b16557838cb4ee7cf019b1bc420fd7b75724edd1d96e504b787ecaf896ceea33
TR-28861,2025-03-25,2025-03-01,CTB,FORN-00145,DESPESA,1284.4703740059515,1230.4289977290757,BRL,Despesa operacional - CTB,8,PIX,PAGO,e6288577-83de-45f9-9cb7-fa62004b89b9,2025-04-05,ERP_CORPORATIVO,TRANSACOES_FINANCEIRAS,28861,233e292c110617c2b4195dd6008417045030ee55c8b4b8fa00de58c2dc9b8363
TR-28862,2025-03-26,2025-03-01,MKT,FORN-00145,DESPESA,1303.86745924919,1303.86745924919,BRL,Investimento em marketing corporativo (MKT),4,BOLETO,CANCELADO,e6288577-83de-45f9-9cb7-fa62004b89b9,2025-04-05,ERP_CORPORATIVO,TRANSACOES_FINANCEIRAS,28862,a2b11125b3fe83c19cab57407d1c5accef35998a4caad1a4fa27654acc1fd0ad
TR-29010,2025-03-27,2025-03-01,OP,1000145,RECEITA,8384.66597886528,8384.66597886528,USD,Compra de insumos para setor OP,2,BOLETO,PAGO,e6288577-83de-45f9-9cb7-fa62004b89b9,2025-04-05,ERP_CORPORATIVO,TRANSACOES_FINANCEIRAS,29010,84d83a9f1333058524028d42643572be4f55ce1127b78b7eb013fe1d339fc06e
TR-29011,2025-03-26,2025-03-01,FIN,1000145,RECEITA,3123.9389895430427,3123.9389895430427,BRL,Contrato de SaaS vinculado a FIN,27,PIX,PAGO,e6288577-83de-45f9-9cb7-fa62004b89b9,2025-04-05,ERP_CORPORATIVO,TRANSACOES_FINANCEIRAS,29011,2651f9068260d701bc95e7ffb1b941a693f687e4a05cd8c855093489bab7b579
TR-29012,2025-03-28,2025-03-01,CPT,1000145,DESPESA,3623.22647068078,3623.22647068078,BRL,Campanha institucional - CPT,4,BOLETO,ATRASADO,e6288577-83de-45f9-9cb7-fa62004b89b9,2025-04-05,ERP_CORPORATIVO,TRANSACOES_FINANCEIRAS,29012,6b91ace70d01864fd9709a66657218eba522ca9ca8497ae9bc5f0acad351e41b
TR-29013,2025-03-10,2025-03-01,PJT,1000145,DESPESA,4299.078860379761,4299.078860379761,BRL,Viagem corporativa - PJT,18,PIX,PAGO,e6288577-83de-45f9-9cb7-fa62004b89b9,2025-04-05,ERP_CORPORATIVO,TRANSACOES_FINANCEIRAS,29013,9d30c3c11766e34c59b8aaeed3b15f1048bdd429a87d5ea712b0e9bfe1e8676a
TR-29014,2025-03-12,2025-03-01,PES,1000145,RECEITA,3280.031812835612,3280.031812835612,BRL,Serviço de tecnologia contratado por PES,5,BOLETO,ATRASADO,e6288577-83de-45f9-9cb7-fa62004b89b9,2025-04-05,ERP_CORPORATIVO,TRANSACOES_FINANCEIRAS,29014,728f996fe4f2ef13d89cd7a1b69f6b82aab0f4d7112d30dbd0b87dd1412a2b89
TR-29015,2025-03-28,2025-03-01,COMP,1000145,RECEITA,3592.4822708925994,3592.4822708925994,BRL,Compra de insumos para setor COMP,2,PIX,PAGO,e6288577-83de-45f9-9cb7-fa62004b89b9,2025-04-05,ERP_CORPORATIVO,TRANSACOES_FINANCEIRAS,29015,ac65c3aa512806140103ff0a22749dee5b665d5901e578191e4ae8fe7b2f3eaf
TR-29016,2025-03-18,2025-03-01,VND,1000145,DESPESA,3500.179723313857,3500.179723313857,BRL,Contrato de SaaS vinculado a VND,27,TED,PAGO,e6288577-83de-45f9-9cb7-fa62004b89b9,2025-04-05,ERP_CORPORATIVO,TRANSACOES_FINANCEIRAS,29016,fd8d2e204edb2949b62ca6658f580ec17e4e995c4467f236272833ca6082fee2
TR-29017,2025-03-13,2025-03-01,MKT,1000145,RECEITA,3296.7881751922264,3296.7881751922264,BRL,Hospedagem em viagem a serviço de MKT,19,PIX,PAGO,e6288577-83de-45f9-9cb7-fa62004b89b9,2025-04-05,ERP_CORPORATIVO,TRANSACOES_FINANCEIRAS,29017,2dda0ad9c3afe893dd39ef855072c38b07ccb6ae46c1a47eb4b3064809cb67cf
TR-29018,2025-03-17,2025-03-01,FIN,1000145,RECEITA,3708.6094636666526,3708.6094636666526,BRL,Encargos de empréstimo vinculados a FIN,23,PIX,PAGO,e6288577-83de-45f9-9cb7-fa62004b89b9,2025-04-05,ERP_CORPORATIVO,TRANSACOES_FINANCEIRAS,29018,39186c653f0cd7066eec75180c799b464a95f2214ff2a98e755ff4393edd5d30
TR-29019,2025-03-24,2025-03-01,MKT,1000145,RECEITA,3703.5456421045405,3703.5456421045405,BRL,Venda de ativo imobilizado por MKT,35,PIX,ATRASADO,e6288577-83de-45f9-9cb7-fa62004b89b9,2025-04-05,ERP_CORPORATIVO,TRANSACOES_FINANCEIRAS,29019,916d89ce19928d7ef0ca4e2b58cfa6ab079d0d84c3e73359cbb6c6738de4bb74
TR-29020,2025-03-19,2025-03-01,FIN,1000145,DESPESA,3238.2957914925196,3238.2957914925196,BRL,Custo operacional associado a FIN,8,PIX,ATRASADO,e6288577-83de-45f9-9cb7-fa62004b89b9,2025-04-05,ERP_CORPORATIVO,TRANSACOES_FINANCEIRAS,29020,b42188476bdbb41dc6c71abc541c4caa041f1729a916fb272b9652bd094be742
TR-29021,2025-03-12,2025-03-01,MKT,1000145,RECEITA,3948.469965178439,3948.469965178439,BRL,Licenciamento de software - MKT,5,PIX,PAGO,e6288577-83de-45f9-9cb7-fa62004b89b9,2025-04-05,ERP_CORPORATIVO,TRANSACOES_FINANCEIRAS,29021,0d473766096cde4276f99a5047bac3a80ac8c3ae216a6d9fec526360507f5e28
TR-29022,2025-03-07,2025-03-01,PJT,1000145,DESPESA,3424.982595543104,3424.982595543104,BRL,Despesa de infraestrutura - PJT,3,TRANSFERENCIA,PAGO,e6288577-83de-45f9-9cb7-fa62004b89b9,2025-04-05,ERP_CORPORATIVO,TRANSACOES_FINANCEIRAS,29022,c9b14357658592bf9a734bd5e5169861aee1882df0fffdc40fc9ae627fb05889
TR-29023,2025-03-17,2025-03-01,COM,1000145,DESPESA,3809.8295553388034,3809.8295553388034,BRL,Custo operacional associado a COM,8,PIX,CANCELADO,e6288577-83de-45f9-9cb7-fa62004b89b9,2025-04-05,ERP_CORPORATIVO,TRANSACOES_FINANCEIRAS,29023,12be516dd375eed554744236c7dca542ff7298e715782be7cb03fb1c64a7f7cb
TR-29216,2025-03-17,2025-03-01,RH,FORN-00147,RECEITA,6126.858591535409,6126.858591535409,BRL,Despesa de refeição em deslocamento (RH),20,BOLETO,PAGO,e6288577-83de-45f9-9cb7-fa62004b89b9,2025-04-05,ERP_CORPORATIVO,TRANSACOES_FINANCEIRAS,29216,f28e8f68e8296960279b2f27f4a203aadc72e6b41af051ab416e0f20b03c8e61
TR-29217,2025-03-12,2025-03-01,COMP,FORN-00147,DESPESA,7477.334629500158,7477.334629500158,BRL,Despesa operacional - COMP,8,TED,PAGO,e6288577-83de-45f9-9cb7-fa62004b89b9,2025-04-05,ERP_CORPORATIVO,TRANSACOES_FINANCEIRAS,29217,0be08ac453d181667b25b3acc69adfd7868d7867068fae2a32ca5b2cb48ce434
TR-29218,2025-03-17,2025-03-01,OP,FORN-00147,DESPESA,20656.82111926498,20656.82111926498,BRL,Manutenção de equipamentos de OP,28,BOLETO,PAGO,e6288577-83de-45f9-9cb7-fa62004b89b9,2025-04-05,ERP_CORPORATIVO,TRANSACOES_FINANCEIRAS,29218,84e1b1948e5a0190f114326f4efbd8810425c2d3b178df8dcc7071b811e0e469
TR-29219,2025-03-24,2025-03-01,PES,FORN-00147,DESPESA,5568.78071223117,5314.33742324228,BRL,Aquisição de material operacional - PES,2,TED,PAGO,e6288577-83de-45f9-9cb7-fa62004b89b9,2025-04-05,ERP_CORPORATIVO,TRANSACOES_FINANCEIRAS,29219,e2d62004b493b67c6d45025a4f7272cfdd30cfdb112ed1baa1a586b663993186
TR-29220,2025-03-21,2025-03-01,OP,FORN-00147,DESPESA,7451.838092290398,7451.838092290398,BRL,Despesa de infraestrutura - OP,3,BOLETO,PAGO,e6288577-83de-45f9-9cb7-fa62004b89b9,2025-04-05,ERP_CORPORATIVO,TRANSACOES_FINANCEIRAS,29220,d5500fd1056be6f54700c3acad534cff73a27b941b356a30a44bfeddfe417cba
TR-29221,2025-03-12,2025-03-01,COM,FORN-00147,DESPESA,6638.915613195437,6638.915613195437,USD,Tarifas de serviços financeiros - COM,22,PIX,PAGO,e6288577-83de-45f9-9cb7-fa62004b89b9,2025-04-05,ERP_CORPORATIVO,TRANSACOES_FINANCEIRAS,29221,2aaf9fcdaacd22040db77a9a7e884851a9f4468cdb6426c65ddfe3d202d18006
TR-29222,2025-03-10,2025-03-01,OP,FORN-00147,DESPESA,6206.747807972492,6206.747807972492,BRL,Campanha institucional - OP,4,TED,PAGO,e6288577-83de-45f9-9cb7-fa62004b89b9,2025-04-05,ERP_CORPORATIVO,TRANSACOES_FINANCEIRAS,29222,333f75914f551b850d25340c6a2c2d77a3538a913e6aaabd93944e54514da127
TR-29223,2025-03-17,2025-03-01,OP,FORN-00147,DESPESA,6745.2212458628355,6430.52535554609,BRL,Apólice de seguro - OP,21,TRANSFERENCIA,PAGO,e6288577-83de-45f9-9cb7-fa62004b89b9,2025-04-05,ERP_CORPORATIVO,TRANSACOES_FINANCEIRAS,29223,e112cacc2a68201d8c8de11d124f05b36d1e0f5e6aadf9ce099c412e9720a206
TR-29224,2025-03-05,2025-03-01,MKT,FORN-00147,RECEITA,6433.0972829887305,6203.45873575,BRL,Despesa de infraestrutura - MKT,3,TED,ATRASADO,e6288577-83de-45f9-9cb7-fa62004b89b9,2025-04-05,ERP_CORPORATIVO,TRANSACOES_FINANCEIRAS,29224,ea68c808f1447298531d014b1ae37c3652faa163e391183a34c99e4355d50d08
TR-29366,2025-03-20,2025-03-01,TI,1000147,DESPESA,4029.8848665584514,4029.8848665584514,BRL,Despesa operacional - TI,8,CARTAO,PAGO,e6288577-83de-45f9-9cb7-fa62004b89b9,2025-04-05,ERP_CORPORATIVO,TRANSACOES_FINANCEIRAS,29366,7a87a6b7364468a89e74c38c64e31899fcd72367989ed2d858d58e6b70c2fe67
TR-29367,2025-03-27,2025-03-01,JUR,1000147,RECEITA,4093.7934834270304,4093.7934834270304,BRL,Diária de hotel para equipe JUR,19,CARTAO,PAGO,e6288577-83de-45f9-9cb7-fa62004b89b9,2025-04-05,ERP_CORPORATIVO,TRANSACOES_FINANCEIRAS,29367,6ae94e0008996869ade481c8adbec1d8bb554d32a8a8f0658c451a12e4b7b6d0
TR-29368,2025-03-10,2025-03-01,QAS,1000147,DESPESA,4653.958733482651,4653.958733482651,BRL,Passagem aérea para colaborador de QAS,18,BOLETO,PAGO,e6288577-83de-45f9-9cb7-fa62004b89b9,2025-04-05,ERP_CORPORATIVO,TRANSACOES_FINANCEIRAS,29368,ef88b4237efcda027006de55e29b6f488873caa81ce58ae79fbea1de76ec5f3e
TR-29369,2025-03-20,2025-03-01,PRD,1000147,DESPESA,4555.31784436597,4555.31784436597,BRL,Serviço especializado solicitado por PRD,1,TED,PAGO,e6288577-83de-45f9-9cb7-fa62004b89b9,2025-04-05,ERP_CORPORATIVO,TRANSACOES_FINANCEIRAS,29369,9e688e0ce396a7403defac719e227dc39a4d6c0e356b2164ac67ed5ac0d6c7a2
TR-29370,2025-03-13,2025-03-01,MKT,1000147,RECEITA,3592.0454073838896,3592.0454073838896,BRL,Evento corporativo organizado por MKT,14,PIX,PAGO,e6288577-83de-45f9-9cb7-fa62004b89b9,2025-04-05,ERP_CORPORATIVO,TRANSACOES_FINANCEIRAS,29370,6b01a271b1ae20733174dd6223f6e9a8c0fab3ff956eae060fa53bddf49a2e02
TR-29371,2025-03-13,2025-03-01,PRD,1000147,DESPESA,4486.9838964741375,4486.9838964741375,BRL,Prestação de serviço para área PRD,1,PIX,PAGO,e6288577-83de-45f9-9cb7-fa62004b89b9,2025-04-05,ERP_CORPORATIVO,TRANSACOES_FINANCEIRAS,29371,b1a4c42feba303c7a34750aeeb8e4f67a155d242773c75805972b55d2e47df77
TR-29372,2025-03-17,2025-03-01,SEC,1000147,RECEITA,4565.484593179619,4381.6421973976185,USD,Renovação de certificados digitais - SEC,26,TED,PAGO,e6288577-83de-45f9-9cb7-fa62004b89b9,2025-04-05,ERP_CORPORATIVO,TRANSACOES_FINANCEIRAS,29372,956c055c490e48f94d864201d6da1beb9d1d7191b3ec1fa46aeeaa7bae6a020b
TR-29373,2025-03-13,2025-03-01,COM,1000147,DESPESA,3353.161939436101,3353.161939436101,BRL,Custo operacional associado a COM,8,TED,PAGO,e6288577-83de-45f9-9cb7-fa62004b89b9,2025-04-05,ERP_CORPORATIVO,TRANSACOES_FINANCEIRAS,29373,798ba5b7fcb15a3ccfbf54dbe69fe80c41bbd8b319a0cf628473c5b3af9bea5f
TR-29374,2025-03-17,2025-03-01,TI,1000147,DESPESA,3988.9543751219953,3988.9543751219953,BRL,Serviço especializado solicitado por TI,1,CARTAO,PAGO,e6288577-83de-45f9-9cb7-fa62004b89b9,2025-04-05,ERP_CORPORATIVO,TRANSACOES_FINANCEIRAS,29374,1464a299813786f437fe0f91123b79768fa63311bdbcd3e05498784ac19c03e2
TR-29375,2025-03-17,2025-03-01,PJT,1000147,DESPESA,4193.234687217529,4193.234687217529,USD,Participação nos resultados vinculada a PJT,34,TED,PAGO,e6288577-83de-45f9-9cb7-fa62004b89b9,2025-04-05,ERP_CORPORATIVO,TRANSACOES_FINANCEIRAS,29375,97fb02f2fbd729eab7d6b534811cfe8c282964119bea44a0db3f37e9c2ab464a
TR-29376,2025-03-07,2025-03-01,COMP,1000147,DESPESA,3006.8111103508495,3006.8111103508495,BRL,Licenciamento de software - COMP,5,TRANSFERENCIA,CANCELADO,e6288577-83de-45f9-9cb7-fa62004b89b9,2025-04-05,ERP_CORPORATIVO,TRANSACOES_FINANCEIRAS,29376,97f3505f6f244ed43fb897cd0fe6f8c99f9dfcbe4cae23a66b41727b85f47269
TR-29377,2025-03-03,2025-03-01,MKT,1000147,RECEITA,3716.866599966212,3716.866599966212,BRL,Tarifas de serviços financeiros - MKT,22,BOLETO,PAGO,e6288577-83de-45f9-9cb7-fa62004b89b9,2025-04-05,ERP_CORPORATIVO,TRANSACOES_FINANCEIRAS,29377,1d4cc096995513278269c65439392ae52839f15af5d32a20a0e0f3647ea4a8ea
TR-29378,2025-03-05,2025-03-01,MKT,1000147,DESPESA,3703.7283371502976,3577.5517074338845,BRL,Compra de insumos para setor MKT,2,BOLETO,PAGO,e6288577-83de-45f9-9cb7-fa62004b89b9,2025-04-05,ERP_CORPORATIVO,TRANSACOES_FINANCEIRAS,29378,1adcc0574e3e8232578d3caeeef630cce6ad2db64e87aecaa9a5a446fb774dab
TR-29379,2025-03-18,2025-03-01,TI,1000147,DESPESA,3729.9939739015,3729.9939739015,BRL,Desconto concedido em operação de TI,38,BOLETO,ATRASADO,e6288577-83de-45f9-9cb7-fa62004b89b9,2025-04-05,ERP_CORPORATIVO,TRANSACOES_FINANCEIRAS,29379,ac4cd9628b948263c78233e6aa13b838871650796e56ae73ad64819f5413a553
TR-29656,2025-03-10,2025-03-01,QAS,ACC-00149,DESPESA,3312.3351411877984,3312.3351411877984,BRL,Prestação de serviço para área QAS,1,BOLETO,PAGO,e6288577-83de-45f9-9cb7-fa62004b89b9,2025-04-05,ERP_CORPORATIVO,TRANSACOES_FINANCEIRAS,29656,e81515061cb8e1e5522bdf87e168623bf16407f4e4a13f6dab43bc61a6074320
TR-29657,2025-03-18,2025-03-01,FIN,ACC-00149,RECEITA,3849.1589496629495,3740.4955032645594,BRL,Serviço especializado solicitado por FIN,1,TRANSFERENCIA,PAGO,e6288577-83de-45f9-9cb7-fa62004b89b9,2025-04-05,ERP_CORPORATIVO,TRANSACOES_FINANCEIRAS,29657,6d5f547d0f37f56f23d821515be05cd269fe270c868781881d11f1d1b7a31751
TR-29658,2025-03-28,2025-03-01,JUR,ACC-00149,RECEITA,4042.1892303815216,4042.1892303815216,BRL,Prestação de serviço para área JUR,1,BOLETO,PAGO,e6288577-83de-45f9-9cb7-fa62004b89b9,2025-04-05,ERP_CORPORATIVO,TRANSACOES_FINANCEIRAS,29658,7d390de819ff4ca5b0c03593212b330a1dc045df71a4c0b4512df6bda1933935
TR-29659,2025-03-20,2025-03-01,PRD,ACC-00149,RECEITA,4258.264503111042,4150.88652388357,BRL,Licença de software para área PRD,27,BOLETO,PAGO,e6288577-83de-45f9-9cb7-fa62004b89b9,2025-04-05,ERP_CORPORATIVO,TRANSACOES_FINANCEIRAS,29659,d3ca2657d9af5eedc4da96aac7c53b99ae93bbf2bc7a7cd2b40f1a78e99982c7
TR-29660,2025-03-20,2025-03-01,OP,ACC-00149,DESPESA,4081.0478917594287,4081.0478917594287,EUR,Contrato de conectividade para área OP,9,CARTAO,PAGO,e6288577-83de-45f9-9cb7-fa62004b89b9,2025-04-05,ERP_CORPORATIVO,TRANSACOES_FINANCEIRAS,29660,532d86d1cbd746c9f6babe065c4e1172ec18ec55ea9d225e51841b53279c0670
TR-29661,2025-03-14,2025-03-01,QAS,ACC-00149,DESPESA,4186.2512796509145,4186.2512796509145,BRL,Tarifas de serviços financeiros - QAS,22,TED,PAGO,e6288577-83de-45f9-9cb7-fa62004b89b9,2025-04-05,ERP_CORPORATIVO,TRANSACOES_FINANCEIRAS,29661,3378b22213b4593b918a9a1e0905a0d31ea8a741739974c5f63fe50511abae42
TR-29662,2025-03-17,2025-03-01,OP,ACC-00149,RECEITA,3747.5847560010952,3564.1472637051197,BRL,Despesa de infraestrutura - OP,3,TED,ATRASADO,e6288577-83de-45f9-9cb7-fa62004b89b9,2025-04-05,ERP_CORPORATIVO,TRANSACOES_FINANCEIRAS,29662,3c459943e9b9619714d88446a59f8ec0b251aa1a76a3e09a7315f018aebad88b
TR-29663,2025-03-17,2025-03-01,OP,ACC-00149,DESPESA,4264.460310755819,4264.460310755819,BRL,Receita extraordinária - OP,37,BOLETO,PAGO,e6288577-83de-45f9-9cb7-fa62004b89b9,2025-04-05,ERP_CORPORATIVO,TRANSACOES_FINANCEIRAS,29663,7d7916188e428959cd476b96a8e8bf9612b63711c0351d7f7b3d9654c7af9c82
TR-29664,2025-03-13,2025-03-01,RH,ACC-00149,RECEITA,4885.37370151692,4717.866860022918,BRL,Passagem aérea para colaborador de RH,18,TED,PAGO,e6288577-83de-45f9-9cb7-fa62004b89b9,2025-04-05,ERP_CORPORATIVO,TRANSACOES_FINANCEIRAS,29664,b8b90d629efdaa34eef06c3b5b8d4d2189a76481e0ad22e9fdb73b0536f8d98e
TR-29939,2025-03-17,2025-03-01,FIN,FORN-00150,RECEITA,2339.952201520545,2247.678819296294,BRL,Serviço relacionado a recursos humanos (FIN),6,PIX,ATRASADO,e6288577-83de-45f9-9cb7-fa62004b89b9,2025-04-05,ERP_CORPORATIVO,TRANSACOES_FINANCEIRAS,29939,ad0f75158748ccd8fe11a5843e2c5481ce9580fa80032f9bb211d4bbd4b8f95b
TR-29940,2025-03-10,2025-03-01,OP,FORN-00150,RECEITA,2631.3967354262127,2535.8712693975094,BRL,Manutenção estrutural vinculada à área OP,3,PIX,PAGO,e6288577-83de-45f9-9cb7-fa62004b89b9,2025-04-05,ERP_CORPORATIVO,TRANSACOES_FINANCEIRAS,29940,58cdb8d02e4f98e6a242c8426afb1ec6591265f3554f5997296cf7325165929a
TR-29941,2025-03-10,2025-03-01,RH,FORN-00150,DESPESA,2662.297470240834,2662.297470240834,BRL,Capacitação profissional vinculada a RH,30,CARTAO,PAGO,e6288577-83de-45f9-9cb7-fa62004b89b9,2025-04-05,ERP_CORPORATIVO,TRANSACOES_FINANCEIRAS,29941,8a3d8ad940686284452af51645556534c59fdee26c85fdc9e96b0cbc3a030038
TR-29942,2025-03-13,2025-03-01,COMP,FORN-00150,RECEITA,6954.616267286429,6954.616267286429,BRL,Licenciamento de software - COMP,5,BOLETO,PAGO,e6288577-83de-45f9-9cb7-fa62004b89b9,2025-04-05,ERP_CORPORATIVO,TRANSACOES_FINANCEIRAS,29942,5faf6ec4b8ee08aaa1e35c28af59b8eb78ed6b02723da8ecc221119bfffa971c
TR-29943,2025-03-17,2025-03-01,FIN,FORN-00150,DESPESA,2869.23563592574,2792.9417750064913,BRL,Promoção e atividade externa - FIN,14,CARTAO,CANCELADO,e6288577-83de-45f9-9cb7-fa62004b89b9,2025-04-05,ERP_CORPORATIVO,TRANSACOES_FINANCEIRAS,29943,b3a315ff74eb5294545a6e7a803d8c84f3b0f0f777d9f4a2b038182591ef3be9
TR-29944,2025-03-10,2025-03-01,OP,FORN-00150,DESPESA,2631.021924151932,2552.4296866122218,BRL,Publicidade institucional - OP,13,TED,ATRASADO,e6288577-83de-45f9-9cb7-fa62004b89b9,2025-04-05,ERP_CORPORATIVO,TRANSACOES_FINANCEIRAS,29944,9c644bc54b66659bf991f7d4a2de2c723b464c67876c22ca4d2436c3372a4cb6
TR-29945,2025-03-25,2025-03-01,OP,FORN-00150,RECEITA,2403.641641114058,2403.641641114058,BRL,Atendimento de TI requisitado por OP,29,TRANSFERENCIA,PAGO,e6288577-83de-45f9-9cb7-fa62004b89b9,2025-04-05,ERP_CORPORATIVO,TRANSACOES_FINANCEIRAS,29945,0ab2cece640195a95dad288503a3607d21953a035f9471aa584d13557952d252
TR-29946,2025-03-10,2025-03-01,TI,FORN-00150,DESPESA,3064.0535482015866,2955.148609836797,BRL,Serviço relacionado a recursos humanos (TI),6,BOLETO,PAGO,e6288577-83de-45f9-9cb7-fa62004b89b9,2025-04-05,ERP_CORPORATIVO,TRANSACOES_FINANCEIRAS,29946,f68826d4e36b84c4a229df7fe75761413d4fd322d9d8f2df9b51bb9802b81676
TR-29947,2025-03-26,2025-03-01,QAS,FORN-00150,DESPESA,2714.4338937948623,2714.4338937948623,BRL,Honorários profissionais contratados por QAS,11,PIX,CANCELADO,e6288577-83de-45f9-9cb7-fa62004b89b9,2025-04-05,ERP_CORPORATIVO,TRANSACOES_FINANCEIRAS,29947,efc66daa96d813e2501799e04f47ff259f4bd0abe1fd6876a76a84db0f1b311a
TR-29948,2025-03-13,2025-03-01,FIN,FORN-00150,DESPESA,2466.5475491246216,2466.5475491246216,BRL,Compra de insumos para setor FIN,2,PIX,PAGO,e6288577-83de-45f9-9cb7-fa62004b89b9,2025-04-05,ERP_CORPORATIVO,TRANSACOES_FINANCEIRAS,29948,69fd523c66df79e7bf4592eac3190d5917d9869f9f7b5d2e4f85c7b13a1d037b
TR-29949,2025-03-10,2025-03-01,LOG,FORN-00150,DESPESA,8071.671841199036,8071.671841199036,BRL,Despesa de RH - LOG,6,TED,PAGO,e6288577-83de-45f9-9cb7-fa62004b89b9,2025-04-05,ERP_CORPORATIVO,TRANSACOES_FINANCEIRAS,29949,c5af2f9deb1850fe5f2eab852a90808d79c6a4878dbb94e971659e90e57bc27b
TR-29950,2025-03-10,2025-03-01,CPT,FORN-00150,DESPESA,2654.0559487461383,2654.0559487461383,BRL,Manutenção estrutural vinculada à área CPT,3,PIX,PAGO,e6288577-83de-45f9-9cb7-fa62004b89b9,2025-04-05,ERP_CORPORATIVO,TRANSACOES_FINANCEIRAS,29950,2fe073611a64489ed5283a91ec24c1f812b1b09e3b271e3391f32a37c3a0438d
TR-29951,2025-03-25,2025-03-01,VND,FORN-00150,RECEITA,2687.4939576982015,2594.0489590693683,BRL,Serviço relacionado a recursos humanos (VND),6,CARTAO,PAGO,e6288577-83de-45f9-9cb7-fa62004b89b9,2025-04-05,ERP_CORPORATIVO,TRANSACOES_FINANCEIRAS,29951,6a6653187c0679b1092b01f102fd10d2f63e117d3c72c7c77357f4870ad925ba
TR-29952,2025-03-17,2025-03-01,SEC,FORN-00150,DESPESA,2494.619720252745,2494.619720252745,BRL,Passagem aérea para colaborador de SEC,18,BOLETO,PAGO,e6288577-83de-45f9-9cb7-fa62004b89b9,2025-04-05,ERP_CORPORATIVO,TRANSACOES_FINANCEIRAS,29952,2bdb2e361c6b25a6f6e13a1e48f391ce70d9fb0cd15b83ae2f487015d893d9e4
TR-29953,2025-03-03,2025-03-01,TI,FORN-00150,DESPESA,2497.767914140092,2497.767914140092,BRL,Compra de insumos para setor TI,2,TRANSFERENCIA,PAGO,e6288577-83de-45f9-9cb7-fa62004b89b9,2025-04-05,ERP_CORPORATIVO,TRANSACOES_FINANCEIRAS,29953,b535b1c9966781f99ddc7053c3900c302f859f26a2b70d0dc7a7099a1da73f99
TR-29954,2025-03-17,2025-03-01,FIN,FORN-00150,DESPESA,3509.8084026039933,3509.8084026039933,BRL,Venda de ativo imobilizado por FIN,35,PIX,PAGO,e6288577-83de-45f9-9cb7-fa62004b89b9,2025-04-05,ERP_CORPORATIVO,TRANSACOES_FINANCEIRAS,29954,c81c19e796e84724cd4cdc5584aa6c23cf98600024b97649d2c7501604bbc241
TR-29955,2025-03-24,2025-03-01,JUR,FORN-00150,DESPESA,2862.110074704126,2862.110074704126,BRL,Seguro contratado pela área JUR,21,BOLETO,PAGO,e6288577-83de-45f9-9cb7-fa62004b89b9,2025-04-05,ERP_CORPORATIVO,TRANSACOES_FINANCEIRAS,29955,931704c12bc463a47fb7adaf6b46d1c0967919be3511345d543d8db28b393146
TR-29956,2025-03-10,2025-03-01,ATD,FORN-00150,DESPESA,2657.7109097859247,2657.7109097859247,BRL,Comissão recebida por ATD,33,PIX,PAGO,e6288577-83de-45f9-9cb7-fa62004b89b9,2025-04-05,ERP_CORPORATIVO,TRANSACOES_FINANCEIRAS,29956,26d0aa9fbed4d17241a8a439109672eab575ef86a6e7051902e9114a88825d15
TR-29957,2025-03-13,2025-03-01,QAS,FORN-00150,DESPESA,2876.015488703144,2876.015488703144,BRL,Despesa operacional - QAS,8,PIX,PAGO,e6288577-83de-45f9-9cb7-fa62004b89b9,2025-04-05,ERP_CORPORATIVO,TRANSACOES_FINANCEIRAS,29957,5daa021419b3488a23e7c0408f28b080ddaf121ed50bd75183012b18dc4240c3
TR-29958,2025-03-19,2025-03-01,ATD,FORN-00150,RECEITA,2814.161408572058,2814.161408572058,USD,Serviço de telefonia e internet - ATD,9,PIX,PAGO,e6288577-83de-45f9-9cb7-fa62004b89b9,2025-04-05,ERP_CORPORATIVO,TRANSACOES_FINANCEIRAS,29958,d45dcf5290a9848c3f051d208115089e47114a489465de687776c989cbc77dea
TR-30265,2025-03-10,2025-03-01,OP,FORN-00152,RECEITA,5746.643383144414,5746.643383144414,EUR,Serviço de tecnologia contratado por OP,5,TED,ATRASADO,e6288577-83de-45f9-9cb7-fa62004b89b9,2025-04-05,ERP_CORPORATIVO,TRANSACOES_FINANCEIRAS,30265,ef5de28cbce44ffcda028bb659aa40afb4cf351388d3361e24a60c7c95664866
TR-30266,2025-03-13,2025-03-01,TI,FORN-00152,RECEITA,4477.123923418131,4477.123923418131,BRL,Serviço relacionado a recursos humanos (TI),6,PIX,PAGO,e6288577-83de-45f9-9cb7-fa62004b89b9,2025-04-05,ERP_CORPORATIVO,TRANSACOES_FINANCEIRAS,30266,5150676328b034509c2adc4094eb26ff937feb89b04df6d7bd48cd401e1e926c
TR-30267,2025-03-17,2025-03-01,MKT,FORN-00152,DESPESA,5639.166234365073,5639.166234365073,BRL,Apólice de seguro - MKT,21,PIX,ATRASADO,e6288577-83de-45f9-9cb7-fa62004b89b9,2025-04-05,ERP_CORPORATIVO,TRANSACOES_FINANCEIRAS,30267,8e2c0e77b75a1d3a7bfa7d42f3fe012ce5bf169b8ff029c68531aa1ea3e35d4c
TR-30268,2025-03-03,2025-03-01,OP,FORN-00152,DESPESA,5624.215598613308,5496.1500235991425,BRL,Contrato de conectividade para área OP,9,BOLETO,PAGO,e6288577-83de-45f9-9cb7-fa62004b89b9,2025-04-05,ERP_CORPORATIVO,TRANSACOES_FINANCEIRAS,30268,95a3357e07071ceac8377d49ce233d377bee155fd16433d879230a70f1aa8466
TR-30269,2025-03-17,2025-03-01,ADM,FORN-00152,DESPESA,6178.7977886054005,6178.7977886054005,BRL,Despesa de refeição em deslocamento (ADM),20,BOLETO,PAGO,e6288577-83de-45f9-9cb7-fa62004b89b9,2025-04-05,ERP_CORPORATIVO,TRANSACOES_FINANCEIRAS,30269,164c053571ea966a314887bac8a5e232d7693bb3ecc619c6d8d868ff53ff7f57
TR-30270,2025-03-12,2025-03-01,TI,FORN-00152,DESPESA,4869.075834282021,4869.075834282021,BRL,Combustível e lubrificantes para frota (TI),16,PIX,PAGO,e6288577-83de-45f9-9cb7-fa62004b89b9,2025-04-05,ERP_CORPORATIVO,TRANSACOES_FINANCEIRAS,30270,bee815b68d0c9513d4fbd4b8516dd3d5e54c529b72cfb943afb647194e98cec3
TR-30271,2025-03-17,2025-03-01,OP,FORN-00152,DESPESA,5226.64088402431,5002.777251583252,BRL,Custo operacional associado a OP,8,BOLETO,PAGO,e6288577-83de-45f9-9cb7-fa62004b89b9,2025-04-05,ERP_CORPORATIVO,TRANSACOES_FINANCEIRAS,30271,9dee8be3964c2c831a48adcd6a1d662539e7b36fd8f4d479941707010c3599f3
TR-30272,2025-03-17,2025-03-01,COMP,FORN-00152,DESPESA,5345.353215548143,5345.353215548143,BRL,Propaganda e divulgação para área COMP,13,TRANSFERENCIA,PAGO,e6288577-83de-45f9-9cb7-fa62004b89b9,2025-04-05,ERP_CORPORATIVO,TRANSACOES_FINANCEIRAS,30272,aef4e91c29ba9c65d953ce01f2c573edd8e4a2c4a5810f702d91a97408bb0d76
TR-30494,2025-03-13,2025-03-01,PRD,FORN-00153,RECEITA,4358.735140765507,4358.735140765507,BRL,Serviço de tecnologia contratado por PRD,5,TRANSFERENCIA,PAGO,e6288577-83de-45f9-9cb7-fa62004b89b9,2025-04-05,ERP_CORPORATIVO,TRANSACOES_FINANCEIRAS,30494,01eb33cf1cdb8f39f6416c1d36a619a80637b9bde24de3ff5d19c7f152fbf85f
TR-30495,2025-03-17,2025-03-01,FIN,FORN-00153,DESPESA,4560.214940357347,4560.214940357347,BRL,Manutenção estrutural vinculada à área FIN,3,TED,PAGO,e6288577-83de-45f9-9cb7-fa62004b89b9,2025-04-05,ERP_CORPORATIVO,TRANSACOES_FINANCEIRAS,30495,ffca7e13c9b6f0f85668339c26b4a4464793c8e16bdeee6376c72b5479f3a1fd
TR-30496,2025-03-17,2025-03-01,CTB,FORN-00153,DESPESA,5553.123104169322,5410.2809638171675,BRL,Licenciamento de software - CTB,5,PIX,ATRASADO,e6288577-83de-45f9-9cb7-fa62004b89b9,2025-04-05,ERP_CORPORATIVO,TRANSACOES_FINANCEIRAS,30496,3af8794f64447add9551c5b5b3c3700a1419733908f85babaf16a2c1e34080cc
TR-30497,2025-03-10,2025-03-01,FIN,FORN-00153,RECEITA,12526.005763978797,12526.005763978797,BRL,Direitos de propriedade intelectual - FIN,32,BOLETO,PAGO,e6288577-83de-45f9-9cb7-fa62004b89b9,2025-04-05,ERP_CORPORATIVO,TRANSACOES_FINANCEIRAS,30497,498b198874c2f573bf682028a2e6bed300fcabad2cb3cbd05669413851c0a33a
TR-30498,2025-03-14,2025-03-01,MKT,FORN-00153,DESPESA,4706.449432571658,4496.962891857705,BRL,Assessoria legal vinculada à área MKT,7,PIX,PAGO,e6288577-83de-45f9-9cb7-fa62004b89b9,2025-04-05,ERP_CORPORATIVO,TRANSACOES_FINANCEIRAS,30498,07864eb1e49b95b0c32e0c14cc271540eb818f21d7eb85dfe59f448e565b0a48
TR-30499,2025-03-25,2025-03-01,COMP,FORN-00153,RECEITA,5009.830550967738,4932.740072236283,BRL,Contrato de serviço - setor COMP,1,TRANSFERENCIA,ATRASADO,e6288577-83de-45f9-9cb7-fa62004b89b9,2025-04-05,ERP_CORPORATIVO,TRANSACOES_FINANCEIRAS,30499,545779334d3946cb476b5a386fa24529800c7c8cf0c7ec3c7724ba34e1935c69
TR-30500,2025-03-11,2025-03-01,TI,FORN-00153,DESPESA,4568.837249637531,4422.838065685496,BRL,Custo operacional associado a TI,8,TRANSFERENCIA,ATRASADO,e6288577-83de-45f9-9cb7-fa62004b89b9,2025-04-05,ERP_CORPORATIVO,TRANSACOES_FINANCEIRAS,30500,496c913ef9e8b2bc45cd55f7fd5897cbfcf6b29ef30b777596add470a7caea8b
TR-30501,2025-03-24,2025-03-01,COM,FORN-00153,RECEITA,6227.486741718253,6157.7827583972385,BRL,Manutenção estrutural vinculada à área COM,3,TRANSFERENCIA,ATRASADO,e6288577-83de-45f9-9cb7-fa62004b89b9,2025-04-05,ERP_CORPORATIVO,TRANSACOES_FINANCEIRAS,30501,73a604e5a411b28ec17302568c1a71163a2ec359ae0580306e41f9c27e192fef
TR-30680,2025-03-17,2025-03-01,CTB,ACC-00154,RECEITA,11904.7906078488,11904.7906078488,BRL,Prestação de serviço para área CTB,1,TED,PAGO,e6288577-83de-45f9-9cb7-fa62004b89b9,2025-04-05,ERP_CORPORATIVO,TRANSACOES_FINANCEIRAS,30680,d2a95876f95c8b59ecf4a6608931120d41602d31eb0e96d2b1ebefd8f78a9968
TR-30681,2025-03-17,2025-03-01,COM,ACC-00154,DESPESA,12736.175590855311,12736.175590855311,BRL,Licenciamento de software - COM,5,TED,PAGO,e6288577-83de-45f9-9cb7-fa62004b89b9,2025-04-05,ERP_CORPORATIVO,TRANSACOES_FINANCEIRAS,30681,36e66f5e5c250e2baa3bff7074900b572a3c38e4e480afe6f92989cdd7f2b031
TR-30682,2025-03-19,2025-03-01,CTB,ACC-00154,DESPESA,11993.214935296513,11993.214935296513,BRL,Abatimento comercial registrado em CTB,38,PIX,PAGO,e6288577-83de-45f9-9cb7-fa62004b89b9,2025-04-05,ERP_CORPORATIVO,TRANSACOES_FINANCEIRAS,30682,044814c6af34ad4b1c649b7d1c212262be043dc197f3e70bda4fa58bec483408
TR-30683,2025-03-18,2025-03-01,CPT,ACC-00154,DESPESA,11073.800675352397,10806.202104446396,BRL,Receita eventual registrada em CPT,37,TED,PAGO,e6288577-83de-45f9-9cb7-fa62004b89b9,2025-04-05,ERP_CORPORATIVO,TRANSACOES_FINANCEIRAS,30683,53e944e23a017a1e47ffe1ee7a1d895be96b069844f399599c9275d9e80f3c9a
TR-30684,2025-03-24,2025-03-01,COM,ACC-00154,DESPESA,10826.232811774085,10826.232811774085,BRL,Serviço de telefonia e internet - COM,9,TED,ATRASADO,e6288577-83de-45f9-9cb7-fa62004b89b9,2025-04-05,ERP_CORPORATIVO,TRANSACOES_FINANCEIRAS,30684,852872b93feddd6aa54b07455e78a4abba7ed20630d9eafb877d7917dcbbd2d8
TR-30917,2025-03-17,2025-03-01,CTB,1000155,RECEITA,1889.7693341796187,1889.7693341796187,BRL,Atendimento de TI requisitado por CTB,29,BOLETO,ATRASADO,e6288577-83de-45f9-9cb7-fa62004b89b9,2025-04-05,ERP_CORPORATIVO,TRANSACOES_FINANCEIRAS,30917,48a485075b90e1a9ecb5a728d93d2f81e266c16d4703df2f9ab166bbf6d3ae3f
TR-30918,2025-03-17,2025-03-01,OP,1000155,DESPESA,1595.017869485175,1533.5742495180039,BRL,Receita de comissão comercial - OP,33,TRANSFERENCIA,PAGO,e6288577-83de-45f9-9cb7-fa62004b89b9,2025-04-05,ERP_CORPORATIVO,TRANSACOES_FINANCEIRAS,30918,2d81f4ede0ab1ba9e667c560005621c3ddc9fd768c5abcf0f8cf24002880b4fb
TR-30919,2025-03-10,2025-03-01,ATD,1000155,RECEITA,1855.5265205551984,1855.5265205551984,BRL,Despesa operacional - ATD,8,PIX,PAGO,e6288577-83de-45f9-9cb7-fa62004b89b9,2025-04-05,ERP_CORPORATIVO,TRANSACOES_FINANCEIRAS,30919,0805d1699080ffee78427067e853a7d7005c09cb95e574c2c372136f13c5f3a9
TR-30920,2025-03-07,2025-03-01,ATD,1000155,RECEITA,1627.8390410455352,1627.8390410455352,BRL,Receita extraordinária - ATD,37,BOLETO,PAGO,e6288577-83de-45f9-9cb7-fa62004b89b9,2025-04-05,ERP_CORPORATIVO,TRANSACOES_FINANCEIRAS,30920,d2d99559a485bab6ff789a7a89e0a15f7a9874ee5c9ceab2fa9b28a43f8708f3
TR-30921,2025-03-17,2025-03-01,OP,1000155,DESPESA,1714.7949313562824,1714.7949313562824,BRL,Produção de material gráfico - OP,15,PIX,ATRASADO,e6288577-83de-45f9-9cb7-fa62004b89b9,2025-04-05,ERP_CORPORATIVO,TRANSACOES_FINANCEIRAS,30921,4877e7e99d7489c39430a92dccfcd3231915dec7ae8d5842b5146a0e29c1f7f7
TR-30922,2025-03-17,2025-03-01,FIN,1000155,DESPESA,1722.7529450598292,1689.9173206127891,BRL,Taxas bancárias incidentes em FIN,22,BOLETO,PAGO,e6288577-83de-45f9-9cb7-fa62004b89b9,2025-04-05,ERP_CORPORATIVO,TRANSACOES_FINANCEIRAS,30922,21d2066c5953044e00ebd459a1314009592029a89e4e6d4f487a2ad675a2c491
TR-30923,2025-03-10,2025-03-01,QAS,1000155,RECEITA,1890.1783623642382,1869.8669896586875,BRL,Campanha institucional - QAS,4,PIX,PAGO,e6288577-83de-45f9-9cb7-fa62004b89b9,2025-04-05,ERP_CORPORATIVO,TRANSACOES_FINANCEIRAS,30923,131ab26d606a4e8052c6268aa7327add085c3c529c8ed012e5d8a9f4de33e5fe
TR-30924,2025-03-14,2025-03-01,MKT,1000155,RECEITA,4588.298334649105,4588.298334649105,BRL,Aquisição de material operacional - MKT,2,BOLETO,PAGO,e6288577-83de-45f9-9cb7-fa62004b89b9,2025-04-05,ERP_CORPORATIVO,TRANSACOES_FINANCEIRAS,30924,709803ca6c80f978f1e6a072d97d01fe12d23fce9578e8a5bb9683755a20d017
TR-30925,2025-03-28,2025-03-01,JUR,1000155,DESPESA,1717.4109662572052,1717.4109662572052,BRL,Despesa operacional - JUR,8,CARTAO,PAGO,e6288577-83de-45f9-9cb7-fa62004b89b9,2025-04-05,ERP_CORPORATIVO,TRANSACOES_FINANCEIRAS,30925,e8544fc5c1d5b13cfeb7bf6b379866394915a4e3da48444af843ac942bae284a
TR-30926,2025-03-13,2025-03-01,VND,1000155,DESPESA,1860.1804218981304,1785.969618241257,BRL,Licenciamento de software - VND,5,BOLETO,PAGO,e6288577-83de-45f9-9cb7-fa62004b89b9,2025-04-05,ERP_CORPORATIVO,TRANSACOES_FINANCEIRAS,30926,725580c974c36bc4db0be429e759025d801d15844c4ce730f6486e93acd13b83
TR-31363,2025-03-26,2025-03-01,FIN,FORN-00158,DESPESA,1498.80221259017,1453.1702714052062,BRL,Consultoria estratégica para área FIN,12,PIX,PAGO,e6288577-83de-45f9-9cb7-fa62004b89b9,2025-04-05,ERP_CORPORATIVO,TRANSACOES_FINANCEIRAS,31363,486743931ce292c3cb32d909e55fbea4f34bd2c7a9c3c4549737187a527f2fe9
TR-31364,2025-03-13,2025-03-01,QAS,FORN-00158,DESPESA,1679.471533685199,1605.110131795545,BRL,Custo operacional associado a QAS,8,BOLETO,PAGO,e6288577-83de-45f9-9cb7-fa62004b89b9,2025-04-05,ERP_CORPORATIVO,TRANSACOES_FINANCEIRAS,31364,1642b985451890c3f4ae0e989e3e8638caa211eacb3c0a49e280077475099275
TR-31365,2025-03-24,2025-03-01,ESG,FORN-00158,DESPESA,1774.3763524753308,1774.3763524753308,USD,Serviço especializado solicitado por ESG,1,PIX,PAGO,e6288577-83de-45f9-9cb7-fa62004b89b9,2025-04-05,ERP_CORPORATIVO,TRANSACOES_FINANCEIRAS,31365,e41d3a0fbe05830751373b3f3b83cf7af4fbf10740e148e720645434c26b5428
TR-31366,2025-03-21,2025-03-01,COMP,FORN-00158,RECEITA,1547.9503110942253,1471.9270611370212,BRL,Assessoria contábil prestada a COMP,25,PIX,PAGO,e6288577-83de-45f9-9cb7-fa62004b89b9,2025-04-05,ERP_CORPORATIVO,TRANSACOES_FINANCEIRAS,31366,430aecaa42810fe90f74d9f85ebf226174f7fdd495549ebe88fc4a7214fe1260
TR-31367,2025-03-05,2025-03-01,QAS,FORN-00158,DESPESA,1815.6128550123417,1815.6128550123417,BRL,Serviço de tecnologia contratado por QAS,5,TRANSFERENCIA,PAGO,e6288577-83de-45f9-9cb7-fa62004b89b9,2025-04-05,ERP_CORPORATIVO,TRANSACOES_FINANCEIRAS,31367,96bcdefd42ded2097a4cfe62bd37524eb17c92ce0895313fefa1ba7f12fc62dc
TR-31368,2025-03-07,2025-03-01,JUR,FORN-00158,DESPESA,1612.0726750265974,1612.0726750265974,BRL,Receita extraordinária - JUR,37,BOLETO,PAGO,e6288577-83de-45f9-9cb7-fa62004b89b9,2025-04-05,ERP_CORPORATIVO,TRANSACOES_FINANCEIRAS,31368,c881557a68cdcde65bd43764a24bccc29863bfc9de0a296deb15a7bdc5ef897e
TR-31369,2025-03-10,2025-03-01,VND,FORN-00158,RECEITA,2162.7641369262265,2162.7641369262265,USD,Venda de ativo imobilizado por VND,35,CARTAO,PAGO,e6288577-83de-45f9-9cb7-fa62004b89b9,2025-04-05,ERP_CORPORATIVO,TRANSACOES_FINANCEIRAS,31369,d36c9423374140974dca63886363528089c44cf22a8f44268f4bd68e505dde8a
TR-31640,2025-03-19,2025-03-01,PES,1000159,DESPESA,2503.124857046836,2503.124857046836,BRL,Assessoria legal vinculada à área PES,7,PIX,PAGO,e6288577-83de-45f9-9cb7-fa62004b89b9,2025-04-05,ERP_CORPORATIVO,TRANSACOES_FINANCEIRAS,31640,3d82d5116d5d8ce5a9307de41cf46b02012e7bd2cedb23461badceaa86a295ac
TR-31641,2025-03-27,2025-03-01,COM,1000159,DESPESA,2068.978965579689,1980.9266856754273,BRL,Receita extraordinária - COM,37,PIX,PAGO,e6288577-83de-45f9-9cb7-fa62004b89b9,2025-04-05,ERP_CORPORATIVO,TRANSACOES_FINANCEIRAS,31641,ff82d016ecb2dc11d02d18b0516a854d9e6e321427982bd901104e70b3723896
TR-31642,2025-03-04,2025-03-01,OP,1000159,RECEITA,2266.4730146700836,2155.985323308483,BRL,Promoção e atividade externa - OP,14,PIX,CANCELADO,e6288577-83de-45f9-9cb7-fa62004b89b9,2025-04-05,ERP_CORPORATIVO,TRANSACOES_FINANCEIRAS,31642,5ba7439255561b52b189f48ac0b15bf83cfb535e166fe3f08c43d653ec975c8d
TR-31643,2025-03-10,2025-03-01,QAS,1000159,RECEITA,2297.564013480913,2297.564013480913,BRL,Receita de aluguel creditada em QAS,31,BOLETO,PAGO,e6288577-83de-45f9-9cb7-fa62004b89b9,2025-04-05,ERP_CORPORATIVO,TRANSACOES_FINANCEIRAS,31643,db2140da1bfaf2c17bc1058e654deccdace5b5cef4e31a728dd62f82da43860e
TR-31644,2025-03-19,2025-03-01,FIN,1000159,DESPESA,2014.5403187670233,1956.0149859065552,BRL,Propaganda e divulgação para área FIN,13,TRANSFERENCIA,PAGO,e6288577-83de-45f9-9cb7-fa62004b89b9,2025-04-05,ERP_CORPORATIVO,TRANSACOES_FINANCEIRAS,31644,f95e0de1445c559f9402c392ab5d674ff4e6c151422f6d74ed3417b694e6c9db
TR-31645,2025-03-12,2025-03-01,ATD,1000159,RECEITA,2037.0297559553633,1939.9909436057255,BRL,Custo operacional associado a ATD,8,BOLETO,PAGO,e6288577-83de-45f9-9cb7-fa62004b89b9,2025-04-05,ERP_CORPORATIVO,TRANSACOES_FINANCEIRAS,31645,efa6a52bd28c97ccca5960b15e79340219c860285dd3d5a7efc89ad7f3fc6ca6
TR-31646,2025-03-17,2025-03-01,COMP,1000159,DESPESA,2133.7434210196584,2133.7434210196584,BRL,Serviços contábeis externos - COMP,25,TRANSFERENCIA,PAGO,e6288577-83de-45f9-9cb7-fa62004b89b9,2025-04-05,ERP_CORPORATIVO,TRANSACOES_FINANCEIRAS,31646,c020cd915a00e500700efdf97c31d52230a106613e08186f67eea8516262e417
TR-31647,2025-03-17,2025-03-01,TI,1000159,DESPESA,2520.9280257273936,2520.9280257273936,BRL,Aquisição de material operacional - TI,2,CARTAO,PAGO,e6288577-83de-45f9-9cb7-fa62004b89b9,2025-04-05,ERP_CORPORATIVO,TRANSACOES_FINANCEIRAS,31647,784e86b348f2aba8f21b85b13f203a202a23b4b850903bec485054cb9ab29d64
TR-31648,2025-03-10,2025-03-01,ATD,1000159,DESPESA,2227.534084322223,2227.534084322223,BRL,Despesa operacional - ATD,8,BOLETO,PAGO,e6288577-83de-45f9-9cb7-fa62004b89b9,2025-04-05,ERP_CORPORATIVO,TRANSACOES_FINANCEIRAS,31648,f970fa30d1146392abcc67bcc6e406877e4f2dbc0935afc3ee99489647d16475
TR-31649,2025-03-13,2025-03-01,RH,1000159,RECEITA,2301.2684352280057,2301.2684352280057,BRL,Contrato de SaaS vinculado a RH,27,PIX,PAGO,e6288577-83de-45f9-9cb7-fa62004b89b9,2025-04-05,ERP_CORPORATIVO,TRANSACOES_FINANCEIRAS,31649,8ee34d6d9b777d357d65f59ae8d76cba41fe61a2e5df584fd64d4345630f1f67
TR-31650,2025-03-05,2025-03-01,OP,1000159,RECEITA,2342.7038140636428,2342.7038140636428,BRL,Licenciamento de software - OP,5,BOLETO,PAGO,e6288577-83de-45f9-9cb7-fa62004b89b9,2025-04-05,ERP_CORPORATIVO,TRANSACOES_FINANCEIRAS,31650,454de04fcddeb0207f893065952f6d51509383cb20ee57fa1397dde56bf0f5be
TR-31651,2025-03-12,2025-03-01,PRD,1000159,DESPESA,2419.5475539022245,2362.3804785074503,BRL,Royalties recebidos por PRD,32,BOLETO,PAGO,e6288577-83de-45f9-9cb7-fa62004b89b9,2025-04-05,ERP_CORPORATIVO,TRANSACOES_FINANCEIRAS,31651,0bcb6c20ea188f2cf57e7f17926e8c202d7460462a6903fa1a2b18296e682676
TR-31652,2025-03-24,2025-03-01,ATD,1000159,RECEITA,2388.290417543347,2388.290417543347,BRL,Despesa operacional - ATD,8,PIX,PAGO,e6288577-83de-45f9-9cb7-fa62004b89b9,2025-04-05,ERP_CORPORATIVO,TRANSACOES_FINANCEIRAS,31652,090fa9b473a23fa692522968de5c8a65a1054a82762788542bc68de50c1a571a
TR-31653,2025-03-10,2025-03-01,CTB,1000159,RECEITA,2286.9342783528514,2286.9342783528514,BRL,Encargos de empréstimo vinculados a CTB,23,TRANSFERENCIA,ATRASADO,e6288577-83de-45f9-9cb7-fa62004b89b9,2025-04-05,ERP_CORPORATIVO,TRANSACOES_FINANCEIRAS,31653,a7b3e72ae030269909e1b8c502b7844a500e11f724f035120bdc73c12cfc7767
TR-31654,2025-03-13,2025-03-01,JUR,1000159,RECEITA,2240.329066710162,2181.964828363133,BRL,Receita eventual registrada em JUR,37,CARTAO,ATRASADO,e6288577-83de-45f9-9cb7-fa62004b89b9,2025-04-05,ERP_CORPORATIVO,TRANSACOES_FINANCEIRAS,31654,1215748e53d78170ff7916afc9ac92531ee9404a7922324bb9552b1a3085bbe8
TR-31655,2025-03-24,2025-03-01,OP,1000159,DESPESA,2534.3005253325255,2534.3005253325255,BRL,Apólice de seguro - OP,21,BOLETO,ATRASADO,e6288577-83de-45f9-9cb7-fa62004b89b9,2025-04-05,ERP_CORPORATIVO,TRANSACOES_FINANCEIRAS,31655,096f2862ba24b11c187dc95514b52bd5bc5b9693cef05622d266e633e07eb112
TR-31953,2025-03-14,2025-03-01,FIN,ACC-00161,RECEITA,1511.8523722605578,1460.300294647219,BRL,Desconto concedido em operação de FIN,38,CARTAO,ATRASADO,e6288577-83de-45f9-9cb7-fa62004b89b9,2025-04-05,ERP_CORPORATIVO,TRANSACOES_FINANCEIRAS,31953,868f75b5dd7572c602a5a361fe63a37dd3d5834dc42bd74b638520284915baf0
TR-31954,2025-03-21,2025-03-01,LOG,ACC-00161,DESPESA,2309.3543264592336,2267.2608432881652,BRL,Contrato de serviço - setor LOG,1,BOLETO,PAGO,e6288577-83de-45f9-9cb7-fa62004b89b9,2025-04-05,ERP_CORPORATIVO,TRANSACOES_FINANCEIRAS,31954,be387808af84b158ed49ec32a0c3b54fab0caacfc44865552b83873433d82afe
TR-31955,2025-03-17,2025-03-01,FIN,ACC-00161,RECEITA,1258.7489223824202,1258.7489223824202,BRL,Manutenção estrutural vinculada à área FIN,3,BOLETO,CANCELADO,e6288577-83de-45f9-9cb7-fa62004b89b9,2025-04-05,ERP_CORPORATIVO,TRANSACOES_FINANCEIRAS,31955,52fcc6ae28a39e0b066524199edeced1d44974b9ce2ebb582df95d4e15b3ac18
TR-31956,2025-03-21,2025-03-01,PES,ACC-00161,RECEITA,1502.4303840739167,1502.4303840739167,USD,Contrato de serviço - setor PES,1,CARTAO,PAGO,e6288577-83de-45f9-9cb7-fa62004b89b9,2025-04-05,ERP_CORPORATIVO,TRANSACOES_FINANCEIRAS,31956,9dbf12782e7f13ee284ac8aa49cd17a45502c258f16dc738716301bd9e56756b
TR-31957,2025-03-13,2025-03-01,FIN,ACC-00161,DESPESA,1425.6199260060212,1425.6199260060212,BRL,Manutenção estrutural vinculada à área FIN,3,TED,ATRASADO,e6288577-83de-45f9-9cb7-fa62004b89b9,2025-04-05,ERP_CORPORATIVO,TRANSACOES_FINANCEIRAS,31957,1257b889a3fd898b8427394e5cabfc9167e89b791774d8b226d8b964855180c7
TR-31958,2025-03-17,2025-03-01,SEC,ACC-00161,RECEITA,1338.8334711349378,1295.028666514363,BRL,Compra de insumos para setor SEC,2,CARTAO,PAGO,e6288577-83de-45f9-9cb7-fa62004b89b9,2025-04-05,ERP_CORPORATIVO,TRANSACOES_FINANCEIRAS,31958,98e7bac0886b7a2a86f4b3088793d2dd5ffb9f7fc7fc9f2c12f37521013b98b4
TR-31959,2025-03-17,2025-03-01,OP,ACC-00161,DESPESA,1200.3960884950632,1200.3960884950632,BRL,Resultado de equivalência patrimonial - OP,34,TRANSFERENCIA,ATRASADO,e6288577-83de-45f9-9cb7-fa62004b89b9,2025-04-05,ERP_CORPORATIVO,TRANSACOES_FINANCEIRAS,31959,3f4ae25a00a58565e059613176855956e4481cd481a09d62bb0a74aff529704f
TR-31960,2025-03-24,2025-03-01,ADM,ACC-00161,DESPESA,1448.9486299300297,1414.7229072684715,BRL,Prestação de serviço para área ADM,1,BOLETO,PAGO,e6288577-83de-45f9-9cb7-fa62004b89b9,2025-04-05,ERP_CORPORATIVO,TRANSACOES_FINANCEIRAS,31960,f8a5007785ac85f6539ea010dc7e121aec07242249aee9086ef3f1422e52b303
TR-31961,2025-03-18,2025-03-01,FIN,ACC-00161,RECEITA,1489.001108200108,1434.1074688334002,BRL,Serviço especializado solicitado por FIN,1,PIX,ATRASADO,e6288577-83de-45f9-9cb7-fa62004b89b9,2025-04-05,ERP_CORPORATIVO,TRANSACOES_FINANCEIRAS,31961,2fe7fedab23dd7aacc07acd8ed4dd7846fd25029ad0a2580c07c6a94c83e4741
TR-31962,2025-03-03,2025-03-01,FIN,ACC-00161,DESPESA,1246.1818823555113,1192.6896812464106,BRL,Serviço especializado solicitado por FIN,1,TRANSFERENCIA,PAGO,e6288577-83de-45f9-9cb7-fa62004b89b9,2025-04-05,ERP_CORPORATIVO,TRANSACOES_FINANCEIRAS,31962,c983ec9022948f9871a61f2010ceda4c4f22503aa4c385d7d05138c23eaa5b29
TR-31963,2025-03-17,2025-03-01,COMP,ACC-00161,DESPESA,1421.7590895487153,1421.7590895487153,BRL,Contrato de serviço - setor COMP,1,BOLETO,PAGO,e6288577-83de-45f9-9cb7-fa62004b89b9,2025-04-05,ERP_CORPORATIVO,TRANSACOES_FINANCEIRAS,31963,771e8372db4875642205a67398a65cdd93e129cd15049ce02413d1630c22cfb2
TR-31964,2025-03-17,2025-03-01,PES,ACC-00161,RECEITA,1357.0907857335121,1357.0907857335121,BRL,Despesa operacional - PES,8,PIX,PAGO,e6288577-83de-45f9-9cb7-fa62004b89b9,2025-04-05,ERP_CORPORATIVO,TRANSACOES_FINANCEIRAS,31964,433ddc84d55723de7fa33eaeb5a154587d95261cce727496660d512d1f6687d5
TR-31965,2025-03-19,2025-03-01,RH,ACC-00161,RECEITA,1254.8372585944014,1237.4822014358808,BRL,Serviço relacionado a recursos humanos (RH),6,TRANSFERENCIA,PAGO,e6288577-83de-45f9-9cb7-fa62004b89b9,2025-04-05,ERP_CORPORATIVO,TRANSACOES_FINANCEIRAS,31965,2a0a0e2c5ee879e75426efb6acb3a9a4245f97d4b765d8e32b1022b766977824
TR-31966,2025-03-18,2025-03-01,COM,ACC-00161,RECEITA,1311.2698478341958,1311.2698478341958,EUR,Despesa de infraestrutura - COM,3,BOLETO,PAGO,e6288577-83de-45f9-9cb7-fa62004b89b9,2025-04-05,ERP_CORPORATIVO,TRANSACOES_FINANCEIRAS,31966,90c9fbb5e357202c05694aa9d82282487e37e16992274dc10e3dd20779be991c
TR-31967,2025-03-25,2025-03-01,QAS,ACC-00161,DESPESA,1364.387323040416,1364.387323040416,BRL,Devolução de venda processada por QAS,39,CARTAO,PAGO,e6288577-83de-45f9-9cb7-fa62004b89b9,2025-04-05,ERP_CORPORATIVO,TRANSACOES_FINANCEIRAS,31967,5092e530d41e57db79ca7870f3f246a8c5ce8d410d8ceac867ddbbfdee44088f
TR-31968,2025-03-14,2025-03-01,OP,ACC-00161,DESPESA,1201.508340484916,1154.4148496113778,BRL,Serviço de telefonia e internet - OP,9,PIX,PAGO,e6288577-83de-45f9-9cb7-fa62004b89b9,2025-04-05,ERP_CORPORATIVO,TRANSACOES_FINANCEIRAS,31968,a9162f042eb850149c17cfc00a4980acd82072b4afb1ab26a41fd4fa0129f591
TR-31969,2025-03-03,2025-03-01,COMP,ACC-00161,DESPESA,1451.3502705009114,1451.3502705009114,BRL,Consultoria estratégica para área COMP,12,CARTAO,PAGO,e6288577-83de-45f9-9cb7-fa62004b89b9,2025-04-05,ERP_CORPORATIVO,TRANSACOES_FINANCEIRAS,31969,7314edaf1526d1e8bfb9a710caeed3c3fccb69bd5d401758c980c10c2ffb59a9
TR-31970,2025-03-05,2025-03-01,TI,ACC-00161,RECEITA,1276.8271566117085,1276.8271566117085,BRL,Imposto sobre venda apurado em TI,40,PIX,PAGO,e6288577-83de-45f9-9cb7-fa62004b89b9,2025-04-05,ERP_CORPORATIVO,TRANSACOES_FINANCEIRAS,31970,435a7062351977f3f2e1778541391305f4b1376d65b87f5f93185f53f18e7745
TR-31971,2025-03-10,2025-03-01,FIN,ACC-00161,DESPESA,1281.9260993730518,1281.9260993730518,BRL,Apólice de seguro - FIN,21,BOLETO,PAGO,e6288577-83de-45f9-9cb7-fa62004b89b9,2025-04-05,ERP_CORPORATIVO,TRANSACOES_FINANCEIRAS,31971,79bd876b6d3e2712497201b13dcb6af7ccc04afc0a54b64a2abe7fda213dafbe
TR-32253,2025-03-28,2025-03-01,COMP,ACC-00162,DESPESA,1943.5437098542016,1943.5437098542016,BRL,Doação recebida em favor de COMP,36,TED,PAGO,e6288577-83de-45f9-9cb7-fa62004b89b9,2025-04-05,ERP_CORPORATIVO,TRANSACOES_FINANCEIRAS,32253,0333c170eb0243975ba6bc01a05191ed60bd10c96125054d07546efb3a6df6cc
TR-32254,2025-03-17,2025-03-01,FIN,ACC-00162,DESPESA,1991.3511334465168,1991.3511334465168,BRL,Diária de hotel para equipe FIN,19,BOLETO,PAGO,e6288577-83de-45f9-9cb7-fa62004b89b9,2025-04-05,ERP_CORPORATIVO,TRANSACOES_FINANCEIRAS,32254,c33c7f2ce67689e103f51317c3635f26743a7eecd68aec777cdda7da2014cba6
TR-32255,2025-03-24,2025-03-01,OP,ACC-00162,DESPESA,1614.8702398483724,1614.8702398483724,BRL,Serviço especializado solicitado por OP,1,PIX,PAGO,e6288577-83de-45f9-9cb7-fa62004b89b9,2025-04-05,ERP_CORPORATIVO,TRANSACOES_FINANCEIRAS,32255,6630afafac243fa45f33756036a05d5b3a78bc30e8f2fcdfc5f1f577c9b7d595
TR-32256,2025-03-14,2025-03-01,JUR,ACC-00162,DESPESA,2136.3853184683276,2136.3853184683276,BRL,Capacitação profissional vinculada a JUR,30,BOLETO,PAGO,e6288577-83de-45f9-9cb7-fa62004b89b9,2025-04-05,ERP_CORPORATIVO,TRANSACOES_FINANCEIRAS,32256,9565ee4c9701792a695eb847a03d6efa7e6a32bf28a82439401b51a730d2a2e6
TR-32257,2025-03-14,2025-03-01,ADM,ACC-00162,RECEITA,1864.6494865343707,1845.7948204124782,BRL,Comissão recebida por ADM,33,PIX,ATRASADO,e6288577-83de-45f9-9cb7-fa62004b89b9,2025-04-05,ERP_CORPORATIVO,TRANSACOES_FINANCEIRAS,32257,b2efab47e5030b84aba9d5282089da6da7b93892345b299720bb77b5352ebba2
TR-32258,2025-03-12,2025-03-01,PRD,ACC-00162,DESPESA,2159.2720717770335,2159.2720717770335,BRL,Participação nos resultados vinculada a PRD,34,TED,PAGO,e6288577-83de-45f9-9cb7-fa62004b89b9,2025-04-05,ERP_CORPORATIVO,TRANSACOES_FINANCEIRAS,32258,0f2f502a8d5c325690aba432f6c33041783ed065a3901274e106ed3b87b42064
TR-32259,2025-03-17,2025-03-01,MKT,ACC-00162,RECEITA,8302.149295476393,8302.149295476393,BRL,Serviço relacionado a recursos humanos (MKT),6,BOLETO,PAGO,e6288577-83de-45f9-9cb7-fa62004b89b9,2025-04-05,ERP_CORPORATIVO,TRANSACOES_FINANCEIRAS,32259,0f24734840321dba54bb205aa074568f8d29de08f278546b6ba8460be6137a93
TR-32260,2025-03-07,2025-03-01,JUR,ACC-00162,DESPESA,1705.4335038842921,1705.4335038842921,BRL,Contrato de SaaS vinculado a JUR,27,PIX,PAGO,e6288577-83de-45f9-9cb7-fa62004b89b9,2025-04-05,ERP_CORPORATIVO,TRANSACOES_FINANCEIRAS,32260,1b240184f86f2f0c058edd53e9e0ed447bb0898fe5daa3bcc950acdd804f4e71
TR-32261,2025-03-17,2025-03-01,RH,ACC-00162,RECEITA,1991.5819820918266,1945.012070598225,BRL,Investimento em marketing corporativo (RH),4,CARTAO,PAGO,e6288577-83de-45f9-9cb7-fa62004b89b9,2025-04-05,ERP_CORPORATIVO,TRANSACOES_FINANCEIRAS,32261,124f6c54dac9b135c1af1ef161512a9d9b4f2d115f044c08d0432d1b081dafaa
TR-32262,2025-03-21,2025-03-01,COM,ACC-00162,RECEITA,1890.9484101735281,1890.9484101735281,BRL,Devolução de venda processada por COM,39,PIX,PAGO,e6288577-83de-45f9-9cb7-fa62004b89b9,2025-04-05,ERP_CORPORATIVO,TRANSACOES_FINANCEIRAS,32262,ab5e17793ff78571346dc824546cfc37b6071874de95070f0d36a7fa14ba22d1
TR-32263,2025-03-19,2025-03-01,ESG,ACC-00162,RECEITA,2051.4924085767075,2004.5273575820522,BRL,Serviço de tecnologia contratado por ESG,5,BOLETO,PAGO,e6288577-83de-45f9-9cb7-fa62004b89b9,2025-04-05,ERP_CORPORATIVO,TRANSACOES_FINANCEIRAS,32263,bc9b803f646e5f23e2bf8509fa461866b7e071c267960a1f62970f67c62ba0d8
TR-32264,2025-03-13,2025-03-01,MKT,ACC-00162,DESPESA,1597.3588613933596,1519.1914412622684,BRL,Seguro contratado pela área MKT,21,PIX,ATRASADO,e6288577-83de-45f9-9cb7-fa62004b89b9,2025-04-05,ERP_CORPORATIVO,TRANSACOES_FINANCEIRAS,32264,24c5106762894859246511dac38083e498ca77858c5075e5a397c86f796cd8cc
TR-32265,2025-03-17,2025-03-01,RH,ACC-00162,RECEITA,1902.6779725856122,1902.6779725856122,BRL,Renovação de certificados digitais - RH,26,PIX,CANCELADO,e6288577-83de-45f9-9cb7-fa62004b89b9,2025-04-05,ERP_CORPORATIVO,TRANSACOES_FINANCEIRAS,32265,b4925915ecb1d2f87b0c576a972fb245d4d4c8dab49d176c12dd88b8da3c34a0
TR-32266,2025-03-20,2025-03-01,JUR,ACC-00162,DESPESA,1817.06766400012,1817.06766400012,BRL,Serviço relacionado a recursos humanos (JUR),6,TRANSFERENCIA,PAGO,e6288577-83de-45f9-9cb7-fa62004b89b9,2025-04-05,ERP_CORPORATIVO,TRANSACOES_FINANCEIRAS,32266,228cee9977dad722be0a4842d482c39c0c0eba5f1b09e44d38244876af87b3ce
TR-32267,2025-03-10,2025-03-01,CTB,ACC-00162,DESPESA,2320.5149573833505,2320.5149573833505,USD,Assessoria contábil prestada a CTB,25,TRANSFERENCIA,PAGO,e6288577-83de-45f9-9cb7-fa62004b89b9,2025-04-05,ERP_CORPORATIVO,TRANSACOES_FINANCEIRAS,32267,31794acf6771076071c61f1455357f8f6a159166133f81bde398ebda3b251e2a
TR-32268,2025-03-10,2025-03-01,FIN,ACC-00162,RECEITA,2375.045276156672,2375.045276156672,BRL,Material de marketing solicitado por FIN,15,BOLETO,PAGO,e6288577-83de-45f9-9cb7-fa62004b89b9,2025-04-05,ERP_CORPORATIVO,TRANSACOES_FINANCEIRAS,32268,2bc23da2db562fd5b7066a31bc494bc1294121b6c00feea7ee833645489711a4
TR-32269,2025-03-27,2025-03-01,LOG,ACC-00162,DESPESA,1916.449291927689,1916.449291927689,BRL,Prestação de serviço para área LOG,1,TED,PAGO,e6288577-83de-45f9-9cb7-fa62004b89b9,2025-04-05,ERP_CORPORATIVO,TRANSACOES_FINANCEIRAS,32269,5a92dc4de6fc046dd12086e3fdd939fe686c22eb0d0942d4a3e5b709dcfa3d32
TR-32270,2025-03-03,2025-03-01,COM,ACC-00162,RECEITA,1758.323211482964,1733.910771978917,BRL,Investimento em marketing corporativo (COM),4,BOLETO,ATRASADO,e6288577-83de-45f9-9cb7-fa62004b89b9,2025-04-05,ERP_CORPORATIVO,TRANSACOES_FINANCEIRAS,32270,66d61ad830beba7e5d93f18a2a9b4e9351a3a8c5a53c6f5ec095ef9858130a71
TR-32271,2025-03-04,2025-03-01,OP,ACC-00162,DESPESA,1813.4423053856724,1813.4423053856724,BRL,Serviços contábeis externos - OP,25,PIX,CANCELADO,e6288577-83de-45f9-9cb7-fa62004b89b9,2025-04-05,ERP_CORPORATIVO,TRANSACOES_FINANCEIRAS,32271,62f923f9b4998b9bdedc20647a4250c63a6b742caa7ed132e4b0f6695b0df7be
TR-32874,2025-03-10,2025-03-01,MKT,FORN-00165,RECEITA,2163.0984285397676,2163.0984285397676,BRL,Serviço de tecnologia contratado por MKT,5,TED,PAGO,e6288577-83de-45f9-9cb7-fa62004b89b9,2025-04-05,ERP_CORPORATIVO,TRANSACOES_FINANCEIRAS,32874,464027e10383d1bed634ad79c689d2740186470de6a811831c8ebb85306e59c1
TR-32875,2025-03-05,2025-03-01,COM,FORN-00165,DESPESA,2045.4830426703577,1985.6133214052154,BRL,Contrato de consultoria externa - COM,12,BOLETO,PAGO,e6288577-83de-45f9-9cb7-fa62004b89b9,2025-04-05,ERP_CORPORATIVO,TRANSACOES_FINANCEIRAS,32875,79d37ab907929cbadd3b3509321235ca6638a7676e49be25b9955efd03bdbf3e
TR-32876,2025-03-12,2025-03-01,PJT,FORN-00165,DESPESA,2866.7830840270494,2742.456922676803,BRL,Receita de aluguel creditada em PJT,31,PIX,PAGO,e6288577-83de-45f9-9cb7-fa62004b89b9,2025-04-05,ERP_CORPORATIVO,TRANSACOES_FINANCEIRAS,32876,45ab8da09c409b6bbf3ef5ec582e67c17efc6361eba937163337897aecf10ff9
TR-32877,2025-03-04,2025-03-01,RH,FORN-00165,DESPESA,1678.4075335278594,1636.0732173203564,BRL,Campanha institucional - RH,4,PIX,PAGO,e6288577-83de-45f9-9cb7-fa62004b89b9,2025-04-05,ERP_CORPORATIVO,TRANSACOES_FINANCEIRAS,32877,6657bdf65cbe7280618ceac517c89da92472ee7257549201444e29e2d02e42b5
TR-32878,2025-03-10,2025-03-01,ADM,FORN-00165,DESPESA,2103.6458859056806,2053.2154042480283,BRL,Despesa operacional - ADM,8,PIX,PAGO,e6288577-83de-45f9-9cb7-fa62004b89b9,2025-04-05,ERP_CORPORATIVO,TRANSACOES_FINANCEIRAS,32878,960059d6a634d2e30f3c5c1b3ece2349f7ff944e133948d2369f59ec099b485e
TR-32879,2025-03-04,2025-03-01,LOG,FORN-00165,DESPESA,2162.509468674783,2162.509468674783,BRL,Campanha institucional - LOG,4,PIX,PAGO,e6288577-83de-45f9-9cb7-fa62004b89b9,2025-04-05,ERP_CORPORATIVO,TRANSACOES_FINANCEIRAS,32879,067bce3dece3115b049c665c63e7a042f35ff6b38e5b3f0ebacd0bb13e9a8a84
TR-32880,2025-03-18,2025-03-01,QAS,FORN-00165,DESPESA,2488.1952927698453,2488.1952927698453,BRL,Recebimento de subvenção - QAS,36,PIX,CANCELADO,e6288577-83de-45f9-9cb7-fa62004b89b9,2025-04-05,ERP_CORPORATIVO,TRANSACOES_FINANCEIRAS,32880,595cca3e8e43516800b3f79d0e82b5e4ccc7c77106e87698483b777fe43ad621
TR-32881,2025-03-13,2025-03-01,COM,FORN-00165,DESPESA,2199.0998905623387,2199.0998905623387,BRL,Contrato de serviço - setor COM,1,TED,PAGO,e6288577-83de-45f9-9cb7-fa62004b89b9,2025-04-05,ERP_CORPORATIVO,TRANSACOES_FINANCEIRAS,32881,c1051d0002cc5a8cf3ebd44973f14beffe3241318db4f29bade95cace830196b
TR-32882,2025-03-17,2025-03-01,RH,FORN-00165,RECEITA,2311.0423228526106,2311.0423228526106,BRL,Contrato de serviço - setor RH,1,PIX,PAGO,e6288577-83de-45f9-9cb7-fa62004b89b9,2025-04-05,ERP_CORPORATIVO,TRANSACOES_FINANCEIRAS,32882,7f84b5d512717b18f78b6b479d7be369d43429323a0aa715394fa92da2c7a01f
TR-32883,2025-03-18,2025-03-01,CTB,FORN-00165,DESPESA,2171.425916626127,2171.425916626127,BRL,Compra de insumos para setor CTB,2,PIX,PAGO,e6288577-83de-45f9-9cb7-fa62004b89b9,2025-04-05,ERP_CORPORATIVO,TRANSACOES_FINANCEIRAS,32883,923ca8e93c3ed67cd324d130cffb4668e99db9f44955fbd8afa9a4ab0119645d
TR-33140,2025-03-18,2025-03-01,CPT,ACC-00166,RECEITA,2422.735214473232,2381.188620945026,BRL,Receita de comissão comercial - CPT,33,BOLETO,ATRASADO,e6288577-83de-45f9-9cb7-fa62004b89b9,2025-04-05,ERP_CORPORATIVO,TRANSACOES_FINANCEIRAS,33140,203138889f3f5d45bbe750ffdecac668691c0718ecccf4ee1b037a88d2746419
TR-33141,2025-03-04,2025-03-01,COMP,ACC-00166,RECEITA,2367.9536679991984,2300.7642784292666,BRL,Despesa operacional - COMP,8,TED,PAGO,e6288577-83de-45f9-9cb7-fa62004b89b9,2025-04-05,ERP_CORPORATIVO,TRANSACOES_FINANCEIRAS,33141,4e1d306948e7e3310650d8ac6734e3bd3f84b94e7f29e08ee01d4b20d42def6c
TR-33142,2025-03-17,2025-03-01,ATD,ACC-00166,DESPESA,5261.830674393974,5261.830674393974,BRL,Certificado digital adquirido por ATD,26,TED,PAGO,e6288577-83de-45f9-9cb7-fa62004b89b9,2025-04-05,ERP_CORPORATIVO,TRANSACOES_FINANCEIRAS,33142,9a2dd7aa67f4eb5dcbe5588068564e24a86cbdd346e053f8f12c7b6c2fd394ed
TR-33143,2025-03-17,2025-03-01,COMP,ACC-00166,DESPESA,2126.3496616717357,2126.3496616717357,BRL,Despesa operacional - COMP,8,TRANSFERENCIA,PAGO,e6288577-83de-45f9-9cb7-fa62004b89b9,2025-04-05,ERP_CORPORATIVO,TRANSACOES_FINANCEIRAS,33143,7d0a4b79134adfb9ca9c9c6db8fd16033e06d769efe404e08aaa794ee4560cdf
TR-33144,2025-03-24,2025-03-01,COMP,ACC-00166,DESPESA,2464.8798782263593,2464.8798782263593,BRL,Royalties recebidos por COMP,32,BOLETO,ATRASADO,e6288577-83de-45f9-9cb7-fa62004b89b9,2025-04-05,ERP_CORPORATIVO,TRANSACOES_FINANCEIRAS,33144,729f03cbc8506cfee57ac4c0a43f5e71521ecc48e5f403c14cbb8593ba5c57e2
TR-33145,2025-03-21,2025-03-01,PES,ACC-00166,RECEITA,7437.371425697104,7361.784377361448,BRL,Honorarium advocatício - PES,24,BOLETO,ATRASADO,e6288577-83de-45f9-9cb7-fa62004b89b9,2025-04-05,ERP_CORPORATIVO,TRANSACOES_FINANCEIRAS,33145,020b7daa584817b7d81f1c5f328cda4f4048e2871f5e585e552bd80aabb1f096
TR-33146,2025-03-17,2025-03-01,JUR,ACC-00166,RECEITA,2051.0468305797062,2051.0468305797062,BRL,Campanha institucional - JUR,4,TRANSFERENCIA,PAGO,e6288577-83de-45f9-9cb7-fa62004b89b9,2025-04-05,ERP_CORPORATIVO,TRANSACOES_FINANCEIRAS,33146,2454bff577d9ca68688258fa168d9fb2a4a560e78f48ef0c9d8b185366940493
TR-33320,2025-03-12,2025-03-01,CTB,ACC-00167,DESPESA,2240.032512350271,2177.4609000827218,BRL,Manutenção estrutural vinculada à área CTB,3,PIX,PAGO,e6288577-83de-45f9-9cb7-fa62004b89b9,2025-04-05,ERP_CORPORATIVO,TRANSACOES_FINANCEIRAS,33320,df124c9b588979ce59e2ccc068b7d81c19073310ea184cd2a60beffdc2062992
TR-33321,2025-03-11,2025-03-01,PES,ACC-00167,RECEITA,2697.17423189638,2697.17423189638,BRL,Campanha institucional - PES,4,BOLETO,PAGO,e6288577-83de-45f9-9cb7-fa62004b89b9,2025-04-05,ERP_CORPORATIVO,TRANSACOES_FINANCEIRAS,33321,0ca5104218e05a66ce098acfaafb33c6c8a4f227b8973c94fefa3ff7dbc8ed26
TR-33322,2025-03-18,2025-03-01,TI,ACC-00167,RECEITA,2708.93775737916,2630.694680356768,BRL,Produção de material gráfico - TI,15,BOLETO,CANCELADO,e6288577-83de-45f9-9cb7-fa62004b89b9,2025-04-05,ERP_CORPORATIVO,TRANSACOES_FINANCEIRAS,33322,dfb3a9610c5857c41a456cf93ca2b738ef6b887c55ca8febe72def39cdde0f3e
TR-33323,2025-03-19,2025-03-01,CTB,ACC-00167,DESPESA,2456.304535529528,2456.304535529528,BRL,Promoção e atividade externa - CTB,14,PIX,PAGO,e6288577-83de-45f9-9cb7-fa62004b89b9,2025-04-05,ERP_CORPORATIVO,TRANSACOES_FINANCEIRAS,33323,9bf0aaa8e23be88e377a1cafabc6444f0af5cf7ddc2ec5bfbd74077badc49773
TR-33324,2025-03-17,2025-03-01,OP,ACC-00167,RECEITA,2696.090154255967,2696.090154255967,BRL,Hospedagem em viagem a serviço de OP,19,CARTAO,PAGO,e6288577-83de-45f9-9cb7-fa62004b89b9,2025-04-05,ERP_CORPORATIVO,TRANSACOES_FINANCEIRAS,33324,a7c31ccd4c35ab0c49321935f80e73774c10a8cbd9b9fa6055be28d667baa4f5
TR-33325,2025-03-18,2025-03-01,VND,ACC-00167,DESPESA,2324.392985036707,2324.392985036707,BRL,Contrato de conectividade para área VND,9,BOLETO,PAGO,e6288577-83de-45f9-9cb7-fa62004b89b9,2025-04-05,ERP_CORPORATIVO,TRANSACOES_FINANCEIRAS,33325,9087a4069144a94ec1c6b1ca4ddd4245a1b44167a3742042997e4f88dcc01c19
TR-33326,2025-03-31,2025-03-01,SEC,ACC-00167,RECEITA,2583.083824948427,2583.083824948427,BRL,Material de marketing solicitado por SEC,15,TED,PAGO,e6288577-83de-45f9-9cb7-fa62004b89b9,2025-04-05,ERP_CORPORATIVO,TRANSACOES_FINANCEIRAS,33326,c6febeb8fd76a9b6ace3e4aff9e4f1e652a004934fadd6c2e27c33098bf02b24
TR-33327,2025-03-20,2025-03-01,COMP,ACC-00167,DESPESA,2665.9319415087525,2665.9319415087525,BRL,Venda de ativo imobilizado por COMP,35,TRANSFERENCIA,PAGO,e6288577-83de-45f9-9cb7-fa62004b89b9,2025-04-05,ERP_CORPORATIVO,TRANSACOES_FINANCEIRAS,33327,b72dddcf2613ba112a5a34ca81f35762ee13167d34c17efba99685d8f50b076c
TR-33328,2025-03-19,2025-03-01,FIN,ACC-00167,DESPESA,2737.0549582467706,2737.0549582467706,BRL,Doação recebida em favor de FIN,36,PIX,PAGO,e6288577-83de-45f9-9cb7-fa62004b89b9,2025-04-05,ERP_CORPORATIVO,TRANSACOES_FINANCEIRAS,33328,584a8d960796404bdc2dd900d3d381a8144a7b836a9f445a9e94e1a2f407e1c7
TR-33620,2025-03-03,2025-03-01,JUR,ACC-00168,DESPESA,2519.1219379529466,2410.0000403032373,BRL,Serviço especializado solicitado por JUR,1,BOLETO,CANCELADO,e6288577-83de-45f9-9cb7-fa62004b89b9,2025-04-05,ERP_CORPORATIVO,TRANSACOES_FINANCEIRAS,33620,8677c6433d81599587c8d50fbec5f50018b8198223879fe79aa938f18c270cee
TR-33621,2025-03-31,2025-03-01,ESG,ACC-00168,DESPESA,2818.736800301716,2818.736800301716,BRL,Tributo incidente sobre receita de ESG,40,BOLETO,PAGO,e6288577-83de-45f9-9cb7-fa62004b89b9,2025-04-05,ERP_CORPORATIVO,TRANSACOES_FINANCEIRAS,33621,a383ee67803697eba92b04cf2211605fe3a7ff624fb6760b5fc75424f92ec489
TR-33622,2025-03-14,2025-03-01,JUR,ACC-00168,DESPESA,3023.2280970402485,2874.8912417001684,BRL,Alimentação em viagem corporativa - JUR,20,TED,PAGO,e6288577-83de-45f9-9cb7-fa62004b89b9,2025-04-05,ERP_CORPORATIVO,TRANSACOES_FINANCEIRAS,33622,fccedbde48a6c91df315bac978e981639fc4e1498bbaf3ad8868b1f10ab2e6d8
TR-33623,2025-03-13,2025-03-01,COMP,ACC-00168,RECEITA,2243.6332593370203,2243.6332593370203,BRL,Honorários profissionais contratados por COMP,11,PIX,PAGO,e6288577-83de-45f9-9cb7-fa62004b89b9,2025-04-05,ERP_CORPORATIVO,TRANSACOES_FINANCEIRAS,33623,cbc499210325e654b2c26f08f688f1d8c2fd46bae4b47c5c1617ee683aead237
TR-33624,2025-03-05,2025-03-01,QAS,ACC-00168,DESPESA,2575.463153326048,2575.463153326048,BRL,Compra de insumos para setor QAS,2,CARTAO,PAGO,e6288577-83de-45f9-9cb7-fa62004b89b9,2025-04-05,ERP_CORPORATIVO,TRANSACOES_FINANCEIRAS,33624,b2b907dc43b560ee38c58700072e95fee535eaad807ec883cb17a347741b2eb5
TR-33625,2025-03-21,2025-03-01,SEC,ACC-00168,RECEITA,2550.7903932793665,2550.7903932793665,BRL,Alimentação em viagem corporativa - SEC,20,PIX,PAGO,e6288577-83de-45f9-9cb7-fa62004b89b9,2025-04-05,ERP_CORPORATIVO,TRANSACOES_FINANCEIRAS,33625,7334d7f19e2f43318667e6ac316ca6a3e4bcb1787902ebe7a7d4d317f4bdbae9
TR-33626,2025-03-17,2025-03-01,ATD,ACC-00168,RECEITA,2753.728463111961,2753.728463111961,BRL,Compra de insumos para setor ATD,2,TRANSFERENCIA,PAGO,e6288577-83de-45f9-9cb7-fa62004b89b9,2025-04-05,ERP_CORPORATIVO,TRANSACOES_FINANCEIRAS,33626,713329a73115570c39fee0b99606d5c723a0698ed98d9d86eee7360a99a282b4
TR-33627,2025-03-05,2025-03-01,PJT,ACC-00168,DESPESA,2870.041867939967,2870.041867939967,BRL,Aquisição de material operacional - PJT,2,TRANSFERENCIA,PAGO,e6288577-83de-45f9-9cb7-fa62004b89b9,2025-04-05,ERP_CORPORATIVO,TRANSACOES_FINANCEIRAS,33627,dc094866ffc8f9009dc9a826623d303a643e04d3854115a5eab17dcdfae7c95d
TR-33628,2025-03-28,2025-03-01,CTB,ACC-00168,RECEITA,2357.5449010296006,2357.5449010296006,BRL,Contrato de serviço - setor CTB,1,PIX,PAGO,e6288577-83de-45f9-9cb7-fa62004b89b9,2025-04-05,ERP_CORPORATIVO,TRANSACOES_FINANCEIRAS,33628,e41dec9c2cea1f16380f3600e49b53466fb0d1df2c179badcf10e715e7f2bb72
TR-33629,2025-03-24,2025-03-01,FIN,ACC-00168,RECEITA,2419.1381770196203,2419.1381770196203,BRL,Serviço relacionado a recursos humanos (FIN),6,TRANSFERENCIA,PAGO,e6288577-83de-45f9-9cb7-fa62004b89b9,2025-04-05,ERP_CORPORATIVO,TRANSACOES_FINANCEIRAS,33629,0a14381e6b195263edc91985f19b25f608780b24be2e623ccef8a4a2e95df9e9
TR-33630,2025-03-19,2025-03-01,COM,ACC-00168,DESPESA,2455.4010949330955,2415.9855883779323,BRL,Hospedagem em viagem a serviço de COM,19,TED,PAGO,e6288577-83de-45f9-9cb7-fa62004b89b9,2025-04-05,ERP_CORPORATIVO,TRANSACOES_FINANCEIRAS,33630,233144727c6a137a1e6fc543fc9c459184df011f5bca44c86f4e79c077cfe57f
TR-33631,2025-03-13,2025-03-01,PJT,ACC-00168,RECEITA,2557.0058653942183,2451.05854749823,BRL,Despesa operacional - PJT,8,PIX,PAGO,e6288577-83de-45f9-9cb7-fa62004b89b9,2025-04-05,ERP_CORPORATIVO,TRANSACOES_FINANCEIRAS,33631,80cd7ceaef74513e5d5c812511406e8a0a1ba7ce4ab7d65df73b692195953456
TR-33632,2025-03-17,2025-03-01,CTB,ACC-00168,DESPESA,2647.6032345575986,2647.6032345575986,BRL,Desconto concedido em operação de CTB,38,TED,CANCELADO,e6288577-83de-45f9-9cb7-fa62004b89b9,2025-04-05,ERP_CORPORATIVO,TRANSACOES_FINANCEIRAS,33632,bf3e5e3aaab1116ea542b4a18d66677c6beaf19ca7a623ca6c200e8f13a87eb5
TR-33633,2025-03-24,2025-03-01,CTB,ACC-00168,RECEITA,2347.7015166279566,2309.154101510137,BRL,Recebimento de subvenção - CTB,36,TED,PAGO,e6288577-83de-45f9-9cb7-fa62004b89b9,2025-04-05,ERP_CORPORATIVO,TRANSACOES_FINANCEIRAS,33633,fed5bc52b35180b45948eac231a0a80b89dd4e4f7c4394df168d597785760670
TR-33634,2025-03-13,2025-03-01,PRD,ACC-00168,RECEITA,2934.8833181671007,2833.223121072524,BRL,Despesa operacional - PRD,8,TRANSFERENCIA,PAGO,e6288577-83de-45f9-9cb7-fa62004b89b9,2025-04-05,ERP_CORPORATIVO,TRANSACOES_FINANCEIRAS,33634,cea52be43476dc0f63f7369615ec12d4eda106939d5972112f7f3c76e9bbb4b3
TR-33708,2025-03-10,2025-03-01,JUR,1000168,DESPESA,20182.360906624857,20182.360906624857,BRL,Reparo de hardware solicitado por JUR,28,PIX,PAGO,e6288577-83de-45f9-9cb7-fa62004b89b9,2025-04-05,ERP_CORPORATIVO,TRANSACOES_FINANCEIRAS,33708,e10d6c7827fb0618de52bc42d8359d7efdd359701814f288a0ea13dda8fb280a
TR-33709,2025-03-17,2025-03-01,COMP,1000168,DESPESA,7232.575045099579,7232.575045099579,BRL,Investimento em marketing corporativo (COMP),4,BOLETO,PAGO,e6288577-83de-45f9-9cb7-fa62004b89b9,2025-04-05,ERP_CORPORATIVO,TRANSACOES_FINANCEIRAS,33709,142455a7a75df58dc631683c2026209a3a9edc6ee8d73c38d28a30e47150a357
TR-33710,2025-03-19,2025-03-01,JUR,1000168,DESPESA,6453.562237792787,6134.43740480293,USD,Diária de hotel para equipe JUR,19,TRANSFERENCIA,ATRASADO,e6288577-83de-45f9-9cb7-fa62004b89b9,2025-04-05,ERP_CORPORATIVO,TRANSACOES_FINANCEIRAS,33710,a537e07a0fd68c973825fc47b27fadcd2b5556f3559f6258fc3291462058dd75
TR-33711,2025-03-14,2025-03-01,OP,1000168,DESPESA,6387.8380410221325,6387.8380410221325,USD,Material de marketing solicitado por OP,15,TRANSFERENCIA,PAGO,e6288577-83de-45f9-9cb7-fa62004b89b9,2025-04-05,ERP_CORPORATIVO,TRANSACOES_FINANCEIRAS,33711,b434cb8ba7b66886f649ccef710f07791e7b0c8588e769f57e38fe9abd7d97cb
TR-33712,2025-03-06,2025-03-01,RH,1000168,DESPESA,5627.000527337935,5627.000527337935,BRL,Compra de insumos para setor RH,2,BOLETO,PAGO,e6288577-83de-45f9-9cb7-fa62004b89b9,2025-04-05,ERP_CORPORATIVO,TRANSACOES_FINANCEIRAS,33712,7c04e53c3d6429e6ec4c3aad62eb94b932d6291f31c97096adbdfe4aa5789772
TR-33977,2025-03-11,2025-03-01,COMP,1000169,DESPESA,2143.3088460198087,2143.3088460198087,BRL,Suporte técnico para sistemas de COMP,29,PIX,PAGO,e6288577-83de-45f9-9cb7-fa62004b89b9,2025-04-05,ERP_CORPORATIVO,TRANSACOES_FINANCEIRAS,33977,81d1b275f79dd87cc9346b9066cdb6e63e4d9c009acd3c9704f40d8c4b34f651
TR-33978,2025-03-19,2025-03-01,FIN,1000169,RECEITA,1760.0177061190468,1682.1734784061048,BRL,Locação de espaço comercial - FIN,31,BOLETO,PAGO,e6288577-83de-45f9-9cb7-fa62004b89b9,2025-04-05,ERP_CORPORATIVO,TRANSACOES_FINANCEIRAS,33978,63b9e9480054361ba8a41891745842231217be740dc8b88d906cfc17b239610f
TR-33979,2025-03-12,2025-03-01,FIN,1000169,RECEITA,1694.113047532223,1664.2508684647091,BRL,Licenciamento de software - FIN,5,PIX,PAGO,e6288577-83de-45f9-9cb7-fa62004b89b9,2025-04-05,ERP_CORPORATIVO,TRANSACOES_FINANCEIRAS,33979,909f0a25b3a5ebb1facd9618e802737848457aca9d5154457658bc84617f7caf
TR-33980,2025-03-24,2025-03-01,OP,1000169,RECEITA,1837.5291630094698,1837.5291630094698,BRL,Honorarium advocatício - OP,24,TED,PAGO,e6288577-83de-45f9-9cb7-fa62004b89b9,2025-04-05,ERP_CORPORATIVO,TRANSACOES_FINANCEIRAS,33980,45d3c09877de13d759cf968f98439af0e8098b933b00eecceef5f1d9964ca3fa
TR-33981,2025-03-17,2025-03-01,PRD,1000169,RECEITA,2034.7405341808267,2034.7405341808267,BRL,Aquisição de material operacional - PRD,2,BOLETO,ATRASADO,e6288577-83de-45f9-9cb7-fa62004b89b9,2025-04-05,ERP_CORPORATIVO,TRANSACOES_FINANCEIRAS,33981,15591b99957a30dfd151b54729472cb4b0cb5528e569881f6fb4ef2448da2c26
TR-33982,2025-03-03,2025-03-01,ATD,1000169,RECEITA,1710.9944850186548,1646.9006248145668,BRL,Resultado de equivalência patrimonial - ATD,34,TED,ATRASADO,e6288577-83de-45f9-9cb7-fa62004b89b9,2025-04-05,ERP_CORPORATIVO,TRANSACOES_FINANCEIRAS,33982,bb73215a298288a0d28fed4619268053bd058600d59dd6ae0ff75f0f54cdcf2a
TR-33983,2025-03-21,2025-03-01,CPT,1000169,RECEITA,2204.191934985968,2204.191934985968,BRL,Participação nos resultados vinculada a CPT,34,TRANSFERENCIA,PAGO,e6288577-83de-45f9-9cb7-fa62004b89b9,2025-04-05,ERP_CORPORATIVO,TRANSACOES_FINANCEIRAS,33983,598e89967b8d011212637dd32ac84f80cf2878e6490d9f0d4f7c635b33eac19b
TR-33984,2025-03-05,2025-03-01,FIN,1000169,DESPESA,1802.161880013654,1802.161880013654,BRL,Taxas bancárias incidentes em FIN,22,TED,PAGO,e6288577-83de-45f9-9cb7-fa62004b89b9,2025-04-05,ERP_CORPORATIVO,TRANSACOES_FINANCEIRAS,33984,7fbf0cb886cdda267e49f82565799ae81e5aaa2761deacfbc0d01476ef60b9f8
TR-33985,2025-03-03,2025-03-01,TI,1000169,RECEITA,6673.999635668027,6673.999635668027,BRL,Alimentação em viagem corporativa - TI,20,BOLETO,PAGO,e6288577-83de-45f9-9cb7-fa62004b89b9,2025-04-05,ERP_CORPORATIVO,TRANSACOES_FINANCEIRAS,33985,608076af7db9e66f61dd55bd418bb8bef854ce2f223440403c0191e88a66e0bd
TR-33986,2025-03-13,2025-03-01,COMP,1000169,RECEITA,1844.8848496035419,1844.8848496035419,BRL,Capacitação profissional vinculada a COMP,30,BOLETO,PAGO,e6288577-83de-45f9-9cb7-fa62004b89b9,2025-04-05,ERP_CORPORATIVO,TRANSACOES_FINANCEIRAS,33986,a79314e84c9a495ae5a02654edade350e56724a2fe63df6f6ab774cc54485e04
TR-33987,2025-03-10,2025-03-01,SEC,1000169,DESPESA,1744.4847181327304,1744.4847181327304,BRL,Prestação de serviço para área SEC,1,PIX,ATRASADO,e6288577-83de-45f9-9cb7-fa62004b89b9,2025-04-05,ERP_CORPORATIVO,TRANSACOES_FINANCEIRAS,33987,5c98377cf60663a629639746d66639dec19b0eb3f49da405786c31d3d9158ec1
TR-33988,2025-03-10,2025-03-01,TI,1000169,RECEITA,1988.1150315525895,1964.8157749574943,BRL,Atendimento de TI requisitado por TI,29,BOLETO,ATRASADO,e6288577-83de-45f9-9cb7-fa62004b89b9,2025-04-05,ERP_CORPORATIVO,TRANSACOES_FINANCEIRAS,33988,e922dda758ef0c2b6ccd81255e5d742a7fa6867b788807f6add8c2a22eb460d8
TR-34090,2025-03-24,2025-03-01,CPT,ACC-00171,RECEITA,4800.883351312396,4800.883351312396,BRL,Despesa de infraestrutura - CPT,3,PIX,PAGO,e6288577-83de-45f9-9cb7-fa62004b89b9,2025-04-05,ERP_CORPORATIVO,TRANSACOES_FINANCEIRAS,34090,c2cd456590f5301232e46713bdf32c6a10e116a285cae15edf87be26654414a9
TR-34091,2025-03-17,2025-03-01,PJT,ACC-00171,DESPESA,5417.3126489256365,5417.3126489256365,BRL,Prestação de serviço para área PJT,1,BOLETO,PAGO,e6288577-83de-45f9-9cb7-fa62004b89b9,2025-04-05,ERP_CORPORATIVO,TRANSACOES_FINANCEIRAS,34091,f5ea15f831f832b9759cc7b8c559cda863f44c74e0f5bb8d635cc0f656c3f171
TR-34092,2025-03-19,2025-03-01,VND,ACC-00171,RECEITA,5358.657632581149,5150.570686688784,BRL,Compra de insumos para setor VND,2,BOLETO,ATRASADO,e6288577-83de-45f9-9cb7-fa62004b89b9,2025-04-05,ERP_CORPORATIVO,TRANSACOES_FINANCEIRAS,34092,df4b2dd19dfcd4299a4e3849583476f7fd2a8420baba69cfcfe48398f8379d93
TR-34185,2025-03-12,2025-03-01,COM,FORN-00172,DESPESA,2661.628205728342,2561.2400159001413,BRL,Recebimento de subvenção - COM,36,PIX,PAGO,e6288577-83de-45f9-9cb7-fa62004b89b9,2025-04-05,ERP_CORPORATIVO,TRANSACOES_FINANCEIRAS,34185,2f25defd9ab9d465cec8d08126538b7e0bb6f887be76a65a6974850907e8e668
TR-34186,2025-03-18,2025-03-01,CTB,FORN-00172,DESPESA,2435.345033267692,2361.249115658158,BRL,Encargos de empréstimo vinculados a CTB,23,CARTAO,PAGO,e6288577-83de-45f9-9cb7-fa62004b89b9,2025-04-05,ERP_CORPORATIVO,TRANSACOES_FINANCEIRAS,34186,63e4d8548562228d2a08935add0cfa715d19d4c229e6bacfc43741b4271a221f
TR-34187,2025-03-24,2025-03-01,COM,FORN-00172,RECEITA,2190.9502996661536,2190.9502996661536,BRL,Contrato de serviço - setor COM,1,PIX,PAGO,e6288577-83de-45f9-9cb7-fa62004b89b9,2025-04-05,ERP_CORPORATIVO,TRANSACOES_FINANCEIRAS,34187,ff704f90a7c09bbcee1bb29bc41846e120e3a2b881589adb3092998301c7e743
TR-34188,2025-03-25,2025-03-01,PRD,FORN-00172,DESPESA,2806.1365053472177,2806.1365053472177,BRL,Juros sobre operação financeira - PRD,23,TED,CANCELADO,e6288577-83de-45f9-9cb7-fa62004b89b9,2025-04-05,ERP_CORPORATIVO,TRANSACOES_FINANCEIRAS,34188,0807a634a26e2f83db3fd96e3596dc82cc25b19d84da630f5af3a677c5c16ccd
TR-34189,2025-03-18,2025-03-01,TI,FORN-00172,DESPESA,3188.081147763158,3188.081147763158,BRL,Suporte técnico para sistemas de TI,29,PIX,CANCELADO,e6288577-83de-45f9-9cb7-fa62004b89b9,2025-04-05,ERP_CORPORATIVO,TRANSACOES_FINANCEIRAS,34189,65fd16fad11a0f6936a9b6eb2a192a843746bc302323de45686a00811bfb6338
TR-34190,2025-03-14,2025-03-01,RH,FORN-00172,DESPESA,2721.2597979342145,2721.2597979342145,BRL,Manutenção predial solicitada por RH,10,TED,PAGO,e6288577-83de-45f9-9cb7-fa62004b89b9,2025-04-05,ERP_CORPORATIVO,TRANSACOES_FINANCEIRAS,34190,a0c061ea02b4359e9fa474b6af2be1048c1c95e172c2b59f5325223cb7400c7d
TR-34191,2025-03-24,2025-03-01,MKT,FORN-00172,DESPESA,2575.9543007881603,2523.6929062773306,USD,Aquisição de material operacional - MKT,2,BOLETO,PAGO,e6288577-83de-45f9-9cb7-fa62004b89b9,2025-04-05,ERP_CORPORATIVO,TRANSACOES_FINANCEIRAS,34191,f26e8729ce78017fa775ac839605e26f94f089da744f52cf3ae3a78d867dcd56
TR-34192,2025-03-13,2025-03-01,FIN,FORN-00172,DESPESA,2474.1380530424826,2444.9176211576005,BRL,Serviço especializado solicitado por FIN,1,PIX,PAGO,e6288577-83de-45f9-9cb7-fa62004b89b9,2025-04-05,ERP_CORPORATIVO,TRANSACOES_FINANCEIRAS,34192,9e0dd58e0d283e3a3ea084b076b4bb965dcecfc226e486132c3056a5382c6bee
TR-34193,2025-03-11,2025-03-01,JUR,FORN-00172,DESPESA,3093.2984091083354,3093.2984091083354,BRL,Receita eventual registrada em JUR,37,TRANSFERENCIA,PAGO,e6288577-83de-45f9-9cb7-fa62004b89b9,2025-04-05,ERP_CORPORATIVO,TRANSACOES_FINANCEIRAS,34193,231cf436c91642efda0a5e21943a5c2739fab54bb244f7252b63facf04fbbcc0
TR-34544,2025-03-25,2025-03-01,COM,FORN-00173,RECEITA,2305.229447029687,2305.229447029687,BRL,Contrato de SaaS vinculado a COM,27,TED,PAGO,e6288577-83de-45f9-9cb7-fa62004b89b9,2025-04-05,ERP_CORPORATIVO,TRANSACOES_FINANCEIRAS,34544,155026120b28140144ec7f36c7d9c181e156c4179b72a64faa1862ed6dd004aa
TR-34545,2025-03-10,2025-03-01,ADM,FORN-00173,RECEITA,2244.8940854061952,2136.1378345171156,BRL,Contrato de serviço - setor ADM,1,BOLETO,ATRASADO,e6288577-83de-45f9-9cb7-fa62004b89b9,2025-04-05,ERP_CORPORATIVO,TRANSACOES_FINANCEIRAS,34545,48fb0d78a44156665d9748820acecd162d6c2cdd0fb5c5a55fc9360efc00036a
TR-34546,2025-03-17,2025-03-01,TI,FORN-00173,DESPESA,2669.300822734539,2574.4308082836146,BRL,Serviço de tecnologia contratado por TI,5,PIX,CANCELADO,e6288577-83de-45f9-9cb7-fa62004b89b9,2025-04-05,ERP_CORPORATIVO,TRANSACOES_FINANCEIRAS,34546,331f418b96cf73380d59abc238278c7f513403a1b2657e46a5c1ba193aa72a70
TR-34547,2025-03-13,2025-03-01,FIN,FORN-00173,DESPESA,2219.964880752019,2130.4134891732238,BRL,Contrato de serviço - setor FIN,1,BOLETO,ATRASADO,e6288577-83de-45f9-9cb7-fa62004b89b9,2025-04-05,ERP_CORPORATIVO,TRANSACOES_FINANCEIRAS,34547,515180044462632c7ed473563194d57a6458071c09ebb32ac4fd8a992800ff9d
TR-34548,2025-03-04,2025-03-01,ADM,FORN-00173,DESPESA,2452.6270322584687,2452.6270322584687,BRL,Serviço de tecnologia contratado por ADM,5,TED,PAGO,e6288577-83de-45f9-9cb7-fa62004b89b9,2025-04-05,ERP_CORPORATIVO,TRANSACOES_FINANCEIRAS,34548,a117116076486a4279e744733db0ccec03117d6349133559ef8ee0047bd07c59
TR-34549,2025-03-17,2025-03-01,CTB,FORN-00173,DESPESA,2520.7654988233135,2520.7654988233135,BRL,Prestação de serviço para área CTB,1,TRANSFERENCIA,PAGO,e6288577-83de-45f9-9cb7-fa62004b89b9,2025-04-05,ERP_CORPORATIVO,TRANSACOES_FINANCEIRAS,34549,f82de5eb0a8085440618732fce67b714709bc4e1346d5392c71b8f70fb81c816
TR-34550,2025-03-20,2025-03-01,ESG,FORN-00173,RECEITA,4449.489270271822,4449.489270271822,BRL,Prestação de serviço para área ESG,1,BOLETO,PAGO,e6288577-83de-45f9-9cb7-fa62004b89b9,2025-04-05,ERP_CORPORATIVO,TRANSACOES_FINANCEIRAS,34550,3f262d6c2bd5abf7fdce484e364e093e56f1ae2acb2159c0dd2493cbf11f4a89
TR-34551,2025-03-24,2025-03-01,PES,FORN-00173,DESPESA,2184.242629139859,2184.242629139859,BRL,Custo operacional associado a PES,8,TED,PAGO,e6288577-83de-45f9-9cb7-fa62004b89b9,2025-04-05,ERP_CORPORATIVO,TRANSACOES_FINANCEIRAS,34551,645450fa6d3e37c74624d9dd53fda363058532f19c0ae066dc8440d27eacee7b
TR-34552,2025-03-17,2025-03-01,OP,FORN-00173,DESPESA,2254.754748522305,2254.754748522305,BRL,Custo operacional associado a OP,8,PIX,PAGO,e6288577-83de-45f9-9cb7-fa62004b89b9,2025-04-05,ERP_CORPORATIVO,TRANSACOES_FINANCEIRAS,34552,05fb8c1df96e91d9b4769acff259126fbe07d67d0147dad691381f883fb278f2
TR-34553,2025-03-18,2025-03-01,MKT,FORN-00173,DESPESA,2385.741725178381,2385.741725178381,BRL,Abastecimento de veículos - MKT,16,BOLETO,PAGO,e6288577-83de-45f9-9cb7-fa62004b89b9,2025-04-05,ERP_CORPORATIVO,TRANSACOES_FINANCEIRAS,34553,8188cafd3cfc10c6fd5e070911c9f6bf70de88b074ba9e43bab216fe07ab585a
TR-34554,2025-03-10,2025-03-01,JUR,FORN-00173,DESPESA,2217.2099566618454,2217.2099566618454,BRL,Licença de software para área JUR,27,PIX,PAGO,e6288577-83de-45f9-9cb7-fa62004b89b9,2025-04-05,ERP_CORPORATIVO,TRANSACOES_FINANCEIRAS,34554,9d7126ac015d39436aab530b6a2965043f616773d2151627149cf722339216a3
TR-34555,2025-03-10,2025-03-01,COMP,FORN-00173,DESPESA,2050.6858101160115,2050.6858101160115,BRL,Honorarium advocatício - COMP,24,PIX,PAGO,e6288577-83de-45f9-9cb7-fa62004b89b9,2025-04-05,ERP_CORPORATIVO,TRANSACOES_FINANCEIRAS,34555,1bfc70e6647d7c2e40feb74b603278f7b0e793575f6bfbd42cc5a0559c51c326
TR-34556,2025-03-20,2025-03-01,COM,FORN-00173,RECEITA,2127.642288977712,2127.642288977712,BRL,Juros sobre operação financeira - COM,23,BOLETO,PAGO,e6288577-83de-45f9-9cb7-fa62004b89b9,2025-04-05,ERP_CORPORATIVO,TRANSACOES_FINANCEIRAS,34556,18242bb1f97c40f7ce3612b8ea8c52d66fc37455ea481ccc3cb5b02014532f78
TR-34557,2025-03-10,2025-03-01,COMP,FORN-00173,DESPESA,2585.049669530403,2544.2064546315783,BRL,Doação recebida em favor de COMP,36,TRANSFERENCIA,PAGO,e6288577-83de-45f9-9cb7-fa62004b89b9,2025-04-05,ERP_CORPORATIVO,TRANSACOES_FINANCEIRAS,34557,a1a78206a43e83b2354b8739f2ab34e4d12ff1958d7e90b9c5fc2b7d309e02df
TR-34558,2025-03-17,2025-03-01,OP,FORN-00173,DESPESA,2894.885574995507,2894.885574995507,BRL,Reparo de frota vinculado à área OP,17,PIX,PAGO,e6288577-83de-45f9-9cb7-fa62004b89b9,2025-04-05,ERP_CORPORATIVO,TRANSACOES_FINANCEIRAS,34558,40ec237b5b9af8433d5fa8ddaba4fec75ffc2042ae0b8e1a03b52a99075e9146
TR-34893,2025-03-20,2025-03-01,RH,1000173,RECEITA,1429.0597667727625,1429.0597667727625,BRL,Aquisição de material operacional - RH,2,PIX,PAGO,e6288577-83de-45f9-9cb7-fa62004b89b9,2025-04-05,ERP_CORPORATIVO,TRANSACOES_FINANCEIRAS,34893,f1a719ab995855e7f5b1fef44b45c76a0a3a37d85244c3557ea24e66425a9c1a
TR-34894,2025-03-27,2025-03-01,OP,1000173,DESPESA,1655.4809288777096,1623.361433164382,BRL,Suporte técnico para sistemas de OP,29,TED,PAGO,e6288577-83de-45f9-9cb7-fa62004b89b9,2025-04-05,ERP_CORPORATIVO,TRANSACOES_FINANCEIRAS,34894,960c1d019edd30de5e268fd661f289558365ad52d077179c78876490eaf18420
TR-34895,2025-03-17,2025-03-01,MKT,1000173,RECEITA,1361.0233706608121,1340.5395797909953,BRL,Abastecimento de veículos - MKT,16,TRANSFERENCIA,ATRASADO,e6288577-83de-45f9-9cb7-fa62004b89b9,2025-04-05,ERP_CORPORATIVO,TRANSACOES_FINANCEIRAS,34895,02749d2ec71dc043904bc34bcdb526c559329f3defc40b6a29b9f84a58c92acd
TR-34896,2025-03-10,2025-03-01,PES,1000173,RECEITA,1538.2140605837353,1498.9984110460605,BRL,Alimentação em viagem corporativa - PES,20,BOLETO,CANCELADO,e6288577-83de-45f9-9cb7-fa62004b89b9,2025-04-05,ERP_CORPORATIVO,TRANSACOES_FINANCEIRAS,34896,0c03dcbace8b7c080cfbe7a6b56dc60c676fc7f5861a4a045297b12c8de23ff8
TR-34897,2025-03-17,2025-03-01,MKT,1000173,DESPESA,1507.318916205542,1507.318916205542,BRL,Receita eventual registrada em MKT,37,PIX,PAGO,e6288577-83de-45f9-9cb7-fa62004b89b9,2025-04-05,ERP_CORPORATIVO,TRANSACOES_FINANCEIRAS,34897,83d8a017dda762955dbfc85a01580eeccf299dc1d17731e0ac80008ccfe2a816
TR-34898,2025-03-04,2025-03-01,COM,1000173,RECEITA,1398.9403089106356,1398.9403089106356,BRL,Suporte técnico para sistemas de COM,29,CARTAO,PAGO,e6288577-83de-45f9-9cb7-fa62004b89b9,2025-04-05,ERP_CORPORATIVO,TRANSACOES_FINANCEIRAS,34898,094e35ff6eab478d9db1aa5f37a27e98fa953bd289fe1fbd65fd918092fef67b
TR-34899,2025-03-17,2025-03-01,MKT,1000173,RECEITA,1508.769880324486,1508.769880324486,BRL,Despesa operacional - MKT,8,PIX,PAGO,e6288577-83de-45f9-9cb7-fa62004b89b9,2025-04-05,ERP_CORPORATIVO,TRANSACOES_FINANCEIRAS,34899,abf9ed08df077ade661b0a8693cae9bdf35aacebd38357963bc95db721c04b48
TR-34900,2025-03-24,2025-03-01,LOG,1000173,DESPESA,1661.3657871878122,1590.2757364445563,BRL,Royalties recebidos por LOG,32,CARTAO,ATRASADO,e6288577-83de-45f9-9cb7-fa62004b89b9,2025-04-05,ERP_CORPORATIVO,TRANSACOES_FINANCEIRAS,34900,43be30c2d32d96cc6a1a9283be0ff2b124d633f715b30773d5ebbe48205b8a88
TR-34901,2025-03-20,2025-03-01,ATD,1000173,DESPESA,1703.9811134933861,1671.6716986529975,BRL,Investimento em marketing corporativo (ATD),4,BOLETO,ATRASADO,e6288577-83de-45f9-9cb7-fa62004b89b9,2025-04-05,ERP_CORPORATIVO,TRANSACOES_FINANCEIRAS,34901,ae32bbfb2ff622b156452f189217a3991af938761ebcb5f0a933617a04d51bf0
TR-34902,2025-03-05,2025-03-01,TI,1000173,RECEITA,1505.0607243111672,1505.0607243111672,BRL,Produção de material gráfico - TI,15,CARTAO,ATRASADO,e6288577-83de-45f9-9cb7-fa62004b89b9,2025-04-05,ERP_CORPORATIVO,TRANSACOES_FINANCEIRAS,34902,3670dcdc319547fdb8e3f64aa332708772bb2d59e74ed68bf2258dc9b66ed1e6
TR-34903,2025-03-17,2025-03-01,VND,1000173,RECEITA,1513.7989220776371,1513.7989220776371,BRL,Promoção e atividade externa - VND,14,TED,PAGO,e6288577-83de-45f9-9cb7-fa62004b89b9,2025-04-05,ERP_CORPORATIVO,TRANSACOES_FINANCEIRAS,34903,fa6a8dcf2a1cdccaa471f6a578c0be6ae6e01244d2334556270ae421c3c5e630
TR-34904,2025-03-04,2025-03-01,PRD,1000173,DESPESA,1270.4770463919724,1270.4770463919724,BRL,Suporte técnico para sistemas de PRD,29,BOLETO,PAGO,e6288577-83de-45f9-9cb7-fa62004b89b9,2025-04-05,ERP_CORPORATIVO,TRANSACOES_FINANCEIRAS,34904,5b0868a3e74975393007f87848fee22a98861c4d8c48ee7776b090afae8e77fc
TR-34905,2025-03-20,2025-03-01,FIN,1000173,RECEITA,1569.4334505959387,1569.4334505959387,BRL,Venda de ativo imobilizado por FIN,35,TED,PAGO,e6288577-83de-45f9-9cb7-fa62004b89b9,2025-04-05,ERP_CORPORATIVO,TRANSACOES_FINANCEIRAS,34905,93f9a216fef97fd31b669bbad5297fcde1048be9ae68463376d4f9d09f32c620
TR-34906,2025-03-25,2025-03-01,LOG,1000173,DESPESA,1487.0279314579955,1487.0279314579955,BRL,Receita eventual registrada em LOG,37,PIX,PAGO,e6288577-83de-45f9-9cb7-fa62004b89b9,2025-04-05,ERP_CORPORATIVO,TRANSACOES_FINANCEIRAS,34906,fb253be427e93d29d45dc206edc8c148798003eba1905037899b570d1f03aae3
TR-35142,2025-03-14,2025-03-01,COMP,1000174,RECEITA,13810.718841007241,13810.718841007241,BRL,Serviço especializado solicitado por COMP,1,TED,PAGO,e6288577-83de-45f9-9cb7-fa62004b89b9,2025-04-05,ERP_CORPORATIVO,TRANSACOES_FINANCEIRAS,35142,cae7f882c60ba33ea91efdbb9acea6d9ba9365d7a9e7e053a6cb4024281310bb
TR-35143,2025-03-20,2025-03-01,TI,1000174,DESPESA,11995.991458193172,11646.94658530604,BRL,Devolução de venda processada por TI,39,PIX,PAGO,e6288577-83de-45f9-9cb7-fa62004b89b9,2025-04-05,ERP_CORPORATIVO,TRANSACOES_FINANCEIRAS,35143,83fc99dcb446a5e59aeff5902106ec0c04dd0787d605ea6c9dc32227c60689a3
TR-35144,2025-03-24,2025-03-01,FIN,1000174,DESPESA,11731.903526430056,11731.903526430056,BRL,Resultado de equivalência patrimonial - FIN,34,PIX,PAGO,e6288577-83de-45f9-9cb7-fa62004b89b9,2025-04-05,ERP_CORPORATIVO,TRANSACOES_FINANCEIRAS,35144,6c73713d49ddcf7d1aaa9bfe97b3d7143c17c3bf9759e6611c564e78c4aeb68e
TR-35145,2025-03-10,2025-03-01,PRD,1000174,RECEITA,11738.729163266442,11738.729163266442,BRL,Taxas bancárias incidentes em PRD,22,PIX,ATRASADO,e6288577-83de-45f9-9cb7-fa62004b89b9,2025-04-05,ERP_CORPORATIVO,TRANSACOES_FINANCEIRAS,35145,1a49ef766d1450407be654d83f7faf075b9afb371bab2bb4465e4e7baad8adca
TR-35146,2025-03-13,2025-03-01,JUR,1000174,DESPESA,10329.054869094947,10329.054869094947,BRL,Assessoria legal vinculada à área JUR,7,PIX,PAGO,e6288577-83de-45f9-9cb7-fa62004b89b9,2025-04-05,ERP_CORPORATIVO,TRANSACOES_FINANCEIRAS,35146,519f62c2ebf4e2b08b6e80c4f018e0894fb165c7542b4c39530bb95229b3097d
TR-35363,2025-03-12,2025-03-01,CPT,FORN-00176,DESPESA,2172.588687171979,2078.3774757142637,BRL,Taxas bancárias incidentes em CPT,22,BOLETO,CANCELADO,e6288577-83de-45f9-9cb7-fa62004b89b9,2025-04-05,ERP_CORPORATIVO,TRANSACOES_FINANCEIRAS,35363,c34db8641894e817892f54b545debecbf37c436e3b0a1f18df14273f78523224
TR-35364,2025-03-17,2025-03-01,RH,FORN-00176,DESPESA,1994.4494807859344,1956.287124811466,BRL,Receita extraordinária - RH,37,TRANSFERENCIA,PAGO,e6288577-83de-45f9-9cb7-fa62004b89b9,2025-04-05,ERP_CORPORATIVO,TRANSACOES_FINANCEIRAS,35364,64458c4e2f32269a8b1e11c1f585757e026050f41046407ace420b15e8b6269a
TR-35365,2025-03-10,2025-03-01,ATD,FORN-00176,RECEITA,2187.1341287545424,2187.1341287545424,BRL,Serviço técnico especializado para ATD,11,BOLETO,PAGO,e6288577-83de-45f9-9cb7-fa62004b89b9,2025-04-05,ERP_CORPORATIVO,TRANSACOES_FINANCEIRAS,35365,5ecbbc01fc56618b341aaa6a8aca2789071e38f85355d2d7c2deab50d6f5c46d
TR-35366,2025-03-13,2025-03-01,MKT,FORN-00176,DESPESA,2552.06821218281,2507.5145877499945,BRL,Contrato de SaaS vinculado a MKT,27,PIX,PAGO,e6288577-83de-45f9-9cb7-fa62004b89b9,2025-04-05,ERP_CORPORATIVO,TRANSACOES_FINANCEIRAS,35366,a5e9d695e477ee5a7d8e5895014009a6eb185fcfbbe472fa7018b1991084e8bd
TR-35367,2025-03-18,2025-03-01,FIN,FORN-00176,DESPESA,2294.8463076973403,2294.8463076973403,BRL,Propaganda e divulgação para área FIN,13,PIX,PAGO,e6288577-83de-45f9-9cb7-fa62004b89b9,2025-04-05,ERP_CORPORATIVO,TRANSACOES_FINANCEIRAS,35367,7793ebd9e6dc490c8f959e7474f7f8c9ef3787087058694d0aedfb5774c07593
TR-35368,2025-03-12,2025-03-01,RH,FORN-00176,DESPESA,5649.039222757524,5649.039222757524,USD,Receita eventual registrada em RH,37,BOLETO,PAGO,e6288577-83de-45f9-9cb7-fa62004b89b9,2025-04-05,ERP_CORPORATIVO,TRANSACOES_FINANCEIRAS,35368,9b7a2d4e6f8623783da3d7952608bacf8b7e667824f6acb0fa921e89b9e70d8e
TR-35369,2025-03-24,2025-03-01,OP,FORN-00176,DESPESA,2496.3560016808706,2496.3560016808706,BRL,Alimentação em viagem corporativa - OP,20,TRANSFERENCIA,ATRASADO,e6288577-83de-45f9-9cb7-fa62004b89b9,2025-04-05,ERP_CORPORATIVO,TRANSACOES_FINANCEIRAS,35369,2e218e96f30f367c6eb95eec06ca1e729d776715867181d4cd9013090f136f7a
TR-35370,2025-03-04,2025-03-01,SEC,FORN-00176,RECEITA,2331.7106954945134,2240.897393967232,BRL,Suporte técnico para sistemas de SEC,29,PIX,ATRASADO,e6288577-83de-45f9-9cb7-fa62004b89b9,2025-04-05,ERP_CORPORATIVO,TRANSACOES_FINANCEIRAS,35370,763b3c360355e7ecf9372e838bcb3755c14c7feb3b3f9c1cd18cf35bfaee102f
TR-35371,2025-03-20,2025-03-01,OP,FORN-00176,RECEITA,2162.153169778665,2162.153169778665,BRL,Despesa operacional - OP,8,TED,PAGO,e6288577-83de-45f9-9cb7-fa62004b89b9,2025-04-05,ERP_CORPORATIVO,TRANSACOES_FINANCEIRAS,35371,a8aa78892f1d44a3ea831c03f73ec58588e10f197181f8e25f9b2ef977f114da
TR-35687,2025-03-14,2025-03-01,COM,1000176,DESPESA,2336.331613379033,2219.797846493418,BRL,Serviço relacionado a recursos humanos (COM),6,TRANSFERENCIA,PAGO,e6288577-83de-45f9-9cb7-fa62004b89b9,2025-04-05,ERP_CORPORATIVO,TRANSACOES_FINANCEIRAS,35687,29cdf460626b346f4f032198b85f7343ed424c78a1175ee173e486f6d6e7612f
TR-35688,2025-03-20,2025-03-01,PES,1000176,DESPESA,2296.7055569914883,2296.7055569914883,BRL,Despesa operacional - PES,8,CARTAO,PAGO,e6288577-83de-45f9-9cb7-fa62004b89b9,2025-04-05,ERP_CORPORATIVO,TRANSACOES_FINANCEIRAS,35688,aa2b1142da94cdc3a12de1ada1ebed98544020f0023ee6d92ff1f24147894832
TR-35689,2025-03-04,2025-03-01,OP,1000176,RECEITA,2131.073001682978,2131.073001682978,BRL,Doação recebida em favor de OP,36,CARTAO,PAGO,e6288577-83de-45f9-9cb7-fa62004b89b9,2025-04-05,ERP_CORPORATIVO,TRANSACOES_FINANCEIRAS,35689,5c9f70f696d9a340f3e07456a2508168998516b6ae63301904bb38f3c186d798
TR-35690,2025-03-06,2025-03-01,MKT,1000176,DESPESA,2275.429384932264,2275.429384932264,BRL,Abastecimento de veículos - MKT,16,TED,PAGO,e6288577-83de-45f9-9cb7-fa62004b89b9,2025-04-05,ERP_CORPORATIVO,TRANSACOES_FINANCEIRAS,35690,5b1b5d798156fefe5b8d0e9600d21ddf1d71877af1e1276226a79a8c5b0c8fd8
TR-35691,2025-03-17,2025-03-01,PJT,1000176,RECEITA,2396.153119464751,2309.0107102752713,BRL,Manutenção estrutural vinculada à área PJT,3,PIX,ATRASADO,e6288577-83de-45f9-9cb7-fa62004b89b9,2025-04-05,ERP_CORPORATIVO,TRANSACOES_FINANCEIRAS,35691,a5f7468c4e5658b3157910b320e8db8bc5cba273ccbccba944b948ac3eb3cd65
TR-35692,2025-03-12,2025-03-01,OP,1000176,DESPESA,2141.669530718825,2141.669530718825,BRL,Encargos de empréstimo vinculados a OP,23,BOLETO,PAGO,e6288577-83de-45f9-9cb7-fa62004b89b9,2025-04-05,ERP_CORPORATIVO,TRANSACOES_FINANCEIRAS,35692,ddc9f0cc36b63560b19efd1111dafcdb6b24b940855fcc622704e9dbde508e65
TR-35693,2025-03-17,2025-03-01,ESG,1000176,RECEITA,2349.162934998859,2349.162934998859,BRL,Custo operacional associado a ESG,8,TED,PAGO,e6288577-83de-45f9-9cb7-fa62004b89b9,2025-04-05,ERP_CORPORATIVO,TRANSACOES_FINANCEIRAS,35693,f153b1a58a409ad260e6dab4b136c5bbca353184740726d8b21bdf628a2937da
TR-35694,2025-03-14,2025-03-01,RH,1000176,DESPESA,1856.6242279251205,1831.4121345799822,BRL,Participação nos resultados vinculada a RH,34,TED,PAGO,e6288577-83de-45f9-9cb7-fa62004b89b9,2025-04-05,ERP_CORPORATIVO,TRANSACOES_FINANCEIRAS,35694,8a0fc79bbf5255ec231d9b7bbfeb57aba38ccb6cf93b0e51fa8645b83c7651d0
TR-35695,2025-03-10,2025-03-01,PES,1000176,RECEITA,2360.5264296269993,2272.3240616248677,BRL,Viagem corporativa - PES,18,TED,PAGO,e6288577-83de-45f9-9cb7-fa62004b89b9,2025-04-05,ERP_CORPORATIVO,TRANSACOES_FINANCEIRAS,35695,b29be8b13a6d42d6543e2c9916b2f2f206df00ac7eb2c5136080dfc853ae0282
TR-35696,2025-03-17,2025-03-01,RH,1000176,DESPESA,1957.932696704403,1957.932696704403,BRL,Doação recebida em favor de RH,36,TRANSFERENCIA,CANCELADO,e6288577-83de-45f9-9cb7-fa62004b89b9,2025-04-05,ERP_CORPORATIVO,TRANSACOES_FINANCEIRAS,35696,4469493c05dc1c8115f39a17a19d5f3246142a1aaf4cb4316903bf97a33d0017
TR-35697,2025-03-25,2025-03-01,CTB,1000176,RECEITA,1856.2227108364712,1856.2227108364712,BRL,Venda de ativo imobilizado por CTB,35,BOLETO,ATRASADO,e6288577-83de-45f9-9cb7-fa62004b89b9,2025-04-05,ERP_CORPORATIVO,TRANSACOES_FINANCEIRAS,35697,966372856bd640f13e6d07bf1bbeae2f08496cfffe11fbdafafada8442c8e0e3
TR-35698,2025-03-17,2025-03-01,ADM,1000176,DESPESA,2056.640434954142,1963.9743907263007,BRL,Combustível e lubrificantes para frota (ADM),16,PIX,PAGO,e6288577-83de-45f9-9cb7-fa62004b89b9,2025-04-05,ERP_CORPORATIVO,TRANSACOES_FINANCEIRAS,35698,a8e3bbb3b2a4f373293b965a86870b713e21ad71cf4ee995fc1850dd299a4d83
TR-35699,2025-03-18,2025-03-01,ADM,1000176,RECEITA,2159.1646869868296,2104.400258647949,BRL,Despesa operacional - ADM,8,PIX,PAGO,e6288577-83de-45f9-9cb7-fa62004b89b9,2025-04-05,ERP_CORPORATIVO,TRANSACOES_FINANCEIRAS,35699,d09011023cfe23b0fdc09672dada06204db351a1f3f3c21433c11fb4b5c08305
TR-35700,2025-03-13,2025-03-01,FIN,1000176,RECEITA,2186.8411555968964,2085.7461461993325,BRL,Manutenção estrutural vinculada à área FIN,3,PIX,ATRASADO,e6288577-83de-45f9-9cb7-fa62004b89b9,2025-04-05,ERP_CORPORATIVO,TRANSACOES_FINANCEIRAS,35700,ff88900a4ee6498cee4c18533edcb752541e47929d1d9beb48bd1130c57e7824
TR-35842,2025-03-27,2025-03-01,ADM,FORN-00178,DESPESA,346.78523575901954,346.78523575901954,USD,Tarifas de serviços financeiros - ADM,22,BOLETO,PAGO,e6288577-83de-45f9-9cb7-fa62004b89b9,2025-04-05,ERP_CORPORATIVO,TRANSACOES_FINANCEIRAS,35842,844ecf8fa13d1db223fc42db11386d1d3b296ebfd90d4000da52e88cc45b4b24
TR-35843,2025-03-24,2025-03-01,OP,FORN-00178,DESPESA,319.31319809416965,309.4831853146516,BRL,Juros sobre operação financeira - OP,23,PIX,ATRASADO,e6288577-83de-45f9-9cb7-fa62004b89b9,2025-04-05,ERP_CORPORATIVO,TRANSACOES_FINANCEIRAS,35843,c7447d366dcee35278cfd498fe8b4ea955d361eeebaa21836318f337444d5000
TR-35844,2025-03-11,2025-03-01,CTB,FORN-00178,RECEITA,352.2885276953646,352.2885276953646,BRL,Receita de comissão comercial - CTB,33,CARTAO,PAGO,e6288577-83de-45f9-9cb7-fa62004b89b9,2025-04-05,ERP_CORPORATIVO,TRANSACOES_FINANCEIRAS,35844,af4541166ca5a5d819240e9aa6cb206a363ef61716826a088ecb948c2683a107
TR-35845,2025-03-17,2025-03-01,LOG,FORN-00178,DESPESA,368.7465138854028,352.95415952019914,BRL,Tributo incidente sobre receita de LOG,40,BOLETO,PAGO,e6288577-83de-45f9-9cb7-fa62004b89b9,2025-04-05,ERP_CORPORATIVO,TRANSACOES_FINANCEIRAS,35845,e77d004ef2e3c1db2901587f3a2ba7ef3ea266d8041d6a50cb0719fb1e5f414b
TR-35846,2025-03-17,2025-03-01,RH,FORN-00178,DESPESA,369.6526857269792,369.6526857269792,BRL,Abastecimento de veículos - RH,16,CARTAO,PAGO,e6288577-83de-45f9-9cb7-fa62004b89b9,2025-04-05,ERP_CORPORATIVO,TRANSACOES_FINANCEIRAS,35846,64d349e0cadf11879caa947a74c4fd46378f1d90f8cae06b9cc125588ee1c355
TR-35847,2025-03-03,2025-03-01,COM,FORN-00178,DESPESA,388.0052884285573,388.0052884285573,BRL,Despesa operacional - COM,8,CARTAO,PAGO,e6288577-83de-45f9-9cb7-fa62004b89b9,2025-04-05,ERP_CORPORATIVO,TRANSACOES_FINANCEIRAS,35847,e0b048fcf201b5ac455177715d9ce460fa751c77974eaa3328b51da7db9cab41
TR-35848,2025-03-07,2025-03-01,RH,FORN-00178,RECEITA,347.2601245815083,347.2601245815083,BRL,Honorarium advocatício - RH,24,BOLETO,PAGO,e6288577-83de-45f9-9cb7-fa62004b89b9,2025-04-05,ERP_CORPORATIVO,TRANSACOES_FINANCEIRAS,35848,8b9e289815668db1fd31525ab3c2b9501567221930f3da721b6c114c88648a7d
TR-35849,2025-03-17,2025-03-01,OP,FORN-00178,DESPESA,315.24136213765684,315.24136213765684,BRL,Aquisição de material operacional - OP,2,BOLETO,PAGO,e6288577-83de-45f9-9cb7-fa62004b89b9,2025-04-05,ERP_CORPORATIVO,TRANSACOES_FINANCEIRAS,35849,56b7548af66164f585129b86d909b0bbae22278804646d32aa375892d8a9988f
TR-35850,2025-03-17,2025-03-01,VND,FORN-00178,RECEITA,303.58678385979744,290.6926695481609,USD,Prestação de serviço para área VND,1,BOLETO,PAGO,e6288577-83de-45f9-9cb7-fa62004b89b9,2025-04-05,ERP_CORPORATIVO,TRANSACOES_FINANCEIRAS,35850,103308ba15c3ad0efa299741159e7977dbae7b82c431685b88cb3be720eebea2
TR-35851,2025-03-17,2025-03-01,VND,FORN-00178,DESPESA,332.9306619910043,332.9306619910043,BRL,Manutenção estrutural vinculada à área VND,3,PIX,PAGO,e6288577-83de-45f9-9cb7-fa62004b89b9,2025-04-05,ERP_CORPORATIVO,TRANSACOES_FINANCEIRAS,35851,572538f7e78c2b9579ebfd2dc2590c62219feb43eabd945cb4d3ddf6d9e0fb75
TR-36168,2025-03-03,2025-03-01,SEC,1000179,DESPESA,8808.804610767378,8514.246127748034,BRL,Serviço de tecnologia contratado por SEC,5,CARTAO,PAGO,e6288577-83de-45f9-9cb7-fa62004b89b9,2025-04-05,ERP_CORPORATIVO,TRANSACOES_FINANCEIRAS,36168,06495888975385e0a63df5c64b773fad3fd09489ecda4ce2161d5e5ca054c249
TR-36169,2025-03-17,2025-03-01,QAS,1000179,RECEITA,9402.831235542551,9402.831235542551,USD,Aquisição de material operacional - QAS,2,TRANSFERENCIA,PAGO,e6288577-83de-45f9-9cb7-fa62004b89b9,2025-04-05,ERP_CORPORATIVO,TRANSACOES_FINANCEIRAS,36169,c985ee2a6ad96e905ec848c32d6881921f558577afe81ca52f9ee750f997df05
TR-36170,2025-03-19,2025-03-01,CPT,1000179,RECEITA,7209.833370351642,7055.245701907288,BRL,Serviço de tecnologia contratado por CPT,5,TED,ATRASADO,e6288577-83de-45f9-9cb7-fa62004b89b9,2025-04-05,ERP_CORPORATIVO,TRANSACOES_FINANCEIRAS,36170,3ce2402d86bcd81cbca1219c99ee0e6137a792305d77b6871cdcc93129630fdc
TR-36171,2025-03-12,2025-03-01,RH,1000179,RECEITA,7417.914520545069,7417.914520545069,BRL,Evento corporativo organizado por RH,14,PIX,ATRASADO,e6288577-83de-45f9-9cb7-fa62004b89b9,2025-04-05,ERP_CORPORATIVO,TRANSACOES_FINANCEIRAS,36171,02bc8cf78ca30f8d1883d2131bc6346d10ae69f99d0298e120ba4c4f28a1805e
TR-36172,2025-03-10,2025-03-01,PES,1000179,DESPESA,8060.816242119849,8060.816242119849,USD,Seguro contratado pela área PES,21,PIX,PAGO,e6288577-83de-45f9-9cb7-fa62004b89b9,2025-04-05,ERP_CORPORATIVO,TRANSACOES_FINANCEIRAS,36172,ec4b4f6e85c0259a04c518fdf27ea2245b54375ff97f50d518a27f103c206ac2
TR-36173,2025-03-04,2025-03-01,OP,1000179,RECEITA,6619.8326817101015,6619.8326817101015,BRL,Seguro contratado pela área OP,21,TRANSFERENCIA,CANCELADO,e6288577-83de-45f9-9cb7-fa62004b89b9,2025-04-05,ERP_CORPORATIVO,TRANSACOES_FINANCEIRAS,36173,6232473fe8c7372575c16d9e51ea9b239d4b7a96777340456a75e84cb30e6f10
TR-36174,2025-03-24,2025-03-01,PES,1000179,DESPESA,9891.120090974693,9891.120090974693,BRL,Imposto sobre venda apurado em PES,40,TED,PAGO,e6288577-83de-45f9-9cb7-fa62004b89b9,2025-04-05,ERP_CORPORATIVO,TRANSACOES_FINANCEIRAS,36174,a66fc1e8432c8bb619a8793dc6866437d844e5130c94040eab5142fcc5cab915
TR-36175,2025-03-17,2025-03-01,QAS,1000179,DESPESA,7991.58700671384,7991.58700671384,BRL,Estorno de receita - QAS,39,BOLETO,PAGO,e6288577-83de-45f9-9cb7-fa62004b89b9,2025-04-05,ERP_CORPORATIVO,TRANSACOES_FINANCEIRAS,36175,2b585eac5052aa2d415aea285fc32df92a07984659214afa856053dcd588ab8e
TR-36176,2025-03-05,2025-03-01,CPT,1000179,DESPESA,8065.498910735111,8065.498910735111,BRL,Despesa de RH - CPT,6,TED,PAGO,e6288577-83de-45f9-9cb7-fa62004b89b9,2025-04-05,ERP_CORPORATIVO,TRANSACOES_FINANCEIRAS,36176,7c64550e8aeada102dc861a12b11d990d3946340dad79691087ab7caafceb25a
TR-36177,2025-03-12,2025-03-01,QAS,1000179,DESPESA,1728.5908978397138,1728.5908978397138,BRL,Custo operacional associado a QAS,8,BOLETO,PAGO,e6288577-83de-45f9-9cb7-fa62004b89b9,2025-04-05,ERP_CORPORATIVO,TRANSACOES_FINANCEIRAS,36177,b1e5d0c5220d20cb595bdfc2fb96e93ef8c70584705c45ee7b947682adbb74b7
TR-36178,2025-03-14,2025-03-01,OP,1000179,DESPESA,7827.469086478608,7530.19224006267,BRL,Apólice de seguro - OP,21,TED,ATRASADO,e6288577-83de-45f9-9cb7-fa62004b89b9,2025-04-05,ERP_CORPORATIVO,TRANSACOES_FINANCEIRAS,36178,f55e0b88f4cbb42e056d172c2375e074ef2a1b2df578799e58e8ff945d0298f1
TR-36179,2025-03-13,2025-03-01,CTB,1000179,DESPESA,7628.816234894233,7405.2909594766,BRL,Assessoria contábil prestada a CTB,25,CARTAO,ATRASADO,e6288577-83de-45f9-9cb7-fa62004b89b9,2025-04-05,ERP_CORPORATIVO,TRANSACOES_FINANCEIRAS,36179,2fccbf1e78efd2e807fcd73e9a883078541d70c1fcdc9b61948547f8c3c3ec56
TR-36180,2025-03-24,2025-03-01,LOG,1000179,RECEITA,7310.5928662349215,7154.893302441983,BRL,Tributo incidente sobre receita de LOG,40,BOLETO,CANCELADO,e6288577-83de-45f9-9cb7-fa62004b89b9,2025-04-05,ERP_CORPORATIVO,TRANSACOES_FINANCEIRAS,36180,80c238d5282cc3070f31f8fa38c8fd4088b08c622b078dd14426f325ec2bb44c
TR-36181,2025-03-14,2025-03-01,MKT,1000179,DESPESA,13925.224800470707,13925.224800470707,BRL,Aquisição de material operacional - MKT,2,BOLETO,PAGO,e6288577-83de-45f9-9cb7-fa62004b89b9,2025-04-05,ERP_CORPORATIVO,TRANSACOES_FINANCEIRAS,36181,38e9faff309203745128019fd63e9c0b2377ab95d7b79f72a2e5b60e590f63ca
TR-36182,2025-03-11,2025-03-01,OP,1000179,DESPESA,8365.519404305294,8109.601310654606,BRL,Serviço de tecnologia contratado por OP,5,BOLETO,PAGO,e6288577-83de-45f9-9cb7-fa62004b89b9,2025-04-05,ERP_CORPORATIVO,TRANSACOES_FINANCEIRAS,36182,36fbd49118ff9d0aeb280edb27612de97be8b5a3c3d3e96184c29db8e7dfd217
TR-36483,2025-03-27,2025-03-01,PES,ACC-00181,DESPESA,2033.7276944994592,2033.7276944994592,BRL,Custo operacional associado a PES,8,TED,PAGO,e6288577-83de-45f9-9cb7-fa62004b89b9,2025-04-05,ERP_CORPORATIVO,TRANSACOES_FINANCEIRAS,36483,0d54ffb898458110a574183f046d7bd932cc8e59e72c1bda03e9f3082f335e1f
TR-36484,2025-03-13,2025-03-01,QAS,ACC-00181,DESPESA,1984.4560205013588,1984.4560205013588,BRL,Resultado de equivalência patrimonial - QAS,34,TRANSFERENCIA,PAGO,e6288577-83de-45f9-9cb7-fa62004b89b9,2025-04-05,ERP_CORPORATIVO,TRANSACOES_FINANCEIRAS,36484,6c4ff6ecdcf8cbb9f0fd4cc9d5805b0b9e131bc396e3d4b8d07dab260ec53067
TR-36485,2025-03-10,2025-03-01,JUR,ACC-00181,DESPESA,1835.0711773196304,1807.1735786213085,BRL,Recebimento de subvenção - JUR,36,BOLETO,PAGO,e6288577-83de-45f9-9cb7-fa62004b89b9,2025-04-05,ERP_CORPORATIVO,TRANSACOES_FINANCEIRAS,36485,7245ae32d63f9e1eee5e801469b4dbb36b9636f44fe29002c1ab05ffe9b6141b
TR-36486,2025-03-13,2025-03-01,PRD,ACC-00181,DESPESA,1997.4588532438454,1905.126597705608,BRL,Custo operacional associado a PRD,8,BOLETO,PAGO,e6288577-83de-45f9-9cb7-fa62004b89b9,2025-04-05,ERP_CORPORATIVO,TRANSACOES_FINANCEIRAS,36486,6ce8c3dec6d77034bb6efe026636a42b89071858d1b05e6396aea3fc34684b17
TR-36487,2025-03-19,2025-03-01,TI,ACC-00181,DESPESA,2209.55569948886,2171.2463875995472,BRL,Venda de ativo imobilizado por TI,35,TRANSFERENCIA,PAGO,e6288577-83de-45f9-9cb7-fa62004b89b9,2025-04-05,ERP_CORPORATIVO,TRANSACOES_FINANCEIRAS,36487,dcc4947c4badb4a849a818fdb42c8f6ffc7d975b62ff1f1d2379c353a5dd93fb
TR-36488,2025-03-10,2025-03-01,ATD,ACC-00181,DESPESA,1852.1696669303756,1852.1696669303756,BRL,Estorno de receita - ATD,39,PIX,PAGO,e6288577-83de-45f9-9cb7-fa62004b89b9,2025-04-05,ERP_CORPORATIVO,TRANSACOES_FINANCEIRAS,36488,5f663d6b6a3308efd4ab029687fc6f868072537763b59534599d5a3a1dc96352
TR-36489,2025-03-24,2025-03-01,JUR,ACC-00181,DESPESA,2296.92011181315,2296.92011181315,BRL,Tarifas de serviços financeiros - JUR,22,TRANSFERENCIA,ATRASADO,e6288577-83de-45f9-9cb7-fa62004b89b9,2025-04-05,ERP_CORPORATIVO,TRANSACOES_FINANCEIRAS,36489,3fee4ed3eeb24ea4865d984fb99d7cca7843a176d1adbd0f3014cae4eb30d0f4
TR-36490,2025-03-24,2025-03-01,OP,ACC-00181,RECEITA,2197.4261116753155,2197.4261116753155,BRL,Compra de insumos para setor OP,2,TRANSFERENCIA,PAGO,e6288577-83de-45f9-9cb7-fa62004b89b9,2025-04-05,ERP_CORPORATIVO,TRANSACOES_FINANCEIRAS,36490,cb1b777683c25760cf2ec09d8f14088333180c909efc6f0e82096e9021e50b18
TR-36491,2025-03-13,2025-03-01,FIN,ACC-00181,DESPESA,1962.4040753919069,1962.4040753919069,BRL,Despesa de infraestrutura - FIN,3,BOLETO,PAGO,e6288577-83de-45f9-9cb7-fa62004b89b9,2025-04-05,ERP_CORPORATIVO,TRANSACOES_FINANCEIRAS,36491,0ea7df8740ef3c5662aa0228493f7e7cc72331f623085af35a7e16ccc88cfd81
TR-36492,2025-03-13,2025-03-01,JUR,ACC-00181,DESPESA,2147.685585514861,2074.8501334400858,BRL,Contrato de serviço - setor JUR,1,PIX,PAGO,e6288577-83de-45f9-9cb7-fa62004b89b9,2025-04-05,ERP_CORPORATIVO,TRANSACOES_FINANCEIRAS,36492,4a20296dec4f9469efe94f9601c163571b72f3b0525d8a648f356ef465cd80cf
TR-36493,2025-03-17,2025-03-01,PES,ACC-00181,RECEITA,1810.3526399500515,1810.3526399500515,BRL,Investimento em marketing corporativo (PES),4,TRANSFERENCIA,PAGO,e6288577-83de-45f9-9cb7-fa62004b89b9,2025-04-05,ERP_CORPORATIVO,TRANSACOES_FINANCEIRAS,36493,81427f6b9c8f97dc48f1855f0fa942220cc47297040243be9b952d4d401cb54a
TR-36494,2025-03-10,2025-03-01,COMP,ACC-00181,DESPESA,6264.412100774724,6264.412100774724,BRL,Aquisição de material operacional - COMP,2,PIX,PAGO,e6288577-83de-45f9-9cb7-fa62004b89b9,2025-04-05,ERP_CORPORATIVO,TRANSACOES_FINANCEIRAS,36494,1fd44ebae68d150e45f9a6f108605e68fc72e841e2fe817f8a72f37a2f17f82f
TR-36495,2025-03-17,2025-03-01,COMP,ACC-00181,DESPESA,2475.586398476362,2355.331905216105,BRL,Custo operacional associado a COMP,8,TED,PAGO,e6288577-83de-45f9-9cb7-fa62004b89b9,2025-04-05,ERP_CORPORATIVO,TRANSACOES_FINANCEIRAS,36495,34a84a00e642e16b60f60ddc515db9f7e258508998a72b78878e11e08a15fbcb
TR-36496,2025-03-10,2025-03-01,COMP,ACC-00181,RECEITA,2234.8816130411697,2234.8816130411697,BRL,Prestação de serviço para área COMP,1,BOLETO,ATRASADO,e6288577-83de-45f9-9cb7-fa62004b89b9,2025-04-05,ERP_CORPORATIVO,TRANSACOES_FINANCEIRAS,36496,6371cec7dde2dc7d64215a8ea2209135e1c6fbbb0a7350c53913c0607c9eb9bf
TR-36497,2025-03-17,2025-03-01,ATD,ACC-00181,RECEITA,2084.670324477575,1981.7251737350919,BRL,Compra de insumos para setor ATD,2,PIX,PAGO,e6288577-83de-45f9-9cb7-fa62004b89b9,2025-04-05,ERP_CORPORATIVO,TRANSACOES_FINANCEIRAS,36497,3c5198e31df55bad7e85e3683f336d7056c9404d5beb4d46a99b936aa9b66da2
TR-36498,2025-03-24,2025-03-01,QAS,ACC-00181,DESPESA,1997.0601776684641,1919.2253575334742,BRL,Despesa de refeição em deslocamento (QAS),20,TED,PAGO,e6288577-83de-45f9-9cb7-fa62004b89b9,2025-04-05,ERP_CORPORATIVO,TRANSACOES_FINANCEIRAS,36498,d30d1b53dc532d4c013808fb6581be18216890d347421a85ae8f60d48cc2de95
TR-36500,2025-03-12,2025-03-01,TI,ACC-00181,DESPESA,1977.6421677790659,1977.6421677790659,BRL,Diária de hotel para equipe TI,19,TRANSFERENCIA,PAGO,e6288577-83de-45f9-9cb7-fa62004b89b9,2025-04-05,ERP_CORPORATIVO,TRANSACOES_FINANCEIRAS,36500,aa5f44ffb97956f331b502bcd1df7668bbc5d871f997cc46bd3e49c0c33bbcc3
TR-36501,2025-03-18,2025-03-01,RH,ACC-00181,DESPESA,1835.6674124896645,1835.6674124896645,BRL,Combustível e lubrificantes para frota (RH),16,TED,ATRASADO,e6288577-83de-45f9-9cb7-fa62004b89b9,2025-04-05,ERP_CORPORATIVO,TRANSACOES_FINANCEIRAS,36501,0ca4cf1ec172a67f5a813cc931bfadf233253a1a935284bdf375394fdbefc754
TR-36502,2025-03-14,2025-03-01,FIN,ACC-00181,RECEITA,2116.974235731658,2069.0864807649023,BRL,Capacitação profissional vinculada a FIN,30,BOLETO,PAGO,e6288577-83de-45f9-9cb7-fa62004b89b9,2025-04-05,ERP_CORPORATIVO,TRANSACOES_FINANCEIRAS,36502,0a72a0f305ef4f395247718634ef2a10c364b034ca1568d52aba560a92b51c0f
TR-36503,2025-03-14,2025-03-01,MKT,ACC-00181,DESPESA,2201.680487612916,2096.1495330564103,BRL,Imposto sobre venda apurado em MKT,40,CARTAO,PAGO,e6288577-83de-45f9-9cb7-fa62004b89b9,2025-04-05,ERP_CORPORATIVO,TRANSACOES_FINANCEIRAS,36503,dd68e533b5223aced92f196653b5902b2375076712d39d88cfbb0ee9d8e9ebdc
TR-36504,2025-03-17,2025-03-01,ATD,ACC-00181,RECEITA,1933.9553948924595,1887.081119186895,BRL,Doação recebida em favor de ATD,36,BOLETO,PAGO,e6288577-83de-45f9-9cb7-fa62004b89b9,2025-04-05,ERP_CORPORATIVO,TRANSACOES_FINANCEIRAS,36504,48e480e5d69b86b2bd2b05d96d40fbef62fc3d6a9b98f4a14f6402f3abf98ef0
TR-36505,2025-03-17,2025-03-01,RH,ACC-00181,DESPESA,2078.239051479737,2045.6517391342284,BRL,Honorarium advocatício - RH,24,PIX,PAGO,e6288577-83de-45f9-9cb7-fa62004b89b9,2025-04-05,ERP_CORPORATIVO,TRANSACOES_FINANCEIRAS,36505,fb812f9eff32f401bf1abd57e9871e678633d529e6ec9f6e1c36b0bfd5ebb8f9
TR-36506,2025-03-13,2025-03-01,FIN,ACC-00181,DESPESA,1844.1453350286488,1844.1453350286488,BRL,Tarifas de serviços financeiros - FIN,22,BOLETO,PAGO,e6288577-83de-45f9-9cb7-fa62004b89b9,2025-04-05,ERP_CORPORATIVO,TRANSACOES_FINANCEIRAS,36506,6c55c86d4cb2e1824f3228d5ef29442bb5f800e203b4cb24efdec1d259d50494
TR-36507,2025-03-14,2025-03-01,RH,ACC-00181,RECEITA,1970.144900285303,1970.144900285303,BRL,Receita de comissão comercial - RH,33,PIX,PAGO,e6288577-83de-45f9-9cb7-fa62004b89b9,2025-04-05,ERP_CORPORATIVO,TRANSACOES_FINANCEIRAS,36507,35a29af0a7a7bbbc9ec539e4ab4cf887d7e5762bcbe945c707ebb58c8017b986
TR-36508,2025-03-17,2025-03-01,PJT,ACC-00181,RECEITA,1822.4082497764664,1822.4082497764664,BRL,Serviço relacionado a recursos humanos (PJT),6,PIX,PAGO,e6288577-83de-45f9-9cb7-fa62004b89b9,2025-04-05,ERP_CORPORATIVO,TRANSACOES_FINANCEIRAS,36508,f10d7f9343ea57233089dec53654b681f0756d401919451bd3cc8a0deaefa22f
TR-37098,2025-03-13,2025-03-01,PJT,ACC-00185,DESPESA,1022.6714641741238,1022.6714641741238,BRL,Serviço especializado solicitado por PJT,1,BOLETO,PAGO,e6288577-83de-45f9-9cb7-fa62004b89b9,2025-04-05,ERP_CORPORATIVO,TRANSACOES_FINANCEIRAS,37098,4a614956dd7beac675cce340c6b9fa363a2d3f18eeaaa57e3123d54b6b8b8aa4
TR-37099,2025-03-04,2025-03-01,OP,ACC-00185,DESPESA,1136.671386138629,1093.4662204454585,BRL,Licença de software para área OP,27,PIX,PAGO,e6288577-83de-45f9-9cb7-fa62004b89b9,2025-04-05,ERP_CORPORATIVO,TRANSACOES_FINANCEIRAS,37099,bfd114ccea315a6a54907de6bf68e0a7fee7b538628f64d1c70c1cccd82212fd
TR-37100,2025-03-12,2025-03-01,COMP,ACC-00185,DESPESA,1121.710294374747,1121.710294374747,BRL,Prestação de serviço para área COMP,1,BOLETO,PAGO,e6288577-83de-45f9-9cb7-fa62004b89b9,2025-04-05,ERP_CORPORATIVO,TRANSACOES_FINANCEIRAS,37100,74bf44cbda0466c9174d1415118807fd0f2a620337eeb862dc88c716e6a45dd0
TR-37101,2025-03-20,2025-03-01,RH,ACC-00185,RECEITA,1099.2424236197337,1099.2424236197337,BRL,Serviço relacionado a recursos humanos (RH),6,TRANSFERENCIA,PAGO,e6288577-83de-45f9-9cb7-fa62004b89b9,2025-04-05,ERP_CORPORATIVO,TRANSACOES_FINANCEIRAS,37101,072285789927476ad7c50dafad07c7d237eb21b56b518c8a133cc8a0fd474fe3
TR-37102,2025-03-17,2025-03-01,CTB,ACC-00185,DESPESA,1083.2509589679469,1083.2509589679469,BRL,Serviço especializado solicitado por CTB,1,PIX,PAGO,e6288577-83de-45f9-9cb7-fa62004b89b9,2025-04-05,ERP_CORPORATIVO,TRANSACOES_FINANCEIRAS,37102,ffada6344a895b783c248c9a109c0be991493aa85a87a21b5b7b30888cf566fe
TR-37103,2025-03-21,2025-03-01,FIN,ACC-00185,DESPESA,1063.4378448245347,1063.4378448245347,BRL,Serviço especializado solicitado por FIN,1,PIX,PAGO,e6288577-83de-45f9-9cb7-fa62004b89b9,2025-04-05,ERP_CORPORATIVO,TRANSACOES_FINANCEIRAS,37103,3057d30a71c6ea90ac5226369bbe0264e1d46329e2dd1d3292060402084ed186
TR-37104,2025-03-18,2025-03-01,TI,ACC-00185,DESPESA,1413.1777624114893,1364.1126665245351,BRL,Manutenção estrutural vinculada à área TI,3,BOLETO,PAGO,e6288577-83de-45f9-9cb7-fa62004b89b9,2025-04-05,ERP_CORPORATIVO,TRANSACOES_FINANCEIRAS,37104,25a4958374f3a5dac12ec5f3d42470efec9f7a422e64cd0c5ee80533bd59a6e3
TR-37105,2025-03-17,2025-03-01,QAS,ACC-00185,DESPESA,1087.3191971982537,1087.3191971982537,BRL,Custo operacional associado a QAS,8,TED,PAGO,e6288577-83de-45f9-9cb7-fa62004b89b9,2025-04-05,ERP_CORPORATIVO,TRANSACOES_FINANCEIRAS,37105,acb56f36311d34466d65bb4292a5a46b8a95a7287d273c3727702ac31c711be1
TR-37106,2025-03-11,2025-03-01,FIN,ACC-00185,RECEITA,211.66831723123406,211.66831723123406,BRL,Receita eventual registrada em FIN,37,BOLETO,PAGO,e6288577-83de-45f9-9cb7-fa62004b89b9,2025-04-05,ERP_CORPORATIVO,TRANSACOES_FINANCEIRAS,37106,652e125322554b215bdd70168dbddf0bca7129cb5b4e211079fda96eb72653b5
TR-37107,2025-03-17,2025-03-01,LOG,ACC-00185,DESPESA,1186.3579353561897,1186.3579353561897,BRL,Royalties recebidos por LOG,32,PIX,PAGO,e6288577-83de-45f9-9cb7-fa62004b89b9,2025-04-05,ERP_CORPORATIVO,TRANSACOES_FINANCEIRAS,37107,23104bf238d1db544afc728cc7e91013bb0289b1a96adde1b7e902906e42b2ea
TR-37108,2025-03-25,2025-03-01,QAS,ACC-00185,DESPESA,1116.4561262957293,1116.4561262957293,BRL,Receita eventual registrada em QAS,37,PIX,ATRASADO,e6288577-83de-45f9-9cb7-fa62004b89b9,2025-04-05,ERP_CORPORATIVO,TRANSACOES_FINANCEIRAS,37108,670c08242220979401f8ff81dc1490701cb9c6657f444f0fe1519d92abb5cf4c
TR-37287,2025-03-11,2025-03-01,COM,1000185,RECEITA,8593.626118599,8593.626118599,BRL,Compra de insumos para setor COM,2,BOLETO,ATRASADO,e6288577-83de-45f9-9cb7-fa62004b89b9,2025-04-05,ERP_CORPORATIVO,TRANSACOES_FINANCEIRAS,37287,b75ace3095448ba947d599972eb519fcc343f62c281aba4613ebd8f617bf595e
TR-37288,2025-03-10,2025-03-01,MKT,1000185,DESPESA,8359.486596436027,8359.486596436027,BRL,Aquisição de material operacional - MKT,2,PIX,ATRASADO,e6288577-83de-45f9-9cb7-fa62004b89b9,2025-04-05,ERP_CORPORATIVO,TRANSACOES_FINANCEIRAS,37288,d708f990a8ed59e0a8a89390877e612d9ecc17efe0c4dfab92f2de1e2a14883f
TR-37289,2025-03-05,2025-03-01,RH,1000185,DESPESA,8366.414600825172,8366.414600825172,BRL,Taxas bancárias incidentes em RH,22,BOLETO,PAGO,e6288577-83de-45f9-9cb7-fa62004b89b9,2025-04-05,ERP_CORPORATIVO,TRANSACOES_FINANCEIRAS,37289,cd3efd83e275f7d2c0d5b1fce3e986950e727c422ccc296dd0718f94ba6bbe3f
TR-37290,2025-03-14,2025-03-01,MKT,1000185,DESPESA,8006.0003130563355,8006.0003130563355,BRL,Serviço relacionado a recursos humanos (MKT),6,PIX,PAGO,e6288577-83de-45f9-9cb7-fa62004b89b9,2025-04-05,ERP_CORPORATIVO,TRANSACOES_FINANCEIRAS,37290,b6ce514f4f2dfd926b023db3044cb35913f2ad467234998f84eb421c089632c5
TR-37291,2025-03-17,2025-03-01,RH,1000185,DESPESA,9325.928892746488,9325.928892746488,USD,Serviço de tecnologia contratado por RH,5,TED,PAGO,e6288577-83de-45f9-9cb7-fa62004b89b9,2025-04-05,ERP_CORPORATIVO,TRANSACOES_FINANCEIRAS,37291,f9907fc28da07de54403fadcbdc6e73aa235211da95cdbf140e5811149a22267
TR-37357,2025-03-04,2025-03-01,ESG,ACC-00187,RECEITA,4226.114678276193,4069.4653861731554,BRL,Manutenção estrutural vinculada à área ESG,3,BOLETO,CANCELADO,e6288577-83de-45f9-9cb7-fa62004b89b9,2025-04-05,ERP_CORPORATIVO,TRANSACOES_FINANCEIRAS,37357,0ef76ac7a926aa00ea8e7775af79cae768028f000a7e33a3764ab29889019f09
TR-37358,2025-03-27,2025-03-01,COMP,ACC-00187,DESPESA,5786.328054431418,5786.328054431418,BRL,Receita de comissão comercial - COMP,33,TED,PAGO,e6288577-83de-45f9-9cb7-fa62004b89b9,2025-04-05,ERP_CORPORATIVO,TRANSACOES_FINANCEIRAS,37358,15ac2ecc77f8e21926dadecbcebfd9b945220fe0e9efe3bab8f04422fe43e645
TR-37359,2025-03-11,2025-03-01,OP,ACC-00187,RECEITA,4225.266802609461,4225.266802609461,BRL,Despesa de RH - OP,6,PIX,PAGO,e6288577-83de-45f9-9cb7-fa62004b89b9,2025-04-05,ERP_CORPORATIVO,TRANSACOES_FINANCEIRAS,37359,315ec72570eb446e2ecaf41db2c56361e385fac251249595e38dece449d614fb
TR-37360,2025-03-17,2025-03-01,ATD,ACC-00187,DESPESA,5268.307365664859,5268.307365664859,BRL,Contrato de serviço - setor ATD,1,PIX,CANCELADO,e6288577-83de-45f9-9cb7-fa62004b89b9,2025-04-05,ERP_CORPORATIVO,TRANSACOES_FINANCEIRAS,37360,f10c46f570672274a61729b330a307944e47902ec8450bf4209bce1def2ee7f3
TR-37361,2025-03-10,2025-03-01,RH,ACC-00187,RECEITA,2269.9852164088907,2269.9852164088907,BRL,Apólice de seguro - RH,21,BOLETO,PAGO,e6288577-83de-45f9-9cb7-fa62004b89b9,2025-04-05,ERP_CORPORATIVO,TRANSACOES_FINANCEIRAS,37361,1dbeead572a6a5ae976d898a9d9d802ee24b54bd7c214ee6250c1adf9602f850
TR-37362,2025-03-10,2025-03-01,SEC,ACC-00187,RECEITA,4962.370576736957,4962.370576736957,BRL,Viagem corporativa - SEC,18,TED,ATRASADO,e6288577-83de-45f9-9cb7-fa62004b89b9,2025-04-05,ERP_CORPORATIVO,TRANSACOES_FINANCEIRAS,37362,b97c0e02728f8d4aa47007e5a00c887feff2aca79c6ee1e22a6ddd3ed72cfe3c
TR-37363,2025-03-10,2025-03-01,OP,ACC-00187,DESPESA,5232.2614372967355,5232.2614372967355,BRL,Despesa de RH - OP,6,TRANSFERENCIA,PAGO,e6288577-83de-45f9-9cb7-fa62004b89b9,2025-04-05,ERP_CORPORATIVO,TRANSACOES_FINANCEIRAS,37363,c2fd998bc7dab9d3fcfd6783871d090d8488ee6e30c49e109b44539f85fb68fa
TR-37364,2025-03-24,2025-03-01,PRD,ACC-00187,DESPESA,4358.6666521639045,4358.6666521639045,BRL,Desconto concedido em operação de PRD,38,PIX,PAGO,e6288577-83de-45f9-9cb7-fa62004b89b9,2025-04-05,ERP_CORPORATIVO,TRANSACOES_FINANCEIRAS,37364,a0bd78b10ac3c65b8ec9acc11eeb0140583a339aea07af381845c6e1796ae212
TR-37365,2025-03-13,2025-03-01,CTB,ACC-00187,DESPESA,4531.606849894372,4362.318311760284,BRL,Reparo de frota vinculado à área CTB,17,TRANSFERENCIA,PAGO,e6288577-83de-45f9-9cb7-fa62004b89b9,2025-04-05,ERP_CORPORATIVO,TRANSACOES_FINANCEIRAS,37365,01a962831c8446fbbca6d6e46cf987cef4d24b7480e487589157083e700b1198
TR-37366,2025-03-14,2025-03-01,COM,ACC-00187,DESPESA,4895.496066682473,4895.496066682473,USD,Locação de espaço comercial - COM,31,TRANSFERENCIA,PAGO,e6288577-83de-45f9-9cb7-fa62004b89b9,2025-04-05,ERP_CORPORATIVO,TRANSACOES_FINANCEIRAS,37366,8fcafc1c76336979738f303e7da1f0c1123b7daf1eeb6fe3e6d6af863a6f9fc0
TR-37477,2025-03-04,2025-03-01,COM,FORN-00188,DESPESA,1426.070527369899,1373.662978881396,BRL,Serviço especializado solicitado por COM,1,TED,ATRASADO,e6288577-83de-45f9-9cb7-fa62004b89b9,2025-04-05,ERP_CORPORATIVO,TRANSACOES_FINANCEIRAS,37477,2cb6a669e999006083773b0ac9edff45a28d4cf9f710805268388d3c161499d8
TR-37478,2025-03-27,2025-03-01,OP,FORN-00188,DESPESA,2222.0081605911078,2222.0081605911078,BRL,Taxas bancárias incidentes em OP,22,PIX,PAGO,e6288577-83de-45f9-9cb7-fa62004b89b9,2025-04-05,ERP_CORPORATIVO,TRANSACOES_FINANCEIRAS,37478,374df76ab9e66ff5fd0406a4c1cf0d6b7e8c72a3d1593504f277064c7d04d269
TR-37479,2025-03-05,2025-03-01,SEC,FORN-00188,DESPESA,1434.3734188111,1434.3734188111,BRL,Royalties recebidos por SEC,32,PIX,ATRASADO,e6288577-83de-45f9-9cb7-fa62004b89b9,2025-04-05,ERP_CORPORATIVO,TRANSACOES_FINANCEIRAS,37479,023327bdaec67e93ed0e69ca7146bcb3a51f3303ed62f532a3c626eb8324d185
TR-37480,2025-03-17,2025-03-01,CPT,FORN-00188,RECEITA,1247.6765373913224,1247.6765373913224,BRL,Compra de insumos para setor CPT,2,TED,PAGO,e6288577-83de-45f9-9cb7-fa62004b89b9,2025-04-05,ERP_CORPORATIVO,TRANSACOES_FINANCEIRAS,37480,da0810cce19616b83cb78147840861aab517a14474b6ee06e9c661af39b6237c
TR-37481,2025-03-11,2025-03-01,OP,FORN-00188,DESPESA,1165.3312793148589,1115.0695251834509,BRL,Honorários profissionais contratados por OP,11,PIX,ATRASADO,e6288577-83de-45f9-9cb7-fa62004b89b9,2025-04-05,ERP_CORPORATIVO,TRANSACOES_FINANCEIRAS,37481,159baa1b0b2eedcdc866247d1196f12ab69e82c0cf581b7f9dd048f3546e50ea
TR-37482,2025-03-19,2025-03-01,OP,FORN-00188,DESPESA,1223.8280919015547,1165.2765628391726,BRL,Campanha institucional - OP,4,PIX,PAGO,e6288577-83de-45f9-9cb7-fa62004b89b9,2025-04-05,ERP_CORPORATIVO,TRANSACOES_FINANCEIRAS,37482,61fc2962fe839ec7ad50508abe95c743fbbc7ea211084ebd6297472d33912579
TR-37483,2025-03-04,2025-03-01,COMP,FORN-00188,DESPESA,1356.4234748175522,1356.4234748175522,BRL,Reparo e conservação de instalações - COMP,10,PIX,ATRASADO,e6288577-83de-45f9-9cb7-fa62004b89b9,2025-04-05,ERP_CORPORATIVO,TRANSACOES_FINANCEIRAS,37483,1ae1dad6226e08052a5255c7b9f3ecf9d47a9f300f39e58c4eaaf2216223130e
TR-37484,2025-03-19,2025-03-01,COMP,FORN-00188,DESPESA,1316.282015332112,1316.282015332112,BRL,Contrato de serviço - setor COMP,1,PIX,PAGO,e6288577-83de-45f9-9cb7-fa62004b89b9,2025-04-05,ERP_CORPORATIVO,TRANSACOES_FINANCEIRAS,37484,2ec70686d72e83b4f0c7df46584330f1cfe0436c3d999ffa3dfec4da94cf8ae5
TR-37485,2025-03-11,2025-03-01,COMP,FORN-00188,RECEITA,1277.212864413324,1277.212864413324,USD,Custo operacional associado a COMP,8,BOLETO,PAGO,e6288577-83de-45f9-9cb7-fa62004b89b9,2025-04-05,ERP_CORPORATIVO,TRANSACOES_FINANCEIRAS,37485,3b864f2d412c3b528c6f14354d6741e5ca23b573beee81be8b648c42cd960b85
TR-37486,2025-03-17,2025-03-01,PES,FORN-00188,RECEITA,1144.5908996965566,1144.5908996965566,BRL,Contrato de consultoria externa - PES,12,CARTAO,ATRASADO,e6288577-83de-45f9-9cb7-fa62004b89b9,2025-04-05,ERP_CORPORATIVO,TRANSACOES_FINANCEIRAS,37486,4bb739dcd51a641d5112fb5aac72fcabcd385555b22c4aca6fc0d43b160a7c1a
TR-37487,2025-03-13,2025-03-01,FIN,FORN-00188,DESPESA,1262.9215381886343,1262.9215381886343,BRL,Licenciamento de software - FIN,5,PIX,PAGO,e6288577-83de-45f9-9cb7-fa62004b89b9,2025-04-05,ERP_CORPORATIVO,TRANSACOES_FINANCEIRAS,37487,3d343692f9dcd9a499e0f5960634d770b0c94838d6752b7f5635b234d5c9785f
TR-37488,2025-03-10,2025-03-01,LOG,FORN-00188,RECEITA,1190.2212506373698,1190.2212506373698,BRL,Direitos de propriedade intelectual - LOG,32,CARTAO,PAGO,e6288577-83de-45f9-9cb7-fa62004b89b9,2025-04-05,ERP_CORPORATIVO,TRANSACOES_FINANCEIRAS,37488,09e25e70621d0997efc51caa1e8b7dc7de169bcdb3765991bc89471cf5413e1b
TR-38106,2025-03-14,2025-03-01,RH,FORN-00193,DESPESA,1094.6864555441243,1094.6864555441243,BRL,Receita extraordinária - RH,37,CARTAO,PAGO,e6288577-83de-45f9-9cb7-fa62004b89b9,2025-04-05,ERP_CORPORATIVO,TRANSACOES_FINANCEIRAS,38106,aab70f7b3cd586044db45884ed79564e38a420f9d6a683fdc23e330dfcea4cd1
TR-38107,2025-03-19,2025-03-01,OP,FORN-00193,RECEITA,1171.72021131624,1125.3773484455205,BRL,Capacitação profissional vinculada a OP,30,PIX,ATRASADO,e6288577-83de-45f9-9cb7-fa62004b89b9,2025-04-05,ERP_CORPORATIVO,TRANSACOES_FINANCEIRAS,38107,333d8d1b4f3a936992c14024a13442d6ab40fbbe05ec3b062d47335f63622ea2
TR-38108,2025-03-21,2025-03-01,JUR,FORN-00193,DESPESA,1145.2516354412674,1145.2516354412674,BRL,Custo operacional associado a JUR,8,TED,PAGO,e6288577-83de-45f9-9cb7-fa62004b89b9,2025-04-05,ERP_CORPORATIVO,TRANSACOES_FINANCEIRAS,38108,6fb3865ff91a8f4e0a1abed3d99576fca15c7ea4c83bcaadc4f467ea92e09c99
TR-38109,2025-03-03,2025-03-01,LOG,FORN-00193,DESPESA,1165.6829494029473,1165.6829494029473,BRL,Direitos de propriedade intelectual - LOG,32,TED,PAGO,e6288577-83de-45f9-9cb7-fa62004b89b9,2025-04-05,ERP_CORPORATIVO,TRANSACOES_FINANCEIRAS,38109,86b367d091d7844989c04ba6b338ae2d3517f253e7c0104a1ecbc102494a66fe
TR-38110,2025-03-19,2025-03-01,PES,FORN-00193,DESPESA,1284.187493742557,1284.187493742557,BRL,Honorarium advocatício - PES,24,TED,PAGO,e6288577-83de-45f9-9cb7-fa62004b89b9,2025-04-05,ERP_CORPORATIVO,TRANSACOES_FINANCEIRAS,38110,4cd43d7d266122fc600c1bcdc09c2e03d01a51405c9764b0268efa39d99944e6
TR-38111,2025-03-11,2025-03-01,COMP,FORN-00193,RECEITA,1401.4603600671305,1361.6456453009757,BRL,Compra de insumos para setor COMP,2,TRANSFERENCIA,ATRASADO,e6288577-83de-45f9-9cb7-fa62004b89b9,2025-04-05,ERP_CORPORATIVO,TRANSACOES_FINANCEIRAS,38111,b6d3103a0953035f6db71acb8d27ac72258c32611fea7a9c700f896bd72383c0
TR-38112,2025-03-10,2025-03-01,MKT,FORN-00193,DESPESA,1167.8366133695047,1167.8366133695047,BRL,Serviço relacionado a recursos humanos (MKT),6,BOLETO,ATRASADO,e6288577-83de-45f9-9cb7-fa62004b89b9,2025-04-05,ERP_CORPORATIVO,TRANSACOES_FINANCEIRAS,38112,7b0521b9866c592f90e92ecca788182a42060ea3897b9c82759d3ef7fca4ce7d
TR-38113,2025-03-19,2025-03-01,COMP,FORN-00193,DESPESA,1204.9520443898787,1204.9520443898787,BRL,Estorno de receita - COMP,39,CARTAO,PAGO,e6288577-83de-45f9-9cb7-fa62004b89b9,2025-04-05,ERP_CORPORATIVO,TRANSACOES_FINANCEIRAS,38113,4860fc9ec1bc3e41549cd5273f1561dbf421c5c8d55dbcfafb633e9bfea7216d
TR-38114,2025-03-24,2025-03-01,OP,FORN-00193,DESPESA,1158.797759912497,1158.797759912497,BRL,Despesa operacional - OP,8,PIX,ATRASADO,e6288577-83de-45f9-9cb7-fa62004b89b9,2025-04-05,ERP_CORPORATIVO,TRANSACOES_FINANCEIRAS,38114,ec47375dafaae3373684abb6c560eb602e8cee8864cc332592ea8435a0d616e8
TR-38115,2025-03-07,2025-03-01,COMP,FORN-00193,RECEITA,2125.4982797224743,2096.0643656116063,BRL,Aquisição de material operacional - COMP,2,TED,PAGO,e6288577-83de-45f9-9cb7-fa62004b89b9,2025-04-05,ERP_CORPORATIVO,TRANSACOES_FINANCEIRAS,38115,0e87d2e4742b46b7485ddb9ef30707d67df3a4a2b7955d9504278fda46c2c511
TR-38116,2025-03-10,2025-03-01,JUR,FORN-00193,DESPESA,1107.981961988651,1107.981961988651,BRL,Evento corporativo organizado por JUR,14,TRANSFERENCIA,PAGO,e6288577-83de-45f9-9cb7-fa62004b89b9,2025-04-05,ERP_CORPORATIVO,TRANSACOES_FINANCEIRAS,38116,8eb41516767bbb42cf0a8c5b20afd6a32b35f8b0ad2d7a0028625b3ee4635909
TR-38117,2025-03-10,2025-03-01,TI,FORN-00193,DESPESA,1073.3292590386798,1073.3292590386798,BRL,Custo operacional associado a TI,8,BOLETO,PAGO,e6288577-83de-45f9-9cb7-fa62004b89b9,2025-04-05,ERP_CORPORATIVO,TRANSACOES_FINANCEIRAS,38117,4cebc46c9ffca2ed55a40525365bff9d1af99af5440a4d88c8a3569ad3b1f96f
TR-38118,2025-03-17,2025-03-01,COM,FORN-00193,RECEITA,1229.7647436065927,1212.2398933969755,BRL,Seguro contratado pela área COM,21,BOLETO,PAGO,e6288577-83de-45f9-9cb7-fa62004b89b9,2025-04-05,ERP_CORPORATIVO,TRANSACOES_FINANCEIRAS,38118,0ec124acf57d06ca8144607f10813483305c2d6fc4659366289c1960aad62610
TR-38119,2025-03-17,2025-03-01,PRD,FORN-00193,RECEITA,1217.3063363503666,1217.3063363503666,BRL,Despesa de refeição em deslocamento (PRD),20,TED,PAGO,e6288577-83de-45f9-9cb7-fa62004b89b9,2025-04-05,ERP_CORPORATIVO,TRANSACOES_FINANCEIRAS,38119,511768b352717fbbe81a83d19a11664c25d892be4ea3350136b81a46367cc3ca
TR-38120,2025-03-13,2025-03-01,TI,FORN-00193,RECEITA,1333.6592539891333,1297.6743689500183,BRL,Compra de insumos para setor TI,2,BOLETO,PAGO,e6288577-83de-45f9-9cb7-fa62004b89b9,2025-04-05,ERP_CORPORATIVO,TRANSACOES_FINANCEIRAS,38120,ab166e268614b163af8f939c5f9e7a5219cdb74531a8fee88967663a386622a8
TR-38121,2025-03-14,2025-03-01,OP,FORN-00193,RECEITA,1196.3344290493324,1196.3344290493324,BRL,Devolução de venda processada por OP,39,CARTAO,PAGO,e6288577-83de-45f9-9cb7-fa62004b89b9,2025-04-05,ERP_CORPORATIVO,TRANSACOES_FINANCEIRAS,38121,dc033d78f8768e285dddead9e84cab200005379b9761c0e36aa73aefe2cce1c4
TR-38122,2025-03-06,2025-03-01,SEC,FORN-00193,DESPESA,1184.837052594518,1184.837052594518,BRL,Despesa operacional - SEC,8,BOLETO,PAGO,e6288577-83de-45f9-9cb7-fa62004b89b9,2025-04-05,ERP_CORPORATIVO,TRANSACOES_FINANCEIRAS,38122,5f034c0ab3c570ebb11c23d77332ad2b0954bcbf35ba0aafd8b427d8f0dfdbeb
TR-38336,2025-03-24,2025-03-01,OP,1000193,RECEITA,4086.2713405489894,3924.5986362041067,BRL,Prestação de serviço para área OP,1,PIX,ATRASADO,e6288577-83de-45f9-9cb7-fa62004b89b9,2025-04-05,ERP_CORPORATIVO,TRANSACOES_FINANCEIRAS,38336,504e6df852ea67c3e57c780e0a305e5aee5cda6fdbd318524a7fbb8c6af03e7d
TR-38337,2025-03-10,2025-03-01,ATD,1000193,DESPESA,4414.889328463168,4414.889328463168,BRL,Assessoria legal vinculada à área ATD,7,TED,ATRASADO,e6288577-83de-45f9-9cb7-fa62004b89b9,2025-04-05,ERP_CORPORATIVO,TRANSACOES_FINANCEIRAS,38337,35e18d477ce9de5054140920d23275f3c9f87d38fd5b97fec104acc62ef24930
TR-38338,2025-03-19,2025-03-01,LOG,1000193,DESPESA,5263.242128405244,5263.242128405244,BRL,Prestação de serviço para área LOG,1,TED,PAGO,e6288577-83de-45f9-9cb7-fa62004b89b9,2025-04-05,ERP_CORPORATIVO,TRANSACOES_FINANCEIRAS,38338,302edd5f20caf71fefd1aa172458fd9093b8462cf4e3bfcb903fb9f1d2a7cff4
TR-38339,2025-03-06,2025-03-01,RH,1000193,RECEITA,4796.392693551114,4796.392693551114,BRL,Assessoria legal vinculada à área RH,7,PIX,CANCELADO,e6288577-83de-45f9-9cb7-fa62004b89b9,2025-04-05,ERP_CORPORATIVO,TRANSACOES_FINANCEIRAS,38339,be6e8f53aa8b0bb321d8767c3b46850ed5071d102d367ed02e1ce66b3ae143ed
TR-38340,2025-03-24,2025-03-01,COMP,1000193,DESPESA,5048.822494186741,4802.034132019393,BRL,Viagem corporativa - COMP,18,BOLETO,PAGO,e6288577-83de-45f9-9cb7-fa62004b89b9,2025-04-05,ERP_CORPORATIVO,TRANSACOES_FINANCEIRAS,38340,fd2412f052c631dd14a72bfbdb5c2df1b944a661403fc737322949181a8f20eb
TR-38341,2025-03-11,2025-03-01,QAS,1000193,RECEITA,4493.186978622235,4316.007456982694,BRL,Despesa jurídica da área QAS,24,PIX,CANCELADO,e6288577-83de-45f9-9cb7-fa62004b89b9,2025-04-05,ERP_CORPORATIVO,TRANSACOES_FINANCEIRAS,38341,25d32825fdc7d66acc3dc4bbe6a18d0a886f5c130974383dfa37161b1497c203
TR-38342,2025-03-13,2025-03-01,TI,1000193,RECEITA,4756.360698925404,4756.360698925404,BRL,Aquisição de material operacional - TI,2,PIX,PAGO,e6288577-83de-45f9-9cb7-fa62004b89b9,2025-04-05,ERP_CORPORATIVO,TRANSACOES_FINANCEIRAS,38342,fadb3402b99edd5ed7c215b0b55c6cf12e1c53cf04778eee5ea13a5aa16e72a5
TR-38343,2025-03-04,2025-03-01,ESG,1000193,DESPESA,5059.064791682196,4818.073695974156,BRL,Combustível e lubrificantes para frota (ESG),16,TRANSFERENCIA,PAGO,e6288577-83de-45f9-9cb7-fa62004b89b9,2025-04-05,ERP_CORPORATIVO,TRANSACOES_FINANCEIRAS,38343,9bb3e08950c68bae5621c1dc5c50726d5b2318598699c543dac687f44b2aa2f9
TR-38344,2025-03-17,2025-03-01,ADM,1000193,DESPESA,4076.742029496166,3947.9395678525284,BRL,Manutenção estrutural vinculada à área ADM,3,BOLETO,PAGO,e6288577-83de-45f9-9cb7-fa62004b89b9,2025-04-05,ERP_CORPORATIVO,TRANSACOES_FINANCEIRAS,38344,5886d123bdf2be37e0cf7d13c13c8accc2cded8a0add97b85dedd535ae358e06
TR-38345,2025-03-03,2025-03-01,VND,1000193,DESPESA,4412.796421237476,4412.796421237476,BRL,Direitos de propriedade intelectual - VND,32,TRANSFERENCIA,PAGO,e6288577-83de-45f9-9cb7-fa62004b89b9,2025-04-05,ERP_CORPORATIVO,TRANSACOES_FINANCEIRAS,38345,a45d245bea2b1aae87d817deef2ffc4a940929ef86f3ab108700f9119ba30ed1
TR-38346,2025-03-10,2025-03-01,PJT,1000193,DESPESA,4134.118302525071,4134.118302525071,BRL,Prestação de serviço para área PJT,1,TED,ATRASADO,e6288577-83de-45f9-9cb7-fa62004b89b9,2025-04-05,ERP_CORPORATIVO,TRANSACOES_FINANCEIRAS,38346,6ab7c00ba6b0ce5e3938d9f1441903e48ed521dfde3f94d07be0b812718fca33
TR-38347,2025-03-03,2025-03-01,COMP,1000193,RECEITA,4167.511251792146,4167.511251792146,BRL,Resultado de equivalência patrimonial - COMP,34,BOLETO,PAGO,e6288577-83de-45f9-9cb7-fa62004b89b9,2025-04-05,ERP_CORPORATIVO,TRANSACOES_FINANCEIRAS,38347,47016b3796e1375a5639d93d97eca584b4070f4a22865847bd32473a00dc7414
TR-38348,2025-03-19,2025-03-01,COMP,1000193,RECEITA,4364.000130022258,4364.000130022258,BRL,Serviço especializado solicitado por COMP,1,BOLETO,ATRASADO,e6288577-83de-45f9-9cb7-fa62004b89b9,2025-04-05,ERP_CORPORATIVO,TRANSACOES_FINANCEIRAS,38348,c95e40f58203e9c554b73d3dae1febeb55bf33d3f2e1e2d0bdbaf0b1ee244ef6
TR-38735,2025-03-10,2025-03-01,LOG,FORN-00195,RECEITA,1888.5749730558298,1888.5749730558298,BRL,Reparo e conservação de instalações - LOG,10,PIX,PAGO,e6288577-83de-45f9-9cb7-fa62004b89b9,2025-04-05,ERP_CORPORATIVO,TRANSACOES_FINANCEIRAS,38735,03a875ddc4737b50f9a0f02878b1e09305bcd8d598e405acff6dcea821fff979
TR-38736,2025-03-24,2025-03-01,PES,FORN-00195,RECEITA,1646.2225138576534,1582.8175038025552,BRL,Despesa de infraestrutura - PES,3,TRANSFERENCIA,PAGO,e6288577-83de-45f9-9cb7-fa62004b89b9,2025-04-05,ERP_CORPORATIVO,TRANSACOES_FINANCEIRAS,38736,00a30b30aa6d7377ce9e11fc463dffd2c772b8287c5c8d7e58194ff7327571a9
TR-38737,2025-03-18,2025-03-01,ADM,FORN-00195,RECEITA,2115.791996789785,2046.4682657170745,BRL,Licenciamento de software - ADM,5,PIX,ATRASADO,e6288577-83de-45f9-9cb7-fa62004b89b9,2025-04-05,ERP_CORPORATIVO,TRANSACOES_FINANCEIRAS,38737,2dd3e56444241ef14fc52bcdef41c0443c186c5eca4e9461dbd57eb452eecc31
TR-38738,2025-03-13,2025-03-01,QAS,FORN-00195,DESPESA,1921.5847536063347,1921.5847536063347,BRL,Reparo e conservação de instalações - QAS,10,CARTAO,PAGO,e6288577-83de-45f9-9cb7-fa62004b89b9,2025-04-05,ERP_CORPORATIVO,TRANSACOES_FINANCEIRAS,38738,f81722ddf45c3d5d37f76ef60ccc1fb66793368a373a12f29775751453bb7e38
TR-38739,2025-03-14,2025-03-01,COM,FORN-00195,DESPESA,1942.798236531178,1908.2939842128535,BRL,Custo operacional associado a COM,8,PIX,PAGO,e6288577-83de-45f9-9cb7-fa62004b89b9,2025-04-05,ERP_CORPORATIVO,TRANSACOES_FINANCEIRAS,38739,b0f29b99bac9a6ffb4b32561df6ca7d3d8f4f5bb00a9edde3da83c3d853da052
TR-38740,2025-03-26,2025-03-01,PES,FORN-00195,RECEITA,2031.9663753572488,2031.9663753572488,BRL,Tributo incidente sobre receita de PES,40,BOLETO,PAGO,e6288577-83de-45f9-9cb7-fa62004b89b9,2025-04-05,ERP_CORPORATIVO,TRANSACOES_FINANCEIRAS,38740,5d413c0c67bbad5823e60225ad3c8526aeb9e3a8a69edc14d54920ed2f04a917
TR-38741,2025-03-13,2025-03-01,ATD,FORN-00195,RECEITA,2023.1140732385852,2023.1140732385852,BRL,Prestação de serviço para área ATD,1,BOLETO,PAGO,e6288577-83de-45f9-9cb7-fa62004b89b9,2025-04-05,ERP_CORPORATIVO,TRANSACOES_FINANCEIRAS,38741,be221bb2770a1bf2c74f59b0b48d1597c3b9f95124e589a4b6119449e6d61c83
TR-38742,2025-03-19,2025-03-01,PRD,FORN-00195,RECEITA,2078.356229962438,2078.356229962438,BRL,Custo operacional associado a PRD,8,BOLETO,PAGO,e6288577-83de-45f9-9cb7-fa62004b89b9,2025-04-05,ERP_CORPORATIVO,TRANSACOES_FINANCEIRAS,38742,ab90fb185b64bd8a110f5a5ba97ea991ce70c6bd2800df13f68aa8a2e3872ff3
TR-38743,2025-03-24,2025-03-01,FIN,FORN-00195,RECEITA,1922.3976121322123,1922.3976121322123,BRL,Devolução de venda processada por FIN,39,BOLETO,PAGO,e6288577-83de-45f9-9cb7-fa62004b89b9,2025-04-05,ERP_CORPORATIVO,TRANSACOES_FINANCEIRAS,38743,2cd1d7940e3e8c5afa555de026052146145a90d13d638627b1a1380489a8bbaf
TR-38744,2025-03-17,2025-03-01,COM,FORN-00195,DESPESA,1685.740787240361,1685.740787240361,BRL,Serviço de tecnologia contratado por COM,5,PIX,PAGO,e6288577-83de-45f9-9cb7-fa62004b89b9,2025-04-05,ERP_CORPORATIVO,TRANSACOES_FINANCEIRAS,38744,5a883f16ae13f53bfb05936cd95b21bf1db8055a04e9725301c000362bf8e3d4
TR-38745,2025-03-17,2025-03-01,ADM,FORN-00195,DESPESA,3104.11003274365,3021.6225456438274,BRL,Devolução de venda processada por ADM,39,BOLETO,ATRASADO,e6288577-83de-45f9-9cb7-fa62004b89b9,2025-04-05,ERP_CORPORATIVO,TRANSACOES_FINANCEIRAS,38745,2564e8d8dd34c198034d707d81c323145452024a0451d062e14a81ca03e8bae5
TR-38746,2025-03-17,2025-03-01,JUR,FORN-00195,DESPESA,1832.3764185630728,1832.3764185630728,BRL,Hospedagem em viagem a serviço de JUR,19,TED,PAGO,e6288577-83de-45f9-9cb7-fa62004b89b9,2025-04-05,ERP_CORPORATIVO,TRANSACOES_FINANCEIRAS,38746,53a467747cc58482111618024afd4b2581c9a8f8ebaf3a2f9d1096690748df0a
TR-38747,2025-03-25,2025-03-01,OP,FORN-00195,DESPESA,1683.1161976200085,1683.1161976200085,BRL,Assessoria contábil prestada a OP,25,PIX,PAGO,e6288577-83de-45f9-9cb7-fa62004b89b9,2025-04-05,ERP_CORPORATIVO,TRANSACOES_FINANCEIRAS,38747,1a4bd2ed78df0000d20081e681f6737a61749824b72157f6550973a8b63a02de
TR-38748,2025-03-24,2025-03-01,OP,FORN-00195,DESPESA,2123.975312845565,2123.975312845565,BRL,Abatimento comercial registrado em OP,38,CARTAO,PAGO,e6288577-83de-45f9-9cb7-fa62004b89b9,2025-04-05,ERP_CORPORATIVO,TRANSACOES_FINANCEIRAS,38748,187a265a2844eba01f9c619c8fc0ca1324c4abb8cc56828fd7b995825030c243
TR-38749,2025-03-24,2025-03-01,SEC,FORN-00195,DESPESA,1809.6245007015975,1809.6245007015975,BRL,Renovação de certificados digitais - SEC,26,BOLETO,PAGO,e6288577-83de-45f9-9cb7-fa62004b89b9,2025-04-05,ERP_CORPORATIVO,TRANSACOES_FINANCEIRAS,38749,8aa4c5964e573640440de05a320a7cc830d4f73f4b46d8defdec26e92eb50b2f
TR-38750,2025-03-21,2025-03-01,RH,FORN-00195,DESPESA,1879.4253585911374,1879.4253585911374,BRL,Propaganda e divulgação para área RH,13,CARTAO,PAGO,e6288577-83de-45f9-9cb7-fa62004b89b9,2025-04-05,ERP_CORPORATIVO,TRANSACOES_FINANCEIRAS,38750,08221ddedd3c456e14b3719d9f57fd65ed5a59de83d0e716def34a420fd18bbe
TR-38751,2025-03-17,2025-03-01,PES,FORN-00195,DESPESA,1707.970789105018,1629.6314371683332,BRL,Despesa jurídica da área PES,24,TED,PAGO,e6288577-83de-45f9-9cb7-fa62004b89b9,2025-04-05,ERP_CORPORATIVO,TRANSACOES_FINANCEIRAS,38751,7a234d09630682f558efe2962d9019a71c3ea56f9f821f61fda4d34fe1366aef
TR-38752,2025-03-20,2025-03-01,JUR,FORN-00195,RECEITA,1827.0384279316272,1827.0384279316272,BRL,Hospedagem em viagem a serviço de JUR,19,TED,ATRASADO,e6288577-83de-45f9-9cb7-fa62004b89b9,2025-04-05,ERP_CORPORATIVO,TRANSACOES_FINANCEIRAS,38752,ce13fe8dcd8e091e3c41c97cd9a27f1769c610d48ed0a99ece4ef6675e2bc10a
TR-38753,2025-03-19,2025-03-01,FIN,FORN-00195,DESPESA,2016.1592391362533,2016.1592391362533,BRL,Serviço especializado solicitado por FIN,1,PIX,PAGO,e6288577-83de-45f9-9cb7-fa62004b89b9,2025-04-05,ERP_CORPORATIVO,TRANSACOES_FINANCEIRAS,38753,af51e971fd81df4d5ce82d7fe5be99c1c3a66f9ddb265c66eaf916d7ff64bd09
TR-38754,2025-03-25,2025-03-01,PJT,FORN-00195,RECEITA,2254.051862902932,2254.051862902932,BRL,Alienação de bem patrimonial - PJT,35,BOLETO,PAGO,e6288577-83de-45f9-9cb7-fa62004b89b9,2025-04-05,ERP_CORPORATIVO,TRANSACOES_FINANCEIRAS,38754,be755fa5795bdf622caa80a5082ea78cab40bf057873f09cfbd557485b64898e
TR-38755,2025-03-11,2025-03-01,MKT,FORN-00195,DESPESA,1587.426393527274,1517.515852353597,BRL,Prestação de serviço para área MKT,1,PIX,PAGO,e6288577-83de-45f9-9cb7-fa62004b89b9,2025-04-05,ERP_CORPORATIVO,TRANSACOES_FINANCEIRAS,38755,875ce17a915a1105a07e5f657d4a8f459d6f5ff3ead136a6019e59e6e8546304
TR-38756,2025-03-17,2025-03-01,JUR,FORN-00195,RECEITA,1841.0839179272878,1758.8162245688459,BRL,Reparo de frota vinculado à área JUR,17,TED,PAGO,e6288577-83de-45f9-9cb7-fa62004b89b9,2025-04-05,ERP_CORPORATIVO,TRANSACOES_FINANCEIRAS,38756,e6be2a99db8d2a602824f1d2f0994c20c36bc1fd2d7eac4a09babf1c5fc39eeb
TR-38757,2025-03-17,2025-03-01,OP,FORN-00195,RECEITA,1343.243870324765,1343.243870324765,BRL,Honorários profissionais contratados por OP,11,CARTAO,PAGO,e6288577-83de-45f9-9cb7-fa62004b89b9,2025-04-05,ERP_CORPORATIVO,TRANSACOES_FINANCEIRAS,38757,7628f51e8ab5428d741b55ded163a85f228fb72e7760a3567048695a78e48fa8
TR-38758,2025-03-26,2025-03-01,FIN,FORN-00195,DESPESA,1759.8205303329892,1759.8205303329892,BRL,Reparo e conservação de instalações - FIN,10,TRANSFERENCIA,CANCELADO,e6288577-83de-45f9-9cb7-fa62004b89b9,2025-04-05,ERP_CORPORATIVO,TRANSACOES_FINANCEIRAS,38758,0d2130ce27ec7a7ee418316d8e199330190735270c8f1eee256b203400b8fee1
TR-38759,2025-03-21,2025-03-01,OP,FORN-00195,DESPESA,1858.6641035563284,1858.6641035563284,BRL,Custo operacional associado a OP,8,CARTAO,PAGO,e6288577-83de-45f9-9cb7-fa62004b89b9,2025-04-05,ERP_CORPORATIVO,TRANSACOES_FINANCEIRAS,38759,5df2666baa98a1d999a92891deb590aee09030073ca7bbb027bbca220026632d
TR-38774,2025-03-31,2025-03-01,COM,FORN-00195,DESPESA,1821.4750224239403,1821.4750224239403,BRL,Serviço especializado solicitado por COM,1,CARTAO,PAGO,e6288577-83de-45f9-9cb7-fa62004b89b9,2025-04-05,ERP_CORPORATIVO,TRANSACOES_FINANCEIRAS,38774,7f30263628e7ca847911999490484cb7a5c4a8d2ff34ab8deef25c4e9a3a09aa
TR-38997,2025-03-25,2025-03-01,OP,FORN-00196,DESPESA,6230.034233606118,6230.034233606118,BRL,Alimentação em viagem corporativa - OP,20,TRANSFERENCIA,ATRASADO,e6288577-83de-45f9-9cb7-fa62004b89b9,2025-04-05,ERP_CORPORATIVO,TRANSACOES_FINANCEIRAS,38997,e50137f0235ba88500be7c172097f8d32ae4c31f3d8da252b5ebfbe6eed9e52b
TR-38998,2025-03-12,2025-03-01,COM,FORN-00196,RECEITA,5219.286425930376,5100.13161954758,BRL,Honorários jurídicos - COM,7,TRANSFERENCIA,PAGO,e6288577-83de-45f9-9cb7-fa62004b89b9,2025-04-05,ERP_CORPORATIVO,TRANSACOES_FINANCEIRAS,38998,435b1204594253d19225f4672712082f4ece5f333c188add6fd5e31c88fb0b79
TR-38999,2025-03-14,2025-03-01,ADM,FORN-00196,DESPESA,5382.033446823215,5240.148673421663,BRL,Licença de software para área ADM,27,BOLETO,ATRASADO,e6288577-83de-45f9-9cb7-fa62004b89b9,2025-04-05,ERP_CORPORATIVO,TRANSACOES_FINANCEIRAS,38999,45521785772424ea563bb226303ed48b4506a56578c801dd376a451094f9a804
TR-39000,2025-03-21,2025-03-01,QAS,FORN-00196,DESPESA,4939.889371251133,4939.889371251133,BRL,Aquisição de material operacional - QAS,2,PIX,PAGO,e6288577-83de-45f9-9cb7-fa62004b89b9,2025-04-05,ERP_CORPORATIVO,TRANSACOES_FINANCEIRAS,39000,c6c02941fcc96176980cb2482a44cec049972a7099221ec0fc83832ae8e15a20
TR-39001,2025-03-17,2025-03-01,OP,FORN-00196,RECEITA,6494.778332194088,6201.394855910372,BRL,Assessoria legal vinculada à área OP,7,PIX,ATRASADO,e6288577-83de-45f9-9cb7-fa62004b89b9,2025-04-05,ERP_CORPORATIVO,TRANSACOES_FINANCEIRAS,39001,0a662c3177e9c4eac30e521d24aecd35c39d15c1963ca5adadb39d376db445ce
TR-39002,2025-03-10,2025-03-01,VND,FORN-00196,DESPESA,5688.759014354951,5688.759014354951,BRL,Prestação de serviço para área VND,1,PIX,ATRASADO,e6288577-83de-45f9-9cb7-fa62004b89b9,2025-04-05,ERP_CORPORATIVO,TRANSACOES_FINANCEIRAS,39002,1194f0146d63a67223126c76765a8b7455acfb59e630cbccd400188c2b828d22
TR-39003,2025-03-21,2025-03-01,COM,FORN-00196,RECEITA,5709.722419532076,5502.770762506503,BRL,Suporte técnico para sistemas de COM,29,TED,PAGO,e6288577-83de-45f9-9cb7-fa62004b89b9,2025-04-05,ERP_CORPORATIVO,TRANSACOES_FINANCEIRAS,39003,cdef9b9112d366aa421f1fe21497ba933cd8f7e02672ba7f19674f1a32058265
TR-39004,2025-03-18,2025-03-01,VND,FORN-00196,DESPESA,5828.026152414261,5828.026152414261,BRL,Manutenção preventiva de veículos - VND,17,TED,PAGO,e6288577-83de-45f9-9cb7-fa62004b89b9,2025-04-05,ERP_CORPORATIVO,TRANSACOES_FINANCEIRAS,39004,c9490e8440540522378d15b8ed05618c8fd2cb91920be36062093cde3e20ca06
TR-39005,2025-03-26,2025-03-01,RH,FORN-00196,RECEITA,5632.960941597544,5362.196584422254,BRL,Licenciamento de software - RH,5,PIX,PAGO,e6288577-83de-45f9-9cb7-fa62004b89b9,2025-04-05,ERP_CORPORATIVO,TRANSACOES_FINANCEIRAS,39005,5238a29db107e3a667c4a155e8a5117e90dc6df727e24737cc1c0e995f447a01
TR-39102,2025-03-19,2025-03-01,TI,ACC-00197,RECEITA,2985.5273074717643,2895.6391189743617,BRL,Despesa de infraestrutura - TI,3,BOLETO,ATRASADO,e6288577-83de-45f9-9cb7-fa62004b89b9,2025-04-05,ERP_CORPORATIVO,TRANSACOES_FINANCEIRAS,39102,439d00c1e236073b60d6f341bc4f1294bb82ab6960e3d1a488ae445d9ba83f3a
TR-39103,2025-03-24,2025-03-01,COM,ACC-00197,DESPESA,2589.432135963605,2484.7161193957427,BRL,Despesa operacional - COM,8,BOLETO,PAGO,e6288577-83de-45f9-9cb7-fa62004b89b9,2025-04-05,ERP_CORPORATIVO,TRANSACOES_FINANCEIRAS,39103,cdea920a45ed6907bcbfd6f96e8c5121a22c51103da2183f3b0df900fe59c927
TR-39104,2025-03-19,2025-03-01,QAS,ACC-00197,DESPESA,3106.8332539652133,3106.8332539652133,BRL,Reparo de hardware solicitado por QAS,28,BOLETO,PAGO,e6288577-83de-45f9-9cb7-fa62004b89b9,2025-04-05,ERP_CORPORATIVO,TRANSACOES_FINANCEIRAS,39104,fbc1372ba937818d3efd7c0bc7331fafa110c35f1312d3ecb9406dc1786267b4
TR-39105,2025-03-18,2025-03-01,OP,ACC-00197,RECEITA,1136.5081272567265,1096.1799290000263,BRL,Despesa operacional - OP,8,PIX,PAGO,e6288577-83de-45f9-9cb7-fa62004b89b9,2025-04-05,ERP_CORPORATIVO,TRANSACOES_FINANCEIRAS,39105,ee87a8bd631341ae5137337efe13df10561c4065822b366a5710217788cc9e4c
TR-39106,2025-03-10,2025-03-01,OP,ACC-00197,DESPESA,3120.3027840193176,3120.3027840193176,BRL,Assessoria legal vinculada à área OP,7,PIX,PAGO,e6288577-83de-45f9-9cb7-fa62004b89b9,2025-04-05,ERP_CORPORATIVO,TRANSACOES_FINANCEIRAS,39106,3a31b4b57f1fa0f0a1b03c27a4b6d869abfa8bee3c60a1bb48a11ebc51242227
TR-39107,2025-03-17,2025-03-01,COMP,ACC-00197,DESPESA,3216.0352278335695,3216.0352278335695,BRL,Serviço de tecnologia contratado por COMP,5,CARTAO,PAGO,e6288577-83de-45f9-9cb7-fa62004b89b9,2025-04-05,ERP_CORPORATIVO,TRANSACOES_FINANCEIRAS,39107,674351c8f0dd81fe4e95e7bd6a59c98b17b415411e0e5dd3331087a042e4dc9a
TR-39108,2025-03-21,2025-03-01,CTB,ACC-00197,DESPESA,2762.5817922572214,2762.5817922572214,BRL,Investimento em marketing corporativo (CTB),4,PIX,ATRASADO,e6288577-83de-45f9-9cb7-fa62004b89b9,2025-04-05,ERP_CORPORATIVO,TRANSACOES_FINANCEIRAS,39108,197aae443f080c131ce05a7f9d4f4656cfa25da3343e8fe3e4577b3f03f48330
TR-39109,2025-03-11,2025-03-01,COM,ACC-00197,DESPESA,3280.536625697834,3280.536625697834,BRL,Licenciamento de software - COM,5,PIX,PAGO,e6288577-83de-45f9-9cb7-fa62004b89b9,2025-04-05,ERP_CORPORATIVO,TRANSACOES_FINANCEIRAS,39109,04c16f3b55a2708841e53d4516e8b591196c5514b63cfe604389ae9a8f7e4cfb
TR-39110,2025-03-10,2025-03-01,OP,ACC-00197,DESPESA,3375.3968560937706,3375.3968560937706,BRL,Aquisição de material operacional - OP,2,CARTAO,PAGO,e6288577-83de-45f9-9cb7-fa62004b89b9,2025-04-05,ERP_CORPORATIVO,TRANSACOES_FINANCEIRAS,39110,d79cfae61b6b1c8d3f66f3326080ce3991007ca6f07e87b178e2852b5e6a72d1
TR-39111,2025-03-17,2025-03-01,PJT,ACC-00197,DESPESA,3060.486097920444,3060.486097920444,BRL,Alimentação em viagem corporativa - PJT,20,BOLETO,PAGO,e6288577-83de-45f9-9cb7-fa62004b89b9,2025-04-05,ERP_CORPORATIVO,TRANSACOES_FINANCEIRAS,39111,ab41de15ffc81e20ffe6acc0cf1368846dc44ed9cc7b92a9b440485d38c7636f
TR-39112,2025-03-24,2025-03-01,QAS,ACC-00197,RECEITA,3568.0186498386724,3568.0186498386724,BRL,Contrato de serviço - setor QAS,1,TED,PAGO,e6288577-83de-45f9-9cb7-fa62004b89b9,2025-04-05,ERP_CORPORATIVO,TRANSACOES_FINANCEIRAS,39112,8d9913dae94208708c2d8a15c4ee78d65135578bb51c29eab742810e59bb4d58
TR-39113,2025-03-20,2025-03-01,JUR,ACC-00197,RECEITA,3652.655633288402,3652.655633288402,BRL,Serviço especializado solicitado por JUR,1,BOLETO,ATRASADO,e6288577-83de-45f9-9cb7-fa62004b89b9,2025-04-05,ERP_CORPORATIVO,TRANSACOES_FINANCEIRAS,39113,0cb86e8a1a3d45cf94d6b4e751a6c8ca25aafd1649420c38ed3fb47a1e5e0916
TR-39114,2025-03-10,2025-03-01,COMP,ACC-00197,RECEITA,4003.4374185414904,4003.4374185414904,BRL,Custo operacional associado a COMP,8,PIX,PAGO,e6288577-83de-45f9-9cb7-fa62004b89b9,2025-04-05,ERP_CORPORATIVO,TRANSACOES_FINANCEIRAS,39114,e541c3f9daa98487c1959ac4a7323368c8467fa7128a35dc1b7068fc2f58441e
TR-39115,2025-03-11,2025-03-01,CTB,ACC-00197,DESPESA,2953.1889642426027,2953.1889642426027,BRL,Despesa de RH - CTB,6,CARTAO,PAGO,e6288577-83de-45f9-9cb7-fa62004b89b9,2025-04-05,ERP_CORPORATIVO,TRANSACOES_FINANCEIRAS,39115,bf0029e84fb81493a2be6889c196345441e0a33e8f7499ff6e6995ee6dadc432
TR-39116,2025-03-25,2025-03-01,RH,ACC-00197,RECEITA,3334.0980860979885,3334.0980860979885,BRL,Promoção e atividade externa - RH,14,TRANSFERENCIA,PAGO,e6288577-83de-45f9-9cb7-fa62004b89b9,2025-04-05,ERP_CORPORATIVO,TRANSACOES_FINANCEIRAS,39116,f5145633ee6fe98b86612f954eba7b272951aebb0aab2b6df94bcd7075df439a
TR-39117,2025-03-24,2025-03-01,ESG,ACC-00197,RECEITA,2877.169437677469,2828.013516836187,BRL,Suporte técnico para sistemas de ESG,29,TED,ATRASADO,e6288577-83de-45f9-9cb7-fa62004b89b9,2025-04-05,ERP_CORPORATIVO,TRANSACOES_FINANCEIRAS,39117,616c5680c22d72fc55b1bf6aab5cb4ff3ed12a4089d666a227bb38d192bf2e45
TR-39118,2025-03-24,2025-03-01,SEC,ACC-00197,DESPESA,3441.8650330633473,3441.8650330633473,BRL,Reparo de frota vinculado à área SEC,17,PIX,PAGO,e6288577-83de-45f9-9cb7-fa62004b89b9,2025-04-05,ERP_CORPORATIVO,TRANSACOES_FINANCEIRAS,39118,17beca36079fa1a686cf003372d8819eb0a0d03509e167e0e143c57b421ea55b
TR-39268,2025-03-17,2025-03-01,PES,FORN-00198,DESPESA,2489.871098146142,2456.8207464521283,BRL,Manutenção de equipamentos de PES,28,TED,ATRASADO,e6288577-83de-45f9-9cb7-fa62004b89b9,2025-04-05,ERP_CORPORATIVO,TRANSACOES_FINANCEIRAS,39268,cb4d2f69c54364836b87c79b8f164575a9ff2484ccbfb9ae7ffc9695c88cca03
TR-39269,2025-03-10,2025-03-01,PRD,FORN-00198,DESPESA,2711.7501429260547,2711.7501429260547,BRL,Honorários profissionais contratados por PRD,11,TED,PAGO,e6288577-83de-45f9-9cb7-fa62004b89b9,2025-04-05,ERP_CORPORATIVO,TRANSACOES_FINANCEIRAS,39269,bac160ce8eb264d33da4a8ffd84bec6fbbc60d4c26f5a9fb8387fe2cd2c8194d
TR-39270,2025-03-10,2025-03-01,OP,FORN-00198,DESPESA,4573.947368811671,4573.947368811671,BRL,Serviço especializado solicitado por OP,1,TED,PAGO,e6288577-83de-45f9-9cb7-fa62004b89b9,2025-04-05,ERP_CORPORATIVO,TRANSACOES_FINANCEIRAS,39270,3b2889e181b0c0265a34093e974850af2f9dadb3490fd7e2cbad3e5143372082
TR-39271,2025-03-17,2025-03-01,ATD,FORN-00198,DESPESA,2588.0706660879828,2588.0706660879828,BRL,Abatimento comercial registrado em ATD,38,PIX,ATRASADO,e6288577-83de-45f9-9cb7-fa62004b89b9,2025-04-05,ERP_CORPORATIVO,TRANSACOES_FINANCEIRAS,39271,dccf068357c454cc22c62320ae41347d463b305596f7114973e5b676c91db40b
TR-39272,2025-03-19,2025-03-01,PRD,FORN-00198,DESPESA,2427.7435329830873,2427.7435329830873,BRL,Material de marketing solicitado por PRD,15,TED,PAGO,e6288577-83de-45f9-9cb7-fa62004b89b9,2025-04-05,ERP_CORPORATIVO,TRANSACOES_FINANCEIRAS,39272,76c70801d2fe4a5bdb120261f85c3186afbdf1a7c48194409400de29f1f51d05
TR-39486,2025-03-21,2025-03-01,FIN,1000198,RECEITA,11833.441779170902,11833.441779170902,BRL,Despesa operacional - FIN,8,BOLETO,PAGO,e6288577-83de-45f9-9cb7-fa62004b89b9,2025-04-05,ERP_CORPORATIVO,TRANSACOES_FINANCEIRAS,39486,f6c8b5ec9d010bbe1ccf52267a66e338c22ba83f1f270fc5b69b5265cf633a35
TR-39487,2025-03-10,2025-03-01,RH,1000198,RECEITA,11490.462708828763,11490.462708828763,BRL,Manutenção estrutural vinculada à área RH,3,CARTAO,PAGO,e6288577-83de-45f9-9cb7-fa62004b89b9,2025-04-05,ERP_CORPORATIVO,TRANSACOES_FINANCEIRAS,39487,2dcc6bc66fe01597277d4da77808bd50076a987e87c165775cf7247da775ed13
TR-39488,2025-03-10,2025-03-01,LOG,1000198,DESPESA,9677.419902703607,9677.419902703607,EUR,Propaganda e divulgação para área LOG,13,BOLETO,PAGO,e6288577-83de-45f9-9cb7-fa62004b89b9,2025-04-05,ERP_CORPORATIVO,TRANSACOES_FINANCEIRAS,39488,02444e9ba2f1f5a5e7730707556faf71fb0eb44c6cf73ef4af8fb25e40afa679
TR-39489,2025-03-17,2025-03-01,CPT,1000198,DESPESA,31324.351168132423,30883.927377525513,BRL,Aquisição de material operacional - CPT,2,BOLETO,PAGO,e6288577-83de-45f9-9cb7-fa62004b89b9,2025-04-05,ERP_CORPORATIVO,TRANSACOES_FINANCEIRAS,39489,837b27e0da094da90c929e04139f7d6ad6126b9fa1ab4d89aec4674c76458ac2
TR-39490,2025-03-14,2025-03-01,TI,1000198,RECEITA,10618.701162469617,10618.701162469617,BRL,Reparo de frota vinculado à área TI,17,BOLETO,ATRASADO,e6288577-83de-45f9-9cb7-fa62004b89b9,2025-04-05,ERP_CORPORATIVO,TRANSACOES_FINANCEIRAS,39490,5bfed2c57c700843eeb134b6c0bd1908d6ad820f4479a4d70b1a946d94b1a3a6
TR-39491,2025-03-24,2025-03-01,TI,1000198,RECEITA,11260.643648337738,10785.37192701936,BRL,Royalties recebidos por TI,32,TRANSFERENCIA,PAGO,e6288577-83de-45f9-9cb7-fa62004b89b9,2025-04-05,ERP_CORPORATIVO,TRANSACOES_FINANCEIRAS,39491,c58fbb65533ce5a1aa382c5937f5bf14e82d16bdd1030b7627359eaec035f2d0
TR-39492,2025-03-11,2025-03-01,COM,1000198,RECEITA,11030.66193270328,11030.66193270328,BRL,Manutenção estrutural vinculada à área COM,3,BOLETO,PAGO,e6288577-83de-45f9-9cb7-fa62004b89b9,2025-04-05,ERP_CORPORATIVO,TRANSACOES_FINANCEIRAS,39492,d43c66ac8aba5f6ba0db8f98376ab2c3bbe2df1af97e857c6b0d55e615275016
TR-39493,2025-03-19,2025-03-01,SEC,1000198,DESPESA,13831.411930303464,13221.161962011245,BRL,Serviço especializado solicitado por SEC,1,PIX,ATRASADO,e6288577-83de-45f9-9cb7-fa62004b89b9,2025-04-05,ERP_CORPORATIVO,TRANSACOES_FINANCEIRAS,39493,5072a81ad985437b02ddb53b9e3694332e750c3f8a2dbb83aa8cf53e7ae428d3
TR-39494,2025-03-26,2025-03-01,TI,1000198,DESPESA,9503.39787682519,9503.39787682519,BRL,Passagem aérea para colaborador de TI,18,TED,PAGO,e6288577-83de-45f9-9cb7-fa62004b89b9,2025-04-05,ERP_CORPORATIVO,TRANSACOES_FINANCEIRAS,39494,74fc32ea417683e5ecd72dbb65d6af2d0a6df04ec10f41451f6c193714df7e4c
TR-39495,2025-03-17,2025-03-01,TI,1000198,DESPESA,10755.212226036907,10755.212226036907,BRL,Doação recebida em favor de TI,36,CARTAO,PAGO,e6288577-83de-45f9-9cb7-fa62004b89b9,2025-04-05,ERP_CORPORATIVO,TRANSACOES_FINANCEIRAS,39495,c978f2f78f2e3fa93e0b8989f02db4ef85427e178b899b3e7d45087785b112c7
TR-39737,2025-03-17,2025-03-01,PRD,1000199,RECEITA,2171.7330895915297,2091.506418140841,BRL,Apólice de seguro - PRD,21,TED,ATRASADO,e6288577-83de-45f9-9cb7-fa62004b89b9,2025-04-05,ERP_CORPORATIVO,TRANSACOES_FINANCEIRAS,39737,0390ee02f4be5164a4b794d7a685c30d46e24217ebb7aa84c11dfea50de912ea
TR-39738,2025-03-10,2025-03-01,OP,1000199,RECEITA,2391.4690499728945,2391.4690499728945,EUR,Custo operacional associado a OP,8,PIX,PAGO,e6288577-83de-45f9-9cb7-fa62004b89b9,2025-04-05,ERP_CORPORATIVO,TRANSACOES_FINANCEIRAS,39738,00ea4ab1df267e582082657d5394de90ea1f68827ef288f91e8130c282b6894d
TR-39739,2025-03-13,2025-03-01,CPT,1000199,RECEITA,1922.6632154972558,1922.6632154972558,BRL,Tributo incidente sobre receita de CPT,40,PIX,PAGO,e6288577-83de-45f9-9cb7-fa62004b89b9,2025-04-05,ERP_CORPORATIVO,TRANSACOES_FINANCEIRAS,39739,b986735de2d8e059e622962303ec1ec242e0c34b3273e94eee771bf70ad6a887
TR-39740,2025-03-14,2025-03-01,PES,1000199,DESPESA,2571.6070230039177,2536.9038031866503,BRL,Custo operacional associado a PES,8,TRANSFERENCIA,PAGO,e6288577-83de-45f9-9cb7-fa62004b89b9,2025-04-05,ERP_CORPORATIVO,TRANSACOES_FINANCEIRAS,39740,c1335e19529caa99008af6a68d0e0868f0b707d1822c066597dbbb9e5f1e5b8d
TR-39741,2025-03-18,2025-03-01,COMP,1000199,DESPESA,2738.6886174564597,2738.6886174564597,BRL,Estorno de receita - COMP,39,PIX,PAGO,e6288577-83de-45f9-9cb7-fa62004b89b9,2025-04-05,ERP_CORPORATIVO,TRANSACOES_FINANCEIRAS,39741,6edfc12b6fe275f50c7f403df1c1d8eaf5ddc606f8cd11ec8d86952d8c83dfc7
TR-39742,2025-03-18,2025-03-01,MKT,1000199,RECEITA,2913.7188811444053,2913.7188811444053,BRL,Custo operacional associado a MKT,8,TED,ATRASADO,e6288577-83de-45f9-9cb7-fa62004b89b9,2025-04-05,ERP_CORPORATIVO,TRANSACOES_FINANCEIRAS,39742,d8ad41e462f447297a92e4f11a60eea62b0fe29e6c2f0619ae3f4c2f0d2c6bd1
TR-39743,2025-03-19,2025-03-01,COM,1000199,DESPESA,2418.157520749604,2388.465472399819,USD,Estorno de receita - COM,39,PIX,PAGO,e6288577-83de-45f9-9cb7-fa62004b89b9,2025-04-05,ERP_CORPORATIVO,TRANSACOES_FINANCEIRAS,39743,36565df3cfd81eea76a1294ba7ef0c134a992752db1c01aec7401a0ab55d11d1
TR-39744,2025-03-17,2025-03-01,VND,1000199,RECEITA,2528.655399602392,2528.655399602392,BRL,Licenciamento de software - VND,5,PIX,CANCELADO,e6288577-83de-45f9-9cb7-fa62004b89b9,2025-04-05,ERP_CORPORATIVO,TRANSACOES_FINANCEIRAS,39744,fec49cecb8fafcc5e159becf8218d326b3aba9c5690290ad900551f49f6d475b
TR-39745,2025-03-13,2025-03-01,ADM,1000199,DESPESA,2467.1691758868246,2467.1691758868246,BRL,Honorários jurídicos - ADM,7,PIX,PAGO,e6288577-83de-45f9-9cb7-fa62004b89b9,2025-04-05,ERP_CORPORATIVO,TRANSACOES_FINANCEIRAS,39745,1a9dc73eb64125bc881faabf1e97b69e6994ee35c0e4c7ff62722d3393daabec
TR-39746,2025-03-11,2025-03-01,FIN,1000199,DESPESA,2960.5253502774235,2960.5253502774235,BRL,Produção de material gráfico - FIN,15,TED,PAGO,e6288577-83de-45f9-9cb7-fa62004b89b9,2025-04-05,ERP_CORPORATIVO,TRANSACOES_FINANCEIRAS,39746,4349711ce4325eb84fe12df43727c9317965a7154d7e2d6ac4c21dfb20d86dbf
