id_transacao_raw,data_transacao,data_competencia,id_area_raw,id_fornecedor_raw,tipo_transacao,valor_bruto,valor_liquido,moeda,descricao,id_categoria_raw,forma_pagamento,status_pagamento,ingestion_id,ingestion_ts,source_system,source_entity,row_seq,raw_row_hash
TR-00008,2024-11-22,2024-11-01,COMP,1000000,DESPESA,3510.0026995180037,3448.6740719187433,BRL,Recebimento de subvenção - COMP,36,PIX,PAGO,b93771a8-49a7-4f5b-9dd2-8dec81399442,2024-12-05,ERP_CORPORATIVO,TRANSACOES_FINANCEIRAS,8,a50a0583604676455dbdde1cb38f8fcbb9141aca9e9f72faeac5f09cc09016a5
TR-00009,2024-11-04,2024-11-01,OP,1000000,DESPESA,4183.691208366082,4183.691208366082,BRL,Contrato de serviço - setor OP,1,PIX,PAGO,b93771a8-49a7-4f5b-9dd2-8dec81399442,2024-12-05,ERP_CORPORATIVO,TRANSACOES_FINANCEIRAS,9,6d3e92316628a36d8a52bc6d2fb6e59db1ce8f2e6b60046a31604b894bf75641
TR-00010,2024-11-11,2024-11-01,JUR,1000000,DESPESA,3282.4532440980106,3282.4532440980106,BRL,Custo operacional associado a JUR,8,PIX,PAGO,b93771a8-49a7-4f5b-9dd2-8dec81399442,2024-12-05,ERP_CORPORATIVO,TRANSACOES_FINANCEIRAS,10,fd0d5af1b75cd081b1d8dc27136d4678d232dfaca8fbd8e4197db82422c10c9a
TR-00011,2024-11-18,2024-11-01,ESG,1000000,RECEITA,3838.1433695288642,3838.1433695288642,BRL,Manutenção predial solicitada por ESG,10,TED,PAGO,b93771a8-49a7-4f5b-9dd2-8dec81399442,2024-12-05,ERP_CORPORATIVO,TRANSACOES_FINANCEIRAS,11,5a10b57d7896b59dc6381d7cf6841b14698b0707b526051b713401882c5d74ce
TR-00012,2024-11-05,2024-11-01,OP,1000000,RECEITA,3902.6887145230385,3902.6887145230385,BRL,Juros sobre operação financeira - OP,23,TED,PAGO,b93771a8-49a7-4f5b-9dd2-8dec81399442,2024-12-05,ERP_CORPORATIVO,TRANSACOES_FINANCEIRAS,12,8cdc249fce3bc83db9e8367c1cdace5b2096280ccd79457d5a3846d4932b2d7e
TR-00013,2024-11-25,2024-11-01,QAS,1000000,RECEITA,3616.8295441826303,3616.8295441826303,BRL,Receita extraordinária - QAS,37,BOLETO,PAGO,b93771a8-49a7-4f5b-9dd2-8dec81399442,2024-12-05,ERP_CORPORATIVO,TRANSACOES_FINANCEIRAS,13,33e647a51c19cc8a01e780a6a812d8b47353500f801b399e3e7160c2c21ee68f
TR-00014,2024-11-04,2024-11-01,FIN,1000000,RECEITA,3894.736805889353,3894.736805889353,BRL,Receita extraordinária - FIN,37,BOLETO,CANCELADO,b93771a8-49a7-4f5b-9dd2-8dec81399442,2024-12-05,ERP_CORPORATIVO,TRANSACOES_FINANCEIRAS,14,fa61df1a1401c92420d25aab11044ab9918dfe78dd6814e7f6082612b780e6fe
TR-00015,2024-11-15,2024-11-01,MKT,1000000,RECEITA,4017.615758153468,4017.615758153468,BRL,Contrato de serviço - setor MKT,1,TRANSFERENCIA,PAGO,b93771a8-49a7-4f5b-9dd2-8dec81399442,2024-12-05,ERP_CORPORATIVO,TRANSACOES_FINANCEIRAS,15,895e538eb7cca25eaf05d2b1d4672900cf42211059d53ffb828b46b91b52fbcf
TR-00563,2024-11-04,2024-11-01,COMP,1000004,DESPESA,3269.37993907275,3269.37993907275,BRL,Despesa operacional - COMP,8,TRANSFERENCIA,PAGO,b93771a8-49a7-4f5b-9dd2-8dec81399442,2024-12-05,ERP_CORPORATIVO,TRANSACOES_FINANCEIRAS,563,d296a676a9b9035873d429571f11d446bba76bbe86d9bf613ac3aaeb1bbf0085
TR-00564,2024-11-19,2024-11-01,JUR,1000004,RECEITA,2939.4978549626194,2939.4978549626194,BRL,Manutenção predial solicitada por JUR,10,TRANSFERENCIA,ATRASADO,b93771a8-49a7-4f5b-9dd2-8dec81399442,2024-12-05,ERP_CORPORATIVO,TRANSACOES_FINANCEIRAS,564,2ad250bce05f04a9ecc6df7f6f433d1b136f53bc90537c6fd734f889c590d1c9
TR-00565,2024-11-25,2024-11-01,FIN,1000004,RECEITA,3737.861714923243,3737.861714923243,USD,Receita extraordinária - FIN,37,PIX,PAGO,b93771a8-49a7-4f5b-9dd2-8dec81399442,2024-12-05,ERP_CORPORATIVO,TRANSACOES_FINANCEIRAS,565,f6f4e9c4c14e5318119b88dadd9837dc84dfd6a2a765759dd601442f3426846d
TR-00566,2024-11-14,2024-11-01,ADM,1000004,DESPESA,3410.733683707785,3272.756272873014,BRL,Licença de software para área ADM,27,TRANSFERENCIA,ATRASADO,b93771a8-49a7-4f5b-9dd2-8dec81399442,2024-12-05,ERP_CORPORATIVO,TRANSACOES_FINANCEIRAS,566,f127d95653e38db141340d1911b562b48f6bd0d79c629d28c5ef5f90fd8b3a11
TR-00567,2024-11-11,2024-11-01,LOG,1000004,RECEITA,3416.586195573425,3416.586195573425,BRL,Aquisição de material operacional - LOG,2,PIX,PAGO,b93771a8-49a7-4f5b-9dd2-8dec81399442,2024-12-05,ERP_CORPORATIVO,TRANSACOES_FINANCEIRAS,567,dd6ecb95902299c1f073dc4fef1b921a6ff77097a5b306494ea96ac38655cd0e
TR-00568,2024-11-25,2024-11-01,PES,1000004,RECEITA,2971.322231915851,2921.4066734449566,BRL,Evento corporativo organizado por PES,14,PIX,CANCELADO,b93771a8-49a7-4f5b-9dd2-8dec81399442,2024-12-05,ERP_CORPORATIVO,TRANSACOES_FINANCEIRAS,568,c76e71232f4a02644d193a88a95416d87a67e459706caf812d268fcea4cf8ef3
TR-00569,2024-11-11,2024-11-01,FIN,1000004,RECEITA,3572.726444903421,3572.726444903421,BRL,Certificado digital adquirido por FIN,26,TRANSFERENCIA,PAGO,b93771a8-49a7-4f5b-9dd2-8dec81399442,2024-12-05,ERP_CORPORATIVO,TRANSACOES_FINANCEIRAS,569,e1bad9d8d6761a27adb7f597747fd0ec40a5a43f484d205015a55dfb2d315f68
TR-00570,2024-11-13,2024-11-01,CPT,1000004,RECEITA,3009.846555587404,3009.846555587404,BRL,Reparo e conservação de instalações - CPT,10,PIX,PAGO,b93771a8-49a7-4f5b-9dd2-8dec81399442,2024-12-05,ERP_CORPORATIVO,TRANSACOES_FINANCEIRAS,570,a012285863e034197863af5ac86d517f79d0e251315f19439348bd199e128001
TR-00571,2024-11-25,2024-11-01,FIN,1000004,DESPESA,3126.8870125914486,3126.8870125914486,BRL,Reparo de hardware solicitado por FIN,28,TED,PAGO,b93771a8-49a7-4f5b-9dd2-8dec81399442,2024-12-05,ERP_CORPORATIVO,TRANSACOES_FINANCEIRAS,571,407585315345f5f8b05ee40cf8cd480e591779d8f3923415ecd86ed299f5727e
TR-00572,2024-11-27,2024-11-01,OP,1000004,DESPESA,3346.69297332835,3222.0675572762148,BRL,Custo operacional associado a OP,8,PIX,ATRASADO,b93771a8-49a7-4f5b-9dd2-8dec81399442,2024-12-05,ERP_CORPORATIVO,TRANSACOES_FINANCEIRAS,572,a05812e4f203dba14c9a37e26e187fb3226418e14ac90f33fc237917cfa36c60
TR-00573,2024-11-11,2024-11-01,OP,1000004,DESPESA,3118.4445919643435,3118.4445919643435,BRL,Serviço especializado solicitado por OP,1,TED,PAGO,b93771a8-49a7-4f5b-9dd2-8dec81399442,2024-12-05,ERP_CORPORATIVO,TRANSACOES_FINANCEIRAS,573,799c8cc68264468b3c3a213ea41971da5c7995329679b6eb79d9aa58f43f79cc
TR-00574,2024-11-25,2024-11-01,COM,1000004,DESPESA,3053.217232614131,3053.217232614131,BRL,Despesa de infraestrutura - COM,3,TRANSFERENCIA,PAGO,b93771a8-49a7-4f5b-9dd2-8dec81399442,2024-12-05,ERP_CORPORATIVO,TRANSACOES_FINANCEIRAS,574,ae4be57037a345af029ad7207e5e697007c3d7e8fd1b8f3d22e84db62ac81191
TR-00575,2024-11-14,2024-11-01,ESG,1000004,DESPESA,828.8550784447608,828.8550784447608,BRL,Receita de aluguel creditada em ESG,31,PIX,PAGO,b93771a8-49a7-4f5b-9dd2-8dec81399442,2024-12-05,ERP_CORPORATIVO,TRANSACOES_FINANCEIRAS,575,df8473786634339f99c090b50fc17b819f03c4b08e5bc821dd677ff8050306d5
TR-00576,2024-11-18,2024-11-01,ESG,1000004,DESPESA,3656.219084598812,3656.219084598812,BRL,Serviço de tecnologia contratado por ESG,5,CARTAO,PAGO,b93771a8-49a7-4f5b-9dd2-8dec81399442,2024-12-05,ERP_CORPORATIVO,TRANSACOES_FINANCEIRAS,576,3f40ddbf3d72db12ad538f8e7f8dbabb6fc1d1cc15915357f610ce46340372b8
TR-00577,2024-11-19,2024-11-01,JUR,1000004,DESPESA,3614.4385141499934,3561.980137662849,BRL,Passagem aérea para colaborador de JUR,18,PIX,PAGO,b93771a8-49a7-4f5b-9dd2-8dec81399442,2024-12-05,ERP_CORPORATIVO,TRANSACOES_FINANCEIRAS,577,5dd57cc0b87371be9a5add147bbce647d01ac980a951f41cef3ba510b928bc26
TR-00578,2024-11-12,2024-11-01,FIN,1000004,RECEITA,3547.2421801563073,3547.2421801563073,BRL,Compra de insumos para setor FIN,2,TRANSFERENCIA,ATRASADO,b93771a8-49a7-4f5b-9dd2-8dec81399442,2024-12-05,ERP_CORPORATIVO,TRANSACOES_FINANCEIRAS,578,c113b8b0aa48e5e6b6c76662de169a800049f349357855de151b846f910b94c9
TR-00579,2024-11-21,2024-11-01,OP,1000004,DESPESA,3469.6470686050884,3469.6470686050884,BRL,Licenciamento de software - OP,5,TED,PAGO,b93771a8-49a7-4f5b-9dd2-8dec81399442,2024-12-05,ERP_CORPORATIVO,TRANSACOES_FINANCEIRAS,579,bd4915ec8ab2fc6c3f5521879398b4ca5d38f2e7cf81ba2628522215e37bf80c
TR-00826,2024-11-11,2024-11-01,ESG,FORN-00006,RECEITA,1704.92865693697,1704.92865693697,BRL,Venda de ativo imobilizado por ESG,35,TRANSFERENCIA,PAGO,b93771a8-49a7-4f5b-9dd2-8dec81399442,2024-12-05,ERP_CORPORATIVO,TRANSACOES_FINANCEIRAS,826,178c331f17240026ad18bf5d59e02377be1595fa26d2150e84b8e7ddd68db4bd
TR-00827,2024-11-11,2024-11-01,JUR,FORN-00006,DESPESA,1782.4258987166495,1782.4258987166495,BRL,Despesa de RH - JUR,6,BOLETO,PAGO,b93771a8-49a7-4f5b-9dd2-8dec81399442,2024-12-05,ERP_CORPORATIVO,TRANSACOES_FINANCEIRAS,827,7601a9674bfe15139d61605eabfdc7af672b770aa6f65ae59a50b546a14693ea
TR-00828,2024-11-25,2024-11-01,OP,FORN-00006,DESPESA,2001.4607131607968,1901.8945583900904,BRL,Despesa de refeição em deslocamento (OP),20,TED,ATRASADO,b93771a8-49a7-4f5b-9dd2-8dec81399442,2024-12-05,ERP_CORPORATIVO,TRANSACOES_FINANCEIRAS,828,1f5ae41b7e91953416f8db2a298447e78bc3eeabd182f07c078de85404a28b6e
TR-00829,2024-11-21,2024-11-01,OP,FORN-00006,DESPESA,1989.496113742843,1989.496113742843,BRL,Honorários jurídicos - OP,7,PIX,PAGO,b93771a8-49a7-4f5b-9dd2-8dec81399442,2024-12-05,ERP_CORPORATIVO,TRANSACOES_FINANCEIRAS,829,8f654986e91de50a92f64567d86685c6aee427a68d5765f547a37085eb5b0a66
TR-00830,2024-11-14,2024-11-01,COM,FORN-00006,RECEITA,3242.184146187789,3218.0275771771376,BRL,Contrato de consultoria externa - COM,12,TRANSFERENCIA,CANCELADO,b93771a8-49a7-4f5b-9dd2-8dec81399442,2024-12-05,ERP_CORPORATIVO,TRANSACOES_FINANCEIRAS,830,579d875d36d98200449490b55396d3e29e3182b87ffb66b4d235e2275f5f38a5
TR-00831,2024-11-05,2024-11-01,TI,FORN-00006,RECEITA,1843.9868257303785,1843.9868257303785,BRL,Despesa operacional - TI,8,CARTAO,PAGO,b93771a8-49a7-4f5b-9dd2-8dec81399442,2024-12-05,ERP_CORPORATIVO,TRANSACOES_FINANCEIRAS,831,2d0fa4102ee2c38fd858d71f578824eab24ca115b146e53d76079088cab1f662
TR-00832,2024-11-15,2024-11-01,ATD,FORN-00006,DESPESA,1411.3459285769147,1362.0014938563972,BRL,Despesa operacional - ATD,8,PIX,PAGO,b93771a8-49a7-4f5b-9dd2-8dec81399442,2024-12-05,ERP_CORPORATIVO,TRANSACOES_FINANCEIRAS,832,965d3b12ac25631a7d1f327a9bf5d59628ccb47470025acfd273e21e65c4239e
TR-00833,2024-11-04,2024-11-01,COM,FORN-00006,DESPESA,1785.0353651395853,1785.0353651395853,BRL,Compra de insumos para setor COM,2,TED,PAGO,b93771a8-49a7-4f5b-9dd2-8dec81399442,2024-12-05,ERP_CORPORATIVO,TRANSACOES_FINANCEIRAS,833,eb1ca22380ff00c7731ad173a90f50d973c4c79dd7dcdf95c7bed467a40c55ab
TR-00834,2024-11-21,2024-11-01,PRD,FORN-00006,RECEITA,1696.291987957732,1696.291987957732,BRL,Prestação de serviço para área PRD,1,BOLETO,PAGO,b93771a8-49a7-4f5b-9dd2-8dec81399442,2024-12-05,ERP_CORPORATIVO,TRANSACOES_FINANCEIRAS,834,c04d9f6c4b4eab08fdfbab4589413393a4cba9815d255324b330974582ee170c
TR-00835,2024-11-13,2024-11-01,TI,FORN-00006,RECEITA,1644.8563751471197,1644.8563751471197,BRL,Contrato de serviço - setor TI,1,TRANSFERENCIA,PAGO,b93771a8-49a7-4f5b-9dd2-8dec81399442,2024-12-05,ERP_CORPORATIVO,TRANSACOES_FINANCEIRAS,835,461a738658c6072889f8356351f9d6624d2b0eda074a6a3f405260672198ee0d
TR-00836,2024-11-11,2024-11-01,VND,FORN-00006,DESPESA,1946.9627948212924,1946.9627948212924,BRL,Contrato de consultoria externa - VND,12,PIX,ATRASADO,b93771a8-49a7-4f5b-9dd2-8dec81399442,2024-12-05,ERP_CORPORATIVO,TRANSACOES_FINANCEIRAS,836,76b98ee08859683f1227e67f02685e3e0e1dcf1228cd937c89aa5e7556b05606
TR-01065,2024-11-12,2024-11-01,COM,ACC-00007,RECEITA,2167.73491795817,2098.8420701885216,BRL,Custo operacional associado a COM,8,PIX,PAGO,b93771a8-49a7-4f5b-9dd2-8dec81399442,2024-12-05,ERP_CORPORATIVO,TRANSACOES_FINANCEIRAS,1065,551f460b9aafa7ef3ef4c832179c1f903343b4820870344de53414139aa8a0f4
TR-01066,2024-11-25,2024-11-01,COMP,ACC-00007,DESPESA,2022.516997635296,2022.516997635296,BRL,Renovação de certificados digitais - COMP,26,PIX,PAGO,b93771a8-49a7-4f5b-9dd2-8dec81399442,2024-12-05,ERP_CORPORATIVO,TRANSACOES_FINANCEIRAS,1066,15e3b1849cf26696f1f8b82b94ffd5353033b10855b5c7e6825a8c99effde452
TR-01067,2024-11-06,2024-11-01,CTB,ACC-00007,RECEITA,1953.7370568323734,1898.1220637547842,BRL,Receita de aluguel creditada em CTB,31,BOLETO,PAGO,b93771a8-49a7-4f5b-9dd2-8dec81399442,2024-12-05,ERP_CORPORATIVO,TRANSACOES_FINANCEIRAS,1067,84ffbd83bf1a77a60af789b07859733f1f8d0a54dea736fe1a4714a8eb48d8b1
TR-01068,2024-11-22,2024-11-01,RH,ACC-00007,DESPESA,1780.9055611371846,1739.1114964046653,BRL,Aquisição de material operacional - RH,2,TED,PAGO,b93771a8-49a7-4f5b-9dd2-8dec81399442,2024-12-05,ERP_CORPORATIVO,TRANSACOES_FINANCEIRAS,1068,ae8ab85c3aa1e5d94dda0cec527c575537d69a7fc86b6ac681943c7becbffbcb
TR-01069,2024-11-14,2024-11-01,ESG,ACC-00007,RECEITA,2227.5686858765002,2162.9028319984222,EUR,Custo operacional associado a ESG,8,TED,PAGO,b93771a8-49a7-4f5b-9dd2-8dec81399442,2024-12-05,ERP_CORPORATIVO,TRANSACOES_FINANCEIRAS,1069,61e90fb8314a2022c8c18931fac3801d9fad45f0223ee9b4148dcaddd63eb7fe
TR-01070,2024-11-25,2024-11-01,QAS,ACC-00007,DESPESA,1533.5766675555974,1498.9274275232021,BRL,Seguro contratado pela área QAS,21,CARTAO,CANCELADO,b93771a8-49a7-4f5b-9dd2-8dec81399442,2024-12-05,ERP_CORPORATIVO,TRANSACOES_FINANCEIRAS,1070,b656cbe5d9a3cb9caf7e15d27e0323e74bb1e70c6cfb3a991374c6f579f62917
TR-01071,2024-11-19,2024-11-01,MKT,ACC-00007,RECEITA,2451.815149037573,2344.4360419102486,BRL,Manutenção predial solicitada por MKT,10,TRANSFERENCIA,ATRASADO,b93771a8-49a7-4f5b-9dd2-8dec81399442,2024-12-05,ERP_CORPORATIVO,TRANSACOES_FINANCEIRAS,1071,74bba11c2902af1db06e0b38babdd65bd281d6871d80af617672852dae47508e
TR-01072,2024-11-11,2024-11-01,COMP,ACC-00007,RECEITA,2387.378158875241,2387.378158875241,USD,Receita extraordinária - COMP,37,TED,PAGO,b93771a8-49a7-4f5b-9dd2-8dec81399442,2024-12-05,ERP_CORPORATIVO,TRANSACOES_FINANCEIRAS,1072,e93a9a50c7eb81e8b7b9a20b3eef019c7d82b8c0cbd263e2523042d050380d5c
TR-01073,2024-11-13,2024-11-01,RH,ACC-00007,DESPESA,1966.0843586578048,1938.1771201566467,BRL,Prestação de serviço para área RH,1,BOLETO,ATRASADO,b93771a8-49a7-4f5b-9dd2-8dec81399442,2024-12-05,ERP_CORPORATIVO,TRANSACOES_FINANCEIRAS,1073,afae4290c36f77a396de63d2e0c1c670cba78caf48f823732a39121e0d20d2f9
TR-01074,2024-11-18,2024-11-01,JUR,ACC-00007,DESPESA,2523.935629008587,2523.935629008587,BRL,Serviço especializado solicitado por JUR,1,BOLETO,ATRASADO,b93771a8-49a7-4f5b-9dd2-8dec81399442,2024-12-05,ERP_CORPORATIVO,TRANSACOES_FINANCEIRAS,1074,e80de5bc004ffd48a2465dd4b49a194a56a0061bc3182577f31d85f4b777aead
TR-01075,2024-11-11,2024-11-01,RH,ACC-00007,DESPESA,2646.066159784498,2537.217306774516,BRL,Despesa operacional - RH,8,PIX,ATRASADO,b93771a8-49a7-4f5b-9dd2-8dec81399442,2024-12-05,ERP_CORPORATIVO,TRANSACOES_FINANCEIRAS,1075,8cc8c1556da4feef777568bc639a63288df0501946379dc3fc6a1950dce394ee
TR-01076,2024-11-18,2024-11-01,PJT,ACC-00007,DESPESA,2095.228261196523,2095.228261196523,BRL,Despesa de RH - PJT,6,TED,PAGO,b93771a8-49a7-4f5b-9dd2-8dec81399442,2024-12-05,ERP_CORPORATIVO,TRANSACOES_FINANCEIRAS,1076,a86da74c462c7034bcd42c796d7005d81c486220e8a5e2be5e616c4a1da4c707
TR-01077,2024-11-18,2024-11-01,COM,ACC-00007,DESPESA,2243.6212586245733,2243.6212586245733,BRL,Alimentação em viagem corporativa - COM,20,BOLETO,PAGO,b93771a8-49a7-4f5b-9dd2-8dec81399442,2024-12-05,ERP_CORPORATIVO,TRANSACOES_FINANCEIRAS,1077,3caaa98dae2eac75475e360c9e92b962fe95547ada28c699fa472585034f8a6e
TR-01303,2024-11-18,2024-11-01,FIN,ACC-00008,DESPESA,5026.386841146618,5026.386841146618,BRL,Licenciamento de software - FIN,5,PIX,PAGO,b93771a8-49a7-4f5b-9dd2-8dec81399442,2024-12-05,ERP_CORPORATIVO,TRANSACOES_FINANCEIRAS,1303,f7493c14c409e7849b2aadba3f718ecf839ec132f3b99c08e63798c66267b38c
TR-01304,2024-11-22,2024-11-01,COM,ACC-00008,DESPESA,1672.6965179458189,1430.987569050116,BRL,Honorarium advocatício - COM,24,BOLETO,ATRASADO,b93771a8-49a7-4f5b-9dd2-8dec81399442,2024-12-05,ERP_CORPORATIVO,TRANSACOES_FINANCEIRAS,1304,ae63808b62bcdfed308d3bf7b0f2218d52285cba7a3d65db91a3d924ab5aa6c5
TR-01305,2024-11-06,2024-11-01,FIN,ACC-00008,RECEITA,5120.568786012753,5120.568786012753,BRL,Campanha institucional - FIN,4,PIX,PAGO,b93771a8-49a7-4f5b-9dd2-8dec81399442,2024-12-05,ERP_CORPORATIVO,TRANSACOES_FINANCEIRAS,1305,39dbdc41ca39ea6aac4f272f681863e776dfc6b41cceabdb090dae23a3df9cd6
TR-01306,2024-11-25,2024-11-01,COMP,ACC-00008,RECEITA,5436.208652656174,5436.208652656174,BRL,Produção de material gráfico - COMP,15,CARTAO,CANCELADO,b93771a8-49a7-4f5b-9dd2-8dec81399442,2024-12-05,ERP_CORPORATIVO,TRANSACOES_FINANCEIRAS,1306,5b03c5c0f991922cff1c918bb5fc664f7c7f0df41a5da8d5aca5e98ff3f966c6
TR-01307,2024-11-11,2024-11-01,QAS,ACC-00008,DESPESA,4677.700967810056,4677.700967810056,BRL,Contrato de serviço - setor QAS,1,PIX,PAGO,b93771a8-49a7-4f5b-9dd2-8dec81399442,2024-12-05,ERP_CORPORATIVO,TRANSACOES_FINANCEIRAS,1307,3e57f07b251462280a2f17ae6bfef853f6b6f994d6fbb1397578ddd7fe1f9026
TR-01308,2024-11-11,2024-11-01,SEC,ACC-00008,DESPESA,4501.242255401117,4501.242255401117,BRL,Licença de software para área SEC,27,PIX,PAGO,b93771a8-49a7-4f5b-9dd2-8dec81399442,2024-12-05,ERP_CORPORATIVO,TRANSACOES_FINANCEIRAS,1308,7c4c4e30897a40098e4a73f05066522c8664890c343e0e3186019c54286efc60
TR-01309,2024-11-21,2024-11-01,COMP,ACC-00008,DESPESA,5217.366772197596,4964.6967948797765,BRL,Serviço especializado solicitado por COMP,1,TRANSFERENCIA,PAGO,b93771a8-49a7-4f5b-9dd2-8dec81399442,2024-12-05,ERP_CORPORATIVO,TRANSACOES_FINANCEIRAS,1309,edf06bd0e3cd968e050bf8207758cb581398a2e316a9774488c8cb89cb5d386b
TR-01310,2024-11-13,2024-11-01,COM,ACC-00008,DESPESA,5542.583181437727,5542.583181437727,BRL,Resultado de equivalência patrimonial - COM,34,PIX,PAGO,b93771a8-49a7-4f5b-9dd2-8dec81399442,2024-12-05,ERP_CORPORATIVO,TRANSACOES_FINANCEIRAS,1310,09e502dbb9888ab9d1a841130f3d3d69248000b309e6bbeebcdab17f496e17fe
TR-01311,2024-11-18,2024-11-01,PES,ACC-00008,DESPESA,4796.3736651780555,4796.3736651780555,BRL,Serviço especializado solicitado por PES,1,TED,PAGO,b93771a8-49a7-4f5b-9dd2-8dec81399442,2024-12-05,ERP_CORPORATIVO,TRANSACOES_FINANCEIRAS,1311,58605af27008db4cc9f1ed117fa94ec3c2280e3936f098fcd90395a4ac6524c6
TR-01312,2024-11-18,2024-11-01,LOG,ACC-00008,RECEITA,5659.163215860261,5459.299898167708,BRL,Honorários jurídicos - LOG,7,BOLETO,PAGO,b93771a8-49a7-4f5b-9dd2-8dec81399442,2024-12-05,ERP_CORPORATIVO,TRANSACOES_FINANCEIRAS,1312,de5f3693c3b7088aace1f2aae0ae32e24598a344b52e2375f70a84f3d142ce06
TR-01313,2024-11-07,2024-11-01,JUR,ACC-00008,RECEITA,5392.027454888419,5392.027454888419,BRL,Reparo de frota vinculado à área JUR,17,PIX,PAGO,b93771a8-49a7-4f5b-9dd2-8dec81399442,2024-12-05,ERP_CORPORATIVO,TRANSACOES_FINANCEIRAS,1313,191d812d6de866fb1fa882629f8c5ae962e46ce34babdb54e9ee606de52416ef
TR-01314,2024-11-13,2024-11-01,OP,ACC-00008,RECEITA,5729.748757715331,5729.748757715331,BRL,Reparo de frota vinculado à área OP,17,PIX,PAGO,b93771a8-49a7-4f5b-9dd2-8dec81399442,2024-12-05,ERP_CORPORATIVO,TRANSACOES_FINANCEIRAS,1314,f71937d5a0a6dcb9587ace4f720d143f0f54bcff3a65ba8f7120ce0289062492
TR-01315,2024-11-25,2024-11-01,TI,ACC-00008,RECEITA,5901.52250703531,5901.52250703531,BRL,Devolução de venda processada por TI,39,TED,PAGO,b93771a8-49a7-4f5b-9dd2-8dec81399442,2024-12-05,ERP_CORPORATIVO,TRANSACOES_FINANCEIRAS,1315,a1b0e091986b5530b4c42c46585742f99330f3244039a7a91fcadc2c14acb7d1
TR-01316,2024-11-05,2024-11-01,SEC,ACC-00008,RECEITA,21074.95665265093,20971.34325106143,BRL,Honorários jurídicos - SEC,7,PIX,PAGO,b93771a8-49a7-4f5b-9dd2-8dec81399442,2024-12-05,ERP_CORPORATIVO,TRANSACOES_FINANCEIRAS,1316,ff6e50a2cfa3a59aa79c5b17fbb4a333f5dbc0486ceb1461ea43767a2f211646
TR-01317,2024-11-18,2024-11-01,PES,ACC-00008,DESPESA,5702.8937429141315,5702.8937429141315,BRL,Royalties recebidos por PES,32,BOLETO,PAGO,b93771a8-49a7-4f5b-9dd2-8dec81399442,2024-12-05,ERP_CORPORATIVO,TRANSACOES_FINANCEIRAS,1317,497ad5e0b2b5b56b0710dfebf60109e205bebec3fae4807a896c6fb8170cd75c
TR-01479,2024-11-26,2024-11-01,SEC,FORN-00009,DESPESA,3492.9978103893563,3492.9978103893563,USD,Manutenção estrutural vinculada à área SEC,3,TED,PAGO,b93771a8-49a7-4f5b-9dd2-8dec81399442,2024-12-05,ERP_CORPORATIVO,TRANSACOES_FINANCEIRAS,1479,b90ee0f014039522c47160934d8b233bfbb2482beb987cb96ce48df0d4e044f3
TR-01480,2024-11-18,2024-11-01,COM,FORN-00009,DESPESA,4254.609752475066,4127.343505189866,BRL,Despesa de infraestrutura - COM,3,PIX,PAGO,b93771a8-49a7-4f5b-9dd2-8dec81399442,2024-12-05,ERP_CORPORATIVO,TRANSACOES_FINANCEIRAS,1480,2ac4382f4367f6250e11f2b8b5acc07438b6ebd495ba9b1d93ee4e9597b9b56f
TR-01481,2024-11-15,2024-11-01,MKT,FORN-00009,RECEITA,4512.509704305793,4512.509704305793,BRL,Manutenção de equipamentos de MKT,28,TRANSFERENCIA,ATRASADO,b93771a8-49a7-4f5b-9dd2-8dec81399442,2024-12-05,ERP_CORPORATIVO,TRANSACOES_FINANCEIRAS,1481,e963afbd867866f4c350af1c54338982fc6800cc6323ad82637e926b49bf9041
TR-01482,2024-11-15,2024-11-01,FIN,FORN-00009,DESPESA,3954.434603944728,3791.988519999875,BRL,Investimento em marketing corporativo (FIN),4,PIX,PAGO,b93771a8-49a7-4f5b-9dd2-8dec81399442,2024-12-05,ERP_CORPORATIVO,TRANSACOES_FINANCEIRAS,1482,1a1d5dc48b2ab8d32acd151eadc261270f7c38a4e569783b8125d4e78126eff7
TR-01483,2024-11-12,2024-11-01,LOG,FORN-00009,RECEITA,4460.0900348508285,4460.0900348508285,BRL,Serviço especializado solicitado por LOG,1,TED,PAGO,b93771a8-49a7-4f5b-9dd2-8dec81399442,2024-12-05,ERP_CORPORATIVO,TRANSACOES_FINANCEIRAS,1483,0b1496e1ee19ea38a5a350c92a2f6868bd5cf974d8c973c0133565bd0ba5cfea
TR-01484,2024-11-14,2024-11-01,TI,FORN-00009,DESPESA,4417.389281369914,4417.389281369914,BRL,Despesa operacional - TI,8,TED,PAGO,b93771a8-49a7-4f5b-9dd2-8dec81399442,2024-12-05,ERP_CORPORATIVO,TRANSACOES_FINANCEIRAS,1484,0b16c3ec71289b3eb420eb50f3f808f1ef51cc4f2b01e3155e075a28b8b40280
TR-01485,2024-11-04,2024-11-01,FIN,FORN-00009,DESPESA,4471.777059677277,4471.777059677277,BRL,Prestação de serviço para área FIN,1,PIX,PAGO,b93771a8-49a7-4f5b-9dd2-8dec81399442,2024-12-05,ERP_CORPORATIVO,TRANSACOES_FINANCEIRAS,1485,20d7674393a407af9060804cae04330b4ea0cd4e9bbfeb74025e1a20a90dbf4b
TR-01486,2024-11-26,2024-11-01,PRD,FORN-00009,RECEITA,4715.867578752765,4542.593747275702,BRL,Direitos de propriedade intelectual - PRD,32,TRANSFERENCIA,PAGO,b93771a8-49a7-4f5b-9dd2-8dec81399442,2024-12-05,ERP_CORPORATIVO,TRANSACOES_FINANCEIRAS,1486,e16fb03d9550b5c9f88c6902c82ec63f4368cd793692057f15730e02b11c737c
TR-01487,2024-11-06,2024-11-01,TI,FORN-00009,DESPESA,4321.193249550552,4321.193249550552,BRL,Estorno de receita - TI,39,TRANSFERENCIA,PAGO,b93771a8-49a7-4f5b-9dd2-8dec81399442,2024-12-05,ERP_CORPORATIVO,TRANSACOES_FINANCEIRAS,1487,9299691ccbfc6d893f8cbe568bcb879f763d6c153f11a4e068832acb15330f29
TR-01488,2024-11-08,2024-11-01,FIN,FORN-00009,DESPESA,4602.292152334801,4440.405695176282,BRL,Manutenção estrutural vinculada à área FIN,3,CARTAO,ATRASADO,b93771a8-49a7-4f5b-9dd2-8dec81399442,2024-12-05,ERP_CORPORATIVO,TRANSACOES_FINANCEIRAS,1488,b58950e6a39dc4a474b0bd71d50a3e8b9d3c0caf8acf0a5474152f746c77b30f
TR-01489,2024-11-15,2024-11-01,LOG,FORN-00009,DESPESA,3639.7121287027608,3639.7121287027608,BRL,Tributo incidente sobre receita de LOG,40,TED,PAGO,b93771a8-49a7-4f5b-9dd2-8dec81399442,2024-12-05,ERP_CORPORATIVO,TRANSACOES_FINANCEIRAS,1489,2a745b7cee9fe79831e460c09daf6e12081e6b21cb6b8ef2a8755f5e6a491ea6
TR-01490,2024-11-13,2024-11-01,COMP,FORN-00009,DESPESA,6527.259709938589,6527.259709938589,BRL,Contrato de SaaS vinculado a COMP,27,TRANSFERENCIA,PAGO,b93771a8-49a7-4f5b-9dd2-8dec81399442,2024-12-05,ERP_CORPORATIVO,TRANSACOES_FINANCEIRAS,1490,91e2ca80e5f6b557119f3bb9da36986afe42fcb7997fdd8965269dd1acde41fb
TR-01491,2024-11-22,2024-11-01,ATD,FORN-00009,DESPESA,4210.777351158931,4210.777351158931,BRL,Reparo de hardware solicitado por ATD,28,TED,CANCELADO,b93771a8-49a7-4f5b-9dd2-8dec81399442,2024-12-05,ERP_CORPORATIVO,TRANSACOES_FINANCEIRAS,1491,158301aa22798625bf269e84eba57d806eee07e01cf16ab972ac9bfe9aa76d69
TR-01492,2024-11-11,2024-11-01,OP,FORN-00009,DESPESA,3940.421880006602,3940.421880006602,BRL,Despesa operacional - OP,8,BOLETO,PAGO,b93771a8-49a7-4f5b-9dd2-8dec81399442,2024-12-05,ERP_CORPORATIVO,TRANSACOES_FINANCEIRAS,1492,b2f2cd6310912ba6813ce711b30d82a2deb52729acdaeb3731bb21d22968c2cb
TR-01493,2024-11-18,2024-11-01,QAS,FORN-00009,DESPESA,4359.948772800333,4359.948772800333,BRL,Produção de material gráfico - QAS,15,TED,PAGO,b93771a8-49a7-4f5b-9dd2-8dec81399442,2024-12-05,ERP_CORPORATIVO,TRANSACOES_FINANCEIRAS,1493,08b4335c0f2675c6c00e1f83beed7a0ab522f99f7b34b9e8454ac5b78b474403
TR-01494,2024-11-13,2024-11-01,COMP,FORN-00009,RECEITA,4209.847307210017,4147.309909139354,BRL,Manutenção estrutural vinculada à área COMP,3,TRANSFERENCIA,PAGO,b93771a8-49a7-4f5b-9dd2-8dec81399442,2024-12-05,ERP_CORPORATIVO,TRANSACOES_FINANCEIRAS,1494,5aa3476c1da6110489791d5a3e3eb526e2dfc961f8c6521ff8b6450641e5fac2
TR-01748,2024-11-14,2024-11-01,COMP,FORN-00010,DESPESA,2301.80560081503,2301.80560081503,BRL,Licenciamento de software - COMP,5,TED,PAGO,b93771a8-49a7-4f5b-9dd2-8dec81399442,2024-12-05,ERP_CORPORATIVO,TRANSACOES_FINANCEIRAS,1748,fe8085ab9a36515df50ad27cf99b58b068b5f0bef176c92b5f01f747a15c0231
TR-01749,2024-11-08,2024-11-01,RH,FORN-00010,DESPESA,2072.3719246653945,2072.3719246653945,BRL,Assessoria legal vinculada à área RH,7,PIX,PAGO,b93771a8-49a7-4f5b-9dd2-8dec81399442,2024-12-05,ERP_CORPORATIVO,TRANSACOES_FINANCEIRAS,1749,5dbebefa481263338b98ac2a7cc86c90080d242e65e6010e4b41af69ebcd887f
TR-01750,2024-11-13,2024-11-01,LOG,FORN-00010,DESPESA,1998.5932768628106,1998.5932768628106,USD,Compra de insumos para setor LOG,2,TED,PAGO,b93771a8-49a7-4f5b-9dd2-8dec81399442,2024-12-05,ERP_CORPORATIVO,TRANSACOES_FINANCEIRAS,1750,8ddfce862b158e645c6e8d202155954ad4a7a1c9facda4233c991037ad86b69b
TR-01751,2024-11-12,2024-11-01,PRD,FORN-00010,RECEITA,2153.401833185627,2153.401833185627,BRL,Material de marketing solicitado por PRD,15,TED,PAGO,b93771a8-49a7-4f5b-9dd2-8dec81399442,2024-12-05,ERP_CORPORATIVO,TRANSACOES_FINANCEIRAS,1751,a2bdf500233de47daa33ad37acc5b2e4c94775f15b517f96e2d1de76e7ed6dbe
TR-01752,2024-11-20,2024-11-01,ATD,FORN-00010,RECEITA,5797.719410924466,5797.719410924466,BRL,Serviço especializado solicitado por ATD,1,TED,PAGO,b93771a8-49a7-4f5b-9dd2-8dec81399442,2024-12-05,ERP_CORPORATIVO,TRANSACOES_FINANCEIRAS,1752,051255bd0d63e3afc8b99d598f938f1253dd7eece87647b525739eca95ddf9ca
TR-01753,2024-11-11,2024-11-01,FIN,FORN-00010,RECEITA,2188.0829720747174,2188.0829720747174,BRL,Recebimento de subvenção - FIN,36,PIX,PAGO,b93771a8-49a7-4f5b-9dd2-8dec81399442,2024-12-05,ERP_CORPORATIVO,TRANSACOES_FINANCEIRAS,1753,9b8ed00763969906833b6573ff7ae729ef2ae2253fde80bb68fe8c2a12086573
TR-01754,2024-11-27,2024-11-01,FIN,FORN-00010,DESPESA,1976.4514899041778,1931.7769464770024,BRL,Despesa de refeição em deslocamento (FIN),20,TRANSFERENCIA,PAGO,b93771a8-49a7-4f5b-9dd2-8dec81399442,2024-12-05,ERP_CORPORATIVO,TRANSACOES_FINANCEIRAS,1754,313703e2e77b99280193c2acdff518919c35688d2b3918e0add2755cfb50d40a
TR-01755,2024-11-25,2024-11-01,RH,FORN-00010,DESPESA,2193.33172747362,2129.2075370125735,BRL,Renovação de certificados digitais - RH,26,BOLETO,CANCELADO,b93771a8-49a7-4f5b-9dd2-8dec81399442,2024-12-05,ERP_CORPORATIVO,TRANSACOES_FINANCEIRAS,1755,ae9edda9c9596cc8d7945655ffbe224378b7b1127e8205505af58f6e0e4c39d1
TR-01756,2024-11-19,2024-11-01,MKT,FORN-00010,DESPESA,2182.0358990703776,2112.754556085807,BRL,Contrato de serviço - setor MKT,1,TRANSFERENCIA,PAGO,b93771a8-49a7-4f5b-9dd2-8dec81399442,2024-12-05,ERP_CORPORATIVO,TRANSACOES_FINANCEIRAS,1756,005a58947cd72e9f0d8b09c454fdc2941c892b5f2c92743830a62a725f5c2823
TR-01757,2024-11-20,2024-11-01,COMP,FORN-00010,RECEITA,2045.8873772839286,2045.8873772839286,BRL,Diária de hotel para equipe COMP,19,CARTAO,PAGO,b93771a8-49a7-4f5b-9dd2-8dec81399442,2024-12-05,ERP_CORPORATIVO,TRANSACOES_FINANCEIRAS,1757,4459ff2bd62204a89fb7c498cc5110c54a619e48e75c298ea492c7196c8d263b
TR-02070,2024-11-18,2024-11-01,CTB,ACC-00011,DESPESA,2721.3936151365724,2648.399664983439,BRL,Contrato de consultoria externa - CTB,12,PIX,PAGO,b93771a8-49a7-4f5b-9dd2-8dec81399442,2024-12-05,ERP_CORPORATIVO,TRANSACOES_FINANCEIRAS,2070,d5efe7bb03f1155222c31ec49d4cba6eb1252ca16267d9671220312d10d087d8
TR-02071,2024-11-21,2024-11-01,OP,ACC-00011,DESPESA,3026.4467704701306,2957.527050825667,BRL,Contrato de serviço - setor OP,1,PIX,PAGO,b93771a8-49a7-4f5b-9dd2-8dec81399442,2024-12-05,ERP_CORPORATIVO,TRANSACOES_FINANCEIRAS,2071,8fc33537ddcb04dd7ac76721d1375c217172bad05075cc72c2a6451820b772ec
TR-02072,2024-11-05,2024-11-01,COMP,ACC-00011,DESPESA,5148.7057703885575,5148.7057703885575,BRL,Receita de aluguel creditada em COMP,31,PIX,PAGO,b93771a8-49a7-4f5b-9dd2-8dec81399442,2024-12-05,ERP_CORPORATIVO,TRANSACOES_FINANCEIRAS,2072,01bcb7ab249e772e4d8f649560f9fa199292a802a628f892ac0ebd0cd640a613
TR-02073,2024-11-19,2024-11-01,COM,ACC-00011,DESPESA,2893.0372095046378,2807.9860312699716,BRL,Despesa de infraestrutura - COM,3,CARTAO,PAGO,b93771a8-49a7-4f5b-9dd2-8dec81399442,2024-12-05,ERP_CORPORATIVO,TRANSACOES_FINANCEIRAS,2073,93209dde8f7528bcfc6470dbf2689f6ec2206ede0d040ea267419da1dc7df237
TR-02074,2024-11-20,2024-11-01,TI,ACC-00011,RECEITA,3131.374624031415,2986.439141603553,BRL,Receita extraordinária - TI,37,PIX,PAGO,b93771a8-49a7-4f5b-9dd2-8dec81399442,2024-12-05,ERP_CORPORATIVO,TRANSACOES_FINANCEIRAS,2074,e647b7a33381ebeb8d4a40ca3962eedc4c2f9150df525544680944d9a588d301
TR-02075,2024-11-19,2024-11-01,PRD,ACC-00011,DESPESA,3252.1068834198854,3090.3791290826334,BRL,Diária de hotel para equipe PRD,19,PIX,ATRASADO,b93771a8-49a7-4f5b-9dd2-8dec81399442,2024-12-05,ERP_CORPORATIVO,TRANSACOES_FINANCEIRAS,2075,2a11cd57ebb1247dbcba0343439d04d185bda97d6610a3ad7c6db607e2bff8de
TR-02076,2024-11-11,2024-11-01,PES,ACC-00011,DESPESA,3224.9963399282296,3076.4065360311056,BRL,Abatimento comercial registrado em PES,38,BOLETO,PAGO,b93771a8-49a7-4f5b-9dd2-8dec81399442,2024-12-05,ERP_CORPORATIVO,TRANSACOES_FINANCEIRAS,2076,cb5d98e9439780e0c1182d02e73a12e3b058d9612aba9105af9ebe5f5b4d0ffd
TR-02077,2024-11-07,2024-11-01,FIN,ACC-00011,DESPESA,3006.1502011512835,2968.1851926415266,BRL,Venda de ativo imobilizado por FIN,35,BOLETO,PAGO,b93771a8-49a7-4f5b-9dd2-8dec81399442,2024-12-05,ERP_CORPORATIVO,TRANSACOES_FINANCEIRAS,2077,23921b7e0a8ccc4cd0e3ed9b411d07ed7d63ab94b7a6b8b63f256ed6c48cf5c1
TR-02078,2024-11-25,2024-11-01,PJT,ACC-00011,RECEITA,2880.1122873235568,2880.1122873235568,BRL,Contrato de consultoria externa - PJT,12,BOLETO,PAGO,b93771a8-49a7-4f5b-9dd2-8dec81399442,2024-12-05,ERP_CORPORATIVO,TRANSACOES_FINANCEIRAS,2078,424652417c7bd1c4cb120d7ff98b357d6b517cf7020e9e3e846acf4604a60617
TR-02079,2024-11-12,2024-11-01,CPT,ACC-00011,DESPESA,3255.5123021752315,3255.5123021752315,BRL,Serviço de tecnologia contratado por CPT,5,TED,CANCELADO,b93771a8-49a7-4f5b-9dd2-8dec81399442,2024-12-05,ERP_CORPORATIVO,TRANSACOES_FINANCEIRAS,2079,3b70111482348160e1ecd85ce6ac8cdbeb2b9e16a9827c5624bc0244da996392
TR-02080,2024-11-11,2024-11-01,RH,ACC-00011,DESPESA,3237.0091312690142,3237.0091312690142,BRL,Contrato de serviço - setor RH,1,TRANSFERENCIA,PAGO,b93771a8-49a7-4f5b-9dd2-8dec81399442,2024-12-05,ERP_CORPORATIVO,TRANSACOES_FINANCEIRAS,2080,dd2f38bc252a5aead767fce7c3f43f185bfcde5b58e57945b301213237c297bf
TR-02081,2024-11-18,2024-11-01,RH,ACC-00011,DESPESA,3221.146226920253,3221.146226920253,EUR,Compra de insumos para setor RH,2,BOLETO,PAGO,b93771a8-49a7-4f5b-9dd2-8dec81399442,2024-12-05,ERP_CORPORATIVO,TRANSACOES_FINANCEIRAS,2081,ad04e04494127207b2f57c7fa252b3b2f704d826642372aa7a72639d7d99ddcb
TR-02082,2024-11-22,2024-11-01,FIN,ACC-00011,DESPESA,3165.098320089451,3121.2481705192117,BRL,Custo operacional associado a FIN,8,TED,PAGO,b93771a8-49a7-4f5b-9dd2-8dec81399442,2024-12-05,ERP_CORPORATIVO,TRANSACOES_FINANCEIRAS,2082,05b577cb45fcac915fc239341fd199f4462abd1631cd336e46c1375b858f5eb5
TR-02083,2024-11-27,2024-11-01,CTB,ACC-00011,DESPESA,3237.3306199214226,3159.587563719115,BRL,Custo operacional associado a CTB,8,TED,PAGO,b93771a8-49a7-4f5b-9dd2-8dec81399442,2024-12-05,ERP_CORPORATIVO,TRANSACOES_FINANCEIRAS,2083,6e8239d04d9fa6264f3f9ab72d09c812d709d27b2c53bbe2271f6d432aca31f7
TR-02084,2024-11-15,2024-11-01,VND,ACC-00011,RECEITA,3415.866438024475,3360.126971123995,BRL,Direitos de propriedade intelectual - VND,32,BOLETO,ATRASADO,b93771a8-49a7-4f5b-9dd2-8dec81399442,2024-12-05,ERP_CORPORATIVO,TRANSACOES_FINANCEIRAS,2084,9fb35a69e22e5ff3493d552cd67160e6a05d8cb4d832355d220929671761d8a9
TR-02333,2024-11-18,2024-11-01,OP,ACC-00012,RECEITA,3718.373615997195,3533.1335269258157,BRL,Serviço de tecnologia contratado por OP,5,BOLETO,CANCELADO,b93771a8-49a7-4f5b-9dd2-8dec81399442,2024-12-05,ERP_CORPORATIVO,TRANSACOES_FINANCEIRAS,2333,e11ad53c5dd6efd38abfe15a6474e371f84a753c083002f6e1693cfd8e2ec209
TR-02334,2024-11-11,2024-11-01,ESG,ACC-00012,DESPESA,3770.054390178557,3687.53157586385,USD,Aquisição de material operacional - ESG,2,TRANSFERENCIA,PAGO,b93771a8-49a7-4f5b-9dd2-8dec81399442,2024-12-05,ERP_CORPORATIVO,TRANSACOES_FINANCEIRAS,2334,d2ad2e868d477140d72ad617252de195b0b679a280206a798e220cb2594d5ded
TR-02335,2024-11-11,2024-11-01,PES,ACC-00012,DESPESA,4229.209463906022,4229.209463906022,BRL,Assessoria legal vinculada à área PES,7,TRANSFERENCIA,PAGO,b93771a8-49a7-4f5b-9dd2-8dec81399442,2024-12-05,ERP_CORPORATIVO,TRANSACOES_FINANCEIRAS,2335,5cccef2904e6c764ff4a8e0a2ff836086efd2a6ddaac71ccf99844ee40b5ce32
TR-02336,2024-11-25,2024-11-01,COMP,ACC-00012,DESPESA,3909.245282718153,3909.245282718153,BRL,Contrato de serviço - setor COMP,1,PIX,PAGO,b93771a8-49a7-4f5b-9dd2-8dec81399442,2024-12-05,ERP_CORPORATIVO,TRANSACOES_FINANCEIRAS,2336,a458ba3e7814d3507245b561565279618e75807426cccba71519e93ce415403f
TR-02337,2024-11-04,2024-11-01,OP,ACC-00012,DESPESA,3005.986645430427,2867.4907705989135,BRL,Locação de espaço comercial - OP,31,TRANSFERENCIA,PAGO,b93771a8-49a7-4f5b-9dd2-8dec81399442,2024-12-05,ERP_CORPORATIVO,TRANSACOES_FINANCEIRAS,2337,11f2ed47f13d57c9b2f4c5d06b8b0e514319098356ca573caf722ac964ee382e
TR-02338,2024-11-15,2024-11-01,COM,ACC-00012,DESPESA,3184.090515496981,3184.090515496981,BRL,Contrato de serviço - setor COM,1,TRANSFERENCIA,PAGO,b93771a8-49a7-4f5b-9dd2-8dec81399442,2024-12-05,ERP_CORPORATIVO,TRANSACOES_FINANCEIRAS,2338,e1c13aae735e35e2066ce94d6d258aaa7a18047c9675e6dc28735bc86f7f74b0
TR-02339,2024-11-18,2024-11-01,CTB,ACC-00012,DESPESA,3752.151532600096,3752.151532600096,BRL,Receita de comissão comercial - CTB,33,CARTAO,PAGO,b93771a8-49a7-4f5b-9dd2-8dec81399442,2024-12-05,ERP_CORPORATIVO,TRANSACOES_FINANCEIRAS,2339,6557bb352e0e8f944947c1e3c660f552f56ae3be0b2fa2c7d371f115864ccc71
TR-02340,2024-11-11,2024-11-01,COMP,ACC-00012,DESPESA,3443.0190784884167,3443.0190784884167,BRL,Licenciamento de software - COMP,5,TRANSFERENCIA,PAGO,b93771a8-49a7-4f5b-9dd2-8dec81399442,2024-12-05,ERP_CORPORATIVO,TRANSACOES_FINANCEIRAS,2340,ab2e2e61e73ef680cca9c8f27c6cb23d789529ecabf19d5e7bdc600da53b074e
TR-02341,2024-11-15,2024-11-01,PES,ACC-00012,DESPESA,4192.4141813958295,4192.4141813958295,BRL,Investimento em marketing corporativo (PES),4,PIX,PAGO,b93771a8-49a7-4f5b-9dd2-8dec81399442,2024-12-05,ERP_CORPORATIVO,TRANSACOES_FINANCEIRAS,2341,81a3f37003b316d4890b56115cae8c393d35e8494e3c7ed8a1c564aa22baf1d7
TR-02342,2024-11-25,2024-11-01,VND,ACC-00012,DESPESA,3280.6801717675885,3280.6801717675885,BRL,Recebimento de subvenção - VND,36,BOLETO,PAGO,b93771a8-49a7-4f5b-9dd2-8dec81399442,2024-12-05,ERP_CORPORATIVO,TRANSACOES_FINANCEIRAS,2342,682b423ae43a76de9af5d87595cb654ee781c85819ca01d71abbbdb43e9122f5
TR-02546,2024-11-13,2024-11-01,VND,FORN-00013,DESPESA,3490.4557262241124,3490.4557262241124,BRL,Manutenção estrutural vinculada à área VND,3,PIX,PAGO,b93771a8-49a7-4f5b-9dd2-8dec81399442,2024-12-05,ERP_CORPORATIVO,TRANSACOES_FINANCEIRAS,2546,8b5fbbb9b5dc1b8c1bc8d6d25d14c4ea5f2cb80f151bc228677c2559f1cff6c7
TR-02547,2024-11-25,2024-11-01,OP,FORN-00013,RECEITA,3878.535695023574,3697.211536296174,BRL,Custo operacional associado a OP,8,BOLETO,PAGO,b93771a8-49a7-4f5b-9dd2-8dec81399442,2024-12-05,ERP_CORPORATIVO,TRANSACOES_FINANCEIRAS,2547,b7d6e3e00ffe788e3dc37315cc21316d45739c3271054a904f002c5df7676268
TR-02548,2024-11-15,2024-11-01,OP,FORN-00013,DESPESA,3417.684681714056,3417.684681714056,BRL,Recebimento de subvenção - OP,36,BOLETO,PAGO,b93771a8-49a7-4f5b-9dd2-8dec81399442,2024-12-05,ERP_CORPORATIVO,TRANSACOES_FINANCEIRAS,2548,94eea2aae5f1d34c14a8d6a112cafb25faf2b04fbd29595a7a5fc39339e5ab28
TR-02549,2024-11-26,2024-11-01,OP,FORN-00013,DESPESA,3218.190389742117,3218.190389742117,BRL,Investimento em marketing corporativo (OP),4,CARTAO,PAGO,b93771a8-49a7-4f5b-9dd2-8dec81399442,2024-12-05,ERP_CORPORATIVO,TRANSACOES_FINANCEIRAS,2549,afe72c8909f2369274950d9f183cc1c58fa12bc0c327ac1ae3ad968dd95dc62f
TR-02550,2024-11-12,2024-11-01,LOG,FORN-00013,DESPESA,3760.463275238354,3760.463275238354,BRL,Aquisição de material operacional - LOG,2,PIX,PAGO,b93771a8-49a7-4f5b-9dd2-8dec81399442,2024-12-05,ERP_CORPORATIVO,TRANSACOES_FINANCEIRAS,2550,61b468e0f605fd2ee30f279521ff2d9e7fb177234636f69f2e1dda22ebd850bf
TR-02765,2024-11-04,2024-11-01,COMP,ACC-00014,RECEITA,641.2965134597165,641.2965134597165,BRL,Prestação de serviço para área COMP,1,TRANSFERENCIA,PAGO,b93771a8-49a7-4f5b-9dd2-8dec81399442,2024-12-05,ERP_CORPORATIVO,TRANSACOES_FINANCEIRAS,2765,7fd04584dde93b73e0236da43418e1f09e4cabed880a2c512ea629519b5420c4
TR-02766,2024-11-11,2024-11-01,CPT,ACC-00014,DESPESA,2552.452240536678,2552.452240536678,BRL,Serviço especializado solicitado por CPT,1,PIX,PAGO,b93771a8-49a7-4f5b-9dd2-8dec81399442,2024-12-05,ERP_CORPORATIVO,TRANSACOES_FINANCEIRAS,2766,e6a2035b61589ef3a6b2d84938da3c0fb29327592304b5f6630ae6ec7b41739b
TR-02767,2024-11-14,2024-11-01,COM,ACC-00014,DESPESA,2436.9518721363356,2407.5473443223,USD,Abastecimento de veículos - COM,16,BOLETO,PAGO,b93771a8-49a7-4f5b-9dd2-8dec81399442,2024-12-05,ERP_CORPORATIVO,TRANSACOES_FINANCEIRAS,2767,8e3a5c68edc97f2cd1d0d952ac0dcc27704ceb5ba5c1a8fcf35ea2733836e5cc
TR-02768,2024-11-11,2024-11-01,ATD,ACC-00014,RECEITA,2272.124065475016,2272.124065475016,BRL,Honorários jurídicos - ATD,7,TED,ATRASADO,b93771a8-49a7-4f5b-9dd2-8dec81399442,2024-12-05,ERP_CORPORATIVO,TRANSACOES_FINANCEIRAS,2768,6e885c2720cb80ad95051d855378bb7deab58617f208928962fe0e93728939dc
TR-02769,2024-11-14,2024-11-01,VND,ACC-00014,DESPESA,6389.716105224928,6363.923130048337,BRL,Aquisição de material operacional - VND,2,BOLETO,PAGO,b93771a8-49a7-4f5b-9dd2-8dec81399442,2024-12-05,ERP_CORPORATIVO,TRANSACOES_FINANCEIRAS,2769,96ddf15f957a642178d0c4f1d677bbb8cdadae0f7068a84c9dce33a09d9f9793
TR-02770,2024-11-14,2024-11-01,TI,ACC-00014,RECEITA,2476.704901659422,2476.704901659422,BRL,Passagem aérea para colaborador de TI,18,BOLETO,PAGO,b93771a8-49a7-4f5b-9dd2-8dec81399442,2024-12-05,ERP_CORPORATIVO,TRANSACOES_FINANCEIRAS,2770,41c8ced479e6aef37445bc07ef20e47a3eb9d531f3b7c4b7e7eb13a938850e27
TR-02771,2024-11-28,2024-11-01,FIN,ACC-00014,DESPESA,2643.5664010701535,2643.5664010701535,BRL,Contrato de serviço - setor FIN,1,TRANSFERENCIA,PAGO,b93771a8-49a7-4f5b-9dd2-8dec81399442,2024-12-05,ERP_CORPORATIVO,TRANSACOES_FINANCEIRAS,2771,df293e50c1aea038388d76216bc1dddd3abc73b8b29401f03fc124bdffa915cf
TR-02772,2024-11-15,2024-11-01,ESG,ACC-00014,DESPESA,2890.2477019733765,2777.6265710704106,BRL,Serviço técnico especializado para ESG,11,CARTAO,ATRASADO,b93771a8-49a7-4f5b-9dd2-8dec81399442,2024-12-05,ERP_CORPORATIVO,TRANSACOES_FINANCEIRAS,2772,2f86be8efc2aaf280328130d4e32470ebc557a346182198d548cf10173fbd1b3
TR-02773,2024-11-19,2024-11-01,PRD,ACC-00014,DESPESA,2330.149813637445,2330.149813637445,BRL,Suporte técnico para sistemas de PRD,29,PIX,ATRASADO,b93771a8-49a7-4f5b-9dd2-8dec81399442,2024-12-05,ERP_CORPORATIVO,TRANSACOES_FINANCEIRAS,2773,f152839b6de6fde192e9447d8e9077080fe2c6f12266d942ac1983751d7d6a77
TR-02774,2024-11-06,2024-11-01,ATD,ACC-00014,RECEITA,2351.247566657607,2326.5162883572075,BRL,Contrato de serviço - setor ATD,1,PIX,PAGO,b93771a8-49a7-4f5b-9dd2-8dec81399442,2024-12-05,ERP_CORPORATIVO,TRANSACOES_FINANCEIRAS,2774,ef408fe2d924f8270a11400861f51ae0c57ede1b135aa121135bbc0d5d0de049
TR-02775,2024-11-18,2024-11-01,RH,ACC-00014,DESPESA,2141.5548467883486,2141.5548467883486,BRL,Produção de material gráfico - RH,15,TED,PAGO,b93771a8-49a7-4f5b-9dd2-8dec81399442,2024-12-05,ERP_CORPORATIVO,TRANSACOES_FINANCEIRAS,2775,206a9549e433b23e8673fcab864d731a6be23807412cd0e117d0d154f1cf4ae2
TR-02776,2024-11-11,2024-11-01,SEC,ACC-00014,DESPESA,2581.0593064248574,2581.0593064248574,BRL,Devolução de venda processada por SEC,39,BOLETO,CANCELADO,b93771a8-49a7-4f5b-9dd2-8dec81399442,2024-12-05,ERP_CORPORATIVO,TRANSACOES_FINANCEIRAS,2776,ce63f9d23579e16bb790ff8f0cd9bc85c5facf4d4404c8f57f2f6312d8bd06bb
TR-02777,2024-11-11,2024-11-01,JUR,ACC-00014,RECEITA,4684.498497620347,4684.498497620347,BRL,Custo operacional associado a JUR,8,TED,ATRASADO,b93771a8-49a7-4f5b-9dd2-8dec81399442,2024-12-05,ERP_CORPORATIVO,TRANSACOES_FINANCEIRAS,2777,7e7d7f877390aa3f5519fdc5a3a70a759f7c0c38e8fc9871f2e1894603657148
TR-02778,2024-11-28,2024-11-01,COMP,ACC-00014,DESPESA,2536.1563056852356,2536.1563056852356,BRL,Despesa jurídica da área COMP,24,BOLETO,PAGO,b93771a8-49a7-4f5b-9dd2-8dec81399442,2024-12-05,ERP_CORPORATIVO,TRANSACOES_FINANCEIRAS,2778,bd28e687e8b38d61881dc3c5bed569e7b5e0c8b4fbe7a736ffa07d5aed99c351
TR-02779,2024-11-11,2024-11-01,PES,ACC-00014,DESPESA,2752.8705211658507,2752.8705211658507,BRL,Assessoria legal vinculada à área PES,7,TED,PAGO,b93771a8-49a7-4f5b-9dd2-8dec81399442,2024-12-05,ERP_CORPORATIVO,TRANSACOES_FINANCEIRAS,2779,f8cc731f1b9de6b93f443758b63c200c4351596a2801e2d96f2f170b096c322f
TR-02780,2024-11-22,2024-11-01,COMP,ACC-00014,RECEITA,2287.951847574341,2287.951847574341,BRL,Prestação de serviço para área COMP,1,TED,PAGO,b93771a8-49a7-4f5b-9dd2-8dec81399442,2024-12-05,ERP_CORPORATIVO,TRANSACOES_FINANCEIRAS,2780,c1195a98d99d20a0d0265f887788ae5265aa8cc95f62847cf73636fb66abcee8
TR-02781,2024-11-14,2024-11-01,COM,ACC-00014,DESPESA,2336.533896469258,2336.533896469258,BRL,Abatimento comercial registrado em COM,38,TRANSFERENCIA,PAGO,b93771a8-49a7-4f5b-9dd2-8dec81399442,2024-12-05,ERP_CORPORATIVO,TRANSACOES_FINANCEIRAS,2781,6f7f1b5869778732e87238d326fc56019bc3915d0c1797fb3a6e1fdb38f87a68
TR-02782,2024-11-13,2024-11-01,FIN,ACC-00014,DESPESA,2711.6251396047282,2711.6251396047282,USD,Renovação de certificados digitais - FIN,26,BOLETO,ATRASADO,b93771a8-49a7-4f5b-9dd2-8dec81399442,2024-12-05,ERP_CORPORATIVO,TRANSACOES_FINANCEIRAS,2782,4268754c1424461d2cc3e794577112d0a52843096f583eb278a59e74b0618fcd
TR-02783,2024-11-07,2024-11-01,OP,ACC-00014,DESPESA,2629.619488196227,2629.619488196227,BRL,Participação nos resultados vinculada a OP,34,PIX,PAGO,b93771a8-49a7-4f5b-9dd2-8dec81399442,2024-12-05,ERP_CORPORATIVO,TRANSACOES_FINANCEIRAS,2783,0477d9dc2a40d36ea6f85fd3a8430f1870b9d29a270a2349472ee908cecae881
TR-02784,2024-11-18,2024-11-01,FIN,ACC-00014,DESPESA,2601.908538533917,2601.908538533917,BRL,Honorários profissionais contratados por FIN,11,PIX,PAGO,b93771a8-49a7-4f5b-9dd2-8dec81399442,2024-12-05,ERP_CORPORATIVO,TRANSACOES_FINANCEIRAS,2784,35b51d2d00c9ed23e1a0e8a45a582b45580458e0c3b0cab3f5840746e9316d5a
TR-02785,2024-11-15,2024-11-01,RH,ACC-00014,DESPESA,2355.9833165592017,2355.9833165592017,BRL,Custo operacional associado a RH,8,PIX,PAGO,b93771a8-49a7-4f5b-9dd2-8dec81399442,2024-12-05,ERP_CORPORATIVO,TRANSACOES_FINANCEIRAS,2785,01a97eba09d99d6be9bb1cb4fc5052f1ec28219b1d0645d3c19c41bfe0634e82
TR-03128,2024-11-12,2024-11-01,RH,1000014,DESPESA,5216.524664895486,5216.524664895486,BRL,Reparo e conservação de instalações - RH,10,BOLETO,PAGO,b93771a8-49a7-4f5b-9dd2-8dec81399442,2024-12-05,ERP_CORPORATIVO,TRANSACOES_FINANCEIRAS,3128,18866a49d04bc9b9a773aa5cfc9655f38e6bb2fdbafe28ed0c5eb38d5c9d87ca
TR-03129,2024-11-20,2024-11-01,OP,1000014,RECEITA,4702.62185066892,4545.449819816153,BRL,Despesa de infraestrutura - OP,3,TED,ATRASADO,b93771a8-49a7-4f5b-9dd2-8dec81399442,2024-12-05,ERP_CORPORATIVO,TRANSACOES_FINANCEIRAS,3129,8a1481f1a6d221dc194cb4d39cfb8fbf2bc55f6bc6a54355482c86dd8ada1578
TR-03130,2024-11-18,2024-11-01,FIN,1000014,RECEITA,14688.023329040889,14688.023329040889,BRL,Custo operacional associado a FIN,8,TED,PAGO,b93771a8-49a7-4f5b-9dd2-8dec81399442,2024-12-05,ERP_CORPORATIVO,TRANSACOES_FINANCEIRAS,3130,c17619cac6ef635e47d251e0c815a25b62eb14a9ab9b7c1157580e45cb9021b3
TR-03131,2024-11-25,2024-11-01,JUR,1000014,DESPESA,5235.2390825400735,5235.2390825400735,BRL,Investimento em marketing corporativo (JUR),4,TRANSFERENCIA,PAGO,b93771a8-49a7-4f5b-9dd2-8dec81399442,2024-12-05,ERP_CORPORATIVO,TRANSACOES_FINANCEIRAS,3131,f94f385eefda8fbd8ff0af91b3f23a566294c1a8ed28e166309d658a3b18be2b
TR-03132,2024-11-11,2024-11-01,FIN,1000014,RECEITA,4531.066303449805,4531.066303449805,BRL,Campanha institucional - FIN,4,TED,PAGO,b93771a8-49a7-4f5b-9dd2-8dec81399442,2024-12-05,ERP_CORPORATIVO,TRANSACOES_FINANCEIRAS,3132,73494b4e1beb74fe32b809f7597c8a13374f5450717fd699d887f8f4acaddb57
TR-03133,2024-11-08,2024-11-01,TI,1000014,DESPESA,4966.491500993289,4873.837326123104,BRL,Campanha institucional - TI,4,TRANSFERENCIA,PAGO,b93771a8-49a7-4f5b-9dd2-8dec81399442,2024-12-05,ERP_CORPORATIVO,TRANSACOES_FINANCEIRAS,3133,b19be30954765d3705d81c5ace7b50eaec6f1213d33a93cb628f435d0af43e88
TR-03134,2024-11-18,2024-11-01,QAS,1000014,RECEITA,5959.0360605003125,5959.0360605003125,USD,Aquisição de material operacional - QAS,2,BOLETO,PAGO,b93771a8-49a7-4f5b-9dd2-8dec81399442,2024-12-05,ERP_CORPORATIVO,TRANSACOES_FINANCEIRAS,3134,44972eb8a3051b91ed8fbf8a8f7b59d7506df56db0d10603ed39b63ec29e66b5
TR-03135,2024-11-18,2024-11-01,FIN,1000014,RECEITA,4701.643162064843,4701.643162064843,BRL,Compra de insumos para setor FIN,2,CARTAO,PAGO,b93771a8-49a7-4f5b-9dd2-8dec81399442,2024-12-05,ERP_CORPORATIVO,TRANSACOES_FINANCEIRAS,3135,a6aa47ed64b7e687edf0e5e8cdda8a93440727fa1d3b06d71fb00731770c2ef0
TR-03136,2024-11-12,2024-11-01,ESG,1000014,DESPESA,5000.070857233934,5000.070857233934,BRL,Suporte técnico para sistemas de ESG,29,PIX,ATRASADO,b93771a8-49a7-4f5b-9dd2-8dec81399442,2024-12-05,ERP_CORPORATIVO,TRANSACOES_FINANCEIRAS,3136,a934563b4e4b3529c456f3871565a012abac0b3c1850e8d23408a541595573b5
TR-03137,2024-11-18,2024-11-01,OP,1000014,RECEITA,5837.5456464040135,5837.5456464040135,BRL,Abastecimento de veículos - OP,16,BOLETO,PAGO,b93771a8-49a7-4f5b-9dd2-8dec81399442,2024-12-05,ERP_CORPORATIVO,TRANSACOES_FINANCEIRAS,3137,d77baa1a1481c1f3e9ba22270d8eb17e3388463b99b965eaf16c757fa344b718
TR-03138,2024-11-19,2024-11-01,JUR,1000014,DESPESA,5364.613315195572,5279.78862263487,BRL,Manutenção estrutural vinculada à área JUR,3,CARTAO,PAGO,b93771a8-49a7-4f5b-9dd2-8dec81399442,2024-12-05,ERP_CORPORATIVO,TRANSACOES_FINANCEIRAS,3138,ca7f049ba444c5f7d146a72c6c43dcecec213d584ece621a23d289b747f72996
TR-03139,2024-11-18,2024-11-01,COMP,1000014,RECEITA,4588.94165401936,4588.94165401936,BRL,Receita de comissão comercial - COMP,33,TED,PAGO,b93771a8-49a7-4f5b-9dd2-8dec81399442,2024-12-05,ERP_CORPORATIVO,TRANSACOES_FINANCEIRAS,3139,bc1a51b9aaf9cf32e37a5a524d18693a3e07dc83e8173d00a8fe72c8d698b238
TR-03719,2024-11-14,2024-11-01,RH,ACC-00019,DESPESA,3948.204513518789,3948.204513518789,BRL,Abatimento comercial registrado em RH,38,BOLETO,PAGO,b93771a8-49a7-4f5b-9dd2-8dec81399442,2024-12-05,ERP_CORPORATIVO,TRANSACOES_FINANCEIRAS,3719,0097f52ff1df7ee6f74043392ddb52c98b081c4380799e900306cc5aafdc943c
TR-03720,2024-11-11,2024-11-01,ESG,ACC-00019,RECEITA,4800.581434025842,4800.581434025842,BRL,Aquisição de material operacional - ESG,2,BOLETO,PAGO,b93771a8-49a7-4f5b-9dd2-8dec81399442,2024-12-05,ERP_CORPORATIVO,TRANSACOES_FINANCEIRAS,3720,0782ff19751d268911986b1940346e88eeefb2e6b718cf848d93a4d5fe9b8c9d
TR-03721,2024-11-08,2024-11-01,MKT,ACC-00019,RECEITA,4033.6714638271665,3962.489185694657,BRL,Compra de insumos para setor MKT,2,TED,PAGO,b93771a8-49a7-4f5b-9dd2-8dec81399442,2024-12-05,ERP_CORPORATIVO,TRANSACOES_FINANCEIRAS,3721,917933432663438f875d2b364a18c4ce908ab4821c2ca0c61caf02f47efcdf25
TR-03722,2024-11-12,2024-11-01,FIN,ACC-00019,RECEITA,3531.785900857965,3531.785900857965,BRL,Serviço relacionado a recursos humanos (FIN),6,PIX,PAGO,b93771a8-49a7-4f5b-9dd2-8dec81399442,2024-12-05,ERP_CORPORATIVO,TRANSACOES_FINANCEIRAS,3722,d6d1433469a59b3be76843cc197d1b6148d9d3120590c54225747ae8e1f37715
TR-03723,2024-11-07,2024-11-01,PES,ACC-00019,DESPESA,3965.2879170046244,3965.2879170046244,BRL,Compra de insumos para setor PES,2,PIX,PAGO,b93771a8-49a7-4f5b-9dd2-8dec81399442,2024-12-05,ERP_CORPORATIVO,TRANSACOES_FINANCEIRAS,3723,524fb6bdd42ab0665b8abd6355bea9ca51b45a54d115a9c28d64623ff22cb3bb
TR-03724,2024-11-14,2024-11-01,MKT,ACC-00019,DESPESA,11061.306351072779,11061.306351072779,BRL,Custo operacional associado a MKT,8,BOLETO,PAGO,b93771a8-49a7-4f5b-9dd2-8dec81399442,2024-12-05,ERP_CORPORATIVO,TRANSACOES_FINANCEIRAS,3724,a2d38c1bb3bda903aa974a9829ff7299201f36ddbc5ead57f707cb2494a28da8
TR-03725,2024-11-20,2024-11-01,RH,ACC-00019,RECEITA,3519.6519272647583,3424.358820215026,BRL,Prestação de serviço para área RH,1,TED,PAGO,b93771a8-49a7-4f5b-9dd2-8dec81399442,2024-12-05,ERP_CORPORATIVO,TRANSACOES_FINANCEIRAS,3725,b672bc9837538efa83ec4e626103826d5b34db93236314bd87fce8bcea764482
TR-03726,2024-11-25,2024-11-01,COMP,ACC-00019,RECEITA,3995.9104335089573,3995.9104335089573,BRL,Assessoria contábil prestada a COMP,25,PIX,PAGO,b93771a8-49a7-4f5b-9dd2-8dec81399442,2024-12-05,ERP_CORPORATIVO,TRANSACOES_FINANCEIRAS,3726,61ee4e974373de16e57b690eb9bd9520c5952712f15e89dab3aa8749a4fad2f6
TR-03727,2024-11-13,2024-11-01,COM,ACC-00019,DESPESA,4128.590695343024,4128.590695343024,BRL,Manutenção estrutural vinculada à área COM,3,BOLETO,PAGO,b93771a8-49a7-4f5b-9dd2-8dec81399442,2024-12-05,ERP_CORPORATIVO,TRANSACOES_FINANCEIRAS,3727,f655d0bd59e99b9256fd5d98664612ca26430eba9783543241828b15143605aa
TR-03728,2024-11-25,2024-11-01,CPT,ACC-00019,DESPESA,11146.744638755834,11146.744638755834,BRL,Honorários profissionais contratados por CPT,11,CARTAO,ATRASADO,b93771a8-49a7-4f5b-9dd2-8dec81399442,2024-12-05,ERP_CORPORATIVO,TRANSACOES_FINANCEIRAS,3728,69d61e3c30854d5117beee902b865920916c2d3f72f0c4fa9249fbf51ac61d4e
TR-03729,2024-11-18,2024-11-01,FIN,ACC-00019,DESPESA,3625.622049573141,3448.5910160543144,USD,Compra de insumos para setor FIN,2,TED,CANCELADO,b93771a8-49a7-4f5b-9dd2-8dec81399442,2024-12-05,ERP_CORPORATIVO,TRANSACOES_FINANCEIRAS,3729,b7f914a3a0ac1bb019237c859ed4063b126dd576b3cffec52233eb4c9aa02bbd
TR-04037,2024-11-25,2024-11-01,CPT,1000019,DESPESA,7533.919631055305,7533.919631055305,BRL,Assessoria contábil prestada a CPT,25,TED,PAGO,b93771a8-49a7-4f5b-9dd2-8dec81399442,2024-12-05,ERP_CORPORATIVO,TRANSACOES_FINANCEIRAS,4037,8007a08218edc21447a16a40e3d9d27a67d98ddd7e3c275ad8b9e3f5eb260b82
TR-04038,2024-11-11,2024-11-01,PES,1000019,DESPESA,8029.719692774292,8029.719692774292,BRL,Aquisição de material operacional - PES,2,TED,PAGO,b93771a8-49a7-4f5b-9dd2-8dec81399442,2024-12-05,ERP_CORPORATIVO,TRANSACOES_FINANCEIRAS,4038,4b701464f1a7ad745d37c794b4862ed58a4bfd6cd7e53308bbc34a559800affe
TR-04039,2024-11-11,2024-11-01,LOG,1000019,DESPESA,5640.148226887503,5640.148226887503,BRL,Receita eventual registrada em LOG,37,PIX,PAGO,b93771a8-49a7-4f5b-9dd2-8dec81399442,2024-12-05,ERP_CORPORATIVO,TRANSACOES_FINANCEIRAS,4039,0afbeed1eb98085b6a31c1d25fdc664db15a9913fab95e29bc3396fd1024e7f2
TR-04040,2024-11-14,2024-11-01,LOG,1000019,DESPESA,9364.188898714046,9243.46170566278,BRL,Taxas bancárias incidentes em LOG,22,TRANSFERENCIA,PAGO,b93771a8-49a7-4f5b-9dd2-8dec81399442,2024-12-05,ERP_CORPORATIVO,TRANSACOES_FINANCEIRAS,4040,62795d16fd2a8f8a25135a692d30f4935e48178e4afba0eb9707e9746901461d
TR-04041,2024-11-25,2024-11-01,ADM,1000019,RECEITA,7624.652498173745,7624.652498173745,BRL,Capacitação profissional vinculada a ADM,30,TED,PAGO,b93771a8-49a7-4f5b-9dd2-8dec81399442,2024-12-05,ERP_CORPORATIVO,TRANSACOES_FINANCEIRAS,4041,e66bd7628e2f51de09349ba0117e45a0442edbc641e13e25f66cf6458ec557cb
TR-04042,2024-11-13,2024-11-01,ATD,1000019,RECEITA,7910.548436640257,7910.548436640257,BRL,Compra de insumos para setor ATD,2,TRANSFERENCIA,PAGO,b93771a8-49a7-4f5b-9dd2-8dec81399442,2024-12-05,ERP_CORPORATIVO,TRANSACOES_FINANCEIRAS,4042,149d54e9f9ff4e1f281134e9f32ba9fbd68766610813b91e6c7d77ce69ed85d7
TR-04043,2024-11-12,2024-11-01,PRD,1000019,DESPESA,3486.6831229358518,3486.6831229358518,BRL,Suporte técnico para sistemas de PRD,29,BOLETO,CANCELADO,b93771a8-49a7-4f5b-9dd2-8dec81399442,2024-12-05,ERP_CORPORATIVO,TRANSACOES_FINANCEIRAS,4043,066355b88522aaf4318619b80e0143e029d3111e8934b71c76d0788bb8c78bfb
TR-04044,2024-11-18,2024-11-01,PES,1000019,DESPESA,7212.648708272798,7212.648708272798,BRL,Apólice de seguro - PES,21,CARTAO,PAGO,b93771a8-49a7-4f5b-9dd2-8dec81399442,2024-12-05,ERP_CORPORATIVO,TRANSACOES_FINANCEIRAS,4044,83ce9c30a2e3f1bcd905508da72e152c0d985a500bda9bd94357cdc4a7c182eb
TR-04045,2024-11-26,2024-11-01,ATD,1000019,DESPESA,9807.811003144037,9807.811003144037,BRL,Viagem corporativa - ATD,18,TRANSFERENCIA,PAGO,b93771a8-49a7-4f5b-9dd2-8dec81399442,2024-12-05,ERP_CORPORATIVO,TRANSACOES_FINANCEIRAS,4045,f7c113ebed8301aeeca7c89c975e1b2bc6ed7929824e07cc6ea588d49162d940
TR-04156,2024-11-18,2024-11-01,COM,FORN-00021,RECEITA,1161.499564893931,1161.499564893931,BRL,Manutenção estrutural vinculada à área COM,3,TRANSFERENCIA,PAGO,b93771a8-49a7-4f5b-9dd2-8dec81399442,2024-12-05,ERP_CORPORATIVO,TRANSACOES_FINANCEIRAS,4156,b4d45eb2e8f80d1b49f70350ee7be489b9960fa473d60f9e15478173d279d00e
TR-04157,2024-11-21,2024-11-01,RH,FORN-00021,RECEITA,1533.9993103743248,1533.9993103743248,BRL,Manutenção preventiva de veículos - RH,17,BOLETO,PAGO,b93771a8-49a7-4f5b-9dd2-8dec81399442,2024-12-05,ERP_CORPORATIVO,TRANSACOES_FINANCEIRAS,4157,979e8fd30972b98b7cdfd056c0f962f16035c0a6ddf619c804dddca568e69d64
TR-04158,2024-11-11,2024-11-01,ESG,FORN-00021,RECEITA,1283.4431461491938,1283.4431461491938,BRL,Custo operacional associado a ESG,8,PIX,PAGO,b93771a8-49a7-4f5b-9dd2-8dec81399442,2024-12-05,ERP_CORPORATIVO,TRANSACOES_FINANCEIRAS,4158,78512248ad9b96c440c17bc18fa15bd0c0bb1ee8f631d3e8fb26aa6a17fe56c5
TR-04159,2024-11-18,2024-11-01,OP,FORN-00021,DESPESA,1252.8219781274825,1252.8219781274825,USD,Honorários jurídicos - OP,7,PIX,PAGO,b93771a8-49a7-4f5b-9dd2-8dec81399442,2024-12-05,ERP_CORPORATIVO,TRANSACOES_FINANCEIRAS,4159,12e12c0fd39b48864805bdc1e1494dc60882b4613531b3b4385474b53d0b5d1d
TR-04160,2024-11-04,2024-11-01,CTB,FORN-00021,DESPESA,1275.2915099709057,1216.0844441941238,BRL,Serviço de tecnologia contratado por CTB,5,TED,ATRASADO,b93771a8-49a7-4f5b-9dd2-8dec81399442,2024-12-05,ERP_CORPORATIVO,TRANSACOES_FINANCEIRAS,4160,032a2b36bf7c8f29d527685ed22f01e09d990a7a2f9e2654876d3aaf98984dbe
TR-04161,2024-11-08,2024-11-01,COM,FORN-00021,RECEITA,1117.8926266114754,1117.8926266114754,BRL,Compra de insumos para setor COM,2,BOLETO,PAGO,b93771a8-49a7-4f5b-9dd2-8dec81399442,2024-12-05,ERP_CORPORATIVO,TRANSACOES_FINANCEIRAS,4161,25f0a287b51ded3a0678c135ae35c9ccd3e349ee64badfe4be1a9e0b1bac9475
TR-04162,2024-11-07,2024-11-01,OP,FORN-00021,RECEITA,1260.4272633013597,1260.4272633013597,BRL,Manutenção estrutural vinculada à área OP,3,CARTAO,PAGO,b93771a8-49a7-4f5b-9dd2-8dec81399442,2024-12-05,ERP_CORPORATIVO,TRANSACOES_FINANCEIRAS,4162,d57028abdd5193b0648cd1b2ee607c94e41f6a259427bfff94d806e7c5cb4a12
TR-04163,2024-11-22,2024-11-01,OP,FORN-00021,RECEITA,1366.089289557156,1366.089289557156,BRL,Prestação de serviço para área OP,1,BOLETO,PAGO,b93771a8-49a7-4f5b-9dd2-8dec81399442,2024-12-05,ERP_CORPORATIVO,TRANSACOES_FINANCEIRAS,4163,cfad50b58da758c03963cb86603e4f73ef18bf17f583ad4acebcef16618fb9f5
TR-04164,2024-11-14,2024-11-01,TI,FORN-00021,DESPESA,1430.4704171658752,1407.0301232283564,BRL,Licenciamento de software - TI,5,TED,PAGO,b93771a8-49a7-4f5b-9dd2-8dec81399442,2024-12-05,ERP_CORPORATIVO,TRANSACOES_FINANCEIRAS,4164,e82e876388603e8487e92674ed64494f473994560039d60d353ea1ababf827e9
TR-04165,2024-11-18,2024-11-01,COM,FORN-00021,DESPESA,1221.6107541778924,1221.6107541778924,BRL,Serviço relacionado a recursos humanos (COM),6,PIX,PAGO,b93771a8-49a7-4f5b-9dd2-8dec81399442,2024-12-05,ERP_CORPORATIVO,TRANSACOES_FINANCEIRAS,4165,977706480a6fd1d0d583023f3528b1dfeaea7732ac0b4a4ed1cd6b52905ca415
TR-04166,2024-11-26,2024-11-01,RH,FORN-00021,DESPESA,1290.1863559406547,1290.1863559406547,BRL,Produção de material gráfico - RH,15,TRANSFERENCIA,PAGO,b93771a8-49a7-4f5b-9dd2-8dec81399442,2024-12-05,ERP_CORPORATIVO,TRANSACOES_FINANCEIRAS,4166,1089680365b2512aaaf7e497a219a7af0ddd42d066f2f55f4a269bd0fee53644
TR-04167,2024-11-22,2024-11-01,COMP,FORN-00021,RECEITA,1433.0265876361852,1433.0265876361852,BRL,Renovação de certificados digitais - COMP,26,CARTAO,PAGO,b93771a8-49a7-4f5b-9dd2-8dec81399442,2024-12-05,ERP_CORPORATIVO,TRANSACOES_FINANCEIRAS,4167,acb5d3e242836570fbf66419614abec52e139f79c4dd8c8b4fb00cd9d3ded67e
TR-04168,2024-11-18,2024-11-01,TI,FORN-00021,DESPESA,1270.9240226602897,1270.9240226602897,BRL,Prestação de serviço para área TI,1,BOLETO,CANCELADO,b93771a8-49a7-4f5b-9dd2-8dec81399442,2024-12-05,ERP_CORPORATIVO,TRANSACOES_FINANCEIRAS,4168,14f1fce2f383d26b157bcc29ab930203c862d3b20fa01c8d5086e5e308ecddc2
TR-04169,2024-11-11,2024-11-01,JUR,FORN-00021,DESPESA,1360.6177180403706,1360.6177180403706,BRL,Juros sobre operação financeira - JUR,23,PIX,PAGO,b93771a8-49a7-4f5b-9dd2-8dec81399442,2024-12-05,ERP_CORPORATIVO,TRANSACOES_FINANCEIRAS,4169,acf37e7c39ae550b8fb63df9ea455de94152855f09adeeca82a934cec0157652
TR-04430,2024-11-19,2024-11-01,RH,FORN-00022,RECEITA,6061.461306913473,6061.461306913473,BRL,Honorários profissionais contratados por RH,11,PIX,PAGO,b93771a8-49a7-4f5b-9dd2-8dec81399442,2024-12-05,ERP_CORPORATIVO,TRANSACOES_FINANCEIRAS,4430,baf7b39d74ee1e54ec7a4ce3954ebe0fe4364b4db8122e7b459148894bb0ccfc
TR-04431,2024-11-11,2024-11-01,MKT,FORN-00022,DESPESA,5588.953199727161,5508.647388415304,BRL,Contrato de serviço - setor MKT,1,CARTAO,PAGO,b93771a8-49a7-4f5b-9dd2-8dec81399442,2024-12-05,ERP_CORPORATIVO,TRANSACOES_FINANCEIRAS,4431,72118e42d473244cbb55e6569a3fdfa59c751b7de1155442a78805a5b3b6980f
TR-04432,2024-11-13,2024-11-01,JUR,FORN-00022,DESPESA,5391.474212432368,5391.474212432368,BRL,Diária de hotel para equipe JUR,19,TED,PAGO,b93771a8-49a7-4f5b-9dd2-8dec81399442,2024-12-05,ERP_CORPORATIVO,TRANSACOES_FINANCEIRAS,4432,7534975cf2e5268b43559efe42c289a18cbb67e29a2f8bfd642f5c62deced38d
TR-04433,2024-11-18,2024-11-01,CPT,FORN-00022,RECEITA,5458.435751750008,5458.435751750008,BRL,Despesa operacional - CPT,8,PIX,CANCELADO,b93771a8-49a7-4f5b-9dd2-8dec81399442,2024-12-05,ERP_CORPORATIVO,TRANSACOES_FINANCEIRAS,4433,bbf5b2666304f4f1c7e60ce8d88de180fd3e9e3416bd709e116622aafd07f570
TR-04434,2024-11-20,2024-11-01,COM,FORN-00022,RECEITA,6455.467466927752,6455.467466927752,BRL,Passagem aérea para colaborador de COM,18,TED,PAGO,b93771a8-49a7-4f5b-9dd2-8dec81399442,2024-12-05,ERP_CORPORATIVO,TRANSACOES_FINANCEIRAS,4434,8f2c75fb9c958a4289b47a42a8a3dabe107f4c7fafb738db8f7f6fe7c9a03baf
TR-04435,2024-11-11,2024-11-01,COMP,FORN-00022,RECEITA,6621.001326173075,6621.001326173075,BRL,Evento corporativo organizado por COMP,14,BOLETO,PAGO,b93771a8-49a7-4f5b-9dd2-8dec81399442,2024-12-05,ERP_CORPORATIVO,TRANSACOES_FINANCEIRAS,4435,17f677b6d0d07a4fd49b8ef23f634016c00a2bb61188ad1abe57fb093b53d366
TR-04436,2024-11-21,2024-11-01,COM,FORN-00022,RECEITA,5535.186244672156,5297.9502235207765,BRL,Despesa de infraestrutura - COM,3,CARTAO,PAGO,b93771a8-49a7-4f5b-9dd2-8dec81399442,2024-12-05,ERP_CORPORATIVO,TRANSACOES_FINANCEIRAS,4436,2023687720d663965440114224aec1291f516e3ec24a7c8c7ec57f0a44c28109
TR-04437,2024-11-15,2024-11-01,JUR,FORN-00022,DESPESA,10196.871213996983,10196.871213996983,BRL,Propaganda e divulgação para área JUR,13,BOLETO,PAGO,b93771a8-49a7-4f5b-9dd2-8dec81399442,2024-12-05,ERP_CORPORATIVO,TRANSACOES_FINANCEIRAS,4437,f31cb21cb2aa39681ed3bac26dd479045db36ba71f4b4c094b88a2c019489147
TR-04438,2024-11-18,2024-11-01,PRD,FORN-00022,DESPESA,4914.427401576796,4914.427401576796,BRL,Renovação de certificados digitais - PRD,26,PIX,ATRASADO,b93771a8-49a7-4f5b-9dd2-8dec81399442,2024-12-05,ERP_CORPORATIVO,TRANSACOES_FINANCEIRAS,4438,8c8f6debdab4f6c737c59e9f4d14807a36dcf585515c90124cf7e5eb86f8cb84
TR-04439,2024-11-18,2024-11-01,COM,FORN-00022,DESPESA,5722.5874376165275,5456.65647332505,BRL,Viagem corporativa - COM,18,TRANSFERENCIA,PAGO,b93771a8-49a7-4f5b-9dd2-8dec81399442,2024-12-05,ERP_CORPORATIVO,TRANSACOES_FINANCEIRAS,4439,dd6b52e906dfc1040381ee9660f058dd941004cb887622c78ddb2e74d1251afc
TR-04440,2024-11-25,2024-11-01,COM,FORN-00022,RECEITA,5040.269553522927,5040.269553522927,BRL,Honorários profissionais contratados por COM,11,CARTAO,PAGO,b93771a8-49a7-4f5b-9dd2-8dec81399442,2024-12-05,ERP_CORPORATIVO,TRANSACOES_FINANCEIRAS,4440,e57a8ea76a70b1e794680eb2a72a2cbdcf882945318927433f2ffe494aa4e398
TR-04441,2024-11-21,2024-11-01,COMP,FORN-00022,RECEITA,5549.908098292804,5549.908098292804,BRL,Licenciamento de software - COMP,5,CARTAO,CANCELADO,b93771a8-49a7-4f5b-9dd2-8dec81399442,2024-12-05,ERP_CORPORATIVO,TRANSACOES_FINANCEIRAS,4441,9f68f1532acd3f3985e47720719b80db3477d023856625235af3faaa9ecabc5c
TR-04442,2024-11-22,2024-11-01,COMP,FORN-00022,DESPESA,6490.58298459169,6312.821266245384,BRL,Suporte técnico para sistemas de COMP,29,PIX,PAGO,b93771a8-49a7-4f5b-9dd2-8dec81399442,2024-12-05,ERP_CORPORATIVO,TRANSACOES_FINANCEIRAS,4442,8e9685ea2b4a3ca498a93f41b281954212f02228666bb8827e8433045fd19c95
TR-04584,2024-11-19,2024-11-01,TI,1000022,RECEITA,1645.382788793242,1645.382788793242,BRL,Licença de software para área TI,27,TED,PAGO,b93771a8-49a7-4f5b-9dd2-8dec81399442,2024-12-05,ERP_CORPORATIVO,TRANSACOES_FINANCEIRAS,4584,610c70c77e0efc573b5ccc5678abbb840cde3c2886550991215d057e92b22bd7
TR-04585,2024-11-18,2024-11-01,FIN,1000022,RECEITA,1981.739102344459,1890.1208848688755,BRL,Manutenção preventiva de veículos - FIN,17,BOLETO,PAGO,b93771a8-49a7-4f5b-9dd2-8dec81399442,2024-12-05,ERP_CORPORATIVO,TRANSACOES_FINANCEIRAS,4585,41be85c437906ba533bd4eaba212f8a0947e7168fb80138f797e3b067a59ffc1
TR-04586,2024-11-18,2024-11-01,LOG,1000022,RECEITA,1961.091347530625,1961.091347530625,BRL,Aquisição de material operacional - LOG,2,TRANSFERENCIA,PAGO,b93771a8-49a7-4f5b-9dd2-8dec81399442,2024-12-05,ERP_CORPORATIVO,TRANSACOES_FINANCEIRAS,4586,87e12b6853276f6da2d75ced9cde19d4e2332e48069ff3a7f1d44f98f2fc2291
TR-04587,2024-11-07,2024-11-01,CTB,1000022,DESPESA,1800.7815631665262,1800.7815631665262,BRL,Despesa de infraestrutura - CTB,3,TRANSFERENCIA,PAGO,b93771a8-49a7-4f5b-9dd2-8dec81399442,2024-12-05,ERP_CORPORATIVO,TRANSACOES_FINANCEIRAS,4587,8596972577bbc38a3ce84959058c07d6cf1930293a5b2da7003dadc4c0bf016f
TR-04588,2024-11-04,2024-11-01,ESG,1000022,RECEITA,1984.054852301356,1984.054852301356,BRL,Reparo de hardware solicitado por ESG,28,BOLETO,PAGO,b93771a8-49a7-4f5b-9dd2-8dec81399442,2024-12-05,ERP_CORPORATIVO,TRANSACOES_FINANCEIRAS,4588,3de30e9cfebe866f20e7b1c91399cc110190310283922f8d18d593cbc269f278
TR-04589,2024-11-18,2024-11-01,OP,1000022,DESPESA,1923.2421625571722,1869.3868130515405,BRL,Tributo incidente sobre receita de OP,40,BOLETO,PAGO,b93771a8-49a7-4f5b-9dd2-8dec81399442,2024-12-05,ERP_CORPORATIVO,TRANSACOES_FINANCEIRAS,4589,1b2dcf8b100b3450a22692b901c1ce7093804003655d02c28ffedd9023140451
TR-04590,2024-11-27,2024-11-01,FIN,1000022,DESPESA,1971.5859691400633,1971.5859691400633,BRL,Compra de insumos para setor FIN,2,PIX,PAGO,b93771a8-49a7-4f5b-9dd2-8dec81399442,2024-12-05,ERP_CORPORATIVO,TRANSACOES_FINANCEIRAS,4590,9653b15cd6a2cd9cd7460430c7bb9ef865134aed9f6bc3b8d04f4e243878c40b
TR-04591,2024-11-18,2024-11-01,FIN,1000022,RECEITA,1959.079485007854,1959.079485007854,BRL,Assessoria legal vinculada à área FIN,7,BOLETO,PAGO,b93771a8-49a7-4f5b-9dd2-8dec81399442,2024-12-05,ERP_CORPORATIVO,TRANSACOES_FINANCEIRAS,4591,a82e7b278c4d476f47d533f68c66ea0609a3ece1e2d7691ad5e20b37019926ed
TR-04592,2024-11-19,2024-11-01,COM,1000022,DESPESA,1853.6100919547198,1782.8734899103301,USD,Aquisição de material operacional - COM,2,PIX,PAGO,b93771a8-49a7-4f5b-9dd2-8dec81399442,2024-12-05,ERP_CORPORATIVO,TRANSACOES_FINANCEIRAS,4592,cbe4c91a0c2eeafff4a32a37c07320d351c0790f70933e63c7568519e4dc236b
TR-04593,2024-11-05,2024-11-01,OP,1000022,DESPESA,1737.5962136085925,1737.5962136085925,USD,Estorno de receita - OP,39,PIX,PAGO,b93771a8-49a7-4f5b-9dd2-8dec81399442,2024-12-05,ERP_CORPORATIVO,TRANSACOES_FINANCEIRAS,4593,7a61632d80dfc858f41627904c58fe49b925f633c7190449058f9d263bec8d5e
TR-04950,2024-11-05,2024-11-01,PJT,1000024,DESPESA,964.0940785337446,964.0940785337446,BRL,Licenciamento de software - PJT,5,CARTAO,PAGO,b93771a8-49a7-4f5b-9dd2-8dec81399442,2024-12-05,ERP_CORPORATIVO,TRANSACOES_FINANCEIRAS,4950,40d20fec61e0bf3e1a6937f18d94787a2cd81fa670d47c7501f5076d13a51a36
TR-04951,2024-11-19,2024-11-01,TI,1000024,DESPESA,2591.5943961008848,2591.5943961008848,BRL,Receita extraordinária - TI,37,TRANSFERENCIA,PAGO,b93771a8-49a7-4f5b-9dd2-8dec81399442,2024-12-05,ERP_CORPORATIVO,TRANSACOES_FINANCEIRAS,4951,58b6bee88f0f701f0eac8a8cab2c6b35d76b23c29446ac9adeae673b800071f9
TR-04952,2024-11-12,2024-11-01,MKT,1000024,RECEITA,1897.8983936285215,1897.8983936285215,BRL,Tarifas de serviços financeiros - MKT,22,BOLETO,PAGO,b93771a8-49a7-4f5b-9dd2-8dec81399442,2024-12-05,ERP_CORPORATIVO,TRANSACOES_FINANCEIRAS,4952,bc8fbdced274d2a49ebb54ecc00b42f49d4be71f9d529f15abd73e2d1b17c994
TR-04953,2024-11-18,2024-11-01,COMP,1000024,RECEITA,2572.304744006047,2449.696443984023,BRL,Serviço técnico especializado para COMP,11,TRANSFERENCIA,CANCELADO,b93771a8-49a7-4f5b-9dd2-8dec81399442,2024-12-05,ERP_CORPORATIVO,TRANSACOES_FINANCEIRAS,4953,888b1c7d5556ea29fcfa9f39a08b5473ddd8bdc3b3ba237fec28b90bd9d58104
TR-04954,2024-11-15,2024-11-01,ADM,1000024,RECEITA,2521.8214928579932,2521.8214928579932,BRL,Doação recebida em favor de ADM,36,TRANSFERENCIA,PAGO,b93771a8-49a7-4f5b-9dd2-8dec81399442,2024-12-05,ERP_CORPORATIVO,TRANSACOES_FINANCEIRAS,4954,865be465c45d6b13b4d51ea65300875c562e50e50ba3bc2ecea422fefbb1addd
TR-04955,2024-11-11,2024-11-01,COMP,1000024,RECEITA,2032.3294548864897,2032.3294548864897,BRL,Assessoria legal vinculada à área COMP,7,TED,ATRASADO,b93771a8-49a7-4f5b-9dd2-8dec81399442,2024-12-05,ERP_CORPORATIVO,TRANSACOES_FINANCEIRAS,4955,f673aaf0256014f472953cec6a892577a119dbbb651a11a2444b26d1d27ded79
TR-04956,2024-11-14,2024-11-01,ADM,1000024,RECEITA,2360.738279853747,2360.738279853747,BRL,Custo operacional associado a ADM,8,PIX,PAGO,b93771a8-49a7-4f5b-9dd2-8dec81399442,2024-12-05,ERP_CORPORATIVO,TRANSACOES_FINANCEIRAS,4956,86f6985a40bde4a3cae3a147a2bdb0f11674d9ed936acd424b9666d046f52691
TR-04957,2024-11-11,2024-11-01,PRD,1000024,DESPESA,2737.5343849594565,2737.5343849594565,BRL,Recebimento de subvenção - PRD,36,TRANSFERENCIA,PAGO,b93771a8-49a7-4f5b-9dd2-8dec81399442,2024-12-05,ERP_CORPORATIVO,TRANSACOES_FINANCEIRAS,4957,fdfa2ab6b92b368aa009a0318101d3d41728157d97de5255320c2ae6bc6bc353
TR-04958,2024-11-12,2024-11-01,OP,1000024,RECEITA,2189.3823692539004,2156.6572947990185,BRL,Serviço de tecnologia contratado por OP,5,BOLETO,ATRASADO,b93771a8-49a7-4f5b-9dd2-8dec81399442,2024-12-05,ERP_CORPORATIVO,TRANSACOES_FINANCEIRAS,4958,3f227471e8b6bbc318700147b9b9b66383314cba6edf1099897ff57dab8b689a
TR-04959,2024-11-22,2024-11-01,MKT,1000024,DESPESA,2305.9066552452823,2305.9066552452823,BRL,Custo operacional associado a MKT,8,PIX,PAGO,b93771a8-49a7-4f5b-9dd2-8dec81399442,2024-12-05,ERP_CORPORATIVO,TRANSACOES_FINANCEIRAS,4959,ca87552beec7a9e69ac1ef7d49bd5cbfba55bbc406f312ec3f09c76c6ca07d84
TR-04960,2024-11-20,2024-11-01,VND,1000024,DESPESA,3211.6255408690367,3211.6255408690367,BRL,Aquisição de material operacional - VND,2,TED,PAGO,b93771a8-49a7-4f5b-9dd2-8dec81399442,2024-12-05,ERP_CORPORATIVO,TRANSACOES_FINANCEIRAS,4960,eae0a5162ae8adc1296b0ea28830b7dd4fa3404af4bbf8cfb82b140fbd2d2102
TR-04961,2024-11-14,2024-11-01,COMP,1000024,RECEITA,2517.487546608077,2478.633173922394,BRL,Despesa de refeição em deslocamento (COMP),20,TED,PAGO,b93771a8-49a7-4f5b-9dd2-8dec81399442,2024-12-05,ERP_CORPORATIVO,TRANSACOES_FINANCEIRAS,4961,11cca62146ab8ee3f00372a086a1fb0c2917e380d78e1b6130ac7dfc93095d01
TR-04962,2024-11-08,2024-11-01,OP,1000024,DESPESA,2374.702618173689,2374.702618173689,BRL,Venda de ativo imobilizado por OP,35,PIX,PAGO,b93771a8-49a7-4f5b-9dd2-8dec81399442,2024-12-05,ERP_CORPORATIVO,TRANSACOES_FINANCEIRAS,4962,d2ffac166dd3af970cc5a4f2d8f1c3e958b56ed1d6b5e0e5642d34d8baa491be
TR-05187,2024-11-18,2024-11-01,COM,1000025,DESPESA,1728.820920507434,1728.820920507434,BRL,Devolução de venda processada por COM,39,TED,PAGO,b93771a8-49a7-4f5b-9dd2-8dec81399442,2024-12-05,ERP_CORPORATIVO,TRANSACOES_FINANCEIRAS,5187,1e271b115e7889378d8dc105645c1bf1b3e31977c8a907cd5eabc7da08ce52f3
TR-05188,2024-11-15,2024-11-01,LOG,1000025,DESPESA,1573.4298766005234,1504.8546512725043,BRL,Tributo incidente sobre receita de LOG,40,PIX,ATRASADO,b93771a8-49a7-4f5b-9dd2-8dec81399442,2024-12-05,ERP_CORPORATIVO,TRANSACOES_FINANCEIRAS,5188,fd372ef06bccdb944b2e054833d8ab0468157b5e2f426f16d8d81415975fdd2f
TR-05189,2024-11-21,2024-11-01,FIN,1000025,RECEITA,987.3910048822894,987.3910048822894,BRL,Encargos de empréstimo vinculados a FIN,23,TED,PAGO,b93771a8-49a7-4f5b-9dd2-8dec81399442,2024-12-05,ERP_CORPORATIVO,TRANSACOES_FINANCEIRAS,5189,c5f8d830302f79a63805b6cb34681fb57557ee4423c8ebd3956e133aacc8c9f6
TR-05190,2024-11-14,2024-11-01,OP,1000025,RECEITA,2340.6032947497624,2340.6032947497624,BRL,Renovação de certificados digitais - OP,26,BOLETO,PAGO,b93771a8-49a7-4f5b-9dd2-8dec81399442,2024-12-05,ERP_CORPORATIVO,TRANSACOES_FINANCEIRAS,5190,67249a57a16d16a7ef0b7da6497acb29e586959a1b5b1525cff5bc63ccc0752d
TR-05191,2024-11-19,2024-11-01,PES,1000025,DESPESA,2126.8898427550575,2126.8898427550575,BRL,Despesa de RH - PES,6,TRANSFERENCIA,PAGO,b93771a8-49a7-4f5b-9dd2-8dec81399442,2024-12-05,ERP_CORPORATIVO,TRANSACOES_FINANCEIRAS,5191,68a6eda68fea20b84d8bedcc7713a760097084852c78232c3d569b113b0eb2ee
TR-05192,2024-11-13,2024-11-01,COMP,1000025,DESPESA,1925.0000980091613,1925.0000980091613,BRL,Contrato de SaaS vinculado a COMP,27,CARTAO,PAGO,b93771a8-49a7-4f5b-9dd2-8dec81399442,2024-12-05,ERP_CORPORATIVO,TRANSACOES_FINANCEIRAS,5192,e71e7f4727c61d6aa2b5b32a12856681c567fd58accc686f5456e1d6c9afb037
TR-05193,2024-11-25,2024-11-01,FIN,1000025,RECEITA,1664.5213396565325,1664.5213396565325,BRL,Prestação de serviço para área FIN,1,TED,CANCELADO,b93771a8-49a7-4f5b-9dd2-8dec81399442,2024-12-05,ERP_CORPORATIVO,TRANSACOES_FINANCEIRAS,5193,14e8f00b95cdc2d9951f9e815175d1af5b6f366bdc7638a6af8297a4692bda58
TR-05194,2024-11-08,2024-11-01,MKT,1000025,RECEITA,1739.3184551087054,1739.3184551087054,BRL,Prestação de serviço para área MKT,1,BOLETO,PAGO,b93771a8-49a7-4f5b-9dd2-8dec81399442,2024-12-05,ERP_CORPORATIVO,TRANSACOES_FINANCEIRAS,5194,35c80d1b54933ca4beda3801ca81363270f6828152eafa418a2ff478ac27051f
TR-05195,2024-11-19,2024-11-01,JUR,1000025,DESPESA,1977.6144211847457,1938.8345628265179,BRL,Licenciamento de software - JUR,5,BOLETO,PAGO,b93771a8-49a7-4f5b-9dd2-8dec81399442,2024-12-05,ERP_CORPORATIVO,TRANSACOES_FINANCEIRAS,5195,1333bac09c824be516116df5366b3f06eaeddc39118aed6b7b65c00650f61327
TR-05196,2024-11-05,2024-11-01,COM,1000025,DESPESA,1906.43931422809,1906.43931422809,BRL,Assessoria legal vinculada à área COM,7,PIX,PAGO,b93771a8-49a7-4f5b-9dd2-8dec81399442,2024-12-05,ERP_CORPORATIVO,TRANSACOES_FINANCEIRAS,5196,3135610fcaf34d147dadea0359933b689fc3750433994a721e84efdebdaafaab
TR-05197,2024-11-08,2024-11-01,PRD,1000025,DESPESA,1783.501168297382,1783.501168297382,BRL,Investimento em marketing corporativo (PRD),4,CARTAO,PAGO,b93771a8-49a7-4f5b-9dd2-8dec81399442,2024-12-05,ERP_CORPORATIVO,TRANSACOES_FINANCEIRAS,5197,59880ccfdea462ea0954f84c3d5ff9ae3e9fd6d9bd5ef4137eaeda954a75de8d
TR-05709,2024-11-11,2024-11-01,ADM,FORN-00028,DESPESA,3527.759425520903,3527.759425520903,BRL,Compra de insumos para setor ADM,2,BOLETO,PAGO,b93771a8-49a7-4f5b-9dd2-8dec81399442,2024-12-05,ERP_CORPORATIVO,TRANSACOES_FINANCEIRAS,5709,fe18dfb3dcd9a0271e0b96e1b3e206ce724ed484e97b3dba0421ff56fd4b2cc6
TR-05710,2024-11-21,2024-11-01,TI,FORN-00028,DESPESA,3247.4861724062876,3247.4861724062876,BRL,Abatimento comercial registrado em TI,38,BOLETO,ATRASADO,b93771a8-49a7-4f5b-9dd2-8dec81399442,2024-12-05,ERP_CORPORATIVO,TRANSACOES_FINANCEIRAS,5710,5daa8160b37d43fd7beffa9073b6fd106fd04888af443db755afdf83a28348e3
TR-05711,2024-11-29,2024-11-01,OP,FORN-00028,RECEITA,3416.7678323302353,3416.7678323302353,BRL,Contrato de SaaS vinculado a OP,27,PIX,PAGO,b93771a8-49a7-4f5b-9dd2-8dec81399442,2024-12-05,ERP_CORPORATIVO,TRANSACOES_FINANCEIRAS,5711,28b5405826fcf79cbf9f5cc15c3eef9362ef14ebc9e8ff0a92d2a755e5a0d49c
TR-05712,2024-11-08,2024-11-01,COMP,FORN-00028,RECEITA,3587.2478049469523,3587.2478049469523,BRL,Treinamento corporativo para equipe COMP,30,TRANSFERENCIA,PAGO,b93771a8-49a7-4f5b-9dd2-8dec81399442,2024-12-05,ERP_CORPORATIVO,TRANSACOES_FINANCEIRAS,5712,c322d2314c97b08b6c8cd8253e56692e138cf141ba9908f0baec4e1ed4149a64
TR-05713,2024-11-25,2024-11-01,PES,FORN-00028,RECEITA,4009.830079415256,4009.830079415256,BRL,Campanha institucional - PES,4,PIX,PAGO,b93771a8-49a7-4f5b-9dd2-8dec81399442,2024-12-05,ERP_CORPORATIVO,TRANSACOES_FINANCEIRAS,5713,7441baa185a391b225e3e26288f199cf217fc05b250170955711af3d9b49b4be
TR-05714,2024-11-05,2024-11-01,PRD,FORN-00028,RECEITA,2914.4485234892645,2914.4485234892645,BRL,Reparo de frota vinculado à área PRD,17,PIX,PAGO,b93771a8-49a7-4f5b-9dd2-8dec81399442,2024-12-05,ERP_CORPORATIVO,TRANSACOES_FINANCEIRAS,5714,eac72bb79b7e982d9ab4060b4c6282a0afb1e07a6dc8d4d3b50daef4347bd4f5
TR-05715,2024-11-20,2024-11-01,LOG,FORN-00028,DESPESA,3136.744260455092,3031.547142610196,BRL,Compra de insumos para setor LOG,2,PIX,PAGO,b93771a8-49a7-4f5b-9dd2-8dec81399442,2024-12-05,ERP_CORPORATIVO,TRANSACOES_FINANCEIRAS,5715,8f93fef1be4805991266b7b786dcbdff3bb7fc1b01486310db4e390777a9472a
TR-05716,2024-11-25,2024-11-01,QAS,FORN-00028,RECEITA,3441.5010757286173,3441.5010757286173,BRL,Assessoria contábil prestada a QAS,25,CARTAO,PAGO,b93771a8-49a7-4f5b-9dd2-8dec81399442,2024-12-05,ERP_CORPORATIVO,TRANSACOES_FINANCEIRAS,5716,3396e6d7994722ced93bd576612a20db5293a6e1f8b1d2bd9caf924cafb4d11a
TR-05717,2024-11-18,2024-11-01,COM,FORN-00028,RECEITA,3096.931573498252,3096.931573498252,BRL,Receita de aluguel creditada em COM,31,TED,PAGO,b93771a8-49a7-4f5b-9dd2-8dec81399442,2024-12-05,ERP_CORPORATIVO,TRANSACOES_FINANCEIRAS,5717,3ed418560df80c6edebc509db1812c25998ebdb7d2ceab43320db41efe600346
TR-05718,2024-11-12,2024-11-01,RH,FORN-00028,DESPESA,2990.7541151444984,2860.597017722929,BRL,Manutenção de equipamentos de RH,28,TRANSFERENCIA,PAGO,b93771a8-49a7-4f5b-9dd2-8dec81399442,2024-12-05,ERP_CORPORATIVO,TRANSACOES_FINANCEIRAS,5718,8564caa9cb711716840aada0e080470b6e3ecbd4cb60d0037424db87c21cf9d2
TR-06055,2024-11-12,2024-11-01,FIN,FORN-00029,RECEITA,3136.296746969547,3136.296746969547,BRL,Capacitação profissional vinculada a FIN,30,BOLETO,PAGO,b93771a8-49a7-4f5b-9dd2-8dec81399442,2024-12-05,ERP_CORPORATIVO,TRANSACOES_FINANCEIRAS,6055,fbb990043d785b414ffda0a4fa10ac4e49548ee17e2d24cd724de103d317521c
TR-06056,2024-11-11,2024-11-01,OP,FORN-00029,DESPESA,2676.4106435280532,2676.4106435280532,BRL,Manutenção estrutural vinculada à área OP,3,PIX,PAGO,b93771a8-49a7-4f5b-9dd2-8dec81399442,2024-12-05,ERP_CORPORATIVO,TRANSACOES_FINANCEIRAS,6056,006a800f05feed9991e76b74eaf4c7a9e42a31104e6f87cbf9617bc247afc44b
TR-06057,2024-11-12,2024-11-01,VND,FORN-00029,DESPESA,2613.322231553445,2493.685992804489,BRL,Contrato de serviço - setor VND,1,TED,ATRASADO,b93771a8-49a7-4f5b-9dd2-8dec81399442,2024-12-05,ERP_CORPORATIVO,TRANSACOES_FINANCEIRAS,6057,67b972cb12e96602b71ec136260ce7e2a59726f7175711ee550f4bffa45659f5
TR-06058,2024-11-11,2024-11-01,ATD,FORN-00029,RECEITA,2920.4403442495345,2920.4403442495345,BRL,Serviço especializado solicitado por ATD,1,PIX,PAGO,b93771a8-49a7-4f5b-9dd2-8dec81399442,2024-12-05,ERP_CORPORATIVO,TRANSACOES_FINANCEIRAS,6058,dc3eb8e9bcd3dc2bc6ebffdd1b4024f125fd603a78c9925b6a99c24bd3ff1a4e
TR-06059,2024-11-08,2024-11-01,SEC,FORN-00029,RECEITA,3291.486810061567,3291.486810061567,BRL,Licenciamento de software - SEC,5,TRANSFERENCIA,PAGO,b93771a8-49a7-4f5b-9dd2-8dec81399442,2024-12-05,ERP_CORPORATIVO,TRANSACOES_FINANCEIRAS,6059,a1138c5888786d5a34a21b9ea402822157bcba73531ad66b9d825b7b171e3489
TR-06060,2024-11-25,2024-11-01,CTB,FORN-00029,DESPESA,3087.0897438753796,3087.0897438753796,BRL,Compra de insumos para setor CTB,2,BOLETO,PAGO,b93771a8-49a7-4f5b-9dd2-8dec81399442,2024-12-05,ERP_CORPORATIVO,TRANSACOES_FINANCEIRAS,6060,9796214ed529dd3f5f2dd2b9a339753f27e5a4d8e7c5336976adfb19d5e6dcfa
TR-06061,2024-11-25,2024-11-01,MKT,FORN-00029,RECEITA,3272.8235772154085,3272.8235772154085,USD,Manutenção estrutural vinculada à área MKT,3,TRANSFERENCIA,ATRASADO,b93771a8-49a7-4f5b-9dd2-8dec81399442,2024-12-05,ERP_CORPORATIVO,TRANSACOES_FINANCEIRAS,6061,5ce74de0c85e36dbf58cdae6c50e5edb04ed3b5ace14efc4005fbe75441c45f2
TR-06062,2024-11-11,2024-11-01,COMP,FORN-00029,DESPESA,2668.438418899685,2668.438418899685,BRL,Alimentação em viagem corporativa - COMP,20,BOLETO,PAGO,b93771a8-49a7-4f5b-9dd2-8dec81399442,2024-12-05,ERP_CORPORATIVO,TRANSACOES_FINANCEIRAS,6062,a849c363e28cc48bd0c758fbf7e93f46c1f84e91ea6909fc3f5c13c5c214f869
TR-06063,2024-11-18,2024-11-01,PRD,FORN-00029,DESPESA,3102.6886608441514,2988.5053231139223,BRL,Contrato de consultoria externa - PRD,12,BOLETO,PAGO,b93771a8-49a7-4f5b-9dd2-8dec81399442,2024-12-05,ERP_CORPORATIVO,TRANSACOES_FINANCEIRAS,6063,19b3401c0e9dbfccb0cc160bdaf39f5b3ea61e382918e87dbab33394f3c7e43f
TR-06064,2024-11-11,2024-11-01,FIN,FORN-00029,RECEITA,3446.5275459529407,3298.1444054076906,BRL,Manutenção estrutural vinculada à área FIN,3,TED,PAGO,b93771a8-49a7-4f5b-9dd2-8dec81399442,2024-12-05,ERP_CORPORATIVO,TRANSACOES_FINANCEIRAS,6064,451e5fb50c756e56c9a0829696bc4bcf97079338c7dc810ad613b8ac63cc3402
TR-06065,2024-11-18,2024-11-01,RH,FORN-00029,DESPESA,3571.6145743176635,3571.6145743176635,BRL,Aquisição de material operacional - RH,2,PIX,PAGO,b93771a8-49a7-4f5b-9dd2-8dec81399442,2024-12-05,ERP_CORPORATIVO,TRANSACOES_FINANCEIRAS,6065,873116bffda4c7bb8257cee3c167e6df39bedb5b275f5e114f0747059f8216f6
TR-06066,2024-11-11,2024-11-01,TI,FORN-00029,DESPESA,2724.9017035132274,2724.9017035132274,BRL,Serviço técnico especializado para TI,11,CARTAO,PAGO,b93771a8-49a7-4f5b-9dd2-8dec81399442,2024-12-05,ERP_CORPORATIVO,TRANSACOES_FINANCEIRAS,6066,f8dd62f2ca95f551757006f0b88d17686f768bf0e48da341647b80051ed341c6
TR-06067,2024-11-05,2024-11-01,PRD,FORN-00029,DESPESA,2982.1271091689855,2982.1271091689855,BRL,Compra de insumos para setor PRD,2,TRANSFERENCIA,PAGO,b93771a8-49a7-4f5b-9dd2-8dec81399442,2024-12-05,ERP_CORPORATIVO,TRANSACOES_FINANCEIRAS,6067,c838d88e947bd69023a9c07ff9389a20f4b536e7fad7f241b4ea48ff0d5726e7
TR-06068,2024-11-08,2024-11-01,CTB,FORN-00029,DESPESA,2985.446666565218,2985.446666565218,BRL,Abastecimento de veículos - CTB,16,PIX,CANCELADO,b93771a8-49a7-4f5b-9dd2-8dec81399442,2024-12-05,ERP_CORPORATIVO,TRANSACOES_FINANCEIRAS,6068,749fa8e5a5bd2bcdd6603c0e5fc0bcaba469e87030e0307559650a3037e6e980
TR-06069,2024-11-15,2024-11-01,CTB,FORN-00029,RECEITA,2901.3977470789664,2901.3977470789664,BRL,Serviço de telefonia e internet - CTB,9,TRANSFERENCIA,PAGO,b93771a8-49a7-4f5b-9dd2-8dec81399442,2024-12-05,ERP_CORPORATIVO,TRANSACOES_FINANCEIRAS,6069,ca2d453618405833638c766314726da77f61caf364b53419bc2ea9602dadfae3
TR-06070,2024-11-11,2024-11-01,COM,FORN-00029,DESPESA,3382.4695476862125,3382.4695476862125,BRL,Receita de aluguel creditada em COM,31,TED,PAGO,b93771a8-49a7-4f5b-9dd2-8dec81399442,2024-12-05,ERP_CORPORATIVO,TRANSACOES_FINANCEIRAS,6070,30a92361b2a6ade4f68b1c7ed8f18214119cf225f83de78902f465fb5327368c
TR-06514,2024-11-18,2024-11-01,RH,1000029,DESPESA,2959.9595683191164,2857.0805426926936,BRL,Receita de aluguel creditada em RH,31,BOLETO,ATRASADO,b93771a8-49a7-4f5b-9dd2-8dec81399442,2024-12-05,ERP_CORPORATIVO,TRANSACOES_FINANCEIRAS,6514,500ca3338267cc7f0d04729e08eb6f8edd62c5471bb7a5c0dad02b5f46e65abc
TR-06515,2024-11-07,2024-11-01,PRD,1000029,RECEITA,2746.2727728657997,2633.087395355193,BRL,Licenciamento de software - PRD,5,PIX,PAGO,b93771a8-49a7-4f5b-9dd2-8dec81399442,2024-12-05,ERP_CORPORATIVO,TRANSACOES_FINANCEIRAS,6515,4b2034535fe4b13209dba2b8a28ce70f8adc97d4dda5f5493be56991fdc5ee6c
TR-06516,2024-11-13,2024-11-01,PRD,1000029,DESPESA,2719.3557096587856,2633.7681095738503,BRL,Campanha institucional - PRD,4,TED,PAGO,b93771a8-49a7-4f5b-9dd2-8dec81399442,2024-12-05,ERP_CORPORATIVO,TRANSACOES_FINANCEIRAS,6516,07f7a1d5a0bc0860513de9c5a52ab96591447849e8fdd77157a98e72d1295461
TR-06517,2024-11-21,2024-11-01,LOG,1000029,RECEITA,2982.7067123406882,2946.6464623678353,BRL,Material de marketing solicitado por LOG,15,TED,CANCELADO,b93771a8-49a7-4f5b-9dd2-8dec81399442,2024-12-05,ERP_CORPORATIVO,TRANSACOES_FINANCEIRAS,6517,dea79e06ed9e0ec1ff2fc05ca7b5edcadd8f86a84055b30b2eacce1d099b6ca9
TR-06518,2024-11-21,2024-11-01,ADM,1000029,RECEITA,2863.332505930865,2863.332505930865,BRL,Juros sobre operação financeira - ADM,23,TRANSFERENCIA,PAGO,b93771a8-49a7-4f5b-9dd2-8dec81399442,2024-12-05,ERP_CORPORATIVO,TRANSACOES_FINANCEIRAS,6518,d73d0c1f02501ab6d7bd31aafaa7a5361c88a0ada7b6effedf7b81eb90734c76
TR-06519,2024-11-21,2024-11-01,ESG,1000029,RECEITA,2969.429894450582,2969.429894450582,BRL,Licenciamento de software - ESG,5,PIX,PAGO,b93771a8-49a7-4f5b-9dd2-8dec81399442,2024-12-05,ERP_CORPORATIVO,TRANSACOES_FINANCEIRAS,6519,e525ccd96f035ee41f5eaf3c67b519794d80def8807630281cbb293fc8db0cba
TR-06520,2024-11-18,2024-11-01,VND,1000029,RECEITA,2498.5114470198273,2498.5114470198273,BRL,Recebimento de subvenção - VND,36,TRANSFERENCIA,PAGO,b93771a8-49a7-4f5b-9dd2-8dec81399442,2024-12-05,ERP_CORPORATIVO,TRANSACOES_FINANCEIRAS,6520,aea26e3e0db31437c368841cbba096d6d41f07b946ce573747631a40be574033
TR-06521,2024-11-14,2024-11-01,PJT,1000029,RECEITA,2866.991084677836,2866.991084677836,BRL,Serviço de tecnologia contratado por PJT,5,TED,PAGO,b93771a8-49a7-4f5b-9dd2-8dec81399442,2024-12-05,ERP_CORPORATIVO,TRANSACOES_FINANCEIRAS,6521,3b1e05e6694ef1ba4b3e8042e7337c4d9db2420f44f333a9ed959b258522753b
TR-06522,2024-11-18,2024-11-01,FIN,1000029,DESPESA,2327.4920163064767,2327.4920163064767,BRL,Abastecimento de veículos - FIN,16,BOLETO,CANCELADO,b93771a8-49a7-4f5b-9dd2-8dec81399442,2024-12-05,ERP_CORPORATIVO,TRANSACOES_FINANCEIRAS,6522,187d49ad1737ad479f6584c66240f367f7fd0929cde4ed143fedc32431c9463c
TR-06523,2024-11-12,2024-11-01,COMP,1000029,DESPESA,2628.125285263788,2628.125285263788,BRL,Alienação de bem patrimonial - COMP,35,TRANSFERENCIA,ATRASADO,b93771a8-49a7-4f5b-9dd2-8dec81399442,2024-12-05,ERP_CORPORATIVO,TRANSACOES_FINANCEIRAS,6523,aeb6a894574c698cac2853f67fb52fa7c67e1b42c17f3b09d75285035306210c
TR-06642,2024-11-28,2024-11-01,JUR,1000030,DESPESA,6303.754180397918,6303.754180397918,BRL,Despesa de RH - JUR,6,BOLETO,PAGO,b93771a8-49a7-4f5b-9dd2-8dec81399442,2024-12-05,ERP_CORPORATIVO,TRANSACOES_FINANCEIRAS,6642,6a3d8f2708b27ca6e081fdb2d0ddfa68524577b7cd7a7278ca933d15a59ad467
TR-06643,2024-11-12,2024-11-01,COMP,1000030,RECEITA,7094.468153387875,7094.468153387875,BRL,Licenciamento de software - COMP,5,BOLETO,PAGO,b93771a8-49a7-4f5b-9dd2-8dec81399442,2024-12-05,ERP_CORPORATIVO,TRANSACOES_FINANCEIRAS,6643,6d4162a54013a37f081a9054c522123a0d75d6b2f17efeeef84f4b09a7542536
TR-06644,2024-11-15,2024-11-01,CTB,1000030,DESPESA,6047.1186560550705,6047.1186560550705,BRL,Manutenção predial solicitada por CTB,10,BOLETO,PAGO,b93771a8-49a7-4f5b-9dd2-8dec81399442,2024-12-05,ERP_CORPORATIVO,TRANSACOES_FINANCEIRAS,6644,967ceee62794068f02ae4554b06bf1f98eaa95dc3f83a61f1e5d7e2e4663a31e
TR-06645,2024-11-18,2024-11-01,OP,1000030,RECEITA,7372.85557398607,7372.85557398607,BRL,Serviço de telefonia e internet - OP,9,PIX,PAGO,b93771a8-49a7-4f5b-9dd2-8dec81399442,2024-12-05,ERP_CORPORATIVO,TRANSACOES_FINANCEIRAS,6645,64c8362005df4312eecc84d019bc1450522600fc1fab78160d5e115f864497a5
TR-06646,2024-11-11,2024-11-01,COMP,1000030,DESPESA,5841.725164988346,5757.157655067199,BRL,Serviço técnico especializado para COMP,11,TED,ATRASADO,b93771a8-49a7-4f5b-9dd2-8dec81399442,2024-12-05,ERP_CORPORATIVO,TRANSACOES_FINANCEIRAS,6646,bacbd64bb62efc13216bfbd95dd72f58c023c45ff64c6c6b212d8c678503a011
TR-06647,2024-11-11,2024-11-01,ATD,1000030,DESPESA,6946.953871631671,6946.953871631671,USD,Despesa de infraestrutura - ATD,3,TED,PAGO,b93771a8-49a7-4f5b-9dd2-8dec81399442,2024-12-05,ERP_CORPORATIVO,TRANSACOES_FINANCEIRAS,6647,c9deda1d872b6b1b5038c52a6c612c1da099f86f2da7f81071822b219b377434
TR-06648,2024-11-25,2024-11-01,FIN,1000030,DESPESA,6886.406784076908,6886.406784076908,BRL,Prestação de serviço para área FIN,1,PIX,PAGO,b93771a8-49a7-4f5b-9dd2-8dec81399442,2024-12-05,ERP_CORPORATIVO,TRANSACOES_FINANCEIRAS,6648,aa0804925b0af8bdf24b8eca78b5132d75d374d1f9c3e1efa813dce43294b982
TR-06649,2024-11-14,2024-11-01,PES,1000030,DESPESA,6686.500145474642,6358.146202058429,BRL,Serviço relacionado a recursos humanos (PES),6,TED,PAGO,b93771a8-49a7-4f5b-9dd2-8dec81399442,2024-12-05,ERP_CORPORATIVO,TRANSACOES_FINANCEIRAS,6649,bdafeb6125f6f878183417e9c9f8673fe762147169377d55560230fe785a43b2
TR-06650,2024-11-11,2024-11-01,MKT,1000030,RECEITA,7190.830316977171,6906.343796536777,BRL,Publicidade institucional - MKT,13,PIX,PAGO,b93771a8-49a7-4f5b-9dd2-8dec81399442,2024-12-05,ERP_CORPORATIVO,TRANSACOES_FINANCEIRAS,6650,80c21d69fd3d37f273fb38e3c4dbf5cb02bcf8e93502c3a241b5295e758a611b
TR-06651,2024-11-08,2024-11-01,JUR,1000030,RECEITA,6050.183756184749,5791.138044129215,USD,Doação recebida em favor de JUR,36,PIX,ATRASADO,b93771a8-49a7-4f5b-9dd2-8dec81399442,2024-12-05,ERP_CORPORATIVO,TRANSACOES_FINANCEIRAS,6651,546cfb3733759b5606bd82499e28c06db4eea20eb685bc7b64db84fadad0bdb8
TR-06652,2024-11-04,2024-11-01,RH,1000030,DESPESA,6219.752475782409,6219.752475782409,BRL,Prestação de serviço para área RH,1,TED,PAGO,b93771a8-49a7-4f5b-9dd2-8dec81399442,2024-12-05,ERP_CORPORATIVO,TRANSACOES_FINANCEIRAS,6652,0854b8967198c0d3032c8598f88108969ad3798a2be9e503cb11cc53551b0029
TR-06653,2024-11-25,2024-11-01,JUR,1000030,DESPESA,5918.052709254584,5840.356938945379,BRL,Direitos de propriedade intelectual - JUR,32,PIX,PAGO,b93771a8-49a7-4f5b-9dd2-8dec81399442,2024-12-05,ERP_CORPORATIVO,TRANSACOES_FINANCEIRAS,6653,fea1330c8092a293aca4b7bcd8e26c0b48ced35cc090e61b1617b201beffd186
TR-06654,2024-11-11,2024-11-01,COM,1000030,DESPESA,6522.410275517168,6380.620700674623,BRL,Manutenção estrutural vinculada à área COM,3,TRANSFERENCIA,PAGO,b93771a8-49a7-4f5b-9dd2-8dec81399442,2024-12-05,ERP_CORPORATIVO,TRANSACOES_FINANCEIRAS,6654,5ef452697bc8f499f20077e22fc46155e365c8a7225baa91518a6e2c37a2bf49
TR-06655,2024-11-14,2024-11-01,JUR,1000030,DESPESA,6438.841113900166,6235.383892741856,BRL,Passagem aérea para colaborador de JUR,18,BOLETO,PAGO,b93771a8-49a7-4f5b-9dd2-8dec81399442,2024-12-05,ERP_CORPORATIVO,TRANSACOES_FINANCEIRAS,6655,0a21565a90285e2333daec36d0b9ccadfdb4b849efb67be97bc295436ec74447
TR-06656,2024-11-04,2024-11-01,COMP,1000030,DESPESA,7099.243912682645,7099.243912682645,BRL,Aquisição de material operacional - COMP,2,TRANSFERENCIA,PAGO,b93771a8-49a7-4f5b-9dd2-8dec81399442,2024-12-05,ERP_CORPORATIVO,TRANSACOES_FINANCEIRAS,6656,9530592c77ae02ab7d746e748b7349ff914dda89d84766011eb9a72ce75208ff
TR-07048,2024-11-19,2024-11-01,PJT,1000036,DESPESA,6586.033869311968,6586.033869311968,USD,Assessoria contábil prestada a PJT,25,PIX,PAGO,b93771a8-49a7-4f5b-9dd2-8dec81399442,2024-12-05,ERP_CORPORATIVO,TRANSACOES_FINANCEIRAS,7048,69851b86dffff0aa0acdb135d1df78ae9f3e33ae3a33a9a8a39388288f5c8076
TR-07049,2024-11-15,2024-11-01,CPT,1000036,RECEITA,2883.5766678611594,2883.5766678611594,BRL,Custo operacional associado a CPT,8,PIX,PAGO,b93771a8-49a7-4f5b-9dd2-8dec81399442,2024-12-05,ERP_CORPORATIVO,TRANSACOES_FINANCEIRAS,7049,c9a475d30fa3458f5bb96cfe85d1dab4e238c959ff1a1d8560deb5a6d3cbb05f
TR-07050,2024-11-15,2024-11-01,LOG,1000036,RECEITA,7458.867971208454,7458.867971208454,BRL,Apólice de seguro - LOG,21,TED,PAGO,b93771a8-49a7-4f5b-9dd2-8dec81399442,2024-12-05,ERP_CORPORATIVO,TRANSACOES_FINANCEIRAS,7050,2bd8c67d9eafff5f13b8956a03161573cdaf2b3e21d1065b2d7bd32d7274331f
TR-07051,2024-11-11,2024-11-01,ESG,1000036,DESPESA,2530.165879646857,2530.165879646857,BRL,Despesa operacional - ESG,8,PIX,ATRASADO,b93771a8-49a7-4f5b-9dd2-8dec81399442,2024-12-05,ERP_CORPORATIVO,TRANSACOES_FINANCEIRAS,7051,0af1d16078d0ca27e53996333a096a6183179cf0dec82526b447f0393130d9f1
TR-07052,2024-11-25,2024-11-01,PES,1000036,DESPESA,2904.4936461301927,2904.4936461301927,BRL,Contrato de serviço - setor PES,1,TED,PAGO,b93771a8-49a7-4f5b-9dd2-8dec81399442,2024-12-05,ERP_CORPORATIVO,TRANSACOES_FINANCEIRAS,7052,271309fabc74de7092c25a3f032a0965ee6637ab551ceb0db690a4f3246d0616
TR-07053,2024-11-11,2024-11-01,FIN,1000036,RECEITA,2435.9385979550107,2435.9385979550107,BRL,Despesa de RH - FIN,6,BOLETO,ATRASADO,b93771a8-49a7-4f5b-9dd2-8dec81399442,2024-12-05,ERP_CORPORATIVO,TRANSACOES_FINANCEIRAS,7053,6fbc6da221d8d332c27a3ae9faf766d53d30e31904113e610b883ecf8503d401
TR-07054,2024-11-13,2024-11-01,COMP,1000036,DESPESA,3133.5458413763477,3133.5458413763477,BRL,Serviço especializado solicitado por COMP,1,CARTAO,PAGO,b93771a8-49a7-4f5b-9dd2-8dec81399442,2024-12-05,ERP_CORPORATIVO,TRANSACOES_FINANCEIRAS,7054,025c026704bb9e987fc26a11f792e85b72f60af15dd0edf13d58f1255ad77a77
TR-07055,2024-11-04,2024-11-01,OP,1000036,RECEITA,2661.6667703740777,2661.6667703740777,BRL,Despesa operacional - OP,8,TED,PAGO,b93771a8-49a7-4f5b-9dd2-8dec81399442,2024-12-05,ERP_CORPORATIVO,TRANSACOES_FINANCEIRAS,7055,badca0a24e57b42608c4bd5fdfab0fa9bd03e2ed8e648029fe85c5c2da2eb8ce
TR-07056,2024-11-14,2024-11-01,PJT,1000036,DESPESA,2772.302233208168,2663.202991512687,BRL,Recebimento de subvenção - PJT,36,CARTAO,PAGO,b93771a8-49a7-4f5b-9dd2-8dec81399442,2024-12-05,ERP_CORPORATIVO,TRANSACOES_FINANCEIRAS,7056,5c173cc60d385cd5f92a9e9e0228070c4b5e4609d7cf5d8f2ca09fa42448df63
TR-07057,2024-11-25,2024-11-01,TI,1000036,RECEITA,3072.564325812776,3072.564325812776,BRL,Serviço especializado solicitado por TI,1,TRANSFERENCIA,PAGO,b93771a8-49a7-4f5b-9dd2-8dec81399442,2024-12-05,ERP_CORPORATIVO,TRANSACOES_FINANCEIRAS,7057,3b3913eceb4c8e5f69c9d8522708cfafc0c7b16fedd418be0f494a908f05bdbb
TR-07058,2024-11-11,2024-11-01,VND,1000036,RECEITA,3044.0873271677187,3007.2589229549817,BRL,Tributo incidente sobre receita de VND,40,PIX,PAGO,b93771a8-49a7-4f5b-9dd2-8dec81399442,2024-12-05,ERP_CORPORATIVO,TRANSACOES_FINANCEIRAS,7058,c4aeff73e768a48626c022a36aa31c717811e3563a6ddc7c41a93704c8a6048a
TR-07059,2024-11-20,2024-11-01,RH,1000036,DESPESA,2954.9313138482694,2954.9313138482694,BRL,Serviço especializado solicitado por RH,1,PIX,ATRASADO,b93771a8-49a7-4f5b-9dd2-8dec81399442,2024-12-05,ERP_CORPORATIVO,TRANSACOES_FINANCEIRAS,7059,682e32238ff0150d58ae14928999a5b8f1a1a653dbc037cdc354eb4bc30dee8e
TR-07060,2024-11-04,2024-11-01,FIN,1000036,DESPESA,3123.7337873348633,3123.7337873348633,BRL,Licenciamento de software - FIN,5,TED,PAGO,b93771a8-49a7-4f5b-9dd2-8dec81399442,2024-12-05,ERP_CORPORATIVO,TRANSACOES_FINANCEIRAS,7060,186ede9728e3ff378cc5d90c06837bd4cbf0d61714d91da900d5448903eed57e
TR-07061,2024-11-20,2024-11-01,COMP,1000036,DESPESA,2935.8160302040824,2935.8160302040824,BRL,Combustível e lubrificantes para frota (COMP),16,PIX,PAGO,b93771a8-49a7-4f5b-9dd2-8dec81399442,2024-12-05,ERP_CORPORATIVO,TRANSACOES_FINANCEIRAS,7061,657d22c4eaa5528b28012ce7a82b4d4245ce22365442f7f950e0655424145a5d
TR-07239,2024-11-13,2024-11-01,PRD,ACC-00038,DESPESA,3915.899076102956,3915.899076102956,BRL,Aquisição de material operacional - PRD,2,PIX,PAGO,b93771a8-49a7-4f5b-9dd2-8dec81399442,2024-12-05,ERP_CORPORATIVO,TRANSACOES_FINANCEIRAS,7239,a955c04802f65057641046b5277b3901df5a075fac9b0b731c3a88e848dbf159
TR-07240,2024-11-26,2024-11-01,COMP,ACC-00038,DESPESA,4642.709268470976,4642.709268470976,BRL,Honorários jurídicos - COMP,7,PIX,ATRASADO,b93771a8-49a7-4f5b-9dd2-8dec81399442,2024-12-05,ERP_CORPORATIVO,TRANSACOES_FINANCEIRAS,7240,d7e69c41b064e8c74f108218884acaf71c3be7a8c64a0421e03532c3306856ec
TR-07241,2024-11-25,2024-11-01,COM,ACC-00038,DESPESA,4301.52132469945,4301.52132469945,BRL,Assessoria legal vinculada à área COM,7,PIX,PAGO,b93771a8-49a7-4f5b-9dd2-8dec81399442,2024-12-05,ERP_CORPORATIVO,TRANSACOES_FINANCEIRAS,7241,58158bad2e10106ebfef1368136257e05d8ab2db832c3dc0419704e1e34afe7b
TR-07242,2024-11-25,2024-11-01,COMP,ACC-00038,RECEITA,4397.316978294695,4203.5083956073395,BRL,Despesa de infraestrutura - COMP,3,TRANSFERENCIA,ATRASADO,b93771a8-49a7-4f5b-9dd2-8dec81399442,2024-12-05,ERP_CORPORATIVO,TRANSACOES_FINANCEIRAS,7242,54936bca5fab8b6292063b75d953ab2a8e9313c000f489f0ed115c26470c435d
TR-07243,2024-11-01,2024-11-01,OP,ACC-00038,DESPESA,5106.0052521178395,5106.0052521178395,BRL,Despesa de infraestrutura - OP,3,TRANSFERENCIA,PAGO,b93771a8-49a7-4f5b-9dd2-8dec81399442,2024-12-05,ERP_CORPORATIVO,TRANSACOES_FINANCEIRAS,7243,a94da460fbc0105770e5b53be6171bc48b32fff96751a799d5341a77a0cb650d
TR-07244,2024-11-11,2024-11-01,FIN,ACC-00038,RECEITA,3715.596758581819,3556.326455335413,BRL,Licença de software para área FIN,27,BOLETO,PAGO,b93771a8-49a7-4f5b-9dd2-8dec81399442,2024-12-05,ERP_CORPORATIVO,TRANSACOES_FINANCEIRAS,7244,e87a58829ac4a658315f0ad97d1840de3f4af2e42f70eba475a6e2acf9ac8051
TR-07245,2024-11-18,2024-11-01,RH,ACC-00038,RECEITA,1220.8546672175546,1220.8546672175546,BRL,Despesa operacional - RH,8,TED,PAGO,b93771a8-49a7-4f5b-9dd2-8dec81399442,2024-12-05,ERP_CORPORATIVO,TRANSACOES_FINANCEIRAS,7245,2f6a35c61ee62905fc4c81ae66f9b1de7f6d81a4e087a134c657005a981f02c5
TR-07246,2024-11-20,2024-11-01,COMP,ACC-00038,RECEITA,4577.968663658815,4577.968663658815,BRL,Serviço especializado solicitado por COMP,1,BOLETO,ATRASADO,b93771a8-49a7-4f5b-9dd2-8dec81399442,2024-12-05,ERP_CORPORATIVO,TRANSACOES_FINANCEIRAS,7246,7b594880b604acfd8005a20d4f98e732d85923b50f43c1f4d54bc11d8335e568
TR-07247,2024-11-15,2024-11-01,JUR,ACC-00038,RECEITA,6095.867587428144,6095.867587428144,BRL,Receita de comissão comercial - JUR,33,PIX,ATRASADO,b93771a8-49a7-4f5b-9dd2-8dec81399442,2024-12-05,ERP_CORPORATIVO,TRANSACOES_FINANCEIRAS,7247,4f3bf85f7627cf384bca2937319690e987077004f3ef2389c68ae10a4570565b
TR-07248,2024-11-12,2024-11-01,FIN,ACC-00038,DESPESA,4723.541483892761,4723.541483892761,BRL,Manutenção predial solicitada por FIN,10,PIX,ATRASADO,b93771a8-49a7-4f5b-9dd2-8dec81399442,2024-12-05,ERP_CORPORATIVO,TRANSACOES_FINANCEIRAS,7248,a214d5d11e6bee3fe0f45546f8e7ef12673be1b9f1ed666a57af65e5a204e158
TR-07409,2024-11-20,2024-11-01,ADM,FORN-00039,RECEITA,4925.037798371149,4808.781331974307,BRL,Atendimento de TI requisitado por ADM,29,PIX,PAGO,b93771a8-49a7-4f5b-9dd2-8dec81399442,2024-12-05,ERP_CORPORATIVO,TRANSACOES_FINANCEIRAS,7409,28461e2375c3a72e2c505ea536340f990cffa2df15836e6b8d148d5dafc57cf8
TR-07410,2024-11-12,2024-11-01,MKT,FORN-00039,DESPESA,1763.1406368664266,1763.1406368664266,BRL,Prestação de serviço para área MKT,1,TRANSFERENCIA,PAGO,b93771a8-49a7-4f5b-9dd2-8dec81399442,2024-12-05,ERP_CORPORATIVO,TRANSACOES_FINANCEIRAS,7410,2e937b41c41393764d4a01503dc820a9200c64446430a3a3d26e9ca0cbf32cef
TR-07411,2024-11-18,2024-11-01,ADM,FORN-00039,DESPESA,2120.3082743760283,2075.95576223006,BRL,Resultado de equivalência patrimonial - ADM,34,TED,PAGO,b93771a8-49a7-4f5b-9dd2-8dec81399442,2024-12-05,ERP_CORPORATIVO,TRANSACOES_FINANCEIRAS,7411,e9ca6cf3569963b4f4939e8e8a7c9b4e9ba9e3ee004f7c65d87a1dcdb97dd633
TR-07412,2024-11-13,2024-11-01,RH,FORN-00039,DESPESA,2205.364307944907,2205.364307944907,BRL,Serviço especializado solicitado por RH,1,TRANSFERENCIA,PAGO,b93771a8-49a7-4f5b-9dd2-8dec81399442,2024-12-05,ERP_CORPORATIVO,TRANSACOES_FINANCEIRAS,7412,2997963ad9ebc146c173db376ccd26068fd42a7118ff63db74218e62bf9c7651
TR-07413,2024-11-18,2024-11-01,QAS,FORN-00039,DESPESA,2086.1982596591533,2086.1982596591533,EUR,Serviços contábeis externos - QAS,25,TED,PAGO,b93771a8-49a7-4f5b-9dd2-8dec81399442,2024-12-05,ERP_CORPORATIVO,TRANSACOES_FINANCEIRAS,7413,bb64a8caa80f17edca18e16384a20ae575439f932ddc8dae3a165b53bb7673a8
TR-07414,2024-11-06,2024-11-01,COM,FORN-00039,DESPESA,1891.0924304038065,1891.0924304038065,BRL,Treinamento corporativo para equipe COM,30,BOLETO,PAGO,b93771a8-49a7-4f5b-9dd2-8dec81399442,2024-12-05,ERP_CORPORATIVO,TRANSACOES_FINANCEIRAS,7414,f77a7df7ce4148cb5c7e5233b3f85697663de60e0fbf3a4ea8853c6366026821
TR-07415,2024-11-13,2024-11-01,OP,FORN-00039,RECEITA,1960.9783998448688,1960.9783998448688,BRL,Despesa jurídica da área OP,24,PIX,PAGO,b93771a8-49a7-4f5b-9dd2-8dec81399442,2024-12-05,ERP_CORPORATIVO,TRANSACOES_FINANCEIRAS,7415,992bafc09fb1c78f65ba8a56f2ab41645339c74b386f8a88147688a3d13efe60
TR-07416,2024-11-25,2024-11-01,FIN,FORN-00039,DESPESA,1780.397175616065,1780.397175616065,BRL,Aquisição de material operacional - FIN,2,PIX,CANCELADO,b93771a8-49a7-4f5b-9dd2-8dec81399442,2024-12-05,ERP_CORPORATIVO,TRANSACOES_FINANCEIRAS,7416,f5cfc77a118b2df82994f056ddc064a0c37987478644d5c69470c92ea112532b
TR-07417,2024-11-26,2024-11-01,QAS,FORN-00039,DESPESA,2356.6939209778657,2356.6939209778657,BRL,Serviço de tecnologia contratado por QAS,5,TRANSFERENCIA,PAGO,b93771a8-49a7-4f5b-9dd2-8dec81399442,2024-12-05,ERP_CORPORATIVO,TRANSACOES_FINANCEIRAS,7417,5dc1df52a6e1613ff756d07fcb866f6ccb0e4ae680123f4805c4b805feea0647
TR-07418,2024-11-07,2024-11-01,PJT,FORN-00039,RECEITA,2457.401713518213,2457.401713518213,BRL,Campanha institucional - PJT,4,CARTAO,ATRASADO,b93771a8-49a7-4f5b-9dd2-8dec81399442,2024-12-05,ERP_CORPORATIVO,TRANSACOES_FINANCEIRAS,7418,125a6ee9f6444dba7d5e56cf4ce3b12add6468e8d9a0d7bd5d3204ce447baf4e
TR-07419,2024-11-18,2024-11-01,ATD,FORN-00039,DESPESA,2453.981273232773,2453.981273232773,BRL,Compra de insumos para setor ATD,2,PIX,PAGO,b93771a8-49a7-4f5b-9dd2-8dec81399442,2024-12-05,ERP_CORPORATIVO,TRANSACOES_FINANCEIRAS,7419,4d14a96ebbe7802d33273b7a26f017dd19c8560b6f98b0733f0d4c5affeae346
TR-07420,2024-11-13,2024-11-01,FIN,FORN-00039,RECEITA,2135.69449528667,2135.69449528667,BRL,Material de marketing solicitado por FIN,15,PIX,PAGO,b93771a8-49a7-4f5b-9dd2-8dec81399442,2024-12-05,ERP_CORPORATIVO,TRANSACOES_FINANCEIRAS,7420,d1c711615a1188ddfdebbe354c16ec8187297591e8baa2ce20426c89f847be8d
TR-07421,2024-11-12,2024-11-01,VND,FORN-00039,DESPESA,2201.0633370030537,2130.639892506988,USD,Prestação de serviço para área VND,1,PIX,ATRASADO,b93771a8-49a7-4f5b-9dd2-8dec81399442,2024-12-05,ERP_CORPORATIVO,TRANSACOES_FINANCEIRAS,7421,8487fcee25727e68d019004143eb59bd4f5f25ea50596e44059b829c101862a6
TR-07422,2024-11-04,2024-11-01,ATD,FORN-00039,DESPESA,2383.908119021261,2383.908119021261,BRL,Despesa de RH - ATD,6,TED,ATRASADO,b93771a8-49a7-4f5b-9dd2-8dec81399442,2024-12-05,ERP_CORPORATIVO,TRANSACOES_FINANCEIRAS,7422,43abb431dce296a6e93a1836b0d384a851c5dd1b90a636f4f73c44f66149c956
TR-07423,2024-11-07,2024-11-01,COM,FORN-00039,DESPESA,2092.7108605607846,2041.9772688584217,BRL,Estorno de receita - COM,39,TED,PAGO,b93771a8-49a7-4f5b-9dd2-8dec81399442,2024-12-05,ERP_CORPORATIVO,TRANSACOES_FINANCEIRAS,7423,b986bd322c83d85b8b4905a88906d66b504f9e5aaa2c3b8041bc09f0e490195e
TR-07424,2024-11-11,2024-11-01,OP,FORN-00039,RECEITA,1948.034122246081,1948.034122246081,BRL,Licenciamento de software - OP,5,PIX,PAGO,b93771a8-49a7-4f5b-9dd2-8dec81399442,2024-12-05,ERP_CORPORATIVO,TRANSACOES_FINANCEIRAS,7424,fd1b01a24ab3f0460eaca59115a355c383d6800c0a93ad86b2fd5aba32699d5e
TR-07425,2024-11-14,2024-11-01,RH,FORN-00039,DESPESA,885.0491180724403,812.0167481553094,BRL,Manutenção estrutural vinculada à área RH,3,PIX,PAGO,b93771a8-49a7-4f5b-9dd2-8dec81399442,2024-12-05,ERP_CORPORATIVO,TRANSACOES_FINANCEIRAS,7425,a1276864650c5e5e3f5d10d5cf25613a79b136c748fa79fae6c89f386890c3c0
TR-07988,2024-11-07,2024-11-01,COMP,1000040,DESPESA,5008.67195533749,5008.67195533749,BRL,Diária de hotel para equipe COMP,19,BOLETO,PAGO,b93771a8-49a7-4f5b-9dd2-8dec81399442,2024-12-05,ERP_CORPORATIVO,TRANSACOES_FINANCEIRAS,7988,d4f7b55da8591aabf92a3b15597e1cbbfbe90eb5617e3b1fe5c96eb02e006c6e
TR-07989,2024-11-08,2024-11-01,TI,1000040,DESPESA,5715.4462282131935,5715.4462282131935,USD,Hospedagem em viagem a serviço de TI,19,TRANSFERENCIA,CANCELADO,b93771a8-49a7-4f5b-9dd2-8dec81399442,2024-12-05,ERP_CORPORATIVO,TRANSACOES_FINANCEIRAS,7989,efb79b3d8d5ab194f00e5ccfc90458ee73b1886771737eba81caaf5a3b827d67
TR-07990,2024-11-25,2024-11-01,OP,1000040,DESPESA,4941.077396251402,4941.077396251402,BRL,Royalties recebidos por OP,32,TED,PAGO,b93771a8-49a7-4f5b-9dd2-8dec81399442,2024-12-05,ERP_CORPORATIVO,TRANSACOES_FINANCEIRAS,7990,baffec0d5732e61684c37fe14f7fba93b60c80548045e9633fa0b07a515cb8db
TR-07991,2024-11-18,2024-11-01,CTB,1000040,DESPESA,4127.796343957347,3992.606722312886,BRL,Serviço relacionado a recursos humanos (CTB),6,TED,PAGO,b93771a8-49a7-4f5b-9dd2-8dec81399442,2024-12-05,ERP_CORPORATIVO,TRANSACOES_FINANCEIRAS,7991,54f49edba7a6311180d13ff845fe3a3fd268685889dc08a26d5eb5a51cc72a50
TR-07992,2024-11-12,2024-11-01,SEC,1000040,RECEITA,6386.576329729998,6386.576329729998,USD,Receita de comissão comercial - SEC,33,CARTAO,PAGO,b93771a8-49a7-4f5b-9dd2-8dec81399442,2024-12-05,ERP_CORPORATIVO,TRANSACOES_FINANCEIRAS,7992,d9e530effc97cb6f854d96c01ecc774b0dab1299efcd7be30287fa8542905dd4
TR-07993,2024-11-21,2024-11-01,VND,1000040,RECEITA,5668.904881849711,5668.904881849711,BRL,Contrato de serviço - setor VND,1,PIX,PAGO,b93771a8-49a7-4f5b-9dd2-8dec81399442,2024-12-05,ERP_CORPORATIVO,TRANSACOES_FINANCEIRAS,7993,e0a5b517912ba41757cbdba3906ddba1c197768567b0c3c2a2c1d5cc814df3d8
TR-07994,2024-11-15,2024-11-01,ESG,1000040,RECEITA,4731.359629333111,4731.359629333111,EUR,Aquisição de material operacional - ESG,2,TED,PAGO,b93771a8-49a7-4f5b-9dd2-8dec81399442,2024-12-05,ERP_CORPORATIVO,TRANSACOES_FINANCEIRAS,7994,e75cbc184ec0cdf95b9f7d40de59ba72df674442c56733ce8e21fa37acea1e63
TR-07995,2024-11-07,2024-11-01,JUR,1000040,DESPESA,5253.174805061482,5253.174805061482,BRL,Licenciamento de software - JUR,5,PIX,PAGO,b93771a8-49a7-4f5b-9dd2-8dec81399442,2024-12-05,ERP_CORPORATIVO,TRANSACOES_FINANCEIRAS,7995,84023ace555b7a46d4e548716ee50da8a7720538a399ad9be30e8bdc3f3accd4
TR-07996,2024-11-19,2024-11-01,OP,1000040,RECEITA,5258.802434910637,5258.802434910637,BRL,Honorarium advocatício - OP,24,BOLETO,PAGO,b93771a8-49a7-4f5b-9dd2-8dec81399442,2024-12-05,ERP_CORPORATIVO,TRANSACOES_FINANCEIRAS,7996,a010ee697a6745f53288a5ee24fb5d4dfc2b387981ced2c8c390e2405eecba03
TR-07997,2024-11-21,2024-11-01,CTB,1000040,RECEITA,5160.917219099785,5160.917219099785,BRL,Serviço relacionado a recursos humanos (CTB),6,BOLETO,PAGO,b93771a8-49a7-4f5b-9dd2-8dec81399442,2024-12-05,ERP_CORPORATIVO,TRANSACOES_FINANCEIRAS,7997,95ac03f5bdde7922872342e50a38580ecc5dce9115d44637ff86ea6d81ce15f8
TR-08234,2024-11-27,2024-11-01,RH,1000042,DESPESA,4956.016271359452,4956.016271359452,USD,Serviço especializado solicitado por RH,1,TRANSFERENCIA,PAGO,b93771a8-49a7-4f5b-9dd2-8dec81399442,2024-12-05,ERP_CORPORATIVO,TRANSACOES_FINANCEIRAS,8234,6a55a6278b2f5753b03d61d3f8a51430a41126f39f242e957b0ad109d49f70fb
TR-08235,2024-11-18,2024-11-01,TI,1000042,DESPESA,4210.423962077257,4210.423962077257,USD,Aquisição de material operacional - TI,2,TED,PAGO,b93771a8-49a7-4f5b-9dd2-8dec81399442,2024-12-05,ERP_CORPORATIVO,TRANSACOES_FINANCEIRAS,8235,2b363c75707c14e3303d7b733a37e99e9274a4bbed2dade5b263653a4b147a4f
TR-08236,2024-11-25,2024-11-01,FIN,1000042,DESPESA,4779.5361020438995,4599.215902132158,BRL,Despesa de RH - FIN,6,BOLETO,PAGO,b93771a8-49a7-4f5b-9dd2-8dec81399442,2024-12-05,ERP_CORPORATIVO,TRANSACOES_FINANCEIRAS,8236,664811ebbd816cf2d3daef9ef7311f910574fd8e0ed4f5823211214100042084
TR-08237,2024-11-13,2024-11-01,OP,1000042,RECEITA,4447.725497891496,4447.725497891496,BRL,Custo operacional associado a OP,8,TED,PAGO,b93771a8-49a7-4f5b-9dd2-8dec81399442,2024-12-05,ERP_CORPORATIVO,TRANSACOES_FINANCEIRAS,8237,c743e92e03ef308319540d08adcac082630b03bf6a065bc2aedc8e08e95ec547
TR-08238,2024-11-15,2024-11-01,LOG,1000042,RECEITA,4746.077192745321,4746.077192745321,USD,Receita de aluguel creditada em LOG,31,BOLETO,PAGO,b93771a8-49a7-4f5b-9dd2-8dec81399442,2024-12-05,ERP_CORPORATIVO,TRANSACOES_FINANCEIRAS,8238,88cb381c1372480779f73c7d3106de146df210d59b8f2f6923966efc62414927
TR-08501,2024-11-18,2024-11-01,ATD,FORN-00044,RECEITA,2825.5732389445357,2825.5732389445357,BRL,Despesa de infraestrutura - ATD,3,PIX,PAGO,b93771a8-49a7-4f5b-9dd2-8dec81399442,2024-12-05,ERP_CORPORATIVO,TRANSACOES_FINANCEIRAS,8501,c52d3a13d063932d2b5100e86d3128a5a3b79a840c534c3b8a253c164e9e7e34
TR-08502,2024-11-22,2024-11-01,COM,FORN-00044,DESPESA,3412.900152403962,3412.900152403962,BRL,Publicidade institucional - COM,13,CARTAO,PAGO,b93771a8-49a7-4f5b-9dd2-8dec81399442,2024-12-05,ERP_CORPORATIVO,TRANSACOES_FINANCEIRAS,8502,812143c0cf22d135287d89b060d331fd0a17f85d5f00df3f2a5b5cb23a3ab0c6
TR-08503,2024-11-25,2024-11-01,RH,FORN-00044,DESPESA,2831.0924081995513,2831.0924081995513,BRL,Custo operacional associado a RH,8,BOLETO,PAGO,b93771a8-49a7-4f5b-9dd2-8dec81399442,2024-12-05,ERP_CORPORATIVO,TRANSACOES_FINANCEIRAS,8503,b9f8cf0bf01894eb2d3092cbb8d660df0ce1643496167d320d18bdd93dfbfe56
TR-08504,2024-11-13,2024-11-01,PES,FORN-00044,DESPESA,2364.4143154445396,2364.4143154445396,BRL,Despesa operacional - PES,8,PIX,PAGO,b93771a8-49a7-4f5b-9dd2-8dec81399442,2024-12-05,ERP_CORPORATIVO,TRANSACOES_FINANCEIRAS,8504,c82b925a57f7eae2a6ad8573b3680b063f30c0becdaab68294d1e683609fae39
TR-08505,2024-11-11,2024-11-01,JUR,FORN-00044,DESPESA,2991.20275927443,2991.20275927443,BRL,Manutenção preventiva de veículos - JUR,17,PIX,PAGO,b93771a8-49a7-4f5b-9dd2-8dec81399442,2024-12-05,ERP_CORPORATIVO,TRANSACOES_FINANCEIRAS,8505,da84539ba723facb86843e0ee033338f9dae8cbb77bb8d7f30aac8ccfa88548f
TR-08506,2024-11-20,2024-11-01,LOG,FORN-00044,DESPESA,2574.100176575569,2574.100176575569,BRL,Encargos de empréstimo vinculados a LOG,23,CARTAO,PAGO,b93771a8-49a7-4f5b-9dd2-8dec81399442,2024-12-05,ERP_CORPORATIVO,TRANSACOES_FINANCEIRAS,8506,0fb8082045009595831a921243cd00be8d0927440113cbca6877566a1a56a429
TR-08507,2024-11-13,2024-11-01,PRD,FORN-00044,RECEITA,3074.2581645056416,3074.2581645056416,USD,Despesa de RH - PRD,6,CARTAO,PAGO,b93771a8-49a7-4f5b-9dd2-8dec81399442,2024-12-05,ERP_CORPORATIVO,TRANSACOES_FINANCEIRAS,8507,f3f1bd2332b58b6e2e7bf68b5e6efafd355c436e503410e7245a6086c9fb5857
TR-08508,2024-11-06,2024-11-01,RH,FORN-00044,RECEITA,3135.638520497319,3090.4340911192526,BRL,Serviço especializado solicitado por RH,1,PIX,PAGO,b93771a8-49a7-4f5b-9dd2-8dec81399442,2024-12-05,ERP_CORPORATIVO,TRANSACOES_FINANCEIRAS,8508,1a0b1ecab86d22e98686473e5f184dff18944b3f3e7970eb6d84107387a39711
TR-08509,2024-11-18,2024-11-01,SEC,FORN-00044,DESPESA,2859.734741180292,2829.8470125135673,BRL,Manutenção estrutural vinculada à área SEC,3,BOLETO,PAGO,b93771a8-49a7-4f5b-9dd2-8dec81399442,2024-12-05,ERP_CORPORATIVO,TRANSACOES_FINANCEIRAS,8509,8ab849f72e8e930f6abe816faf0e8365fc1c7aba22fa7242750eca999baf7e94
TR-08510,2024-11-19,2024-11-01,PJT,FORN-00044,DESPESA,2365.0069978851875,2365.0069978851875,BRL,Viagem corporativa - PJT,18,PIX,PAGO,b93771a8-49a7-4f5b-9dd2-8dec81399442,2024-12-05,ERP_CORPORATIVO,TRANSACOES_FINANCEIRAS,8510,b116807eb92215cbca89fe2b2a3b63907e94f5cff120023ecb7fb8d01eaf7feb
TR-08511,2024-11-11,2024-11-01,CTB,FORN-00044,DESPESA,2566.4212934464936,2566.4212934464936,BRL,Assessoria legal vinculada à área CTB,7,BOLETO,PAGO,b93771a8-49a7-4f5b-9dd2-8dec81399442,2024-12-05,ERP_CORPORATIVO,TRANSACOES_FINANCEIRAS,8511,25d5c10e5be3bce18772656c5aacd2ae5d0d00452650bf2dfcdc9e35a50a3a38
TR-08512,2024-11-04,2024-11-01,OP,FORN-00044,DESPESA,5196.778259550219,5196.778259550219,BRL,Manutenção estrutural vinculada à área OP,3,PIX,CANCELADO,b93771a8-49a7-4f5b-9dd2-8dec81399442,2024-12-05,ERP_CORPORATIVO,TRANSACOES_FINANCEIRAS,8512,ef1c3fde87817f0ea7e7a868d2305d6cb996e07fb78f3f7210a33d6aac056467
TR-08513,2024-11-07,2024-11-01,TI,FORN-00044,RECEITA,3281.9723948056244,3281.9723948056244,BRL,Compra de insumos para setor TI,2,BOLETO,PAGO,b93771a8-49a7-4f5b-9dd2-8dec81399442,2024-12-05,ERP_CORPORATIVO,TRANSACOES_FINANCEIRAS,8513,5841d98d70496e3ad80e5bab5d807790d9c7bed82f5bb07b2668e51d58789f50
TR-08514,2024-11-11,2024-11-01,FIN,FORN-00044,DESPESA,2704.01291994478,2704.01291994478,BRL,Custo operacional associado a FIN,8,PIX,PAGO,b93771a8-49a7-4f5b-9dd2-8dec81399442,2024-12-05,ERP_CORPORATIVO,TRANSACOES_FINANCEIRAS,8514,1787c0312c3933ecdaae25aa3c115c5fed287f379ffb64fd2a9f9d10ba23b7e0
TR-08515,2024-11-12,2024-11-01,COMP,FORN-00044,RECEITA,2614.4777941281295,2580.7759377033562,BRL,Manutenção predial solicitada por COMP,10,TED,ATRASADO,b93771a8-49a7-4f5b-9dd2-8dec81399442,2024-12-05,ERP_CORPORATIVO,TRANSACOES_FINANCEIRAS,8515,cf85104a68c0525f5b0c6c6dea295151f911eb4669bf344879f76cf2fdc582ab
TR-08516,2024-11-22,2024-11-01,VND,FORN-00044,DESPESA,2388.1800216567713,2388.1800216567713,BRL,Custo operacional associado a VND,8,PIX,PAGO,b93771a8-49a7-4f5b-9dd2-8dec81399442,2024-12-05,ERP_CORPORATIVO,TRANSACOES_FINANCEIRAS,8516,b9460c3906a09186a34640d6c18582d3f737ef7733d3b5e13815128d31582660
TR-08517,2024-11-15,2024-11-01,CPT,FORN-00044,RECEITA,2391.3053514380995,2391.3053514380995,BRL,Licença de software para área CPT,27,TRANSFERENCIA,PAGO,b93771a8-49a7-4f5b-9dd2-8dec81399442,2024-12-05,ERP_CORPORATIVO,TRANSACOES_FINANCEIRAS,8517,ada8b2bba2e9cd01b8c7b75ca3e84565c1da4d9084bd50169b8c023a868d140b
TR-08518,2024-11-22,2024-11-01,JUR,FORN-00044,RECEITA,4252.350417403851,4252.350417403851,BRL,Abatimento comercial registrado em JUR,38,TRANSFERENCIA,PAGO,b93771a8-49a7-4f5b-9dd2-8dec81399442,2024-12-05,ERP_CORPORATIVO,TRANSACOES_FINANCEIRAS,8518,c47f3894a573cf0dc0cd2fcf6858c7073d6fbe951bf9a9ab3e11013abc7ce5e9
TR-08824,2024-11-18,2024-11-01,COMP,FORN-00045,RECEITA,1562.6592912069557,1510.2739648057857,BRL,Custo operacional associado a COMP,8,TRANSFERENCIA,PAGO,b93771a8-49a7-4f5b-9dd2-8dec81399442,2024-12-05,ERP_CORPORATIVO,TRANSACOES_FINANCEIRAS,8824,09de47a5ee43e487fe0a7963bbe508fa38ab5386149a658b6303d5d7b2c5a2d5
TR-08825,2024-11-12,2024-11-01,COMP,FORN-00045,RECEITA,2979.617521462878,2979.617521462878,BRL,Juros sobre operação financeira - COMP,23,TRANSFERENCIA,ATRASADO,b93771a8-49a7-4f5b-9dd2-8dec81399442,2024-12-05,ERP_CORPORATIVO,TRANSACOES_FINANCEIRAS,8825,d2db325ced3b03258d2bd00fa4ff863e4fa881b5b55f3d4778b17102b8870ca4
TR-08826,2024-11-12,2024-11-01,PRD,FORN-00045,RECEITA,1682.6710319394413,1682.6710319394413,BRL,Receita extraordinária - PRD,37,BOLETO,PAGO,b93771a8-49a7-4f5b-9dd2-8dec81399442,2024-12-05,ERP_CORPORATIVO,TRANSACOES_FINANCEIRAS,8826,de338f16903c366f8da9b521674ab22e3f6fc9dc3962de3bb9f11883293c2e0b
TR-08827,2024-11-11,2024-11-01,OP,FORN-00045,RECEITA,1860.8402720449533,1770.6289316006191,BRL,Contrato de serviço - setor OP,1,TED,ATRASADO,b93771a8-49a7-4f5b-9dd2-8dec81399442,2024-12-05,ERP_CORPORATIVO,TRANSACOES_FINANCEIRAS,8827,d758d29f84f5e3c8e62e504760b52c3ac32e5bd40c7afa4831cc2b2281242967
TR-08828,2024-11-07,2024-11-01,MKT,FORN-00045,RECEITA,1456.8244178888312,1456.8244178888312,BRL,Diária de hotel para equipe MKT,19,PIX,PAGO,b93771a8-49a7-4f5b-9dd2-8dec81399442,2024-12-05,ERP_CORPORATIVO,TRANSACOES_FINANCEIRAS,8828,94aba3cea5df6892226fa1ac2d9f1ba7b607ec32f8648724dbaa603c6e2609b6
TR-08829,2024-11-18,2024-11-01,FIN,FORN-00045,DESPESA,1732.3417614384566,1732.3417614384566,BRL,Despesa de infraestrutura - FIN,3,PIX,PAGO,b93771a8-49a7-4f5b-9dd2-8dec81399442,2024-12-05,ERP_CORPORATIVO,TRANSACOES_FINANCEIRAS,8829,2a16b1eaeaba724cb42e65a6a0f3f6abc2c238b690f1a613d4823b804acee283
TR-08830,2024-11-08,2024-11-01,RH,FORN-00045,RECEITA,2833.702001093992,2833.702001093992,USD,Apólice de seguro - RH,21,TRANSFERENCIA,ATRASADO,b93771a8-49a7-4f5b-9dd2-8dec81399442,2024-12-05,ERP_CORPORATIVO,TRANSACOES_FINANCEIRAS,8830,40de45864eb3c0efef0f415dfa34fc8e9f4c46d66e1c942e2b50c82444044827
TR-08831,2024-11-18,2024-11-01,TI,FORN-00045,RECEITA,1492.9402068106565,1447.0847582098584,BRL,Doação recebida em favor de TI,36,PIX,ATRASADO,b93771a8-49a7-4f5b-9dd2-8dec81399442,2024-12-05,ERP_CORPORATIVO,TRANSACOES_FINANCEIRAS,8831,bbd2da7458374a4529782211df125e1b5d8426ac1b74d76a95bbdf5ff5a651f2
TR-08832,2024-11-22,2024-11-01,ESG,FORN-00045,RECEITA,1814.0398945946579,1814.0398945946579,BRL,Serviço relacionado a recursos humanos (ESG),6,TRANSFERENCIA,PAGO,b93771a8-49a7-4f5b-9dd2-8dec81399442,2024-12-05,ERP_CORPORATIVO,TRANSACOES_FINANCEIRAS,8832,1c45ea5c7d9d5eef4da6a1f77012510d76e3834f0d04dec98673315d634e701c
TR-08833,2024-11-21,2024-11-01,ADM,FORN-00045,RECEITA,1763.802620493539,1763.802620493539,BRL,Prestação de serviço para área ADM,1,PIX,PAGO,b93771a8-49a7-4f5b-9dd2-8dec81399442,2024-12-05,ERP_CORPORATIVO,TRANSACOES_FINANCEIRAS,8833,1f3a502f991816b792e4274ac3783b9e6eb4420439f471e3943d20ad1bab8a95
TR-09059,2024-11-08,2024-11-01,FIN,FORN-00046,DESPESA,5225.703703756772,5225.703703756772,BRL,Compra de insumos para setor FIN,2,PIX,PAGO,b93771a8-49a7-4f5b-9dd2-8dec81399442,2024-12-05,ERP_CORPORATIVO,TRANSACOES_FINANCEIRAS,9059,a04663ea684a92a3e66e983a036ac29914a9b25880967c1ce48425ff7606f50c
TR-09060,2024-11-27,2024-11-01,OP,FORN-00046,RECEITA,4889.515574917537,4889.515574917537,BRL,Tributo incidente sobre receita de OP,40,PIX,PAGO,b93771a8-49a7-4f5b-9dd2-8dec81399442,2024-12-05,ERP_CORPORATIVO,TRANSACOES_FINANCEIRAS,9060,5e492552cba8cae53497c9121a69bd4e3926ed3c923a389ad443371e5776c892
TR-09061,2024-11-25,2024-11-01,QAS,FORN-00046,RECEITA,3552.5421233074494,3505.714732529115,BRL,Despesa operacional - QAS,8,PIX,PAGO,b93771a8-49a7-4f5b-9dd2-8dec81399442,2024-12-05,ERP_CORPORATIVO,TRANSACOES_FINANCEIRAS,9061,0c02c535f4fc3b87b83ec1a82651898fb593c85de62ab4688b9a11290a0e91c1
TR-09062,2024-11-13,2024-11-01,OP,FORN-00046,RECEITA,4223.257668692084,4223.257668692084,BRL,Compra de insumos para setor OP,2,BOLETO,PAGO,b93771a8-49a7-4f5b-9dd2-8dec81399442,2024-12-05,ERP_CORPORATIVO,TRANSACOES_FINANCEIRAS,9062,56e46857b6ad6e10c6c370adf2ef329ae376245265458529c556e029c9949587
TR-09063,2024-11-19,2024-11-01,RH,FORN-00046,DESPESA,4721.13693527551,4721.13693527551,BRL,Capacitação profissional vinculada a RH,30,PIX,PAGO,b93771a8-49a7-4f5b-9dd2-8dec81399442,2024-12-05,ERP_CORPORATIVO,TRANSACOES_FINANCEIRAS,9063,b6f221a2cc9b7663badf937e591c706ab58e2780a58dc63bcf6ee609def0956c
TR-09064,2024-11-20,2024-11-01,CPT,FORN-00046,RECEITA,5625.190981325822,5625.190981325822,BRL,Aquisição de material operacional - CPT,2,BOLETO,PAGO,b93771a8-49a7-4f5b-9dd2-8dec81399442,2024-12-05,ERP_CORPORATIVO,TRANSACOES_FINANCEIRAS,9064,6ac83a609586a8721cce1dd3bd3ce2a35bd15117bd757a43a2464fa1b316c503
TR-09261,2024-11-21,2024-11-01,COMP,1000047,RECEITA,1642.8644676652118,1567.1293467802636,BRL,Contrato de serviço - setor COMP,1,PIX,ATRASADO,b93771a8-49a7-4f5b-9dd2-8dec81399442,2024-12-05,ERP_CORPORATIVO,TRANSACOES_FINANCEIRAS,9261,59cec714ec6696da4d080f795bfb2993f03e1557a0bbff34e92c8a8c4183f596
TR-09262,2024-11-18,2024-11-01,COM,1000047,DESPESA,2190.148008131245,2190.148008131245,BRL,Capacitação profissional vinculada a COM,30,PIX,PAGO,b93771a8-49a7-4f5b-9dd2-8dec81399442,2024-12-05,ERP_CORPORATIVO,TRANSACOES_FINANCEIRAS,9262,150ba8f044b55dc6f794a256212ba9971d66a566c0cf68e9aee8eb4def634230
TR-09263,2024-11-25,2024-11-01,OP,1000047,RECEITA,1666.4040355577627,1588.460634386464,BRL,Aquisição de material operacional - OP,2,TED,PAGO,b93771a8-49a7-4f5b-9dd2-8dec81399442,2024-12-05,ERP_CORPORATIVO,TRANSACOES_FINANCEIRAS,9263,f0922d7bd9eeffabb46648f2e7fcc323fcb83520f04b6db335a0a07d98f2059b
TR-09264,2024-11-12,2024-11-01,SEC,1000047,DESPESA,1588.3585573583368,1566.5113645288584,BRL,Participação nos resultados vinculada a SEC,34,PIX,ATRASADO,b93771a8-49a7-4f5b-9dd2-8dec81399442,2024-12-05,ERP_CORPORATIVO,TRANSACOES_FINANCEIRAS,9264,27831e64578091db7f6c67f6b949f3a0cb1aace1151de3ea6d17ece354b0cdb7
TR-09265,2024-11-21,2024-11-01,MKT,1000047,RECEITA,1685.4450912488953,1601.5289926310738,BRL,Custo operacional associado a MKT,8,CARTAO,PAGO,b93771a8-49a7-4f5b-9dd2-8dec81399442,2024-12-05,ERP_CORPORATIVO,TRANSACOES_FINANCEIRAS,9265,9150b0587ecbd379e7ae8beb5107c29ad593304a08d6da686b490bd009b41c10
TR-09266,2024-11-01,2024-11-01,RH,1000047,RECEITA,2294.1670901322505,2294.1670901322505,BRL,Despesa operacional - RH,8,TED,PAGO,b93771a8-49a7-4f5b-9dd2-8dec81399442,2024-12-05,ERP_CORPORATIVO,TRANSACOES_FINANCEIRAS,9266,749d87cc62a214c12ed418665c8a97678fd7b7a214b147fbe120ab1975925dd2
TR-09267,2024-11-11,2024-11-01,CPT,1000047,DESPESA,1810.743555122348,1810.743555122348,BRL,Produção de material gráfico - CPT,15,PIX,PAGO,b93771a8-49a7-4f5b-9dd2-8dec81399442,2024-12-05,ERP_CORPORATIVO,TRANSACOES_FINANCEIRAS,9267,e9e2ad1dd84b4c77c62f5e4c19cdca51a0de0f44052057d0bc87b31274e47309
TR-09268,2024-11-20,2024-11-01,JUR,1000047,DESPESA,1591.792342604306,1551.9358676416546,BRL,Aquisição de material operacional - JUR,2,BOLETO,PAGO,b93771a8-49a7-4f5b-9dd2-8dec81399442,2024-12-05,ERP_CORPORATIVO,TRANSACOES_FINANCEIRAS,9268,bda7c46cd219a2c171df368a4c12218a94cae43a874b1195d1413336361a835b
TR-09269,2024-11-19,2024-11-01,COMP,1000047,DESPESA,1630.4304474755115,1630.4304474755115,USD,Custo operacional associado a COMP,8,TED,PAGO,b93771a8-49a7-4f5b-9dd2-8dec81399442,2024-12-05,ERP_CORPORATIVO,TRANSACOES_FINANCEIRAS,9269,e6c07a7f7028284cd711e1c2c1fe05bfbcbd3619e6b3a7b5e6c2a6cfe16ef41e
TR-09270,2024-11-14,2024-11-01,LOG,1000047,DESPESA,1481.2912566257648,1466.4166803666324,BRL,Renovação de certificados digitais - LOG,26,BOLETO,PAGO,b93771a8-49a7-4f5b-9dd2-8dec81399442,2024-12-05,ERP_CORPORATIVO,TRANSACOES_FINANCEIRAS,9270,9c0f36d082a17055766f286612ca41fd79f62951388368245d5270e2373e1b6e
TR-09271,2024-11-08,2024-11-01,OP,1000047,DESPESA,1862.0822684384075,1862.0822684384075,BRL,Contrato de serviço - setor OP,1,BOLETO,ATRASADO,b93771a8-49a7-4f5b-9dd2-8dec81399442,2024-12-05,ERP_CORPORATIVO,TRANSACOES_FINANCEIRAS,9271,88d9fde76ba0cda9151c23adade108a6852dbc0945e93b98d2a79306d6f9c5dc
TR-09272,2024-11-04,2024-11-01,FIN,1000047,DESPESA,1556.792845455418,1479.2235413579194,BRL,Investimento em marketing corporativo (FIN),4,TRANSFERENCIA,PAGO,b93771a8-49a7-4f5b-9dd2-8dec81399442,2024-12-05,ERP_CORPORATIVO,TRANSACOES_FINANCEIRAS,9272,88af4500f17cd538d60385ca0edba2cc07fcf005f35fda86879feaa75be7ba90
TR-09497,2024-11-04,2024-11-01,RH,ACC-00049,DESPESA,7219.0431828796845,7219.0431828796845,BRL,Receita extraordinária - RH,37,CARTAO,PAGO,b93771a8-49a7-4f5b-9dd2-8dec81399442,2024-12-05,ERP_CORPORATIVO,TRANSACOES_FINANCEIRAS,9497,a83c59c645c37289882a3d990e80665bf8329494b8652b201c9173f919b169eb
TR-09498,2024-11-20,2024-11-01,ADM,ACC-00049,RECEITA,7525.284610559966,7525.284610559966,USD,Honorários profissionais contratados por ADM,11,PIX,PAGO,b93771a8-49a7-4f5b-9dd2-8dec81399442,2024-12-05,ERP_CORPORATIVO,TRANSACOES_FINANCEIRAS,9498,03f2e9cc8e31d89bb674102196f0cd7f25cb74bbce97ce7ecb8f68aa5d6d794b
TR-09499,2024-11-25,2024-11-01,SEC,ACC-00049,DESPESA,7167.544217882256,7167.544217882256,BRL,Viagem corporativa - SEC,18,TED,PAGO,b93771a8-49a7-4f5b-9dd2-8dec81399442,2024-12-05,ERP_CORPORATIVO,TRANSACOES_FINANCEIRAS,9499,7e37c6df3a9a8936783ec76fa02c7c622b203c04a46fd3c4998a43a1405ce841
TR-09500,2024-11-18,2024-11-01,TI,ACC-00049,DESPESA,8079.421095562338,8079.421095562338,BRL,Direitos de propriedade intelectual - TI,32,PIX,PAGO,b93771a8-49a7-4f5b-9dd2-8dec81399442,2024-12-05,ERP_CORPORATIVO,TRANSACOES_FINANCEIRAS,9500,db159c23c445a48b787bf2cec1bde97ffc1abe3158aa73b71c10733a8784dc38
TR-09501,2024-11-12,2024-11-01,LOG,ACC-00049,DESPESA,6809.409757770638,6809.409757770638,BRL,Serviço de tecnologia contratado por LOG,5,CARTAO,PAGO,b93771a8-49a7-4f5b-9dd2-8dec81399442,2024-12-05,ERP_CORPORATIVO,TRANSACOES_FINANCEIRAS,9501,7d1e4a06e38eac878ab257422f5563e1bacc9da0eb12a285de2f7695b5a1004f
TR-09686,2024-11-28,2024-11-01,COMP,ACC-00050,RECEITA,5645.749028291995,5428.274764996799,BRL,Viagem corporativa - COMP,18,BOLETO,PAGO,b93771a8-49a7-4f5b-9dd2-8dec81399442,2024-12-05,ERP_CORPORATIVO,TRANSACOES_FINANCEIRAS,9686,e071bb1c904acceb99e2a2367297fb696ff3b0c8de0e62f2127d1335e2a32ee2
TR-09687,2024-11-05,2024-11-01,COM,ACC-00050,DESPESA,6210.262377723415,6210.262377723415,BRL,Apólice de seguro - COM,21,BOLETO,PAGO,b93771a8-49a7-4f5b-9dd2-8dec81399442,2024-12-05,ERP_CORPORATIVO,TRANSACOES_FINANCEIRAS,9687,ebb7bfe59a4894319066d2212d4cfcc807c4734ef00abe726495be728210f797
TR-09688,2024-11-21,2024-11-01,CTB,ACC-00050,RECEITA,5219.745930848252,5219.745930848252,BRL,Apólice de seguro - CTB,21,BOLETO,PAGO,b93771a8-49a7-4f5b-9dd2-8dec81399442,2024-12-05,ERP_CORPORATIVO,TRANSACOES_FINANCEIRAS,9688,d40cd8cdb5e4254f8bfe59822eabe20c4837a5e6e104412e3b0b877a62d826d0
TR-09689,2024-11-13,2024-11-01,OP,ACC-00050,DESPESA,5772.01703622134,5772.01703622134,BRL,Renovação de certificados digitais - OP,26,TRANSFERENCIA,PAGO,b93771a8-49a7-4f5b-9dd2-8dec81399442,2024-12-05,ERP_CORPORATIVO,TRANSACOES_FINANCEIRAS,9689,41e3cc2615abb51eea96f01741b62e71a075b65df43929a14bd58e1b53ca18dc
TR-09690,2024-11-25,2024-11-01,ATD,ACC-00050,DESPESA,4961.386494855833,4961.386494855833,BRL,Serviço de tecnologia contratado por ATD,5,PIX,PAGO,b93771a8-49a7-4f5b-9dd2-8dec81399442,2024-12-05,ERP_CORPORATIVO,TRANSACOES_FINANCEIRAS,9690,a9039e9a2ba5d010f7aee34898825a5a163167cfc32eced4955cc6fd63e9fd70
TR-09691,2024-11-11,2024-11-01,COMP,ACC-00050,RECEITA,5955.859102337667,5664.949772784921,BRL,Despesa de RH - COMP,6,TED,PAGO,b93771a8-49a7-4f5b-9dd2-8dec81399442,2024-12-05,ERP_CORPORATIVO,TRANSACOES_FINANCEIRAS,9691,c6ea25e4add3d6766ed439e293040b3731f5505ef7bce2851f509e40f0778cf6
TR-09692,2024-11-28,2024-11-01,ESG,ACC-00050,RECEITA,6839.458500148281,6721.378853075658,BRL,Reparo de frota vinculado à área ESG,17,BOLETO,PAGO,b93771a8-49a7-4f5b-9dd2-8dec81399442,2024-12-05,ERP_CORPORATIVO,TRANSACOES_FINANCEIRAS,9692,4a530e70f15e8e2949fd73a58ac46671820c2fadfeddea2a9407b102562fbaf0
TR-10088,2024-11-19,2024-11-01,COMP,1000052,DESPESA,2626.9199022366633,2505.081956217787,BRL,Licenciamento de software - COMP,5,TRANSFERENCIA,ATRASADO,b93771a8-49a7-4f5b-9dd2-8dec81399442,2024-12-05,ERP_CORPORATIVO,TRANSACOES_FINANCEIRAS,10088,027036817a84db8982213deb271333264cd3a135195b3938f153b839b5966d42
TR-10089,2024-11-01,2024-11-01,OP,1000052,RECEITA,2262.68880468532,2233.440110016711,BRL,Compra de insumos para setor OP,2,PIX,ATRASADO,b93771a8-49a7-4f5b-9dd2-8dec81399442,2024-12-05,ERP_CORPORATIVO,TRANSACOES_FINANCEIRAS,10089,7ece24e8a3593852613af55a7c389430f1a921cc31a338614df80cd32591a72e
TR-10090,2024-11-25,2024-11-01,OP,1000052,RECEITA,2276.1902195812513,2276.1902195812513,BRL,Aquisição de material operacional - OP,2,TRANSFERENCIA,PAGO,b93771a8-49a7-4f5b-9dd2-8dec81399442,2024-12-05,ERP_CORPORATIVO,TRANSACOES_FINANCEIRAS,10090,0775f3dd0d6ca8648ae68f6e942d256df0004fcc8d950d4629472aa6685b933f
TR-10091,2024-11-11,2024-11-01,LOG,1000052,DESPESA,2369.1947889915646,2369.1947889915646,BRL,Despesa operacional - LOG,8,TED,PAGO,b93771a8-49a7-4f5b-9dd2-8dec81399442,2024-12-05,ERP_CORPORATIVO,TRANSACOES_FINANCEIRAS,10091,c86d516b1db699af0aaa7f45a47598ad065c4fe3ac409b555afc718b71ebc93e
TR-10092,2024-11-12,2024-11-01,COM,1000052,DESPESA,2632.9373438733132,2588.120544043917,BRL,Abatimento comercial registrado em COM,38,TRANSFERENCIA,PAGO,b93771a8-49a7-4f5b-9dd2-8dec81399442,2024-12-05,ERP_CORPORATIVO,TRANSACOES_FINANCEIRAS,10092,3c295a1471f2b14a2bafa99d3ba09f664d65dc957a8fb0d5a786c9ba62ac6419
TR-10093,2024-11-05,2024-11-01,COM,1000052,RECEITA,2357.9841453186564,2289.0795236889903,BRL,Contrato de consultoria externa - COM,12,BOLETO,PAGO,b93771a8-49a7-4f5b-9dd2-8dec81399442,2024-12-05,ERP_CORPORATIVO,TRANSACOES_FINANCEIRAS,10093,a13e8d331feff93e62110e2b68e664378c7867f4227d4f85cfae6f86401f9e76
TR-10094,2024-11-08,2024-11-01,OP,1000052,RECEITA,2427.9828964961384,2427.9828964961384,BRL,Treinamento corporativo para equipe OP,30,PIX,PAGO,b93771a8-49a7-4f5b-9dd2-8dec81399442,2024-12-05,ERP_CORPORATIVO,TRANSACOES_FINANCEIRAS,10094,41288d42cb964b9ffdb086348a60c22bb46fd4aa0f85c329f0777e11a7a923e6
TR-10095,2024-11-25,2024-11-01,ATD,1000052,DESPESA,2482.843063371944,2482.843063371944,BRL,Compra de insumos para setor ATD,2,TED,ATRASADO,b93771a8-49a7-4f5b-9dd2-8dec81399442,2024-12-05,ERP_CORPORATIVO,TRANSACOES_FINANCEIRAS,10095,d4118f4dc516da955b60fbe14c85ceaef54fd5bc5e9cfe6e8dad448f00ebf288
TR-10096,2024-11-18,2024-11-01,RH,1000052,DESPESA,2881.9165586724816,2881.9165586724816,BRL,Aquisição de material operacional - RH,2,TRANSFERENCIA,PAGO,b93771a8-49a7-4f5b-9dd2-8dec81399442,2024-12-05,ERP_CORPORATIVO,TRANSACOES_FINANCEIRAS,10096,6db6fb570304eb4bcab843584b9a9fc2f9e0ad529f934b291118c34fe884cd4c
TR-10097,2024-11-11,2024-11-01,COMP,1000052,DESPESA,2656.3339575946093,2585.262724971496,BRL,Despesa de refeição em deslocamento (COMP),20,CARTAO,PAGO,b93771a8-49a7-4f5b-9dd2-8dec81399442,2024-12-05,ERP_CORPORATIVO,TRANSACOES_FINANCEIRAS,10097,ab7c730d6bbfd7cc6b6340bd481a8a828a8780be35d63a8d134a26ecfd2ceb10
TR-10098,2024-11-11,2024-11-01,PES,1000052,DESPESA,2160.928192511185,2160.928192511185,BRL,Despesa de refeição em deslocamento (PES),20,TRANSFERENCIA,PAGO,b93771a8-49a7-4f5b-9dd2-8dec81399442,2024-12-05,ERP_CORPORATIVO,TRANSACOES_FINANCEIRAS,10098,9567b35d92e6c75efe67e56d49a94570b85aa4d8502892459e8c071902b2b9f5
TR-10099,2024-11-21,2024-11-01,ATD,1000052,RECEITA,2541.2024331865036,2439.8382920523763,BRL,Encargos de empréstimo vinculados a ATD,23,PIX,PAGO,b93771a8-49a7-4f5b-9dd2-8dec81399442,2024-12-05,ERP_CORPORATIVO,TRANSACOES_FINANCEIRAS,10099,3431cd9f80a04550b55f38f383029d7cae6b18163068855bfe62cb87fd5685af
TR-10100,2024-11-07,2024-11-01,COMP,1000052,DESPESA,2426.199864729423,2426.199864729423,BRL,Contrato de serviço - setor COMP,1,BOLETO,PAGO,b93771a8-49a7-4f5b-9dd2-8dec81399442,2024-12-05,ERP_CORPORATIVO,TRANSACOES_FINANCEIRAS,10100,d0f39db5de6622ced4e478df7856a53d3d4bf3cf18d8a36f3954873f5a7d42c1
TR-10101,2024-11-12,2024-11-01,VND,1000052,DESPESA,2444.488129076961,2444.488129076961,BRL,Compra de insumos para setor VND,2,PIX,PAGO,b93771a8-49a7-4f5b-9dd2-8dec81399442,2024-12-05,ERP_CORPORATIVO,TRANSACOES_FINANCEIRAS,10101,9bffc94649f8fe57932e730620c994af1b4394a21b11469049e5ee4d7f3ffda3
TR-10102,2024-11-13,2024-11-01,ATD,1000052,RECEITA,2501.1055755491147,2501.1055755491147,USD,Reparo de frota vinculado à área ATD,17,PIX,PAGO,b93771a8-49a7-4f5b-9dd2-8dec81399442,2024-12-05,ERP_CORPORATIVO,TRANSACOES_FINANCEIRAS,10102,5b592bc2ba7452a6c0f32c266452b15f7841e0f7d15c02c3a98c8b41fc2bf244
TR-10103,2024-11-05,2024-11-01,COMP,1000052,DESPESA,2798.9730091690985,2798.9730091690985,BRL,Compra de insumos para setor COMP,2,BOLETO,PAGO,b93771a8-49a7-4f5b-9dd2-8dec81399442,2024-12-05,ERP_CORPORATIVO,TRANSACOES_FINANCEIRAS,10103,7546adb32b584ccc52a3486abc40bb82e1d3fdedfc37b4f57cbd9372ad394ac7
TR-10104,2024-11-13,2024-11-01,PES,1000052,RECEITA,2305.5468200021387,2305.5468200021387,USD,Aquisição de material operacional - PES,2,PIX,PAGO,b93771a8-49a7-4f5b-9dd2-8dec81399442,2024-12-05,ERP_CORPORATIVO,TRANSACOES_FINANCEIRAS,10104,48410b2eea1abe38095b4bb6ef4abe643d1c832f0daeca27137a83d5815f1681
TR-10105,2024-11-20,2024-11-01,JUR,1000052,DESPESA,2552.457836288364,2426.893083201075,BRL,Serviço de tecnologia contratado por JUR,5,BOLETO,ATRASADO,b93771a8-49a7-4f5b-9dd2-8dec81399442,2024-12-05,ERP_CORPORATIVO,TRANSACOES_FINANCEIRAS,10105,447edc29dbc66e24d7f82a6d10c2663d970bdd5d32cf29796d6c9f285cbff1be
TR-10418,2024-11-18,2024-11-01,COM,FORN-00054,DESPESA,2063.1039856880448,1983.7957740478832,BRL,Manutenção de equipamentos de COM,28,TED,PAGO,b93771a8-49a7-4f5b-9dd2-8dec81399442,2024-12-05,ERP_CORPORATIVO,TRANSACOES_FINANCEIRAS,10418,71f8cc4cbbcd8aa6ed3cf455131d578a5d2412d42a4d8c33275f18786b263592
TR-10419,2024-11-26,2024-11-01,FIN,FORN-00054,DESPESA,2429.967399990757,2429.967399990757,BRL,Serviço de tecnologia contratado por FIN,5,TED,ATRASADO,b93771a8-49a7-4f5b-9dd2-8dec81399442,2024-12-05,ERP_CORPORATIVO,TRANSACOES_FINANCEIRAS,10419,c09cdbde3e021911efe0366f155a40165089cab93377f8f2621da38f3c9ec2b1
TR-10420,2024-11-04,2024-11-01,MKT,FORN-00054,RECEITA,2688.3967766547707,2688.3967766547707,BRL,Despesa jurídica da área MKT,24,TRANSFERENCIA,PAGO,b93771a8-49a7-4f5b-9dd2-8dec81399442,2024-12-05,ERP_CORPORATIVO,TRANSACOES_FINANCEIRAS,10420,c6738c408a85fdf3061512bab7e283482f5de153dc50ece6a6fa43d03b3d16cb
TR-10421,2024-11-20,2024-11-01,PRD,FORN-00054,DESPESA,2113.251397490504,2113.251397490504,BRL,Assessoria legal vinculada à área PRD,7,CARTAO,PAGO,b93771a8-49a7-4f5b-9dd2-8dec81399442,2024-12-05,ERP_CORPORATIVO,TRANSACOES_FINANCEIRAS,10421,72e43503b45ed170d49044b4436561a78e5a787d247e943123234b50aa6d1061
TR-10422,2024-11-07,2024-11-01,SEC,FORN-00054,DESPESA,2437.594390612412,2355.109641925394,BRL,Assessoria legal vinculada à área SEC,7,BOLETO,PAGO,b93771a8-49a7-4f5b-9dd2-8dec81399442,2024-12-05,ERP_CORPORATIVO,TRANSACOES_FINANCEIRAS,10422,2310a3283cc76c9bf91bbd6f78cbb00016fd33fc97ddcd70f32cb84b7af5e041
TR-10423,2024-11-14,2024-11-01,PRD,FORN-00054,DESPESA,3920.4136862250457,3920.4136862250457,BRL,Serviço especializado solicitado por PRD,1,PIX,ATRASADO,b93771a8-49a7-4f5b-9dd2-8dec81399442,2024-12-05,ERP_CORPORATIVO,TRANSACOES_FINANCEIRAS,10423,868b300c032257f1d6ad4c7d102ea4baca69e9ff804122726dfd796b90339c6c
TR-10424,2024-11-12,2024-11-01,TI,FORN-00054,DESPESA,2032.1098627113756,2032.1098627113756,BRL,Recebimento de subvenção - TI,36,PIX,PAGO,b93771a8-49a7-4f5b-9dd2-8dec81399442,2024-12-05,ERP_CORPORATIVO,TRANSACOES_FINANCEIRAS,10424,f39a45fcea91624f45796a1e9fefe6a52f40ed8d7d72ad631530d86f393b27e4
TR-10425,2024-11-20,2024-11-01,CPT,FORN-00054,DESPESA,2076.8818466387625,2076.8818466387625,BRL,Renovação de certificados digitais - CPT,26,TRANSFERENCIA,CANCELADO,b93771a8-49a7-4f5b-9dd2-8dec81399442,2024-12-05,ERP_CORPORATIVO,TRANSACOES_FINANCEIRAS,10425,96bfbc5613d34b0099a32252000c8eda49306507fae1c5100a650279d4c6b932
TR-10426,2024-11-19,2024-11-01,TI,FORN-00054,DESPESA,2408.380729800146,2309.6191598348832,BRL,Serviço relacionado a recursos humanos (TI),6,PIX,PAGO,b93771a8-49a7-4f5b-9dd2-8dec81399442,2024-12-05,ERP_CORPORATIVO,TRANSACOES_FINANCEIRAS,10426,bdc741f24a608fb0d4b928365cebdb69d07631bbe4ac117836298f255285406a
TR-10427,2024-11-22,2024-11-01,CTB,FORN-00054,DESPESA,2091.600068406895,2091.600068406895,BRL,Contrato de conectividade para área CTB,9,BOLETO,PAGO,b93771a8-49a7-4f5b-9dd2-8dec81399442,2024-12-05,ERP_CORPORATIVO,TRANSACOES_FINANCEIRAS,10427,b14e7b051022a604dfa5c2dd5a03b1efac774edec0adfbd7ad8cf57faa20bf52
TR-10428,2024-11-22,2024-11-01,FIN,FORN-00054,RECEITA,2132.9074498958958,2132.9074498958958,BRL,Serviço especializado solicitado por FIN,1,BOLETO,PAGO,b93771a8-49a7-4f5b-9dd2-8dec81399442,2024-12-05,ERP_CORPORATIVO,TRANSACOES_FINANCEIRAS,10428,8b82f4600ad7a155eaab769f16f166763e9957b4e820cf93d78776ffd3b7999c
TR-10429,2024-11-12,2024-11-01,CPT,FORN-00054,RECEITA,1989.152228674323,1989.152228674323,BRL,Receita de comissão comercial - CPT,33,TRANSFERENCIA,ATRASADO,b93771a8-49a7-4f5b-9dd2-8dec81399442,2024-12-05,ERP_CORPORATIVO,TRANSACOES_FINANCEIRAS,10429,1c0e064d76763b95af59e18b643570cc2ab663062b6687952eab29589e971073
TR-10430,2024-11-15,2024-11-01,MKT,FORN-00054,DESPESA,2376.1574319454917,2376.1574319454917,BRL,Serviço de tecnologia contratado por MKT,5,CARTAO,PAGO,b93771a8-49a7-4f5b-9dd2-8dec81399442,2024-12-05,ERP_CORPORATIVO,TRANSACOES_FINANCEIRAS,10430,e7dbea419f4b571a3a2ef0ca5745da31a88cf05382479f4a3c53565a2477a397
TR-10431,2024-11-06,2024-11-01,ATD,FORN-00054,RECEITA,647.4601661821407,647.4601661821407,BRL,Abatimento comercial registrado em ATD,38,TED,ATRASADO,b93771a8-49a7-4f5b-9dd2-8dec81399442,2024-12-05,ERP_CORPORATIVO,TRANSACOES_FINANCEIRAS,10431,cf163f73fbff85664809a8c17252189c316503b3bc26f0bca2b870dedbd6323a
TR-10432,2024-11-13,2024-11-01,CPT,FORN-00054,DESPESA,2579.4972313313087,2460.185270156308,BRL,Custo operacional associado a CPT,8,PIX,PAGO,b93771a8-49a7-4f5b-9dd2-8dec81399442,2024-12-05,ERP_CORPORATIVO,TRANSACOES_FINANCEIRAS,10432,ae57147c3be8af56d54963e51666f6db1c490289202ef3d20e6f586321cbc1fb
TR-10433,2024-11-18,2024-11-01,TI,FORN-00054,RECEITA,2367.2332246352107,2307.245121382457,BRL,Apólice de seguro - TI,21,CARTAO,PAGO,b93771a8-49a7-4f5b-9dd2-8dec81399442,2024-12-05,ERP_CORPORATIVO,TRANSACOES_FINANCEIRAS,10433,61a5cb4af082b2aa6c2bffe89e85b1fdbb13ec061a69ea811a8eb74f6b9c6ac6
TR-10434,2024-11-25,2024-11-01,OP,FORN-00054,DESPESA,2324.215620468644,2324.215620468644,BRL,Despesa jurídica da área OP,24,BOLETO,PAGO,b93771a8-49a7-4f5b-9dd2-8dec81399442,2024-12-05,ERP_CORPORATIVO,TRANSACOES_FINANCEIRAS,10434,f620f31747c9b5982ec29f8d3b31198ec672c0aac600893887288f8e3da92c1c
TR-10435,2024-11-12,2024-11-01,CPT,FORN-00054,RECEITA,2364.1529425526464,2364.1529425526464,BRL,Reparo e conservação de instalações - CPT,10,TRANSFERENCIA,ATRASADO,b93771a8-49a7-4f5b-9dd2-8dec81399442,2024-12-05,ERP_CORPORATIVO,TRANSACOES_FINANCEIRAS,10435,29a427ca622b63bf5466cedfce226dbb553bf496f93f1f40a38e8bba87e36a24
TR-10436,2024-11-22,2024-11-01,MKT,FORN-00054,DESPESA,2173.8464560732814,2090.7987432888167,BRL,Campanha institucional - MKT,4,TRANSFERENCIA,PAGO,b93771a8-49a7-4f5b-9dd2-8dec81399442,2024-12-05,ERP_CORPORATIVO,TRANSACOES_FINANCEIRAS,10436,4bc36495f13504d9620637593ca7d2790a6c96f1efbbf00efa4e025012264f9a
TR-10437,2024-11-20,2024-11-01,RH,FORN-00054,DESPESA,6270.286215989472,6270.286215989472,BRL,Receita de aluguel creditada em RH,31,BOLETO,PAGO,b93771a8-49a7-4f5b-9dd2-8dec81399442,2024-12-05,ERP_CORPORATIVO,TRANSACOES_FINANCEIRAS,10437,53ba25b14cdc48c45059b78b68d239e9b41ee971ae32d0ec4b2749003f8b76cf
TR-10438,2024-11-15,2024-11-01,COM,FORN-00054,DESPESA,2447.852023855036,2447.852023855036,BRL,Serviço especializado solicitado por COM,1,TED,PAGO,b93771a8-49a7-4f5b-9dd2-8dec81399442,2024-12-05,ERP_CORPORATIVO,TRANSACOES_FINANCEIRAS,10438,c4084a60018045b4a64f0e6d5142291740a7dd3831f7b2c1af25681e38dc5413
TR-10439,2024-11-06,2024-11-01,LOG,FORN-00054,RECEITA,2054.5772821026358,1984.197758729015,BRL,Despesa operacional - LOG,8,PIX,PAGO,b93771a8-49a7-4f5b-9dd2-8dec81399442,2024-12-05,ERP_CORPORATIVO,TRANSACOES_FINANCEIRAS,10439,defbdfa0c9b5f315872a5b021d120ad931a4d8dff55b32c758411ca9035f0a5e
TR-10440,2024-11-22,2024-11-01,TI,FORN-00054,DESPESA,2643.9126887812968,2643.9126887812968,BRL,Alimentação em viagem corporativa - TI,20,PIX,PAGO,b93771a8-49a7-4f5b-9dd2-8dec81399442,2024-12-05,ERP_CORPORATIVO,TRANSACOES_FINANCEIRAS,10440,d6556c664f995383075ec9503ed74f311cb898061d99d8a0be0e62d458013e0d
TR-10441,2024-11-06,2024-11-01,ATD,FORN-00054,RECEITA,2377.1211029307574,2258.3565343283703,BRL,Receita extraordinária - ATD,37,TED,PAGO,b93771a8-49a7-4f5b-9dd2-8dec81399442,2024-12-05,ERP_CORPORATIVO,TRANSACOES_FINANCEIRAS,10441,606bbd833304b58bd99a46243bd0be91b385e6eeb70368bf2a38244bae6b67f5
TR-10442,2024-11-28,2024-11-01,ADM,FORN-00054,DESPESA,2729.744555512649,2649.4638269860925,BRL,Manutenção estrutural vinculada à área ADM,3,TRANSFERENCIA,PAGO,b93771a8-49a7-4f5b-9dd2-8dec81399442,2024-12-05,ERP_CORPORATIVO,TRANSACOES_FINANCEIRAS,10442,9d1a9b32c001aaadfcb5cbd47f5ddff3d4a022892f8f955b08354592929a631b
TR-10443,2024-11-18,2024-11-01,COM,FORN-00054,RECEITA,1982.8718356821623,1982.8718356821623,BRL,Custo operacional associado a COM,8,PIX,PAGO,b93771a8-49a7-4f5b-9dd2-8dec81399442,2024-12-05,ERP_CORPORATIVO,TRANSACOES_FINANCEIRAS,10443,02b675d2e84e11c6426a8dce81b2b2c4b915b1791436991013442e9efdb8f3bf
TR-10645,2024-11-12,2024-11-01,COMP,ACC-00055,RECEITA,1611.1948181426174,1611.1948181426174,BRL,Despesa operacional - COMP,8,TED,PAGO,b93771a8-49a7-4f5b-9dd2-8dec81399442,2024-12-05,ERP_CORPORATIVO,TRANSACOES_FINANCEIRAS,10645,4edc0a43ef647bcc530b33c2c53ab2044203d7b5601a3b5d8605ef8e16db65b0
TR-10646,2024-11-08,2024-11-01,RH,ACC-00055,RECEITA,1112.2083108844638,1112.2083108844638,BRL,Contrato de serviço - setor RH,1,TRANSFERENCIA,CANCELADO,b93771a8-49a7-4f5b-9dd2-8dec81399442,2024-12-05,ERP_CORPORATIVO,TRANSACOES_FINANCEIRAS,10646,088cf1a846c2afca571737904133b10895d9623a6001f517d8d73b641f3a4641
TR-10647,2024-11-11,2024-11-01,COM,ACC-00055,DESPESA,1311.4739590790423,1254.3523488728435,BRL,Serviço de telefonia e internet - COM,9,PIX,PAGO,b93771a8-49a7-4f5b-9dd2-8dec81399442,2024-12-05,ERP_CORPORATIVO,TRANSACOES_FINANCEIRAS,10647,fef1b0a455eb34c09b58d6e970ff2d5040696d3ef3738380b8b12dcfdcffe55a
TR-10648,2024-11-11,2024-11-01,COMP,ACC-00055,RECEITA,1463.0867935974948,1422.1333191678302,BRL,Serviço especializado solicitado por COMP,1,TRANSFERENCIA,PAGO,b93771a8-49a7-4f5b-9dd2-8dec81399442,2024-12-05,ERP_CORPORATIVO,TRANSACOES_FINANCEIRAS,10648,198c6b8f2e3eb57535aaec6544d0d0cda1a7c797aa9c2458c7cd8b9c39cef224
TR-10649,2024-11-20,2024-11-01,RH,ACC-00055,RECEITA,1429.38774038471,1363.4684585382067,BRL,Royalties recebidos por RH,32,CARTAO,CANCELADO,b93771a8-49a7-4f5b-9dd2-8dec81399442,2024-12-05,ERP_CORPORATIVO,TRANSACOES_FINANCEIRAS,10649,d7a6ab6f9851f7276f48eb6a76db08789b4d867edc9bd76446dc25cc88560b9a
TR-10650,2024-11-07,2024-11-01,SEC,ACC-00055,DESPESA,1689.3230657574393,1689.3230657574393,BRL,Contrato de consultoria externa - SEC,12,TRANSFERENCIA,PAGO,b93771a8-49a7-4f5b-9dd2-8dec81399442,2024-12-05,ERP_CORPORATIVO,TRANSACOES_FINANCEIRAS,10650,92db6afa4e47d6b3bc8709dfd380a79ffac9b351908ef86a16b54a1cab8ae6f4
TR-10651,2024-11-06,2024-11-01,SEC,ACC-00055,DESPESA,1614.1453326952603,1614.1453326952603,BRL,Campanha institucional - SEC,4,BOLETO,PAGO,b93771a8-49a7-4f5b-9dd2-8dec81399442,2024-12-05,ERP_CORPORATIVO,TRANSACOES_FINANCEIRAS,10651,ec3c8595795634cf86470876013035042e8161b0c2addaa181445119b414d06e
TR-10652,2024-11-11,2024-11-01,CPT,ACC-00055,RECEITA,1900.0720649625212,1900.0720649625212,BRL,Evento corporativo organizado por CPT,14,CARTAO,PAGO,b93771a8-49a7-4f5b-9dd2-8dec81399442,2024-12-05,ERP_CORPORATIVO,TRANSACOES_FINANCEIRAS,10652,bdf050e74944a1da215fe132644207ba4c3b8d6d170baf75ef22bf768bb70068
TR-10992,2024-11-18,2024-11-01,OP,ACC-00056,DESPESA,6788.101421798998,6788.101421798998,BRL,Manutenção estrutural vinculada à área OP,3,PIX,PAGO,b93771a8-49a7-4f5b-9dd2-8dec81399442,2024-12-05,ERP_CORPORATIVO,TRANSACOES_FINANCEIRAS,10992,19b0bfcce2585938022a5161414be0291efd9b3e260c19bf2d06b4db6828c81c
TR-10993,2024-11-12,2024-11-01,COMP,ACC-00056,RECEITA,8303.092645336554,8303.092645336554,BRL,Investimento em marketing corporativo (COMP),4,PIX,PAGO,b93771a8-49a7-4f5b-9dd2-8dec81399442,2024-12-05,ERP_CORPORATIVO,TRANSACOES_FINANCEIRAS,10993,59e7a94af88cf5e0d10ff37a1daf890d473fc2d827cdbecee8e5363f3f01c0f1
TR-10994,2024-11-18,2024-11-01,TI,ACC-00056,RECEITA,8061.303796855846,8061.303796855846,BRL,Imposto sobre venda apurado em TI,40,PIX,PAGO,b93771a8-49a7-4f5b-9dd2-8dec81399442,2024-12-05,ERP_CORPORATIVO,TRANSACOES_FINANCEIRAS,10994,b4fcb836f7524bd20002ec93f1ef678c1b5e05e9f955547b48379882bb467ea8
TR-10995,2024-11-11,2024-11-01,QAS,ACC-00056,DESPESA,6924.378774584507,6924.378774584507,BRL,Contrato de serviço - setor QAS,1,PIX,PAGO,b93771a8-49a7-4f5b-9dd2-8dec81399442,2024-12-05,ERP_CORPORATIVO,TRANSACOES_FINANCEIRAS,10995,c808b691ae90c9a1c1b5c2b3ba4c27a83cfc4569c3d09b4228ff5d2fa3ac82da
TR-10996,2024-11-15,2024-11-01,COM,ACC-00056,DESPESA,6268.818526626428,6268.818526626428,BRL,Despesa de infraestrutura - COM,3,BOLETO,PAGO,b93771a8-49a7-4f5b-9dd2-8dec81399442,2024-12-05,ERP_CORPORATIVO,TRANSACOES_FINANCEIRAS,10996,8ba2a63a505c8f36992cb6892475c2ef3872b3593c39a48f72fec15b6c52fe7e
TR-10997,2024-11-14,2024-11-01,CPT,ACC-00056,DESPESA,8472.783126155422,8472.783126155422,BRL,Serviço especializado solicitado por CPT,1,BOLETO,PAGO,b93771a8-49a7-4f5b-9dd2-8dec81399442,2024-12-05,ERP_CORPORATIVO,TRANSACOES_FINANCEIRAS,10997,73121cbe4a58f9c8f4efdbf5d1d88d3c1412b7006ba64507f28ffcef0166c291
TR-10998,2024-11-18,2024-11-01,OP,ACC-00056,RECEITA,7984.849390445888,7629.741937483367,BRL,Imposto sobre venda apurado em OP,40,CARTAO,PAGO,b93771a8-49a7-4f5b-9dd2-8dec81399442,2024-12-05,ERP_CORPORATIVO,TRANSACOES_FINANCEIRAS,10998,27926b7fb75bed0434830e287c51181b6b66412533c7187c94f12a71b3829d2c
TR-10999,2024-11-18,2024-11-01,COM,ACC-00056,DESPESA,6400.903388748071,6400.903388748071,BRL,Doação recebida em favor de COM,36,BOLETO,PAGO,b93771a8-49a7-4f5b-9dd2-8dec81399442,2024-12-05,ERP_CORPORATIVO,TRANSACOES_FINANCEIRAS,10999,ee575b0d49dec1ce471d1859e3c381919be3f62775f5144af6982a8e3635b5a6
TR-11197,2024-11-18,2024-11-01,COM,ACC-00057,DESPESA,1210.8313569008496,1210.8313569008496,BRL,Resultado de equivalência patrimonial - COM,34,BOLETO,PAGO,b93771a8-49a7-4f5b-9dd2-8dec81399442,2024-12-05,ERP_CORPORATIVO,TRANSACOES_FINANCEIRAS,11197,414b97ea341fe08b7a1d28db4ff233962cde16820be0718ee0f97d3119c26d88
TR-11198,2024-11-21,2024-11-01,TI,ACC-00057,DESPESA,1178.0827722920346,1178.0827722920346,BRL,Despesa de RH - TI,6,PIX,ATRASADO,b93771a8-49a7-4f5b-9dd2-8dec81399442,2024-12-05,ERP_CORPORATIVO,TRANSACOES_FINANCEIRAS,11198,0bbf2bf9b595269d4e0be33f5d1d7629eae7f468546b744242fc34b12834bf2b
TR-11199,2024-11-19,2024-11-01,MKT,ACC-00057,DESPESA,1187.9695089681384,1147.4350985730364,BRL,Compra de insumos para setor MKT,2,TED,PAGO,b93771a8-49a7-4f5b-9dd2-8dec81399442,2024-12-05,ERP_CORPORATIVO,TRANSACOES_FINANCEIRAS,11199,f274dfb1a7f32a8bac84becee1d06ef8540617585f8ee8004c6a13fd6a4293be
TR-11200,2024-11-06,2024-11-01,COMP,ACC-00057,DESPESA,1308.6834520791056,1274.023724117145,BRL,Encargos de empréstimo vinculados a COMP,23,TED,PAGO,b93771a8-49a7-4f5b-9dd2-8dec81399442,2024-12-05,ERP_CORPORATIVO,TRANSACOES_FINANCEIRAS,11200,85fb129a35299c0ac8d22d588358a6a89d00d0c919371268b541da0b3316d8c6
TR-11201,2024-11-22,2024-11-01,COM,ACC-00057,RECEITA,1143.4121491200478,1143.4121491200478,BRL,Contrato de consultoria externa - COM,12,BOLETO,PAGO,b93771a8-49a7-4f5b-9dd2-8dec81399442,2024-12-05,ERP_CORPORATIVO,TRANSACOES_FINANCEIRAS,11201,96888c580df9be06098f1b765e6489366f7fb421ad9af6eb4ebf5f5afcb4fb07
TR-11202,2024-11-11,2024-11-01,QAS,ACC-00057,RECEITA,1241.6252627383471,1241.6252627383471,BRL,Manutenção estrutural vinculada à área QAS,3,TED,PAGO,b93771a8-49a7-4f5b-9dd2-8dec81399442,2024-12-05,ERP_CORPORATIVO,TRANSACOES_FINANCEIRAS,11202,f1b2e1df6bae8fc2125b2c83e140772587cc78bce681b0e807696bf2c3817e3c
TR-11203,2024-11-18,2024-11-01,OP,ACC-00057,DESPESA,1071.717065328394,1041.1021370575,BRL,Manutenção estrutural vinculada à área OP,3,PIX,ATRASADO,b93771a8-49a7-4f5b-9dd2-8dec81399442,2024-12-05,ERP_CORPORATIVO,TRANSACOES_FINANCEIRAS,11203,b85c6cd19a5758b60accfdadeadf15182341f090cc296547d7662a50a1ed0724
TR-11204,2024-11-19,2024-11-01,PRD,ACC-00057,DESPESA,1233.2352927456352,1233.2352927456352,BRL,Custo operacional associado a PRD,8,TED,ATRASADO,b93771a8-49a7-4f5b-9dd2-8dec81399442,2024-12-05,ERP_CORPORATIVO,TRANSACOES_FINANCEIRAS,11204,18e59eb451cc1359fdeeff82f33fc76361f7a63185e314591d899c7ee65ab302
TR-11205,2024-11-25,2024-11-01,OP,ACC-00057,RECEITA,1137.8193004209252,1137.8193004209252,BRL,Direitos de propriedade intelectual - OP,32,TRANSFERENCIA,PAGO,b93771a8-49a7-4f5b-9dd2-8dec81399442,2024-12-05,ERP_CORPORATIVO,TRANSACOES_FINANCEIRAS,11205,76efae85602e24c4b6cbc0e4492315df4661fe2b68f40fb46b32ce9d0fb9239e
TR-11206,2024-11-11,2024-11-01,COM,ACC-00057,DESPESA,1220.4087299071198,1220.4087299071198,BRL,Receita eventual registrada em COM,37,TED,PAGO,b93771a8-49a7-4f5b-9dd2-8dec81399442,2024-12-05,ERP_CORPORATIVO,TRANSACOES_FINANCEIRAS,11206,b2329a6031c76eb1379c2b088af1a1c788a0d7e52ca9b716d97b627485c19a89
TR-11207,2024-11-21,2024-11-01,COMP,ACC-00057,RECEITA,1072.4333419684558,1072.4333419684558,BRL,Contrato de conectividade para área COMP,9,TED,PAGO,b93771a8-49a7-4f5b-9dd2-8dec81399442,2024-12-05,ERP_CORPORATIVO,TRANSACOES_FINANCEIRAS,11207,4244a929ee9840f3c6691e14518daf3de72c4c94eef03a7e60f1bf2effa2921b
TR-11208,2024-11-18,2024-11-01,COM,ACC-00057,RECEITA,1223.0061515286116,1223.0061515286116,BRL,Contrato de serviço - setor COM,1,PIX,PAGO,b93771a8-49a7-4f5b-9dd2-8dec81399442,2024-12-05,ERP_CORPORATIVO,TRANSACOES_FINANCEIRAS,11208,fce6084ecb2398590d2d2517881482094b14d1c4af6f584516d23e272486e78e
TR-11209,2024-11-25,2024-11-01,QAS,ACC-00057,RECEITA,1163.8229369798237,1163.8229369798237,BRL,Serviço de telefonia e internet - QAS,9,BOLETO,PAGO,b93771a8-49a7-4f5b-9dd2-8dec81399442,2024-12-05,ERP_CORPORATIVO,TRANSACOES_FINANCEIRAS,11209,848d2ec7b7387a87715b1e054d4f3c6c8a590421c88c79c233ab79606b22705c
TR-11638,2024-11-18,2024-11-01,FIN,ACC-00059,DESPESA,1200.7243983838753,1200.7243983838753,BRL,Taxas bancárias incidentes em FIN,22,BOLETO,CANCELADO,b93771a8-49a7-4f5b-9dd2-8dec81399442,2024-12-05,ERP_CORPORATIVO,TRANSACOES_FINANCEIRAS,11638,00cd289be9e953d64468165f6b7ba08427dded2873959ac96c7c3486726c922a
TR-11639,2024-11-18,2024-11-01,FIN,ACC-00059,RECEITA,1454.1802393784358,1454.1802393784358,BRL,Honorários jurídicos - FIN,7,BOLETO,ATRASADO,b93771a8-49a7-4f5b-9dd2-8dec81399442,2024-12-05,ERP_CORPORATIVO,TRANSACOES_FINANCEIRAS,11639,480dc0134c3aab6ee7f8726d8b228e2be9503a8c1e9d623c58029c58bfce71f9
TR-11640,2024-11-22,2024-11-01,JUR,ACC-00059,DESPESA,1129.0146934055808,1129.0146934055808,BRL,Produção de material gráfico - JUR,15,CARTAO,PAGO,b93771a8-49a7-4f5b-9dd2-8dec81399442,2024-12-05,ERP_CORPORATIVO,TRANSACOES_FINANCEIRAS,11640,9ba5f057c34904c9efb0daf2987a2467ba9b3760414b60e5e68fc2eba1e8169e
TR-11641,2024-11-11,2024-11-01,ATD,ACC-00059,DESPESA,1040.9278897338863,1040.9278897338863,BRL,Comissão recebida por ATD,33,PIX,PAGO,b93771a8-49a7-4f5b-9dd2-8dec81399442,2024-12-05,ERP_CORPORATIVO,TRANSACOES_FINANCEIRAS,11641,215780aa3949dd7cad4d33e8f7df037d10270935b37ab428ee877bfa3ad5b137
TR-11642,2024-11-20,2024-11-01,MKT,ACC-00059,DESPESA,1056.2140225224796,1056.2140225224796,BRL,Serviço técnico especializado para MKT,11,CARTAO,PAGO,b93771a8-49a7-4f5b-9dd2-8dec81399442,2024-12-05,ERP_CORPORATIVO,TRANSACOES_FINANCEIRAS,11642,64a2e005a79f25715298c256cd312c12eca8fa1754c5cac1a5b27560b41725c9
TR-11643,2024-11-20,2024-11-01,JUR,ACC-00059,DESPESA,1215.070108551029,1215.070108551029,EUR,Serviço especializado solicitado por JUR,1,BOLETO,PAGO,b93771a8-49a7-4f5b-9dd2-8dec81399442,2024-12-05,ERP_CORPORATIVO,TRANSACOES_FINANCEIRAS,11643,4d906514c1d1ec5fa38a116e47c948d99685d7af5876dd55e4757cff12f519c2
TR-11644,2024-11-07,2024-11-01,COM,ACC-00059,RECEITA,1217.74340085505,1217.74340085505,BRL,Serviço especializado solicitado por COM,1,PIX,PAGO,b93771a8-49a7-4f5b-9dd2-8dec81399442,2024-12-05,ERP_CORPORATIVO,TRANSACOES_FINANCEIRAS,11644,7b2895d63525e30ca300a015351bedc054ef1f9692ca35c0c0d02ca0958bd735
TR-11645,2024-11-11,2024-11-01,LOG,ACC-00059,DESPESA,1231.6531124540616,1191.5199568119363,BRL,Consultoria estratégica para área LOG,12,TRANSFERENCIA,PAGO,b93771a8-49a7-4f5b-9dd2-8dec81399442,2024-12-05,ERP_CORPORATIVO,TRANSACOES_FINANCEIRAS,11645,04001f142c5a9e5fed7e48b069d41175de3c8171d34b7be13a5efafefc2a0c1b
TR-11646,2024-11-11,2024-11-01,PRD,ACC-00059,RECEITA,1137.6802691470264,1085.892579867626,BRL,Custo operacional associado a PRD,8,BOLETO,PAGO,b93771a8-49a7-4f5b-9dd2-8dec81399442,2024-12-05,ERP_CORPORATIVO,TRANSACOES_FINANCEIRAS,11646,fc3f2515b4719abaccc6151020e6d3ba279eedc0d5692ec4523874fb0ac39953
TR-11647,2024-11-15,2024-11-01,OP,ACC-00059,RECEITA,1519.4804801783503,1479.3194881219274,BRL,Manutenção estrutural vinculada à área OP,3,TRANSFERENCIA,PAGO,b93771a8-49a7-4f5b-9dd2-8dec81399442,2024-12-05,ERP_CORPORATIVO,TRANSACOES_FINANCEIRAS,11647,b0d4107c7a67f15e2595046b23c36758752134cfb527598151a34ecf6bc2d5c1
TR-11648,2024-11-08,2024-11-01,ATD,ACC-00059,DESPESA,1414.6611299647575,1391.9866300357255,BRL,Despesa operacional - ATD,8,TED,PAGO,b93771a8-49a7-4f5b-9dd2-8dec81399442,2024-12-05,ERP_CORPORATIVO,TRANSACOES_FINANCEIRAS,11648,1f862f8478e6209cee6fffbd2f8990b5f0e78307089eee7c0dadc3ffd5ead27b
TR-11649,2024-11-11,2024-11-01,CPT,ACC-00059,RECEITA,1084.7703331472776,1084.7703331472776,BRL,Despesa de infraestrutura - CPT,3,TRANSFERENCIA,PAGO,b93771a8-49a7-4f5b-9dd2-8dec81399442,2024-12-05,ERP_CORPORATIVO,TRANSACOES_FINANCEIRAS,11649,0604b403e114bcfc520d6bd2f97319f55970c3f6d1983b1cc225b5c2d5333932
TR-11650,2024-11-11,2024-11-01,ATD,ACC-00059,DESPESA,1203.9454989267508,1203.9454989267508,BRL,Contrato de serviço - setor ATD,1,PIX,PAGO,b93771a8-49a7-4f5b-9dd2-8dec81399442,2024-12-05,ERP_CORPORATIVO,TRANSACOES_FINANCEIRAS,11650,11ca2e43078b48884cd446312d6799c6a8b7931759913ef940b0f022e48cd460
TR-11651,2024-11-08,2024-11-01,ADM,ACC-00059,DESPESA,2563.076585767428,2563.076585767428,BRL,Reparo e conservação de instalações - ADM,10,TED,CANCELADO,b93771a8-49a7-4f5b-9dd2-8dec81399442,2024-12-05,ERP_CORPORATIVO,TRANSACOES_FINANCEIRAS,11651,f31d33031ad727737656c5f73eced586cd7875cd8d2880d379f21f7f1ebfe45b
TR-11652,2024-11-05,2024-11-01,CPT,ACC-00059,DESPESA,1302.5970596885104,1302.5970596885104,BRL,Locação de espaço comercial - CPT,31,BOLETO,PAGO,b93771a8-49a7-4f5b-9dd2-8dec81399442,2024-12-05,ERP_CORPORATIVO,TRANSACOES_FINANCEIRAS,11652,265c2704dc900f0bc7380c8781ce906fdb35b889683b560c8a1b0793594d812e
TR-11653,2024-11-11,2024-11-01,OP,ACC-00059,RECEITA,1044.331404569761,1044.331404569761,BRL,Manutenção estrutural vinculada à área OP,3,TED,PAGO,b93771a8-49a7-4f5b-9dd2-8dec81399442,2024-12-05,ERP_CORPORATIVO,TRANSACOES_FINANCEIRAS,11653,ff98c77d47bab18ca66d91017f1201dca08c19620a343fdd0bdabc717d8f8836
TR-11654,2024-11-13,2024-11-01,QAS,ACC-00059,DESPESA,1024.6841623958753,988.5649712874601,BRL,Taxas bancárias incidentes em QAS,22,TRANSFERENCIA,PAGO,b93771a8-49a7-4f5b-9dd2-8dec81399442,2024-12-05,ERP_CORPORATIVO,TRANSACOES_FINANCEIRAS,11654,48d1e737fac94284e1880c399e1ee2417ef7361c7764dab5239bc5aa13c2200a
TR-11655,2024-11-18,2024-11-01,COM,ACC-00059,DESPESA,1076.7055461501552,1076.7055461501552,BRL,Reparo e conservação de instalações - COM,10,TED,PAGO,b93771a8-49a7-4f5b-9dd2-8dec81399442,2024-12-05,ERP_CORPORATIVO,TRANSACOES_FINANCEIRAS,11655,b636167fbeb9de816eb0058c5ab302f77b5673fbd4a8819663b2e14eab0e780c
TR-11656,2024-11-05,2024-11-01,COM,ACC-00059,RECEITA,1413.6963620154022,1413.6963620154022,BRL,Manutenção estrutural vinculada à área COM,3,TED,PAGO,b93771a8-49a7-4f5b-9dd2-8dec81399442,2024-12-05,ERP_CORPORATIVO,TRANSACOES_FINANCEIRAS,11656,3363155037086460d867fe9f0307484e0d24868dfeb2108dfc9a04423dc41de7
TR-11657,2024-11-11,2024-11-01,OP,ACC-00059,DESPESA,1139.2002905417103,1139.2002905417103,BRL,Prestação de serviço para área OP,1,BOLETO,PAGO,b93771a8-49a7-4f5b-9dd2-8dec81399442,2024-12-05,ERP_CORPORATIVO,TRANSACOES_FINANCEIRAS,11657,c0b0b2886b3a7db8bb12373415e241317a909536b7f33690ffe7f132954b677d
TR-11658,2024-11-13,2024-11-01,ADM,ACC-00059,DESPESA,2753.5250748918247,2753.5250748918247,BRL,Locação de espaço comercial - ADM,31,BOLETO,PAGO,b93771a8-49a7-4f5b-9dd2-8dec81399442,2024-12-05,ERP_CORPORATIVO,TRANSACOES_FINANCEIRAS,11658,6b934b54ba2ff9a4094b9ea849d2f5325083a9692a027c3f55342898cbc8c023
TR-11659,2024-11-13,2024-11-01,ADM,ACC-00059,DESPESA,1290.0488341729788,1259.420433727,BRL,Custo operacional associado a ADM,8,PIX,PAGO,b93771a8-49a7-4f5b-9dd2-8dec81399442,2024-12-05,ERP_CORPORATIVO,TRANSACOES_FINANCEIRAS,11659,2a995cda694c80c6916f965af259484f18003f477a8f0b329844b162f676d15d
TR-11660,2024-11-22,2024-11-01,MKT,ACC-00059,RECEITA,1194.620573162477,1194.620573162477,EUR,Recebimento de subvenção - MKT,36,TRANSFERENCIA,PAGO,b93771a8-49a7-4f5b-9dd2-8dec81399442,2024-12-05,ERP_CORPORATIVO,TRANSACOES_FINANCEIRAS,11660,50a13422009a9134decb82ca4fdbc5d3fa2ee6e5ffd2f5e98392f6307fdff94d
TR-12157,2024-11-07,2024-11-01,COMP,FORN-00063,DESPESA,8402.784708220834,8402.784708220834,BRL,Serviço especializado solicitado por COMP,1,TRANSFERENCIA,PAGO,b93771a8-49a7-4f5b-9dd2-8dec81399442,2024-12-05,ERP_CORPORATIVO,TRANSACOES_FINANCEIRAS,12157,2500fd7d77527d8acf23f3b726cee3311511fe463a0fd7cd75fa60e20aedd2a6
TR-12158,2024-11-11,2024-11-01,ESG,FORN-00063,RECEITA,17948.5593422907,17948.5593422907,BRL,Manutenção preventiva de veículos - ESG,17,CARTAO,ATRASADO,b93771a8-49a7-4f5b-9dd2-8dec81399442,2024-12-05,ERP_CORPORATIVO,TRANSACOES_FINANCEIRAS,12158,7fc4b31b6becdefe97fb092f270778a2dadaa0a97bfef7a9eaed0707caa9eb43
TR-12159,2024-11-18,2024-11-01,TI,FORN-00063,DESPESA,9566.76947530378,9197.945521661699,BRL,Contrato de serviço - setor TI,1,PIX,PAGO,b93771a8-49a7-4f5b-9dd2-8dec81399442,2024-12-05,ERP_CORPORATIVO,TRANSACOES_FINANCEIRAS,12159,54ce42d09b911851c899131d97585e8c5f28a0f2521f275a86b0438dfc3da54f
TR-12160,2024-11-04,2024-11-01,RH,FORN-00063,RECEITA,7779.956224335641,7542.119571111019,BRL,Despesa operacional - RH,8,BOLETO,PAGO,b93771a8-49a7-4f5b-9dd2-8dec81399442,2024-12-05,ERP_CORPORATIVO,TRANSACOES_FINANCEIRAS,12160,e2f0df9b8ac9943c2693aea1c821a60a493d8c56eb0ee3ba6f8a2af3babff07e
TR-12161,2024-11-08,2024-11-01,PES,FORN-00063,DESPESA,8220.412659877053,7820.175214844274,BRL,Aquisição de material operacional - PES,2,PIX,PAGO,b93771a8-49a7-4f5b-9dd2-8dec81399442,2024-12-05,ERP_CORPORATIVO,TRANSACOES_FINANCEIRAS,12161,e5cb6235529cf0dbc0057fd6b9c7e22b6cc4bd72f65e98b7665594989c348923
TR-12162,2024-11-14,2024-11-01,SEC,FORN-00063,RECEITA,7613.51186755568,7472.950393886407,USD,Evento corporativo organizado por SEC,14,BOLETO,PAGO,b93771a8-49a7-4f5b-9dd2-8dec81399442,2024-12-05,ERP_CORPORATIVO,TRANSACOES_FINANCEIRAS,12162,c352a8fa89d6496cfcb6a9d0620297db5ca5c5afc155899605af8066a25b91eb
TR-12163,2024-11-11,2024-11-01,CPT,FORN-00063,RECEITA,7936.119997155412,7936.119997155412,BRL,Seguro contratado pela área CPT,21,PIX,PAGO,b93771a8-49a7-4f5b-9dd2-8dec81399442,2024-12-05,ERP_CORPORATIVO,TRANSACOES_FINANCEIRAS,12163,ec86f4b1666c1d226d9c2c7583500abe94415480d02c0fdae5b146163f894fc7
TR-12438,2024-11-04,2024-11-01,TI,1000064,DESPESA,1767.9997532988905,1712.8498035416917,BRL,Aquisição de material operacional - TI,2,TRANSFERENCIA,ATRASADO,b93771a8-49a7-4f5b-9dd2-8dec81399442,2024-12-05,ERP_CORPORATIVO,TRANSACOES_FINANCEIRAS,12438,7d275e5e8f5e3d2347e83c14b55d447b1786809e2e0d5fe09176d9a76a1836db
TR-12439,2024-11-15,2024-11-01,OP,1000064,RECEITA,1575.3238997135657,1545.1703195665664,BRL,Evento corporativo organizado por OP,14,PIX,PAGO,b93771a8-49a7-4f5b-9dd2-8dec81399442,2024-12-05,ERP_CORPORATIVO,TRANSACOES_FINANCEIRAS,12439,f3c546096df507fd27232ed18a124fafba7da3eb20fddc9d7dc4a7db32ae2a2d
TR-12440,2024-11-11,2024-11-01,ESG,1000064,DESPESA,1945.4727248893666,1867.3334760124048,BRL,Seguro contratado pela área ESG,21,TED,PAGO,b93771a8-49a7-4f5b-9dd2-8dec81399442,2024-12-05,ERP_CORPORATIVO,TRANSACOES_FINANCEIRAS,12440,ce3f8215ca03f0c53aec528d89025cec9247152f611a3c14dcf0ac6edc93c096
TR-12441,2024-11-11,2024-11-01,ADM,1000064,RECEITA,1975.3211098460338,1975.3211098460338,BRL,Viagem corporativa - ADM,18,PIX,PAGO,b93771a8-49a7-4f5b-9dd2-8dec81399442,2024-12-05,ERP_CORPORATIVO,TRANSACOES_FINANCEIRAS,12441,9a18bf535d332004c977d26f810f620e618ab370dcb71a4bac45adb5c649af1b
TR-12442,2024-11-11,2024-11-01,ESG,1000064,DESPESA,1739.9429150001297,1739.9429150001297,BRL,Aquisição de material operacional - ESG,2,PIX,PAGO,b93771a8-49a7-4f5b-9dd2-8dec81399442,2024-12-05,ERP_CORPORATIVO,TRANSACOES_FINANCEIRAS,12442,4393537a10189e05eebc8d4f3d3bee315865cfb731322314fa716a31dc98b399
TR-12443,2024-11-22,2024-11-01,ATD,1000064,DESPESA,1773.0593615407195,1773.0593615407195,BRL,Receita de comissão comercial - ATD,33,BOLETO,PAGO,b93771a8-49a7-4f5b-9dd2-8dec81399442,2024-12-05,ERP_CORPORATIVO,TRANSACOES_FINANCEIRAS,12443,42c723e2cfd9ba359909018956392b3d8f0a1027d24d92afbba6cc7fefc1be94
TR-12444,2024-11-22,2024-11-01,ESG,1000064,DESPESA,1613.6878709447356,1613.6878709447356,BRL,Prestação de serviço para área ESG,1,PIX,PAGO,b93771a8-49a7-4f5b-9dd2-8dec81399442,2024-12-05,ERP_CORPORATIVO,TRANSACOES_FINANCEIRAS,12444,de4ea8e36075f04ba4eb668d60a85013102ad029a0430ea14a7632b7e7d7a30f
TR-12445,2024-11-07,2024-11-01,OP,1000064,RECEITA,1392.138294114302,1392.138294114302,BRL,Diária de hotel para equipe OP,19,TRANSFERENCIA,PAGO,b93771a8-49a7-4f5b-9dd2-8dec81399442,2024-12-05,ERP_CORPORATIVO,TRANSACOES_FINANCEIRAS,12445,e6246a6212e53c0cf71618c257564bd68b3d15fa9aad927a991be1c3d0858b21
TR-12446,2024-11-25,2024-11-01,CTB,1000064,DESPESA,1715.3166422248996,1715.3166422248996,BRL,Prestação de serviço para área CTB,1,TRANSFERENCIA,PAGO,b93771a8-49a7-4f5b-9dd2-8dec81399442,2024-12-05,ERP_CORPORATIVO,TRANSACOES_FINANCEIRAS,12446,f0774f82274225ed63b1b09e6b1cd205e5170f7ad42cf075aa69b64ae5527ab7
TR-12447,2024-11-19,2024-11-01,FIN,1000064,RECEITA,829.039903652914,829.039903652914,BRL,Investimento em marketing corporativo (FIN),4,PIX,PAGO,b93771a8-49a7-4f5b-9dd2-8dec81399442,2024-12-05,ERP_CORPORATIVO,TRANSACOES_FINANCEIRAS,12447,6651ba53f11190556e303dbac3318699a66866bbf0787799d73c43de77860638
TR-12448,2024-11-04,2024-11-01,MKT,1000064,RECEITA,1769.8955880632432,1748.5974980826318,BRL,Prestação de serviço para área MKT,1,TRANSFERENCIA,PAGO,b93771a8-49a7-4f5b-9dd2-8dec81399442,2024-12-05,ERP_CORPORATIVO,TRANSACOES_FINANCEIRAS,12448,64ecfd4703e3441e1f529c17defc919f3e0a93d5f22bcb09af077b207b627398
TR-12449,2024-11-19,2024-11-01,COMP,1000064,RECEITA,1269.6758409658294,1269.6758409658294,BRL,Taxas bancárias incidentes em COMP,22,PIX,PAGO,b93771a8-49a7-4f5b-9dd2-8dec81399442,2024-12-05,ERP_CORPORATIVO,TRANSACOES_FINANCEIRAS,12449,4d868045fa282c574a9e452838cfff05530a03a62268b8373500000c780f4932
TR-12641,2024-11-06,2024-11-01,COMP,1000065,DESPESA,2885.2927076448404,2885.2927076448404,BRL,Contrato de consultoria externa - COMP,12,BOLETO,CANCELADO,b93771a8-49a7-4f5b-9dd2-8dec81399442,2024-12-05,ERP_CORPORATIVO,TRANSACOES_FINANCEIRAS,12641,b2407a9457bf03a9d70cd294accc9c9bef6326aaaef0f09518953d8d87c3a188
TR-12642,2024-11-22,2024-11-01,MKT,1000065,DESPESA,3269.7445718155805,3269.7445718155805,BRL,Honorários jurídicos - MKT,7,TRANSFERENCIA,PAGO,b93771a8-49a7-4f5b-9dd2-8dec81399442,2024-12-05,ERP_CORPORATIVO,TRANSACOES_FINANCEIRAS,12642,3880c6a62a47fa58554c8019466797e323db24eb0c3e365fbef2ccab83814268
TR-12643,2024-11-06,2024-11-01,OP,1000065,RECEITA,3710.2237779633633,3710.2237779633633,BRL,Royalties recebidos por OP,32,TRANSFERENCIA,PAGO,b93771a8-49a7-4f5b-9dd2-8dec81399442,2024-12-05,ERP_CORPORATIVO,TRANSACOES_FINANCEIRAS,12643,ff96056849321dfb011b9c3b8ad4fddb4cf08b7047c4f402260bc9d843627175
TR-12644,2024-11-19,2024-11-01,CTB,1000065,DESPESA,9357.438541292566,9250.072095450394,BRL,Custo operacional associado a CTB,8,TED,PAGO,b93771a8-49a7-4f5b-9dd2-8dec81399442,2024-12-05,ERP_CORPORATIVO,TRANSACOES_FINANCEIRAS,12644,0178979f209a32371f6583c09410a0f8e1bac69781abce69221ee7e0a61925b2
TR-12645,2024-11-21,2024-11-01,TI,1000065,DESPESA,3256.9202189432644,3256.9202189432644,BRL,Consultoria estratégica para área TI,12,BOLETO,ATRASADO,b93771a8-49a7-4f5b-9dd2-8dec81399442,2024-12-05,ERP_CORPORATIVO,TRANSACOES_FINANCEIRAS,12645,ba0b84211a4eb5e1830ca3e5b2265ddd64f97a6c4493bd62c8e4d0d97190c3c6
TR-12646,2024-11-13,2024-11-01,COMP,1000065,DESPESA,2637.233178336565,2637.233178336565,BRL,Manutenção estrutural vinculada à área COMP,3,CARTAO,PAGO,b93771a8-49a7-4f5b-9dd2-8dec81399442,2024-12-05,ERP_CORPORATIVO,TRANSACOES_FINANCEIRAS,12646,3ad3e03b8b7a2abea5535f4608c49985dc486dc3a9ed792c1d8e517e8ac1ce61
TR-12647,2024-11-06,2024-11-01,CPT,1000065,DESPESA,2692.7180376104866,2692.7180376104866,USD,Compra de insumos para setor CPT,2,PIX,PAGO,b93771a8-49a7-4f5b-9dd2-8dec81399442,2024-12-05,ERP_CORPORATIVO,TRANSACOES_FINANCEIRAS,12647,288f2091024376d7aa9bc0f7c659676a8b78267b7f59af54586cb7d59d1a7053
TR-12648,2024-11-06,2024-11-01,LOG,1000065,DESPESA,3286.387686219143,3286.387686219143,BRL,Investimento em marketing corporativo (LOG),4,BOLETO,PAGO,b93771a8-49a7-4f5b-9dd2-8dec81399442,2024-12-05,ERP_CORPORATIVO,TRANSACOES_FINANCEIRAS,12648,b329f20cbcdbb7b4e624b2e7ac541e4f5066fe69f452bb035ccc0d1acffa906b
TR-12649,2024-11-25,2024-11-01,OP,1000065,DESPESA,2741.0286930921116,2741.0286930921116,BRL,Assessoria legal vinculada à área OP,7,TRANSFERENCIA,PAGO,b93771a8-49a7-4f5b-9dd2-8dec81399442,2024-12-05,ERP_CORPORATIVO,TRANSACOES_FINANCEIRAS,12649,34fb1e95c9220a9d90b5002f840a5cefc9115ee5cc2c2618e0c6bd2263fae9fd
TR-12650,2024-11-18,2024-11-01,OP,1000065,DESPESA,2532.368808208898,2532.368808208898,BRL,Receita de comissão comercial - OP,33,BOLETO,PAGO,b93771a8-49a7-4f5b-9dd2-8dec81399442,2024-12-05,ERP_CORPORATIVO,TRANSACOES_FINANCEIRAS,12650,ae160f50cfe1e405669bdffdd66bc4cd415387dff392c46f527cc823bc833a8a
TR-12651,2024-11-05,2024-11-01,COMP,1000065,RECEITA,2452.757237400189,2367.4123823964906,BRL,Royalties recebidos por COMP,32,TRANSFERENCIA,PAGO,b93771a8-49a7-4f5b-9dd2-8dec81399442,2024-12-05,ERP_CORPORATIVO,TRANSACOES_FINANCEIRAS,12651,3ae61cd06ad785974069f8c021afd0fc27fc451c2128a9ce1269d7a405ff9cd1
TR-12652,2024-11-18,2024-11-01,COMP,1000065,DESPESA,2833.8238915009356,2707.4514894627464,USD,Seguro contratado pela área COMP,21,TED,PAGO,b93771a8-49a7-4f5b-9dd2-8dec81399442,2024-12-05,ERP_CORPORATIVO,TRANSACOES_FINANCEIRAS,12652,ec30339169221f0501a382df6344d03ef76d84327a59cc2800f0757a4617dfed
TR-13040,2024-11-13,2024-11-01,PRD,ACC-00067,DESPESA,3734.051553275612,3734.051553275612,BRL,Prestação de serviço para área PRD,1,PIX,PAGO,b93771a8-49a7-4f5b-9dd2-8dec81399442,2024-12-05,ERP_CORPORATIVO,TRANSACOES_FINANCEIRAS,13040,40b139f9093f8224d1baba911051820d1cd2dd0da66c4f5cb472ab0087591715
TR-13041,2024-11-25,2024-11-01,CPT,ACC-00067,DESPESA,3465.581889907857,3328.255936603703,BRL,Participação nos resultados vinculada a CPT,34,TED,PAGO,b93771a8-49a7-4f5b-9dd2-8dec81399442,2024-12-05,ERP_CORPORATIVO,TRANSACOES_FINANCEIRAS,13041,c494e4e9c102d09bd9344439db572bea429c17086eff17e0521583197e597eaa
TR-13042,2024-11-14,2024-11-01,PES,ACC-00067,RECEITA,3023.867726791926,3023.867726791926,BRL,Prestação de serviço para área PES,1,TRANSFERENCIA,PAGO,b93771a8-49a7-4f5b-9dd2-8dec81399442,2024-12-05,ERP_CORPORATIVO,TRANSACOES_FINANCEIRAS,13042,bb967a1673961b93828f31d67e56f1d274254123f1232249d1e66af13b6e3fb5
TR-13043,2024-11-21,2024-11-01,ADM,ACC-00067,DESPESA,3363.8034042884633,3363.8034042884633,BRL,Custo operacional associado a ADM,8,PIX,PAGO,b93771a8-49a7-4f5b-9dd2-8dec81399442,2024-12-05,ERP_CORPORATIVO,TRANSACOES_FINANCEIRAS,13043,30e22505f22e8b705ddef654de4b0a513a98b9da67f02fa6e7fd42aad4cf9fb2
TR-13044,2024-11-25,2024-11-01,COM,ACC-00067,DESPESA,3430.0963141964903,3376.0824342583237,BRL,Combustível e lubrificantes para frota (COM),16,BOLETO,PAGO,b93771a8-49a7-4f5b-9dd2-8dec81399442,2024-12-05,ERP_CORPORATIVO,TRANSACOES_FINANCEIRAS,13044,cf558ae9d89ceec726727fff6f55c0b0cee0a51664750ede42e35ab15aed783f
TR-13045,2024-11-19,2024-11-01,OP,ACC-00067,RECEITA,3809.1678800613813,3809.1678800613813,BRL,Manutenção estrutural vinculada à área OP,3,PIX,PAGO,b93771a8-49a7-4f5b-9dd2-8dec81399442,2024-12-05,ERP_CORPORATIVO,TRANSACOES_FINANCEIRAS,13045,febba6ccb874b8de9e62972927fc1234ee40152013debeeb4a870cb6faafa675
TR-13046,2024-11-07,2024-11-01,ATD,ACC-00067,DESPESA,3798.219848581824,3798.219848581824,BRL,Despesa operacional - ATD,8,BOLETO,PAGO,b93771a8-49a7-4f5b-9dd2-8dec81399442,2024-12-05,ERP_CORPORATIVO,TRANSACOES_FINANCEIRAS,13046,b3d9bc0402fc6f47ac5c776b0903f782c03114d04715d187ae6354964f8244c4
TR-13047,2024-11-22,2024-11-01,RH,ACC-00067,RECEITA,3859.835963872659,3716.5075970647968,BRL,Alimentação em viagem corporativa - RH,20,BOLETO,PAGO,b93771a8-49a7-4f5b-9dd2-8dec81399442,2024-12-05,ERP_CORPORATIVO,TRANSACOES_FINANCEIRAS,13047,3a0ea700db6bb772dd0ab65333ebedfb1cb167878642a9037e29c4467aef1695
TR-13048,2024-11-07,2024-11-01,JUR,ACC-00067,RECEITA,3598.096963424992,3507.647289091336,BRL,Compra de insumos para setor JUR,2,BOLETO,PAGO,b93771a8-49a7-4f5b-9dd2-8dec81399442,2024-12-05,ERP_CORPORATIVO,TRANSACOES_FINANCEIRAS,13048,f38de6a04bbc145f82eca62fff348b406c3df59696518ee0129eabbf25150725
TR-13049,2024-11-25,2024-11-01,CTB,ACC-00067,DESPESA,3246.1491589601983,3246.1491589601983,BRL,Manutenção predial solicitada por CTB,10,BOLETO,PAGO,b93771a8-49a7-4f5b-9dd2-8dec81399442,2024-12-05,ERP_CORPORATIVO,TRANSACOES_FINANCEIRAS,13049,82d97606edc3e8591dae1f8df1253c77983149b4f65460b74d2b49c53e4cf308
TR-13050,2024-11-26,2024-11-01,TI,ACC-00067,DESPESA,3164.8149319082895,3164.8149319082895,BRL,Serviço de tecnologia contratado por TI,5,CARTAO,PAGO,b93771a8-49a7-4f5b-9dd2-8dec81399442,2024-12-05,ERP_CORPORATIVO,TRANSACOES_FINANCEIRAS,13050,1ef88e522c8bdb0263ea2208605bd9e3b1d1d43af1bc78959acdd2de790a7d3a
TR-13051,2024-11-18,2024-11-01,TI,ACC-00067,DESPESA,3230.850610635202,3230.850610635202,BRL,Desconto concedido em operação de TI,38,CARTAO,PAGO,b93771a8-49a7-4f5b-9dd2-8dec81399442,2024-12-05,ERP_CORPORATIVO,TRANSACOES_FINANCEIRAS,13051,ce005c74ffbedc2ca449c5b1b9af11c1b7414563b92e3d8df5f217f5418d235c
TR-13052,2024-11-21,2024-11-01,OP,ACC-00067,RECEITA,3442.608815595912,3442.608815595912,BRL,Renovação de certificados digitais - OP,26,PIX,PAGO,b93771a8-49a7-4f5b-9dd2-8dec81399442,2024-12-05,ERP_CORPORATIVO,TRANSACOES_FINANCEIRAS,13052,6a103ea70b8bec885598d1bbaa242ade8dfee55e3d69eca0b4c6edf488fe5b72
TR-13053,2024-11-05,2024-11-01,OP,ACC-00067,DESPESA,3456.6579154869373,3418.1101224067484,BRL,Taxas bancárias incidentes em OP,22,TRANSFERENCIA,PAGO,b93771a8-49a7-4f5b-9dd2-8dec81399442,2024-12-05,ERP_CORPORATIVO,TRANSACOES_FINANCEIRAS,13053,6f3805cd56eefbdcf9934fcdc0d8b76e0577799f17e354b6c89443be70e5ecc6
TR-13054,2024-11-11,2024-11-01,FIN,ACC-00067,RECEITA,3840.9238261974983,3840.9238261974983,BRL,Promoção e atividade externa - FIN,14,TRANSFERENCIA,PAGO,b93771a8-49a7-4f5b-9dd2-8dec81399442,2024-12-05,ERP_CORPORATIVO,TRANSACOES_FINANCEIRAS,13054,1363f096222b43646818a5f40f081b9d1a08ea28a542e7425e0d68a525c1ec99
TR-13055,2024-11-18,2024-11-01,ADM,ACC-00067,RECEITA,3378.3302787482444,3378.3302787482444,BRL,Contrato de serviço - setor ADM,1,TED,ATRASADO,b93771a8-49a7-4f5b-9dd2-8dec81399442,2024-12-05,ERP_CORPORATIVO,TRANSACOES_FINANCEIRAS,13055,6044c0148063f0f227f68ddd8a4be581b2ce8dc65563162c2d61c495b26a5b69
TR-13056,2024-11-22,2024-11-01,ESG,ACC-00067,RECEITA,2830.46611059964,2830.46611059964,BRL,Evento corporativo organizado por ESG,14,TED,PAGO,b93771a8-49a7-4f5b-9dd2-8dec81399442,2024-12-05,ERP_CORPORATIVO,TRANSACOES_FINANCEIRAS,13056,144f4b367bc32cd45f94a51bc381d2c2289d0763809e630f869cebfd1df6852f
TR-13057,2024-11-25,2024-11-01,COMP,ACC-00067,RECEITA,6561.4506671102645,6561.4506671102645,BRL,Serviço de tecnologia contratado por COMP,5,TRANSFERENCIA,PAGO,b93771a8-49a7-4f5b-9dd2-8dec81399442,2024-12-05,ERP_CORPORATIVO,TRANSACOES_FINANCEIRAS,13057,cc464ce2a625ba58c28a41a7d2bd5e4c979f385b1337601f2d1ff82b31ccca4d
TR-13058,2024-11-14,2024-11-01,JUR,ACC-00067,RECEITA,3143.1920196790675,3087.319902126832,BRL,Despesa operacional - JUR,8,PIX,ATRASADO,b93771a8-49a7-4f5b-9dd2-8dec81399442,2024-12-05,ERP_CORPORATIVO,TRANSACOES_FINANCEIRAS,13058,9c4c20848638cea6b97507dbe8a158337aa4901256995b2da787c9eca7ed73b2
TR-13206,2024-11-27,2024-11-01,PRD,FORN-00068,RECEITA,1080.2079924848013,1080.2079924848013,USD,Investimento em marketing corporativo (PRD),4,TRANSFERENCIA,PAGO,b93771a8-49a7-4f5b-9dd2-8dec81399442,2024-12-05,ERP_CORPORATIVO,TRANSACOES_FINANCEIRAS,13206,e36891400c08b0cfd47f0f4a18c719c7f9ef46388ce336a8fcd3dc2c2a730711
TR-13207,2024-11-15,2024-11-01,COMP,FORN-00068,RECEITA,3669.058307885861,3669.058307885861,BRL,Reparo e conservação de instalações - COMP,10,PIX,ATRASADO,b93771a8-49a7-4f5b-9dd2-8dec81399442,2024-12-05,ERP_CORPORATIVO,TRANSACOES_FINANCEIRAS,13207,fdf699ae881f762b25af13600c1ab1770269c980d0e579b5d9a4b1bc098a0a71
TR-13208,2024-11-21,2024-11-01,CTB,FORN-00068,DESPESA,1336.5465130270588,1315.3971550678195,BRL,Reparo e conservação de instalações - CTB,10,BOLETO,PAGO,b93771a8-49a7-4f5b-9dd2-8dec81399442,2024-12-05,ERP_CORPORATIVO,TRANSACOES_FINANCEIRAS,13208,cbc95be4fae8db5e7ca4c06e832b42a66ffbf5d8cdf8e04454d665c49db7fa67
TR-13209,2024-11-14,2024-11-01,JUR,FORN-00068,RECEITA,1217.84301860728,1217.84301860728,BRL,Compra de insumos para setor JUR,2,TRANSFERENCIA,PAGO,b93771a8-49a7-4f5b-9dd2-8dec81399442,2024-12-05,ERP_CORPORATIVO,TRANSACOES_FINANCEIRAS,13209,60721153b1be792971c9330a218e8d01cc15bc2d01d4b15e778c620d6704d13e
TR-13210,2024-11-29,2024-11-01,TI,FORN-00068,DESPESA,1013.563825604706,1013.563825604706,BRL,Promoção e atividade externa - TI,14,BOLETO,ATRASADO,b93771a8-49a7-4f5b-9dd2-8dec81399442,2024-12-05,ERP_CORPORATIVO,TRANSACOES_FINANCEIRAS,13210,16e4f16a764f1c05012f701b3a3d0ccf8be73d94b77fabf412d2f29b1d8eae1f
TR-13211,2024-11-22,2024-11-01,TI,FORN-00068,DESPESA,1086.3496284063513,1038.6299178603404,BRL,Licenciamento de software - TI,5,TED,ATRASADO,b93771a8-49a7-4f5b-9dd2-8dec81399442,2024-12-05,ERP_CORPORATIVO,TRANSACOES_FINANCEIRAS,13211,04005ace37375c5123aba6a21daf67cb3d89ed07ace0893ece2183aede3f2f10
TR-13212,2024-11-18,2024-11-01,ADM,FORN-00068,RECEITA,1352.6290459278518,1352.6290459278518,USD,Certificado digital adquirido por ADM,26,CARTAO,PAGO,b93771a8-49a7-4f5b-9dd2-8dec81399442,2024-12-05,ERP_CORPORATIVO,TRANSACOES_FINANCEIRAS,13212,14bdb84fd386b4be6a456e69e8c3e148986b428d42679fd4e187f0b673a527d8
TR-13213,2024-11-15,2024-11-01,COMP,FORN-00068,DESPESA,1159.1978017689871,1159.1978017689871,BRL,Aquisição de material operacional - COMP,2,BOLETO,PAGO,b93771a8-49a7-4f5b-9dd2-8dec81399442,2024-12-05,ERP_CORPORATIVO,TRANSACOES_FINANCEIRAS,13213,07613b9726b8d4c8a5188e716230dfc22316bea995d503380a8fbed0325e648d
TR-13214,2024-11-25,2024-11-01,COM,FORN-00068,RECEITA,1000.261503874813,962.9508544563344,BRL,Aquisição de material operacional - COM,2,TRANSFERENCIA,PAGO,b93771a8-49a7-4f5b-9dd2-8dec81399442,2024-12-05,ERP_CORPORATIVO,TRANSACOES_FINANCEIRAS,13214,b1af600167befe7ec411697591859fe18b7098a2d770870cab015fb3b415c1dc
TR-13215,2024-11-18,2024-11-01,COM,FORN-00068,DESPESA,1439.4274359811982,1439.4274359811982,BRL,Devolução de venda processada por COM,39,TED,PAGO,b93771a8-49a7-4f5b-9dd2-8dec81399442,2024-12-05,ERP_CORPORATIVO,TRANSACOES_FINANCEIRAS,13215,228c1e8e29e77804c0b7107a8a7d63a055b463404cd2b0cef2cefb09eb435c9a
TR-13216,2024-11-25,2024-11-01,COMP,FORN-00068,RECEITA,1091.8389045228623,1091.8389045228623,BRL,Despesa de RH - COMP,6,PIX,PAGO,b93771a8-49a7-4f5b-9dd2-8dec81399442,2024-12-05,ERP_CORPORATIVO,TRANSACOES_FINANCEIRAS,13216,3c5697cba1032ff5742712de5daf819ac542d62560b2eb4c1367693f6a489366
TR-13217,2024-11-14,2024-11-01,FIN,FORN-00068,DESPESA,1147.6183580597158,1104.4954055673065,BRL,Manutenção de equipamentos de FIN,28,TED,PAGO,b93771a8-49a7-4f5b-9dd2-8dec81399442,2024-12-05,ERP_CORPORATIVO,TRANSACOES_FINANCEIRAS,13217,ec617628e52b5ae429d2890a7fee91fa287d816d35ec0c4a0dcc61f9926dc915
TR-13218,2024-11-14,2024-11-01,CTB,FORN-00068,RECEITA,1079.3593033732736,1036.6643549177488,BRL,Treinamento corporativo para equipe CTB,30,BOLETO,PAGO,b93771a8-49a7-4f5b-9dd2-8dec81399442,2024-12-05,ERP_CORPORATIVO,TRANSACOES_FINANCEIRAS,13218,1ed9f2f79475ca1c106ca89a902c7c345762ca6fd10b0098acf30be60ae9ea97
TR-13491,2024-11-13,2024-11-01,OP,ACC-00069,DESPESA,6807.496107174293,6807.496107174293,BRL,Diária de hotel para equipe OP,19,PIX,PAGO,b93771a8-49a7-4f5b-9dd2-8dec81399442,2024-12-05,ERP_CORPORATIVO,TRANSACOES_FINANCEIRAS,13491,b8476b3078a9188bb77b2fb5ea5a4a3ad82ff0d5c03b54c7766c6e4886e9bf39
TR-13492,2024-11-11,2024-11-01,FIN,ACC-00069,DESPESA,12476.416148095557,12476.416148095557,BRL,Assessoria legal vinculada à área FIN,7,PIX,CANCELADO,b93771a8-49a7-4f5b-9dd2-8dec81399442,2024-12-05,ERP_CORPORATIVO,TRANSACOES_FINANCEIRAS,13492,e06ee38391a9e75d4616d83707bf5dadd6d437914da86fb672114d2fc5bb4d40
TR-13493,2024-11-21,2024-11-01,JUR,ACC-00069,RECEITA,7388.093946931681,7388.093946931681,BRL,Produção de material gráfico - JUR,15,BOLETO,PAGO,b93771a8-49a7-4f5b-9dd2-8dec81399442,2024-12-05,ERP_CORPORATIVO,TRANSACOES_FINANCEIRAS,13493,f141035772ca796cd455e4d003e2c793906daa53229b96ca6b2692089a1cd53f
TR-13494,2024-11-08,2024-11-01,VND,ACC-00069,RECEITA,7136.280485101394,7136.280485101394,BRL,Compra de insumos para setor VND,2,PIX,ATRASADO,b93771a8-49a7-4f5b-9dd2-8dec81399442,2024-12-05,ERP_CORPORATIVO,TRANSACOES_FINANCEIRAS,13494,c1ddf88801abc88cdf0cc5ee26daea2d394aea5d18a82d5701328c7462bb9dad
TR-13495,2024-11-19,2024-11-01,COMP,ACC-00069,RECEITA,6966.940938108991,6966.940938108991,BRL,Alimentação em viagem corporativa - COMP,20,TED,PAGO,b93771a8-49a7-4f5b-9dd2-8dec81399442,2024-12-05,ERP_CORPORATIVO,TRANSACOES_FINANCEIRAS,13495,4c3b60ccd8821d18b3a4ea8ad555c7421efc2123ef331e275fd691f4108af5ec
TR-13496,2024-11-25,2024-11-01,CPT,ACC-00069,DESPESA,8338.58594569427,8338.58594569427,BRL,Prestação de serviço para área CPT,1,TED,PAGO,b93771a8-49a7-4f5b-9dd2-8dec81399442,2024-12-05,ERP_CORPORATIVO,TRANSACOES_FINANCEIRAS,13496,25f1601006634f744bda3fa4fe1920cd1aacff2b536fcdc735c05cca10ed38ac
TR-13497,2024-11-12,2024-11-01,QAS,ACC-00069,RECEITA,6732.193180886579,6732.193180886579,BRL,Renovação de certificados digitais - QAS,26,TRANSFERENCIA,PAGO,b93771a8-49a7-4f5b-9dd2-8dec81399442,2024-12-05,ERP_CORPORATIVO,TRANSACOES_FINANCEIRAS,13497,2400c3625143bd266e0b48d14102c779479e1ed7de1b3e8bbde630b2d5ba3c47
TR-13498,2024-11-18,2024-11-01,RH,ACC-00069,DESPESA,7770.103391957959,7770.103391957959,BRL,Despesa de RH - RH,6,TRANSFERENCIA,PAGO,b93771a8-49a7-4f5b-9dd2-8dec81399442,2024-12-05,ERP_CORPORATIVO,TRANSACOES_FINANCEIRAS,13498,d3800a74c4a964c42ae43bfde52023d6d8ccadfd44655a8d44c72a17627b7dcb
TR-13499,2024-11-19,2024-11-01,PES,ACC-00069,DESPESA,6684.680993461744,6474.820257758552,BRL,Doação recebida em favor de PES,36,TRANSFERENCIA,ATRASADO,b93771a8-49a7-4f5b-9dd2-8dec81399442,2024-12-05,ERP_CORPORATIVO,TRANSACOES_FINANCEIRAS,13499,600fcfde534702f84c8518de5a377d425d3bc2f8d6ffdb46b5286eb062fd8f28
TR-13500,2024-11-12,2024-11-01,CTB,ACC-00069,RECEITA,6976.239087398117,6687.155968068211,BRL,Despesa de infraestrutura - CTB,3,TED,PAGO,b93771a8-49a7-4f5b-9dd2-8dec81399442,2024-12-05,ERP_CORPORATIVO,TRANSACOES_FINANCEIRAS,13500,344ec23b2d5afc5a28a25fc0d6a77e929a8b811cb98411d769a25701587af56e
TR-13501,2024-11-14,2024-11-01,TI,ACC-00069,DESPESA,6308.7217889551675,6143.729521720832,BRL,Imposto sobre venda apurado em TI,40,PIX,PAGO,b93771a8-49a7-4f5b-9dd2-8dec81399442,2024-12-05,ERP_CORPORATIVO,TRANSACOES_FINANCEIRAS,13501,8456a902f3fa73bf9cb3c0d415c04cd190162a54eb4a874d659b67912e21d5cd
TR-13502,2024-11-04,2024-11-01,SEC,ACC-00069,DESPESA,5521.972334877547,5521.972334877547,BRL,Hospedagem em viagem a serviço de SEC,19,TED,PAGO,b93771a8-49a7-4f5b-9dd2-8dec81399442,2024-12-05,ERP_CORPORATIVO,TRANSACOES_FINANCEIRAS,13502,3a6e0ff437ef99565fd2ebfcc5f8dd7aa9a38a8f6641cf8d87fe7d627ddd5f1a
TR-13712,2024-11-22,2024-11-01,ATD,1000069,RECEITA,1757.0405529112265,1757.0405529112265,BRL,Hospedagem em viagem a serviço de ATD,19,BOLETO,ATRASADO,b93771a8-49a7-4f5b-9dd2-8dec81399442,2024-12-05,ERP_CORPORATIVO,TRANSACOES_FINANCEIRAS,13712,e8fae60ae36fd13d2fc21f871e7561d217b6748e4f7d38ce62efb287071741bd
TR-13713,2024-11-04,2024-11-01,VND,1000069,RECEITA,1723.3847155518147,1671.1311204092242,BRL,Serviço especializado solicitado por VND,1,PIX,PAGO,b93771a8-49a7-4f5b-9dd2-8dec81399442,2024-12-05,ERP_CORPORATIVO,TRANSACOES_FINANCEIRAS,13713,8f4be4e318fb1471be1fbf6c112cbab3855982caec2fac2c42db2a097ea61e75
TR-13714,2024-11-12,2024-11-01,PES,1000069,RECEITA,1884.1992663153787,1884.1992663153787,BRL,Serviço de tecnologia contratado por PES,5,PIX,ATRASADO,b93771a8-49a7-4f5b-9dd2-8dec81399442,2024-12-05,ERP_CORPORATIVO,TRANSACOES_FINANCEIRAS,13714,99bb0d7654734ccd8ed1da7e35b7adaddd38f56b9e08e89b4932cd02f7294bea
TR-13715,2024-11-18,2024-11-01,MKT,1000069,DESPESA,2017.7536949078792,2017.7536949078792,BRL,Honorários profissionais contratados por MKT,11,TED,ATRASADO,b93771a8-49a7-4f5b-9dd2-8dec81399442,2024-12-05,ERP_CORPORATIVO,TRANSACOES_FINANCEIRAS,13715,d44e9b7845102751786eab8c1b512c2516e9856ab3c87ca3154013918a190980
TR-13716,2024-11-14,2024-11-01,COMP,1000069,DESPESA,1751.4060403100236,1679.5352411582057,BRL,Investimento em marketing corporativo (COMP),4,TED,PAGO,b93771a8-49a7-4f5b-9dd2-8dec81399442,2024-12-05,ERP_CORPORATIVO,TRANSACOES_FINANCEIRAS,13716,4f265c20388a305d58324e5be90fcff9723a49888d85b0c31dbb823dc516e794
TR-13717,2024-11-20,2024-11-01,OP,1000069,RECEITA,1924.876370878778,1924.876370878778,BRL,Licenciamento de software - OP,5,CARTAO,PAGO,b93771a8-49a7-4f5b-9dd2-8dec81399442,2024-12-05,ERP_CORPORATIVO,TRANSACOES_FINANCEIRAS,13717,8c2a7c3a7e3faf09a383bd8d43f4a55f4f1e08443b4b723a55ac24deae3939e1
TR-13718,2024-11-14,2024-11-01,COMP,1000069,DESPESA,1689.0534686566868,1689.0534686566868,BRL,Produção de material gráfico - COMP,15,TRANSFERENCIA,PAGO,b93771a8-49a7-4f5b-9dd2-8dec81399442,2024-12-05,ERP_CORPORATIVO,TRANSACOES_FINANCEIRAS,13718,ffd535b0589c9e69333721850107cf6e91444c32284f1c31fdbfb701a7db3392
TR-13719,2024-11-08,2024-11-01,PRD,1000069,RECEITA,1888.3219614239117,1862.9517409350824,BRL,Manutenção preventiva de veículos - PRD,17,PIX,PAGO,b93771a8-49a7-4f5b-9dd2-8dec81399442,2024-12-05,ERP_CORPORATIVO,TRANSACOES_FINANCEIRAS,13719,9bab6876938ed9157560846b46dfdb707e2b2c867d4cfcc5c78236631f82a0b6
TR-13720,2024-11-18,2024-11-01,FIN,1000069,DESPESA,2137.9093654110534,2137.9093654110534,BRL,Hospedagem em viagem a serviço de FIN,19,BOLETO,PAGO,b93771a8-49a7-4f5b-9dd2-8dec81399442,2024-12-05,ERP_CORPORATIVO,TRANSACOES_FINANCEIRAS,13720,9d19905cd335990e355947749d18f2d196e9899ac4a3ddb37d4435067e6a98f3
TR-13721,2024-11-12,2024-11-01,MKT,1000069,RECEITA,1782.9785964425855,1782.9785964425855,BRL,Recebimento de subvenção - MKT,36,PIX,PAGO,b93771a8-49a7-4f5b-9dd2-8dec81399442,2024-12-05,ERP_CORPORATIVO,TRANSACOES_FINANCEIRAS,13721,3e5a5d0ad57640918462137bb34efa3a0e91c9583b74cb89d5602f0da1816596
TR-13722,2024-11-08,2024-11-01,TI,1000069,RECEITA,1716.8275239750867,1648.1107728650363,BRL,Devolução de venda processada por TI,39,PIX,PAGO,b93771a8-49a7-4f5b-9dd2-8dec81399442,2024-12-05,ERP_CORPORATIVO,TRANSACOES_FINANCEIRAS,13722,e1162ae5d5eb3e5f951fef7916164d215c187fa7c06c4fc7ac917fb7a8b64255
TR-13723,2024-11-18,2024-11-01,QAS,1000069,RECEITA,2014.7743907217578,2014.7743907217578,BRL,Suporte técnico para sistemas de QAS,29,BOLETO,PAGO,b93771a8-49a7-4f5b-9dd2-8dec81399442,2024-12-05,ERP_CORPORATIVO,TRANSACOES_FINANCEIRAS,13723,b378b2711b6f1ab0174368ecdda5da5f002237a23c8e18cb91f11c955f94d599
TR-13724,2024-11-21,2024-11-01,MKT,1000069,RECEITA,1792.991783474376,1765.1346475047976,BRL,Estorno de receita - MKT,39,PIX,PAGO,b93771a8-49a7-4f5b-9dd2-8dec81399442,2024-12-05,ERP_CORPORATIVO,TRANSACOES_FINANCEIRAS,13724,b4cb5ba3a3a92d43267f6e3485024b13cc0e92848eed3128b58a4b61c56690d6
TR-13725,2024-11-13,2024-11-01,PRD,1000069,RECEITA,2471.758849732417,2364.261949890397,BRL,Despesa jurídica da área PRD,24,BOLETO,PAGO,b93771a8-49a7-4f5b-9dd2-8dec81399442,2024-12-05,ERP_CORPORATIVO,TRANSACOES_FINANCEIRAS,13725,442f3c5fe35389195749b1e0fe23ee0a4839e8df5f499ee1d905e96b1b7b10d6
TR-13726,2024-11-11,2024-11-01,COMP,1000069,DESPESA,1977.5198582538487,1933.1616296860618,BRL,Contrato de serviço - setor COMP,1,TRANSFERENCIA,ATRASADO,b93771a8-49a7-4f5b-9dd2-8dec81399442,2024-12-05,ERP_CORPORATIVO,TRANSACOES_FINANCEIRAS,13726,ef9693e9cb62d900e02277235d9e4872e1ec260e96593907def5cc21557849a8
TR-13727,2024-11-25,2024-11-01,OP,1000069,DESPESA,2149.2253187239894,2149.2253187239894,BRL,Publicidade institucional - OP,13,PIX,PAGO,b93771a8-49a7-4f5b-9dd2-8dec81399442,2024-12-05,ERP_CORPORATIVO,TRANSACOES_FINANCEIRAS,13727,a43e8a5061585ef42eddf332d58f76d31b118c0fb2829cf06ec8350ac8db8610
TR-13728,2024-11-18,2024-11-01,OP,1000069,DESPESA,1700.9336010839393,1700.9336010839393,BRL,Abastecimento de veículos - OP,16,BOLETO,PAGO,b93771a8-49a7-4f5b-9dd2-8dec81399442,2024-12-05,ERP_CORPORATIVO,TRANSACOES_FINANCEIRAS,13728,02cc1f291c15748eb1d689dc59cfe404b89fda5a9a4932c0c21e03e224a76bbb
TR-13901,2024-11-22,2024-11-01,MKT,1000070,DESPESA,2419.868143342242,2340.9882261047132,BRL,Assessoria contábil prestada a MKT,25,TRANSFERENCIA,PAGO,b93771a8-49a7-4f5b-9dd2-8dec81399442,2024-12-05,ERP_CORPORATIVO,TRANSACOES_FINANCEIRAS,13901,3c4d475f2825d1ac33e94b7407a98acbce072ded33500a45203da2b9d578cc22
TR-13902,2024-11-15,2024-11-01,OP,1000070,DESPESA,2721.9411563494104,2593.0264699839017,BRL,Despesa operacional - OP,8,PIX,PAGO,b93771a8-49a7-4f5b-9dd2-8dec81399442,2024-12-05,ERP_CORPORATIVO,TRANSACOES_FINANCEIRAS,13902,c374a4f96570e423eaa0054eaa03f8f698997b0f2f887d3fcbe57f3261c5585e
TR-13903,2024-11-25,2024-11-01,MKT,1000070,DESPESA,1963.2672135314447,1963.2672135314447,BRL,Apólice de seguro - MKT,21,TRANSFERENCIA,PAGO,b93771a8-49a7-4f5b-9dd2-8dec81399442,2024-12-05,ERP_CORPORATIVO,TRANSACOES_FINANCEIRAS,13903,2161f44595c5bc6824666a0f0bf891640bade62e8579199ed278dd07e73a500e
TR-13904,2024-11-18,2024-11-01,COMP,1000070,RECEITA,2472.692401191558,2371.026868258072,BRL,Compra de insumos para setor COMP,2,CARTAO,PAGO,b93771a8-49a7-4f5b-9dd2-8dec81399442,2024-12-05,ERP_CORPORATIVO,TRANSACOES_FINANCEIRAS,13904,a6e57bcfd74fc61ec172fae9d6c38c3aab0a46fe545e788d42908f677d4fcd4b
TR-13905,2024-11-15,2024-11-01,LOG,1000070,DESPESA,2079.8472866016077,2079.8472866016077,BRL,Passagem aérea para colaborador de LOG,18,BOLETO,PAGO,b93771a8-49a7-4f5b-9dd2-8dec81399442,2024-12-05,ERP_CORPORATIVO,TRANSACOES_FINANCEIRAS,13905,dc0438445fc944a0b9412912100ccc315910398656e333d16aa241dcb9f67d37
TR-13906,2024-11-18,2024-11-01,TI,1000070,DESPESA,2466.1451659131912,2466.1451659131912,BRL,Licenciamento de software - TI,5,BOLETO,ATRASADO,b93771a8-49a7-4f5b-9dd2-8dec81399442,2024-12-05,ERP_CORPORATIVO,TRANSACOES_FINANCEIRAS,13906,92ea3e812b87510f016da22042b1b871253693b0e8d76809f5a38f8d73b15c8b
TR-13907,2024-11-12,2024-11-01,COM,1000070,DESPESA,2002.6262258713375,2002.6262258713375,USD,Tributo incidente sobre receita de COM,40,TED,PAGO,b93771a8-49a7-4f5b-9dd2-8dec81399442,2024-12-05,ERP_CORPORATIVO,TRANSACOES_FINANCEIRAS,13907,ee06cee8c2a3997cb43b38ed4ef3de9e43e5d38a7d31c30ccf5af4fb2baa2e17
TR-13908,2024-11-14,2024-11-01,MKT,1000070,DESPESA,2171.656482013394,2171.656482013394,BRL,Propaganda e divulgação para área MKT,13,TRANSFERENCIA,PAGO,b93771a8-49a7-4f5b-9dd2-8dec81399442,2024-12-05,ERP_CORPORATIVO,TRANSACOES_FINANCEIRAS,13908,48f5e0783d4d3adfe24f13277d0418848ff10b0c433844f21f3abb09c60f1bba
TR-13909,2024-11-14,2024-11-01,COMP,1000070,DESPESA,2309.96966906452,2266.522881923233,BRL,Licenciamento de software - COMP,5,TED,PAGO,b93771a8-49a7-4f5b-9dd2-8dec81399442,2024-12-05,ERP_CORPORATIVO,TRANSACOES_FINANCEIRAS,13909,8cf1f3702142e8d4972276cd972cd363120a118ff21fc9e008a86defb4c26a24
TR-13910,2024-11-21,2024-11-01,RH,1000070,RECEITA,5033.345257118046,5033.345257118046,BRL,Despesa de RH - RH,6,BOLETO,CANCELADO,b93771a8-49a7-4f5b-9dd2-8dec81399442,2024-12-05,ERP_CORPORATIVO,TRANSACOES_FINANCEIRAS,13910,517046b6e711b9b19575cc6a407250963e3f85e0b440a8c8ac25887596cefad4
TR-13911,2024-11-11,2024-11-01,JUR,1000070,DESPESA,2352.608169720121,2285.2259101851187,BRL,Tributo incidente sobre receita de JUR,40,BOLETO,PAGO,b93771a8-49a7-4f5b-9dd2-8dec81399442,2024-12-05,ERP_CORPORATIVO,TRANSACOES_FINANCEIRAS,13911,4755e8fdc7f17829bccb3495196595d1267ac9ca2fa1689244cfcb19d3e4ad68
TR-14095,2024-11-19,2024-11-01,JUR,FORN-00074,DESPESA,3858.5753828137313,3858.5753828137313,BRL,Serviço de tecnologia contratado por JUR,5,PIX,PAGO,b93771a8-49a7-4f5b-9dd2-8dec81399442,2024-12-05,ERP_CORPORATIVO,TRANSACOES_FINANCEIRAS,14095,06fc07924ae8b2bfcc083368000986c036b112b84b8f9d71fcab4828c0b76289
TR-14096,2024-11-05,2024-11-01,PES,FORN-00074,DESPESA,3176.8802610770167,3176.8802610770167,BRL,Reparo e conservação de instalações - PES,10,TRANSFERENCIA,PAGO,b93771a8-49a7-4f5b-9dd2-8dec81399442,2024-12-05,ERP_CORPORATIVO,TRANSACOES_FINANCEIRAS,14096,a0736e1e21d2254629c8e1a2db8810c0dddaa2475b14b126dc8e89404dd3b222
TR-14097,2024-11-18,2024-11-01,QAS,FORN-00074,DESPESA,1115.0860232380724,1010.3045622432306,BRL,Propaganda e divulgação para área QAS,13,TRANSFERENCIA,ATRASADO,b93771a8-49a7-4f5b-9dd2-8dec81399442,2024-12-05,ERP_CORPORATIVO,TRANSACOES_FINANCEIRAS,14097,6f8efb2a9c49b18100c13f1055b0e57b75520aa0377d6c14f9b12283ebe62771
TR-14098,2024-11-25,2024-11-01,RH,FORN-00074,DESPESA,2918.2869327319,2781.698430036352,USD,Licenciamento de software - RH,5,PIX,PAGO,b93771a8-49a7-4f5b-9dd2-8dec81399442,2024-12-05,ERP_CORPORATIVO,TRANSACOES_FINANCEIRAS,14098,8dfd21b9eaae166c9155c1dc254cea9d81a4dba01a507786e6450ece8bc220ad
TR-14099,2024-11-21,2024-11-01,FIN,FORN-00074,DESPESA,3711.8131241370893,3711.8131241370893,BRL,Serviços contábeis externos - FIN,25,PIX,ATRASADO,b93771a8-49a7-4f5b-9dd2-8dec81399442,2024-12-05,ERP_CORPORATIVO,TRANSACOES_FINANCEIRAS,14099,c92d5f793304f18e50f5921774d8fe079deac336f57e513e4331cbdf63f4dc92
TR-14100,2024-11-15,2024-11-01,CPT,FORN-00074,DESPESA,4254.7125299905165,4092.852180710436,BRL,Contrato de conectividade para área CPT,9,BOLETO,ATRASADO,b93771a8-49a7-4f5b-9dd2-8dec81399442,2024-12-05,ERP_CORPORATIVO,TRANSACOES_FINANCEIRAS,14100,33d44e4600648758ce64728bafa8ee79e2ad9bb66601a293ea9a4d19a13cad96
TR-14101,2024-11-04,2024-11-01,JUR,FORN-00074,RECEITA,3707.1615713994297,3522.239621459676,BRL,Aquisição de material operacional - JUR,2,PIX,ATRASADO,b93771a8-49a7-4f5b-9dd2-8dec81399442,2024-12-05,ERP_CORPORATIVO,TRANSACOES_FINANCEIRAS,14101,ef74ff502cefa2b6a132409bcaa4cad0c2877b42fecaeb2ced1c4f77296c1ea8
TR-14102,2024-11-25,2024-11-01,OP,FORN-00074,RECEITA,3203.3002373685804,3203.3002373685804,BRL,Aquisição de material operacional - OP,2,PIX,PAGO,b93771a8-49a7-4f5b-9dd2-8dec81399442,2024-12-05,ERP_CORPORATIVO,TRANSACOES_FINANCEIRAS,14102,eebaebdabf06c906483af3e632d7b3873189b3ebb89b57ceb44ceeafa95ef911
TR-14103,2024-11-11,2024-11-01,OP,FORN-00074,RECEITA,3508.612461060684,3405.6766929029436,BRL,Prestação de serviço para área OP,1,CARTAO,ATRASADO,b93771a8-49a7-4f5b-9dd2-8dec81399442,2024-12-05,ERP_CORPORATIVO,TRANSACOES_FINANCEIRAS,14103,86a62dd47c9b24f6eac006b3614c68951f6f2d2a39838ec1d22102d1f683849a
TR-14104,2024-11-20,2024-11-01,TI,FORN-00074,DESPESA,3943.302886753906,3861.3226539469124,BRL,Abastecimento de veículos - TI,16,PIX,PAGO,b93771a8-49a7-4f5b-9dd2-8dec81399442,2024-12-05,ERP_CORPORATIVO,TRANSACOES_FINANCEIRAS,14104,977fa30079625420a7929511dce8b2cfc07cd4b2164a1dbe7514ad3e6f49a937
TR-14105,2024-11-11,2024-11-01,PRD,FORN-00074,DESPESA,3770.4199859305836,3770.4199859305836,BRL,Locação de espaço comercial - PRD,31,TED,PAGO,b93771a8-49a7-4f5b-9dd2-8dec81399442,2024-12-05,ERP_CORPORATIVO,TRANSACOES_FINANCEIRAS,14105,936cd9fff9f43571bf746a24678bcaf91266070740e3f71dcafeceffdb1a635e
TR-14106,2024-11-14,2024-11-01,FIN,FORN-00074,DESPESA,10191.526455817633,10191.526455817633,BRL,Recebimento de subvenção - FIN,36,BOLETO,PAGO,b93771a8-49a7-4f5b-9dd2-8dec81399442,2024-12-05,ERP_CORPORATIVO,TRANSACOES_FINANCEIRAS,14106,c0c40072b6c43f3b4063b0f26972956c16988d89bde19300073b61aeccafa062
TR-14107,2024-11-13,2024-11-01,LOG,FORN-00074,RECEITA,3644.725294097651,3509.701758588914,USD,Prestação de serviço para área LOG,1,TRANSFERENCIA,PAGO,b93771a8-49a7-4f5b-9dd2-8dec81399442,2024-12-05,ERP_CORPORATIVO,TRANSACOES_FINANCEIRAS,14107,88a75b737fe2346b237dd48fc1f9462478382e4749526f0ec854cfad01eba333
TR-14108,2024-11-20,2024-11-01,PRD,FORN-00074,DESPESA,3434.705390385227,3434.705390385227,BRL,Propaganda e divulgação para área PRD,13,TED,ATRASADO,b93771a8-49a7-4f5b-9dd2-8dec81399442,2024-12-05,ERP_CORPORATIVO,TRANSACOES_FINANCEIRAS,14108,2ab111491308181d2de774f8f98661509446c2054bf2b488c3bb95baaae7e74e
TR-14109,2024-11-11,2024-11-01,COMP,FORN-00074,DESPESA,3754.8532031678405,3754.8532031678405,BRL,Licença de software para área COMP,27,PIX,PAGO,b93771a8-49a7-4f5b-9dd2-8dec81399442,2024-12-05,ERP_CORPORATIVO,TRANSACOES_FINANCEIRAS,14109,cb8ee39a8b5aa000123e241c0ffdfe5cc8eee77f21c7bce5fe0b94575c921453
TR-14110,2024-11-08,2024-11-01,OP,FORN-00074,DESPESA,3733.332615400682,3733.332615400682,BRL,Honorarium advocatício - OP,24,CARTAO,PAGO,b93771a8-49a7-4f5b-9dd2-8dec81399442,2024-12-05,ERP_CORPORATIVO,TRANSACOES_FINANCEIRAS,14110,e0c0514d743b30d135c18bf4dcdb2d0366260b3e3790c55e59697b8e3b8790a7
TR-14111,2024-11-01,2024-11-01,JUR,FORN-00074,RECEITA,4109.183390804028,3974.1374495227938,BRL,Tarifas de serviços financeiros - JUR,22,TED,ATRASADO,b93771a8-49a7-4f5b-9dd2-8dec81399442,2024-12-05,ERP_CORPORATIVO,TRANSACOES_FINANCEIRAS,14111,69e5e4536a9a0d4f0bf0e3b4d7b75fdaa221120fa63014c73356f33b0e253cef
TR-14112,2024-11-05,2024-11-01,PJT,FORN-00074,DESPESA,3537.8522319214794,3537.8522319214794,BRL,Serviço de telefonia e internet - PJT,9,BOLETO,PAGO,b93771a8-49a7-4f5b-9dd2-8dec81399442,2024-12-05,ERP_CORPORATIVO,TRANSACOES_FINANCEIRAS,14112,6868e7913396978e339088982e5856dad1a40265b4a662f4b9d0d8e837a2ae10
TR-14113,2024-11-18,2024-11-01,FIN,FORN-00074,DESPESA,3726.17136032361,3726.17136032361,BRL,Prestação de serviço para área FIN,1,TRANSFERENCIA,PAGO,b93771a8-49a7-4f5b-9dd2-8dec81399442,2024-12-05,ERP_CORPORATIVO,TRANSACOES_FINANCEIRAS,14113,326c79dd6f436ac12db9c8cbb04dab66d7fc6797c87833ec44222d977e2bf5e6
TR-14114,2024-11-25,2024-11-01,PRD,FORN-00074,DESPESA,3654.594697928808,3654.594697928808,BRL,Contrato de serviço - setor PRD,1,PIX,PAGO,b93771a8-49a7-4f5b-9dd2-8dec81399442,2024-12-05,ERP_CORPORATIVO,TRANSACOES_FINANCEIRAS,14114,6d00fe81188e7691144a41ed3ca775a8178e739756e3f36ee4e32c2f829953b6
TR-14115,2024-11-12,2024-11-01,PES,FORN-00074,DESPESA,4654.820809131599,4496.921440954512,BRL,Abastecimento de veículos - PES,16,PIX,PAGO,b93771a8-49a7-4f5b-9dd2-8dec81399442,2024-12-05,ERP_CORPORATIVO,TRANSACOES_FINANCEIRAS,14115,6792ebc945330b87098d9b672174cbb19df432c1afc9d037a2a0753652fcf8ae
TR-14116,2024-11-12,2024-11-01,RH,FORN-00074,DESPESA,3439.091511894414,3380.403902244176,BRL,Receita extraordinária - RH,37,TED,ATRASADO,b93771a8-49a7-4f5b-9dd2-8dec81399442,2024-12-05,ERP_CORPORATIVO,TRANSACOES_FINANCEIRAS,14116,da9122296f07de0074637790e44171d3b43064cb694e621e6a894cdb7a12af6e
TR-14117,2024-11-12,2024-11-01,OP,FORN-00074,DESPESA,10557.94058020531,10557.94058020531,BRL,Alienação de bem patrimonial - OP,35,TED,PAGO,b93771a8-49a7-4f5b-9dd2-8dec81399442,2024-12-05,ERP_CORPORATIVO,TRANSACOES_FINANCEIRAS,14117,5d5613e0bf30a88e311edfb1d4b85a2841e33d7316e1dc93dcbced140991a7fa
TR-14118,2024-11-19,2024-11-01,PES,FORN-00074,DESPESA,3369.498156350051,3369.498156350051,BRL,Despesa operacional - PES,8,BOLETO,PAGO,b93771a8-49a7-4f5b-9dd2-8dec81399442,2024-12-05,ERP_CORPORATIVO,TRANSACOES_FINANCEIRAS,14118,8f16d0a2e8c5375877a9776b97033bc389e36e9fc1b173ec2ef0b2928e4d2e0c
TR-14132,2024-11-11,2024-11-01,PES,ACC-00075,RECEITA,4282.563866775214,4282.563866775214,BRL,Investimento em marketing corporativo (PES),4,CARTAO,PAGO,b93771a8-49a7-4f5b-9dd2-8dec81399442,2024-12-05,ERP_CORPORATIVO,TRANSACOES_FINANCEIRAS,14132,8df847057352107cf2b9e1dd8cc1c2c1b12ebd89c8fd3446d6b1ac5af932c6ae
TR-14133,2024-11-25,2024-11-01,TI,ACC-00075,DESPESA,3705.458196194014,3550.490148745559,BRL,Resultado de equivalência patrimonial - TI,34,TED,ATRASADO,b93771a8-49a7-4f5b-9dd2-8dec81399442,2024-12-05,ERP_CORPORATIVO,TRANSACOES_FINANCEIRAS,14133,634844f9f67157aef0a5e0cac9707b064ed210ac76e9ecb8fb849ee3370075ce
TR-14134,2024-11-25,2024-11-01,COM,ACC-00075,DESPESA,4469.499073354631,4469.499073354631,BRL,Campanha institucional - COM,4,PIX,PAGO,b93771a8-49a7-4f5b-9dd2-8dec81399442,2024-12-05,ERP_CORPORATIVO,TRANSACOES_FINANCEIRAS,14134,10a0c60e5439bc07e450042a0db3f8bd00fcae7818ef2d0b5bc1077003056bff
TR-14135,2024-11-25,2024-11-01,COM,ACC-00075,DESPESA,3929.6271731127435,3738.906236915125,BRL,Encargos de empréstimo vinculados a COM,23,CARTAO,PAGO,b93771a8-49a7-4f5b-9dd2-8dec81399442,2024-12-05,ERP_CORPORATIVO,TRANSACOES_FINANCEIRAS,14135,29713d588e067172a546359b9fa801ff30414727f90f616f499e7949c195b14e
TR-14136,2024-11-13,2024-11-01,SEC,ACC-00075,RECEITA,4157.245915661204,4157.245915661204,BRL,Participação nos resultados vinculada a SEC,34,BOLETO,PAGO,b93771a8-49a7-4f5b-9dd2-8dec81399442,2024-12-05,ERP_CORPORATIVO,TRANSACOES_FINANCEIRAS,14136,30422c6737b6c54c02f4014172e79ed3696506895d7474733043abf49f5243e0
TR-14137,2024-11-18,2024-11-01,OP,ACC-00075,DESPESA,4006.1257690665993,4006.1257690665993,BRL,Despesa operacional - OP,8,TED,PAGO,b93771a8-49a7-4f5b-9dd2-8dec81399442,2024-12-05,ERP_CORPORATIVO,TRANSACOES_FINANCEIRAS,14137,c32cf629669581f5d8923ef55f09df11d00679087fadd7acd6caaac47991ac67
TR-14138,2024-11-18,2024-11-01,CPT,ACC-00075,RECEITA,3688.04549229682,3688.04549229682,BRL,Contrato de SaaS vinculado a CPT,27,TED,PAGO,b93771a8-49a7-4f5b-9dd2-8dec81399442,2024-12-05,ERP_CORPORATIVO,TRANSACOES_FINANCEIRAS,14138,61304fa64cb36c17359e146dc3f23d970b69ae34dd60ad5a603fcacc013e57cc
TR-14139,2024-11-15,2024-11-01,VND,ACC-00075,RECEITA,4082.972645999636,4082.972645999636,BRL,Serviço especializado solicitado por VND,1,BOLETO,PAGO,b93771a8-49a7-4f5b-9dd2-8dec81399442,2024-12-05,ERP_CORPORATIVO,TRANSACOES_FINANCEIRAS,14139,a57d3af407e8a5ed0409f3fde04ab43ed4052cacd6949adc260b96933036c7cc
TR-14140,2024-11-12,2024-11-01,COMP,ACC-00075,DESPESA,4360.831259697856,4360.831259697856,BRL,Serviço especializado solicitado por COMP,1,TRANSFERENCIA,PAGO,b93771a8-49a7-4f5b-9dd2-8dec81399442,2024-12-05,ERP_CORPORATIVO,TRANSACOES_FINANCEIRAS,14140,ba368fb2f1512049763dfddcce2832bc78163f6b78ca4b156d41bd4aa921d17a
TR-14141,2024-11-12,2024-11-01,LOG,ACC-00075,DESPESA,9702.24248483588,9702.24248483588,BRL,Passagem aérea para colaborador de LOG,18,TED,PAGO,b93771a8-49a7-4f5b-9dd2-8dec81399442,2024-12-05,ERP_CORPORATIVO,TRANSACOES_FINANCEIRAS,14141,711138f0eb9d567431923bf24444f0afaea6c3f68ea27780582d9314e1670f9e
TR-14344,2024-11-04,2024-11-01,QAS,1000075,DESPESA,4609.119009359318,4609.119009359318,BRL,Manutenção estrutural vinculada à área QAS,3,CARTAO,PAGO,b93771a8-49a7-4f5b-9dd2-8dec81399442,2024-12-05,ERP_CORPORATIVO,TRANSACOES_FINANCEIRAS,14344,bd6a2c692759536abb138629ce72f14071e931f42e510f44bfdf65d343863c6d
TR-14345,2024-11-21,2024-11-01,RH,1000075,DESPESA,3732.86613201653,3732.86613201653,BRL,Assessoria contábil prestada a RH,25,BOLETO,PAGO,b93771a8-49a7-4f5b-9dd2-8dec81399442,2024-12-05,ERP_CORPORATIVO,TRANSACOES_FINANCEIRAS,14345,4e6b6a2fca409530362da8e2526149304128d88ab617943e586bb25f94451166
TR-14346,2024-11-14,2024-11-01,OP,1000075,RECEITA,4323.522715957001,4323.522715957001,BRL,Alimentação em viagem corporativa - OP,20,PIX,PAGO,b93771a8-49a7-4f5b-9dd2-8dec81399442,2024-12-05,ERP_CORPORATIVO,TRANSACOES_FINANCEIRAS,14346,0229fe95c2b2b0fac4cee2fe8a4e7e6eeb2e413ee86568acf1c0a379bc41eb23
TR-14347,2024-11-18,2024-11-01,COMP,1000075,RECEITA,3653.913688499528,3509.034898333061,BRL,Resultado de equivalência patrimonial - COMP,34,PIX,PAGO,b93771a8-49a7-4f5b-9dd2-8dec81399442,2024-12-05,ERP_CORPORATIVO,TRANSACOES_FINANCEIRAS,14347,d3b72ed86134a3e9c19c2e55b7766397eaf2fc03104e5c7a34cbc60e0b0f0765
TR-14348,2024-11-13,2024-11-01,PES,1000075,DESPESA,4610.48938854992,4610.48938854992,BRL,Contrato de serviço - setor PES,1,TRANSFERENCIA,PAGO,b93771a8-49a7-4f5b-9dd2-8dec81399442,2024-12-05,ERP_CORPORATIVO,TRANSACOES_FINANCEIRAS,14348,5f8a31765d71ab38251d667727cbaf90bdf6a923ab1ada15b8156344749098a0
TR-14349,2024-11-12,2024-11-01,COM,1000075,RECEITA,3769.9238298958203,3769.9238298958203,BRL,Contrato de SaaS vinculado a COM,27,PIX,PAGO,b93771a8-49a7-4f5b-9dd2-8dec81399442,2024-12-05,ERP_CORPORATIVO,TRANSACOES_FINANCEIRAS,14349,b0108b248b16b1ba0e298380feef0c7e211bac294c8502dfc4e99d5d247510a0
TR-14604,2024-11-18,2024-11-01,FIN,ACC-00077,RECEITA,1504.262728698359,1504.262728698359,BRL,Contrato de serviço - setor FIN,1,BOLETO,PAGO,b93771a8-49a7-4f5b-9dd2-8dec81399442,2024-12-05,ERP_CORPORATIVO,TRANSACOES_FINANCEIRAS,14604,6ac6ea1cf2f6d7ba30df50cf1a0ce197ae17e1930df1bf3c249fbd127e0f026c
TR-14605,2024-11-11,2024-11-01,COM,ACC-00077,RECEITA,1525.724057667902,1525.724057667902,BRL,Serviços contábeis externos - COM,25,BOLETO,PAGO,b93771a8-49a7-4f5b-9dd2-8dec81399442,2024-12-05,ERP_CORPORATIVO,TRANSACOES_FINANCEIRAS,14605,772078a8609cb54c076eb9aff0b1856e0ab1cdee1b7d7d4deb020c521637d534
TR-14606,2024-11-12,2024-11-01,ADM,ACC-00077,DESPESA,1521.3981684776215,1521.3981684776215,BRL,Reparo de frota vinculado à área ADM,17,TED,PAGO,b93771a8-49a7-4f5b-9dd2-8dec81399442,2024-12-05,ERP_CORPORATIVO,TRANSACOES_FINANCEIRAS,14606,8d17ee6f3e8a6cc2f2df9faea28f61818b5494686bebeb0d15ce6ae9c323f37d
TR-14607,2024-11-14,2024-11-01,QAS,ACC-00077,RECEITA,1363.275699433395,1363.275699433395,BRL,Alimentação em viagem corporativa - QAS,20,BOLETO,PAGO,b93771a8-49a7-4f5b-9dd2-8dec81399442,2024-12-05,ERP_CORPORATIVO,TRANSACOES_FINANCEIRAS,14607,6b6ef7372158b620dd35718dc76d86d3f4782e81c841440ec4e825b8a53054c5
TR-14608,2024-11-27,2024-11-01,ESG,ACC-00077,DESPESA,1550.3097493579396,1493.1266556874086,BRL,Publicidade institucional - ESG,13,CARTAO,PAGO,b93771a8-49a7-4f5b-9dd2-8dec81399442,2024-12-05,ERP_CORPORATIVO,TRANSACOES_FINANCEIRAS,14608,9759bc6a67059764619a4cb1044f2c316674df660732848d301894e7737afa30
TR-14609,2024-11-14,2024-11-01,TI,ACC-00077,RECEITA,1615.4559036176497,1579.4533124737318,BRL,Atendimento de TI requisitado por TI,29,BOLETO,PAGO,b93771a8-49a7-4f5b-9dd2-8dec81399442,2024-12-05,ERP_CORPORATIVO,TRANSACOES_FINANCEIRAS,14609,d02bd3e675634928a704f757b02a5213c6e991a7abef8a8f407867826696c065
TR-14610,2024-11-08,2024-11-01,MKT,ACC-00077,DESPESA,1341.5096968411099,1341.5096968411099,BRL,Compra de insumos para setor MKT,2,BOLETO,ATRASADO,b93771a8-49a7-4f5b-9dd2-8dec81399442,2024-12-05,ERP_CORPORATIVO,TRANSACOES_FINANCEIRAS,14610,774e5fc0e1e7d3d1990f5d0a5de4d16bde064e8c25ffa47bf9c7008bdfd8eb05
TR-14611,2024-11-18,2024-11-01,COMP,ACC-00077,DESPESA,1307.4945654143228,1307.4945654143228,BRL,Custo operacional associado a COMP,8,TRANSFERENCIA,PAGO,b93771a8-49a7-4f5b-9dd2-8dec81399442,2024-12-05,ERP_CORPORATIVO,TRANSACOES_FINANCEIRAS,14611,90f2c9f98654fd51da061f2d4b8cd2ec4847a1705c7f5c754003a5452f3a3d4c
TR-14612,2024-11-11,2024-11-01,RH,ACC-00077,RECEITA,1348.1526055543306,1348.1526055543306,BRL,Investimento em marketing corporativo (RH),4,BOLETO,PAGO,b93771a8-49a7-4f5b-9dd2-8dec81399442,2024-12-05,ERP_CORPORATIVO,TRANSACOES_FINANCEIRAS,14612,ff3f983b87fb538dabd30123848383cf8aad1031eae5d0ae7d74f46e997a1457
TR-14613,2024-11-22,2024-11-01,PRD,ACC-00077,RECEITA,1631.517774702439,1554.56805008703,USD,Serviço especializado solicitado por PRD,1,BOLETO,PAGO,b93771a8-49a7-4f5b-9dd2-8dec81399442,2024-12-05,ERP_CORPORATIVO,TRANSACOES_FINANCEIRAS,14613,a3b60d44cb048cc2c89a674a894e3881607eb0e64848a9748464920f6bac20a7
TR-14805,2024-11-22,2024-11-01,ESG,1000077,DESPESA,8921.890536971476,8594.99631410022,BRL,Licenciamento de software - ESG,5,CARTAO,PAGO,b93771a8-49a7-4f5b-9dd2-8dec81399442,2024-12-05,ERP_CORPORATIVO,TRANSACOES_FINANCEIRAS,14805,9a1b7f726e167ed3b9517cc0676886346bb438ca60e333100d4add8cbe2192cc
TR-14806,2024-11-18,2024-11-01,VND,1000077,DESPESA,7214.333464756548,7214.333464756548,BRL,Serviço técnico especializado para VND,11,PIX,PAGO,b93771a8-49a7-4f5b-9dd2-8dec81399442,2024-12-05,ERP_CORPORATIVO,TRANSACOES_FINANCEIRAS,14806,928d0dfdd3be65c5820263c11066001c2fce909f5ef0452aefd4e5f981672a06
TR-14807,2024-11-05,2024-11-01,COMP,1000077,DESPESA,8490.46260132087,8490.46260132087,BRL,Compra de insumos para setor COMP,2,TED,PAGO,b93771a8-49a7-4f5b-9dd2-8dec81399442,2024-12-05,ERP_CORPORATIVO,TRANSACOES_FINANCEIRAS,14807,027620baa07ded2e3ad98765307c59517702b365b24f28f6b46d5aef1170c74d
TR-14808,2024-11-15,2024-11-01,ATD,1000077,RECEITA,7462.971369062635,7462.971369062635,BRL,Promoção e atividade externa - ATD,14,TRANSFERENCIA,PAGO,b93771a8-49a7-4f5b-9dd2-8dec81399442,2024-12-05,ERP_CORPORATIVO,TRANSACOES_FINANCEIRAS,14808,fc53e18a421594bce018f740b23dc51b7509141ad22abf6dc93c7ed4fe35ba3d
TR-14809,2024-11-22,2024-11-01,ATD,1000077,DESPESA,1960.1800560545528,1960.1800560545528,BRL,Venda de ativo imobilizado por ATD,35,PIX,ATRASADO,b93771a8-49a7-4f5b-9dd2-8dec81399442,2024-12-05,ERP_CORPORATIVO,TRANSACOES_FINANCEIRAS,14809,f92c79d9ad4f3de59c2fb47c36b67ea3fc18012263aa4e030d87f93b80043d24
TR-14810,2024-11-25,2024-11-01,PRD,1000077,DESPESA,8563.834151152667,8563.834151152667,BRL,Receita de aluguel creditada em PRD,31,BOLETO,ATRASADO,b93771a8-49a7-4f5b-9dd2-8dec81399442,2024-12-05,ERP_CORPORATIVO,TRANSACOES_FINANCEIRAS,14810,45525b71e990621fe8adcdff9f54f10a5da59d476aa92c830d6a7867480a1cdd
TR-14811,2024-11-18,2024-11-01,OP,1000077,DESPESA,8762.765090757259,8762.765090757259,BRL,Licença de software para área OP,27,BOLETO,PAGO,b93771a8-49a7-4f5b-9dd2-8dec81399442,2024-12-05,ERP_CORPORATIVO,TRANSACOES_FINANCEIRAS,14811,898ea66426cd6bc990b3dccd104e50790feacb51889fcdcea8aec804aa17d1e9
TR-14812,2024-11-15,2024-11-01,PRD,1000077,RECEITA,7791.819145741562,7791.819145741562,BRL,Contrato de conectividade para área PRD,9,PIX,ATRASADO,b93771a8-49a7-4f5b-9dd2-8dec81399442,2024-12-05,ERP_CORPORATIVO,TRANSACOES_FINANCEIRAS,14812,12af3b0f72f3c2d2e12f8324f59c63890817a6d0393a57a9ccd48955f96de136
TR-14813,2024-11-15,2024-11-01,COM,1000077,RECEITA,9044.4094383955,9044.4094383955,BRL,Contrato de serviço - setor COM,1,TRANSFERENCIA,PAGO,b93771a8-49a7-4f5b-9dd2-8dec81399442,2024-12-05,ERP_CORPORATIVO,TRANSACOES_FINANCEIRAS,14813,9678087aab674c874e7562040cc9b0ab35d22888fbc7f7029aea65cf1b8bd72b
TR-14814,2024-11-08,2024-11-01,PES,1000077,RECEITA,6707.420327070644,6707.420327070644,BRL,Despesa de RH - PES,6,TED,PAGO,b93771a8-49a7-4f5b-9dd2-8dec81399442,2024-12-05,ERP_CORPORATIVO,TRANSACOES_FINANCEIRAS,14814,2a77cd84153dcd0fbd01e5e0edd0f52d2096581f3f77e58eb3a933e20ca83548
TR-14815,2024-11-11,2024-11-01,ESG,1000077,DESPESA,8279.973348546377,8279.973348546377,BRL,Serviço técnico especializado para ESG,11,PIX,PAGO,b93771a8-49a7-4f5b-9dd2-8dec81399442,2024-12-05,ERP_CORPORATIVO,TRANSACOES_FINANCEIRAS,14815,b9ac02747e15f01cc553fd6cfc0175bd22a76a3aa0ba7ad10249bfaf79c88abe
TR-14977,2024-11-20,2024-11-01,COM,ACC-00079,DESPESA,3305.407916153978,3165.0830993572226,BRL,Licenciamento de software - COM,5,CARTAO,PAGO,b93771a8-49a7-4f5b-9dd2-8dec81399442,2024-12-05,ERP_CORPORATIVO,TRANSACOES_FINANCEIRAS,14977,83101fe3497d628444b3d6b7ff8b39194adcfbd2fb783497aed6f0349ab1f243
TR-14978,2024-11-19,2024-11-01,CPT,ACC-00079,DESPESA,3592.2556520283456,3592.2556520283456,BRL,Licenciamento de software - CPT,5,BOLETO,PAGO,b93771a8-49a7-4f5b-9dd2-8dec81399442,2024-12-05,ERP_CORPORATIVO,TRANSACOES_FINANCEIRAS,14978,6ce99c41babc3f90a5363760f6d7fd2f5670d08107c8e5374cfa09e4b72c68d1
TR-14979,2024-11-18,2024-11-01,COM,ACC-00079,DESPESA,4587.763589494143,4587.763589494143,BRL,Royalties recebidos por COM,32,BOLETO,PAGO,b93771a8-49a7-4f5b-9dd2-8dec81399442,2024-12-05,ERP_CORPORATIVO,TRANSACOES_FINANCEIRAS,14979,7468dcd45c169e6bfe6ad469ac6befeb7d37f0ee6898189afca86a42ed4710e7
TR-14980,2024-11-19,2024-11-01,PES,ACC-00079,RECEITA,3800.516347912797,3800.516347912797,BRL,Recebimento de subvenção - PES,36,BOLETO,PAGO,b93771a8-49a7-4f5b-9dd2-8dec81399442,2024-12-05,ERP_CORPORATIVO,TRANSACOES_FINANCEIRAS,14980,1cff8776ce278e8cc62703fa6657ab855b226f00710fa26d9d28cf9962d8b8e4
TR-14981,2024-11-18,2024-11-01,CPT,ACC-00079,RECEITA,6231.635801250184,6136.712759413462,USD,Abastecimento de veículos - CPT,16,PIX,ATRASADO,b93771a8-49a7-4f5b-9dd2-8dec81399442,2024-12-05,ERP_CORPORATIVO,TRANSACOES_FINANCEIRAS,14981,3712f1893f2f39e70b85824a0f0f4e1628977c01465bb018e15bd5426b4f34be
TR-14982,2024-11-13,2024-11-01,JUR,ACC-00079,RECEITA,4519.552663442269,4342.698633895052,USD,Suporte técnico para sistemas de JUR,29,PIX,PAGO,b93771a8-49a7-4f5b-9dd2-8dec81399442,2024-12-05,ERP_CORPORATIVO,TRANSACOES_FINANCEIRAS,14982,6b7a1b762b79661c925fd40a17e23ff3a922ce8f4b8e8872df58ed2e27b11035
TR-14983,2024-11-15,2024-11-01,VND,ACC-00079,RECEITA,3133.39265706849,3002.2590334561473,BRL,Abatimento comercial registrado em VND,38,CARTAO,PAGO,b93771a8-49a7-4f5b-9dd2-8dec81399442,2024-12-05,ERP_CORPORATIVO,TRANSACOES_FINANCEIRAS,14983,9e93f25bfa150dfc95cd786dd24a48f30d3fd8c6a649e4c504936468449106bc
TR-14984,2024-11-15,2024-11-01,COM,ACC-00079,DESPESA,3848.590909077487,3848.590909077487,BRL,Serviço relacionado a recursos humanos (COM),6,PIX,PAGO,b93771a8-49a7-4f5b-9dd2-8dec81399442,2024-12-05,ERP_CORPORATIVO,TRANSACOES_FINANCEIRAS,14984,8f281d6bfea71e6db38a1d08690759cac1915a430621edcc675200b943ea2f20
TR-14985,2024-11-27,2024-11-01,TI,ACC-00079,DESPESA,3656.5350574681415,3656.5350574681415,BRL,Seguro contratado pela área TI,21,PIX,PAGO,b93771a8-49a7-4f5b-9dd2-8dec81399442,2024-12-05,ERP_CORPORATIVO,TRANSACOES_FINANCEIRAS,14985,7e7726a32957e25c16c1e373ed5e3a3e003b8c68a51ee3c5e61a11e27f19d3bf
TR-15333,2024-11-12,2024-11-01,QAS,1000080,DESPESA,2693.6934091542544,2665.8493905754067,BRL,Abastecimento de veículos - QAS,16,PIX,PAGO,b93771a8-49a7-4f5b-9dd2-8dec81399442,2024-12-05,ERP_CORPORATIVO,TRANSACOES_FINANCEIRAS,15333,c3660a8f591c2c54c70f52110a51d1e24314d808f5380d3a2e89fd2398e38d5c
TR-15334,2024-11-11,2024-11-01,ESG,1000080,DESPESA,2584.9907467345743,2584.9907467345743,BRL,Renovação de certificados digitais - ESG,26,PIX,PAGO,b93771a8-49a7-4f5b-9dd2-8dec81399442,2024-12-05,ERP_CORPORATIVO,TRANSACOES_FINANCEIRAS,15334,b1c4069b19fe5721feeb228cdfbd3400eda01a4399e43e1fd656ecfe5b82d966
TR-15335,2024-11-18,2024-11-01,TI,1000080,RECEITA,2607.143123916835,2607.143123916835,BRL,Passagem aérea para colaborador de TI,18,TRANSFERENCIA,PAGO,b93771a8-49a7-4f5b-9dd2-8dec81399442,2024-12-05,ERP_CORPORATIVO,TRANSACOES_FINANCEIRAS,15335,31c6cbea513d52dab3ee1e0fe197e17cb0f892ff4d0161fa94fa1d67333c0da5
TR-15336,2024-11-11,2024-11-01,COM,1000080,DESPESA,2243.2059831884885,2243.2059831884885,BRL,Desconto concedido em operação de COM,38,PIX,PAGO,b93771a8-49a7-4f5b-9dd2-8dec81399442,2024-12-05,ERP_CORPORATIVO,TRANSACOES_FINANCEIRAS,15336,4a65ff9732cc13898917220f4cb8b136750c930b94181fb2176686d0c526d582
TR-15337,2024-11-25,2024-11-01,SEC,1000080,DESPESA,2341.4786688776944,2341.4786688776944,BRL,Prestação de serviço para área SEC,1,TED,PAGO,b93771a8-49a7-4f5b-9dd2-8dec81399442,2024-12-05,ERP_CORPORATIVO,TRANSACOES_FINANCEIRAS,15337,f3ed6a2f515277af5424bcada26f3fa10e04366ecd827e1a31fdfd6f5b9b8826
TR-15338,2024-11-11,2024-11-01,FIN,1000080,DESPESA,2163.470223697975,2163.470223697975,BRL,Serviço de tecnologia contratado por FIN,5,TRANSFERENCIA,PAGO,b93771a8-49a7-4f5b-9dd2-8dec81399442,2024-12-05,ERP_CORPORATIVO,TRANSACOES_FINANCEIRAS,15338,29afc6d2402a9a513a65edf3170a8a5813e79a5bf11212ceb0195c35fa5d1fb6
TR-15339,2024-11-04,2024-11-01,PES,1000080,RECEITA,2247.869633166449,2247.869633166449,BRL,Despesa de infraestrutura - PES,3,PIX,PAGO,b93771a8-49a7-4f5b-9dd2-8dec81399442,2024-12-05,ERP_CORPORATIVO,TRANSACOES_FINANCEIRAS,15339,7f2f6f2fafa5afb922fc9ea4f1678aa97c66ef3e6e7dc250b090998cd8c2ab89
TR-15340,2024-11-22,2024-11-01,LOG,1000080,DESPESA,2094.401026923759,2021.4343999010798,BRL,Licenciamento de software - LOG,5,PIX,PAGO,b93771a8-49a7-4f5b-9dd2-8dec81399442,2024-12-05,ERP_CORPORATIVO,TRANSACOES_FINANCEIRAS,15340,189f1896497fea4585748d602bdda129903cab45acf26015196046393f1fd025
TR-15341,2024-11-12,2024-11-01,OP,1000080,DESPESA,2147.6151439264986,2147.6151439264986,BRL,Contrato de consultoria externa - OP,12,BOLETO,PAGO,b93771a8-49a7-4f5b-9dd2-8dec81399442,2024-12-05,ERP_CORPORATIVO,TRANSACOES_FINANCEIRAS,15341,6380470f5211a8d7bdd52a92b03f448b9687bb39ae88c5e6c6ab18c4df7692fe
TR-15342,2024-11-11,2024-11-01,COMP,1000080,DESPESA,2179.1468575835856,2179.1468575835856,BRL,Aquisição de material operacional - COMP,2,PIX,PAGO,b93771a8-49a7-4f5b-9dd2-8dec81399442,2024-12-05,ERP_CORPORATIVO,TRANSACOES_FINANCEIRAS,15342,03ae8739f41fb77b93863d79c1b96d775e2ba9d8ba2a38e277a186a7f2cc6ec9
TR-15343,2024-11-18,2024-11-01,FIN,1000080,RECEITA,2309.5173511305957,2280.385773184357,BRL,Investimento em marketing corporativo (FIN),4,CARTAO,PAGO,b93771a8-49a7-4f5b-9dd2-8dec81399442,2024-12-05,ERP_CORPORATIVO,TRANSACOES_FINANCEIRAS,15343,4c722f0056e746a19b1610bad778d676d23b72a9318c9ef1c24f43c615ac6241
TR-15344,2024-11-22,2024-11-01,OP,1000080,DESPESA,2443.956989825904,2443.956989825904,BRL,Contrato de conectividade para área OP,9,TRANSFERENCIA,PAGO,b93771a8-49a7-4f5b-9dd2-8dec81399442,2024-12-05,ERP_CORPORATIVO,TRANSACOES_FINANCEIRAS,15344,2139c7b5dabf0ad3ce1af9f65738f8dadda1600e5799e44d8c68b197eae1ce3b
TR-15345,2024-11-13,2024-11-01,PRD,1000080,DESPESA,6309.289014774745,6309.289014774745,BRL,Combustível e lubrificantes para frota (PRD),16,TRANSFERENCIA,PAGO,b93771a8-49a7-4f5b-9dd2-8dec81399442,2024-12-05,ERP_CORPORATIVO,TRANSACOES_FINANCEIRAS,15345,b1cd149fbc41f60ccc1a673fd81a22c262e836166aa31fd97613d5af42142fc1
TR-15346,2024-11-08,2024-11-01,FIN,1000080,RECEITA,2259.172216498648,2259.172216498648,BRL,Capacitação profissional vinculada a FIN,30,TRANSFERENCIA,PAGO,b93771a8-49a7-4f5b-9dd2-8dec81399442,2024-12-05,ERP_CORPORATIVO,TRANSACOES_FINANCEIRAS,15346,61a790b8368724010bd9cf3a1195a9a1c5dd16723de1a2091cade656d48eeef9
TR-15347,2024-11-18,2024-11-01,OP,1000080,DESPESA,2485.1720944349413,2485.1720944349413,BRL,Despesa operacional - OP,8,PIX,PAGO,b93771a8-49a7-4f5b-9dd2-8dec81399442,2024-12-05,ERP_CORPORATIVO,TRANSACOES_FINANCEIRAS,15347,013026c631c3d8d5d04167aa8bb770f688aba7f9e58d782ea6459a656b4e488e
TR-15590,2024-11-18,2024-11-01,COM,1000081,DESPESA,778.2311648247829,745.206696400859,BRL,Receita de comissão comercial - COM,33,BOLETO,PAGO,b93771a8-49a7-4f5b-9dd2-8dec81399442,2024-12-05,ERP_CORPORATIVO,TRANSACOES_FINANCEIRAS,15590,d57ec78295fa7b1346e4f86a6e5cf5c672d8a2232d66155a9d9999642d2376e6
TR-15591,2024-11-19,2024-11-01,LOG,1000081,RECEITA,1839.4760382934564,1759.8774928836053,BRL,Assessoria legal vinculada à área LOG,7,BOLETO,PAGO,b93771a8-49a7-4f5b-9dd2-8dec81399442,2024-12-05,ERP_CORPORATIVO,TRANSACOES_FINANCEIRAS,15591,f76f87d750db91185dbdacc983a158b7fc27f21493c64ea8915a9ce9bb1429b5
TR-15592,2024-11-07,2024-11-01,LOG,1000081,DESPESA,2079.5294300776923,2079.5294300776923,BRL,Despesa jurídica da área LOG,24,TRANSFERENCIA,PAGO,b93771a8-49a7-4f5b-9dd2-8dec81399442,2024-12-05,ERP_CORPORATIVO,TRANSACOES_FINANCEIRAS,15592,50a234bb9b2cd17596c8af43ec24f1597b7ebfaf7518f3d3a5d0491357e38c46
TR-15593,2024-11-13,2024-11-01,OP,1000081,RECEITA,2292.164314585209,2292.164314585209,BRL,Receita de comissão comercial - OP,33,BOLETO,PAGO,b93771a8-49a7-4f5b-9dd2-8dec81399442,2024-12-05,ERP_CORPORATIVO,TRANSACOES_FINANCEIRAS,15593,7339f4246595b4d5e16f9e3bfe0cdf42a62928edcd658cf3fc494120875adbfa
TR-15594,2024-11-18,2024-11-01,OP,1000081,DESPESA,2009.4229828633258,2009.4229828633258,BRL,Manutenção preventiva de veículos - OP,17,TED,PAGO,b93771a8-49a7-4f5b-9dd2-8dec81399442,2024-12-05,ERP_CORPORATIVO,TRANSACOES_FINANCEIRAS,15594,9a413fcf7a51ea94b4feb62962d2a565d2a7903300f23f6ddd2d5f8b9ad623ad
TR-15595,2024-11-08,2024-11-01,JUR,1000081,RECEITA,2076.099703003476,2076.099703003476,BRL,Diária de hotel para equipe JUR,19,TED,CANCELADO,b93771a8-49a7-4f5b-9dd2-8dec81399442,2024-12-05,ERP_CORPORATIVO,TRANSACOES_FINANCEIRAS,15595,c2f6fe7cdc715c0ff555f9f64bdb8a28ea74c8eb0c26f663d3b0496266d7b50c
TR-15596,2024-11-15,2024-11-01,COMP,1000081,RECEITA,2338.984719791347,2338.984719791347,USD,Investimento em marketing corporativo (COMP),4,PIX,PAGO,b93771a8-49a7-4f5b-9dd2-8dec81399442,2024-12-05,ERP_CORPORATIVO,TRANSACOES_FINANCEIRAS,15596,c1d536427ababc5fdc41c829515d100571c09c0bd1c79ffc51f33e9cd48a21ad
TR-15597,2024-11-12,2024-11-01,ESG,1000081,DESPESA,2263.404709934164,2168.195553463897,BRL,Investimento em marketing corporativo (ESG),4,TED,CANCELADO,b93771a8-49a7-4f5b-9dd2-8dec81399442,2024-12-05,ERP_CORPORATIVO,TRANSACOES_FINANCEIRAS,15597,6e0c458791996e1d589fea60a885495435e76fd4f3e05b604ae26c6d5924f5fb
TR-15598,2024-11-15,2024-11-01,RH,1000081,DESPESA,2260.1294129129637,2260.1294129129637,BRL,Contrato de serviço - setor RH,1,TED,PAGO,b93771a8-49a7-4f5b-9dd2-8dec81399442,2024-12-05,ERP_CORPORATIVO,TRANSACOES_FINANCEIRAS,15598,6ff8d7d4b64a67123478eb4225486c9e63d1b26007f473de83a2b17d13d19b35
TR-15599,2024-11-25,2024-11-01,COMP,1000081,RECEITA,2107.4303547288923,2107.4303547288923,USD,Despesa jurídica da área COMP,24,PIX,ATRASADO,b93771a8-49a7-4f5b-9dd2-8dec81399442,2024-12-05,ERP_CORPORATIVO,TRANSACOES_FINANCEIRAS,15599,af1922f2de9926eeda911ebc35bd4160a2bb13e3db4fa59c58306adbad2d044c
TR-15600,2024-11-18,2024-11-01,ADM,1000081,DESPESA,1982.8498086488112,1982.8498086488112,BRL,Hospedagem em viagem a serviço de ADM,19,PIX,CANCELADO,b93771a8-49a7-4f5b-9dd2-8dec81399442,2024-12-05,ERP_CORPORATIVO,TRANSACOES_FINANCEIRAS,15600,295015cf244f990467fc109fc54322266ae16322f75344cb9bd17f967514a608
TR-15601,2024-11-18,2024-11-01,FIN,1000081,RECEITA,6853.7479809104325,6853.7479809104325,BRL,Aquisição de material operacional - FIN,2,PIX,PAGO,b93771a8-49a7-4f5b-9dd2-8dec81399442,2024-12-05,ERP_CORPORATIVO,TRANSACOES_FINANCEIRAS,15601,b09d070790aa56b51dccf526d79773c62974a711cd30985b3240c5631c1d2524
TR-15602,2024-11-04,2024-11-01,COMP,1000081,DESPESA,2367.4171953825203,2367.4171953825203,BRL,Licenciamento de software - COMP,5,TRANSFERENCIA,PAGO,b93771a8-49a7-4f5b-9dd2-8dec81399442,2024-12-05,ERP_CORPORATIVO,TRANSACOES_FINANCEIRAS,15602,36e6bece7718472657683319594cc2ae3c78fcf3fff9112040d2fcaa07acb645
TR-15877,2024-11-04,2024-11-01,TI,ACC-00083,RECEITA,2759.7190285779625,2759.7190285779625,BRL,Investimento em marketing corporativo (TI),4,PIX,PAGO,b93771a8-49a7-4f5b-9dd2-8dec81399442,2024-12-05,ERP_CORPORATIVO,TRANSACOES_FINANCEIRAS,15877,33c71f6f1fc31aa9cc66b9dc52f5a79dc5d4e52e123326fe81eb6f5bb6eb6286
TR-15878,2024-11-11,2024-11-01,PRD,ACC-00083,DESPESA,2938.9201200036373,2905.9546928632153,BRL,Tributo incidente sobre receita de PRD,40,PIX,ATRASADO,b93771a8-49a7-4f5b-9dd2-8dec81399442,2024-12-05,ERP_CORPORATIVO,TRANSACOES_FINANCEIRAS,15878,fe2e7edce6b5490a017a7316bd3989a1bc807019a0da6e2fe3fa1b75c87038d7
TR-15879,2024-11-11,2024-11-01,SEC,ACC-00083,RECEITA,3242.823833402423,3242.823833402423,BRL,Serviço de tecnologia contratado por SEC,5,BOLETO,PAGO,b93771a8-49a7-4f5b-9dd2-8dec81399442,2024-12-05,ERP_CORPORATIVO,TRANSACOES_FINANCEIRAS,15879,266babe2b962fa79bbe768c07a93c37695a2121560352f28b3ae642ba2ede826
TR-15880,2024-11-12,2024-11-01,OP,ACC-00083,DESPESA,2821.1592606322624,2821.1592606322624,BRL,Receita de aluguel creditada em OP,31,TRANSFERENCIA,PAGO,b93771a8-49a7-4f5b-9dd2-8dec81399442,2024-12-05,ERP_CORPORATIVO,TRANSACOES_FINANCEIRAS,15880,c6a06fe68b5840b102b01a60ea1bdb8ae1b35ec7227286c19eea6341d628449a
TR-15881,2024-11-21,2024-11-01,MKT,ACC-00083,RECEITA,6854.958278726695,6854.958278726695,USD,Honorários profissionais contratados por MKT,11,PIX,PAGO,b93771a8-49a7-4f5b-9dd2-8dec81399442,2024-12-05,ERP_CORPORATIVO,TRANSACOES_FINANCEIRAS,15881,85f4e2fa8c1b3019d801d8454b4785d07c80714a6a94eea4190de3dbb418d752
TR-15882,2024-11-13,2024-11-01,SEC,ACC-00083,RECEITA,2871.9258805591153,2871.9258805591153,BRL,Compra de insumos para setor SEC,2,CARTAO,PAGO,b93771a8-49a7-4f5b-9dd2-8dec81399442,2024-12-05,ERP_CORPORATIVO,TRANSACOES_FINANCEIRAS,15882,004707b276d5dda8caa45120953ad92c447adfd1e4f929c899deaf5fb4c9149f
TR-15883,2024-11-12,2024-11-01,FIN,ACC-00083,DESPESA,2746.624612493875,2746.624612493875,BRL,Promoção e atividade externa - FIN,14,CARTAO,PAGO,b93771a8-49a7-4f5b-9dd2-8dec81399442,2024-12-05,ERP_CORPORATIVO,TRANSACOES_FINANCEIRAS,15883,13036b6a8bc728b15a79c50654311d2b3e1e9d41400795d4edba8365d70214bf
TR-15884,2024-11-18,2024-11-01,FIN,ACC-00083,DESPESA,2771.1605375340664,2771.1605375340664,BRL,Material de marketing solicitado por FIN,15,PIX,PAGO,b93771a8-49a7-4f5b-9dd2-8dec81399442,2024-12-05,ERP_CORPORATIVO,TRANSACOES_FINANCEIRAS,15884,63cb1b23cc0d3a85a86b781041bbf7f7db6f2331c817a776f6605f01bb4b16ec
TR-15885,2024-11-11,2024-11-01,ADM,ACC-00083,RECEITA,2657.9526426346574,2657.9526426346574,BRL,Resultado de equivalência patrimonial - ADM,34,BOLETO,PAGO,b93771a8-49a7-4f5b-9dd2-8dec81399442,2024-12-05,ERP_CORPORATIVO,TRANSACOES_FINANCEIRAS,15885,4b67a37c3b037a058482c8f760f2dd3d52a436a2b09440124ab72a3536c1112f
TR-15886,2024-11-18,2024-11-01,MKT,ACC-00083,RECEITA,2996.3046461375206,2923.811669084976,BRL,Receita de comissão comercial - MKT,33,TRANSFERENCIA,ATRASADO,b93771a8-49a7-4f5b-9dd2-8dec81399442,2024-12-05,ERP_CORPORATIVO,TRANSACOES_FINANCEIRAS,15886,255bffbc82bcacc563be4c6c5765205a89c58f93a63e801c4d296a9c63285b41
TR-15887,2024-11-04,2024-11-01,JUR,ACC-00083,RECEITA,2849.8757128076404,2849.8757128076404,BRL,Suporte técnico para sistemas de JUR,29,BOLETO,PAGO,b93771a8-49a7-4f5b-9dd2-8dec81399442,2024-12-05,ERP_CORPORATIVO,TRANSACOES_FINANCEIRAS,15887,493b612bd1f6cdb2bb5029b264b6fa69e64e601720edd0775b99f11f17a00bf2
TR-15888,2024-11-12,2024-11-01,COMP,ACC-00083,DESPESA,3047.478404129933,3047.478404129933,BRL,Passagem aérea para colaborador de COMP,18,BOLETO,PAGO,b93771a8-49a7-4f5b-9dd2-8dec81399442,2024-12-05,ERP_CORPORATIVO,TRANSACOES_FINANCEIRAS,15888,af3b09a4b0cb3180c7b708df9e8d3e1ed4883ed6ef5e19e4509219b2c01820c4
TR-15889,2024-11-14,2024-11-01,MKT,ACC-00083,DESPESA,3179.1305050209835,3179.1305050209835,BRL,Viagem corporativa - MKT,18,PIX,PAGO,b93771a8-49a7-4f5b-9dd2-8dec81399442,2024-12-05,ERP_CORPORATIVO,TRANSACOES_FINANCEIRAS,15889,a46970a56eec62bea12aba1ed376014ffb383ff2ea2b2c4587382e06ddba0ea8
TR-15890,2024-11-15,2024-11-01,JUR,ACC-00083,DESPESA,2584.0677776783455,2584.0677776783455,BRL,Licenciamento de software - JUR,5,PIX,PAGO,b93771a8-49a7-4f5b-9dd2-8dec81399442,2024-12-05,ERP_CORPORATIVO,TRANSACOES_FINANCEIRAS,15890,295bfdeecb2bfc82f8b1e40df333bee25a1b543d72773b604e705b404bd222bd
TR-15891,2024-11-05,2024-11-01,RH,ACC-00083,RECEITA,2639.942650501839,2552.4128572166337,BRL,Manutenção estrutural vinculada à área RH,3,TRANSFERENCIA,ATRASADO,b93771a8-49a7-4f5b-9dd2-8dec81399442,2024-12-05,ERP_CORPORATIVO,TRANSACOES_FINANCEIRAS,15891,00f5f1b49813fd8c890161dac125785c2e53719ed382cb35d8a6f851c1efa4fc
TR-15892,2024-11-21,2024-11-01,CTB,ACC-00083,DESPESA,3075.9683447038196,3017.0389531161845,BRL,Despesa de RH - CTB,6,PIX,PAGO,b93771a8-49a7-4f5b-9dd2-8dec81399442,2024-12-05,ERP_CORPORATIVO,TRANSACOES_FINANCEIRAS,15892,a927f2b3d0a0555e4be81e919d558f0d8ab2e40a5a09322d1d6cb8c0d09c90bc
TR-15893,2024-11-13,2024-11-01,RH,ACC-00083,DESPESA,2798.2511765247114,2723.0724211142087,BRL,Locação de espaço comercial - RH,31,CARTAO,PAGO,b93771a8-49a7-4f5b-9dd2-8dec81399442,2024-12-05,ERP_CORPORATIVO,TRANSACOES_FINANCEIRAS,15893,96e26f6c7ca75c525ad1af7a2cece6561de80b4cf83c35830c8c95d748085e52
TR-15894,2024-11-14,2024-11-01,COMP,ACC-00083,DESPESA,2893.6043142943554,2893.6043142943554,BRL,Comissão recebida por COMP,33,BOLETO,PAGO,b93771a8-49a7-4f5b-9dd2-8dec81399442,2024-12-05,ERP_CORPORATIVO,TRANSACOES_FINANCEIRAS,15894,c4edb08c5bba206dc42b7464749ac6b55a4fde4461d09c369c94cd7d00d761eb
TR-16159,2024-11-15,2024-11-01,FIN,FORN-00084,RECEITA,4300.231025372878,4300.231025372878,BRL,Recebimento de subvenção - FIN,36,TRANSFERENCIA,CANCELADO,b93771a8-49a7-4f5b-9dd2-8dec81399442,2024-12-05,ERP_CORPORATIVO,TRANSACOES_FINANCEIRAS,16159,8947f43e2fced4e9905445cba808190a8e60fa6d3c17f7c3f40d38fffad4aa6d
TR-16160,2024-11-04,2024-11-01,COMP,FORN-00084,RECEITA,5329.753994104045,5216.955524404345,BRL,Prestação de serviço para área COMP,1,PIX,ATRASADO,b93771a8-49a7-4f5b-9dd2-8dec81399442,2024-12-05,ERP_CORPORATIVO,TRANSACOES_FINANCEIRAS,16160,50ce10880081ccec23080576ea22e7dbf7963810831d7869825fa288569aaa3d
TR-16161,2024-11-11,2024-11-01,PJT,FORN-00084,RECEITA,5488.413963661029,5488.413963661029,USD,Licença de software para área PJT,27,PIX,PAGO,b93771a8-49a7-4f5b-9dd2-8dec81399442,2024-12-05,ERP_CORPORATIVO,TRANSACOES_FINANCEIRAS,16161,518edce0fabe410ff94a63e7c0d86c3f76bce235606f2574e92a7a3c47007e7a
TR-16162,2024-11-18,2024-11-01,ADM,FORN-00084,RECEITA,5238.247831762268,5238.247831762268,BRL,Reparo de frota vinculado à área ADM,17,PIX,PAGO,b93771a8-49a7-4f5b-9dd2-8dec81399442,2024-12-05,ERP_CORPORATIVO,TRANSACOES_FINANCEIRAS,16162,7f40ee2ad74245fee55ddbc84c12ecfef9a27ecc9779162726f485720e54f2bf
TR-16163,2024-11-28,2024-11-01,OP,FORN-00084,RECEITA,4817.477273522847,4817.477273522847,BRL,Receita de comissão comercial - OP,33,BOLETO,PAGO,b93771a8-49a7-4f5b-9dd2-8dec81399442,2024-12-05,ERP_CORPORATIVO,TRANSACOES_FINANCEIRAS,16163,ceabdc6368056ad443ec12eb45a64bea882dbdb0c1845c03d54d92ef9475adad
TR-16164,2024-11-15,2024-11-01,FIN,FORN-00084,DESPESA,4909.946146755402,4828.798395022375,BRL,Compra de insumos para setor FIN,2,TED,PAGO,b93771a8-49a7-4f5b-9dd2-8dec81399442,2024-12-05,ERP_CORPORATIVO,TRANSACOES_FINANCEIRAS,16164,51356ece386efcc34bd1f0ab53cb969f12a06f302f7385f301821b8c35b48e34
TR-16165,2024-11-18,2024-11-01,CPT,FORN-00084,DESPESA,5004.660300898281,4884.319239229145,BRL,Tributo incidente sobre receita de CPT,40,BOLETO,PAGO,b93771a8-49a7-4f5b-9dd2-8dec81399442,2024-12-05,ERP_CORPORATIVO,TRANSACOES_FINANCEIRAS,16165,42adc1ca749bb14684a28161b2cda1790e7311176404a68248b2d34389e58309
TR-16166,2024-11-25,2024-11-01,OP,FORN-00084,RECEITA,12722.635005747283,12722.635005747283,BRL,Serviço de tecnologia contratado por OP,5,TED,PAGO,b93771a8-49a7-4f5b-9dd2-8dec81399442,2024-12-05,ERP_CORPORATIVO,TRANSACOES_FINANCEIRAS,16166,65e2f27b7b36ba87ccae2ea3ed62323e6288129c2f4b53a11def7b613bdea5a9
TR-16290,2024-11-27,2024-11-01,FIN,1000084,RECEITA,3564.131509861425,3564.131509861425,BRL,Recebimento de subvenção - FIN,36,CARTAO,PAGO,b93771a8-49a7-4f5b-9dd2-8dec81399442,2024-12-05,ERP_CORPORATIVO,TRANSACOES_FINANCEIRAS,16290,8eae12ad3e648fa8f91753797fddb31e53ab9005239e0dcf92164206b2c47e08
TR-16291,2024-11-11,2024-11-01,FIN,1000084,RECEITA,3156.497627298687,3156.497627298687,BRL,Passagem aérea para colaborador de FIN,18,PIX,PAGO,b93771a8-49a7-4f5b-9dd2-8dec81399442,2024-12-05,ERP_CORPORATIVO,TRANSACOES_FINANCEIRAS,16291,410bd34b691fae6f0e7022cb7388b9ac5fadbc0afe9cef7f38670dbff5f8f075
TR-16292,2024-11-11,2024-11-01,COMP,1000084,DESPESA,4284.378809594938,4085.72591292448,BRL,Venda de ativo imobilizado por COMP,35,TRANSFERENCIA,ATRASADO,b93771a8-49a7-4f5b-9dd2-8dec81399442,2024-12-05,ERP_CORPORATIVO,TRANSACOES_FINANCEIRAS,16292,9b4599c38d5d248aeacc0b134bcff5cb834ec431ca8c8bf7d00c60fccc2890dd
TR-16293,2024-11-08,2024-11-01,MKT,1000084,RECEITA,3775.1630551881776,3775.1630551881776,BRL,Serviço especializado solicitado por MKT,1,CARTAO,PAGO,b93771a8-49a7-4f5b-9dd2-8dec81399442,2024-12-05,ERP_CORPORATIVO,TRANSACOES_FINANCEIRAS,16293,28c53e164a64faea25d25c502a18f2d8c4b98dce808521ad86ac1df8b42c3930
TR-16294,2024-11-20,2024-11-01,COM,1000084,RECEITA,972.2439391739562,972.2439391739562,EUR,Despesa de infraestrutura - COM,3,TED,PAGO,b93771a8-49a7-4f5b-9dd2-8dec81399442,2024-12-05,ERP_CORPORATIVO,TRANSACOES_FINANCEIRAS,16294,b8705d2a5d0c4b98e3b4f55624154cbf70b95a2f8f219d1a4d947fb1ccf5f5bb
TR-16295,2024-11-20,2024-11-01,OP,1000084,DESPESA,3785.319117090811,3785.319117090811,BRL,Aquisição de material operacional - OP,2,PIX,PAGO,b93771a8-49a7-4f5b-9dd2-8dec81399442,2024-12-05,ERP_CORPORATIVO,TRANSACOES_FINANCEIRAS,16295,e50758fc1c0a49aa3f7bfbe0422a8e30c95220562fbd4224d0ce1eea2b748b36
TR-16296,2024-11-14,2024-11-01,COMP,1000084,DESPESA,3047.0630451047546,3047.0630451047546,BRL,Estorno de receita - COMP,39,BOLETO,PAGO,b93771a8-49a7-4f5b-9dd2-8dec81399442,2024-12-05,ERP_CORPORATIVO,TRANSACOES_FINANCEIRAS,16296,d243f947bb11f0b834d623a24fe69a81819bef9275a5e6484aa96ef74ab3ae7e
TR-16297,2024-11-12,2024-11-01,COM,1000084,DESPESA,4052.69246930828,4052.69246930828,BRL,Contrato de serviço - setor COM,1,TED,PAGO,b93771a8-49a7-4f5b-9dd2-8dec81399442,2024-12-05,ERP_CORPORATIVO,TRANSACOES_FINANCEIRAS,16297,8bd259c2353b74386695998ef5c877f149a806a401555ddb0be064c56475c170
TR-16298,2024-11-11,2024-11-01,PES,1000084,DESPESA,4455.7410027897895,4455.7410027897895,BRL,Manutenção de equipamentos de PES,28,BOLETO,ATRASADO,b93771a8-49a7-4f5b-9dd2-8dec81399442,2024-12-05,ERP_CORPORATIVO,TRANSACOES_FINANCEIRAS,16298,82accd71e07df8d0b3d3dc011b44faa2f906872ab59cda474d98167ec300d8b5
TR-16299,2024-11-14,2024-11-01,CTB,1000084,DESPESA,3912.410333500238,3838.0550916210755,BRL,Contrato de serviço - setor CTB,1,BOLETO,ATRASADO,b93771a8-49a7-4f5b-9dd2-8dec81399442,2024-12-05,ERP_CORPORATIVO,TRANSACOES_FINANCEIRAS,16299,5dc65ebf43037bdb331c203583bde858c761af0e6e29f9139a72480c2e01d76b
TR-16300,2024-11-20,2024-11-01,COMP,1000084,RECEITA,3259.0586259104807,3259.0586259104807,BRL,Serviço de tecnologia contratado por COMP,5,BOLETO,PAGO,b93771a8-49a7-4f5b-9dd2-8dec81399442,2024-12-05,ERP_CORPORATIVO,TRANSACOES_FINANCEIRAS,16300,8c733dfa145ba0ed74e684d04612a000b8e480402ecde1beb4b8983309c47e5b
TR-16301,2024-11-18,2024-11-01,FIN,1000084,DESPESA,2953.0460873941756,2953.0460873941756,USD,Custo operacional associado a FIN,8,BOLETO,PAGO,b93771a8-49a7-4f5b-9dd2-8dec81399442,2024-12-05,ERP_CORPORATIVO,TRANSACOES_FINANCEIRAS,16301,086da159d86fc85a6179c0aabc2f6bd103d57b01f0b35bf1bdfa30aeb51dd7d6
TR-16602,2024-11-13,2024-11-01,OP,1000085,RECEITA,2700.08716315592,2700.08716315592,BRL,Despesa de RH - OP,6,PIX,PAGO,b93771a8-49a7-4f5b-9dd2-8dec81399442,2024-12-05,ERP_CORPORATIVO,TRANSACOES_FINANCEIRAS,16602,02da12221ae75938bbea8cd2d33f0a7418830719214384c4fbab454434efca5d
TR-16603,2024-11-27,2024-11-01,OP,1000085,DESPESA,3252.653789585658,3252.653789585658,BRL,Manutenção predial solicitada por OP,10,PIX,PAGO,b93771a8-49a7-4f5b-9dd2-8dec81399442,2024-12-05,ERP_CORPORATIVO,TRANSACOES_FINANCEIRAS,16603,6bcc5b9cb8934dca823d0f15dfcc12536d7449a2958426aa37799e3bd2f65a5b
TR-16604,2024-11-18,2024-11-01,ESG,1000085,DESPESA,3120.030131817219,3120.030131817219,BRL,Campanha institucional - ESG,4,TRANSFERENCIA,PAGO,b93771a8-49a7-4f5b-9dd2-8dec81399442,2024-12-05,ERP_CORPORATIVO,TRANSACOES_FINANCEIRAS,16604,d8df78854f2d17dee08ed134f114eb63018446457857b4eec33c763c8e372103
TR-16605,2024-11-18,2024-11-01,COMP,1000085,DESPESA,3474.0383456584773,3474.0383456584773,BRL,Contrato de serviço - setor COMP,1,BOLETO,PAGO,b93771a8-49a7-4f5b-9dd2-8dec81399442,2024-12-05,ERP_CORPORATIVO,TRANSACOES_FINANCEIRAS,16605,71c97040a0c7b96d4cc5620b80af60088a503110a487d6de78a706385263e8a2
TR-16606,2024-11-15,2024-11-01,JUR,1000085,DESPESA,2415.102056167282,2297.3904163917778,BRL,Despesa operacional - JUR,8,PIX,CANCELADO,b93771a8-49a7-4f5b-9dd2-8dec81399442,2024-12-05,ERP_CORPORATIVO,TRANSACOES_FINANCEIRAS,16606,116402c8a832d45344d4c168186202cf9caa4421505919962fe765ffce0d888e
TR-16607,2024-11-07,2024-11-01,PRD,1000085,RECEITA,2746.6964344528787,2746.6964344528787,BRL,Diária de hotel para equipe PRD,19,PIX,CANCELADO,b93771a8-49a7-4f5b-9dd2-8dec81399442,2024-12-05,ERP_CORPORATIVO,TRANSACOES_FINANCEIRAS,16607,a0cb524c5221c96b30ac1ef0d76006b64d9ae4f8fcbc154fab90a9218cb2101d
TR-16608,2024-11-15,2024-11-01,MKT,1000085,RECEITA,2633.761351566792,2633.761351566792,BRL,Honorários profissionais contratados por MKT,11,TRANSFERENCIA,PAGO,b93771a8-49a7-4f5b-9dd2-8dec81399442,2024-12-05,ERP_CORPORATIVO,TRANSACOES_FINANCEIRAS,16608,d242d5e72ad3421bf063cdb8073509bb97711a4e6622c49af52616267248bb8a
TR-16609,2024-11-11,2024-11-01,JUR,1000085,DESPESA,3116.5560986927517,3116.5560986927517,BRL,Aquisição de material operacional - JUR,2,TRANSFERENCIA,PAGO,b93771a8-49a7-4f5b-9dd2-8dec81399442,2024-12-05,ERP_CORPORATIVO,TRANSACOES_FINANCEIRAS,16609,f97a7004b0d4afce8f9fec8946df8d01ee402083ca9bdc52b4225016d68fc969
TR-16610,2024-11-18,2024-11-01,PRD,1000085,DESPESA,3374.8009765626716,3374.8009765626716,BRL,Combustível e lubrificantes para frota (PRD),16,BOLETO,PAGO,b93771a8-49a7-4f5b-9dd2-8dec81399442,2024-12-05,ERP_CORPORATIVO,TRANSACOES_FINANCEIRAS,16610,c09bd4d8128efe2086cbace87d2898b8b8d81aed0c08d65ace2dadc93e6bef77
TR-16611,2024-11-11,2024-11-01,MKT,1000085,DESPESA,2778.273157578424,2740.349345653965,BRL,Produção de material gráfico - MKT,15,BOLETO,PAGO,b93771a8-49a7-4f5b-9dd2-8dec81399442,2024-12-05,ERP_CORPORATIVO,TRANSACOES_FINANCEIRAS,16611,b435f390a48b69713a14458122b84f5fdd9fa696912b9c4f233247c4c225f1d9
TR-16612,2024-11-15,2024-11-01,JUR,1000085,DESPESA,3061.707346179185,3061.707346179185,BRL,Manutenção de equipamentos de JUR,28,TED,PAGO,b93771a8-49a7-4f5b-9dd2-8dec81399442,2024-12-05,ERP_CORPORATIVO,TRANSACOES_FINANCEIRAS,16612,b753a024dfd2a776eebf49f937ffa16b44751d52b17abe7c7144db30f9b49ebe
TR-16613,2024-11-18,2024-11-01,FIN,1000085,DESPESA,3331.4077247613905,3331.4077247613905,BRL,Serviço especializado solicitado por FIN,1,BOLETO,PAGO,b93771a8-49a7-4f5b-9dd2-8dec81399442,2024-12-05,ERP_CORPORATIVO,TRANSACOES_FINANCEIRAS,16613,080990c80142d62c934617246b8a8c8722525ee2313f464b11f325dec8a60c70
TR-16614,2024-11-14,2024-11-01,ATD,1000085,DESPESA,2979.205322345371,2979.205322345371,BRL,Despesa de refeição em deslocamento (ATD),20,CARTAO,PAGO,b93771a8-49a7-4f5b-9dd2-8dec81399442,2024-12-05,ERP_CORPORATIVO,TRANSACOES_FINANCEIRAS,16614,43edd3209dcd79ac28f424199c0fac6066b11c487dc6cfb8e9be7fa505ba9713
TR-16615,2024-11-04,2024-11-01,COM,1000085,DESPESA,3093.115411775502,3093.115411775502,BRL,Serviço especializado solicitado por COM,1,CARTAO,PAGO,b93771a8-49a7-4f5b-9dd2-8dec81399442,2024-12-05,ERP_CORPORATIVO,TRANSACOES_FINANCEIRAS,16615,aad9a3dffdfe6e523d4c5b8c6db637c6455686b62f55ec41b5360466c94e46c7
TR-16616,2024-11-08,2024-11-01,COMP,1000085,RECEITA,2364.8343365922565,2287.9973055479545,BRL,Contrato de SaaS vinculado a COMP,27,TRANSFERENCIA,PAGO,b93771a8-49a7-4f5b-9dd2-8dec81399442,2024-12-05,ERP_CORPORATIVO,TRANSACOES_FINANCEIRAS,16616,a04598e85342da898d2eb889f78e73e600b3d47618c9a3b235524f4a82d50657
TR-16617,2024-11-18,2024-11-01,PJT,1000085,DESPESA,1081.9161275228994,1081.9161275228994,BRL,Receita extraordinária - PJT,37,BOLETO,PAGO,b93771a8-49a7-4f5b-9dd2-8dec81399442,2024-12-05,ERP_CORPORATIVO,TRANSACOES_FINANCEIRAS,16617,67882ea9dd7c8728c9f030924479c61c5c1dd4b8396cbe743384bbaac0e120f4
TR-16618,2024-11-11,2024-11-01,LOG,1000085,DESPESA,2798.703901280481,2710.4271529546995,BRL,Produção de material gráfico - LOG,15,BOLETO,ATRASADO,b93771a8-49a7-4f5b-9dd2-8dec81399442,2024-12-05,ERP_CORPORATIVO,TRANSACOES_FINANCEIRAS,16618,cb218a71762b1f8a057a4e0dc4ea832a689976303cc1646d6ef9190b6ef7e395
TR-16619,2024-11-11,2024-11-01,CTB,1000085,RECEITA,3765.9804646548987,3691.888369330784,BRL,Manutenção preventiva de veículos - CTB,17,PIX,PAGO,b93771a8-49a7-4f5b-9dd2-8dec81399442,2024-12-05,ERP_CORPORATIVO,TRANSACOES_FINANCEIRAS,16619,ac3d67a2d80d528fe51d4236ed3928a09dec4eb33c52ef0421ef8bcc85fba0ca
TR-16620,2024-11-18,2024-11-01,COMP,1000085,DESPESA,2648.3830311746115,2648.3830311746115,BRL,Juros sobre operação financeira - COMP,23,CARTAO,PAGO,b93771a8-49a7-4f5b-9dd2-8dec81399442,2024-12-05,ERP_CORPORATIVO,TRANSACOES_FINANCEIRAS,16620,2e9f5a3c7140215d5f866226beeacf05ce4dbc735c029801f49344fbdd73bd26
TR-16621,2024-11-13,2024-11-01,RH,1000085,DESPESA,3023.7267830400774,3023.7267830400774,BRL,Apólice de seguro - RH,21,PIX,PAGO,b93771a8-49a7-4f5b-9dd2-8dec81399442,2024-12-05,ERP_CORPORATIVO,TRANSACOES_FINANCEIRAS,16621,cfaeea006c7ec77a66e134155e78adced4eaff2454aec4672ed291c921f7c801
TR-16999,2024-11-19,2024-11-01,CPT,FORN-00087,DESPESA,2511.907975451922,2511.907975451922,BRL,Imposto sobre venda apurado em CPT,40,CARTAO,PAGO,b93771a8-49a7-4f5b-9dd2-8dec81399442,2024-12-05,ERP_CORPORATIVO,TRANSACOES_FINANCEIRAS,16999,e0373f165b33bf8a0ae4d3c7d026d950cce55ae435bf0eb60dacb0700aa805f3
TR-17000,2024-11-19,2024-11-01,RH,FORN-00087,DESPESA,2197.7579940564688,2197.7579940564688,BRL,Despesa operacional - RH,8,BOLETO,CANCELADO,b93771a8-49a7-4f5b-9dd2-8dec81399442,2024-12-05,ERP_CORPORATIVO,TRANSACOES_FINANCEIRAS,17000,fc3b35a6ac62894f17dcf58822da2d185f0a3fb8d03feefaf1eb7c102e9c8583
TR-17001,2024-11-20,2024-11-01,FIN,FORN-00087,RECEITA,2767.348951055775,2767.348951055775,BRL,Estorno de receita - FIN,39,TED,PAGO,b93771a8-49a7-4f5b-9dd2-8dec81399442,2024-12-05,ERP_CORPORATIVO,TRANSACOES_FINANCEIRAS,17001,20843fc6da18cb8fed764a0ceb1416cccc4bc66d7fe94487bac79653ab2ac321
TR-17002,2024-11-08,2024-11-01,VND,FORN-00087,RECEITA,6365.706868175275,6365.706868175275,BRL,Serviço técnico especializado para VND,11,TRANSFERENCIA,PAGO,b93771a8-49a7-4f5b-9dd2-8dec81399442,2024-12-05,ERP_CORPORATIVO,TRANSACOES_FINANCEIRAS,17002,1df4b05cfe7a91010d2de76216b64286965bf9796aa2871996ccd6aef7cc0a5d
TR-17003,2024-11-13,2024-11-01,TI,FORN-00087,DESPESA,2624.1322952345727,2624.1322952345727,BRL,Receita de comissão comercial - TI,33,PIX,CANCELADO,b93771a8-49a7-4f5b-9dd2-8dec81399442,2024-12-05,ERP_CORPORATIVO,TRANSACOES_FINANCEIRAS,17003,4da4495ffa0ac09b5d9322e08f7098ec74550ccb4b791f4b201021fcd1052008
TR-17004,2024-11-19,2024-11-01,MKT,FORN-00087,RECEITA,2358.1968002017948,2358.1968002017948,BRL,Custo operacional associado a MKT,8,BOLETO,PAGO,b93771a8-49a7-4f5b-9dd2-8dec81399442,2024-12-05,ERP_CORPORATIVO,TRANSACOES_FINANCEIRAS,17004,b470412f29484c579d1fcfff470748c86767d697a1be8e55246ed6148c9d5e4d
TR-17005,2024-11-25,2024-11-01,FIN,FORN-00087,DESPESA,9734.355978279022,9734.355978279022,BRL,Serviço de tecnologia contratado por FIN,5,TED,PAGO,b93771a8-49a7-4f5b-9dd2-8dec81399442,2024-12-05,ERP_CORPORATIVO,TRANSACOES_FINANCEIRAS,17005,c53cf7b29de2c67091d4567d719a8e077a82c24a465205f15ac526a016dcb76f
TR-17006,2024-11-25,2024-11-01,CPT,FORN-00087,DESPESA,2254.9170555896917,2254.9170555896917,BRL,Reparo de frota vinculado à área CPT,17,BOLETO,PAGO,b93771a8-49a7-4f5b-9dd2-8dec81399442,2024-12-05,ERP_CORPORATIVO,TRANSACOES_FINANCEIRAS,17006,b2cb7ad331497c7ef64b1db49cea5225b3940d4056fecffd479e6e6eae7ab37b
TR-17008,2024-11-25,2024-11-01,VND,FORN-00087,RECEITA,2235.9677096110718,2208.9792506126137,BRL,Assessoria legal vinculada à área VND,7,TED,ATRASADO,b93771a8-49a7-4f5b-9dd2-8dec81399442,2024-12-05,ERP_CORPORATIVO,TRANSACOES_FINANCEIRAS,17008,5e1e247f071bef760bd7d5b4087a64e7cb984c4c3b6a9ca0fe868cc73cf0b9b2
TR-17009,2024-11-25,2024-11-01,COMP,FORN-00087,DESPESA,2467.665268877259,2467.665268877259,BRL,Contrato de serviço - setor COMP,1,TRANSFERENCIA,PAGO,b93771a8-49a7-4f5b-9dd2-8dec81399442,2024-12-05,ERP_CORPORATIVO,TRANSACOES_FINANCEIRAS,17009,bf112c9e57dc9308ebe3fab53bcc9467e54df29deaef544b67c8ca89dd2cd824
TR-17011,2024-11-04,2024-11-01,FIN,FORN-00087,DESPESA,2634.8707475489878,2634.8707475489878,USD,Licenciamento de software - FIN,5,PIX,PAGO,b93771a8-49a7-4f5b-9dd2-8dec81399442,2024-12-05,ERP_CORPORATIVO,TRANSACOES_FINANCEIRAS,17011,44113a9aca7ed7d4075f872a56906489d4872debbe797ee11a0f4e3ec7245d0c
TR-17012,2024-11-11,2024-11-01,VND,FORN-00087,RECEITA,5913.522492776771,5817.813263411387,BRL,Resultado de equivalência patrimonial - VND,34,PIX,PAGO,b93771a8-49a7-4f5b-9dd2-8dec81399442,2024-12-05,ERP_CORPORATIVO,TRANSACOES_FINANCEIRAS,17012,6f5eb6d21028cc9663c020cdb61f6a060a2b39353e66ed9cf8befd51744c0cfb
TR-17307,2024-11-11,2024-11-01,COMP,1000088,DESPESA,4214.300161539087,4052.4783127650367,BRL,Manutenção estrutural vinculada à área COMP,3,PIX,PAGO,b93771a8-49a7-4f5b-9dd2-8dec81399442,2024-12-05,ERP_CORPORATIVO,TRANSACOES_FINANCEIRAS,17307,f2286d1dfbba664c26600287e26cdff89b7cc91b1d9f3142e690c525d4d622d1
TR-17308,2024-11-11,2024-11-01,FIN,1000088,RECEITA,5587.1893263648835,5587.1893263648835,BRL,Compra de insumos para setor FIN,2,TRANSFERENCIA,ATRASADO,b93771a8-49a7-4f5b-9dd2-8dec81399442,2024-12-05,ERP_CORPORATIVO,TRANSACOES_FINANCEIRAS,17308,ea0a4cc9a5242a341273919890f887d68c88144b7eca7158a361941085431645
TR-17309,2024-11-21,2024-11-01,CTB,1000088,RECEITA,4456.980066084347,4456.980066084347,EUR,Licença de software para área CTB,27,PIX,PAGO,b93771a8-49a7-4f5b-9dd2-8dec81399442,2024-12-05,ERP_CORPORATIVO,TRANSACOES_FINANCEIRAS,17309,757833d520ceb96683f2ca2a988f399a410b3b8061c93756ee32afe68b849b71
TR-17310,2024-11-08,2024-11-01,VND,1000088,RECEITA,5034.763156135907,5034.763156135907,BRL,Apólice de seguro - VND,21,BOLETO,PAGO,b93771a8-49a7-4f5b-9dd2-8dec81399442,2024-12-05,ERP_CORPORATIVO,TRANSACOES_FINANCEIRAS,17310,f4415d447b5c55e05813b9970160c4dfd8fbce85f56047f9a531b1937dbd7040
TR-17311,2024-11-25,2024-11-01,OP,1000088,DESPESA,6384.58345190503,6384.58345190503,BRL,Manutenção estrutural vinculada à área OP,3,PIX,PAGO,b93771a8-49a7-4f5b-9dd2-8dec81399442,2024-12-05,ERP_CORPORATIVO,TRANSACOES_FINANCEIRAS,17311,edbf14b5777078b6ec46b28cc8fd411505b09c0e2768523ac5c67554b8239560
TR-17312,2024-11-13,2024-11-01,TI,1000088,DESPESA,4658.520385621431,4658.520385621431,BRL,Serviço relacionado a recursos humanos (TI),6,PIX,PAGO,b93771a8-49a7-4f5b-9dd2-8dec81399442,2024-12-05,ERP_CORPORATIVO,TRANSACOES_FINANCEIRAS,17312,9307c56039a91daf98f80d4c3e1936c2196886588962fff286158f178a841047
TR-17313,2024-11-18,2024-11-01,ADM,1000088,DESPESA,4939.623096156323,4939.623096156323,BRL,Passagem aérea para colaborador de ADM,18,PIX,CANCELADO,b93771a8-49a7-4f5b-9dd2-8dec81399442,2024-12-05,ERP_CORPORATIVO,TRANSACOES_FINANCEIRAS,17313,4c29088f91b03f0e7a6d36b738d87a715d388c20c6d4f2abbb4c0de25fd3397d
TR-17428,2024-11-18,2024-11-01,COMP,1000089,RECEITA,3441.052014801322,3441.052014801322,BRL,Serviço técnico especializado para COMP,11,CARTAO,ATRASADO,b93771a8-49a7-4f5b-9dd2-8dec81399442,2024-12-05,ERP_CORPORATIVO,TRANSACOES_FINANCEIRAS,17428,efaaa9343b9d13ee6e37a597283da9675d87012b2c18c3ab31f68b901b0eb440
TR-17429,2024-11-18,2024-11-01,ADM,1000089,DESPESA,4189.620862973671,4189.620862973671,BRL,Promoção e atividade externa - ADM,14,TRANSFERENCIA,PAGO,b93771a8-49a7-4f5b-9dd2-8dec81399442,2024-12-05,ERP_CORPORATIVO,TRANSACOES_FINANCEIRAS,17429,1d71012702db896a62e66377aacd4c6f211b4e94d8437e7e009bbdabbf89b913
TR-17430,2024-11-19,2024-11-01,TI,1000089,DESPESA,4773.49129942806,4773.49129942806,BRL,Manutenção estrutural vinculada à área TI,3,TRANSFERENCIA,PAGO,b93771a8-49a7-4f5b-9dd2-8dec81399442,2024-12-05,ERP_CORPORATIVO,TRANSACOES_FINANCEIRAS,17430,b172c65f0844bbd4ebd44a5183fe3d5a83234054bb87255388c15bb67ef6006a
TR-17431,2024-11-14,2024-11-01,VND,1000089,RECEITA,4062.930586251538,4062.930586251538,BRL,Serviço especializado solicitado por VND,1,TRANSFERENCIA,ATRASADO,b93771a8-49a7-4f5b-9dd2-8dec81399442,2024-12-05,ERP_CORPORATIVO,TRANSACOES_FINANCEIRAS,17431,6a79beb4a86d5be4ff49ee943004b1649c3cb377196179b4710f5eb82c73488f
TR-17432,2024-11-04,2024-11-01,VND,1000089,DESPESA,10277.739173270224,10235.300597122725,BRL,Manutenção de equipamentos de VND,28,PIX,PAGO,b93771a8-49a7-4f5b-9dd2-8dec81399442,2024-12-05,ERP_CORPORATIVO,TRANSACOES_FINANCEIRAS,17432,05d3e4709713cd1002cd2f25d82add2d32f23e598aff36c4144bb4b91b5ae367
TR-17433,2024-11-11,2024-11-01,MKT,1000089,DESPESA,3825.599498262418,3825.599498262418,EUR,Prestação de serviço para área MKT,1,PIX,ATRASADO,b93771a8-49a7-4f5b-9dd2-8dec81399442,2024-12-05,ERP_CORPORATIVO,TRANSACOES_FINANCEIRAS,17433,55863440c70865e5be3c1023232e6348f9c133e1acb53d141c5dbab4f58e9dd8
TR-17434,2024-11-04,2024-11-01,FIN,1000089,DESPESA,4197.860436450822,4084.793334921504,BRL,Reparo de frota vinculado à área FIN,17,TED,ATRASADO,b93771a8-49a7-4f5b-9dd2-8dec81399442,2024-12-05,ERP_CORPORATIVO,TRANSACOES_FINANCEIRAS,17434,7727a665c834cf2329f24b7ca00c65e530d5a1706a5fed1b7c822bd4297b7b3c
TR-17435,2024-11-15,2024-11-01,ATD,1000089,DESPESA,4481.659871484277,4481.659871484277,BRL,Serviços contábeis externos - ATD,25,CARTAO,PAGO,b93771a8-49a7-4f5b-9dd2-8dec81399442,2024-12-05,ERP_CORPORATIVO,TRANSACOES_FINANCEIRAS,17435,a12dcb130a739a0f6f024a15b7572b4469f6e9b52173869ae7d999e5f50ddd93
TR-17436,2024-11-18,2024-11-01,MKT,1000089,DESPESA,4212.895928749751,4160.026814774336,BRL,Serviço especializado solicitado por MKT,1,BOLETO,PAGO,b93771a8-49a7-4f5b-9dd2-8dec81399442,2024-12-05,ERP_CORPORATIVO,TRANSACOES_FINANCEIRAS,17436,0d3c8d681d36b30177df1a4b664576351135fdf1215495851898d5b8a988a3ff
TR-17632,2024-11-18,2024-11-01,COMP,1000090,DESPESA,1157.8613053358272,1157.8613053358272,BRL,Custo operacional associado a COMP,8,TED,PAGO,b93771a8-49a7-4f5b-9dd2-8dec81399442,2024-12-05,ERP_CORPORATIVO,TRANSACOES_FINANCEIRAS,17632,d34988133d438abaffaf69e7b614ba26c64e6d040abca9879ae74b45be436bc5
TR-17633,2024-11-18,2024-11-01,COMP,1000090,RECEITA,1379.030804045335,1310.1726149104306,BRL,Despesa operacional - COMP,8,BOLETO,CANCELADO,b93771a8-49a7-4f5b-9dd2-8dec81399442,2024-12-05,ERP_CORPORATIVO,TRANSACOES_FINANCEIRAS,17633,4c7101f6281282ee1889af45bf7537f13bbd21a72e70981ea214632ab31cb97e
TR-17634,2024-11-01,2024-11-01,SEC,1000090,RECEITA,1566.0600720533594,1507.1823954421452,BRL,Passagem aérea para colaborador de SEC,18,TRANSFERENCIA,ATRASADO,b93771a8-49a7-4f5b-9dd2-8dec81399442,2024-12-05,ERP_CORPORATIVO,TRANSACOES_FINANCEIRAS,17634,e0659ae730269762e4ccad0cd2d2c8bc5953c926a8876c90f77d6ac96c24afa2
TR-17635,2024-11-13,2024-11-01,PES,1000090,DESPESA,1324.653500180065,1324.653500180065,BRL,Manutenção estrutural vinculada à área PES,3,TRANSFERENCIA,PAGO,b93771a8-49a7-4f5b-9dd2-8dec81399442,2024-12-05,ERP_CORPORATIVO,TRANSACOES_FINANCEIRAS,17635,703eedf4dcf9dc16287650f0b41a7213a0732be26b80afce629d09e17b747744
TR-17636,2024-11-14,2024-11-01,MKT,1000090,RECEITA,1283.1832430137358,1283.1832430137358,BRL,Campanha institucional - MKT,4,CARTAO,PAGO,b93771a8-49a7-4f5b-9dd2-8dec81399442,2024-12-05,ERP_CORPORATIVO,TRANSACOES_FINANCEIRAS,17636,de997f82087dbdb46a2aba63b7f30259c9835f2993e1392eae67ab69a3c42e24
TR-17637,2024-11-18,2024-11-01,COMP,1000090,DESPESA,1151.2122475484,1134.4373250061485,BRL,Imposto sobre venda apurado em COMP,40,BOLETO,ATRASADO,b93771a8-49a7-4f5b-9dd2-8dec81399442,2024-12-05,ERP_CORPORATIVO,TRANSACOES_FINANCEIRAS,17637,b36b31c121822b47fc410df11fcb79c42c1eefd5354d4c05230124d8bc75c798
TR-17638,2024-11-19,2024-11-01,COMP,1000090,RECEITA,1453.293356165003,1453.293356165003,BRL,Serviço especializado solicitado por COMP,1,TED,PAGO,b93771a8-49a7-4f5b-9dd2-8dec81399442,2024-12-05,ERP_CORPORATIVO,TRANSACOES_FINANCEIRAS,17638,fd54c3762a18d1ffa063831dabac698c274b7653821684947c1277a37f089a04
TR-17639,2024-11-22,2024-11-01,FIN,1000090,RECEITA,1319.1010557810264,1267.4600507225307,BRL,Despesa jurídica da área FIN,24,PIX,PAGO,b93771a8-49a7-4f5b-9dd2-8dec81399442,2024-12-05,ERP_CORPORATIVO,TRANSACOES_FINANCEIRAS,17639,8f381538142142db816f533c10e369fe2a498924a4e017e17837be4e5032d601
TR-17640,2024-11-08,2024-11-01,SEC,1000090,RECEITA,1152.6728924987963,1152.6728924987963,BRL,Treinamento corporativo para equipe SEC,30,CARTAO,PAGO,b93771a8-49a7-4f5b-9dd2-8dec81399442,2024-12-05,ERP_CORPORATIVO,TRANSACOES_FINANCEIRAS,17640,b220810ea9d101962bd2676244582a01e734251ed7f7e85e6b5517e35cf7b3bd
TR-17641,2024-11-13,2024-11-01,PES,1000090,DESPESA,729.3793437352894,729.3793437352894,BRL,Assessoria legal vinculada à área PES,7,TED,PAGO,b93771a8-49a7-4f5b-9dd2-8dec81399442,2024-12-05,ERP_CORPORATIVO,TRANSACOES_FINANCEIRAS,17641,4833ef9ca2ed2ee8748ea078b70654748157b257de4dc225b8514d0cff11420a
TR-17642,2024-11-18,2024-11-01,VND,1000090,DESPESA,1220.322782032472,1220.322782032472,EUR,Manutenção estrutural vinculada à área VND,3,PIX,PAGO,b93771a8-49a7-4f5b-9dd2-8dec81399442,2024-12-05,ERP_CORPORATIVO,TRANSACOES_FINANCEIRAS,17642,1b2ea4eb51fa4c1d81e44835420751a3b8afe8933250750ca305992b0dc20eff
TR-17643,2024-11-14,2024-11-01,COM,1000090,RECEITA,1291.509329877229,1291.509329877229,BRL,Treinamento corporativo para equipe COM,30,TED,ATRASADO,b93771a8-49a7-4f5b-9dd2-8dec81399442,2024-12-05,ERP_CORPORATIVO,TRANSACOES_FINANCEIRAS,17643,af95dc464879a42390f0f4b744031721ffa113da501abd2469f337e59d1e5ec4
TR-17644,2024-11-18,2024-11-01,COMP,1000090,RECEITA,1158.454278180598,1108.227493779034,BRL,Serviço relacionado a recursos humanos (COMP),6,PIX,PAGO,b93771a8-49a7-4f5b-9dd2-8dec81399442,2024-12-05,ERP_CORPORATIVO,TRANSACOES_FINANCEIRAS,17644,d932158feae0461e104f3234e1658060867c47ae5e78000b6e69c5b16ffc43db
TR-17645,2024-11-18,2024-11-01,OP,1000090,DESPESA,1098.8544514263392,1098.8544514263392,EUR,Manutenção estrutural vinculada à área OP,3,PIX,PAGO,b93771a8-49a7-4f5b-9dd2-8dec81399442,2024-12-05,ERP_CORPORATIVO,TRANSACOES_FINANCEIRAS,17645,e14c64403e4133e2af5837d45ebacac796027727515098bb41f63f982440ce02
TR-17646,2024-11-12,2024-11-01,MKT,1000090,DESPESA,1104.5823853892928,1077.03608674589,BRL,Prestação de serviço para área MKT,1,PIX,PAGO,b93771a8-49a7-4f5b-9dd2-8dec81399442,2024-12-05,ERP_CORPORATIVO,TRANSACOES_FINANCEIRAS,17646,6df3304958c290e2c20c4fe3a538a347902d5a76d66d34ac7bd7ff98e7bc8221
TR-17647,2024-11-25,2024-11-01,OP,1000090,DESPESA,1161.8207977473844,1161.8207977473844,BRL,Despesa operacional - OP,8,TRANSFERENCIA,ATRASADO,b93771a8-49a7-4f5b-9dd2-8dec81399442,2024-12-05,ERP_CORPORATIVO,TRANSACOES_FINANCEIRAS,17647,8564988653e5fbe9d42f761c6f0ba2a18758947dce5d0270bf2ee054e61ebfe0
TR-17648,2024-11-21,2024-11-01,SEC,1000090,RECEITA,566.2680463953077,566.2680463953077,BRL,Contrato de SaaS vinculado a SEC,27,TED,PAGO,b93771a8-49a7-4f5b-9dd2-8dec81399442,2024-12-05,ERP_CORPORATIVO,TRANSACOES_FINANCEIRAS,17648,2de31a3d91451b82a4692b4491e7b1bc2cc6a72b5434ab1fc0d57415460b502e
TR-17649,2024-11-18,2024-11-01,OP,1000090,DESPESA,1171.5385310148404,1171.5385310148404,BRL,Devolução de venda processada por OP,39,BOLETO,PAGO,b93771a8-49a7-4f5b-9dd2-8dec81399442,2024-12-05,ERP_CORPORATIVO,TRANSACOES_FINANCEIRAS,17649,27e7538a6e499eac8a878d21e54b637890590c425e0b94cef5ad8952db89198d
TR-17650,2024-11-13,2024-11-01,VND,1000090,DESPESA,2370.9446866436056,2370.9446866436056,BRL,Custo operacional associado a VND,8,BOLETO,PAGO,b93771a8-49a7-4f5b-9dd2-8dec81399442,2024-12-05,ERP_CORPORATIVO,TRANSACOES_FINANCEIRAS,17650,fea6d62dcd42637085b47a2df6e440c0c5cac623aea10fbc6ce2cee5c1363518
TR-17651,2024-11-04,2024-11-01,COMP,1000090,RECEITA,1097.4790234271823,1049.7263857532628,BRL,Alienação de bem patrimonial - COMP,35,PIX,ATRASADO,b93771a8-49a7-4f5b-9dd2-8dec81399442,2024-12-05,ERP_CORPORATIVO,TRANSACOES_FINANCEIRAS,17651,4f71f0adf55acfaca79ea5349c7ead449d4377a53b63cb3d191b12cd13b57f2e
TR-17652,2024-11-26,2024-11-01,CTB,1000090,DESPESA,1369.951106205638,1344.9818469744162,BRL,Despesa de RH - CTB,6,PIX,PAGO,b93771a8-49a7-4f5b-9dd2-8dec81399442,2024-12-05,ERP_CORPORATIVO,TRANSACOES_FINANCEIRAS,17652,85b82868f0d0afd4743c91c609ee641d0e15da8c830715500b50956f30900aae
TR-17653,2024-11-18,2024-11-01,ADM,1000090,RECEITA,4014.8265739937997,4014.8265739937997,BRL,Custo operacional associado a ADM,8,TRANSFERENCIA,PAGO,b93771a8-49a7-4f5b-9dd2-8dec81399442,2024-12-05,ERP_CORPORATIVO,TRANSACOES_FINANCEIRAS,17653,347c97586e3e2014511789bba5059caaa6a1a0c4362d3ac3fb921418d3f1ff1b
TR-17654,2024-11-11,2024-11-01,FIN,1000090,DESPESA,992.3911956964731,992.3911956964731,BRL,Serviço relacionado a recursos humanos (FIN),6,PIX,ATRASADO,b93771a8-49a7-4f5b-9dd2-8dec81399442,2024-12-05,ERP_CORPORATIVO,TRANSACOES_FINANCEIRAS,17654,fa4c2c596a196216a8c08ff627ef0ed04cdf77855287896e73d24b9c2df637d5
TR-17655,2024-11-14,2024-11-01,OP,1000090,RECEITA,1206.0523250904266,1206.0523250904266,BRL,Prestação de serviço para área OP,1,TED,PAGO,b93771a8-49a7-4f5b-9dd2-8dec81399442,2024-12-05,ERP_CORPORATIVO,TRANSACOES_FINANCEIRAS,17655,27ed12e8674cfcce8eceaf05ab536570ab2da0c399456fadf836c53a33446e44
TR-17656,2024-11-11,2024-11-01,OP,1000090,DESPESA,1157.8770224709474,1157.8770224709474,USD,Investimento em marketing corporativo (OP),4,PIX,PAGO,b93771a8-49a7-4f5b-9dd2-8dec81399442,2024-12-05,ERP_CORPORATIVO,TRANSACOES_FINANCEIRAS,17656,5fd109bb49c5112b33be8f7547547eca9e878e541d3bdc6028cb3ecdb6ea8219
TR-18010,2024-11-04,2024-11-01,RH,1000091,DESPESA,2450.1874518502004,2450.1874518502004,USD,Seguro contratado pela área RH,21,TRANSFERENCIA,PAGO,b93771a8-49a7-4f5b-9dd2-8dec81399442,2024-12-05,ERP_CORPORATIVO,TRANSACOES_FINANCEIRAS,18010,fe4b070f244ad347262fe5bb09656b1fd7fdc15fffd8864ef691bd31b6b915e5
TR-18011,2024-11-22,2024-11-01,PES,1000091,RECEITA,3087.3158129046537,3087.3158129046537,BRL,Compra de insumos para setor PES,2,PIX,PAGO,b93771a8-49a7-4f5b-9dd2-8dec81399442,2024-12-05,ERP_CORPORATIVO,TRANSACOES_FINANCEIRAS,18011,f663408cde7f55ecf98324964779a0afe1a5abc507b1d02f5b31894f93156e68
TR-18012,2024-11-19,2024-11-01,ATD,1000091,DESPESA,3149.6713204298585,3149.6713204298585,BRL,Custo operacional associado a ATD,8,CARTAO,PAGO,b93771a8-49a7-4f5b-9dd2-8dec81399442,2024-12-05,ERP_CORPORATIVO,TRANSACOES_FINANCEIRAS,18012,3533f10ec2e8110e845902cb2c91444c8bd7dd4c33d0bfc2d9f5f627d2f9fdbf
TR-18013,2024-11-18,2024-11-01,ESG,1000091,DESPESA,2889.873240401061,2889.873240401061,BRL,Abastecimento de veículos - ESG,16,TRANSFERENCIA,PAGO,b93771a8-49a7-4f5b-9dd2-8dec81399442,2024-12-05,ERP_CORPORATIVO,TRANSACOES_FINANCEIRAS,18013,ed5ca9819a5f2d14df3ed1809bf0097d438af0a6f40c69a4710be1294c6df569
TR-18014,2024-11-14,2024-11-01,FIN,1000091,RECEITA,3045.255317164472,3045.255317164472,BRL,Custo operacional associado a FIN,8,TED,PAGO,b93771a8-49a7-4f5b-9dd2-8dec81399442,2024-12-05,ERP_CORPORATIVO,TRANSACOES_FINANCEIRAS,18014,8f44ab4019b85cd293674a61e53efe4d0bca43a5696737a09ecd13c262334492
TR-18015,2024-11-20,2024-11-01,MKT,1000091,DESPESA,3394.4148984966614,3394.4148984966614,BRL,Diária de hotel para equipe MKT,19,BOLETO,PAGO,b93771a8-49a7-4f5b-9dd2-8dec81399442,2024-12-05,ERP_CORPORATIVO,TRANSACOES_FINANCEIRAS,18015,8de12aada1893e91e75026d8ba0c73a93e14ff852169073e52d19d18ee42674b
TR-18016,2024-11-11,2024-11-01,ATD,1000091,DESPESA,3259.6934285825264,3259.6934285825264,BRL,Honorários profissionais contratados por ATD,11,TED,PAGO,b93771a8-49a7-4f5b-9dd2-8dec81399442,2024-12-05,ERP_CORPORATIVO,TRANSACOES_FINANCEIRAS,18016,681ec6f6634e98ef948123ead52713598e46cf053355ed4287e2ca380477c3c5
TR-18017,2024-11-11,2024-11-01,FIN,1000091,DESPESA,2949.4008519594768,2828.279379450129,BRL,Manutenção de equipamentos de FIN,28,TRANSFERENCIA,PAGO,b93771a8-49a7-4f5b-9dd2-8dec81399442,2024-12-05,ERP_CORPORATIVO,TRANSACOES_FINANCEIRAS,18017,1ae3fc3b9f0a3c10a838b083e2b76454a823dc54160be3182ec8b564627ed814
TR-18018,2024-11-25,2024-11-01,ESG,1000091,RECEITA,3109.2621613411357,3035.038962870736,BRL,Venda de ativo imobilizado por ESG,35,TRANSFERENCIA,PAGO,b93771a8-49a7-4f5b-9dd2-8dec81399442,2024-12-05,ERP_CORPORATIVO,TRANSACOES_FINANCEIRAS,18018,1c9d98acbce4bbec8158e480a211879a000a79786637ae3fdc42d4ba94624d6b
TR-18019,2024-11-05,2024-11-01,OP,1000091,RECEITA,3288.6820191344186,3253.5726871831826,BRL,Compra de insumos para setor OP,2,PIX,PAGO,b93771a8-49a7-4f5b-9dd2-8dec81399442,2024-12-05,ERP_CORPORATIVO,TRANSACOES_FINANCEIRAS,18019,58068d6319b0a660b66d38bcfbbd91d7990606d8fe91a80a66a81b350e8f098b
TR-18020,2024-11-25,2024-11-01,CTB,1000091,DESPESA,977.2332292584052,977.2332292584052,BRL,Compra de insumos para setor CTB,2,BOLETO,ATRASADO,b93771a8-49a7-4f5b-9dd2-8dec81399442,2024-12-05,ERP_CORPORATIVO,TRANSACOES_FINANCEIRAS,18020,f4b311ed21eee665e4dbf28eab195a179ba002d2a1d1656df6201685639c4d5e
TR-18021,2024-11-11,2024-11-01,JUR,1000091,DESPESA,2812.574075933536,2812.574075933536,BRL,Royalties recebidos por JUR,32,PIX,PAGO,b93771a8-49a7-4f5b-9dd2-8dec81399442,2024-12-05,ERP_CORPORATIVO,TRANSACOES_FINANCEIRAS,18021,e50beed88dded1bfb063c8c15087dc11f692e0bf45b4997da82ebad63770882b
TR-18022,2024-11-25,2024-11-01,OP,1000091,RECEITA,3343.21835107562,3343.21835107562,BRL,Receita eventual registrada em OP,37,BOLETO,PAGO,b93771a8-49a7-4f5b-9dd2-8dec81399442,2024-12-05,ERP_CORPORATIVO,TRANSACOES_FINANCEIRAS,18022,b12a89470e050c4db5aff9fe14e66610dceacc4b144b511616edff747b184c0b
TR-18023,2024-11-13,2024-11-01,ADM,1000091,RECEITA,2564.1626148141463,2564.1626148141463,BRL,Serviço especializado solicitado por ADM,1,TED,PAGO,b93771a8-49a7-4f5b-9dd2-8dec81399442,2024-12-05,ERP_CORPORATIVO,TRANSACOES_FINANCEIRAS,18023,5c17b10215c48199cc36bc60d1ea3c6fb1c63ce7954f6c4918fb45ed7ebf4af0
TR-18024,2024-11-13,2024-11-01,OP,1000091,RECEITA,2733.4478830990147,2733.4478830990147,BRL,Contrato de SaaS vinculado a OP,27,TRANSFERENCIA,PAGO,b93771a8-49a7-4f5b-9dd2-8dec81399442,2024-12-05,ERP_CORPORATIVO,TRANSACOES_FINANCEIRAS,18024,6b573307cab58e7789c6e6fe9b0a45bca6e68ae6fe92b3fc026b71f77197828b
TR-18025,2024-11-04,2024-11-01,OP,1000091,RECEITA,2700.0272024055657,2700.0272024055657,BRL,Aquisição de material operacional - OP,2,PIX,PAGO,b93771a8-49a7-4f5b-9dd2-8dec81399442,2024-12-05,ERP_CORPORATIVO,TRANSACOES_FINANCEIRAS,18025,9f430f8eb6c1c24d3ade3bcd6c313793605788227246d64f5d994c2c00485f2f
TR-18026,2024-11-21,2024-11-01,QAS,1000091,RECEITA,3341.3745767817713,3303.189190625327,BRL,Contrato de serviço - setor QAS,1,PIX,PAGO,b93771a8-49a7-4f5b-9dd2-8dec81399442,2024-12-05,ERP_CORPORATIVO,TRANSACOES_FINANCEIRAS,18026,4405af6f5c66e86b78dbe2712420a3591f4159abbb6bb815b49122975461c36d
TR-18027,2024-11-22,2024-11-01,SEC,1000091,DESPESA,2734.954800314406,2638.380406121466,BRL,Aquisição de material operacional - SEC,2,PIX,PAGO,b93771a8-49a7-4f5b-9dd2-8dec81399442,2024-12-05,ERP_CORPORATIVO,TRANSACOES_FINANCEIRAS,18027,bc3317e35d67e5eb9023cce93a9c5207d4579ad640d8b175a04c60b4ee906b25
TR-18028,2024-11-18,2024-11-01,PJT,1000091,DESPESA,3299.5555452044246,3299.5555452044246,BRL,Aquisição de material operacional - PJT,2,PIX,PAGO,b93771a8-49a7-4f5b-9dd2-8dec81399442,2024-12-05,ERP_CORPORATIVO,TRANSACOES_FINANCEIRAS,18028,121363895fc50d869065f77548373164ea47db0287436e47b6f3d30ef67a8228
TR-18029,2024-11-19,2024-11-01,OP,1000091,RECEITA,2942.5207156111246,2871.836468323136,BRL,Serviço especializado solicitado por OP,1,TRANSFERENCIA,PAGO,b93771a8-49a7-4f5b-9dd2-8dec81399442,2024-12-05,ERP_CORPORATIVO,TRANSACOES_FINANCEIRAS,18029,1f666ab1b391068aefc7d0d811774750588a0f1c359d3167fb5feab92861e202
TR-18030,2024-11-11,2024-11-01,MKT,1000091,DESPESA,3641.767137993007,3641.767137993007,BRL,Aquisição de material operacional - MKT,2,TRANSFERENCIA,PAGO,b93771a8-49a7-4f5b-9dd2-8dec81399442,2024-12-05,ERP_CORPORATIVO,TRANSACOES_FINANCEIRAS,18030,882c68b551b8469083cc562ce275a1817b6ab398593d98c77b0e27261fd8a002
TR-18031,2024-11-18,2024-11-01,LOG,1000091,RECEITA,3087.7143407279027,2964.112646001819,EUR,Manutenção preventiva de veículos - LOG,17,TRANSFERENCIA,PAGO,b93771a8-49a7-4f5b-9dd2-8dec81399442,2024-12-05,ERP_CORPORATIVO,TRANSACOES_FINANCEIRAS,18031,9e391fc239fb048a3fdc18fc37561836c1b11ec239e5185aa35889d1f45edc25
TR-18032,2024-11-04,2024-11-01,ESG,1000091,RECEITA,3391.5690605333525,3391.5690605333525,USD,Licenciamento de software - ESG,5,CARTAO,PAGO,b93771a8-49a7-4f5b-9dd2-8dec81399442,2024-12-05,ERP_CORPORATIVO,TRANSACOES_FINANCEIRAS,18032,f638cf73cc6e2b4a09e86175521f055bda6bb37b1e2690076bd11bd3ce18481f
TR-18033,2024-11-18,2024-11-01,JUR,1000091,DESPESA,3191.9575981193384,3055.186242409017,BRL,Abatimento comercial registrado em JUR,38,TED,ATRASADO,b93771a8-49a7-4f5b-9dd2-8dec81399442,2024-12-05,ERP_CORPORATIVO,TRANSACOES_FINANCEIRAS,18033,4839b23f4554c049ae4ad688de9796402b26f48105d14ea97f8c85b3b6c2ebb4
TR-18458,2024-11-12,2024-11-01,FIN,ACC-00094,RECEITA,7338.200309445471,7338.200309445471,BRL,Compra de insumos para setor FIN,2,PIX,PAGO,b93771a8-49a7-4f5b-9dd2-8dec81399442,2024-12-05,ERP_CORPORATIVO,TRANSACOES_FINANCEIRAS,18458,81f3bf23e64a70b7851bc0d59b92a60de058e49f939fe958b1b3e93065248c14
TR-18459,2024-11-04,2024-11-01,CTB,ACC-00094,RECEITA,8121.226755466848,8121.226755466848,BRL,Compra de insumos para setor CTB,2,PIX,PAGO,b93771a8-49a7-4f5b-9dd2-8dec81399442,2024-12-05,ERP_CORPORATIVO,TRANSACOES_FINANCEIRAS,18459,94395dc9447877d97373fc46b55126498b92f420f9b7fb870a8c0d3d389ce15b
TR-18460,2024-11-19,2024-11-01,LOG,ACC-00094,DESPESA,8141.910583466741,7983.305280848438,BRL,Propaganda e divulgação para área LOG,13,TED,CANCELADO,b93771a8-49a7-4f5b-9dd2-8dec81399442,2024-12-05,ERP_CORPORATIVO,TRANSACOES_FINANCEIRAS,18460,470651cfc7d00ef93915e2d26fd4abdb4ec3ad53c9027b1475a86d7220490998
TR-18461,2024-11-08,2024-11-01,JUR,ACC-00094,DESPESA,9275.705677174356,9159.580315593283,BRL,Encargos de empréstimo vinculados a JUR,23,CARTAO,PAGO,b93771a8-49a7-4f5b-9dd2-8dec81399442,2024-12-05,ERP_CORPORATIVO,TRANSACOES_FINANCEIRAS,18461,d72e7658f4c2f8c920c398bea706a3e568b4a2d5d81880b83083f851027945fc
TR-18462,2024-11-25,2024-11-01,ADM,ACC-00094,RECEITA,29237.137830428874,29052.171719196693,BRL,Custo operacional associado a ADM,8,CARTAO,CANCELADO,b93771a8-49a7-4f5b-9dd2-8dec81399442,2024-12-05,ERP_CORPORATIVO,TRANSACOES_FINANCEIRAS,18462,fbf01ae035dbbee7de1cce82789b16ff77a998a105db5129c09cbcf35d04d932
TR-18463,2024-11-18,2024-11-01,RH,ACC-00094,DESPESA,7860.585984192837,7860.585984192837,BRL,Contrato de consultoria externa - RH,12,PIX,PAGO,b93771a8-49a7-4f5b-9dd2-8dec81399442,2024-12-05,ERP_CORPORATIVO,TRANSACOES_FINANCEIRAS,18463,ccd0535b2d389ecbd0888ede399a9b13a09f0e34e99761f436654cbaeb69404b
TR-18643,2024-11-14,2024-11-01,CTB,1000095,RECEITA,1900.104314419675,1900.104314419675,BRL,Capacitação profissional vinculada a CTB,30,TRANSFERENCIA,ATRASADO,b93771a8-49a7-4f5b-9dd2-8dec81399442,2024-12-05,ERP_CORPORATIVO,TRANSACOES_FINANCEIRAS,18643,1fe8f8ecd6fa1ad5c767649ac06114b71cb4eb937274ddfaa7217dec2e591542
TR-18644,2024-11-18,2024-11-01,COM,1000095,RECEITA,1919.16888327969,1919.16888327969,BRL,Manutenção estrutural vinculada à área COM,3,PIX,CANCELADO,b93771a8-49a7-4f5b-9dd2-8dec81399442,2024-12-05,ERP_CORPORATIVO,TRANSACOES_FINANCEIRAS,18644,87300c8c0849e940b839ff960b9b3c5167bb9d4f976cef7c99ba2e8946af3281
TR-18645,2024-11-19,2024-11-01,SEC,1000095,RECEITA,1850.0597963204718,1850.0597963204718,BRL,Viagem corporativa - SEC,18,CARTAO,PAGO,b93771a8-49a7-4f5b-9dd2-8dec81399442,2024-12-05,ERP_CORPORATIVO,TRANSACOES_FINANCEIRAS,18645,40c30cae63681ae74995bf10573a82d8782260857cb26b036b4ff10e15aa9f4d
TR-18646,2024-11-27,2024-11-01,COM,1000095,RECEITA,1870.9027081187512,1870.9027081187512,BRL,Renovação de certificados digitais - COM,26,CARTAO,PAGO,b93771a8-49a7-4f5b-9dd2-8dec81399442,2024-12-05,ERP_CORPORATIVO,TRANSACOES_FINANCEIRAS,18646,b6079096e825afc7a0f6a9f4df6ef1fa0a6e675876c0f187024acdd8a9d09076
TR-18647,2024-11-11,2024-11-01,COMP,1000095,DESPESA,1921.4219052394692,1921.4219052394692,BRL,Locação de espaço comercial - COMP,31,BOLETO,PAGO,b93771a8-49a7-4f5b-9dd2-8dec81399442,2024-12-05,ERP_CORPORATIVO,TRANSACOES_FINANCEIRAS,18647,67308925a426fc33e3b2cdad35e65f06dc328d03261964265e174fab176a675f
TR-18648,2024-11-15,2024-11-01,COMP,1000095,DESPESA,4182.670136756534,4141.463394147071,BRL,Despesa operacional - COMP,8,TRANSFERENCIA,PAGO,b93771a8-49a7-4f5b-9dd2-8dec81399442,2024-12-05,ERP_CORPORATIVO,TRANSACOES_FINANCEIRAS,18648,75a66aa3cdb69d8b46a6cdd7f386977d42694e7d45e6156c5a77ba9ebd7dc3ec
TR-18649,2024-11-11,2024-11-01,CPT,1000095,RECEITA,1538.8568763032608,1538.8568763032608,BRL,Direitos de propriedade intelectual - CPT,32,PIX,PAGO,b93771a8-49a7-4f5b-9dd2-8dec81399442,2024-12-05,ERP_CORPORATIVO,TRANSACOES_FINANCEIRAS,18649,59f4d6e71fa256f5436538521812eb85f254e0e9f0a924a39950e1a546a23fa8
TR-18650,2024-11-21,2024-11-01,ESG,1000095,DESPESA,1807.79413321022,1807.79413321022,BRL,Receita de aluguel creditada em ESG,31,TED,PAGO,b93771a8-49a7-4f5b-9dd2-8dec81399442,2024-12-05,ERP_CORPORATIVO,TRANSACOES_FINANCEIRAS,18650,dc78c1453d2026a7069cdce0df8971bd00dade7e9bf31839e7561283288bf394
TR-18651,2024-11-12,2024-11-01,PJT,1000095,RECEITA,1793.130956393394,1793.130956393394,USD,Honorarium advocatício - PJT,24,TED,PAGO,b93771a8-49a7-4f5b-9dd2-8dec81399442,2024-12-05,ERP_CORPORATIVO,TRANSACOES_FINANCEIRAS,18651,15316b5fc47bfa1797032d98c48c179ec79f6064638c5d218db1d4e8e4147a1f
TR-18652,2024-11-25,2024-11-01,ATD,1000095,RECEITA,2144.4635568694616,2144.4635568694616,BRL,Despesa operacional - ATD,8,PIX,PAGO,b93771a8-49a7-4f5b-9dd2-8dec81399442,2024-12-05,ERP_CORPORATIVO,TRANSACOES_FINANCEIRAS,18652,f60d9829a28c53f7ccdcf033b273b4eca3ec832c9f3884aa29c666623d996d74
TR-18653,2024-11-18,2024-11-01,MKT,1000095,DESPESA,1878.5426406374183,1878.5426406374183,USD,Participação nos resultados vinculada a MKT,34,BOLETO,ATRASADO,b93771a8-49a7-4f5b-9dd2-8dec81399442,2024-12-05,ERP_CORPORATIVO,TRANSACOES_FINANCEIRAS,18653,1ff2c18ebdd2d470d76c633c3f108bc0b5e3a04e3722b827174c9e802d2f9166
TR-18654,2024-11-19,2024-11-01,COM,1000095,DESPESA,1929.1530984731387,1881.8264257938304,BRL,Renovação de certificados digitais - COM,26,CARTAO,PAGO,b93771a8-49a7-4f5b-9dd2-8dec81399442,2024-12-05,ERP_CORPORATIVO,TRANSACOES_FINANCEIRAS,18654,908b4471d1ab21f464ded1cbbbb64bd141d4530b9f0caebcc70f93055cb498c5
TR-18655,2024-11-05,2024-11-01,COM,1000095,RECEITA,1750.1871847135,1750.1871847135,BRL,Evento corporativo organizado por COM,14,TRANSFERENCIA,PAGO,b93771a8-49a7-4f5b-9dd2-8dec81399442,2024-12-05,ERP_CORPORATIVO,TRANSACOES_FINANCEIRAS,18655,ff4f1f75b3d8914635318bec019a6719d3afb32c94744d8a23779b3d97dab9a4
TR-18656,2024-11-18,2024-11-01,MKT,1000095,DESPESA,1718.2244389235716,1672.8960144673815,BRL,Custo operacional associado a MKT,8,PIX,PAGO,b93771a8-49a7-4f5b-9dd2-8dec81399442,2024-12-05,ERP_CORPORATIVO,TRANSACOES_FINANCEIRAS,18656,4335f078851d08b9afcffa0a47160aed26076aa889df0417c1296b4e8b10047b
TR-18657,2024-11-04,2024-11-01,QAS,1000095,RECEITA,1677.6846965140996,1677.6846965140996,BRL,Serviço de tecnologia contratado por QAS,5,TRANSFERENCIA,PAGO,b93771a8-49a7-4f5b-9dd2-8dec81399442,2024-12-05,ERP_CORPORATIVO,TRANSACOES_FINANCEIRAS,18657,b4d15b54b8f96ceaad43c84b6d3d94ff841a9e97d19de06a97475fa99e57574f
TR-18658,2024-11-05,2024-11-01,OP,1000095,DESPESA,1607.7852447806192,1607.7852447806192,BRL,Aquisição de material operacional - OP,2,TED,PAGO,b93771a8-49a7-4f5b-9dd2-8dec81399442,2024-12-05,ERP_CORPORATIVO,TRANSACOES_FINANCEIRAS,18658,9e39bd873917f480168ccf00070b1fa44428cfcf695f6121545ed05bd857b136
TR-18659,2024-11-25,2024-11-01,JUR,1000095,RECEITA,1961.1316156536743,1961.1316156536743,BRL,Despesa de RH - JUR,6,PIX,ATRASADO,b93771a8-49a7-4f5b-9dd2-8dec81399442,2024-12-05,ERP_CORPORATIVO,TRANSACOES_FINANCEIRAS,18659,c08e2b99b88c63d9ac3a9c36f892bb37c4cedeff7b8329103305b28f149d6882
TR-18995,2024-11-26,2024-11-01,JUR,ACC-00097,DESPESA,911.8466357653526,866.2936652163404,BRL,Atendimento de TI requisitado por JUR,29,CARTAO,PAGO,b93771a8-49a7-4f5b-9dd2-8dec81399442,2024-12-05,ERP_CORPORATIVO,TRANSACOES_FINANCEIRAS,18995,f39774f22c4fa05a91fd0b15e39757bdb21330e29e9ea69b064779dd02cecde5
TR-18996,2024-11-25,2024-11-01,PRD,ACC-00097,RECEITA,1043.9663913117377,1021.7439993474053,BRL,Manutenção predial solicitada por PRD,10,BOLETO,PAGO,b93771a8-49a7-4f5b-9dd2-8dec81399442,2024-12-05,ERP_CORPORATIVO,TRANSACOES_FINANCEIRAS,18996,7b665da579632ca5e2884dc795e6c6ee265782d6e6973b9f1293b9fc217e3d64
TR-18997,2024-11-25,2024-11-01,FIN,ACC-00097,RECEITA,805.5624655722656,805.5624655722656,BRL,Abastecimento de veículos - FIN,16,TRANSFERENCIA,PAGO,b93771a8-49a7-4f5b-9dd2-8dec81399442,2024-12-05,ERP_CORPORATIVO,TRANSACOES_FINANCEIRAS,18997,0c7b3a71c3dba72b0f4171546d78a42ba4290529a49f7dc63954226a174f67bf
TR-18998,2024-11-11,2024-11-01,FIN,ACC-00097,DESPESA,924.6521003619724,924.6521003619724,BRL,Contrato de consultoria externa - FIN,12,TED,PAGO,b93771a8-49a7-4f5b-9dd2-8dec81399442,2024-12-05,ERP_CORPORATIVO,TRANSACOES_FINANCEIRAS,18998,f5c713b742e10391d1b80cae98133cb62a576d3573c153effc3cfe242a3bee58
TR-18999,2024-11-13,2024-11-01,FIN,ACC-00097,RECEITA,783.5200645246877,783.5200645246877,BRL,Serviço de telefonia e internet - FIN,9,PIX,ATRASADO,b93771a8-49a7-4f5b-9dd2-8dec81399442,2024-12-05,ERP_CORPORATIVO,TRANSACOES_FINANCEIRAS,18999,e5e6881c8d3853b205354ece2a2782789a5bcca32a6ea10fbcbab31c4f206e89
TR-19000,2024-11-04,2024-11-01,COM,ACC-00097,RECEITA,962.8846636627986,952.9817000897156,BRL,Aquisição de material operacional - COM,2,PIX,PAGO,b93771a8-49a7-4f5b-9dd2-8dec81399442,2024-12-05,ERP_CORPORATIVO,TRANSACOES_FINANCEIRAS,19000,274a944ab6d049dd985d2fc8b93c2025c4ecbd7948facb639cab3a48ffa5796b
TR-19001,2024-11-21,2024-11-01,FIN,ACC-00097,DESPESA,922.7046371332494,881.8722542788454,BRL,Abastecimento de veículos - FIN,16,TRANSFERENCIA,PAGO,b93771a8-49a7-4f5b-9dd2-8dec81399442,2024-12-05,ERP_CORPORATIVO,TRANSACOES_FINANCEIRAS,19001,56dc8ef07f605e8979cd6598c525b492193f7522abb155f1f4541096e1b27131
TR-19002,2024-11-15,2024-11-01,FIN,ACC-00097,RECEITA,819.6908676207227,819.6908676207227,BRL,Serviço especializado solicitado por FIN,1,BOLETO,PAGO,b93771a8-49a7-4f5b-9dd2-8dec81399442,2024-12-05,ERP_CORPORATIVO,TRANSACOES_FINANCEIRAS,19002,84d7f46f5f9a804e563c4002109c6ae97a970ce5cea10bae4195623b84a79936
TR-19003,2024-11-11,2024-11-01,OP,ACC-00097,DESPESA,1067.3871135017423,1067.3871135017423,BRL,Compra de insumos para setor OP,2,BOLETO,PAGO,b93771a8-49a7-4f5b-9dd2-8dec81399442,2024-12-05,ERP_CORPORATIVO,TRANSACOES_FINANCEIRAS,19003,2c1fe27ec649109849c78b37ed70f019f8f0ee291bb11907d816f70f0e176864
TR-19004,2024-11-19,2024-11-01,TI,ACC-00097,DESPESA,1033.7236849894,1014.5922529158548,BRL,Produção de material gráfico - TI,15,BOLETO,PAGO,b93771a8-49a7-4f5b-9dd2-8dec81399442,2024-12-05,ERP_CORPORATIVO,TRANSACOES_FINANCEIRAS,19004,fc361f70ef395694881390eac18eb64ee07731e80d3404fc754fa1746d1b0a92
TR-19005,2024-11-25,2024-11-01,COMP,ACC-00097,DESPESA,1069.441529352864,1069.441529352864,BRL,Compra de insumos para setor COMP,2,TRANSFERENCIA,PAGO,b93771a8-49a7-4f5b-9dd2-8dec81399442,2024-12-05,ERP_CORPORATIVO,TRANSACOES_FINANCEIRAS,19005,7825fe6ea25ef60e65a45786e39814d53dfcf1333f0ab24c728891064f28e2ca
TR-19006,2024-11-18,2024-11-01,ADM,ACC-00097,RECEITA,829.8527584530691,812.8881904649919,BRL,Serviço de tecnologia contratado por ADM,5,BOLETO,CANCELADO,b93771a8-49a7-4f5b-9dd2-8dec81399442,2024-12-05,ERP_CORPORATIVO,TRANSACOES_FINANCEIRAS,19006,504f92519a1d5e24279114992e9b85d7db53cd36c8f5096948695dce3844edc2
TR-19007,2024-11-15,2024-11-01,ADM,ACC-00097,RECEITA,872.6615167670857,872.6615167670857,BRL,Assessoria legal vinculada à área ADM,7,BOLETO,PAGO,b93771a8-49a7-4f5b-9dd2-8dec81399442,2024-12-05,ERP_CORPORATIVO,TRANSACOES_FINANCEIRAS,19007,af1ee04ae53f9e1df02ff51e198c7ad86c16c9f15c759c7182c4a94bf8382a33
TR-19008,2024-11-15,2024-11-01,TI,ACC-00097,DESPESA,1787.492522051143,1787.492522051143,BRL,Custo operacional associado a TI,8,TED,PAGO,b93771a8-49a7-4f5b-9dd2-8dec81399442,2024-12-05,ERP_CORPORATIVO,TRANSACOES_FINANCEIRAS,19008,fa97fce8d271dcf8e064d03b2c69d5d2d5a60891df815a76e65ba48807aba54f
TR-19009,2024-11-27,2024-11-01,MKT,ACC-00097,DESPESA,1046.247938604505,1046.247938604505,BRL,Compra de insumos para setor MKT,2,PIX,PAGO,b93771a8-49a7-4f5b-9dd2-8dec81399442,2024-12-05,ERP_CORPORATIVO,TRANSACOES_FINANCEIRAS,19009,706e059d304586957e2c717a21f3b474dc0ce2a601e25dff8447bab0dc1401f1
TR-19010,2024-11-18,2024-11-01,COM,ACC-00097,DESPESA,1110.1707781577552,1076.2518741967024,BRL,Recebimento de subvenção - COM,36,PIX,PAGO,b93771a8-49a7-4f5b-9dd2-8dec81399442,2024-12-05,ERP_CORPORATIVO,TRANSACOES_FINANCEIRAS,19010,17bafa35e9d1310685029cd7fa04b2a249efa64f465354370fdc3cbc33ca3782
TR-19011,2024-11-18,2024-11-01,SEC,ACC-00097,DESPESA,941.9198006608378,941.9198006608378,BRL,Serviço especializado solicitado por SEC,1,CARTAO,PAGO,b93771a8-49a7-4f5b-9dd2-8dec81399442,2024-12-05,ERP_CORPORATIVO,TRANSACOES_FINANCEIRAS,19011,02c3a44d35d7308e6ba3232b5169dd45414139703e75d8c30f2592f9dcf6564c
TR-19012,2024-11-11,2024-11-01,LOG,ACC-00097,DESPESA,954.3021493342055,954.3021493342055,BRL,Despesa operacional - LOG,8,TED,PAGO,b93771a8-49a7-4f5b-9dd2-8dec81399442,2024-12-05,ERP_CORPORATIVO,TRANSACOES_FINANCEIRAS,19012,6007a12a063cbbc7d8cee528a6417753fcfd1347e70df825ebc43fdf84a72697
TR-19310,2024-11-25,2024-11-01,COM,1000098,DESPESA,2232.295266238095,2232.295266238095,BRL,Recebimento de subvenção - COM,36,PIX,ATRASADO,b93771a8-49a7-4f5b-9dd2-8dec81399442,2024-12-05,ERP_CORPORATIVO,TRANSACOES_FINANCEIRAS,19310,e61cc4cf76f246cdf3708a093e8c9a24b24a8680e0409ab0183721c23b2e128d
TR-19311,2024-11-18,2024-11-01,RH,1000098,RECEITA,2126.4609606248046,2126.4609606248046,BRL,Aquisição de material operacional - RH,2,BOLETO,PAGO,b93771a8-49a7-4f5b-9dd2-8dec81399442,2024-12-05,ERP_CORPORATIVO,TRANSACOES_FINANCEIRAS,19311,a389ac0ff9440b3d918ff4506502ca2e9151c493bcb24964018054e7091ac1c5
TR-19312,2024-11-15,2024-11-01,TI,1000098,DESPESA,1943.7017906527801,1943.7017906527801,BRL,Contrato de consultoria externa - TI,12,TRANSFERENCIA,PAGO,b93771a8-49a7-4f5b-9dd2-8dec81399442,2024-12-05,ERP_CORPORATIVO,TRANSACOES_FINANCEIRAS,19312,265bbf6539387a14dcab486460f5d1a83820604947501d699cb1da49dd79e345
TR-19313,2024-11-12,2024-11-01,COMP,1000098,DESPESA,2473.0223271837494,2473.0223271837494,BRL,Manutenção estrutural vinculada à área COMP,3,BOLETO,PAGO,b93771a8-49a7-4f5b-9dd2-8dec81399442,2024-12-05,ERP_CORPORATIVO,TRANSACOES_FINANCEIRAS,19313,18778fc70b4adcfee20b2925901a4ebc4a58cb1b5b437bd9b0bc3ec07616ab1e
TR-19314,2024-11-18,2024-11-01,FIN,1000098,DESPESA,2301.770719675332,2301.770719675332,BRL,Despesa operacional - FIN,8,TED,PAGO,b93771a8-49a7-4f5b-9dd2-8dec81399442,2024-12-05,ERP_CORPORATIVO,TRANSACOES_FINANCEIRAS,19314,ea5c2297c1b45fd39861305b69de49159b9a84a2600d4c643b20473b07e54b8f
TR-19315,2024-11-25,2024-11-01,OP,1000098,RECEITA,2384.6856520712395,2384.6856520712395,BRL,Serviço relacionado a recursos humanos (OP),6,BOLETO,CANCELADO,b93771a8-49a7-4f5b-9dd2-8dec81399442,2024-12-05,ERP_CORPORATIVO,TRANSACOES_FINANCEIRAS,19315,38e4eb21f77a5ad8c6a0586ea5c7bc4c82946bebbd5a4a68c53878cdeef05871
TR-19316,2024-11-26,2024-11-01,QAS,1000098,DESPESA,2120.824639133941,2120.824639133941,BRL,Venda de ativo imobilizado por QAS,35,TED,PAGO,b93771a8-49a7-4f5b-9dd2-8dec81399442,2024-12-05,ERP_CORPORATIVO,TRANSACOES_FINANCEIRAS,19316,17a69751320a826fe7ebadc79d3557a80c2b14d83930d75b463e7c4bf71df133
TR-19317,2024-11-11,2024-11-01,ESG,1000098,DESPESA,5718.561704287028,5718.561704287028,BRL,Despesa operacional - ESG,8,TED,PAGO,b93771a8-49a7-4f5b-9dd2-8dec81399442,2024-12-05,ERP_CORPORATIVO,TRANSACOES_FINANCEIRAS,19317,6d82cf3abf7def7518bca01518aaa1feebbdb45bb1ff4bfcf53179bd9f0d902e
TR-19567,2024-11-01,2024-11-01,PJT,ACC-00100,DESPESA,2460.8583696645915,2460.8583696645915,BRL,Alienação de bem patrimonial - PJT,35,TED,PAGO,b93771a8-49a7-4f5b-9dd2-8dec81399442,2024-12-05,ERP_CORPORATIVO,TRANSACOES_FINANCEIRAS,19567,d98c86fea2ca5c0272c5d3dfaa6b7555dbd0911f1f89d2ee85f378c63b4cdee2
TR-19568,2024-11-18,2024-11-01,PRD,ACC-00100,RECEITA,2299.3119587667343,2299.3119587667343,BRL,Comissão recebida por PRD,33,PIX,PAGO,b93771a8-49a7-4f5b-9dd2-8dec81399442,2024-12-05,ERP_CORPORATIVO,TRANSACOES_FINANCEIRAS,19568,865107c28b0c41bc31f45cf97d1d137700091de2a59ddd5ccb548ec1f5a25981
TR-19569,2024-11-15,2024-11-01,OP,ACC-00100,DESPESA,2236.286466098373,2236.286466098373,BRL,Apólice de seguro - OP,21,TED,PAGO,b93771a8-49a7-4f5b-9dd2-8dec81399442,2024-12-05,ERP_CORPORATIVO,TRANSACOES_FINANCEIRAS,19569,2ff2f31cefdb57f4061fe18366dd275be42d99c512a3c78d8103eae6faeda8ae
TR-19570,2024-11-21,2024-11-01,COMP,ACC-00100,RECEITA,2412.7780754364207,2412.7780754364207,BRL,Serviço relacionado a recursos humanos (COMP),6,TED,PAGO,b93771a8-49a7-4f5b-9dd2-8dec81399442,2024-12-05,ERP_CORPORATIVO,TRANSACOES_FINANCEIRAS,19570,213ffa4e362b2a0321f720b7b2f1e514af7dcfc00880772fbb5afefc027d09a5
TR-19571,2024-11-08,2024-11-01,ADM,ACC-00100,DESPESA,2198.5107822905297,2198.5107822905297,BRL,Licenciamento de software - ADM,5,PIX,ATRASADO,b93771a8-49a7-4f5b-9dd2-8dec81399442,2024-12-05,ERP_CORPORATIVO,TRANSACOES_FINANCEIRAS,19571,10c39efb595380206dee7a848edcfa328b12c565981de0c8e6e1d43fdc629ad9
TR-19572,2024-11-12,2024-11-01,JUR,ACC-00100,DESPESA,2583.400360237176,2583.400360237176,BRL,Contrato de serviço - setor JUR,1,PIX,PAGO,b93771a8-49a7-4f5b-9dd2-8dec81399442,2024-12-05,ERP_CORPORATIVO,TRANSACOES_FINANCEIRAS,19572,082a10c983bc926d024004907798ce5d2510a50891125c60b281a318f2b54494
TR-19573,2024-11-06,2024-11-01,FIN,ACC-00100,DESPESA,2163.801183275285,2163.801183275285,BRL,Investimento em marketing corporativo (FIN),4,TRANSFERENCIA,ATRASADO,b93771a8-49a7-4f5b-9dd2-8dec81399442,2024-12-05,ERP_CORPORATIVO,TRANSACOES_FINANCEIRAS,19573,02843f9aaedaa69d0f5d9712e4c7d956040b5d2b98e841987aefb8ceb19f76a8
TR-19574,2024-11-11,2024-11-01,COM,ACC-00100,RECEITA,2363.4642303583905,2298.982502995833,BRL,Receita extraordinária - COM,37,BOLETO,PAGO,b93771a8-49a7-4f5b-9dd2-8dec81399442,2024-12-05,ERP_CORPORATIVO,TRANSACOES_FINANCEIRAS,19574,d7c90f861a4cec01304de9b9b31ef835df7dcb9e560f3409ba697b9191c8f90d
TR-19575,2024-11-14,2024-11-01,CPT,ACC-00100,DESPESA,2080.7859638078207,2080.7859638078207,BRL,Compra de insumos para setor CPT,2,BOLETO,PAGO,b93771a8-49a7-4f5b-9dd2-8dec81399442,2024-12-05,ERP_CORPORATIVO,TRANSACOES_FINANCEIRAS,19575,b3cb364aed8c7c53876ba241ddfca7604e836ba6e7e0c84ed975273333732e11
TR-19576,2024-11-25,2024-11-01,ATD,ACC-00100,RECEITA,1908.070297244659,1908.070297244659,BRL,Despesa jurídica da área ATD,24,BOLETO,PAGO,b93771a8-49a7-4f5b-9dd2-8dec81399442,2024-12-05,ERP_CORPORATIVO,TRANSACOES_FINANCEIRAS,19576,5070bf3ef3fcfadd4e92931f9173fe7e89ec12dfedf9a63a1b72dd0ffa57b655
TR-19577,2024-11-11,2024-11-01,FIN,ACC-00100,RECEITA,2314.532452967578,2314.532452967578,BRL,Despesa operacional - FIN,8,PIX,PAGO,b93771a8-49a7-4f5b-9dd2-8dec81399442,2024-12-05,ERP_CORPORATIVO,TRANSACOES_FINANCEIRAS,19577,0da4208a5db28e7ed0ad84874d9a10ccdadc3d7d4d0d27137f6fc8827092292e
TR-19987,2024-11-18,2024-11-01,RH,1000100,DESPESA,2532.38959400417,2532.38959400417,BRL,Manutenção estrutural vinculada à área RH,3,TED,ATRASADO,b93771a8-49a7-4f5b-9dd2-8dec81399442,2024-12-05,ERP_CORPORATIVO,TRANSACOES_FINANCEIRAS,19987,4149f77720e000c283c75fdcda96d4cb862c25ab10972fa14bded6c4f589244e
TR-19988,2024-11-04,2024-11-01,OP,1000100,DESPESA,2698.5137651359196,2624.124645402361,BRL,Serviço de telefonia e internet - OP,9,TRANSFERENCIA,PAGO,b93771a8-49a7-4f5b-9dd2-8dec81399442,2024-12-05,ERP_CORPORATIVO,TRANSACOES_FINANCEIRAS,19988,b9919a1a209bb401cf969fa5709e5cab747283bdfb102951941c6fa212c43ef7
TR-19989,2024-11-25,2024-11-01,TI,1000100,DESPESA,2439.3539301912556,2439.3539301912556,BRL,Seguro contratado pela área TI,21,TRANSFERENCIA,PAGO,b93771a8-49a7-4f5b-9dd2-8dec81399442,2024-12-05,ERP_CORPORATIVO,TRANSACOES_FINANCEIRAS,19989,bd6b9ba0892374f11f15f1bd05628f4efa1e7190eb988335e21cbaa297b51a99
TR-19990,2024-11-14,2024-11-01,CTB,1000100,DESPESA,2918.9193244722833,2918.9193244722833,USD,Licenciamento de software - CTB,5,BOLETO,PAGO,b93771a8-49a7-4f5b-9dd2-8dec81399442,2024-12-05,ERP_CORPORATIVO,TRANSACOES_FINANCEIRAS,19990,c2273685b0c489a769169519b82c360b8d89b440fedb9f89af61f01970af6171
TR-19991,2024-11-25,2024-11-01,CTB,1000100,RECEITA,2647.9452460650677,2647.9452460650677,BRL,Compra de insumos para setor CTB,2,PIX,PAGO,b93771a8-49a7-4f5b-9dd2-8dec81399442,2024-12-05,ERP_CORPORATIVO,TRANSACOES_FINANCEIRAS,19991,4e72c4d3878cd4710a10d700d274fd72177522e8b5e9c08c51cd0cc7abb63e51
TR-19992,2024-11-18,2024-11-01,PJT,1000100,RECEITA,2415.856581908932,2415.856581908932,BRL,Investimento em marketing corporativo (PJT),4,TRANSFERENCIA,ATRASADO,b93771a8-49a7-4f5b-9dd2-8dec81399442,2024-12-05,ERP_CORPORATIVO,TRANSACOES_FINANCEIRAS,19992,20967605a52c4bdd1a7df636c1d7d5fd76f1759d5626158b20e0c8f4f9b7f5d1
TR-19993,2024-11-18,2024-11-01,ADM,1000100,DESPESA,3085.4720018652297,3085.4720018652297,BRL,Despesa de refeição em deslocamento (ADM),20,TRANSFERENCIA,PAGO,b93771a8-49a7-4f5b-9dd2-8dec81399442,2024-12-05,ERP_CORPORATIVO,TRANSACOES_FINANCEIRAS,19993,4c47afae1af1b8fc6b2ff6b1bfa55bb30c1f783f65bb04a2338cf402ea54d316
TR-19994,2024-11-11,2024-11-01,PJT,1000100,RECEITA,2694.5018194633035,2694.5018194633035,BRL,Manutenção estrutural vinculada à área PJT,3,PIX,CANCELADO,b93771a8-49a7-4f5b-9dd2-8dec81399442,2024-12-05,ERP_CORPORATIVO,TRANSACOES_FINANCEIRAS,19994,5062ed5eb4ae586860140838f8d955a914501bdff2963a5806eaa9d0a3a447ed
TR-19995,2024-11-05,2024-11-01,FIN,1000100,DESPESA,1275.949058708531,1179.3486224192243,BRL,Serviço de telefonia e internet - FIN,9,TED,PAGO,b93771a8-49a7-4f5b-9dd2-8dec81399442,2024-12-05,ERP_CORPORATIVO,TRANSACOES_FINANCEIRAS,19995,c60e8258a6d02a00e8533b2996d05d58168d996ee314cab594aa829f952a55dd
TR-19996,2024-11-11,2024-11-01,COM,1000100,DESPESA,3024.984504359513,3024.984504359513,BRL,Despesa operacional - COM,8,BOLETO,PAGO,b93771a8-49a7-4f5b-9dd2-8dec81399442,2024-12-05,ERP_CORPORATIVO,TRANSACOES_FINANCEIRAS,19996,42abe261dc331c6c94d579fe39638ef93912de3e13975fad22a52cabf9262620
TR-19997,2024-11-15,2024-11-01,ADM,1000100,RECEITA,3059.8278901164117,3059.8278901164117,BRL,Receita eventual registrada em ADM,37,PIX,PAGO,b93771a8-49a7-4f5b-9dd2-8dec81399442,2024-12-05,ERP_CORPORATIVO,TRANSACOES_FINANCEIRAS,19997,94bcd3da6e68410c886a13cb4207969afc4bd78231f087c185b3cd38c300dccd
TR-19998,2024-11-04,2024-11-01,OP,1000100,RECEITA,2234.262298893406,2234.262298893406,BRL,Serviço especializado solicitado por OP,1,TED,PAGO,b93771a8-49a7-4f5b-9dd2-8dec81399442,2024-12-05,ERP_CORPORATIVO,TRANSACOES_FINANCEIRAS,19998,d79de24a1b0c30550de9f1251186d7836bde6788361281c3ad960f645becc5fa
TR-19999,2024-11-22,2024-11-01,QAS,1000100,DESPESA,3014.235261537523,3014.235261537523,BRL,Compra de insumos para setor QAS,2,PIX,ATRASADO,b93771a8-49a7-4f5b-9dd2-8dec81399442,2024-12-05,ERP_CORPORATIVO,TRANSACOES_FINANCEIRAS,19999,b0d0e9594283060adfcbed1a928079d3e83a4832705f00e8106cd0afa120a569
TR-20315,2024-11-11,2024-11-01,QAS,ACC-00102,DESPESA,1566.420105446482,1500.8182012801317,BRL,Receita eventual registrada em QAS,37,TED,PAGO,b93771a8-49a7-4f5b-9dd2-8dec81399442,2024-12-05,ERP_CORPORATIVO,TRANSACOES_FINANCEIRAS,20315,e8d5f68785d6827af9c5cc75f004160f01084ff0e794fe9513ec3678923f48a5
TR-20316,2024-11-15,2024-11-01,COM,ACC-00102,DESPESA,1423.3258598086468,1423.3258598086468,BRL,Aquisição de material operacional - COM,2,TRANSFERENCIA,PAGO,b93771a8-49a7-4f5b-9dd2-8dec81399442,2024-12-05,ERP_CORPORATIVO,TRANSACOES_FINANCEIRAS,20316,cdf17388b473d3394dd84e2e5fcbb958fb9a515efc71ddb643ae229e0161e50f
TR-20317,2024-11-21,2024-11-01,COM,ACC-00102,DESPESA,1226.7689098942947,1189.0365107449943,BRL,Serviço especializado solicitado por COM,1,TRANSFERENCIA,PAGO,b93771a8-49a7-4f5b-9dd2-8dec81399442,2024-12-05,ERP_CORPORATIVO,TRANSACOES_FINANCEIRAS,20317,811e68b114519c9d71a2bdd9bdf62dd5f3aa81ace94deee1a88adea395966e5a
TR-20318,2024-11-18,2024-11-01,COM,ACC-00102,RECEITA,1325.3251927164947,1325.3251927164947,BRL,Receita de aluguel creditada em COM,31,CARTAO,PAGO,b93771a8-49a7-4f5b-9dd2-8dec81399442,2024-12-05,ERP_CORPORATIVO,TRANSACOES_FINANCEIRAS,20318,c2edcc4560072c0733b72060c0d91bcf7f703f1ffaca39698ae6e301df2ec4e5
TR-20319,2024-11-04,2024-11-01,COMP,ACC-00102,RECEITA,1264.7713696009591,1236.5879443453457,BRL,Despesa de infraestrutura - COMP,3,PIX,PAGO,b93771a8-49a7-4f5b-9dd2-8dec81399442,2024-12-05,ERP_CORPORATIVO,TRANSACOES_FINANCEIRAS,20319,715bc06fb45744f29cd8619355a9c39f8dbc7a1ac812625a3f1a3da441298c61
TR-20320,2024-11-22,2024-11-01,COMP,ACC-00102,DESPESA,1517.1357861404435,1517.1357861404435,BRL,Desconto concedido em operação de COMP,38,BOLETO,PAGO,b93771a8-49a7-4f5b-9dd2-8dec81399442,2024-12-05,ERP_CORPORATIVO,TRANSACOES_FINANCEIRAS,20320,ee8719cd9041dc8a66ce36c54e2b751842e0580ad94d256a8073df5a16f087ad
TR-20321,2024-11-18,2024-11-01,QAS,ACC-00102,DESPESA,1281.641824960734,1281.641824960734,BRL,Despesa de infraestrutura - QAS,3,BOLETO,PAGO,b93771a8-49a7-4f5b-9dd2-8dec81399442,2024-12-05,ERP_CORPORATIVO,TRANSACOES_FINANCEIRAS,20321,0839bc89bfecb10522caabf1d147fa67d290d284dfa58584b4f4acf992da15f6
TR-20322,2024-11-27,2024-11-01,COM,ACC-00102,DESPESA,1507.2164153149142,1507.2164153149142,BRL,Despesa de RH - COM,6,PIX,PAGO,b93771a8-49a7-4f5b-9dd2-8dec81399442,2024-12-05,ERP_CORPORATIVO,TRANSACOES_FINANCEIRAS,20322,cb7de60dc40161877d39e688377ad7c6c27f149674a098f7ae7285e5143720b9
TR-20323,2024-11-25,2024-11-01,OP,ACC-00102,DESPESA,1524.6117689561147,1478.5379470955118,BRL,Manutenção de equipamentos de OP,28,PIX,ATRASADO,b93771a8-49a7-4f5b-9dd2-8dec81399442,2024-12-05,ERP_CORPORATIVO,TRANSACOES_FINANCEIRAS,20323,6f1858fa56995b6bfb091d499ba3a94f63d77c8bd81be7d475ad7169d7dbe0d6
TR-20324,2024-11-14,2024-11-01,MKT,ACC-00102,RECEITA,1402.859860071373,1387.9820452439967,BRL,Compra de insumos para setor MKT,2,PIX,PAGO,b93771a8-49a7-4f5b-9dd2-8dec81399442,2024-12-05,ERP_CORPORATIVO,TRANSACOES_FINANCEIRAS,20324,9c1ae348f13d793f7ebf6edce3d1ec6e5fb35dd830b98fb4733bf8a07fbd59f7
TR-20325,2024-11-19,2024-11-01,OP,ACC-00102,RECEITA,1460.128642664032,1460.128642664032,BRL,Despesa operacional - OP,8,TED,PAGO,b93771a8-49a7-4f5b-9dd2-8dec81399442,2024-12-05,ERP_CORPORATIVO,TRANSACOES_FINANCEIRAS,20325,b97bd5108ca42d3d43efa8f58991987f7f0e9e7f4f49f724cc3e08d105ac63a9
TR-20326,2024-11-19,2024-11-01,PJT,ACC-00102,DESPESA,1315.130397881233,1315.130397881233,BRL,Abastecimento de veículos - PJT,16,TED,PAGO,b93771a8-49a7-4f5b-9dd2-8dec81399442,2024-12-05,ERP_CORPORATIVO,TRANSACOES_FINANCEIRAS,20326,3f90f1007318381cbdffffdd918d29dd966ce4da945ef53cfd73cfd6041f2a95
TR-20327,2024-11-04,2024-11-01,FIN,ACC-00102,RECEITA,467.4797184553088,467.4797184553088,BRL,Participação nos resultados vinculada a FIN,34,BOLETO,ATRASADO,b93771a8-49a7-4f5b-9dd2-8dec81399442,2024-12-05,ERP_CORPORATIVO,TRANSACOES_FINANCEIRAS,20327,329f0912a55d4994b188005fe6eb8df1464e2d2cad52f5913c03446a58253393
TR-20328,2024-11-15,2024-11-01,COM,ACC-00102,DESPESA,1221.5317669811723,1183.2967584532505,BRL,Manutenção estrutural vinculada à área COM,3,BOLETO,PAGO,b93771a8-49a7-4f5b-9dd2-8dec81399442,2024-12-05,ERP_CORPORATIVO,TRANSACOES_FINANCEIRAS,20328,16d107bda89199a67392255275d6a0d941370eedc5344dfb488688b3c42e8b4b
TR-20329,2024-11-13,2024-11-01,COM,ACC-00102,DESPESA,1320.2396451607997,1320.2396451607997,BRL,Investimento em marketing corporativo (COM),4,PIX,PAGO,b93771a8-49a7-4f5b-9dd2-8dec81399442,2024-12-05,ERP_CORPORATIVO,TRANSACOES_FINANCEIRAS,20329,bc426a48f84ec30e7effdf244e264735524e616c355ca674b95ce54a517d1969
TR-20330,2024-11-11,2024-11-01,OP,ACC-00102,DESPESA,1340.866556668035,1340.866556668035,BRL,Suporte técnico para sistemas de OP,29,PIX,CANCELADO,b93771a8-49a7-4f5b-9dd2-8dec81399442,2024-12-05,ERP_CORPORATIVO,TRANSACOES_FINANCEIRAS,20330,2f18bead3fc7b7e30e326c3133dac8d1a30972351cc9d3e0087ec5a483d22029
TR-20331,2024-11-04,2024-11-01,CPT,ACC-00102,DESPESA,1526.1236406974583,1526.1236406974583,BRL,Reparo de frota vinculado à área CPT,17,BOLETO,PAGO,b93771a8-49a7-4f5b-9dd2-8dec81399442,2024-12-05,ERP_CORPORATIVO,TRANSACOES_FINANCEIRAS,20331,9c0e297171b222f20f6119832ae34c4c51dd84a899bd6ed6dcd7f3180a88dc78
TR-20332,2024-11-18,2024-11-01,TI,ACC-00102,DESPESA,1639.8525800448651,1639.8525800448651,BRL,Contrato de serviço - setor TI,1,CARTAO,PAGO,b93771a8-49a7-4f5b-9dd2-8dec81399442,2024-12-05,ERP_CORPORATIVO,TRANSACOES_FINANCEIRAS,20332,087e99cf461d9a0d7efda00d41c1f0988a716f6cc3687a13dc3255bfa499e98b
TR-20333,2024-11-13,2024-11-01,OP,ACC-00102,DESPESA,1321.260705403496,1321.260705403496,BRL,Honorários jurídicos - OP,7,BOLETO,PAGO,b93771a8-49a7-4f5b-9dd2-8dec81399442,2024-12-05,ERP_CORPORATIVO,TRANSACOES_FINANCEIRAS,20333,14424fd6f1dda50a136c6717e3be1a7cfa0b10951feece3660bdc961927295f4
TR-20334,2024-11-04,2024-11-01,SEC,ACC-00102,RECEITA,1369.4481947159325,1369.4481947159325,BRL,Recebimento de subvenção - SEC,36,BOLETO,ATRASADO,b93771a8-49a7-4f5b-9dd2-8dec81399442,2024-12-05,ERP_CORPORATIVO,TRANSACOES_FINANCEIRAS,20334,8815bf7fe797c6a253fb4b88c38ddd91a7576c777d2b95080d569731e6dce4b5
TR-20335,2024-11-27,2024-11-01,FIN,ACC-00102,DESPESA,1228.7101443816127,1228.7101443816127,BRL,Alimentação em viagem corporativa - FIN,20,TED,PAGO,b93771a8-49a7-4f5b-9dd2-8dec81399442,2024-12-05,ERP_CORPORATIVO,TRANSACOES_FINANCEIRAS,20335,dcbf0d73fe998fbf4746997f2f1a03c93d72b414ef220bb7c2d9dd5b0f319efa
TR-20336,2024-11-28,2024-11-01,MKT,ACC-00102,RECEITA,1371.3144408588412,1371.3144408588412,BRL,Passagem aérea para colaborador de MKT,18,TED,PAGO,b93771a8-49a7-4f5b-9dd2-8dec81399442,2024-12-05,ERP_CORPORATIVO,TRANSACOES_FINANCEIRAS,20336,d8742809f06d19ead0f0a106a08bdaca1f39389c6d5a7b997d0447701d9402f0
TR-20337,2024-11-25,2024-11-01,MKT,ACC-00102,DESPESA,1543.7761054633422,1543.7761054633422,BRL,Serviço relacionado a recursos humanos (MKT),6,TRANSFERENCIA,PAGO,b93771a8-49a7-4f5b-9dd2-8dec81399442,2024-12-05,ERP_CORPORATIVO,TRANSACOES_FINANCEIRAS,20337,9b69bd92e91dfb1cbb3889d751965faf6070031aa7fb5cf30f2ee7a0427df266
TR-20879,2024-11-12,2024-11-01,TI,ACC-00106,DESPESA,7334.059040974999,7334.059040974999,USD,Campanha institucional - TI,4,BOLETO,PAGO,b93771a8-49a7-4f5b-9dd2-8dec81399442,2024-12-05,ERP_CORPORATIVO,TRANSACOES_FINANCEIRAS,20879,1c5d54c0bba9ce64a54f1301dc3d2aec6825d4be5d77335e42bd69450551a20b
TR-20880,2024-11-18,2024-11-01,CPT,ACC-00106,DESPESA,6915.208262600161,6915.208262600161,BRL,Despesa de infraestrutura - CPT,3,TED,PAGO,b93771a8-49a7-4f5b-9dd2-8dec81399442,2024-12-05,ERP_CORPORATIVO,TRANSACOES_FINANCEIRAS,20880,2dc0d87ef170a42ce93d8f5fcd80a4fd56194b492eba4c00148602702acd7d65
TR-20881,2024-11-06,2024-11-01,RH,ACC-00106,RECEITA,6295.388280589396,6295.388280589396,BRL,Encargos de empréstimo vinculados a RH,23,PIX,PAGO,b93771a8-49a7-4f5b-9dd2-8dec81399442,2024-12-05,ERP_CORPORATIVO,TRANSACOES_FINANCEIRAS,20881,0d2d12ff4031e3d1d2b9f35c879feeaa5be95d9a7985aaa28b44d21336cc41c1
TR-20882,2024-11-27,2024-11-01,TI,ACC-00106,RECEITA,6278.4607504777,6278.4607504777,BRL,Despesa operacional - TI,8,PIX,PAGO,b93771a8-49a7-4f5b-9dd2-8dec81399442,2024-12-05,ERP_CORPORATIVO,TRANSACOES_FINANCEIRAS,20882,e0bd9e2fdddfad0c10f8db688737c9c84179d877199ae8c05c643038cae3d1d3
TR-20883,2024-11-13,2024-11-01,FIN,ACC-00106,DESPESA,6542.054811190989,6453.275467177249,BRL,Renovação de certificados digitais - FIN,26,BOLETO,PAGO,b93771a8-49a7-4f5b-9dd2-8dec81399442,2024-12-05,ERP_CORPORATIVO,TRANSACOES_FINANCEIRAS,20883,6a0acef02e399c94d00cecc806bf9eb0ddf5fe9007bb21e659a17641ae8089c6
TR-20884,2024-11-04,2024-11-01,PJT,ACC-00106,RECEITA,7251.791265688996,7070.55822788773,BRL,Investimento em marketing corporativo (PJT),4,PIX,PAGO,b93771a8-49a7-4f5b-9dd2-8dec81399442,2024-12-05,ERP_CORPORATIVO,TRANSACOES_FINANCEIRAS,20884,7e1d26a6800337753efe2d41f896f6fb7c0b58707a14d0caa10fe851913cfbba
TR-20885,2024-11-19,2024-11-01,RH,ACC-00106,DESPESA,6409.227424992271,6246.772792796207,BRL,Contrato de serviço - setor RH,1,PIX,ATRASADO,b93771a8-49a7-4f5b-9dd2-8dec81399442,2024-12-05,ERP_CORPORATIVO,TRANSACOES_FINANCEIRAS,20885,7c317753bd614d373c1b768ea182f230fef082ef883f51720107e177a182414a
TR-21033,2024-11-12,2024-11-01,ATD,FORN-00107,RECEITA,2897.49112206661,2764.1873311726026,BRL,Investimento em marketing corporativo (ATD),4,BOLETO,PAGO,b93771a8-49a7-4f5b-9dd2-8dec81399442,2024-12-05,ERP_CORPORATIVO,TRANSACOES_FINANCEIRAS,21033,e7661e414ec7f5fd022b6f61226a3a875d3e6c70d8b0da8102591d3f49f24878
TR-21034,2024-11-19,2024-11-01,ADM,FORN-00107,DESPESA,2979.33126336264,2839.3778103754453,BRL,Contrato de serviço - setor ADM,1,TRANSFERENCIA,ATRASADO,b93771a8-49a7-4f5b-9dd2-8dec81399442,2024-12-05,ERP_CORPORATIVO,TRANSACOES_FINANCEIRAS,21034,4abe19446b216b21a5db939098d5281f52641cbf8f83015010d3b6b86017c517
TR-21035,2024-11-12,2024-11-01,FIN,FORN-00107,DESPESA,2725.5134964582912,2725.5134964582912,BRL,Certificado digital adquirido por FIN,26,TED,PAGO,b93771a8-49a7-4f5b-9dd2-8dec81399442,2024-12-05,ERP_CORPORATIVO,TRANSACOES_FINANCEIRAS,21035,046bfd3905f0a56cb527f3dfa80dbf08c55ef968bbf842dc55c47856ac16441a
TR-21036,2024-11-08,2024-11-01,COM,FORN-00107,RECEITA,2606.1161839503,2606.1161839503,BRL,Licenciamento de software - COM,5,PIX,PAGO,b93771a8-49a7-4f5b-9dd2-8dec81399442,2024-12-05,ERP_CORPORATIVO,TRANSACOES_FINANCEIRAS,21036,ca0771f281379b22f927fa90e6f0c1658f5681ee16ef689a53b51627c8a18eee
TR-21037,2024-11-18,2024-11-01,PJT,FORN-00107,DESPESA,2456.596051694155,2456.596051694155,BRL,Aquisição de material operacional - PJT,2,BOLETO,PAGO,b93771a8-49a7-4f5b-9dd2-8dec81399442,2024-12-05,ERP_CORPORATIVO,TRANSACOES_FINANCEIRAS,21037,bda65e347084fd8380ebc3e0454809aa95d9f716ae0de968d32369a540c2d80d
TR-21038,2024-11-18,2024-11-01,ADM,FORN-00107,DESPESA,2836.3638683334757,2758.265001079942,BRL,Compra de insumos para setor ADM,2,TED,PAGO,b93771a8-49a7-4f5b-9dd2-8dec81399442,2024-12-05,ERP_CORPORATIVO,TRANSACOES_FINANCEIRAS,21038,112e3b693e71ef24b325432f3fbad9f0c51756950b365486a700c84e69a72169
TR-21039,2024-11-13,2024-11-01,MKT,FORN-00107,RECEITA,2476.079981012214,2476.079981012214,BRL,Manutenção preventiva de veículos - MKT,17,PIX,PAGO,b93771a8-49a7-4f5b-9dd2-8dec81399442,2024-12-05,ERP_CORPORATIVO,TRANSACOES_FINANCEIRAS,21039,1f9a4946286f7dfdd9fbee14ab3e847d8af3689c34107c5646373f59c857e26e
TR-21040,2024-11-29,2024-11-01,CPT,FORN-00107,DESPESA,5597.720962230752,5597.720962230752,BRL,Licença de software para área CPT,27,CARTAO,PAGO,b93771a8-49a7-4f5b-9dd2-8dec81399442,2024-12-05,ERP_CORPORATIVO,TRANSACOES_FINANCEIRAS,21040,b060b678d9e811cc3e8316602dffc7ad86156f53837fc8a1b3e3b516d97ec200
TR-21041,2024-11-11,2024-11-01,COM,FORN-00107,RECEITA,2773.5862281602654,2773.5862281602654,BRL,Diária de hotel para equipe COM,19,PIX,PAGO,b93771a8-49a7-4f5b-9dd2-8dec81399442,2024-12-05,ERP_CORPORATIVO,TRANSACOES_FINANCEIRAS,21041,b471f31e45e49e6b2176555a07b0e1b4b88e6137604a405c4c4a0f64bac918b1
TR-21042,2024-11-11,2024-11-01,COMP,FORN-00107,RECEITA,3045.708713296669,2965.055596202706,BRL,Resultado de equivalência patrimonial - COMP,34,CARTAO,PAGO,b93771a8-49a7-4f5b-9dd2-8dec81399442,2024-12-05,ERP_CORPORATIVO,TRANSACOES_FINANCEIRAS,21042,6f7ef47f3b88a3d451cb5c11dcb24fbb14215b3e3f2a7636277a62cc7dfd6133
TR-21043,2024-11-18,2024-11-01,JUR,FORN-00107,RECEITA,3144.7930622590143,3018.5276073964974,BRL,Aquisição de material operacional - JUR,2,BOLETO,CANCELADO,b93771a8-49a7-4f5b-9dd2-8dec81399442,2024-12-05,ERP_CORPORATIVO,TRANSACOES_FINANCEIRAS,21043,003391abef1da1910ddc9fbbbee814577cbe6c156d1e50362600fed67ff80f24
TR-21234,2024-11-07,2024-11-01,FIN,FORN-00108,DESPESA,2897.087382926169,2897.087382926169,BRL,Manutenção estrutural vinculada à área FIN,3,CARTAO,PAGO,b93771a8-49a7-4f5b-9dd2-8dec81399442,2024-12-05,ERP_CORPORATIVO,TRANSACOES_FINANCEIRAS,21234,bfd3ec1cd27e54c3da9bf29a2320f39368bb1f3bd0bc8eb8951450dbef74a416
TR-21235,2024-11-12,2024-11-01,COMP,FORN-00108,RECEITA,3122.587105794392,3122.587105794392,BRL,Locação de espaço comercial - COMP,31,BOLETO,PAGO,b93771a8-49a7-4f5b-9dd2-8dec81399442,2024-12-05,ERP_CORPORATIVO,TRANSACOES_FINANCEIRAS,21235,141102bb6667cf5a477596908efbfa33b00cbe0a837ff779d7f0cdb8a0ff59f0
TR-21236,2024-11-25,2024-11-01,MKT,FORN-00108,RECEITA,2773.6003409030795,2773.6003409030795,BRL,Licenciamento de software - MKT,5,BOLETO,PAGO,b93771a8-49a7-4f5b-9dd2-8dec81399442,2024-12-05,ERP_CORPORATIVO,TRANSACOES_FINANCEIRAS,21236,d266b8441a20bbcbcea58c3efa3b62fff7997ae633c730170ed6756f41ceca26
TR-21237,2024-11-26,2024-11-01,COM,FORN-00108,DESPESA,2752.1743550578094,2752.1743550578094,BRL,Serviço de tecnologia contratado por COM,5,CARTAO,PAGO,b93771a8-49a7-4f5b-9dd2-8dec81399442,2024-12-05,ERP_CORPORATIVO,TRANSACOES_FINANCEIRAS,21237,d7cced8b2bfffdf45df18e22a43370ce75afa0bb8ef836eab43d26a6a4721e15
TR-21414,2024-11-14,2024-11-01,PJT,FORN-00109,DESPESA,2632.841431236717,2632.841431236717,BRL,Atendimento de TI requisitado por PJT,29,PIX,CANCELADO,b93771a8-49a7-4f5b-9dd2-8dec81399442,2024-12-05,ERP_CORPORATIVO,TRANSACOES_FINANCEIRAS,21414,46cefb4324acc58d4adbf6cba79e0d222ba4b01cd61ebd9f7a64213ab2c5fd45
TR-21415,2024-11-13,2024-11-01,TI,FORN-00109,DESPESA,2223.8543451847777,2223.8543451847777,BRL,Serviço de telefonia e internet - TI,9,BOLETO,PAGO,b93771a8-49a7-4f5b-9dd2-8dec81399442,2024-12-05,ERP_CORPORATIVO,TRANSACOES_FINANCEIRAS,21415,8f328ad288d5d77f587ff983cef953500b42332779cf84c00302c9ce98430e59
TR-21416,2024-11-15,2024-11-01,JUR,FORN-00109,RECEITA,2444.501035922459,2409.665536994328,BRL,Honorários profissionais contratados por JUR,11,CARTAO,PAGO,b93771a8-49a7-4f5b-9dd2-8dec81399442,2024-12-05,ERP_CORPORATIVO,TRANSACOES_FINANCEIRAS,21416,6072021bb5206d68b5db8a27da9252d548eefd9680f709d3d7786249c6b9e058
TR-21417,2024-11-15,2024-11-01,FIN,FORN-00109,RECEITA,2142.2664316956457,2046.110541793839,BRL,Assessoria contábil prestada a FIN,25,TED,PAGO,b93771a8-49a7-4f5b-9dd2-8dec81399442,2024-12-05,ERP_CORPORATIVO,TRANSACOES_FINANCEIRAS,21417,ec8a4235628bc81fad352cd56283a9f3188ec4003b7ba809cd5ca223f5b4c051
TR-21418,2024-11-18,2024-11-01,ESG,FORN-00109,DESPESA,2155.6327605136894,2155.6327605136894,BRL,Royalties recebidos por ESG,32,PIX,CANCELADO,b93771a8-49a7-4f5b-9dd2-8dec81399442,2024-12-05,ERP_CORPORATIVO,TRANSACOES_FINANCEIRAS,21418,5ce9bc6a4ca900e7f1fd8a561c739beb2fe2fc4358d40ef1bd287a3c1a5197f6
TR-21419,2024-11-21,2024-11-01,PRD,FORN-00109,DESPESA,2041.6567235226164,2041.6567235226164,BRL,Investimento em marketing corporativo (PRD),4,CARTAO,PAGO,b93771a8-49a7-4f5b-9dd2-8dec81399442,2024-12-05,ERP_CORPORATIVO,TRANSACOES_FINANCEIRAS,21419,c7e202e64faa3baf09b1e083d2637a405e5040b5e66051983861be91b89e95e5
TR-21420,2024-11-22,2024-11-01,PJT,FORN-00109,RECEITA,2055.2996302862525,2055.2996302862525,USD,Prestação de serviço para área PJT,1,PIX,ATRASADO,b93771a8-49a7-4f5b-9dd2-8dec81399442,2024-12-05,ERP_CORPORATIVO,TRANSACOES_FINANCEIRAS,21420,9264666eeb011204e9f3dccd7078f3378421d0e6f63cece3aa8a622b8bb159d1
TR-21421,2024-11-11,2024-11-01,OP,FORN-00109,DESPESA,2393.4705912513377,2329.422039788966,BRL,Evento corporativo organizado por OP,14,BOLETO,PAGO,b93771a8-49a7-4f5b-9dd2-8dec81399442,2024-12-05,ERP_CORPORATIVO,TRANSACOES_FINANCEIRAS,21421,f27b638e5df8e49ba225e8018847c8cd78545677aa5cc593eb01ef25b7221d37
TR-21422,2024-11-18,2024-11-01,COMP,FORN-00109,RECEITA,2626.0276043288936,2626.0276043288936,BRL,Promoção e atividade externa - COMP,14,TED,CANCELADO,b93771a8-49a7-4f5b-9dd2-8dec81399442,2024-12-05,ERP_CORPORATIVO,TRANSACOES_FINANCEIRAS,21422,f0cb47c6902bc643f45e813b30c7b13278a4f7df3cdaa174c9153b734f8da96d
TR-21423,2024-11-26,2024-11-01,FIN,FORN-00109,DESPESA,2512.590467878227,2452.988906029695,BRL,Serviço relacionado a recursos humanos (FIN),6,BOLETO,PAGO,b93771a8-49a7-4f5b-9dd2-8dec81399442,2024-12-05,ERP_CORPORATIVO,TRANSACOES_FINANCEIRAS,21423,94ae66ee3e5b48d7e4e31280f850a9b921046efb775ea113c257eb347ef8d106
TR-21424,2024-11-15,2024-11-01,LOG,FORN-00109,RECEITA,2619.462935947543,2619.462935947543,BRL,Prestação de serviço para área LOG,1,PIX,PAGO,b93771a8-49a7-4f5b-9dd2-8dec81399442,2024-12-05,ERP_CORPORATIVO,TRANSACOES_FINANCEIRAS,21424,fb6544015d5622636c24adb9388fc59f1649d933280a114bacaa429a6ab0d688
TR-21425,2024-11-18,2024-11-01,COMP,FORN-00109,DESPESA,2448.7669538483933,2448.7669538483933,BRL,Compra de insumos para setor COMP,2,TRANSFERENCIA,PAGO,b93771a8-49a7-4f5b-9dd2-8dec81399442,2024-12-05,ERP_CORPORATIVO,TRANSACOES_FINANCEIRAS,21425,1224936edd929b20dd3b17c1923f153bccbef31299e73a4ef8f2b68e8816b506
TR-21426,2024-11-21,2024-11-01,OP,FORN-00109,DESPESA,2256.402695463502,2148.370074287673,EUR,Alimentação em viagem corporativa - OP,20,PIX,PAGO,b93771a8-49a7-4f5b-9dd2-8dec81399442,2024-12-05,ERP_CORPORATIVO,TRANSACOES_FINANCEIRAS,21426,666cff0db93d8d22a8ce7225275b854327d028ba65128f6022c5e1f4188c798e
TR-21427,2024-11-07,2024-11-01,FIN,FORN-00109,RECEITA,2148.2451997633934,2148.2451997633934,BRL,Aquisição de material operacional - FIN,2,BOLETO,PAGO,b93771a8-49a7-4f5b-9dd2-8dec81399442,2024-12-05,ERP_CORPORATIVO,TRANSACOES_FINANCEIRAS,21427,4d980ba64ddfcd9ee6518fe5b0678fc74b12022612172e4e9b43590dde53c383
TR-21428,2024-11-08,2024-11-01,FIN,FORN-00109,RECEITA,2398.610537795629,2398.610537795629,BRL,Aquisição de material operacional - FIN,2,TED,CANCELADO,b93771a8-49a7-4f5b-9dd2-8dec81399442,2024-12-05,ERP_CORPORATIVO,TRANSACOES_FINANCEIRAS,21428,7bbbe6435af1773d5ada6083ddc805c0b4b7075b4febf647d25d7634a831ffd8
TR-21429,2024-11-25,2024-11-01,COM,FORN-00109,DESPESA,1914.0879668917923,1914.0879668917923,BRL,Despesa operacional - COM,8,TED,PAGO,b93771a8-49a7-4f5b-9dd2-8dec81399442,2024-12-05,ERP_CORPORATIVO,TRANSACOES_FINANCEIRAS,21429,e142a072a2bf8cb9586100c97bb073e8b8b96bf1e6cc4a9b2fe69726221d330f
TR-21837,2024-11-18,2024-11-01,RH,FORN-00111,DESPESA,1729.3577816392526,1729.3577816392526,BRL,Recebimento de subvenção - RH,36,BOLETO,PAGO,b93771a8-49a7-4f5b-9dd2-8dec81399442,2024-12-05,ERP_CORPORATIVO,TRANSACOES_FINANCEIRAS,21837,904766ac4ed80887272b1e5b9456584561bc821f8b3926ddcd0091b9bfb4ea33
TR-21838,2024-11-08,2024-11-01,QAS,FORN-00111,RECEITA,2067.438811627768,2067.438811627768,USD,Compra de insumos para setor QAS,2,PIX,PAGO,b93771a8-49a7-4f5b-9dd2-8dec81399442,2024-12-05,ERP_CORPORATIVO,TRANSACOES_FINANCEIRAS,21838,d0bb0dadb40b64550b32a5093baad34ecf2ca4e8c64cd50aa4fd0152650722a1
TR-21839,2024-11-15,2024-11-01,JUR,FORN-00111,DESPESA,1679.177578891896,1679.177578891896,BRL,Receita eventual registrada em JUR,37,TED,PAGO,b93771a8-49a7-4f5b-9dd2-8dec81399442,2024-12-05,ERP_CORPORATIVO,TRANSACOES_FINANCEIRAS,21839,d1dfad6a22acdb734ee9d90a8d178aa1ea5b2195a6657178aff658651d7d8ea3
TR-21840,2024-11-07,2024-11-01,FIN,FORN-00111,DESPESA,1831.0280482387973,1777.6469812636951,BRL,Custo operacional associado a FIN,8,PIX,PAGO,b93771a8-49a7-4f5b-9dd2-8dec81399442,2024-12-05,ERP_CORPORATIVO,TRANSACOES_FINANCEIRAS,21840,934b2c08cb465fe733868c0f65c02ed55aaefab33786a7ba9651ded011285010
TR-21841,2024-11-11,2024-11-01,COMP,FORN-00111,DESPESA,1480.02180707187,1480.02180707187,BRL,Honorarium advocatício - COMP,24,TRANSFERENCIA,PAGO,b93771a8-49a7-4f5b-9dd2-8dec81399442,2024-12-05,ERP_CORPORATIVO,TRANSACOES_FINANCEIRAS,21841,d3f6fe15ed191ac5163f75bb3447b4d7cbd504bf0bba90981a2891c37ec3c00c
TR-21842,2024-11-18,2024-11-01,LOG,FORN-00111,DESPESA,1795.3164820921047,1795.3164820921047,USD,Licenciamento de software - LOG,5,TED,PAGO,b93771a8-49a7-4f5b-9dd2-8dec81399442,2024-12-05,ERP_CORPORATIVO,TRANSACOES_FINANCEIRAS,21842,d306fd924fbc284fa1fbc0f8886191d4619119b10746ad9b2024c204b0f1a139
TR-21843,2024-11-06,2024-11-01,MKT,FORN-00111,RECEITA,1818.071300994842,1818.071300994842,BRL,Resultado de equivalência patrimonial - MKT,34,BOLETO,PAGO,b93771a8-49a7-4f5b-9dd2-8dec81399442,2024-12-05,ERP_CORPORATIVO,TRANSACOES_FINANCEIRAS,21843,a203aaaca9e7d055d3e668053f48c4ea11dd8f4ca4258fadff283236e824d66e
TR-21844,2024-11-08,2024-11-01,RH,FORN-00111,DESPESA,2036.972628138422,1950.0849544947146,EUR,Suporte técnico para sistemas de RH,29,PIX,PAGO,b93771a8-49a7-4f5b-9dd2-8dec81399442,2024-12-05,ERP_CORPORATIVO,TRANSACOES_FINANCEIRAS,21844,e781ac30aff7f42261c7c45dd0d35f61a12bf1d31d59f261bcad0c3f24f5addf
TR-21845,2024-11-21,2024-11-01,JUR,FORN-00111,RECEITA,1551.7733900054786,1551.7733900054786,BRL,Contrato de serviço - setor JUR,1,TED,PAGO,b93771a8-49a7-4f5b-9dd2-8dec81399442,2024-12-05,ERP_CORPORATIVO,TRANSACOES_FINANCEIRAS,21845,5974183a37253160f005a96fafc7dacfb8191ab02ce10f4a450e53028d66b7ee
TR-21846,2024-11-25,2024-11-01,COM,FORN-00111,DESPESA,1754.542724055546,1754.542724055546,BRL,Resultado de equivalência patrimonial - COM,34,CARTAO,PAGO,b93771a8-49a7-4f5b-9dd2-8dec81399442,2024-12-05,ERP_CORPORATIVO,TRANSACOES_FINANCEIRAS,21846,d725443b6860198165d5adb755b308d31d0ff5e98c43ae2c050ce63a77919577
TR-22094,2024-11-14,2024-11-01,MKT,ACC-00112,DESPESA,2498.200941899222,2375.4877667857863,BRL,Serviço especializado solicitado por MKT,1,PIX,PAGO,b93771a8-49a7-4f5b-9dd2-8dec81399442,2024-12-05,ERP_CORPORATIVO,TRANSACOES_FINANCEIRAS,22094,4bf5e644958e13709d1db668143fc2f7dec05b53412194c02c85cf3c3c97b069
TR-22095,2024-11-19,2024-11-01,ADM,ACC-00112,DESPESA,2714.8145838205014,2714.8145838205014,BRL,Direitos de propriedade intelectual - ADM,32,TRANSFERENCIA,PAGO,b93771a8-49a7-4f5b-9dd2-8dec81399442,2024-12-05,ERP_CORPORATIVO,TRANSACOES_FINANCEIRAS,22095,17cee836c46442f0be9a87988d0d6188d9e6efa1a822a5074bb0a47233560cb7
TR-22096,2024-11-15,2024-11-01,COM,ACC-00112,RECEITA,2392.204601807484,2392.204601807484,BRL,Despesa de infraestrutura - COM,3,PIX,PAGO,b93771a8-49a7-4f5b-9dd2-8dec81399442,2024-12-05,ERP_CORPORATIVO,TRANSACOES_FINANCEIRAS,22096,32eba1a588595fb016fb4d728b7935302a2ecc0152abe6b5e54b4691cf1d6b1b
TR-22097,2024-11-21,2024-11-01,CTB,ACC-00112,RECEITA,2424.0595634067718,2424.0595634067718,BRL,Despesa operacional - CTB,8,BOLETO,PAGO,b93771a8-49a7-4f5b-9dd2-8dec81399442,2024-12-05,ERP_CORPORATIVO,TRANSACOES_FINANCEIRAS,22097,f058e2612c80f07f3647a3d83491c4fab11bbe053a91370f2cfa2421ed204427
TR-22098,2024-11-11,2024-11-01,ATD,ACC-00112,RECEITA,2143.5624726294727,2143.5624726294727,BRL,Contrato de consultoria externa - ATD,12,TRANSFERENCIA,CANCELADO,b93771a8-49a7-4f5b-9dd2-8dec81399442,2024-12-05,ERP_CORPORATIVO,TRANSACOES_FINANCEIRAS,22098,990afa68d2db805215bab92024f9dd08a66501a7e937f908489a4441e15da636
TR-22099,2024-11-21,2024-11-01,COMP,ACC-00112,DESPESA,2350.777988467703,2295.2708487324944,USD,Participação nos resultados vinculada a COMP,34,TED,ATRASADO,b93771a8-49a7-4f5b-9dd2-8dec81399442,2024-12-05,ERP_CORPORATIVO,TRANSACOES_FINANCEIRAS,22099,24988d2cec5c0e5e6509c8d73d641274d6c8c59f8274edf43ebe01d8f9a5efa3
TR-22100,2024-11-25,2024-11-01,ATD,ACC-00112,DESPESA,2499.1199108273354,2378.1061489554963,BRL,Custo operacional associado a ATD,8,TED,PAGO,b93771a8-49a7-4f5b-9dd2-8dec81399442,2024-12-05,ERP_CORPORATIVO,TRANSACOES_FINANCEIRAS,22100,080f742a94afa65422a5533445ce49a4310d6eeaceb22311636ad06bc0f154aa
TR-22101,2024-11-13,2024-11-01,ESG,ACC-00112,RECEITA,2522.9020529669,2437.606145217215,USD,Honorários jurídicos - ESG,7,TED,PAGO,b93771a8-49a7-4f5b-9dd2-8dec81399442,2024-12-05,ERP_CORPORATIVO,TRANSACOES_FINANCEIRAS,22101,4faa63735a061227e490dd0ba3eea266b0fd25a58dc21d11e510ae3df61645a5
TR-22102,2024-11-25,2024-11-01,COMP,ACC-00112,RECEITA,2790.2068707399126,2790.2068707399126,BRL,Receita de comissão comercial - COMP,33,TED,PAGO,b93771a8-49a7-4f5b-9dd2-8dec81399442,2024-12-05,ERP_CORPORATIVO,TRANSACOES_FINANCEIRAS,22102,c64989d00fb2e141c8084ec56e0ea4e62cd7d19d57c976ee0a5ad1cbebb08754
TR-22103,2024-11-22,2024-11-01,COM,ACC-00112,DESPESA,2461.939978320627,2461.939978320627,BRL,Apólice de seguro - COM,21,TED,PAGO,b93771a8-49a7-4f5b-9dd2-8dec81399442,2024-12-05,ERP_CORPORATIVO,TRANSACOES_FINANCEIRAS,22103,adb25a9bf8b9180803c8c1e8b3b14a799e54482d947aa713147376d69d2e59ec
TR-22408,2024-11-28,2024-11-01,PES,1000113,DESPESA,3902.639988379334,3618.2246619721686,BRL,Campanha institucional - PES,4,PIX,PAGO,b93771a8-49a7-4f5b-9dd2-8dec81399442,2024-12-05,ERP_CORPORATIVO,TRANSACOES_FINANCEIRAS,22408,cacdd182c56b2d437ba0349434e023a6fb0af6bbdbc2da23bccd7ca795d8908e
TR-22409,2024-11-15,2024-11-01,JUR,1000113,RECEITA,7108.291823787534,6917.56969951584,BRL,Manutenção estrutural vinculada à área JUR,3,CARTAO,PAGO,b93771a8-49a7-4f5b-9dd2-8dec81399442,2024-12-05,ERP_CORPORATIVO,TRANSACOES_FINANCEIRAS,22409,0630134b2e0f2564b0271f926745ba8b115f372c15df700d42501bc0d6f76240
TR-22410,2024-11-06,2024-11-01,FIN,1000113,RECEITA,6793.325028078851,6793.325028078851,BRL,Viagem corporativa - FIN,18,PIX,PAGO,b93771a8-49a7-4f5b-9dd2-8dec81399442,2024-12-05,ERP_CORPORATIVO,TRANSACOES_FINANCEIRAS,22410,91215b43d4cf79e5966ffdc6d1383018ecfc561bbff13962cd1385f418ace5aa
TR-22411,2024-11-12,2024-11-01,MKT,1000113,DESPESA,7021.818801951105,6788.762340497944,BRL,Despesa operacional - MKT,8,CARTAO,PAGO,b93771a8-49a7-4f5b-9dd2-8dec81399442,2024-12-05,ERP_CORPORATIVO,TRANSACOES_FINANCEIRAS,22411,edbd726d1548d78f6ce1cccbf119424ce8c612ab45ac3c42e9b37855afd24a82
TR-22412,2024-11-04,2024-11-01,CPT,1000113,DESPESA,7480.881324519915,7480.881324519915,BRL,Alienação de bem patrimonial - CPT,35,TED,PAGO,b93771a8-49a7-4f5b-9dd2-8dec81399442,2024-12-05,ERP_CORPORATIVO,TRANSACOES_FINANCEIRAS,22412,15bd2e7a81b9159f6d14e25c6c973f6244487a1f397ae838a9a2f63fd1fcda48
TR-22413,2024-11-04,2024-11-01,COMP,1000113,DESPESA,6718.008085087322,6420.688719982716,BRL,Resultado de equivalência patrimonial - COMP,34,TED,PAGO,b93771a8-49a7-4f5b-9dd2-8dec81399442,2024-12-05,ERP_CORPORATIVO,TRANSACOES_FINANCEIRAS,22413,ac386a3c5cf0c4a4807cae37324a33d0d17ed354e1d0ef74d71b9e50b9f46ac5
TR-22414,2024-11-20,2024-11-01,TI,1000113,DESPESA,5881.299672620926,5881.299672620926,BRL,Licenciamento de software - TI,5,PIX,PAGO,b93771a8-49a7-4f5b-9dd2-8dec81399442,2024-12-05,ERP_CORPORATIVO,TRANSACOES_FINANCEIRAS,22414,28ace29450c4b11c87c0daac18036d2343c6ff86303884a27cce58b995d49406
TR-22415,2024-11-04,2024-11-01,VND,1000113,DESPESA,7366.528640058632,7366.528640058632,BRL,Alimentação em viagem corporativa - VND,20,TED,PAGO,b93771a8-49a7-4f5b-9dd2-8dec81399442,2024-12-05,ERP_CORPORATIVO,TRANSACOES_FINANCEIRAS,22415,350480518e92805f291078f5b6d3dc5dbfcb09dc682769748bbcf08428f05bb2
TR-22416,2024-11-20,2024-11-01,PES,1000113,DESPESA,15162.547923347514,15162.547923347514,BRL,Serviço de tecnologia contratado por PES,5,TED,PAGO,b93771a8-49a7-4f5b-9dd2-8dec81399442,2024-12-05,ERP_CORPORATIVO,TRANSACOES_FINANCEIRAS,22416,296336ddec81e2b8980748443716d5efff52da7188c07616872e174528ac9efc
TR-22417,2024-11-04,2024-11-01,TI,1000113,DESPESA,5855.676591400598,5855.676591400598,BRL,Aquisição de material operacional - TI,2,TED,PAGO,b93771a8-49a7-4f5b-9dd2-8dec81399442,2024-12-05,ERP_CORPORATIVO,TRANSACOES_FINANCEIRAS,22417,e2e0a6cc17de1b1765719c6493280ec99ed52956e1e704b6beda635f3de6abe9
TR-22418,2024-11-18,2024-11-01,OP,1000113,DESPESA,6915.26932982745,6689.228804170547,BRL,Despesa jurídica da área OP,24,PIX,ATRASADO,b93771a8-49a7-4f5b-9dd2-8dec81399442,2024-12-05,ERP_CORPORATIVO,TRANSACOES_FINANCEIRAS,22418,663f2067a3dab07a2508f60417ba0bb14f72233074d8196ee3485f9f2dd4861e
TR-22419,2024-11-20,2024-11-01,JUR,1000113,RECEITA,6323.123935962781,6023.682132298158,BRL,Direitos de propriedade intelectual - JUR,32,PIX,PAGO,b93771a8-49a7-4f5b-9dd2-8dec81399442,2024-12-05,ERP_CORPORATIVO,TRANSACOES_FINANCEIRAS,22419,810aa121eba513168e8ee9c50942743611cf9225e343919d13be427dfcf2f178
TR-22420,2024-11-11,2024-11-01,QAS,1000113,RECEITA,7768.523037449587,7768.523037449587,BRL,Despesa operacional - QAS,8,TRANSFERENCIA,PAGO,b93771a8-49a7-4f5b-9dd2-8dec81399442,2024-12-05,ERP_CORPORATIVO,TRANSACOES_FINANCEIRAS,22420,34f9acd586b6cc92d190c35794713d02fd1464957014cac479216371aca202be
TR-22994,2024-11-18,2024-11-01,COMP,FORN-00119,DESPESA,2086.038639927787,2086.038639927787,USD,Despesa de infraestrutura - COMP,3,PIX,PAGO,b93771a8-49a7-4f5b-9dd2-8dec81399442,2024-12-05,ERP_CORPORATIVO,TRANSACOES_FINANCEIRAS,22994,08b7dd6ac27e01874f5e077dbe5e4a103819668106ce93a9d70cb45463e4c189
TR-22995,2024-11-18,2024-11-01,COMP,FORN-00119,RECEITA,5306.36085894665,5124.515813821336,BRL,Passagem aérea para colaborador de COMP,18,TED,PAGO,b93771a8-49a7-4f5b-9dd2-8dec81399442,2024-12-05,ERP_CORPORATIVO,TRANSACOES_FINANCEIRAS,22995,548c91109a75f4f97b40559c33271ae0959cae6a5e2575dfaec4dd8c866895d2
TR-22996,2024-11-19,2024-11-01,LOG,FORN-00119,DESPESA,5813.099629379723,5813.099629379723,BRL,Aquisição de material operacional - LOG,2,CARTAO,CANCELADO,b93771a8-49a7-4f5b-9dd2-8dec81399442,2024-12-05,ERP_CORPORATIVO,TRANSACOES_FINANCEIRAS,22996,300b98baf2c304d33666b5ed598783013398da67ff1afc21d3d538c80271e450
TR-22997,2024-11-18,2024-11-01,COM,FORN-00119,DESPESA,5507.4769763169725,5507.4769763169725,BRL,Aquisição de material operacional - COM,2,PIX,PAGO,b93771a8-49a7-4f5b-9dd2-8dec81399442,2024-12-05,ERP_CORPORATIVO,TRANSACOES_FINANCEIRAS,22997,5a9958d5c3ac0ae74933883a1b74ff5de24c16bfeb33d781dc087e14797489e5
TR-22998,2024-11-26,2024-11-01,COMP,FORN-00119,DESPESA,4189.4293682566085,4145.7077163602335,BRL,Despesa de infraestrutura - COMP,3,PIX,PAGO,b93771a8-49a7-4f5b-9dd2-8dec81399442,2024-12-05,ERP_CORPORATIVO,TRANSACOES_FINANCEIRAS,22998,8fe5872a9e48f6f8de2b5b4426d4084429082bd488c339819c8b5ddec9320cb0
TR-22999,2024-11-18,2024-11-01,COM,FORN-00119,DESPESA,5816.138937660299,5816.138937660299,BRL,Produção de material gráfico - COM,15,PIX,ATRASADO,b93771a8-49a7-4f5b-9dd2-8dec81399442,2024-12-05,ERP_CORPORATIVO,TRANSACOES_FINANCEIRAS,22999,83ae8fca49b46620e5980caf402e80ace35b6b7c70080f89d5e82c23b5281271
TR-23000,2024-11-19,2024-11-01,VND,FORN-00119,DESPESA,5880.496659970877,5634.3264707354065,BRL,Combustível e lubrificantes para frota (VND),16,BOLETO,PAGO,b93771a8-49a7-4f5b-9dd2-8dec81399442,2024-12-05,ERP_CORPORATIVO,TRANSACOES_FINANCEIRAS,23000,0fda823011924a6b40666665c0f4a38963618d39856a88aab5a92b20fb18e94b
TR-23136,2024-11-11,2024-11-01,ESG,FORN-00120,DESPESA,1158.813970888088,1158.813970888088,BRL,Prestação de serviço para área ESG,1,PIX,PAGO,b93771a8-49a7-4f5b-9dd2-8dec81399442,2024-12-05,ERP_CORPORATIVO,TRANSACOES_FINANCEIRAS,23136,8ba1f572f19694e30a45451a5a58cc6b4957d127548bcf7cf1111fd4b8bd0fc5
TR-23137,2024-11-04,2024-11-01,VND,FORN-00120,DESPESA,1299.1574989722126,1299.1574989722126,BRL,Compra de insumos para setor VND,2,BOLETO,ATRASADO,b93771a8-49a7-4f5b-9dd2-8dec81399442,2024-12-05,ERP_CORPORATIVO,TRANSACOES_FINANCEIRAS,23137,6004ce5c3595db49386cc286243f2b8f7c158ff063eb199adc12cb4b612a93e1
TR-23138,2024-11-18,2024-11-01,RH,FORN-00120,DESPESA,1328.398527026244,1328.398527026244,BRL,Serviços contábeis externos - RH,25,TED,PAGO,b93771a8-49a7-4f5b-9dd2-8dec81399442,2024-12-05,ERP_CORPORATIVO,TRANSACOES_FINANCEIRAS,23138,cc853d4e1ac5bf868a93140c18957a9650b0bb1c642bd4769342e7a989c084e7
TR-23139,2024-11-11,2024-11-01,COMP,FORN-00120,DESPESA,1457.1427406548542,1457.1427406548542,BRL,Devolução de venda processada por COMP,39,PIX,PAGO,b93771a8-49a7-4f5b-9dd2-8dec81399442,2024-12-05,ERP_CORPORATIVO,TRANSACOES_FINANCEIRAS,23139,2cab34ae0cfac47a99d559a04206b500bda2187851d1619dcc319a5ce75bf4a7
TR-23140,2024-11-28,2024-11-01,COMP,FORN-00120,DESPESA,1320.6923269457548,1264.0634138117998,BRL,Manutenção estrutural vinculada à área COMP,3,PIX,PAGO,b93771a8-49a7-4f5b-9dd2-8dec81399442,2024-12-05,ERP_CORPORATIVO,TRANSACOES_FINANCEIRAS,23140,b9f7471999fcad0b6c3fb8ca0132968b77c4f99a15d572b7fe23524216ff6ef5
TR-23141,2024-11-11,2024-11-01,MKT,FORN-00120,RECEITA,1230.2756108770013,1206.8327752720113,BRL,Aquisição de material operacional - MKT,2,CARTAO,ATRASADO,b93771a8-49a7-4f5b-9dd2-8dec81399442,2024-12-05,ERP_CORPORATIVO,TRANSACOES_FINANCEIRAS,23141,d9430364264384abaa4996d92675bd12dec05ae97f3e768d0126dadd9005302c
TR-23142,2024-11-14,2024-11-01,JUR,FORN-00120,RECEITA,1462.1565286045513,1462.1565286045513,BRL,Receita de aluguel creditada em JUR,31,PIX,PAGO,b93771a8-49a7-4f5b-9dd2-8dec81399442,2024-12-05,ERP_CORPORATIVO,TRANSACOES_FINANCEIRAS,23142,7e84406ff9570e2cf77f668d5e09c8bc1cfb6a6570fc7213461a7c5efbe0b50d
TR-23143,2024-11-11,2024-11-01,CPT,FORN-00120,DESPESA,1383.2042998076342,1383.2042998076342,BRL,Contrato de serviço - setor CPT,1,BOLETO,PAGO,b93771a8-49a7-4f5b-9dd2-8dec81399442,2024-12-05,ERP_CORPORATIVO,TRANSACOES_FINANCEIRAS,23143,e87a950a1688cbb60cbf8e6ee726b2ca86f4ac2244770257b1be87cdd575a58f
TR-23144,2024-11-11,2024-11-01,QAS,FORN-00120,RECEITA,1189.7106268003665,1189.7106268003665,BRL,Honorarium advocatício - QAS,24,PIX,ATRASADO,b93771a8-49a7-4f5b-9dd2-8dec81399442,2024-12-05,ERP_CORPORATIVO,TRANSACOES_FINANCEIRAS,23144,449d4586e373a619bb38ecfd6b7e123ea064681f74395245a3349e4a21323ca8
TR-23145,2024-11-25,2024-11-01,MKT,FORN-00120,DESPESA,1263.8551647937802,1263.8551647937802,BRL,Prestação de serviço para área MKT,1,PIX,PAGO,b93771a8-49a7-4f5b-9dd2-8dec81399442,2024-12-05,ERP_CORPORATIVO,TRANSACOES_FINANCEIRAS,23145,927c137c2014d232cfd5b4d9b8f019262861e63cbf2e687d9a25e970b803dde9
TR-23146,2024-11-22,2024-11-01,CTB,FORN-00120,DESPESA,4720.838396836668,4720.838396836668,BRL,Compra de insumos para setor CTB,2,BOLETO,PAGO,b93771a8-49a7-4f5b-9dd2-8dec81399442,2024-12-05,ERP_CORPORATIVO,TRANSACOES_FINANCEIRAS,23146,c0475251f7e389708658f78a0efc551ab80aff907cd7887094cb9e7cab26cd16
TR-23430,2024-11-20,2024-11-01,COMP,1000120,RECEITA,4054.5006005998175,4054.5006005998175,BRL,Direitos de propriedade intelectual - COMP,32,BOLETO,PAGO,b93771a8-49a7-4f5b-9dd2-8dec81399442,2024-12-05,ERP_CORPORATIVO,TRANSACOES_FINANCEIRAS,23430,6c880343cbed75f674989bdb03d2e46ba828fa694f45bf081bf120a1cf805513
TR-23431,2024-11-19,2024-11-01,OP,1000120,DESPESA,4439.568628971771,4247.12651984699,BRL,Atendimento de TI requisitado por OP,29,TRANSFERENCIA,PAGO,b93771a8-49a7-4f5b-9dd2-8dec81399442,2024-12-05,ERP_CORPORATIVO,TRANSACOES_FINANCEIRAS,23431,8128c04277a1a9a701aadcebfa0ddc44f5edad1977f335e58068d9b1c9a9ea05
TR-23432,2024-11-07,2024-11-01,FIN,1000120,DESPESA,4804.076786165822,4804.076786165822,BRL,Alienação de bem patrimonial - FIN,35,PIX,PAGO,b93771a8-49a7-4f5b-9dd2-8dec81399442,2024-12-05,ERP_CORPORATIVO,TRANSACOES_FINANCEIRAS,23432,2161d2c11e83fb2dd73b74b893cee1a6e6f36f9229f5d02ac6c84eb73d5474d5
TR-23433,2024-11-08,2024-11-01,MKT,1000120,RECEITA,4314.085529771605,4314.085529771605,USD,Serviço especializado solicitado por MKT,1,TRANSFERENCIA,PAGO,b93771a8-49a7-4f5b-9dd2-8dec81399442,2024-12-05,ERP_CORPORATIVO,TRANSACOES_FINANCEIRAS,23433,6020393bafc4ecf53883de68eff297c69dd096c8e1248f49b6da7702e425f9cb
TR-23434,2024-11-13,2024-11-01,OP,1000120,DESPESA,4326.12537251038,4173.0503597303195,BRL,Atendimento de TI requisitado por OP,29,TED,PAGO,b93771a8-49a7-4f5b-9dd2-8dec81399442,2024-12-05,ERP_CORPORATIVO,TRANSACOES_FINANCEIRAS,23434,f17fb4a68fac13aa93f5dc8c3bccb851a27901798f073814c92fc07700c8d094
TR-23552,2024-11-18,2024-11-01,FIN,FORN-00122,RECEITA,3118.176772566828,3118.176772566828,BRL,Receita extraordinária - FIN,37,TED,PAGO,b93771a8-49a7-4f5b-9dd2-8dec81399442,2024-12-05,ERP_CORPORATIVO,TRANSACOES_FINANCEIRAS,23552,341e6c7c2873741b4b7f4e84f3c8c991f5d16cac3b029d3367561e33597ea09d
TR-23553,2024-11-26,2024-11-01,COMP,FORN-00122,DESPESA,2953.9413879511185,2876.375378913649,BRL,Prestação de serviço para área COMP,1,PIX,PAGO,b93771a8-49a7-4f5b-9dd2-8dec81399442,2024-12-05,ERP_CORPORATIVO,TRANSACOES_FINANCEIRAS,23553,499ce740238aada06a01089eee061592e200ec23fadea556a410d7b8e8b46a95
TR-23554,2024-11-19,2024-11-01,TI,FORN-00122,RECEITA,5335.9432151420915,5275.0373457530595,BRL,Despesa de infraestrutura - TI,3,PIX,PAGO,b93771a8-49a7-4f5b-9dd2-8dec81399442,2024-12-05,ERP_CORPORATIVO,TRANSACOES_FINANCEIRAS,23554,88f4c0ef1d736801b5ddacb7cb6e8f1428e9efdade65465734ddb2d6f3f89307
TR-23555,2024-11-19,2024-11-01,CTB,FORN-00122,DESPESA,2530.2433979473467,2530.2433979473467,BRL,Seguro contratado pela área CTB,21,BOLETO,PAGO,b93771a8-49a7-4f5b-9dd2-8dec81399442,2024-12-05,ERP_CORPORATIVO,TRANSACOES_FINANCEIRAS,23555,2147beb1048485ea9b50a71fea1a4ec3884a132b9a5bc2b0dc25b481c2be38fa
TR-23556,2024-11-22,2024-11-01,FIN,FORN-00122,RECEITA,2577.6110588216034,2577.6110588216034,BRL,Despesa operacional - FIN,8,TED,PAGO,b93771a8-49a7-4f5b-9dd2-8dec81399442,2024-12-05,ERP_CORPORATIVO,TRANSACOES_FINANCEIRAS,23556,dcbce57ef89fed77d83c5f8553b0cef26186b0778e8b4f8152a4abd1e6c8e5fb
TR-23557,2024-11-22,2024-11-01,OP,FORN-00122,DESPESA,2841.502098688528,2841.502098688528,BRL,Receita de aluguel creditada em OP,31,BOLETO,PAGO,b93771a8-49a7-4f5b-9dd2-8dec81399442,2024-12-05,ERP_CORPORATIVO,TRANSACOES_FINANCEIRAS,23557,d1723ce1b1b0c781051ab0fb6734c01a5ef0ac6aa17bd2267818299672b5ba4f
TR-23558,2024-11-11,2024-11-01,PJT,FORN-00122,RECEITA,2415.2281735879797,2415.2281735879797,BRL,Prestação de serviço para área PJT,1,CARTAO,PAGO,b93771a8-49a7-4f5b-9dd2-8dec81399442,2024-12-05,ERP_CORPORATIVO,TRANSACOES_FINANCEIRAS,23558,a951521f7ed3b3b09f39f896e3377b530ee6ba33727f9578330f5cb955078c76
TR-23559,2024-11-21,2024-11-01,ESG,FORN-00122,DESPESA,2449.26048192987,2449.26048192987,BRL,Certificado digital adquirido por ESG,26,CARTAO,PAGO,b93771a8-49a7-4f5b-9dd2-8dec81399442,2024-12-05,ERP_CORPORATIVO,TRANSACOES_FINANCEIRAS,23559,1d295f97b18d6f252bd626e680531225ef9ee79ec1bca4f258c2ac1ef1c8dfd9
TR-23560,2024-11-11,2024-11-01,ESG,FORN-00122,DESPESA,2859.1986800174914,2859.1986800174914,BRL,Campanha institucional - ESG,4,BOLETO,PAGO,b93771a8-49a7-4f5b-9dd2-8dec81399442,2024-12-05,ERP_CORPORATIVO,TRANSACOES_FINANCEIRAS,23560,98dda036630cf632b43a3cced10cfae9cbbc6176f2b1abbeb8ac4db4afece6a1
TR-23561,2024-11-08,2024-11-01,VND,FORN-00122,RECEITA,2769.238132563628,2655.696887371963,BRL,Assessoria legal vinculada à área VND,7,CARTAO,PAGO,b93771a8-49a7-4f5b-9dd2-8dec81399442,2024-12-05,ERP_CORPORATIVO,TRANSACOES_FINANCEIRAS,23561,7acd1365958d42bc55b5a1f3b253920831a9f974752c20e3278af528f649112c
TR-23562,2024-11-06,2024-11-01,PES,FORN-00122,RECEITA,2155.1446838712895,2155.1446838712895,BRL,Prestação de serviço para área PES,1,TED,PAGO,b93771a8-49a7-4f5b-9dd2-8dec81399442,2024-12-05,ERP_CORPORATIVO,TRANSACOES_FINANCEIRAS,23562,257a0513907a951e2dfdf800a71ecfea3a1d1551aca25e2ac7935cbc539779d8
TR-23563,2024-11-18,2024-11-01,COM,FORN-00122,DESPESA,2796.768342078673,2706.475800635032,BRL,Prestação de serviço para área COM,1,PIX,PAGO,b93771a8-49a7-4f5b-9dd2-8dec81399442,2024-12-05,ERP_CORPORATIVO,TRANSACOES_FINANCEIRAS,23563,89dd42aa992cf6d56a952559760efa76d6917d5dab1642deeb4668b79792ef77
TR-23564,2024-11-12,2024-11-01,VND,FORN-00122,DESPESA,2259.8033568597066,2170.4329059390784,BRL,Serviço de tecnologia contratado por VND,5,TED,PAGO,b93771a8-49a7-4f5b-9dd2-8dec81399442,2024-12-05,ERP_CORPORATIVO,TRANSACOES_FINANCEIRAS,23564,59e4ed8d5aa0a88c8047d3b63f076879a5ee18d6de9bcf5091ad81ce1e955578
TR-23810,2024-11-15,2024-11-01,ESG,ACC-00123,RECEITA,8512.359393669632,8512.359393669632,BRL,Serviço especializado solicitado por ESG,1,PIX,PAGO,b93771a8-49a7-4f5b-9dd2-8dec81399442,2024-12-05,ERP_CORPORATIVO,TRANSACOES_FINANCEIRAS,23810,8872a8c1ef4db33350953aa51e00e83c5a55f37d51288288e748c5fd9d328f4a
TR-23811,2024-11-21,2024-11-01,VND,ACC-00123,RECEITA,8902.565803761865,8902.565803761865,BRL,Assessoria legal vinculada à área VND,7,PIX,PAGO,b93771a8-49a7-4f5b-9dd2-8dec81399442,2024-12-05,ERP_CORPORATIVO,TRANSACOES_FINANCEIRAS,23811,c4bac3b042e768de38396f49adfe39ded66bfc375450376fd47f26fd1b8ec73a
TR-23812,2024-11-13,2024-11-01,PRD,ACC-00123,DESPESA,9596.443089184222,9472.705303046616,BRL,Compra de insumos para setor PRD,2,PIX,PAGO,b93771a8-49a7-4f5b-9dd2-8dec81399442,2024-12-05,ERP_CORPORATIVO,TRANSACOES_FINANCEIRAS,23812,ca5f4c508be496d5b5d4e3ac4ce1bb0d0b86619be71240e336f4b89bed7b524e
TR-23813,2024-11-11,2024-11-01,RH,ACC-00123,DESPESA,8384.959657263493,8384.959657263493,BRL,Receita de comissão comercial - RH,33,PIX,PAGO,b93771a8-49a7-4f5b-9dd2-8dec81399442,2024-12-05,ERP_CORPORATIVO,TRANSACOES_FINANCEIRAS,23813,f545e11c75cb6434a339e60dd877e20c0abb5823424e5c3f8032f83ea903acdb
TR-23814,2024-11-11,2024-11-01,ATD,ACC-00123,DESPESA,8286.614380404313,8286.614380404313,BRL,Contrato de serviço - setor ATD,1,BOLETO,PAGO,b93771a8-49a7-4f5b-9dd2-8dec81399442,2024-12-05,ERP_CORPORATIVO,TRANSACOES_FINANCEIRAS,23814,31199c52f26558fd23adbc78383a736e9c003d455dd79b65b8250f875eaffb35
TR-23815,2024-11-11,2024-11-01,OP,ACC-00123,DESPESA,8946.350133683492,8818.71187188835,BRL,Manutenção de equipamentos de OP,28,TRANSFERENCIA,PAGO,b93771a8-49a7-4f5b-9dd2-8dec81399442,2024-12-05,ERP_CORPORATIVO,TRANSACOES_FINANCEIRAS,23815,3c49487f76d0d3db27a2d1010c56b4543a668f356fd4c0ca4e3a34730a7cf91d
TR-23816,2024-11-08,2024-11-01,FIN,ACC-00123,DESPESA,9168.00133316515,9168.00133316515,BRL,Serviço técnico especializado para FIN,11,PIX,PAGO,b93771a8-49a7-4f5b-9dd2-8dec81399442,2024-12-05,ERP_CORPORATIVO,TRANSACOES_FINANCEIRAS,23816,1a1c571b7e31e8b9648cee970f183e6a1cda93caf12be8940771120669da5387
TR-23817,2024-11-13,2024-11-01,OP,ACC-00123,DESPESA,8430.35210639202,8430.35210639202,BRL,Despesa operacional - OP,8,BOLETO,PAGO,b93771a8-49a7-4f5b-9dd2-8dec81399442,2024-12-05,ERP_CORPORATIVO,TRANSACOES_FINANCEIRAS,23817,1dc95d7beeb131804037868c3197be94a138d815541ea2264f7723b9c3b934fe
TR-24117,2024-11-21,2024-11-01,CPT,1000124,DESPESA,9738.960476576882,9385.186526153379,BRL,Despesa de infraestrutura - CPT,3,TED,PAGO,b93771a8-49a7-4f5b-9dd2-8dec81399442,2024-12-05,ERP_CORPORATIVO,TRANSACOES_FINANCEIRAS,24117,39afcadd008bc2d7a55688f8a553ad34db936d996a7eae092e58dded0c3c6d4b
TR-24118,2024-11-15,2024-11-01,MKT,1000124,DESPESA,9227.582285386827,9227.582285386827,BRL,Participação nos resultados vinculada a MKT,34,PIX,PAGO,b93771a8-49a7-4f5b-9dd2-8dec81399442,2024-12-05,ERP_CORPORATIVO,TRANSACOES_FINANCEIRAS,24118,523c8ceda462306feff237dc69848dd1a8a2bfc3830a09307b1de977c2671097
TR-24119,2024-11-14,2024-11-01,LOG,1000124,RECEITA,10196.88915805799,9818.855921963454,BRL,Desconto concedido em operação de LOG,38,PIX,ATRASADO,b93771a8-49a7-4f5b-9dd2-8dec81399442,2024-12-05,ERP_CORPORATIVO,TRANSACOES_FINANCEIRAS,24119,4a0331beb3de2f817bd961f76aa6d43bb8f69d0c436a5a90cf528b804052966d
TR-24120,2024-11-05,2024-11-01,LOG,1000124,DESPESA,9899.165056778942,9899.165056778942,BRL,Desconto concedido em operação de LOG,38,PIX,PAGO,b93771a8-49a7-4f5b-9dd2-8dec81399442,2024-12-05,ERP_CORPORATIVO,TRANSACOES_FINANCEIRAS,24120,8922a99bdf7f93b709102169a7d03a67c5cef7970c9ce1833c6156379c82699e
TR-24121,2024-11-21,2024-11-01,LOG,1000124,RECEITA,9506.111670727341,9506.111670727341,BRL,Serviço de tecnologia contratado por LOG,5,CARTAO,PAGO,b93771a8-49a7-4f5b-9dd2-8dec81399442,2024-12-05,ERP_CORPORATIVO,TRANSACOES_FINANCEIRAS,24121,ee147d9bcf4299075c6a804db9337cfcab85703f297ec5d041e87ee9b51c656e
TR-24122,2024-11-20,2024-11-01,SEC,1000124,RECEITA,11609.3241449324,11609.3241449324,BRL,Receita extraordinária - SEC,37,PIX,PAGO,b93771a8-49a7-4f5b-9dd2-8dec81399442,2024-12-05,ERP_CORPORATIVO,TRANSACOES_FINANCEIRAS,24122,98814284764a07ce7e3a317bdd6be68cd0c4e894c9c296ace5299376268d069c
TR-24123,2024-11-21,2024-11-01,MKT,1000124,DESPESA,9264.458928706887,9264.458928706887,BRL,Despesa operacional - MKT,8,TRANSFERENCIA,PAGO,b93771a8-49a7-4f5b-9dd2-8dec81399442,2024-12-05,ERP_CORPORATIVO,TRANSACOES_FINANCEIRAS,24123,2092f77badde74baf3e0be2d3a4b1382e6136d0e06793c71d9a757285f926df8
TR-24124,2024-11-11,2024-11-01,FIN,1000124,DESPESA,10606.934792011769,10606.934792011769,USD,Compra de insumos para setor FIN,2,BOLETO,PAGO,b93771a8-49a7-4f5b-9dd2-8dec81399442,2024-12-05,ERP_CORPORATIVO,TRANSACOES_FINANCEIRAS,24124,131e30e52a29cf801ab812d7b2aab396a09fe7e9ee6f2dd886cc45ca35da45e4
TR-24125,2024-11-15,2024-11-01,MKT,1000124,DESPESA,9778.459812647032,9778.459812647032,BRL,Propaganda e divulgação para área MKT,13,BOLETO,PAGO,b93771a8-49a7-4f5b-9dd2-8dec81399442,2024-12-05,ERP_CORPORATIVO,TRANSACOES_FINANCEIRAS,24125,1c40b9434a1cc1e755cb084b5fc44ac295b8405682dab8b1cada44c9ea84484f
TR-24126,2024-11-21,2024-11-01,PES,1000124,RECEITA,9783.182268266602,9783.182268266602,BRL,Despesa de infraestrutura - PES,3,BOLETO,PAGO,b93771a8-49a7-4f5b-9dd2-8dec81399442,2024-12-05,ERP_CORPORATIVO,TRANSACOES_FINANCEIRAS,24126,7fbaa3ec313e33e50b8af3d26b17c86ebac406af424fce5d81d1c375e72bd33f
TR-24127,2024-11-11,2024-11-01,QAS,1000124,DESPESA,8171.916405074309,8171.916405074309,BRL,Serviço especializado solicitado por QAS,1,PIX,PAGO,b93771a8-49a7-4f5b-9dd2-8dec81399442,2024-12-05,ERP_CORPORATIVO,TRANSACOES_FINANCEIRAS,24127,d21c64203e0c812ae1e158af829cfd7a60ce7b325a2a9d9aabdc7563e0e53bcf
TR-24128,2024-11-22,2024-11-01,JUR,1000124,DESPESA,10761.100869589181,10394.931978311359,BRL,Assessoria contábil prestada a JUR,25,TRANSFERENCIA,PAGO,b93771a8-49a7-4f5b-9dd2-8dec81399442,2024-12-05,ERP_CORPORATIVO,TRANSACOES_FINANCEIRAS,24128,f66684cdc6688bdb652b581d136e30113f4411d4147eff4c74d3f57977d30b61
TR-24129,2024-11-18,2024-11-01,OP,1000124,DESPESA,10480.031104644473,9956.269172092421,BRL,Serviço especializado solicitado por OP,1,TRANSFERENCIA,PAGO,b93771a8-49a7-4f5b-9dd2-8dec81399442,2024-12-05,ERP_CORPORATIVO,TRANSACOES_FINANCEIRAS,24129,576fd3ec142987d4e470f801c84fb59519887c3b2c324034c87c537473a13877
TR-24130,2024-11-13,2024-11-01,TI,1000124,RECEITA,9821.737519084558,9821.737519084558,BRL,Encargos de empréstimo vinculados a TI,23,BOLETO,PAGO,b93771a8-49a7-4f5b-9dd2-8dec81399442,2024-12-05,ERP_CORPORATIVO,TRANSACOES_FINANCEIRAS,24130,e571a2673541b4ea8c03b733792d874060b7143c8c2234c30040655b551a7c6d
TR-24131,2024-11-13,2024-11-01,ESG,1000124,DESPESA,10689.650725255065,10689.650725255065,BRL,Licença de software para área ESG,27,TRANSFERENCIA,PAGO,b93771a8-49a7-4f5b-9dd2-8dec81399442,2024-12-05,ERP_CORPORATIVO,TRANSACOES_FINANCEIRAS,24131,b8c566f0da841c103de2863273b19bca6c3d34008a3b9413f2deb28127357669
TR-24132,2024-11-20,2024-11-01,COM,1000124,RECEITA,10047.770248519055,10047.770248519055,BRL,Contrato de serviço - setor COM,1,PIX,PAGO,b93771a8-49a7-4f5b-9dd2-8dec81399442,2024-12-05,ERP_CORPORATIVO,TRANSACOES_FINANCEIRAS,24132,2b54c29d6ab2963d0f96419beaa3011563c4111bfe284e8bfacb0fcac9d3cc18
TR-24505,2024-11-11,2024-11-01,OP,ACC-00127,DESPESA,3371.2617500555953,3371.2617500555953,BRL,Aquisição de material operacional - OP,2,CARTAO,PAGO,b93771a8-49a7-4f5b-9dd2-8dec81399442,2024-12-05,ERP_CORPORATIVO,TRANSACOES_FINANCEIRAS,24505,3e00eb1516c0f6bd3242d5f7b329db2b81cb15fc02a92c3444d09a1b2b3e5329
TR-24506,2024-11-12,2024-11-01,RH,ACC-00127,DESPESA,3198.737295505214,3198.737295505214,BRL,Manutenção estrutural vinculada à área RH,3,TED,CANCELADO,b93771a8-49a7-4f5b-9dd2-8dec81399442,2024-12-05,ERP_CORPORATIVO,TRANSACOES_FINANCEIRAS,24506,f21e27c4bef6775c3a2a83bb70e6dba8bc33bd135aded3e6839ba17d99d782d7
TR-24507,2024-11-05,2024-11-01,LOG,ACC-00127,RECEITA,2671.683094759229,2671.683094759229,BRL,Serviço de tecnologia contratado por LOG,5,CARTAO,PAGO,b93771a8-49a7-4f5b-9dd2-8dec81399442,2024-12-05,ERP_CORPORATIVO,TRANSACOES_FINANCEIRAS,24507,2660d64e21a1722c2e5bc043f29a043946f14b3277e19158c9dc3c7f5e7e8659
TR-24508,2024-11-15,2024-11-01,COM,ACC-00127,DESPESA,2714.424549797306,2604.2233718690163,BRL,Despesa de infraestrutura - COM,3,TED,PAGO,b93771a8-49a7-4f5b-9dd2-8dec81399442,2024-12-05,ERP_CORPORATIVO,TRANSACOES_FINANCEIRAS,24508,b5ec33920f4d46b1828f7c0a7e5383d8fc10345c3342cd183316c8778d882f50
TR-24509,2024-11-13,2024-11-01,LOG,ACC-00127,RECEITA,3780.692734157114,3780.692734157114,BRL,Honorários jurídicos - LOG,7,BOLETO,PAGO,b93771a8-49a7-4f5b-9dd2-8dec81399442,2024-12-05,ERP_CORPORATIVO,TRANSACOES_FINANCEIRAS,24509,92ecd7701ae5a8a951bace9ad600ab0b4217fb06688f29ae0036c4ae40772770
TR-24510,2024-11-18,2024-11-01,TI,ACC-00127,DESPESA,3204.392499436028,3204.392499436028,BRL,Aquisição de material operacional - TI,2,BOLETO,PAGO,b93771a8-49a7-4f5b-9dd2-8dec81399442,2024-12-05,ERP_CORPORATIVO,TRANSACOES_FINANCEIRAS,24510,63df361cde9aad1e04935702975f3270e8a292cd9f43cc933695101605de598a
TR-24511,2024-11-25,2024-11-01,MKT,ACC-00127,RECEITA,3636.5697904281146,3636.5697904281146,BRL,Custo operacional associado a MKT,8,BOLETO,PAGO,b93771a8-49a7-4f5b-9dd2-8dec81399442,2024-12-05,ERP_CORPORATIVO,TRANSACOES_FINANCEIRAS,24511,f60fb521deff3cb630464378b7895fa48b03542080ccf67e4163bf074fdb3bcc
TR-24512,2024-11-11,2024-11-01,VND,ACC-00127,DESPESA,2981.213571699658,2981.213571699658,BRL,Material de marketing solicitado por VND,15,PIX,PAGO,b93771a8-49a7-4f5b-9dd2-8dec81399442,2024-12-05,ERP_CORPORATIVO,TRANSACOES_FINANCEIRAS,24512,b187e0cd92f2420d089d38046ff1b32833f07bd92703b50e4e47c2bea7fd58c4
TR-24513,2024-11-18,2024-11-01,CTB,ACC-00127,DESPESA,2885.6841168960536,2885.6841168960536,BRL,Viagem corporativa - CTB,18,CARTAO,PAGO,b93771a8-49a7-4f5b-9dd2-8dec81399442,2024-12-05,ERP_CORPORATIVO,TRANSACOES_FINANCEIRAS,24513,1c5133b6ec83c7f63fb0f7cab3a3c625236f88865f69736491a69d81b65858ac
TR-24514,2024-11-08,2024-11-01,RH,ACC-00127,DESPESA,3128.101906932636,3128.101906932636,BRL,Aquisição de material operacional - RH,2,CARTAO,PAGO,b93771a8-49a7-4f5b-9dd2-8dec81399442,2024-12-05,ERP_CORPORATIVO,TRANSACOES_FINANCEIRAS,24514,0db3c9d1e17660f473caee1060e7836234897de607b45993cce6cb26a3761395
TR-24515,2024-11-11,2024-11-01,OP,ACC-00127,RECEITA,3412.777177509062,3354.769184946446,BRL,Direitos de propriedade intelectual - OP,32,PIX,ATRASADO,b93771a8-49a7-4f5b-9dd2-8dec81399442,2024-12-05,ERP_CORPORATIVO,TRANSACOES_FINANCEIRAS,24515,77c35c8ecd2b6cafc4f86da48c82ca35a55bfa802008e6e5db63949dda4f6a77
TR-24516,2024-11-18,2024-11-01,RH,ACC-00127,DESPESA,3626.313847292757,3575.5506825702955,BRL,Manutenção estrutural vinculada à área RH,3,TED,PAGO,b93771a8-49a7-4f5b-9dd2-8dec81399442,2024-12-05,ERP_CORPORATIVO,TRANSACOES_FINANCEIRAS,24516,6991ddbcc38b70a08afb86c8467e1796ba92fa726b455939404e164757bb47a6
TR-24517,2024-11-13,2024-11-01,VND,ACC-00127,DESPESA,10033.653141412247,10033.653141412247,BRL,Aquisição de material operacional - VND,2,PIX,PAGO,b93771a8-49a7-4f5b-9dd2-8dec81399442,2024-12-05,ERP_CORPORATIVO,TRANSACOES_FINANCEIRAS,24517,74b7d9364e3d388e49ae9696b6277fc1f9b2caa7b3bb4eccdb434a76d2f7bd3f
TR-24518,2024-11-12,2024-11-01,PRD,ACC-00127,DESPESA,3368.183585756851,3368.183585756851,BRL,Publicidade institucional - PRD,13,TED,PAGO,b93771a8-49a7-4f5b-9dd2-8dec81399442,2024-12-05,ERP_CORPORATIVO,TRANSACOES_FINANCEIRAS,24518,c247876a0bc7163992df226e96f3ede1e5f0b5ed9f18d89d28f8bc8dda922390
TR-24519,2024-11-22,2024-11-01,PRD,ACC-00127,DESPESA,9905.886685725043,9905.886685725043,BRL,Serviço de tecnologia contratado por PRD,5,BOLETO,PAGO,b93771a8-49a7-4f5b-9dd2-8dec81399442,2024-12-05,ERP_CORPORATIVO,TRANSACOES_FINANCEIRAS,24519,e6693cec18fcf7ae3ea6358d903c0667ea698a60cc0dc8c9c147982fe4134400
TR-24520,2024-11-22,2024-11-01,QAS,ACC-00127,RECEITA,3649.501233286386,3649.501233286386,BRL,Contrato de conectividade para área QAS,9,PIX,CANCELADO,b93771a8-49a7-4f5b-9dd2-8dec81399442,2024-12-05,ERP_CORPORATIVO,TRANSACOES_FINANCEIRAS,24520,3633f4054c36b9b93d7952ae0737ae86ad0bbbc03da28b4b47485c4a876200cb
TR-24521,2024-11-15,2024-11-01,COM,ACC-00127,DESPESA,3655.054701120174,3655.054701120174,BRL,Diária de hotel para equipe COM,19,BOLETO,PAGO,b93771a8-49a7-4f5b-9dd2-8dec81399442,2024-12-05,ERP_CORPORATIVO,TRANSACOES_FINANCEIRAS,24521,83af5fed8d11e528becad0e890ad6aa60ba33c57d1ec4bdd5eebab10f488cdc6
TR-24522,2024-11-22,2024-11-01,SEC,ACC-00127,DESPESA,2916.789066459849,2795.1795865580684,BRL,Hospedagem em viagem a serviço de SEC,19,BOLETO,PAGO,b93771a8-49a7-4f5b-9dd2-8dec81399442,2024-12-05,ERP_CORPORATIVO,TRANSACOES_FINANCEIRAS,24522,07652a1d619dc550a1cf592c0af6963f404637d8d799342e9560515970b36717
TR-24955,2024-11-18,2024-11-01,MKT,FORN-00129,DESPESA,3488.4706507402975,3443.528785676739,BRL,Abastecimento de veículos - MKT,16,CARTAO,PAGO,b93771a8-49a7-4f5b-9dd2-8dec81399442,2024-12-05,ERP_CORPORATIVO,TRANSACOES_FINANCEIRAS,24955,972de47cf3c039c08f48e36aa5f825fa13cf3b7d2462dd16a3c448b41bbb12b7
TR-24956,2024-11-11,2024-11-01,VND,FORN-00129,DESPESA,3583.0233142529696,3418.018227619827,BRL,Campanha institucional - VND,4,BOLETO,PAGO,b93771a8-49a7-4f5b-9dd2-8dec81399442,2024-12-05,ERP_CORPORATIVO,TRANSACOES_FINANCEIRAS,24956,f8da2cb70192c063371f5d030237004dbe498d89f66a5caa485902f95f567ca0
TR-24957,2024-11-11,2024-11-01,FIN,FORN-00129,DESPESA,3896.231637486329,3791.767694159432,BRL,Venda de ativo imobilizado por FIN,35,BOLETO,ATRASADO,b93771a8-49a7-4f5b-9dd2-8dec81399442,2024-12-05,ERP_CORPORATIVO,TRANSACOES_FINANCEIRAS,24957,498616b346289d427ed20beb68bf205f2505cbe2553318cab4491ff38dccd67c
TR-24958,2024-11-11,2024-11-01,PJT,FORN-00129,DESPESA,4503.954713739988,4503.954713739988,BRL,Aquisição de material operacional - PJT,2,PIX,ATRASADO,b93771a8-49a7-4f5b-9dd2-8dec81399442,2024-12-05,ERP_CORPORATIVO,TRANSACOES_FINANCEIRAS,24958,073b67881e297e47da4718fe0471e629e66829cf4e9e32ce013320d3bbe13486
TR-24959,2024-11-20,2024-11-01,ADM,FORN-00129,RECEITA,4118.030146477672,4118.030146477672,BRL,Prestação de serviço para área ADM,1,TRANSFERENCIA,PAGO,b93771a8-49a7-4f5b-9dd2-8dec81399442,2024-12-05,ERP_CORPORATIVO,TRANSACOES_FINANCEIRAS,24959,c03dfa38fc758e2aae0ae6c938e3a281b8e7fc7f0e5ec590c60682430424b402
TR-24960,2024-11-13,2024-11-01,ESG,FORN-00129,DESPESA,3331.295401653748,3208.1597604825574,BRL,Serviço de tecnologia contratado por ESG,5,CARTAO,PAGO,b93771a8-49a7-4f5b-9dd2-8dec81399442,2024-12-05,ERP_CORPORATIVO,TRANSACOES_FINANCEIRAS,24960,1126fa1f6f6daf5fdfbd28b3999aae93790b8d11203f717d4db4e80d41cde6e6
TR-24961,2024-11-21,2024-11-01,VND,FORN-00129,RECEITA,4111.746000611676,4111.746000611676,BRL,Receita de comissão comercial - VND,33,TRANSFERENCIA,PAGO,b93771a8-49a7-4f5b-9dd2-8dec81399442,2024-12-05,ERP_CORPORATIVO,TRANSACOES_FINANCEIRAS,24961,a0e8542fda24dcb0c717d522aa1cd5d50dd8df5f18a2d4329c3399d4c0fb0683
TR-24962,2024-11-21,2024-11-01,LOG,FORN-00129,DESPESA,3940.775748300562,3940.775748300562,BRL,Contrato de serviço - setor LOG,1,PIX,PAGO,b93771a8-49a7-4f5b-9dd2-8dec81399442,2024-12-05,ERP_CORPORATIVO,TRANSACOES_FINANCEIRAS,24962,7e169ec948c466de4ebed1ddcc21aee353e11ccdaf21842f754fa9da24276928
TR-24963,2024-11-14,2024-11-01,FIN,FORN-00129,DESPESA,3683.8938698091556,3683.8938698091556,BRL,Aquisição de material operacional - FIN,2,BOLETO,PAGO,b93771a8-49a7-4f5b-9dd2-8dec81399442,2024-12-05,ERP_CORPORATIVO,TRANSACOES_FINANCEIRAS,24963,9f0acb3812553a681b364f03aef3aa468e5038e04ec6d9218395688fccb3c034
TR-24964,2024-11-15,2024-11-01,LOG,FORN-00129,RECEITA,3756.7423111625208,3756.7423111625208,BRL,Honorários jurídicos - LOG,7,PIX,PAGO,b93771a8-49a7-4f5b-9dd2-8dec81399442,2024-12-05,ERP_CORPORATIVO,TRANSACOES_FINANCEIRAS,24964,c1e0ab165ca60e67165879340338d0f2ebc28739bf947805d0406892f7055f52
TR-24965,2024-11-14,2024-11-01,PJT,FORN-00129,RECEITA,4124.861023165966,4124.861023165966,BRL,Honorários profissionais contratados por PJT,11,TED,PAGO,b93771a8-49a7-4f5b-9dd2-8dec81399442,2024-12-05,ERP_CORPORATIVO,TRANSACOES_FINANCEIRAS,24965,f96e75911a64a1f6fd562b6f02d4e1420993bf086fd58891170092b4bb031417
TR-24966,2024-11-08,2024-11-01,CTB,FORN-00129,DESPESA,3353.7427415925195,3353.7427415925195,BRL,Evento corporativo organizado por CTB,14,TRANSFERENCIA,PAGO,b93771a8-49a7-4f5b-9dd2-8dec81399442,2024-12-05,ERP_CORPORATIVO,TRANSACOES_FINANCEIRAS,24966,9b765e95a5cb409e9c09e04c9dec89131aba348c30ea7d7a7564e568408b51de
TR-24967,2024-11-18,2024-11-01,FIN,FORN-00129,DESPESA,3678.7853135981804,3678.7853135981804,BRL,Despesa de infraestrutura - FIN,3,TED,CANCELADO,b93771a8-49a7-4f5b-9dd2-8dec81399442,2024-12-05,ERP_CORPORATIVO,TRANSACOES_FINANCEIRAS,24967,a5534e491cd77f86d50499b364b767ba8822c533834bbbb257b87d7148f74a3c
TR-24968,2024-11-22,2024-11-01,ESG,FORN-00129,RECEITA,3499.8902757621263,3499.8902757621263,BRL,Custo operacional associado a ESG,8,PIX,PAGO,b93771a8-49a7-4f5b-9dd2-8dec81399442,2024-12-05,ERP_CORPORATIVO,TRANSACOES_FINANCEIRAS,24968,40830dc74791c0f0892d38a6544421ccfbbc5b378484b3c45ca6c470217c0ebc
TR-24969,2024-11-18,2024-11-01,COMP,FORN-00129,DESPESA,3623.210940516585,3532.0710768645513,BRL,Aquisição de material operacional - COMP,2,CARTAO,ATRASADO,b93771a8-49a7-4f5b-9dd2-8dec81399442,2024-12-05,ERP_CORPORATIVO,TRANSACOES_FINANCEIRAS,24969,3b1a69d42eca9970f50efbbe6868c0d97b62b40cba897b7820a8225a3c103df9
TR-24970,2024-11-25,2024-11-01,OP,FORN-00129,DESPESA,4056.058556326093,4056.058556326093,BRL,Prestação de serviço para área OP,1,PIX,PAGO,b93771a8-49a7-4f5b-9dd2-8dec81399442,2024-12-05,ERP_CORPORATIVO,TRANSACOES_FINANCEIRAS,24970,50de7a4b4b3990e6ac8553f4715a72976dfe165ac6f5aee70cd31fd5ab924311
TR-24971,2024-11-18,2024-11-01,QAS,FORN-00129,DESPESA,3943.833572469291,3943.833572469291,BRL,Aquisição de material operacional - QAS,2,BOLETO,PAGO,b93771a8-49a7-4f5b-9dd2-8dec81399442,2024-12-05,ERP_CORPORATIVO,TRANSACOES_FINANCEIRAS,24971,20bdb14d4b97898a89cdcc3e286503306e90da34825de55f3cf6756f1bf5f10c
TR-24972,2024-11-18,2024-11-01,FIN,FORN-00129,RECEITA,4197.108370122084,4197.108370122084,BRL,Compra de insumos para setor FIN,2,TRANSFERENCIA,ATRASADO,b93771a8-49a7-4f5b-9dd2-8dec81399442,2024-12-05,ERP_CORPORATIVO,TRANSACOES_FINANCEIRAS,24972,e7a9e508b123c06a6e02ec787ded271240fb06d5c3ddcdf32c2daf06d47f0750
TR-24973,2024-11-26,2024-11-01,RH,FORN-00129,DESPESA,1428.1677483595251,1428.1677483595251,BRL,Evento corporativo organizado por RH,14,TED,PAGO,b93771a8-49a7-4f5b-9dd2-8dec81399442,2024-12-05,ERP_CORPORATIVO,TRANSACOES_FINANCEIRAS,24973,a5e0efc969544ab4c46509c767089139f230289935698840aeba65a2bbcd35b0
TR-24974,2024-11-18,2024-11-01,ESG,FORN-00129,RECEITA,3820.135872964002,3779.8966827758672,BRL,Produção de material gráfico - ESG,15,CARTAO,PAGO,b93771a8-49a7-4f5b-9dd2-8dec81399442,2024-12-05,ERP_CORPORATIVO,TRANSACOES_FINANCEIRAS,24974,88e79a8b76fdd38a3b793159ce8d5c164b3a3f9b953249f465ed1f00fd4694f0
TR-24975,2024-11-26,2024-11-01,ATD,FORN-00129,DESPESA,3882.9095802415445,3753.2926341936795,BRL,Publicidade institucional - ATD,13,BOLETO,PAGO,b93771a8-49a7-4f5b-9dd2-8dec81399442,2024-12-05,ERP_CORPORATIVO,TRANSACOES_FINANCEIRAS,24975,66e72337707cfab677457c20d8f7786aa45ced3ddafab23c7510ff7d83848a75
TR-24976,2024-11-18,2024-11-01,CPT,FORN-00129,RECEITA,3331.5951097053567,3331.5951097053567,BRL,Doação recebida em favor de CPT,36,CARTAO,PAGO,b93771a8-49a7-4f5b-9dd2-8dec81399442,2024-12-05,ERP_CORPORATIVO,TRANSACOES_FINANCEIRAS,24976,bf6b49d7f1e7de9df49a1dbf32ddd84d78b7704daefe08135cb41c6f75fc2861
TR-25337,2024-11-18,2024-11-01,PRD,1000129,DESPESA,1958.8583089256288,1958.8583089256288,BRL,Propaganda e divulgação para área PRD,13,CARTAO,PAGO,b93771a8-49a7-4f5b-9dd2-8dec81399442,2024-12-05,ERP_CORPORATIVO,TRANSACOES_FINANCEIRAS,25337,e2694125214af1ebe339be76f00c99515de79f5da456a83326ba724613375a67
TR-25338,2024-11-11,2024-11-01,MKT,1000129,DESPESA,1535.2449179978,1535.2449179978,BRL,Serviço especializado solicitado por MKT,1,TED,PAGO,b93771a8-49a7-4f5b-9dd2-8dec81399442,2024-12-05,ERP_CORPORATIVO,TRANSACOES_FINANCEIRAS,25338,519ee1605b8b3a23348fea1c8565a327695249da5e0fd19f76c850e254fc1d80
TR-25339,2024-11-11,2024-11-01,COMP,1000129,DESPESA,1797.2960679437267,1765.0463561272252,BRL,Contrato de serviço - setor COMP,1,TRANSFERENCIA,PAGO,b93771a8-49a7-4f5b-9dd2-8dec81399442,2024-12-05,ERP_CORPORATIVO,TRANSACOES_FINANCEIRAS,25339,cfa4883e2cc0e13092bfb3a7d3d9d80cdbbd6bbad29b87a4e97f90c4e50ef96e
TR-25340,2024-11-21,2024-11-01,FIN,1000129,DESPESA,1905.4428896069926,1905.4428896069926,BRL,Renovação de certificados digitais - FIN,26,TED,PAGO,b93771a8-49a7-4f5b-9dd2-8dec81399442,2024-12-05,ERP_CORPORATIVO,TRANSACOES_FINANCEIRAS,25340,53e584aeffaec9f0c910d24fc9786512d594c4885ec4dc2b046f8759a69e312f
TR-25341,2024-11-20,2024-11-01,RH,1000129,RECEITA,1702.0506024476206,1702.0506024476206,BRL,Aquisição de material operacional - RH,2,BOLETO,PAGO,b93771a8-49a7-4f5b-9dd2-8dec81399442,2024-12-05,ERP_CORPORATIVO,TRANSACOES_FINANCEIRAS,25341,aa9a8c74a7d841f968d50e2e669e96a8c5162e1a6879a3336bba32b5869479c0
TR-25342,2024-11-20,2024-11-01,FIN,1000129,RECEITA,1825.7969084444771,1825.7969084444771,BRL,Evento corporativo organizado por FIN,14,BOLETO,PAGO,b93771a8-49a7-4f5b-9dd2-8dec81399442,2024-12-05,ERP_CORPORATIVO,TRANSACOES_FINANCEIRAS,25342,1517f23590373d40ab75daee85a59c11c6df4a924251aca5b2fbc093a9880262
TR-25343,2024-11-20,2024-11-01,PRD,1000129,RECEITA,1582.0683159201287,1582.0683159201287,BRL,Renovação de certificados digitais - PRD,26,PIX,PAGO,b93771a8-49a7-4f5b-9dd2-8dec81399442,2024-12-05,ERP_CORPORATIVO,TRANSACOES_FINANCEIRAS,25343,6dd15b456eefe2914d32502c1b44c8e20161456833e76dbffedb3da78cd7e41a
TR-25344,2024-11-13,2024-11-01,JUR,1000129,DESPESA,1793.1875304915109,1724.1146795754785,BRL,Despesa operacional - JUR,8,TED,CANCELADO,b93771a8-49a7-4f5b-9dd2-8dec81399442,2024-12-05,ERP_CORPORATIVO,TRANSACOES_FINANCEIRAS,25344,4ff2c9af3de68f6ae769d10d74e2201e30796990d31c49048d3908fd4921142b
TR-25345,2024-11-15,2024-11-01,CTB,1000129,RECEITA,1655.8930138122453,1655.8930138122453,BRL,Alimentação em viagem corporativa - CTB,20,TRANSFERENCIA,PAGO,b93771a8-49a7-4f5b-9dd2-8dec81399442,2024-12-05,ERP_CORPORATIVO,TRANSACOES_FINANCEIRAS,25345,15e972de8a305e997d3e3d3bdb1550bec817d6fbcd5174468e9f1beaefc6ce27
TR-25346,2024-11-04,2024-11-01,PES,1000129,DESPESA,1689.9867367287297,1689.9867367287297,BRL,Prestação de serviço para área PES,1,TRANSFERENCIA,PAGO,b93771a8-49a7-4f5b-9dd2-8dec81399442,2024-12-05,ERP_CORPORATIVO,TRANSACOES_FINANCEIRAS,25346,424169b6ef3c8539f6da3d236cd9bf2c2e76d8682a42810d93febbb2cb350001
TR-25347,2024-11-18,2024-11-01,COMP,1000129,DESPESA,1884.4073164872311,1862.1452420603118,USD,Aquisição de material operacional - COMP,2,TRANSFERENCIA,PAGO,b93771a8-49a7-4f5b-9dd2-8dec81399442,2024-12-05,ERP_CORPORATIVO,TRANSACOES_FINANCEIRAS,25347,ed40d8a8907475f6826a81051de046d8cfd87227c7f05581f65cd996dfc55c88
TR-25348,2024-11-08,2024-11-01,COMP,1000129,DESPESA,1492.2496160359754,1492.2496160359754,BRL,Serviço de tecnologia contratado por COMP,5,PIX,PAGO,b93771a8-49a7-4f5b-9dd2-8dec81399442,2024-12-05,ERP_CORPORATIVO,TRANSACOES_FINANCEIRAS,25348,e9a869227eef8608229a10cd035ae1b152fa94089fb6eb810ed2000d3852bc17
TR-25349,2024-11-12,2024-11-01,COM,1000129,DESPESA,1595.7731302420739,1595.7731302420739,BRL,Aquisição de material operacional - COM,2,TED,CANCELADO,b93771a8-49a7-4f5b-9dd2-8dec81399442,2024-12-05,ERP_CORPORATIVO,TRANSACOES_FINANCEIRAS,25349,a3581e43d606f116a3e63cb652341d9fe4b98d0e3944d4d918beb1d23e853aa9
TR-25350,2024-11-22,2024-11-01,RH,1000129,DESPESA,1913.4769027224095,1913.4769027224095,BRL,Contrato de serviço - setor RH,1,TED,PAGO,b93771a8-49a7-4f5b-9dd2-8dec81399442,2024-12-05,ERP_CORPORATIVO,TRANSACOES_FINANCEIRAS,25350,bb90d90385d91aec31755793a85b4a3c80e50830e5e8d15638f993d17359a55f
TR-25597,2024-11-18,2024-11-01,PJT,1000130,DESPESA,4020.1323142860683,4020.1323142860683,BRL,Despesa operacional - PJT,8,TRANSFERENCIA,PAGO,b93771a8-49a7-4f5b-9dd2-8dec81399442,2024-12-05,ERP_CORPORATIVO,TRANSACOES_FINANCEIRAS,25597,50500f67824f7b04c457f1f091fae1d7af5689ee31a27fcb61a7484f11659323
TR-25598,2024-11-15,2024-11-01,SEC,1000130,RECEITA,3181.937335609074,3036.620228024369,BRL,Despesa de RH - SEC,6,TED,PAGO,b93771a8-49a7-4f5b-9dd2-8dec81399442,2024-12-05,ERP_CORPORATIVO,TRANSACOES_FINANCEIRAS,25598,c704f0dbc6ec82a0bd4e10366978d6c57ec7761e4f7ab64bc33016b368452dcb
TR-25599,2024-11-12,2024-11-01,COMP,1000130,DESPESA,3357.468016499077,3357.468016499077,BRL,Campanha institucional - COMP,4,PIX,PAGO,b93771a8-49a7-4f5b-9dd2-8dec81399442,2024-12-05,ERP_CORPORATIVO,TRANSACOES_FINANCEIRAS,25599,14ec8d433a1ef4fed72fc76a934b0e33b008c825b4c9012642a34a516c649afe
TR-25600,2024-11-07,2024-11-01,SEC,1000130,DESPESA,2995.5149194969067,2995.5149194969067,BRL,Seguro contratado pela área SEC,21,TED,PAGO,b93771a8-49a7-4f5b-9dd2-8dec81399442,2024-12-05,ERP_CORPORATIVO,TRANSACOES_FINANCEIRAS,25600,46d8955d81059ecf72f691a1dab8e590627b27d26eaaa720b29a9db567f72904
TR-25601,2024-11-07,2024-11-01,OP,1000130,DESPESA,3242.7614282323966,3242.7614282323966,USD,Aquisição de material operacional - OP,2,PIX,PAGO,b93771a8-49a7-4f5b-9dd2-8dec81399442,2024-12-05,ERP_CORPORATIVO,TRANSACOES_FINANCEIRAS,25601,383eac9724fd72f6d100a8c03e34177cfa74b6bcf8fbce56be454f7e2874d91d
TR-25602,2024-11-12,2024-11-01,CTB,1000130,RECEITA,3609.1843218210674,3609.1843218210674,BRL,Receita de comissão comercial - CTB,33,PIX,PAGO,b93771a8-49a7-4f5b-9dd2-8dec81399442,2024-12-05,ERP_CORPORATIVO,TRANSACOES_FINANCEIRAS,25602,579ac02a02ee6d3ea7a8b3aeded92a33bc46af8368a4e3df5646c8eada1d4dae
TR-25603,2024-11-13,2024-11-01,COMP,1000130,DESPESA,3637.848507525366,3637.848507525366,BRL,Serviços contábeis externos - COMP,25,PIX,PAGO,b93771a8-49a7-4f5b-9dd2-8dec81399442,2024-12-05,ERP_CORPORATIVO,TRANSACOES_FINANCEIRAS,25603,b3391e897ee85e83a4bf1b1975dae0396c12dde9547c6d2f5283d8af0c83b8ee
TR-25604,2024-11-25,2024-11-01,TI,1000130,DESPESA,3750.018912098388,3750.018912098388,BRL,Campanha institucional - TI,4,PIX,PAGO,b93771a8-49a7-4f5b-9dd2-8dec81399442,2024-12-05,ERP_CORPORATIVO,TRANSACOES_FINANCEIRAS,25604,16faff2dc7a65f54d4f93912b86d843064b0a5faeb866b690286640bf11150f2
TR-25605,2024-11-13,2024-11-01,CTB,1000130,DESPESA,3075.848757692942,3075.848757692942,BRL,Licenciamento de software - CTB,5,PIX,PAGO,b93771a8-49a7-4f5b-9dd2-8dec81399442,2024-12-05,ERP_CORPORATIVO,TRANSACOES_FINANCEIRAS,25605,03aa0c8f9aef84b7c7478e694eeb8a51321ca490d03e777ff356aacec68416a3
TR-25606,2024-11-13,2024-11-01,ATD,1000130,DESPESA,6011.952291056429,6011.952291056429,BRL,Serviço especializado solicitado por ATD,1,PIX,PAGO,b93771a8-49a7-4f5b-9dd2-8dec81399442,2024-12-05,ERP_CORPORATIVO,TRANSACOES_FINANCEIRAS,25606,9ae2b84554ad0455a9dc5583906538ada4f1e9cc73cf078d2f528d605bbbf0ba
TR-25607,2024-11-15,2024-11-01,PRD,1000130,DESPESA,7290.323952156057,7290.323952156057,BRL,Desconto concedido em operação de PRD,38,PIX,ATRASADO,b93771a8-49a7-4f5b-9dd2-8dec81399442,2024-12-05,ERP_CORPORATIVO,TRANSACOES_FINANCEIRAS,25607,d98792249341b5d9e6f24e33b93f2b84713435210d09242a8df13c464fe7d93f
TR-25608,2024-11-14,2024-11-01,FIN,1000130,RECEITA,3390.3298505411917,3390.3298505411917,BRL,Manutenção de equipamentos de FIN,28,PIX,ATRASADO,b93771a8-49a7-4f5b-9dd2-8dec81399442,2024-12-05,ERP_CORPORATIVO,TRANSACOES_FINANCEIRAS,25608,55cf6228fa20fe0b98e7d25278c273ddab66ec74eba9f4e9d92ec314b9a43a6e
TR-25609,2024-11-13,2024-11-01,CPT,1000130,DESPESA,7700.066735668808,7700.066735668808,BRL,Assessoria legal vinculada à área CPT,7,BOLETO,CANCELADO,b93771a8-49a7-4f5b-9dd2-8dec81399442,2024-12-05,ERP_CORPORATIVO,TRANSACOES_FINANCEIRAS,25609,2218c33a436bb83e574e6d1a654eeb53c70cbefcf37a57a5e9565dbd8dcd9b10
TR-25956,2024-11-13,2024-11-01,FIN,1000132,RECEITA,894.8565017507829,894.8565017507829,BRL,Direitos de propriedade intelectual - FIN,32,BOLETO,PAGO,b93771a8-49a7-4f5b-9dd2-8dec81399442,2024-12-05,ERP_CORPORATIVO,TRANSACOES_FINANCEIRAS,25956,d2eb6d4161db273c2eb61626582472b0c7da5030fcd336fa995e0751ad013a41
TR-25957,2024-11-22,2024-11-01,FIN,1000132,DESPESA,804.9467282419885,804.9467282419885,BRL,Licenciamento de software - FIN,5,PIX,PAGO,b93771a8-49a7-4f5b-9dd2-8dec81399442,2024-12-05,ERP_CORPORATIVO,TRANSACOES_FINANCEIRAS,25957,4869b83ab9f5af932a241daa8f97705595754cf617c385b2bb3f495fb8489b46
TR-25958,2024-11-04,2024-11-01,VND,1000132,RECEITA,773.5168912406056,773.5168912406056,BRL,Prestação de serviço para área VND,1,BOLETO,PAGO,b93771a8-49a7-4f5b-9dd2-8dec81399442,2024-12-05,ERP_CORPORATIVO,TRANSACOES_FINANCEIRAS,25958,a0135ea4f9795e10468206cb95f9d3ac9f8397978632bd7c49004802dc496ab3
TR-25959,2024-11-08,2024-11-01,PRD,1000132,RECEITA,773.3764414593967,757.4966970113193,USD,Licença de software para área PRD,27,PIX,PAGO,b93771a8-49a7-4f5b-9dd2-8dec81399442,2024-12-05,ERP_CORPORATIVO,TRANSACOES_FINANCEIRAS,25959,1c4ef23a96b1ce8174aa379ec1d99f52c2ad581cc167e29a9cdd0bc483ceb105
TR-25960,2024-11-15,2024-11-01,COM,1000132,DESPESA,850.9640670431214,850.9640670431214,BRL,Investimento em marketing corporativo (COM),4,TED,PAGO,b93771a8-49a7-4f5b-9dd2-8dec81399442,2024-12-05,ERP_CORPORATIVO,TRANSACOES_FINANCEIRAS,25960,c643371c4271b9bf2ff5ddfadfd438987a8673779d44e519a1baed3112feda5a
TR-25961,2024-11-25,2024-11-01,MKT,1000132,DESPESA,960.4672857973206,960.4672857973206,BRL,Contrato de serviço - setor MKT,1,TRANSFERENCIA,PAGO,b93771a8-49a7-4f5b-9dd2-8dec81399442,2024-12-05,ERP_CORPORATIVO,TRANSACOES_FINANCEIRAS,25961,ab4b0072f4167891b2fa19c60017c65f42641589cedda1c044121ad03c59793c
TR-25962,2024-11-25,2024-11-01,OP,1000132,RECEITA,844.8567607248199,844.8567607248199,BRL,Publicidade institucional - OP,13,BOLETO,PAGO,b93771a8-49a7-4f5b-9dd2-8dec81399442,2024-12-05,ERP_CORPORATIVO,TRANSACOES_FINANCEIRAS,25962,e5b30dfdfb802a838e6c75635e011d167689e130301a25b96282e48681506815
TR-25963,2024-11-04,2024-11-01,MKT,1000132,DESPESA,800.8294381493421,800.8294381493421,BRL,Consultoria estratégica para área MKT,12,TRANSFERENCIA,PAGO,b93771a8-49a7-4f5b-9dd2-8dec81399442,2024-12-05,ERP_CORPORATIVO,TRANSACOES_FINANCEIRAS,25963,95c175863f75fcfc997f3620021bd21d0147ebde398d11b37992cef97a3ec3ac
TR-25964,2024-11-11,2024-11-01,FIN,1000132,DESPESA,794.3219492671466,780.4532099909296,BRL,Contrato de consultoria externa - FIN,12,BOLETO,PAGO,b93771a8-49a7-4f5b-9dd2-8dec81399442,2024-12-05,ERP_CORPORATIVO,TRANSACOES_FINANCEIRAS,25964,f832cb5d2251c9ba955a9e82d4ce7651fb394c79583f9f3ae01ed85b6b5ccc82
TR-25965,2024-11-19,2024-11-01,PJT,1000132,DESPESA,365.0814185698383,365.0814185698383,BRL,Custo operacional associado a PJT,8,BOLETO,PAGO,b93771a8-49a7-4f5b-9dd2-8dec81399442,2024-12-05,ERP_CORPORATIVO,TRANSACOES_FINANCEIRAS,25965,c3b34a969cbef1b05e94c933fe3aa98615f18f22cf0f465caa3a65c2eb3faf30
TR-25966,2024-11-11,2024-11-01,OP,1000132,DESPESA,698.2056256541584,698.2056256541584,BRL,Serviço técnico especializado para OP,11,PIX,PAGO,b93771a8-49a7-4f5b-9dd2-8dec81399442,2024-12-05,ERP_CORPORATIVO,TRANSACOES_FINANCEIRAS,25966,ddac9b2d1277932fe1b7fd9019783a3583b2f1acb16cf1d301d7f677365e5ef1
TR-25967,2024-11-20,2024-11-01,PRD,1000132,DESPESA,818.4362315609881,783.402236978606,BRL,Serviço de tecnologia contratado por PRD,5,PIX,PAGO,b93771a8-49a7-4f5b-9dd2-8dec81399442,2024-12-05,ERP_CORPORATIVO,TRANSACOES_FINANCEIRAS,25967,64d490a7c9f2cbbf71148f720789c03f25a8d9ac2b84fd3c423855983234c17d
TR-25968,2024-11-19,2024-11-01,OP,1000132,DESPESA,677.1098400377583,677.1098400377583,BRL,Despesa operacional - OP,8,TRANSFERENCIA,PAGO,b93771a8-49a7-4f5b-9dd2-8dec81399442,2024-12-05,ERP_CORPORATIVO,TRANSACOES_FINANCEIRAS,25968,c8f3cf8a1415d1ba372d49e3a8c063c22b88b6dab7d55253178b767b9a93cb40
TR-25969,2024-11-18,2024-11-01,RH,1000132,RECEITA,806.8034748366413,785.6979146526337,BRL,Serviço de tecnologia contratado por RH,5,PIX,PAGO,b93771a8-49a7-4f5b-9dd2-8dec81399442,2024-12-05,ERP_CORPORATIVO,TRANSACOES_FINANCEIRAS,25969,6f7455d9426d9bb93d9d645db63292a3264c82fdd60836d317d8f995ccf2e160
TR-25970,2024-11-19,2024-11-01,ESG,1000132,RECEITA,736.3683594256382,736.3683594256382,BRL,Aquisição de material operacional - ESG,2,TED,PAGO,b93771a8-49a7-4f5b-9dd2-8dec81399442,2024-12-05,ERP_CORPORATIVO,TRANSACOES_FINANCEIRAS,25970,0af0984c034fa8cb3c58ece6dd0a897850a5314b8e2751cae3b6806593569354
TR-26303,2024-11-12,2024-11-01,LOG,1000133,RECEITA,2330.489650724497,2330.489650724497,USD,Compra de insumos para setor LOG,2,PIX,PAGO,b93771a8-49a7-4f5b-9dd2-8dec81399442,2024-12-05,ERP_CORPORATIVO,TRANSACOES_FINANCEIRAS,26303,90542430bc688a7c1d8b1543b2e4d7fe673f7001bcab1839b00a186428f407e6
TR-26304,2024-11-15,2024-11-01,OP,1000133,RECEITA,2013.4238120975872,2013.4238120975872,BRL,Encargos de empréstimo vinculados a OP,23,PIX,PAGO,b93771a8-49a7-4f5b-9dd2-8dec81399442,2024-12-05,ERP_CORPORATIVO,TRANSACOES_FINANCEIRAS,26304,1c167cefc0c113c12d224ffe19751ca77523491b002dba83928a2efbd8bc4bd9
TR-26305,2024-11-18,2024-11-01,COMP,1000133,DESPESA,2123.322690800201,2081.6464073971392,BRL,Assessoria contábil prestada a COMP,25,TRANSFERENCIA,PAGO,b93771a8-49a7-4f5b-9dd2-8dec81399442,2024-12-05,ERP_CORPORATIVO,TRANSACOES_FINANCEIRAS,26305,31dd57dcb2b1e3d8c940202dd900cec7748e58a4d7d0b10e9ab8d1d153e2e263
TR-26306,2024-11-08,2024-11-01,LOG,1000133,DESPESA,2273.6506802314952,2167.4034249989527,BRL,Taxas bancárias incidentes em LOG,22,TRANSFERENCIA,CANCELADO,b93771a8-49a7-4f5b-9dd2-8dec81399442,2024-12-05,ERP_CORPORATIVO,TRANSACOES_FINANCEIRAS,26306,2b087b1bba13f831e56055ac14b63d75504c979205680d70e11e73dae22e5344
TR-26307,2024-11-15,2024-11-01,COM,1000133,RECEITA,2198.4064478026744,2156.0682056383203,BRL,Investimento em marketing corporativo (COM),4,TRANSFERENCIA,PAGO,b93771a8-49a7-4f5b-9dd2-8dec81399442,2024-12-05,ERP_CORPORATIVO,TRANSACOES_FINANCEIRAS,26307,ca47b3f75d6f79d51c52c72751b2213787c57c116ed4f3da6a94425aeaa816d1
TR-26308,2024-11-18,2024-11-01,QAS,1000133,RECEITA,1946.2040880676861,1946.2040880676861,BRL,Despesa operacional - QAS,8,PIX,PAGO,b93771a8-49a7-4f5b-9dd2-8dec81399442,2024-12-05,ERP_CORPORATIVO,TRANSACOES_FINANCEIRAS,26308,854b9aebf9b1d9e9b131d83e8ffa8c61c0150faef031bbed04ff983a5d99dfe8
TR-26309,2024-11-13,2024-11-01,OP,1000133,DESPESA,2348.6556189869807,2348.6556189869807,BRL,Serviço de tecnologia contratado por OP,5,PIX,PAGO,b93771a8-49a7-4f5b-9dd2-8dec81399442,2024-12-05,ERP_CORPORATIVO,TRANSACOES_FINANCEIRAS,26309,6b3dc95c77d364f9e6de6f1d44e8698f23ae9ffaa9919666e6dce866549959d2
TR-26310,2024-11-14,2024-11-01,COMP,1000133,DESPESA,2402.768124565111,2402.768124565111,BRL,Despesa de RH - COMP,6,BOLETO,CANCELADO,b93771a8-49a7-4f5b-9dd2-8dec81399442,2024-12-05,ERP_CORPORATIVO,TRANSACOES_FINANCEIRAS,26310,6873b2db31c81b89759cab493efee7c4ffeaf173ad86fbd382956865ff369c60
TR-26311,2024-11-19,2024-11-01,FIN,1000133,DESPESA,2824.7654120358065,2824.7654120358065,BRL,Aquisição de material operacional - FIN,2,TRANSFERENCIA,PAGO,b93771a8-49a7-4f5b-9dd2-8dec81399442,2024-12-05,ERP_CORPORATIVO,TRANSACOES_FINANCEIRAS,26311,f351e7187c70b5cff2a5af1d225fabc291ecafd85c7e7eb0d6b296572c7f711d
TR-26312,2024-11-20,2024-11-01,RH,1000133,DESPESA,2281.170982338352,2281.170982338352,BRL,Consultoria estratégica para área RH,12,TED,PAGO,b93771a8-49a7-4f5b-9dd2-8dec81399442,2024-12-05,ERP_CORPORATIVO,TRANSACOES_FINANCEIRAS,26312,750afd8ecd2d6b4ce52ab2b3a8fc3a57c729484d863cf5814d1d2c65a55a7423
TR-26313,2024-11-13,2024-11-01,JUR,1000133,RECEITA,2270.207334069421,2270.207334069421,BRL,Despesa de refeição em deslocamento (JUR),20,BOLETO,PAGO,b93771a8-49a7-4f5b-9dd2-8dec81399442,2024-12-05,ERP_CORPORATIVO,TRANSACOES_FINANCEIRAS,26313,7dcd37ba94f46fc319a903dfe2e7661431ed64fec3a634da1f834f8fc2dd8975
TR-26314,2024-11-11,2024-11-01,CPT,1000133,RECEITA,2299.8035111040585,2299.8035111040585,BRL,Manutenção preventiva de veículos - CPT,17,TED,PAGO,b93771a8-49a7-4f5b-9dd2-8dec81399442,2024-12-05,ERP_CORPORATIVO,TRANSACOES_FINANCEIRAS,26314,a7bc13dd8f50de744ca62794f59fe88936374a7c86de4728aeadb8b1b7b155db
TR-26315,2024-11-15,2024-11-01,RH,1000133,RECEITA,1946.5941481382717,1946.5941481382717,USD,Receita de aluguel creditada em RH,31,TRANSFERENCIA,PAGO,b93771a8-49a7-4f5b-9dd2-8dec81399442,2024-12-05,ERP_CORPORATIVO,TRANSACOES_FINANCEIRAS,26315,781e101ea051aedaad910e670dff90cd4c7261342408677f8e5248001da2236b
TR-26528,2024-11-06,2024-11-01,ATD,1000134,RECEITA,956.1764205054261,956.1764205054261,BRL,Manutenção preventiva de veículos - ATD,17,BOLETO,PAGO,b93771a8-49a7-4f5b-9dd2-8dec81399442,2024-12-05,ERP_CORPORATIVO,TRANSACOES_FINANCEIRAS,26528,6cbd180edee0ff5ac83facadd8f5fe8cf15c6e1775615fe3b694494f5e0b30df
TR-26529,2024-11-11,2024-11-01,FIN,1000134,DESPESA,1102.772926554258,1102.772926554258,BRL,Serviço de tecnologia contratado por FIN,5,BOLETO,PAGO,b93771a8-49a7-4f5b-9dd2-8dec81399442,2024-12-05,ERP_CORPORATIVO,TRANSACOES_FINANCEIRAS,26529,3d892c5f156975e9cc92f6e3c208ed94ecb52ee96a2c52f44a6cefb78689f34e
TR-26530,2024-11-15,2024-11-01,MKT,1000134,DESPESA,1298.3636171615717,1246.9178102669237,BRL,Contrato de SaaS vinculado a MKT,27,BOLETO,PAGO,b93771a8-49a7-4f5b-9dd2-8dec81399442,2024-12-05,ERP_CORPORATIVO,TRANSACOES_FINANCEIRAS,26530,a8681f59887df15abf37ab76eaac6e61225ddbbc09ae9ae62ab5a77ad729446a
TR-26531,2024-11-22,2024-11-01,JUR,1000134,DESPESA,1272.0504811290066,1272.0504811290066,BRL,Custo operacional associado a JUR,8,BOLETO,PAGO,b93771a8-49a7-4f5b-9dd2-8dec81399442,2024-12-05,ERP_CORPORATIVO,TRANSACOES_FINANCEIRAS,26531,8edea1df071e63c6429367dbef550bf56e8bab98cc3f0c346653f9e41200cec3
TR-26532,2024-11-13,2024-11-01,COM,1000134,RECEITA,913.9130645291517,913.9130645291517,BRL,Serviço especializado solicitado por COM,1,BOLETO,PAGO,b93771a8-49a7-4f5b-9dd2-8dec81399442,2024-12-05,ERP_CORPORATIVO,TRANSACOES_FINANCEIRAS,26532,5ea87d934459f4c472964b6c9d6c61ce44754a0e41fe587f00becdf6ba23bb4a
TR-26533,2024-11-08,2024-11-01,MKT,1000134,DESPESA,1112.9587253480443,1112.9587253480443,BRL,Manutenção estrutural vinculada à área MKT,3,PIX,PAGO,b93771a8-49a7-4f5b-9dd2-8dec81399442,2024-12-05,ERP_CORPORATIVO,TRANSACOES_FINANCEIRAS,26533,ec193825ee556c1564afc4646ef22cdcfe393efd655b8477d23909acbc57ce5a
TR-26534,2024-11-04,2024-11-01,TI,1000134,DESPESA,1001.8226811793731,1001.8226811793731,BRL,Manutenção estrutural vinculada à área TI,3,PIX,PAGO,b93771a8-49a7-4f5b-9dd2-8dec81399442,2024-12-05,ERP_CORPORATIVO,TRANSACOES_FINANCEIRAS,26534,5f9732efc600c5fe4bd6620144b0d21ceaa985da1aaeccdf4c0b2eb678aaf3d0
TR-26535,2024-11-19,2024-11-01,COMP,1000134,RECEITA,1205.9260984145783,1156.0083863113775,BRL,Contrato de serviço - setor COMP,1,PIX,CANCELADO,b93771a8-49a7-4f5b-9dd2-8dec81399442,2024-12-05,ERP_CORPORATIVO,TRANSACOES_FINANCEIRAS,26535,0fe8dcc0db9534114cca423e6030e642877b84f6a08f42978fa63a34321cd6e4
TR-26536,2024-11-18,2024-11-01,OP,1000134,RECEITA,1195.4395392660488,1164.0880503962444,BRL,Despesa operacional - OP,8,CARTAO,PAGO,b93771a8-49a7-4f5b-9dd2-8dec81399442,2024-12-05,ERP_CORPORATIVO,TRANSACOES_FINANCEIRAS,26536,70e2e866736dff257111dc80e727b168a714b46f6cdf50176206b9eb4b43df7e
TR-26537,2024-11-15,2024-11-01,SEC,1000134,DESPESA,1160.2406899807193,1160.2406899807193,BRL,Compra de insumos para setor SEC,2,BOLETO,PAGO,b93771a8-49a7-4f5b-9dd2-8dec81399442,2024-12-05,ERP_CORPORATIVO,TRANSACOES_FINANCEIRAS,26537,7839c032194deb60e02c74303b9f4636220eb70eaa76a20895b4ba71e5764fcc
TR-26538,2024-11-08,2024-11-01,FIN,1000134,DESPESA,1176.7141476734928,1151.9993826931934,BRL,Campanha institucional - FIN,4,TRANSFERENCIA,ATRASADO,b93771a8-49a7-4f5b-9dd2-8dec81399442,2024-12-05,ERP_CORPORATIVO,TRANSACOES_FINANCEIRAS,26538,4b12ccf31614b46ebef1c31c207487a0d75bc59f743cd4912784e651d91cf4ed
TR-26539,2024-11-11,2024-11-01,COMP,1000134,DESPESA,1065.2874152597296,1012.6142555671687,BRL,Locação de espaço comercial - COMP,31,PIX,PAGO,b93771a8-49a7-4f5b-9dd2-8dec81399442,2024-12-05,ERP_CORPORATIVO,TRANSACOES_FINANCEIRAS,26539,cc726c022d32b156a62fc0dd6d6d7e86171a28c14837922a3ab204f9ed4ca63c
TR-26540,2024-11-18,2024-11-01,FIN,1000134,RECEITA,1105.1664364106514,1105.1664364106514,BRL,Compra de insumos para setor FIN,2,TED,CANCELADO,b93771a8-49a7-4f5b-9dd2-8dec81399442,2024-12-05,ERP_CORPORATIVO,TRANSACOES_FINANCEIRAS,26540,73fd108551ca97fa72c34453dce3d8b988ef00d09bb022bae353e63c2b53c8a4
TR-26541,2024-11-29,2024-11-01,FIN,1000134,RECEITA,1323.2178719171286,1323.2178719171286,BRL,Contrato de conectividade para área FIN,9,TRANSFERENCIA,PAGO,b93771a8-49a7-4f5b-9dd2-8dec81399442,2024-12-05,ERP_CORPORATIVO,TRANSACOES_FINANCEIRAS,26541,e61714bbef8d37a38386a4a364462998efb23c47a13540aca9f8c3bc29e3e03f
TR-26542,2024-11-07,2024-11-01,COMP,1000134,RECEITA,1132.500980491595,1094.5018094585764,BRL,Compra de insumos para setor COMP,2,TRANSFERENCIA,PAGO,b93771a8-49a7-4f5b-9dd2-8dec81399442,2024-12-05,ERP_CORPORATIVO,TRANSACOES_FINANCEIRAS,26542,009806e0ebb45a544d6fd38e00615fb6b3742f3dbdce67d9254a1275f1f86476
TR-26543,2024-11-25,2024-11-01,MKT,1000134,RECEITA,3434.6102288138227,3403.4952233768795,BRL,Certificado digital adquirido por MKT,26,PIX,ATRASADO,b93771a8-49a7-4f5b-9dd2-8dec81399442,2024-12-05,ERP_CORPORATIVO,TRANSACOES_FINANCEIRAS,26543,12e03aa8f42846c5784cc8aecdbaed844a9db8c3c6336da24b635ca161a4d26d
TR-26818,2024-11-12,2024-11-01,QAS,FORN-00136,DESPESA,1401.6423292393356,1401.6423292393356,USD,Comissão recebida por QAS,33,PIX,PAGO,b93771a8-49a7-4f5b-9dd2-8dec81399442,2024-12-05,ERP_CORPORATIVO,TRANSACOES_FINANCEIRAS,26818,0bfdd9389ae7741b9ea95b86be3aeb8b0fc8622abc1d2a197033c49a6d6a14fd
TR-26819,2024-11-14,2024-11-01,JUR,FORN-00136,RECEITA,1675.5088414496417,1675.5088414496417,BRL,Licenciamento de software - JUR,5,TRANSFERENCIA,PAGO,b93771a8-49a7-4f5b-9dd2-8dec81399442,2024-12-05,ERP_CORPORATIVO,TRANSACOES_FINANCEIRAS,26819,3b2784337e5ed70ee38cabd0cbe4d4d07bb5ae23fe41d5bd00a281fc7a0eb831
TR-26820,2024-11-15,2024-11-01,ATD,FORN-00136,DESPESA,1473.3665714962813,1432.2330292862262,BRL,Aquisição de material operacional - ATD,2,PIX,ATRASADO,b93771a8-49a7-4f5b-9dd2-8dec81399442,2024-12-05,ERP_CORPORATIVO,TRANSACOES_FINANCEIRAS,26820,a33051fbef9510cb984e85af3f885c3bbcb5dd671910ec798b24e8982713ccbf
TR-26821,2024-11-15,2024-11-01,OP,FORN-00136,RECEITA,1583.2379865691985,1504.6918815914141,BRL,Resultado de equivalência patrimonial - OP,34,PIX,PAGO,b93771a8-49a7-4f5b-9dd2-8dec81399442,2024-12-05,ERP_CORPORATIVO,TRANSACOES_FINANCEIRAS,26821,4931b6c067035ac97750de63cbecb9ad91ea65f2488b2538203b23bd2cbcbf8a
TR-26822,2024-11-11,2024-11-01,PRD,FORN-00136,DESPESA,1744.1442899160297,1744.1442899160297,USD,Recebimento de subvenção - PRD,36,PIX,PAGO,b93771a8-49a7-4f5b-9dd2-8dec81399442,2024-12-05,ERP_CORPORATIVO,TRANSACOES_FINANCEIRAS,26822,a8c17c3725485157fe09c5517030e9de0f0fb12fb268c666eef899d0c344c1b4
TR-26823,2024-11-08,2024-11-01,SEC,FORN-00136,RECEITA,1246.7942959907368,1226.1289743362381,BRL,Tributo incidente sobre receita de SEC,40,TED,PAGO,b93771a8-49a7-4f5b-9dd2-8dec81399442,2024-12-05,ERP_CORPORATIVO,TRANSACOES_FINANCEIRAS,26823,1c72fc936014834426767a4ebaf538cca3e586fc47c31b19d45c2d41fb5d39ef
TR-26824,2024-11-08,2024-11-01,LOG,FORN-00136,DESPESA,1401.0277332549279,1401.0277332549279,BRL,Doação recebida em favor de LOG,36,CARTAO,PAGO,b93771a8-49a7-4f5b-9dd2-8dec81399442,2024-12-05,ERP_CORPORATIVO,TRANSACOES_FINANCEIRAS,26824,09da5bee5069d370a6028e0a59b38e8b61b2e9cc82fb5de927b64c4bdd62798f
TR-26825,2024-11-12,2024-11-01,FIN,FORN-00136,DESPESA,1474.6882248468635,1474.6882248468635,BRL,Licenciamento de software - FIN,5,TED,PAGO,b93771a8-49a7-4f5b-9dd2-8dec81399442,2024-12-05,ERP_CORPORATIVO,TRANSACOES_FINANCEIRAS,26825,896cdae762789b4da5bd97d0f77132abd5b3f4ebc1b67a1ff3a4c47524d05fed
TR-26826,2024-11-18,2024-11-01,RH,FORN-00136,DESPESA,1519.659113098525,1519.659113098525,BRL,Resultado de equivalência patrimonial - RH,34,PIX,PAGO,b93771a8-49a7-4f5b-9dd2-8dec81399442,2024-12-05,ERP_CORPORATIVO,TRANSACOES_FINANCEIRAS,26826,0a7ac07b670fae547955323e77a7f28c2965b276f914667bca1fc9b99111baf9
TR-26827,2024-11-18,2024-11-01,JUR,FORN-00136,DESPESA,1595.6214429286065,1521.5179436267842,BRL,Despesa de refeição em deslocamento (JUR),20,CARTAO,PAGO,b93771a8-49a7-4f5b-9dd2-8dec81399442,2024-12-05,ERP_CORPORATIVO,TRANSACOES_FINANCEIRAS,26827,dfaec4424ef2b4ce2d77ef857568b1c20ea63d2f7d9b79157d3e4ebab9da10bc
TR-26828,2024-11-18,2024-11-01,MKT,FORN-00136,DESPESA,1695.2084652795272,1695.2084652795272,BRL,Diária de hotel para equipe MKT,19,PIX,ATRASADO,b93771a8-49a7-4f5b-9dd2-8dec81399442,2024-12-05,ERP_CORPORATIVO,TRANSACOES_FINANCEIRAS,26828,d1fc44f56c9143684973b390d5bf750913f080d08e9d59b4f612403bf0c2cdbc
TR-26829,2024-11-08,2024-11-01,JUR,FORN-00136,DESPESA,1392.6154374525295,1392.6154374525295,USD,Aquisição de material operacional - JUR,2,TED,PAGO,b93771a8-49a7-4f5b-9dd2-8dec81399442,2024-12-05,ERP_CORPORATIVO,TRANSACOES_FINANCEIRAS,26829,a7cea8bd605e4d54119196692381a6e0a571eaecc673fee60de039c7a1a007b7
TR-26830,2024-11-06,2024-11-01,OP,FORN-00136,RECEITA,1470.4282299803458,1470.4282299803458,BRL,Contrato de serviço - setor OP,1,TED,PAGO,b93771a8-49a7-4f5b-9dd2-8dec81399442,2024-12-05,ERP_CORPORATIVO,TRANSACOES_FINANCEIRAS,26830,57b82972c4ff9738d6e7b5acd1c99e2b812d106a6b1698e7835bffc9e4bbb436
TR-26831,2024-11-08,2024-11-01,COMP,FORN-00136,DESPESA,1678.5039282891503,1678.5039282891503,BRL,Aquisição de material operacional - COMP,2,TED,PAGO,b93771a8-49a7-4f5b-9dd2-8dec81399442,2024-12-05,ERP_CORPORATIVO,TRANSACOES_FINANCEIRAS,26831,8c7442025c6c21c73bbaeb8168d483d60a9a0d80a92c58981221176168765e63
TR-26832,2024-11-20,2024-11-01,COM,FORN-00136,RECEITA,1551.9719545565383,1505.4928038772402,BRL,Custo operacional associado a COM,8,PIX,PAGO,b93771a8-49a7-4f5b-9dd2-8dec81399442,2024-12-05,ERP_CORPORATIVO,TRANSACOES_FINANCEIRAS,26832,241cbafc9a3d40661e49e5283982c71fea12a02d7b6cb929d783fe4c1eb8528c
TR-26833,2024-11-20,2024-11-01,JUR,FORN-00136,RECEITA,1265.747591457514,1265.747591457514,BRL,Material de marketing solicitado por JUR,15,PIX,CANCELADO,b93771a8-49a7-4f5b-9dd2-8dec81399442,2024-12-05,ERP_CORPORATIVO,TRANSACOES_FINANCEIRAS,26833,efc8fe662ff58446e62c368af7af92ca2faf069cff2ac4cdfe1ef6d90979c3fb
TR-26834,2024-11-18,2024-11-01,OP,FORN-00136,DESPESA,1255.319812976538,1255.319812976538,BRL,Despesa de infraestrutura - OP,3,BOLETO,PAGO,b93771a8-49a7-4f5b-9dd2-8dec81399442,2024-12-05,ERP_CORPORATIVO,TRANSACOES_FINANCEIRAS,26834,efaf30462b178c11c2c51a4f496df703fd07cae22e74bacf01761dc07cf49565
TR-26835,2024-11-25,2024-11-01,COMP,FORN-00136,DESPESA,1428.782686668591,1428.782686668591,BRL,Custo operacional associado a COMP,8,TED,PAGO,b93771a8-49a7-4f5b-9dd2-8dec81399442,2024-12-05,ERP_CORPORATIVO,TRANSACOES_FINANCEIRAS,26835,40222dc659214e64ad74a107806e9af99b7c674575cfa5c0d5d1ac5b0a23aa47
TR-26836,2024-11-04,2024-11-01,OP,FORN-00136,RECEITA,1585.540002380364,1537.8565597263282,BRL,Consultoria estratégica para área OP,12,TED,ATRASADO,b93771a8-49a7-4f5b-9dd2-8dec81399442,2024-12-05,ERP_CORPORATIVO,TRANSACOES_FINANCEIRAS,26836,bc236ce4f0b9ef63e3835a79f7d859532416b7b6ddafd2e86fd6e88b655d1158
TR-26837,2024-11-18,2024-11-01,COMP,FORN-00136,DESPESA,1582.582696604663,1509.931019567371,BRL,Licenciamento de software - COMP,5,PIX,CANCELADO,b93771a8-49a7-4f5b-9dd2-8dec81399442,2024-12-05,ERP_CORPORATIVO,TRANSACOES_FINANCEIRAS,26837,bb75eee004016859257d5e1f17ebd201ea926455b820f2d3ca6583416f367aaf
TR-26838,2024-11-21,2024-11-01,RH,FORN-00136,DESPESA,1372.1909759992272,1372.1909759992272,BRL,Serviços contábeis externos - RH,25,CARTAO,PAGO,b93771a8-49a7-4f5b-9dd2-8dec81399442,2024-12-05,ERP_CORPORATIVO,TRANSACOES_FINANCEIRAS,26838,fa6823b1f904b71715a1060cfa3e90740512b6e60d3ebe02f88c40990a049284
TR-26839,2024-11-15,2024-11-01,COMP,FORN-00136,DESPESA,1603.330331277036,1603.330331277036,BRL,Serviço especializado solicitado por COMP,1,TED,PAGO,b93771a8-49a7-4f5b-9dd2-8dec81399442,2024-12-05,ERP_CORPORATIVO,TRANSACOES_FINANCEIRAS,26839,c9651daadedcc81fb3eb45d73eff93599721c2e78b1624881bf96bd9e74e539b
TR-27347,2024-11-21,2024-11-01,VND,FORN-00138,DESPESA,1387.1310198020924,1387.1310198020924,BRL,Custo operacional associado a VND,8,CARTAO,PAGO,b93771a8-49a7-4f5b-9dd2-8dec81399442,2024-12-05,ERP_CORPORATIVO,TRANSACOES_FINANCEIRAS,27347,3e828bf8105b09b7c68efe8f6ffe7e2a06ab1514937b661c37eca7627801943d
TR-27348,2024-11-11,2024-11-01,SEC,FORN-00138,DESPESA,1434.962502461993,1434.962502461993,BRL,Certificado digital adquirido por SEC,26,BOLETO,CANCELADO,b93771a8-49a7-4f5b-9dd2-8dec81399442,2024-12-05,ERP_CORPORATIVO,TRANSACOES_FINANCEIRAS,27348,838b97b9b0187e0ee37a5628bde00ba5835f66f4c94c977d61655546326c2e79
TR-27349,2024-11-18,2024-11-01,FIN,FORN-00138,DESPESA,1432.4254942363877,1432.4254942363877,BRL,Contrato de serviço - setor FIN,1,PIX,PAGO,b93771a8-49a7-4f5b-9dd2-8dec81399442,2024-12-05,ERP_CORPORATIVO,TRANSACOES_FINANCEIRAS,27349,66f0966139cc51e2b520093df086f00fe810ebd9726d975d20a36a6a923f7b0e
TR-27350,2024-11-18,2024-11-01,OP,FORN-00138,RECEITA,1616.8294732850306,1542.1530699086004,BRL,Investimento em marketing corporativo (OP),4,PIX,PAGO,b93771a8-49a7-4f5b-9dd2-8dec81399442,2024-12-05,ERP_CORPORATIVO,TRANSACOES_FINANCEIRAS,27350,e42d1ec071b215041c5a0ddaa852a82bb652f9fd83d135164a5479bbb1845b66
TR-27351,2024-11-18,2024-11-01,ADM,FORN-00138,DESPESA,1220.2661619025512,1191.181674280241,BRL,Tributo incidente sobre receita de ADM,40,BOLETO,ATRASADO,b93771a8-49a7-4f5b-9dd2-8dec81399442,2024-12-05,ERP_CORPORATIVO,TRANSACOES_FINANCEIRAS,27351,71cdf84af3e0680e03b6a3ed7bee93b377a0d6e69cdb06fd588c8f35f8256dc7
TR-27352,2024-11-18,2024-11-01,COMP,FORN-00138,RECEITA,1612.6413738351202,1612.6413738351202,BRL,Promoção e atividade externa - COMP,14,TRANSFERENCIA,PAGO,b93771a8-49a7-4f5b-9dd2-8dec81399442,2024-12-05,ERP_CORPORATIVO,TRANSACOES_FINANCEIRAS,27352,633eeb05c3265927503e795eb243fa8f4104094f2ad2d0f63509b58a63a56f7b
TR-27353,2024-11-06,2024-11-01,CPT,FORN-00138,RECEITA,1501.4855473708562,1501.4855473708562,BRL,Licenciamento de software - CPT,5,TED,PAGO,b93771a8-49a7-4f5b-9dd2-8dec81399442,2024-12-05,ERP_CORPORATIVO,TRANSACOES_FINANCEIRAS,27353,bda7a9bf774bf5c4310019c40ce1c4682bb2b1470b8378581475d7732f15e334
TR-27354,2024-11-25,2024-11-01,ESG,FORN-00138,RECEITA,1404.4802776590234,1404.4802776590234,BRL,Serviço de tecnologia contratado por ESG,5,BOLETO,PAGO,b93771a8-49a7-4f5b-9dd2-8dec81399442,2024-12-05,ERP_CORPORATIVO,TRANSACOES_FINANCEIRAS,27354,c09c741f4885783c80bf6d81c82ee0b65232bd18fc28a65f4c7a9bd624e6000b
TR-27355,2024-11-18,2024-11-01,COM,FORN-00138,DESPESA,1279.5939829446281,1279.5939829446281,BRL,Licença de software para área COM,27,BOLETO,PAGO,b93771a8-49a7-4f5b-9dd2-8dec81399442,2024-12-05,ERP_CORPORATIVO,TRANSACOES_FINANCEIRAS,27355,03d28909883c04845f3ea06625d2ca107e23fc85c41ffc520f11cb0f79ba415b
TR-27356,2024-11-13,2024-11-01,OP,FORN-00138,DESPESA,1359.6825495369392,1359.6825495369392,BRL,Despesa operacional - OP,8,PIX,PAGO,b93771a8-49a7-4f5b-9dd2-8dec81399442,2024-12-05,ERP_CORPORATIVO,TRANSACOES_FINANCEIRAS,27356,eb9e1226b604fda9223b6e15b2bb4a782bd14e28f20b111af52456a97586b608
TR-27357,2024-11-20,2024-11-01,PES,FORN-00138,DESPESA,1399.5801114706085,1399.5801114706085,BRL,Aquisição de material operacional - PES,2,TED,PAGO,b93771a8-49a7-4f5b-9dd2-8dec81399442,2024-12-05,ERP_CORPORATIVO,TRANSACOES_FINANCEIRAS,27357,69a27c02cd1431db4cb711e3ba6add7006b9ca4e2bf5d01c54832d4c0e440e45
TR-27358,2024-11-11,2024-11-01,MKT,FORN-00138,DESPESA,1669.9862923012427,1669.9862923012427,BRL,Recebimento de subvenção - MKT,36,BOLETO,CANCELADO,b93771a8-49a7-4f5b-9dd2-8dec81399442,2024-12-05,ERP_CORPORATIVO,TRANSACOES_FINANCEIRAS,27358,969394393301d6dd1606f5f994fe26c61da7d93068c186680c7fc899c02b971f
TR-27359,2024-11-04,2024-11-01,CTB,FORN-00138,DESPESA,1608.722713796903,1565.040482443603,BRL,Assessoria legal vinculada à área CTB,7,BOLETO,PAGO,b93771a8-49a7-4f5b-9dd2-8dec81399442,2024-12-05,ERP_CORPORATIVO,TRANSACOES_FINANCEIRAS,27359,eb15d30e233754ab5c915b18864847171427913c1000184b30f023930dcbca77
TR-27360,2024-11-12,2024-11-01,ATD,FORN-00138,DESPESA,1340.6648595164374,1340.6648595164374,BRL,Custo operacional associado a ATD,8,BOLETO,PAGO,b93771a8-49a7-4f5b-9dd2-8dec81399442,2024-12-05,ERP_CORPORATIVO,TRANSACOES_FINANCEIRAS,27360,ac0c939b3bc32e1f06838ecea7080ed327c2acf1539cced3eab8145398b03197
TR-27361,2024-11-18,2024-11-01,ADM,FORN-00138,RECEITA,1703.8197594940991,1703.8197594940991,BRL,Certificado digital adquirido por ADM,26,CARTAO,PAGO,b93771a8-49a7-4f5b-9dd2-8dec81399442,2024-12-05,ERP_CORPORATIVO,TRANSACOES_FINANCEIRAS,27361,6ab370a043b1b0fb01a92a37d2b77369ff91c2d3fac0a170c53c8e05e7d9fcfd
TR-27362,2024-11-25,2024-11-01,MKT,FORN-00138,RECEITA,1532.6999979695372,1532.6999979695372,BRL,Campanha institucional - MKT,4,CARTAO,PAGO,b93771a8-49a7-4f5b-9dd2-8dec81399442,2024-12-05,ERP_CORPORATIVO,TRANSACOES_FINANCEIRAS,27362,e6bd2103dae38b646d5c513bbf1a2aea3e55494b95aa7fec83bcef06528e0c4a
TR-27363,2024-11-19,2024-11-01,SEC,FORN-00138,DESPESA,1460.924524541611,1460.924524541611,BRL,Compra de insumos para setor SEC,2,BOLETO,PAGO,b93771a8-49a7-4f5b-9dd2-8dec81399442,2024-12-05,ERP_CORPORATIVO,TRANSACOES_FINANCEIRAS,27363,06cb38d64583c49487b10fb66ceadf41b471115246b33c9cffe440efaa609d2a
TR-27364,2024-11-12,2024-11-01,FIN,FORN-00138,RECEITA,1355.0145861357921,1287.7735636916566,BRL,Investimento em marketing corporativo (FIN),4,PIX,ATRASADO,b93771a8-49a7-4f5b-9dd2-8dec81399442,2024-12-05,ERP_CORPORATIVO,TRANSACOES_FINANCEIRAS,27364,f6d2063376c74e0912f4e8b066641cb4324b6e5663fae04f0f7f1bcc7fe60be1
TR-27365,2024-11-20,2024-11-01,PRD,FORN-00138,DESPESA,1315.493296610819,1278.1814688135007,BRL,Aquisição de material operacional - PRD,2,TED,ATRASADO,b93771a8-49a7-4f5b-9dd2-8dec81399442,2024-12-05,ERP_CORPORATIVO,TRANSACOES_FINANCEIRAS,27365,a6dc5ac6e71babeb381718333743e1079a2c24d1831fa66cc64ed2ac45369733
TR-27366,2024-11-25,2024-11-01,OP,FORN-00138,RECEITA,1471.3783063868743,1471.3783063868743,BRL,Manutenção preventiva de veículos - OP,17,TRANSFERENCIA,PAGO,b93771a8-49a7-4f5b-9dd2-8dec81399442,2024-12-05,ERP_CORPORATIVO,TRANSACOES_FINANCEIRAS,27366,b08de6b63a70066d10cd0c5c0b6da671020563f1af9ef9455127c90704e62bb5
TR-27367,2024-11-13,2024-11-01,FIN,FORN-00138,DESPESA,1448.1891684304464,1405.6441327194045,BRL,Reparo de frota vinculado à área FIN,17,BOLETO,ATRASADO,b93771a8-49a7-4f5b-9dd2-8dec81399442,2024-12-05,ERP_CORPORATIVO,TRANSACOES_FINANCEIRAS,27367,26feccf8e63eb65420c696004f98d19bd95ab381af04190de6b7dcd8731094c1
TR-27368,2024-11-28,2024-11-01,COM,FORN-00138,DESPESA,1340.282989599306,1340.282989599306,BRL,Aquisição de material operacional - COM,2,PIX,PAGO,b93771a8-49a7-4f5b-9dd2-8dec81399442,2024-12-05,ERP_CORPORATIVO,TRANSACOES_FINANCEIRAS,27368,9b3fabdc69a6c2b3d2806d1e43c9091e45c1517194d01af9b00047789a8aa4d2
TR-27369,2024-11-13,2024-11-01,COM,FORN-00138,RECEITA,1557.892871872041,1519.714149935319,BRL,Investimento em marketing corporativo (COM),4,BOLETO,PAGO,b93771a8-49a7-4f5b-9dd2-8dec81399442,2024-12-05,ERP_CORPORATIVO,TRANSACOES_FINANCEIRAS,27369,8b79ed545d55a2b58004467b4b011bd698fd0a002850628eedc37b630e7d2ff7
TR-27483,2024-11-13,2024-11-01,CTB,1000138,RECEITA,3138.0116986394373,3138.0116986394373,BRL,Alimentação em viagem corporativa - CTB,20,BOLETO,PAGO,b93771a8-49a7-4f5b-9dd2-8dec81399442,2024-12-05,ERP_CORPORATIVO,TRANSACOES_FINANCEIRAS,27483,507673a6b4771f518b402727a6da4b53892a6963b3a359ebf48be57b7379d76f
TR-27484,2024-11-18,2024-11-01,PES,1000138,DESPESA,4099.754403130416,4099.754403130416,BRL,Contrato de serviço - setor PES,1,TED,PAGO,b93771a8-49a7-4f5b-9dd2-8dec81399442,2024-12-05,ERP_CORPORATIVO,TRANSACOES_FINANCEIRAS,27484,2aca454bc96d009fcf6326c61000550e0992c42ed73d1484903e45f6f0ed105a
TR-27485,2024-11-18,2024-11-01,PES,1000138,DESPESA,7599.5201125697795,7599.5201125697795,BRL,Receita eventual registrada em PES,37,BOLETO,CANCELADO,b93771a8-49a7-4f5b-9dd2-8dec81399442,2024-12-05,ERP_CORPORATIVO,TRANSACOES_FINANCEIRAS,27485,8a1161f358a6e7688a31f2f3c3e32dda290c976a0314492ca915988ae3ae1d28
TR-27486,2024-11-11,2024-11-01,ADM,1000138,DESPESA,3450.4512623959204,3393.3796162148283,BRL,Material de marketing solicitado por ADM,15,TED,PAGO,b93771a8-49a7-4f5b-9dd2-8dec81399442,2024-12-05,ERP_CORPORATIVO,TRANSACOES_FINANCEIRAS,27486,6a60cacba3a9c09625e557d31fffd8c0103fc02988e1ec834a3e4c3b09062327
TR-27487,2024-11-14,2024-11-01,OP,1000138,RECEITA,9474.741321711424,9424.08189069655,BRL,Licenciamento de software - OP,5,TED,ATRASADO,b93771a8-49a7-4f5b-9dd2-8dec81399442,2024-12-05,ERP_CORPORATIVO,TRANSACOES_FINANCEIRAS,27487,2c462dc2d278e83c47ada8f319c94aa4b79faa20ee34a73d4ba85aa5bec76cc1
TR-27488,2024-11-15,2024-11-01,RH,1000138,RECEITA,3292.452996232333,3292.452996232333,BRL,Prestação de serviço para área RH,1,BOLETO,PAGO,b93771a8-49a7-4f5b-9dd2-8dec81399442,2024-12-05,ERP_CORPORATIVO,TRANSACOES_FINANCEIRAS,27488,def08615247eef06bf8caa94af512f6988624b708d101ca5ecf9873c699e5b58
TR-27489,2024-11-11,2024-11-01,SEC,1000138,RECEITA,2908.289672141088,2870.230528257691,BRL,Contrato de serviço - setor SEC,1,PIX,PAGO,b93771a8-49a7-4f5b-9dd2-8dec81399442,2024-12-05,ERP_CORPORATIVO,TRANSACOES_FINANCEIRAS,27489,f873d81a567557543b40d759ebd7f82eadde08b2ef385d5c509114647b885879
TR-27490,2024-11-11,2024-11-01,PJT,1000138,RECEITA,13205.03999216627,13205.03999216627,BRL,Serviço de tecnologia contratado por PJT,5,TED,PAGO,b93771a8-49a7-4f5b-9dd2-8dec81399442,2024-12-05,ERP_CORPORATIVO,TRANSACOES_FINANCEIRAS,27490,fceabe4bb42d02c9327054eb206e5a4231f38a639a903dfed1074e4a3448fcdc
TR-27491,2024-11-18,2024-11-01,COM,1000138,RECEITA,3730.435263949055,3600.968753049127,BRL,Honorários profissionais contratados por COM,11,TED,PAGO,b93771a8-49a7-4f5b-9dd2-8dec81399442,2024-12-05,ERP_CORPORATIVO,TRANSACOES_FINANCEIRAS,27491,c8ff5574130d2dfbf26323ea84470d6cba8fca75b51d5e1002df021351bb6738
TR-27492,2024-11-14,2024-11-01,RH,1000138,RECEITA,8327.174491505273,8327.174491505273,BRL,Licenciamento de software - RH,5,TRANSFERENCIA,PAGO,b93771a8-49a7-4f5b-9dd2-8dec81399442,2024-12-05,ERP_CORPORATIVO,TRANSACOES_FINANCEIRAS,27492,a281a40f8c66eb6c79fdec3043fb0f40b535ddd15c2525635692ca8544503385
TR-27493,2024-11-11,2024-11-01,FIN,1000138,RECEITA,3538.151895010857,3538.151895010857,BRL,Aquisição de material operacional - FIN,2,TED,PAGO,b93771a8-49a7-4f5b-9dd2-8dec81399442,2024-12-05,ERP_CORPORATIVO,TRANSACOES_FINANCEIRAS,27493,c29fb239348ea5d1800f412fa06e9d158065bc9885b4112ffb04b81eafffcbae
TR-27494,2024-11-21,2024-11-01,PJT,1000138,DESPESA,3469.1083746094214,3469.1083746094214,BRL,Honorários profissionais contratados por PJT,11,BOLETO,PAGO,b93771a8-49a7-4f5b-9dd2-8dec81399442,2024-12-05,ERP_CORPORATIVO,TRANSACOES_FINANCEIRAS,27494,24d6a8db8b1b1c7908f293eab7c43186339477af6e8696d86057271c9ebca7e1
TR-27495,2024-11-18,2024-11-01,COM,1000138,DESPESA,3618.6985936716915,3513.4712955687737,BRL,Serviço relacionado a recursos humanos (COM),6,PIX,ATRASADO,b93771a8-49a7-4f5b-9dd2-8dec81399442,2024-12-05,ERP_CORPORATIVO,TRANSACOES_FINANCEIRAS,27495,30236b0624d3e222a382dc473684b609da1849612461ca3e54e553a0de3f5c6d
TR-27496,2024-11-27,2024-11-01,SEC,1000138,RECEITA,3706.7456846992404,3706.7456846992404,BRL,Produção de material gráfico - SEC,15,BOLETO,PAGO,b93771a8-49a7-4f5b-9dd2-8dec81399442,2024-12-05,ERP_CORPORATIVO,TRANSACOES_FINANCEIRAS,27496,e7851b02f433e5862428fc363a0e9fe25c082bcb20c40b315d106670f0afc232
TR-27762,2024-11-08,2024-11-01,SEC,ACC-00140,RECEITA,2636.5129520633936,2530.180978954791,BRL,Campanha institucional - SEC,4,CARTAO,PAGO,b93771a8-49a7-4f5b-9dd2-8dec81399442,2024-12-05,ERP_CORPORATIVO,TRANSACOES_FINANCEIRAS,27762,bffb4747061bc4d48d031a72b29ac9ef0b368108008a220082c63b69fb26d4da
TR-27763,2024-11-13,2024-11-01,PES,ACC-00140,DESPESA,2905.1776397067933,2905.1776397067933,BRL,Atendimento de TI requisitado por PES,29,TRANSFERENCIA,PAGO,b93771a8-49a7-4f5b-9dd2-8dec81399442,2024-12-05,ERP_CORPORATIVO,TRANSACOES_FINANCEIRAS,27763,1cf08f639724579434c20643e94304795fce3b60c41c6fc22ebe10ab897b6062
TR-27764,2024-11-18,2024-11-01,COM,ACC-00140,DESPESA,3675.207778814417,3675.207778814417,BRL,Honorários profissionais contratados por COM,11,BOLETO,PAGO,b93771a8-49a7-4f5b-9dd2-8dec81399442,2024-12-05,ERP_CORPORATIVO,TRANSACOES_FINANCEIRAS,27764,2f603acf57be839f55c11f02540c29276643af7bbabc4417fcd2e2ee68c9291c
TR-27765,2024-11-14,2024-11-01,RH,ACC-00140,RECEITA,3433.7130816425415,3433.7130816425415,BRL,Serviço de tecnologia contratado por RH,5,TRANSFERENCIA,PAGO,b93771a8-49a7-4f5b-9dd2-8dec81399442,2024-12-05,ERP_CORPORATIVO,TRANSACOES_FINANCEIRAS,27765,9d0363dc4d440542e6f7316042775fa6a7786ad99dfad6447b30c3f59da53997
TR-27766,2024-11-14,2024-11-01,TI,ACC-00140,DESPESA,2764.137723025311,2764.137723025311,BRL,Aquisição de material operacional - TI,2,BOLETO,PAGO,b93771a8-49a7-4f5b-9dd2-8dec81399442,2024-12-05,ERP_CORPORATIVO,TRANSACOES_FINANCEIRAS,27766,30d628aa6304eebeb32a860abdb84b8c9211b766d548e20cae5d46e7043e3f85
TR-27767,2024-11-25,2024-11-01,OP,ACC-00140,DESPESA,6325.90814230894,6296.807044521239,BRL,Compra de insumos para setor OP,2,BOLETO,PAGO,b93771a8-49a7-4f5b-9dd2-8dec81399442,2024-12-05,ERP_CORPORATIVO,TRANSACOES_FINANCEIRAS,27767,ebfcb9fb882ed47d83c01612ab373388c72f6468e9108415f8dcf4da35b39555
TR-27768,2024-11-20,2024-11-01,COMP,ACC-00140,RECEITA,2670.9733695756586,2597.168804535534,BRL,Serviço técnico especializado para COMP,11,BOLETO,PAGO,b93771a8-49a7-4f5b-9dd2-8dec81399442,2024-12-05,ERP_CORPORATIVO,TRANSACOES_FINANCEIRAS,27768,a0148ade7f68d1b013b27f99f3ecc47dad8482ffd3e5a525eed5da13964e9e37
TR-27769,2024-11-12,2024-11-01,OP,ACC-00140,DESPESA,2860.9102848477596,2860.9102848477596,BRL,Honorários jurídicos - OP,7,CARTAO,PAGO,b93771a8-49a7-4f5b-9dd2-8dec81399442,2024-12-05,ERP_CORPORATIVO,TRANSACOES_FINANCEIRAS,27769,b96be6d48b09f7e61ad1b3643cc65b86347290805845482ebfc0be495197a1cf
TR-27770,2024-11-18,2024-11-01,MKT,ACC-00140,DESPESA,1817.8892226734497,1817.8892226734497,BRL,Suporte técnico para sistemas de MKT,29,PIX,PAGO,b93771a8-49a7-4f5b-9dd2-8dec81399442,2024-12-05,ERP_CORPORATIVO,TRANSACOES_FINANCEIRAS,27770,99f45cf0f1834f8f67f1b2089018d33e236d5f4a635c7d89d750824dd4f209d7
TR-27771,2024-11-13,2024-11-01,LOG,ACC-00140,RECEITA,2546.8516898237112,2546.8516898237112,BRL,Serviço especializado solicitado por LOG,1,PIX,PAGO,b93771a8-49a7-4f5b-9dd2-8dec81399442,2024-12-05,ERP_CORPORATIVO,TRANSACOES_FINANCEIRAS,27771,6b5fe89d35174d0b5f8f3fee900b2b401ab4ad9feb75917988e3d8caf3a8388d
TR-27772,2024-11-18,2024-11-01,COMP,ACC-00140,DESPESA,3397.0138650428735,3397.0138650428735,BRL,Compra de insumos para setor COMP,2,PIX,PAGO,b93771a8-49a7-4f5b-9dd2-8dec81399442,2024-12-05,ERP_CORPORATIVO,TRANSACOES_FINANCEIRAS,27772,a836c79c94f26399bc5cb5f9f21b2efb6f56345dea9ad0f6a139d3cf80612fe6
TR-27773,2024-11-25,2024-11-01,COMP,ACC-00140,DESPESA,6007.79620654797,6007.79620654797,BRL,Serviço especializado solicitado por COMP,1,TRANSFERENCIA,PAGO,b93771a8-49a7-4f5b-9dd2-8dec81399442,2024-12-05,ERP_CORPORATIVO,TRANSACOES_FINANCEIRAS,27773,eac05bc954596c5677eae685b0f5839160dbab49b9cd1078e4ea55eee5562b4b
TR-27774,2024-11-18,2024-11-01,ATD,ACC-00140,DESPESA,1460.1808918802578,1317.814206686922,EUR,Serviço de telefonia e internet - ATD,9,TRANSFERENCIA,ATRASADO,b93771a8-49a7-4f5b-9dd2-8dec81399442,2024-12-05,ERP_CORPORATIVO,TRANSACOES_FINANCEIRAS,27774,283857283e9a282a0cab1683d3261c9167a897b42ce1352be6848258525ef50c
TR-27775,2024-11-07,2024-11-01,QAS,ACC-00140,RECEITA,3017.6347661487016,3017.6347661487016,BRL,Contrato de consultoria externa - QAS,12,TED,PAGO,b93771a8-49a7-4f5b-9dd2-8dec81399442,2024-12-05,ERP_CORPORATIVO,TRANSACOES_FINANCEIRAS,27775,5f86d855728ad7cba58b852cdd45d3ed137a611fff1a9f86bea11aa9645cf8c0
TR-27776,2024-11-21,2024-11-01,VND,ACC-00140,DESPESA,2653.4641588735667,2557.474737376768,BRL,Serviço de tecnologia contratado por VND,5,BOLETO,PAGO,b93771a8-49a7-4f5b-9dd2-8dec81399442,2024-12-05,ERP_CORPORATIVO,TRANSACOES_FINANCEIRAS,27776,f47d757f7fb99d08d3dcd8b2e739bd31fa8ffb735628b90888196da51297bc88
TR-27777,2024-11-19,2024-11-01,PRD,ACC-00140,DESPESA,3213.7428404302996,3213.7428404302996,BRL,Investimento em marketing corporativo (PRD),4,BOLETO,PAGO,b93771a8-49a7-4f5b-9dd2-8dec81399442,2024-12-05,ERP_CORPORATIVO,TRANSACOES_FINANCEIRAS,27777,a2052b0be3f59a1c6d416f2b1e11ebada603d48da32923a5c760e2ad671453ed
TR-27778,2024-11-08,2024-11-01,RH,ACC-00140,RECEITA,2813.0043881023976,2813.0043881023976,BRL,Assessoria legal vinculada à área RH,7,BOLETO,PAGO,b93771a8-49a7-4f5b-9dd2-8dec81399442,2024-12-05,ERP_CORPORATIVO,TRANSACOES_FINANCEIRAS,27778,014072c8f087f2ee3b055dc1e9ccf997f1de816ac44ca467654c83a0060261c3
TR-27779,2024-11-18,2024-11-01,FIN,ACC-00140,DESPESA,2453.1511300203574,2453.1511300203574,BRL,Estorno de receita - FIN,39,TRANSFERENCIA,PAGO,b93771a8-49a7-4f5b-9dd2-8dec81399442,2024-12-05,ERP_CORPORATIVO,TRANSACOES_FINANCEIRAS,27779,9d1f530b4d084643cc3c57080a7d33308f83b0fbd9abe696bdd3b46b648a2f54
TR-27780,2024-11-25,2024-11-01,MKT,ACC-00140,RECEITA,2927.603306771899,2927.603306771899,BRL,Serviço especializado solicitado por MKT,1,PIX,PAGO,b93771a8-49a7-4f5b-9dd2-8dec81399442,2024-12-05,ERP_CORPORATIVO,TRANSACOES_FINANCEIRAS,27780,a6f189d8826069bcf453ee7796839f40ff1884bf124cc00b36c3844e3dadf96e
TR-27781,2024-11-25,2024-11-01,FIN,ACC-00140,DESPESA,2586.5470450791686,2586.5470450791686,BRL,Despesa operacional - FIN,8,PIX,PAGO,b93771a8-49a7-4f5b-9dd2-8dec81399442,2024-12-05,ERP_CORPORATIVO,TRANSACOES_FINANCEIRAS,27781,781289d06bc56eed6935827537bff81fe5181a8ada24fbe9cd75fef67592515f
TR-27782,2024-11-27,2024-11-01,OP,ACC-00140,DESPESA,2733.8691628653764,2733.8691628653764,BRL,Licenciamento de software - OP,5,TRANSFERENCIA,PAGO,b93771a8-49a7-4f5b-9dd2-8dec81399442,2024-12-05,ERP_CORPORATIVO,TRANSACOES_FINANCEIRAS,27782,2d87643148bdf87af258ffdb7117a8c79e163414ec0e239c5ef0d88db562a985
TR-28190,2024-11-07,2024-11-01,MKT,FORN-00142,RECEITA,4731.008913106502,4571.802807264928,BRL,Campanha institucional - MKT,4,BOLETO,PAGO,b93771a8-49a7-4f5b-9dd2-8dec81399442,2024-12-05,ERP_CORPORATIVO,TRANSACOES_FINANCEIRAS,28190,82399266fd412e6fc87059f8ded0257ff3893f336d309b329122f897b436c5d7
TR-28191,2024-11-11,2024-11-01,PES,FORN-00142,DESPESA,4786.266205528364,4713.747279459503,BRL,Compra de insumos para setor PES,2,PIX,PAGO,b93771a8-49a7-4f5b-9dd2-8dec81399442,2024-12-05,ERP_CORPORATIVO,TRANSACOES_FINANCEIRAS,28191,06d1bb21d20b2afbf4e11977a1458e61a4314bdf85eef3cddfdf2bd96109d1ea
TR-28192,2024-11-01,2024-11-01,MKT,FORN-00142,RECEITA,11861.570700350097,11861.570700350097,USD,Honorários jurídicos - MKT,7,BOLETO,PAGO,b93771a8-49a7-4f5b-9dd2-8dec81399442,2024-12-05,ERP_CORPORATIVO,TRANSACOES_FINANCEIRAS,28192,c035f64676d629e3cf7a21dcb5fb9342609b671f2982907c27cb5aa1f4ec8f65
TR-28193,2024-11-13,2024-11-01,JUR,FORN-00142,DESPESA,3972.8318689731204,3840.722302049317,BRL,Compra de insumos para setor JUR,2,TRANSFERENCIA,PAGO,b93771a8-49a7-4f5b-9dd2-8dec81399442,2024-12-05,ERP_CORPORATIVO,TRANSACOES_FINANCEIRAS,28193,929f8c327cb90c6d89ca6578f298483b219ed5452ba70ec68b4970ea88f8d0e6
TR-28194,2024-11-15,2024-11-01,FIN,FORN-00142,DESPESA,3629.860086893041,3541.880294073066,BRL,Juros sobre operação financeira - FIN,23,BOLETO,PAGO,b93771a8-49a7-4f5b-9dd2-8dec81399442,2024-12-05,ERP_CORPORATIVO,TRANSACOES_FINANCEIRAS,28194,547770a0dcfd8815b9f54ce0f733e21bb45096b51285b978aa5e5d6ede7b1e74
TR-28195,2024-11-14,2024-11-01,ATD,FORN-00142,RECEITA,3720.022155556986,3720.022155556986,BRL,Combustível e lubrificantes para frota (ATD),16,PIX,PAGO,b93771a8-49a7-4f5b-9dd2-8dec81399442,2024-12-05,ERP_CORPORATIVO,TRANSACOES_FINANCEIRAS,28195,3195898a81e86e381c28e8c8cd2b8977a10ccabd54d0d05b8e34cc3fe886e206
TR-28196,2024-11-11,2024-11-01,OP,FORN-00142,DESPESA,4547.922895228606,4485.749691246747,BRL,Contrato de serviço - setor OP,1,PIX,CANCELADO,b93771a8-49a7-4f5b-9dd2-8dec81399442,2024-12-05,ERP_CORPORATIVO,TRANSACOES_FINANCEIRAS,28196,d26e7552c9dc7a2cee08da5bde17a907ee604b5d31f7e7c42197a1217d386ce2
TR-28197,2024-11-08,2024-11-01,CPT,FORN-00142,RECEITA,3617.6846800635467,3617.6846800635467,BRL,Locação de espaço comercial - CPT,31,PIX,PAGO,b93771a8-49a7-4f5b-9dd2-8dec81399442,2024-12-05,ERP_CORPORATIVO,TRANSACOES_FINANCEIRAS,28197,d740dd4c85666678f6c331fdd58b5fbce79662e525934ea1869d48c1231f7f42
TR-28198,2024-11-27,2024-11-01,SEC,FORN-00142,DESPESA,4036.2260091534276,4036.2260091534276,BRL,Compra de insumos para setor SEC,2,PIX,PAGO,b93771a8-49a7-4f5b-9dd2-8dec81399442,2024-12-05,ERP_CORPORATIVO,TRANSACOES_FINANCEIRAS,28198,e64899d1f64fe56c34aca80e0a559fae21c8f6657216f5bb24d4487fec84559d
TR-28199,2024-11-15,2024-11-01,COM,FORN-00142,DESPESA,3577.773008023127,3577.773008023127,BRL,Capacitação profissional vinculada a COM,30,TRANSFERENCIA,CANCELADO,b93771a8-49a7-4f5b-9dd2-8dec81399442,2024-12-05,ERP_CORPORATIVO,TRANSACOES_FINANCEIRAS,28199,7521151f9090aff5441112d8446a8b6d2b8d6ed81e171c51edc5d2c4c3ff1b6c
TR-28200,2024-11-11,2024-11-01,RH,FORN-00142,RECEITA,4069.5302990833407,4069.5302990833407,BRL,Despesa operacional - RH,8,BOLETO,PAGO,b93771a8-49a7-4f5b-9dd2-8dec81399442,2024-12-05,ERP_CORPORATIVO,TRANSACOES_FINANCEIRAS,28200,02d77a216679608914e199581a22f43d17a31bf7cadbf28394784b4f6ec582b2
TR-28201,2024-11-20,2024-11-01,COM,FORN-00142,RECEITA,3695.527786455668,3695.527786455668,BRL,Suporte técnico para sistemas de COM,29,PIX,PAGO,b93771a8-49a7-4f5b-9dd2-8dec81399442,2024-12-05,ERP_CORPORATIVO,TRANSACOES_FINANCEIRAS,28201,082b36f0708c6094b5c38221becdda7101d4d4b2036a2654bbd1a76b946e1a81
TR-28202,2024-11-14,2024-11-01,RH,FORN-00142,DESPESA,4391.449411296224,4391.449411296224,BRL,Campanha institucional - RH,4,CARTAO,PAGO,b93771a8-49a7-4f5b-9dd2-8dec81399442,2024-12-05,ERP_CORPORATIVO,TRANSACOES_FINANCEIRAS,28202,b6aff324f40acfffe715a5bdcead9a810c2243a96ec54c0babfd77c808985bc5
TR-28480,2024-11-12,2024-11-01,CPT,FORN-00144,RECEITA,1095.5021766747386,1055.7049308032952,BRL,Serviço especializado solicitado por CPT,1,TRANSFERENCIA,PAGO,b93771a8-49a7-4f5b-9dd2-8dec81399442,2024-12-05,ERP_CORPORATIVO,TRANSACOES_FINANCEIRAS,28480,ad63eddf9e4eaee4cbc8a2dfc783253344de5eeaa97ce50f8515f5f4856b5050
TR-28481,2024-11-08,2024-11-01,COM,FORN-00144,RECEITA,1249.2321623244716,1249.2321623244716,BRL,Serviço de tecnologia contratado por COM,5,PIX,PAGO,b93771a8-49a7-4f5b-9dd2-8dec81399442,2024-12-05,ERP_CORPORATIVO,TRANSACOES_FINANCEIRAS,28481,a7c6626a510c952ed328f9a742e15b03c2c3b49448742f74e0a43bbd5e4f89de
TR-28482,2024-11-18,2024-11-01,PRD,FORN-00144,DESPESA,1079.2959874739493,1026.354970735746,BRL,Atendimento de TI requisitado por PRD,29,TRANSFERENCIA,ATRASADO,b93771a8-49a7-4f5b-9dd2-8dec81399442,2024-12-05,ERP_CORPORATIVO,TRANSACOES_FINANCEIRAS,28482,8ffd4c7be3d652f989a81c0338c3e13cc34d4645d4a4effbdc15badf76852f05
TR-28483,2024-11-15,2024-11-01,COMP,FORN-00144,RECEITA,1195.3939995710696,1182.6889497932004,BRL,Prestação de serviço para área COMP,1,PIX,PAGO,b93771a8-49a7-4f5b-9dd2-8dec81399442,2024-12-05,ERP_CORPORATIVO,TRANSACOES_FINANCEIRAS,28483,39a0a0f0eb33db52bf4ae5b8f5eb6644408629918dd1e3caa8d275c46494d601
TR-28484,2024-11-15,2024-11-01,CPT,FORN-00144,DESPESA,1150.7521807181329,1114.4006433032318,BRL,Serviços contábeis externos - CPT,25,BOLETO,ATRASADO,b93771a8-49a7-4f5b-9dd2-8dec81399442,2024-12-05,ERP_CORPORATIVO,TRANSACOES_FINANCEIRAS,28484,c79649f034fed8e1217847b0787982cc9f019b49ea59a9a81a7b75389c5011d3
TR-28485,2024-11-07,2024-11-01,ATD,FORN-00144,DESPESA,1274.3242102024922,1252.0758787790796,BRL,Prestação de serviço para área ATD,1,TED,ATRASADO,b93771a8-49a7-4f5b-9dd2-8dec81399442,2024-12-05,ERP_CORPORATIVO,TRANSACOES_FINANCEIRAS,28485,64bb8471c4aa0e6ca83803f162575e0b5baba630586ac04b954db78d55e7515d
TR-28486,2024-11-11,2024-11-01,COMP,FORN-00144,DESPESA,1223.0875938935583,1223.0875938935583,BRL,Venda de ativo imobilizado por COMP,35,TED,PAGO,b93771a8-49a7-4f5b-9dd2-8dec81399442,2024-12-05,ERP_CORPORATIVO,TRANSACOES_FINANCEIRAS,28486,b7cf34484999074bcb53cabc966bcbf17484191d8d9b8b531a7a978d85caac80
TR-28487,2024-11-13,2024-11-01,CPT,FORN-00144,DESPESA,1091.2235966981711,1091.2235966981711,BRL,Prestação de serviço para área CPT,1,PIX,ATRASADO,b93771a8-49a7-4f5b-9dd2-8dec81399442,2024-12-05,ERP_CORPORATIVO,TRANSACOES_FINANCEIRAS,28487,879514e96e512935276cdb728a6ab1695f896d1a078078c19fb21bed83513dde
TR-28488,2024-11-18,2024-11-01,FIN,FORN-00144,RECEITA,985.1218831656007,985.1218831656007,BRL,Certificado digital adquirido por FIN,26,BOLETO,PAGO,b93771a8-49a7-4f5b-9dd2-8dec81399442,2024-12-05,ERP_CORPORATIVO,TRANSACOES_FINANCEIRAS,28488,396a15da870693ab8987d1bb7f4979f36456f75dbcede3492d3170e1dd770550
TR-28489,2024-11-18,2024-11-01,RH,FORN-00144,RECEITA,1028.7003178859854,1028.7003178859854,BRL,Serviço especializado solicitado por RH,1,BOLETO,PAGO,b93771a8-49a7-4f5b-9dd2-8dec81399442,2024-12-05,ERP_CORPORATIVO,TRANSACOES_FINANCEIRAS,28489,99c46e9d1da6f9f40c33e7b973b8bcb803ea219c15abbd3b62445d331a5fb2b4
TR-28490,2024-11-15,2024-11-01,QAS,FORN-00144,DESPESA,1179.2236282928154,1179.2236282928154,BRL,Imposto sobre venda apurado em QAS,40,TED,PAGO,b93771a8-49a7-4f5b-9dd2-8dec81399442,2024-12-05,ERP_CORPORATIVO,TRANSACOES_FINANCEIRAS,28490,9b21cff9efe838a09ee3cf99e5cf9b8a80e15c73382f8cf17b922401118aaf25
TR-28491,2024-11-18,2024-11-01,CTB,FORN-00144,DESPESA,1138.8713709003628,1138.8713709003628,BRL,Receita de aluguel creditada em CTB,31,PIX,PAGO,b93771a8-49a7-4f5b-9dd2-8dec81399442,2024-12-05,ERP_CORPORATIVO,TRANSACOES_FINANCEIRAS,28491,3d6d76c6d34b06263e9ba2499c60da94faebd2c9adec238a63da2b9737a8582a
TR-28492,2024-11-25,2024-11-01,OP,FORN-00144,DESPESA,1147.9118920402814,1147.9118920402814,BRL,Propaganda e divulgação para área OP,13,TED,PAGO,b93771a8-49a7-4f5b-9dd2-8dec81399442,2024-12-05,ERP_CORPORATIVO,TRANSACOES_FINANCEIRAS,28492,c529e2cd4b891417c264cda2577ffe8578c68ae6f256927b9d12f7139f2953c4
TR-28493,2024-11-25,2024-11-01,FIN,FORN-00144,DESPESA,1174.2527283477123,1174.2527283477123,BRL,Reparo de hardware solicitado por FIN,28,BOLETO,PAGO,b93771a8-49a7-4f5b-9dd2-8dec81399442,2024-12-05,ERP_CORPORATIVO,TRANSACOES_FINANCEIRAS,28493,43e479db4feff68569a9f0867c3e948832706b3adf49e741ea33c60bb0ed78d6
TR-28494,2024-11-15,2024-11-01,MKT,FORN-00144,RECEITA,1054.77873916194,1021.5466723619696,BRL,Aquisição de material operacional - MKT,2,BOLETO,ATRASADO,b93771a8-49a7-4f5b-9dd2-8dec81399442,2024-12-05,ERP_CORPORATIVO,TRANSACOES_FINANCEIRAS,28494,8b9276c8ec1603dce5cb315b023fa09a3e9f14ac5110b677477b76759d22452c
TR-28495,2024-11-18,2024-11-01,FIN,FORN-00144,DESPESA,1132.8879242512246,1132.8879242512246,BRL,Investimento em marketing corporativo (FIN),4,PIX,PAGO,b93771a8-49a7-4f5b-9dd2-8dec81399442,2024-12-05,ERP_CORPORATIVO,TRANSACOES_FINANCEIRAS,28495,8cbbc439ed353e4abeac12449b941e40a7ada43907a9d2e40e79ed8bdd5c2bc6
TR-28496,2024-11-11,2024-11-01,RH,FORN-00144,DESPESA,1143.640047429542,1087.2137500698886,BRL,Despesa operacional - RH,8,BOLETO,PAGO,b93771a8-49a7-4f5b-9dd2-8dec81399442,2024-12-05,ERP_CORPORATIVO,TRANSACOES_FINANCEIRAS,28496,cdd8b1659bcda615dfc69f1663bb4fac6ce5f8447beb43e422db2c8244dc2d5e
TR-28809,2024-11-04,2024-11-01,PJT,FORN-00145,RECEITA,1231.8210702364222,1231.8210702364222,EUR,Contrato de serviço - setor PJT,1,CARTAO,PAGO,b93771a8-49a7-4f5b-9dd2-8dec81399442,2024-12-05,ERP_CORPORATIVO,TRANSACOES_FINANCEIRAS,28809,9f6a5474f61a4bec679af6201f9350bd5749eb1910ba9c5e6b1e33a11bb69842
TR-28810,2024-11-13,2024-11-01,ADM,FORN-00145,RECEITA,1257.0794692259506,1195.827443532829,BRL,Receita de aluguel creditada em ADM,31,TRANSFERENCIA,PAGO,b93771a8-49a7-4f5b-9dd2-8dec81399442,2024-12-05,ERP_CORPORATIVO,TRANSACOES_FINANCEIRAS,28810,69da28dcf0a2b0cd6cce4c76794b5f232cb5ca8d23a1f222a98c460c1d35612b
TR-28811,2024-11-14,2024-11-01,VND,FORN-00145,DESPESA,1093.7421936792032,1093.7421936792032,BRL,Custo operacional associado a VND,8,TED,PAGO,b93771a8-49a7-4f5b-9dd2-8dec81399442,2024-12-05,ERP_CORPORATIVO,TRANSACOES_FINANCEIRAS,28811,3f5ffce94ed18868aceefcdfd495b8a804b798fcec8a9494a7d7aa244831197f
TR-28812,2024-11-18,2024-11-01,ADM,FORN-00145,DESPESA,1388.7706099133748,1388.7706099133748,BRL,Manutenção estrutural vinculada à área ADM,3,TED,PAGO,b93771a8-49a7-4f5b-9dd2-8dec81399442,2024-12-05,ERP_CORPORATIVO,TRANSACOES_FINANCEIRAS,28812,b5a645e6bade31bd68d23d41bac5def3927aaf9cf0b423edb72a01cf7aaee500
TR-28813,2024-11-25,2024-11-01,PES,FORN-00145,RECEITA,1518.9815042498913,1518.9815042498913,BRL,Licenciamento de software - PES,5,TED,ATRASADO,b93771a8-49a7-4f5b-9dd2-8dec81399442,2024-12-05,ERP_CORPORATIVO,TRANSACOES_FINANCEIRAS,28813,62f4c53d3db2129e9cbd4e5b0d690229fb9187f96f445f5bd3ff3645c0add310
TR-28814,2024-11-04,2024-11-01,PES,FORN-00145,RECEITA,1152.8131794262906,1152.8131794262906,BRL,Custo operacional associado a PES,8,BOLETO,ATRASADO,b93771a8-49a7-4f5b-9dd2-8dec81399442,2024-12-05,ERP_CORPORATIVO,TRANSACOES_FINANCEIRAS,28814,8b84b278c3f6cd26244ecb2943959c8e4a81a77b67f94f8d1e2459595d6f2774
TR-28815,2024-11-04,2024-11-01,COMP,FORN-00145,RECEITA,1408.28946114105,1408.28946114105,BRL,Serviço de tecnologia contratado por COMP,5,TRANSFERENCIA,PAGO,b93771a8-49a7-4f5b-9dd2-8dec81399442,2024-12-05,ERP_CORPORATIVO,TRANSACOES_FINANCEIRAS,28815,9bdbd7cf7ee6603225d39168e0b7cb3227eb2085c1c2a0332c8b860178a453b3
TR-28816,2024-11-13,2024-11-01,FIN,FORN-00145,DESPESA,1088.8256895997133,1088.8256895997133,BRL,Participação nos resultados vinculada a FIN,34,BOLETO,PAGO,b93771a8-49a7-4f5b-9dd2-8dec81399442,2024-12-05,ERP_CORPORATIVO,TRANSACOES_FINANCEIRAS,28816,433b01ba61272700f79e094299d35cc56c300d6b9ba2816ac07ba603374da09d
TR-28817,2024-11-18,2024-11-01,RH,FORN-00145,DESPESA,1229.5439823400031,1229.5439823400031,BRL,Juros sobre operação financeira - RH,23,BOLETO,PAGO,b93771a8-49a7-4f5b-9dd2-8dec81399442,2024-12-05,ERP_CORPORATIVO,TRANSACOES_FINANCEIRAS,28817,7f36b9c09ce92fb7035abb5492937a8c209e98b2dd9814c538697d6a9ad06ebb
TR-29613,2024-11-25,2024-11-01,QAS,ACC-00149,DESPESA,3652.2812497162713,3652.2812497162713,BRL,Aquisição de material operacional - QAS,2,TED,PAGO,b93771a8-49a7-4f5b-9dd2-8dec81399442,2024-12-05,ERP_CORPORATIVO,TRANSACOES_FINANCEIRAS,29613,eb1391a4fa3a8670071a96512c55080490106b103a4c3313de5a488766fc5dfa
TR-29614,2024-11-07,2024-11-01,COMP,ACC-00149,DESPESA,4404.434490020073,4257.641122995313,BRL,Serviço especializado solicitado por COMP,1,TRANSFERENCIA,PAGO,b93771a8-49a7-4f5b-9dd2-8dec81399442,2024-12-05,ERP_CORPORATIVO,TRANSACOES_FINANCEIRAS,29614,4a2f96fdffed9fe51c4f4bc1125d394ac3d512a6e5ec8b3a373113d890f6e8ac
TR-29615,2024-11-11,2024-11-01,COM,ACC-00149,DESPESA,3657.3320724187115,3657.3320724187115,BRL,Combustível e lubrificantes para frota (COM),16,TRANSFERENCIA,PAGO,b93771a8-49a7-4f5b-9dd2-8dec81399442,2024-12-05,ERP_CORPORATIVO,TRANSACOES_FINANCEIRAS,29615,2fa662b021fa09fde2876d7c8d9a98f7ab6721738e0a8d5e3889ee573bc16621
TR-29616,2024-11-29,2024-11-01,RH,ACC-00149,RECEITA,3708.4171866652123,3594.0451107464637,USD,Custo operacional associado a RH,8,BOLETO,PAGO,b93771a8-49a7-4f5b-9dd2-8dec81399442,2024-12-05,ERP_CORPORATIVO,TRANSACOES_FINANCEIRAS,29616,6a01263d905b2f2a93a0c6c57bb6b69eb46c7caf8debae2c459159e0465e0383
TR-29617,2024-11-14,2024-11-01,FIN,ACC-00149,DESPESA,4496.799994911683,4395.152885778496,BRL,Manutenção de equipamentos de FIN,28,PIX,PAGO,b93771a8-49a7-4f5b-9dd2-8dec81399442,2024-12-05,ERP_CORPORATIVO,TRANSACOES_FINANCEIRAS,29617,df1ef94333f50f58309da21be0801fb1e63eb503beef1a2df16f99d0e2bb426f
TR-29618,2024-11-15,2024-11-01,COM,ACC-00149,DESPESA,3871.240007327366,3762.6368301307116,BRL,Prestação de serviço para área COM,1,TRANSFERENCIA,ATRASADO,b93771a8-49a7-4f5b-9dd2-8dec81399442,2024-12-05,ERP_CORPORATIVO,TRANSACOES_FINANCEIRAS,29618,f44f25f476c9de42c23aaec7ab1a649e0b34e3cf2beea1f6b828a8aa9aa1fce0
TR-29619,2024-11-15,2024-11-01,CTB,ACC-00149,RECEITA,3814.7482306791917,3814.7482306791917,BRL,Serviço técnico especializado para CTB,11,BOLETO,PAGO,b93771a8-49a7-4f5b-9dd2-8dec81399442,2024-12-05,ERP_CORPORATIVO,TRANSACOES_FINANCEIRAS,29619,08bf3f2eff2445561555d941a34b5823b81caafff0cd48113ce6e996223ad9b8
TR-29620,2024-11-18,2024-11-01,COM,ACC-00149,RECEITA,4089.490829078955,3938.7122830518715,BRL,Resultado de equivalência patrimonial - COM,34,TED,PAGO,b93771a8-49a7-4f5b-9dd2-8dec81399442,2024-12-05,ERP_CORPORATIVO,TRANSACOES_FINANCEIRAS,29620,019ec08713f71b0a1f8d1823d77723c40966d16986cc4c7735aa6115997d0908
TR-29621,2024-11-14,2024-11-01,RH,ACC-00149,RECEITA,3970.3068034192406,3970.3068034192406,BRL,Taxas bancárias incidentes em RH,22,BOLETO,PAGO,b93771a8-49a7-4f5b-9dd2-8dec81399442,2024-12-05,ERP_CORPORATIVO,TRANSACOES_FINANCEIRAS,29621,1539e8ad443ae3be0fffb83a9acb10c67375567061b40e5bd95268b0792a2659
TR-29622,2024-11-12,2024-11-01,SEC,ACC-00149,DESPESA,14546.654596240769,14338.213601222062,BRL,Despesa de RH - SEC,6,TED,PAGO,b93771a8-49a7-4f5b-9dd2-8dec81399442,2024-12-05,ERP_CORPORATIVO,TRANSACOES_FINANCEIRAS,29622,1b39821fb7f80a36ec4a78b7296ad7c17a02a1b1a457e9875bbad0cf68022deb
TR-29623,2024-11-12,2024-11-01,ESG,ACC-00149,DESPESA,4286.401067546103,4286.401067546103,BRL,Serviço de tecnologia contratado por ESG,5,TRANSFERENCIA,ATRASADO,b93771a8-49a7-4f5b-9dd2-8dec81399442,2024-12-05,ERP_CORPORATIVO,TRANSACOES_FINANCEIRAS,29623,60d51696130ecaf64ab1e037c3d003bd82bfa078172f8dcc361d373fa5cca50c
TR-29864,2024-11-04,2024-11-01,CPT,FORN-00150,RECEITA,3108.3669274889503,3108.3669274889503,BRL,Receita eventual registrada em CPT,37,PIX,ATRASADO,b93771a8-49a7-4f5b-9dd2-8dec81399442,2024-12-05,ERP_CORPORATIVO,TRANSACOES_FINANCEIRAS,29864,6f9c65d4d7f55057473437ed47f8f370f5beb68cead246fcd725ea0bab50e0ed
TR-29865,2024-11-25,2024-11-01,JUR,FORN-00150,RECEITA,2810.156840464474,2810.156840464474,BRL,Aquisição de material operacional - JUR,2,PIX,PAGO,b93771a8-49a7-4f5b-9dd2-8dec81399442,2024-12-05,ERP_CORPORATIVO,TRANSACOES_FINANCEIRAS,29865,87c4c340034cb9ea1629633fa406fd926596b6ee606ef891fcd05dab2ce4cfe1
TR-29866,2024-11-25,2024-11-01,OP,FORN-00150,DESPESA,2838.8146127851005,2727.3467869092356,BRL,Assessoria legal vinculada à área OP,7,TRANSFERENCIA,PAGO,b93771a8-49a7-4f5b-9dd2-8dec81399442,2024-12-05,ERP_CORPORATIVO,TRANSACOES_FINANCEIRAS,29866,e68a487165b83c7c8a57f398372959b2cfb01d25a6bb411f1c60ab3cc6cd547c
TR-29867,2024-11-18,2024-11-01,ATD,FORN-00150,DESPESA,3022.300798518471,3022.300798518471,BRL,Despesa de refeição em deslocamento (ATD),20,CARTAO,PAGO,b93771a8-49a7-4f5b-9dd2-8dec81399442,2024-12-05,ERP_CORPORATIVO,TRANSACOES_FINANCEIRAS,29867,15db6f365de7130b3172f99f3fcf5f249232e324849574915cabb3e81e230dce
TR-29868,2024-11-05,2024-11-01,LOG,FORN-00150,DESPESA,2956.1540844172387,2956.1540844172387,USD,Contrato de serviço - setor LOG,1,PIX,PAGO,b93771a8-49a7-4f5b-9dd2-8dec81399442,2024-12-05,ERP_CORPORATIVO,TRANSACOES_FINANCEIRAS,29868,38b0e9fd98ee3d7b33f7c1c99cd6ca4a652f1222df59076744856daad2204a5d
TR-29869,2024-11-15,2024-11-01,RH,FORN-00150,RECEITA,2917.8228145059084,2917.8228145059084,BRL,Tarifas de serviços financeiros - RH,22,TRANSFERENCIA,ATRASADO,b93771a8-49a7-4f5b-9dd2-8dec81399442,2024-12-05,ERP_CORPORATIVO,TRANSACOES_FINANCEIRAS,29869,33d3f85d771cff6e63af4c9dd3566af939a4e400675fc40da7884f8970af445a
TR-29870,2024-11-07,2024-11-01,TI,FORN-00150,DESPESA,2892.8752922548374,2892.8752922548374,BRL,Manutenção estrutural vinculada à área TI,3,TED,PAGO,b93771a8-49a7-4f5b-9dd2-8dec81399442,2024-12-05,ERP_CORPORATIVO,TRANSACOES_FINANCEIRAS,29870,208f9b0412ca4d6bea9267bf420bf9f0ac8431a564deaa5550a3584b249017a0
TR-29871,2024-11-04,2024-11-01,ADM,FORN-00150,RECEITA,2752.548986039259,2645.8036852996183,BRL,Licenciamento de software - ADM,5,TED,PAGO,b93771a8-49a7-4f5b-9dd2-8dec81399442,2024-12-05,ERP_CORPORATIVO,TRANSACOES_FINANCEIRAS,29871,80892be5ed149b729472d94db66a9426dd3a2b583fb663cea8575005ac29b675
TR-29872,2024-11-19,2024-11-01,COMP,FORN-00150,DESPESA,2772.0019346206063,2772.0019346206063,BRL,Juros sobre operação financeira - COMP,23,TED,PAGO,b93771a8-49a7-4f5b-9dd2-8dec81399442,2024-12-05,ERP_CORPORATIVO,TRANSACOES_FINANCEIRAS,29872,e38f852d2639f1ea6ae5e464621f19feda59c3321a6d54183bef53adf9dd8ab7
TR-29873,2024-11-19,2024-11-01,COMP,FORN-00150,DESPESA,2975.0556190964553,2852.32656822209,BRL,Capacitação profissional vinculada a COMP,30,PIX,PAGO,b93771a8-49a7-4f5b-9dd2-8dec81399442,2024-12-05,ERP_CORPORATIVO,TRANSACOES_FINANCEIRAS,29873,7ffdcba33e3c83faa5c274d80f1f06a4bb6b9edda82877827b3f3b145f33a0ce
TR-29874,2024-11-07,2024-11-01,COMP,FORN-00150,RECEITA,2471.482153076329,2471.482153076329,BRL,Licenciamento de software - COMP,5,BOLETO,PAGO,b93771a8-49a7-4f5b-9dd2-8dec81399442,2024-12-05,ERP_CORPORATIVO,TRANSACOES_FINANCEIRAS,29874,843bf2ee71d653731066dc5017d3912680c7bcb304576b1a7732435b0e4f0a98
TR-29875,2024-11-18,2024-11-01,FIN,FORN-00150,DESPESA,2443.952214409315,2443.952214409315,BRL,Prestação de serviço para área FIN,1,CARTAO,PAGO,b93771a8-49a7-4f5b-9dd2-8dec81399442,2024-12-05,ERP_CORPORATIVO,TRANSACOES_FINANCEIRAS,29875,9df0c004af12b71dcecc11317a0cbb404cb4670d76f2595444cdc931b52d3b7a
TR-29876,2024-11-25,2024-11-01,MKT,FORN-00150,DESPESA,2736.9062728033336,2667.2539603697837,BRL,Custo operacional associado a MKT,8,TRANSFERENCIA,PAGO,b93771a8-49a7-4f5b-9dd2-8dec81399442,2024-12-05,ERP_CORPORATIVO,TRANSACOES_FINANCEIRAS,29876,4a43732f0a84acba465c60a2ee7325dd1e07a32dabba122441dfe91cd67a0e0f
TR-29877,2024-11-11,2024-11-01,ESG,FORN-00150,DESPESA,2755.425247480434,2755.425247480434,BRL,Contrato de serviço - setor ESG,1,TED,PAGO,b93771a8-49a7-4f5b-9dd2-8dec81399442,2024-12-05,ERP_CORPORATIVO,TRANSACOES_FINANCEIRAS,29877,974efb000833d9a9c96424de296e432b54aaf5ed19ba1a3d078a67b0daecf7ce
TR-29878,2024-11-18,2024-11-01,VND,FORN-00150,DESPESA,2918.6012059893396,2918.6012059893396,BRL,Serviço relacionado a recursos humanos (VND),6,TED,PAGO,b93771a8-49a7-4f5b-9dd2-8dec81399442,2024-12-05,ERP_CORPORATIVO,TRANSACOES_FINANCEIRAS,29878,36705a30c5059cdf63e235e788b5b9e387002001d832c1710b979b6d60552b24
TR-29879,2024-11-27,2024-11-01,JUR,FORN-00150,DESPESA,2654.9572849971096,2654.9572849971096,BRL,Assessoria contábil prestada a JUR,25,TED,PAGO,b93771a8-49a7-4f5b-9dd2-8dec81399442,2024-12-05,ERP_CORPORATIVO,TRANSACOES_FINANCEIRAS,29879,2be6a6aea001e70edb4961282124178e1f61c8f393c19803877802f97c6f1f85
TR-29880,2024-11-13,2024-11-01,OP,FORN-00150,RECEITA,2511.4673677326577,2511.4673677326577,BRL,Aquisição de material operacional - OP,2,TRANSFERENCIA,PAGO,b93771a8-49a7-4f5b-9dd2-8dec81399442,2024-12-05,ERP_CORPORATIVO,TRANSACOES_FINANCEIRAS,29880,d14db4013f3f1558c458b167bbcb90a265a9a11a42b8aa57a75a9c5cb2bfc7c9
TR-29881,2024-11-05,2024-11-01,OP,FORN-00150,DESPESA,2883.0079853678512,2842.3906681874346,BRL,Serviço relacionado a recursos humanos (OP),6,BOLETO,PAGO,b93771a8-49a7-4f5b-9dd2-8dec81399442,2024-12-05,ERP_CORPORATIVO,TRANSACOES_FINANCEIRAS,29881,86626388b7dc325cd48bf63bc870116c64a637713ab6322790f6f9e492bfffa5
TR-29882,2024-11-12,2024-11-01,JUR,FORN-00150,DESPESA,3105.9442525307395,3061.466538929274,BRL,Propaganda e divulgação para área JUR,13,PIX,PAGO,b93771a8-49a7-4f5b-9dd2-8dec81399442,2024-12-05,ERP_CORPORATIVO,TRANSACOES_FINANCEIRAS,29882,bc0435cdf76364a3348814e5ded2837b511ce0899d27162cf872985615385d6e
TR-29883,2024-11-25,2024-11-01,MKT,FORN-00150,DESPESA,2815.56333138562,2736.846368332861,BRL,Comissão recebida por MKT,33,CARTAO,PAGO,b93771a8-49a7-4f5b-9dd2-8dec81399442,2024-12-05,ERP_CORPORATIVO,TRANSACOES_FINANCEIRAS,29883,bb9f58f3e75c305accabde241f8005a585103e5dc3d84eb844101ece6a17f3b4
TR-29884,2024-11-13,2024-11-01,TI,FORN-00150,DESPESA,2347.2911650758106,2302.6431240589077,BRL,Diária de hotel para equipe TI,19,TED,ATRASADO,b93771a8-49a7-4f5b-9dd2-8dec81399442,2024-12-05,ERP_CORPORATIVO,TRANSACOES_FINANCEIRAS,29884,5dabeb5928518f557a00dbd12b399eff107073e763c94beac4281007ffb496b8
TR-29885,2024-11-18,2024-11-01,ATD,FORN-00150,RECEITA,2790.479769552066,2790.479769552066,USD,Imposto sobre venda apurado em ATD,40,PIX,ATRASADO,b93771a8-49a7-4f5b-9dd2-8dec81399442,2024-12-05,ERP_CORPORATIVO,TRANSACOES_FINANCEIRAS,29885,242e08610bf92ebb57a7c3c141c214bf026206305922a32ac21a5a2ab4d442a4
TR-29886,2024-11-05,2024-11-01,ADM,FORN-00150,DESPESA,2237.860448203289,2237.860448203289,BRL,Devolução de venda processada por ADM,39,PIX,PAGO,b93771a8-49a7-4f5b-9dd2-8dec81399442,2024-12-05,ERP_CORPORATIVO,TRANSACOES_FINANCEIRAS,29886,524eaf5561a7f0a97db268ff2bc7840e224e101e049baacc198182ee33f3bdde
TR-29887,2024-11-19,2024-11-01,VND,FORN-00150,DESPESA,2703.50869066709,2572.011553293783,BRL,Participação nos resultados vinculada a VND,34,CARTAO,PAGO,b93771a8-49a7-4f5b-9dd2-8dec81399442,2024-12-05,ERP_CORPORATIVO,TRANSACOES_FINANCEIRAS,29887,45aeb639cf24af1f0f09e51651cdbd2a100e8f389c8f46d992d7344512c1e032
TR-29888,2024-11-19,2024-11-01,COM,FORN-00150,DESPESA,2220.38675007686,2220.38675007686,BRL,Prestação de serviço para área COM,1,PIX,PAGO,b93771a8-49a7-4f5b-9dd2-8dec81399442,2024-12-05,ERP_CORPORATIVO,TRANSACOES_FINANCEIRAS,29888,3714c3a112f5ccfdab358736f7e64fb5c51680efe0428921ab2c42820f8b6c4c
TR-30242,2024-11-04,2024-11-01,OP,FORN-00152,DESPESA,5529.977434418278,5529.977434418278,BRL,Licenciamento de software - OP,5,BOLETO,PAGO,b93771a8-49a7-4f5b-9dd2-8dec81399442,2024-12-05,ERP_CORPORATIVO,TRANSACOES_FINANCEIRAS,30242,decde62d1fff2459d59340f800f4d043f0794be2da2a5a736178c343959dce0b
TR-30243,2024-11-12,2024-11-01,PRD,FORN-00152,DESPESA,5652.794297072408,5652.794297072408,BRL,Viagem corporativa - PRD,18,CARTAO,PAGO,b93771a8-49a7-4f5b-9dd2-8dec81399442,2024-12-05,ERP_CORPORATIVO,TRANSACOES_FINANCEIRAS,30243,0cb7c48c8417e8de755fc0294b3710efecc2db07eedce84b01717244529b765f
TR-30244,2024-11-11,2024-11-01,TI,FORN-00152,DESPESA,4814.0857770348,4678.329168993322,BRL,Despesa de infraestrutura - TI,3,PIX,PAGO,b93771a8-49a7-4f5b-9dd2-8dec81399442,2024-12-05,ERP_CORPORATIVO,TRANSACOES_FINANCEIRAS,30244,b6fb026869cd9fbd0378d4964f49171b4ec59d987799ee0309eeed908c3b4680
TR-30430,2024-11-18,2024-11-01,CTB,FORN-00153,RECEITA,3805.7843321219216,3805.7843321219216,BRL,Seguro contratado pela área CTB,21,PIX,PAGO,b93771a8-49a7-4f5b-9dd2-8dec81399442,2024-12-05,ERP_CORPORATIVO,TRANSACOES_FINANCEIRAS,30430,b3502a00eb7bbf8555031968de5cfbadd1eec6e21282fd6bee8dedb46815db01
TR-30431,2024-11-11,2024-11-01,ESG,FORN-00153,RECEITA,5421.107315543984,5248.24533550451,BRL,Compra de insumos para setor ESG,2,PIX,CANCELADO,b93771a8-49a7-4f5b-9dd2-8dec81399442,2024-12-05,ERP_CORPORATIVO,TRANSACOES_FINANCEIRAS,30431,cbe6baea33c34e85c3af2411eef2a58ec9336fbfe2588a7b375935423005326c
TR-30432,2024-11-18,2024-11-01,PRD,FORN-00153,DESPESA,5332.700365791362,5201.897191753941,BRL,Licenciamento de software - PRD,5,BOLETO,PAGO,b93771a8-49a7-4f5b-9dd2-8dec81399442,2024-12-05,ERP_CORPORATIVO,TRANSACOES_FINANCEIRAS,30432,4c84924c05fe7dbb3947db705fe230fff5e002ef38d96cfcc79f48e9dbad70ed
TR-30433,2024-11-04,2024-11-01,PES,FORN-00153,DESPESA,4477.565284151418,4477.565284151418,BRL,Serviço especializado solicitado por PES,1,PIX,PAGO,b93771a8-49a7-4f5b-9dd2-8dec81399442,2024-12-05,ERP_CORPORATIVO,TRANSACOES_FINANCEIRAS,30433,3a66e6548e84f35992d141a4855a7e1a6e1e910aa1468560de09ce869a70f880
TR-30434,2024-11-19,2024-11-01,CTB,FORN-00153,DESPESA,4726.177282054803,4500.049410541876,BRL,Prestação de serviço para área CTB,1,PIX,ATRASADO,b93771a8-49a7-4f5b-9dd2-8dec81399442,2024-12-05,ERP_CORPORATIVO,TRANSACOES_FINANCEIRAS,30434,ca80b7263e4320afa80aca55457f7d8a86762330d80d31099c542e8c8a5c64dc
TR-30435,2024-11-13,2024-11-01,TI,FORN-00153,RECEITA,4867.963654151858,4757.960766671147,BRL,Serviço especializado solicitado por TI,1,TED,PAGO,b93771a8-49a7-4f5b-9dd2-8dec81399442,2024-12-05,ERP_CORPORATIVO,TRANSACOES_FINANCEIRAS,30435,0608637e65a3b3c99e08747fa83820163a8a02cea9ea14de604a3fbc0571c57b
TR-30436,2024-11-25,2024-11-01,COMP,FORN-00153,RECEITA,5059.575129690907,5059.575129690907,BRL,Combustível e lubrificantes para frota (COMP),16,TRANSFERENCIA,PAGO,b93771a8-49a7-4f5b-9dd2-8dec81399442,2024-12-05,ERP_CORPORATIVO,TRANSACOES_FINANCEIRAS,30436,1f4eab894c7fa3f6399311e67c923b99b53e419719a2827f478f8740c9bcce0d
TR-30437,2024-11-15,2024-11-01,PES,FORN-00153,DESPESA,5625.592725158457,5484.037941496905,BRL,Hospedagem em viagem a serviço de PES,19,TED,ATRASADO,b93771a8-49a7-4f5b-9dd2-8dec81399442,2024-12-05,ERP_CORPORATIVO,TRANSACOES_FINANCEIRAS,30437,9686e1ccce1ee75a23087341570bde210142dc37542ec73b2ca201b82c54f15a
TR-30438,2024-11-12,2024-11-01,TI,FORN-00153,DESPESA,4185.264819881245,4117.175444659211,BRL,Receita extraordinária - TI,37,TED,PAGO,b93771a8-49a7-4f5b-9dd2-8dec81399442,2024-12-05,ERP_CORPORATIVO,TRANSACOES_FINANCEIRAS,30438,c3ba2a9fb49a8063dd38e59c8d3ef394ac90166a7539b35380c0d141c94e598a
TR-30439,2024-11-06,2024-11-01,FIN,FORN-00153,RECEITA,5100.001860453691,5006.230175158048,BRL,Manutenção predial solicitada por FIN,10,TRANSFERENCIA,PAGO,b93771a8-49a7-4f5b-9dd2-8dec81399442,2024-12-05,ERP_CORPORATIVO,TRANSACOES_FINANCEIRAS,30439,aad4e58b3dcadc43af26be4067311a20f1b62f854908dd6bdc9349f1dc28e5b6
TR-30440,2024-11-14,2024-11-01,COMP,FORN-00153,DESPESA,4873.235320875992,4873.235320875992,BRL,Compra de insumos para setor COMP,2,TRANSFERENCIA,PAGO,b93771a8-49a7-4f5b-9dd2-8dec81399442,2024-12-05,ERP_CORPORATIVO,TRANSACOES_FINANCEIRAS,30440,df62b12d8f8c9e70875c3a058f04776e747fd44653ce95578a79b63ebad868e7
TR-30441,2024-11-11,2024-11-01,TI,FORN-00153,RECEITA,4530.634573347317,4396.077249660466,BRL,Serviço especializado solicitado por TI,1,TED,PAGO,b93771a8-49a7-4f5b-9dd2-8dec81399442,2024-12-05,ERP_CORPORATIVO,TRANSACOES_FINANCEIRAS,30441,87e535646aa72dbaa40f43c764ad5469f94729961b198f7052ab57f63bd12c93
TR-30442,2024-11-11,2024-11-01,CPT,FORN-00153,DESPESA,5168.185663503312,5168.185663503312,BRL,Despesa de refeição em deslocamento (CPT),20,TRANSFERENCIA,PAGO,b93771a8-49a7-4f5b-9dd2-8dec81399442,2024-12-05,ERP_CORPORATIVO,TRANSACOES_FINANCEIRAS,30442,2691e41b8d6aab98a3d653b4b0f4f2ee36e84c641ba0a4f2ad1797eca7f309d8
TR-30443,2024-11-25,2024-11-01,JUR,FORN-00153,DESPESA,4714.986321084062,4714.986321084062,BRL,Manutenção estrutural vinculada à área JUR,3,BOLETO,PAGO,b93771a8-49a7-4f5b-9dd2-8dec81399442,2024-12-05,ERP_CORPORATIVO,TRANSACOES_FINANCEIRAS,30443,c339a85558f0e00da909f143d9c80496aeece77e4bdbf75670b9506fd5256964
TR-30444,2024-11-11,2024-11-01,SEC,FORN-00153,DESPESA,4729.574052830656,4729.574052830656,BRL,Licenciamento de software - SEC,5,CARTAO,CANCELADO,b93771a8-49a7-4f5b-9dd2-8dec81399442,2024-12-05,ERP_CORPORATIVO,TRANSACOES_FINANCEIRAS,30444,1190117e4849bfd473ef9f3190597255b12ce3eebb9548e5b7243a1f83037d7c
TR-30663,2024-11-18,2024-11-01,MKT,ACC-00154,RECEITA,12277.851229367056,12277.851229367056,BRL,Renovação de certificados digitais - MKT,26,BOLETO,PAGO,b93771a8-49a7-4f5b-9dd2-8dec81399442,2024-12-05,ERP_CORPORATIVO,TRANSACOES_FINANCEIRAS,30663,012509d934777ebee10ad9ac446ec0ed0c04aa823d450cdc8d2da365264c57c8
TR-30664,2024-11-26,2024-11-01,QAS,ACC-00154,DESPESA,22170.06561739043,21830.300038586087,BRL,Estorno de receita - QAS,39,BOLETO,PAGO,b93771a8-49a7-4f5b-9dd2-8dec81399442,2024-12-05,ERP_CORPORATIVO,TRANSACOES_FINANCEIRAS,30664,59f359de19ec9e8a022470181c9c7fe9877e01ccc322f56b09539e2942fc3bdc
TR-30873,2024-11-08,2024-11-01,COMP,1000155,DESPESA,1683.9371784867583,1683.9371784867583,BRL,Recebimento de subvenção - COMP,36,TRANSFERENCIA,PAGO,b93771a8-49a7-4f5b-9dd2-8dec81399442,2024-12-05,ERP_CORPORATIVO,TRANSACOES_FINANCEIRAS,30873,80510f6da1c11862e694850a990fa7b78eb921963504db7b4084673501a80d2d
TR-30874,2024-11-12,2024-11-01,QAS,1000155,DESPESA,2033.1090763442558,2033.1090763442558,BRL,Juros sobre operação financeira - QAS,23,BOLETO,PAGO,b93771a8-49a7-4f5b-9dd2-8dec81399442,2024-12-05,ERP_CORPORATIVO,TRANSACOES_FINANCEIRAS,30874,36bbd510ebefb44110b38d7d6127cab9b6d2fba638dae0bedb59fc696d7c6d75
TR-30875,2024-11-19,2024-11-01,VND,1000155,RECEITA,1406.7263374732363,1406.7263374732363,BRL,Manutenção predial solicitada por VND,10,TRANSFERENCIA,PAGO,b93771a8-49a7-4f5b-9dd2-8dec81399442,2024-12-05,ERP_CORPORATIVO,TRANSACOES_FINANCEIRAS,30875,41474ada832817d5a99479f1602e12c93ef719496807bbe822c2c9d8d6c4ba2f
TR-30876,2024-11-14,2024-11-01,SEC,1000155,DESPESA,1677.9728461250934,1648.6046809993916,EUR,Contrato de consultoria externa - SEC,12,PIX,PAGO,b93771a8-49a7-4f5b-9dd2-8dec81399442,2024-12-05,ERP_CORPORATIVO,TRANSACOES_FINANCEIRAS,30876,3321db0c4aa511d5f892bf5a184bead530dc1b074e62901e964386b698df0472
TR-30877,2024-11-11,2024-11-01,COMP,1000155,DESPESA,1733.708740231929,1733.708740231929,BRL,Despesa de RH - COMP,6,TED,PAGO,b93771a8-49a7-4f5b-9dd2-8dec81399442,2024-12-05,ERP_CORPORATIVO,TRANSACOES_FINANCEIRAS,30877,b891a291e3d9a530a50d04a28febb4caef79607439df60f1d649e09f38b25e37
TR-30878,2024-11-18,2024-11-01,COM,1000155,DESPESA,1488.7669875274446,1425.558961951608,BRL,Compra de insumos para setor COM,2,TRANSFERENCIA,PAGO,b93771a8-49a7-4f5b-9dd2-8dec81399442,2024-12-05,ERP_CORPORATIVO,TRANSACOES_FINANCEIRAS,30878,de484c031da5b28e37dd915db4a783dde7a883a04b583bbbf361a436c3806510
TR-30879,2024-11-15,2024-11-01,COM,1000155,RECEITA,2174.3388269861416,2174.3388269861416,BRL,Passagem aérea para colaborador de COM,18,TRANSFERENCIA,PAGO,b93771a8-49a7-4f5b-9dd2-8dec81399442,2024-12-05,ERP_CORPORATIVO,TRANSACOES_FINANCEIRAS,30879,5edc18d182504b7428bb0aaa85b2802637e7d8ac07c3622b15d5609541601e00
TR-30880,2024-11-18,2024-11-01,RH,1000155,RECEITA,2098.513994150702,2098.513994150702,BRL,Apólice de seguro - RH,21,BOLETO,PAGO,b93771a8-49a7-4f5b-9dd2-8dec81399442,2024-12-05,ERP_CORPORATIVO,TRANSACOES_FINANCEIRAS,30880,d9c689389c2d968353a674814c0593d2960084ef80170080223186b70b5faffc
TR-30881,2024-11-19,2024-11-01,CTB,1000155,DESPESA,1922.105791948918,1864.3565105900939,BRL,Despesa operacional - CTB,8,PIX,PAGO,b93771a8-49a7-4f5b-9dd2-8dec81399442,2024-12-05,ERP_CORPORATIVO,TRANSACOES_FINANCEIRAS,30881,d83905d877cc268225e9ee20dcdd1bba8b43f90a3e21c9cd520190491c67079d
TR-30882,2024-11-11,2024-11-01,OP,1000155,DESPESA,2026.462706525261,2026.462706525261,BRL,Capacitação profissional vinculada a OP,30,PIX,CANCELADO,b93771a8-49a7-4f5b-9dd2-8dec81399442,2024-12-05,ERP_CORPORATIVO,TRANSACOES_FINANCEIRAS,30882,a6da1543f63de6844f36500e172d1f978f31af8843aca5807f027986ffbcb411
TR-30883,2024-11-14,2024-11-01,RH,1000155,RECEITA,1905.8927771995895,1905.8927771995895,BRL,Certificado digital adquirido por RH,26,BOLETO,PAGO,b93771a8-49a7-4f5b-9dd2-8dec81399442,2024-12-05,ERP_CORPORATIVO,TRANSACOES_FINANCEIRAS,30883,2901caaf81e47ada810e09c33ccb1a0ea78704cb7bdee7ef21accfcdb2746dc4
TR-30884,2024-11-25,2024-11-01,ESG,1000155,DESPESA,2003.1343663859695,2003.1343663859695,BRL,Honorarium advocatício - ESG,24,TED,PAGO,b93771a8-49a7-4f5b-9dd2-8dec81399442,2024-12-05,ERP_CORPORATIVO,TRANSACOES_FINANCEIRAS,30884,26e22bdb41e17c2fc8511a5710ae5b0452d4aebf85d40600caa1d9ae3051a419
TR-31180,2024-11-20,2024-11-01,MKT,FORN-00157,RECEITA,1628.0157316071848,1628.0157316071848,BRL,Compra de insumos para setor MKT,2,TED,PAGO,b93771a8-49a7-4f5b-9dd2-8dec81399442,2024-12-05,ERP_CORPORATIVO,TRANSACOES_FINANCEIRAS,31180,c210f3ebb839fb42b3772b868e3889fd68962133c19b062106d751987ae5ea8f
TR-31181,2024-11-12,2024-11-01,CTB,FORN-00157,DESPESA,1612.9686273293944,1612.9686273293944,BRL,Aquisição de material operacional - CTB,2,BOLETO,PAGO,b93771a8-49a7-4f5b-9dd2-8dec81399442,2024-12-05,ERP_CORPORATIVO,TRANSACOES_FINANCEIRAS,31181,64ad0c020966bac50e3f96fe68727545ad2c3c61755b43383f6222406350442c
TR-31182,2024-11-19,2024-11-01,RH,FORN-00157,DESPESA,1488.9990062700888,1488.9990062700888,BRL,Custo operacional associado a RH,8,BOLETO,PAGO,b93771a8-49a7-4f5b-9dd2-8dec81399442,2024-12-05,ERP_CORPORATIVO,TRANSACOES_FINANCEIRAS,31182,e125b51ce286cc9157765ce19123d3d3dc89722fab82e2a13d78346ef1a207d8
TR-31183,2024-11-25,2024-11-01,ESG,FORN-00157,DESPESA,1564.0248502392953,1519.366536839976,BRL,Aquisição de material operacional - ESG,2,BOLETO,PAGO,b93771a8-49a7-4f5b-9dd2-8dec81399442,2024-12-05,ERP_CORPORATIVO,TRANSACOES_FINANCEIRAS,31183,ad2986690a9ce2a6e99d2b69c772fb7f49ac919168caf931a505260c7b8ab347
TR-31184,2024-11-04,2024-11-01,COM,FORN-00157,DESPESA,1974.189737777053,1974.189737777053,BRL,Encargos de empréstimo vinculados a COM,23,CARTAO,PAGO,b93771a8-49a7-4f5b-9dd2-8dec81399442,2024-12-05,ERP_CORPORATIVO,TRANSACOES_FINANCEIRAS,31184,d9e830e0cbebd3b12631a28ed4c98a2c4bf5cfda26f0ef8066bc3fdd7b2f4fa1
TR-31185,2024-11-06,2024-11-01,FIN,FORN-00157,DESPESA,1446.5363481863783,1446.5363481863783,BRL,Custo operacional associado a FIN,8,BOLETO,ATRASADO,b93771a8-49a7-4f5b-9dd2-8dec81399442,2024-12-05,ERP_CORPORATIVO,TRANSACOES_FINANCEIRAS,31185,b6a7b7414ed73e4bd41b3cc0594e9d4ccdd627b93e552336a6afa9e962b7ac71
TR-31186,2024-11-07,2024-11-01,OP,FORN-00157,DESPESA,1655.375912882643,1655.375912882643,BRL,Honorarium advocatício - OP,24,TED,PAGO,b93771a8-49a7-4f5b-9dd2-8dec81399442,2024-12-05,ERP_CORPORATIVO,TRANSACOES_FINANCEIRAS,31186,e81ce14abc85e570e092339855258c707e26abd291a58fe8c4fa508ba350580f
TR-31187,2024-11-18,2024-11-01,COMP,FORN-00157,DESPESA,1526.6166687891998,1526.6166687891998,BRL,Campanha institucional - COMP,4,PIX,PAGO,b93771a8-49a7-4f5b-9dd2-8dec81399442,2024-12-05,ERP_CORPORATIVO,TRANSACOES_FINANCEIRAS,31187,cd14d5271e06ecd76af4de609c9f95bc5a1241c2a9310361cc1dd40101147ac3
TR-31188,2024-11-26,2024-11-01,PES,FORN-00157,DESPESA,1344.915227978892,1344.915227978892,BRL,Diária de hotel para equipe PES,19,BOLETO,PAGO,b93771a8-49a7-4f5b-9dd2-8dec81399442,2024-12-05,ERP_CORPORATIVO,TRANSACOES_FINANCEIRAS,31188,39b9d7d1c9cfbcbb80ef7484faf078ee645a8528c59257dc83c7001c7086df77
TR-31189,2024-11-13,2024-11-01,SEC,FORN-00157,DESPESA,1382.2471069722062,1382.2471069722062,BRL,Licenciamento de software - SEC,5,TRANSFERENCIA,PAGO,b93771a8-49a7-4f5b-9dd2-8dec81399442,2024-12-05,ERP_CORPORATIVO,TRANSACOES_FINANCEIRAS,31189,cc2f6904dfba5b8978c6178b53d988b508bdaf4ea5e20b8032d7c93de904c6e5
TR-31190,2024-11-18,2024-11-01,RH,FORN-00157,DESPESA,1713.2056025671616,1713.2056025671616,BRL,Assessoria contábil prestada a RH,25,BOLETO,PAGO,b93771a8-49a7-4f5b-9dd2-8dec81399442,2024-12-05,ERP_CORPORATIVO,TRANSACOES_FINANCEIRAS,31190,8438fa5755b057e89146961e2deb85ef42cc83022b6465fbc3585e8a328a9534
TR-31191,2024-11-18,2024-11-01,COMP,FORN-00157,DESPESA,1356.6691951381713,1356.6691951381713,BRL,Doação recebida em favor de COMP,36,CARTAO,ATRASADO,b93771a8-49a7-4f5b-9dd2-8dec81399442,2024-12-05,ERP_CORPORATIVO,TRANSACOES_FINANCEIRAS,31191,404457a5b192387676cc659590a57c8c05b034574b8a2fb4c2e3d0a507bda6d3
TR-31192,2024-11-18,2024-11-01,TI,FORN-00157,DESPESA,1424.4778653099957,1406.1270768889706,BRL,Aquisição de material operacional - TI,2,TED,PAGO,b93771a8-49a7-4f5b-9dd2-8dec81399442,2024-12-05,ERP_CORPORATIVO,TRANSACOES_FINANCEIRAS,31192,357f6e961fe33187af9a5712d98ced5a0cde9c163dfa1cfcafee23047bd5ad96
TR-31193,2024-11-18,2024-11-01,FIN,FORN-00157,RECEITA,1749.772092707466,1696.252262533392,BRL,Compra de insumos para setor FIN,2,PIX,PAGO,b93771a8-49a7-4f5b-9dd2-8dec81399442,2024-12-05,ERP_CORPORATIVO,TRANSACOES_FINANCEIRAS,31193,9f4c0fa22ab67df66b6619c12d21f3120fb8869a64b634d4eaee001e10b14aaf
TR-31194,2024-11-26,2024-11-01,COMP,FORN-00157,DESPESA,1728.7711913124838,1728.7711913124838,BRL,Compra de insumos para setor COMP,2,PIX,PAGO,b93771a8-49a7-4f5b-9dd2-8dec81399442,2024-12-05,ERP_CORPORATIVO,TRANSACOES_FINANCEIRAS,31194,c4ee23538fd31cc2814bf9d9c75fcbab02500ec2c85282c170a34f45765917f2
TR-31195,2024-11-11,2024-11-01,CTB,FORN-00157,DESPESA,1621.186392490499,1557.3397454060016,BRL,Prestação de serviço para área CTB,1,PIX,PAGO,b93771a8-49a7-4f5b-9dd2-8dec81399442,2024-12-05,ERP_CORPORATIVO,TRANSACOES_FINANCEIRAS,31195,98717a2fbfeb54074718b578c1b9d8e9f1d2e478c55d6373095fdf5820ee64e8
TR-31196,2024-11-06,2024-11-01,PJT,FORN-00157,RECEITA,3049.3730373617846,3049.3730373617846,BRL,Tributo incidente sobre receita de PJT,40,BOLETO,PAGO,b93771a8-49a7-4f5b-9dd2-8dec81399442,2024-12-05,ERP_CORPORATIVO,TRANSACOES_FINANCEIRAS,31196,c89186c85eae687f2842bf4fc5442dc5f33de0bdd1444f60ccace20738aa6a34
TR-31197,2024-11-11,2024-11-01,COMP,FORN-00157,DESPESA,1432.072328294329,1432.072328294329,BRL,Campanha institucional - COMP,4,TED,PAGO,b93771a8-49a7-4f5b-9dd2-8dec81399442,2024-12-05,ERP_CORPORATIVO,TRANSACOES_FINANCEIRAS,31197,0be6bf2cef443e6f04728ebab8579ab12711b8887d676bb17c4d084a5881d4f3
TR-31198,2024-11-12,2024-11-01,QAS,FORN-00157,DESPESA,1411.844544418658,1411.844544418658,BRL,Treinamento corporativo para equipe QAS,30,CARTAO,PAGO,b93771a8-49a7-4f5b-9dd2-8dec81399442,2024-12-05,ERP_CORPORATIVO,TRANSACOES_FINANCEIRAS,31198,d1d5a20a43cf16c1192b464745cf5649950c375dee1aa96e819478b1d4ac3471
TR-31199,2024-11-20,2024-11-01,MKT,FORN-00157,DESPESA,1590.309170073455,1564.0085871679046,BRL,Assessoria contábil prestada a MKT,25,TED,PAGO,b93771a8-49a7-4f5b-9dd2-8dec81399442,2024-12-05,ERP_CORPORATIVO,TRANSACOES_FINANCEIRAS,31199,d06defd8072528f5a79075278bf7984180f0b096c17fb3e2008cf7c70aa90708
TR-31200,2024-11-18,2024-11-01,MKT,FORN-00157,RECEITA,1718.4325131601443,1718.4325131601443,BRL,Serviço de tecnologia contratado por MKT,5,PIX,PAGO,b93771a8-49a7-4f5b-9dd2-8dec81399442,2024-12-05,ERP_CORPORATIVO,TRANSACOES_FINANCEIRAS,31200,ae383a556511d362ef9415f69a0e6112e9778fb0624da5b19561fceef4909829
TR-31201,2024-11-14,2024-11-01,COM,FORN-00157,DESPESA,1544.7861466990614,1544.7861466990614,BRL,Produção de material gráfico - COM,15,BOLETO,PAGO,b93771a8-49a7-4f5b-9dd2-8dec81399442,2024-12-05,ERP_CORPORATIVO,TRANSACOES_FINANCEIRAS,31201,fcac866ee7e6bf6aa32177f0103934789005f00d700938beed5b717ab6f95c8b
TR-31202,2024-11-20,2024-11-01,MKT,FORN-00157,RECEITA,1760.8164318660813,1760.8164318660813,BRL,Aquisição de material operacional - MKT,2,TRANSFERENCIA,ATRASADO,b93771a8-49a7-4f5b-9dd2-8dec81399442,2024-12-05,ERP_CORPORATIVO,TRANSACOES_FINANCEIRAS,31202,3b517f57bd50136d6cbf540b8bb8e55845810f19395a7ccb46c0adba73d4543f
TR-31327,2024-11-11,2024-11-01,COMP,FORN-00158,DESPESA,1870.3235865786073,1870.3235865786073,BRL,Campanha institucional - COMP,4,BOLETO,PAGO,b93771a8-49a7-4f5b-9dd2-8dec81399442,2024-12-05,ERP_CORPORATIVO,TRANSACOES_FINANCEIRAS,31327,a108fc984863e14e75e48f8cdc0c952c90e36d911e02ff519fc47dc547c2ee4d
TR-31328,2024-11-15,2024-11-01,PJT,FORN-00158,DESPESA,1546.4495783578716,1546.4495783578716,BRL,Tributo incidente sobre receita de PJT,40,TED,PAGO,b93771a8-49a7-4f5b-9dd2-8dec81399442,2024-12-05,ERP_CORPORATIVO,TRANSACOES_FINANCEIRAS,31328,4012c866440e1afa455f0082176bf5c34a3776eaf9937506ffa27bca14f72dab
TR-31329,2024-11-07,2024-11-01,TI,FORN-00158,DESPESA,1761.1991344556473,1675.6446654594408,BRL,Alimentação em viagem corporativa - TI,20,PIX,PAGO,b93771a8-49a7-4f5b-9dd2-8dec81399442,2024-12-05,ERP_CORPORATIVO,TRANSACOES_FINANCEIRAS,31329,02606eb9aa75c701c265d1ad8ecaf63972a840ff5b74f33b9bf7ab865a60e7fe
TR-31330,2024-11-25,2024-11-01,PJT,FORN-00158,DESPESA,1665.752313282679,1665.752313282679,BRL,Despesa jurídica da área PJT,24,TRANSFERENCIA,PAGO,b93771a8-49a7-4f5b-9dd2-8dec81399442,2024-12-05,ERP_CORPORATIVO,TRANSACOES_FINANCEIRAS,31330,3039df9cc7595ae6cac1916cc4c09a8c64834033b2ab415be460c8affb150670
TR-31331,2024-11-18,2024-11-01,VND,FORN-00158,DESPESA,1632.1119369945636,1632.1119369945636,BRL,Prestação de serviço para área VND,1,BOLETO,PAGO,b93771a8-49a7-4f5b-9dd2-8dec81399442,2024-12-05,ERP_CORPORATIVO,TRANSACOES_FINANCEIRAS,31331,8ff80532b701a0d81dd74f3ac6fa9cffc7bf561a3616e2f119e0929464b68ef8
TR-31332,2024-11-27,2024-11-01,TI,FORN-00158,DESPESA,1414.6381645661397,1414.6381645661397,BRL,Promoção e atividade externa - TI,14,PIX,PAGO,b93771a8-49a7-4f5b-9dd2-8dec81399442,2024-12-05,ERP_CORPORATIVO,TRANSACOES_FINANCEIRAS,31332,6930777725bd7ae7bb35c489942169d161e3c273f64dcdfe8dca55fe188bd94b
TR-31333,2024-11-11,2024-11-01,TI,FORN-00158,DESPESA,1502.3129199907844,1427.9298579230456,BRL,Capacitação profissional vinculada a TI,30,TRANSFERENCIA,CANCELADO,b93771a8-49a7-4f5b-9dd2-8dec81399442,2024-12-05,ERP_CORPORATIVO,TRANSACOES_FINANCEIRAS,31333,041103b723443ec9e30ecbed004434a83fa9eeba4e9d76489c67402b05d4fbbb
TR-31334,2024-11-07,2024-11-01,JUR,FORN-00158,RECEITA,1714.980369418513,1714.980369418513,BRL,Despesa operacional - JUR,8,TRANSFERENCIA,PAGO,b93771a8-49a7-4f5b-9dd2-8dec81399442,2024-12-05,ERP_CORPORATIVO,TRANSACOES_FINANCEIRAS,31334,bdd2df5497911c4386b358a000436b5cbd5b45d0342bddc7eba40c701c2c8443
TR-31335,2024-11-07,2024-11-01,COMP,FORN-00158,DESPESA,1574.4535656336045,1574.4535656336045,BRL,Despesa operacional - COMP,8,BOLETO,PAGO,b93771a8-49a7-4f5b-9dd2-8dec81399442,2024-12-05,ERP_CORPORATIVO,TRANSACOES_FINANCEIRAS,31335,69e04b540d7af936a41ff5a92fe3ba3b22a851ae1516910862d382e7f09ad71b
TR-31585,2024-11-15,2024-11-01,COM,1000159,DESPESA,2180.9182636508876,2180.9182636508876,BRL,Manutenção estrutural vinculada à área COM,3,TED,PAGO,b93771a8-49a7-4f5b-9dd2-8dec81399442,2024-12-05,ERP_CORPORATIVO,TRANSACOES_FINANCEIRAS,31585,e374623f22cdf8c0c91029395c131dfe38630f9bc35c5f8bf2644dc6a4e8bcda
TR-31586,2024-11-12,2024-11-01,COM,1000159,DESPESA,2458.6906649540933,2458.6906649540933,BRL,Despesa de infraestrutura - COM,3,BOLETO,PAGO,b93771a8-49a7-4f5b-9dd2-8dec81399442,2024-12-05,ERP_CORPORATIVO,TRANSACOES_FINANCEIRAS,31586,48d3685ce0d9d78077e5dc755a5154e8102ebced86f30a6dab3fdbb556ed82eb
TR-31587,2024-11-07,2024-11-01,COM,1000159,RECEITA,2177.5133129723877,2177.5133129723877,BRL,Comissão recebida por COM,33,BOLETO,PAGO,b93771a8-49a7-4f5b-9dd2-8dec81399442,2024-12-05,ERP_CORPORATIVO,TRANSACOES_FINANCEIRAS,31587,6b64f9bd21d07924128780eba03f9b6e0a1275a3c3ce6e5048667d1fee594811
TR-31588,2024-11-14,2024-11-01,PRD,1000159,DESPESA,1984.052616912618,1984.052616912618,BRL,Manutenção estrutural vinculada à área PRD,3,BOLETO,PAGO,b93771a8-49a7-4f5b-9dd2-8dec81399442,2024-12-05,ERP_CORPORATIVO,TRANSACOES_FINANCEIRAS,31588,af83964c922a314317ce061cbbe96942332e419b6df4bd53e8a51793bf49f4a7
TR-31589,2024-11-18,2024-11-01,COMP,1000159,DESPESA,2272.3753927389284,2272.3753927389284,BRL,Reparo de frota vinculado à área COMP,17,PIX,PAGO,b93771a8-49a7-4f5b-9dd2-8dec81399442,2024-12-05,ERP_CORPORATIVO,TRANSACOES_FINANCEIRAS,31589,c8e37232e008579e7e2a1e790d5f79edf296e556fc262588dfcaadd09dc58fc5
TR-31590,2024-11-14,2024-11-01,PRD,1000159,DESPESA,2216.6997032270087,2192.426219157427,BRL,Assessoria contábil prestada a PRD,25,CARTAO,PAGO,b93771a8-49a7-4f5b-9dd2-8dec81399442,2024-12-05,ERP_CORPORATIVO,TRANSACOES_FINANCEIRAS,31590,5de5d9abc7c90a997e7cc8a43b230241ffc4ccc93237acaec165bde621a6c60d
TR-31591,2024-11-18,2024-11-01,OP,1000159,RECEITA,2070.5249716002736,2070.5249716002736,BRL,Participação nos resultados vinculada a OP,34,CARTAO,PAGO,b93771a8-49a7-4f5b-9dd2-8dec81399442,2024-12-05,ERP_CORPORATIVO,TRANSACOES_FINANCEIRAS,31591,644801f6713a7efe464d370d98370c7eafe06ab850f07b9249eca8729328952e
TR-31592,2024-11-15,2024-11-01,COMP,1000159,DESPESA,2195.777159926912,2133.099610484973,BRL,Compra de insumos para setor COMP,2,PIX,PAGO,b93771a8-49a7-4f5b-9dd2-8dec81399442,2024-12-05,ERP_CORPORATIVO,TRANSACOES_FINANCEIRAS,31592,b2c5861d5d00396db5dcbae5a90bea19e56552f536f70fae517fe6d3c9f749ff
TR-31593,2024-11-14,2024-11-01,VND,1000159,RECEITA,2220.614257848232,2220.614257848232,BRL,Honorários jurídicos - VND,7,BOLETO,PAGO,b93771a8-49a7-4f5b-9dd2-8dec81399442,2024-12-05,ERP_CORPORATIVO,TRANSACOES_FINANCEIRAS,31593,bc7db8e63adbc493c01a7407d43179694c80a9b7e431ac59ba9416c6e3bcb8ab
TR-31594,2024-11-08,2024-11-01,COMP,1000159,DESPESA,2335.748218208275,2335.748218208275,USD,Comissão recebida por COMP,33,CARTAO,PAGO,b93771a8-49a7-4f5b-9dd2-8dec81399442,2024-12-05,ERP_CORPORATIVO,TRANSACOES_FINANCEIRAS,31594,d6127443f7e7744082740558d8e8163e65165640b49b284d78bbef5a8ff5b87c
TR-31595,2024-11-13,2024-11-01,ATD,1000159,DESPESA,2520.3917951599005,2520.3917951599005,BRL,Combustível e lubrificantes para frota (ATD),16,PIX,CANCELADO,b93771a8-49a7-4f5b-9dd2-8dec81399442,2024-12-05,ERP_CORPORATIVO,TRANSACOES_FINANCEIRAS,31595,943ad1b98f2199685b4bb114a8c16c1e2741f9881d8a23e82053fa1b0603f9b4
TR-31596,2024-11-08,2024-11-01,FIN,1000159,DESPESA,2520.6994468141143,2520.6994468141143,BRL,Compra de insumos para setor FIN,2,BOLETO,CANCELADO,b93771a8-49a7-4f5b-9dd2-8dec81399442,2024-12-05,ERP_CORPORATIVO,TRANSACOES_FINANCEIRAS,31596,0d5112ee3130018f49753ad9b7794c497218fd1e05e7168cf92f9b0018300778
TR-31597,2024-11-06,2024-11-01,COMP,1000159,RECEITA,2251.983182161246,2251.983182161246,BRL,Manutenção predial solicitada por COMP,10,TRANSFERENCIA,PAGO,b93771a8-49a7-4f5b-9dd2-8dec81399442,2024-12-05,ERP_CORPORATIVO,TRANSACOES_FINANCEIRAS,31597,76e754923e5e6e4e1e441934ddc7173f41e898b8ec6d94e24a597dbcb78570fd
TR-31598,2024-11-04,2024-11-01,ESG,1000159,RECEITA,2150.6404701877846,2150.6404701877846,BRL,Custo operacional associado a ESG,8,TRANSFERENCIA,PAGO,b93771a8-49a7-4f5b-9dd2-8dec81399442,2024-12-05,ERP_CORPORATIVO,TRANSACOES_FINANCEIRAS,31598,91abfd1f55ceb947e88734350100fa3f41f1d3a939bfb2b8a0e44b2b0421312f
TR-31900,2024-11-22,2024-11-01,COMP,ACC-00161,DESPESA,1426.921197849136,1356.3157200258797,BRL,Seguro contratado pela área COMP,21,TED,PAGO,b93771a8-49a7-4f5b-9dd2-8dec81399442,2024-12-05,ERP_CORPORATIVO,TRANSACOES_FINANCEIRAS,31900,75c2d9548e73963688c13990a66adb544b927c18a053810f7de8b64bfa002c3a
TR-31901,2024-11-13,2024-11-01,FIN,ACC-00161,DESPESA,1383.2441073651914,1383.2441073651914,BRL,Aquisição de material operacional - FIN,2,CARTAO,PAGO,b93771a8-49a7-4f5b-9dd2-8dec81399442,2024-12-05,ERP_CORPORATIVO,TRANSACOES_FINANCEIRAS,31901,d482b4ff245ccfb8cdba041a6f6b9344d447662a04cd624fd0042a97781cff90
TR-31902,2024-11-21,2024-11-01,OP,ACC-00161,DESPESA,1657.8149324130402,1657.8149324130402,BRL,Venda de ativo imobilizado por OP,35,BOLETO,PAGO,b93771a8-49a7-4f5b-9dd2-8dec81399442,2024-12-05,ERP_CORPORATIVO,TRANSACOES_FINANCEIRAS,31902,89dcf1bdc81c01f6518d72417fd6fc08b911f75237b743eb3211afadecd077f5
TR-31903,2024-11-22,2024-11-01,JUR,ACC-00161,RECEITA,1273.4878857404906,1226.6730361831408,BRL,Receita extraordinária - JUR,37,PIX,ATRASADO,b93771a8-49a7-4f5b-9dd2-8dec81399442,2024-12-05,ERP_CORPORATIVO,TRANSACOES_FINANCEIRAS,31903,ff447002e8773aa34ab31ad8a1e03e1bd938b178f8bd37244961df08d19f45a8
TR-31904,2024-11-18,2024-11-01,PRD,ACC-00161,DESPESA,1471.1334817837994,1471.1334817837994,BRL,Aquisição de material operacional - PRD,2,PIX,PAGO,b93771a8-49a7-4f5b-9dd2-8dec81399442,2024-12-05,ERP_CORPORATIVO,TRANSACOES_FINANCEIRAS,31904,92967adbe86ba9d5852b29319ad22828bd9cd4ded806c4b96600f32bf906b978
TR-31905,2024-11-12,2024-11-01,COM,ACC-00161,RECEITA,1144.858593650927,1144.858593650927,BRL,Despesa de infraestrutura - COM,3,PIX,PAGO,b93771a8-49a7-4f5b-9dd2-8dec81399442,2024-12-05,ERP_CORPORATIVO,TRANSACOES_FINANCEIRAS,31905,e98fc4bdac614e5ce5199ef1f91f96be1b6fbc117013f9c88a2346420edfcce8
TR-31906,2024-11-14,2024-11-01,PRD,ACC-00161,RECEITA,1452.3431785823861,1452.3431785823861,BRL,Contrato de consultoria externa - PRD,12,BOLETO,PAGO,b93771a8-49a7-4f5b-9dd2-8dec81399442,2024-12-05,ERP_CORPORATIVO,TRANSACOES_FINANCEIRAS,31906,81b0e85a0617bc9e3c83ef04bb203bc1fce4d113ef2b0bc454cae0d4a21dd964
TR-31907,2024-11-15,2024-11-01,ATD,ACC-00161,DESPESA,1526.0049872807988,1526.0049872807988,BRL,Compra de insumos para setor ATD,2,BOLETO,PAGO,b93771a8-49a7-4f5b-9dd2-8dec81399442,2024-12-05,ERP_CORPORATIVO,TRANSACOES_FINANCEIRAS,31907,cf346ba065898c9763c1ca390424ee566d7caa18fef7ab252c42a787dd030f3b
TR-31908,2024-11-18,2024-11-01,QAS,ACC-00161,RECEITA,1615.2647032743969,1615.2647032743969,BRL,Despesa operacional - QAS,8,PIX,PAGO,b93771a8-49a7-4f5b-9dd2-8dec81399442,2024-12-05,ERP_CORPORATIVO,TRANSACOES_FINANCEIRAS,31908,825951d90fcd354d33516bb36029a0fdedf9d493bc65eec4daaba903be022a2d
TR-31909,2024-11-11,2024-11-01,COMP,ACC-00161,RECEITA,1318.2654748755056,1304.6023933733065,BRL,Compra de insumos para setor COMP,2,BOLETO,PAGO,b93771a8-49a7-4f5b-9dd2-8dec81399442,2024-12-05,ERP_CORPORATIVO,TRANSACOES_FINANCEIRAS,31909,ba68c6ad0babe329ff67a864b3990c9f6e051d4f9b2e651d851ed8a878d9977a
TR-31910,2024-11-08,2024-11-01,RH,ACC-00161,DESPESA,1302.467635892562,1302.467635892562,BRL,Serviço especializado solicitado por RH,1,TED,PAGO,b93771a8-49a7-4f5b-9dd2-8dec81399442,2024-12-05,ERP_CORPORATIVO,TRANSACOES_FINANCEIRAS,31910,5fe07d8a44cfc7058a7501940ebd585dfd9cb23d9f5a6ba28d091f57e8b5f904
TR-31911,2024-11-15,2024-11-01,COMP,ACC-00161,RECEITA,1549.287891440186,1549.287891440186,BRL,Custo operacional associado a COMP,8,PIX,PAGO,b93771a8-49a7-4f5b-9dd2-8dec81399442,2024-12-05,ERP_CORPORATIVO,TRANSACOES_FINANCEIRAS,31911,ea0158271771bd8fa8262de2ec942d2b670a147d818f7203cc6a8d89f0649308
TR-31912,2024-11-12,2024-11-01,PES,ACC-00161,DESPESA,1576.1119707512923,1576.1119707512923,BRL,Compra de insumos para setor PES,2,PIX,PAGO,b93771a8-49a7-4f5b-9dd2-8dec81399442,2024-12-05,ERP_CORPORATIVO,TRANSACOES_FINANCEIRAS,31912,a0a28a6e2556d3c7577060dc7f5a370584ee2e0d5120f2bb01a7b760f9da851f
TR-31913,2024-11-19,2024-11-01,PES,ACC-00161,DESPESA,1367.1851522803152,1367.1851522803152,BRL,Suporte técnico para sistemas de PES,29,BOLETO,PAGO,b93771a8-49a7-4f5b-9dd2-8dec81399442,2024-12-05,ERP_CORPORATIVO,TRANSACOES_FINANCEIRAS,31913,e1280488f5e150046e03c18cdc1b54ac35ad02159e149d60a75ba25bde34a2f9
TR-31914,2024-11-14,2024-11-01,PES,ACC-00161,RECEITA,1149.7139292894774,1149.7139292894774,BRL,Treinamento corporativo para equipe PES,30,TRANSFERENCIA,ATRASADO,b93771a8-49a7-4f5b-9dd2-8dec81399442,2024-12-05,ERP_CORPORATIVO,TRANSACOES_FINANCEIRAS,31914,cb779c5e0e5dca9958555f01432431be3bedb7190952d0697e739c8695ac4449
TR-31915,2024-11-11,2024-11-01,VND,ACC-00161,DESPESA,1258.0762453912398,1258.0762453912398,BRL,Renovação de certificados digitais - VND,26,PIX,PAGO,b93771a8-49a7-4f5b-9dd2-8dec81399442,2024-12-05,ERP_CORPORATIVO,TRANSACOES_FINANCEIRAS,31915,5ae458ea79c36a476a2d7307dcee8437b7937370106b748e46c7035a02d6cda3
TR-31916,2024-11-13,2024-11-01,COMP,ACC-00161,DESPESA,1385.7119042795243,1385.7119042795243,BRL,Comissão recebida por COMP,33,CARTAO,PAGO,b93771a8-49a7-4f5b-9dd2-8dec81399442,2024-12-05,ERP_CORPORATIVO,TRANSACOES_FINANCEIRAS,31916,5871b4389ebe156f873a8f2000ff651c0972bb00f09545897c827b566d5844ce
TR-31917,2024-11-19,2024-11-01,MKT,ACC-00161,RECEITA,1213.6851752981113,1213.6851752981113,BRL,Serviço de tecnologia contratado por MKT,5,CARTAO,PAGO,b93771a8-49a7-4f5b-9dd2-8dec81399442,2024-12-05,ERP_CORPORATIVO,TRANSACOES_FINANCEIRAS,31917,291f5286bf7554efce075246aa1401d676d4f744522c9b7d575b61abda8d96af
TR-31918,2024-11-04,2024-11-01,PRD,ACC-00161,DESPESA,1504.3113101554354,1446.3650654913881,BRL,Compra de insumos para setor PRD,2,TED,PAGO,b93771a8-49a7-4f5b-9dd2-8dec81399442,2024-12-05,ERP_CORPORATIVO,TRANSACOES_FINANCEIRAS,31918,86e0ceead6eea8b364926ac38ba6f092c4d2d0c7453fb60316b717ebf4577d01
TR-32187,2024-11-12,2024-11-01,COMP,ACC-00162,DESPESA,2041.9046933391949,2041.9046933391949,BRL,Honorários profissionais contratados por COMP,11,PIX,ATRASADO,b93771a8-49a7-4f5b-9dd2-8dec81399442,2024-12-05,ERP_CORPORATIVO,TRANSACOES_FINANCEIRAS,32187,f312a7a9e986699772bf77a4afd04d2575adaf5471e5369a15b771f5e74eeedb
TR-32188,2024-11-05,2024-11-01,COMP,ACC-00162,DESPESA,1985.8757090259976,1985.8757090259976,BRL,Reparo e conservação de instalações - COMP,10,BOLETO,PAGO,b93771a8-49a7-4f5b-9dd2-8dec81399442,2024-12-05,ERP_CORPORATIVO,TRANSACOES_FINANCEIRAS,32188,2a5f97d4d38608becd2382a774483fd353c06e427947a735a6ae837ed8364640
TR-32189,2024-11-20,2024-11-01,VND,ACC-00162,RECEITA,1961.3111226992762,1961.3111226992762,BRL,Receita de comissão comercial - VND,33,TED,PAGO,b93771a8-49a7-4f5b-9dd2-8dec81399442,2024-12-05,ERP_CORPORATIVO,TRANSACOES_FINANCEIRAS,32189,3c0c550e9e9f4843adfc0b1bcd2e39ef5d673e99ebd98b85f10fdeb5ba0ad630
TR-32190,2024-11-18,2024-11-01,OP,ACC-00162,RECEITA,2245.942815967284,2155.830870192611,BRL,Alienação de bem patrimonial - OP,35,CARTAO,PAGO,b93771a8-49a7-4f5b-9dd2-8dec81399442,2024-12-05,ERP_CORPORATIVO,TRANSACOES_FINANCEIRAS,32190,887435422d97b9a6731170b09978dca2a2f7850d06d2f3d489dd5cb0cd37aa5f
TR-32191,2024-11-12,2024-11-01,MKT,ACC-00162,RECEITA,2182.9012508194255,2182.9012508194255,BRL,Royalties recebidos por MKT,32,TED,PAGO,b93771a8-49a7-4f5b-9dd2-8dec81399442,2024-12-05,ERP_CORPORATIVO,TRANSACOES_FINANCEIRAS,32191,fd55cd0ef6d30c07097ebc6ff24a9b31c63c8356f0200db469790d06ba8e6c4d
TR-32192,2024-11-11,2024-11-01,OP,ACC-00162,DESPESA,4315.682020794213,4315.682020794213,BRL,Imposto sobre venda apurado em OP,40,TRANSFERENCIA,PAGO,b93771a8-49a7-4f5b-9dd2-8dec81399442,2024-12-05,ERP_CORPORATIVO,TRANSACOES_FINANCEIRAS,32192,2d339eedaf93fb809be6ae1c067c56735207fdcc468dbec71775449be5147c73
TR-32193,2024-11-13,2024-11-01,OP,ACC-00162,DESPESA,568.13133442726,568.13133442726,BRL,Despesa de RH - OP,6,BOLETO,PAGO,b93771a8-49a7-4f5b-9dd2-8dec81399442,2024-12-05,ERP_CORPORATIVO,TRANSACOES_FINANCEIRAS,32193,1e13be71e7c205aa0d79c20ba79fa1b6f632c9e2ec8ca3de96e7e80cb5512e34
TR-32194,2024-11-26,2024-11-01,PJT,ACC-00162,DESPESA,2017.822222113622,2017.822222113622,BRL,Contrato de serviço - setor PJT,1,TED,PAGO,b93771a8-49a7-4f5b-9dd2-8dec81399442,2024-12-05,ERP_CORPORATIVO,TRANSACOES_FINANCEIRAS,32194,c9d34f4e3f7cf0b69aecb13ec7e46e70f4ba2512f4c7f94ca702fb22388ba323
TR-32195,2024-11-12,2024-11-01,MKT,ACC-00162,DESPESA,2215.9607544016853,2215.9607544016853,BRL,Investimento em marketing corporativo (MKT),4,PIX,PAGO,b93771a8-49a7-4f5b-9dd2-8dec81399442,2024-12-05,ERP_CORPORATIVO,TRANSACOES_FINANCEIRAS,32195,9c0f55a2cf1c964da957841d549d3fc0bf5403e499c6efe8c540960c79d421a2
TR-32196,2024-11-11,2024-11-01,OP,ACC-00162,DESPESA,1749.403052572544,1749.403052572544,BRL,Contrato de conectividade para área OP,9,PIX,PAGO,b93771a8-49a7-4f5b-9dd2-8dec81399442,2024-12-05,ERP_CORPORATIVO,TRANSACOES_FINANCEIRAS,32196,aa82ffe84bef0b72021e4c1d27f3cddb824f1360c350dd3a8237afe64c0773d5
TR-32197,2024-11-19,2024-11-01,OP,ACC-00162,RECEITA,1985.8400346737585,1985.8400346737585,BRL,Custo operacional associado a OP,8,PIX,PAGO,b93771a8-49a7-4f5b-9dd2-8dec81399442,2024-12-05,ERP_CORPORATIVO,TRANSACOES_FINANCEIRAS,32197,b053222232d8fc41bc0a2acef9155ebd58a284cf49110fc256957d3a3678a228
TR-32198,2024-11-18,2024-11-01,CTB,ACC-00162,DESPESA,2116.7697007699653,2116.7697007699653,BRL,Receita extraordinária - CTB,37,TED,PAGO,b93771a8-49a7-4f5b-9dd2-8dec81399442,2024-12-05,ERP_CORPORATIVO,TRANSACOES_FINANCEIRAS,32198,6845e30955f8d85cd52e5788698ab90b4c28b367470f896d9f38a1168a42874e
TR-32199,2024-11-08,2024-11-01,COM,ACC-00162,RECEITA,2082.2123580106118,2082.2123580106118,USD,Contrato de serviço - setor COM,1,TED,PAGO,b93771a8-49a7-4f5b-9dd2-8dec81399442,2024-12-05,ERP_CORPORATIVO,TRANSACOES_FINANCEIRAS,32199,a93a1d05b0a33259c8ed13ba1a53c4668170701810ebdce558bf14ca13d158b5
TR-32200,2024-11-20,2024-11-01,COMP,ACC-00162,DESPESA,2047.2993656778026,2013.1759003823922,BRL,Serviço especializado solicitado por COMP,1,BOLETO,PAGO,b93771a8-49a7-4f5b-9dd2-8dec81399442,2024-12-05,ERP_CORPORATIVO,TRANSACOES_FINANCEIRAS,32200,6a83fafeab04e6a73bf865a91423ec7a552a94cfa717045824b6b625f272acf9
TR-32201,2024-11-18,2024-11-01,COM,ACC-00162,DESPESA,2163.6465442771455,2120.6114845479397,BRL,Serviço especializado solicitado por COM,1,PIX,ATRASADO,b93771a8-49a7-4f5b-9dd2-8dec81399442,2024-12-05,ERP_CORPORATIVO,TRANSACOES_FINANCEIRAS,32201,6e6bdc71fc41fa129485ab0bb4b592972ab58f51f07cd350290c0a534da2c193
TR-32202,2024-11-11,2024-11-01,RH,ACC-00162,RECEITA,2277.75533550655,2277.75533550655,BRL,Serviço de tecnologia contratado por RH,5,PIX,PAGO,b93771a8-49a7-4f5b-9dd2-8dec81399442,2024-12-05,ERP_CORPORATIVO,TRANSACOES_FINANCEIRAS,32202,3e53525f9191c1901f94d57b5ed9dbb0d1d3e5ce51f2b09ed7870b795a5b5e9f
TR-32203,2024-11-12,2024-11-01,LOG,ACC-00162,DESPESA,1773.1047553021565,1773.1047553021565,BRL,Tarifas de serviços financeiros - LOG,22,TRANSFERENCIA,PAGO,b93771a8-49a7-4f5b-9dd2-8dec81399442,2024-12-05,ERP_CORPORATIVO,TRANSACOES_FINANCEIRAS,32203,d1d3fc5cae9c6730ad26a66246059d0bc45639350b5c63085f4bb44372043287
TR-32204,2024-11-20,2024-11-01,FIN,ACC-00162,DESPESA,2032.2065468241017,2032.2065468241017,BRL,Aquisição de material operacional - FIN,2,TED,PAGO,b93771a8-49a7-4f5b-9dd2-8dec81399442,2024-12-05,ERP_CORPORATIVO,TRANSACOES_FINANCEIRAS,32204,ea7e718fbf81aa33410105020f2c8b002fdf30dfe33bed22417598478a3b5283
TR-32205,2024-11-12,2024-11-01,ESG,ACC-00162,DESPESA,1834.648913359795,1834.648913359795,BRL,Apólice de seguro - ESG,21,PIX,PAGO,b93771a8-49a7-4f5b-9dd2-8dec81399442,2024-12-05,ERP_CORPORATIVO,TRANSACOES_FINANCEIRAS,32205,5fc2319715edc7b3cf54f77acbb81235c76a846cfbf696b55277f843e1d42f1a
TR-32206,2024-11-18,2024-11-01,COMP,ACC-00162,DESPESA,2194.7983448239875,2194.7983448239875,BRL,Despesa operacional - COMP,8,CARTAO,PAGO,b93771a8-49a7-4f5b-9dd2-8dec81399442,2024-12-05,ERP_CORPORATIVO,TRANSACOES_FINANCEIRAS,32206,38be47dbbc047fb7b15c8bbffc9bc2de26d11b0515f362ddc7081f2328aac977
TR-32207,2024-11-04,2024-11-01,ADM,ACC-00162,DESPESA,2120.146114266854,2120.146114266854,BRL,Licenciamento de software - ADM,5,BOLETO,PAGO,b93771a8-49a7-4f5b-9dd2-8dec81399442,2024-12-05,ERP_CORPORATIVO,TRANSACOES_FINANCEIRAS,32207,8b55cdae9ffb54cc60c603b06dbdbd49c57f2907b5a79dfdf9feaa32bad19715
TR-32208,2024-11-11,2024-11-01,OP,ACC-00162,DESPESA,1789.7086810530527,1744.171463274784,BRL,Despesa de infraestrutura - OP,3,BOLETO,PAGO,b93771a8-49a7-4f5b-9dd2-8dec81399442,2024-12-05,ERP_CORPORATIVO,TRANSACOES_FINANCEIRAS,32208,ff5a086201a20b7ad4beddc2a9a0d24f92595bbd823b51031d55ea021e1ddfb9
TR-32209,2024-11-11,2024-11-01,ADM,ACC-00162,RECEITA,1970.758448851353,1970.758448851353,BRL,Manutenção predial solicitada por ADM,10,TRANSFERENCIA,PAGO,b93771a8-49a7-4f5b-9dd2-8dec81399442,2024-12-05,ERP_CORPORATIVO,TRANSACOES_FINANCEIRAS,32209,370d193660a634185804f36d494b17b206b0c0f509ecbe3268bd55d29fb2152a
TR-32210,2024-11-22,2024-11-01,CPT,ACC-00162,RECEITA,1697.1879281659533,1697.1879281659533,BRL,Combustível e lubrificantes para frota (CPT),16,PIX,PAGO,b93771a8-49a7-4f5b-9dd2-8dec81399442,2024-12-05,ERP_CORPORATIVO,TRANSACOES_FINANCEIRAS,32210,6142e1eb8e78f7529099f5967a5c3b363aeece03e780ddd9a457c0b421dcbdb2
TR-32211,2024-11-25,2024-11-01,COM,ACC-00162,RECEITA,2168.579304553812,2168.579304553812,BRL,Serviço especializado solicitado por COM,1,TRANSFERENCIA,PAGO,b93771a8-49a7-4f5b-9dd2-8dec81399442,2024-12-05,ERP_CORPORATIVO,TRANSACOES_FINANCEIRAS,32211,9f5c91195a764a5536be80b95a9c99a2942ff637efaca6478c0e6fcba9c30a52
TR-32534,2024-11-11,2024-11-01,ESG,1000162,RECEITA,4951.868951252193,4951.868951252193,BRL,Abastecimento de veículos - ESG,16,PIX,ATRASADO,b93771a8-49a7-4f5b-9dd2-8dec81399442,2024-12-05,ERP_CORPORATIVO,TRANSACOES_FINANCEIRAS,32534,6dcc47550634c0d094e8215432dd10f117a253a9de59cf5fada331922d285444
TR-32535,2024-11-18,2024-11-01,COMP,1000162,RECEITA,4763.30419074331,4763.30419074331,BRL,Devolução de venda processada por COMP,39,TRANSFERENCIA,PAGO,b93771a8-49a7-4f5b-9dd2-8dec81399442,2024-12-05,ERP_CORPORATIVO,TRANSACOES_FINANCEIRAS,32535,fae27c531257d331c323f20385058612e03c20aa27b597536526acc00f37ab37
TR-32536,2024-11-11,2024-11-01,FIN,1000162,RECEITA,5132.817487634925,4911.277019310928,BRL,Aquisição de material operacional - FIN,2,BOLETO,ATRASADO,b93771a8-49a7-4f5b-9dd2-8dec81399442,2024-12-05,ERP_CORPORATIVO,TRANSACOES_FINANCEIRAS,32536,36893217d794a3d241f15082a3b9971074a5320c024a397d318e3752eb772fb9
TR-32537,2024-11-11,2024-11-01,COM,1000162,DESPESA,3875.2380775051297,3762.5958607970265,BRL,Contrato de serviço - setor COM,1,BOLETO,PAGO,b93771a8-49a7-4f5b-9dd2-8dec81399442,2024-12-05,ERP_CORPORATIVO,TRANSACOES_FINANCEIRAS,32537,45eeb29209a4d521f73a39fe2ab7cf5ed0716afc6583934a189c6775bc722e5d
TR-32538,2024-11-07,2024-11-01,FIN,1000162,DESPESA,13915.361828141125,13858.361527371986,BRL,Serviço de tecnologia contratado por FIN,5,TED,PAGO,b93771a8-49a7-4f5b-9dd2-8dec81399442,2024-12-05,ERP_CORPORATIVO,TRANSACOES_FINANCEIRAS,32538,ebd6784fdf1033250ea8e0ac57cdf16e3900b4b246a3c65154c2e04c799239e3
TR-32539,2024-11-25,2024-11-01,OP,1000162,DESPESA,4683.901764404818,4454.207675108928,BRL,Reparo de frota vinculado à área OP,17,BOLETO,PAGO,b93771a8-49a7-4f5b-9dd2-8dec81399442,2024-12-05,ERP_CORPORATIVO,TRANSACOES_FINANCEIRAS,32539,e26b4a0c9ddb1a61e2a7aeacc37435a28d31af303c052806d8b6ae5ea1f7beac
TR-32540,2024-11-25,2024-11-01,MKT,1000162,DESPESA,3980.5805650482125,3980.5805650482125,BRL,Encargos de empréstimo vinculados a MKT,23,PIX,ATRASADO,b93771a8-49a7-4f5b-9dd2-8dec81399442,2024-12-05,ERP_CORPORATIVO,TRANSACOES_FINANCEIRAS,32540,125be9112ee844e1bae0fabdcc1d032e5e6f7bc0f1e9db9b8d904a60020e64bf
TR-32541,2024-11-07,2024-11-01,MKT,1000162,DESPESA,4465.979201255722,4343.87198804631,BRL,Alienação de bem patrimonial - MKT,35,PIX,PAGO,b93771a8-49a7-4f5b-9dd2-8dec81399442,2024-12-05,ERP_CORPORATIVO,TRANSACOES_FINANCEIRAS,32541,bddb8f7853d4409d5629a9dd94334fd5b59efa73949ee6be18105862c56e2e3c
TR-32661,2024-11-11,2024-11-01,FIN,FORN-00164,RECEITA,6767.788695804769,6767.788695804769,BRL,Reparo de hardware solicitado por FIN,28,BOLETO,CANCELADO,b93771a8-49a7-4f5b-9dd2-8dec81399442,2024-12-05,ERP_CORPORATIVO,TRANSACOES_FINANCEIRAS,32661,684838db124205eb2b07df11cac4ec072a59f38f11be83c833e74535260a2ca4
TR-32662,2024-11-08,2024-11-01,OP,FORN-00164,RECEITA,8787.94629102347,8787.94629102347,BRL,Compra de insumos para setor OP,2,TED,ATRASADO,b93771a8-49a7-4f5b-9dd2-8dec81399442,2024-12-05,ERP_CORPORATIVO,TRANSACOES_FINANCEIRAS,32662,cf68b90256285505e526dd13ccd53e4abf1e488f79a2879306ba6e3564130823
TR-32663,2024-11-11,2024-11-01,LOG,FORN-00164,DESPESA,8649.513471440061,8649.513471440061,BRL,Serviço especializado solicitado por LOG,1,TED,PAGO,b93771a8-49a7-4f5b-9dd2-8dec81399442,2024-12-05,ERP_CORPORATIVO,TRANSACOES_FINANCEIRAS,32663,d558dcd236123cf97094aea649384b37c4644a81a212c5f94e61e0f0d4ad4e22
TR-32664,2024-11-04,2024-11-01,TI,FORN-00164,DESPESA,8463.137836011905,8463.137836011905,BRL,Juros sobre operação financeira - TI,23,BOLETO,PAGO,b93771a8-49a7-4f5b-9dd2-8dec81399442,2024-12-05,ERP_CORPORATIVO,TRANSACOES_FINANCEIRAS,32664,0c0c53a24bf1ead64985cce41e7d5d3cb203899e011cd043bc8feb6d4f9fc7ab
TR-32665,2024-11-21,2024-11-01,OP,FORN-00164,DESPESA,7184.645838463304,7184.645838463304,BRL,Comissão recebida por OP,33,TRANSFERENCIA,PAGO,b93771a8-49a7-4f5b-9dd2-8dec81399442,2024-12-05,ERP_CORPORATIVO,TRANSACOES_FINANCEIRAS,32665,44913b9a8404cfe2a166250e412657de82f4fcb06306e1a1d5790b365ef4a9de
TR-32666,2024-11-18,2024-11-01,CPT,FORN-00164,DESPESA,7306.058895281628,7306.058895281628,BRL,Viagem corporativa - CPT,18,TRANSFERENCIA,PAGO,b93771a8-49a7-4f5b-9dd2-8dec81399442,2024-12-05,ERP_CORPORATIVO,TRANSACOES_FINANCEIRAS,32666,90551f04c880b5088bcc9ac5d5560a5c3588a7ca94fa00a416cbd64715ad2ed6
TR-32667,2024-11-13,2024-11-01,VND,FORN-00164,DESPESA,6478.537446758052,6206.773681021018,BRL,Prestação de serviço para área VND,1,PIX,CANCELADO,b93771a8-49a7-4f5b-9dd2-8dec81399442,2024-12-05,ERP_CORPORATIVO,TRANSACOES_FINANCEIRAS,32667,d99046cc622c7c1ba78623f7c7371e9febfcbe97567671ddd07d1d8130eaf200
TR-32668,2024-11-18,2024-11-01,MKT,FORN-00164,DESPESA,7366.039251909505,7366.039251909505,BRL,Aquisição de material operacional - MKT,2,PIX,PAGO,b93771a8-49a7-4f5b-9dd2-8dec81399442,2024-12-05,ERP_CORPORATIVO,TRANSACOES_FINANCEIRAS,32668,aeedce5c28cd92b68464371ff6d3d09f6101e3e26b2424cb29fef47615a3e87a
TR-32669,2024-11-04,2024-11-01,COMP,FORN-00164,DESPESA,7714.731440866759,7714.731440866759,BRL,Encargos de empréstimo vinculados a COMP,23,BOLETO,PAGO,b93771a8-49a7-4f5b-9dd2-8dec81399442,2024-12-05,ERP_CORPORATIVO,TRANSACOES_FINANCEIRAS,32669,acdd042271d97b4e734e31175a5fea3a63c330e02079cd33131d2749d9c6bab5
TR-32670,2024-11-04,2024-11-01,COMP,FORN-00164,DESPESA,22978.311810920866,22978.311810920866,USD,Produção de material gráfico - COMP,15,PIX,PAGO,b93771a8-49a7-4f5b-9dd2-8dec81399442,2024-12-05,ERP_CORPORATIVO,TRANSACOES_FINANCEIRAS,32670,e15d9bddcc40edd003c8e3b4f0beed6ac8638de58b81a54f07e2e48b729ecfc1
TR-32671,2024-11-11,2024-11-01,COMP,FORN-00164,RECEITA,7378.1310779571995,7378.1310779571995,BRL,Royalties recebidos por COMP,32,TRANSFERENCIA,PAGO,b93771a8-49a7-4f5b-9dd2-8dec81399442,2024-12-05,ERP_CORPORATIVO,TRANSACOES_FINANCEIRAS,32671,9dfd59b514c581c5c77231dddd6a2ea300d3111f2f915affffbf08182f01c265
TR-32672,2024-11-25,2024-11-01,ESG,FORN-00164,DESPESA,7335.284987548457,7134.877480832049,BRL,Honorários jurídicos - ESG,7,TED,PAGO,b93771a8-49a7-4f5b-9dd2-8dec81399442,2024-12-05,ERP_CORPORATIVO,TRANSACOES_FINANCEIRAS,32672,7e6536ecd1ed5ed17b1a8255917cf57552713f1314337a2056795279f82263fe
TR-32673,2024-11-19,2024-11-01,ESG,FORN-00164,DESPESA,7806.885080216502,7426.244064485485,BRL,Alienação de bem patrimonial - ESG,35,BOLETO,PAGO,b93771a8-49a7-4f5b-9dd2-8dec81399442,2024-12-05,ERP_CORPORATIVO,TRANSACOES_FINANCEIRAS,32673,e37a888e161b274a534301925d4702dd8cd4e1bea3f56338bb512aeff3c31743
TR-32674,2024-11-19,2024-11-01,MKT,FORN-00164,RECEITA,8257.516694537842,7880.223753426632,BRL,Reparo de frota vinculado à área MKT,17,TED,PAGO,b93771a8-49a7-4f5b-9dd2-8dec81399442,2024-12-05,ERP_CORPORATIVO,TRANSACOES_FINANCEIRAS,32674,981a1eb7bd45d7c150946693d3d3a7592d4701cce532fdd3accbf2b4e5906584
TR-32675,2024-11-13,2024-11-01,COM,FORN-00164,DESPESA,8858.237252925372,8858.237252925372,BRL,Despesa de infraestrutura - COM,3,TRANSFERENCIA,PAGO,b93771a8-49a7-4f5b-9dd2-8dec81399442,2024-12-05,ERP_CORPORATIVO,TRANSACOES_FINANCEIRAS,32675,7c0c30dcc23996542a9a1b8ffc64feff8c4be0b9ee722c635fcae91ac2b448c6
TR-32676,2024-11-22,2024-11-01,TI,FORN-00164,DESPESA,7071.873632903024,7071.873632903024,BRL,Manutenção estrutural vinculada à área TI,3,CARTAO,PAGO,b93771a8-49a7-4f5b-9dd2-8dec81399442,2024-12-05,ERP_CORPORATIVO,TRANSACOES_FINANCEIRAS,32676,ed03593758e1225c7a74f0837d4573aa33f0a28f8b22d22fb76e0c5bba77604e
TR-32831,2024-11-20,2024-11-01,PJT,FORN-00165,RECEITA,2215.44712130216,2215.44712130216,BRL,Prestação de serviço para área PJT,1,BOLETO,ATRASADO,b93771a8-49a7-4f5b-9dd2-8dec81399442,2024-12-05,ERP_CORPORATIVO,TRANSACOES_FINANCEIRAS,32831,23c9d3a57d4de9b13e646c538e4a07a48f423f654048834a055ddbce788dcdd3
TR-32832,2024-11-11,2024-11-01,MKT,FORN-00165,DESPESA,2401.309450588561,2401.309450588561,USD,Reparo e conservação de instalações - MKT,10,BOLETO,PAGO,b93771a8-49a7-4f5b-9dd2-8dec81399442,2024-12-05,ERP_CORPORATIVO,TRANSACOES_FINANCEIRAS,32832,1ce47978542fe017cc75f8a7f0b96705f6459ecea745466cbaebf11ab5bea8ed
TR-32833,2024-11-15,2024-11-01,ESG,FORN-00165,DESPESA,2312.1721110667386,2312.1721110667386,BRL,Suporte técnico para sistemas de ESG,29,TED,PAGO,b93771a8-49a7-4f5b-9dd2-8dec81399442,2024-12-05,ERP_CORPORATIVO,TRANSACOES_FINANCEIRAS,32833,0986bad8e8101b4de6db57ab548c06a3c12fb5e9c17699ad49ecdaa4ee55637f
TR-32834,2024-11-13,2024-11-01,FIN,FORN-00165,RECEITA,1964.8722919715617,1964.8722919715617,BRL,Serviço relacionado a recursos humanos (FIN),6,PIX,PAGO,b93771a8-49a7-4f5b-9dd2-8dec81399442,2024-12-05,ERP_CORPORATIVO,TRANSACOES_FINANCEIRAS,32834,2e8f5c9655c807424b7210f23fa7f5fcacfa609ed5b520abd94f5d872536b1b5
TR-32835,2024-11-11,2024-11-01,QAS,FORN-00165,RECEITA,1752.2972519755158,1692.4150429353897,BRL,Custo operacional associado a QAS,8,BOLETO,PAGO,b93771a8-49a7-4f5b-9dd2-8dec81399442,2024-12-05,ERP_CORPORATIVO,TRANSACOES_FINANCEIRAS,32835,0797f0ddb3fda531e8fc6ef743d8face432c4bd65ce5e3580638562ec135a6fd
TR-32836,2024-11-11,2024-11-01,OP,FORN-00165,RECEITA,2450.398897535278,2450.398897535278,BRL,Doação recebida em favor de OP,36,PIX,PAGO,b93771a8-49a7-4f5b-9dd2-8dec81399442,2024-12-05,ERP_CORPORATIVO,TRANSACOES_FINANCEIRAS,32836,33c234eda0ffbf79ddd4efe6522be83f09475367d4784ddbaf68172a765af130
TR-32837,2024-11-11,2024-11-01,ATD,FORN-00165,RECEITA,2480.7855057624633,2381.1726685926646,BRL,Prestação de serviço para área ATD,1,PIX,ATRASADO,b93771a8-49a7-4f5b-9dd2-8dec81399442,2024-12-05,ERP_CORPORATIVO,TRANSACOES_FINANCEIRAS,32837,2470791607696443aaa7c35f8c3889525d95532f092f4f0d475379c54ed0c16b
TR-32838,2024-11-14,2024-11-01,COM,FORN-00165,DESPESA,2418.8460979609026,2418.8460979609026,BRL,Campanha institucional - COM,4,BOLETO,PAGO,b93771a8-49a7-4f5b-9dd2-8dec81399442,2024-12-05,ERP_CORPORATIVO,TRANSACOES_FINANCEIRAS,32838,7289e0d49ea1b22a6e20628ec406ba9d78783ad2b49d2901e423185e5cf901b3
TR-32839,2024-11-11,2024-11-01,ATD,FORN-00165,DESPESA,981.7871634084252,981.7871634084252,BRL,Suporte técnico para sistemas de ATD,29,TED,PAGO,b93771a8-49a7-4f5b-9dd2-8dec81399442,2024-12-05,ERP_CORPORATIVO,TRANSACOES_FINANCEIRAS,32839,2b2d538d7b838d28a6c9dc1fa324614c86d9bc674283bda77a1ee75977ca4899
TR-32840,2024-11-08,2024-11-01,COM,FORN-00165,DESPESA,2258.6123518241607,2258.6123518241607,BRL,Licenciamento de software - COM,5,TED,PAGO,b93771a8-49a7-4f5b-9dd2-8dec81399442,2024-12-05,ERP_CORPORATIVO,TRANSACOES_FINANCEIRAS,32840,c25a5f81088d1ee7b5d216737188b73c5a2725f1aceb421a26d7fd2be9733c72
TR-32841,2024-11-12,2024-11-01,COMP,FORN-00165,DESPESA,2290.7718935359726,2290.7718935359726,BRL,Contrato de serviço - setor COMP,1,BOLETO,PAGO,b93771a8-49a7-4f5b-9dd2-8dec81399442,2024-12-05,ERP_CORPORATIVO,TRANSACOES_FINANCEIRAS,32841,3419c1e82b9e6880fbbefc83f6dcc3a14a5e3b4123b838358fd23976de6a6b6e
TR-32842,2024-11-25,2024-11-01,RH,FORN-00165,RECEITA,4692.866996347824,4692.866996347824,USD,Juros sobre operação financeira - RH,23,BOLETO,CANCELADO,b93771a8-49a7-4f5b-9dd2-8dec81399442,2024-12-05,ERP_CORPORATIVO,TRANSACOES_FINANCEIRAS,32842,e67d9991897c3ee0bf5f8f16e7e3d3ffe0444493d07e9bffb2d7ff5e189abb21
TR-33078,2024-11-06,2024-11-01,OP,ACC-00166,DESPESA,2259.837604737437,2259.837604737437,BRL,Assessoria contábil prestada a OP,25,TRANSFERENCIA,PAGO,b93771a8-49a7-4f5b-9dd2-8dec81399442,2024-12-05,ERP_CORPORATIVO,TRANSACOES_FINANCEIRAS,33078,c656ba8adbfd4361d2d618883e3f7932f8e3655f6900e4d8fb26ce4005c5eeca
TR-33079,2024-11-13,2024-11-01,COM,ACC-00166,DESPESA,2170.6169084449994,2170.6169084449994,BRL,Honorarium advocatício - COM,24,CARTAO,ATRASADO,b93771a8-49a7-4f5b-9dd2-8dec81399442,2024-12-05,ERP_CORPORATIVO,TRANSACOES_FINANCEIRAS,33079,67f2510572f14c0fa8449eb2ca142745996fe52bec500b9c591a75dcbf25e383
TR-33080,2024-11-22,2024-11-01,JUR,ACC-00166,DESPESA,2053.425289733301,1976.3075979742496,BRL,Tarifas de serviços financeiros - JUR,22,PIX,CANCELADO,b93771a8-49a7-4f5b-9dd2-8dec81399442,2024-12-05,ERP_CORPORATIVO,TRANSACOES_FINANCEIRAS,33080,a8782b7ccd019ec693f5618384ec91c9b39130e5a851c4344c621a840cc96c3a
TR-33081,2024-11-19,2024-11-01,CPT,ACC-00166,RECEITA,2178.6921592729605,2178.6921592729605,BRL,Despesa operacional - CPT,8,TED,ATRASADO,b93771a8-49a7-4f5b-9dd2-8dec81399442,2024-12-05,ERP_CORPORATIVO,TRANSACOES_FINANCEIRAS,33081,93937630f342e6bc32eba7ccd52f772e2603767ccce7f04e92a80baae2ddc38f
TR-33082,2024-11-18,2024-11-01,JUR,ACC-00166,DESPESA,2311.95043546246,2311.95043546246,BRL,Despesa de infraestrutura - JUR,3,TED,PAGO,b93771a8-49a7-4f5b-9dd2-8dec81399442,2024-12-05,ERP_CORPORATIVO,TRANSACOES_FINANCEIRAS,33082,396514cec7fe59c4d56c23916844ec69fa02f8096d39a6737bc887e17df97ea3
TR-33083,2024-11-11,2024-11-01,ADM,ACC-00166,DESPESA,2079.9022807541432,2079.9022807541432,BRL,Aquisição de material operacional - ADM,2,PIX,PAGO,b93771a8-49a7-4f5b-9dd2-8dec81399442,2024-12-05,ERP_CORPORATIVO,TRANSACOES_FINANCEIRAS,33083,b0b99895c6e9dc8a252a500ec960674e66511b6b49af3ebf87601a1628f73080
TR-33084,2024-11-18,2024-11-01,LOG,ACC-00166,DESPESA,2333.04715840303,2333.04715840303,BRL,Prestação de serviço para área LOG,1,PIX,PAGO,b93771a8-49a7-4f5b-9dd2-8dec81399442,2024-12-05,ERP_CORPORATIVO,TRANSACOES_FINANCEIRAS,33084,ec011f5be7ebbbc37f3c7f77779b7317ed1f78d92c16f2a23935cdc0cb349660
TR-33085,2024-11-18,2024-11-01,PES,ACC-00166,DESPESA,2430.3730441530124,2430.3730441530124,BRL,Manutenção predial solicitada por PES,10,TED,PAGO,b93771a8-49a7-4f5b-9dd2-8dec81399442,2024-12-05,ERP_CORPORATIVO,TRANSACOES_FINANCEIRAS,33085,4ddb8ff5bb8fd213b6d425dee7623717d27cf5b9f6b739d7b554a37e2239db19
TR-33086,2024-11-18,2024-11-01,COMP,ACC-00166,DESPESA,2314.500806210948,2314.500806210948,BRL,Licença de software para área COMP,27,CARTAO,PAGO,b93771a8-49a7-4f5b-9dd2-8dec81399442,2024-12-05,ERP_CORPORATIVO,TRANSACOES_FINANCEIRAS,33086,56cb34aa54b61cbae93818c34de98a2c637679fbc12acdba463756737eed7b7c
TR-33087,2024-11-04,2024-11-01,FIN,ACC-00166,RECEITA,2114.696605456896,2114.696605456896,BRL,Reparo de frota vinculado à área FIN,17,TED,PAGO,b93771a8-49a7-4f5b-9dd2-8dec81399442,2024-12-05,ERP_CORPORATIVO,TRANSACOES_FINANCEIRAS,33087,a3e19da175ca30703f523061e4718d45e5d4625f930ce2d14be0fe4f240608be
TR-33088,2024-11-19,2024-11-01,RH,ACC-00166,DESPESA,2258.4479077353762,2258.4479077353762,BRL,Despesa de infraestrutura - RH,3,CARTAO,PAGO,b93771a8-49a7-4f5b-9dd2-8dec81399442,2024-12-05,ERP_CORPORATIVO,TRANSACOES_FINANCEIRAS,33088,37c03151d00be387c9ba339c29e458abf21082f07dee8437107281b28176f3b0
TR-33089,2024-11-11,2024-11-01,FIN,ACC-00166,RECEITA,2271.4633366470034,2271.4633366470034,BRL,Honorarium advocatício - FIN,24,PIX,ATRASADO,b93771a8-49a7-4f5b-9dd2-8dec81399442,2024-12-05,ERP_CORPORATIVO,TRANSACOES_FINANCEIRAS,33089,b727238807252ae454e0eb8bdc425d9d12385039d7c5850fe3b1782511ecd2e8
TR-33090,2024-11-25,2024-11-01,ADM,ACC-00166,DESPESA,4683.197039936232,4683.197039936232,BRL,Locação de espaço comercial - ADM,31,TED,PAGO,b93771a8-49a7-4f5b-9dd2-8dec81399442,2024-12-05,ERP_CORPORATIVO,TRANSACOES_FINANCEIRAS,33090,10ebe050a65d8ad231d1c30007c25c4971487b9370fa87a2b7ea0bf64d0083cc
TR-33091,2024-11-25,2024-11-01,LOG,ACC-00166,RECEITA,2596.2752385392987,2596.2752385392987,BRL,Treinamento corporativo para equipe LOG,30,PIX,ATRASADO,b93771a8-49a7-4f5b-9dd2-8dec81399442,2024-12-05,ERP_CORPORATIVO,TRANSACOES_FINANCEIRAS,33091,a7c4aac64cc2a2be67a9bf56acc816686a7eccf561edbd3e83a22aa8fe6af105
TR-33092,2024-11-11,2024-11-01,COMP,ACC-00166,DESPESA,1992.2614744666555,1905.651318296707,BRL,Participação nos resultados vinculada a COMP,34,BOLETO,PAGO,b93771a8-49a7-4f5b-9dd2-8dec81399442,2024-12-05,ERP_CORPORATIVO,TRANSACOES_FINANCEIRAS,33092,bb9c56ab4761bf92bfe6899ca01798b709002234b4b0462fc527097eba2c98a5
TR-33093,2024-11-08,2024-11-01,PES,ACC-00166,RECEITA,2283.614519452037,2219.3002526589344,BRL,Receita extraordinária - PES,37,TRANSFERENCIA,PAGO,b93771a8-49a7-4f5b-9dd2-8dec81399442,2024-12-05,ERP_CORPORATIVO,TRANSACOES_FINANCEIRAS,33093,73305c0769e32e7f06bdd0858505ca01264df9dbf21fea76572e6adde320169e
TR-33094,2024-11-18,2024-11-01,JUR,ACC-00166,DESPESA,2149.1296330797586,2149.1296330797586,BRL,Custo operacional associado a JUR,8,PIX,PAGO,b93771a8-49a7-4f5b-9dd2-8dec81399442,2024-12-05,ERP_CORPORATIVO,TRANSACOES_FINANCEIRAS,33094,7b4a74219f27d2fd66306dc7d0ab8405b06391bd39f4e681a07ecacd4678f667
TR-33095,2024-11-04,2024-11-01,COMP,ACC-00166,DESPESA,1974.8852689698865,1974.8852689698865,BRL,Recebimento de subvenção - COMP,36,PIX,PAGO,b93771a8-49a7-4f5b-9dd2-8dec81399442,2024-12-05,ERP_CORPORATIVO,TRANSACOES_FINANCEIRAS,33095,3b3efd8b3fe31a028e55c8bc288a399bd0388d35cfd18250e9a4342087d9ba1e
TR-33096,2024-11-21,2024-11-01,FIN,ACC-00166,RECEITA,1972.4640196781443,1910.8514875220671,BRL,Alienação de bem patrimonial - FIN,35,PIX,PAGO,b93771a8-49a7-4f5b-9dd2-8dec81399442,2024-12-05,ERP_CORPORATIVO,TRANSACOES_FINANCEIRAS,33096,8290a67f0dd22418567d13f8c70b42e675c14edb7855a4100f2ba41233c8c939
TR-33097,2024-11-18,2024-11-01,COMP,ACC-00166,DESPESA,2441.98901604669,2441.98901604669,BRL,Contrato de serviço - setor COMP,1,TED,ATRASADO,b93771a8-49a7-4f5b-9dd2-8dec81399442,2024-12-05,ERP_CORPORATIVO,TRANSACOES_FINANCEIRAS,33097,31c88074299c8ffd0d36ca16be8c9b61a6382512ddfa77016d6aea14cbe5e29c
TR-33567,2024-11-14,2024-11-01,QAS,ACC-00168,DESPESA,2496.5068446388386,2496.5068446388386,BRL,Serviço relacionado a recursos humanos (QAS),6,BOLETO,CANCELADO,b93771a8-49a7-4f5b-9dd2-8dec81399442,2024-12-05,ERP_CORPORATIVO,TRANSACOES_FINANCEIRAS,33567,7e2b2ad059f28ffa4c947ec836a328b479b96279ccea56bd0ba80ab06609e807
TR-33568,2024-11-15,2024-11-01,CPT,ACC-00168,DESPESA,2402.800299951683,2402.800299951683,BRL,Prestação de serviço para área CPT,1,CARTAO,PAGO,b93771a8-49a7-4f5b-9dd2-8dec81399442,2024-12-05,ERP_CORPORATIVO,TRANSACOES_FINANCEIRAS,33568,ef545eee901c9f20937ea9832cdd810b566bd8a9aa9ad8aa18af02e6c27ddd51
TR-33569,2024-11-21,2024-11-01,COMP,ACC-00168,DESPESA,2437.30307524566,2370.392919968491,BRL,Despesa de RH - COMP,6,TRANSFERENCIA,PAGO,b93771a8-49a7-4f5b-9dd2-8dec81399442,2024-12-05,ERP_CORPORATIVO,TRANSACOES_FINANCEIRAS,33569,6e6a1b7f4a9ed9ab103196a6fdabf7a1d778213beac56695dfad638d9683c507
TR-33570,2024-11-18,2024-11-01,COMP,ACC-00168,DESPESA,2603.50058177872,2603.50058177872,BRL,Seguro contratado pela área COMP,21,CARTAO,PAGO,b93771a8-49a7-4f5b-9dd2-8dec81399442,2024-12-05,ERP_CORPORATIVO,TRANSACOES_FINANCEIRAS,33570,fc94dd86a3c1b139b19374007189fa4b7b1dba42147951eed7e8b91e0bf3bac3
TR-33571,2024-11-04,2024-11-01,PJT,ACC-00168,DESPESA,2376.3968419918187,2376.3968419918187,BRL,Evento corporativo organizado por PJT,14,TED,PAGO,b93771a8-49a7-4f5b-9dd2-8dec81399442,2024-12-05,ERP_CORPORATIVO,TRANSACOES_FINANCEIRAS,33571,291806c4971fca664ed573f5940295078675d23cef8d8c3d3eb046fec204b636
TR-33572,2024-11-12,2024-11-01,FIN,ACC-00168,DESPESA,2740.2108165312743,2740.2108165312743,BRL,Renovação de certificados digitais - FIN,26,BOLETO,PAGO,b93771a8-49a7-4f5b-9dd2-8dec81399442,2024-12-05,ERP_CORPORATIVO,TRANSACOES_FINANCEIRAS,33572,cdc290d48b36416b7142785d6b01fb8b098886fef6b4e23ac82def89f5dd0f9a
TR-33573,2024-11-18,2024-11-01,ATD,ACC-00168,RECEITA,1955.7565825780794,1907.888139432493,BRL,Manutenção estrutural vinculada à área ATD,3,PIX,PAGO,b93771a8-49a7-4f5b-9dd2-8dec81399442,2024-12-05,ERP_CORPORATIVO,TRANSACOES_FINANCEIRAS,33573,86ce98b1038cb2fc11eb2dd742790b6ed20204fce9d3b76f5a050b64aa57f46f
TR-33574,2024-11-25,2024-11-01,ESG,ACC-00168,DESPESA,3514.1103056489396,3514.1103056489396,BRL,Receita extraordinária - ESG,37,PIX,PAGO,b93771a8-49a7-4f5b-9dd2-8dec81399442,2024-12-05,ERP_CORPORATIVO,TRANSACOES_FINANCEIRAS,33574,1f2d1603da3c4409bb62dd07879d3320d78663420f2d9014e7a4aac022be332b
TR-33575,2024-11-11,2024-11-01,CPT,ACC-00168,DESPESA,2863.4465839507434,2863.4465839507434,BRL,Taxas bancárias incidentes em CPT,22,PIX,PAGO,b93771a8-49a7-4f5b-9dd2-8dec81399442,2024-12-05,ERP_CORPORATIVO,TRANSACOES_FINANCEIRAS,33575,148c18f825e4fb11148a27d6229ad37ddfe76fc340b35bfef96c1c0746facca6
TR-33576,2024-11-27,2024-11-01,PRD,ACC-00168,DESPESA,2296.170797432465,2188.8168826027472,BRL,Renovação de certificados digitais - PRD,26,TED,PAGO,b93771a8-49a7-4f5b-9dd2-8dec81399442,2024-12-05,ERP_CORPORATIVO,TRANSACOES_FINANCEIRAS,33576,f0218f99a3dd3950968d37efd97ce48e9513e7af04afec652fd69c873c225eda
TR-33577,2024-11-04,2024-11-01,ESG,ACC-00168,RECEITA,2461.185820479811,2461.185820479811,BRL,Alimentação em viagem corporativa - ESG,20,TED,PAGO,b93771a8-49a7-4f5b-9dd2-8dec81399442,2024-12-05,ERP_CORPORATIVO,TRANSACOES_FINANCEIRAS,33577,47a2d69ee68257ae0d5bea90822cf4cd0a294c7da1f3f9875099b424ea0cd383
TR-33578,2024-11-06,2024-11-01,COMP,ACC-00168,DESPESA,2708.3227427378656,2677.5805271018053,BRL,Receita de comissão comercial - COMP,33,TRANSFERENCIA,ATRASADO,b93771a8-49a7-4f5b-9dd2-8dec81399442,2024-12-05,ERP_CORPORATIVO,TRANSACOES_FINANCEIRAS,33578,37b4bca022a8d7a9a8ae337e7adfa4f8db3b6425510d0aa0ece5bac898ec61cb
TR-33686,2024-11-18,2024-11-01,ADM,1000168,DESPESA,7383.377934338674,7383.377934338674,EUR,Serviço especializado solicitado por ADM,1,PIX,PAGO,b93771a8-49a7-4f5b-9dd2-8dec81399442,2024-12-05,ERP_CORPORATIVO,TRANSACOES_FINANCEIRAS,33686,fc68f5866049e7ea9fcf3f0985fef5f86b79a78713167e5906e6ffdf893289de
TR-33687,2024-11-25,2024-11-01,FIN,1000168,RECEITA,6598.085750728191,6598.085750728191,BRL,Produção de material gráfico - FIN,15,PIX,PAGO,b93771a8-49a7-4f5b-9dd2-8dec81399442,2024-12-05,ERP_CORPORATIVO,TRANSACOES_FINANCEIRAS,33687,32d54428aa1f6d4492ed8bda16c84d4794ad2c49bb9391992bc0e41e0378e111
TR-33688,2024-11-13,2024-11-01,MKT,1000168,RECEITA,6931.336099718623,6931.336099718623,BRL,Devolução de venda processada por MKT,39,TRANSFERENCIA,PAGO,b93771a8-49a7-4f5b-9dd2-8dec81399442,2024-12-05,ERP_CORPORATIVO,TRANSACOES_FINANCEIRAS,33688,b59a8efe73db184eb5414b7043158604d1acdea57a82ab9b5b79fd29cbe5a826
TR-33689,2024-11-07,2024-11-01,MKT,1000168,RECEITA,6197.054248564695,6041.973106300968,BRL,Contrato de serviço - setor MKT,1,PIX,PAGO,b93771a8-49a7-4f5b-9dd2-8dec81399442,2024-12-05,ERP_CORPORATIVO,TRANSACOES_FINANCEIRAS,33689,b970d21f8d6a67ee357812c03f8864929a84d01cbd24064a16142e9d6d95b6b3
TR-33690,2024-11-15,2024-11-01,COMP,1000168,DESPESA,13274.76433878429,13274.76433878429,BRL,Despesa operacional - COMP,8,PIX,PAGO,b93771a8-49a7-4f5b-9dd2-8dec81399442,2024-12-05,ERP_CORPORATIVO,TRANSACOES_FINANCEIRAS,33690,529d04078cc78f05029bf4d55f6c198ec1edd88cab1d6ec3cdf49f28a8503119
TR-33691,2024-11-22,2024-11-01,COM,1000168,RECEITA,5836.514664242254,5625.216563937055,BRL,Despesa operacional - COM,8,BOLETO,PAGO,b93771a8-49a7-4f5b-9dd2-8dec81399442,2024-12-05,ERP_CORPORATIVO,TRANSACOES_FINANCEIRAS,33691,e82c00805c5c654371925e3ba594ef10bf24b82f5b93d9b233a05db0648c1f47
TR-33910,2024-11-14,2024-11-01,PRD,1000169,DESPESA,1869.1019844720968,1825.1049291129461,BRL,Investimento em marketing corporativo (PRD),4,TED,ATRASADO,b93771a8-49a7-4f5b-9dd2-8dec81399442,2024-12-05,ERP_CORPORATIVO,TRANSACOES_FINANCEIRAS,33910,262b299c8e76677045e40e1ceb2dfe784640caa0bf921bf0702fcf056283b74f
TR-33911,2024-11-26,2024-11-01,VND,1000169,DESPESA,2167.4820699263564,2167.4820699263564,BRL,Serviço de tecnologia contratado por VND,5,PIX,PAGO,b93771a8-49a7-4f5b-9dd2-8dec81399442,2024-12-05,ERP_CORPORATIVO,TRANSACOES_FINANCEIRAS,33911,15981f418e019905e1d9fc517ca85ce01e48f426b12227f5e1c54a6164c0a3c2
TR-33912,2024-11-11,2024-11-01,VND,1000169,RECEITA,2260.4201050676966,2260.4201050676966,BRL,Treinamento corporativo para equipe VND,30,TRANSFERENCIA,PAGO,b93771a8-49a7-4f5b-9dd2-8dec81399442,2024-12-05,ERP_CORPORATIVO,TRANSACOES_FINANCEIRAS,33912,52395a91e4651848d44dba42fe2eb4757e371fb45c600d0f2cd39ca6c1baf16c
TR-33913,2024-11-08,2024-11-01,PJT,1000169,DESPESA,1965.4891040921095,1878.5638499118013,BRL,Serviço especializado solicitado por PJT,1,CARTAO,PAGO,b93771a8-49a7-4f5b-9dd2-8dec81399442,2024-12-05,ERP_CORPORATIVO,TRANSACOES_FINANCEIRAS,33913,bbe4819ce387ad7e64a9a4e9d39015e319db221714926453f4a744dfaf9a981d
TR-33914,2024-11-04,2024-11-01,COM,1000169,DESPESA,752.633309574036,752.633309574036,BRL,Manutenção estrutural vinculada à área COM,3,TED,PAGO,b93771a8-49a7-4f5b-9dd2-8dec81399442,2024-12-05,ERP_CORPORATIVO,TRANSACOES_FINANCEIRAS,33914,bc2416a967362cdeb11f5c52ee64c1412922d204f3bc97ea31c48b0f39b86c53
TR-33915,2024-11-11,2024-11-01,COMP,1000169,DESPESA,1906.4166392122245,1906.4166392122245,BRL,Material de marketing solicitado por COMP,15,PIX,PAGO,b93771a8-49a7-4f5b-9dd2-8dec81399442,2024-12-05,ERP_CORPORATIVO,TRANSACOES_FINANCEIRAS,33915,6393088c0a94406d961257f0a4cc87472755d2dc9e2155b1e449b430a304ddff
TR-33916,2024-11-05,2024-11-01,JUR,1000169,DESPESA,1923.8093228083787,1923.8093228083787,BRL,Reparo de frota vinculado à área JUR,17,TED,PAGO,b93771a8-49a7-4f5b-9dd2-8dec81399442,2024-12-05,ERP_CORPORATIVO,TRANSACOES_FINANCEIRAS,33916,9f1ac965000a53dd22366a5fc143518489e9ac2caa44835a76529d4ac619a5f2
TR-33917,2024-11-18,2024-11-01,OP,1000169,DESPESA,1913.3004844696018,1913.3004844696018,USD,Serviço especializado solicitado por OP,1,TRANSFERENCIA,PAGO,b93771a8-49a7-4f5b-9dd2-8dec81399442,2024-12-05,ERP_CORPORATIVO,TRANSACOES_FINANCEIRAS,33917,50f7788cc0b7d0cde5ce244edaa5d0e77cf5a0c0fadeda19c3a87e4633488be0
TR-33918,2024-11-07,2024-11-01,COM,1000169,DESPESA,1893.060699411603,1893.060699411603,BRL,Serviços contábeis externos - COM,25,BOLETO,PAGO,b93771a8-49a7-4f5b-9dd2-8dec81399442,2024-12-05,ERP_CORPORATIVO,TRANSACOES_FINANCEIRAS,33918,20ab2afc9e4896adf2d895e90b7ef1b02b373245f36747cb005690c07e4c1601
TR-33919,2024-11-18,2024-11-01,TI,1000169,RECEITA,1914.7201940265898,1861.0576804509926,BRL,Assessoria legal vinculada à área TI,7,TED,PAGO,b93771a8-49a7-4f5b-9dd2-8dec81399442,2024-12-05,ERP_CORPORATIVO,TRANSACOES_FINANCEIRAS,33919,72cae43f3531ab141a5876bdc50e4281dd9dfec4462e2cb5178e5b5f530f664b
TR-33920,2024-11-11,2024-11-01,RH,1000169,RECEITA,2016.0151136503143,1983.6602562878886,BRL,Prestação de serviço para área RH,1,TRANSFERENCIA,CANCELADO,b93771a8-49a7-4f5b-9dd2-8dec81399442,2024-12-05,ERP_CORPORATIVO,TRANSACOES_FINANCEIRAS,33920,1a6989b2269faa56404348404e391cc21d5bf2440faeb63d5274141047e48894
TR-33921,2024-11-08,2024-11-01,COM,1000169,DESPESA,2261.341712022476,2261.341712022476,BRL,Custo operacional associado a COM,8,TRANSFERENCIA,PAGO,b93771a8-49a7-4f5b-9dd2-8dec81399442,2024-12-05,ERP_CORPORATIVO,TRANSACOES_FINANCEIRAS,33921,af7fbd3b3ac9a2ac7b13be486dd7c60b411f349d6a27db27c13765553729b5d0
TR-33922,2024-11-18,2024-11-01,COMP,1000169,RECEITA,1514.7088908432574,1454.7473469854615,BRL,Campanha institucional - COMP,4,BOLETO,CANCELADO,b93771a8-49a7-4f5b-9dd2-8dec81399442,2024-12-05,ERP_CORPORATIVO,TRANSACOES_FINANCEIRAS,33922,20651fee9e08e7a6d36cdd539858538316ba9330029f516b139e948b4cd03172
TR-33923,2024-11-27,2024-11-01,FIN,1000169,RECEITA,2067.0690123147615,2067.0690123147615,BRL,Aquisição de material operacional - FIN,2,TRANSFERENCIA,PAGO,b93771a8-49a7-4f5b-9dd2-8dec81399442,2024-12-05,ERP_CORPORATIVO,TRANSACOES_FINANCEIRAS,33923,be4731f6e5018f576b99572fdc4a73ed87b700d032c6c483bee004db488076d5
TR-33924,2024-11-22,2024-11-01,ADM,1000169,RECEITA,1841.0133329647715,1841.0133329647715,BRL,Assessoria contábil prestada a ADM,25,BOLETO,PAGO,b93771a8-49a7-4f5b-9dd2-8dec81399442,2024-12-05,ERP_CORPORATIVO,TRANSACOES_FINANCEIRAS,33924,48d1fcc41dad66a5af8210ad4c1531aca2d7e2246b727623c33132b32eae75b7
TR-34152,2024-11-19,2024-11-01,COM,FORN-00172,RECEITA,6206.510471191521,6206.510471191521,BRL,Contrato de serviço - setor COM,1,TED,PAGO,b93771a8-49a7-4f5b-9dd2-8dec81399442,2024-12-05,ERP_CORPORATIVO,TRANSACOES_FINANCEIRAS,34152,d77c344881a4a0fb6839fce157a5daf0d0f2e24a17703f717fbfec4a8621fe70
TR-34153,2024-11-05,2024-11-01,FIN,FORN-00172,DESPESA,3000.541436989566,2936.54403783688,BRL,Manutenção de equipamentos de FIN,28,TRANSFERENCIA,PAGO,b93771a8-49a7-4f5b-9dd2-8dec81399442,2024-12-05,ERP_CORPORATIVO,TRANSACOES_FINANCEIRAS,34153,93781484636a1e52d9099c6f685eb8aa183ab3d09a3bf7eb2b3ae078ed61d49e
TR-34154,2024-11-13,2024-11-01,COM,FORN-00172,DESPESA,3533.059179797996,3533.059179797996,BRL,Despesa de infraestrutura - COM,3,PIX,PAGO,b93771a8-49a7-4f5b-9dd2-8dec81399442,2024-12-05,ERP_CORPORATIVO,TRANSACOES_FINANCEIRAS,34154,79e637f673493f235e17f8d5042321662ef6aa76052db1fa3eee34b819931b23
TR-34155,2024-11-06,2024-11-01,COMP,FORN-00172,RECEITA,2801.8512253467698,2679.3544235529494,BRL,Despesa de RH - COMP,6,TRANSFERENCIA,ATRASADO,b93771a8-49a7-4f5b-9dd2-8dec81399442,2024-12-05,ERP_CORPORATIVO,TRANSACOES_FINANCEIRAS,34155,f1b48c292d03df466ab4a24b196d542f232f654475d4229fb413bbdc669a0cc4
TR-34156,2024-11-14,2024-11-01,COMP,FORN-00172,DESPESA,2480.393581252019,2480.393581252019,BRL,Contrato de serviço - setor COMP,1,TRANSFERENCIA,PAGO,b93771a8-49a7-4f5b-9dd2-8dec81399442,2024-12-05,ERP_CORPORATIVO,TRANSACOES_FINANCEIRAS,34156,a39771b9c87f3e1687e24b3fa605bee5495241f73287eee13359575b71e671cd
TR-34483,2024-11-29,2024-11-01,OP,FORN-00173,DESPESA,2286.9122350457587,2286.9122350457587,BRL,Devolução de venda processada por OP,39,BOLETO,PAGO,b93771a8-49a7-4f5b-9dd2-8dec81399442,2024-12-05,ERP_CORPORATIVO,TRANSACOES_FINANCEIRAS,34483,e9b9cd4d8eb30f72e69ec25a631301eb9680881c8994b8cf4c4c0fe3b53272a5
TR-34484,2024-11-22,2024-11-01,CTB,FORN-00173,DESPESA,2422.088273010793,2422.088273010793,BRL,Abastecimento de veículos - CTB,16,TED,PAGO,b93771a8-49a7-4f5b-9dd2-8dec81399442,2024-12-05,ERP_CORPORATIVO,TRANSACOES_FINANCEIRAS,34484,6116410fa594faf36f644e45fdecf2b4690db30ae571d65e6560adcc46af16ed
TR-34485,2024-11-21,2024-11-01,COMP,FORN-00173,RECEITA,2159.8711553432204,2159.8711553432204,BRL,Prestação de serviço para área COMP,1,PIX,CANCELADO,b93771a8-49a7-4f5b-9dd2-8dec81399442,2024-12-05,ERP_CORPORATIVO,TRANSACOES_FINANCEIRAS,34485,1bc638a278a28ef789dc96edefc7406f2d5ec080608efe207024754b8912072c
TR-34486,2024-11-21,2024-11-01,LOG,FORN-00173,RECEITA,3010.4118910579414,3010.4118910579414,BRL,Despesa de refeição em deslocamento (LOG),20,PIX,PAGO,b93771a8-49a7-4f5b-9dd2-8dec81399442,2024-12-05,ERP_CORPORATIVO,TRANSACOES_FINANCEIRAS,34486,797cd5e47eb849fbdab0360e8f3128b316fe01f5343614e9930b2b43610df38f
TR-34487,2024-11-25,2024-11-01,PES,FORN-00173,DESPESA,2140.5652553663226,2140.5652553663226,BRL,Reparo e conservação de instalações - PES,10,BOLETO,PAGO,b93771a8-49a7-4f5b-9dd2-8dec81399442,2024-12-05,ERP_CORPORATIVO,TRANSACOES_FINANCEIRAS,34487,83887f425bc92e05568fa908fcfc31db93b4cbbf96d9335f3216cfbad1061b72
TR-34488,2024-11-14,2024-11-01,JUR,FORN-00173,DESPESA,2369.711074428679,2369.711074428679,BRL,Reparo de hardware solicitado por JUR,28,TED,PAGO,b93771a8-49a7-4f5b-9dd2-8dec81399442,2024-12-05,ERP_CORPORATIVO,TRANSACOES_FINANCEIRAS,34488,2d0c51968ef79d7903e8dd9bda7257dc1224fb8114c6143cc89d6bcd1273d784
TR-34489,2024-11-21,2024-11-01,QAS,FORN-00173,DESPESA,3785.8615666723454,3785.8615666723454,USD,Capacitação profissional vinculada a QAS,30,TED,PAGO,b93771a8-49a7-4f5b-9dd2-8dec81399442,2024-12-05,ERP_CORPORATIVO,TRANSACOES_FINANCEIRAS,34489,742dfcd81c290781635868b7de4634ae50204df517b52adab8321bec1e160e5f
TR-34490,2024-11-15,2024-11-01,VND,FORN-00173,DESPESA,2673.0467006210483,2620.2373594503188,BRL,Juros sobre operação financeira - VND,23,TRANSFERENCIA,PAGO,b93771a8-49a7-4f5b-9dd2-8dec81399442,2024-12-05,ERP_CORPORATIVO,TRANSACOES_FINANCEIRAS,34490,9f928deebe58879b40cd237d4aa6274c6b36d92ade27d828a82ceeed6e3ce929
TR-34491,2024-11-18,2024-11-01,FIN,FORN-00173,DESPESA,2417.5561032407422,2417.5561032407422,BRL,Serviço especializado solicitado por FIN,1,TED,PAGO,b93771a8-49a7-4f5b-9dd2-8dec81399442,2024-12-05,ERP_CORPORATIVO,TRANSACOES_FINANCEIRAS,34491,760ad8fb3f02fb583de4d44ca649f200d24ff1aad545b2de955165d842e43237
TR-34492,2024-11-05,2024-11-01,LOG,FORN-00173,RECEITA,2050.574691132512,2050.574691132512,BRL,Despesa de RH - LOG,6,TED,PAGO,b93771a8-49a7-4f5b-9dd2-8dec81399442,2024-12-05,ERP_CORPORATIVO,TRANSACOES_FINANCEIRAS,34492,5dc6f8ac950f4de919e6858832db412c67ad011128a895af9f1dd01bbd4046ee
TR-34493,2024-11-06,2024-11-01,COMP,FORN-00173,DESPESA,2251.1694662735827,2251.1694662735827,BRL,Receita de aluguel creditada em COMP,31,TED,PAGO,b93771a8-49a7-4f5b-9dd2-8dec81399442,2024-12-05,ERP_CORPORATIVO,TRANSACOES_FINANCEIRAS,34493,300482acb464248aa62ff38d1cfe86324ffc9f5d3a7963642dc566acc534871a
TR-34494,2024-11-11,2024-11-01,PES,FORN-00173,RECEITA,1933.953836462678,1933.953836462678,BRL,Produção de material gráfico - PES,15,TRANSFERENCIA,PAGO,b93771a8-49a7-4f5b-9dd2-8dec81399442,2024-12-05,ERP_CORPORATIVO,TRANSACOES_FINANCEIRAS,34494,e47593a49379370bfb2c00e85fc6eb190c378d69dc930cae3669cfb2dd18f7f9
TR-34820,2024-11-13,2024-11-01,MKT,1000173,RECEITA,3561.8732579825864,3561.8732579825864,BRL,Campanha institucional - MKT,4,PIX,PAGO,b93771a8-49a7-4f5b-9dd2-8dec81399442,2024-12-05,ERP_CORPORATIVO,TRANSACOES_FINANCEIRAS,34820,fd7c9016163e6672158ede164d4c9548ee09546e0a6be64c9d9e757814332944
TR-34821,2024-11-13,2024-11-01,TI,1000173,DESPESA,1843.125624400926,1808.9133029025106,BRL,Compra de insumos para setor TI,2,BOLETO,PAGO,b93771a8-49a7-4f5b-9dd2-8dec81399442,2024-12-05,ERP_CORPORATIVO,TRANSACOES_FINANCEIRAS,34821,d60a66bdc09d393e119f8ade0a58cb1fb306b72444561b1f15a978a7d342d66f
TR-34822,2024-11-25,2024-11-01,CTB,1000173,RECEITA,1563.303773615754,1563.303773615754,BRL,Despesa operacional - CTB,8,PIX,PAGO,b93771a8-49a7-4f5b-9dd2-8dec81399442,2024-12-05,ERP_CORPORATIVO,TRANSACOES_FINANCEIRAS,34822,414a7058b8e6e920be19d71186d89b74430be8fc9e73b588638f74240c25b8f3
TR-34823,2024-11-06,2024-11-01,CPT,1000173,RECEITA,1638.3346367952827,1574.5125808745352,BRL,Contrato de serviço - setor CPT,1,TRANSFERENCIA,ATRASADO,b93771a8-49a7-4f5b-9dd2-8dec81399442,2024-12-05,ERP_CORPORATIVO,TRANSACOES_FINANCEIRAS,34823,dcce6313e94177443c15e1902186f34b9c2674f7bd6cfd45e5939b04e96d8514
TR-34824,2024-11-13,2024-11-01,FIN,1000173,DESPESA,1698.6901384496794,1662.1580338184403,BRL,Investimento em marketing corporativo (FIN),4,PIX,PAGO,b93771a8-49a7-4f5b-9dd2-8dec81399442,2024-12-05,ERP_CORPORATIVO,TRANSACOES_FINANCEIRAS,34824,58eebbf7852f9d3a46eef97cce3f0f8d833ae96e4c75425aac5ef0f466af54c8
TR-34825,2024-11-11,2024-11-01,JUR,1000173,DESPESA,1624.2623142457478,1624.2623142457478,BRL,Treinamento corporativo para equipe JUR,30,PIX,PAGO,b93771a8-49a7-4f5b-9dd2-8dec81399442,2024-12-05,ERP_CORPORATIVO,TRANSACOES_FINANCEIRAS,34825,759ce0009e7cfb45862e98b8a0d081e0a627b246c7809e93e04c8be070c55e64
TR-34826,2024-11-14,2024-11-01,LOG,1000173,RECEITA,1396.5954440885023,1357.5844131331305,BRL,Contrato de consultoria externa - LOG,12,TRANSFERENCIA,PAGO,b93771a8-49a7-4f5b-9dd2-8dec81399442,2024-12-05,ERP_CORPORATIVO,TRANSACOES_FINANCEIRAS,34826,0d3017399cce2db558c6d80fcb02afc82f9fd4664000b5812c758b44caedfdbf
TR-34827,2024-11-12,2024-11-01,OP,1000173,DESPESA,1419.731254488936,1419.731254488936,BRL,Royalties recebidos por OP,32,PIX,ATRASADO,b93771a8-49a7-4f5b-9dd2-8dec81399442,2024-12-05,ERP_CORPORATIVO,TRANSACOES_FINANCEIRAS,34827,e49ad4e1ea5ca03ea2a179cd57a0fa81b07b71641e1b1717ee44412d9c89fa49
TR-34828,2024-11-07,2024-11-01,ATD,1000173,DESPESA,1568.4087430873037,1568.4087430873037,BRL,Custo operacional associado a ATD,8,CARTAO,PAGO,b93771a8-49a7-4f5b-9dd2-8dec81399442,2024-12-05,ERP_CORPORATIVO,TRANSACOES_FINANCEIRAS,34828,8def746c3c2ecfd7a69848d4a0cc70c85908972e0324060ee8cdf7741de184c2
TR-34829,2024-11-12,2024-11-01,FIN,1000173,DESPESA,1665.4222016591339,1665.4222016591339,BRL,Consultoria estratégica para área FIN,12,BOLETO,CANCELADO,b93771a8-49a7-4f5b-9dd2-8dec81399442,2024-12-05,ERP_CORPORATIVO,TRANSACOES_FINANCEIRAS,34829,efe1ce082414fd13e53b2db91c5b45fa2978bcb70e8cd6d9b01174864373bbe0
TR-34830,2024-11-21,2024-11-01,FIN,1000173,DESPESA,1579.553871713853,1506.6442452741126,BRL,Contrato de serviço - setor FIN,1,PIX,PAGO,b93771a8-49a7-4f5b-9dd2-8dec81399442,2024-12-05,ERP_CORPORATIVO,TRANSACOES_FINANCEIRAS,34830,72f31f8a9330fc203be8009e50879d1320d13b6e1b086ebfc450c0c2e3cb422d
TR-34831,2024-11-14,2024-11-01,COMP,1000173,RECEITA,1376.7198512446366,1376.7198512446366,BRL,Manutenção de equipamentos de COMP,28,BOLETO,PAGO,b93771a8-49a7-4f5b-9dd2-8dec81399442,2024-12-05,ERP_CORPORATIVO,TRANSACOES_FINANCEIRAS,34831,b89ca589edfb292dac25d9567746c042115324d59ca20fa47d14d30fdbb93f06
TR-34832,2024-11-21,2024-11-01,OP,1000173,RECEITA,1490.0283045430904,1490.0283045430904,BRL,Custo operacional associado a OP,8,TED,ATRASADO,b93771a8-49a7-4f5b-9dd2-8dec81399442,2024-12-05,ERP_CORPORATIVO,TRANSACOES_FINANCEIRAS,34832,080ac993683d102cf742c8f50ae6fff2a7876b28af8602d919e3a6caa5f7cdb9
TR-34833,2024-11-13,2024-11-01,MKT,1000173,RECEITA,1329.2582443091271,1277.485462867549,BRL,Reparo e conservação de instalações - MKT,10,PIX,PAGO,b93771a8-49a7-4f5b-9dd2-8dec81399442,2024-12-05,ERP_CORPORATIVO,TRANSACOES_FINANCEIRAS,34833,417928d62b491ca99d501563b2f2e09c0346cf045352778ccbc8656d745e5e16
TR-34834,2024-11-08,2024-11-01,MKT,1000173,DESPESA,1619.5070852199783,1619.5070852199783,BRL,Renovação de certificados digitais - MKT,26,BOLETO,PAGO,b93771a8-49a7-4f5b-9dd2-8dec81399442,2024-12-05,ERP_CORPORATIVO,TRANSACOES_FINANCEIRAS,34834,33b9373826d2218764f94cdcf5c4bfec98e72e170545d2eba9832f48227c0d69
TR-34835,2024-11-19,2024-11-01,FIN,1000173,DESPESA,1861.295852935961,1861.295852935961,BRL,Locação de espaço comercial - FIN,31,TRANSFERENCIA,PAGO,b93771a8-49a7-4f5b-9dd2-8dec81399442,2024-12-05,ERP_CORPORATIVO,TRANSACOES_FINANCEIRAS,34835,6059732ae1747d34f5d33aca373b28c4db1a88a67e82edb1692de6eb9e08a613
TR-34836,2024-11-20,2024-11-01,JUR,1000173,RECEITA,1609.6420107661029,1609.6420107661029,BRL,Serviço relacionado a recursos humanos (JUR),6,TED,ATRASADO,b93771a8-49a7-4f5b-9dd2-8dec81399442,2024-12-05,ERP_CORPORATIVO,TRANSACOES_FINANCEIRAS,34836,513cfc45cf242a6a8976746a204875531262ac3a88a1405bb310f553267bb600
TR-34837,2024-11-18,2024-11-01,OP,1000173,RECEITA,1255.8080785993607,1255.8080785993607,BRL,Taxas bancárias incidentes em OP,22,TRANSFERENCIA,PAGO,b93771a8-49a7-4f5b-9dd2-8dec81399442,2024-12-05,ERP_CORPORATIVO,TRANSACOES_FINANCEIRAS,34837,90f1e6db7d0fc7ef51fc6201d21965bd6c7821b13952473bc9ed73e05317b958
TR-34838,2024-11-13,2024-11-01,SEC,1000173,DESPESA,1543.1631073065378,1543.1631073065378,BRL,Aquisição de material operacional - SEC,2,TED,PAGO,b93771a8-49a7-4f5b-9dd2-8dec81399442,2024-12-05,ERP_CORPORATIVO,TRANSACOES_FINANCEIRAS,34838,5e53000b626204cb8b24002cc7259a6e41bc7398193b7ab55943782386cb7865
TR-34839,2024-11-19,2024-11-01,PES,1000173,DESPESA,1524.8097925666468,1524.8097925666468,BRL,Combustível e lubrificantes para frota (PES),16,TED,PAGO,b93771a8-49a7-4f5b-9dd2-8dec81399442,2024-12-05,ERP_CORPORATIVO,TRANSACOES_FINANCEIRAS,34839,e4828a57436585e1bbdd58b3f7629b7f0d2a9f49d21d5a8bfffd8c46d783a28e
TR-35114,2024-11-18,2024-11-01,CTB,1000174,DESPESA,10650.534791702396,10650.534791702396,BRL,Assessoria legal vinculada à área CTB,7,PIX,PAGO,b93771a8-49a7-4f5b-9dd2-8dec81399442,2024-12-05,ERP_CORPORATIVO,TRANSACOES_FINANCEIRAS,35114,83148e58f280663bdf2cbe8510b2d23979fd92766ce228d3ba1bc2b4867d0d3d
TR-35115,2024-11-11,2024-11-01,COMP,1000174,RECEITA,12424.550343103967,12424.550343103967,BRL,Produção de material gráfico - COMP,15,PIX,PAGO,b93771a8-49a7-4f5b-9dd2-8dec81399442,2024-12-05,ERP_CORPORATIVO,TRANSACOES_FINANCEIRAS,35115,abdf40c9d38fc4b0ce7d81237a6b8306464b98b9ab05803b2b0a411a167558af
TR-35116,2024-11-13,2024-11-01,COM,1000174,RECEITA,11110.483534500034,11110.483534500034,BRL,Devolução de venda processada por COM,39,BOLETO,PAGO,b93771a8-49a7-4f5b-9dd2-8dec81399442,2024-12-05,ERP_CORPORATIVO,TRANSACOES_FINANCEIRAS,35116,8c27792ba44a61c2be0f4f34a588d727b4c7de0390a579f5324c378a3135a42a
TR-35117,2024-11-12,2024-11-01,FIN,1000174,RECEITA,11250.660575418944,11250.660575418944,BRL,Passagem aérea para colaborador de FIN,18,TRANSFERENCIA,ATRASADO,b93771a8-49a7-4f5b-9dd2-8dec81399442,2024-12-05,ERP_CORPORATIVO,TRANSACOES_FINANCEIRAS,35117,9b15253faf8f07badd387817c7d5fa54344a2215ad6f8905c5e5ab969f1992c7
TR-35118,2024-11-12,2024-11-01,MKT,1000174,DESPESA,10308.026771273866,10308.026771273866,BRL,Serviço de tecnologia contratado por MKT,5,BOLETO,PAGO,b93771a8-49a7-4f5b-9dd2-8dec81399442,2024-12-05,ERP_CORPORATIVO,TRANSACOES_FINANCEIRAS,35118,69ca257e732271f89f5304c336a66f805108570e59fcca268a15da1f59cdafdd
TR-35119,2024-11-12,2024-11-01,MKT,1000174,DESPESA,21044.360270139507,21044.360270139507,USD,Manutenção estrutural vinculada à área MKT,3,TRANSFERENCIA,PAGO,b93771a8-49a7-4f5b-9dd2-8dec81399442,2024-12-05,ERP_CORPORATIVO,TRANSACOES_FINANCEIRAS,35119,b146693b1f40ec82e97d9fa780d5bc4cac7de2cf1ba11abca1d3ea7f6337884c
TR-35120,2024-11-11,2024-11-01,COMP,1000174,DESPESA,11606.390564262996,11606.390564262996,BRL,Imposto sobre venda apurado em COMP,40,PIX,PAGO,b93771a8-49a7-4f5b-9dd2-8dec81399442,2024-12-05,ERP_CORPORATIVO,TRANSACOES_FINANCEIRAS,35120,e78587163fee2b05662292bc8f8fb99e7f6148db8bbb4af7b834be9d654f45f9
TR-35121,2024-11-18,2024-11-01,PJT,1000174,DESPESA,12334.793231464153,12334.793231464153,BRL,Reparo de hardware solicitado por PJT,28,PIX,PAGO,b93771a8-49a7-4f5b-9dd2-8dec81399442,2024-12-05,ERP_CORPORATIVO,TRANSACOES_FINANCEIRAS,35121,025b503bfa003aa72fb9f5ee2ba314b56f9e83388a5b492ff6b4ebf7dd09aff2
TR-35302,2024-11-04,2024-11-01,LOG,FORN-00176,DESPESA,2154.238278668936,2154.238278668936,BRL,Receita extraordinária - LOG,37,BOLETO,PAGO,b93771a8-49a7-4f5b-9dd2-8dec81399442,2024-12-05,ERP_CORPORATIVO,TRANSACOES_FINANCEIRAS,35302,77ede4a7070f3c1e1732eaaad8c7485ca34d2acc1f7d964a435faa544124de5e
TR-35303,2024-11-11,2024-11-01,FIN,FORN-00176,DESPESA,1930.232614297759,1906.934356320324,BRL,Contrato de serviço - setor FIN,1,BOLETO,PAGO,b93771a8-49a7-4f5b-9dd2-8dec81399442,2024-12-05,ERP_CORPORATIVO,TRANSACOES_FINANCEIRAS,35303,369b6ab570e3bebb165a00d7e918ebf883f5a3e2bd939ee47f69f0afa79b4b5b
TR-35304,2024-11-18,2024-11-01,COMP,FORN-00176,RECEITA,2599.7358326026683,2566.1169911673423,BRL,Despesa de refeição em deslocamento (COMP),20,CARTAO,PAGO,b93771a8-49a7-4f5b-9dd2-8dec81399442,2024-12-05,ERP_CORPORATIVO,TRANSACOES_FINANCEIRAS,35304,ac6559b18d5d5033f3ca19afcb24e502ba3dc86bd10f591e207332eb10050288
TR-35305,2024-11-19,2024-11-01,OP,FORN-00176,RECEITA,1820.3529049082993,1820.3529049082993,BRL,Atendimento de TI requisitado por OP,29,BOLETO,ATRASADO,b93771a8-49a7-4f5b-9dd2-8dec81399442,2024-12-05,ERP_CORPORATIVO,TRANSACOES_FINANCEIRAS,35305,ff46200f2cd70e4c75fe21d291835a1710c39be172ec0fcfc667bbf98a63a989
TR-35306,2024-11-12,2024-11-01,RH,FORN-00176,DESPESA,2113.01098686602,2018.5514758686722,BRL,Custo operacional associado a RH,8,BOLETO,PAGO,b93771a8-49a7-4f5b-9dd2-8dec81399442,2024-12-05,ERP_CORPORATIVO,TRANSACOES_FINANCEIRAS,35306,f6329ab9dc65102382ce253e0cd6e14a3b80d6cab97f5deda47f128b0c647001
TR-35307,2024-11-04,2024-11-01,FIN,FORN-00176,RECEITA,2005.480882854125,2005.480882854125,BRL,Contrato de serviço - setor FIN,1,TED,ATRASADO,b93771a8-49a7-4f5b-9dd2-8dec81399442,2024-12-05,ERP_CORPORATIVO,TRANSACOES_FINANCEIRAS,35307,83a716badb5caeeb1444d23f196dd5c4dcad38bae511b67ba1a9be62951b0596
TR-35308,2024-11-04,2024-11-01,COM,FORN-00176,DESPESA,2176.649942352172,2176.649942352172,USD,Serviço de telefonia e internet - COM,9,CARTAO,PAGO,b93771a8-49a7-4f5b-9dd2-8dec81399442,2024-12-05,ERP_CORPORATIVO,TRANSACOES_FINANCEIRAS,35308,6bdbcc8a75e75b1373e705bf1718fcce35f9556d36a305111aea4e000c3d2a9d
TR-35309,2024-11-18,2024-11-01,MKT,FORN-00176,RECEITA,2169.2076296746895,2136.8299745461577,BRL,Reparo e conservação de instalações - MKT,10,BOLETO,PAGO,b93771a8-49a7-4f5b-9dd2-8dec81399442,2024-12-05,ERP_CORPORATIVO,TRANSACOES_FINANCEIRAS,35309,fd30fa693668c74d0edafeca208504c544f98ccb4704d283f03b04e9befc44ea
TR-35310,2024-11-14,2024-11-01,QAS,FORN-00176,RECEITA,4623.566936005172,4623.566936005172,BRL,Manutenção estrutural vinculada à área QAS,3,BOLETO,PAGO,b93771a8-49a7-4f5b-9dd2-8dec81399442,2024-12-05,ERP_CORPORATIVO,TRANSACOES_FINANCEIRAS,35310,a3952ed11196822fd2e08bfac1771c86e94b70d01276cc1efc947c10d37fb1f8
TR-35311,2024-11-13,2024-11-01,TI,FORN-00176,DESPESA,2446.6598480377934,2446.6598480377934,BRL,Alienação de bem patrimonial - TI,35,BOLETO,PAGO,b93771a8-49a7-4f5b-9dd2-8dec81399442,2024-12-05,ERP_CORPORATIVO,TRANSACOES_FINANCEIRAS,35311,d93f712ca740324a677f443fc3b3995b15d401244d021b4f220784c5da8a781d
TR-35312,2024-11-18,2024-11-01,OP,FORN-00176,DESPESA,2169.5271702721902,2107.271323114583,BRL,Despesa de infraestrutura - OP,3,PIX,PAGO,b93771a8-49a7-4f5b-9dd2-8dec81399442,2024-12-05,ERP_CORPORATIVO,TRANSACOES_FINANCEIRAS,35312,21245d788a056cf3ef96a51005fc0e5146f30543f7312fae1803ab231ed4f161
TR-35313,2024-11-11,2024-11-01,JUR,FORN-00176,RECEITA,2484.008318008619,2484.008318008619,BRL,Estorno de receita - JUR,39,PIX,PAGO,b93771a8-49a7-4f5b-9dd2-8dec81399442,2024-12-05,ERP_CORPORATIVO,TRANSACOES_FINANCEIRAS,35313,de618d154b32d6b34eb9befb22cd82a7589e689645794df218bb7d05a1023a05
TR-35314,2024-11-14,2024-11-01,PRD,FORN-00176,DESPESA,1956.3406127597452,1956.3406127597452,BRL,Treinamento corporativo para equipe PRD,30,PIX,PAGO,b93771a8-49a7-4f5b-9dd2-8dec81399442,2024-12-05,ERP_CORPORATIVO,TRANSACOES_FINANCEIRAS,35314,6985d764859cb9c1d3523f5d4cda32ab6f9c691591c4b36eb622f5934a6b57af
TR-35315,2024-11-11,2024-11-01,PES,FORN-00176,DESPESA,1973.9009442927136,1875.9930459075742,BRL,Combustível e lubrificantes para frota (PES),16,TED,PAGO,b93771a8-49a7-4f5b-9dd2-8dec81399442,2024-12-05,ERP_CORPORATIVO,TRANSACOES_FINANCEIRAS,35315,209ad53cb221f2b9aba4936e7b14adf5b33045061aca0f615b5d6a6b1de366b5
TR-35316,2024-11-13,2024-11-01,FIN,FORN-00176,DESPESA,1968.6282060529,1887.531885618258,BRL,Despesa operacional - FIN,8,TED,ATRASADO,b93771a8-49a7-4f5b-9dd2-8dec81399442,2024-12-05,ERP_CORPORATIVO,TRANSACOES_FINANCEIRAS,35316,9e3e326be78615441aeb304fdd43a64193147bbe86ecff17943327a41c671de9
TR-35317,2024-11-14,2024-11-01,FIN,FORN-00176,DESPESA,2316.091238854234,2316.091238854234,BRL,Certificado digital adquirido por FIN,26,BOLETO,PAGO,b93771a8-49a7-4f5b-9dd2-8dec81399442,2024-12-05,ERP_CORPORATIVO,TRANSACOES_FINANCEIRAS,35317,d205b9de111b10b54dc1a7922c628304beb904066ed11a16d31c7918115e4299
TR-35318,2024-11-11,2024-11-01,ESG,FORN-00176,RECEITA,2618.8338337366795,2618.8338337366795,BRL,Campanha institucional - ESG,4,TED,PAGO,b93771a8-49a7-4f5b-9dd2-8dec81399442,2024-12-05,ERP_CORPORATIVO,TRANSACOES_FINANCEIRAS,35318,d3c00af77f7d05c8dee1f75bb068aa79d4951dc18ccc14d045c953285cc4b4c9
TR-35319,2024-11-07,2024-11-01,FIN,FORN-00176,DESPESA,2133.140597108415,2133.140597108415,BRL,Juros sobre operação financeira - FIN,23,CARTAO,PAGO,b93771a8-49a7-4f5b-9dd2-8dec81399442,2024-12-05,ERP_CORPORATIVO,TRANSACOES_FINANCEIRAS,35319,44a8e1bb6e0cf478666373b39c5134a4913911faf089fec60f1894def3da92cb
TR-35320,2024-11-05,2024-11-01,TI,FORN-00176,RECEITA,3023.824109265927,2975.5129309244185,BRL,Campanha institucional - TI,4,BOLETO,PAGO,b93771a8-49a7-4f5b-9dd2-8dec81399442,2024-12-05,ERP_CORPORATIVO,TRANSACOES_FINANCEIRAS,35320,ad07ab0e6f5c97ec92f8193076b8ccd8dde66398a6c01b4965cbc2749f381a1a
TR-35635,2024-11-18,2024-11-01,PES,1000176,RECEITA,2130.2748459019067,2130.2748459019067,BRL,Compra de insumos para setor PES,2,PIX,PAGO,b93771a8-49a7-4f5b-9dd2-8dec81399442,2024-12-05,ERP_CORPORATIVO,TRANSACOES_FINANCEIRAS,35635,0da7b7d3cf9d94ee1909305321dd0e2f7a88185738bb64ed092acc07bc834dff
TR-35636,2024-11-25,2024-11-01,PJT,1000176,RECEITA,2214.3957419767567,2214.3957419767567,BRL,Serviço especializado solicitado por PJT,1,PIX,PAGO,b93771a8-49a7-4f5b-9dd2-8dec81399442,2024-12-05,ERP_CORPORATIVO,TRANSACOES_FINANCEIRAS,35636,cdf37342ca9ab2c50cfe03cf51e1d626c616b8285dc0d3bdc616f3585177011b
TR-35637,2024-11-18,2024-11-01,CPT,1000176,RECEITA,1998.1400398366418,1947.3804650665174,BRL,Desconto concedido em operação de CPT,38,PIX,CANCELADO,b93771a8-49a7-4f5b-9dd2-8dec81399442,2024-12-05,ERP_CORPORATIVO,TRANSACOES_FINANCEIRAS,35637,aac806e3d283cb3dbccadcc0d3305a27549825600e949c8b2d064e56b5896057
TR-35638,2024-11-14,2024-11-01,FIN,1000176,DESPESA,2286.2676188388496,2245.112687955547,BRL,Licenciamento de software - FIN,5,BOLETO,PAGO,b93771a8-49a7-4f5b-9dd2-8dec81399442,2024-12-05,ERP_CORPORATIVO,TRANSACOES_FINANCEIRAS,35638,d7988fd7ae0237005dc580bb7f24e5a006228f58cabffd296e5afe0cff9d893d
TR-35639,2024-11-21,2024-11-01,ADM,1000176,DESPESA,2171.8957301421015,2086.854267485327,EUR,Aquisição de material operacional - ADM,2,PIX,ATRASADO,b93771a8-49a7-4f5b-9dd2-8dec81399442,2024-12-05,ERP_CORPORATIVO,TRANSACOES_FINANCEIRAS,35639,924cb3ab5195aa733ea1b4f3727c523afe80a73d7cb6917725fdf55a20ff7f93
TR-35640,2024-11-11,2024-11-01,CPT,1000176,DESPESA,2294.6421734310443,2294.6421734310443,BRL,Manutenção de equipamentos de CPT,28,PIX,CANCELADO,b93771a8-49a7-4f5b-9dd2-8dec81399442,2024-12-05,ERP_CORPORATIVO,TRANSACOES_FINANCEIRAS,35640,0c480d4ba34006a709e4ff1e539ae832bae4d1e7652e316d0ca34f33d3664813
TR-35641,2024-11-18,2024-11-01,RH,1000176,DESPESA,2496.51045419368,2496.51045419368,BRL,Prestação de serviço para área RH,1,TED,PAGO,b93771a8-49a7-4f5b-9dd2-8dec81399442,2024-12-05,ERP_CORPORATIVO,TRANSACOES_FINANCEIRAS,35641,881a4889dc91dbea03590437c8cd4135c1fa120b2df135a5e4239940c97a1280
TR-35642,2024-11-11,2024-11-01,VND,1000176,DESPESA,1810.9660652037064,1810.9660652037064,USD,Licença de software para área VND,27,PIX,PAGO,b93771a8-49a7-4f5b-9dd2-8dec81399442,2024-12-05,ERP_CORPORATIVO,TRANSACOES_FINANCEIRAS,35642,308e5bc554722bfc0d897fbf17add69033051d7c5f455f102c1baf7d411ee540
TR-35643,2024-11-15,2024-11-01,PES,1000176,RECEITA,2035.4578601409364,2035.4578601409364,BRL,Licenciamento de software - PES,5,TRANSFERENCIA,PAGO,b93771a8-49a7-4f5b-9dd2-8dec81399442,2024-12-05,ERP_CORPORATIVO,TRANSACOES_FINANCEIRAS,35643,5033919a8a3dd5befcd90c300b866f08cb22796018ac1d607afdc3bf07276768
TR-35644,2024-11-11,2024-11-01,MKT,1000176,DESPESA,1959.51820517188,1959.51820517188,BRL,Despesa operacional - MKT,8,BOLETO,PAGO,b93771a8-49a7-4f5b-9dd2-8dec81399442,2024-12-05,ERP_CORPORATIVO,TRANSACOES_FINANCEIRAS,35644,d9448f7e4974a63a52d5542a757bed1e82adcc56d563f92607d423bb2bb813e6
TR-35645,2024-11-08,2024-11-01,PJT,1000176,RECEITA,4966.627876777374,4911.67557886487,BRL,Recebimento de subvenção - PJT,36,BOLETO,PAGO,b93771a8-49a7-4f5b-9dd2-8dec81399442,2024-12-05,ERP_CORPORATIVO,TRANSACOES_FINANCEIRAS,35645,20c2fe8399d53e2ce41f26cb205d9972fbff833dbf346a382a8c7a885c3bea1a
TR-35646,2024-11-15,2024-11-01,MKT,1000176,RECEITA,2245.016452313583,2245.016452313583,USD,Locação de espaço comercial - MKT,31,BOLETO,PAGO,b93771a8-49a7-4f5b-9dd2-8dec81399442,2024-12-05,ERP_CORPORATIVO,TRANSACOES_FINANCEIRAS,35646,0a2e1c70405fe81d28179f4737e9b57e44822a98a997524244f9e8ff9406c8bc
TR-36134,2024-11-22,2024-11-01,PES,1000179,RECEITA,8954.70877962629,8954.70877962629,BRL,Serviço especializado solicitado por PES,1,CARTAO,PAGO,b93771a8-49a7-4f5b-9dd2-8dec81399442,2024-12-05,ERP_CORPORATIVO,TRANSACOES_FINANCEIRAS,36134,5864acaa176648250da6dc361203c639a08ed2e25d9fdd46e61b19315c623a16
TR-36135,2024-11-18,2024-11-01,COMP,1000179,DESPESA,8411.048819120228,8411.048819120228,BRL,Imposto sobre venda apurado em COMP,40,TRANSFERENCIA,PAGO,b93771a8-49a7-4f5b-9dd2-8dec81399442,2024-12-05,ERP_CORPORATIVO,TRANSACOES_FINANCEIRAS,36135,ca9d5eeac1f9ed51e40de6e67e60bbee190a19f787d1bedfe23b66e4e7e214da
TR-36136,2024-11-13,2024-11-01,OP,1000179,RECEITA,14861.92661478324,14861.92661478324,BRL,Propaganda e divulgação para área OP,13,TED,PAGO,b93771a8-49a7-4f5b-9dd2-8dec81399442,2024-12-05,ERP_CORPORATIVO,TRANSACOES_FINANCEIRAS,36136,54a27b40a2f59d69a09246e89c33441cb7801eca0aabb82c4a3bf039e1c6f6d7
TR-36137,2024-11-11,2024-11-01,OP,1000179,DESPESA,7910.412398323811,7910.412398323811,BRL,Despesa jurídica da área OP,24,TRANSFERENCIA,PAGO,b93771a8-49a7-4f5b-9dd2-8dec81399442,2024-12-05,ERP_CORPORATIVO,TRANSACOES_FINANCEIRAS,36137,58d35727882fed081f82ea4a5ec1729ca64860f75e9b32bad5bea83812f3078d
TR-36138,2024-11-25,2024-11-01,COM,1000179,DESPESA,7554.730256003914,7215.6537332211155,BRL,Despesa operacional - COM,8,PIX,PAGO,b93771a8-49a7-4f5b-9dd2-8dec81399442,2024-12-05,ERP_CORPORATIVO,TRANSACOES_FINANCEIRAS,36138,64001ed42687e87c33d6aec675d5df89cf2c83fe751b75ed9960b79dd3f577d5
TR-36139,2024-11-18,2024-11-01,ADM,1000179,RECEITA,8313.833964935371,8313.833964935371,BRL,Devolução de venda processada por ADM,39,TRANSFERENCIA,PAGO,b93771a8-49a7-4f5b-9dd2-8dec81399442,2024-12-05,ERP_CORPORATIVO,TRANSACOES_FINANCEIRAS,36139,f7b253446c90d1447d2fbde9c5289e7a5ed070294aa544bc80dce22db9365d85
TR-36140,2024-11-20,2024-11-01,FIN,1000179,DESPESA,6978.2841384315725,6978.2841384315725,BRL,Prestação de serviço para área FIN,1,TED,PAGO,b93771a8-49a7-4f5b-9dd2-8dec81399442,2024-12-05,ERP_CORPORATIVO,TRANSACOES_FINANCEIRAS,36140,71ab75fcf4e68ae69cb35178bae8d9681e1bb0604665481f9f799e6def79025a
TR-36141,2024-11-08,2024-11-01,TI,1000179,DESPESA,8325.171891649585,7947.780248846812,BRL,Assessoria legal vinculada à área TI,7,TRANSFERENCIA,PAGO,b93771a8-49a7-4f5b-9dd2-8dec81399442,2024-12-05,ERP_CORPORATIVO,TRANSACOES_FINANCEIRAS,36141,fb3f949f30ed47f48521017f56b848dcdda934a99a4afb3b7a5fbebac57467a7
TR-36142,2024-11-22,2024-11-01,OP,1000179,RECEITA,8671.955704366517,8538.747455681654,BRL,Venda de ativo imobilizado por OP,35,BOLETO,ATRASADO,b93771a8-49a7-4f5b-9dd2-8dec81399442,2024-12-05,ERP_CORPORATIVO,TRANSACOES_FINANCEIRAS,36142,0f895a540473b2c604d691138f95fcb0ce14c74b33ce36f7fa4269144cf64529
TR-36143,2024-11-20,2024-11-01,LOG,1000179,DESPESA,9146.43296991307,8894.189333419583,BRL,Reparo de hardware solicitado por LOG,28,BOLETO,PAGO,b93771a8-49a7-4f5b-9dd2-8dec81399442,2024-12-05,ERP_CORPORATIVO,TRANSACOES_FINANCEIRAS,36143,e67301679dc3026cc3e07467e8999ec08cebbf06c99acb24b68f366109bd4171
TR-36144,2024-11-21,2024-11-01,JUR,1000179,RECEITA,8534.593024780575,8443.022857164746,BRL,Despesa de RH - JUR,6,BOLETO,CANCELADO,b93771a8-49a7-4f5b-9dd2-8dec81399442,2024-12-05,ERP_CORPORATIVO,TRANSACOES_FINANCEIRAS,36144,307743a45c4b0a5d70d7ebf184919cebbcfc2ad1f11e7c19e4656932ffc799e4
TR-36407,2024-11-13,2024-11-01,RH,ACC-00181,DESPESA,2191.3987360472106,2191.3987360472106,BRL,Custo operacional associado a RH,8,BOLETO,PAGO,b93771a8-49a7-4f5b-9dd2-8dec81399442,2024-12-05,ERP_CORPORATIVO,TRANSACOES_FINANCEIRAS,36407,f1fd9ec5205011fe2e459d2d13bbb767b2a2caef1de276b30aeeb63baf9ba5b2
TR-36408,2024-11-08,2024-11-01,OP,ACC-00181,DESPESA,1778.1933114845099,1778.1933114845099,BRL,Imposto sobre venda apurado em OP,40,CARTAO,PAGO,b93771a8-49a7-4f5b-9dd2-8dec81399442,2024-12-05,ERP_CORPORATIVO,TRANSACOES_FINANCEIRAS,36408,a2425b262e1b5e01c2852fce54b9ee993668cca60f036fa200ce89d256851b7e
TR-36409,2024-11-25,2024-11-01,JUR,ACC-00181,DESPESA,1742.0517686425221,1742.0517686425221,BRL,Devolução de venda processada por JUR,39,TRANSFERENCIA,PAGO,b93771a8-49a7-4f5b-9dd2-8dec81399442,2024-12-05,ERP_CORPORATIVO,TRANSACOES_FINANCEIRAS,36409,f5a84bd3efc4210c92b257a3ed7ceb233e535e6c3cf4e5d6f6d44cd9b66342a6
TR-36410,2024-11-12,2024-11-01,PES,ACC-00181,RECEITA,1695.5370484004252,1695.5370484004252,BRL,Compra de insumos para setor PES,2,CARTAO,PAGO,b93771a8-49a7-4f5b-9dd2-8dec81399442,2024-12-05,ERP_CORPORATIVO,TRANSACOES_FINANCEIRAS,36410,5d896b4d31cb5d9bd165d2a36322409e8111101acebfa681cdc7469fe6c8532e
TR-36411,2024-11-22,2024-11-01,TI,ACC-00181,DESPESA,1780.702463884386,1693.3258606170791,BRL,Honorários profissionais contratados por TI,11,CARTAO,PAGO,b93771a8-49a7-4f5b-9dd2-8dec81399442,2024-12-05,ERP_CORPORATIVO,TRANSACOES_FINANCEIRAS,36411,ba4180868f16ba0dec1c3468609ae1b3bb2f294368f0a049d8e1403060b24ea8
TR-36412,2024-11-18,2024-11-01,CPT,ACC-00181,DESPESA,2178.1058345312304,2178.1058345312304,BRL,Aquisição de material operacional - CPT,2,CARTAO,PAGO,b93771a8-49a7-4f5b-9dd2-8dec81399442,2024-12-05,ERP_CORPORATIVO,TRANSACOES_FINANCEIRAS,36412,5b17d217070df532d05337afc4252b177f03d0d54eeb55dccf2e4bf097f6f1f0
TR-36413,2024-11-18,2024-11-01,COM,ACC-00181,DESPESA,1950.235349177992,1950.235349177992,BRL,Direitos de propriedade intelectual - COM,32,BOLETO,PAGO,b93771a8-49a7-4f5b-9dd2-8dec81399442,2024-12-05,ERP_CORPORATIVO,TRANSACOES_FINANCEIRAS,36413,76b89e2220be2d1972f959c30290ac2b48d9fa8a57243b018d1c7f9f4d4acb7e
TR-36414,2024-11-19,2024-11-01,COMP,ACC-00181,DESPESA,2188.5308019287704,2188.5308019287704,BRL,Despesa operacional - COMP,8,TED,PAGO,b93771a8-49a7-4f5b-9dd2-8dec81399442,2024-12-05,ERP_CORPORATIVO,TRANSACOES_FINANCEIRAS,36414,8681d717ec95d5aca88bdeb0bea9c9e0200cefb5fcc2749cc2d6c8a3636921a9
TR-36415,2024-11-14,2024-11-01,ADM,ACC-00181,DESPESA,1753.2775334587002,1666.2818596793722,USD,Custo operacional associado a ADM,8,TED,PAGO,b93771a8-49a7-4f5b-9dd2-8dec81399442,2024-12-05,ERP_CORPORATIVO,TRANSACOES_FINANCEIRAS,36415,9a0a429d622bf7197550b8d73dfee5672b82df1dfa30ed1345d53774bfe2d0a7
TR-36416,2024-11-13,2024-11-01,TI,ACC-00181,RECEITA,1758.6272255126476,1758.6272255126476,BRL,Promoção e atividade externa - TI,14,PIX,PAGO,b93771a8-49a7-4f5b-9dd2-8dec81399442,2024-12-05,ERP_CORPORATIVO,TRANSACOES_FINANCEIRAS,36416,bceca6d2644f0f1d785fd41b9559b089654edca281e69110f99aec77f82d6f1c
TR-36417,2024-11-18,2024-11-01,SEC,ACC-00181,RECEITA,1869.3442646030082,1869.3442646030082,BRL,Reparo de hardware solicitado por SEC,28,TED,PAGO,b93771a8-49a7-4f5b-9dd2-8dec81399442,2024-12-05,ERP_CORPORATIVO,TRANSACOES_FINANCEIRAS,36417,864350f6ce9a99a859baf96f9a4853e70dee1bafcebca8d75a55fe38beadc359
TR-36418,2024-11-11,2024-11-01,PJT,ACC-00181,RECEITA,2002.7415445025122,2002.7415445025122,BRL,Contrato de conectividade para área PJT,9,TRANSFERENCIA,ATRASADO,b93771a8-49a7-4f5b-9dd2-8dec81399442,2024-12-05,ERP_CORPORATIVO,TRANSACOES_FINANCEIRAS,36418,59176331cd130f025d9942f1eb5fc487ed755c7067a719040a69045e0750887b
TR-36419,2024-11-19,2024-11-01,COM,ACC-00181,RECEITA,1917.1588661739186,1917.1588661739186,BRL,Comissão recebida por COM,33,PIX,PAGO,b93771a8-49a7-4f5b-9dd2-8dec81399442,2024-12-05,ERP_CORPORATIVO,TRANSACOES_FINANCEIRAS,36419,852cf59896b73285197fcad24a9936ecd3055cbbc4348b2621b3f696cad09875
TR-36420,2024-11-18,2024-11-01,ESG,ACC-00181,RECEITA,2084.6948926729992,1988.3900473505958,BRL,Despesa operacional - ESG,8,TRANSFERENCIA,PAGO,b93771a8-49a7-4f5b-9dd2-8dec81399442,2024-12-05,ERP_CORPORATIVO,TRANSACOES_FINANCEIRAS,36420,37e4669dfb74e31a5cac24d3573a101b60ca2a117173f65ea26126fb121ad5fa
TR-36421,2024-11-18,2024-11-01,RH,ACC-00181,DESPESA,2026.4144593166138,2026.4144593166138,BRL,Custo operacional associado a RH,8,PIX,PAGO,b93771a8-49a7-4f5b-9dd2-8dec81399442,2024-12-05,ERP_CORPORATIVO,TRANSACOES_FINANCEIRAS,36421,4c776dfea5914b1c55a4faeb710866e97dbb4a997b53843c89f6ab52d3456272
TR-36422,2024-11-22,2024-11-01,MKT,ACC-00181,DESPESA,2041.2959867939396,2041.2959867939396,BRL,Devolução de venda processada por MKT,39,TED,PAGO,b93771a8-49a7-4f5b-9dd2-8dec81399442,2024-12-05,ERP_CORPORATIVO,TRANSACOES_FINANCEIRAS,36422,c88d7f37da8922d3632d2a2bee6c3c0fdb8117dbd94d56f5171b4679ba82c379
TR-36423,2024-11-21,2024-11-01,OP,ACC-00181,RECEITA,2081.979422973211,2081.979422973211,BRL,Aquisição de material operacional - OP,2,TED,PAGO,b93771a8-49a7-4f5b-9dd2-8dec81399442,2024-12-05,ERP_CORPORATIVO,TRANSACOES_FINANCEIRAS,36423,55d5bd0465dcf72143122fa87b8075b50a7ff56caf6088e17677bfba84367aa0
TR-36981,2024-11-13,2024-11-01,FIN,ACC-00184,DESPESA,7378.541454224758,7378.541454224758,BRL,Assessoria legal vinculada à área FIN,7,PIX,PAGO,b93771a8-49a7-4f5b-9dd2-8dec81399442,2024-12-05,ERP_CORPORATIVO,TRANSACOES_FINANCEIRAS,36981,536fe37d17529df89763bbdd8e85ca7ef295e7bfea5ffbd2df127ae7b25bd47c
TR-36982,2024-11-27,2024-11-01,COM,ACC-00184,DESPESA,3841.4108613153344,3841.4108613153344,BRL,Despesa de infraestrutura - COM,3,CARTAO,ATRASADO,b93771a8-49a7-4f5b-9dd2-8dec81399442,2024-12-05,ERP_CORPORATIVO,TRANSACOES_FINANCEIRAS,36982,1036587de95b6d79661ba8521db552bd3a37b3bf31016089c15cfad8c0d10829
TR-36983,2024-11-26,2024-11-01,COMP,ACC-00184,RECEITA,3363.563612535343,3363.563612535343,BRL,Manutenção estrutural vinculada à área COMP,3,TRANSFERENCIA,ATRASADO,b93771a8-49a7-4f5b-9dd2-8dec81399442,2024-12-05,ERP_CORPORATIVO,TRANSACOES_FINANCEIRAS,36983,5b7c591d3ef19312f9df4fc34f5c43d4077f6dd9c9b6a953dfb5a2f5c093e3bf
TR-36984,2024-11-25,2024-11-01,COM,ACC-00184,DESPESA,4636.691960657742,4636.691960657742,BRL,Aquisição de material operacional - COM,2,CARTAO,PAGO,b93771a8-49a7-4f5b-9dd2-8dec81399442,2024-12-05,ERP_CORPORATIVO,TRANSACOES_FINANCEIRAS,36984,f46f3c0b262176a4dfd093b4963a6a718296bfcb4a675862a3dbf4b93178a4fc
TR-36985,2024-11-15,2024-11-01,OP,ACC-00184,DESPESA,3501.164128165515,3501.164128165515,BRL,Contrato de serviço - setor OP,1,PIX,PAGO,b93771a8-49a7-4f5b-9dd2-8dec81399442,2024-12-05,ERP_CORPORATIVO,TRANSACOES_FINANCEIRAS,36985,e3300500b95a8b0bee6c86cce0d50d8c682af364bca799c15adee6eba884befe
TR-36986,2024-11-19,2024-11-01,FIN,ACC-00184,RECEITA,4339.249407228405,4339.249407228405,BRL,Serviços contábeis externos - FIN,25,TED,PAGO,b93771a8-49a7-4f5b-9dd2-8dec81399442,2024-12-05,ERP_CORPORATIVO,TRANSACOES_FINANCEIRAS,36986,d4c8039fa0aa1a5f89ae51cfec03d4b007940466d9c1e964f9ffd2d3c4cd9d79
TR-36987,2024-11-08,2024-11-01,TI,ACC-00184,RECEITA,4493.461281578479,4493.461281578479,BRL,Abatimento comercial registrado em TI,38,PIX,PAGO,b93771a8-49a7-4f5b-9dd2-8dec81399442,2024-12-05,ERP_CORPORATIVO,TRANSACOES_FINANCEIRAS,36987,9101f473172b3f0dc1072c80b72aa4b673f9f20ec73dc9472205d78e802f1331
TR-37056,2024-11-18,2024-11-01,FIN,ACC-00185,DESPESA,1079.2275464174206,1079.2275464174206,BRL,Produção de material gráfico - FIN,15,PIX,PAGO,b93771a8-49a7-4f5b-9dd2-8dec81399442,2024-12-05,ERP_CORPORATIVO,TRANSACOES_FINANCEIRAS,37056,bc69f28a86708bf335332c19f7a2effa2ddc6bbd1f66432f4f263fd6f4303070
TR-37057,2024-11-26,2024-11-01,PJT,ACC-00185,DESPESA,1173.1263944852328,1173.1263944852328,BRL,Despesa de infraestrutura - PJT,3,BOLETO,CANCELADO,b93771a8-49a7-4f5b-9dd2-8dec81399442,2024-12-05,ERP_CORPORATIVO,TRANSACOES_FINANCEIRAS,37057,98405c54501bd0edcaf0e2747266c30c663962fa237ecd22f45f51a4d8e5a5e7
TR-37058,2024-11-29,2024-11-01,OP,ACC-00185,RECEITA,1029.1826816950843,1029.1826816950843,BRL,Contrato de consultoria externa - OP,12,TRANSFERENCIA,ATRASADO,b93771a8-49a7-4f5b-9dd2-8dec81399442,2024-12-05,ERP_CORPORATIVO,TRANSACOES_FINANCEIRAS,37058,7c7e962742efae36cf153f7176001017396e07262ac92b50267a754f02517eee
TR-37059,2024-11-12,2024-11-01,PES,ACC-00185,DESPESA,953.1526611765615,953.1526611765615,BRL,Aquisição de material operacional - PES,2,CARTAO,CANCELADO,b93771a8-49a7-4f5b-9dd2-8dec81399442,2024-12-05,ERP_CORPORATIVO,TRANSACOES_FINANCEIRAS,37059,9df013d9ebc207c015b97149ecff76280e0ee349747fe1cd56f177c8ee19ce74
TR-37060,2024-11-11,2024-11-01,FIN,ACC-00185,RECEITA,1127.5138641325323,1127.5138641325323,BRL,Aquisição de material operacional - FIN,2,BOLETO,PAGO,b93771a8-49a7-4f5b-9dd2-8dec81399442,2024-12-05,ERP_CORPORATIVO,TRANSACOES_FINANCEIRAS,37060,fa1f0cc81fc2fe3d4517f4365310289e0c43e62a6daa476f31c858613eb4937c
TR-37061,2024-11-18,2024-11-01,RH,ACC-00185,DESPESA,1236.3607599949676,1236.3607599949676,BRL,Serviço técnico especializado para RH,11,BOLETO,PAGO,b93771a8-49a7-4f5b-9dd2-8dec81399442,2024-12-05,ERP_CORPORATIVO,TRANSACOES_FINANCEIRAS,37061,018ebb0d5746039d6ab153f1f2e7aa9db31c11257789babed0837fbdc9ce8aa8
TR-37062,2024-11-08,2024-11-01,QAS,ACC-00185,DESPESA,1036.0521492382686,1036.0521492382686,BRL,Propaganda e divulgação para área QAS,13,BOLETO,PAGO,b93771a8-49a7-4f5b-9dd2-8dec81399442,2024-12-05,ERP_CORPORATIVO,TRANSACOES_FINANCEIRAS,37062,d486911a5a5c094bd5e30e81730265ca2648b05d71071ed93b7c7664176063e2
TR-37063,2024-11-12,2024-11-01,COM,ACC-00185,DESPESA,1195.754215520704,1195.754215520704,BRL,Custo operacional associado a COM,8,CARTAO,PAGO,b93771a8-49a7-4f5b-9dd2-8dec81399442,2024-12-05,ERP_CORPORATIVO,TRANSACOES_FINANCEIRAS,37063,a632e057e43e34319ee2bfc42646dfefe7c6661375ae46e87bc732810d9e06d5
TR-37064,2024-11-18,2024-11-01,VND,ACC-00185,RECEITA,1182.4495098677287,1182.4495098677287,BRL,Despesa de infraestrutura - VND,3,PIX,PAGO,b93771a8-49a7-4f5b-9dd2-8dec81399442,2024-12-05,ERP_CORPORATIVO,TRANSACOES_FINANCEIRAS,37064,539c8efa35d8078e3aaa8ae9445f776e5fac3fed3d4bc85f762e84a0e93e463e
TR-37065,2024-11-04,2024-11-01,SEC,ACC-00185,DESPESA,1292.2238233529376,1292.2238233529376,BRL,Investimento em marketing corporativo (SEC),4,TRANSFERENCIA,PAGO,b93771a8-49a7-4f5b-9dd2-8dec81399442,2024-12-05,ERP_CORPORATIVO,TRANSACOES_FINANCEIRAS,37065,5d67993798377aefe57c24e745be1cc07ce88723152d0ea54b3865fe020abf33
TR-37066,2024-11-14,2024-11-01,COM,ACC-00185,RECEITA,1332.0393456303002,1268.6190103158458,BRL,Receita eventual registrada em COM,37,CARTAO,PAGO,b93771a8-49a7-4f5b-9dd2-8dec81399442,2024-12-05,ERP_CORPORATIVO,TRANSACOES_FINANCEIRAS,37066,8c043d3f34ad5102417d87d04bb978bdf89b41b6309e5678728b3632195be5ae
TR-37067,2024-11-11,2024-11-01,FIN,ACC-00185,RECEITA,1171.585668987142,1171.585668987142,BRL,Compra de insumos para setor FIN,2,BOLETO,PAGO,b93771a8-49a7-4f5b-9dd2-8dec81399442,2024-12-05,ERP_CORPORATIVO,TRANSACOES_FINANCEIRAS,37067,c39e86ae25d11f0a9aefe3abc6d84bef8be4eb3292e2129c1e22f56db0ee8ac5
TR-37263,2024-11-19,2024-11-01,MKT,1000185,RECEITA,9055.169260791612,8655.730264870435,BRL,Manutenção predial solicitada por MKT,10,PIX,PAGO,b93771a8-49a7-4f5b-9dd2-8dec81399442,2024-12-05,ERP_CORPORATIVO,TRANSACOES_FINANCEIRAS,37263,cdcd6e2e40d6d5a58d7b6a2f1cb871f39399997b12f237ab84a5b1c6481b253c
TR-37264,2024-11-13,2024-11-01,COM,1000185,RECEITA,8128.822603014591,8128.822603014591,BRL,Contrato de serviço - setor COM,1,BOLETO,PAGO,b93771a8-49a7-4f5b-9dd2-8dec81399442,2024-12-05,ERP_CORPORATIVO,TRANSACOES_FINANCEIRAS,37264,ec02cce79fdfcad61b77afbe0d2c391ef421a48fc4e7310d1583c5c9b5852114
TR-37265,2024-11-12,2024-11-01,VND,1000185,DESPESA,8688.15874905129,8688.15874905129,BRL,Licenciamento de software - VND,5,PIX,PAGO,b93771a8-49a7-4f5b-9dd2-8dec81399442,2024-12-05,ERP_CORPORATIVO,TRANSACOES_FINANCEIRAS,37265,e014bda55424b14e54c38365484e81f13bcd016d4effc4272a181e7be858efd9
TR-37266,2024-11-18,2024-11-01,COM,1000185,DESPESA,15318.61415648761,15046.787095732101,BRL,Manutenção estrutural vinculada à área COM,3,CARTAO,PAGO,b93771a8-49a7-4f5b-9dd2-8dec81399442,2024-12-05,ERP_CORPORATIVO,TRANSACOES_FINANCEIRAS,37266,704d2204b069aa74ea3558921230db077d93fda95d319ebb9dc96a912c8fdd8f
TR-37267,2024-11-08,2024-11-01,PJT,1000185,RECEITA,8351.614533408752,8351.614533408752,BRL,Taxas bancárias incidentes em PJT,22,TED,PAGO,b93771a8-49a7-4f5b-9dd2-8dec81399442,2024-12-05,ERP_CORPORATIVO,TRANSACOES_FINANCEIRAS,37267,b6650918a5f3f7654069008318792198cacf916e51674dc50f03b592bed05d1e
TR-37940,2024-11-08,2024-11-01,FIN,FORN-00192,DESPESA,4594.065531574089,4594.065531574089,BRL,Despesa de infraestrutura - FIN,3,PIX,PAGO,b93771a8-49a7-4f5b-9dd2-8dec81399442,2024-12-05,ERP_CORPORATIVO,TRANSACOES_FINANCEIRAS,37940,cf44a0050308d8b801aa92d75234279ad7494e576e92ca3520733f02dcea2ce6
TR-37941,2024-11-11,2024-11-01,PRD,FORN-00192,RECEITA,4532.13706796019,4532.13706796019,BRL,Devolução de venda processada por PRD,39,TED,PAGO,b93771a8-49a7-4f5b-9dd2-8dec81399442,2024-12-05,ERP_CORPORATIVO,TRANSACOES_FINANCEIRAS,37941,25e82449d73ee48d77ef1571213c450e522e64c0b18365057d56ad70b530a456
TR-37942,2024-11-12,2024-11-01,COMP,FORN-00192,DESPESA,5093.974980153509,5093.974980153509,EUR,Direitos de propriedade intelectual - COMP,32,PIX,PAGO,b93771a8-49a7-4f5b-9dd2-8dec81399442,2024-12-05,ERP_CORPORATIVO,TRANSACOES_FINANCEIRAS,37942,76893b9de6db44e121088802bf60ce7f1dff4f38a9a9daf9a1d189e583812362
TR-37943,2024-11-08,2024-11-01,COM,FORN-00192,DESPESA,4544.53469829049,4544.53469829049,BRL,Doação recebida em favor de COM,36,PIX,PAGO,b93771a8-49a7-4f5b-9dd2-8dec81399442,2024-12-05,ERP_CORPORATIVO,TRANSACOES_FINANCEIRAS,37943,9db03802f04a2da73de6b66fb857bdb4c40397b3231e5dc80df1748e19472c4d
TR-37944,2024-11-14,2024-11-01,SEC,FORN-00192,DESPESA,5690.286356111957,5690.286356111957,USD,Despesa de refeição em deslocamento (SEC),20,PIX,PAGO,b93771a8-49a7-4f5b-9dd2-8dec81399442,2024-12-05,ERP_CORPORATIVO,TRANSACOES_FINANCEIRAS,37944,3ec6d4198c42b32bd3f2a0c5857d1da3d1963225aac763b786c7c319b1fd13a9
TR-37945,2024-11-05,2024-11-01,JUR,FORN-00192,DESPESA,5743.576723078335,5743.576723078335,BRL,Despesa operacional - JUR,8,TRANSFERENCIA,ATRASADO,b93771a8-49a7-4f5b-9dd2-8dec81399442,2024-12-05,ERP_CORPORATIVO,TRANSACOES_FINANCEIRAS,37945,9a1a4c67c6eaa5cdd42eca5d926b9c8d066b097a57b6b374d1eb15f0979b88b5
TR-37946,2024-11-22,2024-11-01,RH,FORN-00192,RECEITA,4461.01997676755,4398.099348036316,BRL,Investimento em marketing corporativo (RH),4,BOLETO,ATRASADO,b93771a8-49a7-4f5b-9dd2-8dec81399442,2024-12-05,ERP_CORPORATIVO,TRANSACOES_FINANCEIRAS,37946,9cd1af7d4e071aa7332734eb2e43ca52cf69f544ba6a87b9947faaf634a2daf5
TR-37947,2024-11-04,2024-11-01,FIN,FORN-00192,RECEITA,4468.866490014574,4468.866490014574,BRL,Receita de aluguel creditada em FIN,31,BOLETO,PAGO,b93771a8-49a7-4f5b-9dd2-8dec81399442,2024-12-05,ERP_CORPORATIVO,TRANSACOES_FINANCEIRAS,37947,08e45cc0ff54ea6ba855ad98a0606e7db84cd27c73e33db7d2ba31f895f78648
TR-37948,2024-11-19,2024-11-01,MKT,FORN-00192,DESPESA,4610.3135800061955,4460.004709514454,BRL,Receita de aluguel creditada em MKT,31,TED,PAGO,b93771a8-49a7-4f5b-9dd2-8dec81399442,2024-12-05,ERP_CORPORATIVO,TRANSACOES_FINANCEIRAS,37948,d060ec62653eba661fc08b5746814fcd3beec8e50ca7a57e29869799f324cf00
TR-37949,2024-11-18,2024-11-01,JUR,FORN-00192,RECEITA,14071.448518425059,14017.610581210754,BRL,Custo operacional associado a JUR,8,BOLETO,PAGO,b93771a8-49a7-4f5b-9dd2-8dec81399442,2024-12-05,ERP_CORPORATIVO,TRANSACOES_FINANCEIRAS,37949,a4d5d6dbaa3d3f8bb3e3306756ab0fd2f22126eb7c36db8aa8abdf066ce7ae77
TR-38071,2024-11-14,2024-11-01,CPT,FORN-00193,RECEITA,2886.7197985512103,2867.504977616551,BRL,Contrato de serviço - setor CPT,1,TRANSFERENCIA,PAGO,b93771a8-49a7-4f5b-9dd2-8dec81399442,2024-12-05,ERP_CORPORATIVO,TRANSACOES_FINANCEIRAS,38071,50b2c3ce7a4adfd60cee72be736af11a050135c49bc171f5703830127fd49cfa
TR-38072,2024-11-20,2024-11-01,COMP,FORN-00193,DESPESA,1461.8668533777432,1461.8668533777432,BRL,Receita extraordinária - COMP,37,BOLETO,PAGO,b93771a8-49a7-4f5b-9dd2-8dec81399442,2024-12-05,ERP_CORPORATIVO,TRANSACOES_FINANCEIRAS,38072,570b6d0ffebcee7573dda38de6a996e2bc3d0434acc5da3c3120fc6116d70886
TR-38073,2024-11-06,2024-11-01,JUR,FORN-00193,DESPESA,1229.4665025230365,1229.4665025230365,BRL,Evento corporativo organizado por JUR,14,TRANSFERENCIA,PAGO,b93771a8-49a7-4f5b-9dd2-8dec81399442,2024-12-05,ERP_CORPORATIVO,TRANSACOES_FINANCEIRAS,38073,2bd67230e71aa2e83c04931f04e7f679c67af55a140186999a3d8d86e56c8bdf
TR-38074,2024-11-11,2024-11-01,OP,FORN-00193,RECEITA,1166.6430755387055,1166.6430755387055,BRL,Prestação de serviço para área OP,1,TRANSFERENCIA,ATRASADO,b93771a8-49a7-4f5b-9dd2-8dec81399442,2024-12-05,ERP_CORPORATIVO,TRANSACOES_FINANCEIRAS,38074,4ab110a3799b7f9c6a75b5e87a458bf2ec7256caef90cd5c048e5f0e4507db49
TR-38075,2024-11-18,2024-11-01,FIN,FORN-00193,DESPESA,1313.3434073121393,1313.3434073121393,BRL,Honorarium advocatício - FIN,24,BOLETO,PAGO,b93771a8-49a7-4f5b-9dd2-8dec81399442,2024-12-05,ERP_CORPORATIVO,TRANSACOES_FINANCEIRAS,38075,3c9037fde9ea2eb1f8c7661c82db619e0bd59a4e710b31f948c0631a2ce04f1a
TR-38076,2024-11-14,2024-11-01,TI,FORN-00193,DESPESA,1274.9209706898187,1274.9209706898187,BRL,Despesa de infraestrutura - TI,3,PIX,PAGO,b93771a8-49a7-4f5b-9dd2-8dec81399442,2024-12-05,ERP_CORPORATIVO,TRANSACOES_FINANCEIRAS,38076,2109312d7e7b78bb391b1b6991e24d239b30efd9dfa4c00d54c4e0ea64ad818b
TR-38077,2024-11-11,2024-11-01,LOG,FORN-00193,DESPESA,1009.01693163211,1009.01693163211,BRL,Receita de comissão comercial - LOG,33,CARTAO,PAGO,b93771a8-49a7-4f5b-9dd2-8dec81399442,2024-12-05,ERP_CORPORATIVO,TRANSACOES_FINANCEIRAS,38077,0d08db54023d3c46c321550ca83f0c489d371569130b941bb8e5707846ac5bc9
TR-38078,2024-11-21,2024-11-01,CPT,FORN-00193,DESPESA,1246.7365678657986,1246.7365678657986,BRL,Diária de hotel para equipe CPT,19,BOLETO,PAGO,b93771a8-49a7-4f5b-9dd2-8dec81399442,2024-12-05,ERP_CORPORATIVO,TRANSACOES_FINANCEIRAS,38078,6bf37e4759ded4404318aee2c649c801dbe2d33525f81a9a8d04e3cb5b6d02ec
TR-38079,2024-11-18,2024-11-01,JUR,FORN-00193,DESPESA,1178.3857281993226,1178.3857281993226,BRL,Despesa de infraestrutura - JUR,3,BOLETO,CANCELADO,b93771a8-49a7-4f5b-9dd2-8dec81399442,2024-12-05,ERP_CORPORATIVO,TRANSACOES_FINANCEIRAS,38079,a0cbf3eedeb2cdcd04e10f7047464a223300bf7b8cfac9093bf207f1e5df0560
TR-38270,2024-11-22,2024-11-01,COMP,1000193,RECEITA,4290.57210607908,4290.57210607908,BRL,Manutenção estrutural vinculada à área COMP,3,BOLETO,PAGO,b93771a8-49a7-4f5b-9dd2-8dec81399442,2024-12-05,ERP_CORPORATIVO,TRANSACOES_FINANCEIRAS,38270,e1e5896b2c82154980f74d3bc6439da8c587e4af1481e24302a2a73a7bb72315
TR-38271,2024-11-18,2024-11-01,COM,1000193,RECEITA,3982.366009408938,3982.366009408938,BRL,Serviço técnico especializado para COM,11,BOLETO,PAGO,b93771a8-49a7-4f5b-9dd2-8dec81399442,2024-12-05,ERP_CORPORATIVO,TRANSACOES_FINANCEIRAS,38271,327148d1bfa7c9f142d059ed5f84d7fc7d81faa6d92f8337c52ee2817ccbf14c
TR-38272,2024-11-12,2024-11-01,RH,1000193,DESPESA,3935.3976674422843,3935.3976674422843,BRL,Licenciamento de software - RH,5,PIX,PAGO,b93771a8-49a7-4f5b-9dd2-8dec81399442,2024-12-05,ERP_CORPORATIVO,TRANSACOES_FINANCEIRAS,38272,da2e4cd1353366ec2a112b28799e87a09fb13fed15f50ea7999a6fcacb72676d
TR-38273,2024-11-18,2024-11-01,COMP,1000193,DESPESA,4239.600939537767,4239.600939537767,BRL,Assessoria legal vinculada à área COMP,7,BOLETO,PAGO,b93771a8-49a7-4f5b-9dd2-8dec81399442,2024-12-05,ERP_CORPORATIVO,TRANSACOES_FINANCEIRAS,38273,4db96d785fe27e829d058b941151706435ca542c3d61d7f6afc31200dedf5b45
TR-38274,2024-11-11,2024-11-01,OP,1000193,RECEITA,4344.186171478587,4344.186171478587,BRL,Serviço de tecnologia contratado por OP,5,TED,PAGO,b93771a8-49a7-4f5b-9dd2-8dec81399442,2024-12-05,ERP_CORPORATIVO,TRANSACOES_FINANCEIRAS,38274,b3aef695ff13f2e02fd5b3a0581ef5db0235378fd4561dcee8062e2de5ede49e
TR-38275,2024-11-18,2024-11-01,COMP,1000193,DESPESA,4669.064968873536,4669.064968873536,BRL,Aquisição de material operacional - COMP,2,PIX,PAGO,b93771a8-49a7-4f5b-9dd2-8dec81399442,2024-12-05,ERP_CORPORATIVO,TRANSACOES_FINANCEIRAS,38275,ee13000b7916123119b013b2e39fe8f9d0945023e2ac318945f34b7ac466c839
TR-38276,2024-11-06,2024-11-01,CPT,1000193,DESPESA,3878.000868409183,3878.000868409183,BRL,Manutenção de equipamentos de CPT,28,PIX,PAGO,b93771a8-49a7-4f5b-9dd2-8dec81399442,2024-12-05,ERP_CORPORATIVO,TRANSACOES_FINANCEIRAS,38276,9444a2bc750b311000a8ecc373bacd6a9aae2e6fa03254ecb56d625a8ffdd851
TR-38277,2024-11-13,2024-11-01,OP,1000193,DESPESA,4346.1808077946025,4346.1808077946025,BRL,Serviço especializado solicitado por OP,1,BOLETO,PAGO,b93771a8-49a7-4f5b-9dd2-8dec81399442,2024-12-05,ERP_CORPORATIVO,TRANSACOES_FINANCEIRAS,38277,28a93b658994b05edda038e4f4479991748d4cf6e5594a5da44c3e8fb52d0128
TR-38278,2024-11-18,2024-11-01,CPT,1000193,RECEITA,4530.9418309659495,4530.9418309659495,BRL,Assessoria legal vinculada à área CPT,7,TED,CANCELADO,b93771a8-49a7-4f5b-9dd2-8dec81399442,2024-12-05,ERP_CORPORATIVO,TRANSACOES_FINANCEIRAS,38278,29b95c3f15e38bc356bb27db55822c14e0adb8d199dcb768494ef52eca7b1429
TR-38279,2024-11-12,2024-11-01,OP,1000193,DESPESA,3935.771911471017,3935.771911471017,BRL,Serviços contábeis externos - OP,25,TED,PAGO,b93771a8-49a7-4f5b-9dd2-8dec81399442,2024-12-05,ERP_CORPORATIVO,TRANSACOES_FINANCEIRAS,38279,76a15d4fd7fc683cc9832cd7e6b36b30c59f83201ade7c9bb8707d617567549a
TR-38280,2024-11-07,2024-11-01,COMP,1000193,RECEITA,4146.3938847693735,3959.2170568075358,BRL,Despesa operacional - COMP,8,BOLETO,PAGO,b93771a8-49a7-4f5b-9dd2-8dec81399442,2024-12-05,ERP_CORPORATIVO,TRANSACOES_FINANCEIRAS,38280,af164c3738a0743d143815f96337999574389950bd7a0f4b741f1124668a438f
TR-38667,2024-11-11,2024-11-01,ATD,FORN-00195,DESPESA,1711.8442538949187,1684.0296337790517,BRL,Contrato de serviço - setor ATD,1,TED,PAGO,b93771a8-49a7-4f5b-9dd2-8dec81399442,2024-12-05,ERP_CORPORATIVO,TRANSACOES_FINANCEIRAS,38667,fb82a4e2ba53340cac72f5662781abc93288ec25606e6243178f4d9386b145c3
TR-38668,2024-11-11,2024-11-01,OP,FORN-00195,RECEITA,1650.7363420200606,1650.7363420200606,BRL,Reparo de frota vinculado à área OP,17,BOLETO,ATRASADO,b93771a8-49a7-4f5b-9dd2-8dec81399442,2024-12-05,ERP_CORPORATIVO,TRANSACOES_FINANCEIRAS,38668,31fe8b377c48ce39385a431570a567ccd935dbf23c471104ddb0817190ed7d34
TR-38669,2024-11-19,2024-11-01,PES,FORN-00195,DESPESA,1942.2123734223924,1942.2123734223924,BRL,Contrato de consultoria externa - PES,12,TED,PAGO,b93771a8-49a7-4f5b-9dd2-8dec81399442,2024-12-05,ERP_CORPORATIVO,TRANSACOES_FINANCEIRAS,38669,548224a7098c3dd6c8882ec6917f9ec20188ff299a429fbbb3154a1fe46cd9cc
TR-38670,2024-11-11,2024-11-01,COMP,FORN-00195,RECEITA,1679.6846981094109,1679.6846981094109,BRL,Serviço especializado solicitado por COMP,1,BOLETO,PAGO,b93771a8-49a7-4f5b-9dd2-8dec81399442,2024-12-05,ERP_CORPORATIVO,TRANSACOES_FINANCEIRAS,38670,8c99e8ec63497a8ab1e29d1b5d89f81efb9ba9aa1fbe054df5f7355d352417da
TR-38671,2024-11-29,2024-11-01,OP,FORN-00195,RECEITA,1843.7517486639695,1843.7517486639695,USD,Participação nos resultados vinculada a OP,34,TED,ATRASADO,b93771a8-49a7-4f5b-9dd2-8dec81399442,2024-12-05,ERP_CORPORATIVO,TRANSACOES_FINANCEIRAS,38671,edc05121b220a859268934c1173313ed395ae2dc20df4d7af3c351e3d6df403a
TR-38672,2024-11-25,2024-11-01,VND,FORN-00195,RECEITA,1770.66343043077,1770.66343043077,BRL,Compra de insumos para setor VND,2,BOLETO,PAGO,b93771a8-49a7-4f5b-9dd2-8dec81399442,2024-12-05,ERP_CORPORATIVO,TRANSACOES_FINANCEIRAS,38672,6a3b5a4c9ff1b7b3959254034390c35e32ef44842103a45eef72167fd0dd8f8a
TR-38673,2024-11-13,2024-11-01,COMP,FORN-00195,RECEITA,1707.704973215705,1625.2471793532748,BRL,Licenciamento de software - COMP,5,CARTAO,PAGO,b93771a8-49a7-4f5b-9dd2-8dec81399442,2024-12-05,ERP_CORPORATIVO,TRANSACOES_FINANCEIRAS,38673,658c75ac8935db250420f103a9bee53b8e1254126eb45548b45381e7fff759e7
TR-38674,2024-11-04,2024-11-01,CTB,FORN-00195,DESPESA,1581.5090568700593,1581.5090568700593,BRL,Contrato de serviço - setor CTB,1,TRANSFERENCIA,PAGO,b93771a8-49a7-4f5b-9dd2-8dec81399442,2024-12-05,ERP_CORPORATIVO,TRANSACOES_FINANCEIRAS,38674,70bd3f2bfd1df527ce90c89023f15e36fa7b556f1dc49aa8406223db418e232a
TR-38675,2024-11-13,2024-11-01,RH,FORN-00195,RECEITA,2050.956874927382,2050.956874927382,BRL,Despesa de RH - RH,6,BOLETO,PAGO,b93771a8-49a7-4f5b-9dd2-8dec81399442,2024-12-05,ERP_CORPORATIVO,TRANSACOES_FINANCEIRAS,38675,df5531beb8dfead6091a1bd029aad1f1093bf78b6575edd36721056ff510d0d7
TR-38676,2024-11-12,2024-11-01,RH,FORN-00195,DESPESA,1628.5158216535417,1628.5158216535417,BRL,Honorários profissionais contratados por RH,11,TRANSFERENCIA,CANCELADO,b93771a8-49a7-4f5b-9dd2-8dec81399442,2024-12-05,ERP_CORPORATIVO,TRANSACOES_FINANCEIRAS,38676,30be159b304cf9737ef6d8ab8f7891b88dafda544e2a1de9081b14ab8eebc860
TR-38677,2024-11-08,2024-11-01,FIN,FORN-00195,DESPESA,416.1285113648392,387.24312633853486,BRL,Participação nos resultados vinculada a FIN,34,BOLETO,PAGO,b93771a8-49a7-4f5b-9dd2-8dec81399442,2024-12-05,ERP_CORPORATIVO,TRANSACOES_FINANCEIRAS,38677,d488bdb535bedde64d2442cc5a0a596594ecd406d0a5eab2940f7b7b670998d5
TR-38678,2024-11-18,2024-11-01,COMP,FORN-00195,DESPESA,2058.665438189361,2058.665438189361,BRL,Produção de material gráfico - COMP,15,PIX,PAGO,b93771a8-49a7-4f5b-9dd2-8dec81399442,2024-12-05,ERP_CORPORATIVO,TRANSACOES_FINANCEIRAS,38678,9c0d8951c0b8a1afbe1ddda384c69e5956f863789eb2d1864ea5b31782750076
TR-38679,2024-11-11,2024-11-01,COM,FORN-00195,RECEITA,1782.4562148076661,1782.4562148076661,BRL,Despesa de infraestrutura - COM,3,PIX,PAGO,b93771a8-49a7-4f5b-9dd2-8dec81399442,2024-12-05,ERP_CORPORATIVO,TRANSACOES_FINANCEIRAS,38679,ed7dea8b98935fba9579655162a63db1b1ea4d0bf5ca19ef1b49f2ede0624869
TR-38680,2024-11-12,2024-11-01,TI,FORN-00195,RECEITA,1859.253695319395,1859.253695319395,BRL,Aquisição de material operacional - TI,2,PIX,PAGO,b93771a8-49a7-4f5b-9dd2-8dec81399442,2024-12-05,ERP_CORPORATIVO,TRANSACOES_FINANCEIRAS,38680,740b19ec96ab2f675bddf75c31c7dd06419cdb5c4a9ad367ace47bd856fbaaf2
TR-38681,2024-11-18,2024-11-01,MKT,FORN-00195,RECEITA,2095.080707480606,2095.080707480606,BRL,Custo operacional associado a MKT,8,PIX,PAGO,b93771a8-49a7-4f5b-9dd2-8dec81399442,2024-12-05,ERP_CORPORATIVO,TRANSACOES_FINANCEIRAS,38681,43e12ff01603e9dacba4dd2dbdfd03793390eb915048cfeccdb7127102373f30
TR-38976,2024-11-20,2024-11-01,ATD,FORN-00196,DESPESA,5439.521171891138,5439.521171891138,BRL,Despesa de infraestrutura - ATD,3,BOLETO,CANCELADO,b93771a8-49a7-4f5b-9dd2-8dec81399442,2024-12-05,ERP_CORPORATIVO,TRANSACOES_FINANCEIRAS,38976,ea80bdc2fe0a65c69c53434c6738f22a761c67da27c385e06329235b2decc175
TR-38977,2024-11-11,2024-11-01,ESG,FORN-00196,DESPESA,5126.948240671081,5126.948240671081,BRL,Licença de software para área ESG,27,CARTAO,PAGO,b93771a8-49a7-4f5b-9dd2-8dec81399442,2024-12-05,ERP_CORPORATIVO,TRANSACOES_FINANCEIRAS,38977,60ddc14208315ad8cde7e69d374337ada4faeac2c1ddf7e5a2f7614dfa44b85c
TR-38978,2024-11-21,2024-11-01,RH,FORN-00196,DESPESA,4884.710255054278,4884.710255054278,BRL,Manutenção estrutural vinculada à área RH,3,TRANSFERENCIA,PAGO,b93771a8-49a7-4f5b-9dd2-8dec81399442,2024-12-05,ERP_CORPORATIVO,TRANSACOES_FINANCEIRAS,38978,64460de98d5a4c5fbb881a369c25ccec29cb3264080f51ee2d831981ff07af03
TR-38979,2024-11-25,2024-11-01,OP,FORN-00196,DESPESA,5135.2732517084305,5135.2732517084305,BRL,Serviço relacionado a recursos humanos (OP),6,PIX,PAGO,b93771a8-49a7-4f5b-9dd2-8dec81399442,2024-12-05,ERP_CORPORATIVO,TRANSACOES_FINANCEIRAS,38979,6864abcf5db5467a5473dec46cda108ae3553e38f3f88b4ed4e07b6c0c0aa49e
TR-39230,2024-11-18,2024-11-01,MKT,FORN-00198,DESPESA,2381.8722936026215,2381.8722936026215,BRL,Atendimento de TI requisitado por MKT,29,BOLETO,PAGO,b93771a8-49a7-4f5b-9dd2-8dec81399442,2024-12-05,ERP_CORPORATIVO,TRANSACOES_FINANCEIRAS,39230,231be4a9e94066f9570b7c06cf4b5ee5f5a850cf80e69ece3017fc8ee6ef00c8
TR-39231,2024-11-25,2024-11-01,OP,FORN-00198,DESPESA,2735.0491556056854,2735.0491556056854,BRL,Diária de hotel para equipe OP,19,CARTAO,PAGO,b93771a8-49a7-4f5b-9dd2-8dec81399442,2024-12-05,ERP_CORPORATIVO,TRANSACOES_FINANCEIRAS,39231,261be05c6034b57273662eb11cdbe2c60641ab312945631d5f6115413d3d08ee
TR-39232,2024-11-25,2024-11-01,MKT,FORN-00198,DESPESA,2953.617698671215,2953.617698671215,BRL,Licenciamento de software - MKT,5,PIX,PAGO,b93771a8-49a7-4f5b-9dd2-8dec81399442,2024-12-05,ERP_CORPORATIVO,TRANSACOES_FINANCEIRAS,39232,55f90f62425b2d46c6a7c0c54c34b9429c9a38103a63a278b0578440741210a1
TR-39233,2024-11-11,2024-11-01,PES,FORN-00198,DESPESA,2806.114072219749,2806.114072219749,BRL,Participação nos resultados vinculada a PES,34,PIX,PAGO,b93771a8-49a7-4f5b-9dd2-8dec81399442,2024-12-05,ERP_CORPORATIVO,TRANSACOES_FINANCEIRAS,39233,56db0121b8ffd38fbe671a527725c514f317a98c61c4c55e8ba9f447e04d9075
TR-39234,2024-11-11,2024-11-01,ATD,FORN-00198,RECEITA,2750.9073702481605,2750.9073702481605,BRL,Capacitação profissional vinculada a ATD,30,TED,PAGO,b93771a8-49a7-4f5b-9dd2-8dec81399442,2024-12-05,ERP_CORPORATIVO,TRANSACOES_FINANCEIRAS,39234,254dd60ffe1a29896f00776cb41229dd921588e240451eb73438d43dc244368a
TR-39235,2024-11-11,2024-11-01,QAS,FORN-00198,RECEITA,2684.4605759931633,2587.2229028274096,BRL,Receita de aluguel creditada em QAS,31,CARTAO,PAGO,b93771a8-49a7-4f5b-9dd2-8dec81399442,2024-12-05,ERP_CORPORATIVO,TRANSACOES_FINANCEIRAS,39235,92071f9575f1258ba142413f8f3e39dbacc842dc1ca9e1c032e86c5e86234949
TR-39236,2024-11-15,2024-11-01,CTB,FORN-00198,DESPESA,2830.902922337019,2694.9982303071306,BRL,Investimento em marketing corporativo (CTB),4,CARTAO,PAGO,b93771a8-49a7-4f5b-9dd2-8dec81399442,2024-12-05,ERP_CORPORATIVO,TRANSACOES_FINANCEIRAS,39236,0e0575ec036d7d4bc3021be774122bc62578c3b63ba3561edaf334be5a5da502
TR-39237,2024-11-19,2024-11-01,COM,FORN-00198,RECEITA,3071.418379410678,3071.418379410678,BRL,Contrato de serviço - setor COM,1,PIX,PAGO,b93771a8-49a7-4f5b-9dd2-8dec81399442,2024-12-05,ERP_CORPORATIVO,TRANSACOES_FINANCEIRAS,39237,1a31b18f91087093e8f1233bd4d73982ab2f9e03e1f083b78b2bd8c2d1b982b5
TR-39445,2024-11-18,2024-11-01,LOG,1000198,DESPESA,11737.471851145709,11737.471851145709,BRL,Prestação de serviço para área LOG,1,BOLETO,PAGO,b93771a8-49a7-4f5b-9dd2-8dec81399442,2024-12-05,ERP_CORPORATIVO,TRANSACOES_FINANCEIRAS,39445,dacbf46e537f99f304fac384e8d3984c03e945d50aa3f2d11467501d283d368b
TR-39446,2024-11-11,2024-11-01,COMP,1000198,DESPESA,10109.779317780374,10109.779317780374,BRL,Receita eventual registrada em COMP,37,TED,PAGO,b93771a8-49a7-4f5b-9dd2-8dec81399442,2024-12-05,ERP_CORPORATIVO,TRANSACOES_FINANCEIRAS,39446,c10252d9a610f1c4075326ea359fab6ee7d79136732ca1f89f5003ac5f01d31d
TR-39447,2024-11-21,2024-11-01,ESG,1000198,RECEITA,11456.69349268399,11456.69349268399,BRL,Material de marketing solicitado por ESG,15,BOLETO,PAGO,b93771a8-49a7-4f5b-9dd2-8dec81399442,2024-12-05,ERP_CORPORATIVO,TRANSACOES_FINANCEIRAS,39447,d40263a32a7e51773ed5f44a35cdcf276964e8c92bb8fd4f64c1fab85bcae60f
TR-39448,2024-11-18,2024-11-01,MKT,1000198,DESPESA,12579.750817650598,12579.750817650598,BRL,Manutenção predial solicitada por MKT,10,PIX,PAGO,b93771a8-49a7-4f5b-9dd2-8dec81399442,2024-12-05,ERP_CORPORATIVO,TRANSACOES_FINANCEIRAS,39448,a0b9386633d116bfb32bd6ee977a6f5132e906b81beab70c683d12dba478682c
TR-39449,2024-11-18,2024-11-01,FIN,1000198,DESPESA,10022.027886152686,10022.027886152686,BRL,Certificado digital adquirido por FIN,26,TRANSFERENCIA,PAGO,b93771a8-49a7-4f5b-9dd2-8dec81399442,2024-12-05,ERP_CORPORATIVO,TRANSACOES_FINANCEIRAS,39449,f40683f9a186029366e7685e36375b37d657b9da45318380f0b678b81a1c49b6
TR-39450,2024-11-11,2024-11-01,COMP,1000198,RECEITA,12433.30153849432,12143.579372213977,BRL,Material de marketing solicitado por COMP,15,TED,PAGO,b93771a8-49a7-4f5b-9dd2-8dec81399442,2024-12-05,ERP_CORPORATIVO,TRANSACOES_FINANCEIRAS,39450,1ead2029f74ed12718b693dbbc2847a4d8e3bcc910abec36f6cc96a7c993af54
TR-39451,2024-11-08,2024-11-01,ADM,1000198,DESPESA,9689.327067488408,9509.856150817039,BRL,Serviço relacionado a recursos humanos (ADM),6,BOLETO,PAGO,b93771a8-49a7-4f5b-9dd2-8dec81399442,2024-12-05,ERP_CORPORATIVO,TRANSACOES_FINANCEIRAS,39451,c8a885adcd19c0167a747672a6e473223895e854d5fba3b70aa2926fdbbeb872
TR-39452,2024-11-08,2024-11-01,JUR,1000198,DESPESA,12606.511680137137,12606.511680137137,BRL,Publicidade institucional - JUR,13,TED,PAGO,b93771a8-49a7-4f5b-9dd2-8dec81399442,2024-12-05,ERP_CORPORATIVO,TRANSACOES_FINANCEIRAS,39452,d61b55a162cc24fb1cbbbdd5291891fdf640d19b7c766d6c7f4ad9f1dea1280b
TR-39453,2024-11-18,2024-11-01,OP,1000198,RECEITA,3460.899684066972,3460.899684066972,BRL,Aquisição de material operacional - OP,2,TED,PAGO,b93771a8-49a7-4f5b-9dd2-8dec81399442,2024-12-05,ERP_CORPORATIVO,TRANSACOES_FINANCEIRAS,39453,b31d7e85feebbfe4f823bef40d1d41b9fc5be99baf8bc970a4bd99f0f92e01c5
TR-39454,2024-11-18,2024-11-01,JUR,1000198,DESPESA,11892.227410164614,11892.227410164614,BRL,Direitos de propriedade intelectual - JUR,32,BOLETO,PAGO,b93771a8-49a7-4f5b-9dd2-8dec81399442,2024-12-05,ERP_CORPORATIVO,TRANSACOES_FINANCEIRAS,39454,d36716dd6715ed4726a136f143bae3dddbd3ef395014f490a48d2ff485fc73af
TR-39455,2024-11-05,2024-11-01,COM,1000198,DESPESA,11356.085394997213,11356.085394997213,BRL,Licença de software para área COM,27,PIX,PAGO,b93771a8-49a7-4f5b-9dd2-8dec81399442,2024-12-05,ERP_CORPORATIVO,TRANSACOES_FINANCEIRAS,39455,5c46246a1a72e29d411608de588c6b39cc25de679522a2cf033e05a6c06cd316
TR-39456,2024-11-14,2024-11-01,TI,1000198,DESPESA,11881.182525030235,11377.376736237724,BRL,Prestação de serviço para área TI,1,BOLETO,PAGO,b93771a8-49a7-4f5b-9dd2-8dec81399442,2024-12-05,ERP_CORPORATIVO,TRANSACOES_FINANCEIRAS,39456,be474b914ee96025f86b34f46ee620f8ace6636bb2deaac9fd807932f0e0c2cb
TR-39690,2024-11-18,2024-11-01,FIN,1000199,RECEITA,2036.6352683297982,2036.6352683297982,BRL,Renovação de certificados digitais - FIN,26,PIX,PAGO,b93771a8-49a7-4f5b-9dd2-8dec81399442,2024-12-05,ERP_CORPORATIVO,TRANSACOES_FINANCEIRAS,39690,b297273c3faf550ec9eb3f54ef1a5fad30f0f0b810ce5aba696d8812c39bb691
TR-39691,2024-11-11,2024-11-01,FIN,1000199,RECEITA,2228.6038509096506,2228.6038509096506,BRL,Aquisição de material operacional - FIN,2,TED,PAGO,b93771a8-49a7-4f5b-9dd2-8dec81399442,2024-12-05,ERP_CORPORATIVO,TRANSACOES_FINANCEIRAS,39691,0a02ed2e47a01fb0b07f08c9bf65b3848219e8c91849d65247b8b11b3269f997
TR-39692,2024-11-18,2024-11-01,FIN,1000199,DESPESA,2742.0156016984824,2624.798106854681,BRL,Consultoria estratégica para área FIN,12,TRANSFERENCIA,PAGO,b93771a8-49a7-4f5b-9dd2-8dec81399442,2024-12-05,ERP_CORPORATIVO,TRANSACOES_FINANCEIRAS,39692,5139f6914e2ceee4950bd8819fc92f8743551b4fb5a8b4c7fb643982f66a0e90
TR-39693,2024-11-25,2024-11-01,ADM,1000199,RECEITA,2299.1021905971334,2299.1021905971334,BRL,Consultoria estratégica para área ADM,12,TED,PAGO,b93771a8-49a7-4f5b-9dd2-8dec81399442,2024-12-05,ERP_CORPORATIVO,TRANSACOES_FINANCEIRAS,39693,9949b384cb03bf3fb3d12a68350290fc65ed5f31c864fc5a9b8c12c33a83fc43
TR-39694,2024-11-11,2024-11-01,MKT,1000199,DESPESA,2672.5928136871635,2672.5928136871635,EUR,Prestação de serviço para área MKT,1,TED,ATRASADO,b93771a8-49a7-4f5b-9dd2-8dec81399442,2024-12-05,ERP_CORPORATIVO,TRANSACOES_FINANCEIRAS,39694,a0bd852e39b5c69ac0f4f69a603ba130db590f21f0c3aab2412a6f97b03e8701
TR-39695,2024-11-13,2024-11-01,FIN,1000199,RECEITA,2564.2263346006753,2564.2263346006753,BRL,Contrato de serviço - setor FIN,1,TRANSFERENCIA,PAGO,b93771a8-49a7-4f5b-9dd2-8dec81399442,2024-12-05,ERP_CORPORATIVO,TRANSACOES_FINANCEIRAS,39695,256623cce2142c6b577d1ec1c8e2156a10f0a1b5fe7a9468755d2063b44d81df
TR-39696,2024-11-22,2024-11-01,SEC,1000199,RECEITA,2300.8146168538847,2300.8146168538847,USD,Contrato de serviço - setor SEC,1,PIX,PAGO,b93771a8-49a7-4f5b-9dd2-8dec81399442,2024-12-05,ERP_CORPORATIVO,TRANSACOES_FINANCEIRAS,39696,ea917da379e6d13b2366ad767252e287d4c658c48e2352a8183a883126c1f5ca
TR-39697,2024-11-18,2024-11-01,OP,1000199,DESPESA,2432.750833291844,2406.781313225829,BRL,Despesa operacional - OP,8,BOLETO,PAGO,b93771a8-49a7-4f5b-9dd2-8dec81399442,2024-12-05,ERP_CORPORATIVO,TRANSACOES_FINANCEIRAS,39697,c7f3e4ff73ef2948e9e0e08d0e503c81a3b134bfac72aaaa352baeca079dc1e2
TR-39698,2024-11-18,2024-11-01,PJT,1000199,DESPESA,746.6541773894653,746.6541773894653,BRL,Tributo incidente sobre receita de PJT,40,BOLETO,PAGO,b93771a8-49a7-4f5b-9dd2-8dec81399442,2024-12-05,ERP_CORPORATIVO,TRANSACOES_FINANCEIRAS,39698,a964d797e4875fd74c7596f9e732dbfa5c57dd245bd6ae561611c64f30026088
