id_transacao_raw,data_transacao,data_competencia,id_area_raw,id_fornecedor_raw,tipo_transacao,valor_bruto,valor_liquido,moeda,descricao,id_categoria_raw,forma_pagamento,status_pagamento,ingestion_id,ingestion_ts,source_system,source_entity,row_seq,raw_row_hash
TR-00168,Mar 18 2024,2024-03-01,ADM,FORN-00002,DESPESA,2923.58,"R$ 2.824,53",BRL,Receita de aluguel creditada em ADM,31,BOLETO,PAGO,8564f3e9-2355-4a0a-9d3a-5a95324578cc,2024-04-05,ERP_CORPORATIVO,TRANSACOES_FINANCEIRAS,168,959638a394cbfb320d3b1a16e10b415b5efb15444f365ffa697ac91c785ab3ec
TR-00169,03-22-2024,2024-03-01,TI,FORN-00002,DESPESA,"R$ 3.018,20","3.018,20",BRL,Material de marketing solicitado por TI,15,BOLETO,PAGO,8564f3e9-2355-4a0a-9d3a-5a95324578cc,2024-04-05,ERP_CORPORATIVO,TRANSACOES_FINANCEIRAS,169,f58a2078f398a4ff298d2101e9c71444acc9cd3b61900cc55b4549fcda384f4b
TR-00170,2024/03/28,2024-03-01,CPT,FORN-00002,DESPESA,"R$ 2.354,18","R$2273,69",BRL,Venda de ativo imobilizado por CPT,35,PIX,PAGO,8564f3e9-2355-4a0a-9d3a-5a95324578cc,2024-04-05,ERP_CORPORATIVO,TRANSACOES_FINANCEIRAS,170,6a55a52760e952d9f2d284a6050a61f75fe9c75896eb36b471f8252c6c9b27c6
TR-00171,18/03/2024,2024-03-01,TI,FORN-00002,RECEITA,2482,2482,USD,Contrato de serviço - setor TI,1,TRANSFERENCIA,PAGO,8564f3e9-2355-4a0a-9d3a-5a95324578cc,2024-04-05,ERP_CORPORATIVO,TRANSACOES_FINANCEIRAS,171,37a0d83a6fa2267287ab1728c18ec00f11ce4fcb062500ca8af5b17b9b6a659c
TR-00172,2024-03-12,2024-03-01,PJT,FORN-00002,RECEITA,2308.64,2309,BRL,Renovação de certificados digitais - PJT,26,TED,PAGO,8564f3e9-2355-4a0a-9d3a-5a95324578cc,2024-04-05,ERP_CORPORATIVO,TRANSACOES_FINANCEIRAS,172,5dea8b38a5ee788264b1667c29ed6cde4d930e39338cfc4fed44b08c56c65254
TR-00173,14-03-2024,2024-03-01,COM,FORN-00002,DESPESA,2501.69,"2.501,69",BRL,Serviço de tecnologia contratado por COM,5,TED,PAGO,8564f3e9-2355-4a0a-9d3a-5a95324578cc,2024-04-05,ERP_CORPORATIVO,TRANSACOES_FINANCEIRAS,173,dd7fc47d8d68c2f4e674db900e31a41785ee38638e5aad935a31ee1cb5f75015
TR-00174,2024-03-19,2024-03-01,JUR,FORN-00002,DESPESA,2402.63,"R$ 2.402,63",BRL,Prestação de serviço para área JUR,1,TED,PAGO,8564f3e9-2355-4a0a-9d3a-5a95324578cc,2024-04-05,ERP_CORPORATIVO,TRANSACOES_FINANCEIRAS,174,e5748846cc4a22787fce18f7d790477e5e73c5bb08e65a50e83afe090b1a7748
TR-00175,2024/03/15,2024-03-01,PES,FORN-00002,DESPESA,"R$ 2.881,18",2802,BRL,Licenciamento de software - PES,5,PIX,PAGO,8564f3e9-2355-4a0a-9d3a-5a95324578cc,2024-04-05,ERP_CORPORATIVO,TRANSACOES_FINANCEIRAS,175,c5a591262d38fcf4ac750049ed7fdabeb5e27358c33999da7e5ab30c21f17d15
TR-00176,2024-03-15,2024-03-01,OP,FORN-00002,DESPESA,"R$ 2.793,19","2.793,19",BRL,Serviço relacionado a recursos humanos (OP),6,BOLETO,PAGO,8564f3e9-2355-4a0a-9d3a-5a95324578cc,2024-04-05,ERP_CORPORATIVO,TRANSACOES_FINANCEIRAS,176,dc941f55904c4eef4f2b7ee37fa2ae1c60233097c375114b6cc1afb606d7546c
TR-00177,08-03-2024,2024-03-01,LOG,FORN-00002,DESPESA,"2.688,28","2.688,28",BRL,Despesa operacional - LOG,8,TRANSFERENCIA,PAGO,8564f3e9-2355-4a0a-9d3a-5a95324578cc,2024-04-05,ERP_CORPORATIVO,TRANSACOES_FINANCEIRAS,177,c02295634d9a288eccaeb51591e0bb7c3576d30ef1b94d2f81550d42e7c6ebb7
TR-00178,03-18-2024,2024-03-01,PRD,FORN-00002,DESPESA,"R$ 2.737,09","R$2703,05",BRL,Custo operacional associado a PRD,8,TRANSFERENCIA,PAGO,8564f3e9-2355-4a0a-9d3a-5a95324578cc,2024-04-05,ERP_CORPORATIVO,TRANSACOES_FINANCEIRAS,178,f1647ef8f72a7f56764902c3bcb0b981b5c4deed3c64713ab3a4e27a74f4c745
TR-00179,27/03/24,2024-03-01,CTB,FORN-00002,RECEITA,"R$ 3.076,24","R$ 3.076,24",BRL,Estorno de receita - CTB,39,BOLETO,PAGO,8564f3e9-2355-4a0a-9d3a-5a95324578cc,2024-04-05,ERP_CORPORATIVO,TRANSACOES_FINANCEIRAS,179,0c0eab9d84594aa8bea4c1218afa9e323196545a7fbc673d34eb7c376270eedd
TR-00180,12/03/24,2024-03-01,OP,FORN-00002,DESPESA,2459.75,2460,BRL,Manutenção predial solicitada por OP,10,BOLETO,PAGO,8564f3e9-2355-4a0a-9d3a-5a95324578cc,2024-04-05,ERP_CORPORATIVO,TRANSACOES_FINANCEIRAS,180,f5be1dd956c956116fc2b7e1a46425adf3b7b0a7932ab9fa7a480c09f85c3b68
TR-00181,Mar 08 2024,2024-03-01,CPT,FORN-00002,DESPESA,2.251,"R$ 2.250,75",BRL,Manutenção estrutural vinculada à área CPT,3,PIX,PAGO,8564f3e9-2355-4a0a-9d3a-5a95324578cc,2024-04-05,ERP_CORPORATIVO,TRANSACOES_FINANCEIRAS,181,edeca1d45f5627237409f417c5a9f8c45d3d7cc9ebfe9aa37633b0834a6968e2
TR-00182,2024/03/15,2024-03-01,VND,FORN-00002,DESPESA,2931,"R$ 2.930,98",BRL,Prestação de serviço para área VND,1,BOLETO,PAGO,8564f3e9-2355-4a0a-9d3a-5a95324578cc,2024-04-05,ERP_CORPORATIVO,TRANSACOES_FINANCEIRAS,182,53d3d1b60db1c614e18fd7da3efb8245f363d4a1e43fbc1223751743737f47ec
TR-00183,15/03/2024,2024-03-01,MKT,FORN-00002,DESPESA,"R$2625,28","R$2625,28",BRL,Custo operacional associado a MKT,8,PIX,CANCELADO,8564f3e9-2355-4a0a-9d3a-5a95324578cc,2024-04-05,ERP_CORPORATIVO,TRANSACOES_FINANCEIRAS,183,fb67729e7f0973d8391f51b02382ee3b733d5d678b227c483e9031dbdd802a80
TR-00184,2024-03-29,2024-03-01,ATD,FORN-00002,RECEITA,"R$2465,62","R$ 2.465,62",BRL,Despesa operacional - ATD,8,TED,PAGO,8564f3e9-2355-4a0a-9d3a-5a95324578cc,2024-04-05,ERP_CORPORATIVO,TRANSACOES_FINANCEIRAS,184,757dedb5466377025471de9d271b7da58aec965509973b5d234f91dd6d234b5b
TR-00724,2024-03-19,2024-03-01,OP,FORN-00006,RECEITA,"R$1873,93",1874,BRL,Prestação de serviço para área OP,1,PIX,PAGO,8564f3e9-2355-4a0a-9d3a-5a95324578cc,2024-04-05,ERP_CORPORATIVO,TRANSACOES_FINANCEIRAS,724,9662a56997171a6583b884b97984cfa57bb3eb4ceec270a34da8beac27bca0ed
TR-00725,18/03/2024,2024-03-01,ATD,FORN-00006,RECEITA,1.804,1720,BRL,Tributo incidente sobre receita de ATD,40,BOLETO,PAGO,8564f3e9-2355-4a0a-9d3a-5a95324578cc,2024-04-05,ERP_CORPORATIVO,TRANSACOES_FINANCEIRAS,725,b533c241c7b0cad29d0e117a5cb58c90e552523c489735031b2193d543d76af4
TR-00726,18/03/2024,2024-03-01,COMP,FORN-00006,DESPESA,1888,1888.25,BRL,Serviço especializado solicitado por COMP,1,TED,PAGO,8564f3e9-2355-4a0a-9d3a-5a95324578cc,2024-04-05,ERP_CORPORATIVO,TRANSACOES_FINANCEIRAS,726,b2f50ed6663084b7c9a24ad36670ba9ac1c3c0c024d6503325d331ed0135147f
TR-00727,20/03/24,2024-03-01,ESG,FORN-00006,RECEITA,"536,56",537,BRL,Hospedagem em viagem a serviço de ESG,19,TRANSFERENCIA,PAGO,8564f3e9-2355-4a0a-9d3a-5a95324578cc,2024-04-05,ERP_CORPORATIVO,TRANSACOES_FINANCEIRAS,727,bcc85bcf0b735afd2fd7813a1c4e227854388f767e2ce5be10a58099303c222f
TR-00728,08-03-2024,2024-03-01,MKT,FORN-00006,DESPESA,"R$1837,70","1.766,48",BRL,Receita de aluguel creditada em MKT,31,TED,CANCELADO,8564f3e9-2355-4a0a-9d3a-5a95324578cc,2024-04-05,ERP_CORPORATIVO,TRANSACOES_FINANCEIRAS,728,d7c4e00dcbe1c8442f06e91b6787c15766b05f346ae37ae2091dc40793cab900
TR-00729,2024-03-06,2024-03-01,LOG,FORN-00006,DESPESA,"R$ 1.733,64",1.734,BRL,Aquisição de material operacional - LOG,2,PIX,PAGO,8564f3e9-2355-4a0a-9d3a-5a95324578cc,2024-04-05,ERP_CORPORATIVO,TRANSACOES_FINANCEIRAS,729,48e74083e8639b05209906b434fc35c94baad560962891c850f7334431629667
TR-00730,2024/03/29,2024-03-01,COMP,FORN-00006,DESPESA,2090,"R$2011,24",BRL,Compra de insumos para setor COMP,2,TED,ATRASADO,8564f3e9-2355-4a0a-9d3a-5a95324578cc,2024-04-05,ERP_CORPORATIVO,TRANSACOES_FINANCEIRAS,730,3d4d98c05962148c20addb1469dee847866805bc9c5b74c85a539eb8b67b1640
TR-00731,03-15-2024,2024-03-01,COMP,FORN-00006,RECEITA,1645,"R$ 1.645,50",USD,Serviço de telefonia e internet - COMP,9,TED,PAGO,8564f3e9-2355-4a0a-9d3a-5a95324578cc,2024-04-05,ERP_CORPORATIVO,TRANSACOES_FINANCEIRAS,731,fec7f41953d8a600559f62a88dbc2623e41edff78cfde38c6691f3538443cb2f
TR-00732,2024-03-27,2024-03-01,JUR,FORN-00006,DESPESA,1897,1897.19,BRL,Contrato de serviço - setor JUR,1,BOLETO,PAGO,8564f3e9-2355-4a0a-9d3a-5a95324578cc,2024-04-05,ERP_CORPORATIVO,TRANSACOES_FINANCEIRAS,732,ce5e9d9e266a798ec17ad7ee4725093758eaa5e2b6034a4469450781dc3bf7d8
TR-00733,18-03-2024,2024-03-01,OP,FORN-00006,DESPESA,1605,1604.54,BRL,Despesa operacional - OP,8,BOLETO,PAGO,8564f3e9-2355-4a0a-9d3a-5a95324578cc,2024-04-05,ERP_CORPORATIVO,TRANSACOES_FINANCEIRAS,733,9490f989e88bf1d6b33f964228b6b2d864699555b79f64cd5c493188cd466b26
TR-00734,03-19-2024,2024-03-01,TI,FORN-00006,DESPESA,"R$ 1.680,07","R$1680,07",BRL,Manutenção estrutural vinculada à área TI,3,TRANSFERENCIA,PAGO,8564f3e9-2355-4a0a-9d3a-5a95324578cc,2024-04-05,ERP_CORPORATIVO,TRANSACOES_FINANCEIRAS,734,96d8d4aa4be7afdbcfa2d156fc9155c6b5d369eda3cae8e03cc344bda0efd954
TR-00735,2024/03/11,2024-03-01,JUR,FORN-00006,RECEITA,2.006,"2.005,56",EUR,Prestação de serviço para área JUR,1,TED,PAGO,8564f3e9-2355-4a0a-9d3a-5a95324578cc,2024-04-05,ERP_CORPORATIVO,TRANSACOES_FINANCEIRAS,735,ac022f402d99833b10de3e5741488d77d2b78b63028432180793790face67dd5
TR-00736,2024/03/25,2024-03-01,ATD,FORN-00006,DESPESA,1739,"1.739,34",BRL,Licenciamento de software - ATD,5,TED,PAGO,8564f3e9-2355-4a0a-9d3a-5a95324578cc,2024-04-05,ERP_CORPORATIVO,TRANSACOES_FINANCEIRAS,736,72b72fdd8edc8d85f781927df20eb92c164ab7e661ffc5b1d936fe5d9c9d7230
TR-00737,2024/03/13,2024-03-01,TI,FORN-00006,RECEITA,1543.09,1.543,BRL,Suporte técnico para sistemas de TI,29,PIX,ATRASADO,8564f3e9-2355-4a0a-9d3a-5a95324578cc,2024-04-05,ERP_CORPORATIVO,TRANSACOES_FINANCEIRAS,737,7b09efe8c76772dbcd6d721e0ef9c5b94ac16e18b1127bf3f7a28a37fd6954a4
TR-00738,25/03/24,2024-03-01,CPT,FORN-00006,DESPESA,1732,1.688,BRL,Desconto concedido em operação de CPT,38,PIX,PAGO,8564f3e9-2355-4a0a-9d3a-5a95324578cc,2024-04-05,ERP_CORPORATIVO,TRANSACOES_FINANCEIRAS,738,d2ca48ed5e79ccf3bd32faaa7e3f8909e6532079edd4309861bc5b086ebb8455
TR-00739,11-03-2024,2024-03-01,LOG,FORN-00006,DESPESA,"R$1713,38",1688,BRL,Compra de insumos para setor LOG,2,CARTAO,ATRASADO,8564f3e9-2355-4a0a-9d3a-5a95324578cc,2024-04-05,ERP_CORPORATIVO,TRANSACOES_FINANCEIRAS,739,c82b88f13420fd8d2bb87a99ea5a4b7cf3426cb9a598d4dfa039e77ddd2ccf27
TR-00956,2024-03-07,2024-03-01,COMP,ACC-00007,RECEITA,"R$ 1.951,42",1.951,BRL,Honorários jurídicos - COMP,7,TED,PAGO,8564f3e9-2355-4a0a-9d3a-5a95324578cc,2024-04-05,ERP_CORPORATIVO,TRANSACOES_FINANCEIRAS,956,54612999ba8644ba958e228f05fb633fe99edfacdee0ddfddb8d887fbaa37ff4
TR-00957,18/03/24,2024-03-01,SEC,ACC-00007,DESPESA,2123.58,2.124,BRL,Serviço de tecnologia contratado por SEC,5,TRANSFERENCIA,PAGO,8564f3e9-2355-4a0a-9d3a-5a95324578cc,2024-04-05,ERP_CORPORATIVO,TRANSACOES_FINANCEIRAS,957,a1ab86a1b5d9657e7f01a0176cb3bab732b9ed24cef6c17171b441b46e89d360
TR-00958,Mar 26 2024,2024-03-01,OP,ACC-00007,DESPESA,"R$ 2.254,91","R$ 2.161,19",BRL,Serviço especializado solicitado por OP,1,TRANSFERENCIA,PAGO,8564f3e9-2355-4a0a-9d3a-5a95324578cc,2024-04-05,ERP_CORPORATIVO,TRANSACOES_FINANCEIRAS,958,ce608bdfe4d914a2c54335e1c04b0a42872cead0dfd274d4a88022e284bcd2fd
TR-00959,2024/03/20,2024-03-01,MKT,ACC-00007,DESPESA,"2.507,04","R$2507,04",BRL,Alimentação em viagem corporativa - MKT,20,PIX,PAGO,8564f3e9-2355-4a0a-9d3a-5a95324578cc,2024-04-05,ERP_CORPORATIVO,TRANSACOES_FINANCEIRAS,959,7cbd65c5e1e20f5a5463e7ecf60e1b1e413ee4fd0a30fc06acab0a5320bc4bc6
TR-00960,14/03/2024,2024-03-01,TI,ACC-00007,DESPESA,"R$2201,59",2201.59,BRL,Honorarium advocatício - TI,24,PIX,PAGO,8564f3e9-2355-4a0a-9d3a-5a95324578cc,2024-04-05,ERP_CORPORATIVO,TRANSACOES_FINANCEIRAS,960,aa40b70ac74c4ea8dbe71d65e170db85343ac88e6ec2f724c35eaeef113c6a03
TR-00961,18-03-2024,2024-03-01,JUR,ACC-00007,RECEITA,"R$ 2.129,83",2.130,BRL,Contrato de serviço - setor JUR,1,PIX,PAGO,8564f3e9-2355-4a0a-9d3a-5a95324578cc,2024-04-05,ERP_CORPORATIVO,TRANSACOES_FINANCEIRAS,961,775fcac2575378502bffcc2c153f4d7decc02862931970354c199e8f02708e9e
TR-00962,2024/03/18,2024-03-01,RH,ACC-00007,DESPESA,2347.79,2348,BRL,Apólice de seguro - RH,21,TRANSFERENCIA,PAGO,8564f3e9-2355-4a0a-9d3a-5a95324578cc,2024-04-05,ERP_CORPORATIVO,TRANSACOES_FINANCEIRAS,962,646891da90721ab99b4e8cb93dc31c14fbe20610f230a50e579f552714e126b1
TR-00963,18-03-2024,2024-03-01,FIN,ACC-00007,RECEITA,2.024,2.024,BRL,Despesa operacional - FIN,8,TED,PAGO,8564f3e9-2355-4a0a-9d3a-5a95324578cc,2024-04-05,ERP_CORPORATIVO,TRANSACOES_FINANCEIRAS,963,3d5c84006de31b58af8a4a76abdd2e92acecbe344f6981ff0942d0e14b65d179
TR-00964,05/03/2024,2024-03-01,TI,ACC-00007,RECEITA,"R$606,39","R$ 606,39",BRL,Contrato de serviço - setor TI,1,TRANSFERENCIA,PAGO,8564f3e9-2355-4a0a-9d3a-5a95324578cc,2024-04-05,ERP_CORPORATIVO,TRANSACOES_FINANCEIRAS,964,d35606f201bbc2b1ab8c0a6143ceb737e7aa33b4bb75e70d7c5476580968737a
TR-00965,2024/03/18,2024-03-01,COMP,ACC-00007,DESPESA,2219.92,"2.219,92",BRL,Desconto concedido em operação de COMP,38,BOLETO,PAGO,8564f3e9-2355-4a0a-9d3a-5a95324578cc,2024-04-05,ERP_CORPORATIVO,TRANSACOES_FINANCEIRAS,965,183f5d32726c5179172e1b43d7be5f632be0bb93c6a4de213bcb2186f442c2b8
TR-00966,2024-03-18,2024-03-01,ESG,ACC-00007,RECEITA,6.462,"R$ 6.462,05",BRL,Licença de software para área ESG,27,CARTAO,PAGO,8564f3e9-2355-4a0a-9d3a-5a95324578cc,2024-04-05,ERP_CORPORATIVO,TRANSACOES_FINANCEIRAS,966,0df9184cad195f6be82bd7feb9c285d3bd73dcbd080478bde85d534b02497f8c
TR-00967,28-03-2024,2024-03-01,COM,ACC-00007,DESPESA,2714.67,2715,BRL,Imposto sobre venda apurado em COM,40,TRANSFERENCIA,PAGO,8564f3e9-2355-4a0a-9d3a-5a95324578cc,2024-04-05,ERP_CORPORATIVO,TRANSACOES_FINANCEIRAS,967,ce4e64ff4500a4bf27864406a0011a5d04739264ea5e415590a1bac4c23c6a74
TR-00968,2024/03/05,2024-03-01,VND,ACC-00007,RECEITA,2122,"2.122,07",BRL,Estorno de receita - VND,39,PIX,PAGO,8564f3e9-2355-4a0a-9d3a-5a95324578cc,2024-04-05,ERP_CORPORATIVO,TRANSACOES_FINANCEIRAS,968,4667bbfbfceb494a06d2d3cb237fc5daa9ccdefb5237d8d8a9e00fc87bae2d41
TR-00969,2024/03/13,2024-03-01,TI,ACC-00007,RECEITA,"R$2221,27",2221.27,BRL,Prestação de serviço para área TI,1,CARTAO,PAGO,8564f3e9-2355-4a0a-9d3a-5a95324578cc,2024-04-05,ERP_CORPORATIVO,TRANSACOES_FINANCEIRAS,969,12d6ed027bc98409fed139b11f02ddc48895ccf34267c0e288fd1e40556f435f
TR-01371,01-03-2024,2024-03-01,MKT,FORN-00009,DESPESA,"R$ 3.460,03",3460,BRL,Manutenção estrutural vinculada à área MKT,3,TED,PAGO,8564f3e9-2355-4a0a-9d3a-5a95324578cc,2024-04-05,ERP_CORPORATIVO,TRANSACOES_FINANCEIRAS,1371,1a8b1cde3163155691025f2e9410f4c81a6a5ece26f313072b9d2ffca44f84df
TR-01372,25/03/2024,2024-03-01,FIN,FORN-00009,DESPESA,"4.063,81",3949,BRL,Certificado digital adquirido por FIN,26,BOLETO,PAGO,8564f3e9-2355-4a0a-9d3a-5a95324578cc,2024-04-05,ERP_CORPORATIVO,TRANSACOES_FINANCEIRAS,1372,aed0abc2ad8065e16c63b750b6ebbecbb49c94233e89cd6ee793da0aed9531b0
TR-01373,03-19-2024,2024-03-01,RH,FORN-00009,DESPESA,4.391,"R$4390,82",BRL,Manutenção de equipamentos de RH,28,PIX,PAGO,8564f3e9-2355-4a0a-9d3a-5a95324578cc,2024-04-05,ERP_CORPORATIVO,TRANSACOES_FINANCEIRAS,1373,eacda6de2c62b52760d4cfea75b60d16a1a78eed7ce6e5c6aa785bead0be0775
TR-01374,08-03-2024,2024-03-01,QAS,FORN-00009,DESPESA,3.470,3.470,BRL,Custo operacional associado a QAS,8,PIX,PAGO,8564f3e9-2355-4a0a-9d3a-5a95324578cc,2024-04-05,ERP_CORPORATIVO,TRANSACOES_FINANCEIRAS,1374,a178712bccfe9f1f4f069e34dc272264873c883ff95d130d428b4f2e25dd8db6
TR-01375,Mar 18 2024,2024-03-01,CPT,FORN-00009,RECEITA,3883,3693,BRL,Aquisição de material operacional - CPT,2,TRANSFERENCIA,PAGO,8564f3e9-2355-4a0a-9d3a-5a95324578cc,2024-04-05,ERP_CORPORATIVO,TRANSACOES_FINANCEIRAS,1375,847d99adea0ed462472aba737e766c83ae361edae24fd35d8e81fc145e5e4e1c
TR-01376,2024-03-06,2024-03-01,ESG,FORN-00009,DESPESA,"R$5111,54","R$5111,54",BRL,Doação recebida em favor de ESG,36,CARTAO,PAGO,8564f3e9-2355-4a0a-9d3a-5a95324578cc,2024-04-05,ERP_CORPORATIVO,TRANSACOES_FINANCEIRAS,1376,20ecaa45b873236804e3baf0c9e659ffc2054c8d2d56e97ed9cf9fc003dde7fe
TR-01377,20/03/2024,2024-03-01,OP,FORN-00009,RECEITA,"R$4258,62",4184.36,BRL,Atendimento de TI requisitado por OP,29,TED,PAGO,8564f3e9-2355-4a0a-9d3a-5a95324578cc,2024-04-05,ERP_CORPORATIVO,TRANSACOES_FINANCEIRAS,1377,30d47e4939a96d169d3b7f30eb1e984a6d6a09ac0789768e3eaa6a4df464b357
TR-01378,03-13-2024,2024-03-01,COM,FORN-00009,DESPESA,3953,3952.92,BRL,Despesa de RH - COM,6,TED,PAGO,8564f3e9-2355-4a0a-9d3a-5a95324578cc,2024-04-05,ERP_CORPORATIVO,TRANSACOES_FINANCEIRAS,1378,4a94825de7b4ae3cbc0912399b51f97f72a43e0a2bcf9b65db3a43252d634273
TR-01379,04/03/24,2024-03-01,TI,FORN-00009,RECEITA,4275.70,"R$4275,70",BRL,Assessoria legal vinculada à área TI,7,BOLETO,PAGO,8564f3e9-2355-4a0a-9d3a-5a95324578cc,2024-04-05,ERP_CORPORATIVO,TRANSACOES_FINANCEIRAS,1379,5fa95d1e11b4b41f5310a591c8d8d3e70a4f71d368d82ae10fd9e2d459ca4228
TR-01380,04/03/24,2024-03-01,PRD,FORN-00009,DESPESA,3.952,3952.17,BRL,Custo operacional associado a PRD,8,PIX,PAGO,8564f3e9-2355-4a0a-9d3a-5a95324578cc,2024-04-05,ERP_CORPORATIVO,TRANSACOES_FINANCEIRAS,1380,5c61c9d88741ff30554c7f26f0ebeb87894c499e3d66bc91cb72db8587e2597d
TR-01381,2024-03-11,2024-03-01,COM,FORN-00009,RECEITA,"R$ 4.968,67",4858,BRL,Comissão recebida por COM,33,PIX,PAGO,8564f3e9-2355-4a0a-9d3a-5a95324578cc,2024-04-05,ERP_CORPORATIVO,TRANSACOES_FINANCEIRAS,1381,75fd46cf0445a2c979816d2a3d9fab00e04492889eae744c141b384c9bd52bf7
TR-01382,2024-03-11,2024-03-01,TI,FORN-00009,RECEITA,3791.64,"R$ 3.791,64",BRL,Despesa operacional - TI,8,TRANSFERENCIA,PAGO,8564f3e9-2355-4a0a-9d3a-5a95324578cc,2024-04-05,ERP_CORPORATIVO,TRANSACOES_FINANCEIRAS,1382,484d7695f7aeb5e999ab390a5938d47926d456c462ee3ff0951abeff1361bd07
TR-01383,29/03/24,2024-03-01,ESG,FORN-00009,DESPESA,3973,3973,USD,Recebimento de subvenção - ESG,36,TRANSFERENCIA,PAGO,8564f3e9-2355-4a0a-9d3a-5a95324578cc,2024-04-05,ERP_CORPORATIVO,TRANSACOES_FINANCEIRAS,1383,868801e44f911f432b3f9b4b40a90041f7bad8ab7d5452db3cbe10747f79ad4c
TR-01960,04-03-2024,2024-03-01,JUR,ACC-00011,DESPESA,2.714,2.714,BRL,Certificado digital adquirido por JUR,26,BOLETO,PAGO,8564f3e9-2355-4a0a-9d3a-5a95324578cc,2024-04-05,ERP_CORPORATIVO,TRANSACOES_FINANCEIRAS,1960,fe3d4f8b350c76f13e1086fb5f3be64bac3512e908ea39676aea451a10b52290
TR-01961,03-18-2024,2024-03-01,OP,ACC-00011,DESPESA,"3.141,57",3081.53,BRL,Compra de insumos para setor OP,2,PIX,PAGO,8564f3e9-2355-4a0a-9d3a-5a95324578cc,2024-04-05,ERP_CORPORATIVO,TRANSACOES_FINANCEIRAS,1961,b3858f0f71d296e43006f6d131f57028a523814029ffedc3d186ac75ae561278
TR-01962,Mar 12 2024,2024-03-01,ADM,ACC-00011,DESPESA,"3.437,90",3.438,BRL,Abastecimento de veículos - ADM,16,PIX,PAGO,8564f3e9-2355-4a0a-9d3a-5a95324578cc,2024-04-05,ERP_CORPORATIVO,TRANSACOES_FINANCEIRAS,1962,2e2ceb8f391fe1487a50896b8bf368b8d6c8cadf405196bd21852669c3fb9c76
TR-01963,2024/03/04,2024-03-01,OP,ACC-00011,RECEITA,3.398,"R$3398,05",BRL,Serviço especializado solicitado por OP,1,BOLETO,PAGO,8564f3e9-2355-4a0a-9d3a-5a95324578cc,2024-04-05,ERP_CORPORATIVO,TRANSACOES_FINANCEIRAS,1963,bbc13b7c8553661b8e5fa10542fa083657fb914df82fbe412e48acf0d4cd2381
TR-01964,03-07-2024,2024-03-01,CTB,ACC-00011,DESPESA,"R$ 3.750,70",3750.70,BRL,Custo operacional associado a CTB,8,TED,PAGO,8564f3e9-2355-4a0a-9d3a-5a95324578cc,2024-04-05,ERP_CORPORATIVO,TRANSACOES_FINANCEIRAS,1964,a08e8dc7a04585e6c99ef8b8118927021542b188c7d3a457aa1fd507f0316bf9
TR-01965,Mar 20 2024,2024-03-01,OP,ACC-00011,DESPESA,"R$3541,59",3.542,BRL,Investimento em marketing corporativo (OP),4,PIX,PAGO,8564f3e9-2355-4a0a-9d3a-5a95324578cc,2024-04-05,ERP_CORPORATIVO,TRANSACOES_FINANCEIRAS,1965,7c1a94009a55dec3156fbdae4bec18476dcd79a63406e0f5fc3b4f4d689607d0
TR-01966,11/03/2024,2024-03-01,SEC,ACC-00011,DESPESA,9.502,"9.416,57",BRL,Hospedagem em viagem a serviço de SEC,19,PIX,PAGO,8564f3e9-2355-4a0a-9d3a-5a95324578cc,2024-04-05,ERP_CORPORATIVO,TRANSACOES_FINANCEIRAS,1966,f3495fde608c6cd5d477f63f6bd6a524cb50d5065c6b857e5dc21b7718819acb
TR-01967,Mar 11 2024,2024-03-01,PRD,ACC-00011,RECEITA,"R$7679,85","7.679,85",BRL,Seguro contratado pela área PRD,21,BOLETO,CANCELADO,8564f3e9-2355-4a0a-9d3a-5a95324578cc,2024-04-05,ERP_CORPORATIVO,TRANSACOES_FINANCEIRAS,1967,49607101a0ca3dcd940c9741eb9f18b433b9f052947cf983c2acd6d1b721c579
TR-01968,2024-03-15,2024-03-01,FIN,ACC-00011,DESPESA,"R$ 3.111,74",3111.74,BRL,Consultoria estratégica para área FIN,12,CARTAO,ATRASADO,8564f3e9-2355-4a0a-9d3a-5a95324578cc,2024-04-05,ERP_CORPORATIVO,TRANSACOES_FINANCEIRAS,1968,7933edaa87dc036d0a7c5013e3e37316ef24efcb5502aae562b87412aa52d202
TR-01969,03-08-2024,2024-03-01,CPT,ACC-00011,RECEITA,3425,3.425,BRL,Abatimento comercial registrado em CPT,38,CARTAO,PAGO,8564f3e9-2355-4a0a-9d3a-5a95324578cc,2024-04-05,ERP_CORPORATIVO,TRANSACOES_FINANCEIRAS,1969,9bf985a9bf939817b11a55e54a30bc88f87f8c44f0b19899b65cac505968b52f
TR-01970,2024/03/27,2024-03-01,JUR,ACC-00011,DESPESA,"R$ 3.364,18",3328,BRL,Prestação de serviço para área JUR,1,TED,ATRASADO,8564f3e9-2355-4a0a-9d3a-5a95324578cc,2024-04-05,ERP_CORPORATIVO,TRANSACOES_FINANCEIRAS,1970,449f05d4f7c7c3bd88b067435c2e4dd0cd7bb5caf6d0517fbe78a1913b4fa0fd
TR-01971,03-13-2024,2024-03-01,QAS,ACC-00011,RECEITA,"R$ 3.137,44","R$3137,44",BRL,Promoção e atividade externa - QAS,14,PIX,PAGO,8564f3e9-2355-4a0a-9d3a-5a95324578cc,2024-04-05,ERP_CORPORATIVO,TRANSACOES_FINANCEIRAS,1971,cac625512a8aef7b5c8145e20d542b10384db7eb840467b76c3424a285573239
TR-01972,Mar 14 2024,2024-03-01,COMP,ACC-00011,DESPESA,2.987,"R$ 2.986,57",USD,Custo operacional associado a COMP,8,BOLETO,PAGO,8564f3e9-2355-4a0a-9d3a-5a95324578cc,2024-04-05,ERP_CORPORATIVO,TRANSACOES_FINANCEIRAS,1972,0fdaa53f10a4731704e2291154e5bf6e3b44e18bfd844164755fb00d2b20a61a
TR-01973,2024/03/05,2024-03-01,QAS,ACC-00011,DESPESA,3.240,3240,BRL,Venda de ativo imobilizado por QAS,35,BOLETO,PAGO,8564f3e9-2355-4a0a-9d3a-5a95324578cc,2024-04-05,ERP_CORPORATIVO,TRANSACOES_FINANCEIRAS,1973,db295f4a977ee39c54cc398aa0fc6c249bb46f84424e256fc50cca00ce46f382
TR-02232,Mar 18 2024,2024-03-01,COMP,ACC-00012,RECEITA,"3.721,75",3722,BRL,Produção de material gráfico - COMP,15,BOLETO,PAGO,8564f3e9-2355-4a0a-9d3a-5a95324578cc,2024-04-05,ERP_CORPORATIVO,TRANSACOES_FINANCEIRAS,2232,5bc782a4482af17bc11027a891ae145c30d44d3b996072c8984747b46f9b309d
TR-02233,12/03/24,2024-03-01,PES,ACC-00012,RECEITA,3913,"R$ 3.752,97",BRL,Serviço relacionado a recursos humanos (PES),6,TED,ATRASADO,8564f3e9-2355-4a0a-9d3a-5a95324578cc,2024-04-05,ERP_CORPORATIVO,TRANSACOES_FINANCEIRAS,2233,d5e235691f33697937e170b8b4326bb221e8c01c9ff26698ed0c2dfee51debea
TR-02234,03-14-2024,2024-03-01,ADM,ACC-00012,RECEITA,4168.52,"R$ 4.168,52",BRL,Imposto sobre venda apurado em ADM,40,TED,PAGO,8564f3e9-2355-4a0a-9d3a-5a95324578cc,2024-04-05,ERP_CORPORATIVO,TRANSACOES_FINANCEIRAS,2234,2d18eba99b37ddb4be0c506398861c7712420e31854ad3eabf81c94a707b38d0
TR-02235,2024/03/19,2024-03-01,OP,ACC-00012,RECEITA,3.690,3.607,BRL,Manutenção preventiva de veículos - OP,17,TED,ATRASADO,8564f3e9-2355-4a0a-9d3a-5a95324578cc,2024-04-05,ERP_CORPORATIVO,TRANSACOES_FINANCEIRAS,2235,ae8e57b5eb01eec6fa5cf5d0807e9a2e8a3b7a326e4968eb8158bc9e53e3d9df
TR-02236,Mar 04 2024,2024-03-01,OP,ACC-00012,DESPESA,3555,"R$ 3.555,03",BRL,Apólice de seguro - OP,21,TED,ATRASADO,8564f3e9-2355-4a0a-9d3a-5a95324578cc,2024-04-05,ERP_CORPORATIVO,TRANSACOES_FINANCEIRAS,2236,7d994dee3b86ec0616d09958684b8e7d62283184a14b34d4bb7c33100f8b2547
TR-02237,26/03/2024,2024-03-01,RH,ACC-00012,DESPESA,3619,"3.456,84",BRL,Publicidade institucional - RH,13,TED,ATRASADO,8564f3e9-2355-4a0a-9d3a-5a95324578cc,2024-04-05,ERP_CORPORATIVO,TRANSACOES_FINANCEIRAS,2237,7bd2a89729334ee199f7e2b34dd2189cefcb969088d2faa07defa78c9e5e3c2d
TR-02238,2024/03/22,2024-03-01,OP,ACC-00012,RECEITA,"R$4008,63","R$ 3.826,49",BRL,Reparo e conservação de instalações - OP,10,PIX,CANCELADO,8564f3e9-2355-4a0a-9d3a-5a95324578cc,2024-04-05,ERP_CORPORATIVO,TRANSACOES_FINANCEIRAS,2238,d31e34bc8c15564b8b9d4d90612b15eb4bca2f3dd25bc7c5b2516e3cd6313535
TR-02239,25-03-2024,2024-03-01,OP,ACC-00012,DESPESA,"R$3898,54","R$3898,54",BRL,Estorno de receita - OP,39,PIX,PAGO,8564f3e9-2355-4a0a-9d3a-5a95324578cc,2024-04-05,ERP_CORPORATIVO,TRANSACOES_FINANCEIRAS,2239,7329693233d2ddba2336b3d0012d37a4dcee04bd062df5de3211fb1b25283503
TR-02240,2024-03-18,2024-03-01,FIN,ACC-00012,DESPESA,"R$3597,11",3453,BRL,Licenciamento de software - FIN,5,TRANSFERENCIA,PAGO,8564f3e9-2355-4a0a-9d3a-5a95324578cc,2024-04-05,ERP_CORPORATIVO,TRANSACOES_FINANCEIRAS,2240,332dfc3bb5f48875935c45c3745a6217b9e920dab9b65724ccdc8c3681cb7a1c
TR-02241,2024/03/18,2024-03-01,CTB,ACC-00012,RECEITA,"2.990,47","R$2990,47",BRL,Manutenção de equipamentos de CTB,28,PIX,ATRASADO,8564f3e9-2355-4a0a-9d3a-5a95324578cc,2024-04-05,ERP_CORPORATIVO,TRANSACOES_FINANCEIRAS,2241,1fc2bc171f1f83550952d0f129a0c2d6d348d410aeda01441505c8bc9d67fd4a
TR-02242,03-12-2024,2024-03-01,QAS,ACC-00012,RECEITA,2.824,"R$2824,46",BRL,Alienação de bem patrimonial - QAS,35,PIX,PAGO,8564f3e9-2355-4a0a-9d3a-5a95324578cc,2024-04-05,ERP_CORPORATIVO,TRANSACOES_FINANCEIRAS,2242,123d41c0a041558145efed7927e511155707f60e18805643342621c8ab20e076
TR-02478,25/03/24,2024-03-01,FIN,FORN-00013,DESPESA,3.160,"R$3159,87",BRL,Juros sobre operação financeira - FIN,23,BOLETO,PAGO,8564f3e9-2355-4a0a-9d3a-5a95324578cc,2024-04-05,ERP_CORPORATIVO,TRANSACOES_FINANCEIRAS,2478,06c083460fb84b25a5ba28eb484d82b7579d682258cd46e3411fcdfbe4c3373a
TR-02479,2024-03-18,2024-03-01,PJT,FORN-00013,RECEITA,3332,3184.28,BRL,Reparo de hardware solicitado por PJT,28,PIX,ATRASADO,8564f3e9-2355-4a0a-9d3a-5a95324578cc,2024-04-05,ERP_CORPORATIVO,TRANSACOES_FINANCEIRAS,2479,89e2413de858fdec3ea31d18ff7cbd5eadc59d7c41a9c6eceeae8e3d02dcb956
TR-02480,Mar 22 2024,2024-03-01,COM,FORN-00013,DESPESA,"R$3729,56","3.729,56",BRL,Material de marketing solicitado por COM,15,PIX,ATRASADO,8564f3e9-2355-4a0a-9d3a-5a95324578cc,2024-04-05,ERP_CORPORATIVO,TRANSACOES_FINANCEIRAS,2480,d09e14688ce7bd3f3e9d2b3ef78bdae22afcd12c24970204dc777961f75649a8
TR-02481,Mar 18 2024,2024-03-01,TI,FORN-00013,RECEITA,"R$3477,56","R$ 3.477,56",BRL,Locação de espaço comercial - TI,31,BOLETO,PAGO,8564f3e9-2355-4a0a-9d3a-5a95324578cc,2024-04-05,ERP_CORPORATIVO,TRANSACOES_FINANCEIRAS,2481,90fc02811c6a738f3dbefa7aff26d739ab1d558320cff96e86a05bd56874e3fe
TR-02482,Mar 15 2024,2024-03-01,VND,FORN-00013,DESPESA,3.317,"R$3218,18",BRL,Despesa de RH - VND,6,PIX,PAGO,8564f3e9-2355-4a0a-9d3a-5a95324578cc,2024-04-05,ERP_CORPORATIVO,TRANSACOES_FINANCEIRAS,2482,99650d471038d5b461d49b47cfa150bc9f9d58f71ceaf89bd10243fab72b8630
TR-02483,03-06-2024,2024-03-01,TI,FORN-00013,DESPESA,"3.742,85","R$ 3.677,04",BRL,Estorno de receita - TI,39,TED,PAGO,8564f3e9-2355-4a0a-9d3a-5a95324578cc,2024-04-05,ERP_CORPORATIVO,TRANSACOES_FINANCEIRAS,2483,6b7891960efbcd9417e989d12ab6b83888b6eef36f1f43929d34e4c97a76ab4e
TR-02484,Mar 06 2024,2024-03-01,OP,FORN-00013,RECEITA,"3.703,05",3703.05,BRL,Despesa operacional - OP,8,BOLETO,PAGO,8564f3e9-2355-4a0a-9d3a-5a95324578cc,2024-04-05,ERP_CORPORATIVO,TRANSACOES_FINANCEIRAS,2484,84ea71f760267ea4a53ad73cbdd7e8cdb760757fa74d047b01aa6f574422bd1a
TR-02485,27/03/24,2024-03-01,ESG,FORN-00013,RECEITA,"3.143,45",3.143,BRL,Despesa operacional - ESG,8,CARTAO,PAGO,8564f3e9-2355-4a0a-9d3a-5a95324578cc,2024-04-05,ERP_CORPORATIVO,TRANSACOES_FINANCEIRAS,2485,b003186ad104a1f5fb9243d88eb08161652615f3e2bef3553134ea42ea3236aa
TR-02486,Mar 07 2024,2024-03-01,PRD,FORN-00013,DESPESA,3.601,3601,USD,Custo operacional associado a PRD,8,BOLETO,PAGO,8564f3e9-2355-4a0a-9d3a-5a95324578cc,2024-04-05,ERP_CORPORATIVO,TRANSACOES_FINANCEIRAS,2486,4e716279c2c58cf0f8677e24ad76718d2ef07f84eb98865b664a97061a37aa82
TR-02487,19/03/2024,2024-03-01,CTB,FORN-00013,DESPESA,3.132,3132.16,BRL,Hospedagem em viagem a serviço de CTB,19,TED,PAGO,8564f3e9-2355-4a0a-9d3a-5a95324578cc,2024-04-05,ERP_CORPORATIVO,TRANSACOES_FINANCEIRAS,2487,586a355b9633b905614b3cb833cfef1fca1931852e6de872c3a84b69a4262412
TR-02488,2024-03-11,2024-03-01,FIN,FORN-00013,DESPESA,"4.009,55",4.010,BRL,Despesa operacional - FIN,8,BOLETO,PAGO,8564f3e9-2355-4a0a-9d3a-5a95324578cc,2024-04-05,ERP_CORPORATIVO,TRANSACOES_FINANCEIRAS,2488,d7dff36d0c0788ad1188d65fb7b339e82fad3e3281b8022b0ecca4a8b47835b4
TR-02489,03-27-2024,2024-03-01,JUR,FORN-00013,DESPESA,"R$ 4.034,13",3872,BRL,Custo operacional associado a JUR,8,TRANSFERENCIA,PAGO,8564f3e9-2355-4a0a-9d3a-5a95324578cc,2024-04-05,ERP_CORPORATIVO,TRANSACOES_FINANCEIRAS,2489,30e31c9ca30888d597b2f72fd39fff8f06fb171029ee4a6abacc0f672e8dbeb4
TR-02490,2024/03/15,2024-03-01,COMP,FORN-00013,DESPESA,3465.66,"R$3465,66",BRL,Hospedagem em viagem a serviço de COMP,19,TED,PAGO,8564f3e9-2355-4a0a-9d3a-5a95324578cc,2024-04-05,ERP_CORPORATIVO,TRANSACOES_FINANCEIRAS,2490,e051dd440d1201a713e4c14174607b2304afd4e80d86a16e6d2654143930e232
TR-02604,12/03/2024,2024-03-01,OP,ACC-00014,RECEITA,2337,"R$ 2.337,27",BRL,Certificado digital adquirido por OP,26,BOLETO,PAGO,8564f3e9-2355-4a0a-9d3a-5a95324578cc,2024-04-05,ERP_CORPORATIVO,TRANSACOES_FINANCEIRAS,2604,a73bc79ce4a2e046eb9adfceae2cb81cc65e8364ec6f5789a714f5caf3991800
TR-02605,11/03/2024,2024-03-01,OP,ACC-00014,RECEITA,"R$2631,65",2.632,BRL,Capacitação profissional vinculada a OP,30,PIX,PAGO,8564f3e9-2355-4a0a-9d3a-5a95324578cc,2024-04-05,ERP_CORPORATIVO,TRANSACOES_FINANCEIRAS,2605,edd9954f9636e8722699de71f1899598743156efab9cc915fbd98a6212649452
TR-02606,18/03/2024,2024-03-01,LOG,ACC-00014,DESPESA,"R$ 2.243,09",2243.09,BRL,Manutenção estrutural vinculada à área LOG,3,BOLETO,PAGO,8564f3e9-2355-4a0a-9d3a-5a95324578cc,2024-04-05,ERP_CORPORATIVO,TRANSACOES_FINANCEIRAS,2606,b1e3dc7e5076ab1ebfddc1962e79777db527fa89ff9fa7e60dba62f60c81824e
TR-02607,03-15-2024,2024-03-01,CPT,ACC-00014,DESPESA,2072.71,"2.072,71",BRL,Licenciamento de software - CPT,5,PIX,PAGO,8564f3e9-2355-4a0a-9d3a-5a95324578cc,2024-04-05,ERP_CORPORATIVO,TRANSACOES_FINANCEIRAS,2607,8e23cec97284f340ac80c518203b5e7733ddec051f04573b344e25159474882b
TR-02608,26/03/2024,2024-03-01,MKT,ACC-00014,DESPESA,2.135,"R$2134,99",BRL,Contrato de serviço - setor MKT,1,TRANSFERENCIA,PAGO,8564f3e9-2355-4a0a-9d3a-5a95324578cc,2024-04-05,ERP_CORPORATIVO,TRANSACOES_FINANCEIRAS,2608,9110d850df7fb6b6811f8710583b7a0340cdae4f028e3a96f90697625d1f5716
TR-02609,12/03/2024,2024-03-01,CTB,ACC-00014,DESPESA,6178,6177.68,BRL,Campanha institucional - CTB,4,PIX,PAGO,8564f3e9-2355-4a0a-9d3a-5a95324578cc,2024-04-05,ERP_CORPORATIVO,TRANSACOES_FINANCEIRAS,2609,b9e3c1ec3accf595445968bb6bbc0c94812f8a4b43b1c01f389947f2839e5e09
TR-02610,2024-03-19,2024-03-01,CPT,ACC-00014,RECEITA,"R$ 2.470,32",2470.32,BRL,Prestação de serviço para área CPT,1,PIX,PAGO,8564f3e9-2355-4a0a-9d3a-5a95324578cc,2024-04-05,ERP_CORPORATIVO,TRANSACOES_FINANCEIRAS,2610,4b2d9b70fc9c92cdca16c071779394136fb055f84c57f9ab6d013994d9b1f1cc
TR-02611,2024/03/13,2024-03-01,JUR,ACC-00014,RECEITA,2571,"2.532,33",BRL,Custo operacional associado a JUR,8,CARTAO,PAGO,8564f3e9-2355-4a0a-9d3a-5a95324578cc,2024-04-05,ERP_CORPORATIVO,TRANSACOES_FINANCEIRAS,2611,8487ab11b62cc6df8fa20b39bfc86536a9d870053860a4adf1e798acb53f9a76
TR-02612,2024-03-04,2024-03-01,FIN,ACC-00014,RECEITA,4.672,"R$4671,86",BRL,Serviço de tecnologia contratado por FIN,5,TRANSFERENCIA,PAGO,8564f3e9-2355-4a0a-9d3a-5a95324578cc,2024-04-05,ERP_CORPORATIVO,TRANSACOES_FINANCEIRAS,2612,1e23c6d49038dc4d98e7b92a1ca28dc3446e245fbcd6ff26fb4c6109b2aa6128
TR-02613,05/03/24,2024-03-01,PRD,ACC-00014,DESPESA,"R$2534,79",2.535,BRL,Compra de insumos para setor PRD,2,PIX,PAGO,8564f3e9-2355-4a0a-9d3a-5a95324578cc,2024-04-05,ERP_CORPORATIVO,TRANSACOES_FINANCEIRAS,2613,6b16d2a5942214a917e3dbefb42beab338cd35d1e65b3288af379ddfa177341f
TR-02614,2024/03/08,2024-03-01,CPT,ACC-00014,DESPESA,"R$2155,24","R$2155,24",USD,Doação recebida em favor de CPT,36,BOLETO,PAGO,8564f3e9-2355-4a0a-9d3a-5a95324578cc,2024-04-05,ERP_CORPORATIVO,TRANSACOES_FINANCEIRAS,2614,1bf172191aa5ff0fad8deec051aa98455c6a92976dc3b3eb5a978cf474b277e4
TR-02615,13/03/2024,2024-03-01,ADM,ACC-00014,RECEITA,2306.83,"R$2240,74",BRL,Custo operacional associado a ADM,8,BOLETO,ATRASADO,8564f3e9-2355-4a0a-9d3a-5a95324578cc,2024-04-05,ERP_CORPORATIVO,TRANSACOES_FINANCEIRAS,2615,aef4d2cbe853418a458442081990ce0fcfb02d843c14680b0d3a71b304ac22cf
TR-02616,03-18-2024,2024-03-01,FIN,ACC-00014,RECEITA,"R$1896,16",1.896,BRL,Manutenção estrutural vinculada à área FIN,3,PIX,PAGO,8564f3e9-2355-4a0a-9d3a-5a95324578cc,2024-04-05,ERP_CORPORATIVO,TRANSACOES_FINANCEIRAS,2616,2fc28a5ca8648093a518002986486ee2de8e41aeb45c7bf03181c2c5a50d0d7a
TR-02617,13/03/24,2024-03-01,ESG,ACC-00014,RECEITA,2281.98,2281.98,BRL,Investimento em marketing corporativo (ESG),4,PIX,PAGO,8564f3e9-2355-4a0a-9d3a-5a95324578cc,2024-04-05,ERP_CORPORATIVO,TRANSACOES_FINANCEIRAS,2617,f4db27d5b7aeced3cd3d9e6c107cf18372b859a30d82aa45d800baaa5f6767bc
TR-02618,21/03/2024,2024-03-01,OP,ACC-00014,DESPESA,2215.96,2215.96,BRL,Campanha institucional - OP,4,TED,PAGO,8564f3e9-2355-4a0a-9d3a-5a95324578cc,2024-04-05,ERP_CORPORATIVO,TRANSACOES_FINANCEIRAS,2618,393050a276904f50e86e5e9b262109d484c95192c72aa5f34a71d03ecb262923
TR-02619,03-25-2024,2024-03-01,RH,ACC-00014,DESPESA,"R$ 1.868,05",1.832,BRL,Investimento em marketing corporativo (RH),4,CARTAO,PAGO,8564f3e9-2355-4a0a-9d3a-5a95324578cc,2024-04-05,ERP_CORPORATIVO,TRANSACOES_FINANCEIRAS,2619,feb79ac4b6b0a5533c92d17cef9d9de70cf0a96abc895da0e9bdc9814c3ccf1a
TR-02620,Mar 25 2024,2024-03-01,ESG,ACC-00014,RECEITA,"R$2906,50","R$2766,80",BRL,Juros sobre operação financeira - ESG,23,TED,ATRASADO,8564f3e9-2355-4a0a-9d3a-5a95324578cc,2024-04-05,ERP_CORPORATIVO,TRANSACOES_FINANCEIRAS,2620,ab1c99aa3ace09e0815b019dcc17adb3a00dbef2c2035245ee670adc6b62a4be
TR-02621,04-03-2024,2024-03-01,QAS,ACC-00014,DESPESA,2266.87,"2.266,87",BRL,Despesa operacional - QAS,8,TRANSFERENCIA,PAGO,8564f3e9-2355-4a0a-9d3a-5a95324578cc,2024-04-05,ERP_CORPORATIVO,TRANSACOES_FINANCEIRAS,2621,eeaede863fded21f3b4095976733868e9d93165e1cedad6357a0132497a79a65
TR-02622,04-03-2024,2024-03-01,OP,ACC-00014,RECEITA,"R$ 1.906,89",1907,BRL,Honorários jurídicos - OP,7,TED,PAGO,8564f3e9-2355-4a0a-9d3a-5a95324578cc,2024-04-05,ERP_CORPORATIVO,TRANSACOES_FINANCEIRAS,2622,05e23f52f891fec7af4f06bcc258d76e322cd315833ebd07b801ef3e45fad4d6
TR-02623,20/03/24,2024-03-01,RH,ACC-00014,DESPESA,"R$ 2.290,53","2.222,90",BRL,Despesa de RH - RH,6,CARTAO,PAGO,8564f3e9-2355-4a0a-9d3a-5a95324578cc,2024-04-05,ERP_CORPORATIVO,TRANSACOES_FINANCEIRAS,2623,3fa9250d9b0a1a9253055a1c2408417b902a5cb77927f0a77c7d57ae414778f6
TR-02624,03-18-2024,2024-03-01,TI,ACC-00014,RECEITA,"2.776,73","R$ 2.776,73",BRL,Manutenção predial solicitada por TI,10,PIX,PAGO,8564f3e9-2355-4a0a-9d3a-5a95324578cc,2024-04-05,ERP_CORPORATIVO,TRANSACOES_FINANCEIRAS,2624,dd89129bff98dbffd5eb1bd3ba975edaa865095f8c27f92a72d7db706ddb0526
TR-02625,2024-03-12,2024-03-01,VND,ACC-00014,RECEITA,"R$ 2.848,82","R$2728,74",BRL,Campanha institucional - VND,4,CARTAO,PAGO,8564f3e9-2355-4a0a-9d3a-5a95324578cc,2024-04-05,ERP_CORPORATIVO,TRANSACOES_FINANCEIRAS,2625,9223ef1e7b815e22904d66ba58194a46e631562a7b0fb40ed671d0054f0fc6a1
TR-02626,2024-03-25,2024-03-01,PRD,ACC-00014,DESPESA,2368,2367.97,BRL,Custo operacional associado a PRD,8,TED,PAGO,8564f3e9-2355-4a0a-9d3a-5a95324578cc,2024-04-05,ERP_CORPORATIVO,TRANSACOES_FINANCEIRAS,2626,46c4e9d1e34b724bfabea3c8258acb36c4d3b6bf280efc5b319fa329eb0fd1e0
TR-02627,2024/03/04,2024-03-01,RH,ACC-00014,DESPESA,2376.99,2.377,BRL,Serviço técnico especializado para RH,11,TED,PAGO,8564f3e9-2355-4a0a-9d3a-5a95324578cc,2024-04-05,ERP_CORPORATIVO,TRANSACOES_FINANCEIRAS,2627,8402ab19ee5b3d584aeb0054b5a3dbb5961739e3a73916fc052f28fb5ec7f571
TR-02628,Mar 11 2024,2024-03-01,COMP,ACC-00014,RECEITA,"R$ 2.661,14","2.661,14",USD,Prestação de serviço para área COMP,1,TED,PAGO,8564f3e9-2355-4a0a-9d3a-5a95324578cc,2024-04-05,ERP_CORPORATIVO,TRANSACOES_FINANCEIRAS,2628,3a37fbd4e90a4bb3a5d9ad18b54e059b833d6ed2f8e7e105edd7c8f12d6a9154
TR-02629,2024/03/11,2024-03-01,COMP,ACC-00014,RECEITA,2.319,"R$ 2.319,02",BRL,Alimentação em viagem corporativa - COMP,20,PIX,PAGO,8564f3e9-2355-4a0a-9d3a-5a95324578cc,2024-04-05,ERP_CORPORATIVO,TRANSACOES_FINANCEIRAS,2629,30f35ddcb39152c6ae39436e21dd92e50d7ff9c956251aa2db6fa8b029bd6d61
TR-02630,Mar 07 2024,2024-03-01,RH,ACC-00014,DESPESA,"R$ 2.465,08","R$ 2.465,08",BRL,Licença de software para área RH,27,TED,PAGO,8564f3e9-2355-4a0a-9d3a-5a95324578cc,2024-04-05,ERP_CORPORATIVO,TRANSACOES_FINANCEIRAS,2630,3f88f639be946c09fba5673c61d0e8891cad78a3b555c7bc2e2c6484df80ed67
TR-02631,18-03-2024,2024-03-01,LOG,ACC-00014,DESPESA,"R$ 2.560,38",2560.38,BRL,Investimento em marketing corporativo (LOG),4,TRANSFERENCIA,PAGO,8564f3e9-2355-4a0a-9d3a-5a95324578cc,2024-04-05,ERP_CORPORATIVO,TRANSACOES_FINANCEIRAS,2631,f060552bf3056948b6070c9b7279c9c0a3c9fcc2e4261913acb2bc4a5001d7a3
TR-02632,03-08-2024,2024-03-01,OP,ACC-00014,DESPESA,"2.114,04",2114,BRL,Juros sobre operação financeira - OP,23,PIX,PAGO,8564f3e9-2355-4a0a-9d3a-5a95324578cc,2024-04-05,ERP_CORPORATIVO,TRANSACOES_FINANCEIRAS,2632,c1e9ae820dde7c004809dc47cb193721568961df9cdb2527116b45c8b5b466b6
TR-03058,11-03-2024,2024-03-01,JUR,1000014,DESPESA,"R$4873,94",4675,BRL,Atendimento de TI requisitado por JUR,29,CARTAO,ATRASADO,8564f3e9-2355-4a0a-9d3a-5a95324578cc,2024-04-05,ERP_CORPORATIVO,TRANSACOES_FINANCEIRAS,3058,fa86885d9b075c37a8045b97b6281f6837ddaa6a3d5969e8c658fb00a0c17c5b
TR-03059,Mar 25 2024,2024-03-01,ESG,1000014,DESPESA,3751,"R$ 3.614,44",BRL,Estorno de receita - ESG,39,TRANSFERENCIA,PAGO,8564f3e9-2355-4a0a-9d3a-5a95324578cc,2024-04-05,ERP_CORPORATIVO,TRANSACOES_FINANCEIRAS,3059,e7436bc59b69e64771b1db05ec4ebbecf629607b8b01dee333ce02cc4d07840d
TR-03060,2024/03/26,2024-03-01,FIN,1000014,DESPESA,5.226,"5.139,07",BRL,Prestação de serviço para área FIN,1,TRANSFERENCIA,PAGO,8564f3e9-2355-4a0a-9d3a-5a95324578cc,2024-04-05,ERP_CORPORATIVO,TRANSACOES_FINANCEIRAS,3060,ad57a72f182fdba3022d7deb4cea0b0d444a75c979b60f7bb253b6aed58caca6
TR-03061,03-11-2024,2024-03-01,FIN,1000014,DESPESA,"4.454,19","R$ 4.454,19",USD,Investimento em marketing corporativo (FIN),4,BOLETO,PAGO,8564f3e9-2355-4a0a-9d3a-5a95324578cc,2024-04-05,ERP_CORPORATIVO,TRANSACOES_FINANCEIRAS,3061,f76a7133e5cbbfddf5a0c0482627a11a21e5a26b9a59cebb6a06f2b140a67eb8
TR-03062,2024-03-01,2024-03-01,RH,1000014,DESPESA,4772,"R$4710,10",BRL,Aquisição de material operacional - RH,2,TED,PAGO,8564f3e9-2355-4a0a-9d3a-5a95324578cc,2024-04-05,ERP_CORPORATIVO,TRANSACOES_FINANCEIRAS,3062,2abb0843d8cf03cbd9067e9458d0f6274b56d646db81d8dcabb2064a47e8a2a2
TR-03063,03-12-2024,2024-03-01,TI,1000014,DESPESA,"R$ 5.278,88",5278.88,BRL,Manutenção estrutural vinculada à área TI,3,PIX,PAGO,8564f3e9-2355-4a0a-9d3a-5a95324578cc,2024-04-05,ERP_CORPORATIVO,TRANSACOES_FINANCEIRAS,3063,318e92478c0acef202ae0dc572ae34beee6932867d12c3c5bb586b617bf573ef
TR-03064,18/03/24,2024-03-01,COMP,1000014,RECEITA,"R$5350,34",5350.34,BRL,Atendimento de TI requisitado por COMP,29,TRANSFERENCIA,PAGO,8564f3e9-2355-4a0a-9d3a-5a95324578cc,2024-04-05,ERP_CORPORATIVO,TRANSACOES_FINANCEIRAS,3064,cbcf4b7033f19158572132a1f00b1557999113019e71abc4b9efbea934adf570
TR-03065,Mar 21 2024,2024-03-01,FIN,1000014,DESPESA,6.072,6072,BRL,Prestação de serviço para área FIN,1,CARTAO,ATRASADO,8564f3e9-2355-4a0a-9d3a-5a95324578cc,2024-04-05,ERP_CORPORATIVO,TRANSACOES_FINANCEIRAS,3065,4798be1e8bfda1dd7651a63622be81e32b1b8a71aabfaf6e7e27f1df59ce3c5d
TR-03066,Mar 14 2024,2024-03-01,OP,1000014,DESPESA,4994,"R$ 4.915,24",BRL,Despesa de infraestrutura - OP,3,TRANSFERENCIA,PAGO,8564f3e9-2355-4a0a-9d3a-5a95324578cc,2024-04-05,ERP_CORPORATIVO,TRANSACOES_FINANCEIRAS,3066,8eee4b9303a2888450e44d59ef4ac7b17b7088a58c70940a94bf102384993b96
TR-03067,Mar 15 2024,2024-03-01,CPT,1000014,RECEITA,"4.701,89",4.487,BRL,Aquisição de material operacional - CPT,2,TRANSFERENCIA,PAGO,8564f3e9-2355-4a0a-9d3a-5a95324578cc,2024-04-05,ERP_CORPORATIVO,TRANSACOES_FINANCEIRAS,3067,5d2d397731aff54eafb1c24797ec3312690974c04b5d4bbb9e5a98e22502632f
TR-03068,03-07-2024,2024-03-01,OP,1000014,DESPESA,"R$ 5.682,12",5.682,BRL,Custo operacional associado a OP,8,BOLETO,PAGO,8564f3e9-2355-4a0a-9d3a-5a95324578cc,2024-04-05,ERP_CORPORATIVO,TRANSACOES_FINANCEIRAS,3068,dec89cea15cf332a0735d7ce7cd1aa0862aaf306dcd1bb90e317e58a821373c7
TR-03069,2024/03/18,2024-03-01,RH,1000014,DESPESA,"R$ 5.383,30","5.383,30",BRL,Honorários jurídicos - RH,7,CARTAO,PAGO,8564f3e9-2355-4a0a-9d3a-5a95324578cc,2024-04-05,ERP_CORPORATIVO,TRANSACOES_FINANCEIRAS,3069,1615cf62756a1f499c40e641a150ab52d90655df12b268626a8251b3bbef340c
TR-03070,2024-03-18,2024-03-01,OP,1000014,DESPESA,4999.22,"4.770,08",BRL,Despesa operacional - OP,8,BOLETO,ATRASADO,8564f3e9-2355-4a0a-9d3a-5a95324578cc,2024-04-05,ERP_CORPORATIVO,TRANSACOES_FINANCEIRAS,3070,60e2442e36b9bd0639e73e24c8e7eb446e38840291ae1ec61ecf03c438484c94
TR-03499,2024/03/06,2024-03-01,PES,1000017,RECEITA,"2.157,37","R$2157,37",BRL,Aquisição de material operacional - PES,2,TRANSFERENCIA,ATRASADO,8564f3e9-2355-4a0a-9d3a-5a95324578cc,2024-04-05,ERP_CORPORATIVO,TRANSACOES_FINANCEIRAS,3499,4ba41ed29cf6043bbac9570ad11845a58a683e63e31c9091fbdba4c0d614c536
TR-03500,04/03/2024,2024-03-01,COMP,1000017,DESPESA,5.216,5180,BRL,Contrato de serviço - setor COMP,1,TED,PAGO,8564f3e9-2355-4a0a-9d3a-5a95324578cc,2024-04-05,ERP_CORPORATIVO,TRANSACOES_FINANCEIRAS,3500,93430252863fe58ed1aeae8e79fb519362f205c9d61bb7c5345ca2a1b28d145b
TR-03501,11/03/2024,2024-03-01,OP,1000017,DESPESA,"R$ 2.327,40",2273.26,BRL,Contrato de serviço - setor OP,1,BOLETO,PAGO,8564f3e9-2355-4a0a-9d3a-5a95324578cc,2024-04-05,ERP_CORPORATIVO,TRANSACOES_FINANCEIRAS,3501,669092476db8b65974abc5ef06f334e6752451edad30c243a480324430ebdbc0
TR-03502,Mar 11 2024,2024-03-01,OP,1000017,DESPESA,2237.23,2.237,BRL,Serviço relacionado a recursos humanos (OP),6,TED,ATRASADO,8564f3e9-2355-4a0a-9d3a-5a95324578cc,2024-04-05,ERP_CORPORATIVO,TRANSACOES_FINANCEIRAS,3502,b932b95d3f877a78aedb5069f0eec4b4535274cd23cafdcc2c6309f48f3612b0
TR-03503,Mar 05 2024,2024-03-01,QAS,1000017,DESPESA,"R$1980,36","R$1980,36",BRL,Locação de espaço comercial - QAS,31,TED,PAGO,8564f3e9-2355-4a0a-9d3a-5a95324578cc,2024-04-05,ERP_CORPORATIVO,TRANSACOES_FINANCEIRAS,3503,a7f87f0fc2c8686ebafccc8d796d186167015efcfb9e3bf68dfb8589bd89ae4c
TR-03504,Mar 18 2024,2024-03-01,COMP,1000017,DESPESA,1194,1.194,USD,Licença de software para área COMP,27,TED,PAGO,8564f3e9-2355-4a0a-9d3a-5a95324578cc,2024-04-05,ERP_CORPORATIVO,TRANSACOES_FINANCEIRAS,3504,23bb1e4a3ee6044cf287ebb60a5f394b2735f8157339bd2718766eda3d5bccc7
TR-03505,03-18-2024,2024-03-01,TI,1000017,DESPESA,"R$ 2.152,77",2.153,BRL,Despesa operacional - TI,8,TRANSFERENCIA,PAGO,8564f3e9-2355-4a0a-9d3a-5a95324578cc,2024-04-05,ERP_CORPORATIVO,TRANSACOES_FINANCEIRAS,3505,e3877d4ca393550546d286dc4a35fd8ec8a951a11dab2f6629b43afafad5805d
TR-03506,2024-03-15,2024-03-01,JUR,1000017,DESPESA,"R$2398,71","R$2398,71",BRL,Direitos de propriedade intelectual - JUR,32,PIX,ATRASADO,8564f3e9-2355-4a0a-9d3a-5a95324578cc,2024-04-05,ERP_CORPORATIVO,TRANSACOES_FINANCEIRAS,3506,e9409d87c0e5c28be14b45c1f26dad1ae3c9ec076cb042c6c7d8216ca8b8d178
TR-03507,2024-03-18,2024-03-01,JUR,1000017,RECEITA,2215,2.158,BRL,Capacitação profissional vinculada a JUR,30,PIX,PAGO,8564f3e9-2355-4a0a-9d3a-5a95324578cc,2024-04-05,ERP_CORPORATIVO,TRANSACOES_FINANCEIRAS,3507,51f6a8c239e05b8c6e282b8f584bf23000f85a3a295647dd47bcedeaa244cfac
TR-03579,Mar 11 2024,2024-03-01,TI,ACC-00019,DESPESA,"R$ 3.222,16",3222,BRL,Custo operacional associado a TI,8,BOLETO,PAGO,8564f3e9-2355-4a0a-9d3a-5a95324578cc,2024-04-05,ERP_CORPORATIVO,TRANSACOES_FINANCEIRAS,3579,2e3b759f968d554b31b807c32dd46cf453c18259563a3a2d3f45dac44e0b4f03
TR-03580,03-18-2024,2024-03-01,OP,ACC-00019,RECEITA,3471,"R$ 3.331,37",BRL,Licença de software para área OP,27,CARTAO,CANCELADO,8564f3e9-2355-4a0a-9d3a-5a95324578cc,2024-04-05,ERP_CORPORATIVO,TRANSACOES_FINANCEIRAS,3580,5cc084625281317759d008b0259128ded88921d6001871773a7bdd4c713360fc
TR-03581,2024-03-18,2024-03-01,JUR,ACC-00019,RECEITA,"3.713,29",3.713,BRL,Consultoria estratégica para área JUR,12,PIX,PAGO,8564f3e9-2355-4a0a-9d3a-5a95324578cc,2024-04-05,ERP_CORPORATIVO,TRANSACOES_FINANCEIRAS,3581,80f34120483082586f09d6a8232fc5aaa7d5637bb0d71e93ee17b09281b9f7a6
TR-03582,03-18-2024,2024-03-01,JUR,ACC-00019,DESPESA,4022,4021.83,BRL,Receita de aluguel creditada em JUR,31,TED,PAGO,8564f3e9-2355-4a0a-9d3a-5a95324578cc,2024-04-05,ERP_CORPORATIVO,TRANSACOES_FINANCEIRAS,3582,44c6c386fee645b21b954785dbafccfd33d061ff669ac042f4fc099ae4b7e954
TR-03583,21-03-2024,2024-03-01,COMP,ACC-00019,RECEITA,6716,"R$6584,31",BRL,Licenciamento de software - COMP,5,PIX,PAGO,8564f3e9-2355-4a0a-9d3a-5a95324578cc,2024-04-05,ERP_CORPORATIVO,TRANSACOES_FINANCEIRAS,3583,b2591cc90efd47dbf52b9ee71c68babe7998c4a44801d3cfe53133f50f2c3f14
TR-03584,03-28-2024,2024-03-01,ESG,ACC-00019,DESPESA,"R$ 3.314,17",3.175,BRL,Custo operacional associado a ESG,8,TRANSFERENCIA,PAGO,8564f3e9-2355-4a0a-9d3a-5a95324578cc,2024-04-05,ERP_CORPORATIVO,TRANSACOES_FINANCEIRAS,3584,3c7edea0c207e7509dd5aae07e6543f75b28d169415590939020471b862e34f1
TR-03585,Mar 07 2024,2024-03-01,OP,ACC-00019,DESPESA,"R$ 11.002,64","10.922,99",BRL,Prestação de serviço para área OP,1,TED,ATRASADO,8564f3e9-2355-4a0a-9d3a-5a95324578cc,2024-04-05,ERP_CORPORATIVO,TRANSACOES_FINANCEIRAS,3585,0128b36bba24c796ec1c35c9d9dd693bc6693493f9b3877ea0931568ac6b06d6
TR-03586,21-03-2024,2024-03-01,CTB,ACC-00019,RECEITA,"R$3961,47",3961.47,USD,Despesa operacional - CTB,8,BOLETO,PAGO,8564f3e9-2355-4a0a-9d3a-5a95324578cc,2024-04-05,ERP_CORPORATIVO,TRANSACOES_FINANCEIRAS,3586,300fc00dfcffeb66908167c7b0de51fee9a851e8547167b5f9bfd9e9eaf69fc0
TR-03587,2024/03/19,2024-03-01,PJT,ACC-00019,DESPESA,3869,"R$ 3.868,76",BRL,Despesa operacional - PJT,8,CARTAO,PAGO,8564f3e9-2355-4a0a-9d3a-5a95324578cc,2024-04-05,ERP_CORPORATIVO,TRANSACOES_FINANCEIRAS,3587,fad60d359026e8a6eca86401aea61aa2350a2816cfe17b1536030dc9f2459c29
TR-03588,14-03-2024,2024-03-01,PRD,ACC-00019,RECEITA,"R$4720,43",4.720,BRL,Custo operacional associado a PRD,8,TRANSFERENCIA,PAGO,8564f3e9-2355-4a0a-9d3a-5a95324578cc,2024-04-05,ERP_CORPORATIVO,TRANSACOES_FINANCEIRAS,3588,08f7bf31a88b58368935ba651fd2475c991d464f94d3bc8b90a87ebc24d1a2bb
TR-03589,2024/03/12,2024-03-01,LOG,ACC-00019,DESPESA,"R$3961,86",3875,BRL,Produção de material gráfico - LOG,15,TED,PAGO,8564f3e9-2355-4a0a-9d3a-5a95324578cc,2024-04-05,ERP_CORPORATIVO,TRANSACOES_FINANCEIRAS,3589,c51a1fbf6323669802d437b2451770c35dcac6d72be560cdea670fd068d9d4b4
TR-03590,18/03/24,2024-03-01,CPT,ACC-00019,DESPESA,"4.058,70",4059,BRL,Contrato de serviço - setor CPT,1,PIX,PAGO,8564f3e9-2355-4a0a-9d3a-5a95324578cc,2024-04-05,ERP_CORPORATIVO,TRANSACOES_FINANCEIRAS,3590,5782028794f21ab89ee7a6e09c38346cb661430e5d26ba8bae7cfadb41e71686
TR-03981,2024/03/18,2024-03-01,ATD,1000019,DESPESA,8.604,8.604,BRL,Manutenção estrutural vinculada à área ATD,3,TED,PAGO,8564f3e9-2355-4a0a-9d3a-5a95324578cc,2024-04-05,ERP_CORPORATIVO,TRANSACOES_FINANCEIRAS,3981,280b3a63078cf03405256a34060d8027544195eed3d0ab7dd50c23f4a137b381
TR-03982,Mar 11 2024,2024-03-01,SEC,1000019,RECEITA,6847.32,"6.775,10",BRL,Despesa de refeição em deslocamento (SEC),20,CARTAO,PAGO,8564f3e9-2355-4a0a-9d3a-5a95324578cc,2024-04-05,ERP_CORPORATIVO,TRANSACOES_FINANCEIRAS,3982,3cfe6e7a2af7d8ef543d0c46479778421d91af81351ad3904aec33812ce8a19c
TR-03983,Mar 07 2024,2024-03-01,PRD,1000019,DESPESA,6762,"R$6762,26",BRL,Receita de comissão comercial - PRD,33,BOLETO,PAGO,8564f3e9-2355-4a0a-9d3a-5a95324578cc,2024-04-05,ERP_CORPORATIVO,TRANSACOES_FINANCEIRAS,3983,64a6182be1f8712cc62a5b9ea2f1df86f62d8465a090e0f05c2e1635a9fb42a6
TR-03984,2024/03/04,2024-03-01,JUR,1000019,DESPESA,"8.337,75",8048,BRL,Aquisição de material operacional - JUR,2,TRANSFERENCIA,PAGO,8564f3e9-2355-4a0a-9d3a-5a95324578cc,2024-04-05,ERP_CORPORATIVO,TRANSACOES_FINANCEIRAS,3984,752391395a2178a232b3dbb7f4895c605851e136fbf2a04ac4374047e909ca05
TR-03985,2024-03-11,2024-03-01,VND,1000019,DESPESA,6703,6703.19,BRL,Serviço especializado solicitado por VND,1,TRANSFERENCIA,PAGO,8564f3e9-2355-4a0a-9d3a-5a95324578cc,2024-04-05,ERP_CORPORATIVO,TRANSACOES_FINANCEIRAS,3985,6dd2e1a22cce50155caee6ee24ab166c5fc922418264778774e02ef7d33eac9e
TR-03986,06/03/2024,2024-03-01,OP,1000019,DESPESA,11005.15,"R$11005,15",BRL,Treinamento corporativo para equipe OP,30,TED,CANCELADO,8564f3e9-2355-4a0a-9d3a-5a95324578cc,2024-04-05,ERP_CORPORATIVO,TRANSACOES_FINANCEIRAS,3986,31a477a9e81c7871a391a2b79bdf0130c8f713bd2188dcf5f854f32ab58fa9d2
TR-03987,11-03-2024,2024-03-01,PRD,1000019,RECEITA,7.621,"7.621,16",BRL,Receita eventual registrada em PRD,37,BOLETO,PAGO,8564f3e9-2355-4a0a-9d3a-5a95324578cc,2024-04-05,ERP_CORPORATIVO,TRANSACOES_FINANCEIRAS,3987,70ee8dfbd9ac6cffaa48e814aaeb732cb40730758ab7b66baeb6c4d881b07b7a
TR-04362,2024/03/06,2024-03-01,VND,FORN-00022,RECEITA,5.641,"R$ 5.640,63",BRL,Tributo incidente sobre receita de VND,40,TED,ATRASADO,8564f3e9-2355-4a0a-9d3a-5a95324578cc,2024-04-05,ERP_CORPORATIVO,TRANSACOES_FINANCEIRAS,4362,3ce39e39a2709f634512493e2c208f2188f0e2b422d82406a88281c6ab11e420
TR-04363,13/03/2024,2024-03-01,FIN,FORN-00022,DESPESA,5644,"R$5394,31",BRL,Serviços contábeis externos - FIN,25,TED,PAGO,8564f3e9-2355-4a0a-9d3a-5a95324578cc,2024-04-05,ERP_CORPORATIVO,TRANSACOES_FINANCEIRAS,4363,ef1d1ad1b536215aa1e797a597ef49c8cb5c32b466eff4d649be46b270405ced
TR-04364,Mar 18 2024,2024-03-01,COM,FORN-00022,DESPESA,5188.11,"R$ 5.188,11",USD,Manutenção estrutural vinculada à área COM,3,PIX,PAGO,8564f3e9-2355-4a0a-9d3a-5a95324578cc,2024-04-05,ERP_CORPORATIVO,TRANSACOES_FINANCEIRAS,4364,ea2bec7f370d6d86fa14ae1367c8026591fe0f9c97b992d38a59d14437e1b57b
TR-04365,Mar 26 2024,2024-03-01,OP,FORN-00022,DESPESA,"R$5789,29","R$5617,98",EUR,Compra de insumos para setor OP,2,PIX,PAGO,8564f3e9-2355-4a0a-9d3a-5a95324578cc,2024-04-05,ERP_CORPORATIVO,TRANSACOES_FINANCEIRAS,4365,c52db46cd6c9e609e3632e5c063709c29ca236cc605c69d8f1f1c5ac100d7e4b
TR-04366,11/03/24,2024-03-01,JUR,FORN-00022,DESPESA,3210,"R$3113,43",BRL,Consultoria estratégica para área JUR,12,TED,CANCELADO,8564f3e9-2355-4a0a-9d3a-5a95324578cc,2024-04-05,ERP_CORPORATIVO,TRANSACOES_FINANCEIRAS,4366,bdc293734699a9b2eed86cce5ee91ea88c868aea833b8e2b0b65c03f36f9e084
TR-04367,18/03/24,2024-03-01,RH,FORN-00022,RECEITA,"R$ 6.441,65",6210,BRL,Serviços contábeis externos - RH,25,TED,PAGO,8564f3e9-2355-4a0a-9d3a-5a95324578cc,2024-04-05,ERP_CORPORATIVO,TRANSACOES_FINANCEIRAS,4367,3b9557a75cb947b54c33ff5efaa8f8520c1ac79ee0a68a8b02f44f2f4eb4166d
TR-04368,2024/03/04,2024-03-01,COMP,FORN-00022,DESPESA,5.808,"5.808,38",BRL,Licenciamento de software - COMP,5,TRANSFERENCIA,PAGO,8564f3e9-2355-4a0a-9d3a-5a95324578cc,2024-04-05,ERP_CORPORATIVO,TRANSACOES_FINANCEIRAS,4368,827e8a3e863a29b352cda201e6423a641baf976fc88c3e9b8786927be18a889c
TR-04369,2024-03-19,2024-03-01,LOG,FORN-00022,DESPESA,"5.141,49",5141,BRL,Publicidade institucional - LOG,13,PIX,PAGO,8564f3e9-2355-4a0a-9d3a-5a95324578cc,2024-04-05,ERP_CORPORATIVO,TRANSACOES_FINANCEIRAS,4369,55d9b4f0436cb72801f74f1acdc340a05e8e8097c5ad17e7fb83440ed9ad529f
TR-04867,2024/03/12,2024-03-01,TI,1000024,DESPESA,"2.115,23","R$ 2.055,65",BRL,Honorários jurídicos - TI,7,TED,PAGO,8564f3e9-2355-4a0a-9d3a-5a95324578cc,2024-04-05,ERP_CORPORATIVO,TRANSACOES_FINANCEIRAS,4867,dd00fef33387490176803cb1ac3708b4a8e2a5c88e107fd35675a16288d87828
TR-04868,04-03-2024,2024-03-01,TI,1000024,DESPESA,"2.708,13",2708,BRL,Participação nos resultados vinculada a TI,34,PIX,PAGO,8564f3e9-2355-4a0a-9d3a-5a95324578cc,2024-04-05,ERP_CORPORATIVO,TRANSACOES_FINANCEIRAS,4868,359a098831b6b623ce7f9164522880d9d2db61e2221570b8b5f6670b70069675
TR-04869,13/03/24,2024-03-01,COM,1000024,DESPESA,2499.00,"2.404,59",BRL,Serviço especializado solicitado por COM,1,PIX,PAGO,8564f3e9-2355-4a0a-9d3a-5a95324578cc,2024-04-05,ERP_CORPORATIVO,TRANSACOES_FINANCEIRAS,4869,a34b4c7e1dd9cf5ba6bcd348a152bc1a7fa352048abe1359d884d5afc03e8f79
TR-04870,20/03/2024,2024-03-01,COMP,1000024,DESPESA,2360.34,2.333,USD,Serviço especializado solicitado por COMP,1,BOLETO,PAGO,8564f3e9-2355-4a0a-9d3a-5a95324578cc,2024-04-05,ERP_CORPORATIVO,TRANSACOES_FINANCEIRAS,4870,2f91c9a955aca2e7f91cd2aa44c5bda9967fe1217fde4c5d9e0b522513155790
TR-04871,2024-03-25,2024-03-01,RH,1000024,DESPESA,"R$2284,84","R$ 2.284,84",BRL,Manutenção estrutural vinculada à área RH,3,TRANSFERENCIA,PAGO,8564f3e9-2355-4a0a-9d3a-5a95324578cc,2024-04-05,ERP_CORPORATIVO,TRANSACOES_FINANCEIRAS,4871,4e15c9967070b8e7f8ce2e4de30442e741dace3fd83d32fce4457d2ab6a75f10
TR-04872,22/03/24,2024-03-01,FIN,1000024,DESPESA,2.564,2.452,BRL,Suporte técnico para sistemas de FIN,29,BOLETO,PAGO,8564f3e9-2355-4a0a-9d3a-5a95324578cc,2024-04-05,ERP_CORPORATIVO,TRANSACOES_FINANCEIRAS,4872,41596eea92cb5d53e3cad7c95e4edd4710a699974895cd02f1615756f65afc85
TR-04873,2024/03/13,2024-03-01,COM,1000024,RECEITA,2643.32,"2.530,42",BRL,Campanha institucional - COM,4,TRANSFERENCIA,PAGO,8564f3e9-2355-4a0a-9d3a-5a95324578cc,2024-04-05,ERP_CORPORATIVO,TRANSACOES_FINANCEIRAS,4873,64dff7cd267295de61fc4a5f2fc29e46d445e78577be8524c6f60e717dd62e8a
TR-04874,04-03-2024,2024-03-01,ADM,1000024,RECEITA,"R$2256,92","R$ 2.256,92",BRL,Alienação de bem patrimonial - ADM,35,CARTAO,CANCELADO,8564f3e9-2355-4a0a-9d3a-5a95324578cc,2024-04-05,ERP_CORPORATIVO,TRANSACOES_FINANCEIRAS,4874,b012b8097c8a020938d91d05b1d0718aa9c1a4787051ef7ce22c467838428cd1
TR-04875,25-03-2024,2024-03-01,OP,1000024,RECEITA,"R$ 2.578,49",2479,BRL,Contrato de consultoria externa - OP,12,TRANSFERENCIA,PAGO,8564f3e9-2355-4a0a-9d3a-5a95324578cc,2024-04-05,ERP_CORPORATIVO,TRANSACOES_FINANCEIRAS,4875,582031ee97eb64b86616a9c8e978f558e7cb25222867e8534b08f72b55847098
TR-04876,2024-03-18,2024-03-01,QAS,1000024,RECEITA,"R$2498,60",2499,BRL,Contrato de serviço - setor QAS,1,PIX,PAGO,8564f3e9-2355-4a0a-9d3a-5a95324578cc,2024-04-05,ERP_CORPORATIVO,TRANSACOES_FINANCEIRAS,4876,045f4f2f8de50ba41b7f80f3043ecbee93e057b2c5d4521782d5a51438365ebd
TR-04877,15-03-2024,2024-03-01,FIN,1000024,DESPESA,2.243,"R$2185,20",USD,Manutenção preventiva de veículos - FIN,17,TRANSFERENCIA,PAGO,8564f3e9-2355-4a0a-9d3a-5a95324578cc,2024-04-05,ERP_CORPORATIVO,TRANSACOES_FINANCEIRAS,4877,b135ee1abd0694b78fedd527551aab4d05d91ea31d54e8a25c9e637fb9780003
TR-04878,03-20-2024,2024-03-01,OP,1000024,RECEITA,"R$2437,71",2438,BRL,Propaganda e divulgação para área OP,13,PIX,PAGO,8564f3e9-2355-4a0a-9d3a-5a95324578cc,2024-04-05,ERP_CORPORATIVO,TRANSACOES_FINANCEIRAS,4878,64493d5fde3da0b6aa04ed145241a1805c70ad3b308ac877ce438d9e18ad4f14
TR-04879,03-06-2024,2024-03-01,TI,1000024,RECEITA,2.307,"R$ 2.307,13",BRL,Reparo de hardware solicitado por TI,28,PIX,PAGO,8564f3e9-2355-4a0a-9d3a-5a95324578cc,2024-04-05,ERP_CORPORATIVO,TRANSACOES_FINANCEIRAS,4879,382c376cabd285c62cbab57bb88816784ca43e5a4a84cdbd706004e02feb4e2a
TR-04880,06-03-2024,2024-03-01,MKT,1000024,DESPESA,"R$ 2.758,55","R$ 2.631,82",BRL,Manutenção predial solicitada por MKT,10,CARTAO,ATRASADO,8564f3e9-2355-4a0a-9d3a-5a95324578cc,2024-04-05,ERP_CORPORATIVO,TRANSACOES_FINANCEIRAS,4880,31eb786e0cbc4fe873e315a3f31527929aca9e3e63c7b67768f12677af01409f
TR-04881,19-03-2024,2024-03-01,COM,1000024,DESPESA,"R$ 2.283,66","R$2283,66",BRL,Despesa de RH - COM,6,TRANSFERENCIA,PAGO,8564f3e9-2355-4a0a-9d3a-5a95324578cc,2024-04-05,ERP_CORPORATIVO,TRANSACOES_FINANCEIRAS,4881,6170589e89c03651c20f2400dd316409a2aae020ada05e17e9113328782ad7a0
TR-04882,05-03-2024,2024-03-01,COMP,1000024,DESPESA,"R$ 2.833,63",2834,BRL,Aquisição de material operacional - COMP,2,TRANSFERENCIA,ATRASADO,8564f3e9-2355-4a0a-9d3a-5a95324578cc,2024-04-05,ERP_CORPORATIVO,TRANSACOES_FINANCEIRAS,4882,a2eae6fd91e02367ae22301ab8a71227aebf10730b6c222710f3ce09cb70bd10
TR-04883,03-04-2024,2024-03-01,FIN,1000024,DESPESA,2469,2369,BRL,Comissão recebida por FIN,33,TRANSFERENCIA,PAGO,8564f3e9-2355-4a0a-9d3a-5a95324578cc,2024-04-05,ERP_CORPORATIVO,TRANSACOES_FINANCEIRAS,4883,6afe3dc06938b00d7325f6c1018fc892a3f37dcb9e7dd6a16d5bd066c59bfa09
TR-05084,2024/03/18,2024-03-01,CPT,1000025,DESPESA,"1.679,30",1.609,BRL,Contrato de serviço - setor CPT,1,PIX,ATRASADO,8564f3e9-2355-4a0a-9d3a-5a95324578cc,2024-04-05,ERP_CORPORATIVO,TRANSACOES_FINANCEIRAS,5084,52c3d033a8551526060059fe156ad6ca0d521f05d9f26d7d92ac1cbc8d5fb36a
TR-05085,03-11-2024,2024-03-01,OP,1000025,DESPESA,"R$1630,41","R$1601,65",BRL,Prestação de serviço para área OP,1,TRANSFERENCIA,PAGO,8564f3e9-2355-4a0a-9d3a-5a95324578cc,2024-04-05,ERP_CORPORATIVO,TRANSACOES_FINANCEIRAS,5085,abd7f9327c747db2bb6fefa921960b1e150979507d27059601e8c6f22027f2bd
TR-05086,11/03/24,2024-03-01,COMP,1000025,DESPESA,"1.752,86","R$1752,86",BRL,Contrato de serviço - setor COMP,1,TED,PAGO,8564f3e9-2355-4a0a-9d3a-5a95324578cc,2024-04-05,ERP_CORPORATIVO,TRANSACOES_FINANCEIRAS,5086,93fcabcbad5e6d07d24a0a0d058cbc8e23a368f76510da2cc01d4815de71ac75
TR-05087,07/03/24,2024-03-01,ATD,1000025,DESPESA,1.977,"R$ 1.977,49",BRL,Tarifas de serviços financeiros - ATD,22,TED,ATRASADO,8564f3e9-2355-4a0a-9d3a-5a95324578cc,2024-04-05,ERP_CORPORATIVO,TRANSACOES_FINANCEIRAS,5087,ca1592b18583a2683e5af241436656c7cbc393291beb3d511ae0d39a55a1457c
TR-05088,2024-03-18,2024-03-01,LOG,1000025,RECEITA,"R$ 1.777,80",1778,BRL,Serviço de telefonia e internet - LOG,9,TRANSFERENCIA,PAGO,8564f3e9-2355-4a0a-9d3a-5a95324578cc,2024-04-05,ERP_CORPORATIVO,TRANSACOES_FINANCEIRAS,5088,012b91815fd433c01727754a938e27cc7e8fb3ec321b4442d1099ac1473d6565
TR-05089,03-11-2024,2024-03-01,QAS,1000025,DESPESA,"R$1810,52","1.756,26",USD,Comissão recebida por QAS,33,BOLETO,CANCELADO,8564f3e9-2355-4a0a-9d3a-5a95324578cc,2024-04-05,ERP_CORPORATIVO,TRANSACOES_FINANCEIRAS,5089,5ca58e1e8b7280f3e9bb18e7566a48af877fe70849bfd25417a72d709c725c6a
TR-05090,18/03/2024,2024-03-01,FIN,1000025,DESPESA,1975.65,1976,BRL,Recebimento de subvenção - FIN,36,TRANSFERENCIA,CANCELADO,8564f3e9-2355-4a0a-9d3a-5a95324578cc,2024-04-05,ERP_CORPORATIVO,TRANSACOES_FINANCEIRAS,5090,61c5be45ce58ae957f4b8d7c0a1b902b82108892a1652fd339c42dbc7c3051fa
TR-05091,19/03/2024,2024-03-01,MKT,1000025,DESPESA,"R$ 1.944,04","R$1944,04",BRL,Campanha institucional - MKT,4,PIX,PAGO,8564f3e9-2355-4a0a-9d3a-5a95324578cc,2024-04-05,ERP_CORPORATIVO,TRANSACOES_FINANCEIRAS,5091,f17c3052bbe0b5c9d0ece888b5c9ca2e9703a91a85534226da1782dc3245f03e
TR-05588,21-03-2024,2024-03-01,CPT,FORN-00028,DESPESA,3.541,"R$ 3.540,58",EUR,Serviço de tecnologia contratado por CPT,5,BOLETO,PAGO,8564f3e9-2355-4a0a-9d3a-5a95324578cc,2024-04-05,ERP_CORPORATIVO,TRANSACOES_FINANCEIRAS,5588,609b94ab979c7397363bd4c19dcec9da6699c95f338f57f132baff81770f4c5a
TR-05589,11/03/24,2024-03-01,PJT,FORN-00028,RECEITA,"4.291,91",4292,BRL,Investimento em marketing corporativo (PJT),4,BOLETO,PAGO,8564f3e9-2355-4a0a-9d3a-5a95324578cc,2024-04-05,ERP_CORPORATIVO,TRANSACOES_FINANCEIRAS,5589,de3854cf389142a009e63bf342e75b04ca10ad6f18ca7f104a2c5e7d29dede73
TR-05590,2024/03/25,2024-03-01,MKT,FORN-00028,RECEITA,3154,3.154,BRL,Passagem aérea para colaborador de MKT,18,BOLETO,PAGO,8564f3e9-2355-4a0a-9d3a-5a95324578cc,2024-04-05,ERP_CORPORATIVO,TRANSACOES_FINANCEIRAS,5590,e216bf34b29929e24783f0fa7b974aee610ef96554e69c642e6710e6cc3850ea
TR-05591,03-13-2024,2024-03-01,TI,FORN-00028,RECEITA,"R$ 3.490,83",3397.61,BRL,Contrato de consultoria externa - TI,12,TRANSFERENCIA,PAGO,8564f3e9-2355-4a0a-9d3a-5a95324578cc,2024-04-05,ERP_CORPORATIVO,TRANSACOES_FINANCEIRAS,5591,0cd38b19e7e61a06b94b1257573d08c74be7fe5afa460f62596f2ce1c686b797
TR-05592,03-22-2024,2024-03-01,COM,FORN-00028,RECEITA,"3.264,45","R$ 3.264,45",BRL,Assessoria legal vinculada à área COM,7,BOLETO,PAGO,8564f3e9-2355-4a0a-9d3a-5a95324578cc,2024-04-05,ERP_CORPORATIVO,TRANSACOES_FINANCEIRAS,5592,b69ec7e9b9188d0f58d17074a2a311bd257a2a028c6548c6a94ce37fa29d5397
TR-05593,14-03-2024,2024-03-01,COM,FORN-00028,DESPESA,3.911,"R$ 3.910,80",BRL,Compra de insumos para setor COM,2,TED,PAGO,8564f3e9-2355-4a0a-9d3a-5a95324578cc,2024-04-05,ERP_CORPORATIVO,TRANSACOES_FINANCEIRAS,5593,10cf8ddac3469ef0ce8706cfd220efc624cff12f4be7e164bd3cb895e0a46020
TR-05594,18-03-2024,2024-03-01,OP,FORN-00028,RECEITA,3.172,"R$3172,19",BRL,Despesa de RH - OP,6,BOLETO,PAGO,8564f3e9-2355-4a0a-9d3a-5a95324578cc,2024-04-05,ERP_CORPORATIVO,TRANSACOES_FINANCEIRAS,5594,8f810fabdbefe8d86ca706e7f419244d7f50a56243f6f3515cb2ed6f3e8c0f69
TR-05595,21/03/24,2024-03-01,QAS,FORN-00028,DESPESA,"3.761,08",3761.08,BRL,Encargos de empréstimo vinculados a QAS,23,TED,PAGO,8564f3e9-2355-4a0a-9d3a-5a95324578cc,2024-04-05,ERP_CORPORATIVO,TRANSACOES_FINANCEIRAS,5595,383c96fc3a709dd751c6a61d09b71a8c3bc581ec2fc6ec9926ac2b918164ada5
TR-05596,2024/03/12,2024-03-01,TI,FORN-00028,DESPESA,"3.191,05",3191,BRL,Despesa operacional - TI,8,PIX,PAGO,8564f3e9-2355-4a0a-9d3a-5a95324578cc,2024-04-05,ERP_CORPORATIVO,TRANSACOES_FINANCEIRAS,5596,daf92504d1af5c60c2b443b5ff515f67b0437f88945731f070a3495b561547a8
TR-05597,Mar 04 2024,2024-03-01,CTB,FORN-00028,RECEITA,"R$ 4.307,29",4.307,USD,Despesa operacional - CTB,8,PIX,PAGO,8564f3e9-2355-4a0a-9d3a-5a95324578cc,2024-04-05,ERP_CORPORATIVO,TRANSACOES_FINANCEIRAS,5597,21390c5e3ddf2e6e04110b9a14b446be4e98f7112564ec4be9f884415c42eafc
TR-05598,11/03/24,2024-03-01,COMP,FORN-00028,DESPESA,3480.26,3326,BRL,Alimentação em viagem corporativa - COMP,20,PIX,PAGO,8564f3e9-2355-4a0a-9d3a-5a95324578cc,2024-04-05,ERP_CORPORATIVO,TRANSACOES_FINANCEIRAS,5598,e503d3e69831bbc5c7210bc31a85886771908bacf71e70586d79baf20c0abbd8
TR-05599,2024-03-13,2024-03-01,LOG,FORN-00028,DESPESA,"R$ 3.752,15","R$3686,81",BRL,Despesa operacional - LOG,8,BOLETO,PAGO,8564f3e9-2355-4a0a-9d3a-5a95324578cc,2024-04-05,ERP_CORPORATIVO,TRANSACOES_FINANCEIRAS,5599,c1a2e809f028a0cb00e9452b15f12194d6ab8dad85fd2959fb8f26b2a58d63b9
TR-05600,26/03/2024,2024-03-01,ESG,FORN-00028,DESPESA,3021,2940.13,BRL,Licenciamento de software - ESG,5,BOLETO,PAGO,8564f3e9-2355-4a0a-9d3a-5a95324578cc,2024-04-05,ERP_CORPORATIVO,TRANSACOES_FINANCEIRAS,5600,6038715d1ed26f0ed23758649c720238039e99938ec2340b93bcd7eaeae376e5
TR-05601,2024/03/25,2024-03-01,FIN,FORN-00028,RECEITA,"3.111,33",3.111,BRL,Participação nos resultados vinculada a FIN,34,BOLETO,PAGO,8564f3e9-2355-4a0a-9d3a-5a95324578cc,2024-04-05,ERP_CORPORATIVO,TRANSACOES_FINANCEIRAS,5601,10454cc778b69fcc394adbb58a5c7561666b703adf7ef1d8c416b4ea73044257
TR-05910,05/03/2024,2024-03-01,OP,FORN-00029,RECEITA,743,"658,62",BRL,Serviços contábeis externos - OP,25,TRANSFERENCIA,ATRASADO,8564f3e9-2355-4a0a-9d3a-5a95324578cc,2024-04-05,ERP_CORPORATIVO,TRANSACOES_FINANCEIRAS,5910,698124b360ac1e7f454f2af27c95b6600f48aa74e8469aa4eca2be76fe49f047
TR-05911,03-21-2024,2024-03-01,COM,FORN-00029,RECEITA,2782,"2.731,11",BRL,Aquisição de material operacional - COM,2,TED,PAGO,8564f3e9-2355-4a0a-9d3a-5a95324578cc,2024-04-05,ERP_CORPORATIVO,TRANSACOES_FINANCEIRAS,5911,92abaa5f5791b163aece9f2eb937180f6603024dd44056777b5d10a3b292faa7
TR-05912,2024/03/08,2024-03-01,COM,FORN-00029,DESPESA,2770.58,2.771,BRL,Treinamento corporativo para equipe COM,30,PIX,PAGO,8564f3e9-2355-4a0a-9d3a-5a95324578cc,2024-04-05,ERP_CORPORATIVO,TRANSACOES_FINANCEIRAS,5912,825b078dbff0a73edd5f4192b85ae6027881e5227cb8bcdd443d0ec45e44176d
TR-05913,20/03/24,2024-03-01,PJT,FORN-00029,DESPESA,"R$ 3.320,45","3.320,45",BRL,Suporte técnico para sistemas de PJT,29,PIX,PAGO,8564f3e9-2355-4a0a-9d3a-5a95324578cc,2024-04-05,ERP_CORPORATIVO,TRANSACOES_FINANCEIRAS,5913,4daf1e9a91d57b7fe1c6614e79b513e8a7e566ebb801ddb8aba5f3ab55ddb920
TR-05914,2024/03/07,2024-03-01,COMP,FORN-00029,DESPESA,"R$3416,82","R$3416,82",BRL,Compra de insumos para setor COMP,2,TRANSFERENCIA,PAGO,8564f3e9-2355-4a0a-9d3a-5a95324578cc,2024-04-05,ERP_CORPORATIVO,TRANSACOES_FINANCEIRAS,5914,aa8a645304423ab3ec59a976caf76dd9365719f5b52d21325933b376138feb01
TR-05915,03-15-2024,2024-03-01,VND,FORN-00029,DESPESA,3.087,"R$3086,76",BRL,Contrato de serviço - setor VND,1,PIX,PAGO,8564f3e9-2355-4a0a-9d3a-5a95324578cc,2024-04-05,ERP_CORPORATIVO,TRANSACOES_FINANCEIRAS,5915,c5eee8f651928f8db80af867550be14d4839a5188699dd60c27affb3b6e3a3ff
TR-05916,Mar 11 2024,2024-03-01,COM,FORN-00029,DESPESA,2782,"R$2782,07",BRL,Contrato de serviço - setor COM,1,BOLETO,PAGO,8564f3e9-2355-4a0a-9d3a-5a95324578cc,2024-04-05,ERP_CORPORATIVO,TRANSACOES_FINANCEIRAS,5916,bfced1b832e82f2e4b9a1da8c81d223c47740eeb8a3c0c3802ef840619c25195
TR-05917,03-18-2024,2024-03-01,COM,FORN-00029,RECEITA,2800,2.800,BRL,Despesa de RH - COM,6,TRANSFERENCIA,CANCELADO,8564f3e9-2355-4a0a-9d3a-5a95324578cc,2024-04-05,ERP_CORPORATIVO,TRANSACOES_FINANCEIRAS,5917,1655e5f3adb32c397555e2b8e2695983da77a3c31de779d61d3eb35ac483373e
TR-05918,08-03-2024,2024-03-01,COM,FORN-00029,RECEITA,2412,2385,BRL,Custo operacional associado a COM,8,BOLETO,PAGO,8564f3e9-2355-4a0a-9d3a-5a95324578cc,2024-04-05,ERP_CORPORATIVO,TRANSACOES_FINANCEIRAS,5918,27c4cc27680a6d647f255ff498c44c86906ea49fa38b512991f58f9f66b3a7fa
TR-05919,03-18-2024,2024-03-01,PRD,FORN-00029,DESPESA,3083,3083,BRL,Prestação de serviço para área PRD,1,BOLETO,PAGO,8564f3e9-2355-4a0a-9d3a-5a95324578cc,2024-04-05,ERP_CORPORATIVO,TRANSACOES_FINANCEIRAS,5919,d78ba29fa9fa659cef3339a009b5ef3e5e1f31e06178fb956819df29ed17674b
TR-05920,2024-03-18,2024-03-01,OP,FORN-00029,DESPESA,2.772,2772.24,BRL,Despesa de RH - OP,6,PIX,PAGO,8564f3e9-2355-4a0a-9d3a-5a95324578cc,2024-04-05,ERP_CORPORATIVO,TRANSACOES_FINANCEIRAS,5920,8465263e985dc013f7cdcfb55b3beb838543cc58eb0067c8803984e78b898036
TR-05921,Mar 13 2024,2024-03-01,COM,FORN-00029,RECEITA,"R$ 3.438,51",3301,BRL,Apólice de seguro - COM,21,BOLETO,PAGO,8564f3e9-2355-4a0a-9d3a-5a95324578cc,2024-04-05,ERP_CORPORATIVO,TRANSACOES_FINANCEIRAS,5921,438eed66b30856a0b91c1acf95730170a4fdaa8ebd8940aa3a204154bf99609a
TR-05922,03-15-2024,2024-03-01,FIN,FORN-00029,DESPESA,"R$2586,01",2586,BRL,Serviços contábeis externos - FIN,25,PIX,PAGO,8564f3e9-2355-4a0a-9d3a-5a95324578cc,2024-04-05,ERP_CORPORATIVO,TRANSACOES_FINANCEIRAS,5922,c7e3c468f8f6e0b46d02a9fdb0311a5b67a089a8d654f9a3f4ad2de8f60ab4f6
TR-05923,08/03/2024,2024-03-01,COMP,FORN-00029,DESPESA,2797.41,2797.41,BRL,Honorários profissionais contratados por COMP,11,BOLETO,ATRASADO,8564f3e9-2355-4a0a-9d3a-5a95324578cc,2024-04-05,ERP_CORPORATIVO,TRANSACOES_FINANCEIRAS,5923,16692b64a467b1ea581d8b139ad4aed9b5a6fa4230cb7c84b2a3eced59d11784
TR-05924,2024-03-21,2024-03-01,MKT,FORN-00029,DESPESA,"R$2939,89","R$ 2.869,57",BRL,Suporte técnico para sistemas de MKT,29,TRANSFERENCIA,PAGO,8564f3e9-2355-4a0a-9d3a-5a95324578cc,2024-04-05,ERP_CORPORATIVO,TRANSACOES_FINANCEIRAS,5924,0759692094dae98122af24407a5fff36de8d3c33caa08bc1a91c1bdbf4ddd6b9
TR-05925,18-03-2024,2024-03-01,ATD,FORN-00029,RECEITA,3109,"R$ 3.109,47",USD,Apólice de seguro - ATD,21,TED,PAGO,8564f3e9-2355-4a0a-9d3a-5a95324578cc,2024-04-05,ERP_CORPORATIVO,TRANSACOES_FINANCEIRAS,5925,e77c6fe8d59a7545ba62baa92acd31970c88b2b95efc4b640006a7b2617b502b
TR-05926,07/03/24,2024-03-01,MKT,FORN-00029,DESPESA,"3.554,53",3.555,BRL,Estorno de receita - MKT,39,TED,PAGO,8564f3e9-2355-4a0a-9d3a-5a95324578cc,2024-04-05,ERP_CORPORATIVO,TRANSACOES_FINANCEIRAS,5926,a1ca651bc1c2f7eced1c3ce1833073a107643b70f3ef0011840b66d813047d88
TR-06383,Mar 21 2024,2024-03-01,QAS,1000029,RECEITA,2.807,"R$ 2.806,73",BRL,Campanha institucional - QAS,4,PIX,PAGO,8564f3e9-2355-4a0a-9d3a-5a95324578cc,2024-04-05,ERP_CORPORATIVO,TRANSACOES_FINANCEIRAS,6383,d325a86ed2f615775e4556749060264b5434da766091800b269773885460c006
TR-06384,2024/03/18,2024-03-01,CTB,1000029,RECEITA,"R$3066,63","R$ 3.066,63",BRL,Contrato de SaaS vinculado a CTB,27,CARTAO,CANCELADO,8564f3e9-2355-4a0a-9d3a-5a95324578cc,2024-04-05,ERP_CORPORATIVO,TRANSACOES_FINANCEIRAS,6384,3da510e3bd387f3835e918be5f05f96a7827ed0c6c3a476e84bfa54a1d2b3dcd
TR-06385,26/03/2024,2024-03-01,ESG,1000029,DESPESA,2687.81,"R$ 2.687,81",BRL,Reparo e conservação de instalações - ESG,10,CARTAO,PAGO,8564f3e9-2355-4a0a-9d3a-5a95324578cc,2024-04-05,ERP_CORPORATIVO,TRANSACOES_FINANCEIRAS,6385,8c7e6fa9f939a00bb7475ce6c221e61183682de793421277cadf0ead3dda16dd
TR-06386,03-11-2024,2024-03-01,TI,1000029,RECEITA,"2.869,53",2870,BRL,Desconto concedido em operação de TI,38,PIX,PAGO,8564f3e9-2355-4a0a-9d3a-5a95324578cc,2024-04-05,ERP_CORPORATIVO,TRANSACOES_FINANCEIRAS,6386,5c5b3a9d001e436d374700ebcfba9a2a56a7be94c567a5bb30f8ea04400d6a8a
TR-06387,03-11-2024,2024-03-01,JUR,1000029,DESPESA,"R$3070,31","R$ 3.070,31",BRL,Direitos de propriedade intelectual - JUR,32,TED,PAGO,8564f3e9-2355-4a0a-9d3a-5a95324578cc,2024-04-05,ERP_CORPORATIVO,TRANSACOES_FINANCEIRAS,6387,7917cabbe2f3b26aaf0abe4d74dcd5a92ed74bec772314c822aeb2a753a93c67
TR-06388,Mar 18 2024,2024-03-01,VND,1000029,DESPESA,"3.623,58",3624,BRL,Contrato de SaaS vinculado a VND,27,PIX,PAGO,8564f3e9-2355-4a0a-9d3a-5a95324578cc,2024-04-05,ERP_CORPORATIVO,TRANSACOES_FINANCEIRAS,6388,eeba22b4c39739a86336af9cda5ee9707f135adb57efa48c85e486fc67b51fcb
TR-06389,Mar 15 2024,2024-03-01,COMP,1000029,RECEITA,"2.896,12",2801,BRL,Certificado digital adquirido por COMP,26,TED,PAGO,8564f3e9-2355-4a0a-9d3a-5a95324578cc,2024-04-05,ERP_CORPORATIVO,TRANSACOES_FINANCEIRAS,6389,b1ab61614156fd274165a93a624d5a9deba33d7f28c8170aa7bd6bd553e5fe0d
TR-06390,2024-03-18,2024-03-01,CTB,1000029,RECEITA,3173,"R$3173,28",BRL,Aquisição de material operacional - CTB,2,TED,PAGO,8564f3e9-2355-4a0a-9d3a-5a95324578cc,2024-04-05,ERP_CORPORATIVO,TRANSACOES_FINANCEIRAS,6390,4e85e736fd14a4e1f352ab7b74d1adfb2bd940bf2be820ad0ad673fed6fa418a
TR-06391,18/03/2024,2024-03-01,MKT,1000029,DESPESA,"R$ 2.595,13",2595.13,BRL,Publicidade institucional - MKT,13,BOLETO,PAGO,8564f3e9-2355-4a0a-9d3a-5a95324578cc,2024-04-05,ERP_CORPORATIVO,TRANSACOES_FINANCEIRAS,6391,e1ae3894e7c88baa66f2f0c793e735d991a9fc3b7a819ead5bb752dad8feede4
TR-06392,05/03/2024,2024-03-01,FIN,1000029,DESPESA,3457,3.359,USD,Custo operacional associado a FIN,8,PIX,PAGO,8564f3e9-2355-4a0a-9d3a-5a95324578cc,2024-04-05,ERP_CORPORATIVO,TRANSACOES_FINANCEIRAS,6392,bf9935bfbf4ccee7262fbcb3afabdd4be3217f51263496dbf4a866459388c3c1
TR-06393,03-18-2024,2024-03-01,RH,1000029,DESPESA,"R$2691,27",2691.27,EUR,Licenciamento de software - RH,5,PIX,PAGO,8564f3e9-2355-4a0a-9d3a-5a95324578cc,2024-04-05,ERP_CORPORATIVO,TRANSACOES_FINANCEIRAS,6393,441423108ef5bee6633ddaaf469016397ae2ec3f68e1c1763de1c404c9ac5e93
TR-06394,18/03/2024,2024-03-01,MKT,1000029,DESPESA,"2.879,45","R$2879,45",BRL,Despesa de refeição em deslocamento (MKT),20,TRANSFERENCIA,CANCELADO,8564f3e9-2355-4a0a-9d3a-5a95324578cc,2024-04-05,ERP_CORPORATIVO,TRANSACOES_FINANCEIRAS,6394,eea5e7481fdd96f0098afee9f8576d6dca23a2c4183e3f2d7d1649d5792ff8c8
TR-06395,03-13-2024,2024-03-01,JUR,1000029,RECEITA,3070.80,"3.070,80",BRL,Contrato de serviço - setor JUR,1,TRANSFERENCIA,PAGO,8564f3e9-2355-4a0a-9d3a-5a95324578cc,2024-04-05,ERP_CORPORATIVO,TRANSACOES_FINANCEIRAS,6395,879f7241ea663af7dbc3fd22e6ce1714161f58187b31c8eff4b716f54bdb4402
TR-06537,2024-03-08,2024-03-01,FIN,1000030,RECEITA,7028,6916,BRL,Aquisição de material operacional - FIN,2,PIX,ATRASADO,8564f3e9-2355-4a0a-9d3a-5a95324578cc,2024-04-05,ERP_CORPORATIVO,TRANSACOES_FINANCEIRAS,6537,26306afcd44be315d68f23ec7e98ec9b823eeed7a872b1f76b4dbfdd78c6fee3
TR-06538,25/03/2024,2024-03-01,COM,1000030,DESPESA,5322.16,"R$ 5.322,16",BRL,Manutenção estrutural vinculada à área COM,3,PIX,PAGO,8564f3e9-2355-4a0a-9d3a-5a95324578cc,2024-04-05,ERP_CORPORATIVO,TRANSACOES_FINANCEIRAS,6538,8b9b8477b3af65bb2a74a3a0892af10109290a0226f490a49a52fe850874f84d
TR-06539,2024-03-19,2024-03-01,OP,1000030,RECEITA,6961,"R$ 6.961,43",USD,Imposto sobre venda apurado em OP,40,PIX,PAGO,8564f3e9-2355-4a0a-9d3a-5a95324578cc,2024-04-05,ERP_CORPORATIVO,TRANSACOES_FINANCEIRAS,6539,77e81dcae47bd10083f7f54aee80d37cfdba99a0ccadeaf1b74a757bead3170b
TR-06540,2024/03/15,2024-03-01,FIN,1000030,RECEITA,"R$ 5.751,75","5.585,00",USD,Tarifas de serviços financeiros - FIN,22,PIX,PAGO,8564f3e9-2355-4a0a-9d3a-5a95324578cc,2024-04-05,ERP_CORPORATIVO,TRANSACOES_FINANCEIRAS,6540,3eb4972ca51c43626824d4aa679b956c1d3cd51fdfea00201048fafc87576936
TR-06541,2024-03-21,2024-03-01,TI,1000030,DESPESA,"R$ 6.726,26","R$6726,26",BRL,Manutenção preventiva de veículos - TI,17,TED,PAGO,8564f3e9-2355-4a0a-9d3a-5a95324578cc,2024-04-05,ERP_CORPORATIVO,TRANSACOES_FINANCEIRAS,6541,c86c4a598e09557b0c4ecc583d5527595302b65efd103b20867bfdf9c717ac86
TR-06542,05-03-2024,2024-03-01,CPT,1000030,RECEITA,6038,"R$6038,00",BRL,Receita de aluguel creditada em CPT,31,TED,PAGO,8564f3e9-2355-4a0a-9d3a-5a95324578cc,2024-04-05,ERP_CORPORATIVO,TRANSACOES_FINANCEIRAS,6542,8d0d234dcffc8cb1c1c45251d82bdac59f9a7ab018f86b6a3eaad63d3ba40061
TR-06543,18/03/24,2024-03-01,SEC,1000030,DESPESA,6403,6.302,BRL,Alimentação em viagem corporativa - SEC,20,BOLETO,PAGO,8564f3e9-2355-4a0a-9d3a-5a95324578cc,2024-04-05,ERP_CORPORATIVO,TRANSACOES_FINANCEIRAS,6543,9de691365f1b47f7e95f053f4c898514f03df107d1049f9f4ac5e868f4c82edd
TR-06544,11/03/2024,2024-03-01,PJT,1000030,DESPESA,"R$12132,48",12132,BRL,Imposto sobre venda apurado em PJT,40,BOLETO,ATRASADO,8564f3e9-2355-4a0a-9d3a-5a95324578cc,2024-04-05,ERP_CORPORATIVO,TRANSACOES_FINANCEIRAS,6544,2b78c75422366fa2f13510279624650e6b2419ce495916ed6b30d00b29f1c586
TR-06545,11-03-2024,2024-03-01,LOG,1000030,DESPESA,"R$ 5.271,87","5.215,12",BRL,Despesa operacional - LOG,8,TED,PAGO,8564f3e9-2355-4a0a-9d3a-5a95324578cc,2024-04-05,ERP_CORPORATIVO,TRANSACOES_FINANCEIRAS,6545,e35803372e2d36b8cbec53b9e9b281eb700003dc5e502eb1c681268faffba132
TR-06546,13-03-2024,2024-03-01,RH,1000030,RECEITA,6356.63,"6.356,63",BRL,Aquisição de material operacional - RH,2,BOLETO,ATRASADO,8564f3e9-2355-4a0a-9d3a-5a95324578cc,2024-04-05,ERP_CORPORATIVO,TRANSACOES_FINANCEIRAS,6546,16a354f27f3c9bf922b4085c1da05dcbdaaa3704861c34250025a6fb419b0743
TR-06547,03-15-2024,2024-03-01,CTB,1000030,DESPESA,"R$ 6.080,35","6.080,35",BRL,Viagem corporativa - CTB,18,TED,PAGO,8564f3e9-2355-4a0a-9d3a-5a95324578cc,2024-04-05,ERP_CORPORATIVO,TRANSACOES_FINANCEIRAS,6547,d996115aadaf94916b402f3520a407277078f600063a777aa7b0f6eea751695a
TR-06548,2024/03/20,2024-03-01,ATD,1000030,RECEITA,5726,5629,USD,Despesa operacional - ATD,8,CARTAO,ATRASADO,8564f3e9-2355-4a0a-9d3a-5a95324578cc,2024-04-05,ERP_CORPORATIVO,TRANSACOES_FINANCEIRAS,6548,322cf1e417603540e5f0f5359de9dbb85a3653cb00e813536bc33b66b646b54a
TR-06549,Mar 11 2024,2024-03-01,COMP,1000030,RECEITA,5292.22,5292,BRL,Taxas bancárias incidentes em COMP,22,PIX,PAGO,8564f3e9-2355-4a0a-9d3a-5a95324578cc,2024-04-05,ERP_CORPORATIVO,TRANSACOES_FINANCEIRAS,6549,0bc2ea555493a2f429a244e9cc9dbe14235f1e0bba51e0057612f7b0ba300c67
TR-06550,2024/03/18,2024-03-01,PJT,1000030,DESPESA,4792,4555,BRL,Juros sobre operação financeira - PJT,23,TED,CANCELADO,8564f3e9-2355-4a0a-9d3a-5a95324578cc,2024-04-05,ERP_CORPORATIVO,TRANSACOES_FINANCEIRAS,6550,c30cfcf428747f55a2f9b83d2111ecf84eccd74e2b327f133f712140f89d54f7
TR-06847,13/03/24,2024-03-01,TI,ACC-00034,DESPESA,7.132,6898,BRL,Serviço de tecnologia contratado por TI,5,PIX,PAGO,8564f3e9-2355-4a0a-9d3a-5a95324578cc,2024-04-05,ERP_CORPORATIVO,TRANSACOES_FINANCEIRAS,6847,575879cc542ae46803cfc3e6f0bcec44f585fecae3a70253ccaee937f3957181
TR-06848,2024-03-07,2024-03-01,FIN,ACC-00034,RECEITA,6906,6905.93,BRL,Despesa operacional - FIN,8,PIX,PAGO,8564f3e9-2355-4a0a-9d3a-5a95324578cc,2024-04-05,ERP_CORPORATIVO,TRANSACOES_FINANCEIRAS,6848,dc0742a9e96db3c8b874d945ab910f49778b27829cb888fdcf578b42ddf0bd9c
TR-06849,15/03/24,2024-03-01,LOG,ACC-00034,RECEITA,"R$ 6.564,20","6.331,50",BRL,Contrato de SaaS vinculado a LOG,27,PIX,PAGO,8564f3e9-2355-4a0a-9d3a-5a95324578cc,2024-04-05,ERP_CORPORATIVO,TRANSACOES_FINANCEIRAS,6849,c90cd146315bea0426f73943095fa2b6c022b08ab8d94195be15f8512c893a29
TR-06850,2024-03-12,2024-03-01,OP,ACC-00034,DESPESA,"7.491,78",7491.78,BRL,Licenciamento de software - OP,5,PIX,PAGO,8564f3e9-2355-4a0a-9d3a-5a95324578cc,2024-04-05,ERP_CORPORATIVO,TRANSACOES_FINANCEIRAS,6850,e6678077141037b048608295d2c4fb97421ba9845ad4baf7208aa5718400dfe2
TR-06851,25/03/2024,2024-03-01,PES,ACC-00034,DESPESA,"R$ 6.894,74",6.895,BRL,Contrato de conectividade para área PES,9,PIX,PAGO,8564f3e9-2355-4a0a-9d3a-5a95324578cc,2024-04-05,ERP_CORPORATIVO,TRANSACOES_FINANCEIRAS,6851,04905ce1cfad07122d10dbf018e4e166a8653c9041685d11723c161a0d52b587
TR-06852,11-03-2024,2024-03-01,COMP,ACC-00034,RECEITA,"R$ 6.889,33","6.889,33",BRL,Evento corporativo organizado por COMP,14,TRANSFERENCIA,PAGO,8564f3e9-2355-4a0a-9d3a-5a95324578cc,2024-04-05,ERP_CORPORATIVO,TRANSACOES_FINANCEIRAS,6852,8ee454741dd3a7df4db921277a187c79c5783430c53c792c6b784871d7c70f44
TR-07189,2024/03/18,2024-03-01,QAS,ACC-00038,DESPESA,"R$4175,94",4097,BRL,Produção de material gráfico - QAS,15,TED,PAGO,8564f3e9-2355-4a0a-9d3a-5a95324578cc,2024-04-05,ERP_CORPORATIVO,TRANSACOES_FINANCEIRAS,7189,a5018e2453e2017d35da3576ec7abcca428038935a329864dfb6fe5bfc4fa287
TR-07190,Mar 12 2024,2024-03-01,LOG,ACC-00038,DESPESA,4574.69,"R$4372,72",BRL,Receita de aluguel creditada em LOG,31,PIX,PAGO,8564f3e9-2355-4a0a-9d3a-5a95324578cc,2024-04-05,ERP_CORPORATIVO,TRANSACOES_FINANCEIRAS,7190,23b29c5e62003e7d949e0e4ff01610b16286a8fa72b9373d7efeb7fbee77a727
TR-07191,2024/03/08,2024-03-01,PJT,ACC-00038,DESPESA,"R$11558,74","R$11558,74",BRL,Despesa de RH - PJT,6,TED,PAGO,8564f3e9-2355-4a0a-9d3a-5a95324578cc,2024-04-05,ERP_CORPORATIVO,TRANSACOES_FINANCEIRAS,7191,5be90212d09abf7ff3a506fe1a34405b0e1858fb1491f552e7cd3430158fb94d
TR-07192,11/03/2024,2024-03-01,CPT,ACC-00038,RECEITA,"R$4118,34",4002,USD,Prestação de serviço para área CPT,1,TED,PAGO,8564f3e9-2355-4a0a-9d3a-5a95324578cc,2024-04-05,ERP_CORPORATIVO,TRANSACOES_FINANCEIRAS,7192,84813050e828aa539518b5a88cd76468429ce58b5384ce871a75622775208ce8
TR-07193,03-11-2024,2024-03-01,RH,ACC-00038,DESPESA,"R$4203,47",4203,USD,Despesa operacional - RH,8,TRANSFERENCIA,ATRASADO,8564f3e9-2355-4a0a-9d3a-5a95324578cc,2024-04-05,ERP_CORPORATIVO,TRANSACOES_FINANCEIRAS,7193,b76f857527585f5e58591b36c86e84a6329faf374b73d75115f7555a40a3432b
TR-07194,2024/03/25,2024-03-01,FIN,ACC-00038,DESPESA,4.336,4193.79,BRL,Licenciamento de software - FIN,5,BOLETO,PAGO,8564f3e9-2355-4a0a-9d3a-5a95324578cc,2024-04-05,ERP_CORPORATIVO,TRANSACOES_FINANCEIRAS,7194,22bf9c6191558373c2842f26505be882e2c90ff19bfbe881a575dcf0ba9796e3
TR-07195,Mar 15 2024,2024-03-01,FIN,ACC-00038,RECEITA,4588.86,4589,BRL,Manutenção predial solicitada por FIN,10,TRANSFERENCIA,PAGO,8564f3e9-2355-4a0a-9d3a-5a95324578cc,2024-04-05,ERP_CORPORATIVO,TRANSACOES_FINANCEIRAS,7195,9c2f88c8cf6fa22298d0e9a49f6be06c4bcdb9f8f7e37ff1ccb0c4195320d113
TR-07196,Mar 18 2024,2024-03-01,PES,ACC-00038,RECEITA,3684,"3.683,61",BRL,Tarifas de serviços financeiros - PES,22,CARTAO,PAGO,8564f3e9-2355-4a0a-9d3a-5a95324578cc,2024-04-05,ERP_CORPORATIVO,TRANSACOES_FINANCEIRAS,7196,b809eab497c1a1f96c444839f60027cc3556b1584cec22db8c2123e4caf13fa8
TR-07197,05-03-2024,2024-03-01,PES,ACC-00038,DESPESA,"3.511,03","R$ 3.511,03",BRL,Despesa operacional - PES,8,TED,PAGO,8564f3e9-2355-4a0a-9d3a-5a95324578cc,2024-04-05,ERP_CORPORATIVO,TRANSACOES_FINANCEIRAS,7197,38fcbb769fff178467a151c5d5843314975f1f085012acca174aa0b9eca87e86
TR-07198,26-03-2024,2024-03-01,FIN,ACC-00038,DESPESA,"R$ 4.869,07","4.869,07",USD,Prestação de serviço para área FIN,1,TED,PAGO,8564f3e9-2355-4a0a-9d3a-5a95324578cc,2024-04-05,ERP_CORPORATIVO,TRANSACOES_FINANCEIRAS,7198,91e3937cf131c0894408804e3e72dd7d93915387f8f455b0951cb6ba02db9eb6
TR-07276,13/03/2024,2024-03-01,COMP,FORN-00039,RECEITA,"2.170,98","R$2170,98",USD,Prestação de serviço para área COMP,1,TRANSFERENCIA,PAGO,8564f3e9-2355-4a0a-9d3a-5a95324578cc,2024-04-05,ERP_CORPORATIVO,TRANSACOES_FINANCEIRAS,7276,944ca6a41c6e8f1461ca34435dc3a7893c0bdcc54173f35798375ee379c0b8c1
TR-07277,03-11-2024,2024-03-01,QAS,FORN-00039,DESPESA,"2.253,98",2.254,USD,Manutenção preventiva de veículos - QAS,17,BOLETO,PAGO,8564f3e9-2355-4a0a-9d3a-5a95324578cc,2024-04-05,ERP_CORPORATIVO,TRANSACOES_FINANCEIRAS,7277,05f622d9ce7a71da2b06e862d03c50f39a501147a8be25170e62fa8243c058ef
TR-07278,12-03-2024,2024-03-01,RH,FORN-00039,DESPESA,1951,"1.876,15",BRL,Serviço de tecnologia contratado por RH,5,BOLETO,PAGO,8564f3e9-2355-4a0a-9d3a-5a95324578cc,2024-04-05,ERP_CORPORATIVO,TRANSACOES_FINANCEIRAS,7278,c97fa8e93e4e86eda1464e731475c390218f049f06f029401c8af745b25a36b8
TR-07279,11/03/24,2024-03-01,COMP,FORN-00039,DESPESA,2030,2030,BRL,Prestação de serviço para área COMP,1,BOLETO,PAGO,8564f3e9-2355-4a0a-9d3a-5a95324578cc,2024-04-05,ERP_CORPORATIVO,TRANSACOES_FINANCEIRAS,7279,8f436cc8bae05948f4524771adb093df4e17a812d32ac615f106b13cc380d650
TR-07280,03-13-2024,2024-03-01,PRD,FORN-00039,DESPESA,"1.988,66","1.988,66",BRL,Prestação de serviço para área PRD,1,TRANSFERENCIA,PAGO,8564f3e9-2355-4a0a-9d3a-5a95324578cc,2024-04-05,ERP_CORPORATIVO,TRANSACOES_FINANCEIRAS,7280,f5c536696466916aac1c9f672dd658e628c64ba618bfc8b9cd5e225484864d86
TR-07281,26/03/24,2024-03-01,FIN,FORN-00039,RECEITA,"R$ 2.071,52","2.071,52",BRL,Manutenção preventiva de veículos - FIN,17,CARTAO,PAGO,8564f3e9-2355-4a0a-9d3a-5a95324578cc,2024-04-05,ERP_CORPORATIVO,TRANSACOES_FINANCEIRAS,7281,e9963c68f3c420613b5dd8c459b6ed398d1dcae08d538360ada188b11a20a62d
TR-07282,2024-03-25,2024-03-01,COM,FORN-00039,RECEITA,2475,2356.56,BRL,Honorários jurídicos - COM,7,TRANSFERENCIA,CANCELADO,8564f3e9-2355-4a0a-9d3a-5a95324578cc,2024-04-05,ERP_CORPORATIVO,TRANSACOES_FINANCEIRAS,7282,5394ee6a312d6404fa4deba8dfbc1f5d2fdb717321a12ec66ac074cf0d0403e9
TR-07283,18-03-2024,2024-03-01,SEC,FORN-00039,DESPESA,"R$ 1.824,71","R$ 1.824,71",BRL,Compra de insumos para setor SEC,2,PIX,PAGO,8564f3e9-2355-4a0a-9d3a-5a95324578cc,2024-04-05,ERP_CORPORATIVO,TRANSACOES_FINANCEIRAS,7283,55e0d09ca6be84c93ceb7a67fa80f2c3bee1ffe13c4bd194ff4efd38fd63deb5
TR-07284,2024-03-19,2024-03-01,ESG,FORN-00039,DESPESA,2050,"R$2049,76",USD,Contrato de conectividade para área ESG,9,PIX,PAGO,8564f3e9-2355-4a0a-9d3a-5a95324578cc,2024-04-05,ERP_CORPORATIVO,TRANSACOES_FINANCEIRAS,7284,4e31b85b59a492ab266f9fb5e4e9e626c0153d132e2c96b381f4e43a7ffe7e84
TR-07285,2024/03/13,2024-03-01,MKT,FORN-00039,RECEITA,"R$ 2.133,87","2.075,77",USD,Investimento em marketing corporativo (MKT),4,BOLETO,ATRASADO,8564f3e9-2355-4a0a-9d3a-5a95324578cc,2024-04-05,ERP_CORPORATIVO,TRANSACOES_FINANCEIRAS,7285,a910812dd4eef1ac270319750f5db2d54e29ed74ee93c2517b86b7c3369a32f3
TR-07286,2024-03-20,2024-03-01,VND,FORN-00039,DESPESA,"R$2034,33","R$1949,48",BRL,Contrato de SaaS vinculado a VND,27,PIX,PAGO,8564f3e9-2355-4a0a-9d3a-5a95324578cc,2024-04-05,ERP_CORPORATIVO,TRANSACOES_FINANCEIRAS,7286,af8182ffcda04e0be069a0e9871fd7594ded278c7cb16b50252d235ae8e95bb9
TR-07287,22/03/2024,2024-03-01,COM,FORN-00039,DESPESA,"R$ 2.273,64",2.235,USD,Aquisição de material operacional - COM,2,BOLETO,ATRASADO,8564f3e9-2355-4a0a-9d3a-5a95324578cc,2024-04-05,ERP_CORPORATIVO,TRANSACOES_FINANCEIRAS,7287,2f723cefcdfb4172b9ef56a034ad394b36300082588fd7112f60189e4cda8393
TR-07288,03-21-2024,2024-03-01,RH,FORN-00039,DESPESA,1.730,"1.730,28",BRL,Prestação de serviço para área RH,1,BOLETO,PAGO,8564f3e9-2355-4a0a-9d3a-5a95324578cc,2024-04-05,ERP_CORPORATIVO,TRANSACOES_FINANCEIRAS,7288,2ecba02d2cf5cbda2167d50d0070df10c7018aac12fd8180a78c42778210ad89
TR-07289,Mar 11 2024,2024-03-01,COMP,FORN-00039,RECEITA,2485,"R$ 2.484,88",BRL,Prestação de serviço para área COMP,1,TED,PAGO,8564f3e9-2355-4a0a-9d3a-5a95324578cc,2024-04-05,ERP_CORPORATIVO,TRANSACOES_FINANCEIRAS,7289,da764ccb5875bae4ec46159116441ac0e86dbf8b86d70e6b0401cae068d1b854
TR-07290,03-21-2024,2024-03-01,PJT,FORN-00039,DESPESA,"R$1794,63","R$1794,63",BRL,Aquisição de material operacional - PJT,2,PIX,PAGO,8564f3e9-2355-4a0a-9d3a-5a95324578cc,2024-04-05,ERP_CORPORATIVO,TRANSACOES_FINANCEIRAS,7290,895286c345ea50ff80c08c184d47da3a9c83c0554ebe48ac88a37f7e9b5da54f
TR-08095,22/03/2024,2024-03-01,CPT,FORN-00042,DESPESA,"R$3705,88","R$ 3.705,88",BRL,Tarifas de serviços financeiros - CPT,22,TRANSFERENCIA,PAGO,8564f3e9-2355-4a0a-9d3a-5a95324578cc,2024-04-05,ERP_CORPORATIVO,TRANSACOES_FINANCEIRAS,8095,798f7583feb5d9fb7f0b0d12a3019914befe94bb6137e5e5854b941f4ceb1e57
TR-08096,03-07-2024,2024-03-01,LOG,FORN-00042,DESPESA,4.287,"R$ 4.287,15",BRL,Serviço de tecnologia contratado por LOG,5,TRANSFERENCIA,PAGO,8564f3e9-2355-4a0a-9d3a-5a95324578cc,2024-04-05,ERP_CORPORATIVO,TRANSACOES_FINANCEIRAS,8096,b7b65cfa57b4545395d129f7a0eec249d4806f0244cb5989a4cd10363c43ce72
TR-08097,18/03/2024,2024-03-01,RH,FORN-00042,RECEITA,"4.034,88","R$ 4.034,88",EUR,Royalties recebidos por RH,32,PIX,PAGO,8564f3e9-2355-4a0a-9d3a-5a95324578cc,2024-04-05,ERP_CORPORATIVO,TRANSACOES_FINANCEIRAS,8097,49f615f931fc984acac667dfd0dd733da761e1d3ae9d63b984803e6db301d81b
TR-08098,15/03/24,2024-03-01,OP,FORN-00042,DESPESA,"R$ 4.119,57","R$ 4.119,57",BRL,Assessoria legal vinculada à área OP,7,TRANSFERENCIA,PAGO,8564f3e9-2355-4a0a-9d3a-5a95324578cc,2024-04-05,ERP_CORPORATIVO,TRANSACOES_FINANCEIRAS,8098,6c0ea74347f67d53ef67d348f0a3fc1fad5b11777d474cb39af1e1c53e149129
TR-08099,13/03/2024,2024-03-01,COM,FORN-00042,DESPESA,"R$ 3.886,09","R$3886,09",BRL,Prestação de serviço para área COM,1,BOLETO,PAGO,8564f3e9-2355-4a0a-9d3a-5a95324578cc,2024-04-05,ERP_CORPORATIVO,TRANSACOES_FINANCEIRAS,8099,2f9a240ab70aa6fb7352f8ff895930d17472fc30f410feaa1e915bb7389762fc
TR-08100,15/03/24,2024-03-01,PRD,FORN-00042,DESPESA,4656.36,"R$4538,94",BRL,Prestação de serviço para área PRD,1,PIX,PAGO,8564f3e9-2355-4a0a-9d3a-5a95324578cc,2024-04-05,ERP_CORPORATIVO,TRANSACOES_FINANCEIRAS,8100,97e97f5a494e57e26cf14f42a4d4b5d9b53e558d98cbad1765699d6c426d3d92
TR-08101,11/03/2024,2024-03-01,PES,FORN-00042,DESPESA,4770,4769.78,BRL,Seguro contratado pela área PES,21,TRANSFERENCIA,PAGO,8564f3e9-2355-4a0a-9d3a-5a95324578cc,2024-04-05,ERP_CORPORATIVO,TRANSACOES_FINANCEIRAS,8101,fb19eddb0601e0c2914648e9dd170b812eca3cd060eea23b919d7c3037eb2aad
TR-08102,13-03-2024,2024-03-01,TI,FORN-00042,RECEITA,"3.173,66","R$ 3.173,66",BRL,Tarifas de serviços financeiros - TI,22,TED,PAGO,8564f3e9-2355-4a0a-9d3a-5a95324578cc,2024-04-05,ERP_CORPORATIVO,TRANSACOES_FINANCEIRAS,8102,d6e382aaf593e7d03ae41e29383492f41252e22a634d1f8ae0d4a0b9901f1bb9
TR-08103,04/03/24,2024-03-01,OP,FORN-00042,DESPESA,"4.340,08",4340.08,BRL,Taxas bancárias incidentes em OP,22,TED,PAGO,8564f3e9-2355-4a0a-9d3a-5a95324578cc,2024-04-05,ERP_CORPORATIVO,TRANSACOES_FINANCEIRAS,8103,5dccb2a2f479dcfa36760336d5987dc338eb6a8d17c70fa17b31baee6ba1ea6c
TR-08104,2024/03/29,2024-03-01,RH,FORN-00042,DESPESA,3551,"3.551,19",BRL,Aquisição de material operacional - RH,2,TED,PAGO,8564f3e9-2355-4a0a-9d3a-5a95324578cc,2024-04-05,ERP_CORPORATIVO,TRANSACOES_FINANCEIRAS,8104,acdedb806f6d29ff8a8056a7bc405996a373ec9a16d612dfef991ffe7d0e8125
TR-08189,Mar 12 2024,2024-03-01,TI,1000042,DESPESA,4021.59,"4.021,59",BRL,Alimentação em viagem corporativa - TI,20,TED,PAGO,8564f3e9-2355-4a0a-9d3a-5a95324578cc,2024-04-05,ERP_CORPORATIVO,TRANSACOES_FINANCEIRAS,8189,ac9f4d10b0210893b7344d1fc701afb54e3da287c36135e43efc99ae2c8aacf3
TR-08190,2024-03-08,2024-03-01,TI,1000042,RECEITA,3905.05,3905.05,BRL,Despesa operacional - TI,8,PIX,ATRASADO,8564f3e9-2355-4a0a-9d3a-5a95324578cc,2024-04-05,ERP_CORPORATIVO,TRANSACOES_FINANCEIRAS,8190,24e5845420f08ccac4579a8a097896d1cfce08c1b595b1e048f26ee431c0edeb
TR-08191,03-04-2024,2024-03-01,ATD,1000042,RECEITA,4275,4275,BRL,Prestação de serviço para área ATD,1,PIX,PAGO,8564f3e9-2355-4a0a-9d3a-5a95324578cc,2024-04-05,ERP_CORPORATIVO,TRANSACOES_FINANCEIRAS,8191,20ed778acdc6581f04e4b917ce7e58c1e4597fb0cde743c8c5d5ec5633e37d7a
TR-08192,03-13-2024,2024-03-01,OP,1000042,RECEITA,"R$ 3.891,72","R$ 3.891,72",BRL,Passagem aérea para colaborador de OP,18,TED,ATRASADO,8564f3e9-2355-4a0a-9d3a-5a95324578cc,2024-04-05,ERP_CORPORATIVO,TRANSACOES_FINANCEIRAS,8192,56370310f5dd6bda73a1277b38dc1fd8140ce7fd7c3d9081bfa4597eebb64f61
TR-08193,03-20-2024,2024-03-01,CPT,1000042,RECEITA,"R$ 4.526,89","R$ 4.526,89",BRL,Contrato de serviço - setor CPT,1,CARTAO,PAGO,8564f3e9-2355-4a0a-9d3a-5a95324578cc,2024-04-05,ERP_CORPORATIVO,TRANSACOES_FINANCEIRAS,8193,e0b45d44df160f60a0be75fd111cb48d3883fe5a86862533372da9c46b920b41
TR-08194,25/03/24,2024-03-01,COMP,1000042,DESPESA,"R$4169,14","4.169,14",BRL,Suporte técnico para sistemas de COMP,29,TED,ATRASADO,8564f3e9-2355-4a0a-9d3a-5a95324578cc,2024-04-05,ERP_CORPORATIVO,TRANSACOES_FINANCEIRAS,8194,f39b107afaac04c714960ff8334a7a8c6953fe51bb188accd2a203fe4c6ca7b6
TR-08195,2024-03-18,2024-03-01,TI,1000042,RECEITA,"4.555,15","R$4555,15",BRL,Honorários profissionais contratados por TI,11,PIX,PAGO,8564f3e9-2355-4a0a-9d3a-5a95324578cc,2024-04-05,ERP_CORPORATIVO,TRANSACOES_FINANCEIRAS,8195,a66aeaa0b91eb38fabf68ed23b074e02941546d7d0cf2269237969e682b273e2
TR-08369,2024/03/22,2024-03-01,VND,FORN-00044,DESPESA,2206,2205.55,BRL,Material de marketing solicitado por VND,15,BOLETO,PAGO,8564f3e9-2355-4a0a-9d3a-5a95324578cc,2024-04-05,ERP_CORPORATIVO,TRANSACOES_FINANCEIRAS,8369,06e7797c7c1ac9ea6b40b495ee9ef18b003b1a522c30732085088d06f5d3b662
TR-08370,11/03/2024,2024-03-01,COMP,FORN-00044,RECEITA,"R$ 2.217,41","R$ 2.217,41",BRL,Prestação de serviço para área COMP,1,CARTAO,PAGO,8564f3e9-2355-4a0a-9d3a-5a95324578cc,2024-04-05,ERP_CORPORATIVO,TRANSACOES_FINANCEIRAS,8370,669fe13459d8fe3cbfd56b751fda7b9d1b898a2345c8c2026331c52bb92f3d77
TR-08371,18/03/24,2024-03-01,TI,FORN-00044,RECEITA,8666.17,"8.666,17",BRL,Certificado digital adquirido por TI,26,PIX,CANCELADO,8564f3e9-2355-4a0a-9d3a-5a95324578cc,2024-04-05,ERP_CORPORATIVO,TRANSACOES_FINANCEIRAS,8371,65c96d863cb910dafbfbb5ee9e4a277662481d8efcd3dd3a5d32aa26801492dd
TR-08372,12/03/2024,2024-03-01,LOG,FORN-00044,RECEITA,2315,"R$ 2.315,47",BRL,Prestação de serviço para área LOG,1,BOLETO,PAGO,8564f3e9-2355-4a0a-9d3a-5a95324578cc,2024-04-05,ERP_CORPORATIVO,TRANSACOES_FINANCEIRAS,8372,fc4a21a0a02bf0db71d12f06e7b29a39f710efcd4e2668cb8f6057a8bf510d7b
TR-08373,Mar 12 2024,2024-03-01,COM,FORN-00044,DESPESA,"3.410,32","R$3410,32",BRL,Licenciamento de software - COM,5,TRANSFERENCIA,PAGO,8564f3e9-2355-4a0a-9d3a-5a95324578cc,2024-04-05,ERP_CORPORATIVO,TRANSACOES_FINANCEIRAS,8373,3778e9ca5837097f349c461def1706daf913d12ac1b1ece366528f747e5ed46d
TR-08374,03-11-2024,2024-03-01,FIN,FORN-00044,DESPESA,"R$ 2.480,13",2448.60,BRL,Passagem aérea para colaborador de FIN,18,CARTAO,PAGO,8564f3e9-2355-4a0a-9d3a-5a95324578cc,2024-04-05,ERP_CORPORATIVO,TRANSACOES_FINANCEIRAS,8374,cecda0b9785cf1fcd40c2e7914572d2f4e1bb049dd20e3db4d1d89bcadcc0b25
TR-08375,2024-03-18,2024-03-01,CPT,FORN-00044,RECEITA,"R$ 2.786,25",2786,BRL,Despesa de RH - CPT,6,BOLETO,PAGO,8564f3e9-2355-4a0a-9d3a-5a95324578cc,2024-04-05,ERP_CORPORATIVO,TRANSACOES_FINANCEIRAS,8375,fd25a0018de4c43d162d8a4a67de09c4a0700bbff074948beac802a7be172edd
TR-08376,25/03/2024,2024-03-01,ESG,FORN-00044,DESPESA,2554.78,2.555,BRL,Devolução de venda processada por ESG,39,TED,PAGO,8564f3e9-2355-4a0a-9d3a-5a95324578cc,2024-04-05,ERP_CORPORATIVO,TRANSACOES_FINANCEIRAS,8376,cd764ecf18eab3cbc2c6e783d3cb44156ea99e621eea797c858503e8f8388fbc
TR-08377,04-03-2024,2024-03-01,CTB,FORN-00044,RECEITA,"R$ 2.391,27","2.323,34",BRL,Prestação de serviço para área CTB,1,BOLETO,PAGO,8564f3e9-2355-4a0a-9d3a-5a95324578cc,2024-04-05,ERP_CORPORATIVO,TRANSACOES_FINANCEIRAS,8377,563786589f554b34faa2cb7d573b9cf9713d8f835144a46663b06963f91006c1
TR-08378,Mar 12 2024,2024-03-01,MKT,FORN-00044,DESPESA,"R$ 2.984,04","2.984,04",BRL,Manutenção estrutural vinculada à área MKT,3,TRANSFERENCIA,ATRASADO,8564f3e9-2355-4a0a-9d3a-5a95324578cc,2024-04-05,ERP_CORPORATIVO,TRANSACOES_FINANCEIRAS,8378,174887643e52043d55ed66bd0267b9732445ff887c8b57345b303abe6028b8ac
TR-08379,03-21-2024,2024-03-01,JUR,FORN-00044,RECEITA,2869.18,2.869,BRL,Serviço de tecnologia contratado por JUR,5,TED,PAGO,8564f3e9-2355-4a0a-9d3a-5a95324578cc,2024-04-05,ERP_CORPORATIVO,TRANSACOES_FINANCEIRAS,8379,f716ba799a5e8071cd44cb790e5c4fd4f404f78d81a689fe2e4d4a4b5135be77
TR-08711,18-03-2024,2024-03-01,MKT,FORN-00045,RECEITA,1682.03,1.682,BRL,Honorarium advocatício - MKT,24,TED,PAGO,8564f3e9-2355-4a0a-9d3a-5a95324578cc,2024-04-05,ERP_CORPORATIVO,TRANSACOES_FINANCEIRAS,8711,4c3bd12beeb2d40bcf8b13dfba766f1567523bfbc42f67e754f686c8b8ab9582
TR-08712,07/03/24,2024-03-01,RH,FORN-00045,RECEITA,"1.503,02","1.503,02",BRL,Despesa operacional - RH,8,PIX,CANCELADO,8564f3e9-2355-4a0a-9d3a-5a95324578cc,2024-04-05,ERP_CORPORATIVO,TRANSACOES_FINANCEIRAS,8712,cd18c8117cd32946ed5edd451501855cf74a119a8cc7baeae0bb0c6edd125ffd
TR-08713,19/03/24,2024-03-01,OP,FORN-00045,RECEITA,"R$1501,70",1502,BRL,Honorarium advocatício - OP,24,TRANSFERENCIA,PAGO,8564f3e9-2355-4a0a-9d3a-5a95324578cc,2024-04-05,ERP_CORPORATIVO,TRANSACOES_FINANCEIRAS,8713,bd47c88dafc783a1ba082f5700dc7a44864101334799fc9ab00fbc362e694cdf
TR-08714,21/03/24,2024-03-01,RH,FORN-00045,DESPESA,1873,"1.872,75",BRL,Viagem corporativa - RH,18,TED,ATRASADO,8564f3e9-2355-4a0a-9d3a-5a95324578cc,2024-04-05,ERP_CORPORATIVO,TRANSACOES_FINANCEIRAS,8714,d5d5e24003b78795c51b52e9156874771dbeae74535ef95a6eac9bba2367ba2c
TR-08715,07-03-2024,2024-03-01,FIN,FORN-00045,DESPESA,"R$ 1.703,79",1.674,BRL,Serviço especializado solicitado por FIN,1,PIX,PAGO,8564f3e9-2355-4a0a-9d3a-5a95324578cc,2024-04-05,ERP_CORPORATIVO,TRANSACOES_FINANCEIRAS,8715,bde6f8377d813abfd95b26ac49c504b5e7f5dd84abeae2264c0fee81d56a40f5
TR-08716,2024/03/25,2024-03-01,PRD,FORN-00045,RECEITA,"R$ 1.848,43","R$ 1.829,53",BRL,Serviço relacionado a recursos humanos (PRD),6,TRANSFERENCIA,ATRASADO,8564f3e9-2355-4a0a-9d3a-5a95324578cc,2024-04-05,ERP_CORPORATIVO,TRANSACOES_FINANCEIRAS,8716,194f2df86c201ada8564b7e76522736d6755e408297f618fea02b034b94ec906
TR-08717,2024/03/19,2024-03-01,FIN,FORN-00045,RECEITA,1404.87,1372.70,BRL,Licenciamento de software - FIN,5,CARTAO,PAGO,8564f3e9-2355-4a0a-9d3a-5a95324578cc,2024-04-05,ERP_CORPORATIVO,TRANSACOES_FINANCEIRAS,8717,827a7e401b10d32c66ec5cffb1f47794dc9e0ca8e7f5fcd7f004cd6af93044f6
TR-08718,03-12-2024,2024-03-01,ATD,FORN-00045,DESPESA,"R$1499,13","R$1499,13",BRL,Despesa de infraestrutura - ATD,3,PIX,PAGO,8564f3e9-2355-4a0a-9d3a-5a95324578cc,2024-04-05,ERP_CORPORATIVO,TRANSACOES_FINANCEIRAS,8718,82b4b0542c230d167369c3e55dfe15e7add9079eff7dc67cf0da965813f0d160
TR-08719,04-03-2024,2024-03-01,CTB,FORN-00045,DESPESA,"R$1702,78","R$ 1.702,78",BRL,Custo operacional associado a CTB,8,TED,PAGO,8564f3e9-2355-4a0a-9d3a-5a95324578cc,2024-04-05,ERP_CORPORATIVO,TRANSACOES_FINANCEIRAS,8719,e35cbc02f17a94c45f504e8e7ee7ade2c421f5dabc949c887066cb3c0fc8098a
TR-08720,2024/03/08,2024-03-01,CPT,FORN-00045,DESPESA,"1.521,96",1522,BRL,Alienação de bem patrimonial - CPT,35,TED,PAGO,8564f3e9-2355-4a0a-9d3a-5a95324578cc,2024-04-05,ERP_CORPORATIVO,TRANSACOES_FINANCEIRAS,8720,3690e03fd80d462eba0914927417848354afa038465ee704dcc3faa23ef023cf
TR-08721,13-03-2024,2024-03-01,PRD,FORN-00045,DESPESA,"R$ 1.433,39","1.397,24",BRL,Comissão recebida por PRD,33,BOLETO,ATRASADO,8564f3e9-2355-4a0a-9d3a-5a95324578cc,2024-04-05,ERP_CORPORATIVO,TRANSACOES_FINANCEIRAS,8721,3afa3e96cc85f6c21ae861334a4c58dd3f81d54a1e81a95a74e34f3399bd643a
TR-09009,11/03/2024,2024-03-01,COM,FORN-00046,DESPESA,"4.639,11","R$4445,55",BRL,Recebimento de subvenção - COM,36,PIX,PAGO,8564f3e9-2355-4a0a-9d3a-5a95324578cc,2024-04-05,ERP_CORPORATIVO,TRANSACOES_FINANCEIRAS,9009,ca8276258b73ee6ce985634d92a5adc783ee68b9386abc97fae43318ce8216bb
TR-09010,2024/03/05,2024-03-01,FIN,FORN-00046,RECEITA,4.657,"4.657,19",BRL,Contrato de serviço - setor FIN,1,TED,PAGO,8564f3e9-2355-4a0a-9d3a-5a95324578cc,2024-04-05,ERP_CORPORATIVO,TRANSACOES_FINANCEIRAS,9010,8f7357fa0c25520a122a81c0e66962f2b2f61c33c2c32195def489bfa54a7592
TR-09011,25-03-2024,2024-03-01,FIN,FORN-00046,RECEITA,14049.09,14049.09,BRL,Promoção e atividade externa - FIN,14,TED,PAGO,8564f3e9-2355-4a0a-9d3a-5a95324578cc,2024-04-05,ERP_CORPORATIVO,TRANSACOES_FINANCEIRAS,9011,0d62f497c8e69d80af838f8a71db0db9b578981173449d8af74c361defed4f84
TR-09012,15/03/24,2024-03-01,JUR,FORN-00046,RECEITA,"R$4701,09","R$4638,26",BRL,Aquisição de material operacional - JUR,2,TRANSFERENCIA,PAGO,8564f3e9-2355-4a0a-9d3a-5a95324578cc,2024-04-05,ERP_CORPORATIVO,TRANSACOES_FINANCEIRAS,9012,c186b8088ab3a8aac8a1560f393237d5a616d6c80c91ea03e11fb59002c571e6
TR-09013,Mar 14 2024,2024-03-01,COMP,FORN-00046,DESPESA,"R$ 4.653,44","R$ 4.516,75",BRL,Aquisição de material operacional - COMP,2,BOLETO,PAGO,8564f3e9-2355-4a0a-9d3a-5a95324578cc,2024-04-05,ERP_CORPORATIVO,TRANSACOES_FINANCEIRAS,9013,1cede34696e31baba3928ba5330bb42f884dbe095e017874468ba7eff3bb606c
TR-09442,03-20-2024,2024-03-01,PES,ACC-00049,RECEITA,"7.139,24",7139.24,BRL,Custo operacional associado a PES,8,TED,CANCELADO,8564f3e9-2355-4a0a-9d3a-5a95324578cc,2024-04-05,ERP_CORPORATIVO,TRANSACOES_FINANCEIRAS,9442,35358eabe23d710f6c621cae7cca1a5e8d71cdba665f38a3d677f873b9cd29b3
TR-09443,Mar 15 2024,2024-03-01,RH,ACC-00049,RECEITA,6630,6432,BRL,Despesa de RH - RH,6,PIX,PAGO,8564f3e9-2355-4a0a-9d3a-5a95324578cc,2024-04-05,ERP_CORPORATIVO,TRANSACOES_FINANCEIRAS,9443,78f236dd0d6a2beb67f77b07e1147480e93a34b4ee46630c2139bce53690597e
TR-09444,2024/03/08,2024-03-01,OP,ACC-00049,DESPESA,"6.834,95","R$ 6.834,95",BRL,Treinamento corporativo para equipe OP,30,TED,PAGO,8564f3e9-2355-4a0a-9d3a-5a95324578cc,2024-04-05,ERP_CORPORATIVO,TRANSACOES_FINANCEIRAS,9444,6e1391ea1abf98c029ac4570895713a7f92b932e0b542e9ab370eed724c05369
TR-09445,Mar 01 2024,2024-03-01,COM,ACC-00049,DESPESA,"5.724,29","R$5605,63",BRL,Aquisição de material operacional - COM,2,PIX,PAGO,8564f3e9-2355-4a0a-9d3a-5a95324578cc,2024-04-05,ERP_CORPORATIVO,TRANSACOES_FINANCEIRAS,9445,f7ede4fd2111ca753b6c82d27c98a561f565783532385b50832b30a3edaf6b30
TR-09446,2024-03-13,2024-03-01,LOG,ACC-00049,DESPESA,6.447,"R$ 6.446,58",BRL,Capacitação profissional vinculada a LOG,30,TRANSFERENCIA,PAGO,8564f3e9-2355-4a0a-9d3a-5a95324578cc,2024-04-05,ERP_CORPORATIVO,TRANSACOES_FINANCEIRAS,9446,b70cd07932ed911259b9295a472b7e6c8c20e467738dd288c256949c16be6743
TR-09447,2024-03-12,2024-03-01,JUR,ACC-00049,DESPESA,"R$ 8.036,20",8036,BRL,Custo operacional associado a JUR,8,BOLETO,PAGO,8564f3e9-2355-4a0a-9d3a-5a95324578cc,2024-04-05,ERP_CORPORATIVO,TRANSACOES_FINANCEIRAS,9447,63cc260c4a1de64d7043e45474ba9fbe9b22d30c7dc407571abf4e1a4a554623
TR-09448,Mar 13 2024,2024-03-01,PES,ACC-00049,DESPESA,"R$5684,82","5.684,82",BRL,Manutenção predial solicitada por PES,10,TRANSFERENCIA,PAGO,8564f3e9-2355-4a0a-9d3a-5a95324578cc,2024-04-05,ERP_CORPORATIVO,TRANSACOES_FINANCEIRAS,9448,7a90c02616ca8a9a02dcf97da897fb757336233b5c3df7a60cd4bddeb7366c92
TR-09449,04/03/24,2024-03-01,PES,ACC-00049,DESPESA,"R$8091,73","8.091,73",BRL,Hospedagem em viagem a serviço de PES,19,PIX,ATRASADO,8564f3e9-2355-4a0a-9d3a-5a95324578cc,2024-04-05,ERP_CORPORATIVO,TRANSACOES_FINANCEIRAS,9449,f94a5fb1d3249b930547f38f86a2356c787a7b82896c70b17d8755a9b758b90f
TR-09450,03-25-2024,2024-03-01,FIN,ACC-00049,DESPESA,"R$ 6.972,69",6.973,BRL,Royalties recebidos por FIN,32,PIX,PAGO,8564f3e9-2355-4a0a-9d3a-5a95324578cc,2024-04-05,ERP_CORPORATIVO,TRANSACOES_FINANCEIRAS,9450,c9017fbd7d054cf1a1b907b6c2ff87d5292669daeac8d3a958d8a2f961a62562
TR-09451,03-13-2024,2024-03-01,SEC,ACC-00049,DESPESA,6440.34,"6.440,34",BRL,Hospedagem em viagem a serviço de SEC,19,TRANSFERENCIA,PAGO,8564f3e9-2355-4a0a-9d3a-5a95324578cc,2024-04-05,ERP_CORPORATIVO,TRANSACOES_FINANCEIRAS,9451,07efd614e1c16cd49e68f2ff99c8fbcce2b60ef7312fac038b074622ab578363
TR-09452,19-03-2024,2024-03-01,OP,ACC-00049,DESPESA,"6.655,46",6655.46,BRL,Custo operacional associado a OP,8,TED,PAGO,8564f3e9-2355-4a0a-9d3a-5a95324578cc,2024-04-05,ERP_CORPORATIVO,TRANSACOES_FINANCEIRAS,9452,2bf898964538f832c774b203d6da529f98188cd14d7962f993cce3bfa42a2854
TR-09618,Mar 15 2024,2024-03-01,OP,ACC-00050,RECEITA,5337,5337,BRL,Investimento em marketing corporativo (OP),4,CARTAO,PAGO,8564f3e9-2355-4a0a-9d3a-5a95324578cc,2024-04-05,ERP_CORPORATIVO,TRANSACOES_FINANCEIRAS,9618,97918ff1e79aab655d4b373bb136f0bc074d253eff656a8bdd9cd409421e1c6c
TR-09619,19/03/24,2024-03-01,RH,ACC-00050,RECEITA,6.180,"6.179,80",BRL,Despesa de infraestrutura - RH,3,CARTAO,PAGO,8564f3e9-2355-4a0a-9d3a-5a95324578cc,2024-04-05,ERP_CORPORATIVO,TRANSACOES_FINANCEIRAS,9619,71823277543349dbf4b07b82073dafa2ab122340f10739ab0cdd0ac7f400cb8d
TR-09620,Mar 01 2024,2024-03-01,COMP,ACC-00050,DESPESA,"5.430,81","R$ 5.284,39",BRL,Seguro contratado pela área COMP,21,TRANSFERENCIA,PAGO,8564f3e9-2355-4a0a-9d3a-5a95324578cc,2024-04-05,ERP_CORPORATIVO,TRANSACOES_FINANCEIRAS,9620,348b04ba096b2756b01d0442cd4785ab357ab80c106a6cf2eb133c06745b564a
TR-09621,Mar 12 2024,2024-03-01,PES,ACC-00050,DESPESA,6396,"R$6396,05",BRL,Despesa operacional - PES,8,TRANSFERENCIA,PAGO,8564f3e9-2355-4a0a-9d3a-5a95324578cc,2024-04-05,ERP_CORPORATIVO,TRANSACOES_FINANCEIRAS,9621,7410a8227483fb16058d04e2bdd1f5c054aade2a7339aa7a1038f7fa9ef7b922
TR-09622,18-03-2024,2024-03-01,COM,ACC-00050,RECEITA,6198.87,6199,BRL,Despesa operacional - COM,8,CARTAO,PAGO,8564f3e9-2355-4a0a-9d3a-5a95324578cc,2024-04-05,ERP_CORPORATIVO,TRANSACOES_FINANCEIRAS,9622,19c8a86eb86e367aa4a2214c520786d46053e38969ebae23201f88bb5331670d
TR-09623,18-03-2024,2024-03-01,COMP,ACC-00050,DESPESA,6.076,"5.943,40",BRL,Serviço especializado solicitado por COMP,1,TRANSFERENCIA,PAGO,8564f3e9-2355-4a0a-9d3a-5a95324578cc,2024-04-05,ERP_CORPORATIVO,TRANSACOES_FINANCEIRAS,9623,61c0ca26a7b9f8556af303cb19182312ae51e7a100076b984404a3bd1d451419
TR-09624,20/03/24,2024-03-01,TI,ACC-00050,DESPESA,"R$ 7.217,66",7217.66,BRL,Encargos de empréstimo vinculados a TI,23,PIX,PAGO,8564f3e9-2355-4a0a-9d3a-5a95324578cc,2024-04-05,ERP_CORPORATIVO,TRANSACOES_FINANCEIRAS,9624,38afab8f957d42dbfba983d7a17511dbb9efd21c7f6a2741652f571ce1afe2ad
TR-09625,2024-03-18,2024-03-01,PJT,ACC-00050,DESPESA,"R$ 5.529,98",5.530,BRL,Abatimento comercial registrado em PJT,38,TRANSFERENCIA,PAGO,8564f3e9-2355-4a0a-9d3a-5a95324578cc,2024-04-05,ERP_CORPORATIVO,TRANSACOES_FINANCEIRAS,9625,b8e0be7f5f78c276177019cc5ea86fd37ec9a7eb73d2675202f54f91a212d6f8
TR-09626,2024/03/28,2024-03-01,FIN,ACC-00050,DESPESA,"6.508,08",6.508,BRL,Publicidade institucional - FIN,13,CARTAO,PAGO,8564f3e9-2355-4a0a-9d3a-5a95324578cc,2024-04-05,ERP_CORPORATIVO,TRANSACOES_FINANCEIRAS,9626,92ea244ce54e9aea8f822c91190e8274162d80f1f1cf5823a2dbc46b8de742f4
TR-09900,2024-03-11,2024-03-01,COM,1000051,DESPESA,2.942,"R$2941,97",BRL,Desconto concedido em operação de COM,38,TRANSFERENCIA,ATRASADO,8564f3e9-2355-4a0a-9d3a-5a95324578cc,2024-04-05,ERP_CORPORATIVO,TRANSACOES_FINANCEIRAS,9900,172d5734cdf9b1357e7a4855754b16bd8899341e1174ae1da5e77c238f583d5d
TR-09901,18-03-2024,2024-03-01,COM,1000051,DESPESA,3021,"R$2878,00",BRL,Serviço relacionado a recursos humanos (COM),6,BOLETO,PAGO,8564f3e9-2355-4a0a-9d3a-5a95324578cc,2024-04-05,ERP_CORPORATIVO,TRANSACOES_FINANCEIRAS,9901,481fc8acf5b5b93b215434cc9765c7e015e7e46045703487fee0327c33aafff8
TR-09902,11-03-2024,2024-03-01,RH,1000051,DESPESA,3219.35,"R$3219,35",USD,Contrato de serviço - setor RH,1,BOLETO,PAGO,8564f3e9-2355-4a0a-9d3a-5a95324578cc,2024-04-05,ERP_CORPORATIVO,TRANSACOES_FINANCEIRAS,9902,a6db1552c866084159ec76c27ea995d1f6d373f33c85957657ae32cc32c82179
TR-09903,04/03/24,2024-03-01,MKT,1000051,DESPESA,"R$3315,25",3315,BRL,Despesa operacional - MKT,8,TED,PAGO,8564f3e9-2355-4a0a-9d3a-5a95324578cc,2024-04-05,ERP_CORPORATIVO,TRANSACOES_FINANCEIRAS,9903,4ea90654045c54052b75891fd9a98867e7c2222d9c172adaf3a749a50f80f887
TR-09968,04-03-2024,2024-03-01,COM,1000052,DESPESA,"R$2779,67","R$2648,81",BRL,Licenciamento de software - COM,5,PIX,ATRASADO,8564f3e9-2355-4a0a-9d3a-5a95324578cc,2024-04-05,ERP_CORPORATIVO,TRANSACOES_FINANCEIRAS,9968,2b868c65d8aca4a1d1c828787f3f82cd5cf4c34f14c4a8ac1fc20ee05777a7dd
TR-09969,03-20-2024,2024-03-01,ADM,1000052,DESPESA,2646.17,"R$2646,17",BRL,Serviço técnico especializado para ADM,11,BOLETO,PAGO,8564f3e9-2355-4a0a-9d3a-5a95324578cc,2024-04-05,ERP_CORPORATIVO,TRANSACOES_FINANCEIRAS,9969,774f27c12baa5ca71cc359a90c554130a3932b20e29fdfdfc89962d55ac519f9
TR-09970,15-03-2024,2024-03-01,JUR,1000052,RECEITA,"R$ 2.645,95",2540.78,BRL,Serviço de tecnologia contratado por JUR,5,TRANSFERENCIA,ATRASADO,8564f3e9-2355-4a0a-9d3a-5a95324578cc,2024-04-05,ERP_CORPORATIVO,TRANSACOES_FINANCEIRAS,9970,de705c0ad3486eef0a2b714bfee45f119e0e0ab04dd904b0ec6bf0f4d10c8eca
TR-09971,29-03-2024,2024-03-01,COMP,1000052,DESPESA,"R$ 2.916,02",2916.02,USD,Aquisição de material operacional - COMP,2,PIX,PAGO,8564f3e9-2355-4a0a-9d3a-5a95324578cc,2024-04-05,ERP_CORPORATIVO,TRANSACOES_FINANCEIRAS,9971,c69c95bbdde49e9608f5a144de7b69ac6d3fd034ccc934a5d341cbfbd099ea52
TR-09972,15/03/24,2024-03-01,COMP,1000052,RECEITA,2824.17,2824.17,BRL,Reparo de hardware solicitado por COMP,28,TRANSFERENCIA,PAGO,8564f3e9-2355-4a0a-9d3a-5a95324578cc,2024-04-05,ERP_CORPORATIVO,TRANSACOES_FINANCEIRAS,9972,48db459593189faf1c0f023d93c77f57d005d3f459d00f3b06013125f275ccc0
TR-09973,18/03/24,2024-03-01,RH,1000052,RECEITA,"R$ 2.454,36","R$2404,61",BRL,Reparo de hardware solicitado por RH,28,TED,PAGO,8564f3e9-2355-4a0a-9d3a-5a95324578cc,2024-04-05,ERP_CORPORATIVO,TRANSACOES_FINANCEIRAS,9973,d4b648687ea8e618b52313394394980384b09b65ca0dbf77e97bd901bd758dd4
TR-09974,21/03/24,2024-03-01,TI,1000052,DESPESA,2734.83,"2.646,75",BRL,Alienação de bem patrimonial - TI,35,PIX,PAGO,8564f3e9-2355-4a0a-9d3a-5a95324578cc,2024-04-05,ERP_CORPORATIVO,TRANSACOES_FINANCEIRAS,9974,38ab8811ac0180a8872afa7fb65515156d0328ab456c3435f35070cab7bd1699
TR-09975,11-03-2024,2024-03-01,CTB,1000052,RECEITA,"2.446,93","R$2446,93",BRL,Receita extraordinária - CTB,37,TRANSFERENCIA,CANCELADO,8564f3e9-2355-4a0a-9d3a-5a95324578cc,2024-04-05,ERP_CORPORATIVO,TRANSACOES_FINANCEIRAS,9975,7339b665045e57012d57acfc08c187620ecbc14568b18e71ca9172087492b102
TR-09976,18/03/2024,2024-03-01,PJT,1000052,RECEITA,"R$1125,77",1.050,BRL,Aquisição de material operacional - PJT,2,BOLETO,PAGO,8564f3e9-2355-4a0a-9d3a-5a95324578cc,2024-04-05,ERP_CORPORATIVO,TRANSACOES_FINANCEIRAS,9976,48718ced2b75782fa1797e5fddcb5e7370f062f46e159d911f59fe3fc3eba1e2
TR-09977,27/03/2024,2024-03-01,COM,1000052,RECEITA,2756,2755.52,BRL,Hospedagem em viagem a serviço de COM,19,TRANSFERENCIA,PAGO,8564f3e9-2355-4a0a-9d3a-5a95324578cc,2024-04-05,ERP_CORPORATIVO,TRANSACOES_FINANCEIRAS,9977,232f5f5405a7f6212cea6eb1b8ebb35649f11f1f5547d019641b356d124088c5
TR-09978,Mar 11 2024,2024-03-01,TI,1000052,RECEITA,"R$2443,24","R$ 2.443,24",BRL,Prestação de serviço para área TI,1,TRANSFERENCIA,ATRASADO,8564f3e9-2355-4a0a-9d3a-5a95324578cc,2024-04-05,ERP_CORPORATIVO,TRANSACOES_FINANCEIRAS,9978,64cc330d54105cc262ba24f0c777e5a103f5507f595183a8c84629a1c6c5be01
TR-09979,03-27-2024,2024-03-01,CTB,1000052,DESPESA,2.642,"R$2530,12",USD,Custo operacional associado a CTB,8,PIX,PAGO,8564f3e9-2355-4a0a-9d3a-5a95324578cc,2024-04-05,ERP_CORPORATIVO,TRANSACOES_FINANCEIRAS,9979,f94ef33ccf192424e458fd89d835a6d9c5e1a6b049abaeaf4e4ec7ee70157896
TR-09980,22/03/2024,2024-03-01,PES,1000052,DESPESA,"2.704,13","2.704,13",BRL,Desconto concedido em operação de PES,38,TED,PAGO,8564f3e9-2355-4a0a-9d3a-5a95324578cc,2024-04-05,ERP_CORPORATIVO,TRANSACOES_FINANCEIRAS,9980,dc39480f4cda6b8a51bb6941a44a6513b39b34f6021e216387201881bb2338f9
TR-09981,2024-03-21,2024-03-01,OP,1000052,DESPESA,2.516,"R$2391,96",BRL,Serviço de tecnologia contratado por OP,5,PIX,PAGO,8564f3e9-2355-4a0a-9d3a-5a95324578cc,2024-04-05,ERP_CORPORATIVO,TRANSACOES_FINANCEIRAS,9981,9c1f4e0cca665601cafbe98fb2c2265f442e7ffe8af2b26e30a587ea76b39a6b
TR-09982,03-08-2024,2024-03-01,TI,1000052,DESPESA,2797.53,"R$ 2.797,53",BRL,Compra de insumos para setor TI,2,TRANSFERENCIA,PAGO,8564f3e9-2355-4a0a-9d3a-5a95324578cc,2024-04-05,ERP_CORPORATIVO,TRANSACOES_FINANCEIRAS,9982,7a570fa17c8f42b718c7bd1c1d535ef4d99a30a12f7899246fc57b228f6fcfec
TR-09983,03-08-2024,2024-03-01,COMP,1000052,RECEITA,2491,"R$ 2.491,34",BRL,Licenciamento de software - COMP,5,CARTAO,PAGO,8564f3e9-2355-4a0a-9d3a-5a95324578cc,2024-04-05,ERP_CORPORATIVO,TRANSACOES_FINANCEIRAS,9983,17913b752c21a1aaefdd8eb48577869681ef8b15069bf5a3184b1de8161cebdd
TR-09984,03-22-2024,2024-03-01,MKT,1000052,DESPESA,"2.860,60",2861,BRL,Serviços contábeis externos - MKT,25,PIX,PAGO,8564f3e9-2355-4a0a-9d3a-5a95324578cc,2024-04-05,ERP_CORPORATIVO,TRANSACOES_FINANCEIRAS,9984,aa0956ae50869739a3fd5959e756f44faddc3e50487995d41778c32eca6faf23
TR-09985,03-18-2024,2024-03-01,MKT,1000052,DESPESA,"R$2637,52","2.637,52",BRL,Investimento em marketing corporativo (MKT),4,CARTAO,PAGO,8564f3e9-2355-4a0a-9d3a-5a95324578cc,2024-04-05,ERP_CORPORATIVO,TRANSACOES_FINANCEIRAS,9985,fd2005055afcad06f518eed42e45f61c81d69e0d9fd55312fe1709d63b57356c
TR-09986,Mar 18 2024,2024-03-01,ATD,1000052,DESPESA,"R$ 2.648,66","R$ 2.648,66",BRL,Reparo de hardware solicitado por ATD,28,PIX,PAGO,8564f3e9-2355-4a0a-9d3a-5a95324578cc,2024-04-05,ERP_CORPORATIVO,TRANSACOES_FINANCEIRAS,9986,b4ebb115ab8828eabebe828bf48abcc5105a3a9660e86ce962220456b43a5d7f
TR-10275,2024/03/25,2024-03-01,COM,FORN-00054,RECEITA,2.242,"2.135,84",BRL,Seguro contratado pela área COM,21,BOLETO,PAGO,8564f3e9-2355-4a0a-9d3a-5a95324578cc,2024-04-05,ERP_CORPORATIVO,TRANSACOES_FINANCEIRAS,10275,781f0d86396bf71b3d028fd03d4a2a1e1e32242063947469e385b76424204d5c
TR-10276,19/03/24,2024-03-01,FIN,FORN-00054,DESPESA,2.215,2125.80,BRL,Despesa operacional - FIN,8,PIX,PAGO,8564f3e9-2355-4a0a-9d3a-5a95324578cc,2024-04-05,ERP_CORPORATIVO,TRANSACOES_FINANCEIRAS,10276,781ed58ed0a6d974b82f936f685c49c11a2fe7855bfee6431c34750d7c46b45f
TR-10277,11-03-2024,2024-03-01,COMP,FORN-00054,RECEITA,"R$ 2.166,27",2166,BRL,Prestação de serviço para área COMP,1,PIX,PAGO,8564f3e9-2355-4a0a-9d3a-5a95324578cc,2024-04-05,ERP_CORPORATIVO,TRANSACOES_FINANCEIRAS,10277,41414a9755d6a4b4171f62b04529065ca496d4c77ee57646ca17cd62f8cb150b
TR-10278,21/03/24,2024-03-01,COMP,FORN-00054,DESPESA,"2.351,96",2.328,BRL,Assessoria legal vinculada à área COMP,7,BOLETO,PAGO,8564f3e9-2355-4a0a-9d3a-5a95324578cc,2024-04-05,ERP_CORPORATIVO,TRANSACOES_FINANCEIRAS,10278,d5486e305cf7ce47b926ca0e55db81b437000da0d932fe7ade6c2cf53ddb03a6
TR-10279,08/03/2024,2024-03-01,JUR,FORN-00054,DESPESA,"R$ 2.087,26","R$ 2.087,26",BRL,Locação de espaço comercial - JUR,31,BOLETO,PAGO,8564f3e9-2355-4a0a-9d3a-5a95324578cc,2024-04-05,ERP_CORPORATIVO,TRANSACOES_FINANCEIRAS,10279,5a5dcd8f3f9f0450b7b4348c7b557d6c8e38f7f724c80db858e3b2e81f07fcaa
TR-10280,08/03/24,2024-03-01,VND,FORN-00054,DESPESA,2.356,"R$2276,13",BRL,Contrato de consultoria externa - VND,12,BOLETO,PAGO,8564f3e9-2355-4a0a-9d3a-5a95324578cc,2024-04-05,ERP_CORPORATIVO,TRANSACOES_FINANCEIRAS,10280,a280a92ab1ba67b8623b925834219c95a0fe89aea41850f3a7274856443a1237
TR-10281,2024-03-08,2024-03-01,ATD,FORN-00054,RECEITA,"R$ 2.573,50",2574,BRL,Aquisição de material operacional - ATD,2,BOLETO,PAGO,8564f3e9-2355-4a0a-9d3a-5a95324578cc,2024-04-05,ERP_CORPORATIVO,TRANSACOES_FINANCEIRAS,10281,e8e3648e75b85be320bd49a4a470d7ce202c0f7e70b7a46de66dee3787617b7f
TR-10282,19/03/24,2024-03-01,PES,FORN-00054,DESPESA,2.255,2255,BRL,Devolução de venda processada por PES,39,TED,PAGO,8564f3e9-2355-4a0a-9d3a-5a95324578cc,2024-04-05,ERP_CORPORATIVO,TRANSACOES_FINANCEIRAS,10282,f57907eaa90a3fbffc3aa0278fd4b6a4ff13e27e46b4797852156039a87acfc6
TR-10283,2024/03/04,2024-03-01,MKT,FORN-00054,DESPESA,"R$2161,19",2161,BRL,Compra de insumos para setor MKT,2,TRANSFERENCIA,PAGO,8564f3e9-2355-4a0a-9d3a-5a95324578cc,2024-04-05,ERP_CORPORATIVO,TRANSACOES_FINANCEIRAS,10283,24e5a44de0d1d1811bbafddac75f0ae2bf48c53c3c91c6b253b3a7669ed83a48
TR-10284,15-03-2024,2024-03-01,ADM,FORN-00054,DESPESA,"2.213,47",2105,EUR,Despesa de refeição em deslocamento (ADM),20,PIX,ATRASADO,8564f3e9-2355-4a0a-9d3a-5a95324578cc,2024-04-05,ERP_CORPORATIVO,TRANSACOES_FINANCEIRAS,10284,76272a6136fd5cffdfb4e53837c642d281179639092174bee9cb2e671343a5a0
TR-10285,14-03-2024,2024-03-01,COMP,FORN-00054,DESPESA,2515,"R$2478,00",BRL,Despesa operacional - COMP,8,PIX,ATRASADO,8564f3e9-2355-4a0a-9d3a-5a95324578cc,2024-04-05,ERP_CORPORATIVO,TRANSACOES_FINANCEIRAS,10285,e57cebc1b968a5ce51ac9273d3ec39acb23039426f94d7dd8ba987491cbec332
TR-10286,2024/03/11,2024-03-01,TI,FORN-00054,RECEITA,"2.261,47",2261.47,BRL,Serviço técnico especializado para TI,11,PIX,PAGO,8564f3e9-2355-4a0a-9d3a-5a95324578cc,2024-04-05,ERP_CORPORATIVO,TRANSACOES_FINANCEIRAS,10286,1e9535239d0e28c13ab3842418935a3d3d1cfd8c9ea54dbe2b4ec2b0da95bf8e
TR-10287,2024/03/06,2024-03-01,RH,FORN-00054,DESPESA,"R$ 2.098,36","2.028,32",USD,Evento corporativo organizado por RH,14,PIX,PAGO,8564f3e9-2355-4a0a-9d3a-5a95324578cc,2024-04-05,ERP_CORPORATIVO,TRANSACOES_FINANCEIRAS,10287,163b2adaac3dd01abb4ab8f930b516a4cd8eb86c4cdfe4670ee663da4ad74f98
TR-10288,2024/03/13,2024-03-01,MKT,FORN-00054,RECEITA,"R$ 2.418,04",2.418,BRL,Manutenção preventiva de veículos - MKT,17,PIX,PAGO,8564f3e9-2355-4a0a-9d3a-5a95324578cc,2024-04-05,ERP_CORPORATIVO,TRANSACOES_FINANCEIRAS,10288,4eb38a01a1df8c45bb2c11e9eab50d9948900f9842e34df332ffa2a21d4357dc
TR-10289,12/03/24,2024-03-01,JUR,FORN-00054,RECEITA,"2.077,20",2.077,BRL,Honorarium advocatício - JUR,24,PIX,PAGO,8564f3e9-2355-4a0a-9d3a-5a95324578cc,2024-04-05,ERP_CORPORATIVO,TRANSACOES_FINANCEIRAS,10289,10720da92627ae48a17f878ea40de2e7a4ad44bd90cb65db7fcca1a53071df20
TR-10290,2024-03-27,2024-03-01,COM,FORN-00054,RECEITA,2179,"R$2126,17",BRL,Abastecimento de veículos - COM,16,PIX,PAGO,8564f3e9-2355-4a0a-9d3a-5a95324578cc,2024-04-05,ERP_CORPORATIVO,TRANSACOES_FINANCEIRAS,10290,b7901e6020a43f26a3df95f0331860a8bc5667ee6ffcec8503b138c1bbf5186a
TR-10291,Mar 11 2024,2024-03-01,OP,FORN-00054,RECEITA,2.282,"2.281,90",BRL,Compra de insumos para setor OP,2,TED,ATRASADO,8564f3e9-2355-4a0a-9d3a-5a95324578cc,2024-04-05,ERP_CORPORATIVO,TRANSACOES_FINANCEIRAS,10291,dc3be8f8831b80203d3b2aa77053c7766476c29bc7db7deaa69539306258921b
TR-10292,15/03/24,2024-03-01,COM,FORN-00054,RECEITA,"R$ 2.057,29",2.057,BRL,Serviço especializado solicitado por COM,1,TRANSFERENCIA,PAGO,8564f3e9-2355-4a0a-9d3a-5a95324578cc,2024-04-05,ERP_CORPORATIVO,TRANSACOES_FINANCEIRAS,10292,341a8e42f85f2c04167c2821c339a2b4d86e05f7b88822e5219df4092d4bf347
TR-10293,Mar 15 2024,2024-03-01,COMP,FORN-00054,DESPESA,"R$ 1.865,35","R$1865,35",BRL,Manutenção estrutural vinculada à área COMP,3,PIX,CANCELADO,8564f3e9-2355-4a0a-9d3a-5a95324578cc,2024-04-05,ERP_CORPORATIVO,TRANSACOES_FINANCEIRAS,10293,96b6811adb68c5fecb11fa465d29f698704065618cc99239ccb4e785fc491c86
TR-10294,03-15-2024,2024-03-01,FIN,FORN-00054,DESPESA,"2.332,72",2333,BRL,Prestação de serviço para área FIN,1,BOLETO,PAGO,8564f3e9-2355-4a0a-9d3a-5a95324578cc,2024-04-05,ERP_CORPORATIVO,TRANSACOES_FINANCEIRAS,10294,120e8337c7d1d75950a1bdd455e70a5a6ba83b716618259651d8adf83f1e4309
TR-10295,26/03/2024,2024-03-01,COMP,FORN-00054,DESPESA,1.791,1791.24,BRL,Abastecimento de veículos - COMP,16,BOLETO,PAGO,8564f3e9-2355-4a0a-9d3a-5a95324578cc,2024-04-05,ERP_CORPORATIVO,TRANSACOES_FINANCEIRAS,10295,d91df0a4f2c25c4f094d623a056e6c42c0cf108afb4092914d7d403fda61815a
TR-10542,12-03-2024,2024-03-01,PRD,ACC-00055,DESPESA,1.282,1231,BRL,Custo operacional associado a PRD,8,TRANSFERENCIA,PAGO,8564f3e9-2355-4a0a-9d3a-5a95324578cc,2024-04-05,ERP_CORPORATIVO,TRANSACOES_FINANCEIRAS,10542,de86bee946eb7c6839063ad0d9ced3dd166f9de4ea77490080baed9897ea3601
TR-10543,25/03/24,2024-03-01,COM,ACC-00055,RECEITA,"R$ 2.761,86",2762,BRL,Receita eventual registrada em COM,37,PIX,CANCELADO,8564f3e9-2355-4a0a-9d3a-5a95324578cc,2024-04-05,ERP_CORPORATIVO,TRANSACOES_FINANCEIRAS,10543,07d608b538a12bd483e3a9fb26e54faf5c00264804362ebe427c81b128e21df4
TR-10544,25/03/24,2024-03-01,COM,ACC-00055,RECEITA,1.440,1440.40,BRL,Serviço de tecnologia contratado por COM,5,TED,PAGO,8564f3e9-2355-4a0a-9d3a-5a95324578cc,2024-04-05,ERP_CORPORATIVO,TRANSACOES_FINANCEIRAS,10544,3bc663423259fc67d7afba94ebe2ff085afb7ed2e7d7601a632e2ce23ec4ab87
TR-10545,18/03/2024,2024-03-01,COMP,ACC-00055,RECEITA,"R$1694,21","R$ 1.652,63",BRL,Resultado de equivalência patrimonial - COMP,34,TED,PAGO,8564f3e9-2355-4a0a-9d3a-5a95324578cc,2024-04-05,ERP_CORPORATIVO,TRANSACOES_FINANCEIRAS,10545,7d6cd0757b1b4b806d1e45001375be516e66ab7e69f552a6e0476bc0872b5c08
TR-10546,25/03/24,2024-03-01,SEC,ACC-00055,RECEITA,"1.552,47",1.552,USD,Assessoria legal vinculada à área SEC,7,TED,PAGO,8564f3e9-2355-4a0a-9d3a-5a95324578cc,2024-04-05,ERP_CORPORATIVO,TRANSACOES_FINANCEIRAS,10546,2bb14c90ab8883f553f96af10881d7e08a7460c95a6e3d80501ceafa853c4e24
TR-10547,Mar 25 2024,2024-03-01,VND,ACC-00055,DESPESA,"R$1713,47",1713.47,BRL,Despesa operacional - VND,8,TED,PAGO,8564f3e9-2355-4a0a-9d3a-5a95324578cc,2024-04-05,ERP_CORPORATIVO,TRANSACOES_FINANCEIRAS,10547,2fbe8e5ad3a6440e0c3d1f524a0f43852c491eab38f3ae8e80aae96b7aaa0d80
TR-10548,11/03/24,2024-03-01,JUR,ACC-00055,DESPESA,4811,"4.810,71",BRL,Capacitação profissional vinculada a JUR,30,PIX,PAGO,8564f3e9-2355-4a0a-9d3a-5a95324578cc,2024-04-05,ERP_CORPORATIVO,TRANSACOES_FINANCEIRAS,10548,9dbf18857a66b9868d2cbce0b8183b89581fc23500a6b37461c0e484a53ba571
TR-10549,03-22-2024,2024-03-01,OP,ACC-00055,DESPESA,"R$1756,92","1.681,43",BRL,Combustível e lubrificantes para frota (OP),16,PIX,PAGO,8564f3e9-2355-4a0a-9d3a-5a95324578cc,2024-04-05,ERP_CORPORATIVO,TRANSACOES_FINANCEIRAS,10549,ddf58ddbf0f1899e7ba16580c55b8955c6fd83633469a0ed8b1c77097fb7020d
TR-10550,2024/03/26,2024-03-01,ESG,ACC-00055,RECEITA,1738.89,"1.738,89",USD,Serviço de tecnologia contratado por ESG,5,PIX,PAGO,8564f3e9-2355-4a0a-9d3a-5a95324578cc,2024-04-05,ERP_CORPORATIVO,TRANSACOES_FINANCEIRAS,10550,bb3b03f1162e438cc43ca88958498d567d2aca60726892db7f9244dd289ae5a1
TR-10551,15/03/24,2024-03-01,COMP,ACC-00055,DESPESA,"R$1368,32","R$ 1.301,04",BRL,Serviço relacionado a recursos humanos (COMP),6,CARTAO,ATRASADO,8564f3e9-2355-4a0a-9d3a-5a95324578cc,2024-04-05,ERP_CORPORATIVO,TRANSACOES_FINANCEIRAS,10551,52df7236831a17309db049781b1569c6590435c0665ec43f064086f78ef9a825
TR-10885,18-03-2024,2024-03-01,COMP,ACC-00056,RECEITA,6897,6896.73,BRL,Despesa operacional - COMP,8,BOLETO,PAGO,8564f3e9-2355-4a0a-9d3a-5a95324578cc,2024-04-05,ERP_CORPORATIVO,TRANSACOES_FINANCEIRAS,10885,92c9bf30ff09c0bb11e9e07d63ffb7d3dba18175b8840668b707d594620e6973
TR-10886,Mar 04 2024,2024-03-01,PJT,ACC-00056,RECEITA,"8.063,70","R$ 7.951,14",BRL,Serviço especializado solicitado por PJT,1,TRANSFERENCIA,PAGO,8564f3e9-2355-4a0a-9d3a-5a95324578cc,2024-04-05,ERP_CORPORATIVO,TRANSACOES_FINANCEIRAS,10886,2a9a6bc52dc9722ef3f43b6ba65bfe49205ec5a549e17e8e514b29ff4c58dbc7
TR-10887,22-03-2024,2024-03-01,RH,ACC-00056,DESPESA,"R$6871,47","6.871,47",BRL,Honorários profissionais contratados por RH,11,PIX,ATRASADO,8564f3e9-2355-4a0a-9d3a-5a95324578cc,2024-04-05,ERP_CORPORATIVO,TRANSACOES_FINANCEIRAS,10887,aae8bfa25c89175b680ec65c90ce195588ff0d336fb10cdfd2865afc2e3b76bf
TR-10888,03-15-2024,2024-03-01,QAS,ACC-00056,RECEITA,7187,6933,BRL,Despesa de RH - QAS,6,TED,PAGO,8564f3e9-2355-4a0a-9d3a-5a95324578cc,2024-04-05,ERP_CORPORATIVO,TRANSACOES_FINANCEIRAS,10888,5bd0eb94b2a5afe4cd6128067564cfd4ebb64a2c43a622444552e2946818eafd
TR-10889,14/03/2024,2024-03-01,OP,ACC-00056,DESPESA,6776.79,6452,BRL,Contrato de serviço - setor OP,1,TRANSFERENCIA,PAGO,8564f3e9-2355-4a0a-9d3a-5a95324578cc,2024-04-05,ERP_CORPORATIVO,TRANSACOES_FINANCEIRAS,10889,2e4da81291f8e6e34839c4b436d30dd2c8e11ada366f64ed8580a5025dbd049b
TR-10890,03-04-2024,2024-03-01,OP,ACC-00056,DESPESA,6649,"R$ 6.648,55",BRL,Prestação de serviço para área OP,1,TRANSFERENCIA,PAGO,8564f3e9-2355-4a0a-9d3a-5a95324578cc,2024-04-05,ERP_CORPORATIVO,TRANSACOES_FINANCEIRAS,10890,295c391642c3c18f55b3f51485916278ed3e07a015be05153803556591ba49c9
TR-10891,25/03/24,2024-03-01,VND,ACC-00056,DESPESA,"R$ 8.363,30","R$8363,30",BRL,Despesa de refeição em deslocamento (VND),20,BOLETO,PAGO,8564f3e9-2355-4a0a-9d3a-5a95324578cc,2024-04-05,ERP_CORPORATIVO,TRANSACOES_FINANCEIRAS,10891,98e007e62e73d671a15d21ec66bc5d214c0e50878dfe7a902b17d8e5be17a213
TR-10892,Mar 08 2024,2024-03-01,COMP,ACC-00056,DESPESA,"5.956,84","5.723,35",BRL,Prestação de serviço para área COMP,1,CARTAO,PAGO,8564f3e9-2355-4a0a-9d3a-5a95324578cc,2024-04-05,ERP_CORPORATIVO,TRANSACOES_FINANCEIRAS,10892,1a1acec71d9b48ac6e41acdccecb6510559627308c92568929a76c66485661e6
TR-10893,18/03/2024,2024-03-01,COM,ACC-00056,DESPESA,6.932,"6.587,13",BRL,Assessoria legal vinculada à área COM,7,BOLETO,PAGO,8564f3e9-2355-4a0a-9d3a-5a95324578cc,2024-04-05,ERP_CORPORATIVO,TRANSACOES_FINANCEIRAS,10893,ccddaae31b25d7dce9af63327605ff7cfd6e6d570ce05bfa7839a874d03e6f4f
TR-10894,07-03-2024,2024-03-01,OP,ACC-00056,DESPESA,"R$ 6.115,33","5.873,00",BRL,Prestação de serviço para área OP,1,PIX,ATRASADO,8564f3e9-2355-4a0a-9d3a-5a95324578cc,2024-04-05,ERP_CORPORATIVO,TRANSACOES_FINANCEIRAS,10894,535640fae7b4f358eb0d495b688845bd99fd27e1a128dbcf762726942e1439c5
TR-10895,2024-03-19,2024-03-01,PJT,ACC-00056,RECEITA,"R$ 7.817,94","7.817,94",BRL,Custo operacional associado a PJT,8,PIX,PAGO,8564f3e9-2355-4a0a-9d3a-5a95324578cc,2024-04-05,ERP_CORPORATIVO,TRANSACOES_FINANCEIRAS,10895,1d54a5ba90c52db2d3925709f0b7a7a8e4c006a4c127c9e5583599ab6443a684
TR-10896,2024/03/18,2024-03-01,RH,ACC-00056,RECEITA,"R$6853,94",6853.94,BRL,Despesa operacional - RH,8,TED,PAGO,8564f3e9-2355-4a0a-9d3a-5a95324578cc,2024-04-05,ERP_CORPORATIVO,TRANSACOES_FINANCEIRAS,10896,30ef7a6d90159efbc2fa4997dc76ee68075e82ad1f12d66d826ce7d2252b98fc
TR-10897,05/03/2024,2024-03-01,TI,ACC-00056,RECEITA,"R$6580,43","R$ 6.580,43",BRL,Juros sobre operação financeira - TI,23,CARTAO,PAGO,8564f3e9-2355-4a0a-9d3a-5a95324578cc,2024-04-05,ERP_CORPORATIVO,TRANSACOES_FINANCEIRAS,10897,cb339010256a34438297c7d2ff21c38871f81841fe8c7f84a82ee2b8abdeba74
TR-11528,15/03/24,2024-03-01,LOG,ACC-00059,RECEITA,"R$1216,39","R$ 1.194,61",BRL,Manutenção estrutural vinculada à área LOG,3,PIX,PAGO,8564f3e9-2355-4a0a-9d3a-5a95324578cc,2024-04-05,ERP_CORPORATIVO,TRANSACOES_FINANCEIRAS,11528,d4324669014cb7ecf221474b36c83ff8d9dbc5e6b75f2851fa14d4f09dc4f911
TR-11529,18-03-2024,2024-03-01,COM,ACC-00059,DESPESA,1221.47,1187.59,BRL,Manutenção de equipamentos de COM,28,BOLETO,PAGO,8564f3e9-2355-4a0a-9d3a-5a95324578cc,2024-04-05,ERP_CORPORATIVO,TRANSACOES_FINANCEIRAS,11529,a0095a87eaeda9eda2c5cdd0184847051f1374cd604669e14259d439a00d012d
TR-11530,25/03/24,2024-03-01,RH,ACC-00059,RECEITA,1136,1136,BRL,Participação nos resultados vinculada a RH,34,TED,PAGO,8564f3e9-2355-4a0a-9d3a-5a95324578cc,2024-04-05,ERP_CORPORATIVO,TRANSACOES_FINANCEIRAS,11530,141f905c32ac53bfd7784092750b9a058801e365d9638bd926289adc280b1fde
TR-11531,03-25-2024,2024-03-01,ESG,ACC-00059,DESPESA,"1.340,77","R$ 1.340,77",BRL,Serviço de telefonia e internet - ESG,9,TED,PAGO,8564f3e9-2355-4a0a-9d3a-5a95324578cc,2024-04-05,ERP_CORPORATIVO,TRANSACOES_FINANCEIRAS,11531,6a3d48db099362e719b70cf7ce34a01ee446c4e22659545c9878d64bfffcc212
TR-11532,Mar 19 2024,2024-03-01,QAS,ACC-00059,RECEITA,"R$1134,22",1.114,BRL,Aquisição de material operacional - QAS,2,PIX,PAGO,8564f3e9-2355-4a0a-9d3a-5a95324578cc,2024-04-05,ERP_CORPORATIVO,TRANSACOES_FINANCEIRAS,11532,5da1b63d546e07fa596d7e0ca1ae4f57602033cf3f3fa39ef7a0a7891ce9441b
TR-11533,03-25-2024,2024-03-01,ATD,ACC-00059,RECEITA,1356.21,"R$ 1.303,50",BRL,Taxas bancárias incidentes em ATD,22,TRANSFERENCIA,PAGO,8564f3e9-2355-4a0a-9d3a-5a95324578cc,2024-04-05,ERP_CORPORATIVO,TRANSACOES_FINANCEIRAS,11533,1eee5b1da5b415edea0d3e54f63c227a43f644ca8029ae713a43c8ea416fd73b
TR-11534,25/03/2024,2024-03-01,QAS,ACC-00059,DESPESA,1094.64,"R$1094,64",BRL,Despesa operacional - QAS,8,PIX,PAGO,8564f3e9-2355-4a0a-9d3a-5a95324578cc,2024-04-05,ERP_CORPORATIVO,TRANSACOES_FINANCEIRAS,11534,751824bc3d9bfe62e9c0b076e6d06ca0ed8e11820943c75064a67cfed9ea1a84
TR-12083,11/03/24,2024-03-01,RH,FORN-00063,RECEITA,6983,"R$ 6.983,43",BRL,Despesa de RH - RH,6,TRANSFERENCIA,PAGO,8564f3e9-2355-4a0a-9d3a-5a95324578cc,2024-04-05,ERP_CORPORATIVO,TRANSACOES_FINANCEIRAS,12083,a1187ed2d1d70c47f59f9a5591dcd570f3b0382c39667dc6e97260a83c23ddd9
TR-12084,04-03-2024,2024-03-01,OP,FORN-00063,RECEITA,"8.799,88",8551,BRL,Custo operacional associado a OP,8,TRANSFERENCIA,PAGO,8564f3e9-2355-4a0a-9d3a-5a95324578cc,2024-04-05,ERP_CORPORATIVO,TRANSACOES_FINANCEIRAS,12084,e0f7d6eb6b67a96efa3501852ba2779acc243223ba8b3dc3dbeed8e58e311c73
TR-12085,15/03/24,2024-03-01,FIN,FORN-00063,DESPESA,"R$ 8.708,66",8708.66,BRL,Despesa operacional - FIN,8,TED,PAGO,8564f3e9-2355-4a0a-9d3a-5a95324578cc,2024-04-05,ERP_CORPORATIVO,TRANSACOES_FINANCEIRAS,12085,e7047605153a6b30b7b2c57de1930ec268b36524d9c35eae80146ce19e0c8011
TR-12086,2024-03-13,2024-03-01,COM,FORN-00063,DESPESA,"9.634,67",9635,BRL,Aquisição de material operacional - COM,2,PIX,PAGO,8564f3e9-2355-4a0a-9d3a-5a95324578cc,2024-04-05,ERP_CORPORATIVO,TRANSACOES_FINANCEIRAS,12086,0091fe711d47fb12ae15c8369c1c64c1585b67c10357b6d49fc76f1626485bae
TR-12087,14/03/2024,2024-03-01,OP,FORN-00063,RECEITA,9794.26,9794,BRL,Aquisição de material operacional - OP,2,PIX,PAGO,8564f3e9-2355-4a0a-9d3a-5a95324578cc,2024-04-05,ERP_CORPORATIVO,TRANSACOES_FINANCEIRAS,12087,c962a042c92c1a08619ead0dc0c5dedef45999942345d396d2f65e570eb68e95
TR-12088,04-03-2024,2024-03-01,OP,FORN-00063,RECEITA,6894.28,6759.12,BRL,Compra de insumos para setor OP,2,TRANSFERENCIA,ATRASADO,8564f3e9-2355-4a0a-9d3a-5a95324578cc,2024-04-05,ERP_CORPORATIVO,TRANSACOES_FINANCEIRAS,12088,8cdd2e33e14447610d1a0fa2fff99a357895c31eb6a5080de4378107a0103fa3
TR-12089,13/03/2024,2024-03-01,OP,FORN-00063,RECEITA,7.925,"R$7550,05",BRL,Locação de espaço comercial - OP,31,TED,PAGO,8564f3e9-2355-4a0a-9d3a-5a95324578cc,2024-04-05,ERP_CORPORATIVO,TRANSACOES_FINANCEIRAS,12089,84a062eab6304518ddcd17217e5808052ae479b8ef3bb5da933da549b5939433
TR-12090,05/03/24,2024-03-01,TI,FORN-00063,RECEITA,8253,8.253,BRL,Capacitação profissional vinculada a TI,30,TRANSFERENCIA,PAGO,8564f3e9-2355-4a0a-9d3a-5a95324578cc,2024-04-05,ERP_CORPORATIVO,TRANSACOES_FINANCEIRAS,12090,f091d2748226575e5e1c8850acea20a788e42130a2943495d9ae7d13b9949a39
TR-12091,03-25-2024,2024-03-01,PRD,FORN-00063,RECEITA,8.861,8861.45,BRL,Certificado digital adquirido por PRD,26,PIX,PAGO,8564f3e9-2355-4a0a-9d3a-5a95324578cc,2024-04-05,ERP_CORPORATIVO,TRANSACOES_FINANCEIRAS,12091,3983304a971c03d8234736fac045a27361827a507f92cd3a94b5dea75f4808f1
TR-12092,15-03-2024,2024-03-01,ESG,FORN-00063,RECEITA,9283.05,8833,BRL,Campanha institucional - ESG,4,BOLETO,ATRASADO,8564f3e9-2355-4a0a-9d3a-5a95324578cc,2024-04-05,ERP_CORPORATIVO,TRANSACOES_FINANCEIRAS,12092,43a03f40532f7e2e5925c124afdcbd175acaccc67ed438fdba9a10538d303191
TR-12328,2024/03/05,2024-03-01,COMP,1000064,DESPESA,"R$ 1.766,00",1766.00,BRL,Imposto sobre venda apurado em COMP,40,PIX,PAGO,8564f3e9-2355-4a0a-9d3a-5a95324578cc,2024-04-05,ERP_CORPORATIVO,TRANSACOES_FINANCEIRAS,12328,6348253505e78399ec096e0863726e7589bf5cd767ac322658bba5894dc88f35
TR-12329,03-18-2024,2024-03-01,JUR,1000064,DESPESA,2291.80,"R$2291,80",BRL,Compra de insumos para setor JUR,2,PIX,PAGO,8564f3e9-2355-4a0a-9d3a-5a95324578cc,2024-04-05,ERP_CORPORATIVO,TRANSACOES_FINANCEIRAS,12329,0815cc36afc3ab7d642968aa4375f5aabc9613e5e87ddea7c25eb8289c11ed10
TR-12330,15-03-2024,2024-03-01,RH,1000064,DESPESA,"R$1805,07","R$ 1.742,50",BRL,Alimentação em viagem corporativa - RH,20,PIX,PAGO,8564f3e9-2355-4a0a-9d3a-5a95324578cc,2024-04-05,ERP_CORPORATIVO,TRANSACOES_FINANCEIRAS,12330,29121c87751a4c6c90abe627ab9004ba954142eb073bce661a94a064281f4b04
TR-12331,13-03-2024,2024-03-01,ADM,1000064,DESPESA,"1.817,07","R$ 1.817,07",BRL,Atendimento de TI requisitado por ADM,29,TED,PAGO,8564f3e9-2355-4a0a-9d3a-5a95324578cc,2024-04-05,ERP_CORPORATIVO,TRANSACOES_FINANCEIRAS,12331,d0d931bf5925346490483b6ea5ab68db35a3d3c23af5db76f2bb58bb6135b9d5
TR-12332,19-03-2024,2024-03-01,MKT,1000064,RECEITA,"1.781,20",1.781,BRL,Custo operacional associado a MKT,8,BOLETO,PAGO,8564f3e9-2355-4a0a-9d3a-5a95324578cc,2024-04-05,ERP_CORPORATIVO,TRANSACOES_FINANCEIRAS,12332,ab1099e71e6f6bb4140e8168f312f52e7cd16136109b88ca5de346f4eb1b7e64
TR-12333,Mar 19 2024,2024-03-01,COM,1000064,RECEITA,"R$ 1.617,54",1.618,BRL,Serviço de tecnologia contratado por COM,5,CARTAO,PAGO,8564f3e9-2355-4a0a-9d3a-5a95324578cc,2024-04-05,ERP_CORPORATIVO,TRANSACOES_FINANCEIRAS,12333,d14f747888caa792c83b042f75651cc263bfefaffb5bff8cdbef65b7e9c4de94
TR-12334,12-03-2024,2024-03-01,COMP,1000064,RECEITA,"R$2094,58",2094.58,BRL,Encargos de empréstimo vinculados a COMP,23,BOLETO,PAGO,8564f3e9-2355-4a0a-9d3a-5a95324578cc,2024-04-05,ERP_CORPORATIVO,TRANSACOES_FINANCEIRAS,12334,4ab52f9ac257befaf39a22bf2b692611a36afc518b9e4d2f76a14c285bbfdfc1
TR-12335,2024/03/05,2024-03-01,ATD,1000064,RECEITA,"R$ 1.852,30",1795.83,BRL,Alienação de bem patrimonial - ATD,35,PIX,CANCELADO,8564f3e9-2355-4a0a-9d3a-5a95324578cc,2024-04-05,ERP_CORPORATIVO,TRANSACOES_FINANCEIRAS,12335,821daad021ab5e7997110aa485458718cb3409d32aff3688e6ba3401b7e513ca
TR-12336,03-11-2024,2024-03-01,COM,1000064,DESPESA,1.953,1883.13,BRL,Despesa de refeição em deslocamento (COM),20,BOLETO,PAGO,8564f3e9-2355-4a0a-9d3a-5a95324578cc,2024-04-05,ERP_CORPORATIVO,TRANSACOES_FINANCEIRAS,12336,d4f0a68300f58ef0f3648a535eadb6bb69f14d72c65796dd4af1cd41846fdcae
TR-12337,2024-03-25,2024-03-01,RH,1000064,RECEITA,"R$2155,94","2.155,94",BRL,Contrato de serviço - setor RH,1,PIX,PAGO,8564f3e9-2355-4a0a-9d3a-5a95324578cc,2024-04-05,ERP_CORPORATIVO,TRANSACOES_FINANCEIRAS,12337,b9c1cb526ef98a294262943fda6b90f52922918f548deb33510ff84013f4af70
TR-12338,2024/03/11,2024-03-01,ATD,1000064,DESPESA,"R$ 1.810,50",1811,USD,Tarifas de serviços financeiros - ATD,22,PIX,PAGO,8564f3e9-2355-4a0a-9d3a-5a95324578cc,2024-04-05,ERP_CORPORATIVO,TRANSACOES_FINANCEIRAS,12338,7fba15edc0973579fc31ab95f1c2ef1d497865e9c13a3e14c134ff0db1a86158
TR-12339,2024-03-08,2024-03-01,RH,1000064,DESPESA,1817.47,1761,BRL,Manutenção preventiva de veículos - RH,17,BOLETO,PAGO,8564f3e9-2355-4a0a-9d3a-5a95324578cc,2024-04-05,ERP_CORPORATIVO,TRANSACOES_FINANCEIRAS,12339,640b77dd693a5d29f87a67d5af114c27a76e489cad799dccdfc8ef444841d243
TR-12340,03-25-2024,2024-03-01,OP,1000064,RECEITA,1861,"R$1792,67",BRL,Serviço de tecnologia contratado por OP,5,TED,ATRASADO,8564f3e9-2355-4a0a-9d3a-5a95324578cc,2024-04-05,ERP_CORPORATIVO,TRANSACOES_FINANCEIRAS,12340,b2180e9c1786d6aa2ae6fe02069f96122ed317d3d3471391e6f9b64360eab0b9
TR-12341,04/03/24,2024-03-01,ADM,1000064,DESPESA,"R$1613,54",1.614,BRL,Contrato de conectividade para área ADM,9,PIX,PAGO,8564f3e9-2355-4a0a-9d3a-5a95324578cc,2024-04-05,ERP_CORPORATIVO,TRANSACOES_FINANCEIRAS,12341,8e7b5a81f38945a6452540a9de079eacc991c964925f17064f7274b741d1fad2
TR-12342,Mar 21 2024,2024-03-01,COM,1000064,DESPESA,"1.527,81","R$ 1.527,81",BRL,Despesa de infraestrutura - COM,3,TRANSFERENCIA,ATRASADO,8564f3e9-2355-4a0a-9d3a-5a95324578cc,2024-04-05,ERP_CORPORATIVO,TRANSACOES_FINANCEIRAS,12342,d24d9523878bb5edda172031538463dbb37d2fb1a76c1753d294ae6785e4846a
TR-12529,Mar 18 2024,2024-03-01,VND,1000065,DESPESA,"1.498,08","R$1498,08",BRL,Campanha institucional - VND,4,BOLETO,PAGO,8564f3e9-2355-4a0a-9d3a-5a95324578cc,2024-04-05,ERP_CORPORATIVO,TRANSACOES_FINANCEIRAS,12529,3cb5df3202915bce60f3ffed2295b8d11d6f5381c55f02c505340e442b95a51f
TR-12530,Mar 11 2024,2024-03-01,OP,1000065,DESPESA,3182.36,"R$3137,81",BRL,Despesa de refeição em deslocamento (OP),20,CARTAO,ATRASADO,8564f3e9-2355-4a0a-9d3a-5a95324578cc,2024-04-05,ERP_CORPORATIVO,TRANSACOES_FINANCEIRAS,12530,003a92e34fe419d168beed242e532640441babfeba2ee0dba2df852060c53248
TR-12531,2024-03-22,2024-03-01,PES,1000065,RECEITA,2892,"R$2815,66",BRL,Manutenção estrutural vinculada à área PES,3,PIX,PAGO,8564f3e9-2355-4a0a-9d3a-5a95324578cc,2024-04-05,ERP_CORPORATIVO,TRANSACOES_FINANCEIRAS,12531,0c1bab4ecff4af125c17465923c0a1c6c2722d7881fa3d1ebafe2e2e2fce8711
TR-12532,2024/03/18,2024-03-01,OP,1000065,DESPESA,"R$5580,69","R$ 5.580,69",USD,Combustível e lubrificantes para frota (OP),16,TRANSFERENCIA,PAGO,8564f3e9-2355-4a0a-9d3a-5a95324578cc,2024-04-05,ERP_CORPORATIVO,TRANSACOES_FINANCEIRAS,12532,a967ca6fa18dd9507e56c652185d498a70034c14fe306f40bd1ceaeddc4a16b3
TR-12533,22/03/2024,2024-03-01,JUR,1000065,DESPESA,"R$ 2.881,64","R$ 2.881,64",BRL,Seguro contratado pela área JUR,21,BOLETO,CANCELADO,8564f3e9-2355-4a0a-9d3a-5a95324578cc,2024-04-05,ERP_CORPORATIVO,TRANSACOES_FINANCEIRAS,12533,e2967ffdca7e55585b0c5dead5ad14a6e81e3ef6578e4786fa438af19e9cffd0
TR-12534,Mar 14 2024,2024-03-01,FIN,1000065,DESPESA,3.098,"R$ 3.098,35",BRL,Honorários jurídicos - FIN,7,PIX,PAGO,8564f3e9-2355-4a0a-9d3a-5a95324578cc,2024-04-05,ERP_CORPORATIVO,TRANSACOES_FINANCEIRAS,12534,2f1f720ad4b2b253c8a1b159b9e9f734c3cad085104c2757064c4ccd7b333cd1
TR-12535,2024-03-18,2024-03-01,PES,1000065,DESPESA,3033,2992,BRL,Serviço especializado solicitado por PES,1,TED,ATRASADO,8564f3e9-2355-4a0a-9d3a-5a95324578cc,2024-04-05,ERP_CORPORATIVO,TRANSACOES_FINANCEIRAS,12535,0e043dda92fb95128e486db2b841d8d3c4be883413fa0119232662d33ffb4243
TR-12536,03-11-2024,2024-03-01,JUR,1000065,DESPESA,2699.82,"2.699,82",BRL,Direitos de propriedade intelectual - JUR,32,TRANSFERENCIA,PAGO,8564f3e9-2355-4a0a-9d3a-5a95324578cc,2024-04-05,ERP_CORPORATIVO,TRANSACOES_FINANCEIRAS,12536,5576d4b7af20df1dcf65acceb2d0ef8e15e311f995b757043a682e9aa86e0e68
TR-12537,07/03/24,2024-03-01,COMP,1000065,RECEITA,"R$ 2.810,42","R$2713,28",BRL,Produção de material gráfico - COMP,15,PIX,ATRASADO,8564f3e9-2355-4a0a-9d3a-5a95324578cc,2024-04-05,ERP_CORPORATIVO,TRANSACOES_FINANCEIRAS,12537,46c16e52905bf71dfa5204dbe52ffb7fc6246d235630600a0dbe417e75a6ba70
TR-13443,2024/03/21,2024-03-01,MKT,ACC-00069,RECEITA,"R$ 5.964,96","R$ 5.964,96",BRL,Despesa de refeição em deslocamento (MKT),20,BOLETO,CANCELADO,8564f3e9-2355-4a0a-9d3a-5a95324578cc,2024-04-05,ERP_CORPORATIVO,TRANSACOES_FINANCEIRAS,13443,1f01afd7cfe103031886ba13b2a9f006830f34f73b616b542c2128078ab67e07
TR-13444,Mar 11 2024,2024-03-01,LOG,ACC-00069,DESPESA,"R$ 5.512,79",5.513,BRL,Honorários profissionais contratados por LOG,11,TED,PAGO,8564f3e9-2355-4a0a-9d3a-5a95324578cc,2024-04-05,ERP_CORPORATIVO,TRANSACOES_FINANCEIRAS,13444,f956b180d667bc4cf1ba8552c85c57012184fc43d40499bea648975a45fd6fd9
TR-13445,07-03-2024,2024-03-01,COMP,ACC-00069,DESPESA,"R$6752,23",6752.23,BRL,Serviço especializado solicitado por COMP,1,TRANSFERENCIA,PAGO,8564f3e9-2355-4a0a-9d3a-5a95324578cc,2024-04-05,ERP_CORPORATIVO,TRANSACOES_FINANCEIRAS,13445,f9400580b7be7b6d55c126639c621931edcc517728606b3f2ce13846da731d6a
TR-13446,2024/03/18,2024-03-01,MKT,ACC-00069,DESPESA,19632,19632.27,USD,Reparo de frota vinculado à área MKT,17,TRANSFERENCIA,CANCELADO,8564f3e9-2355-4a0a-9d3a-5a95324578cc,2024-04-05,ERP_CORPORATIVO,TRANSACOES_FINANCEIRAS,13446,9398dba317ea4eae5ad4a8bf7104898ae6e15270433b103a6553fa506349ebed
TR-13447,2024-03-26,2024-03-01,ESG,ACC-00069,DESPESA,"R$ 5.470,04",5.470,BRL,Despesa operacional - ESG,8,PIX,PAGO,8564f3e9-2355-4a0a-9d3a-5a95324578cc,2024-04-05,ERP_CORPORATIVO,TRANSACOES_FINANCEIRAS,13447,f0979e4fedf391747270123badb0065131da7f2f090d844fb12ec9b8e65f16da
TR-13448,03-11-2024,2024-03-01,TI,ACC-00069,RECEITA,6572,6.572,EUR,Passagem aérea para colaborador de TI,18,BOLETO,PAGO,8564f3e9-2355-4a0a-9d3a-5a95324578cc,2024-04-05,ERP_CORPORATIVO,TRANSACOES_FINANCEIRAS,13448,1608ee4de9cfe061b3e6346a5de96cdaf22d1179519a52892c22ce9d28f61b6f
TR-13449,03-18-2024,2024-03-01,JUR,ACC-00069,DESPESA,"R$5622,50",5.622,BRL,Contrato de consultoria externa - JUR,12,TED,PAGO,8564f3e9-2355-4a0a-9d3a-5a95324578cc,2024-04-05,ERP_CORPORATIVO,TRANSACOES_FINANCEIRAS,13449,16fe13db1acddcb7b27d87ceb4b441f49f8609d7444c14320ec87f9558d75c35
TR-13450,19/03/2024,2024-03-01,OP,ACC-00069,RECEITA,5251.16,"5.251,16",BRL,Compra de insumos para setor OP,2,TRANSFERENCIA,PAGO,8564f3e9-2355-4a0a-9d3a-5a95324578cc,2024-04-05,ERP_CORPORATIVO,TRANSACOES_FINANCEIRAS,13450,edd5df035bef36847c3260a2e754142aea317f29242c5dc9b73820f6a4d6caf9
TR-13451,12/03/2024,2024-03-01,FIN,ACC-00069,RECEITA,6.856,6855.63,BRL,Estorno de receita - FIN,39,TED,PAGO,8564f3e9-2355-4a0a-9d3a-5a95324578cc,2024-04-05,ERP_CORPORATIVO,TRANSACOES_FINANCEIRAS,13451,d7ea77306d70a83e65c156b9aeac2cab46b0edac296742b6b30306db07529c5b
TR-13620,22/03/2024,2024-03-01,JUR,1000069,DESPESA,2077,"2.077,05",BRL,Compra de insumos para setor JUR,2,PIX,PAGO,8564f3e9-2355-4a0a-9d3a-5a95324578cc,2024-04-05,ERP_CORPORATIVO,TRANSACOES_FINANCEIRAS,13620,9f4f7d6631e908c26be5ebe655ee65d8e3318fbbbebb8e845f7ec9524bbd3dcb
TR-13621,07-03-2024,2024-03-01,FIN,1000069,DESPESA,"R$2007,86","R$ 2.007,86",BRL,Despesa de RH - FIN,6,PIX,PAGO,8564f3e9-2355-4a0a-9d3a-5a95324578cc,2024-04-05,ERP_CORPORATIVO,TRANSACOES_FINANCEIRAS,13621,9e422f065f6b392a1d192bed5b065dad0464be87fb3104cd8c1ffd942df1d140
TR-13622,2024/03/11,2024-03-01,OP,1000069,RECEITA,2046.18,1954.76,USD,Material de marketing solicitado por OP,15,TED,PAGO,8564f3e9-2355-4a0a-9d3a-5a95324578cc,2024-04-05,ERP_CORPORATIVO,TRANSACOES_FINANCEIRAS,13622,7d9bcc032c6a8de8244b0f8ff68786641bc7d9f3886ba559cdf6cc1d92dfc07b
TR-13623,Mar 04 2024,2024-03-01,OP,1000069,DESPESA,1563,1.514,BRL,Serviços contábeis externos - OP,25,PIX,PAGO,8564f3e9-2355-4a0a-9d3a-5a95324578cc,2024-04-05,ERP_CORPORATIVO,TRANSACOES_FINANCEIRAS,13623,db1436afd2afc4bf61a4631381cb9ae2ef41512e4107c1141c3ab4a785972a9b
TR-13624,2024/03/08,2024-03-01,COM,1000069,DESPESA,1894.15,"1.894,15",BRL,Taxas bancárias incidentes em COM,22,CARTAO,PAGO,8564f3e9-2355-4a0a-9d3a-5a95324578cc,2024-04-05,ERP_CORPORATIVO,TRANSACOES_FINANCEIRAS,13624,a7f29828d2d21f7cdeda4e91aea06aa930666cf8aa83d155a27ed9adfcbfee68
TR-13625,18/03/2024,2024-03-01,COM,1000069,DESPESA,2.103,2015,BRL,Serviço de tecnologia contratado por COM,5,TRANSFERENCIA,PAGO,8564f3e9-2355-4a0a-9d3a-5a95324578cc,2024-04-05,ERP_CORPORATIVO,TRANSACOES_FINANCEIRAS,13625,8eba0b2ed0487d1e9621e60179ac619c4d3a7b95192329fcddcb1490205b5f49
TR-13626,08-03-2024,2024-03-01,FIN,1000069,DESPESA,"1.532,97",1505.71,BRL,Aquisição de material operacional - FIN,2,TRANSFERENCIA,PAGO,8564f3e9-2355-4a0a-9d3a-5a95324578cc,2024-04-05,ERP_CORPORATIVO,TRANSACOES_FINANCEIRAS,13626,e69ed7b6b6c25024d80571d1be694abeb2d8c9d1e3b2c8c1f425ea2e14f2e455
TR-13627,03-21-2024,2024-03-01,MKT,1000069,RECEITA,1.650,"R$1650,21",BRL,Receita eventual registrada em MKT,37,TRANSFERENCIA,PAGO,8564f3e9-2355-4a0a-9d3a-5a95324578cc,2024-04-05,ERP_CORPORATIVO,TRANSACOES_FINANCEIRAS,13627,9dfcf2f7fc19416b69dbdfafc6b788959b35aa95786317994245f2226bd5b924
TR-13628,12/03/24,2024-03-01,COM,1000069,DESPESA,"R$1624,59",1.625,BRL,Abatimento comercial registrado em COM,38,PIX,PAGO,8564f3e9-2355-4a0a-9d3a-5a95324578cc,2024-04-05,ERP_CORPORATIVO,TRANSACOES_FINANCEIRAS,13628,d6830a7d961eff855964b8670b13809aea8548a0c36b771a7f122afd1ac69ae4
TR-13629,14/03/2024,2024-03-01,FIN,1000069,RECEITA,"2.070,35",2.017,BRL,Contrato de serviço - setor FIN,1,TRANSFERENCIA,PAGO,8564f3e9-2355-4a0a-9d3a-5a95324578cc,2024-04-05,ERP_CORPORATIVO,TRANSACOES_FINANCEIRAS,13629,4c4bba9e08cb5f1fbd5640b8aa0d55ac1c6243fca5f52c5a1a91470f261598d6
TR-13784,03-08-2024,2024-03-01,OP,1000070,DESPESA,"2.408,36","R$ 2.408,36",BRL,Investimento em marketing corporativo (OP),4,PIX,PAGO,8564f3e9-2355-4a0a-9d3a-5a95324578cc,2024-04-05,ERP_CORPORATIVO,TRANSACOES_FINANCEIRAS,13784,0bd45abcac01f37baed9a46c53e7bd13c093ea0e9e8b3f70797893d1f2eb30bb
TR-13785,2024-03-06,2024-03-01,FIN,1000070,DESPESA,"R$ 2.014,64","2.014,64",BRL,Serviço especializado solicitado por FIN,1,TED,PAGO,8564f3e9-2355-4a0a-9d3a-5a95324578cc,2024-04-05,ERP_CORPORATIVO,TRANSACOES_FINANCEIRAS,13785,347f4c830fd829a10aa6edb93af500ed37191f34c3ce62f51fba0e56f69fc62a
TR-13786,2024/03/14,2024-03-01,MKT,1000070,DESPESA,2194,"R$ 2.128,99",BRL,Reparo de frota vinculado à área MKT,17,TED,PAGO,8564f3e9-2355-4a0a-9d3a-5a95324578cc,2024-04-05,ERP_CORPORATIVO,TRANSACOES_FINANCEIRAS,13786,a3a60e7e5db5e4331b1720093872e1f709359e800b7c1a44db74f1dbf78d2d39
TR-13787,14-03-2024,2024-03-01,CTB,1000070,DESPESA,"R$ 2.206,89",2207,BRL,Serviço relacionado a recursos humanos (CTB),6,TED,PAGO,8564f3e9-2355-4a0a-9d3a-5a95324578cc,2024-04-05,ERP_CORPORATIVO,TRANSACOES_FINANCEIRAS,13787,cbc4dcd49600358abb0fc4c5524fc406e040ca8ee41d39629d8e6b25ca66948b
TR-13788,18/03/24,2024-03-01,ADM,1000070,DESPESA,2060.87,"R$2060,87",BRL,Licenciamento de software - ADM,5,PIX,PAGO,8564f3e9-2355-4a0a-9d3a-5a95324578cc,2024-04-05,ERP_CORPORATIVO,TRANSACOES_FINANCEIRAS,13788,7c78cdacafc7b1b9715b6036831614b3a055a978e998bdb6a11137bcd69c761c
TR-13789,26/03/2024,2024-03-01,TI,1000070,DESPESA,"R$2239,36",2239,BRL,Compra de insumos para setor TI,2,BOLETO,PAGO,8564f3e9-2355-4a0a-9d3a-5a95324578cc,2024-04-05,ERP_CORPORATIVO,TRANSACOES_FINANCEIRAS,13789,49cd4d5184ec2b087af7556f964bdfba3fae1a8cb6e11be9d0e9901125a4e5be
TR-13790,06-03-2024,2024-03-01,LOG,1000070,DESPESA,"R$1798,41","R$ 1.798,41",BRL,Despesa de RH - LOG,6,CARTAO,PAGO,8564f3e9-2355-4a0a-9d3a-5a95324578cc,2024-04-05,ERP_CORPORATIVO,TRANSACOES_FINANCEIRAS,13790,2f15238889f1d1d5d8951f9173e846663725cbe9e4aef88c6293316722e9763e
TR-13791,25/03/24,2024-03-01,PJT,1000070,DESPESA,2202.61,2202.61,BRL,Combustível e lubrificantes para frota (PJT),16,PIX,PAGO,8564f3e9-2355-4a0a-9d3a-5a95324578cc,2024-04-05,ERP_CORPORATIVO,TRANSACOES_FINANCEIRAS,13791,a71d46eee2f012fee95bfcc536cef47d5f67b19bc4dea445cb18ea7db2839fda
TR-13792,2024-03-19,2024-03-01,FIN,1000070,RECEITA,2323.35,2323.35,EUR,Evento corporativo organizado por FIN,14,PIX,PAGO,8564f3e9-2355-4a0a-9d3a-5a95324578cc,2024-04-05,ERP_CORPORATIVO,TRANSACOES_FINANCEIRAS,13792,406f0aa2dbae6eea0e3d1dd6a6c4b2963b04ab8bec99ba98ee5ce3a63bf73084
TR-13793,2024-03-11,2024-03-01,PES,1000070,RECEITA,"R$ 2.044,19","R$ 1.951,88",BRL,Estorno de receita - PES,39,TED,PAGO,8564f3e9-2355-4a0a-9d3a-5a95324578cc,2024-04-05,ERP_CORPORATIVO,TRANSACOES_FINANCEIRAS,13793,cac26837cf6c83f82a10bab6c3cb7f560cf04e2a6b0b208276e1d99105bd02f3
TR-13794,2024/03/25,2024-03-01,FIN,1000070,RECEITA,2.270,"R$2270,03",BRL,Publicidade institucional - FIN,13,BOLETO,PAGO,8564f3e9-2355-4a0a-9d3a-5a95324578cc,2024-04-05,ERP_CORPORATIVO,TRANSACOES_FINANCEIRAS,13794,8cd85c2cba6e681fcb5347152923cac11ab9f8997207bf6304cfe5662b0e7d85
TR-13795,04-03-2024,2024-03-01,COM,1000070,RECEITA,"R$2256,56","R$2256,56",BRL,Receita de aluguel creditada em COM,31,CARTAO,PAGO,8564f3e9-2355-4a0a-9d3a-5a95324578cc,2024-04-05,ERP_CORPORATIVO,TRANSACOES_FINANCEIRAS,13795,650d7f798ddda5455ab450a0ade7973f6ecc716ddb8d1ceca8da22c4f688cb7f
TR-13796,28/03/2024,2024-03-01,COMP,1000070,DESPESA,"R$ 2.265,64","R$ 2.265,64",BRL,Recebimento de subvenção - COMP,36,TED,PAGO,8564f3e9-2355-4a0a-9d3a-5a95324578cc,2024-04-05,ERP_CORPORATIVO,TRANSACOES_FINANCEIRAS,13796,0a87230b67b747a2351fffc8a9ecaa1ff0a67fc681eb9075bd451b13bf9f8513
TR-13797,03-20-2024,2024-03-01,ATD,1000070,RECEITA,"R$ 1.942,57",1942.57,BRL,Compra de insumos para setor ATD,2,BOLETO,PAGO,8564f3e9-2355-4a0a-9d3a-5a95324578cc,2024-04-05,ERP_CORPORATIVO,TRANSACOES_FINANCEIRAS,13797,e1a4e2704251958207510c29ab408fe474c1dc21515e1df217442438d49485ba
TR-13798,03-12-2024,2024-03-01,JUR,1000070,RECEITA,2.243,"2.243,44",BRL,Despesa operacional - JUR,8,CARTAO,PAGO,8564f3e9-2355-4a0a-9d3a-5a95324578cc,2024-04-05,ERP_CORPORATIVO,TRANSACOES_FINANCEIRAS,13798,4e15eb84ec38719bf334ad8b40c1ff0645e3e40f5e8dd823caaf7acef29b3260
TR-13919,11/03/2024,2024-03-01,RH,1000071,RECEITA,738,"R$737,59",BRL,Manutenção estrutural vinculada à área RH,3,PIX,PAGO,8564f3e9-2355-4a0a-9d3a-5a95324578cc,2024-04-05,ERP_CORPORATIVO,TRANSACOES_FINANCEIRAS,13919,c562bdcb73abc14d28262c28d429a8b39fb09895c27c745b821cb3248182cc1a
TR-13920,Mar 11 2024,2024-03-01,QAS,1000071,DESPESA,887,"R$886,57",BRL,Promoção e atividade externa - QAS,14,TRANSFERENCIA,PAGO,8564f3e9-2355-4a0a-9d3a-5a95324578cc,2024-04-05,ERP_CORPORATIVO,TRANSACOES_FINANCEIRAS,13920,004f9190fa056537ddf768f306d5c4291e2ab44dd9d128b011707ffe83b698ce
TR-13921,03-14-2024,2024-03-01,PES,1000071,RECEITA,726,"R$ 726,39",BRL,Despesa operacional - PES,8,TRANSFERENCIA,PAGO,8564f3e9-2355-4a0a-9d3a-5a95324578cc,2024-04-05,ERP_CORPORATIVO,TRANSACOES_FINANCEIRAS,13921,60358fe16ca56e1e6435859895eefb35d5166f306ba2851384e6f59b905f8a47
TR-13922,08/03/2024,2024-03-01,QAS,1000071,RECEITA,"R$ 791,75","R$791,75",BRL,Estorno de receita - QAS,39,BOLETO,PAGO,8564f3e9-2355-4a0a-9d3a-5a95324578cc,2024-04-05,ERP_CORPORATIVO,TRANSACOES_FINANCEIRAS,13922,746ed4fae1227ce45e87caefe7132d1eaae52e083933a5e0b1bd5b3bb04d745c
TR-13923,2024/03/29,2024-03-01,OP,1000071,DESPESA,765,765,BRL,Aquisição de material operacional - OP,2,BOLETO,PAGO,8564f3e9-2355-4a0a-9d3a-5a95324578cc,2024-04-05,ERP_CORPORATIVO,TRANSACOES_FINANCEIRAS,13923,706765a0b10de3be948ebb942ffb90f6674abaeabf97e5e785da3205228098ad
TR-13924,03-11-2024,2024-03-01,COM,1000071,DESPESA,"833,65","833,65",BRL,Receita eventual registrada em COM,37,PIX,PAGO,8564f3e9-2355-4a0a-9d3a-5a95324578cc,2024-04-05,ERP_CORPORATIVO,TRANSACOES_FINANCEIRAS,13924,626ea31523a29d471465bf9d2ac36e71e4f0124bef4b06a4dcc48014b6249820
TR-13925,03-20-2024,2024-03-01,ADM,1000071,DESPESA,"808,37","R$ 808,37",BRL,Serviço especializado solicitado por ADM,1,BOLETO,PAGO,8564f3e9-2355-4a0a-9d3a-5a95324578cc,2024-04-05,ERP_CORPORATIVO,TRANSACOES_FINANCEIRAS,13925,a65344872f874364443f7287f164ee47b073a72b9fdecc146222e24416451518
TR-14244,03-18-2024,2024-03-01,JUR,1000075,DESPESA,"R$ 3.612,36",3.493,BRL,Serviço de tecnologia contratado por JUR,5,PIX,PAGO,8564f3e9-2355-4a0a-9d3a-5a95324578cc,2024-04-05,ERP_CORPORATIVO,TRANSACOES_FINANCEIRAS,14244,3b2b1a1803c17e9cc676ecbfa19320dd2641af8e09bfc5a1982b63c90aa28395
TR-14245,2024-03-21,2024-03-01,ADM,1000075,DESPESA,3595.08,3.595,BRL,Investimento em marketing corporativo (ADM),4,TRANSFERENCIA,PAGO,8564f3e9-2355-4a0a-9d3a-5a95324578cc,2024-04-05,ERP_CORPORATIVO,TRANSACOES_FINANCEIRAS,14245,55a896a53d6af2daf498e093e2c50b9c605c2a05d772e49236bf92674ee3f5ed
TR-14246,11/03/2024,2024-03-01,MKT,1000075,DESPESA,3.419,"R$ 3.418,78",BRL,Assessoria contábil prestada a MKT,25,PIX,PAGO,8564f3e9-2355-4a0a-9d3a-5a95324578cc,2024-04-05,ERP_CORPORATIVO,TRANSACOES_FINANCEIRAS,14246,e9c860fab6e803f7b7560301aa1e9bd5fe969ea6449e2725e5661af4860f58cf
TR-14247,Mar 11 2024,2024-03-01,JUR,1000075,DESPESA,3427,"R$ 3.426,98",BRL,Suporte técnico para sistemas de JUR,29,PIX,CANCELADO,8564f3e9-2355-4a0a-9d3a-5a95324578cc,2024-04-05,ERP_CORPORATIVO,TRANSACOES_FINANCEIRAS,14247,466ea6a96ca778405926565ffae69e73cfeb0a4b66346e198e5f3ec8e042dd6c
TR-14248,2024/03/14,2024-03-01,ADM,1000075,RECEITA,"4.098,12","R$ 3.996,62",USD,Serviço especializado solicitado por ADM,1,PIX,CANCELADO,8564f3e9-2355-4a0a-9d3a-5a95324578cc,2024-04-05,ERP_CORPORATIVO,TRANSACOES_FINANCEIRAS,14248,e4434ac59693128d51d556f32bae0201d43cfb181dd62962ab1a5e370a3e94e2
TR-14249,04/03/24,2024-03-01,ADM,1000075,DESPESA,"R$ 1.567,69",1.568,BRL,Investimento em marketing corporativo (ADM),4,CARTAO,ATRASADO,8564f3e9-2355-4a0a-9d3a-5a95324578cc,2024-04-05,ERP_CORPORATIVO,TRANSACOES_FINANCEIRAS,14249,ff0227447471cac90b78e5aa15b0fcb5b8643e9dfc76ad025c44ffa36fe61f13
TR-14250,2024/03/08,2024-03-01,RH,1000075,DESPESA,4083.93,4084,USD,Manutenção estrutural vinculada à área RH,3,TRANSFERENCIA,PAGO,8564f3e9-2355-4a0a-9d3a-5a95324578cc,2024-04-05,ERP_CORPORATIVO,TRANSACOES_FINANCEIRAS,14250,51ff18bbbd9342d5dccf4704699d46b670b41120319b04a937fea99310bd5c89
TR-14251,2024/03/19,2024-03-01,ATD,1000075,DESPESA,"R$ 3.985,42","R$ 3.985,42",BRL,Serviço técnico especializado para ATD,11,PIX,PAGO,8564f3e9-2355-4a0a-9d3a-5a95324578cc,2024-04-05,ERP_CORPORATIVO,TRANSACOES_FINANCEIRAS,14251,a0757eac4b252e0d642d17746b6ef1601c20cd7338174c5a175a7820e906451f
TR-14252,2024/03/12,2024-03-01,ATD,1000075,DESPESA,4308.00,"R$ 4.308,00",BRL,Hospedagem em viagem a serviço de ATD,19,PIX,PAGO,8564f3e9-2355-4a0a-9d3a-5a95324578cc,2024-04-05,ERP_CORPORATIVO,TRANSACOES_FINANCEIRAS,14252,68335657acdb7bf6b3001485e903bc7d0aa704545713206eeaa67d3fede675f2
TR-14253,2024/03/08,2024-03-01,VND,1000075,RECEITA,"R$ 3.563,06","3.448,60",BRL,Custo operacional associado a VND,8,CARTAO,PAGO,8564f3e9-2355-4a0a-9d3a-5a95324578cc,2024-04-05,ERP_CORPORATIVO,TRANSACOES_FINANCEIRAS,14253,54cd7d8e55bc71d9ee176af1649cd49a05b6ccd0291c07edba5db6982021959d
TR-14254,2024/03/22,2024-03-01,MKT,1000075,RECEITA,4.387,"R$ 4.386,59",BRL,Serviços contábeis externos - MKT,25,PIX,PAGO,8564f3e9-2355-4a0a-9d3a-5a95324578cc,2024-04-05,ERP_CORPORATIVO,TRANSACOES_FINANCEIRAS,14254,62f19c7d5c9f6d0fc900eec6fc3a3bd15fb86ff5be304ed7384fb7dcafd6bdb1
TR-14255,2024-03-18,2024-03-01,CPT,1000075,RECEITA,3.603,"R$3603,41",BRL,Contrato de conectividade para área CPT,9,BOLETO,PAGO,8564f3e9-2355-4a0a-9d3a-5a95324578cc,2024-04-05,ERP_CORPORATIVO,TRANSACOES_FINANCEIRAS,14255,c929ca9243eabcef748f5394752aa3aadfca8acf627355c3dcaaab7db47c6331
TR-14536,2024-03-19,2024-03-01,QAS,ACC-00077,DESPESA,1411.31,"R$1411,31",BRL,Manutenção estrutural vinculada à área QAS,3,TED,PAGO,8564f3e9-2355-4a0a-9d3a-5a95324578cc,2024-04-05,ERP_CORPORATIVO,TRANSACOES_FINANCEIRAS,14536,a961ce5ba79ea159b5d13f1ceec436f360015e04b485556e3ecea93fa9973e4e
TR-14537,Mar 27 2024,2024-03-01,QAS,ACC-00077,DESPESA,"R$ 1.506,23","1.506,23",BRL,Licenciamento de software - QAS,5,TRANSFERENCIA,PAGO,8564f3e9-2355-4a0a-9d3a-5a95324578cc,2024-04-05,ERP_CORPORATIVO,TRANSACOES_FINANCEIRAS,14537,a2971c77c4b4030d147b954907f4dc7646a1277b953cff1a53e351a5de5d13a0
TR-14538,11/03/2024,2024-03-01,ATD,ACC-00077,DESPESA,1.260,"1.259,83",BRL,Manutenção estrutural vinculada à área ATD,3,BOLETO,PAGO,8564f3e9-2355-4a0a-9d3a-5a95324578cc,2024-04-05,ERP_CORPORATIVO,TRANSACOES_FINANCEIRAS,14538,45f897066c6acba0f3b0a4879f12e41dd3760b5bc4399149a1b077745e6fc118
TR-14539,04/03/24,2024-03-01,SEC,ACC-00077,DESPESA,"R$ 1.644,46",1644,BRL,Imposto sobre venda apurado em SEC,40,PIX,PAGO,8564f3e9-2355-4a0a-9d3a-5a95324578cc,2024-04-05,ERP_CORPORATIVO,TRANSACOES_FINANCEIRAS,14539,2f65f39f244236d65ebcaeccb0ae1285274fe5f82281e8e75b32a845f11da8e6
TR-14540,21-03-2024,2024-03-01,PES,ACC-00077,DESPESA,"R$ 1.340,48","R$ 1.340,48",BRL,Despesa operacional - PES,8,PIX,PAGO,8564f3e9-2355-4a0a-9d3a-5a95324578cc,2024-04-05,ERP_CORPORATIVO,TRANSACOES_FINANCEIRAS,14540,a8a8e43421946920342b85cf147e0ab24e37e60d39d0e8fadf1d9874392f6e5e
TR-14541,2024-03-18,2024-03-01,CPT,ACC-00077,DESPESA,1.357,1297,USD,Receita extraordinária - CPT,37,TED,ATRASADO,8564f3e9-2355-4a0a-9d3a-5a95324578cc,2024-04-05,ERP_CORPORATIVO,TRANSACOES_FINANCEIRAS,14541,4214207abdf933b5011e30a2bc8dfb4bb44aebbc8c4194baeb743722e1100a99
TR-14729,25-03-2024,2024-03-01,TI,1000077,RECEITA,"R$7225,94","R$7152,11",BRL,Abastecimento de veículos - TI,16,TRANSFERENCIA,PAGO,8564f3e9-2355-4a0a-9d3a-5a95324578cc,2024-04-05,ERP_CORPORATIVO,TRANSACOES_FINANCEIRAS,14729,0909ee1ccd78c779dfabc75a5be856f7089c018530ea1c8acde984d15be699e2
TR-14730,03-08-2024,2024-03-01,OP,1000077,DESPESA,"7.632,18",7.632,BRL,Devolução de venda processada por OP,39,PIX,PAGO,8564f3e9-2355-4a0a-9d3a-5a95324578cc,2024-04-05,ERP_CORPORATIVO,TRANSACOES_FINANCEIRAS,14730,02b5acbc2f463331de89dad9430eebd46fe96b6053f0c10728eb4da322913a66
TR-14731,03-25-2024,2024-03-01,RH,1000077,RECEITA,"8.466,19",8466,BRL,Serviço relacionado a recursos humanos (RH),6,TED,PAGO,8564f3e9-2355-4a0a-9d3a-5a95324578cc,2024-04-05,ERP_CORPORATIVO,TRANSACOES_FINANCEIRAS,14731,29dd5fa048698290c5b24d7bc0b0f72eca1b09fd4509fee8caa2b08dddcd41e2
TR-14860,Mar 26 2024,2024-03-01,VND,ACC-00079,DESPESA,"R$ 4.078,75",4078.75,USD,Tarifas de serviços financeiros - VND,22,PIX,PAGO,8564f3e9-2355-4a0a-9d3a-5a95324578cc,2024-04-05,ERP_CORPORATIVO,TRANSACOES_FINANCEIRAS,14860,22bddc42cb119af40e075a252309d0df0502505806e98308791df9c65c581d5c
TR-14861,18/03/2024,2024-03-01,PES,ACC-00079,RECEITA,"5.437,93",5239.72,BRL,Prestação de serviço para área PES,1,TED,PAGO,8564f3e9-2355-4a0a-9d3a-5a95324578cc,2024-04-05,ERP_CORPORATIVO,TRANSACOES_FINANCEIRAS,14861,869d53029108bcc53f698b5bb350c83b1fb1328f7d452c77aece1921c72a4bc3
TR-14862,2024-03-26,2024-03-01,FIN,ACC-00079,DESPESA,4606,4605.84,BRL,Evento corporativo organizado por FIN,14,BOLETO,PAGO,8564f3e9-2355-4a0a-9d3a-5a95324578cc,2024-04-05,ERP_CORPORATIVO,TRANSACOES_FINANCEIRAS,14862,6a7f2d58e17c80e08ce0527333e633c353768fd476f549599eaf6245b298a219
TR-14863,11/03/24,2024-03-01,JUR,ACC-00079,RECEITA,3.627,"3.627,05",BRL,Despesa de RH - JUR,6,PIX,ATRASADO,8564f3e9-2355-4a0a-9d3a-5a95324578cc,2024-04-05,ERP_CORPORATIVO,TRANSACOES_FINANCEIRAS,14863,cf9a19ab7ef4716c46b237a4c00eccba9793131732f8cae1a9e808d35174f223
TR-14864,2024-03-18,2024-03-01,ESG,ACC-00079,DESPESA,"3.275,12","R$3275,12",BRL,Custo operacional associado a ESG,8,PIX,ATRASADO,8564f3e9-2355-4a0a-9d3a-5a95324578cc,2024-04-05,ERP_CORPORATIVO,TRANSACOES_FINANCEIRAS,14864,a7545a462aa3e88a6a3c180f9f9829574dadaca8f30ea7940b905a2c7260722e
TR-14865,11/03/24,2024-03-01,FIN,ACC-00079,RECEITA,"R$10588,27",10588.27,BRL,Diária de hotel para equipe FIN,19,TRANSFERENCIA,PAGO,8564f3e9-2355-4a0a-9d3a-5a95324578cc,2024-04-05,ERP_CORPORATIVO,TRANSACOES_FINANCEIRAS,14865,35747d16b4057ac889000d7abf3fb187a44c5b316c78fd977ebf41a077427c73
TR-14866,04/03/24,2024-03-01,VND,ACC-00079,RECEITA,"4.369,90","R$4369,90",BRL,Assessoria contábil prestada a VND,25,PIX,PAGO,8564f3e9-2355-4a0a-9d3a-5a95324578cc,2024-04-05,ERP_CORPORATIVO,TRANSACOES_FINANCEIRAS,14866,784fe7183734e9a8dfbc97a7538369c72f60a05e5b8bbdfabcee7d58641f0ee5
TR-14867,08/03/2024,2024-03-01,CPT,ACC-00079,RECEITA,"R$ 3.906,11",3736,BRL,Renovação de certificados digitais - CPT,26,TRANSFERENCIA,ATRASADO,8564f3e9-2355-4a0a-9d3a-5a95324578cc,2024-04-05,ERP_CORPORATIVO,TRANSACOES_FINANCEIRAS,14867,a466fdb1b5614c6d749d58ddd02eefd775c9c2bfde52f0f9d0e5c3a4f3a40630
TR-14868,19/03/2024,2024-03-01,OP,ACC-00079,DESPESA,4736.64,"R$ 4.593,80",BRL,Produção de material gráfico - OP,15,PIX,PAGO,8564f3e9-2355-4a0a-9d3a-5a95324578cc,2024-04-05,ERP_CORPORATIVO,TRANSACOES_FINANCEIRAS,14868,74b83f5be7e842600d4e67d49c8be63a88572ad52933bb9f00a058f5a1915ae0
TR-14869,22/03/24,2024-03-01,LOG,ACC-00079,DESPESA,"3.626,92","3.466,21",BRL,Reparo de hardware solicitado por LOG,28,TRANSFERENCIA,PAGO,8564f3e9-2355-4a0a-9d3a-5a95324578cc,2024-04-05,ERP_CORPORATIVO,TRANSACOES_FINANCEIRAS,14869,43b793dc3771a13fc874a82250d242324d8cce62d7028515a7acb9e4fe00c9d3
TR-14870,05-03-2024,2024-03-01,ESG,ACC-00079,RECEITA,4010.46,"4.010,46",BRL,Campanha institucional - ESG,4,BOLETO,PAGO,8564f3e9-2355-4a0a-9d3a-5a95324578cc,2024-04-05,ERP_CORPORATIVO,TRANSACOES_FINANCEIRAS,14870,1c6e0778aa29aab808f9643cf75f494aa0a5d63d834aa6495a6c4cca9cd509cd
TR-14871,13-03-2024,2024-03-01,OP,ACC-00079,DESPESA,3.879,3878.88,BRL,Taxas bancárias incidentes em OP,22,PIX,PAGO,8564f3e9-2355-4a0a-9d3a-5a95324578cc,2024-04-05,ERP_CORPORATIVO,TRANSACOES_FINANCEIRAS,14871,9fd8b866d981fe01d52602b957df37cb39c598a893675767654b82f1cbe19585
TR-14872,15/03/2024,2024-03-01,PJT,ACC-00079,DESPESA,4218.79,4.219,BRL,Receita extraordinária - PJT,37,BOLETO,PAGO,8564f3e9-2355-4a0a-9d3a-5a95324578cc,2024-04-05,ERP_CORPORATIVO,TRANSACOES_FINANCEIRAS,14872,af494e099f73620a578c4b08bcd2a77d12af79a575e39aa817c28acb4a10b167
TR-14873,2024-03-14,2024-03-01,MKT,ACC-00079,RECEITA,"4.247,79",4.248,BRL,Estorno de receita - MKT,39,BOLETO,PAGO,8564f3e9-2355-4a0a-9d3a-5a95324578cc,2024-04-05,ERP_CORPORATIVO,TRANSACOES_FINANCEIRAS,14873,66a6c52f2182f1b6113d61edc009d0503316bb25bffebb9b6f449a66d6e16046
TR-15761,2024/03/11,2024-03-01,CPT,ACC-00083,RECEITA,"R$2753,45","R$ 2.753,45",BRL,Prestação de serviço para área CPT,1,PIX,ATRASADO,8564f3e9-2355-4a0a-9d3a-5a95324578cc,2024-04-05,ERP_CORPORATIVO,TRANSACOES_FINANCEIRAS,15761,861fec8888b404062ec9032f18742826ff5e9de91008618e063c6311970f1900
TR-15762,Mar 11 2024,2024-03-01,COMP,ACC-00083,DESPESA,3121,"R$3121,35",BRL,Juros sobre operação financeira - COMP,23,BOLETO,PAGO,8564f3e9-2355-4a0a-9d3a-5a95324578cc,2024-04-05,ERP_CORPORATIVO,TRANSACOES_FINANCEIRAS,15762,72735bcc9677819c8126ae23fc1f623cbd9fc78a474cc4f6d52f4a66ea50159f
TR-15763,Mar 20 2024,2024-03-01,SEC,ACC-00083,DESPESA,"R$2966,70",2967,BRL,Despesa de refeição em deslocamento (SEC),20,CARTAO,PAGO,8564f3e9-2355-4a0a-9d3a-5a95324578cc,2024-04-05,ERP_CORPORATIVO,TRANSACOES_FINANCEIRAS,15763,8efb7a92c0a7196e26e34647710efc5f161f8b075cfd944e4b97d79d5befadff
TR-15764,18-03-2024,2024-03-01,PJT,ACC-00083,DESPESA,"R$2627,53",2584.56,BRL,Renovação de certificados digitais - PJT,26,BOLETO,PAGO,8564f3e9-2355-4a0a-9d3a-5a95324578cc,2024-04-05,ERP_CORPORATIVO,TRANSACOES_FINANCEIRAS,15764,cd7c8403e041d5ba39fe293486a3e4cf0062a090eeb23fda6b6dbee5d00c3657
TR-15765,07/03/2024,2024-03-01,JUR,ACC-00083,DESPESA,2780,"R$2688,01",BRL,Publicidade institucional - JUR,13,BOLETO,PAGO,8564f3e9-2355-4a0a-9d3a-5a95324578cc,2024-04-05,ERP_CORPORATIVO,TRANSACOES_FINANCEIRAS,15765,507d9aadc1eda43e87d676fb001a2075e41152a5bd202b27ddd65bbead4f23a3
TR-15766,2024-03-11,2024-03-01,OP,ACC-00083,RECEITA,2.616,2531,BRL,Diária de hotel para equipe OP,19,PIX,PAGO,8564f3e9-2355-4a0a-9d3a-5a95324578cc,2024-04-05,ERP_CORPORATIVO,TRANSACOES_FINANCEIRAS,15766,c6e51e076429759f622c3f04bda9684a8055671ef03f8b668e3bdf2ce0b82aab
TR-15767,03-15-2024,2024-03-01,ADM,ACC-00083,DESPESA,"2.646,48","R$2646,48",BRL,Serviço relacionado a recursos humanos (ADM),6,TRANSFERENCIA,PAGO,8564f3e9-2355-4a0a-9d3a-5a95324578cc,2024-04-05,ERP_CORPORATIVO,TRANSACOES_FINANCEIRAS,15767,815fc45e3d90c7c25df3e1c8e5a451b851fc9892d085e5436e1c368089926054
TR-15768,2024-03-22,2024-03-01,RH,ACC-00083,DESPESA,2.736,2.736,BRL,Investimento em marketing corporativo (RH),4,PIX,PAGO,8564f3e9-2355-4a0a-9d3a-5a95324578cc,2024-04-05,ERP_CORPORATIVO,TRANSACOES_FINANCEIRAS,15768,d7a70b95a47d3e04ac9cb92e156fdcccf0560ef3bb618968d00a660d6fb2f461
TR-15769,11-03-2024,2024-03-01,RH,ACC-00083,DESPESA,"R$ 3.019,47",3.019,BRL,Investimento em marketing corporativo (RH),4,TED,PAGO,8564f3e9-2355-4a0a-9d3a-5a95324578cc,2024-04-05,ERP_CORPORATIVO,TRANSACOES_FINANCEIRAS,15769,ff4b15378fdd34672bcfb0eba60e3113db345819bee0e724cebf8a498d40c8e2
TR-16088,18-03-2024,2024-03-01,ESG,FORN-00084,DESPESA,"R$ 4.465,20",4465.20,BRL,Licenciamento de software - ESG,5,CARTAO,PAGO,8564f3e9-2355-4a0a-9d3a-5a95324578cc,2024-04-05,ERP_CORPORATIVO,TRANSACOES_FINANCEIRAS,16088,a2a49db2a1451b6a1a2095d36fbe02ad9516172a4906386a9e13f3b74b9c4f67
TR-16089,2024/03/14,2024-03-01,OP,FORN-00084,DESPESA,4481.52,4.482,BRL,Serviço especializado solicitado por OP,1,BOLETO,PAGO,8564f3e9-2355-4a0a-9d3a-5a95324578cc,2024-04-05,ERP_CORPORATIVO,TRANSACOES_FINANCEIRAS,16089,15f2c5a6d72648ba78ac9dabcae2ee7392eafaf167b6b316c71fd931ba7c6019
TR-16090,22/03/24,2024-03-01,OP,FORN-00084,DESPESA,"R$4807,53",4.808,BRL,Despesa operacional - OP,8,PIX,PAGO,8564f3e9-2355-4a0a-9d3a-5a95324578cc,2024-04-05,ERP_CORPORATIVO,TRANSACOES_FINANCEIRAS,16090,0efb80799cfe6cb06d58da6f1393c6d54a0c4f2fdca76deb0a8713f790e6d7d1
TR-16091,Mar 19 2024,2024-03-01,FIN,FORN-00084,DESPESA,5.609,"R$ 5.608,85",BRL,Contrato de SaaS vinculado a FIN,27,BOLETO,PAGO,8564f3e9-2355-4a0a-9d3a-5a95324578cc,2024-04-05,ERP_CORPORATIVO,TRANSACOES_FINANCEIRAS,16091,cadf3c5e4b59107f7126abd045b78c3bd5db9fa2a64888f8122f8f96a195dcb1
TR-16092,Mar 14 2024,2024-03-01,CTB,FORN-00084,DESPESA,6487,"R$ 6.395,63",BRL,Contrato de serviço - setor CTB,1,TED,PAGO,8564f3e9-2355-4a0a-9d3a-5a95324578cc,2024-04-05,ERP_CORPORATIVO,TRANSACOES_FINANCEIRAS,16092,24bac31c5547814efe03a8935c2683e88373ba67697e8145cf6981d46e10e9ff
TR-16093,Mar 28 2024,2024-03-01,MKT,FORN-00084,RECEITA,6.662,6.662,BRL,Juros sobre operação financeira - MKT,23,TED,PAGO,8564f3e9-2355-4a0a-9d3a-5a95324578cc,2024-04-05,ERP_CORPORATIVO,TRANSACOES_FINANCEIRAS,16093,b8e982df68baf05fe508cce5137df6eeb2e7aad7224ca392cbbd0cefa2810aef
TR-16094,21-03-2024,2024-03-01,PES,FORN-00084,RECEITA,5070.58,5070.58,BRL,Receita extraordinária - PES,37,PIX,PAGO,8564f3e9-2355-4a0a-9d3a-5a95324578cc,2024-04-05,ERP_CORPORATIVO,TRANSACOES_FINANCEIRAS,16094,74d27b323ecc00b71e6a1e58c92ba2e1e02f747690e796be08e01c6897267ea2
TR-16195,2024/03/15,2024-03-01,VND,1000084,DESPESA,"3.937,85",3937.85,BRL,Reparo de frota vinculado à área VND,17,BOLETO,PAGO,8564f3e9-2355-4a0a-9d3a-5a95324578cc,2024-04-05,ERP_CORPORATIVO,TRANSACOES_FINANCEIRAS,16195,6f77662291cf7fc2b628eb7084a5471d541c727518dde39eb89658c8f9256ee7
TR-16196,11/03/24,2024-03-01,COM,1000084,RECEITA,"R$3876,69","R$3876,69",BRL,Serviço especializado solicitado por COM,1,PIX,PAGO,8564f3e9-2355-4a0a-9d3a-5a95324578cc,2024-04-05,ERP_CORPORATIVO,TRANSACOES_FINANCEIRAS,16196,f54c20cc337427f28e420704c8791a95bec093aa13b13281f16957076329bf49
TR-16197,13/03/2024,2024-03-01,COM,1000084,DESPESA,"R$3567,53",3.568,BRL,Serviço técnico especializado para COM,11,TRANSFERENCIA,CANCELADO,8564f3e9-2355-4a0a-9d3a-5a95324578cc,2024-04-05,ERP_CORPORATIVO,TRANSACOES_FINANCEIRAS,16197,17f7afe9e0803a030fb3b800f25036ad3fab9719a0cd1eea1d02a0fd3c0173bd
TR-16198,15-03-2024,2024-03-01,CPT,1000084,DESPESA,3.860,3.806,BRL,Aquisição de material operacional - CPT,2,CARTAO,PAGO,8564f3e9-2355-4a0a-9d3a-5a95324578cc,2024-04-05,ERP_CORPORATIVO,TRANSACOES_FINANCEIRAS,16198,36ebf071bcd2a463e37142863f67d937b6e035388c24c5b1bc073c2fb2eaa6e3
TR-16199,2024/03/06,2024-03-01,COMP,1000084,DESPESA,3474.30,"3.474,30",BRL,Treinamento corporativo para equipe COMP,30,PIX,CANCELADO,8564f3e9-2355-4a0a-9d3a-5a95324578cc,2024-04-05,ERP_CORPORATIVO,TRANSACOES_FINANCEIRAS,16199,f4da399550f3b36635d167fd52cc26b7caf4e26ba58012f3ec4db7d9b7799288
TR-16200,11-03-2024,2024-03-01,PJT,1000084,RECEITA,"R$ 3.329,30","R$3329,30",BRL,Serviço técnico especializado para PJT,11,TRANSFERENCIA,PAGO,8564f3e9-2355-4a0a-9d3a-5a95324578cc,2024-04-05,ERP_CORPORATIVO,TRANSACOES_FINANCEIRAS,16200,0e4ddcb61325c7fac8adfd1eb2ad8459beef6466c2474fc12285ee0cec1b03b1
TR-16201,03-14-2024,2024-03-01,OP,1000084,DESPESA,4087,"R$ 4.086,71",BRL,Aquisição de material operacional - OP,2,PIX,PAGO,8564f3e9-2355-4a0a-9d3a-5a95324578cc,2024-04-05,ERP_CORPORATIVO,TRANSACOES_FINANCEIRAS,16201,c400b197d6de91dbc4fbbcdf24c2bf5e002619bc2967101b8331d3b90048c4e1
TR-16202,18/03/2024,2024-03-01,MKT,1000084,DESPESA,"4.113,70","R$ 4.113,70",BRL,Manutenção estrutural vinculada à área MKT,3,TED,PAGO,8564f3e9-2355-4a0a-9d3a-5a95324578cc,2024-04-05,ERP_CORPORATIVO,TRANSACOES_FINANCEIRAS,16202,a0ece6703300f450bc920fa565d8f97026190c165831a8905782b5247af0fbe5
TR-16203,18/03/2024,2024-03-01,COMP,1000084,RECEITA,3.378,3378.35,BRL,Contrato de consultoria externa - COMP,12,TED,PAGO,8564f3e9-2355-4a0a-9d3a-5a95324578cc,2024-04-05,ERP_CORPORATIVO,TRANSACOES_FINANCEIRAS,16203,2e29c61bc47977a613a7ebd754fc4ee853b40a6cc020604892ca573b66a2c1e7
TR-16484,03-25-2024,2024-03-01,CTB,1000085,DESPESA,2.886,2886,BRL,Passagem aérea para colaborador de CTB,18,BOLETO,PAGO,8564f3e9-2355-4a0a-9d3a-5a95324578cc,2024-04-05,ERP_CORPORATIVO,TRANSACOES_FINANCEIRAS,16484,06e229f5b05ff22a70244ad6a1af1f027535872b6ea974aa26680caf73030060
TR-16485,2024/03/11,2024-03-01,OP,1000085,RECEITA,10289,10159,USD,Abastecimento de veículos - OP,16,CARTAO,ATRASADO,8564f3e9-2355-4a0a-9d3a-5a95324578cc,2024-04-05,ERP_CORPORATIVO,TRANSACOES_FINANCEIRAS,16485,bb8bac71f842832502b8920cd62b07476b3ad46835fd64e2251f6b0df5befb9f
TR-16486,2024-03-18,2024-03-01,TI,1000085,RECEITA,"R$ 2.386,06",2.386,USD,Contrato de SaaS vinculado a TI,27,TED,PAGO,8564f3e9-2355-4a0a-9d3a-5a95324578cc,2024-04-05,ERP_CORPORATIVO,TRANSACOES_FINANCEIRAS,16486,f2f907eabb027bcbe49afd1a661e96c7f54f3e57cfd7757aaf0bda4f79cca5ce
TR-16487,07/03/2024,2024-03-01,PJT,1000085,DESPESA,3.071,3.071,BRL,Receita de comissão comercial - PJT,33,BOLETO,PAGO,8564f3e9-2355-4a0a-9d3a-5a95324578cc,2024-04-05,ERP_CORPORATIVO,TRANSACOES_FINANCEIRAS,16487,5119cc614dfd1fb9d806610e3d7104f2c025b652b683e8938e35cf6762cb6930
TR-16488,26/03/2024,2024-03-01,COMP,1000085,RECEITA,3060,"R$2999,20",BRL,Campanha institucional - COMP,4,TED,PAGO,8564f3e9-2355-4a0a-9d3a-5a95324578cc,2024-04-05,ERP_CORPORATIVO,TRANSACOES_FINANCEIRAS,16488,6f0b00afe6ae7cb0221047cfdd9db5236eca8c901b76136bbdd7ed9c15d3f454
TR-16489,04/03/24,2024-03-01,OP,1000085,DESPESA,"R$2592,26","2.592,26",BRL,Assessoria contábil prestada a OP,25,TRANSFERENCIA,PAGO,8564f3e9-2355-4a0a-9d3a-5a95324578cc,2024-04-05,ERP_CORPORATIVO,TRANSACOES_FINANCEIRAS,16489,2b592cb88bee8c796bc4c011dce27363e26b51d34acdaea30cac92e29a21365f
TR-16490,12/03/2024,2024-03-01,CTB,1000085,DESPESA,"R$3015,99","3.015,99",USD,Diária de hotel para equipe CTB,19,BOLETO,PAGO,8564f3e9-2355-4a0a-9d3a-5a95324578cc,2024-04-05,ERP_CORPORATIVO,TRANSACOES_FINANCEIRAS,16490,3e75725a5d1f40aff8cc3eee96f74a883c179d8d8902a8b539bf33b67e626166
TR-16491,28/03/2024,2024-03-01,PJT,1000085,RECEITA,2390,2389.64,BRL,Alienação de bem patrimonial - PJT,35,CARTAO,PAGO,8564f3e9-2355-4a0a-9d3a-5a95324578cc,2024-04-05,ERP_CORPORATIVO,TRANSACOES_FINANCEIRAS,16491,96540459a764967a352a27f2414a46a51e812679d353ca912799df41b1d72b9b
TR-16492,11/03/24,2024-03-01,RH,1000085,DESPESA,"2.642,35","R$2642,35",BRL,Serviço de tecnologia contratado por RH,5,PIX,PAGO,8564f3e9-2355-4a0a-9d3a-5a95324578cc,2024-04-05,ERP_CORPORATIVO,TRANSACOES_FINANCEIRAS,16492,6c973e9b3f4260df65b944fa69814fb84d12595c998979a95672aa89551181ee
TR-16493,2024-03-19,2024-03-01,COM,1000085,RECEITA,"R$3113,80",3114,BRL,Manutenção de equipamentos de COM,28,PIX,ATRASADO,8564f3e9-2355-4a0a-9d3a-5a95324578cc,2024-04-05,ERP_CORPORATIVO,TRANSACOES_FINANCEIRAS,16493,f8a1e3fd07bf9410a914934b6cf05b34f272af4a89bdccd3e5d7d43d8f2ae8f5
TR-16494,Mar 18 2024,2024-03-01,JUR,1000085,RECEITA,2721,"2.720,83",BRL,Contrato de SaaS vinculado a JUR,27,TED,PAGO,8564f3e9-2355-4a0a-9d3a-5a95324578cc,2024-04-05,ERP_CORPORATIVO,TRANSACOES_FINANCEIRAS,16494,3d0dd4560fb3fdc2bf8500dffacbe777b3a0800708d9ae84e74a7ffff498d483
TR-16495,Mar 04 2024,2024-03-01,COM,1000085,DESPESA,2699,2656,BRL,Prestação de serviço para área COM,1,PIX,ATRASADO,8564f3e9-2355-4a0a-9d3a-5a95324578cc,2024-04-05,ERP_CORPORATIVO,TRANSACOES_FINANCEIRAS,16495,19dbaca406b263e5047af702ce45b3cd74fa00e287400dec852ca2a4147b4db1
TR-16496,25/03/2024,2024-03-01,OP,1000085,RECEITA,"R$3188,62","R$3084,39",USD,Licenciamento de software - OP,5,PIX,ATRASADO,8564f3e9-2355-4a0a-9d3a-5a95324578cc,2024-04-05,ERP_CORPORATIVO,TRANSACOES_FINANCEIRAS,16496,6ebdd1b88dfcff48495787f059fe0c96bf2e75373592bdf7afd19cd16b8153d7
TR-16497,2024-03-04,2024-03-01,COMP,1000085,DESPESA,2279,"2.209,90",BRL,Licenciamento de software - COMP,5,TRANSFERENCIA,CANCELADO,8564f3e9-2355-4a0a-9d3a-5a95324578cc,2024-04-05,ERP_CORPORATIVO,TRANSACOES_FINANCEIRAS,16497,690524a4ac3c8134bb8658649fe8e62c275c07748745eb965c2f5eae61c259ea
TR-16498,19-03-2024,2024-03-01,COMP,1000085,DESPESA,2.722,"R$ 2.722,00",BRL,Licenciamento de software - COMP,5,TED,PAGO,8564f3e9-2355-4a0a-9d3a-5a95324578cc,2024-04-05,ERP_CORPORATIVO,TRANSACOES_FINANCEIRAS,16498,9a68bed8591adec1fdfb1839d8276b364afa67ec08aba5c4a3e1d99f5ebf6d29
TR-16886,14/03/24,2024-03-01,MKT,FORN-00087,DESPESA,2663,2.663,EUR,Contrato de serviço - setor MKT,1,CARTAO,PAGO,8564f3e9-2355-4a0a-9d3a-5a95324578cc,2024-04-05,ERP_CORPORATIVO,TRANSACOES_FINANCEIRAS,16886,b9d40efa8ccfbd9e46857c74b5e8e9429d572bb84cd7118eccb70d5d934762b7
TR-16887,25/03/24,2024-03-01,FIN,FORN-00087,DESPESA,2371,"2.371,30",BRL,Custo operacional associado a FIN,8,PIX,CANCELADO,8564f3e9-2355-4a0a-9d3a-5a95324578cc,2024-04-05,ERP_CORPORATIVO,TRANSACOES_FINANCEIRAS,16887,a6a1d99320cc24ec44395cd4aaaeefcf7195f8d0e8398c9edd1b28aaca159cae
TR-16888,03-04-2024,2024-03-01,OP,FORN-00087,DESPESA,2241,"2.241,12",BRL,Honorários jurídicos - OP,7,TRANSFERENCIA,ATRASADO,8564f3e9-2355-4a0a-9d3a-5a95324578cc,2024-04-05,ERP_CORPORATIVO,TRANSACOES_FINANCEIRAS,16888,640270088965804aa86eef60d5adaf3bb51d2cd615d41499ba98ba5840d9c7aa
TR-16889,2024-03-07,2024-03-01,COMP,FORN-00087,RECEITA,2184,"R$2184,27",BRL,Despesa de infraestrutura - COMP,3,PIX,PAGO,8564f3e9-2355-4a0a-9d3a-5a95324578cc,2024-04-05,ERP_CORPORATIVO,TRANSACOES_FINANCEIRAS,16889,f1b731a93be8e397cccff9625486c4063efea4b767db43dc22d0fcdd4b76eb33
TR-16890,2024/03/25,2024-03-01,COM,FORN-00087,DESPESA,"R$ 2.111,21",2111.21,BRL,Compra de insumos para setor COM,2,PIX,PAGO,8564f3e9-2355-4a0a-9d3a-5a95324578cc,2024-04-05,ERP_CORPORATIVO,TRANSACOES_FINANCEIRAS,16890,d098be88e5a1ea4d90ab5e5e7bb7dd749fa8a2416da23681c3cecc670624b8fa
TR-16891,07/03/24,2024-03-01,COMP,FORN-00087,DESPESA,2.248,"R$ 2.211,35",BRL,Despesa de RH - COMP,6,TED,ATRASADO,8564f3e9-2355-4a0a-9d3a-5a95324578cc,2024-04-05,ERP_CORPORATIVO,TRANSACOES_FINANCEIRAS,16891,2c5cb12dfdc8bf0d16dd50f6c8c83e93e7ed8d072522e2e0caa033ea3b0789d7
TR-16892,18-03-2024,2024-03-01,FIN,FORN-00087,DESPESA,2092,2.092,BRL,Taxas bancárias incidentes em FIN,22,BOLETO,ATRASADO,8564f3e9-2355-4a0a-9d3a-5a95324578cc,2024-04-05,ERP_CORPORATIVO,TRANSACOES_FINANCEIRAS,16892,56a68870126c4c4648bfb232ab9eec8d5346699cc51b8ec7d90711c824a015a1
TR-16893,03-25-2024,2024-03-01,SEC,FORN-00087,RECEITA,2312.27,"R$ 2.312,27",BRL,Serviço de tecnologia contratado por SEC,5,PIX,PAGO,8564f3e9-2355-4a0a-9d3a-5a95324578cc,2024-04-05,ERP_CORPORATIVO,TRANSACOES_FINANCEIRAS,16893,671ed96115f4edef39eacf5a48feb15a7c1a4d3cd558418d46f4caa516b2c816
TR-16894,Mar 18 2024,2024-03-01,FIN,FORN-00087,RECEITA,2249.96,"R$2249,96",BRL,Alimentação em viagem corporativa - FIN,20,PIX,ATRASADO,8564f3e9-2355-4a0a-9d3a-5a95324578cc,2024-04-05,ERP_CORPORATIVO,TRANSACOES_FINANCEIRAS,16894,3cbffad44e6cacc918386b05f587fedc3af65dd823334343c8044e4be09a6958
TR-16895,Mar 14 2024,2024-03-01,ADM,FORN-00087,DESPESA,2233.95,"R$2233,95",BRL,Aquisição de material operacional - ADM,2,TRANSFERENCIA,PAGO,8564f3e9-2355-4a0a-9d3a-5a95324578cc,2024-04-05,ERP_CORPORATIVO,TRANSACOES_FINANCEIRAS,16895,915b8ae48195c19946af2f6f97a2667e8b427b5ab8ba3e849c9ff46bc264879f
TR-16896,2024-03-06,2024-03-01,LOG,FORN-00087,RECEITA,"R$2733,32",2.733,BRL,Custo operacional associado a LOG,8,TRANSFERENCIA,PAGO,8564f3e9-2355-4a0a-9d3a-5a95324578cc,2024-04-05,ERP_CORPORATIVO,TRANSACOES_FINANCEIRAS,16896,b8cff49ffbba7fb8b4728ab5fe1cef07c6c1cf482c368eb915f3f7ca019018b9
TR-16897,Mar 11 2024,2024-03-01,TI,FORN-00087,DESPESA,"R$2356,77","R$ 2.356,77",BRL,Licenciamento de software - TI,5,TED,PAGO,8564f3e9-2355-4a0a-9d3a-5a95324578cc,2024-04-05,ERP_CORPORATIVO,TRANSACOES_FINANCEIRAS,16897,9a6141a680864b3eff19d3a658ba8b8b7d1f4ed43a39c6b951bb098928d6af99
TR-17266,2024-03-18,2024-03-01,QAS,1000088,DESPESA,"5.409,51","R$ 5.258,05",BRL,Direitos de propriedade intelectual - QAS,32,TRANSFERENCIA,PAGO,8564f3e9-2355-4a0a-9d3a-5a95324578cc,2024-04-05,ERP_CORPORATIVO,TRANSACOES_FINANCEIRAS,17266,19c1db5ee23b35f7fee4180ec98678f30b4e5dd1683861cbf153503eae1237b9
TR-17267,13/03/24,2024-03-01,SEC,1000088,DESPESA,"R$ 6.750,39",6475.90,BRL,Aquisição de material operacional - SEC,2,BOLETO,PAGO,8564f3e9-2355-4a0a-9d3a-5a95324578cc,2024-04-05,ERP_CORPORATIVO,TRANSACOES_FINANCEIRAS,17267,cb4a23a50d3d98ad7af3142c3fc7782fe97c90be419fe068bb20f136daf93fe6
TR-17269,2024-03-18,2024-03-01,QAS,1000088,RECEITA,18602.34,18602,BRL,Serviço de tecnologia contratado por QAS,5,PIX,PAGO,8564f3e9-2355-4a0a-9d3a-5a95324578cc,2024-04-05,ERP_CORPORATIVO,TRANSACOES_FINANCEIRAS,17269,f419769998727b69c64a252ea0c1b047bd439abcb08773d7d30c341935fe4337
TR-17270,21/03/24,2024-03-01,FIN,1000088,DESPESA,"R$ 4.332,64","R$ 4.332,64",BRL,Honorários jurídicos - FIN,7,BOLETO,PAGO,8564f3e9-2355-4a0a-9d3a-5a95324578cc,2024-04-05,ERP_CORPORATIVO,TRANSACOES_FINANCEIRAS,17270,c38c888eb524a6290d2ae7780e620fa7a6d6ff6975684e006092fbfbf29c6956
TR-17383,03-13-2024,2024-03-01,COM,1000089,DESPESA,4061.90,"R$4061,90",BRL,Locação de espaço comercial - COM,31,TED,PAGO,8564f3e9-2355-4a0a-9d3a-5a95324578cc,2024-04-05,ERP_CORPORATIVO,TRANSACOES_FINANCEIRAS,17383,ce23d4fd37efed0817b6e5ec580ef2b637efd07281ee0faa0eee7c4da60de47e
TR-17384,2024-03-11,2024-03-01,LOG,1000089,DESPESA,"4.464,36",4.309,BRL,Direitos de propriedade intelectual - LOG,32,PIX,ATRASADO,8564f3e9-2355-4a0a-9d3a-5a95324578cc,2024-04-05,ERP_CORPORATIVO,TRANSACOES_FINANCEIRAS,17384,644f3011c159014917ebe928e8cfa8cb2f995ae5115508c8308dc5805b949f1a
TR-17385,2024-03-13,2024-03-01,MKT,1000089,RECEITA,3.936,3.741,BRL,Serviço relacionado a recursos humanos (MKT),6,BOLETO,PAGO,8564f3e9-2355-4a0a-9d3a-5a95324578cc,2024-04-05,ERP_CORPORATIVO,TRANSACOES_FINANCEIRAS,17385,c06d011da626b6fa0a0159b7f446793562680e746116f96b8fda5266e461142a
TR-17386,19/03/24,2024-03-01,CPT,1000089,RECEITA,"R$ 4.338,93",4338.93,BRL,Custo operacional associado a CPT,8,PIX,PAGO,8564f3e9-2355-4a0a-9d3a-5a95324578cc,2024-04-05,ERP_CORPORATIVO,TRANSACOES_FINANCEIRAS,17386,013bb4195b36e6ced3eafdf7e9c3d734fdeb83970bd1bbe2f7afd24b574a2cfe
TR-17387,2024-03-14,2024-03-01,PJT,1000089,DESPESA,3.822,3822,BRL,Despesa de RH - PJT,6,PIX,PAGO,8564f3e9-2355-4a0a-9d3a-5a95324578cc,2024-04-05,ERP_CORPORATIVO,TRANSACOES_FINANCEIRAS,17387,8820621d91024ce299bc848c840f692abc8a6e3f1677218921055fd64223a04c
TR-17388,2024/03/15,2024-03-01,ADM,1000089,DESPESA,"4.236,57",4.237,BRL,Honorários profissionais contratados por ADM,11,PIX,ATRASADO,8564f3e9-2355-4a0a-9d3a-5a95324578cc,2024-04-05,ERP_CORPORATIVO,TRANSACOES_FINANCEIRAS,17388,9f0e2437e839f9e9f98e7b58aa2e365e5266ba3cf6eb2991e86d80f834fa41b7
TR-17389,2024/03/18,2024-03-01,COMP,1000089,RECEITA,"R$ 4.503,17",4503.17,BRL,Investimento em marketing corporativo (COMP),4,TRANSFERENCIA,PAGO,8564f3e9-2355-4a0a-9d3a-5a95324578cc,2024-04-05,ERP_CORPORATIVO,TRANSACOES_FINANCEIRAS,17389,b543120dfb4daa8fb76c58f72becd5c8dc338e7f143d1902ac4ee8996f5114d2
TR-17500,2024/03/25,2024-03-01,TI,1000090,DESPESA,1.126,1.073,BRL,Viagem corporativa - TI,18,TED,PAGO,8564f3e9-2355-4a0a-9d3a-5a95324578cc,2024-04-05,ERP_CORPORATIVO,TRANSACOES_FINANCEIRAS,17500,1c042f2f0dc92112d0102335e6f97059e57a0f58228c816eb8a6d21ef9daa802
TR-17501,2024-03-01,2024-03-01,MKT,1000090,DESPESA,"1.153,66","1.124,54",BRL,Recebimento de subvenção - MKT,36,TED,PAGO,8564f3e9-2355-4a0a-9d3a-5a95324578cc,2024-04-05,ERP_CORPORATIVO,TRANSACOES_FINANCEIRAS,17501,942ce5fc27188fa4a4d82c1e4818efc72870a7947b7f6f9823844f5235c5380c
TR-17502,Mar 21 2024,2024-03-01,COMP,1000090,DESPESA,1088,"R$1087,70",BRL,Tributo incidente sobre receita de COMP,40,BOLETO,PAGO,8564f3e9-2355-4a0a-9d3a-5a95324578cc,2024-04-05,ERP_CORPORATIVO,TRANSACOES_FINANCEIRAS,17502,894feaa11d779418ddc563da9c77a16ded30c5b2067b647f378ef75a55d45ecb
TR-17503,25-03-2024,2024-03-01,ESG,1000090,DESPESA,"R$ 1.277,70","R$ 1.277,70",BRL,Compra de insumos para setor ESG,2,TED,ATRASADO,8564f3e9-2355-4a0a-9d3a-5a95324578cc,2024-04-05,ERP_CORPORATIVO,TRANSACOES_FINANCEIRAS,17503,0bef6935e5e3a8607e7bfc9c25b26fb472d29dc5aba372bea0d18411cdfa56a4
TR-17504,2024/03/11,2024-03-01,COM,1000090,RECEITA,1.025,1010,BRL,Manutenção preventiva de veículos - COM,17,TRANSFERENCIA,ATRASADO,8564f3e9-2355-4a0a-9d3a-5a95324578cc,2024-04-05,ERP_CORPORATIVO,TRANSACOES_FINANCEIRAS,17504,097b75c6263945c90b87f875608937a262e131989567a4df5daea7802081d82f
TR-17505,11/03/24,2024-03-01,ATD,1000090,DESPESA,"1.078,99","R$ 1.078,99",BRL,Capacitação profissional vinculada a ATD,30,TED,PAGO,8564f3e9-2355-4a0a-9d3a-5a95324578cc,2024-04-05,ERP_CORPORATIVO,TRANSACOES_FINANCEIRAS,17505,b257aca62019bb69f5dba844c9e73f8b429b2162a02a56c5775d7483726adf61
TR-17506,18/03/2024,2024-03-01,TI,1000090,DESPESA,765,"R$ 742,34",BRL,Juros sobre operação financeira - TI,23,CARTAO,PAGO,8564f3e9-2355-4a0a-9d3a-5a95324578cc,2024-04-05,ERP_CORPORATIVO,TRANSACOES_FINANCEIRAS,17506,4afc0e4d174de851d13f27de74d7da04fe0f6c1038bbf8a378bc4a36a768bf62
TR-17507,08/03/2024,2024-03-01,SEC,1000090,RECEITA,"R$ 1.030,77","979,95",BRL,Serviço relacionado a recursos humanos (SEC),6,BOLETO,PAGO,8564f3e9-2355-4a0a-9d3a-5a95324578cc,2024-04-05,ERP_CORPORATIVO,TRANSACOES_FINANCEIRAS,17507,acf360b970bb160d03964a952d575e534577b0ece8e5e6b0db16b64a89d08a56
TR-17508,04/03/24,2024-03-01,RH,1000090,RECEITA,1093,1093,USD,Comissão recebida por RH,33,PIX,ATRASADO,8564f3e9-2355-4a0a-9d3a-5a95324578cc,2024-04-05,ERP_CORPORATIVO,TRANSACOES_FINANCEIRAS,17508,b5aec57669bd60eebc0c1446293ae43d87d8c8f7060f002a61368cc54a046fe7
TR-17509,20/03/24,2024-03-01,COMP,1000090,RECEITA,1102.02,"R$ 1.102,02",BRL,Participação nos resultados vinculada a COMP,34,TED,PAGO,8564f3e9-2355-4a0a-9d3a-5a95324578cc,2024-04-05,ERP_CORPORATIVO,TRANSACOES_FINANCEIRAS,17509,896d787ad8ff725b04c84e1125a45c6a184c7551078462167a725065eec7cf89
TR-17510,21/03/24,2024-03-01,COMP,1000090,DESPESA,"R$ 1.018,92",974.00,BRL,Tarifas de serviços financeiros - COMP,22,BOLETO,PAGO,8564f3e9-2355-4a0a-9d3a-5a95324578cc,2024-04-05,ERP_CORPORATIVO,TRANSACOES_FINANCEIRAS,17510,8af8c11fc5327e38fbad671791d03d22c883957cded1ea87eb6da84ca28e621c
TR-18398,2024-03-25,2024-03-01,QAS,ACC-00094,DESPESA,"8.355,20",8.355,BRL,Manutenção estrutural vinculada à área QAS,3,TRANSFERENCIA,PAGO,8564f3e9-2355-4a0a-9d3a-5a95324578cc,2024-04-05,ERP_CORPORATIVO,TRANSACOES_FINANCEIRAS,18398,896761666dcf9e37e434d43c4b0544d522980165c8742e1e4ae8ceedae6ee19b
TR-18399,18-03-2024,2024-03-01,PRD,ACC-00094,RECEITA,"9.169,90","R$9169,90",BRL,Compra de insumos para setor PRD,2,TED,CANCELADO,8564f3e9-2355-4a0a-9d3a-5a95324578cc,2024-04-05,ERP_CORPORATIVO,TRANSACOES_FINANCEIRAS,18399,b9834764a47cb4a26e6cb70d6371fbb9a7f3c34cc05f62466a4ab590cadb6177
TR-18400,2024/03/20,2024-03-01,OP,ACC-00094,RECEITA,"R$ 9.218,64",9.219,BRL,Aquisição de material operacional - OP,2,BOLETO,PAGO,8564f3e9-2355-4a0a-9d3a-5a95324578cc,2024-04-05,ERP_CORPORATIVO,TRANSACOES_FINANCEIRAS,18400,1ec339efef23a9713e262cfde5d3456e996fdf3b3cf32af610d5c32e30026798
TR-18401,25/03/24,2024-03-01,CPT,ACC-00094,RECEITA,9375.26,"R$9375,26",BRL,Licenciamento de software - CPT,5,TED,PAGO,8564f3e9-2355-4a0a-9d3a-5a95324578cc,2024-04-05,ERP_CORPORATIVO,TRANSACOES_FINANCEIRAS,18401,f6550582cdd10d605f1230ebe7cdd8d8254690d8b2f961c58b8e266393c33926
TR-18402,2024-03-15,2024-03-01,JUR,ACC-00094,DESPESA,"R$ 8.773,94",8556.67,BRL,Propaganda e divulgação para área JUR,13,TRANSFERENCIA,ATRASADO,8564f3e9-2355-4a0a-9d3a-5a95324578cc,2024-04-05,ERP_CORPORATIVO,TRANSACOES_FINANCEIRAS,18402,0f574a9ea71d3a5b4732a28cdb33cd9637b90408a6c48f37b155358c10d4e43b
TR-18403,18/03/24,2024-03-01,TI,ACC-00094,RECEITA,8.038,8.038,BRL,Suporte técnico para sistemas de TI,29,PIX,PAGO,8564f3e9-2355-4a0a-9d3a-5a95324578cc,2024-04-05,ERP_CORPORATIVO,TRANSACOES_FINANCEIRAS,18403,6f1a6283faa8941815ff383b760ee4e62c49607fbf18dd641d5ef44fd0afcaeb
TR-18404,Mar 18 2024,2024-03-01,FIN,ACC-00094,DESPESA,"16.429,82","16.116,77",BRL,Investimento em marketing corporativo (FIN),4,PIX,PAGO,8564f3e9-2355-4a0a-9d3a-5a95324578cc,2024-04-05,ERP_CORPORATIVO,TRANSACOES_FINANCEIRAS,18404,e9e74270c358980a208f2b4d97ef2fc2470b18e599ff078f91cb8184d8c7707d
TR-19437,11-03-2024,2024-03-01,ADM,ACC-00100,DESPESA,"R$2043,85",1960.94,BRL,Devolução de venda processada por ADM,39,CARTAO,PAGO,8564f3e9-2355-4a0a-9d3a-5a95324578cc,2024-04-05,ERP_CORPORATIVO,TRANSACOES_FINANCEIRAS,19437,85f945bbffdc465c4d7aba15c977f94fe1ee815ad9ae96150e8f7f7c0bf60e60
TR-19438,Mar 12 2024,2024-03-01,COMP,ACC-00100,DESPESA,2672,"2.672,16",BRL,Promoção e atividade externa - COMP,14,PIX,PAGO,8564f3e9-2355-4a0a-9d3a-5a95324578cc,2024-04-05,ERP_CORPORATIVO,TRANSACOES_FINANCEIRAS,19438,09431b5d5abf9e59f0eed394eec8bd56f9c4138552e6da0333196b858ab3b6d2
TR-19439,Mar 18 2024,2024-03-01,COM,ACC-00100,DESPESA,"1.956,29",1956,BRL,Suporte técnico para sistemas de COM,29,BOLETO,PAGO,8564f3e9-2355-4a0a-9d3a-5a95324578cc,2024-04-05,ERP_CORPORATIVO,TRANSACOES_FINANCEIRAS,19439,76947a34aa8de5acd77698d5a7bdab15b9d58bb9df902caf73a902f385d05f23
TR-19440,19/03/24,2024-03-01,PJT,ACC-00100,DESPESA,2165.21,2.165,BRL,Diária de hotel para equipe PJT,19,TRANSFERENCIA,PAGO,8564f3e9-2355-4a0a-9d3a-5a95324578cc,2024-04-05,ERP_CORPORATIVO,TRANSACOES_FINANCEIRAS,19440,87ff45854639f476c6d523c204a2f029f609a7161cf7a0d3005a7219a7e4138b
TR-19441,15/03/2024,2024-03-01,PRD,ACC-00100,DESPESA,"R$2168,69","2.168,69",BRL,Serviço especializado solicitado por PRD,1,PIX,PAGO,8564f3e9-2355-4a0a-9d3a-5a95324578cc,2024-04-05,ERP_CORPORATIVO,TRANSACOES_FINANCEIRAS,19441,b8c43350bcdaa6dd484b32a181d4cd1f21c9569df299f6bb90ae863fe0ac675f
TR-19442,2024/03/06,2024-03-01,ADM,ACC-00100,DESPESA,"R$ 1.724,05",1.724,BRL,Prestação de serviço para área ADM,1,PIX,ATRASADO,8564f3e9-2355-4a0a-9d3a-5a95324578cc,2024-04-05,ERP_CORPORATIVO,TRANSACOES_FINANCEIRAS,19442,8c37b6b897f651a291762db80cedebb47359cf6cdf95c5c207e569b300d4b47b
TR-19443,03-20-2024,2024-03-01,COMP,ACC-00100,RECEITA,"1.972,46",1972,BRL,Manutenção preventiva de veículos - COMP,17,CARTAO,ATRASADO,8564f3e9-2355-4a0a-9d3a-5a95324578cc,2024-04-05,ERP_CORPORATIVO,TRANSACOES_FINANCEIRAS,19443,5d96f28246d5ac7528af9d7a296da22b23f1e43ca4875ad932723e5afd86334a
TR-19444,2024-03-15,2024-03-01,RH,ACC-00100,DESPESA,1.874,"R$ 1.874,41",BRL,Contrato de serviço - setor RH,1,TRANSFERENCIA,PAGO,8564f3e9-2355-4a0a-9d3a-5a95324578cc,2024-04-05,ERP_CORPORATIVO,TRANSACOES_FINANCEIRAS,19444,3d400b1c604473ac756af31f00ab3e29c859cf79cc631b9cdbeed4b52ceee434
TR-19445,Mar 20 2024,2024-03-01,COMP,ACC-00100,RECEITA,"R$2306,06",2.306,BRL,Manutenção preventiva de veículos - COMP,17,CARTAO,CANCELADO,8564f3e9-2355-4a0a-9d3a-5a95324578cc,2024-04-05,ERP_CORPORATIVO,TRANSACOES_FINANCEIRAS,19445,88de7f3229efa89391e42bae56d9dd5086faf4256e85798acbeddbdb92f5a1dc
TR-19446,11/03/24,2024-03-01,COM,ACC-00100,DESPESA,1811.57,1812,BRL,Manutenção estrutural vinculada à área COM,3,BOLETO,PAGO,8564f3e9-2355-4a0a-9d3a-5a95324578cc,2024-04-05,ERP_CORPORATIVO,TRANSACOES_FINANCEIRAS,19446,e7c6bd08bb1174261ad10013e4256aaa3a42562930f61508fd308e319cb7ebd5
TR-19447,Mar 11 2024,2024-03-01,OP,ACC-00100,RECEITA,2357.73,2357.73,USD,Diária de hotel para equipe OP,19,PIX,PAGO,8564f3e9-2355-4a0a-9d3a-5a95324578cc,2024-04-05,ERP_CORPORATIVO,TRANSACOES_FINANCEIRAS,19447,0f4d4d970d2b614db72db7ce1f74bb39e61f9cd45aa04b125628f5b432d30ece
TR-19448,2024-03-11,2024-03-01,CTB,ACC-00100,RECEITA,"R$1907,01",1.907,BRL,Alimentação em viagem corporativa - CTB,20,PIX,PAGO,8564f3e9-2355-4a0a-9d3a-5a95324578cc,2024-04-05,ERP_CORPORATIVO,TRANSACOES_FINANCEIRAS,19448,72d741f086c31c1fd9d5d19557f8b0d458a762c5fc10a7579f2c6148ec0e0ca4
TR-19449,11-03-2024,2024-03-01,ESG,ACC-00100,DESPESA,2362,2305.37,BRL,Abastecimento de veículos - ESG,16,TED,ATRASADO,8564f3e9-2355-4a0a-9d3a-5a95324578cc,2024-04-05,ERP_CORPORATIVO,TRANSACOES_FINANCEIRAS,19449,5f0bcfda8d7a9fd3f495c25ecc77b7034e15c7f5044c19408a701669f846cdbe
TR-19450,2024-03-15,2024-03-01,OP,ACC-00100,DESPESA,"1.866,13",1866,BRL,Receita extraordinária - OP,37,BOLETO,PAGO,8564f3e9-2355-4a0a-9d3a-5a95324578cc,2024-04-05,ERP_CORPORATIVO,TRANSACOES_FINANCEIRAS,19450,ac21c6b1c428f77488fdca6b6d6665e854973a4ed3858d5ce37450cd34e44fa1
TR-19451,03-18-2024,2024-03-01,FIN,ACC-00100,DESPESA,"R$ 2.238,75",2238.75,BRL,Despesa de infraestrutura - FIN,3,PIX,PAGO,8564f3e9-2355-4a0a-9d3a-5a95324578cc,2024-04-05,ERP_CORPORATIVO,TRANSACOES_FINANCEIRAS,19451,46805bee08c3fe97c5f2a6d72b5de25bfde69fe66406562dd9eb5cdbf8694ee5
TR-19452,2024-03-08,2024-03-01,PES,ACC-00100,DESPESA,2356.14,"2.356,14",BRL,Manutenção estrutural vinculada à área PES,3,PIX,ATRASADO,8564f3e9-2355-4a0a-9d3a-5a95324578cc,2024-04-05,ERP_CORPORATIVO,TRANSACOES_FINANCEIRAS,19452,eafad5b2db0b6d411262bb9927bf8a2d548c6f493388b05faae03b6369abe48d
TR-19453,2024/03/29,2024-03-01,CPT,ACC-00100,DESPESA,2.272,"R$ 2.189,74",BRL,Devolução de venda processada por CPT,39,BOLETO,PAGO,8564f3e9-2355-4a0a-9d3a-5a95324578cc,2024-04-05,ERP_CORPORATIVO,TRANSACOES_FINANCEIRAS,19453,9d2d2a12ff948dee8c6d68b3147b344c7f74bec7fb555ec446c5f0f475984376
TR-19454,15/03/2024,2024-03-01,PRD,ACC-00100,DESPESA,1.899,1899.14,BRL,Contrato de serviço - setor PRD,1,PIX,PAGO,8564f3e9-2355-4a0a-9d3a-5a95324578cc,2024-04-05,ERP_CORPORATIVO,TRANSACOES_FINANCEIRAS,19454,79761eae95fde29c1fa88f3477f65aa40eab595f5795b2fa3c9b30d8f0e617b5
TR-19455,Mar 13 2024,2024-03-01,SEC,ACC-00100,RECEITA,"R$ 2.402,45","2.402,45",BRL,Despesa de infraestrutura - SEC,3,TED,PAGO,8564f3e9-2355-4a0a-9d3a-5a95324578cc,2024-04-05,ERP_CORPORATIVO,TRANSACOES_FINANCEIRAS,19455,7e2a549de401c0e8558edd8ba55b714bade221efd62b63af85a1149f4eb206c5
TR-19905,14/03/2024,2024-03-01,TI,1000100,DESPESA,2.341,"R$ 2.340,63",BRL,Serviço especializado solicitado por TI,1,TED,PAGO,8564f3e9-2355-4a0a-9d3a-5a95324578cc,2024-04-05,ERP_CORPORATIVO,TRANSACOES_FINANCEIRAS,19905,eee76e530ba1ca01ffec16f6faa5a1d9c4ed7492f3a2c94df59c380938c04edf
TR-19906,03-19-2024,2024-03-01,QAS,1000100,DESPESA,2609,2539,BRL,Contrato de consultoria externa - QAS,12,TRANSFERENCIA,CANCELADO,8564f3e9-2355-4a0a-9d3a-5a95324578cc,2024-04-05,ERP_CORPORATIVO,TRANSACOES_FINANCEIRAS,19906,ea8fbc10e275b5a5847d65ccb270cdb4cf471822d5d555345dc2a7b9bf11a7d0
TR-19907,25-03-2024,2024-03-01,OP,1000100,DESPESA,"R$ 2.421,23",2367,BRL,Campanha institucional - OP,4,TED,PAGO,8564f3e9-2355-4a0a-9d3a-5a95324578cc,2024-04-05,ERP_CORPORATIVO,TRANSACOES_FINANCEIRAS,19907,82d4b66667b97175c877480cdf1b6f99d72145e65b5f13ea68e21c3d9d69f965
TR-19908,03-11-2024,2024-03-01,COMP,1000100,DESPESA,2.865,2.865,BRL,Serviço de tecnologia contratado por COMP,5,PIX,PAGO,8564f3e9-2355-4a0a-9d3a-5a95324578cc,2024-04-05,ERP_CORPORATIVO,TRANSACOES_FINANCEIRAS,19908,c02c2c4702bc018c8ec61800808f4e7d0bb1612248f04c690ed64009b1784e74
TR-19909,Mar 11 2024,2024-03-01,CPT,1000100,RECEITA,2712,"2.712,37",BRL,Receita extraordinária - CPT,37,PIX,PAGO,8564f3e9-2355-4a0a-9d3a-5a95324578cc,2024-04-05,ERP_CORPORATIVO,TRANSACOES_FINANCEIRAS,19909,4a83c8364a7de1fdb4eeba8bcf5bc4dc4e28afd820368e2d0e60fbb9131f91cc
TR-19910,20/03/2024,2024-03-01,ESG,1000100,DESPESA,2.608,"R$2607,66",BRL,Campanha institucional - ESG,4,TRANSFERENCIA,PAGO,8564f3e9-2355-4a0a-9d3a-5a95324578cc,2024-04-05,ERP_CORPORATIVO,TRANSACOES_FINANCEIRAS,19910,f4e374167a49509cc3c6b347aea97aa25da4c2fbae7025c34b4995a814dc77fc
TR-19911,22-03-2024,2024-03-01,TI,1000100,DESPESA,"2.969,08","R$ 2.969,08",BRL,Serviço relacionado a recursos humanos (TI),6,BOLETO,PAGO,8564f3e9-2355-4a0a-9d3a-5a95324578cc,2024-04-05,ERP_CORPORATIVO,TRANSACOES_FINANCEIRAS,19911,acd095fc9514f01deb1756908ce7436d6b6acc0aed274d726d557f45a7bd29f3
TR-19912,20/03/24,2024-03-01,JUR,1000100,RECEITA,"R$ 2.626,57",2.627,BRL,Licença de software para área JUR,27,PIX,ATRASADO,8564f3e9-2355-4a0a-9d3a-5a95324578cc,2024-04-05,ERP_CORPORATIVO,TRANSACOES_FINANCEIRAS,19912,93d7b4305c5a20d930f476e262974e0a2796222ddf38eeba87e9b99608d143f9
TR-19913,2024/03/07,2024-03-01,MKT,1000100,DESPESA,3.083,3.083,BRL,Venda de ativo imobilizado por MKT,35,BOLETO,PAGO,8564f3e9-2355-4a0a-9d3a-5a95324578cc,2024-04-05,ERP_CORPORATIVO,TRANSACOES_FINANCEIRAS,19913,9727f70d2743b2ff76f655103aaf1b1fda590e4c421c8d6c7e0e8a8e898e1e87
TR-20145,11-03-2024,2024-03-01,COMP,ACC-00102,RECEITA,1.416,1387,EUR,Suporte técnico para sistemas de COMP,29,TRANSFERENCIA,PAGO,8564f3e9-2355-4a0a-9d3a-5a95324578cc,2024-04-05,ERP_CORPORATIVO,TRANSACOES_FINANCEIRAS,20145,073cfa8746afb7e13e7191f47c6e2d6cef2b7515d58d3dafea6b20f875794ff4
TR-20146,26/03/2024,2024-03-01,MKT,ACC-00102,DESPESA,1243,1187.39,BRL,Devolução de venda processada por MKT,39,PIX,PAGO,8564f3e9-2355-4a0a-9d3a-5a95324578cc,2024-04-05,ERP_CORPORATIVO,TRANSACOES_FINANCEIRAS,20146,450eeb6ff5bef4dd5ddff1c2098acea05df52db4cc1f12d5c3106e414c049b95
TR-20147,2024-03-11,2024-03-01,QAS,ACC-00102,DESPESA,"1.199,20","R$ 1.165,51",BRL,Serviço técnico especializado para QAS,11,TED,PAGO,8564f3e9-2355-4a0a-9d3a-5a95324578cc,2024-04-05,ERP_CORPORATIVO,TRANSACOES_FINANCEIRAS,20147,8b963fdc292da610c0d47e71556126b03e31f39f9beb4492c17d0c2b6b60e606
TR-20148,Mar 05 2024,2024-03-01,COM,ACC-00102,RECEITA,"1.511,52","R$1486,70",BRL,Compra de insumos para setor COM,2,BOLETO,CANCELADO,8564f3e9-2355-4a0a-9d3a-5a95324578cc,2024-04-05,ERP_CORPORATIVO,TRANSACOES_FINANCEIRAS,20148,8e4f7e45d3fa9e3cd2fe11623cffcf25ebb4727bbfd65b8eaba0de5ace7835da
TR-20149,2024/03/11,2024-03-01,PJT,ACC-00102,RECEITA,1337,1337,BRL,Compra de insumos para setor PJT,2,TED,PAGO,8564f3e9-2355-4a0a-9d3a-5a95324578cc,2024-04-05,ERP_CORPORATIVO,TRANSACOES_FINANCEIRAS,20149,47808296178d8b87da8b7dbaf52bce7833a2d0e9c3f136a5b7af7c9f37396445
TR-20150,20/03/2024,2024-03-01,PJT,ACC-00102,DESPESA,"1.320,07",1320,BRL,Contrato de conectividade para área PJT,9,PIX,PAGO,8564f3e9-2355-4a0a-9d3a-5a95324578cc,2024-04-05,ERP_CORPORATIVO,TRANSACOES_FINANCEIRAS,20150,bcca1226b5669dfc4152c04b2e105fd3732fd088fbfd04fbd25ed4b79b49c13a
TR-20151,15/03/24,2024-03-01,RH,ACC-00102,DESPESA,"R$1178,08","R$1178,08",BRL,Despesa de infraestrutura - RH,3,BOLETO,PAGO,8564f3e9-2355-4a0a-9d3a-5a95324578cc,2024-04-05,ERP_CORPORATIVO,TRANSACOES_FINANCEIRAS,20151,6e31bbe58b15bfc9c48b5db13d26f21c777742f6d7861b21aa48a6de49268e0c
TR-20152,2024/03/27,2024-03-01,LOG,ACC-00102,RECEITA,1.270,1221.00,BRL,Serviço de tecnologia contratado por LOG,5,PIX,ATRASADO,8564f3e9-2355-4a0a-9d3a-5a95324578cc,2024-04-05,ERP_CORPORATIVO,TRANSACOES_FINANCEIRAS,20152,5eb6157c6ca09b8c8ce112708000b1cb94f129774c252799aaf4280b5bb0e60d
TR-20153,21-03-2024,2024-03-01,COMP,ACC-00102,DESPESA,1.284,"1.283,82",BRL,Contrato de consultoria externa - COMP,12,TRANSFERENCIA,PAGO,8564f3e9-2355-4a0a-9d3a-5a95324578cc,2024-04-05,ERP_CORPORATIVO,TRANSACOES_FINANCEIRAS,20153,4e1ad51e96aceb68950aa9dd79cc3e6e970eac76dbb316325a1320dae023e199
TR-20154,11/03/2024,2024-03-01,LOG,ACC-00102,RECEITA,"1.213,69","1.213,69",BRL,Compra de insumos para setor LOG,2,TED,PAGO,8564f3e9-2355-4a0a-9d3a-5a95324578cc,2024-04-05,ERP_CORPORATIVO,TRANSACOES_FINANCEIRAS,20154,9880685a9e40a309a206dcb35aaeda4935799887cd05faf1e6eebcce739d0347
TR-20155,2024-03-13,2024-03-01,ESG,ACC-00102,RECEITA,458,"R$458,37",BRL,Propaganda e divulgação para área ESG,13,BOLETO,PAGO,8564f3e9-2355-4a0a-9d3a-5a95324578cc,2024-04-05,ERP_CORPORATIVO,TRANSACOES_FINANCEIRAS,20155,e97afe09ed5d0ef04d16259e5d35d1e81b9f3d8dd9bfa98a7e273226a42b3a2f
TR-20156,2024-03-21,2024-03-01,SEC,ACC-00102,RECEITA,"1.582,45","R$ 1.582,45",BRL,Aquisição de material operacional - SEC,2,TRANSFERENCIA,CANCELADO,8564f3e9-2355-4a0a-9d3a-5a95324578cc,2024-04-05,ERP_CORPORATIVO,TRANSACOES_FINANCEIRAS,20156,d58586e40b22a68bac0314c1641859fd7b59568c51752bf60ce042ef9efc2b16
TR-20157,19/03/24,2024-03-01,JUR,ACC-00102,RECEITA,1530,1529.78,BRL,Contrato de serviço - setor JUR,1,BOLETO,CANCELADO,8564f3e9-2355-4a0a-9d3a-5a95324578cc,2024-04-05,ERP_CORPORATIVO,TRANSACOES_FINANCEIRAS,20157,3ebbab580067e0b857082b2c6937b0c11b2d6f111f91afeec9c2c6b1e0afb818
TR-20158,2024-03-12,2024-03-01,OP,ACC-00102,DESPESA,"R$ 1.314,80",1257.94,BRL,Serviço técnico especializado para OP,11,TRANSFERENCIA,ATRASADO,8564f3e9-2355-4a0a-9d3a-5a95324578cc,2024-04-05,ERP_CORPORATIVO,TRANSACOES_FINANCEIRAS,20158,6ba41516323b8bb13e3fa18390d5b0993e72a558ff5dd27d4476d876bcc13a8d
TR-20159,2024-03-18,2024-03-01,PES,ACC-00102,RECEITA,3942,3.942,USD,Compra de insumos para setor PES,2,TRANSFERENCIA,PAGO,8564f3e9-2355-4a0a-9d3a-5a95324578cc,2024-04-05,ERP_CORPORATIVO,TRANSACOES_FINANCEIRAS,20159,d5118cd958956f4170a6bd50e8090204a465ddb7f661fe79731e629c581e430b
TR-20160,03-18-2024,2024-03-01,CTB,ACC-00102,DESPESA,"R$ 1.118,11",1081.09,BRL,Contrato de serviço - setor CTB,1,TRANSFERENCIA,PAGO,8564f3e9-2355-4a0a-9d3a-5a95324578cc,2024-04-05,ERP_CORPORATIVO,TRANSACOES_FINANCEIRAS,20160,9b1fd49fc5ff9214331504a01cff8190e9b12129694fec1fd9f6188b015a36f0
TR-20161,Mar 25 2024,2024-03-01,OP,ACC-00102,DESPESA,"R$1270,01","R$1270,01",BRL,Contrato de serviço - setor OP,1,TED,PAGO,8564f3e9-2355-4a0a-9d3a-5a95324578cc,2024-04-05,ERP_CORPORATIVO,TRANSACOES_FINANCEIRAS,20161,6dc29d3ed463810e9e1e6166731d382bc659034e6a932365288de5e092053094
TR-20162,04/03/24,2024-03-01,PJT,ACC-00102,RECEITA,1061,"R$ 1.060,60",BRL,Estorno de receita - PJT,39,BOLETO,PAGO,8564f3e9-2355-4a0a-9d3a-5a95324578cc,2024-04-05,ERP_CORPORATIVO,TRANSACOES_FINANCEIRAS,20162,0168fa1278f003249ca4d031ced738f5a03442acb46ba6cf0ff6affa63b26a0e
TR-20797,2024/03/18,2024-03-01,COM,ACC-00106,DESPESA,7715.88,7715.88,BRL,Diária de hotel para equipe COM,19,BOLETO,PAGO,8564f3e9-2355-4a0a-9d3a-5a95324578cc,2024-04-05,ERP_CORPORATIVO,TRANSACOES_FINANCEIRAS,20797,fddfcd6afad3eff768127ac71e1735b16a64f0762134d70bb20cd616bcf041ef
TR-20798,07/03/2024,2024-03-01,ATD,ACC-00106,DESPESA,"R$5488,23",5.488,BRL,Abatimento comercial registrado em ATD,38,BOLETO,PAGO,8564f3e9-2355-4a0a-9d3a-5a95324578cc,2024-04-05,ERP_CORPORATIVO,TRANSACOES_FINANCEIRAS,20798,0d0759108ba7d47aabf50d52fc142fa94ce3dda4c71ed9e200c9540c3263ed30
TR-20799,2024-03-21,2024-03-01,COM,ACC-00106,DESPESA,6.814,"6.813,62",BRL,Serviço relacionado a recursos humanos (COM),6,TRANSFERENCIA,ATRASADO,8564f3e9-2355-4a0a-9d3a-5a95324578cc,2024-04-05,ERP_CORPORATIVO,TRANSACOES_FINANCEIRAS,20799,2d27b49ac3d90a4a9f684543bc6f9bb8a8019751f6d1bd532b93017db7941448
TR-20800,03-11-2024,2024-03-01,OP,ACC-00106,DESPESA,8534,8403.53,BRL,Serviço relacionado a recursos humanos (OP),6,BOLETO,PAGO,8564f3e9-2355-4a0a-9d3a-5a95324578cc,2024-04-05,ERP_CORPORATIVO,TRANSACOES_FINANCEIRAS,20800,46a40d8b63ce98556544f50cb2fe98a7593335cf6154416d6c146d7a9d195e28
TR-20801,Mar 11 2024,2024-03-01,ADM,ACC-00106,DESPESA,"R$ 6.227,54",6227.54,BRL,Alienação de bem patrimonial - ADM,35,PIX,PAGO,8564f3e9-2355-4a0a-9d3a-5a95324578cc,2024-04-05,ERP_CORPORATIVO,TRANSACOES_FINANCEIRAS,20801,c4ecfddef96aac30beb6a9bfadd04e860626468d37409303eec799c3e647938a
TR-20802,2024-03-28,2024-03-01,CPT,ACC-00106,RECEITA,"6.491,34","R$ 6.405,45",BRL,Compra de insumos para setor CPT,2,TRANSFERENCIA,PAGO,8564f3e9-2355-4a0a-9d3a-5a95324578cc,2024-04-05,ERP_CORPORATIVO,TRANSACOES_FINANCEIRAS,20802,058d91ed90a70dd581008747ab11c6b2ba0e3f7664721f2d761880aab10c3920
TR-20803,25/03/24,2024-03-01,TI,ACC-00106,DESPESA,"6.593,49","R$6366,23",BRL,Despesa operacional - TI,8,PIX,PAGO,8564f3e9-2355-4a0a-9d3a-5a95324578cc,2024-04-05,ERP_CORPORATIVO,TRANSACOES_FINANCEIRAS,20803,29b8dc4093fa370f8a901cbff561edb8a2d7049ce193861cac8af2bdc2acc0db
TR-20804,18/03/24,2024-03-01,PRD,ACC-00106,DESPESA,6352,"R$6351,52",BRL,Contrato de consultoria externa - PRD,12,BOLETO,PAGO,8564f3e9-2355-4a0a-9d3a-5a95324578cc,2024-04-05,ERP_CORPORATIVO,TRANSACOES_FINANCEIRAS,20804,54e721cfe3319d5d25f7d9f227b267534296ffb3c6fc0d6f26b5fb93e7d9cf2c
TR-20805,2024-03-18,2024-03-01,JUR,ACC-00106,DESPESA,7384,7.384,BRL,Devolução de venda processada por JUR,39,PIX,PAGO,8564f3e9-2355-4a0a-9d3a-5a95324578cc,2024-04-05,ERP_CORPORATIVO,TRANSACOES_FINANCEIRAS,20805,d6a477585e7005608e47efe9125e6bf3a4d7a503d0f102581a50696ff3108391
TR-20806,12-03-2024,2024-03-01,CTB,ACC-00106,RECEITA,"R$7922,43",7784.35,BRL,Tributo incidente sobre receita de CTB,40,PIX,PAGO,8564f3e9-2355-4a0a-9d3a-5a95324578cc,2024-04-05,ERP_CORPORATIVO,TRANSACOES_FINANCEIRAS,20806,ac8a288f0f5cf9b80c4ce0d4ed63f748a007a6942905066b7cc21df75bce4d57
TR-21148,11/03/24,2024-03-01,COM,FORN-00108,DESPESA,3114,"R$ 3.114,44",BRL,Manutenção estrutural vinculada à área COM,3,TRANSFERENCIA,PAGO,8564f3e9-2355-4a0a-9d3a-5a95324578cc,2024-04-05,ERP_CORPORATIVO,TRANSACOES_FINANCEIRAS,21148,e809cf9dfa60e4b786a38372fac2f7ad383e3d02819ecb7bfb8fc14b97ed8d4c
TR-21149,20/03/2024,2024-03-01,MKT,FORN-00108,RECEITA,"8.952,65",8.822,BRL,Compra de insumos para setor MKT,2,TRANSFERENCIA,ATRASADO,8564f3e9-2355-4a0a-9d3a-5a95324578cc,2024-04-05,ERP_CORPORATIVO,TRANSACOES_FINANCEIRAS,21149,99132649ff53a02663a4eba05b892455371ef99bde55016af2d658e21c079ae8
TR-21150,2024/03/19,2024-03-01,ESG,FORN-00108,RECEITA,2996.20,"R$2996,20",BRL,Compra de insumos para setor ESG,2,CARTAO,PAGO,8564f3e9-2355-4a0a-9d3a-5a95324578cc,2024-04-05,ERP_CORPORATIVO,TRANSACOES_FINANCEIRAS,21150,082e55048d6867196751df4b1073a4dc8c9f1b52b893840d5ac8caa30bbcb294
TR-21151,20-03-2024,2024-03-01,ESG,FORN-00108,DESPESA,3114,3114,BRL,Serviço especializado solicitado por ESG,1,PIX,PAGO,8564f3e9-2355-4a0a-9d3a-5a95324578cc,2024-04-05,ERP_CORPORATIVO,TRANSACOES_FINANCEIRAS,21151,e1ede22993155f7b88f24019c1d871276747df3be69fc72b6e0fea18ef5b6ccb
TR-21152,01-03-2024,2024-03-01,COMP,FORN-00108,DESPESA,"2.895,67",2.758,BRL,Receita de aluguel creditada em COMP,31,TED,ATRASADO,8564f3e9-2355-4a0a-9d3a-5a95324578cc,2024-04-05,ERP_CORPORATIVO,TRANSACOES_FINANCEIRAS,21152,4b7bca5de545b1cb3031bda3117db6892a21bcd815a3eadf6ef4314e559244cf
TR-21153,2024/03/18,2024-03-01,CPT,FORN-00108,RECEITA,"2.325,21",2325,BRL,Honorários profissionais contratados por CPT,11,BOLETO,ATRASADO,8564f3e9-2355-4a0a-9d3a-5a95324578cc,2024-04-05,ERP_CORPORATIVO,TRANSACOES_FINANCEIRAS,21153,f8c31dffde8d6001917c9472f617fe120b82c928460cfbf5bf7052eecd095b88
TR-21154,2024-03-11,2024-03-01,RH,FORN-00108,RECEITA,3273,3273,BRL,Despesa operacional - RH,8,CARTAO,PAGO,8564f3e9-2355-4a0a-9d3a-5a95324578cc,2024-04-05,ERP_CORPORATIVO,TRANSACOES_FINANCEIRAS,21154,0b8698c6be9b5fbfd9f476feed5b49a6cb86015145952881f2bcc7d8165e8dd2
TR-21155,2024-03-04,2024-03-01,MKT,FORN-00108,RECEITA,"R$3402,29",3.402,BRL,Investimento em marketing corporativo (MKT),4,BOLETO,PAGO,8564f3e9-2355-4a0a-9d3a-5a95324578cc,2024-04-05,ERP_CORPORATIVO,TRANSACOES_FINANCEIRAS,21155,4ba7678f117023b7b2b1514654ff06af413ef7d34fbe8f532174882e92952a73
TR-21156,03-21-2024,2024-03-01,OP,FORN-00108,RECEITA,"R$ 3.080,95",2.933,BRL,Despesa de infraestrutura - OP,3,BOLETO,PAGO,8564f3e9-2355-4a0a-9d3a-5a95324578cc,2024-04-05,ERP_CORPORATIVO,TRANSACOES_FINANCEIRAS,21156,2cef7361ffcee2858a8d4a07a6957cb5d045d01e61bb017a81a47f19372e4151
TR-21157,25/03/2024,2024-03-01,ESG,FORN-00108,DESPESA,"R$ 2.641,33","R$ 2.641,33",BRL,Manutenção predial solicitada por ESG,10,TED,PAGO,8564f3e9-2355-4a0a-9d3a-5a95324578cc,2024-04-05,ERP_CORPORATIVO,TRANSACOES_FINANCEIRAS,21157,1d763fa5be964b18a734e82fcdf7061da6c77e92782f7981570f20f9f4622e26
TR-21158,03-22-2024,2024-03-01,CPT,FORN-00108,DESPESA,"R$3212,05",3.212,BRL,Reparo de hardware solicitado por CPT,28,TRANSFERENCIA,PAGO,8564f3e9-2355-4a0a-9d3a-5a95324578cc,2024-04-05,ERP_CORPORATIVO,TRANSACOES_FINANCEIRAS,21158,20ae37eb152995a11d125882a4fd8d65ce8ce62aa5ae9d79d4ef33adffe84e7b
TR-21159,2024-03-01,2024-03-01,ATD,FORN-00108,RECEITA,2.761,"2.761,36",BRL,Material de marketing solicitado por ATD,15,PIX,PAGO,8564f3e9-2355-4a0a-9d3a-5a95324578cc,2024-04-05,ERP_CORPORATIVO,TRANSACOES_FINANCEIRAS,21159,e42fef84aaf6b454e28ba510eacf8b39641c65d0ba4f9cb8d3f6c080f248c88e
TR-21160,03-04-2024,2024-03-01,COM,FORN-00108,RECEITA,"2.821,39","R$2821,39",BRL,Manutenção de equipamentos de COM,28,TED,PAGO,8564f3e9-2355-4a0a-9d3a-5a95324578cc,2024-04-05,ERP_CORPORATIVO,TRANSACOES_FINANCEIRAS,21160,5900695e02ad9fbe7fae8c860fad411594cd0ddac91b3f8059b51937bbcf26fa
TR-21161,19-03-2024,2024-03-01,CTB,FORN-00108,RECEITA,3.202,3054.73,BRL,Despesa operacional - CTB,8,PIX,PAGO,8564f3e9-2355-4a0a-9d3a-5a95324578cc,2024-04-05,ERP_CORPORATIVO,TRANSACOES_FINANCEIRAS,21161,47c46f2028fda50e4f6ab61c005f3e3dba975862fc1beab45f645cffc2d5f86f
TR-21162,25-03-2024,2024-03-01,JUR,FORN-00108,DESPESA,3.030,3.030,BRL,Serviço de tecnologia contratado por JUR,5,PIX,PAGO,8564f3e9-2355-4a0a-9d3a-5a95324578cc,2024-04-05,ERP_CORPORATIVO,TRANSACOES_FINANCEIRAS,21162,1cc883b54b28d58c26f9b6109462b1cdaa1cbd75398791e44d7132196e8a38eb
TR-21163,03-05-2024,2024-03-01,RH,FORN-00108,DESPESA,"R$ 2.244,84",2245,BRL,Manutenção estrutural vinculada à área RH,3,PIX,ATRASADO,8564f3e9-2355-4a0a-9d3a-5a95324578cc,2024-04-05,ERP_CORPORATIVO,TRANSACOES_FINANCEIRAS,21163,893be27424295ad979786484b7bf1ec966c08abdec816a3a03e0feee8e283316
TR-21164,19/03/24,2024-03-01,COMP,FORN-00108,DESPESA,"R$ 2.900,01",2900,BRL,Despesa de infraestrutura - COMP,3,BOLETO,CANCELADO,8564f3e9-2355-4a0a-9d3a-5a95324578cc,2024-04-05,ERP_CORPORATIVO,TRANSACOES_FINANCEIRAS,21164,1dd01fb4bd901fca8713d3e1d137500339b2c69ebaef0a33253a54f79a6f9f69
TR-21165,18-03-2024,2024-03-01,SEC,FORN-00108,DESPESA,3197.80,3.198,BRL,Viagem corporativa - SEC,18,PIX,PAGO,8564f3e9-2355-4a0a-9d3a-5a95324578cc,2024-04-05,ERP_CORPORATIVO,TRANSACOES_FINANCEIRAS,21165,fadbe685dd66465004819c322e2038d233d4a8cb6282f954f2bd04de139b35f9
TR-21166,2024/03/14,2024-03-01,COMP,FORN-00108,RECEITA,"2.478,29",2478.29,BRL,Campanha institucional - COMP,4,PIX,ATRASADO,8564f3e9-2355-4a0a-9d3a-5a95324578cc,2024-04-05,ERP_CORPORATIVO,TRANSACOES_FINANCEIRAS,21166,69c28e62dd3d7cf9dd3da085deba0052ad1613e59add286af2a9fe8a43cf0021
TR-21276,14/03/24,2024-03-01,JUR,FORN-00109,DESPESA,2077.21,2077.21,USD,Aquisição de material operacional - JUR,2,TRANSFERENCIA,PAGO,8564f3e9-2355-4a0a-9d3a-5a95324578cc,2024-04-05,ERP_CORPORATIVO,TRANSACOES_FINANCEIRAS,21276,5f39fc05dd2cee2d838c2eb9d73d3dca9a97cfa6e86c0a59895735ac19fb24e8
TR-21277,2024-03-26,2024-03-01,ATD,FORN-00109,DESPESA,"R$558,37","R$ 558,37",BRL,Serviço de tecnologia contratado por ATD,5,TED,PAGO,8564f3e9-2355-4a0a-9d3a-5a95324578cc,2024-04-05,ERP_CORPORATIVO,TRANSACOES_FINANCEIRAS,21277,8deda13baeb705160ee8994fb401a160af302444f268de4ac8e82642014999b7
TR-21278,2024-03-19,2024-03-01,TI,FORN-00109,DESPESA,6494,"R$ 6.383,48",BRL,Serviço especializado solicitado por TI,1,TED,PAGO,8564f3e9-2355-4a0a-9d3a-5a95324578cc,2024-04-05,ERP_CORPORATIVO,TRANSACOES_FINANCEIRAS,21278,9e07d79bb17f07e8ee0e99e6ba9be25904e23c3c20f47bb043bf0f8939bfd4b7
TR-21279,03-18-2024,2024-03-01,MKT,FORN-00109,DESPESA,2256.03,"R$ 2.197,79",BRL,Manutenção estrutural vinculada à área MKT,3,PIX,PAGO,8564f3e9-2355-4a0a-9d3a-5a95324578cc,2024-04-05,ERP_CORPORATIVO,TRANSACOES_FINANCEIRAS,21279,e78314ad6ba2d4ad54c0b6419399e779dcf2b4728d2af7fd205bbb7422b71c61
TR-21280,03-18-2024,2024-03-01,CTB,FORN-00109,RECEITA,2197,2197.01,BRL,Serviço de tecnologia contratado por CTB,5,PIX,ATRASADO,8564f3e9-2355-4a0a-9d3a-5a95324578cc,2024-04-05,ERP_CORPORATIVO,TRANSACOES_FINANCEIRAS,21280,8486837de50e0d1310ef070522f1dcc11a5e498457fb2acd3509f43f268e83f1
TR-21281,2024-03-18,2024-03-01,COM,FORN-00109,RECEITA,2.414,2329,BRL,Participação nos resultados vinculada a COM,34,TED,PAGO,8564f3e9-2355-4a0a-9d3a-5a95324578cc,2024-04-05,ERP_CORPORATIVO,TRANSACOES_FINANCEIRAS,21281,ec43805a4246414b32bd49bb2fe433b2b1830b1f7ead51250f8a3d330be451f5
TR-21282,2024-03-18,2024-03-01,CPT,FORN-00109,RECEITA,"2.532,54","R$ 2.466,25",BRL,Aquisição de material operacional - CPT,2,PIX,PAGO,8564f3e9-2355-4a0a-9d3a-5a95324578cc,2024-04-05,ERP_CORPORATIVO,TRANSACOES_FINANCEIRAS,21282,bc28523b62385e918a42128f1f1ee418ff4117eadb6e916ead8a79b38b15c274
TR-21283,03-28-2024,2024-03-01,LOG,FORN-00109,DESPESA,"R$2697,25",2.697,BRL,Suporte técnico para sistemas de LOG,29,TED,PAGO,8564f3e9-2355-4a0a-9d3a-5a95324578cc,2024-04-05,ERP_CORPORATIVO,TRANSACOES_FINANCEIRAS,21283,0027e05301c5fa9b4a5a13a08af21fe9cc130a4b73ae00612b19c5dbf9a2a76f
TR-21284,28/03/2024,2024-03-01,CTB,FORN-00109,DESPESA,2414.97,"R$ 2.414,97",BRL,Aquisição de material operacional - CTB,2,BOLETO,PAGO,8564f3e9-2355-4a0a-9d3a-5a95324578cc,2024-04-05,ERP_CORPORATIVO,TRANSACOES_FINANCEIRAS,21284,a420022b11e5be0f72f66c3d37ae006b21dbe1414be0d1233020972f38962af0
TR-21285,25/03/24,2024-03-01,SEC,FORN-00109,DESPESA,"2.295,29",2.295,BRL,Contrato de serviço - setor SEC,1,PIX,PAGO,8564f3e9-2355-4a0a-9d3a-5a95324578cc,2024-04-05,ERP_CORPORATIVO,TRANSACOES_FINANCEIRAS,21285,adf2147eaa9bc9d39809fc58d6eba364df203906f172a46cfe157aa3f4919095
TR-21286,19/03/24,2024-03-01,OP,FORN-00109,DESPESA,"R$2295,42",2.199,BRL,Passagem aérea para colaborador de OP,18,CARTAO,PAGO,8564f3e9-2355-4a0a-9d3a-5a95324578cc,2024-04-05,ERP_CORPORATIVO,TRANSACOES_FINANCEIRAS,21286,0630e95bb2a5da16f689ee39958f28f592d7b208ee52f8d65c7b78223b1a035a
TR-21287,18/03/2024,2024-03-01,ATD,FORN-00109,RECEITA,1.876,1788,BRL,Contrato de serviço - setor ATD,1,BOLETO,PAGO,8564f3e9-2355-4a0a-9d3a-5a95324578cc,2024-04-05,ERP_CORPORATIVO,TRANSACOES_FINANCEIRAS,21287,a9842177e5b68a35beb5ec64ff38b719b0d4be53cf0bf1f2ea23562852727f20
TR-21288,07-03-2024,2024-03-01,ESG,FORN-00109,RECEITA,2.169,"R$2168,80",BRL,Serviço de tecnologia contratado por ESG,5,TED,PAGO,8564f3e9-2355-4a0a-9d3a-5a95324578cc,2024-04-05,ERP_CORPORATIVO,TRANSACOES_FINANCEIRAS,21288,2dc16006e0a651e3252afa87b008709e05db4890b09dc97489643b707086d4a5
TR-21289,29-03-2024,2024-03-01,COM,FORN-00109,DESPESA,2.347,2.347,BRL,Contrato de serviço - setor COM,1,PIX,PAGO,8564f3e9-2355-4a0a-9d3a-5a95324578cc,2024-04-05,ERP_CORPORATIVO,TRANSACOES_FINANCEIRAS,21289,b85378f438897357dabacd351c80e06b05e9c5c24a031aad9a21a5d1ec8c3707
TR-21290,2024/03/21,2024-03-01,OP,FORN-00109,RECEITA,1.807,"R$ 1.806,57",BRL,Diária de hotel para equipe OP,19,PIX,PAGO,8564f3e9-2355-4a0a-9d3a-5a95324578cc,2024-04-05,ERP_CORPORATIVO,TRANSACOES_FINANCEIRAS,21290,1048563b249f733ec5be3c6e423466ccace94f7c4d1ca4394be19cfd6488d7e7
TR-21291,Mar 20 2024,2024-03-01,RH,FORN-00109,RECEITA,"R$ 2.305,27",2305,BRL,Passagem aérea para colaborador de RH,18,TRANSFERENCIA,PAGO,8564f3e9-2355-4a0a-9d3a-5a95324578cc,2024-04-05,ERP_CORPORATIVO,TRANSACOES_FINANCEIRAS,21291,2b44da2bd9da3339957afc6ee9e3ccc9120347887984fe96ea5154578e370216
TR-21292,18-03-2024,2024-03-01,PRD,FORN-00109,DESPESA,"R$ 2.087,57",2088,BRL,Imposto sobre venda apurado em PRD,40,TRANSFERENCIA,PAGO,8564f3e9-2355-4a0a-9d3a-5a95324578cc,2024-04-05,ERP_CORPORATIVO,TRANSACOES_FINANCEIRAS,21292,99d5dbede2c4416a4710bb26992e8761a0832bb715f9454444daaea309a03a6c
TR-21293,07/03/24,2024-03-01,PRD,FORN-00109,RECEITA,2.651,2595.42,BRL,Receita extraordinária - PRD,37,BOLETO,PAGO,8564f3e9-2355-4a0a-9d3a-5a95324578cc,2024-04-05,ERP_CORPORATIVO,TRANSACOES_FINANCEIRAS,21293,3aea8498ccdfc27ea1e51ab151c7b8fa67d7937292d86e5903d58fe20e7581ea
TR-21294,2024-03-07,2024-03-01,OP,FORN-00109,DESPESA,464,439,BRL,Evento corporativo organizado por OP,14,BOLETO,PAGO,8564f3e9-2355-4a0a-9d3a-5a95324578cc,2024-04-05,ERP_CORPORATIVO,TRANSACOES_FINANCEIRAS,21294,ae97fba50293559a395cfad531be6a5e38726286e0eacb3266dc6df4ec88574f
TR-21295,18-03-2024,2024-03-01,TI,FORN-00109,DESPESA,2205.25,"R$ 2.121,41",USD,Promoção e atividade externa - TI,14,BOLETO,PAGO,8564f3e9-2355-4a0a-9d3a-5a95324578cc,2024-04-05,ERP_CORPORATIVO,TRANSACOES_FINANCEIRAS,21295,6b85bc22657da7f68267ca9b0dfc5cbb3e960745fc6e0502b4ca5f7515bdab45
TR-21296,03-14-2024,2024-03-01,FIN,FORN-00109,RECEITA,"2.233,26",2.233,BRL,Manutenção estrutural vinculada à área FIN,3,BOLETO,PAGO,8564f3e9-2355-4a0a-9d3a-5a95324578cc,2024-04-05,ERP_CORPORATIVO,TRANSACOES_FINANCEIRAS,21296,2d3d94bc56de4d2b826db84e42893411a748c59480864d9bbce369ea0855e94f
TR-21297,18-03-2024,2024-03-01,ADM,FORN-00109,RECEITA,2263.11,"R$ 2.164,94",BRL,Propaganda e divulgação para área ADM,13,TED,PAGO,8564f3e9-2355-4a0a-9d3a-5a95324578cc,2024-04-05,ERP_CORPORATIVO,TRANSACOES_FINANCEIRAS,21297,a044ad4116fd1e494506de156660c466f67e4632fe44c330bbeff275f4d3f142
TR-21298,22/03/2024,2024-03-01,JUR,FORN-00109,DESPESA,2.451,"2.450,98",BRL,Despesa jurídica da área JUR,24,TED,PAGO,8564f3e9-2355-4a0a-9d3a-5a95324578cc,2024-04-05,ERP_CORPORATIVO,TRANSACOES_FINANCEIRAS,21298,b71f9960910491ba42790bfce3f11638fb3131441de41ca96ed6cfac1e5bbdb4
TR-21299,2024-03-04,2024-03-01,FIN,FORN-00109,DESPESA,"R$2187,53",2187.53,USD,Capacitação profissional vinculada a FIN,30,TED,PAGO,8564f3e9-2355-4a0a-9d3a-5a95324578cc,2024-04-05,ERP_CORPORATIVO,TRANSACOES_FINANCEIRAS,21299,559b8e3c4e2645902c291a40d8ed2f3f425765de955affa03994785b150ef640
TR-21300,2024/03/18,2024-03-01,MKT,FORN-00109,DESPESA,"R$ 2.269,47",2239,BRL,Contrato de consultoria externa - MKT,12,PIX,PAGO,8564f3e9-2355-4a0a-9d3a-5a95324578cc,2024-04-05,ERP_CORPORATIVO,TRANSACOES_FINANCEIRAS,21300,9e30394f351e327d02507f1ba2d964ff45ecbf0ae666dde86cf2c378c9036c57
TR-21301,2024/03/14,2024-03-01,FIN,FORN-00109,RECEITA,3754,3754.27,BRL,Tributo incidente sobre receita de FIN,40,TED,PAGO,8564f3e9-2355-4a0a-9d3a-5a95324578cc,2024-04-05,ERP_CORPORATIVO,TRANSACOES_FINANCEIRAS,21301,3a555967c597c5ade51d19014629992aed0231a64951aec01a2b31a54898aa57
TR-21684,2024/03/19,2024-03-01,COM,FORN-00110,RECEITA,"R$ 3.237,69","3.107,11",BRL,Assessoria contábil prestada a COM,25,TRANSFERENCIA,PAGO,8564f3e9-2355-4a0a-9d3a-5a95324578cc,2024-04-05,ERP_CORPORATIVO,TRANSACOES_FINANCEIRAS,21684,39b9e4346a1e07e0e5fdd6ac3aa18ddb6fb38229b8f65f2cb8b966b9a10bc680
TR-21685,22-03-2024,2024-03-01,CTB,FORN-00110,DESPESA,"R$ 4.161,43","R$3984,51",BRL,Assessoria contábil prestada a CTB,25,BOLETO,ATRASADO,8564f3e9-2355-4a0a-9d3a-5a95324578cc,2024-04-05,ERP_CORPORATIVO,TRANSACOES_FINANCEIRAS,21685,50823aa6937835facf696596aa9f9ad7a23e803393fb6f5e4bf381a459de6f26
TR-21686,03-15-2024,2024-03-01,MKT,FORN-00110,RECEITA,"R$4698,29",4605.53,BRL,Suporte técnico para sistemas de MKT,29,BOLETO,PAGO,8564f3e9-2355-4a0a-9d3a-5a95324578cc,2024-04-05,ERP_CORPORATIVO,TRANSACOES_FINANCEIRAS,21686,bae30352a9b54c27ae54debab4cfdbf6b77c8c2e8b88153eb914cadb9222cc5d
TR-21687,2024/03/15,2024-03-01,FIN,FORN-00110,DESPESA,"R$4120,89",4120.89,BRL,Venda de ativo imobilizado por FIN,35,TED,PAGO,8564f3e9-2355-4a0a-9d3a-5a95324578cc,2024-04-05,ERP_CORPORATIVO,TRANSACOES_FINANCEIRAS,21687,3f49062e4eba7618dab325b78594e9a9d92a3589d6041c5c238be1fb0d541da4
TR-21688,04/03/24,2024-03-01,TI,FORN-00110,DESPESA,"R$ 4.591,03","4.591,03",BRL,Diária de hotel para equipe TI,19,PIX,PAGO,8564f3e9-2355-4a0a-9d3a-5a95324578cc,2024-04-05,ERP_CORPORATIVO,TRANSACOES_FINANCEIRAS,21688,026d9fd6868a5800b67b6947e9c64d8c5e188835eace83c7c78475b158502282
TR-21689,03-14-2024,2024-03-01,COM,FORN-00110,DESPESA,3493,3493.46,BRL,Despesa operacional - COM,8,TED,PAGO,8564f3e9-2355-4a0a-9d3a-5a95324578cc,2024-04-05,ERP_CORPORATIVO,TRANSACOES_FINANCEIRAS,21689,35415cb814d80ca5b9b5129e9aa3db0d01cc71dac1c912cadd935779ac8960c8
TR-21690,2024/03/21,2024-03-01,CTB,FORN-00110,RECEITA,4.390,4390.02,BRL,Viagem corporativa - CTB,18,TED,PAGO,8564f3e9-2355-4a0a-9d3a-5a95324578cc,2024-04-05,ERP_CORPORATIVO,TRANSACOES_FINANCEIRAS,21690,9ba260c048f19416174b1c24fe5f8e95e01888c504ed54e143e17d37127b35f7
TR-21691,03-18-2024,2024-03-01,SEC,FORN-00110,DESPESA,4.075,"4.074,88",BRL,Honorarium advocatício - SEC,24,BOLETO,PAGO,8564f3e9-2355-4a0a-9d3a-5a95324578cc,2024-04-05,ERP_CORPORATIVO,TRANSACOES_FINANCEIRAS,21691,847770a223eeed73694d3400a2701207597dff36db564f67fea325c8dd7728ec
TR-21692,2024/03/04,2024-03-01,PES,FORN-00110,DESPESA,4.172,"4.172,03",BRL,Investimento em marketing corporativo (PES),4,BOLETO,PAGO,8564f3e9-2355-4a0a-9d3a-5a95324578cc,2024-04-05,ERP_CORPORATIVO,TRANSACOES_FINANCEIRAS,21692,03d295b373904fe2aa8c9334046d93a96362d0da95bac2141defd2b1bb5a94ec
TR-21734,18/03/24,2024-03-01,COMP,FORN-00111,DESPESA,"R$1728,18",1728,BRL,Custo operacional associado a COMP,8,TED,PAGO,8564f3e9-2355-4a0a-9d3a-5a95324578cc,2024-04-05,ERP_CORPORATIVO,TRANSACOES_FINANCEIRAS,21734,210b30fcee077514879886d2bbcd406c5e3572cb26cc5b2d72eb9c479346ad39
TR-21735,03-11-2024,2024-03-01,COM,FORN-00111,DESPESA,"R$ 1.700,86","R$1665,11",BRL,Prestação de serviço para área COM,1,PIX,PAGO,8564f3e9-2355-4a0a-9d3a-5a95324578cc,2024-04-05,ERP_CORPORATIVO,TRANSACOES_FINANCEIRAS,21735,1a5d288d43a4d0201dd182230339034c3e5997ab0f86e78f4795794f70f5f270
TR-21736,06/03/2024,2024-03-01,CPT,FORN-00111,DESPESA,"1.589,43","R$ 1.589,43",BRL,Licenciamento de software - CPT,5,CARTAO,PAGO,8564f3e9-2355-4a0a-9d3a-5a95324578cc,2024-04-05,ERP_CORPORATIVO,TRANSACOES_FINANCEIRAS,21736,bd90bddce7a30c38297b0f7db55e7fc339bff5ebd12e0e054aea91ccc6f6c2b6
TR-21737,2024-03-20,2024-03-01,COMP,FORN-00111,DESPESA,"R$1866,77","R$ 1.866,77",BRL,Encargos de empréstimo vinculados a COMP,23,TED,PAGO,8564f3e9-2355-4a0a-9d3a-5a95324578cc,2024-04-05,ERP_CORPORATIVO,TRANSACOES_FINANCEIRAS,21737,d41acafe6f5cb1b7b3da6acd67e49f2dba960b741a83af66000b6393ba0be83d
TR-21738,18/03/2024,2024-03-01,QAS,FORN-00111,DESPESA,"2.192,28","R$2089,89",BRL,Serviço especializado solicitado por QAS,1,TRANSFERENCIA,PAGO,8564f3e9-2355-4a0a-9d3a-5a95324578cc,2024-04-05,ERP_CORPORATIVO,TRANSACOES_FINANCEIRAS,21738,9434554d61b1d7fa9ffc57bc0d098e675714c03ad37853ec806d5e2af784b612
TR-21739,08/03/24,2024-03-01,PES,FORN-00111,DESPESA,2142.03,"R$2142,03",BRL,Serviço de telefonia e internet - PES,9,BOLETO,PAGO,8564f3e9-2355-4a0a-9d3a-5a95324578cc,2024-04-05,ERP_CORPORATIVO,TRANSACOES_FINANCEIRAS,21739,5f06ec2c9e75236d8c5ff1754922d9d3f5e082ca9f7230ad055256173eb7551a
TR-21740,21/03/24,2024-03-01,ESG,FORN-00111,RECEITA,"1.860,02","R$1860,02",BRL,Serviço de telefonia e internet - ESG,9,TRANSFERENCIA,PAGO,8564f3e9-2355-4a0a-9d3a-5a95324578cc,2024-04-05,ERP_CORPORATIVO,TRANSACOES_FINANCEIRAS,21740,01f0aa73a7a0f4967f43af8ce3b94a8bc4f095e12495ac8edeb4e10add3aa9d8
TR-21741,2024-03-11,2024-03-01,COM,FORN-00111,RECEITA,"R$ 1.731,33","1.731,33",USD,Serviço de tecnologia contratado por COM,5,BOLETO,PAGO,8564f3e9-2355-4a0a-9d3a-5a95324578cc,2024-04-05,ERP_CORPORATIVO,TRANSACOES_FINANCEIRAS,21741,0b17fd972ba6afc68a39bf854275bf32d323eec942890d50e269e22017721ff5
TR-21742,03-11-2024,2024-03-01,OP,FORN-00111,DESPESA,1.875,"R$ 1.875,18",BRL,Comissão recebida por OP,33,TED,PAGO,8564f3e9-2355-4a0a-9d3a-5a95324578cc,2024-04-05,ERP_CORPORATIVO,TRANSACOES_FINANCEIRAS,21742,e574adecd0c6cfeba20941186e23cee5e17f1dc7e8a82ae93a614ab97e89a393
TR-21743,18/03/2024,2024-03-01,OP,FORN-00111,RECEITA,"1.747,21",1.747,BRL,Serviço especializado solicitado por OP,1,CARTAO,PAGO,8564f3e9-2355-4a0a-9d3a-5a95324578cc,2024-04-05,ERP_CORPORATIVO,TRANSACOES_FINANCEIRAS,21743,c73e0ed1139ba3aba7b74aa7d15e07b0a74dfbc1c0e3a85454dbd0e07ca048bf
TR-21744,2024-03-15,2024-03-01,OP,FORN-00111,DESPESA,"R$1692,90",1.693,BRL,Serviço de tecnologia contratado por OP,5,TRANSFERENCIA,PAGO,8564f3e9-2355-4a0a-9d3a-5a95324578cc,2024-04-05,ERP_CORPORATIVO,TRANSACOES_FINANCEIRAS,21744,2c617d97305d4a2007b846edd1c686b4a7e63b4aba03fb6dc9364151910b3d63
TR-21745,2024/03/18,2024-03-01,RH,FORN-00111,DESPESA,1835,1.756,BRL,Viagem corporativa - RH,18,BOLETO,ATRASADO,8564f3e9-2355-4a0a-9d3a-5a95324578cc,2024-04-05,ERP_CORPORATIVO,TRANSACOES_FINANCEIRAS,21745,7ad30fc595c5d5b7fbbe06dd43b1f745a27d8efd4afed773a0463e9d00cb7182
TR-21746,Mar 15 2024,2024-03-01,PRD,FORN-00111,RECEITA,2051,2051,BRL,Treinamento corporativo para equipe PRD,30,BOLETO,PAGO,8564f3e9-2355-4a0a-9d3a-5a95324578cc,2024-04-05,ERP_CORPORATIVO,TRANSACOES_FINANCEIRAS,21746,c832f1c889514dbd2b5b09fad6584c61597a9e1018d62b09473f3984f6162c61
TR-22012,2024/03/25,2024-03-01,PRD,ACC-00112,DESPESA,"R$2436,44","R$2436,44",BRL,Devolução de venda processada por PRD,39,BOLETO,PAGO,8564f3e9-2355-4a0a-9d3a-5a95324578cc,2024-04-05,ERP_CORPORATIVO,TRANSACOES_FINANCEIRAS,22012,013dd62044e88b65a4f2c583ae6859333369ffa8accb924b751ae2bd8c7ad323
TR-22013,03-15-2024,2024-03-01,RH,ACC-00112,DESPESA,1.364,"R$1364,00",BRL,Material de marketing solicitado por RH,15,TED,PAGO,8564f3e9-2355-4a0a-9d3a-5a95324578cc,2024-04-05,ERP_CORPORATIVO,TRANSACOES_FINANCEIRAS,22013,db192f45fa18269b8114f85db6a67f8194efdf6c8d8b0875d250935729fbcae9
TR-22014,Mar 27 2024,2024-03-01,CTB,ACC-00112,RECEITA,"2.461,84","R$ 2.461,84",BRL,Contrato de serviço - setor CTB,1,BOLETO,PAGO,8564f3e9-2355-4a0a-9d3a-5a95324578cc,2024-04-05,ERP_CORPORATIVO,TRANSACOES_FINANCEIRAS,22014,167fdd80550e3e6c447fa382beb3f491eeb6d04524e93ccfd8df2d0f095ae5b1
TR-22015,14/03/24,2024-03-01,ADM,ACC-00112,DESPESA,"R$2842,50",2842.50,BRL,Prestação de serviço para área ADM,1,BOLETO,PAGO,8564f3e9-2355-4a0a-9d3a-5a95324578cc,2024-04-05,ERP_CORPORATIVO,TRANSACOES_FINANCEIRAS,22015,8953a137ccdfaa4781d2002b8c65b37234f2b6f90d13a162e6cc04e08f8850ce
TR-22016,2024/03/25,2024-03-01,COM,ACC-00112,DESPESA,"R$ 2.693,25","2.693,25",BRL,Prestação de serviço para área COM,1,PIX,PAGO,8564f3e9-2355-4a0a-9d3a-5a95324578cc,2024-04-05,ERP_CORPORATIVO,TRANSACOES_FINANCEIRAS,22016,bbb38e513fc26f5f84d9022cc9f5482fe723d7dc4ca220cdb5610c10dee961c1
TR-22017,08/03/2024,2024-03-01,JUR,ACC-00112,DESPESA,"R$ 2.411,88","R$ 2.411,88",BRL,Tributo incidente sobre receita de JUR,40,PIX,ATRASADO,8564f3e9-2355-4a0a-9d3a-5a95324578cc,2024-04-05,ERP_CORPORATIVO,TRANSACOES_FINANCEIRAS,22017,0d7dc26b9978c1659e228a1f2cfe88e9b7ca39368d5d54528d3024389bf23c75
TR-22018,Mar 11 2024,2024-03-01,ADM,ACC-00112,DESPESA,"2.186,30",2186,BRL,Serviço especializado solicitado por ADM,1,CARTAO,PAGO,8564f3e9-2355-4a0a-9d3a-5a95324578cc,2024-04-05,ERP_CORPORATIVO,TRANSACOES_FINANCEIRAS,22018,32f465ff931749ff4be56a2e6e1b847c491027cf962dce9024fa153771a69614
TR-22019,2024/03/18,2024-03-01,TI,ACC-00112,DESPESA,2388.37,2388.37,BRL,Despesa de infraestrutura - TI,3,TRANSFERENCIA,PAGO,8564f3e9-2355-4a0a-9d3a-5a95324578cc,2024-04-05,ERP_CORPORATIVO,TRANSACOES_FINANCEIRAS,22019,e3b8b9a5d61c24264d2729658e2a8843b1d090d397bb7d5c796b1c4e55b3177d
TR-22020,03-25-2024,2024-03-01,MKT,ACC-00112,DESPESA,2140.76,"R$2140,76",BRL,Contrato de consultoria externa - MKT,12,BOLETO,ATRASADO,8564f3e9-2355-4a0a-9d3a-5a95324578cc,2024-04-05,ERP_CORPORATIVO,TRANSACOES_FINANCEIRAS,22020,e2266327ca6fcc8c75339a28a6b80d703ebc4057a6748b58719b4c9ac69ead2a
TR-22021,15-03-2024,2024-03-01,LOG,ACC-00112,DESPESA,2675,"2.675,17",BRL,Manutenção de equipamentos de LOG,28,BOLETO,ATRASADO,8564f3e9-2355-4a0a-9d3a-5a95324578cc,2024-04-05,ERP_CORPORATIVO,TRANSACOES_FINANCEIRAS,22021,989cb307c49f94d54979758ab5725060d8e157fd1f9e0eda2583ef7e7a2e90c0
TR-22022,Mar 18 2024,2024-03-01,RH,ACC-00112,RECEITA,2.287,2192.65,BRL,Investimento em marketing corporativo (RH),4,PIX,PAGO,8564f3e9-2355-4a0a-9d3a-5a95324578cc,2024-04-05,ERP_CORPORATIVO,TRANSACOES_FINANCEIRAS,22022,91e94c801fce48c144eb431bb9c895d4018e90d0d60750545e49f7ace3df6505
TR-22023,2024-03-18,2024-03-01,OP,ACC-00112,RECEITA,2422,"2.422,15",BRL,Contrato de conectividade para área OP,9,BOLETO,PAGO,8564f3e9-2355-4a0a-9d3a-5a95324578cc,2024-04-05,ERP_CORPORATIVO,TRANSACOES_FINANCEIRAS,22023,7350b4e0f1be1496aff3d0846055d59047b5b8382e81a77a24fe86a8606fcee3
TR-22024,03-11-2024,2024-03-01,VND,ACC-00112,DESPESA,2.752,2.752,USD,Serviço relacionado a recursos humanos (VND),6,TED,PAGO,8564f3e9-2355-4a0a-9d3a-5a95324578cc,2024-04-05,ERP_CORPORATIVO,TRANSACOES_FINANCEIRAS,22024,cc3a18431c2e01beb12e54a8826f7ec807c1332a24012fdebf611bd6b1e2841d
TR-22316,15/03/24,2024-03-01,ATD,1000113,DESPESA,8.166,"R$7764,40",BRL,Despesa operacional - ATD,8,TED,PAGO,8564f3e9-2355-4a0a-9d3a-5a95324578cc,2024-04-05,ERP_CORPORATIVO,TRANSACOES_FINANCEIRAS,22316,2512537f8f67f2446eeccb582076c36ce19b04f3a8a574be5e6a2da668a32aa4
TR-22317,03-25-2024,2024-03-01,COMP,1000113,DESPESA,"R$5212,02","R$5212,02",BRL,Despesa operacional - COMP,8,CARTAO,PAGO,8564f3e9-2355-4a0a-9d3a-5a95324578cc,2024-04-05,ERP_CORPORATIVO,TRANSACOES_FINANCEIRAS,22317,7e086e08c6bb9b258aa767cae51b71492893573dac72b8dc53b85c92a8103100
TR-22318,12/03/24,2024-03-01,COM,1000113,RECEITA,5.737,"R$5736,56",BRL,Licença de software para área COM,27,TED,PAGO,8564f3e9-2355-4a0a-9d3a-5a95324578cc,2024-04-05,ERP_CORPORATIVO,TRANSACOES_FINANCEIRAS,22318,52df51ca14612a832e37557dbdee123d4fcce264696973623cd508c4681c9aef
TR-22319,18/03/2024,2024-03-01,MKT,1000113,RECEITA,"R$6825,70","6.825,70",USD,Serviço técnico especializado para MKT,11,PIX,PAGO,8564f3e9-2355-4a0a-9d3a-5a95324578cc,2024-04-05,ERP_CORPORATIVO,TRANSACOES_FINANCEIRAS,22319,6ead2ca4e1914a798ec7fc3c4d3b2354f019505629cbd9ad4b48ba881d07ecd4
TR-22320,2024/03/12,2024-03-01,PRD,1000113,DESPESA,6.502,"6.502,23",BRL,Honorarium advocatício - PRD,24,TED,ATRASADO,8564f3e9-2355-4a0a-9d3a-5a95324578cc,2024-04-05,ERP_CORPORATIVO,TRANSACOES_FINANCEIRAS,22320,08b51bc0256106dd5292ecb5f8f79df51f970fa0dde82fca24ece8d1693cbeba
TR-22321,2024/03/21,2024-03-01,SEC,1000113,DESPESA,"R$ 6.978,39",6658,BRL,Treinamento corporativo para equipe SEC,30,TRANSFERENCIA,PAGO,8564f3e9-2355-4a0a-9d3a-5a95324578cc,2024-04-05,ERP_CORPORATIVO,TRANSACOES_FINANCEIRAS,22321,c8c3444010bdcb8e6341e57b015ad19160a03b8b59d714b3219f9065240a3a92
TR-22322,2024-03-12,2024-03-01,ADM,1000113,DESPESA,"R$6637,98",6638,BRL,Abastecimento de veículos - ADM,16,TRANSFERENCIA,PAGO,8564f3e9-2355-4a0a-9d3a-5a95324578cc,2024-04-05,ERP_CORPORATIVO,TRANSACOES_FINANCEIRAS,22322,058499117539ea8ce30c4449952c44369f3c73031c95377057e1ab09acf8cd31
TR-22323,2024/03/11,2024-03-01,JUR,1000113,DESPESA,"7.608,31",7608,BRL,Investimento em marketing corporativo (JUR),4,PIX,PAGO,8564f3e9-2355-4a0a-9d3a-5a95324578cc,2024-04-05,ERP_CORPORATIVO,TRANSACOES_FINANCEIRAS,22323,7d01e8a98edf5712ab8d7f4ecb1f0799ec9f75d636a8a935f8e1dbfd2d9f809b
TR-22324,2024/03/25,2024-03-01,MKT,1000113,DESPESA,7.061,"R$ 6.728,07",BRL,Atendimento de TI requisitado por MKT,29,BOLETO,PAGO,8564f3e9-2355-4a0a-9d3a-5a95324578cc,2024-04-05,ERP_CORPORATIVO,TRANSACOES_FINANCEIRAS,22324,86206629cd7c0cdd0bc64c523439e48d0ee4650092c031eb700db13204199729
TR-22325,2024-03-25,2024-03-01,QAS,1000113,DESPESA,"7.280,37",6.923,BRL,Contrato de serviço - setor QAS,1,PIX,CANCELADO,8564f3e9-2355-4a0a-9d3a-5a95324578cc,2024-04-05,ERP_CORPORATIVO,TRANSACOES_FINANCEIRAS,22325,c79373ac572110c1a35123d0fab277b0d9c7d0473a43d86700bf0023cef0a1e5
TR-22326,2024-03-18,2024-03-01,COM,1000113,DESPESA,7.384,7.384,BRL,Contrato de serviço - setor COM,1,BOLETO,PAGO,8564f3e9-2355-4a0a-9d3a-5a95324578cc,2024-04-05,ERP_CORPORATIVO,TRANSACOES_FINANCEIRAS,22326,9400179a68150cbebac435fcd1e13b88e7c04f42dd0f91dda106e48bee090961
TR-22327,11-03-2024,2024-03-01,PJT,1000113,DESPESA,"R$5919,34","5.919,34",BRL,Contrato de consultoria externa - PJT,12,TED,PAGO,8564f3e9-2355-4a0a-9d3a-5a95324578cc,2024-04-05,ERP_CORPORATIVO,TRANSACOES_FINANCEIRAS,22327,618dcfa6cfe3af87d2d75f0deb81d70b761132601de308199835020d280c3aeb
TR-22328,12/03/24,2024-03-01,FIN,1000113,RECEITA,"R$ 7.072,43",7072,BRL,Reparo de frota vinculado à área FIN,17,BOLETO,PAGO,8564f3e9-2355-4a0a-9d3a-5a95324578cc,2024-04-05,ERP_CORPORATIVO,TRANSACOES_FINANCEIRAS,22328,e5f988843545683c7b5c5011270cdc7b3c0198f90fb8e0cf97661a10619b16fa
TR-22670,21-03-2024,2024-03-01,COM,1000115,RECEITA,"R$ 6.101,70","R$6101,70",BRL,Serviço relacionado a recursos humanos (COM),6,PIX,PAGO,8564f3e9-2355-4a0a-9d3a-5a95324578cc,2024-04-05,ERP_CORPORATIVO,TRANSACOES_FINANCEIRAS,22670,02bfa52ea960e06025e2c0e57bd7a9ac774b3af8332ecba826913f87a5762e6e
TR-22671,2024-03-18,2024-03-01,OP,1000115,DESPESA,"7.180,96","R$6892,92",BRL,Serviço especializado solicitado por OP,1,BOLETO,PAGO,8564f3e9-2355-4a0a-9d3a-5a95324578cc,2024-04-05,ERP_CORPORATIVO,TRANSACOES_FINANCEIRAS,22671,df86db620fadd95dd8f586a30a7bf6df660af32fcaa8f0261698ab212454a815
TR-22672,18/03/24,2024-03-01,CPT,1000115,DESPESA,"6.605,34",6.605,BRL,Encargos de empréstimo vinculados a CPT,23,PIX,PAGO,8564f3e9-2355-4a0a-9d3a-5a95324578cc,2024-04-05,ERP_CORPORATIVO,TRANSACOES_FINANCEIRAS,22672,8262d56a1fc43d2f62359f89d08c357301dccc106c8d55c54f41406795086294
TR-22673,03-15-2024,2024-03-01,OP,1000115,DESPESA,7365,7.066,BRL,Aquisição de material operacional - OP,2,TED,PAGO,8564f3e9-2355-4a0a-9d3a-5a95324578cc,2024-04-05,ERP_CORPORATIVO,TRANSACOES_FINANCEIRAS,22673,410f9071f543bcc326e46148e1a73538447f9131463980aa51682a2eca02a285
TR-22674,25/03/24,2024-03-01,JUR,1000115,DESPESA,18367,"18.367,46",BRL,Participação nos resultados vinculada a JUR,34,PIX,PAGO,8564f3e9-2355-4a0a-9d3a-5a95324578cc,2024-04-05,ERP_CORPORATIVO,TRANSACOES_FINANCEIRAS,22674,71f601bc4e6332a01f28283a9212110569a755b3d34f25a21b475f31458a442c
TR-22675,Mar 20 2024,2024-03-01,PJT,1000115,DESPESA,8249.89,"8.249,89",BRL,Despesa de RH - PJT,6,TRANSFERENCIA,PAGO,8564f3e9-2355-4a0a-9d3a-5a95324578cc,2024-04-05,ERP_CORPORATIVO,TRANSACOES_FINANCEIRAS,22675,dc9912d237c189ebcd48d8913af9d761d728462a15a060ccd27e8491b5f31942
TR-22855,03-25-2024,2024-03-01,MKT,FORN-00118,RECEITA,3258,3257.76,BRL,Manutenção estrutural vinculada à área MKT,3,PIX,PAGO,8564f3e9-2355-4a0a-9d3a-5a95324578cc,2024-04-05,ERP_CORPORATIVO,TRANSACOES_FINANCEIRAS,22855,a1d6c018fac04210a9345e09b704193367ff40ee67ca7e9e9d1f80945f193bc0
TR-22856,21/03/24,2024-03-01,TI,FORN-00118,RECEITA,"R$3632,13",3632.13,BRL,Licenciamento de software - TI,5,TED,CANCELADO,8564f3e9-2355-4a0a-9d3a-5a95324578cc,2024-04-05,ERP_CORPORATIVO,TRANSACOES_FINANCEIRAS,22856,298af52a3056ab7d8390a8902fe12811aece5ca7b5283cd0e0116b309a5841c5
TR-22857,Mar 11 2024,2024-03-01,COM,FORN-00118,RECEITA,3112,"3.111,79",BRL,Contrato de serviço - setor COM,1,PIX,ATRASADO,8564f3e9-2355-4a0a-9d3a-5a95324578cc,2024-04-05,ERP_CORPORATIVO,TRANSACOES_FINANCEIRAS,22857,af4b262f10d219d3ae1c12b0a80d3d0aa036ad53245f9566efaed41b0d2d2b2a
TR-22858,11/03/24,2024-03-01,FIN,FORN-00118,DESPESA,"R$3476,17",3476.17,BRL,Contrato de consultoria externa - FIN,12,CARTAO,PAGO,8564f3e9-2355-4a0a-9d3a-5a95324578cc,2024-04-05,ERP_CORPORATIVO,TRANSACOES_FINANCEIRAS,22858,6b6ee503157fe0263336ac1cb20fddf7ea54092473aa499772ec8c9cf90e2e85
TR-22859,Mar 07 2024,2024-03-01,SEC,FORN-00118,DESPESA,3.739,3.739,BRL,Prestação de serviço para área SEC,1,PIX,ATRASADO,8564f3e9-2355-4a0a-9d3a-5a95324578cc,2024-04-05,ERP_CORPORATIVO,TRANSACOES_FINANCEIRAS,22859,23a0e8852822b2d800b35ae1daa759f407cfc9b0c19614889559c3abd4fce862
TR-22860,11/03/2024,2024-03-01,MKT,FORN-00118,RECEITA,"R$3523,44","3.383,82",BRL,Alimentação em viagem corporativa - MKT,20,TRANSFERENCIA,ATRASADO,8564f3e9-2355-4a0a-9d3a-5a95324578cc,2024-04-05,ERP_CORPORATIVO,TRANSACOES_FINANCEIRAS,22860,b6b0fb6ce87f1f8e7a8a90427a3da11c41c792d41c830e5a04c5382b7e5dd09f
TR-22861,15/03/24,2024-03-01,FIN,FORN-00118,DESPESA,"R$3327,47","3.205,00",BRL,Compra de insumos para setor FIN,2,TRANSFERENCIA,PAGO,8564f3e9-2355-4a0a-9d3a-5a95324578cc,2024-04-05,ERP_CORPORATIVO,TRANSACOES_FINANCEIRAS,22861,dd66b8153b82d61bbdc80820f1cafc9ff26154a5204c8451793df9f307234737
TR-22862,03-11-2024,2024-03-01,COMP,FORN-00118,DESPESA,"R$3612,28",3612,USD,Viagem corporativa - COMP,18,PIX,ATRASADO,8564f3e9-2355-4a0a-9d3a-5a95324578cc,2024-04-05,ERP_CORPORATIVO,TRANSACOES_FINANCEIRAS,22862,881e96ceac4c367c66764657e761f1c6174c3dc83729490ae0b60781803506ff
TR-22863,19-03-2024,2024-03-01,MKT,FORN-00118,DESPESA,3767.18,3.767,BRL,Licenciamento de software - MKT,5,PIX,PAGO,8564f3e9-2355-4a0a-9d3a-5a95324578cc,2024-04-05,ERP_CORPORATIVO,TRANSACOES_FINANCEIRAS,22863,c22b8ac16002c931a00673b5b2d37d585285ff354de65b2635fc46dec5f91c78
TR-22864,Mar 25 2024,2024-03-01,COMP,FORN-00118,DESPESA,3266,3.266,BRL,Despesa operacional - COMP,8,BOLETO,PAGO,8564f3e9-2355-4a0a-9d3a-5a95324578cc,2024-04-05,ERP_CORPORATIVO,TRANSACOES_FINANCEIRAS,22864,9fbe32b6bcc25ad58fd4267b960a25aa0120547fcf1cba30f527f5f8bb0378dd
TR-22865,Mar 11 2024,2024-03-01,COMP,FORN-00118,RECEITA,3706,"R$ 3.706,45",BRL,Despesa de infraestrutura - COMP,3,PIX,PAGO,8564f3e9-2355-4a0a-9d3a-5a95324578cc,2024-04-05,ERP_CORPORATIVO,TRANSACOES_FINANCEIRAS,22865,8a7e6116b2b65c5366752cfff26524acb82f6e4ff4971430b1f9e055a475ee2b
TR-22866,27/03/24,2024-03-01,SEC,FORN-00118,RECEITA,"3.699,11","R$ 3.518,07",BRL,Contrato de serviço - setor SEC,1,BOLETO,ATRASADO,8564f3e9-2355-4a0a-9d3a-5a95324578cc,2024-04-05,ERP_CORPORATIVO,TRANSACOES_FINANCEIRAS,22866,91665957d02ad8441ca8a14e9effe887475457abb75a15cd357c2d50da1f7b5a
TR-22867,25/03/24,2024-03-01,ADM,FORN-00118,DESPESA,3771.82,3772,BRL,Manutenção estrutural vinculada à área ADM,3,TED,PAGO,8564f3e9-2355-4a0a-9d3a-5a95324578cc,2024-04-05,ERP_CORPORATIVO,TRANSACOES_FINANCEIRAS,22867,081f6fda630c33c270a09067943b10ae2735fcaf22001ea664b7ac6c6f87cc63
TR-22940,Mar 18 2024,2024-03-01,JUR,FORN-00119,RECEITA,6366.13,"R$ 6.366,13",BRL,Custo operacional associado a JUR,8,TED,PAGO,8564f3e9-2355-4a0a-9d3a-5a95324578cc,2024-04-05,ERP_CORPORATIVO,TRANSACOES_FINANCEIRAS,22940,40a0d9bd7a9ae49e1dcee1fd88523027e69544eff0419c1343b4e5f460289777
TR-22941,2024-03-07,2024-03-01,ADM,FORN-00119,RECEITA,5499.44,5499.44,BRL,Serviço relacionado a recursos humanos (ADM),6,PIX,PAGO,8564f3e9-2355-4a0a-9d3a-5a95324578cc,2024-04-05,ERP_CORPORATIVO,TRANSACOES_FINANCEIRAS,22941,0a49395db9b2445532f47dfe8e77a6631e89e6d7a79e40f010ccbff2b83180ad
TR-22942,2024/03/04,2024-03-01,CTB,FORN-00119,DESPESA,"5.761,52","5.761,52",BRL,Produção de material gráfico - CTB,15,TRANSFERENCIA,PAGO,8564f3e9-2355-4a0a-9d3a-5a95324578cc,2024-04-05,ERP_CORPORATIVO,TRANSACOES_FINANCEIRAS,22942,52122a84daca4e4b9d83afd2d03e884098912222e4d402aefc94d76b83e987b1
TR-22943,19/03/24,2024-03-01,COM,FORN-00119,DESPESA,"R$ 5.661,63","R$5661,63",BRL,Participação nos resultados vinculada a COM,34,PIX,PAGO,8564f3e9-2355-4a0a-9d3a-5a95324578cc,2024-04-05,ERP_CORPORATIVO,TRANSACOES_FINANCEIRAS,22943,c55953fd1ad8db07b269c9e27290b785fbd11e79dae2d21cc2d7a19c522008bb
TR-22944,12/03/24,2024-03-01,OP,FORN-00119,RECEITA,5870.03,5870.03,BRL,Recebimento de subvenção - OP,36,BOLETO,PAGO,8564f3e9-2355-4a0a-9d3a-5a95324578cc,2024-04-05,ERP_CORPORATIVO,TRANSACOES_FINANCEIRAS,22944,4f39abba89d4057edf0ceaf0af60d42bea5fd262b3906f6b7d94d95d12a50e07
TR-22945,27/03/2024,2024-03-01,JUR,FORN-00119,RECEITA,5484.49,5.484,BRL,Suporte técnico para sistemas de JUR,29,PIX,PAGO,8564f3e9-2355-4a0a-9d3a-5a95324578cc,2024-04-05,ERP_CORPORATIVO,TRANSACOES_FINANCEIRAS,22945,24597c80a0317859718dd4ef1728b926011143d797e0276f159841daf0db1083
TR-22946,2024/03/15,2024-03-01,FIN,FORN-00119,DESPESA,"6.390,39","R$ 6.390,39",BRL,Custo operacional associado a FIN,8,PIX,PAGO,8564f3e9-2355-4a0a-9d3a-5a95324578cc,2024-04-05,ERP_CORPORATIVO,TRANSACOES_FINANCEIRAS,22946,f39aafde873f6becac53900e6c97a8c5e1f5792b875d213ca236c6ac35a3ca07
TR-22947,12-03-2024,2024-03-01,JUR,FORN-00119,DESPESA,"R$ 5.663,62","R$5663,62",BRL,Suporte técnico para sistemas de JUR,29,PIX,CANCELADO,8564f3e9-2355-4a0a-9d3a-5a95324578cc,2024-04-05,ERP_CORPORATIVO,TRANSACOES_FINANCEIRAS,22947,29c8d98335acf84ef67e7694082721cb892bce266cc5b95d8d2f4826f1202299
TR-22948,11/03/24,2024-03-01,LOG,FORN-00119,RECEITA,5972.86,5972.86,BRL,Licenciamento de software - LOG,5,TED,PAGO,8564f3e9-2355-4a0a-9d3a-5a95324578cc,2024-04-05,ERP_CORPORATIVO,TRANSACOES_FINANCEIRAS,22948,c1a92ff93e2c840ccec25b0622fe96123df7317ac40316801d70e98fc23c536e
TR-22949,19/03/24,2024-03-01,COM,FORN-00119,DESPESA,5822.81,5.740,BRL,Licença de software para área COM,27,BOLETO,PAGO,8564f3e9-2355-4a0a-9d3a-5a95324578cc,2024-04-05,ERP_CORPORATIVO,TRANSACOES_FINANCEIRAS,22949,3dab2e3099bc8dd222b67a4b57e738523560b17fe5685132fb990c11a8925116
TR-23375,20/03/24,2024-03-01,LOG,1000120,DESPESA,4.671,"R$ 4.617,16",BRL,Participação nos resultados vinculada a LOG,34,BOLETO,PAGO,8564f3e9-2355-4a0a-9d3a-5a95324578cc,2024-04-05,ERP_CORPORATIVO,TRANSACOES_FINANCEIRAS,23375,7819839311cae37822c79789a4f19534cb01999803e21512b8e16d712117115b
TR-23376,2024/03/20,2024-03-01,RH,1000120,DESPESA,"R$ 4.864,85","4.864,85",BRL,Viagem corporativa - RH,18,CARTAO,PAGO,8564f3e9-2355-4a0a-9d3a-5a95324578cc,2024-04-05,ERP_CORPORATIVO,TRANSACOES_FINANCEIRAS,23376,27a93e19bc4f8a92e9d1ec89a9bd912a51dd3c012bed9fe255b30ee973f0ba2f
TR-23377,18/03/2024,2024-03-01,VND,1000120,DESPESA,3815,"3.815,27",BRL,Prestação de serviço para área VND,1,PIX,PAGO,8564f3e9-2355-4a0a-9d3a-5a95324578cc,2024-04-05,ERP_CORPORATIVO,TRANSACOES_FINANCEIRAS,23377,bbb0cf16ea9dd2e7b107f2614041e21ca039f278c232d6f5498f52bc566f19b4
TR-23378,03-18-2024,2024-03-01,SEC,1000120,RECEITA,4248.46,"R$ 4.248,46",BRL,Investimento em marketing corporativo (SEC),4,PIX,PAGO,8564f3e9-2355-4a0a-9d3a-5a95324578cc,2024-04-05,ERP_CORPORATIVO,TRANSACOES_FINANCEIRAS,23378,c86e1b4807149e4eca32bb6d9bc5d0c82f4d129d28d4ddae000304a62bf35307
TR-23379,03-11-2024,2024-03-01,FIN,1000120,RECEITA,"R$4931,15","4.931,15",BRL,Honorários profissionais contratados por FIN,11,PIX,PAGO,8564f3e9-2355-4a0a-9d3a-5a95324578cc,2024-04-05,ERP_CORPORATIVO,TRANSACOES_FINANCEIRAS,23379,79fe897c9c0295a5fb2dfcb0c094fc7e5ed49cedc5462d1ff2477865a72756c6
TR-23380,Mar 18 2024,2024-03-01,ESG,1000120,DESPESA,"2.267,94",2268,BRL,Abatimento comercial registrado em ESG,38,BOLETO,PAGO,8564f3e9-2355-4a0a-9d3a-5a95324578cc,2024-04-05,ERP_CORPORATIVO,TRANSACOES_FINANCEIRAS,23380,1d325b668753632cda0048349d7c929c722ab9508a3a567abf42ad3d6c97cc88
TR-23381,Mar 22 2024,2024-03-01,SEC,1000120,RECEITA,5.019,"R$ 4.893,92",USD,Publicidade institucional - SEC,13,TED,PAGO,8564f3e9-2355-4a0a-9d3a-5a95324578cc,2024-04-05,ERP_CORPORATIVO,TRANSACOES_FINANCEIRAS,23381,e0e07c883efc22881d595f573a0dffffb5eba0c30ceb96914780bcc5c0fd0843
TR-23382,2024-03-11,2024-03-01,COMP,1000120,RECEITA,4756,4756,BRL,Prestação de serviço para área COMP,1,TRANSFERENCIA,PAGO,8564f3e9-2355-4a0a-9d3a-5a95324578cc,2024-04-05,ERP_CORPORATIVO,TRANSACOES_FINANCEIRAS,23382,273b92ea72f9178b657183d7acc5a71462aa90774d9e4685fdd9b8f493adb0e7
TR-23383,2024-03-20,2024-03-01,PJT,1000120,RECEITA,4110,"R$ 4.039,44",BRL,Custo operacional associado a PJT,8,PIX,ATRASADO,8564f3e9-2355-4a0a-9d3a-5a95324578cc,2024-04-05,ERP_CORPORATIVO,TRANSACOES_FINANCEIRAS,23383,0e62ea7a50eaf54b70d0c2a50c5d11518d6102c7c972dc64ffde44f0cf8a1bde
TR-23460,21/03/24,2024-03-01,COMP,FORN-00122,RECEITA,"R$2639,88",2640,BRL,Custo operacional associado a COMP,8,PIX,PAGO,8564f3e9-2355-4a0a-9d3a-5a95324578cc,2024-04-05,ERP_CORPORATIVO,TRANSACOES_FINANCEIRAS,23460,b1cc795110cfeb9097e19d7857d5a83e72f0bafdbf9cbac49a176d3be256601c
TR-23461,22/03/2024,2024-03-01,COMP,FORN-00122,DESPESA,1.133,"1.132,54",BRL,Recebimento de subvenção - COMP,36,PIX,PAGO,8564f3e9-2355-4a0a-9d3a-5a95324578cc,2024-04-05,ERP_CORPORATIVO,TRANSACOES_FINANCEIRAS,23461,dbc6a3ab7974640395919bc96e5005e5596ccc9c44fd18b73880336e5634c46f
TR-23462,Mar 12 2024,2024-03-01,RH,FORN-00122,DESPESA,"2.366,79","2.366,79",BRL,Assessoria contábil prestada a RH,25,TED,CANCELADO,8564f3e9-2355-4a0a-9d3a-5a95324578cc,2024-04-05,ERP_CORPORATIVO,TRANSACOES_FINANCEIRAS,23462,4159b4568093bf956804d0889b493c4d124cbe270d6013851a905c0b19493918
TR-23463,03-13-2024,2024-03-01,VND,FORN-00122,RECEITA,"R$2535,49",2535.49,BRL,Treinamento corporativo para equipe VND,30,BOLETO,PAGO,8564f3e9-2355-4a0a-9d3a-5a95324578cc,2024-04-05,ERP_CORPORATIVO,TRANSACOES_FINANCEIRAS,23463,8c305371aa362646539ab92328c0425381cf79372077fd039ebe4ab891f8c308
TR-23464,2024/03/13,2024-03-01,ADM,FORN-00122,DESPESA,2360,2.360,BRL,Atendimento de TI requisitado por ADM,29,PIX,ATRASADO,8564f3e9-2355-4a0a-9d3a-5a95324578cc,2024-04-05,ERP_CORPORATIVO,TRANSACOES_FINANCEIRAS,23464,03a7bcb67a08ba25b346fd91c832180a1178862f9d76a262b37f7e6d2b2c36cd
TR-23465,03-13-2024,2024-03-01,TI,FORN-00122,DESPESA,2508,2508,BRL,Consultoria estratégica para área TI,12,TED,CANCELADO,8564f3e9-2355-4a0a-9d3a-5a95324578cc,2024-04-05,ERP_CORPORATIVO,TRANSACOES_FINANCEIRAS,23465,8c6acb81063a728d96f04940f309ae1119ea07fe2e8bd5f62013cdbe226eb261
TR-23466,2024/03/11,2024-03-01,TI,FORN-00122,DESPESA,"R$ 2.567,06","R$2567,06",EUR,Contrato de serviço - setor TI,1,BOLETO,PAGO,8564f3e9-2355-4a0a-9d3a-5a95324578cc,2024-04-05,ERP_CORPORATIVO,TRANSACOES_FINANCEIRAS,23466,c347ecdf985715e63b345e6b34d3e872ad2aa78d6067d706eca4ae94661c8146
TR-23467,03-28-2024,2024-03-01,JUR,FORN-00122,DESPESA,2171,"R$ 2.171,43",BRL,Honorarium advocatício - JUR,24,BOLETO,PAGO,8564f3e9-2355-4a0a-9d3a-5a95324578cc,2024-04-05,ERP_CORPORATIVO,TRANSACOES_FINANCEIRAS,23467,cf852928f3dd2c48ef854b6bb11469a7add061c5ab48d8a707bee6336dbd7834
TR-23468,08/03/2024,2024-03-01,OP,FORN-00122,DESPESA,2586.29,"2.586,29",BRL,Doação recebida em favor de OP,36,TRANSFERENCIA,PAGO,8564f3e9-2355-4a0a-9d3a-5a95324578cc,2024-04-05,ERP_CORPORATIVO,TRANSACOES_FINANCEIRAS,23468,162e2b7e4922a11d4ab1594ef3f8bd1149d7552b08dfcd49f0aae8e51eb7d7c8
TR-23740,2024-03-22,2024-03-01,CPT,ACC-00123,DESPESA,9129.53,"9.129,53",BRL,Despesa operacional - CPT,8,CARTAO,PAGO,8564f3e9-2355-4a0a-9d3a-5a95324578cc,2024-04-05,ERP_CORPORATIVO,TRANSACOES_FINANCEIRAS,23740,aa5b79a9bed85dc4cd4807093c3a008305ed3adc0ae897809b2fa909e2d966ed
TR-23741,03-07-2024,2024-03-01,MKT,ACC-00123,DESPESA,"R$9977,96","R$ 9.977,96",BRL,Aquisição de material operacional - MKT,2,PIX,PAGO,8564f3e9-2355-4a0a-9d3a-5a95324578cc,2024-04-05,ERP_CORPORATIVO,TRANSACOES_FINANCEIRAS,23741,3805f0ebb2c495de311cf5d7197660e9ea7cc8342bbcde72cee444d7a07aa01a
TR-23742,2024/03/15,2024-03-01,COM,ACC-00123,DESPESA,8.218,8.218,BRL,Serviço de telefonia e internet - COM,9,CARTAO,PAGO,8564f3e9-2355-4a0a-9d3a-5a95324578cc,2024-04-05,ERP_CORPORATIVO,TRANSACOES_FINANCEIRAS,23742,121d15833ece949f63471f937bf3dd5ca6434f60611a4b9c4234891444c8ba81
TR-23743,11-03-2024,2024-03-01,SEC,ACC-00123,DESPESA,7.284,"R$ 7.081,33",BRL,Manutenção estrutural vinculada à área SEC,3,TRANSFERENCIA,PAGO,8564f3e9-2355-4a0a-9d3a-5a95324578cc,2024-04-05,ERP_CORPORATIVO,TRANSACOES_FINANCEIRAS,23743,c0c171e90aeaa32edb219116e566b1e8cf7f350c82882bcace2e3ea94dd92698
TR-23744,20/03/2024,2024-03-01,ATD,ACC-00123,DESPESA,"7.333,64","R$7333,64",BRL,Renovação de certificados digitais - ATD,26,TED,CANCELADO,8564f3e9-2355-4a0a-9d3a-5a95324578cc,2024-04-05,ERP_CORPORATIVO,TRANSACOES_FINANCEIRAS,23744,b65931dad83acb0943ebecc6d0a4054208fa5d5fcc48def8039e5e9b6e97280f
TR-23745,11-03-2024,2024-03-01,OP,ACC-00123,DESPESA,"9.208,71",8963,BRL,Custo operacional associado a OP,8,BOLETO,PAGO,8564f3e9-2355-4a0a-9d3a-5a95324578cc,2024-04-05,ERP_CORPORATIVO,TRANSACOES_FINANCEIRAS,23745,fae9cbcb86445031ebfef9db9f5e1bc59aee1828739ffdf0f3fd59f98eec2d8a
TR-24044,14-03-2024,2024-03-01,SEC,1000124,RECEITA,"R$ 12.496,42",12496,BRL,Serviço de telefonia e internet - SEC,9,BOLETO,CANCELADO,8564f3e9-2355-4a0a-9d3a-5a95324578cc,2024-04-05,ERP_CORPORATIVO,TRANSACOES_FINANCEIRAS,24044,c9e509906911464cc3ba3239df7c37c02f12515b4ba27a8eb3d7dad425e817a3
TR-24045,2024-03-18,2024-03-01,PJT,1000124,DESPESA,9.248,"R$8912,70",USD,Taxas bancárias incidentes em PJT,22,BOLETO,PAGO,8564f3e9-2355-4a0a-9d3a-5a95324578cc,2024-04-05,ERP_CORPORATIVO,TRANSACOES_FINANCEIRAS,24045,32431ba77a2e10c492e792c6373fbf8e907db273e812a28a28dea46a82fea97d
TR-24384,Mar 19 2024,2024-03-01,PJT,ACC-00127,RECEITA,"R$ 3.257,58","R$3127,12",BRL,Reparo de frota vinculado à área PJT,17,BOLETO,PAGO,8564f3e9-2355-4a0a-9d3a-5a95324578cc,2024-04-05,ERP_CORPORATIVO,TRANSACOES_FINANCEIRAS,24384,f871e567c7b665fb70b01db426ef4feded9b1f77aeb7f722a9f1b07c5c29ac3e
TR-24385,12/03/2024,2024-03-01,FIN,ACC-00127,DESPESA,"3.118,58",3118.58,BRL,Despesa operacional - FIN,8,PIX,PAGO,8564f3e9-2355-4a0a-9d3a-5a95324578cc,2024-04-05,ERP_CORPORATIVO,TRANSACOES_FINANCEIRAS,24385,3bb8bb39c7b21ec628dd3747040112512a830cc61666ba98d3dcad1d4aa14ea5
TR-24386,Mar 14 2024,2024-03-01,ATD,ACC-00127,RECEITA,3865,"R$3865,10",BRL,Custo operacional associado a ATD,8,PIX,ATRASADO,8564f3e9-2355-4a0a-9d3a-5a95324578cc,2024-04-05,ERP_CORPORATIVO,TRANSACOES_FINANCEIRAS,24386,e6b792bd5325cef9d50f59a9a3f5b3c36729dd3e9b5cd0242ef69d920ebd2ab6
TR-24387,08/03/24,2024-03-01,SEC,ACC-00127,DESPESA,"R$3367,72","R$3367,72",BRL,Campanha institucional - SEC,4,TRANSFERENCIA,PAGO,8564f3e9-2355-4a0a-9d3a-5a95324578cc,2024-04-05,ERP_CORPORATIVO,TRANSACOES_FINANCEIRAS,24387,afe647d84edf6ef7c18903f7ef6fada6df46047d9ab17efc821e7822b3573fde
TR-24388,2024/03/14,2024-03-01,FIN,ACC-00127,DESPESA,"R$ 3.178,36","R$ 3.178,36",BRL,Honorarium advocatício - FIN,24,BOLETO,PAGO,8564f3e9-2355-4a0a-9d3a-5a95324578cc,2024-04-05,ERP_CORPORATIVO,TRANSACOES_FINANCEIRAS,24388,52851c4bffa1a08f91d9b41f6797c670c233e1cae7987656dd50e2bced63bd15
TR-24389,2024/03/15,2024-03-01,COM,ACC-00127,DESPESA,3652,"3.651,71",BRL,Manutenção preventiva de veículos - COM,17,PIX,PAGO,8564f3e9-2355-4a0a-9d3a-5a95324578cc,2024-04-05,ERP_CORPORATIVO,TRANSACOES_FINANCEIRAS,24389,49a498a4f8517580d71505dbf09194425f1e601f3c56b905a888585f2235a7ee
TR-24390,03-18-2024,2024-03-01,COMP,ACC-00127,DESPESA,"R$ 7.447,72",7447.72,BRL,Despesa de RH - COMP,6,TRANSFERENCIA,PAGO,8564f3e9-2355-4a0a-9d3a-5a95324578cc,2024-04-05,ERP_CORPORATIVO,TRANSACOES_FINANCEIRAS,24390,33ba28effd02a8f06578d88a208f4b8b9c2cb62147e3d4f4edc140692ba94240
TR-24391,14/03/2024,2024-03-01,QAS,ACC-00127,DESPESA,"R$ 3.487,39","R$ 3.377,95",BRL,Manutenção estrutural vinculada à área QAS,3,BOLETO,CANCELADO,8564f3e9-2355-4a0a-9d3a-5a95324578cc,2024-04-05,ERP_CORPORATIVO,TRANSACOES_FINANCEIRAS,24391,6b8cb86fffe96080ce90c0f37fdfd7d3ffe4ad9c0b59606568230e463db0483a
TR-24392,2024-03-11,2024-03-01,TI,ACC-00127,DESPESA,"3.196,60","R$ 3.091,27",BRL,Licença de software para área TI,27,TED,PAGO,8564f3e9-2355-4a0a-9d3a-5a95324578cc,2024-04-05,ERP_CORPORATIVO,TRANSACOES_FINANCEIRAS,24392,4a1fe74cd5debe842dcb54c3c94ab5f586a13e36f56674be925443fa843c4c4b
TR-24393,2024/03/26,2024-03-01,OP,ACC-00127,RECEITA,"R$3002,89","2.967,87",BRL,Manutenção estrutural vinculada à área OP,3,BOLETO,PAGO,8564f3e9-2355-4a0a-9d3a-5a95324578cc,2024-04-05,ERP_CORPORATIVO,TRANSACOES_FINANCEIRAS,24393,f3ea002b4501dffde24a1e1b6786ba8e568c2561060d8914f92e45708447bbeb
TR-24394,2024/03/20,2024-03-01,QAS,ACC-00127,RECEITA,"R$2968,51",2.969,BRL,Compra de insumos para setor QAS,2,BOLETO,PAGO,8564f3e9-2355-4a0a-9d3a-5a95324578cc,2024-04-05,ERP_CORPORATIVO,TRANSACOES_FINANCEIRAS,24394,6cbaf4424fcaa5ca450ffe170cf223f828e9a6a1df9335a7b6a27c44234d34d1
TR-24395,03-21-2024,2024-03-01,COMP,ACC-00127,DESPESA,"R$3318,12","R$ 3.318,12",BRL,Contrato de consultoria externa - COMP,12,TED,PAGO,8564f3e9-2355-4a0a-9d3a-5a95324578cc,2024-04-05,ERP_CORPORATIVO,TRANSACOES_FINANCEIRAS,24395,e5d99bfd8286fe81ac9af23e6655226a5dce8adc24cde9ebb3f57d015158e1fe
TR-24396,Mar 18 2024,2024-03-01,SEC,ACC-00127,DESPESA,"R$ 3.286,62",3209.13,BRL,Apólice de seguro - SEC,21,PIX,PAGO,8564f3e9-2355-4a0a-9d3a-5a95324578cc,2024-04-05,ERP_CORPORATIVO,TRANSACOES_FINANCEIRAS,24396,5a1aac42ac82afc4b09728557e08b7511cea239dca2846b399a11778968f3d07
TR-24397,2024/03/22,2024-03-01,PRD,ACC-00127,RECEITA,"3.446,60","3.305,47",BRL,Custo operacional associado a PRD,8,TED,ATRASADO,8564f3e9-2355-4a0a-9d3a-5a95324578cc,2024-04-05,ERP_CORPORATIVO,TRANSACOES_FINANCEIRAS,24397,dd661e5ae4dbdba9ba93ce8551b3f1f2bb76ed90d7ac762ea78d0256e853d291
TR-24398,2024-03-18,2024-03-01,CPT,ACC-00127,DESPESA,"R$ 3.147,56",3093,BRL,Aquisição de material operacional - CPT,2,TED,PAGO,8564f3e9-2355-4a0a-9d3a-5a95324578cc,2024-04-05,ERP_CORPORATIVO,TRANSACOES_FINANCEIRAS,24398,2b79f1d2c911f46e2512555caeba09f71547077eaed7a5a1ec2a956a0d8a3b22
TR-24824,03-11-2024,2024-03-01,RH,FORN-00129,DESPESA,"R$3854,41",3.854,BRL,Serviço técnico especializado para RH,11,BOLETO,PAGO,8564f3e9-2355-4a0a-9d3a-5a95324578cc,2024-04-05,ERP_CORPORATIVO,TRANSACOES_FINANCEIRAS,24824,89166c9978d201643741162cd9fd2fdc4d3365726b10774e140b2ab5071d300a
TR-24825,2024/03/12,2024-03-01,PRD,FORN-00129,DESPESA,"R$2980,93","2.950,80",BRL,Honorários profissionais contratados por PRD,11,PIX,PAGO,8564f3e9-2355-4a0a-9d3a-5a95324578cc,2024-04-05,ERP_CORPORATIVO,TRANSACOES_FINANCEIRAS,24825,a1cbca5ee4afa24b68f54962154ef6d100330efc83069790719f51b6a6e822dc
TR-24826,2024/03/04,2024-03-01,TI,FORN-00129,DESPESA,"R$ 3.754,18",3754.18,BRL,Publicidade institucional - TI,13,CARTAO,PAGO,8564f3e9-2355-4a0a-9d3a-5a95324578cc,2024-04-05,ERP_CORPORATIVO,TRANSACOES_FINANCEIRAS,24826,7d7d2741d1e50ec1a0f5ea48ce09d8bb9081b22cd3f98ad564f26970e20baa77
TR-24827,11-03-2024,2024-03-01,RH,FORN-00129,DESPESA,4.294,"R$ 4.294,29",BRL,Compra de insumos para setor RH,2,TED,ATRASADO,8564f3e9-2355-4a0a-9d3a-5a95324578cc,2024-04-05,ERP_CORPORATIVO,TRANSACOES_FINANCEIRAS,24827,f52a0408814423ae9eaaebb4656916733fd14f5420357420e34293fe4e987e2f
TR-24828,2024-03-04,2024-03-01,SEC,FORN-00129,DESPESA,3.723,3722.95,BRL,Compra de insumos para setor SEC,2,TED,ATRASADO,8564f3e9-2355-4a0a-9d3a-5a95324578cc,2024-04-05,ERP_CORPORATIVO,TRANSACOES_FINANCEIRAS,24828,74846bbe6917fda12680622c3cb4d4e983e38d509ee46518deddc542613590a6
TR-24829,2024/03/25,2024-03-01,RH,FORN-00129,RECEITA,"8.902,78","R$8902,78",BRL,Aquisição de material operacional - RH,2,TRANSFERENCIA,PAGO,8564f3e9-2355-4a0a-9d3a-5a95324578cc,2024-04-05,ERP_CORPORATIVO,TRANSACOES_FINANCEIRAS,24829,41896419ef414d6a08c2bd57560256789c3332141485e503d68714876be43292
TR-24830,29/03/24,2024-03-01,RH,FORN-00129,RECEITA,"R$ 10.772,20","R$ 10.581,40",BRL,Receita eventual registrada em RH,37,PIX,PAGO,8564f3e9-2355-4a0a-9d3a-5a95324578cc,2024-04-05,ERP_CORPORATIVO,TRANSACOES_FINANCEIRAS,24830,91deb847b9000bef26ac220afa022438cf4bc93a8e8e445fcb4d2d4554b14d24
TR-24831,25/03/24,2024-03-01,COMP,FORN-00129,RECEITA,3824,"3.824,25",BRL,Compra de insumos para setor COMP,2,PIX,PAGO,8564f3e9-2355-4a0a-9d3a-5a95324578cc,2024-04-05,ERP_CORPORATIVO,TRANSACOES_FINANCEIRAS,24831,f97aa8ffc4e31fbe3945aec06d6f041de394074c5971b8bd222def8878b0bae0
TR-24832,2024-03-15,2024-03-01,COMP,FORN-00129,DESPESA,3843.13,3.843,BRL,Serviço técnico especializado para COMP,11,PIX,PAGO,8564f3e9-2355-4a0a-9d3a-5a95324578cc,2024-04-05,ERP_CORPORATIVO,TRANSACOES_FINANCEIRAS,24832,d95154470293bb4594195f624849b42f56eee0284e7f175c1183d178d10714c1
TR-24833,2024-03-04,2024-03-01,JUR,FORN-00129,DESPESA,"4.679,16","4.679,16",BRL,Atendimento de TI requisitado por JUR,29,CARTAO,PAGO,8564f3e9-2355-4a0a-9d3a-5a95324578cc,2024-04-05,ERP_CORPORATIVO,TRANSACOES_FINANCEIRAS,24833,2ede1d7cacef9e21cf316dbfb31ca7e7a8837fd71b19209e4567a7ae130620e2
TR-24834,2024/03/25,2024-03-01,VND,FORN-00129,DESPESA,3.244,"R$3243,57",BRL,Manutenção estrutural vinculada à área VND,3,TED,PAGO,8564f3e9-2355-4a0a-9d3a-5a95324578cc,2024-04-05,ERP_CORPORATIVO,TRANSACOES_FINANCEIRAS,24834,6f59fe4c7e454c76267d6b4dc7494775386bf31083d60a86ce0c5363c526f781
TR-24835,2024/03/14,2024-03-01,OP,FORN-00129,RECEITA,3.539,"R$3485,13",BRL,Serviço de tecnologia contratado por OP,5,BOLETO,PAGO,8564f3e9-2355-4a0a-9d3a-5a95324578cc,2024-04-05,ERP_CORPORATIVO,TRANSACOES_FINANCEIRAS,24835,0d8636ba72dc69a2c2f38ab9dbf4e8cfdc81e7ac34d55d514e469f176ce7415e
TR-24836,2024-03-11,2024-03-01,RH,FORN-00129,DESPESA,"3.915,67",3915.67,BRL,Direitos de propriedade intelectual - RH,32,PIX,PAGO,8564f3e9-2355-4a0a-9d3a-5a95324578cc,2024-04-05,ERP_CORPORATIVO,TRANSACOES_FINANCEIRAS,24836,a55319ae54b6d5fa34b2adc99535a1fc2e0405bffc63bbaf721792ddab4f04a5
TR-25248,Mar 25 2024,2024-03-01,FIN,1000129,DESPESA,1.750,1749.55,BRL,Prestação de serviço para área FIN,1,PIX,PAGO,8564f3e9-2355-4a0a-9d3a-5a95324578cc,2024-04-05,ERP_CORPORATIVO,TRANSACOES_FINANCEIRAS,25248,6c55d2d8710ea2808b47728ab2fda53f4a970b73b3f4d2f1ce09e4e2a3a78d64
TR-25249,Mar 25 2024,2024-03-01,RH,1000129,DESPESA,1793,1793,BRL,Contrato de serviço - setor RH,1,PIX,PAGO,8564f3e9-2355-4a0a-9d3a-5a95324578cc,2024-04-05,ERP_CORPORATIVO,TRANSACOES_FINANCEIRAS,25249,a70e2bb562f25cf6c07dec1ede53d3a97716fc29ccda0af9a91abbbe3be979cd
TR-25250,2024-03-06,2024-03-01,MKT,1000129,DESPESA,1.902,1902,USD,Custo operacional associado a MKT,8,TRANSFERENCIA,PAGO,8564f3e9-2355-4a0a-9d3a-5a95324578cc,2024-04-05,ERP_CORPORATIVO,TRANSACOES_FINANCEIRAS,25250,ff53203fe4a37f602aca5e460c856a4507c57fa65f99a782b6ca7ae477934d6b
TR-25251,03-13-2024,2024-03-01,CTB,1000129,RECEITA,1766.02,"R$ 1.702,93",BRL,Contrato de serviço - setor CTB,1,BOLETO,PAGO,8564f3e9-2355-4a0a-9d3a-5a95324578cc,2024-04-05,ERP_CORPORATIVO,TRANSACOES_FINANCEIRAS,25251,ff1627e539483bb134c8b37d5b3367a1cac3388e1c0b3658df320c112b87a4c4
TR-25252,2024-03-25,2024-03-01,OP,1000129,DESPESA,1691.69,"R$1658,15",BRL,Compra de insumos para setor OP,2,CARTAO,PAGO,8564f3e9-2355-4a0a-9d3a-5a95324578cc,2024-04-05,ERP_CORPORATIVO,TRANSACOES_FINANCEIRAS,25252,6a0858761336229fdfe0d52f01d7c131485c17c1292bd0d55a157399b645727c
TR-25253,03-11-2024,2024-03-01,COMP,1000129,DESPESA,"R$ 1.545,34",1545.34,BRL,Despesa jurídica da área COMP,24,PIX,PAGO,8564f3e9-2355-4a0a-9d3a-5a95324578cc,2024-04-05,ERP_CORPORATIVO,TRANSACOES_FINANCEIRAS,25253,6ddd1592fffdb75427fb7c4a148ac23a2fdea764b7a8f35ecdc1e5377c22fab6
TR-25254,Mar 25 2024,2024-03-01,JUR,1000129,DESPESA,2033,2033,BRL,Custo operacional associado a JUR,8,PIX,PAGO,8564f3e9-2355-4a0a-9d3a-5a95324578cc,2024-04-05,ERP_CORPORATIVO,TRANSACOES_FINANCEIRAS,25254,f32a7b3c074a748ad9511e3983a53f3dbd761ac4c7efeaae381b01130751186d
TR-25255,Mar 27 2024,2024-03-01,OP,1000129,DESPESA,1.689,"R$1689,48",BRL,Contrato de conectividade para área OP,9,TED,ATRASADO,8564f3e9-2355-4a0a-9d3a-5a95324578cc,2024-04-05,ERP_CORPORATIVO,TRANSACOES_FINANCEIRAS,25255,f54849cbb846ced6e66b344e33d96067ed17fcfa0fb412ccc9bbed9faf5d648c
TR-25256,25/03/24,2024-03-01,CTB,1000129,RECEITA,1.783,1783,BRL,Seguro contratado pela área CTB,21,TRANSFERENCIA,PAGO,8564f3e9-2355-4a0a-9d3a-5a95324578cc,2024-04-05,ERP_CORPORATIVO,TRANSACOES_FINANCEIRAS,25256,f5d886890cdead08c304ecf7f1769f02f4113ca3eefcbcfc1c66d66d2bb2c598
TR-25257,15-03-2024,2024-03-01,MKT,1000129,RECEITA,"1.785,04","1.785,04",BRL,Serviço relacionado a recursos humanos (MKT),6,PIX,PAGO,8564f3e9-2355-4a0a-9d3a-5a95324578cc,2024-04-05,ERP_CORPORATIVO,TRANSACOES_FINANCEIRAS,25257,f3d5d88f19b2850a5f69248602a939f3ca6fef87428aa15156bbdba06f7f33cb
TR-25258,Mar 18 2024,2024-03-01,MKT,1000129,RECEITA,"R$ 1.507,48","R$ 1.507,48",BRL,Direitos de propriedade intelectual - MKT,32,BOLETO,PAGO,8564f3e9-2355-4a0a-9d3a-5a95324578cc,2024-04-05,ERP_CORPORATIVO,TRANSACOES_FINANCEIRAS,25258,c4e2cbf4af085cc1ebb1c1f9c1e12bf94187d1d43ff8e65db1f18916a4c89094
TR-25259,Mar 25 2024,2024-03-01,PJT,1000129,DESPESA,1906.42,1.866,BRL,Despesa de infraestrutura - PJT,3,TED,ATRASADO,8564f3e9-2355-4a0a-9d3a-5a95324578cc,2024-04-05,ERP_CORPORATIVO,TRANSACOES_FINANCEIRAS,25259,7d0b25b9595cc3276d26a99585c5c3c396be3681538a1ab58ae09ea40a00e464
TR-25260,18/03/2024,2024-03-01,TI,1000129,DESPESA,"R$2131,95","2.131,95",BRL,Prestação de serviço para área TI,1,TRANSFERENCIA,PAGO,8564f3e9-2355-4a0a-9d3a-5a95324578cc,2024-04-05,ERP_CORPORATIVO,TRANSACOES_FINANCEIRAS,25260,2d2d9982ead6e431dc89d8feb738639427ce056fb7b21e1fdfb84acafe0d1e32
TR-25261,26/03/24,2024-03-01,PJT,1000129,RECEITA,"2.039,07","R$ 2.039,07",BRL,Campanha institucional - PJT,4,PIX,ATRASADO,8564f3e9-2355-4a0a-9d3a-5a95324578cc,2024-04-05,ERP_CORPORATIVO,TRANSACOES_FINANCEIRAS,25261,808dd119ee709c7ebb110076e8c05a5ce0a7435ae970f59847a388f5d8bd9553
TR-25262,18/03/24,2024-03-01,COM,1000129,DESPESA,"1.784,12","R$ 1.714,86",USD,Aquisição de material operacional - COM,2,PIX,CANCELADO,8564f3e9-2355-4a0a-9d3a-5a95324578cc,2024-04-05,ERP_CORPORATIVO,TRANSACOES_FINANCEIRAS,25262,938deeeda544335006f7fc21f31ad2cf78f033d4c7d56ea4e561a836f9d9257e
TR-25457,2024/03/11,2024-03-01,COM,1000130,RECEITA,3.987,"3.945,27",BRL,Venda de ativo imobilizado por COM,35,PIX,PAGO,8564f3e9-2355-4a0a-9d3a-5a95324578cc,2024-04-05,ERP_CORPORATIVO,TRANSACOES_FINANCEIRAS,25457,8af0c4b2f416ccdae1c18a3cd3d0289eedabf7cec5bbd0fff71dc04c9bc9f876
TR-25458,18-03-2024,2024-03-01,PES,1000130,DESPESA,3498.17,3498,BRL,Compra de insumos para setor PES,2,BOLETO,PAGO,8564f3e9-2355-4a0a-9d3a-5a95324578cc,2024-04-05,ERP_CORPORATIVO,TRANSACOES_FINANCEIRAS,25458,ebc79dc65469482559d4e8b0e16fce34d04bfab06f16243415faf96bc9954d11
TR-25459,19-03-2024,2024-03-01,LOG,1000130,RECEITA,"3.638,30",3638,BRL,Aquisição de material operacional - LOG,2,PIX,PAGO,8564f3e9-2355-4a0a-9d3a-5a95324578cc,2024-04-05,ERP_CORPORATIVO,TRANSACOES_FINANCEIRAS,25459,0dd9979e251a49c01b17fed008d21f65f9fa148d5391933bf46cba78fdd58d9d
TR-25460,03-21-2024,2024-03-01,OP,1000130,DESPESA,3.762,"R$3761,90",BRL,Compra de insumos para setor OP,2,PIX,ATRASADO,8564f3e9-2355-4a0a-9d3a-5a95324578cc,2024-04-05,ERP_CORPORATIVO,TRANSACOES_FINANCEIRAS,25460,d460ab6f6c0e53d2acf9a2607b09873003cdcb11090224d357f550d84620b472
TR-25461,2024-03-22,2024-03-01,FIN,1000130,RECEITA,"R$ 3.294,75",3.179,BRL,Receita extraordinária - FIN,37,BOLETO,PAGO,8564f3e9-2355-4a0a-9d3a-5a95324578cc,2024-04-05,ERP_CORPORATIVO,TRANSACOES_FINANCEIRAS,25461,afa1e53f48ad1c92dcfdf15a239a0cc3694d9c2b5f32c2cad1ef4c5a4bff11e3
TR-25462,03-07-2024,2024-03-01,RH,1000130,RECEITA,3694,3.568,BRL,Serviço de tecnologia contratado por RH,5,CARTAO,PAGO,8564f3e9-2355-4a0a-9d3a-5a95324578cc,2024-04-05,ERP_CORPORATIVO,TRANSACOES_FINANCEIRAS,25462,dac17c7f65f35a52ee8182197a15f6561cf3da5d6ecc3a0bf1c89cec0a3743d6
TR-25463,11/03/2024,2024-03-01,TI,1000130,RECEITA,3764.03,"R$ 3.622,57",BRL,Seguro contratado pela área TI,21,BOLETO,ATRASADO,8564f3e9-2355-4a0a-9d3a-5a95324578cc,2024-04-05,ERP_CORPORATIVO,TRANSACOES_FINANCEIRAS,25463,30e8e8e2a1ae6fb3a8aa745cb7ec2d1d8771a464cc5ea2887b10b956b97ba03a
TR-25464,03-07-2024,2024-03-01,CPT,1000130,DESPESA,"R$ 2.927,45","R$2881,60",BRL,Material de marketing solicitado por CPT,15,PIX,CANCELADO,8564f3e9-2355-4a0a-9d3a-5a95324578cc,2024-04-05,ERP_CORPORATIVO,TRANSACOES_FINANCEIRAS,25464,3c7d757661f3ffcbfa33dce2cfd332cfee13d4ea0bc92f65116984bd097feb6d
TR-25465,2024/03/21,2024-03-01,FIN,1000130,DESPESA,4.070,4.070,BRL,Manutenção estrutural vinculada à área FIN,3,PIX,PAGO,8564f3e9-2355-4a0a-9d3a-5a95324578cc,2024-04-05,ERP_CORPORATIVO,TRANSACOES_FINANCEIRAS,25465,d3c802344361e052470d665878cc2f875a80f08849cfb45bff11859b16ca3169
TR-25466,15-03-2024,2024-03-01,OP,1000130,DESPESA,3259,"3.259,43",BRL,Aquisição de material operacional - OP,2,TRANSFERENCIA,CANCELADO,8564f3e9-2355-4a0a-9d3a-5a95324578cc,2024-04-05,ERP_CORPORATIVO,TRANSACOES_FINANCEIRAS,25466,9084f1d8812339d4b066aeeaaf47d309589d12b0d2e36e7b80c6bd5b7cfcf082
TR-25467,Mar 19 2024,2024-03-01,COMP,1000130,DESPESA,"3.635,50","R$3635,50",BRL,Renovação de certificados digitais - COMP,26,CARTAO,PAGO,8564f3e9-2355-4a0a-9d3a-5a95324578cc,2024-04-05,ERP_CORPORATIVO,TRANSACOES_FINANCEIRAS,25467,e583867211391bad36d40f72a8939d42cc8e54095624d20103e68f643ee1459d
TR-25468,03-15-2024,2024-03-01,FIN,1000130,DESPESA,"R$ 4.122,03",4.045,BRL,Contrato de serviço - setor FIN,1,TRANSFERENCIA,ATRASADO,8564f3e9-2355-4a0a-9d3a-5a95324578cc,2024-04-05,ERP_CORPORATIVO,TRANSACOES_FINANCEIRAS,25468,26e419b589352aebc4a255f051d9733232682c530b7532f68614212ad7a35b3b
TR-25829,Mar 18 2024,2024-03-01,VND,1000132,DESPESA,"773,40",735.07,BRL,Contrato de serviço - setor VND,1,TRANSFERENCIA,PAGO,8564f3e9-2355-4a0a-9d3a-5a95324578cc,2024-04-05,ERP_CORPORATIVO,TRANSACOES_FINANCEIRAS,25829,90ce34831e79dc13ccc17f432c2bb34323608e972ba173ae58098b1d067b59b0
TR-25830,Mar 19 2024,2024-03-01,JUR,1000132,DESPESA,"837,77","R$ 837,77",BRL,Despesa de infraestrutura - JUR,3,BOLETO,PAGO,8564f3e9-2355-4a0a-9d3a-5a95324578cc,2024-04-05,ERP_CORPORATIVO,TRANSACOES_FINANCEIRAS,25830,868aa4b304eecb9ed597e0b752462da456e4f03e80cf26700869eeab286f0105
TR-25831,2024/03/12,2024-03-01,JUR,1000132,DESPESA,757,730.36,BRL,Imposto sobre venda apurado em JUR,40,TED,ATRASADO,8564f3e9-2355-4a0a-9d3a-5a95324578cc,2024-04-05,ERP_CORPORATIVO,TRANSACOES_FINANCEIRAS,25831,bc59575fcd79cec499fb02e891efab2d5fa0006bc06f8bb25dda6264c9c54f35
TR-25832,14/03/24,2024-03-01,VND,1000132,RECEITA,818,"R$ 817,78",BRL,Viagem corporativa - VND,18,CARTAO,PAGO,8564f3e9-2355-4a0a-9d3a-5a95324578cc,2024-04-05,ERP_CORPORATIVO,TRANSACOES_FINANCEIRAS,25832,9430749c7b821c18a5833dcc63563cc34d3ed20e1a143749a13310b3c4718fb8
TR-25833,28/03/24,2024-03-01,LOG,1000132,RECEITA,"R$897,64","R$ 856,50",BRL,Compra de insumos para setor LOG,2,PIX,PAGO,8564f3e9-2355-4a0a-9d3a-5a95324578cc,2024-04-05,ERP_CORPORATIVO,TRANSACOES_FINANCEIRAS,25833,e0b4e78eafb685f5ae4ccc99e445071bbc798f862dce639678d0ff00cfbde87f
TR-25834,19-03-2024,2024-03-01,FIN,1000132,DESPESA,"R$853,13","814,94",BRL,Prestação de serviço para área FIN,1,PIX,ATRASADO,8564f3e9-2355-4a0a-9d3a-5a95324578cc,2024-04-05,ERP_CORPORATIVO,TRANSACOES_FINANCEIRAS,25834,76fac7229ca3d1601ab7ec89ba60ca3b96718a1567b5d7cf9aaef2b74ff429e0
TR-25835,18/03/24,2024-03-01,QAS,1000132,RECEITA,"R$795,33",795,BRL,Aquisição de material operacional - QAS,2,PIX,PAGO,8564f3e9-2355-4a0a-9d3a-5a95324578cc,2024-04-05,ERP_CORPORATIVO,TRANSACOES_FINANCEIRAS,25835,927747ef546dc946cb014b01ab542e251cbda8dc5d7413d662dd4c7b3df54a41
TR-25836,2024/03/06,2024-03-01,OP,1000132,RECEITA,"2.020,48",2.020,BRL,Serviço relacionado a recursos humanos (OP),6,TRANSFERENCIA,PAGO,8564f3e9-2355-4a0a-9d3a-5a95324578cc,2024-04-05,ERP_CORPORATIVO,TRANSACOES_FINANCEIRAS,25836,c9e8a35308c095ecccbdcaa667eb66afd3af866e329fe577bccd430676c6e83b
TR-25837,2024-03-15,2024-03-01,OP,1000132,DESPESA,"712,54",712.54,BRL,Prestação de serviço para área OP,1,TRANSFERENCIA,PAGO,8564f3e9-2355-4a0a-9d3a-5a95324578cc,2024-04-05,ERP_CORPORATIVO,TRANSACOES_FINANCEIRAS,25837,b37d8a5f8020ac7356e8c3e23bb922deec1b0c2622589bde20c619177ccb0ca3
TR-25838,2024-03-05,2024-03-01,JUR,1000132,DESPESA,890,890,BRL,Investimento em marketing corporativo (JUR),4,BOLETO,ATRASADO,8564f3e9-2355-4a0a-9d3a-5a95324578cc,2024-04-05,ERP_CORPORATIVO,TRANSACOES_FINANCEIRAS,25838,471130c8a072633452ce95864d09d694abc62d21a48847102b2dc29d486a9479
TR-25839,03-20-2024,2024-03-01,TI,1000132,DESPESA,866,"R$ 866,02",BRL,Despesa operacional - TI,8,PIX,PAGO,8564f3e9-2355-4a0a-9d3a-5a95324578cc,2024-04-05,ERP_CORPORATIVO,TRANSACOES_FINANCEIRAS,25839,962630d8730be5b8100cecfc80454580ee5f58da974cd9c7c888ee7bc578a6da
TR-25840,06/03/24,2024-03-01,TI,1000132,DESPESA,708.71,691.43,BRL,Serviço especializado solicitado por TI,1,PIX,PAGO,8564f3e9-2355-4a0a-9d3a-5a95324578cc,2024-04-05,ERP_CORPORATIVO,TRANSACOES_FINANCEIRAS,25840,28c7243121fc22c0d8e4df1a628ac12aa571f4b4ce60d12b6873fc1e0c49f155
TR-25841,19/03/2024,2024-03-01,COMP,1000132,DESPESA,"817,77",817.77,BRL,Produção de material gráfico - COMP,15,PIX,PAGO,8564f3e9-2355-4a0a-9d3a-5a95324578cc,2024-04-05,ERP_CORPORATIVO,TRANSACOES_FINANCEIRAS,25841,92812bc81a3f5c308c4677374a3add3e996d3bbf522b9f3658f9e16aeb0718a6
TR-25842,2024-03-13,2024-03-01,TI,1000132,RECEITA,"R$732,38","R$721,46",BRL,Reparo de frota vinculado à área TI,17,CARTAO,PAGO,8564f3e9-2355-4a0a-9d3a-5a95324578cc,2024-04-05,ERP_CORPORATIVO,TRANSACOES_FINANCEIRAS,25842,a77a33a615c2100e6cc3cee6e1bff1d9dc7c2b26e17f04d41479fbfc516200a8
TR-25843,04-03-2024,2024-03-01,RH,1000132,DESPESA,768,"R$ 767,73",BRL,Aquisição de material operacional - RH,2,CARTAO,PAGO,8564f3e9-2355-4a0a-9d3a-5a95324578cc,2024-04-05,ERP_CORPORATIVO,TRANSACOES_FINANCEIRAS,25843,d7b1efba6f33ca816c78f9d2d2b1a89aee16c92839c9ef616cbc70b859b92668
TR-25844,11-03-2024,2024-03-01,FIN,1000132,DESPESA,"R$ 871,45",854,BRL,Serviço técnico especializado para FIN,11,BOLETO,PAGO,8564f3e9-2355-4a0a-9d3a-5a95324578cc,2024-04-05,ERP_CORPORATIVO,TRANSACOES_FINANCEIRAS,25844,92a9e68152361a3da6e4a232b01ab057913a87d74868b4dbc5f0e41a80f1e4b4
TR-25845,03-18-2024,2024-03-01,QAS,1000132,RECEITA,"R$ 887,10",843.82,BRL,Encargos de empréstimo vinculados a QAS,23,BOLETO,ATRASADO,8564f3e9-2355-4a0a-9d3a-5a95324578cc,2024-04-05,ERP_CORPORATIVO,TRANSACOES_FINANCEIRAS,25845,8a5398ab964ff88d81ade12582d4b695e057ad526d1501727fd5bf631b73545e
TR-25846,19/03/24,2024-03-01,FIN,1000132,DESPESA,"R$862,73",863,BRL,Taxas bancárias incidentes em FIN,22,PIX,PAGO,8564f3e9-2355-4a0a-9d3a-5a95324578cc,2024-04-05,ERP_CORPORATIVO,TRANSACOES_FINANCEIRAS,25846,3f33739808d3f4e4f6b9b24d7a1693231bfbb9b7865c4991709d88ca7a2cefd9
TR-25847,03-19-2024,2024-03-01,OP,1000132,RECEITA,"R$782,06",782.06,BRL,Serviço técnico especializado para OP,11,BOLETO,PAGO,8564f3e9-2355-4a0a-9d3a-5a95324578cc,2024-04-05,ERP_CORPORATIVO,TRANSACOES_FINANCEIRAS,25847,3e8910d758b805be4a90a309e739686fef74cb4adc464ce9bbbcf78bd34ed1a5
TR-25848,18-03-2024,2024-03-01,QAS,1000132,RECEITA,841,841,BRL,Propaganda e divulgação para área QAS,13,PIX,ATRASADO,8564f3e9-2355-4a0a-9d3a-5a95324578cc,2024-04-05,ERP_CORPORATIVO,TRANSACOES_FINANCEIRAS,25848,741a528675ba2dfb44bf3d0d7aa91e282667fe4f2fbf41d5b1c0483e6261cb2a
TR-25849,Mar 14 2024,2024-03-01,ADM,1000132,RECEITA,744,"743,77",USD,Recebimento de subvenção - ADM,36,CARTAO,PAGO,8564f3e9-2355-4a0a-9d3a-5a95324578cc,2024-04-05,ERP_CORPORATIVO,TRANSACOES_FINANCEIRAS,25849,91105ac2664425e886ffa4b4f39d4792e07c41f4e2e2bf88663d83b61827c209
TR-25850,Mar 14 2024,2024-03-01,VND,1000132,DESPESA,"R$866,33","R$853,83",BRL,Compra de insumos para setor VND,2,CARTAO,ATRASADO,8564f3e9-2355-4a0a-9d3a-5a95324578cc,2024-04-05,ERP_CORPORATIVO,TRANSACOES_FINANCEIRAS,25850,7fdc2aa4f63de9a4bce9bf4e822f34786ea3ddda464a620e1d941db5dc6dfb1b
TR-25851,04-03-2024,2024-03-01,LOG,1000132,DESPESA,"R$802,05","R$ 764,58",BRL,Passagem aérea para colaborador de LOG,18,PIX,PAGO,8564f3e9-2355-4a0a-9d3a-5a95324578cc,2024-04-05,ERP_CORPORATIVO,TRANSACOES_FINANCEIRAS,25851,42c4074bc80f555896c2284d11673c3da13046d64470ea2e9082df7023b60e06
TR-26191,11/03/24,2024-03-01,TI,1000133,DESPESA,"R$ 2.055,54","2.005,87",USD,Licenciamento de software - TI,5,PIX,ATRASADO,8564f3e9-2355-4a0a-9d3a-5a95324578cc,2024-04-05,ERP_CORPORATIVO,TRANSACOES_FINANCEIRAS,26191,fcd23c3ba5f589419d39065cfe3ab1b72a65c96bf15e002e3b54864f7ccb2eb2
TR-26192,2024-03-21,2024-03-01,ESG,1000133,RECEITA,2.548,"R$2547,57",USD,Produção de material gráfico - ESG,15,TED,PAGO,8564f3e9-2355-4a0a-9d3a-5a95324578cc,2024-04-05,ERP_CORPORATIVO,TRANSACOES_FINANCEIRAS,26192,ec3d9caeb78edf2508468340c6d163554b48547236dae9fb94d353c21d08053e
TR-26193,2024-03-18,2024-03-01,MKT,1000133,DESPESA,"2.416,66",2.417,BRL,Devolução de venda processada por MKT,39,TED,PAGO,8564f3e9-2355-4a0a-9d3a-5a95324578cc,2024-04-05,ERP_CORPORATIVO,TRANSACOES_FINANCEIRAS,26193,59aefad4a2a552fd9e6414b371b6fc97f538999cdf3d6095fe27540e13aeb5d7
TR-26194,18/03/2024,2024-03-01,COMP,1000133,RECEITA,2226,"R$2226,19",BRL,Campanha institucional - COMP,4,TRANSFERENCIA,PAGO,8564f3e9-2355-4a0a-9d3a-5a95324578cc,2024-04-05,ERP_CORPORATIVO,TRANSACOES_FINANCEIRAS,26194,b33613a0809e1259a3ae87b3818c585c4627b0859a00861a19a9454edebee7f4
TR-26195,2024/03/21,2024-03-01,SEC,1000133,RECEITA,2160.01,"2.082,44",BRL,Compra de insumos para setor SEC,2,BOLETO,PAGO,8564f3e9-2355-4a0a-9d3a-5a95324578cc,2024-04-05,ERP_CORPORATIVO,TRANSACOES_FINANCEIRAS,26195,7cf90627a71e1b07808da113cc30d78d8489c8d3b3b6291562c5ce0103f2750e
TR-26196,11/03/2024,2024-03-01,ESG,1000133,RECEITA,2378,"2.377,93",BRL,Serviço relacionado a recursos humanos (ESG),6,PIX,PAGO,8564f3e9-2355-4a0a-9d3a-5a95324578cc,2024-04-05,ERP_CORPORATIVO,TRANSACOES_FINANCEIRAS,26196,964020e5e0f20d980e8c455ac74674d9bccd3ed71de096024fef9c0f92ec7c46
TR-26197,03-11-2024,2024-03-01,COMP,1000133,DESPESA,2016,"2.016,37",BRL,Suporte técnico para sistemas de COMP,29,BOLETO,PAGO,8564f3e9-2355-4a0a-9d3a-5a95324578cc,2024-04-05,ERP_CORPORATIVO,TRANSACOES_FINANCEIRAS,26197,3b125b4ba153af87482e4bd63214b6a54fb0ff9cd752226e9836c7c4effc6431
TR-26198,25/03/24,2024-03-01,FIN,1000133,DESPESA,2.087,"2.005,20",BRL,Licenciamento de software - FIN,5,BOLETO,PAGO,8564f3e9-2355-4a0a-9d3a-5a95324578cc,2024-04-05,ERP_CORPORATIVO,TRANSACOES_FINANCEIRAS,26198,7d78f02e6ebd4398b13f5f731591dab366bb303cdd8dc79b4b28343bd1af9545
TR-26199,15/03/24,2024-03-01,JUR,1000133,DESPESA,2317.85,"R$ 2.317,85",BRL,Promoção e atividade externa - JUR,14,TRANSFERENCIA,PAGO,8564f3e9-2355-4a0a-9d3a-5a95324578cc,2024-04-05,ERP_CORPORATIVO,TRANSACOES_FINANCEIRAS,26199,92c4e7bc9b6ec0973e4878eef213a0f7b89b2375131c6367b6c0fe75729066e6
TR-26200,18/03/24,2024-03-01,TI,1000133,RECEITA,"R$2964,50",2964,BRL,Licenciamento de software - TI,5,TED,PAGO,8564f3e9-2355-4a0a-9d3a-5a95324578cc,2024-04-05,ERP_CORPORATIVO,TRANSACOES_FINANCEIRAS,26200,8aad42ca98cb994276b3c3b6cfa19e211c0c3907bf256655c2556935a9e2be9b
TR-26201,2024/03/11,2024-03-01,CPT,1000133,DESPESA,"2.429,87","R$2429,87",BRL,Despesa operacional - CPT,8,TRANSFERENCIA,PAGO,8564f3e9-2355-4a0a-9d3a-5a95324578cc,2024-04-05,ERP_CORPORATIVO,TRANSACOES_FINANCEIRAS,26201,e83babc9cc3479cb98894b1a587e96c77e9882c5bde4f534587ef6e4426a31cb
TR-26202,2024-03-15,2024-03-01,OP,1000133,DESPESA,"R$ 2.365,83",2366,BRL,Honorários jurídicos - OP,7,TRANSFERENCIA,PAGO,8564f3e9-2355-4a0a-9d3a-5a95324578cc,2024-04-05,ERP_CORPORATIVO,TRANSACOES_FINANCEIRAS,26202,a00e3915a8261ad6b3d59b01c90179d9f59b0ba6a7ed607398680773096c11ae
TR-27247,08-03-2024,2024-03-01,MKT,FORN-00138,DESPESA,"1.389,66","1.389,66",BRL,Serviço relacionado a recursos humanos (MKT),6,TRANSFERENCIA,PAGO,8564f3e9-2355-4a0a-9d3a-5a95324578cc,2024-04-05,ERP_CORPORATIVO,TRANSACOES_FINANCEIRAS,27247,2992c456f259ed95bcdff0cdc7cc8519481791d082e2314049a5aee61a4dc712
TR-27248,Mar 13 2024,2024-03-01,FIN,FORN-00138,DESPESA,1.465,1465,BRL,Custo operacional associado a FIN,8,TRANSFERENCIA,PAGO,8564f3e9-2355-4a0a-9d3a-5a95324578cc,2024-04-05,ERP_CORPORATIVO,TRANSACOES_FINANCEIRAS,27248,0f3796462a05bfa9356718f21404bf26868293b3456227a43740de3c8dfc32a6
TR-27249,25/03/2024,2024-03-01,COMP,FORN-00138,DESPESA,"R$4500,81",4501,BRL,Custo operacional associado a COMP,8,TED,PAGO,8564f3e9-2355-4a0a-9d3a-5a95324578cc,2024-04-05,ERP_CORPORATIVO,TRANSACOES_FINANCEIRAS,27249,3988110d7639e0d6369efe7bbbcb2d5fbc4b379b5de47d391b5e132f50e7b4f9
TR-27250,18/03/2024,2024-03-01,JUR,FORN-00138,RECEITA,"R$ 1.340,53","R$ 1.340,53",BRL,Venda de ativo imobilizado por JUR,35,TRANSFERENCIA,PAGO,8564f3e9-2355-4a0a-9d3a-5a95324578cc,2024-04-05,ERP_CORPORATIVO,TRANSACOES_FINANCEIRAS,27250,22817fffb02e6927fb7c2346a2cbf81a455a5c497a12d4fc5275de18c3dcc44b
TR-27251,2024-03-08,2024-03-01,RH,FORN-00138,DESPESA,"1.411,82","1.411,82",BRL,Serviço especializado solicitado por RH,1,TED,PAGO,8564f3e9-2355-4a0a-9d3a-5a95324578cc,2024-04-05,ERP_CORPORATIVO,TRANSACOES_FINANCEIRAS,27251,10df57bfb514be4fae83e6db2f7f62e846a9c4fc3206f404aab4303d7e1edef0
TR-27252,03-18-2024,2024-03-01,TI,FORN-00138,RECEITA,1369,1.338,BRL,Hospedagem em viagem a serviço de TI,19,PIX,PAGO,8564f3e9-2355-4a0a-9d3a-5a95324578cc,2024-04-05,ERP_CORPORATIVO,TRANSACOES_FINANCEIRAS,27252,fea9a672738901099e8d4432a31f3311753ef61772f0ced0999a9dca780ecf42
TR-27253,2024/03/21,2024-03-01,OP,FORN-00138,DESPESA,1.651,"1.568,62",BRL,Devolução de venda processada por OP,39,TRANSFERENCIA,PAGO,8564f3e9-2355-4a0a-9d3a-5a95324578cc,2024-04-05,ERP_CORPORATIVO,TRANSACOES_FINANCEIRAS,27253,4457fd16deed23ca603281ab71a2f7a202e794feebeed8e4dd78ac363249ca41
TR-27254,20/03/2024,2024-03-01,FIN,FORN-00138,RECEITA,1315.71,1316,BRL,Atendimento de TI requisitado por FIN,29,PIX,ATRASADO,8564f3e9-2355-4a0a-9d3a-5a95324578cc,2024-04-05,ERP_CORPORATIVO,TRANSACOES_FINANCEIRAS,27254,07430d7bb27c5ccb514fec560e526d4d8d5a740db173e9e4287323f6d16e1019
TR-27255,2024/03/22,2024-03-01,LOG,FORN-00138,DESPESA,1473,1.473,BRL,Compra de insumos para setor LOG,2,PIX,PAGO,8564f3e9-2355-4a0a-9d3a-5a95324578cc,2024-04-05,ERP_CORPORATIVO,TRANSACOES_FINANCEIRAS,27255,2fe14acd7e824f97b6b88d02664ae25b89660b7549d2ea33178659271959c287
TR-27256,03-19-2024,2024-03-01,FIN,FORN-00138,DESPESA,1526.98,"R$1526,98",BRL,Despesa de infraestrutura - FIN,3,PIX,PAGO,8564f3e9-2355-4a0a-9d3a-5a95324578cc,2024-04-05,ERP_CORPORATIVO,TRANSACOES_FINANCEIRAS,27256,7cd8eed3e6f2b6a4f6635c7a7b802155005c6b59459b81918b028fc9cf90a44a
TR-27257,03-19-2024,2024-03-01,COMP,FORN-00138,DESPESA,"R$ 1.221,15",1201,BRL,Despesa de infraestrutura - COMP,3,PIX,PAGO,8564f3e9-2355-4a0a-9d3a-5a95324578cc,2024-04-05,ERP_CORPORATIVO,TRANSACOES_FINANCEIRAS,27257,5375f544f3eb3bc76917f1c64a2cca58bce0f25a93c583d0241048d78c885caf
TR-27258,15/03/2024,2024-03-01,RH,FORN-00138,DESPESA,1246.89,1247,BRL,Campanha institucional - RH,4,TED,PAGO,8564f3e9-2355-4a0a-9d3a-5a95324578cc,2024-04-05,ERP_CORPORATIVO,TRANSACOES_FINANCEIRAS,27258,7b85eb1c3d2dfec68d0485314a9297bf12a148ee46c94d9a762e11a07f28c7b8
TR-27396,11/03/24,2024-03-01,JUR,1000138,RECEITA,3466,3394.56,BRL,Receita extraordinária - JUR,37,CARTAO,PAGO,8564f3e9-2355-4a0a-9d3a-5a95324578cc,2024-04-05,ERP_CORPORATIVO,TRANSACOES_FINANCEIRAS,27396,23f5ace5c2b9b93c093676fc0bc09b1f04e791a1f15a78f50587103386e58fd2
TR-27397,18-03-2024,2024-03-01,ATD,1000138,DESPESA,4579.10,4477.78,BRL,Abastecimento de veículos - ATD,16,TED,PAGO,8564f3e9-2355-4a0a-9d3a-5a95324578cc,2024-04-05,ERP_CORPORATIVO,TRANSACOES_FINANCEIRAS,27397,5bd4787c09663e303144483f9fb22cc16a2d0e0900730525ec770701bbd7cb90
TR-27398,2024-03-19,2024-03-01,PJT,1000138,RECEITA,3.880,"R$3879,81",BRL,Despesa de refeição em deslocamento (PJT),20,BOLETO,PAGO,8564f3e9-2355-4a0a-9d3a-5a95324578cc,2024-04-05,ERP_CORPORATIVO,TRANSACOES_FINANCEIRAS,27398,74057720411133fb55057b18a12cd48dc21bbdc6be15db44f0c5e3803845485d
TR-27399,03-11-2024,2024-03-01,QAS,1000138,DESPESA,3.946,3750.33,BRL,Honorários jurídicos - QAS,7,TED,PAGO,8564f3e9-2355-4a0a-9d3a-5a95324578cc,2024-04-05,ERP_CORPORATIVO,TRANSACOES_FINANCEIRAS,27399,40963bc1da8b65b9c8960e600e05ea4a51ee9d70c936d6219204bfcc318c2e35
TR-27400,2024/03/07,2024-03-01,OP,1000138,RECEITA,4196,4196,BRL,Consultoria estratégica para área OP,12,TRANSFERENCIA,PAGO,8564f3e9-2355-4a0a-9d3a-5a95324578cc,2024-04-05,ERP_CORPORATIVO,TRANSACOES_FINANCEIRAS,27400,7fdc63a74c517481cdf44aededb998c9d53d9b976984e82a7e78b6ab38c9c835
TR-27401,2024-03-21,2024-03-01,OP,1000138,RECEITA,"R$3777,54","R$3667,24",BRL,Aquisição de material operacional - OP,2,BOLETO,PAGO,8564f3e9-2355-4a0a-9d3a-5a95324578cc,2024-04-05,ERP_CORPORATIVO,TRANSACOES_FINANCEIRAS,27401,da3d87681ee2ba1c020d8c09b6da652671e43ad0ae31400defdb583e33a53a95
TR-27402,25/03/24,2024-03-01,FIN,1000138,DESPESA,"3.594,79","3.594,79",BRL,Evento corporativo organizado por FIN,14,BOLETO,ATRASADO,8564f3e9-2355-4a0a-9d3a-5a95324578cc,2024-04-05,ERP_CORPORATIVO,TRANSACOES_FINANCEIRAS,27402,e3c741c26745ac5e69c3b6f3e734b29fb713c85558c9f2da7c51506bcecbcd26
TR-27403,03-11-2024,2024-03-01,JUR,1000138,RECEITA,"R$3798,63","R$3798,63",BRL,Licenciamento de software - JUR,5,TED,PAGO,8564f3e9-2355-4a0a-9d3a-5a95324578cc,2024-04-05,ERP_CORPORATIVO,TRANSACOES_FINANCEIRAS,27403,68b80fdd2f8f6219b286b43d274e29002392dd9d0039db90bce1dbece130daa2
TR-27404,08/03/24,2024-03-01,JUR,1000138,RECEITA,3446.34,"3.402,31",BRL,Doação recebida em favor de JUR,36,PIX,PAGO,8564f3e9-2355-4a0a-9d3a-5a95324578cc,2024-04-05,ERP_CORPORATIVO,TRANSACOES_FINANCEIRAS,27404,b619299cc22d79f1937cd5442e54c53b9a54a47daa30615e151c1ddb892c6be9
TR-27405,Mar 18 2024,2024-03-01,COMP,1000138,DESPESA,3242,3169,USD,Manutenção predial solicitada por COMP,10,TED,PAGO,8564f3e9-2355-4a0a-9d3a-5a95324578cc,2024-04-05,ERP_CORPORATIVO,TRANSACOES_FINANCEIRAS,27405,2f0db31e60a59dbb900d0d49c72db8e8b1b606e1d44c860b5dae95c647befe1c
TR-27406,2024-03-18,2024-03-01,CPT,1000138,DESPESA,3445.59,3311.59,BRL,Campanha institucional - CPT,4,TRANSFERENCIA,PAGO,8564f3e9-2355-4a0a-9d3a-5a95324578cc,2024-04-05,ERP_CORPORATIVO,TRANSACOES_FINANCEIRAS,27406,7bf423ce4b6ee446df73c2883462601f24844d648f693f86a21d485fcef9ad0e
TR-27407,03-18-2024,2024-03-01,ATD,1000138,DESPESA,2960,2960,BRL,Despesa operacional - ATD,8,BOLETO,PAGO,8564f3e9-2355-4a0a-9d3a-5a95324578cc,2024-04-05,ERP_CORPORATIVO,TRANSACOES_FINANCEIRAS,27407,b936e17fa2359361a83ea3ff68fcdbe6532174eaf14b5663db17f7d53ec14957
TR-27408,2024/03/19,2024-03-01,COMP,1000138,DESPESA,3614.53,"R$3614,53",USD,Serviço de tecnologia contratado por COMP,5,TED,PAGO,8564f3e9-2355-4a0a-9d3a-5a95324578cc,2024-04-05,ERP_CORPORATIVO,TRANSACOES_FINANCEIRAS,27408,ba4d81b05eb02ef4cb1a0a8365ffc9dae9de9aa54eedf68749db0a07cb5d3a06
TR-27409,2024/03/19,2024-03-01,FIN,1000138,DESPESA,"3.565,86","3.504,52",USD,Contrato de conectividade para área FIN,9,TRANSFERENCIA,PAGO,8564f3e9-2355-4a0a-9d3a-5a95324578cc,2024-04-05,ERP_CORPORATIVO,TRANSACOES_FINANCEIRAS,27409,0c9d96be14a34bd0e29c3fe2c0ab9beb3db24b38c998821c22b6af26bb652def
TR-28038,15/03/24,2024-03-01,TI,1000140,DESPESA,965,"927,14",BRL,Honorários profissionais contratados por TI,11,BOLETO,PAGO,8564f3e9-2355-4a0a-9d3a-5a95324578cc,2024-04-05,ERP_CORPORATIVO,TRANSACOES_FINANCEIRAS,28038,dad23367f2d9e37e68b43b5aed6b811dd169b9d12e197620c620d87bd9a56774
TR-28039,Mar 18 2024,2024-03-01,CPT,1000140,DESPESA,1.109,"R$1108,54",BRL,Custo operacional associado a CPT,8,BOLETO,PAGO,8564f3e9-2355-4a0a-9d3a-5a95324578cc,2024-04-05,ERP_CORPORATIVO,TRANSACOES_FINANCEIRAS,28039,48882d1b2d31789fe0f2f051d2b868f098287b47c032a718b39fd21bfeaab41e
TR-28040,Mar 20 2024,2024-03-01,FIN,1000140,DESPESA,"986,20","R$ 986,20",BRL,Renovação de certificados digitais - FIN,26,CARTAO,PAGO,8564f3e9-2355-4a0a-9d3a-5a95324578cc,2024-04-05,ERP_CORPORATIVO,TRANSACOES_FINANCEIRAS,28040,88b51a74bc98193179f36607b52244974086ab9eed9b30a326fa81a0103d342f
TR-28041,21/03/2024,2024-03-01,PES,1000140,DESPESA,1.137,"1.136,85",BRL,Serviço de tecnologia contratado por PES,5,BOLETO,PAGO,8564f3e9-2355-4a0a-9d3a-5a95324578cc,2024-04-05,ERP_CORPORATIVO,TRANSACOES_FINANCEIRAS,28041,f9b6d0c757dc82aa23d145f0eb5358e38bfe4e847c9a3ac3e8890760843da58e
TR-28042,2024/03/15,2024-03-01,SEC,1000140,DESPESA,"1.161,93","R$ 1.161,93",BRL,Hospedagem em viagem a serviço de SEC,19,TED,PAGO,8564f3e9-2355-4a0a-9d3a-5a95324578cc,2024-04-05,ERP_CORPORATIVO,TRANSACOES_FINANCEIRAS,28042,4f394ae2e7736e370430e0dd8b977f965d8937eefdd6e793cdfcd98bc065e622
TR-28043,2024-03-11,2024-03-01,CPT,1000140,DESPESA,1.154,1140,BRL,Serviço especializado solicitado por CPT,1,CARTAO,PAGO,8564f3e9-2355-4a0a-9d3a-5a95324578cc,2024-04-05,ERP_CORPORATIVO,TRANSACOES_FINANCEIRAS,28043,b7251f9a25d2e6ec077140be6f3963c1438fe6468f5c0205eab355a74d3c93ce
TR-28044,Mar 15 2024,2024-03-01,LOG,1000140,RECEITA,"1.208,65","1.185,14",BRL,Compra de insumos para setor LOG,2,PIX,PAGO,8564f3e9-2355-4a0a-9d3a-5a95324578cc,2024-04-05,ERP_CORPORATIVO,TRANSACOES_FINANCEIRAS,28044,83efaaf06efa168214f6f290de4b28bb51d6cb6bec4ed18a556577ff82109d5b
TR-28045,18/03/24,2024-03-01,PRD,1000140,RECEITA,"R$1147,43","R$ 1.147,43",BRL,Contrato de conectividade para área PRD,9,CARTAO,CANCELADO,8564f3e9-2355-4a0a-9d3a-5a95324578cc,2024-04-05,ERP_CORPORATIVO,TRANSACOES_FINANCEIRAS,28045,63b9a7b01c40e46602b4232f37b2740c36a3028f9ad43cf3fe7d4849e3251a1d
TR-28046,2024-03-25,2024-03-01,COMP,1000140,DESPESA,1184.65,"1.168,64",BRL,Certificado digital adquirido por COMP,26,BOLETO,PAGO,8564f3e9-2355-4a0a-9d3a-5a95324578cc,2024-04-05,ERP_CORPORATIVO,TRANSACOES_FINANCEIRAS,28046,d9e79045313c906abeb3d9096c65d471165dd04129963201e7df992965e5ffd1
TR-28047,Mar 21 2024,2024-03-01,FIN,1000140,DESPESA,1.246,"R$ 1.245,80",BRL,Reparo e conservação de instalações - FIN,10,TED,ATRASADO,8564f3e9-2355-4a0a-9d3a-5a95324578cc,2024-04-05,ERP_CORPORATIVO,TRANSACOES_FINANCEIRAS,28047,eaafc61382ea5a4fad270edfb8966f456a6d25e79a065094125657bb1bc12f73
TR-28048,2024/03/19,2024-03-01,TI,1000140,DESPESA,1047.49,"1.047,49",BRL,Licenciamento de software - TI,5,BOLETO,PAGO,8564f3e9-2355-4a0a-9d3a-5a95324578cc,2024-04-05,ERP_CORPORATIVO,TRANSACOES_FINANCEIRAS,28048,c62f60fec391f918ef4be07b95b17638c75d3c971cf49d80e22a7bec028eb858
TR-28049,03-12-2024,2024-03-01,RH,1000140,RECEITA,1079,"1.079,17",BRL,Aquisição de material operacional - RH,2,PIX,PAGO,8564f3e9-2355-4a0a-9d3a-5a95324578cc,2024-04-05,ERP_CORPORATIVO,TRANSACOES_FINANCEIRAS,28049,649ec5ef58946bedef6cc9bce390bae1a7d5f931ce5903a5199769ffd62e0b70
TR-28050,Mar 25 2024,2024-03-01,ESG,1000140,DESPESA,1056.60,1.031,BRL,Serviço especializado solicitado por ESG,1,TED,PAGO,8564f3e9-2355-4a0a-9d3a-5a95324578cc,2024-04-05,ERP_CORPORATIVO,TRANSACOES_FINANCEIRAS,28050,32dcd3384923275f5f51793dadd9aa74bfc45a2858bb9c2c6912b7a23f4ad426
TR-28051,2024/03/15,2024-03-01,COMP,1000140,DESPESA,1.016,1006,BRL,Receita de aluguel creditada em COMP,31,TED,ATRASADO,8564f3e9-2355-4a0a-9d3a-5a95324578cc,2024-04-05,ERP_CORPORATIVO,TRANSACOES_FINANCEIRAS,28051,c70fed6320287c5e90b6dd6c07a585bf18a29f567f681d4ab08d18aa30018c7e
TR-28052,Mar 07 2024,2024-03-01,PRD,1000140,RECEITA,"1.062,64",1063,BRL,Material de marketing solicitado por PRD,15,TRANSFERENCIA,PAGO,8564f3e9-2355-4a0a-9d3a-5a95324578cc,2024-04-05,ERP_CORPORATIVO,TRANSACOES_FINANCEIRAS,28052,38b805ca3a2bc43077363dec874f9a6f745e911dbbdccc3da757ba182c44bad2
TR-28053,03-08-2024,2024-03-01,JUR,1000140,DESPESA,1190.15,"1.190,15",BRL,Investimento em marketing corporativo (JUR),4,TRANSFERENCIA,PAGO,8564f3e9-2355-4a0a-9d3a-5a95324578cc,2024-04-05,ERP_CORPORATIVO,TRANSACOES_FINANCEIRAS,28053,ed14d47d9c774777447fc69679a34fa1d30a7f5e28205378ab3d8b16881a0598
TR-28129,14/03/2024,2024-03-01,RH,FORN-00142,RECEITA,"R$ 3.821,23","R$ 3.765,90",BRL,Serviço relacionado a recursos humanos (RH),6,CARTAO,PAGO,8564f3e9-2355-4a0a-9d3a-5a95324578cc,2024-04-05,ERP_CORPORATIVO,TRANSACOES_FINANCEIRAS,28129,a0d73d731669ea62f5e6d6aec8e18b797c2676f18da63bf6661228ccb8defe6d
TR-28130,21/03/24,2024-03-01,PRD,FORN-00142,RECEITA,"4.018,99",3840.21,BRL,Licenciamento de software - PRD,5,TRANSFERENCIA,ATRASADO,8564f3e9-2355-4a0a-9d3a-5a95324578cc,2024-04-05,ERP_CORPORATIVO,TRANSACOES_FINANCEIRAS,28130,19c33994c7eacd3a0782ea929164b4ca6d199bb6b2baaa4d5036f9e8ffe10d83
TR-28131,Mar 11 2024,2024-03-01,ATD,FORN-00142,RECEITA,4345,"R$ 4.345,20",BRL,Contrato de serviço - setor ATD,1,TED,PAGO,8564f3e9-2355-4a0a-9d3a-5a95324578cc,2024-04-05,ERP_CORPORATIVO,TRANSACOES_FINANCEIRAS,28131,02fe23180b526aaba131f60b902bb9ad98adc24e77fad1c3175d56bd29ecbaac
TR-28132,18/03/2024,2024-03-01,FIN,FORN-00142,DESPESA,4788,"4.787,53",BRL,Aquisição de material operacional - FIN,2,PIX,PAGO,8564f3e9-2355-4a0a-9d3a-5a95324578cc,2024-04-05,ERP_CORPORATIVO,TRANSACOES_FINANCEIRAS,28132,ea354a25facbef2c2a7e2e4aac8580fd37abe44d51fd83ba1e12c22e950d52da
TR-28133,11/03/24,2024-03-01,OP,FORN-00142,DESPESA,4.483,"R$4348,35",BRL,Campanha institucional - OP,4,BOLETO,CANCELADO,8564f3e9-2355-4a0a-9d3a-5a95324578cc,2024-04-05,ERP_CORPORATIVO,TRANSACOES_FINANCEIRAS,28133,79d479953a659acc1a0d112ed2a3076b8fb4d87c7002e6258e8f0decef21b5d4
TR-28134,03-13-2024,2024-03-01,CPT,FORN-00142,RECEITA,"4.061,17",4061,BRL,Investimento em marketing corporativo (CPT),4,PIX,PAGO,8564f3e9-2355-4a0a-9d3a-5a95324578cc,2024-04-05,ERP_CORPORATIVO,TRANSACOES_FINANCEIRAS,28134,e6ed654c599a180f55489be3397dc2619bc09ccd821a3c2fc23963ed8c682a75
TR-28135,06/03/2024,2024-03-01,RH,FORN-00142,DESPESA,4095.30,"R$4095,30",BRL,Compra de insumos para setor RH,2,TRANSFERENCIA,CANCELADO,8564f3e9-2355-4a0a-9d3a-5a95324578cc,2024-04-05,ERP_CORPORATIVO,TRANSACOES_FINANCEIRAS,28135,69aa33cfe222ade9baea673f5f93ab282f720650bfa701f0630784eb0b02acc3
TR-28136,2024-03-18,2024-03-01,OP,FORN-00142,DESPESA,3653.02,"R$ 3.569,06",BRL,Propaganda e divulgação para área OP,13,TRANSFERENCIA,PAGO,8564f3e9-2355-4a0a-9d3a-5a95324578cc,2024-04-05,ERP_CORPORATIVO,TRANSACOES_FINANCEIRAS,28136,a6b39f9bbb6e2a4a0d8f123c34bf05170ad0b39293d2371e33ded6188c427593
TR-28137,2024/03/19,2024-03-01,ESG,FORN-00142,DESPESA,"R$4379,49",4.283,BRL,Manutenção estrutural vinculada à área ESG,3,CARTAO,PAGO,8564f3e9-2355-4a0a-9d3a-5a95324578cc,2024-04-05,ERP_CORPORATIVO,TRANSACOES_FINANCEIRAS,28137,d88bbc7eb41cadd41734f94058f80fac6a6f3423d939a31cdfd589b33090e629
TR-28138,18/03/24,2024-03-01,TI,FORN-00142,DESPESA,9627,"9.626,56",BRL,Serviço de tecnologia contratado por TI,5,PIX,PAGO,8564f3e9-2355-4a0a-9d3a-5a95324578cc,2024-04-05,ERP_CORPORATIVO,TRANSACOES_FINANCEIRAS,28138,87d42fc1c5c3fbf3f15aecae283f12e6b42c78a1a31e5ed531b8aff046eb00f5
TR-28382,Mar 04 2024,2024-03-01,CTB,FORN-00144,RECEITA,"998,83","R$ 976,74",BRL,Despesa de infraestrutura - CTB,3,BOLETO,PAGO,8564f3e9-2355-4a0a-9d3a-5a95324578cc,2024-04-05,ERP_CORPORATIVO,TRANSACOES_FINANCEIRAS,28382,42f045b653175303569b6c0f371a1e0b9eb24479f0a232da2ba1536a110ec020
TR-28383,Mar 11 2024,2024-03-01,ESG,FORN-00144,RECEITA,"992,81","R$ 992,81",BRL,Doação recebida em favor de ESG,36,TED,ATRASADO,8564f3e9-2355-4a0a-9d3a-5a95324578cc,2024-04-05,ERP_CORPORATIVO,TRANSACOES_FINANCEIRAS,28383,675ea02ce69f9c1ec09edddb3ea7f9900742ca35b29b2b64a7347519b66321a0
TR-28384,18-03-2024,2024-03-01,TI,FORN-00144,DESPESA,1031,1.002,BRL,Licenciamento de software - TI,5,CARTAO,PAGO,8564f3e9-2355-4a0a-9d3a-5a95324578cc,2024-04-05,ERP_CORPORATIVO,TRANSACOES_FINANCEIRAS,28384,90dc9b0fda47aa595bfb9aa088ba478de112a735c686f313b1031d9e37408588
TR-28385,Mar 11 2024,2024-03-01,FIN,FORN-00144,DESPESA,"R$1132,39",1132.39,BRL,Receita extraordinária - FIN,37,BOLETO,ATRASADO,8564f3e9-2355-4a0a-9d3a-5a95324578cc,2024-04-05,ERP_CORPORATIVO,TRANSACOES_FINANCEIRAS,28385,05eb7c77f76e678bf832b95e677eaa2073e65eb40916df35c851ccf62e5331d5
TR-28386,2024/03/20,2024-03-01,PJT,FORN-00144,RECEITA,1162.15,1119.83,EUR,Doação recebida em favor de PJT,36,BOLETO,CANCELADO,8564f3e9-2355-4a0a-9d3a-5a95324578cc,2024-04-05,ERP_CORPORATIVO,TRANSACOES_FINANCEIRAS,28386,192b0447e7152ab918a3a16b5de6be9248b4e6e6cfeb4ca8340c8691bd97d175
TR-28387,2024/03/12,2024-03-01,COMP,FORN-00144,DESPESA,1274,"R$ 1.273,76",BRL,Manutenção predial solicitada por COMP,10,PIX,PAGO,8564f3e9-2355-4a0a-9d3a-5a95324578cc,2024-04-05,ERP_CORPORATIVO,TRANSACOES_FINANCEIRAS,28387,82bd620e1ee52f24120f241d2adcfea60747756b5a9096f46b8e382798490638
TR-28388,Mar 22 2024,2024-03-01,VND,FORN-00144,DESPESA,"1.011,72","1.011,72",BRL,Compra de insumos para setor VND,2,TED,PAGO,8564f3e9-2355-4a0a-9d3a-5a95324578cc,2024-04-05,ERP_CORPORATIVO,TRANSACOES_FINANCEIRAS,28388,966c46571dbbc30a2b11155b33772d9fe4e540b2b484d856011ccfcf5542279c
TR-28389,05/03/24,2024-03-01,MKT,FORN-00144,DESPESA,"R$1182,78","R$1135,01",BRL,Aquisição de material operacional - MKT,2,PIX,PAGO,8564f3e9-2355-4a0a-9d3a-5a95324578cc,2024-04-05,ERP_CORPORATIVO,TRANSACOES_FINANCEIRAS,28389,5cff1ac9059874eef7f9e9f945c50a9859f200265acbc037c0a82301d42a686e
TR-28390,03-14-2024,2024-03-01,COMP,FORN-00144,RECEITA,926.20,926,BRL,Suporte técnico para sistemas de COMP,29,TED,PAGO,8564f3e9-2355-4a0a-9d3a-5a95324578cc,2024-04-05,ERP_CORPORATIVO,TRANSACOES_FINANCEIRAS,28390,f3f2a09dec656fefda268ded2638cc21d72eb9d936fee0e8aa6ec67cf5e296ee
TR-28391,25/03/2024,2024-03-01,FIN,FORN-00144,RECEITA,"R$ 1.139,21",1139.21,BRL,Serviço de telefonia e internet - FIN,9,TRANSFERENCIA,PAGO,8564f3e9-2355-4a0a-9d3a-5a95324578cc,2024-04-05,ERP_CORPORATIVO,TRANSACOES_FINANCEIRAS,28391,63fe7d166a9f3a9933ba35aab1c4144e1953a4998fa1ec550510aa2827a921e4
TR-29546,18-03-2024,2024-03-01,FIN,ACC-00149,RECEITA,"R$4161,74","R$ 4.161,74",BRL,Serviço relacionado a recursos humanos (FIN),6,BOLETO,PAGO,8564f3e9-2355-4a0a-9d3a-5a95324578cc,2024-04-05,ERP_CORPORATIVO,TRANSACOES_FINANCEIRAS,29546,bfe1e47f267b48f46b99ac659d810256f1cc2d2ce9b7eeded6b209641689e5a0
TR-29547,2024/03/18,2024-03-01,COMP,ACC-00149,DESPESA,4398,"4.398,18",BRL,Aquisição de material operacional - COMP,2,TRANSFERENCIA,PAGO,8564f3e9-2355-4a0a-9d3a-5a95324578cc,2024-04-05,ERP_CORPORATIVO,TRANSACOES_FINANCEIRAS,29547,28cce4182ce3ed582058b4ed67e0c08bff763b1e4f9e72c3090bf309d2530906
TR-29548,20-03-2024,2024-03-01,COMP,ACC-00149,RECEITA,"4.384,03","R$4384,03",BRL,Direitos de propriedade intelectual - COMP,32,PIX,PAGO,8564f3e9-2355-4a0a-9d3a-5a95324578cc,2024-04-05,ERP_CORPORATIVO,TRANSACOES_FINANCEIRAS,29548,5f5d71dd4b8f8290c561605b5c979c0b540c14754bcddeca3e8007dc681fe180
TR-29549,08-03-2024,2024-03-01,OP,ACC-00149,DESPESA,"4.657,06",4657.06,BRL,Serviço relacionado a recursos humanos (OP),6,BOLETO,PAGO,8564f3e9-2355-4a0a-9d3a-5a95324578cc,2024-04-05,ERP_CORPORATIVO,TRANSACOES_FINANCEIRAS,29549,ab94fdef313e4f4fb3a046b5f51b178e4cb3772a7397b1bf08d35c99aad61023
TR-29550,2024/03/21,2024-03-01,ADM,ACC-00149,DESPESA,"R$4157,58",4029,BRL,Contrato de SaaS vinculado a ADM,27,TED,PAGO,8564f3e9-2355-4a0a-9d3a-5a95324578cc,2024-04-05,ERP_CORPORATIVO,TRANSACOES_FINANCEIRAS,29550,4dc41812e594d52c60289ae380a9f533f1d31ddd4a8e0a06e143b393de54b03c
TR-29551,03-18-2024,2024-03-01,MKT,ACC-00149,RECEITA,4.043,"R$4042,55",BRL,Serviço relacionado a recursos humanos (MKT),6,BOLETO,ATRASADO,8564f3e9-2355-4a0a-9d3a-5a95324578cc,2024-04-05,ERP_CORPORATIVO,TRANSACOES_FINANCEIRAS,29551,845dce7677df631be4f3f77622b90313bc971e0844bb697aec6aec51407e13f3
TR-29552,20/03/2024,2024-03-01,PJT,ACC-00149,RECEITA,4.195,"R$4142,43",BRL,Alienação de bem patrimonial - PJT,35,TRANSFERENCIA,PAGO,8564f3e9-2355-4a0a-9d3a-5a95324578cc,2024-04-05,ERP_CORPORATIVO,TRANSACOES_FINANCEIRAS,29552,8396f992ac8a3d7ed6c8a118fcabd92fbd6c1418e947251cba17a5ddf89e13d5
TR-29553,15/03/2024,2024-03-01,FIN,ACC-00149,RECEITA,4347,"R$ 4.259,18",BRL,Comissão recebida por FIN,33,PIX,PAGO,8564f3e9-2355-4a0a-9d3a-5a95324578cc,2024-04-05,ERP_CORPORATIVO,TRANSACOES_FINANCEIRAS,29553,f5a0bb03608d4b82e0e58d8564ee10a028d093ceaa424209905e6011f2e5ff4f
TR-29554,2024/03/21,2024-03-01,LOG,ACC-00149,RECEITA,"R$1313,23",1.313,BRL,Publicidade institucional - LOG,13,TED,CANCELADO,8564f3e9-2355-4a0a-9d3a-5a95324578cc,2024-04-05,ERP_CORPORATIVO,TRANSACOES_FINANCEIRAS,29554,3daeeac705e4dcee9eb5934b483806bb80ce87c725e83204f50278e42cabf27b
TR-29555,Mar 20 2024,2024-03-01,PRD,ACC-00149,DESPESA,"R$4380,25","4.179,69",BRL,Honorarium advocatício - PRD,24,CARTAO,PAGO,8564f3e9-2355-4a0a-9d3a-5a95324578cc,2024-04-05,ERP_CORPORATIVO,TRANSACOES_FINANCEIRAS,29555,e274574440a1642b4ef5864201938798e8095b942b25088d31f9cce3bf363082
TR-29556,11/03/24,2024-03-01,JUR,ACC-00149,RECEITA,3970.87,"R$ 3.970,87",BRL,Honorarium advocatício - JUR,24,TRANSFERENCIA,PAGO,8564f3e9-2355-4a0a-9d3a-5a95324578cc,2024-04-05,ERP_CORPORATIVO,TRANSACOES_FINANCEIRAS,29556,36e7b905c0479735f1ad20faf73ed80e25e1b99c27f44f207d0d82ba53774731
TR-29557,27/03/24,2024-03-01,PRD,ACC-00149,DESPESA,"R$4347,22",4249.37,BRL,Licenciamento de software - PRD,5,CARTAO,PAGO,8564f3e9-2355-4a0a-9d3a-5a95324578cc,2024-04-05,ERP_CORPORATIVO,TRANSACOES_FINANCEIRAS,29557,eb519cae6734c10a47072d90b1983a5d2141c58352dcce8054b68fb22c872556
TR-29558,Mar 27 2024,2024-03-01,FIN,ACC-00149,DESPESA,"R$ 4.694,75","R$ 4.694,75",BRL,Compra de insumos para setor FIN,2,PIX,PAGO,8564f3e9-2355-4a0a-9d3a-5a95324578cc,2024-04-05,ERP_CORPORATIVO,TRANSACOES_FINANCEIRAS,29558,0bc408d05b057b7eba7bc2f1d9be0b4a3a1126e1853f32cef51ae7105935b3ff
TR-30314,21-03-2024,2024-03-01,OP,FORN-00153,RECEITA,"R$ 5.015,49","R$ 4.777,28",BRL,Compra de insumos para setor OP,2,TRANSFERENCIA,ATRASADO,8564f3e9-2355-4a0a-9d3a-5a95324578cc,2024-04-05,ERP_CORPORATIVO,TRANSACOES_FINANCEIRAS,30314,a4e7c7a8be0ce9540b9f84b578b2bfca156511a5574d2917c65366322324cf9f
TR-30315,03-25-2024,2024-03-01,PJT,FORN-00153,RECEITA,5980.95,5980.95,BRL,Aquisição de material operacional - PJT,2,TRANSFERENCIA,PAGO,8564f3e9-2355-4a0a-9d3a-5a95324578cc,2024-04-05,ERP_CORPORATIVO,TRANSACOES_FINANCEIRAS,30315,1569ed40905369fadbb1b62885ccbb1cb9910637fcf38bae3fb6e22644a45c8f
TR-30316,12/03/24,2024-03-01,COM,FORN-00153,DESPESA,4.856,4856,BRL,Campanha institucional - COM,4,CARTAO,PAGO,8564f3e9-2355-4a0a-9d3a-5a95324578cc,2024-04-05,ERP_CORPORATIVO,TRANSACOES_FINANCEIRAS,30316,a1853c810f50a9d1e63dc233478ed18f39d89ae38939a09d31b5e93f77e8ee1a
TR-30317,Mar 15 2024,2024-03-01,RH,FORN-00153,RECEITA,"958,58","958,58",BRL,Encargos de empréstimo vinculados a RH,23,PIX,ATRASADO,8564f3e9-2355-4a0a-9d3a-5a95324578cc,2024-04-05,ERP_CORPORATIVO,TRANSACOES_FINANCEIRAS,30317,a72110fac8ea581ad0580f25061e05e22c9cca9b8bfa35319b35ee0f201a2a40
TR-30318,03-19-2024,2024-03-01,VND,FORN-00153,DESPESA,"R$4652,86","R$4652,86",BRL,Despesa de infraestrutura - VND,3,PIX,PAGO,8564f3e9-2355-4a0a-9d3a-5a95324578cc,2024-04-05,ERP_CORPORATIVO,TRANSACOES_FINANCEIRAS,30318,7120c9863e980f10eb3ba1e0d039b3d170d2466a09a8a6e83af1fa743192f049
TR-30319,12-03-2024,2024-03-01,ESG,FORN-00153,RECEITA,4.068,"R$4068,18",BRL,Despesa operacional - ESG,8,TED,PAGO,8564f3e9-2355-4a0a-9d3a-5a95324578cc,2024-04-05,ERP_CORPORATIVO,TRANSACOES_FINANCEIRAS,30319,3922fe5e5fcb8d413d84fb63dd851aa3cd5f7847e5c081deee131e30a6c69fec
TR-30320,11/03/24,2024-03-01,LOG,FORN-00153,DESPESA,4398,"R$4398,26",BRL,Serviço especializado solicitado por LOG,1,BOLETO,ATRASADO,8564f3e9-2355-4a0a-9d3a-5a95324578cc,2024-04-05,ERP_CORPORATIVO,TRANSACOES_FINANCEIRAS,30320,0d893ab9ff6b16ce68a27e3510110e62202ac708b9d6054e0e6215dd355bbc4d
TR-30321,11/03/24,2024-03-01,ESG,FORN-00153,RECEITA,4.565,"R$4462,29",BRL,Serviço especializado solicitado por ESG,1,PIX,CANCELADO,8564f3e9-2355-4a0a-9d3a-5a95324578cc,2024-04-05,ERP_CORPORATIVO,TRANSACOES_FINANCEIRAS,30321,7f866ead2f599e683d289c7019a8cbd13720d22dcaf4eb18aaefbf91ae7845c0
TR-30322,Mar 22 2024,2024-03-01,RH,FORN-00153,DESPESA,4464.07,4324.57,BRL,Manutenção estrutural vinculada à área RH,3,CARTAO,PAGO,8564f3e9-2355-4a0a-9d3a-5a95324578cc,2024-04-05,ERP_CORPORATIVO,TRANSACOES_FINANCEIRAS,30322,53e07d8795faa60539321a64150dcfd1697f4f1ba991154d71760b4ee052dd66
TR-30323,20/03/24,2024-03-01,PRD,FORN-00153,RECEITA,"R$4130,80","R$3941,02",BRL,Royalties recebidos por PRD,32,PIX,ATRASADO,8564f3e9-2355-4a0a-9d3a-5a95324578cc,2024-04-05,ERP_CORPORATIVO,TRANSACOES_FINANCEIRAS,30323,2cde6a1c04fbe22ecfc9d1cd6c6d93aa6d91fd3ecc8bafcf04759ca8f94e48c6
TR-30324,14/03/2024,2024-03-01,RH,FORN-00153,DESPESA,4827,"R$4826,73",BRL,Despesa de RH - RH,6,BOLETO,PAGO,8564f3e9-2355-4a0a-9d3a-5a95324578cc,2024-04-05,ERP_CORPORATIVO,TRANSACOES_FINANCEIRAS,30324,4432e2fd33a9102d03b4f9645f69da36bb5804c8a5cfaed16f228bfe5371ef84
TR-30637,20/03/2024,2024-03-01,TI,ACC-00154,DESPESA,9391.36,"R$ 9.391,36",BRL,Serviço de tecnologia contratado por TI,5,TRANSFERENCIA,PAGO,8564f3e9-2355-4a0a-9d3a-5a95324578cc,2024-04-05,ERP_CORPORATIVO,TRANSACOES_FINANCEIRAS,30637,21ea898b6666c4f8f002ade6f773777ae4aab5835f45f02a9254f72b627f8744
TR-30638,14/03/2024,2024-03-01,OP,ACC-00154,RECEITA,9555,"R$ 9.555,35",BRL,Licenciamento de software - OP,5,PIX,PAGO,8564f3e9-2355-4a0a-9d3a-5a95324578cc,2024-04-05,ERP_CORPORATIVO,TRANSACOES_FINANCEIRAS,30638,d57de314870e836b686cd2458abd741cfb264adb42f96920e9a013afe236bece
TR-30639,Mar 25 2024,2024-03-01,SEC,ACC-00154,DESPESA,"R$10946,83",10.947,BRL,Contrato de consultoria externa - SEC,12,TED,PAGO,8564f3e9-2355-4a0a-9d3a-5a95324578cc,2024-04-05,ERP_CORPORATIVO,TRANSACOES_FINANCEIRAS,30639,d8e7386972b88109fd4e415a1c6612d32899f9c8e62be6242d4b32aba54afab8
TR-30640,04/03/24,2024-03-01,OP,ACC-00154,DESPESA,"28.372,27","R$ 28.372,27",BRL,Tarifas de serviços financeiros - OP,22,PIX,PAGO,8564f3e9-2355-4a0a-9d3a-5a95324578cc,2024-04-05,ERP_CORPORATIVO,TRANSACOES_FINANCEIRAS,30640,eec0de1025c86c53bd5a974a7bf9c4224ad2e828a06038e292a9400815aa7a02
TR-30740,18-03-2024,2024-03-01,JUR,ACC-00155,DESPESA,1.031,1031.02,BRL,Receita eventual registrada em JUR,37,CARTAO,ATRASADO,8564f3e9-2355-4a0a-9d3a-5a95324578cc,2024-04-05,ERP_CORPORATIVO,TRANSACOES_FINANCEIRAS,30740,a19987cad15422c25b14ea778b8eb3888cadd09828622278c711b6a7094ef22a
TR-30741,20/03/24,2024-03-01,OP,ACC-00155,DESPESA,1080.08,1.052,USD,Serviço especializado solicitado por OP,1,PIX,PAGO,8564f3e9-2355-4a0a-9d3a-5a95324578cc,2024-04-05,ERP_CORPORATIVO,TRANSACOES_FINANCEIRAS,30741,8a8a0780185cbe090b0409a0f0054f8b57f3867d7e38a54176f48bda2557e34c
TR-30742,14-03-2024,2024-03-01,ESG,ACC-00155,RECEITA,957,"R$ 956,77",BRL,Receita de aluguel creditada em ESG,31,BOLETO,PAGO,8564f3e9-2355-4a0a-9d3a-5a95324578cc,2024-04-05,ERP_CORPORATIVO,TRANSACOES_FINANCEIRAS,30742,dc779d1bf469171f6e424fe96410e9f9b34cec0413c67f9b1200647ad3d215ce
TR-30743,25/03/24,2024-03-01,COMP,ACC-00155,RECEITA,1.117,1117.10,BRL,Compra de insumos para setor COMP,2,BOLETO,ATRASADO,8564f3e9-2355-4a0a-9d3a-5a95324578cc,2024-04-05,ERP_CORPORATIVO,TRANSACOES_FINANCEIRAS,30743,eb620f60e09bf17df2ddfae6cc00eaf70e100a8a6b8c3a1c4b1c45894f94f078
TR-30744,15/03/2024,2024-03-01,RH,ACC-00155,RECEITA,"R$ 995,28","950,94",BRL,Campanha institucional - RH,4,PIX,ATRASADO,8564f3e9-2355-4a0a-9d3a-5a95324578cc,2024-04-05,ERP_CORPORATIVO,TRANSACOES_FINANCEIRAS,30744,793eee312d2995abcd6d55edf62098e1458d84f20a155d8b46c563c15d154c37
TR-30745,08/03/24,2024-03-01,PRD,ACC-00155,DESPESA,1050.65,"1.025,64",BRL,Receita de aluguel creditada em PRD,31,BOLETO,PAGO,8564f3e9-2355-4a0a-9d3a-5a95324578cc,2024-04-05,ERP_CORPORATIVO,TRANSACOES_FINANCEIRAS,30745,16cc4e33b67d0705cf82a857c0b1a2d122960947afe8114f6f8d9312dd4c7882
TR-30746,14/03/24,2024-03-01,MKT,ACC-00155,DESPESA,"984,47","R$ 984,47",BRL,Serviço técnico especializado para MKT,11,PIX,PAGO,8564f3e9-2355-4a0a-9d3a-5a95324578cc,2024-04-05,ERP_CORPORATIVO,TRANSACOES_FINANCEIRAS,30746,2df8265101c03b9ae7f8cd4ae91a5ba6bf36efa7744ba75e4b4060ac140d8748
TR-30747,14/03/2024,2024-03-01,OP,ACC-00155,DESPESA,1022,"1.022,29",BRL,Manutenção predial solicitada por OP,10,TED,PAGO,8564f3e9-2355-4a0a-9d3a-5a95324578cc,2024-04-05,ERP_CORPORATIVO,TRANSACOES_FINANCEIRAS,30747,03ff77469efd0c47f84c7c08d5e95f71dd34cfb3f4c311e23ce67b22a54dfde5
TR-30748,Mar 11 2024,2024-03-01,SEC,ACC-00155,DESPESA,922.44,"R$ 909,83",BRL,Serviço relacionado a recursos humanos (SEC),6,TRANSFERENCIA,CANCELADO,8564f3e9-2355-4a0a-9d3a-5a95324578cc,2024-04-05,ERP_CORPORATIVO,TRANSACOES_FINANCEIRAS,30748,13f0948a42f5dde70020899e0a3eef80066e34148d5c7f05666d27de7f2258e1
TR-31027,Mar 26 2024,2024-03-01,PRD,FORN-00157,RECEITA,1718.15,"R$1718,15",BRL,Assessoria legal vinculada à área PRD,7,TRANSFERENCIA,ATRASADO,8564f3e9-2355-4a0a-9d3a-5a95324578cc,2024-04-05,ERP_CORPORATIVO,TRANSACOES_FINANCEIRAS,31027,6a65e7500b0c4a7d064d5376e9dd29438f5031478b178b8e18a0e5f5fdea3334
TR-31028,15/03/24,2024-03-01,OP,FORN-00157,DESPESA,"R$ 3.282,16",3.238,BRL,Evento corporativo organizado por OP,14,BOLETO,ATRASADO,8564f3e9-2355-4a0a-9d3a-5a95324578cc,2024-04-05,ERP_CORPORATIVO,TRANSACOES_FINANCEIRAS,31028,e4314618e66b0426a9e27d25d7fb4f0c8793c60bd28718fba07397b5a336b734
TR-31029,15/03/24,2024-03-01,JUR,FORN-00157,RECEITA,"R$1586,78","1.511,20",BRL,Assessoria legal vinculada à área JUR,7,PIX,ATRASADO,8564f3e9-2355-4a0a-9d3a-5a95324578cc,2024-04-05,ERP_CORPORATIVO,TRANSACOES_FINANCEIRAS,31029,6f608f3c107202a168dcaf3324dfe1331330eb15790a5110055731241136c4f8
TR-31030,18-03-2024,2024-03-01,OP,FORN-00157,RECEITA,"1.549,85",1.509,BRL,Royalties recebidos por OP,32,TRANSFERENCIA,PAGO,8564f3e9-2355-4a0a-9d3a-5a95324578cc,2024-04-05,ERP_CORPORATIVO,TRANSACOES_FINANCEIRAS,31030,617f91d501f6c8c083cd1dd0740493c12adde0948de23cdecc9dd633376c3f45
TR-31031,13/03/24,2024-03-01,COMP,FORN-00157,RECEITA,"R$1523,27",1.523,BRL,Reparo de frota vinculado à área COMP,17,BOLETO,PAGO,8564f3e9-2355-4a0a-9d3a-5a95324578cc,2024-04-05,ERP_CORPORATIVO,TRANSACOES_FINANCEIRAS,31031,31fa3da0291e7ed23177f0eaa96fb4b5db8faec4777283739869680fed37a53a
TR-31032,2024-03-18,2024-03-01,OP,FORN-00157,DESPESA,"R$ 1.518,50",1.518,BRL,Prestação de serviço para área OP,1,CARTAO,PAGO,8564f3e9-2355-4a0a-9d3a-5a95324578cc,2024-04-05,ERP_CORPORATIVO,TRANSACOES_FINANCEIRAS,31032,a849b0f04b3d29054f707408d705619124b1fe5004c285cb493e8354f1641571
TR-31033,03-18-2024,2024-03-01,COMP,FORN-00157,DESPESA,1587,1543,BRL,Custo operacional associado a COMP,8,PIX,PAGO,8564f3e9-2355-4a0a-9d3a-5a95324578cc,2024-04-05,ERP_CORPORATIVO,TRANSACOES_FINANCEIRAS,31033,30805c08c61efe323ab878f9088e689e024b07918400b915d49d129b3a64dc93
TR-31034,26-03-2024,2024-03-01,QAS,FORN-00157,RECEITA,1.777,1777.20,BRL,Investimento em marketing corporativo (QAS),4,BOLETO,PAGO,8564f3e9-2355-4a0a-9d3a-5a95324578cc,2024-04-05,ERP_CORPORATIVO,TRANSACOES_FINANCEIRAS,31034,1ad33dcdc86874519bf2c43bcc16b6bbf9e3022454d708f6478bd7e4c5f2859c
TR-31035,Mar 08 2024,2024-03-01,MKT,FORN-00157,DESPESA,1383.03,"R$1335,06",BRL,Despesa jurídica da área MKT,24,CARTAO,PAGO,8564f3e9-2355-4a0a-9d3a-5a95324578cc,2024-04-05,ERP_CORPORATIVO,TRANSACOES_FINANCEIRAS,31035,ec3fbd02adfa95bc830d16281257c4596fde5c7fc9e2944d9ddc369319e21487
TR-31036,2024/03/15,2024-03-01,CTB,FORN-00157,DESPESA,1298,"R$ 1.297,67",BRL,Licenciamento de software - CTB,5,BOLETO,PAGO,8564f3e9-2355-4a0a-9d3a-5a95324578cc,2024-04-05,ERP_CORPORATIVO,TRANSACOES_FINANCEIRAS,31036,f9f5b48ff2d7cc347d30577b2fdd3cb99e0b879a4084a5a8df5203aa0699a27a
TR-31037,Mar 18 2024,2024-03-01,COM,FORN-00157,DESPESA,589,"R$588,55",BRL,Reparo de frota vinculado à área COM,17,TED,ATRASADO,8564f3e9-2355-4a0a-9d3a-5a95324578cc,2024-04-05,ERP_CORPORATIVO,TRANSACOES_FINANCEIRAS,31037,f60ccbbd75d5adc5d2a55593bfd9c3adf0754d52c19a221aaa3eebe1ffc90cc4
TR-31038,Mar 19 2024,2024-03-01,JUR,FORN-00157,DESPESA,"1.568,60",1.569,BRL,Contrato de serviço - setor JUR,1,TED,PAGO,8564f3e9-2355-4a0a-9d3a-5a95324578cc,2024-04-05,ERP_CORPORATIVO,TRANSACOES_FINANCEIRAS,31038,186d40a92b1be2911380677f90ea84db57ed24ff2989dcffdaf6966e48491fa8
TR-31039,04/03/24,2024-03-01,VND,FORN-00157,RECEITA,1503.53,"R$1484,94",BRL,Prestação de serviço para área VND,1,BOLETO,PAGO,8564f3e9-2355-4a0a-9d3a-5a95324578cc,2024-04-05,ERP_CORPORATIVO,TRANSACOES_FINANCEIRAS,31039,026b932bd6edf7857455e038ca3de98854e105595cc90fe41494ec2638bbf654
TR-31040,11/03/24,2024-03-01,FIN,FORN-00157,RECEITA,"R$1806,87","R$ 1.806,87",BRL,Juros sobre operação financeira - FIN,23,BOLETO,PAGO,8564f3e9-2355-4a0a-9d3a-5a95324578cc,2024-04-05,ERP_CORPORATIVO,TRANSACOES_FINANCEIRAS,31040,12604bc173c0a7079517d7945b95997cfee236dd1f5560bf8f484bc688f90029
TR-31041,2024/03/04,2024-03-01,COMP,FORN-00157,DESPESA,"R$ 1.784,92",1.723,BRL,Hospedagem em viagem a serviço de COMP,19,BOLETO,PAGO,8564f3e9-2355-4a0a-9d3a-5a95324578cc,2024-04-05,ERP_CORPORATIVO,TRANSACOES_FINANCEIRAS,31041,1925f7232e850c289fab8160e89db3090aac180f02147c4752f72677b8a91079
TR-31042,15/03/24,2024-03-01,COMP,FORN-00157,DESPESA,1.480,1479.84,BRL,Licenciamento de software - COMP,5,TRANSFERENCIA,PAGO,8564f3e9-2355-4a0a-9d3a-5a95324578cc,2024-04-05,ERP_CORPORATIVO,TRANSACOES_FINANCEIRAS,31042,49a4411785d16ed0f22203cfdf371f8b798407f3a11257f0def376a537476adc
TR-31043,22/03/24,2024-03-01,LOG,FORN-00157,RECEITA,"R$1807,40","R$1721,02",BRL,Locação de espaço comercial - LOG,31,BOLETO,PAGO,8564f3e9-2355-4a0a-9d3a-5a95324578cc,2024-04-05,ERP_CORPORATIVO,TRANSACOES_FINANCEIRAS,31043,1fbf641925597c2cfa982f7167e41520d3d59d5b273e374234a46a04b1b44dc4
TR-31044,03-18-2024,2024-03-01,COMP,FORN-00157,RECEITA,1615.20,"1.615,20",BRL,Despesa jurídica da área COMP,24,TRANSFERENCIA,PAGO,8564f3e9-2355-4a0a-9d3a-5a95324578cc,2024-04-05,ERP_CORPORATIVO,TRANSACOES_FINANCEIRAS,31044,85fb25a5c81e9cf8c32c260f92e441c840b1bee5e557ed1801ead8b6a895af9c
TR-31045,Mar 18 2024,2024-03-01,FIN,FORN-00157,DESPESA,1439.82,"R$ 1.439,82",BRL,Combustível e lubrificantes para frota (FIN),16,PIX,PAGO,8564f3e9-2355-4a0a-9d3a-5a95324578cc,2024-04-05,ERP_CORPORATIVO,TRANSACOES_FINANCEIRAS,31045,224caed4fa4283f3e3b6dfba7cd7df95557e29416dcbf4e8e4a85ad38c72809d
TR-31046,04-03-2024,2024-03-01,RH,FORN-00157,RECEITA,1.530,1530,BRL,Prestação de serviço para área RH,1,PIX,ATRASADO,8564f3e9-2355-4a0a-9d3a-5a95324578cc,2024-04-05,ERP_CORPORATIVO,TRANSACOES_FINANCEIRAS,31046,2a76a667f2c9abba913ae2d62f2cf32abd473ea62d7ef0cdcc2d810a3dba64a7
TR-31246,03-11-2024,2024-03-01,COM,FORN-00158,DESPESA,"R$1583,15","R$ 1.583,15",BRL,Honorários profissionais contratados por COM,11,TED,PAGO,8564f3e9-2355-4a0a-9d3a-5a95324578cc,2024-04-05,ERP_CORPORATIVO,TRANSACOES_FINANCEIRAS,31246,a178e8827276c31f6b89e5df1401175d986fc958fa0079563e1141c022e645ca
TR-31247,2024/03/08,2024-03-01,ADM,FORN-00158,DESPESA,5258,5257.99,BRL,Venda de ativo imobilizado por ADM,35,PIX,PAGO,8564f3e9-2355-4a0a-9d3a-5a95324578cc,2024-04-05,ERP_CORPORATIVO,TRANSACOES_FINANCEIRAS,31247,56883bf113b4cb9aafc8ab917b0a6abded5335034f4051cdfa5ff1dc0e3c4f6d
TR-31248,03-14-2024,2024-03-01,PJT,FORN-00158,RECEITA,"R$2184,48","R$2094,83",BRL,Despesa de infraestrutura - PJT,3,BOLETO,PAGO,8564f3e9-2355-4a0a-9d3a-5a95324578cc,2024-04-05,ERP_CORPORATIVO,TRANSACOES_FINANCEIRAS,31248,534f023a19d7a94640a9cc273508a4b539f6011bdae0db39e451f3e8dfc2efc8
TR-31249,2024-03-12,2024-03-01,COMP,FORN-00158,DESPESA,"R$ 1.849,14",1.849,BRL,Hospedagem em viagem a serviço de COMP,19,TRANSFERENCIA,PAGO,8564f3e9-2355-4a0a-9d3a-5a95324578cc,2024-04-05,ERP_CORPORATIVO,TRANSACOES_FINANCEIRAS,31249,aab3a91c7a8c7df6671b2491636e54931f8654547cc11f8765f009ca5c4e277d
TR-31250,Mar 14 2024,2024-03-01,OP,FORN-00158,RECEITA,1975.06,"R$1975,06",BRL,Despesa operacional - OP,8,TRANSFERENCIA,CANCELADO,8564f3e9-2355-4a0a-9d3a-5a95324578cc,2024-04-05,ERP_CORPORATIVO,TRANSACOES_FINANCEIRAS,31250,e8761f633d8fd093afff61718ff6e186d0368e6124d59d9be8201891063b1485
TR-31251,2024-03-07,2024-03-01,CTB,FORN-00158,RECEITA,1661,"R$ 1.660,50",BRL,Licenciamento de software - CTB,5,TED,PAGO,8564f3e9-2355-4a0a-9d3a-5a95324578cc,2024-04-05,ERP_CORPORATIVO,TRANSACOES_FINANCEIRAS,31251,dca6c6e0025e0bf73ca4d39e32b8d4a11e609cece028a1ccd49eed7c319d4782
TR-31252,2024-03-20,2024-03-01,VND,FORN-00158,DESPESA,"1.794,87",1794.87,BRL,Serviço de tecnologia contratado por VND,5,PIX,PAGO,8564f3e9-2355-4a0a-9d3a-5a95324578cc,2024-04-05,ERP_CORPORATIVO,TRANSACOES_FINANCEIRAS,31252,49f6f8ea503bcd4316aa452f377cf2b53bc98c196197270d7b47a3216b04873d
TR-31253,2024/03/25,2024-03-01,CPT,FORN-00158,DESPESA,1787,1.757,BRL,Contrato de serviço - setor CPT,1,TED,PAGO,8564f3e9-2355-4a0a-9d3a-5a95324578cc,2024-04-05,ERP_CORPORATIVO,TRANSACOES_FINANCEIRAS,31253,d022f8d201d8a80687e7dd94a493086128dc542313e391c2a6d3456c48a0f0a8
TR-31254,11/03/2024,2024-03-01,LOG,FORN-00158,DESPESA,1.869,"1.791,14",BRL,Participação nos resultados vinculada a LOG,34,TED,PAGO,8564f3e9-2355-4a0a-9d3a-5a95324578cc,2024-04-05,ERP_CORPORATIVO,TRANSACOES_FINANCEIRAS,31254,a3262be717120ca782e634a7a5083c368af71f29535383193d22c6e2cd2d8acd
TR-31255,2024-03-19,2024-03-01,OP,FORN-00158,DESPESA,"R$ 1.812,64",1723.15,BRL,Abatimento comercial registrado em OP,38,PIX,PAGO,8564f3e9-2355-4a0a-9d3a-5a95324578cc,2024-04-05,ERP_CORPORATIVO,TRANSACOES_FINANCEIRAS,31255,f41c0ded002adbf56a33dfd50b04f3541ae152bfdeaf0ec2935b2f518fe8c745
TR-31444,27/03/24,2024-03-01,CTB,ACC-00159,DESPESA,"R$6631,65",6632,BRL,Licenciamento de software - CTB,5,PIX,PAGO,8564f3e9-2355-4a0a-9d3a-5a95324578cc,2024-04-05,ERP_CORPORATIVO,TRANSACOES_FINANCEIRAS,31444,7c1234677e1b6d621a47bf91d8fe369686e32d7bebc3e1d8192e3daf9d2979b4
TR-31445,2024-03-07,2024-03-01,VND,ACC-00159,DESPESA,6.486,"R$ 6.485,66",BRL,Contrato de serviço - setor VND,1,CARTAO,PAGO,8564f3e9-2355-4a0a-9d3a-5a95324578cc,2024-04-05,ERP_CORPORATIVO,TRANSACOES_FINANCEIRAS,31445,c1242638c5aed4e6f5f133109e4ab186ced08777c412fcf126378d4120ef1b50
TR-31446,12/03/2024,2024-03-01,FIN,ACC-00159,DESPESA,"6.744,78",6468.56,BRL,Serviço de tecnologia contratado por FIN,5,BOLETO,ATRASADO,8564f3e9-2355-4a0a-9d3a-5a95324578cc,2024-04-05,ERP_CORPORATIVO,TRANSACOES_FINANCEIRAS,31446,0fe0bec2788c534a2356c31340480f83a2768a6981c9564c3c3805c319b6c5ed
TR-31447,18-03-2024,2024-03-01,FIN,ACC-00159,RECEITA,"R$6803,29",6.803,BRL,Tributo incidente sobre receita de FIN,40,PIX,PAGO,8564f3e9-2355-4a0a-9d3a-5a95324578cc,2024-04-05,ERP_CORPORATIVO,TRANSACOES_FINANCEIRAS,31447,968b7f4270a96a0624ee1a270204151dfd710232e5b01df5eabac12118a9606b
TR-31448,03-21-2024,2024-03-01,VND,ACC-00159,DESPESA,12763,12.763,BRL,Manutenção estrutural vinculada à área VND,3,TRANSFERENCIA,PAGO,8564f3e9-2355-4a0a-9d3a-5a95324578cc,2024-04-05,ERP_CORPORATIVO,TRANSACOES_FINANCEIRAS,31448,2d7605db948ae0f9af2d29ede64477a4f4149dacde1f4d89c3718f4692f5171e
TR-31449,03-18-2024,2024-03-01,RH,ACC-00159,DESPESA,7162.55,6956,BRL,Prestação de serviço para área RH,1,PIX,ATRASADO,8564f3e9-2355-4a0a-9d3a-5a95324578cc,2024-04-05,ERP_CORPORATIVO,TRANSACOES_FINANCEIRAS,31449,3d5040eeca83e978b1972704e281a1486be01c358124f90495db1ee65a248ae2
TR-31450,18/03/2024,2024-03-01,JUR,ACC-00159,DESPESA,"R$5856,67","R$ 5.856,67",BRL,Custo operacional associado a JUR,8,CARTAO,PAGO,8564f3e9-2355-4a0a-9d3a-5a95324578cc,2024-04-05,ERP_CORPORATIVO,TRANSACOES_FINANCEIRAS,31450,00af12ef5fbb4a0ca20de7bf122248e35f477a1a8e41e1101187e1ef508be4b4
TR-31451,21-03-2024,2024-03-01,COMP,ACC-00159,DESPESA,"5.776,92",5.777,BRL,Seguro contratado pela área COMP,21,BOLETO,PAGO,8564f3e9-2355-4a0a-9d3a-5a95324578cc,2024-04-05,ERP_CORPORATIVO,TRANSACOES_FINANCEIRAS,31451,681359b38f93c3e266a5babd46d3868c8b908463f96addc319d1adfed2ad7da0
TR-31452,25/03/24,2024-03-01,OP,ACC-00159,RECEITA,6.681,6.681,BRL,Locação de espaço comercial - OP,31,BOLETO,PAGO,8564f3e9-2355-4a0a-9d3a-5a95324578cc,2024-04-05,ERP_CORPORATIVO,TRANSACOES_FINANCEIRAS,31452,837db18fa19808a50ecc0591e435a5566505d170e3c1a2b14572aa63d43224cf
TR-31453,18-03-2024,2024-03-01,ADM,ACC-00159,DESPESA,"R$6559,40",6.453,BRL,Receita extraordinária - ADM,37,PIX,PAGO,8564f3e9-2355-4a0a-9d3a-5a95324578cc,2024-04-05,ERP_CORPORATIVO,TRANSACOES_FINANCEIRAS,31453,2377527a08e594345c1e2a48de484f1916c601914a807e8f0411cfe7526a4d64
TR-31454,11/03/2024,2024-03-01,COM,ACC-00159,RECEITA,5921,5678.52,BRL,Receita de aluguel creditada em COM,31,PIX,CANCELADO,8564f3e9-2355-4a0a-9d3a-5a95324578cc,2024-04-05,ERP_CORPORATIVO,TRANSACOES_FINANCEIRAS,31454,a4b6bd19e8350445381005f3b2976cecde662772aa4e580452a70e7f4b09b148
TR-31455,03-25-2024,2024-03-01,MKT,ACC-00159,DESPESA,5.907,"R$5907,10",BRL,Custo operacional associado a MKT,8,TRANSFERENCIA,PAGO,8564f3e9-2355-4a0a-9d3a-5a95324578cc,2024-04-05,ERP_CORPORATIVO,TRANSACOES_FINANCEIRAS,31455,98816d534ff8b2849299c5c9f920e72a33979ef8b36889eb4a685a63e71959d3
TR-31456,2024-03-25,2024-03-01,COMP,ACC-00159,DESPESA,6668.66,6589.97,BRL,Custo operacional associado a COMP,8,TED,PAGO,8564f3e9-2355-4a0a-9d3a-5a95324578cc,2024-04-05,ERP_CORPORATIVO,TRANSACOES_FINANCEIRAS,31456,e9038356332606a34f884e4d536b13113148988c62b7b026a066e97cce034f97
TR-31761,27/03/24,2024-03-01,RH,ACC-00161,DESPESA,"1.617,53","R$ 1.553,82",BRL,Aquisição de material operacional - RH,2,TRANSFERENCIA,PAGO,8564f3e9-2355-4a0a-9d3a-5a95324578cc,2024-04-05,ERP_CORPORATIVO,TRANSACOES_FINANCEIRAS,31761,6561b0ccf0ffccfc3beaf6a0258f1b3665ce5679a1796c4ca727f2b6bb428c83
TR-31762,03-18-2024,2024-03-01,MKT,ACC-00161,DESPESA,"R$1346,66",1347,BRL,Receita de comissão comercial - MKT,33,PIX,PAGO,8564f3e9-2355-4a0a-9d3a-5a95324578cc,2024-04-05,ERP_CORPORATIVO,TRANSACOES_FINANCEIRAS,31762,1fb9c3515d5f537d147a729c7f440221c049cd4a96e7fd905d4868a101cec6bc
TR-31763,14-03-2024,2024-03-01,ATD,ACC-00161,RECEITA,"1.197,45","R$ 1.197,45",USD,Serviço relacionado a recursos humanos (ATD),6,TED,CANCELADO,8564f3e9-2355-4a0a-9d3a-5a95324578cc,2024-04-05,ERP_CORPORATIVO,TRANSACOES_FINANCEIRAS,31763,4b92199166b86e3ef9f58a0cf6ca0ad0931b190faf5bd493d502d4be5bc25f00
TR-31764,25/03/2024,2024-03-01,TI,ACC-00161,DESPESA,"R$ 1.391,36","R$1391,36",BRL,Propaganda e divulgação para área TI,13,TED,PAGO,8564f3e9-2355-4a0a-9d3a-5a95324578cc,2024-04-05,ERP_CORPORATIVO,TRANSACOES_FINANCEIRAS,31764,8f034fda3f7b76ef1582db74ba5e00e922d9e48dcba4d0208826dc8713216ded
TR-31765,03-18-2024,2024-03-01,MKT,ACC-00161,RECEITA,1.540,1540,BRL,Publicidade institucional - MKT,13,PIX,PAGO,8564f3e9-2355-4a0a-9d3a-5a95324578cc,2024-04-05,ERP_CORPORATIVO,TRANSACOES_FINANCEIRAS,31765,9c228235c9e6cfd115a7f9c26afc5aea2603a4e38afb51743639a69015b21dc7
TR-31766,Mar 11 2024,2024-03-01,COM,ACC-00161,DESPESA,"R$ 1.330,73","R$1330,73",BRL,Venda de ativo imobilizado por COM,35,BOLETO,PAGO,8564f3e9-2355-4a0a-9d3a-5a95324578cc,2024-04-05,ERP_CORPORATIVO,TRANSACOES_FINANCEIRAS,31766,033470b8e9fb0fe455135ac1052f4824b6f690b5416601bf0a9e75e899fb595f
TR-31767,2024-03-21,2024-03-01,COMP,ACC-00161,DESPESA,"R$1494,19","1.494,19",BRL,Despesa operacional - COMP,8,PIX,PAGO,8564f3e9-2355-4a0a-9d3a-5a95324578cc,2024-04-05,ERP_CORPORATIVO,TRANSACOES_FINANCEIRAS,31767,5a9dbe3d42de565dd9a923d56a08eec65932d7007306f1639e5ab6c0bc490a68
TR-31768,12-03-2024,2024-03-01,MKT,ACC-00161,DESPESA,"1.559,78",1.560,BRL,Serviços contábeis externos - MKT,25,TED,PAGO,8564f3e9-2355-4a0a-9d3a-5a95324578cc,2024-04-05,ERP_CORPORATIVO,TRANSACOES_FINANCEIRAS,31768,483437ca978c3f14b0b6c1fc698ce6e82945daf9fe10dcda463deb067dce61fa
TR-31769,03-11-2024,2024-03-01,ADM,ACC-00161,DESPESA,1690,1690,BRL,Contrato de serviço - setor ADM,1,BOLETO,PAGO,8564f3e9-2355-4a0a-9d3a-5a95324578cc,2024-04-05,ERP_CORPORATIVO,TRANSACOES_FINANCEIRAS,31769,cb2fdd103e729cba6bf1e5a13aefe94ad0712734b2af1999dd5fc0f61f59da4e
TR-31770,2024/03/22,2024-03-01,ATD,ACC-00161,DESPESA,"R$ 1.465,05",1.429,BRL,Contrato de serviço - setor ATD,1,PIX,PAGO,8564f3e9-2355-4a0a-9d3a-5a95324578cc,2024-04-05,ERP_CORPORATIVO,TRANSACOES_FINANCEIRAS,31770,659162599a3776115811b34dae1b8d00b1df32e5206b7634dee244b9d297693e
TR-31771,2024-03-11,2024-03-01,CTB,ACC-00161,RECEITA,1636,"R$1635,81",BRL,Licença de software para área CTB,27,BOLETO,PAGO,8564f3e9-2355-4a0a-9d3a-5a95324578cc,2024-04-05,ERP_CORPORATIVO,TRANSACOES_FINANCEIRAS,31771,2084bb0c06cbd9fd6103998bb2967d6f6db208b2820e779ff4369dfc1911dcf4
TR-31772,Mar 11 2024,2024-03-01,RH,ACC-00161,DESPESA,"R$ 1.584,85",1585,BRL,Despesa operacional - RH,8,TRANSFERENCIA,PAGO,8564f3e9-2355-4a0a-9d3a-5a95324578cc,2024-04-05,ERP_CORPORATIVO,TRANSACOES_FINANCEIRAS,31772,94e9725949264a1a9e3e3b06a2424bdbbe1dc89619b0e6cf987f66bd7fb3258b
TR-31773,03-25-2024,2024-03-01,COM,ACC-00161,RECEITA,1.442,"1.442,43",BRL,Prestação de serviço para área COM,1,TED,PAGO,8564f3e9-2355-4a0a-9d3a-5a95324578cc,2024-04-05,ERP_CORPORATIVO,TRANSACOES_FINANCEIRAS,31773,3d1372dad15863dcd29886a2689a061fa7341134e964b11d9b71f525978f08d6
TR-31774,19/03/24,2024-03-01,FIN,ACC-00161,DESPESA,1.633,1633,BRL,Contrato de serviço - setor FIN,1,TED,PAGO,8564f3e9-2355-4a0a-9d3a-5a95324578cc,2024-04-05,ERP_CORPORATIVO,TRANSACOES_FINANCEIRAS,31774,dee2b5cc21ab78c63c0a6848426c8e158e29619927b5b6d5cd3c628f2cb0607a
TR-31775,07/03/24,2024-03-01,ADM,ACC-00161,RECEITA,"R$1591,96","R$ 1.591,96",BRL,Aquisição de material operacional - ADM,2,TED,ATRASADO,8564f3e9-2355-4a0a-9d3a-5a95324578cc,2024-04-05,ERP_CORPORATIVO,TRANSACOES_FINANCEIRAS,31775,949febe02f452f239f8c782fdff38fae6910890b1e6f919c041fa84cd852bed4
TR-31776,Mar 04 2024,2024-03-01,ADM,ACC-00161,DESPESA,"1.431,83",1431.83,BRL,Compra de insumos para setor ADM,2,BOLETO,ATRASADO,8564f3e9-2355-4a0a-9d3a-5a95324578cc,2024-04-05,ERP_CORPORATIVO,TRANSACOES_FINANCEIRAS,31776,9e934fcb75288d9e7b20bdc23c6f7cdeeb7cd4083aba62299750ec2120823726
TR-31777,03-11-2024,2024-03-01,LOG,ACC-00161,DESPESA,1.563,1.563,BRL,Direitos de propriedade intelectual - LOG,32,BOLETO,PAGO,8564f3e9-2355-4a0a-9d3a-5a95324578cc,2024-04-05,ERP_CORPORATIVO,TRANSACOES_FINANCEIRAS,31777,1e8101afb9b4fc845b6e45078dbf4fd624e6270d9202d17aeb53dfddf04a31e0
TR-31778,29/03/2024,2024-03-01,CPT,ACC-00161,RECEITA,"R$ 1.495,91",1495.91,BRL,Campanha institucional - CPT,4,PIX,PAGO,8564f3e9-2355-4a0a-9d3a-5a95324578cc,2024-04-05,ERP_CORPORATIVO,TRANSACOES_FINANCEIRAS,31778,470c0a3ded59283e126a3f2825915ae4636bde1e1e3dfb81b217cde45be3e24e
TR-31779,25/03/24,2024-03-01,LOG,ACC-00161,RECEITA,"R$ 1.537,82",1483,BRL,Combustível e lubrificantes para frota (LOG),16,BOLETO,PAGO,8564f3e9-2355-4a0a-9d3a-5a95324578cc,2024-04-05,ERP_CORPORATIVO,TRANSACOES_FINANCEIRAS,31779,a35037a03098749ccec88c04b69a0c612654f93e460e5370c01a2ec8a273679f
TR-31780,11/03/24,2024-03-01,COMP,ACC-00161,RECEITA,1757,"R$ 1.673,00",BRL,Compra de insumos para setor COMP,2,PIX,ATRASADO,8564f3e9-2355-4a0a-9d3a-5a95324578cc,2024-04-05,ERP_CORPORATIVO,TRANSACOES_FINANCEIRAS,31780,3bc652fc8e241cff5e4247a429079483daf0495b6ccfe11427688fbdaec3f4dd
TR-31781,Mar 18 2024,2024-03-01,ATD,ACC-00161,DESPESA,4576.60,4577,BRL,Participação nos resultados vinculada a ATD,34,TED,CANCELADO,8564f3e9-2355-4a0a-9d3a-5a95324578cc,2024-04-05,ERP_CORPORATIVO,TRANSACOES_FINANCEIRAS,31781,b44158c9c91ae621f6f8339bffbc5de3d9afe14caea2b1168a4787fe1d39e6f4
TR-31782,2024/03/18,2024-03-01,OP,ACC-00161,RECEITA,"R$ 1.493,37","1.493,37",BRL,Serviço especializado solicitado por OP,1,TRANSFERENCIA,PAGO,8564f3e9-2355-4a0a-9d3a-5a95324578cc,2024-04-05,ERP_CORPORATIVO,TRANSACOES_FINANCEIRAS,31782,473ccd971182ddc1ea67126cc33a2e5f68472397e9cbc12ca59bd5a5840f9ab7
TR-31783,20/03/2024,2024-03-01,COMP,ACC-00161,RECEITA,1460,"1.460,27",BRL,Compra de insumos para setor COMP,2,PIX,PAGO,8564f3e9-2355-4a0a-9d3a-5a95324578cc,2024-04-05,ERP_CORPORATIVO,TRANSACOES_FINANCEIRAS,31783,6470b11692a19c6f3df329398200ce7c80ce0c7a097117a58a830a0d0283a740
TR-32051,Mar 14 2024,2024-03-01,COM,ACC-00162,RECEITA,"1.860,55","1.860,55",BRL,Contrato de consultoria externa - COM,12,TED,ATRASADO,8564f3e9-2355-4a0a-9d3a-5a95324578cc,2024-04-05,ERP_CORPORATIVO,TRANSACOES_FINANCEIRAS,32051,521da13cb459d20b933d42b7fde03d18a4fe2e05d24f24c1d9e20bb897c2bea2
TR-32052,03-05-2024,2024-03-01,FIN,ACC-00162,DESPESA,2.110,2036,BRL,Produção de material gráfico - FIN,15,BOLETO,PAGO,8564f3e9-2355-4a0a-9d3a-5a95324578cc,2024-04-05,ERP_CORPORATIVO,TRANSACOES_FINANCEIRAS,32052,9f9bcee5b88b5ef1d36c7bb07b078831a527c607b8d1d0e6dbf35c873fdeba69
TR-32053,03-19-2024,2024-03-01,ADM,ACC-00162,RECEITA,2.040,"R$2039,94",BRL,Taxas bancárias incidentes em ADM,22,PIX,PAGO,8564f3e9-2355-4a0a-9d3a-5a95324578cc,2024-04-05,ERP_CORPORATIVO,TRANSACOES_FINANCEIRAS,32053,d92f9188b7003028e154ccfa5391978510614ab045bc8ac5acb43148362c542d
TR-32054,03-18-2024,2024-03-01,COMP,ACC-00162,DESPESA,"R$ 2.158,34","2.069,11",BRL,Receita eventual registrada em COMP,37,TED,PAGO,8564f3e9-2355-4a0a-9d3a-5a95324578cc,2024-04-05,ERP_CORPORATIVO,TRANSACOES_FINANCEIRAS,32054,21e9ed1a354e87d441d788bffe4fc19eb26cb8aa82c584ccb0709f351125ffc2
TR-32055,11/03/24,2024-03-01,FIN,ACC-00162,DESPESA,2.299,"R$2298,99",USD,Serviço relacionado a recursos humanos (FIN),6,CARTAO,PAGO,8564f3e9-2355-4a0a-9d3a-5a95324578cc,2024-04-05,ERP_CORPORATIVO,TRANSACOES_FINANCEIRAS,32055,74db86250c100a5f9cc31fd1ce697cba7683538cca8b0824560a89f6aae6023a
TR-32056,14-03-2024,2024-03-01,COM,ACC-00162,DESPESA,"1.742,94","R$1742,94",BRL,Receita extraordinária - COM,37,TRANSFERENCIA,ATRASADO,8564f3e9-2355-4a0a-9d3a-5a95324578cc,2024-04-05,ERP_CORPORATIVO,TRANSACOES_FINANCEIRAS,32056,a1caa89bc12d6ef047e233c6219e78ad6d21934cfbd8b5ff061700ebd9d3b24a
TR-32057,21/03/24,2024-03-01,PRD,ACC-00162,DESPESA,2069.78,2070,BRL,Serviço relacionado a recursos humanos (PRD),6,CARTAO,ATRASADO,8564f3e9-2355-4a0a-9d3a-5a95324578cc,2024-04-05,ERP_CORPORATIVO,TRANSACOES_FINANCEIRAS,32057,696f7074500bf7c9d037cc0d1ec45b6926a75ba5ab2b5dd72914fc0c9e53c03f
TR-32058,19/03/24,2024-03-01,COM,ACC-00162,RECEITA,"R$1921,78",1922,BRL,Apólice de seguro - COM,21,BOLETO,PAGO,8564f3e9-2355-4a0a-9d3a-5a95324578cc,2024-04-05,ERP_CORPORATIVO,TRANSACOES_FINANCEIRAS,32058,05f54f079554a45f7f52e28ee02f0a56deeea2fc7da051efc314add7cedafe32
TR-32059,2024-03-25,2024-03-01,ATD,ACC-00162,DESPESA,"R$ 1.885,96","R$ 1.819,74",USD,Serviço de tecnologia contratado por ATD,5,TRANSFERENCIA,PAGO,8564f3e9-2355-4a0a-9d3a-5a95324578cc,2024-04-05,ERP_CORPORATIVO,TRANSACOES_FINANCEIRAS,32059,42a5ccec8bd1bcb504f21f34cdffe988ad99edd48d4e52e535f99a914962b93a
TR-32060,2024/03/11,2024-03-01,COM,ACC-00162,DESPESA,"2.525,08","R$2420,28",USD,Compra de insumos para setor COM,2,BOLETO,PAGO,8564f3e9-2355-4a0a-9d3a-5a95324578cc,2024-04-05,ERP_CORPORATIVO,TRANSACOES_FINANCEIRAS,32060,d261b2753ff074cba2085926c0c20b124dee2316344aeeee55e82ee061e18d68
TR-32061,2024/03/18,2024-03-01,JUR,ACC-00162,DESPESA,"R$1685,50",1.685,BRL,Alimentação em viagem corporativa - JUR,20,CARTAO,PAGO,8564f3e9-2355-4a0a-9d3a-5a95324578cc,2024-04-05,ERP_CORPORATIVO,TRANSACOES_FINANCEIRAS,32061,fb5f71455d5fa3c953717858207ff97a585057135670a688d5fa7573753427d2
TR-32062,2024/03/29,2024-03-01,FIN,ACC-00162,DESPESA,1937,1936.52,BRL,Juros sobre operação financeira - FIN,23,PIX,CANCELADO,8564f3e9-2355-4a0a-9d3a-5a95324578cc,2024-04-05,ERP_CORPORATIVO,TRANSACOES_FINANCEIRAS,32062,12d275dc452078141ee6679b0f920b8c0291be9fc4290e31dcc16675bf66b6ae
TR-32063,03-14-2024,2024-03-01,PJT,ACC-00162,RECEITA,1926.03,"R$1926,03",BRL,Custo operacional associado a PJT,8,PIX,PAGO,8564f3e9-2355-4a0a-9d3a-5a95324578cc,2024-04-05,ERP_CORPORATIVO,TRANSACOES_FINANCEIRAS,32063,44e0e664ee26272b6d20979f255623d155059a06d7499d8616fe1ee655f75051
TR-32064,07/03/24,2024-03-01,RH,ACC-00162,RECEITA,"R$ 1.981,50",1.981,BRL,Serviço de tecnologia contratado por RH,5,BOLETO,PAGO,8564f3e9-2355-4a0a-9d3a-5a95324578cc,2024-04-05,ERP_CORPORATIVO,TRANSACOES_FINANCEIRAS,32064,74f24e82428e6bf03834c8228ad13f54f7aeb9e22092d305521a34d27ff3142f
TR-32065,14-03-2024,2024-03-01,VND,ACC-00162,RECEITA,1.619,1619.06,EUR,Comissão recebida por VND,33,TED,ATRASADO,8564f3e9-2355-4a0a-9d3a-5a95324578cc,2024-04-05,ERP_CORPORATIVO,TRANSACOES_FINANCEIRAS,32065,af5cbc0cb380388fa020686e41f21d7702ee83d73fd33fd7115886c7eb5d4923
TR-32066,Mar 25 2024,2024-03-01,PRD,ACC-00162,RECEITA,"R$ 1.787,78",1787.78,BRL,Compra de insumos para setor PRD,2,PIX,PAGO,8564f3e9-2355-4a0a-9d3a-5a95324578cc,2024-04-05,ERP_CORPORATIVO,TRANSACOES_FINANCEIRAS,32066,f213acd335064a4b08cf6d0a20874a3789ef961777559f4a1572763d26919219
TR-32067,2024-03-14,2024-03-01,RH,ACC-00162,DESPESA,1982,1982,USD,Compra de insumos para setor RH,2,TED,ATRASADO,8564f3e9-2355-4a0a-9d3a-5a95324578cc,2024-04-05,ERP_CORPORATIVO,TRANSACOES_FINANCEIRAS,32067,06b1588b15a86c02b657290f4c17a86de0a946e119aaeed1dddc4169a9b84dd7
TR-32068,2024-03-13,2024-03-01,MKT,ACC-00162,DESPESA,1.715,"1.715,24",BRL,Contrato de consultoria externa - MKT,12,TED,PAGO,8564f3e9-2355-4a0a-9d3a-5a95324578cc,2024-04-05,ERP_CORPORATIVO,TRANSACOES_FINANCEIRAS,32068,91d679d2eeeeedad2f042842111ef7a4f09339318c37e1c4a9780693fee9f8c0
TR-32069,04/03/24,2024-03-01,FIN,ACC-00162,RECEITA,"R$2169,36","2.124,51",BRL,Custo operacional associado a FIN,8,TED,ATRASADO,8564f3e9-2355-4a0a-9d3a-5a95324578cc,2024-04-05,ERP_CORPORATIVO,TRANSACOES_FINANCEIRAS,32069,6e4221a5f0e3fdcc5d851c8f555a3fa167998802776d32e64ea94cfcf04ddcc2
TR-32070,18-03-2024,2024-03-01,ESG,ACC-00162,DESPESA,2089.76,"2.089,76",BRL,Aquisição de material operacional - ESG,2,TRANSFERENCIA,PAGO,8564f3e9-2355-4a0a-9d3a-5a95324578cc,2024-04-05,ERP_CORPORATIVO,TRANSACOES_FINANCEIRAS,32070,508bec21d47babf839f2d7cade57175ef1592cd492246e314682cfb16983d595
TR-32457,12/03/2024,2024-03-01,MKT,1000162,DESPESA,"R$4675,28",4.490,BRL,Licenciamento de software - MKT,5,PIX,PAGO,8564f3e9-2355-4a0a-9d3a-5a95324578cc,2024-04-05,ERP_CORPORATIVO,TRANSACOES_FINANCEIRAS,32457,32c6f4ce577b544a333225364e630d376260357e131e1162204198759457b197
TR-32458,Mar 15 2024,2024-03-01,MKT,1000162,DESPESA,"R$ 4.023,95","3.963,34",BRL,Serviço de telefonia e internet - MKT,9,TRANSFERENCIA,ATRASADO,8564f3e9-2355-4a0a-9d3a-5a95324578cc,2024-04-05,ERP_CORPORATIVO,TRANSACOES_FINANCEIRAS,32458,af87fe3f341fa1593b796a14864941ace00eacd2259d4cef41fda3cddf4359ee
TR-32459,03-11-2024,2024-03-01,COM,1000162,RECEITA,"2.971,99","R$2971,99",BRL,Assessoria contábil prestada a COM,25,BOLETO,PAGO,8564f3e9-2355-4a0a-9d3a-5a95324578cc,2024-04-05,ERP_CORPORATIVO,TRANSACOES_FINANCEIRAS,32459,0872b02e0466a285ca5fbb4df3a6d0b2d9e3b2485afb88d9bfdc5619b84c8b55
TR-32460,03-18-2024,2024-03-01,TI,1000162,RECEITA,12766,"R$ 12.765,50",BRL,Honorarium advocatício - TI,24,PIX,PAGO,8564f3e9-2355-4a0a-9d3a-5a95324578cc,2024-04-05,ERP_CORPORATIVO,TRANSACOES_FINANCEIRAS,32460,53f861ceca7a46f6f803005520a5740c47e16b9b5ed078b7c943fec7c5c59f7b
TR-32461,03-19-2024,2024-03-01,FIN,1000162,DESPESA,"R$ 4.219,20",4065,BRL,Compra de insumos para setor FIN,2,BOLETO,ATRASADO,8564f3e9-2355-4a0a-9d3a-5a95324578cc,2024-04-05,ERP_CORPORATIVO,TRANSACOES_FINANCEIRAS,32461,86dea1e0420dfdce7145329fda82d63f751cfa18d65da7baca50650a86bbd23b
TR-32462,03-04-2024,2024-03-01,COM,1000162,DESPESA,"R$4425,92","4.425,92",BRL,Manutenção estrutural vinculada à área COM,3,TRANSFERENCIA,PAGO,8564f3e9-2355-4a0a-9d3a-5a95324578cc,2024-04-05,ERP_CORPORATIVO,TRANSACOES_FINANCEIRAS,32462,df4daf28b7435ae97a06aae6564ed18740c1fa95843e405f951fcc54c62b9b21
TR-32463,2024/03/01,2024-03-01,COMP,1000162,DESPESA,"4.960,25","R$4892,34",BRL,Alienação de bem patrimonial - COMP,35,BOLETO,PAGO,8564f3e9-2355-4a0a-9d3a-5a95324578cc,2024-04-05,ERP_CORPORATIVO,TRANSACOES_FINANCEIRAS,32463,44ed3f5045870d6ae46f6ecd0b39793eb237fea199916cd24bda085a7318620d
TR-32464,03-14-2024,2024-03-01,ESG,1000162,DESPESA,"R$ 4.006,57","R$3812,28",BRL,Combustível e lubrificantes para frota (ESG),16,TED,PAGO,8564f3e9-2355-4a0a-9d3a-5a95324578cc,2024-04-05,ERP_CORPORATIVO,TRANSACOES_FINANCEIRAS,32464,8a888e0fb7cbb2566c10b13eef1a91c4ec7108f678eee315e14a2a0fca941f94
TR-32465,14/03/2024,2024-03-01,JUR,1000162,RECEITA,3938,"3.938,34",BRL,Custo operacional associado a JUR,8,TED,PAGO,8564f3e9-2355-4a0a-9d3a-5a95324578cc,2024-04-05,ERP_CORPORATIVO,TRANSACOES_FINANCEIRAS,32465,b48fe82dfa11f9fb4e410f7bea2bf11f841e3b5b2a09ff29d853acaba21fb6c7
TR-32466,18/03/24,2024-03-01,COMP,1000162,DESPESA,"R$ 3.832,90","3.730,04",BRL,Despesa de infraestrutura - COMP,3,TRANSFERENCIA,ATRASADO,8564f3e9-2355-4a0a-9d3a-5a95324578cc,2024-04-05,ERP_CORPORATIVO,TRANSACOES_FINANCEIRAS,32466,dedbec7464664302496bfc84c8c86dea644b2e045584447de638a8d8eaa57496
TR-32467,13/03/24,2024-03-01,SEC,1000162,DESPESA,5.494,5.494,BRL,Receita de aluguel creditada em SEC,31,TED,ATRASADO,8564f3e9-2355-4a0a-9d3a-5a95324578cc,2024-04-05,ERP_CORPORATIVO,TRANSACOES_FINANCEIRAS,32467,2a2aeccae06ea72bfc190984629f269d9931ede3a27c5d418dd4dbe8c6469f8f
TR-32468,18/03/24,2024-03-01,ATD,1000162,RECEITA,4.965,4965,BRL,Devolução de venda processada por ATD,39,BOLETO,ATRASADO,8564f3e9-2355-4a0a-9d3a-5a95324578cc,2024-04-05,ERP_CORPORATIVO,TRANSACOES_FINANCEIRAS,32468,fb927b02757643a0bd280fa6896fd75d682f8bc172520688a4cb0ad2d1fee36f
TR-32469,12/03/24,2024-03-01,PRD,1000162,RECEITA,"4.713,33","R$ 4.560,98",BRL,Royalties recebidos por PRD,32,CARTAO,PAGO,8564f3e9-2355-4a0a-9d3a-5a95324578cc,2024-04-05,ERP_CORPORATIVO,TRANSACOES_FINANCEIRAS,32469,028aaa7c45ec94365f7d84cbe17a88e8998737f99fb50116cf9139b677ea5acf
TR-32470,11-03-2024,2024-03-01,TI,1000162,DESPESA,"R$3634,75","3.634,75",BRL,Campanha institucional - TI,4,BOLETO,PAGO,8564f3e9-2355-4a0a-9d3a-5a95324578cc,2024-04-05,ERP_CORPORATIVO,TRANSACOES_FINANCEIRAS,32470,462d89e793ddcfb3edb1b9936eb88f3781ba38f5b032619c02300a3b41a01f12
TR-32561,03-15-2024,2024-03-01,MKT,FORN-00164,RECEITA,8.262,8156.13,BRL,Manutenção estrutural vinculada à área MKT,3,TED,PAGO,8564f3e9-2355-4a0a-9d3a-5a95324578cc,2024-04-05,ERP_CORPORATIVO,TRANSACOES_FINANCEIRAS,32561,5f08c10e4fb3d4714835f0d7db67ec12fde53b8b8a3001f3115e912960a3e6d8
TR-32562,Mar 15 2024,2024-03-01,MKT,FORN-00164,DESPESA,8204.07,7.982,BRL,Serviço técnico especializado para MKT,11,BOLETO,ATRASADO,8564f3e9-2355-4a0a-9d3a-5a95324578cc,2024-04-05,ERP_CORPORATIVO,TRANSACOES_FINANCEIRAS,32562,1d0820fb691f38ee15a463e7f6d3b11c6c5d1291c0beee8bf2a1f21e7292d0fc
TR-32563,Mar 21 2024,2024-03-01,SEC,FORN-00164,DESPESA,6670.10,"6.344,34",BRL,Assessoria contábil prestada a SEC,25,TRANSFERENCIA,PAGO,8564f3e9-2355-4a0a-9d3a-5a95324578cc,2024-04-05,ERP_CORPORATIVO,TRANSACOES_FINANCEIRAS,32563,9c4c6fca797d9efea1f95813310c6100dac07f9fdf6a9b10df939b970d7e7d92
TR-32564,22/03/24,2024-03-01,MKT,FORN-00164,RECEITA,"R$ 8.805,13","8.805,13",BRL,Contrato de SaaS vinculado a MKT,27,BOLETO,PAGO,8564f3e9-2355-4a0a-9d3a-5a95324578cc,2024-04-05,ERP_CORPORATIVO,TRANSACOES_FINANCEIRAS,32564,3c5b5d4354a0b6cf635846097224150988c165d975ad3c3d3970a3c39bcc2fb5
TR-32565,Mar 06 2024,2024-03-01,PRD,FORN-00164,RECEITA,"R$8272,84","R$8272,84",BRL,Comissão recebida por PRD,33,PIX,PAGO,8564f3e9-2355-4a0a-9d3a-5a95324578cc,2024-04-05,ERP_CORPORATIVO,TRANSACOES_FINANCEIRAS,32565,7f9fab539f80881528cb7c3c46addc1e98f9650ca292dca78531cab510e4c4f9
TR-32566,15/03/2024,2024-03-01,MKT,FORN-00164,RECEITA,6266.01,6.266,BRL,Licenciamento de software - MKT,5,BOLETO,PAGO,8564f3e9-2355-4a0a-9d3a-5a95324578cc,2024-04-05,ERP_CORPORATIVO,TRANSACOES_FINANCEIRAS,32566,6dba6eddbec8374ea5804d8e25a38100de45651e1c5b2c6a997a274e822fc660
TR-32567,03-11-2024,2024-03-01,JUR,FORN-00164,DESPESA,7029.14,"R$ 7.029,14",BRL,Contrato de consultoria externa - JUR,12,PIX,PAGO,8564f3e9-2355-4a0a-9d3a-5a95324578cc,2024-04-05,ERP_CORPORATIVO,TRANSACOES_FINANCEIRAS,32567,3e2cd106821d64ed5723f83bab3084b54b861323f2cb7840b20387e08572552f
TR-32568,12/03/24,2024-03-01,COMP,FORN-00164,DESPESA,6705,"R$6493,87",BRL,Suporte técnico para sistemas de COMP,29,BOLETO,ATRASADO,8564f3e9-2355-4a0a-9d3a-5a95324578cc,2024-04-05,ERP_CORPORATIVO,TRANSACOES_FINANCEIRAS,32568,2be60c6d1b673b5bcac471ac68c39a8d7d90e9238266bbc3f6dc52b04e91f531
TR-32569,18/03/2024,2024-03-01,TI,FORN-00164,DESPESA,7921,7719.03,BRL,Despesa de refeição em deslocamento (TI),20,BOLETO,PAGO,8564f3e9-2355-4a0a-9d3a-5a95324578cc,2024-04-05,ERP_CORPORATIVO,TRANSACOES_FINANCEIRAS,32569,c62a44b1716d6482b86a204538fee665ff4a22135ab05f44dee18b6efce4311a
TR-32570,07-03-2024,2024-03-01,COM,FORN-00164,DESPESA,7189.82,6860.81,BRL,Doação recebida em favor de COM,36,BOLETO,ATRASADO,8564f3e9-2355-4a0a-9d3a-5a95324578cc,2024-04-05,ERP_CORPORATIVO,TRANSACOES_FINANCEIRAS,32570,3ff6457653f4fb4df64c57f525d216cb794ccd5f926a6176c4814eea02343c82
TR-32571,2024/03/25,2024-03-01,COMP,FORN-00164,DESPESA,7602,"R$ 7.602,40",BRL,Reparo e conservação de instalações - COMP,10,TRANSFERENCIA,PAGO,8564f3e9-2355-4a0a-9d3a-5a95324578cc,2024-04-05,ERP_CORPORATIVO,TRANSACOES_FINANCEIRAS,32571,10711d7fa6749fef89a0f22415572676a08038abda29c0ae9dcf178e0e894e89
TR-32735,12/03/2024,2024-03-01,COM,FORN-00165,RECEITA,2339.90,"R$2339,90",BRL,Alienação de bem patrimonial - COM,35,TRANSFERENCIA,PAGO,8564f3e9-2355-4a0a-9d3a-5a95324578cc,2024-04-05,ERP_CORPORATIVO,TRANSACOES_FINANCEIRAS,32735,114b2e2134863e5fcc906f855b8bacb04762b72f9e54b7a35291e51b295d3387
TR-32736,15/03/24,2024-03-01,COMP,FORN-00165,DESPESA,"2.202,85",2.203,BRL,Compra de insumos para setor COMP,2,BOLETO,PAGO,8564f3e9-2355-4a0a-9d3a-5a95324578cc,2024-04-05,ERP_CORPORATIVO,TRANSACOES_FINANCEIRAS,32736,e60e9dbc72893e7760cd20803afdb9ea8eec05e0cc6fefbbb1e9784121f9f4f9
TR-32737,2024-03-27,2024-03-01,PES,FORN-00165,DESPESA,1969,"1.969,37",BRL,Compra de insumos para setor PES,2,TRANSFERENCIA,PAGO,8564f3e9-2355-4a0a-9d3a-5a95324578cc,2024-04-05,ERP_CORPORATIVO,TRANSACOES_FINANCEIRAS,32737,ff5b9e1e7cb0219769f978f28c1bd51661b1f49b0b22f25483a09239aa96df55
TR-32738,04/03/2024,2024-03-01,COM,FORN-00165,RECEITA,2233.47,"R$ 2.233,47",BRL,Licença de software para área COM,27,BOLETO,PAGO,8564f3e9-2355-4a0a-9d3a-5a95324578cc,2024-04-05,ERP_CORPORATIVO,TRANSACOES_FINANCEIRAS,32738,2d6db7e0280f4ed191708653accac4b4ca7155cdef56b55ccfa7164b40aabc84
TR-32739,04/03/2024,2024-03-01,QAS,FORN-00165,DESPESA,2209.79,"R$2150,84",BRL,Serviço especializado solicitado por QAS,1,TED,CANCELADO,8564f3e9-2355-4a0a-9d3a-5a95324578cc,2024-04-05,ERP_CORPORATIVO,TRANSACOES_FINANCEIRAS,32739,2e0ae31abcada6c1327f32a7a9a4b826e4e470df09d0ad32727746c9719e4645
TR-32740,11/03/24,2024-03-01,COM,FORN-00165,DESPESA,"R$ 984,10",951,BRL,Venda de ativo imobilizado por COM,35,TRANSFERENCIA,PAGO,8564f3e9-2355-4a0a-9d3a-5a95324578cc,2024-04-05,ERP_CORPORATIVO,TRANSACOES_FINANCEIRAS,32740,19c21ea05bd17a1b2731499c873788a21e928ecef7cdeefdaf1e84eebd8cee55
TR-32741,Mar 11 2024,2024-03-01,FIN,FORN-00165,RECEITA,"R$2427,08",2.368,BRL,Manutenção de equipamentos de FIN,28,PIX,PAGO,8564f3e9-2355-4a0a-9d3a-5a95324578cc,2024-04-05,ERP_CORPORATIVO,TRANSACOES_FINANCEIRAS,32741,a8ded71fba01e344e63c965b2c7555f00a03669c42a0e759b6a2a93a0329e4a0
TR-32742,2024-03-06,2024-03-01,VND,FORN-00165,DESPESA,"2.347,51",2.348,BRL,Compra de insumos para setor VND,2,BOLETO,PAGO,8564f3e9-2355-4a0a-9d3a-5a95324578cc,2024-04-05,ERP_CORPORATIVO,TRANSACOES_FINANCEIRAS,32742,659b2f6bd187a03cc233e50f35df686a5e276203809c8b1d0387068a923e49c3
TR-32743,2024/03/04,2024-03-01,CTB,FORN-00165,DESPESA,"R$840,13",752,BRL,Reparo de hardware solicitado por CTB,28,BOLETO,PAGO,8564f3e9-2355-4a0a-9d3a-5a95324578cc,2024-04-05,ERP_CORPORATIVO,TRANSACOES_FINANCEIRAS,32743,e567d6ee4cd8a9c3953f78a5126c7968ff1f98f7e2a26bf599a6bbefd2c400e0
TR-32744,2024-03-19,2024-03-01,ESG,FORN-00165,RECEITA,"2.462,55",2431.51,BRL,Manutenção de equipamentos de ESG,28,PIX,PAGO,8564f3e9-2355-4a0a-9d3a-5a95324578cc,2024-04-05,ERP_CORPORATIVO,TRANSACOES_FINANCEIRAS,32744,7153550b8899af27ac7b3780c887ff3adc05bf4e55f743ae4ffc5d4fc8dd1af1
TR-32745,2024/03/22,2024-03-01,OP,FORN-00165,DESPESA,"R$ 2.665,81",2.633,BRL,Receita de comissão comercial - OP,33,TRANSFERENCIA,ATRASADO,8564f3e9-2355-4a0a-9d3a-5a95324578cc,2024-04-05,ERP_CORPORATIVO,TRANSACOES_FINANCEIRAS,32745,9f43db944504f8d944d35927fc59ac8d0262dfe5d1c19c31866bc0c8e7dcbb3c
TR-32746,01-03-2024,2024-03-01,FIN,FORN-00165,RECEITA,"R$ 2.369,15","R$2369,15",BRL,Treinamento corporativo para equipe FIN,30,TED,PAGO,8564f3e9-2355-4a0a-9d3a-5a95324578cc,2024-04-05,ERP_CORPORATIVO,TRANSACOES_FINANCEIRAS,32746,1719988f81032f9cc5a61baa8cf5d73f191f92ffba4dd405b48eb5c4138c1cc5
TR-32747,Mar 08 2024,2024-03-01,LOG,FORN-00165,DESPESA,"R$2207,39","R$ 2.177,93",BRL,Hospedagem em viagem a serviço de LOG,19,BOLETO,PAGO,8564f3e9-2355-4a0a-9d3a-5a95324578cc,2024-04-05,ERP_CORPORATIVO,TRANSACOES_FINANCEIRAS,32747,d5f77bb4e44c3f08a8ce448fe3b06f7843a962aaa37c021aa157abb66afc44c2
TR-32748,04-03-2024,2024-03-01,TI,FORN-00165,RECEITA,"R$ 2.563,93","2.563,93",BRL,Prestação de serviço para área TI,1,TED,PAGO,8564f3e9-2355-4a0a-9d3a-5a95324578cc,2024-04-05,ERP_CORPORATIVO,TRANSACOES_FINANCEIRAS,32748,e66c066a4a54de09a6c1cf0734b45e13be7cf7b25e55d6565bb07fb5f2cf075f
TR-32749,13/03/2024,2024-03-01,ESG,FORN-00165,DESPESA,2.153,"2.152,80",BRL,Alienação de bem patrimonial - ESG,35,BOLETO,PAGO,8564f3e9-2355-4a0a-9d3a-5a95324578cc,2024-04-05,ERP_CORPORATIVO,TRANSACOES_FINANCEIRAS,32749,61e7d3ad38e92529a7918b6e0cac52f8d4443c5c8ae04715ccd63d47a2bc5c4e
TR-32750,15/03/2024,2024-03-01,VND,FORN-00165,DESPESA,2705.80,"R$2705,80",USD,Custo operacional associado a VND,8,BOLETO,ATRASADO,8564f3e9-2355-4a0a-9d3a-5a95324578cc,2024-04-05,ERP_CORPORATIVO,TRANSACOES_FINANCEIRAS,32750,64fd5d14ed590417f1da740c8339ded8adeb512f56e74a9e338a1bf130654d9b
TR-32751,Mar 27 2024,2024-03-01,OP,FORN-00165,RECEITA,2.236,"R$2236,41",BRL,Honorários profissionais contratados por OP,11,TED,PAGO,8564f3e9-2355-4a0a-9d3a-5a95324578cc,2024-04-05,ERP_CORPORATIVO,TRANSACOES_FINANCEIRAS,32751,8abe50f19112b0d0a1e2ed6fb0b5ef97a1a834aba07d560a80317eb1f768c807
TR-32752,03-20-2024,2024-03-01,ESG,FORN-00165,RECEITA,2595,2500,BRL,Material de marketing solicitado por ESG,15,TRANSFERENCIA,ATRASADO,8564f3e9-2355-4a0a-9d3a-5a95324578cc,2024-04-05,ERP_CORPORATIVO,TRANSACOES_FINANCEIRAS,32752,c60bfcf6e7ac6f1af2600a21aed040b8d9066e68f153df6aed38c904b2325d3e
TR-32963,11-03-2024,2024-03-01,RH,ACC-00166,DESPESA,"R$ 2.171,28","R$2171,28",BRL,Hospedagem em viagem a serviço de RH,19,PIX,ATRASADO,8564f3e9-2355-4a0a-9d3a-5a95324578cc,2024-04-05,ERP_CORPORATIVO,TRANSACOES_FINANCEIRAS,32963,b1b4dbec7878348ea033b2d849646d3a697474de1267209966439b6cd032ede6
TR-32964,2024-03-11,2024-03-01,SEC,ACC-00166,RECEITA,"R$2445,33","R$2445,33",BRL,Serviços contábeis externos - SEC,25,TRANSFERENCIA,PAGO,8564f3e9-2355-4a0a-9d3a-5a95324578cc,2024-04-05,ERP_CORPORATIVO,TRANSACOES_FINANCEIRAS,32964,488d4714131635e12088126456516b0d5e14671c49bac3c79a8afde7fd32a1ed
TR-32965,12-03-2024,2024-03-01,CTB,ACC-00166,DESPESA,2383.99,"R$ 2.383,99",BRL,Despesa de RH - CTB,6,BOLETO,ATRASADO,8564f3e9-2355-4a0a-9d3a-5a95324578cc,2024-04-05,ERP_CORPORATIVO,TRANSACOES_FINANCEIRAS,32965,6bdc2556f264e1bab6c0a44e9297dfaa41004c4344ee958ebcd1e131f96b5e9f
TR-32966,2024/03/25,2024-03-01,OP,ACC-00166,DESPESA,2512.53,2513,BRL,Despesa de infraestrutura - OP,3,TED,PAGO,8564f3e9-2355-4a0a-9d3a-5a95324578cc,2024-04-05,ERP_CORPORATIVO,TRANSACOES_FINANCEIRAS,32966,4a000c2eb0794b8d8bb3fd7e511ed4bfc4f3cf4fbe3eac15345d072d1687229c
TR-32967,19/03/24,2024-03-01,OP,ACC-00166,DESPESA,2408,"R$ 2.358,19",BRL,Receita extraordinária - OP,37,PIX,PAGO,8564f3e9-2355-4a0a-9d3a-5a95324578cc,2024-04-05,ERP_CORPORATIVO,TRANSACOES_FINANCEIRAS,32967,14b2e5cd6f7bd2d4a34ecd31c788f17b1aec13b0e5f43d4f6f9a8011d795bb37
TR-32968,14/03/2024,2024-03-01,VND,ACC-00166,DESPESA,"R$2262,50",2.262,USD,Custo operacional associado a VND,8,BOLETO,PAGO,8564f3e9-2355-4a0a-9d3a-5a95324578cc,2024-04-05,ERP_CORPORATIVO,TRANSACOES_FINANCEIRAS,32968,b050766379e4847bdcacf638aa228e5576a61de890bd1fa7738a071ba6d03665
TR-32969,2024-03-13,2024-03-01,COMP,ACC-00166,DESPESA,"2.131,84","R$2131,84",BRL,Despesa de RH - COMP,6,PIX,PAGO,8564f3e9-2355-4a0a-9d3a-5a95324578cc,2024-04-05,ERP_CORPORATIVO,TRANSACOES_FINANCEIRAS,32969,952d4b1fcc6ae0832f86d9153551d171732ca422920b5cf41e0a3b828ce2ad10
TR-32970,19/03/2024,2024-03-01,FIN,ACC-00166,DESPESA,2267.24,"R$2267,24",BRL,Serviço relacionado a recursos humanos (FIN),6,PIX,PAGO,8564f3e9-2355-4a0a-9d3a-5a95324578cc,2024-04-05,ERP_CORPORATIVO,TRANSACOES_FINANCEIRAS,32970,17cbd75c385187b27e270a62ad75a2b93e7166298944a6f9717216047c783e55
TR-32971,21-03-2024,2024-03-01,LOG,ACC-00166,RECEITA,"1.928,76",1929,BRL,Tributo incidente sobre receita de LOG,40,BOLETO,PAGO,8564f3e9-2355-4a0a-9d3a-5a95324578cc,2024-04-05,ERP_CORPORATIVO,TRANSACOES_FINANCEIRAS,32971,95c3722ccd65f713d09bad86c5d506d71c02d928a987c93f080eacadd5d33cdc
TR-33475,Mar 07 2024,2024-03-01,COM,ACC-00168,RECEITA,"R$2219,09",2.125,BRL,Serviço de tecnologia contratado por COM,5,PIX,PAGO,8564f3e9-2355-4a0a-9d3a-5a95324578cc,2024-04-05,ERP_CORPORATIVO,TRANSACOES_FINANCEIRAS,33475,31b30b67a21fc6a1209b1b7d4a5dec68c3023fea92b32aeb8386a01a41138790
TR-33476,2024-03-04,2024-03-01,RH,ACC-00168,RECEITA,2100.61,"R$ 2.100,61",BRL,Alimentação em viagem corporativa - RH,20,TED,PAGO,8564f3e9-2355-4a0a-9d3a-5a95324578cc,2024-04-05,ERP_CORPORATIVO,TRANSACOES_FINANCEIRAS,33476,fe795b3297332702608810fdf80c495d3eee9dedffc031fb7c159e1e87499574
TR-33477,03-13-2024,2024-03-01,ADM,ACC-00168,RECEITA,2.480,2480.11,BRL,Doação recebida em favor de ADM,36,CARTAO,PAGO,8564f3e9-2355-4a0a-9d3a-5a95324578cc,2024-04-05,ERP_CORPORATIVO,TRANSACOES_FINANCEIRAS,33477,eddc2c14b6094a99421b3542fe8b9e8a6df44b6e650876d9bd80843a7c11b07d
TR-33478,20/03/24,2024-03-01,QAS,ACC-00168,RECEITA,"R$ 2.482,46","R$2482,46",BRL,Serviço relacionado a recursos humanos (QAS),6,TED,CANCELADO,8564f3e9-2355-4a0a-9d3a-5a95324578cc,2024-04-05,ERP_CORPORATIVO,TRANSACOES_FINANCEIRAS,33478,e3c1fece6dce3841fbbb0b97481e912eeaf03b93c9f21d16e5ddf79c7a4c5042
TR-33479,Mar 18 2024,2024-03-01,TI,ACC-00168,DESPESA,"R$2271,97",2271.97,BRL,Licenciamento de software - TI,5,TRANSFERENCIA,PAGO,8564f3e9-2355-4a0a-9d3a-5a95324578cc,2024-04-05,ERP_CORPORATIVO,TRANSACOES_FINANCEIRAS,33479,ac679b956b5b9a828fc2c52ddc989f3c5b581cdcbc1ce3c0729dd48c9a2ab4c2
TR-33480,03-13-2024,2024-03-01,SEC,ACC-00168,DESPESA,"2.068,40",1992.50,BRL,Despesa de infraestrutura - SEC,3,TED,CANCELADO,8564f3e9-2355-4a0a-9d3a-5a95324578cc,2024-04-05,ERP_CORPORATIVO,TRANSACOES_FINANCEIRAS,33480,2b1d7d6ca77a92641afdced4a711ccbbb2823d92722891bf1af464dfcdaf7c1c
TR-33481,05/03/24,2024-03-01,COM,ACC-00168,DESPESA,2.367,2367.45,BRL,Serviço de tecnologia contratado por COM,5,PIX,PAGO,8564f3e9-2355-4a0a-9d3a-5a95324578cc,2024-04-05,ERP_CORPORATIVO,TRANSACOES_FINANCEIRAS,33481,3616deb3e33cf8777feed0ac8510017a42184bfb7ebf869a30ae2dc9f422e43f
TR-33482,11-03-2024,2024-03-01,MKT,ACC-00168,RECEITA,"R$2386,82","2.271,49",BRL,Licenciamento de software - MKT,5,TRANSFERENCIA,PAGO,8564f3e9-2355-4a0a-9d3a-5a95324578cc,2024-04-05,ERP_CORPORATIVO,TRANSACOES_FINANCEIRAS,33482,4292d95180dde1b9a34394bed29e3469c6d75e82491d747d5bf50fa07f772554
TR-33483,2024/03/08,2024-03-01,RH,ACC-00168,RECEITA,2004.40,2004.40,BRL,Despesa operacional - RH,8,PIX,PAGO,8564f3e9-2355-4a0a-9d3a-5a95324578cc,2024-04-05,ERP_CORPORATIVO,TRANSACOES_FINANCEIRAS,33483,0cea02464347e30e07867d5be349bc9755a32ff6f5713b0e45d3c9696cea77df
TR-33484,03-11-2024,2024-03-01,ESG,ACC-00168,DESPESA,"R$ 2.383,44","R$ 2.310,43",BRL,Produção de material gráfico - ESG,15,TRANSFERENCIA,PAGO,8564f3e9-2355-4a0a-9d3a-5a95324578cc,2024-04-05,ERP_CORPORATIVO,TRANSACOES_FINANCEIRAS,33484,946c0adedb4b7dbd6bdefcaed3700f45d91ec89d89d7aa2e81b2f4fac78215ac
TR-33485,Mar 11 2024,2024-03-01,PRD,ACC-00168,RECEITA,2.576,2575.85,BRL,Serviço de tecnologia contratado por PRD,5,BOLETO,CANCELADO,8564f3e9-2355-4a0a-9d3a-5a95324578cc,2024-04-05,ERP_CORPORATIVO,TRANSACOES_FINANCEIRAS,33485,ad691051ac1cc9586d18e7380c4afd25054ae4c87fd6df10e920fbed951525f6
TR-33486,Mar 25 2024,2024-03-01,JUR,ACC-00168,RECEITA,"R$ 2.013,21","R$1962,41",BRL,Participação nos resultados vinculada a JUR,34,TED,PAGO,8564f3e9-2355-4a0a-9d3a-5a95324578cc,2024-04-05,ERP_CORPORATIVO,TRANSACOES_FINANCEIRAS,33486,d0d7a1a6f29996f529533326eff0bc2bd635751227a0da8e27e9ed2e8532e416
TR-33635,01-03-2024,2024-03-01,ESG,1000168,DESPESA,5293.06,"5.238,37",BRL,Custo operacional associado a ESG,8,CARTAO,PAGO,8564f3e9-2355-4a0a-9d3a-5a95324578cc,2024-04-05,ERP_CORPORATIVO,TRANSACOES_FINANCEIRAS,33635,907657e607043585ee00ce5e39822133862b77a46282da37954fddaed69814c9
TR-33636,2024-03-08,2024-03-01,MKT,1000168,DESPESA,"R$5640,08",5.640,BRL,Tarifas de serviços financeiros - MKT,22,BOLETO,PAGO,8564f3e9-2355-4a0a-9d3a-5a95324578cc,2024-04-05,ERP_CORPORATIVO,TRANSACOES_FINANCEIRAS,33636,3a0e5e08c6b192b5e7b3ce4a2a007b000c40a0348e33f38a1093423a9618a74b
TR-33637,03-11-2024,2024-03-01,SEC,1000168,RECEITA,6753.67,6754,BRL,Juros sobre operação financeira - SEC,23,CARTAO,CANCELADO,8564f3e9-2355-4a0a-9d3a-5a95324578cc,2024-04-05,ERP_CORPORATIVO,TRANSACOES_FINANCEIRAS,33637,d8acba645348a2eb06412c879bfb363e439aa6de768884d5a64588b7a389711f
TR-33820,22/03/24,2024-03-01,CTB,1000169,DESPESA,1.689,"R$1688,63",BRL,Contrato de serviço - setor CTB,1,TRANSFERENCIA,PAGO,8564f3e9-2355-4a0a-9d3a-5a95324578cc,2024-04-05,ERP_CORPORATIVO,TRANSACOES_FINANCEIRAS,33820,fe95ee88a151795efc5d3b3be0405bd30d799966f6ea2f2fa7fd23812626102e
TR-33821,11-03-2024,2024-03-01,COM,1000169,DESPESA,2047.03,2.047,BRL,Alienação de bem patrimonial - COM,35,TED,ATRASADO,8564f3e9-2355-4a0a-9d3a-5a95324578cc,2024-04-05,ERP_CORPORATIVO,TRANSACOES_FINANCEIRAS,33821,9cfb2772778f8ce7476ca9fbf1461e1adfb101d17694f55628dbd585c025356d
TR-33822,Mar 15 2024,2024-03-01,MKT,1000169,DESPESA,1809,1.780,BRL,Serviço de tecnologia contratado por MKT,5,CARTAO,PAGO,8564f3e9-2355-4a0a-9d3a-5a95324578cc,2024-04-05,ERP_CORPORATIVO,TRANSACOES_FINANCEIRAS,33822,2ba7669a63613afbe6a582c0c3769f27d1a82f09ad69892d9ddad351311d4a48
TR-33823,18/03/2024,2024-03-01,SEC,1000169,DESPESA,"R$ 1.904,26",1904,EUR,Serviço especializado solicitado por SEC,1,CARTAO,PAGO,8564f3e9-2355-4a0a-9d3a-5a95324578cc,2024-04-05,ERP_CORPORATIVO,TRANSACOES_FINANCEIRAS,33823,969956fe17b572f44905d1334c1083a5fc9145c045d1a0b6369fc75ad1d3de63
TR-33824,25/03/2024,2024-03-01,FIN,1000169,RECEITA,1829.86,1829.86,BRL,Despesa jurídica da área FIN,24,CARTAO,ATRASADO,8564f3e9-2355-4a0a-9d3a-5a95324578cc,2024-04-05,ERP_CORPORATIVO,TRANSACOES_FINANCEIRAS,33824,5289ea872ea2328958fc7d426c49e4a5d0b02a849cee2c3de5663d575fdb3c79
TR-33825,Mar 07 2024,2024-03-01,COMP,1000169,RECEITA,1609.42,1593.18,BRL,Despesa operacional - COMP,8,TRANSFERENCIA,PAGO,8564f3e9-2355-4a0a-9d3a-5a95324578cc,2024-04-05,ERP_CORPORATIVO,TRANSACOES_FINANCEIRAS,33825,ab57521ed2a99142045625ec3eb0880cb5def71486ddb0ad2cc9ef596a3a2260
TR-33826,2024-03-13,2024-03-01,ADM,1000169,RECEITA,"R$1763,60","R$ 1.763,60",BRL,Compra de insumos para setor ADM,2,BOLETO,PAGO,8564f3e9-2355-4a0a-9d3a-5a95324578cc,2024-04-05,ERP_CORPORATIVO,TRANSACOES_FINANCEIRAS,33826,2911e2df6a5511ac9cd62525b032202dbe7fe26011d65503a24c448eea5a3c03
TR-33827,03-08-2024,2024-03-01,RH,1000169,RECEITA,1670,1669.88,BRL,Apólice de seguro - RH,21,TRANSFERENCIA,PAGO,8564f3e9-2355-4a0a-9d3a-5a95324578cc,2024-04-05,ERP_CORPORATIVO,TRANSACOES_FINANCEIRAS,33827,1bd55f425614544a4776b52d3fb9b6fd84bc35a6987cf5d79945777875a11371
TR-34358,Mar 19 2024,2024-03-01,QAS,FORN-00173,DESPESA,"R$ 5.780,16",5780.16,BRL,Custo operacional associado a QAS,8,BOLETO,PAGO,8564f3e9-2355-4a0a-9d3a-5a95324578cc,2024-04-05,ERP_CORPORATIVO,TRANSACOES_FINANCEIRAS,34358,7ed0806d060356a9d18ba6056ef38b230049d2bf1fd3704cf83e085504744fd3
TR-34359,18/03/2024,2024-03-01,PJT,FORN-00173,DESPESA,"2.466,25","R$ 2.378,43",BRL,Despesa operacional - PJT,8,PIX,ATRASADO,8564f3e9-2355-4a0a-9d3a-5a95324578cc,2024-04-05,ERP_CORPORATIVO,TRANSACOES_FINANCEIRAS,34359,4aef78c69c3fe8b04093892ce5fb4ac43754e140ae5f4e0f99469fc1e5cfab7a
TR-34360,2024/03/12,2024-03-01,COMP,FORN-00173,DESPESA,2664,"R$2663,60",BRL,Serviço de tecnologia contratado por COMP,5,PIX,CANCELADO,8564f3e9-2355-4a0a-9d3a-5a95324578cc,2024-04-05,ERP_CORPORATIVO,TRANSACOES_FINANCEIRAS,34360,17e1f506962c6daf9bddebe6951fe05560cc6079ca20bbe63183c41b4edb3ac5
TR-34361,Mar 11 2024,2024-03-01,CTB,FORN-00173,RECEITA,2624,2624,BRL,Resultado de equivalência patrimonial - CTB,34,CARTAO,PAGO,8564f3e9-2355-4a0a-9d3a-5a95324578cc,2024-04-05,ERP_CORPORATIVO,TRANSACOES_FINANCEIRAS,34361,8f375ca5b4496c5135b2395bb022b36213e258aac2cdd67446a71c9556967a48
TR-34362,Mar 15 2024,2024-03-01,JUR,FORN-00173,RECEITA,"R$ 2.375,93","R$ 2.375,93",BRL,Certificado digital adquirido por JUR,26,PIX,PAGO,8564f3e9-2355-4a0a-9d3a-5a95324578cc,2024-04-05,ERP_CORPORATIVO,TRANSACOES_FINANCEIRAS,34362,73429dc4cacf55ca5ff72b275a26cc02080ab33f18852615e287f478dd8c95ee
TR-34363,2024/03/15,2024-03-01,FIN,FORN-00173,DESPESA,"R$2013,98","R$2013,98",BRL,Custo operacional associado a FIN,8,PIX,PAGO,8564f3e9-2355-4a0a-9d3a-5a95324578cc,2024-04-05,ERP_CORPORATIVO,TRANSACOES_FINANCEIRAS,34363,74534c610e2f94f93ab49f66d8ab601478d8246b19e59eaa3eca304b68f94283
TR-34364,2024-03-19,2024-03-01,JUR,FORN-00173,RECEITA,2534,2479.89,BRL,Serviço especializado solicitado por JUR,1,CARTAO,CANCELADO,8564f3e9-2355-4a0a-9d3a-5a95324578cc,2024-04-05,ERP_CORPORATIVO,TRANSACOES_FINANCEIRAS,34364,d0380ebc168347340a7b6eadb9a67df465b892b58ff03ff9b236cc51e846ab25
TR-34365,13-03-2024,2024-03-01,MKT,FORN-00173,RECEITA,"R$ 2.680,59","R$2567,86",BRL,Venda de ativo imobilizado por MKT,35,BOLETO,PAGO,8564f3e9-2355-4a0a-9d3a-5a95324578cc,2024-04-05,ERP_CORPORATIVO,TRANSACOES_FINANCEIRAS,34365,6c1bf8735560ca3be642a4d2e9d3da15372a04c28aac59bd6e64a8d50bb249d5
TR-34366,11/03/2024,2024-03-01,TI,FORN-00173,DESPESA,"R$2364,42",2262.86,BRL,Consultoria estratégica para área TI,12,BOLETO,CANCELADO,8564f3e9-2355-4a0a-9d3a-5a95324578cc,2024-04-05,ERP_CORPORATIVO,TRANSACOES_FINANCEIRAS,34366,4b26eccad8e06860532ebe8fc618f0676eea5abd6aca608898a92aa2366ea445
TR-34367,11/03/2024,2024-03-01,OP,FORN-00173,RECEITA,3054,3009.49,BRL,Passagem aérea para colaborador de OP,18,BOLETO,ATRASADO,8564f3e9-2355-4a0a-9d3a-5a95324578cc,2024-04-05,ERP_CORPORATIVO,TRANSACOES_FINANCEIRAS,34367,3a2bda96760cb8ee327166c91ee7ee74ff6a0b878a2826e006a9f84f7f0d2b63
TR-34368,18/03/24,2024-03-01,JUR,FORN-00173,RECEITA,"R$ 2.770,79","R$ 2.770,79",BRL,Despesa operacional - JUR,8,BOLETO,PAGO,8564f3e9-2355-4a0a-9d3a-5a95324578cc,2024-04-05,ERP_CORPORATIVO,TRANSACOES_FINANCEIRAS,34368,5fc468b86439377146d14b48d4eae64c9a9fe77222cb654583508f2511425f5f
TR-34369,12-03-2024,2024-03-01,PJT,FORN-00173,RECEITA,"R$2156,80",2157,BRL,Custo operacional associado a PJT,8,PIX,PAGO,8564f3e9-2355-4a0a-9d3a-5a95324578cc,2024-04-05,ERP_CORPORATIVO,TRANSACOES_FINANCEIRAS,34369,67b6b2643279647d952f8d05c7705e6b48232b48e1df347fe3efbc2336c5ca72
TR-34370,11-03-2024,2024-03-01,VND,FORN-00173,RECEITA,"R$ 2.450,83","2.391,21",USD,Despesa de infraestrutura - VND,3,TRANSFERENCIA,PAGO,8564f3e9-2355-4a0a-9d3a-5a95324578cc,2024-04-05,ERP_CORPORATIVO,TRANSACOES_FINANCEIRAS,34370,cad532245cdd09d65aea1f1cff157a6bb8b535a21f66a22e811572be9f10d82b
TR-34372,08-03-2024,2024-03-01,FIN,FORN-00173,RECEITA,"2.408,85","R$2408,85",BRL,Encargos de empréstimo vinculados a FIN,23,BOLETO,PAGO,8564f3e9-2355-4a0a-9d3a-5a95324578cc,2024-04-05,ERP_CORPORATIVO,TRANSACOES_FINANCEIRAS,34372,a9a05deafe8e7ebbb1d56c14f44a75e068063b53e6e0b971e920275348d6b684
TR-34696,26-03-2024,2024-03-01,PJT,1000173,DESPESA,"R$1421,42","R$1360,81",BRL,Serviço especializado solicitado por PJT,1,TRANSFERENCIA,PAGO,8564f3e9-2355-4a0a-9d3a-5a95324578cc,2024-04-05,ERP_CORPORATIVO,TRANSACOES_FINANCEIRAS,34696,ca8cf1ec10aee8e39c1d9a685faa7dda01c0026a0be7b6c15ad86b6e146be364
TR-34697,25/03/2024,2024-03-01,RH,1000173,DESPESA,1548.15,"R$ 1.548,15",USD,Aquisição de material operacional - RH,2,CARTAO,PAGO,8564f3e9-2355-4a0a-9d3a-5a95324578cc,2024-04-05,ERP_CORPORATIVO,TRANSACOES_FINANCEIRAS,34697,4715af3a51109c4729f8e32a44b7ba618b9d3510eda47810377664391a0e3354
TR-34698,03-13-2024,2024-03-01,JUR,1000173,DESPESA,"R$1627,74",1628,BRL,Alienação de bem patrimonial - JUR,35,BOLETO,PAGO,8564f3e9-2355-4a0a-9d3a-5a95324578cc,2024-04-05,ERP_CORPORATIVO,TRANSACOES_FINANCEIRAS,34698,7df777a7997554d8a81933b47695fdc7f18234ef0c76a4512f4674a940d8d17b
TR-34699,Mar 20 2024,2024-03-01,ATD,1000173,DESPESA,"R$ 1.481,95",1481.95,BRL,Despesa operacional - ATD,8,TRANSFERENCIA,PAGO,8564f3e9-2355-4a0a-9d3a-5a95324578cc,2024-04-05,ERP_CORPORATIVO,TRANSACOES_FINANCEIRAS,34699,c664aa9bb5b4ad348ce6f24a7ec04cddd35bf044c2fe4e7aa582ceb314974a84
TR-34700,Mar 11 2024,2024-03-01,COM,1000173,DESPESA,1.375,"R$1375,03",BRL,Estorno de receita - COM,39,PIX,CANCELADO,8564f3e9-2355-4a0a-9d3a-5a95324578cc,2024-04-05,ERP_CORPORATIVO,TRANSACOES_FINANCEIRAS,34700,08885a1814d2d967c8112a0aa343f60ab72e2eaf0d0792ab6c262dea1e34771c
TR-34701,2024/03/19,2024-03-01,QAS,1000173,RECEITA,"R$1921,48",1921,BRL,Despesa operacional - QAS,8,TRANSFERENCIA,PAGO,8564f3e9-2355-4a0a-9d3a-5a95324578cc,2024-04-05,ERP_CORPORATIVO,TRANSACOES_FINANCEIRAS,34701,be2dd571810a649e4e89ae05fc6d8baea4317694bfa75f50862188de640ae3a9
TR-34702,Mar 19 2024,2024-03-01,COMP,1000173,DESPESA,"2.366,80",2.367,BRL,Locação de espaço comercial - COMP,31,TED,PAGO,8564f3e9-2355-4a0a-9d3a-5a95324578cc,2024-04-05,ERP_CORPORATIVO,TRANSACOES_FINANCEIRAS,34702,a472c35d161946a781521fcab5c1b6eb667f813f8dd525fa0471d50c0959b70a
TR-34703,03-11-2024,2024-03-01,CTB,1000173,RECEITA,"R$1528,67",1.499,BRL,Diária de hotel para equipe CTB,19,BOLETO,PAGO,8564f3e9-2355-4a0a-9d3a-5a95324578cc,2024-04-05,ERP_CORPORATIVO,TRANSACOES_FINANCEIRAS,34703,4a7ae95cfa8e155e1f4a89ef4667d74ee0d19a6d29206301c4d52798160c1722
TR-34704,03-20-2024,2024-03-01,ADM,1000173,RECEITA,"R$1314,23","1.314,23",USD,Devolução de venda processada por ADM,39,PIX,ATRASADO,8564f3e9-2355-4a0a-9d3a-5a95324578cc,2024-04-05,ERP_CORPORATIVO,TRANSACOES_FINANCEIRAS,34704,8b3ed4607101162d4e6747d9a17393136e144c2baec54c178d276f238c3ced07
TR-34705,04/03/24,2024-03-01,RH,1000173,RECEITA,"1.618,09","R$1618,09",BRL,Custo operacional associado a RH,8,BOLETO,PAGO,8564f3e9-2355-4a0a-9d3a-5a95324578cc,2024-04-05,ERP_CORPORATIVO,TRANSACOES_FINANCEIRAS,34705,103c27b18d3e45339ee7ad7376f861e7788d9cf75c546cc7744846a1c822e7e7
TR-34706,2024-03-19,2024-03-01,RH,1000173,RECEITA,1703.16,1703.16,BRL,Devolução de venda processada por RH,39,BOLETO,PAGO,8564f3e9-2355-4a0a-9d3a-5a95324578cc,2024-04-05,ERP_CORPORATIVO,TRANSACOES_FINANCEIRAS,34706,9a6fdbcfab43299fc63406f18f34a8b61e0db035a2f8c5121e1d6c317b9e2403
TR-34707,2024-03-07,2024-03-01,FIN,1000173,RECEITA,1401,"R$1401,18",BRL,Aquisição de material operacional - FIN,2,TED,PAGO,8564f3e9-2355-4a0a-9d3a-5a95324578cc,2024-04-05,ERP_CORPORATIVO,TRANSACOES_FINANCEIRAS,34707,8d4c564ee7607f905cee593e8e5eee3353d17662706d9c9cc5f2e3b844d7bf3b
TR-34708,13/03/24,2024-03-01,RH,1000173,RECEITA,3224,"3.223,81",BRL,Licença de software para área RH,27,TED,PAGO,8564f3e9-2355-4a0a-9d3a-5a95324578cc,2024-04-05,ERP_CORPORATIVO,TRANSACOES_FINANCEIRAS,34708,053079f0d3568831c5b7271df196d3aa5cfa9802d0da368bec6175b5af3fb367
TR-34709,11-03-2024,2024-03-01,OP,1000173,DESPESA,"R$ 1.469,84",1.470,BRL,Manutenção de equipamentos de OP,28,BOLETO,PAGO,8564f3e9-2355-4a0a-9d3a-5a95324578cc,2024-04-05,ERP_CORPORATIVO,TRANSACOES_FINANCEIRAS,34709,6afd7a5d371356620a1f8278c1d9f4d0a5fd4384c3f722017b0968ee12b3bce2
TR-34710,2024/03/11,2024-03-01,OP,1000173,DESPESA,"1.845,86","1.785,95",BRL,Manutenção estrutural vinculada à área OP,3,BOLETO,CANCELADO,8564f3e9-2355-4a0a-9d3a-5a95324578cc,2024-04-05,ERP_CORPORATIVO,TRANSACOES_FINANCEIRAS,34710,c4a0e9fa3f8de7026056c4fb42bbec2c4b813e0fdc25987f4b953f7d36bcc685
TR-34711,15/03/2024,2024-03-01,COMP,1000173,RECEITA,"R$ 1.432,28","R$1391,17",BRL,Investimento em marketing corporativo (COMP),4,CARTAO,ATRASADO,8564f3e9-2355-4a0a-9d3a-5a95324578cc,2024-04-05,ERP_CORPORATIVO,TRANSACOES_FINANCEIRAS,34711,37fbff5564ab3f55b6c097f84ddb4e955c87ea1257f81d5ea21bf31d1e474a96
TR-34712,25/03/24,2024-03-01,RH,1000173,DESPESA,1.967,"R$1906,99",BRL,Campanha institucional - RH,4,PIX,PAGO,8564f3e9-2355-4a0a-9d3a-5a95324578cc,2024-04-05,ERP_CORPORATIVO,TRANSACOES_FINANCEIRAS,34712,3c3cab69cf436967320f1f1fe6a878c0e6732c6641422b2e5469408fdc7d60a8
TR-35055,Mar 06 2024,2024-03-01,COMP,1000174,RECEITA,"R$12638,54",12.321,BRL,Contrato de serviço - setor COMP,1,TRANSFERENCIA,PAGO,8564f3e9-2355-4a0a-9d3a-5a95324578cc,2024-04-05,ERP_CORPORATIVO,TRANSACOES_FINANCEIRAS,35055,8281a7b1d99214dfeb2b57c3e6db43abafe0acf5f29541ee5033c5718d80aa3b
TR-35056,Mar 12 2024,2024-03-01,PES,1000174,DESPESA,10245,9.982,BRL,Despesa operacional - PES,8,TRANSFERENCIA,PAGO,8564f3e9-2355-4a0a-9d3a-5a95324578cc,2024-04-05,ERP_CORPORATIVO,TRANSACOES_FINANCEIRAS,35056,6a7b8770b78cd1dd6b3394abaa3f912e9ac5bee831aaa4bb51f73f364f4d1bbc
TR-35057,18/03/2024,2024-03-01,ESG,1000174,DESPESA,"R$ 10.122,36",10122,BRL,Despesa de infraestrutura - ESG,3,BOLETO,PAGO,8564f3e9-2355-4a0a-9d3a-5a95324578cc,2024-04-05,ERP_CORPORATIVO,TRANSACOES_FINANCEIRAS,35057,7b1e2b914681472d4b499c30a726c240d04e7115a92c2b90ac6a3108d13194a2
TR-35058,2024-03-14,2024-03-01,COMP,1000174,DESPESA,"R$ 15.109,70",15109.70,BRL,Alienação de bem patrimonial - COMP,35,PIX,PAGO,8564f3e9-2355-4a0a-9d3a-5a95324578cc,2024-04-05,ERP_CORPORATIVO,TRANSACOES_FINANCEIRAS,35058,95b3ade24037f41ba96fad66a8f49d0cc3f98d411bc24b651b1fe79ae8b1719b
TR-35059,11/03/24,2024-03-01,PJT,1000174,DESPESA,"9.458,19",9.109,BRL,Campanha institucional - PJT,4,TED,PAGO,8564f3e9-2355-4a0a-9d3a-5a95324578cc,2024-04-05,ERP_CORPORATIVO,TRANSACOES_FINANCEIRAS,35059,132458319ffb83d3d20e19159be08434532b6a2b4d98718cd00b6ed96fe755dc
TR-35060,08-03-2024,2024-03-01,TI,1000174,DESPESA,10.196,10196.07,BRL,Alimentação em viagem corporativa - TI,20,TED,PAGO,8564f3e9-2355-4a0a-9d3a-5a95324578cc,2024-04-05,ERP_CORPORATIVO,TRANSACOES_FINANCEIRAS,35060,00f0f150d49f51902ad0606073e07c15dcfe1edaa7589c54b6680f869f36b602
TR-35061,2024/03/13,2024-03-01,OP,1000174,RECEITA,12.447,"12.447,35",BRL,Licenciamento de software - OP,5,PIX,PAGO,8564f3e9-2355-4a0a-9d3a-5a95324578cc,2024-04-05,ERP_CORPORATIVO,TRANSACOES_FINANCEIRAS,35061,9bbf69fba9f02baa81ac44773eafdd5c3afc5e113a48c08037722103ebf7011d
TR-35062,03-20-2024,2024-03-01,CTB,1000174,DESPESA,"R$ 9.761,32","9.761,32",BRL,Contrato de SaaS vinculado a CTB,27,PIX,PAGO,8564f3e9-2355-4a0a-9d3a-5a95324578cc,2024-04-05,ERP_CORPORATIVO,TRANSACOES_FINANCEIRAS,35062,f87d5f097000c99498f7c8f11ac9ccb0ed829c303d199d55ce0769bae35c2527
TR-35063,2024-03-14,2024-03-01,MKT,1000174,RECEITA,12.364,12.364,BRL,Despesa operacional - MKT,8,PIX,PAGO,8564f3e9-2355-4a0a-9d3a-5a95324578cc,2024-04-05,ERP_CORPORATIVO,TRANSACOES_FINANCEIRAS,35063,ec90667f2159189f06c42a7363e95e7723a0df3fa4864edd52643230a28cfbc1
TR-35064,2024/03/15,2024-03-01,MKT,1000174,RECEITA,12.985,12985.30,BRL,Compra de insumos para setor MKT,2,PIX,PAGO,8564f3e9-2355-4a0a-9d3a-5a95324578cc,2024-04-05,ERP_CORPORATIVO,TRANSACOES_FINANCEIRAS,35064,f7bff1fb48d6e071d6e9888c633daa5c8faa2441b1ee3f806642adfd48f7a530
TR-35204,18-03-2024,2024-03-01,COMP,FORN-00176,RECEITA,"2.169,63",2.120,BRL,Renovação de certificados digitais - COMP,26,BOLETO,ATRASADO,8564f3e9-2355-4a0a-9d3a-5a95324578cc,2024-04-05,ERP_CORPORATIVO,TRANSACOES_FINANCEIRAS,35204,334a34e8ffec5ba4cc49dddb426cf409597a52a33a7443db8c0b84df0dc2fb22
TR-35205,Mar 18 2024,2024-03-01,PES,FORN-00176,RECEITA,"R$1924,58",1.925,BRL,Abatimento comercial registrado em PES,38,BOLETO,ATRASADO,8564f3e9-2355-4a0a-9d3a-5a95324578cc,2024-04-05,ERP_CORPORATIVO,TRANSACOES_FINANCEIRAS,35205,ac79024e93ad771111d9e67694047d9ed01d60cb1021191ce834759b11eb6df5
TR-35206,13/03/24,2024-03-01,FIN,FORN-00176,DESPESA,"2.180,87",2181,BRL,Apólice de seguro - FIN,21,TRANSFERENCIA,PAGO,8564f3e9-2355-4a0a-9d3a-5a95324578cc,2024-04-05,ERP_CORPORATIVO,TRANSACOES_FINANCEIRAS,35206,b2d2ab9755abebdd28b2d91b932800926fae9114df49d6fbbf643145d1e11dfe
TR-35207,13-03-2024,2024-03-01,MKT,FORN-00176,DESPESA,"R$2160,45","2.160,45",BRL,Diária de hotel para equipe MKT,19,PIX,PAGO,8564f3e9-2355-4a0a-9d3a-5a95324578cc,2024-04-05,ERP_CORPORATIVO,TRANSACOES_FINANCEIRAS,35207,ab9158526f809bc6393df41536aff852358773df6a214da1bfaf941d87bfe849
TR-35208,2024-03-11,2024-03-01,OP,FORN-00176,RECEITA,7.311,7237.23,BRL,Abastecimento de veículos - OP,16,BOLETO,PAGO,8564f3e9-2355-4a0a-9d3a-5a95324578cc,2024-04-05,ERP_CORPORATIVO,TRANSACOES_FINANCEIRAS,35208,50847afd0f25ba06780f0283ed070e08da3a7f9917a8bd0cd90fee65625cede0
TR-35209,Mar 13 2024,2024-03-01,SEC,FORN-00176,RECEITA,"R$ 2.165,97","2.165,97",BRL,Estorno de receita - SEC,39,TED,PAGO,8564f3e9-2355-4a0a-9d3a-5a95324578cc,2024-04-05,ERP_CORPORATIVO,TRANSACOES_FINANCEIRAS,35209,6b3021f4acb21dbb5c4a84c9e7494bea2f6e32d849b91a1a92ae9fdcf8fd4787
TR-35210,03-20-2024,2024-03-01,FIN,FORN-00176,RECEITA,2392,2392,BRL,Prestação de serviço para área FIN,1,TRANSFERENCIA,PAGO,8564f3e9-2355-4a0a-9d3a-5a95324578cc,2024-04-05,ERP_CORPORATIVO,TRANSACOES_FINANCEIRAS,35210,bb314cc24c3f03325c00e8a8ba2e916789f3106032b340ad394863e4db0dcebb
TR-35533,03-04-2024,2024-03-01,SEC,1000176,RECEITA,"R$ 2.025,93","R$ 2.025,93",BRL,Despesa de refeição em deslocamento (SEC),20,PIX,PAGO,8564f3e9-2355-4a0a-9d3a-5a95324578cc,2024-04-05,ERP_CORPORATIVO,TRANSACOES_FINANCEIRAS,35533,e9135a9dfc5d70df0e2a6c25eacd9f0d91fafc59eb8436af86743a4106580f3e
TR-35534,07-03-2024,2024-03-01,FIN,1000176,RECEITA,"R$ 2.063,19","2.005,79",BRL,Evento corporativo organizado por FIN,14,TRANSFERENCIA,PAGO,8564f3e9-2355-4a0a-9d3a-5a95324578cc,2024-04-05,ERP_CORPORATIVO,TRANSACOES_FINANCEIRAS,35534,49befe4cebe57675a290e67b988d1047d3c423782c861187e7bb6fee64402ca8
TR-35535,Mar 07 2024,2024-03-01,COMP,1000176,DESPESA,2162,2162,USD,Manutenção predial solicitada por COMP,10,TED,PAGO,8564f3e9-2355-4a0a-9d3a-5a95324578cc,2024-04-05,ERP_CORPORATIVO,TRANSACOES_FINANCEIRAS,35535,ac583726e68aa7f90fc3423037264696b763a233a02369237105e482dec83270
TR-35536,03-04-2024,2024-03-01,PRD,1000176,DESPESA,"1.929,80","R$1929,80",BRL,Seguro contratado pela área PRD,21,TED,PAGO,8564f3e9-2355-4a0a-9d3a-5a95324578cc,2024-04-05,ERP_CORPORATIVO,TRANSACOES_FINANCEIRAS,35536,89f3fd57769fa490aa6dc45eb5a6dbb8216c6217dc3e254fda79b5d32b6f466c
TR-35537,Mar 08 2024,2024-03-01,RH,1000176,RECEITA,"R$ 2.160,02","2.160,02",USD,Manutenção estrutural vinculada à área RH,3,BOLETO,PAGO,8564f3e9-2355-4a0a-9d3a-5a95324578cc,2024-04-05,ERP_CORPORATIVO,TRANSACOES_FINANCEIRAS,35537,a9c65aedee2c82a37b6e904873c377505c27dfe9b1be5ba4b1b84d7ac78f1acb
TR-35538,2024/03/11,2024-03-01,PJT,1000176,RECEITA,"R$516,76",516.76,BRL,Custo operacional associado a PJT,8,PIX,ATRASADO,8564f3e9-2355-4a0a-9d3a-5a95324578cc,2024-04-05,ERP_CORPORATIVO,TRANSACOES_FINANCEIRAS,35538,ed3f908a268456063e51245400b5962563fdce32ea3b204bcadfda7b48ab968c
TR-35539,2024/03/18,2024-03-01,RH,1000176,DESPESA,2.016,1978,BRL,Compra de insumos para setor RH,2,TED,CANCELADO,8564f3e9-2355-4a0a-9d3a-5a95324578cc,2024-04-05,ERP_CORPORATIVO,TRANSACOES_FINANCEIRAS,35539,0b76f92c577347301de5be5ef054559d5d27712e21ae3d27bfa700e9ab4ea476
TR-35540,2024-03-28,2024-03-01,PES,1000176,DESPESA,2.081,"R$ 2.080,84",BRL,Certificado digital adquirido por PES,26,TED,PAGO,8564f3e9-2355-4a0a-9d3a-5a95324578cc,2024-04-05,ERP_CORPORATIVO,TRANSACOES_FINANCEIRAS,35540,0c7dc03898c323a4b74031f49e19bdecc893c2feb7b9f04c1ac8f95a59afe015
TR-35541,25-03-2024,2024-03-01,MKT,1000176,DESPESA,"1.964,99","1.903,41",USD,Aquisição de material operacional - MKT,2,TRANSFERENCIA,PAGO,8564f3e9-2355-4a0a-9d3a-5a95324578cc,2024-04-05,ERP_CORPORATIVO,TRANSACOES_FINANCEIRAS,35541,fe75ab069b7d474e3c9f157021e65901e9b1647be97c4da753fab5ada0d6bc76
TR-35542,11/03/24,2024-03-01,ADM,1000176,DESPESA,"1.808,53",1809,BRL,Custo operacional associado a ADM,8,PIX,PAGO,8564f3e9-2355-4a0a-9d3a-5a95324578cc,2024-04-05,ERP_CORPORATIVO,TRANSACOES_FINANCEIRAS,35542,ec8443e871382f8313a9b4a442a8347f989afb97145408147863741a2d388bc9
TR-35543,25/03/2024,2024-03-01,OP,1000176,DESPESA,"2.151,93","R$ 2.047,63",BRL,Aquisição de material operacional - OP,2,BOLETO,ATRASADO,8564f3e9-2355-4a0a-9d3a-5a95324578cc,2024-04-05,ERP_CORPORATIVO,TRANSACOES_FINANCEIRAS,35543,c922fd78f93b3b7047f5c4847fcf3dad309a5bfee50ce5587e3f7900519c3b55
TR-35544,25-03-2024,2024-03-01,PRD,1000176,DESPESA,1682.07,"R$1682,07",EUR,Serviço de telefonia e internet - PRD,9,TRANSFERENCIA,PAGO,8564f3e9-2355-4a0a-9d3a-5a95324578cc,2024-04-05,ERP_CORPORATIVO,TRANSACOES_FINANCEIRAS,35544,92f040ed51521db7e01d95d73bc74c76eb7d8ab12da8af0342ea9310281de4f5
TR-35545,Mar 18 2024,2024-03-01,OP,1000176,DESPESA,"R$1688,15",1622.38,BRL,Campanha institucional - OP,4,BOLETO,PAGO,8564f3e9-2355-4a0a-9d3a-5a95324578cc,2024-04-05,ERP_CORPORATIVO,TRANSACOES_FINANCEIRAS,35545,105557d62bd0a3efe00f61b5d40f6a35f21bcd3d2720fd1d959f13cad5509ad4
TR-35546,2024-03-19,2024-03-01,PJT,1000176,RECEITA,2124.33,"2.124,33",BRL,Treinamento corporativo para equipe PJT,30,BOLETO,PAGO,8564f3e9-2355-4a0a-9d3a-5a95324578cc,2024-04-05,ERP_CORPORATIVO,TRANSACOES_FINANCEIRAS,35546,d0e9e1d029bb15e8f7c7fc59e80a6560bee31f096bb1b0492ef583d34da696d8
TR-35547,2024-03-08,2024-03-01,PRD,1000176,RECEITA,2.077,"R$1998,66",BRL,Prestação de serviço para área PRD,1,TED,ATRASADO,8564f3e9-2355-4a0a-9d3a-5a95324578cc,2024-04-05,ERP_CORPORATIVO,TRANSACOES_FINANCEIRAS,35547,f43191695a326b2166afbc8b83e2da2eedca603598badcaa7722311afd0168e7
TR-35548,18/03/2024,2024-03-01,OP,1000176,DESPESA,"R$ 2.170,41",2.170,BRL,Despesa de RH - OP,6,TRANSFERENCIA,PAGO,8564f3e9-2355-4a0a-9d3a-5a95324578cc,2024-04-05,ERP_CORPORATIVO,TRANSACOES_FINANCEIRAS,35548,086cff32f0564d30d25c1bcc67a44fdaf6f0bada12fabfb6224362099d74e6fe
TR-35549,03-25-2024,2024-03-01,COM,1000176,DESPESA,2260.13,2260.13,BRL,Juros sobre operação financeira - COM,23,PIX,CANCELADO,8564f3e9-2355-4a0a-9d3a-5a95324578cc,2024-04-05,ERP_CORPORATIVO,TRANSACOES_FINANCEIRAS,35549,2ff0f2a16c69684ca0d242278ca083b96b9cca47a12565efc853f176a113ec3c
TR-36271,Mar 12 2024,2024-03-01,VND,ACC-00181,RECEITA,"R$ 1.676,91",1676.91,BRL,Receita de comissão comercial - VND,33,BOLETO,PAGO,8564f3e9-2355-4a0a-9d3a-5a95324578cc,2024-04-05,ERP_CORPORATIVO,TRANSACOES_FINANCEIRAS,36271,6842732518189eb349f2a5c42cef94afbc93ac5bc3a68ef5a74c833e6b2f2ad0
TR-36272,Mar 15 2024,2024-03-01,OP,ACC-00181,DESPESA,1913,1825.17,BRL,Compra de insumos para setor OP,2,PIX,PAGO,8564f3e9-2355-4a0a-9d3a-5a95324578cc,2024-04-05,ERP_CORPORATIVO,TRANSACOES_FINANCEIRAS,36272,70335a9b23fffbdebe2f3ba35b937c4218db6161c40bf006ee2f2496fd312095
TR-36273,2024-03-25,2024-03-01,LOG,ACC-00181,RECEITA,1.838,1777.53,BRL,Custo operacional associado a LOG,8,BOLETO,ATRASADO,8564f3e9-2355-4a0a-9d3a-5a95324578cc,2024-04-05,ERP_CORPORATIVO,TRANSACOES_FINANCEIRAS,36273,8ab318852be04fe7c1bbaec4ee4c32e2ed54bc87675da0e483a76d203bfcd54b
TR-36274,18/03/24,2024-03-01,FIN,ACC-00181,RECEITA,2023.11,"R$ 2.023,11",BRL,Prestação de serviço para área FIN,1,CARTAO,PAGO,8564f3e9-2355-4a0a-9d3a-5a95324578cc,2024-04-05,ERP_CORPORATIVO,TRANSACOES_FINANCEIRAS,36274,3d63902c5229f1b3257d180a7a1c493adacc5488c3a55bb5da97b7341c5343ac
TR-36275,2024-03-27,2024-03-01,ESG,ACC-00181,DESPESA,2.065,"R$2064,52",BRL,Prestação de serviço para área ESG,1,TRANSFERENCIA,PAGO,8564f3e9-2355-4a0a-9d3a-5a95324578cc,2024-04-05,ERP_CORPORATIVO,TRANSACOES_FINANCEIRAS,36275,6e44e230042d09a58c9459893ac68fb692f1faaadada1b1f74f8dd89ea1a8393
TR-36276,18/03/2024,2024-03-01,FIN,ACC-00181,RECEITA,2188,2.188,BRL,Prestação de serviço para área FIN,1,PIX,CANCELADO,8564f3e9-2355-4a0a-9d3a-5a95324578cc,2024-04-05,ERP_CORPORATIVO,TRANSACOES_FINANCEIRAS,36276,cb86f7f0baf18f225f40d67dea0bc41cd93290000ca91b272d4634e914570a83
TR-36277,04/03/24,2024-03-01,FIN,ACC-00181,DESPESA,2014,"1.976,08",BRL,Contrato de serviço - setor FIN,1,TRANSFERENCIA,PAGO,8564f3e9-2355-4a0a-9d3a-5a95324578cc,2024-04-05,ERP_CORPORATIVO,TRANSACOES_FINANCEIRAS,36277,a741452818009b2e105195f79564fbe3bdd64e3d4fb836a6d68530b00c8b7514
TR-36278,13/03/24,2024-03-01,COMP,ACC-00181,DESPESA,2.027,2026.71,BRL,Honorarium advocatício - COMP,24,TED,PAGO,8564f3e9-2355-4a0a-9d3a-5a95324578cc,2024-04-05,ERP_CORPORATIVO,TRANSACOES_FINANCEIRAS,36278,10e86c20aa35aa005678681d2c7b38d0ffafcb9b2ae58834ea0aa113210ef324
TR-36279,03-18-2024,2024-03-01,ESG,ACC-00181,RECEITA,1786.24,"1.786,24",BRL,Manutenção de equipamentos de ESG,28,PIX,ATRASADO,8564f3e9-2355-4a0a-9d3a-5a95324578cc,2024-04-05,ERP_CORPORATIVO,TRANSACOES_FINANCEIRAS,36279,824edcb929b05669e2564e912b8ea72e46dd1d5a407f2b0cf3a00db90a144f21
TR-36280,25/03/2024,2024-03-01,OP,ACC-00181,DESPESA,"R$1835,16",1800,BRL,Diária de hotel para equipe OP,19,BOLETO,PAGO,8564f3e9-2355-4a0a-9d3a-5a95324578cc,2024-04-05,ERP_CORPORATIVO,TRANSACOES_FINANCEIRAS,36280,d62af8bda9f18a026e8eebbb0cd3a8519dbef6bfd8f72d92c0ec32f975273a1f
TR-36281,03-22-2024,2024-03-01,COMP,ACC-00181,DESPESA,5.268,"R$5268,27",BRL,Despesa de infraestrutura - COMP,3,TRANSFERENCIA,PAGO,8564f3e9-2355-4a0a-9d3a-5a95324578cc,2024-04-05,ERP_CORPORATIVO,TRANSACOES_FINANCEIRAS,36281,93b768f082855d979b66a4fa1dc753507c5d05ddfbe7ed4eb58a8497904384d6
TR-36282,18/03/24,2024-03-01,FIN,ACC-00181,DESPESA,"R$ 1.650,12","R$1628,86",BRL,Viagem corporativa - FIN,18,PIX,PAGO,8564f3e9-2355-4a0a-9d3a-5a95324578cc,2024-04-05,ERP_CORPORATIVO,TRANSACOES_FINANCEIRAS,36282,07bec7d3bc1cdab1c01cf4d497ccd05e882df3d97c0c89647623819589ca0466
TR-36283,2024/03/20,2024-03-01,ADM,ACC-00181,DESPESA,"R$ 2.090,20",2090.20,BRL,Contrato de conectividade para área ADM,9,PIX,PAGO,8564f3e9-2355-4a0a-9d3a-5a95324578cc,2024-04-05,ERP_CORPORATIVO,TRANSACOES_FINANCEIRAS,36283,f7a9efa335e9db1b6de460a9fe8c2077e59e15242d4871eb482e3332b2647ebf
TR-36284,03-18-2024,2024-03-01,COMP,ACC-00181,DESPESA,"R$ 1.843,29",1843.29,BRL,Direitos de propriedade intelectual - COMP,32,BOLETO,PAGO,8564f3e9-2355-4a0a-9d3a-5a95324578cc,2024-04-05,ERP_CORPORATIVO,TRANSACOES_FINANCEIRAS,36284,0a80633266b9633a9d1a6252ae136c90fff53a25028d66dd9871097aac14ed4b
TR-36873,2024-03-26,2024-03-01,QAS,ACC-00184,DESPESA,"R$ 3.742,86","R$3742,86",BRL,Reparo de frota vinculado à área QAS,17,BOLETO,CANCELADO,8564f3e9-2355-4a0a-9d3a-5a95324578cc,2024-04-05,ERP_CORPORATIVO,TRANSACOES_FINANCEIRAS,36873,3fa0dbef92d482e405959bfc493d47bc4c699a078b630cf0493b6ab0ba01c4cd
TR-36874,15/03/2024,2024-03-01,TI,ACC-00184,DESPESA,"R$ 3.350,77","3.307,00",BRL,Manutenção estrutural vinculada à área TI,3,BOLETO,PAGO,8564f3e9-2355-4a0a-9d3a-5a95324578cc,2024-04-05,ERP_CORPORATIVO,TRANSACOES_FINANCEIRAS,36874,b4a9da07a751566e89b144d837106afba378afaea5b76fb742897c29d7f38b7e
TR-36875,Mar 27 2024,2024-03-01,TI,ACC-00184,DESPESA,2980,2.849,BRL,Juros sobre operação financeira - TI,23,TRANSFERENCIA,ATRASADO,8564f3e9-2355-4a0a-9d3a-5a95324578cc,2024-04-05,ERP_CORPORATIVO,TRANSACOES_FINANCEIRAS,36875,b98fa9cbe6f117be7fc8893f6aeb6d592db03d07a1f9184c12d7b51fddbc751b
TR-36876,03-28-2024,2024-03-01,CPT,ACC-00184,DESPESA,4170.37,3973,BRL,Licença de software para área CPT,27,TED,PAGO,8564f3e9-2355-4a0a-9d3a-5a95324578cc,2024-04-05,ERP_CORPORATIVO,TRANSACOES_FINANCEIRAS,36876,3b17d8b42430306bcb8577899c4fe962afffcb35e39bfaacd377478e03cd27e0
TR-36877,19/03/24,2024-03-01,COMP,ACC-00184,RECEITA,3609.28,"R$3609,28",BRL,Custo operacional associado a COMP,8,TRANSFERENCIA,PAGO,8564f3e9-2355-4a0a-9d3a-5a95324578cc,2024-04-05,ERP_CORPORATIVO,TRANSACOES_FINANCEIRAS,36877,88254512accba8f7f618021b4ea95e22665a7266e506e4d985893bf0b8cc6166
TR-36878,07/03/24,2024-03-01,ATD,ACC-00184,DESPESA,"3.870,39",3.774,BRL,Custo operacional associado a ATD,8,PIX,PAGO,8564f3e9-2355-4a0a-9d3a-5a95324578cc,2024-04-05,ERP_CORPORATIVO,TRANSACOES_FINANCEIRAS,36878,c9de5055798786a9c7c457834369d38a8277b7837637be155d417e22af2be8c7
TR-36879,03-18-2024,2024-03-01,FIN,ACC-00184,DESPESA,4.570,"4.451,45",BRL,Contrato de consultoria externa - FIN,12,PIX,PAGO,8564f3e9-2355-4a0a-9d3a-5a95324578cc,2024-04-05,ERP_CORPORATIVO,TRANSACOES_FINANCEIRAS,36879,d9b9dcf4bda6d70d40c4004015605ef413303df8f61d2b9ae89d9839bd8ea038
TR-36880,2024/03/25,2024-03-01,OP,ACC-00184,RECEITA,4063,"R$ 4.062,58",BRL,Custo operacional associado a OP,8,PIX,CANCELADO,8564f3e9-2355-4a0a-9d3a-5a95324578cc,2024-04-05,ERP_CORPORATIVO,TRANSACOES_FINANCEIRAS,36880,87ec90c292ff75e651642dff0f65f6cd321d09b2c350a66da0b41ed9b36e6939
TR-36881,20/03/24,2024-03-01,OP,ACC-00184,RECEITA,2857,2856.60,BRL,Despesa operacional - OP,8,TED,ATRASADO,8564f3e9-2355-4a0a-9d3a-5a95324578cc,2024-04-05,ERP_CORPORATIVO,TRANSACOES_FINANCEIRAS,36881,ac224bae6191ea6a3107609f69117cb0ab9f447b0fd676e5a6df4071c6f68926
TR-36882,03-25-2024,2024-03-01,ATD,ACC-00184,DESPESA,3.377,"R$ 3.376,94",BRL,Prestação de serviço para área ATD,1,BOLETO,PAGO,8564f3e9-2355-4a0a-9d3a-5a95324578cc,2024-04-05,ERP_CORPORATIVO,TRANSACOES_FINANCEIRAS,36882,290539c4af7e96e2423f05076877c90ec91043504f9c2b2920e405f3f913b6a3
TR-36883,2024-03-04,2024-03-01,COMP,ACC-00184,DESPESA,3.175,"R$3175,03",BRL,Aquisição de material operacional - COMP,2,PIX,PAGO,8564f3e9-2355-4a0a-9d3a-5a95324578cc,2024-04-05,ERP_CORPORATIVO,TRANSACOES_FINANCEIRAS,36883,d2efeedb8aaf6364173117475c03b2e2d0f718bb53468360c334a66f58591869
TR-36884,20/03/24,2024-03-01,VND,ACC-00184,DESPESA,"R$ 3.511,60","3.399,15",BRL,Diária de hotel para equipe VND,19,PIX,PAGO,8564f3e9-2355-4a0a-9d3a-5a95324578cc,2024-04-05,ERP_CORPORATIVO,TRANSACOES_FINANCEIRAS,36884,77ff74800f1ec7e765999ed8dc6fc9020fd6d71a5a2ff958ea12a08456586b93
TR-36885,18/03/24,2024-03-01,TI,ACC-00184,RECEITA,3715,"3.530,59",BRL,Contrato de serviço - setor TI,1,PIX,PAGO,8564f3e9-2355-4a0a-9d3a-5a95324578cc,2024-04-05,ERP_CORPORATIVO,TRANSACOES_FINANCEIRAS,36885,377e0b2a3d7c381aab1f74c89d81a88597f5a7439c8598359dd88f6f440353b8
TR-37695,05/03/2024,2024-03-01,FIN,ACC-00190,RECEITA,2637,"2.636,65",BRL,Serviço especializado solicitado por FIN,1,BOLETO,PAGO,8564f3e9-2355-4a0a-9d3a-5a95324578cc,2024-04-05,ERP_CORPORATIVO,TRANSACOES_FINANCEIRAS,37695,74c7fa84d6019f7509652f0750f9297803f1566ab1febba1d0d473c743ec357f
TR-37696,2024-03-18,2024-03-01,SEC,ACC-00190,DESPESA,4.992,"4.992,13",BRL,Investimento em marketing corporativo (SEC),4,PIX,PAGO,8564f3e9-2355-4a0a-9d3a-5a95324578cc,2024-04-05,ERP_CORPORATIVO,TRANSACOES_FINANCEIRAS,37696,137db3eb0fd617968580968fec8ab4e39a7fc13be6f45f2a50dbc4338261a3e6
TR-37697,2024/03/21,2024-03-01,QAS,ACC-00190,DESPESA,6.208,"R$6207,65",BRL,Reparo e conservação de instalações - QAS,10,BOLETO,CANCELADO,8564f3e9-2355-4a0a-9d3a-5a95324578cc,2024-04-05,ERP_CORPORATIVO,TRANSACOES_FINANCEIRAS,37697,f6502dad46c47d865f5a428db828d38840b551e262974b0f60b3fb4a6193a8b0
TR-37698,20/03/24,2024-03-01,JUR,ACC-00190,DESPESA,6468.76,6286.06,BRL,Certificado digital adquirido por JUR,26,TRANSFERENCIA,CANCELADO,8564f3e9-2355-4a0a-9d3a-5a95324578cc,2024-04-05,ERP_CORPORATIVO,TRANSACOES_FINANCEIRAS,37698,6f962b899bf251a70be9b0488069e3cebd656ccc4adccfc901525381066cf60a
TR-37699,18-03-2024,2024-03-01,COMP,ACC-00190,DESPESA,"R$ 5.676,13","R$ 5.416,21",BRL,Aquisição de material operacional - COMP,2,TED,CANCELADO,8564f3e9-2355-4a0a-9d3a-5a95324578cc,2024-04-05,ERP_CORPORATIVO,TRANSACOES_FINANCEIRAS,37699,f8960c8510357303d7035786982dea4a7ad46df6f311bf2e5fab554d7a78ad30
TR-37870,2024-03-21,2024-03-01,OP,FORN-00192,RECEITA,"5.348,95",5349,BRL,Resultado de equivalência patrimonial - OP,34,BOLETO,PAGO,8564f3e9-2355-4a0a-9d3a-5a95324578cc,2024-04-05,ERP_CORPORATIVO,TRANSACOES_FINANCEIRAS,37870,f62e780ee6663a05e0bc508c3f4d1164052c3e63a0eacd3418f26fe282423e81
TR-37871,2024-03-18,2024-03-01,TI,FORN-00192,DESPESA,"R$ 4.728,19",4545.37,BRL,Prestação de serviço para área TI,1,BOLETO,PAGO,8564f3e9-2355-4a0a-9d3a-5a95324578cc,2024-04-05,ERP_CORPORATIVO,TRANSACOES_FINANCEIRAS,37871,81918bdf291d20f0efb54eedb9a519f7be55c81d75dca5d9a1a201fe03f17add
TR-37872,2024-03-28,2024-03-01,ESG,FORN-00192,DESPESA,5202,"5.201,56",BRL,Passagem aérea para colaborador de ESG,18,TRANSFERENCIA,PAGO,8564f3e9-2355-4a0a-9d3a-5a95324578cc,2024-04-05,ERP_CORPORATIVO,TRANSACOES_FINANCEIRAS,37872,b4b62a6409d4a22c7552339cdb640f443eec2b8179528c25306e1da5ce705340
TR-37873,2024-03-07,2024-03-01,PRD,FORN-00192,RECEITA,"R$4890,75","R$4778,82",BRL,Serviço relacionado a recursos humanos (PRD),6,PIX,PAGO,8564f3e9-2355-4a0a-9d3a-5a95324578cc,2024-04-05,ERP_CORPORATIVO,TRANSACOES_FINANCEIRAS,37873,f481b4b8bcf92747662d18123114f391c0888b7b82268055c147293b8359c648
TR-37874,19/03/2024,2024-03-01,RH,FORN-00192,DESPESA,4383.70,"4.383,70",BRL,Material de marketing solicitado por RH,15,BOLETO,PAGO,8564f3e9-2355-4a0a-9d3a-5a95324578cc,2024-04-05,ERP_CORPORATIVO,TRANSACOES_FINANCEIRAS,37874,8a3f7b2d6950497a84ad88401cd076e65231124c683a8c836c408215b70e3fed
TR-37875,03-07-2024,2024-03-01,CPT,FORN-00192,RECEITA,"R$4633,86",4633.86,BRL,Produção de material gráfico - CPT,15,TRANSFERENCIA,PAGO,8564f3e9-2355-4a0a-9d3a-5a95324578cc,2024-04-05,ERP_CORPORATIVO,TRANSACOES_FINANCEIRAS,37875,a965b989f27bd29467b1e5894e8ac7f2c32d49c229917e5497e741a3df122880
TR-37876,25-03-2024,2024-03-01,OP,FORN-00192,DESPESA,4.535,"R$ 4.535,44",BRL,Licença de software para área OP,27,PIX,PAGO,8564f3e9-2355-4a0a-9d3a-5a95324578cc,2024-04-05,ERP_CORPORATIVO,TRANSACOES_FINANCEIRAS,37876,61cecefec4d2ca21d63bbb5d3bcb6e94dc7330a7b9b38d7a4c5e78915d6c4e3a
TR-37877,Mar 22 2024,2024-03-01,COMP,FORN-00192,RECEITA,"4.374,78","R$ 4.374,78",BRL,Despesa de infraestrutura - COMP,3,TED,PAGO,8564f3e9-2355-4a0a-9d3a-5a95324578cc,2024-04-05,ERP_CORPORATIVO,TRANSACOES_FINANCEIRAS,37877,b2c5989289d972fd02323fb96336c17bd2f91ab7b4c739b7f1058e302ee46ca8
TR-37990,2024-03-13,2024-03-01,MKT,FORN-00193,RECEITA,1005,1.005,BRL,Certificado digital adquirido por MKT,26,PIX,ATRASADO,8564f3e9-2355-4a0a-9d3a-5a95324578cc,2024-04-05,ERP_CORPORATIVO,TRANSACOES_FINANCEIRAS,37990,af8fd018f1a81da315318ba4791001ec65975b7cd323a4542602b3c153afcf05
TR-37991,Mar 18 2024,2024-03-01,RH,FORN-00193,DESPESA,"1.080,34",1.080,BRL,Propaganda e divulgação para área RH,13,TED,PAGO,8564f3e9-2355-4a0a-9d3a-5a95324578cc,2024-04-05,ERP_CORPORATIVO,TRANSACOES_FINANCEIRAS,37991,99e11d00e567cdd36e98edee46195102b2b9240c6062105a27b7532b629c68ce
TR-37992,03-15-2024,2024-03-01,RH,FORN-00193,DESPESA,"R$1125,22","R$1125,22",BRL,Serviço especializado solicitado por RH,1,TRANSFERENCIA,PAGO,8564f3e9-2355-4a0a-9d3a-5a95324578cc,2024-04-05,ERP_CORPORATIVO,TRANSACOES_FINANCEIRAS,37992,1693ad4c715a9c0a44a6f8e80229f511c028cf613adbd84485ce8c6e0341c422
TR-37993,18/03/2024,2024-03-01,CTB,FORN-00193,DESPESA,"R$1291,68",1.292,BRL,Participação nos resultados vinculada a CTB,34,PIX,PAGO,8564f3e9-2355-4a0a-9d3a-5a95324578cc,2024-04-05,ERP_CORPORATIVO,TRANSACOES_FINANCEIRAS,37993,bb9d0a636a8445e85478af1e7e82e2b60c6dccd845c04da4e320d171d2bf1e77
TR-37994,11-03-2024,2024-03-01,OP,FORN-00193,RECEITA,"R$ 1.138,26","1.138,26",BRL,Contrato de serviço - setor OP,1,TED,PAGO,8564f3e9-2355-4a0a-9d3a-5a95324578cc,2024-04-05,ERP_CORPORATIVO,TRANSACOES_FINANCEIRAS,37994,5d0b0d44170cf2c1526dc3feb95d3a3a4c9735dd2a4873a3a7dfc1824a189a3f
TR-37995,2024/03/04,2024-03-01,ATD,FORN-00193,DESPESA,968.28,925.38,BRL,Compra de insumos para setor ATD,2,PIX,PAGO,8564f3e9-2355-4a0a-9d3a-5a95324578cc,2024-04-05,ERP_CORPORATIVO,TRANSACOES_FINANCEIRAS,37995,4ad894dd83719c847d89a857e3be8d68d028f097ed740473e0c92b65886f102b
TR-37996,2024/03/18,2024-03-01,OP,FORN-00193,DESPESA,"R$ 916,00","R$916,00",BRL,Contrato de serviço - setor OP,1,BOLETO,PAGO,8564f3e9-2355-4a0a-9d3a-5a95324578cc,2024-04-05,ERP_CORPORATIVO,TRANSACOES_FINANCEIRAS,37996,2625f5c2db7da57b2edee4bedc3f7391efffd48b3561b2875a91a1f2034d70a9
TR-37997,2024/03/18,2024-03-01,FIN,FORN-00193,DESPESA,"R$877,32","R$840,83",BRL,Despesa operacional - FIN,8,PIX,PAGO,8564f3e9-2355-4a0a-9d3a-5a95324578cc,2024-04-05,ERP_CORPORATIVO,TRANSACOES_FINANCEIRAS,37997,5e6123017997d1969e15766513bba19d1e2dd43232a6482e669986574f1bbf53
TR-37998,19/03/24,2024-03-01,COM,FORN-00193,DESPESA,1.160,1160.04,BRL,Certificado digital adquirido por COM,26,PIX,PAGO,8564f3e9-2355-4a0a-9d3a-5a95324578cc,2024-04-05,ERP_CORPORATIVO,TRANSACOES_FINANCEIRAS,37998,dbc6af6cb0610cda22ca1ba5964e241e0faea0a2058f5b3dde4be9bcc74c8fae
TR-38167,2024/03/13,2024-03-01,JUR,1000193,RECEITA,4533.89,4.407,BRL,Manutenção estrutural vinculada à área JUR,3,TED,ATRASADO,8564f3e9-2355-4a0a-9d3a-5a95324578cc,2024-04-05,ERP_CORPORATIVO,TRANSACOES_FINANCEIRAS,38167,133780bdd9503160e99d73306379ac72a9d082093fa766167f8a5af9520aa03b
TR-38168,2024/03/11,2024-03-01,PES,1000193,DESPESA,"R$3862,48","R$ 3.862,48",BRL,Receita de aluguel creditada em PES,31,TED,PAGO,8564f3e9-2355-4a0a-9d3a-5a95324578cc,2024-04-05,ERP_CORPORATIVO,TRANSACOES_FINANCEIRAS,38168,eb7ea580b42e851aa68f45f782498c42c685d3a55066917a47bdc7f56477c50f
TR-38169,25-03-2024,2024-03-01,COMP,1000193,DESPESA,"R$ 4.969,45",4.885,BRL,Licenciamento de software - COMP,5,BOLETO,PAGO,8564f3e9-2355-4a0a-9d3a-5a95324578cc,2024-04-05,ERP_CORPORATIVO,TRANSACOES_FINANCEIRAS,38169,9eb1180df7c7b04fdc022b3cea68b3ae2c6d2892f715c4a7a8ad942067e8f1aa
TR-38170,2024-03-18,2024-03-01,ADM,1000193,DESPESA,"4.056,08",4056.08,BRL,Compra de insumos para setor ADM,2,PIX,PAGO,8564f3e9-2355-4a0a-9d3a-5a95324578cc,2024-04-05,ERP_CORPORATIVO,TRANSACOES_FINANCEIRAS,38170,2feab5325e186dae5c1bc9a69e54d644f3caa592be374f0322f1a9b9a7f31f37
TR-38171,2024/03/11,2024-03-01,COMP,1000193,RECEITA,3832.93,"3.731,54",BRL,Contrato de consultoria externa - COMP,12,BOLETO,CANCELADO,8564f3e9-2355-4a0a-9d3a-5a95324578cc,2024-04-05,ERP_CORPORATIVO,TRANSACOES_FINANCEIRAS,38171,4ed677cfd4635c35bbb88a074157be96b8ece16e16bc93e8d0b68679483a79ff
TR-38172,13/03/24,2024-03-01,TI,1000193,DESPESA,3618.12,3.618,USD,Atendimento de TI requisitado por TI,29,TRANSFERENCIA,PAGO,8564f3e9-2355-4a0a-9d3a-5a95324578cc,2024-04-05,ERP_CORPORATIVO,TRANSACOES_FINANCEIRAS,38172,39cdda360005cb7231a2e9e3a14a2d86cbf0767e619d031526271519bc5bae83
TR-38173,2024-03-18,2024-03-01,QAS,1000193,RECEITA,10.255,"R$10113,67",BRL,Estorno de receita - QAS,39,TRANSFERENCIA,PAGO,8564f3e9-2355-4a0a-9d3a-5a95324578cc,2024-04-05,ERP_CORPORATIVO,TRANSACOES_FINANCEIRAS,38173,4a5eb2ff618251f98fd2041f629ae85756b4035f74391d0cfa59ec5c989d318b
TR-38174,Mar 14 2024,2024-03-01,ATD,1000193,DESPESA,3.412,3412,BRL,Manutenção estrutural vinculada à área ATD,3,TED,PAGO,8564f3e9-2355-4a0a-9d3a-5a95324578cc,2024-04-05,ERP_CORPORATIVO,TRANSACOES_FINANCEIRAS,38174,24db9f5640829e2a61f7dd29028eebc3066e1f8b6380e0367b96320ca58cfdb7
TR-38175,2024-03-19,2024-03-01,MKT,1000193,RECEITA,"3.870,42",3722,BRL,Despesa de infraestrutura - MKT,3,TRANSFERENCIA,PAGO,8564f3e9-2355-4a0a-9d3a-5a95324578cc,2024-04-05,ERP_CORPORATIVO,TRANSACOES_FINANCEIRAS,38175,6ebf292ea6ba818f1762f3125a0a025357b04b6c0b845009ebeaa54bdce81326
TR-38176,13/03/24,2024-03-01,RH,1000193,DESPESA,"4.190,43","R$ 4.190,43",BRL,Honorários jurídicos - RH,7,TRANSFERENCIA,PAGO,8564f3e9-2355-4a0a-9d3a-5a95324578cc,2024-04-05,ERP_CORPORATIVO,TRANSACOES_FINANCEIRAS,38176,a56fd9b646d4b685b4c0a77f3eba41b803698c2938b436ec5577733908de303f
TR-38512,18/03/24,2024-03-01,RH,FORN-00195,DESPESA,1657.42,1657.42,BRL,Recebimento de subvenção - RH,36,CARTAO,PAGO,8564f3e9-2355-4a0a-9d3a-5a95324578cc,2024-04-05,ERP_CORPORATIVO,TRANSACOES_FINANCEIRAS,38512,3c1243c40024b8d4e7398b1343da989e4d4a7c21830f6b35a01d7f4aab069070
TR-38513,Mar 08 2024,2024-03-01,COMP,FORN-00195,DESPESA,1681,"1.639,45",BRL,Contrato de serviço - setor COMP,1,BOLETO,ATRASADO,8564f3e9-2355-4a0a-9d3a-5a95324578cc,2024-04-05,ERP_CORPORATIVO,TRANSACOES_FINANCEIRAS,38513,e39dcf35943df61b1d5ce75b2400952832d97a8bfad782e8394f26c76d3e08e1
TR-38514,2024-03-25,2024-03-01,ADM,FORN-00195,DESPESA,"R$1519,28","R$1519,28",BRL,Licenciamento de software - ADM,5,BOLETO,PAGO,8564f3e9-2355-4a0a-9d3a-5a95324578cc,2024-04-05,ERP_CORPORATIVO,TRANSACOES_FINANCEIRAS,38514,f0e24250edb73b313364adf602420f7a8de99b64c795d823d4ac72f35525c8f6
TR-38515,03-28-2024,2024-03-01,ATD,FORN-00195,RECEITA,"R$1915,89",1916,BRL,Aquisição de material operacional - ATD,2,TED,PAGO,8564f3e9-2355-4a0a-9d3a-5a95324578cc,2024-04-05,ERP_CORPORATIVO,TRANSACOES_FINANCEIRAS,38515,3103b981802f7f2226e2115a2ea8c31bdb522e559745f1d43e8d519b8e0f0321
TR-38516,08/03/24,2024-03-01,JUR,FORN-00195,RECEITA,"R$ 1.754,76",1.685,BRL,Licenciamento de software - JUR,5,TED,PAGO,8564f3e9-2355-4a0a-9d3a-5a95324578cc,2024-04-05,ERP_CORPORATIVO,TRANSACOES_FINANCEIRAS,38516,f123dfaeb9d7e5a8d3d48eeff10594780c4fd49ac01a9560067472d2346c23ba
TR-38517,Mar 19 2024,2024-03-01,COMP,FORN-00195,DESPESA,3377.53,"R$3377,53",BRL,Prestação de serviço para área COMP,1,BOLETO,PAGO,8564f3e9-2355-4a0a-9d3a-5a95324578cc,2024-04-05,ERP_CORPORATIVO,TRANSACOES_FINANCEIRAS,38517,470df324d1fac4d31701bdc01f0cd39f8eed3906586c61fc22103b4cac1dcc36
TR-38518,2024-03-20,2024-03-01,JUR,FORN-00195,RECEITA,"R$4875,01","4.875,01",BRL,Consultoria estratégica para área JUR,12,PIX,PAGO,8564f3e9-2355-4a0a-9d3a-5a95324578cc,2024-04-05,ERP_CORPORATIVO,TRANSACOES_FINANCEIRAS,38518,567211d3a552b82e3378b4ef784e4a8b07eec96eb67b481d0f22c1cbcea8d56d
TR-38519,13/03/24,2024-03-01,COMP,FORN-00195,RECEITA,"R$1851,24",1851.24,USD,Contrato de consultoria externa - COMP,12,BOLETO,PAGO,8564f3e9-2355-4a0a-9d3a-5a95324578cc,2024-04-05,ERP_CORPORATIVO,TRANSACOES_FINANCEIRAS,38519,86cab033e1fc8af55e0c9eb4a5fc5b2e8559b7cbc4e03f76826c6e553a59d2a0
TR-38520,03-19-2024,2024-03-01,FIN,FORN-00195,RECEITA,"1.737,41","R$1662,20",BRL,Aquisição de material operacional - FIN,2,BOLETO,PAGO,8564f3e9-2355-4a0a-9d3a-5a95324578cc,2024-04-05,ERP_CORPORATIVO,TRANSACOES_FINANCEIRAS,38520,4602e942a457c6e2bb1cb3d155e7ee07bdb80a261a8c773e0b686f6ecd7f0ae8
TR-38521,2024-03-27,2024-03-01,CTB,FORN-00195,DESPESA,1646.55,"R$1646,55",BRL,Serviço especializado solicitado por CTB,1,TRANSFERENCIA,PAGO,8564f3e9-2355-4a0a-9d3a-5a95324578cc,2024-04-05,ERP_CORPORATIVO,TRANSACOES_FINANCEIRAS,38521,d08d7d8729d30e7e73b0ac51ca4035ffc6f0094ec0af4ac9312cde4f8c67b6d8
TR-38522,20-03-2024,2024-03-01,COM,FORN-00195,RECEITA,1.986,1.893,BRL,Serviço de tecnologia contratado por COM,5,PIX,PAGO,8564f3e9-2355-4a0a-9d3a-5a95324578cc,2024-04-05,ERP_CORPORATIVO,TRANSACOES_FINANCEIRAS,38522,ec849f90bd8a03c39116f36486317a1ada34f2b901fecf5c67123d6ff1939121
TR-38523,Mar 21 2024,2024-03-01,PRD,FORN-00195,DESPESA,"R$ 1.802,48","1.802,48",BRL,Honorários jurídicos - PRD,7,TRANSFERENCIA,PAGO,8564f3e9-2355-4a0a-9d3a-5a95324578cc,2024-04-05,ERP_CORPORATIVO,TRANSACOES_FINANCEIRAS,38523,ab17986cfbc0d278238fd5136ff2c5d3f55da5fd6757c09260733df4e7e21cc0
TR-38524,2024-03-18,2024-03-01,ADM,FORN-00195,RECEITA,1810.38,1810.38,BRL,Honorarium advocatício - ADM,24,TRANSFERENCIA,PAGO,8564f3e9-2355-4a0a-9d3a-5a95324578cc,2024-04-05,ERP_CORPORATIVO,TRANSACOES_FINANCEIRAS,38524,e6abc6ff61c48d5b8b75f7da2520a896361746f86e980f50b66c143410028e67
TR-38525,25-03-2024,2024-03-01,TI,FORN-00195,RECEITA,1.422,"R$1421,62",BRL,Licenciamento de software - TI,5,BOLETO,PAGO,8564f3e9-2355-4a0a-9d3a-5a95324578cc,2024-04-05,ERP_CORPORATIVO,TRANSACOES_FINANCEIRAS,38525,3a6846e4493f183f6e9ddbf03d99db95f1b9e7f99db8eb8de0555224eaa72fe5
TR-38526,03-25-2024,2024-03-01,TI,FORN-00195,DESPESA,"R$ 1.927,85","1.869,67",BRL,Royalties recebidos por TI,32,TRANSFERENCIA,PAGO,8564f3e9-2355-4a0a-9d3a-5a95324578cc,2024-04-05,ERP_CORPORATIVO,TRANSACOES_FINANCEIRAS,38526,de6e69d1fdb22e8ccc61ebf408cc89f3726a6884d4c46e1a0fff08d7d24a9e3a
TR-38527,11/03/24,2024-03-01,ESG,FORN-00195,RECEITA,"R$ 1.809,48","R$1809,48",BRL,Despesa de infraestrutura - ESG,3,BOLETO,PAGO,8564f3e9-2355-4a0a-9d3a-5a95324578cc,2024-04-05,ERP_CORPORATIVO,TRANSACOES_FINANCEIRAS,38527,e2e37e0cae066a000ac5dc06387a4e8e5b2acd646be0dde4c2a97131e505379d
TR-38528,08-03-2024,2024-03-01,OP,FORN-00195,DESPESA,1958,1958,BRL,Combustível e lubrificantes para frota (OP),16,PIX,PAGO,8564f3e9-2355-4a0a-9d3a-5a95324578cc,2024-04-05,ERP_CORPORATIVO,TRANSACOES_FINANCEIRAS,38528,c915b69045ac2d4d6399c5577e59b9372cafcabc962af8bbe64ab33a99458730
TR-38916,Mar 18 2024,2024-03-01,OP,FORN-00196,DESPESA,1.858,1858,BRL,Aquisição de material operacional - OP,2,BOLETO,PAGO,8564f3e9-2355-4a0a-9d3a-5a95324578cc,2024-04-05,ERP_CORPORATIVO,TRANSACOES_FINANCEIRAS,38916,a0951f973c2b356c1fa43a98c957fa5fb2780055290f1ca51a98b2326b31c591
TR-38917,2024-03-04,2024-03-01,ADM,FORN-00196,DESPESA,"R$ 4.227,14",4227.14,BRL,Manutenção estrutural vinculada à área ADM,3,PIX,ATRASADO,8564f3e9-2355-4a0a-9d3a-5a95324578cc,2024-04-05,ERP_CORPORATIVO,TRANSACOES_FINANCEIRAS,38917,030931b7ad581ac013ae0d557e7815b790b6a6cbca949fdb8ed223702b4d9229
TR-38918,20-03-2024,2024-03-01,OP,FORN-00196,RECEITA,"R$4254,92",4202,BRL,Seguro contratado pela área OP,21,PIX,PAGO,8564f3e9-2355-4a0a-9d3a-5a95324578cc,2024-04-05,ERP_CORPORATIVO,TRANSACOES_FINANCEIRAS,38918,434bc88e4e145964fd6fdda7e524c2f9b3ab5073b1ff51e0af622cd35b94a748
TR-38919,03-15-2024,2024-03-01,PRD,FORN-00196,DESPESA,4366,4365.93,BRL,Locação de espaço comercial - PRD,31,BOLETO,PAGO,8564f3e9-2355-4a0a-9d3a-5a95324578cc,2024-04-05,ERP_CORPORATIVO,TRANSACOES_FINANCEIRAS,38919,d114a8b84d0764b7eee64ae0d52523ea44a9bd93fc8cd935b0259404af6fd1df
TR-38920,2024/03/18,2024-03-01,COMP,FORN-00196,DESPESA,4437,"R$4436,75",BRL,Passagem aérea para colaborador de COMP,18,BOLETO,PAGO,8564f3e9-2355-4a0a-9d3a-5a95324578cc,2024-04-05,ERP_CORPORATIVO,TRANSACOES_FINANCEIRAS,38920,590cc6490266439ab1b2af17b694457bccc2c304e02bb58e5840c4de60ba0010
TR-38921,2024/03/13,2024-03-01,PJT,FORN-00196,DESPESA,5028.60,"R$ 5.028,60",BRL,Prestação de serviço para área PJT,1,BOLETO,CANCELADO,8564f3e9-2355-4a0a-9d3a-5a95324578cc,2024-04-05,ERP_CORPORATIVO,TRANSACOES_FINANCEIRAS,38921,562ac833459d733f846f0bf339980c09ab02036e1f9a7c14a28a8e557e519298
TR-39378,2024/03/08,2024-03-01,CTB,1000198,RECEITA,"R$11136,56",11137,BRL,Assessoria contábil prestada a CTB,25,TED,PAGO,8564f3e9-2355-4a0a-9d3a-5a95324578cc,2024-04-05,ERP_CORPORATIVO,TRANSACOES_FINANCEIRAS,39378,ff2ff43d34822c8ae20eafc4a50bcd4e41a511f6ff36ab8c0224ce32fc964989
TR-39379,03-18-2024,2024-03-01,ATD,1000198,RECEITA,"R$11682,08","11.682,08",BRL,Receita de comissão comercial - ATD,33,TED,PAGO,8564f3e9-2355-4a0a-9d3a-5a95324578cc,2024-04-05,ERP_CORPORATIVO,TRANSACOES_FINANCEIRAS,39379,bc12a1711ce84428087e0bfd2e70d308344757bdbb06106be1e7c906b59c801f
TR-39380,04/03/24,2024-03-01,PRD,1000198,RECEITA,"11.562,79","11.562,79",BRL,Serviço relacionado a recursos humanos (PRD),6,PIX,CANCELADO,8564f3e9-2355-4a0a-9d3a-5a95324578cc,2024-04-05,ERP_CORPORATIVO,TRANSACOES_FINANCEIRAS,39380,c452627652de9f71cc34188c38789fdbf1d0d46c505f33482b193031be8e5d45
TR-39381,2024-03-18,2024-03-01,JUR,1000198,DESPESA,"10.888,55",10699.37,BRL,Contrato de serviço - setor JUR,1,TRANSFERENCIA,PAGO,8564f3e9-2355-4a0a-9d3a-5a95324578cc,2024-04-05,ERP_CORPORATIVO,TRANSACOES_FINANCEIRAS,39381,ae60caf33457da62a879e816ac166559f04c99235d1e73eaf9fce4e59a98d3d1
TR-39382,2024/03/21,2024-03-01,RH,1000198,RECEITA,"R$ 11.257,41","R$ 11.077,83",BRL,Despesa operacional - RH,8,PIX,PAGO,8564f3e9-2355-4a0a-9d3a-5a95324578cc,2024-04-05,ERP_CORPORATIVO,TRANSACOES_FINANCEIRAS,39382,825003ab521b92c07a548630f050f80f761435b31602210d93abee667ad1451a
TR-39383,13/03/2024,2024-03-01,CPT,1000198,DESPESA,"R$ 9.227,75","R$9227,75",BRL,Campanha institucional - CPT,4,TED,PAGO,8564f3e9-2355-4a0a-9d3a-5a95324578cc,2024-04-05,ERP_CORPORATIVO,TRANSACOES_FINANCEIRAS,39383,e14454fbdb5c6d446419cb8815b5981d1b0872cba7b5e12f860c28d17f9f0b24
TR-39384,Mar 22 2024,2024-03-01,PJT,1000198,DESPESA,"R$ 9.727,94",9.728,BRL,Campanha institucional - PJT,4,TED,PAGO,8564f3e9-2355-4a0a-9d3a-5a95324578cc,2024-04-05,ERP_CORPORATIVO,TRANSACOES_FINANCEIRAS,39384,09140b73c6a58690f1d89b775169b139ca71856d2526353719c34a8fa7b48c67
TR-39385,18/03/2024,2024-03-01,CPT,1000198,DESPESA,9474.70,"9.116,11",BRL,Tarifas de serviços financeiros - CPT,22,TRANSFERENCIA,ATRASADO,8564f3e9-2355-4a0a-9d3a-5a95324578cc,2024-04-05,ERP_CORPORATIVO,TRANSACOES_FINANCEIRAS,39385,a7450836024fb703cbed6d43bd5a12aa5b0463c26383b93beb77bc61b0a18d53
TR-39386,18/03/2024,2024-03-01,COM,1000198,DESPESA,8240,"R$ 7.895,59",BRL,Taxas bancárias incidentes em COM,22,TED,PAGO,8564f3e9-2355-4a0a-9d3a-5a95324578cc,2024-04-05,ERP_CORPORATIVO,TRANSACOES_FINANCEIRAS,39386,2fdcf48abb034824d700227c89de338fe5f414198fb1b4204c8f730691e90b66
TR-39387,05/03/24,2024-03-01,TI,1000198,DESPESA,"9.507,69","9.507,69",BRL,Serviço técnico especializado para TI,11,CARTAO,PAGO,8564f3e9-2355-4a0a-9d3a-5a95324578cc,2024-04-05,ERP_CORPORATIVO,TRANSACOES_FINANCEIRAS,39387,6409e617f41c05be9bcde776a6487800c0f8d97b5df063bfeecc0d1da7358156
TR-39388,2024/03/18,2024-03-01,RH,1000198,RECEITA,9.417,9417.24,BRL,Despesa de refeição em deslocamento (RH),20,PIX,PAGO,8564f3e9-2355-4a0a-9d3a-5a95324578cc,2024-04-05,ERP_CORPORATIVO,TRANSACOES_FINANCEIRAS,39388,40fdc322fc64024fe6b75b8b8fdae738a86ff04bd8f1321cfa733edba52ed8d8
TR-39389,03-11-2024,2024-03-01,MKT,1000198,DESPESA,"9.515,20",9515.20,BRL,Custo operacional associado a MKT,8,PIX,PAGO,8564f3e9-2355-4a0a-9d3a-5a95324578cc,2024-04-05,ERP_CORPORATIVO,TRANSACOES_FINANCEIRAS,39389,db9bfebb5da7130e724a246a8f63e7125a77a5e83e64ca399905579a2fc253cd
TR-39571,03-11-2024,2024-03-01,OP,1000199,DESPESA,2345,2.319,BRL,Participação nos resultados vinculada a OP,34,BOLETO,PAGO,8564f3e9-2355-4a0a-9d3a-5a95324578cc,2024-04-05,ERP_CORPORATIVO,TRANSACOES_FINANCEIRAS,39571,b9bbcc914cd6815482af3f0644ffd0bdb4738846cb27a3c7ed9ff4372a6b1ba1
TR-39572,03-12-2024,2024-03-01,RH,1000199,RECEITA,1360,1360.39,BRL,Resultado de equivalência patrimonial - RH,34,TED,ATRASADO,8564f3e9-2355-4a0a-9d3a-5a95324578cc,2024-04-05,ERP_CORPORATIVO,TRANSACOES_FINANCEIRAS,39572,445b6e9bcf14222e6dae67e24e01bb009ee3a17747000e498daf9cbb2f88dcb1
TR-39573,Mar 18 2024,2024-03-01,ATD,1000199,DESPESA,2.410,2.312,BRL,Aquisição de material operacional - ATD,2,TED,PAGO,8564f3e9-2355-4a0a-9d3a-5a95324578cc,2024-04-05,ERP_CORPORATIVO,TRANSACOES_FINANCEIRAS,39573,a7da51f61afe70d9856c7b9747dcadf50e7527f549b820d5cfd24320b0558d04
TR-39574,04-03-2024,2024-03-01,COMP,1000199,DESPESA,2358.69,"R$2254,91",BRL,Contrato de consultoria externa - COMP,12,PIX,ATRASADO,8564f3e9-2355-4a0a-9d3a-5a95324578cc,2024-04-05,ERP_CORPORATIVO,TRANSACOES_FINANCEIRAS,39574,fbdcbd1624250c4a745611b7f55ab654824a9a285c6c9949aa5b218c8de3d3f0
TR-39575,13/03/24,2024-03-01,OP,1000199,RECEITA,"2.646,16",2646.16,BRL,Evento corporativo organizado por OP,14,TED,PAGO,8564f3e9-2355-4a0a-9d3a-5a95324578cc,2024-04-05,ERP_CORPORATIVO,TRANSACOES_FINANCEIRAS,39575,02933754d5caed03c92a7b48a34d90451cd3bffeb35f4dcbfa0eb44ec39e4c36
TR-39576,06/03/2024,2024-03-01,COMP,1000199,DESPESA,"R$ 2.499,43","2.499,43",BRL,Compra de insumos para setor COMP,2,PIX,PAGO,8564f3e9-2355-4a0a-9d3a-5a95324578cc,2024-04-05,ERP_CORPORATIVO,TRANSACOES_FINANCEIRAS,39576,4b4cfb7af0d4e01ce18e2f07ec3175a55157734a81269e91afc3d0913bc5d17a
TR-39577,19-03-2024,2024-03-01,QAS,1000199,DESPESA,"R$2040,77",2040.77,BRL,Prestação de serviço para área QAS,1,TRANSFERENCIA,PAGO,8564f3e9-2355-4a0a-9d3a-5a95324578cc,2024-04-05,ERP_CORPORATIVO,TRANSACOES_FINANCEIRAS,39577,e3ee83207df6dfd52c4ad365d31e89bc96051d89b42424118cda4ae0ba340e34
TR-39578,29/03/24,2024-03-01,COMP,1000199,RECEITA,2736.88,2737,BRL,Campanha institucional - COMP,4,PIX,PAGO,8564f3e9-2355-4a0a-9d3a-5a95324578cc,2024-04-05,ERP_CORPORATIVO,TRANSACOES_FINANCEIRAS,39578,b77c9e8306b1a1bace471c778fd8735e3cf41b8aa86b4b31a54e327671b47326
TR-39579,03-13-2024,2024-03-01,JUR,1000199,DESPESA,"R$ 2.785,47","R$2785,47",BRL,Encargos de empréstimo vinculados a JUR,23,CARTAO,PAGO,8564f3e9-2355-4a0a-9d3a-5a95324578cc,2024-04-05,ERP_CORPORATIVO,TRANSACOES_FINANCEIRAS,39579,42737ab3554e2ad75de8d757a99a0874dd2f24b49272aaeb9fffbfcaa52e18cd
TR-39580,03-22-2024,2024-03-01,CPT,1000199,RECEITA,"2.623,89","R$2571,67",BRL,Promoção e atividade externa - CPT,14,BOLETO,PAGO,8564f3e9-2355-4a0a-9d3a-5a95324578cc,2024-04-05,ERP_CORPORATIVO,TRANSACOES_FINANCEIRAS,39580,0906248c42a9eab3cbd345da02dc024407ff98a78cca24fa591af3b2f8c9e06a
TR-39581,25/03/24,2024-03-01,COM,1000199,DESPESA,2.639,"R$ 2.536,55",BRL,Comissão recebida por COM,33,PIX,PAGO,8564f3e9-2355-4a0a-9d3a-5a95324578cc,2024-04-05,ERP_CORPORATIVO,TRANSACOES_FINANCEIRAS,39581,775f7777192b93b2a42a8be1b916c92d841fd93765f46bc3f76352ba5ff56280
TR-39582,19/03/24,2024-03-01,FIN,1000199,DESPESA,2416.40,"2.416,40",BRL,Aquisição de material operacional - FIN,2,PIX,PAGO,8564f3e9-2355-4a0a-9d3a-5a95324578cc,2024-04-05,ERP_CORPORATIVO,TRANSACOES_FINANCEIRAS,39582,17153674a193effe5a0c40e0e469dcbcf1a2299610866d6c1e487ba54e991dc2
TR-39583,07-03-2024,2024-03-01,COMP,1000199,DESPESA,"2.192,13","R$2192,13",BRL,Assessoria legal vinculada à área COMP,7,TRANSFERENCIA,PAGO,8564f3e9-2355-4a0a-9d3a-5a95324578cc,2024-04-05,ERP_CORPORATIVO,TRANSACOES_FINANCEIRAS,39583,020c222545e1f72f83cfe25afa952f04a80cbe353bcdc30257e257f5862e9337
